Num_Acc,an,mois,jour,hrmn,lum,agg,int,atm,col,com,gps,lat,long,dep
201200000675,12,3,16,2200,3,1,1,1.0,3,76271,M,4955931.0,111990.0,76
201200000676,12,5,23,645,1,1,1,8.0,3,76517,M,4951873.0,117943.0,76
201200000677,12,6,6,1345,1,2,1,8.0,6,76452,M,4954215.0,107018.0,76
201200000678,12,7,19,1045,1,2,2,1.0,3,76152,M,4957911.0,122979.0,76
201200000679,12,8,27,1245,1,2,1,1.0,7,76452,M,4954994.0,107483.0,76
201200000680,12,11,6,1730,3,1,1,1.0,6,76517,M,4953034.0,113137.0,76
201200000681,12,1,14,2000,5,2,1,1.0,6,76047,M,4974533.0,93371.0,76
201200000682,12,10,5,815,1,1,2,1.0,3,76133,M,4987221.0,92344.0,76
201200000683,12,10,12,815,5,2,1,3.0,6,76051,M,4978599.0,99873.0,76
201200000684,12,10,31,1815,5,2,1,1.0,6,76570,M,0.0,0.0,76
201200000685,12,2,19,130,3,1,1,8.0,1,76034,M,4971974.0,112379.0,76
201200000686,12,9,15,1945,1,1,1,1.0,2,76602,M,4968569.0,110229.0,76
201200000687,12,11,6,730,2,1,1,2.0,2,76062,M,4966044.0,122249.0,76
201200000688,12,1,19,830,2,2,1,2.0,6,76475,M,4940241.0,117434.0,76
201200000689,12,1,21,945,1,1,1,2.0,6,76464,M,4939895.0,123825.0,76
201200000690,12,3,12,1645,1,1,1,1.0,2,76753,M,4934916.0,116383.0,76
201200000691,12,7,27,1430,1,2,3,1.0,4,76069,M,4938810.0,112592.0,76
201200000692,12,9,4,1645,1,1,3,1.0,3,76039,M,4934811.0,112750.0,76
201200000693,12,9,21,1400,1,1,1,1.0,3,76313,M,4935459.0,112974.0,76
201200000694,12,10,5,1745,1,2,1,1.0,1,76116,M,4939135.0,121354.0,76
201200000695,12,1,19,800,5,2,1,2.0,1,76222,M,4948946.0,88187.0,76
201200000696,12,1,19,2300,5,2,1,1.0,6,76636,M,4950451.0,93013.0,76
201200000697,12,2,23,930,1,2,1,1.0,6,76222,M,4947997.0,87251.0,76
201200000698,12,3,17,1530,1,1,1,2.0,6,76727,M,4941935.0,66321.0,76
201200000699,12,7,6,1530,1,2,1,1.0,6,76164,M,4952489.0,72903.0,76
201200000700,12,7,21,1800,1,1,1,1.0,1,76419,M,4939145.0,90495.0,76
201200000701,12,8,3,1945,1,2,2,8.0,3,76608,M,4950907.0,84128.0,76
201200000702,12,8,8,1830,1,2,1,7.0,3,76164,M,4952450.0,73422.0,76
201200000703,12,8,18,115,5,2,1,1.0,6,76709,M,4948837.0,80381.0,76
201200000704,12,8,25,2330,3,1,1,3.0,7,76401,M,4946613.0,72617.0,76
201200000705,12,9,6,2200,3,1,1,1.0,1,76473,M,4949895.0,75462.0,76
201200000706,12,10,1,1430,1,1,1,1.0,1,76473,M,4948900.0,75520.0,76
201200000707,12,10,24,1800,1,1,1,1.0,6,76020,M,4945647.0,88770.0,76
201200000708,12,1,1,930,1,1,1,1.0,6,76307,M,4963653.0,20675.0,76
201200000709,12,1,13,2000,3,1,1,1.0,6,76033,M,4968571.0,36205.0,76
201200000710,12,2,27,730,2,1,1,5.0,5,76021,M,4967536.0,43642.0,76
201200000711,12,3,28,1630,1,1,2,1.0,3,76213,M,4969188.0,48347.0,76
201200000712,12,5,6,1530,1,1,1,1.0,1,76141,M,4962716.0,42000.0,76
201200000713,12,6,28,1630,1,2,1,1.0,1,76141,M,4962991.0,39389.0,76
201200000714,12,7,25,1715,1,1,1,1.0,3,76302,M,4964378.0,35092.0,76
201200000715,12,9,9,1245,1,1,3,1.0,3,76117,M,4969692.0,21947.0,76
201200000716,12,1,21,45,5,1,1,2.0,6,76592,M,4950622.0,49711.0,76
201200000717,12,9,14,815,1,1,1,1.0,3,76421,M,4955470.0,42359.0,76
201200000718,12,11,30,715,2,1,1,8.0,5,76421,M,4955484.0,42458.0,76
201200000719,12,12,18,2345,4,2,1,1.0,3,76543,M,4961769.0,50173.0,76
201200000720,12,3,12,1700,1,1,2,1.0,3,76303,M,4955361.0,35025.0,76
201200000721,12,4,21,1545,1,1,2,1.0,1,76714,M,4955069.0,40866.0,76
201200000722,12,6,12,715,2,1,1,2.0,2,76684,M,4948813.0,45979.0,76
201200000723,12,7,22,2045,2,2,1,1.0,6,76596,M,4952851.0,25532.0,76
201200000724,12,9,19,745,1,1,1,1.0,7,76684,M,4948062.0,44891.0,76
201200000725,12,12,28,1615,1,1,1,2.0,6,76563,M,4951734.0,33192.0,76
201200000726,12,3,4,100,4,2,1,9.0,6,76286,M,4988176.0,142546.0,76
201200000727,12,4,2,1130,1,2,2,1.0,6,76462,M,4972970.0,143947.0,76
201200000728,12,7,28,1500,1,1,1,1.0,6,76415,M,4967717.0,140009.0,76
201200000729,12,3,28,1845,1,1,1,1.0,6,76101,M,4991664.0,165350.0,76
201200000730,12,5,9,1230,1,1,1,1.0,1,76233,M,4980147.0,173963.0,76
201200000731,12,6,7,845,1,1,1,8.0,7,76598,M,4983878.0,161203.0,76
201200000732,12,6,29,1930,1,2,1,1.0,6,76035,M,4976684.0,176039.0,76
201200000733,12,6,29,945,1,2,3,1.0,3,76035,M,4976980.0,175203.0,76
201200000734,12,7,28,1030,1,2,1,1.0,1,76101,M,4992689.0,162844.0,76
201200000735,12,8,7,1845,1,1,3,1.0,1,76645,M,4987364.0,157984.0,76
201200000736,12,10,12,800,2,1,3,2.0,3,76035,M,4976040.0,173323.0,76
201200000737,12,12,15,645,5,2,3,1.0,6,76101,M,4992926.0,163049.0,76
201200000738,12,12,20,1630,2,2,1,2.0,6,76527,M,4981100.0,164700.0,76
201200000739,12,2,13,845,1,1,1,5.0,6,76648,M,4967596.0,130084.0,76
201200000740,12,3,7,500,3,1,1,5.0,6,76261,M,4956435.0,152665.0,76
201200000741,12,6,17,1745,1,1,2,1.0,1,76648,M,4965899.0,125365.0,76
201200000742,12,7,19,1130,1,1,1,1.0,1,76532,M,4962055.0,132200.0,76
201200000743,12,11,9,1900,5,2,1,3.0,6,76295,M,4965157.0,161645.0,76
201200000744,12,3,21,1745,1,1,1,1.0,1,76260,M,4946297.0,175733.0,76
201200000745,12,5,27,1530,1,2,1,1.0,6,76260,M,4947808.0,174082.0,76
201200000746,12,7,20,1830,1,2,1,1.0,3,76260,M,4948183.0,173901.0,76
201200000747,12,1,22,1945,3,1,1,1.0,1,76001,M,4958184.0,63227.0,76
201200000748,12,11,16,2230,3,1,1,5.0,6,76702,M,4959620.0,75904.0,76
201200000749,12,11,24,1300,1,1,2,2.0,3,76223,M,4962079.0,82480.0,76
201200000750,12,11,23,1615,1,2,1,2.0,6,76758,M,4961041.0,75952.0,76
201200000751,12,2,4,1500,1,2,1,1.0,6,76057,M,4955686.0,95295.0,76
201200000752,12,2,26,930,1,1,2,5.0,1,76385,M,4963125.0,91605.0,76
201200000753,12,3,13,700,1,2,1,1.0,7,76495,M,4956143.0,95111.0,76
201200000754,12,3,12,1745,5,2,1,5.0,6,76057,M,4952907.0,95068.0,76
201200000755,12,4,21,2000,1,1,2,1.0,3,76433,M,4958410.0,88629.0,76
201200000756,12,5,27,1730,1,1,1,1.0,1,76234,M,4961054.0,97117.0,76
201200000757,12,5,29,1545,1,1,1,1.0,3,76057,M,4954448.0,97002.0,76
201200000758,12,7,6,600,2,1,1,1.0,3,76385,M,4960202.0,94236.0,76
201200000759,12,9,28,915,1,2,3,1.0,3,76743,M,4952796.0,93087.0,76
201200000760,12,2,17,745,2,1,1,1.0,1,76493,M,4985068.0,63017.0,76
201200000761,12,3,22,645,2,1,1,1.0,6,76315,M,4976465.0,63375.0,76
201200000762,12,5,19,1445,1,1,3,1.0,5,76646,M,4981346.0,66974.0,76
201200000763,12,6,15,2030,1,1,1,8.0,6,76272,M,4981936.0,87163.0,76
201200000764,12,6,30,445,2,1,1,1.0,6,76315,M,4974496.0,64788.0,76
201200000765,12,7,20,1945,1,2,3,1.0,3,76172,M,4986563.0,84907.0,76
201200000766,12,8,25,1915,1,2,1,1.0,5,76159,M,4978732.0,63599.0,76
201200000767,12,10,6,1545,1,1,1,2.0,1,76159,M,4978309.0,65237.0,76
201200000768,12,10,18,430,3,1,1,2.0,6,76735,M,4986236.0,79012.0,76
201200000769,12,11,6,2145,3,1,2,8.0,3,76569,M,4980798.0,75321.0,76
201200000770,12,1,15,30,3,1,1,1.0,7,76213,M,4969968.0,50627.0,76
201200000771,12,5,12,1015,1,2,1,1.0,3,76706,M,4971571.0,39552.0,76
201200000772,12,5,13,130,3,1,2,1.0,3,76187,M,4972771.0,43683.0,76
201200000773,12,8,26,1400,1,1,1,1.0,6,76719,M,4974029.0,51585.0,76
201200000774,12,12,6,745,2,1,2,9.0,1,76529,M,4972915.0,57239.0,76
201200000775,12,1,24,1800,2,2,1,2.0,6,76219,M,4971891.0,78688.0,76
201200000776,12,3,11,130,3,1,1,5.0,6,76456,M,4962089.0,85073.0,76
201200000777,12,4,28,845,1,1,2,2.0,3,76180,M,4970103.0,66321.0,76
201200000778,12,5,6,1330,1,1,2,1.0,3,76510,M,4972202.0,84841.0,76
201200000779,12,10,30,1200,1,1,1,8.0,3,76737,M,4968826.0,93268.0,76
201200000780,12,11,19,830,1,2,1,8.0,6,76091,M,4971111.0,61781.0,76
201200000781,12,5,16,1845,1,2,1,1.0,1,27306,M,4897820.0,118735.0,27
201200000782,12,5,18,1630,1,1,1,1.0,6,27165,M,4896540.0,93047.0,27
201200000783,12,6,29,2315,5,2,1,1.0,6,27659,M,4898960.0,123406.0,27
201200000784,12,7,11,1700,1,1,1,2.0,7,27147,M,4911120.0,117385.0,27
201200000785,12,8,7,1730,1,1,1,1.0,2,27229,M,0.0,0.0,27
201200000786,12,10,12,1415,1,2,1,1.0,2,27165,M,0.0,0.0,27
201200000787,12,11,11,1815,3,2,1,1.0,6,27602,M,0.0,0.0,27
201200000788,12,11,30,1230,1,1,1,1.0,3,27489,M,0.0,0.0,27
201200000789,12,6,11,1800,1,2,1,1.0,1,27484,M,4894050.0,127940.0,27
201200000790,12,6,18,1845,1,1,1,1.0,4,27256,M,4892290.0,124923.0,27
201200000791,12,12,22,1745,5,2,2,1.0,3,27230,M,4886900.0,141600.0,27
201200000792,12,2,2,1530,1,1,1,1.0,6,27543,M,4879780.0,135581.0,27
201200000793,12,4,8,1730,1,1,2,1.0,3,27198,M,4888410.0,105339.0,27
201200000794,12,1,18,1000,1,1,1,1.0,6,27326,M,4898260.0,141980.0,27
201200000795,12,2,23,1445,1,2,1,1.0,3,27510,M,4901180.0,137047.0,27
201200000796,12,11,23,1845,3,1,1,3.0,2,27510,M,4900500.0,137000.0,27
201200000797,12,12,17,715,3,1,1,2.0,6,27510,M,0.0,0.0,27
201200000798,12,3,4,2300,3,1,1,2.0,7,27043,M,4890390.0,79518.0,27
201200000799,12,3,19,1045,1,2,1,7.0,1,27679,M,4874150.0,91813.0,27
201200000800,12,4,17,800,1,1,9,1.0,3,27075,M,4890070.0,67001.0,27
201200000801,12,6,6,1415,1,1,2,1.0,3,27491,M,4882380.0,100776.0,27
201200000802,12,6,15,2315,4,2,1,8.0,6,27431,M,4890110.0,74945.0,27
201200000803,12,7,19,630,2,1,1,1.0,1,27679,M,4873000.0,90847.0,27
201200000804,12,10,15,2015,3,1,1,1.0,2,27195,M,4881500.0,100499.0,27
201200000805,12,10,19,1845,2,1,1,2.0,1,27323,M,4892800.0,58300.0,27
201200000806,12,12,5,1845,5,1,1,1.0,6,27679,M,4873500.0,95600.0,27
201200000807,12,6,1,715,1,2,2,1.0,3,27180,M,4918220.0,135653.0,27
201200000808,12,6,2,1545,1,2,1,1.0,3,27016,M,4924590.0,141428.0,27
201200000809,12,6,8,2230,3,1,1,1.0,1,27016,M,4923300.0,143254.0,27
201200000810,12,6,28,1745,1,1,1,2.0,1,27635,M,4926440.0,136035.0,27
201200000811,12,8,20,1830,1,2,1,1.0,6,27635,M,0.0,0.0,27
201200000812,12,9,25,845,1,2,1,3.0,2,27016,M,0.0,0.0,27
201200000813,12,10,21,2030,5,2,1,8.0,1,27016,M,0.0,0.0,27
201200000814,12,10,18,1015,1,2,1,2.0,6,27180,M,0.0,0.0,27
201200000815,12,12,19,1500,1,1,1,2.0,1,27016,M,0.0,0.0,27
201200000816,12,12,24,1915,3,1,1,1.0,7,27016,M,0.0,0.0,27
201200000817,12,2,23,730,2,1,1,5.0,6,27262,M,4912750.0,162097.0,27
201200000818,12,7,24,1700,1,1,9,1.0,3,27072,M,4909440.0,155716.0,27
201200000819,12,3,23,745,1,2,2,1.0,1,27104,M,4938780.0,129925.0,27
201200000820,12,9,29,1130,1,2,1,1.0,6,27246,M,0.0,0.0,27
201200000821,12,2,8,1645,1,1,1,9.0,5,27284,M,4925530.0,178744.0,27
201200000822,12,9,2,1300,1,1,1,1.0,2,27632,M,0.0,0.0,27
201200000823,12,9,8,1330,1,1,1,1.0,7,27204,M,0.0,0.0,27
201200000824,12,9,8,1830,1,2,1,1.0,1,27284,M,0.0,0.0,27
201200000825,12,9,18,1815,1,1,1,1.0,7,27026,M,0.0,0.0,27
201200000826,12,9,21,1800,1,1,1,1.0,7,27226,M,0.0,0.0,27
201200000827,12,10,21,730,2,2,1,8.0,6,27682,M,0.0,0.0,27
201200000828,12,11,25,2045,3,1,2,1.0,3,27372,M,0.0,0.0,27
201200000829,12,12,22,1400,1,1,1,2.0,1,27333,M,0.0,0.0,27
201200000830,12,1,11,730,3,1,1,1.0,1,27463,M,4913030.0,64038.0,27
201200000831,12,9,19,1645,1,1,1,1.0,4,27056,M,0.0,0.0,27
201200000832,12,11,9,2145,3,1,1,2.0,3,27667,M,0.0,0.0,27
201200000833,12,1,25,1900,3,1,1,2.0,5,27095,M,4921950.0,74728.0,27
201200000834,12,4,17,1900,1,1,3,1.0,3,27253,M,4914950.0,70803.0,27
201200000835,12,6,17,1800,1,2,1,1.0,3,27116,M,4920050.0,72138.0,27
201200000836,12,1,2,1400,1,2,2,1.0,3,27701,M,4923580.0,121141.0,27
201200000837,12,1,11,1630,1,2,1,1.0,1,27598,M,4921910.0,120872.0,27
201200000838,12,11,28,1845,3,1,1,8.0,6,27598,M,0.0,0.0,27
201200000839,12,12,31,1815,3,1,1,2.0,6,27003,M,0.0,0.0,27
201200000840,12,2,16,800,2,1,1,1.0,1,27332,M,4918410.0,125363.0,27
201200000841,12,2,21,1345,1,2,6,1.0,6,27275,M,4916000.0,133698.0,27
201200000842,12,3,26,730,1,2,1,1.0,6,27501,M,4906610.0,133612.0,27
201200000843,12,5,25,445,3,1,1,1.0,6,27599,M,4915010.0,138101.0,27
201200000844,12,9,5,1000,1,1,1,1.0,3,27249,M,0.0,0.0,27
201200000845,12,9,12,1845,1,1,1,1.0,1,27599,M,0.0,0.0,27
201200000846,12,9,11,1045,1,1,1,2.0,7,27022,M,0.0,0.0,27
201200000847,12,9,29,1615,1,1,1,1.0,3,27005,M,0.0,0.0,27
201200000848,12,11,8,1745,3,1,1,1.0,3,27612,M,0.0,0.0,27
201200000849,12,11,13,730,2,1,1,2.0,5,27005,M,0.0,0.0,27
201200000850,12,11,26,900,1,1,1,1.0,1,27343,M,0.0,0.0,27
201200000851,12,1,21,1145,1,2,9,2.0,1,27365,M,4929310.0,120076.0,27
201200000852,12,4,20,2215,3,1,9,1.0,1,27365,M,4929570.0,119962.0,27
201200000853,12,5,23,700,1,1,1,1.0,6,27348,M,4933340.0,115340.0,27
201200000854,12,9,16,1800,1,1,1,1.0,3,27412,M,0.0,0.0,27
201200000855,12,9,30,1800,1,2,1,1.0,2,27348,M,0.0,0.0,27
201200000856,12,12,24,815,2,1,1,1.0,3,27008,M,4952800.0,128300.0,27
201200000857,12,2,13,1115,1,1,1,1.0,6,27654,M,4923930.0,91667.0,27
201200000858,12,9,30,230,3,1,1,2.0,7,27201,M,0.0,0.0,27
201200000859,12,1,8,515,5,2,6,1.0,7,27467,M,4934690.0,54250.0,27
201200000860,12,1,11,1345,1,2,2,1.0,1,27549,M,4934700.0,51591.0,27
201200000861,12,1,28,2000,3,1,1,1.0,1,27384,M,4936400.0,32530.0,27
201200000862,12,6,15,1845,1,1,9,2.0,3,27174,M,4934710.0,59593.0,27
201200000863,12,7,1,2000,1,2,3,1.0,3,27065,M,4934440.0,34648.0,27
201200000864,12,7,25,1300,1,2,3,1.0,3,27384,M,4936810.0,32270.0,27
201200000865,12,7,29,815,1,1,1,1.0,7,27107,M,4938730.0,63822.0,27
201200000866,12,7,30,1345,1,1,1,1.0,5,27577,M,4943690.0,54879.0,27
201200000867,12,8,1,800,1,1,1,1.0,3,27174,M,0.0,0.0,27
201200000868,12,7,29,1330,1,1,1,1.0,1,27065,M,4934810.0,36156.0,27
201200000869,12,9,7,1415,1,2,1,1.0,2,27065,M,0.0,0.0,27
201200000870,12,10,4,1115,1,1,1,9.0,7,27174,M,0.0,0.0,27
201200000871,12,10,17,530,3,1,1,3.0,2,27606,M,0.0,0.0,27
201200000872,12,10,30,945,1,1,1,2.0,6,27655,M,0.0,0.0,27
201200000873,12,12,9,2215,3,1,1,1.0,6,27258,M,0.0,0.0,27
201200000874,12,12,12,1945,3,1,1,1.0,7,27467,M,0.0,0.0,27
201200000875,12,3,27,1645,2,2,3,7.0,2,27092,M,4927800.0,85267.0,27
201200000876,12,3,31,1845,1,1,1,1.0,6,27062,M,4929860.0,83264.0,27
201200000877,12,4,3,1945,1,2,1,1.0,6,27582,M,4929260.0,95200.0,27
201200000878,12,4,24,1615,1,1,1,1.0,4,27531,M,4926910.0,81403.0,27
201200000879,12,5,19,1800,1,1,1,1.0,7,27626,M,4927740.0,81227.0,27
201200000880,12,5,25,1830,1,1,1,1.0,7,27102,M,4936730.0,76428.0,27
201200000881,12,6,16,1630,1,1,1,1.0,2,27497,M,4935820.0,70773.0,27
201200000882,12,8,13,130,3,1,1,1.0,7,27497,M,0.0,0.0,27
201200000883,12,9,13,1800,1,2,1,1.0,6,27228,M,0.0,0.0,27
201200000884,12,11,21,1800,3,1,1,1.0,1,27103,M,0.0,0.0,27
201200000885,12,12,24,1530,1,2,1,1.0,7,27105,M,0.0,0.0,27
201200000886,12,12,25,2115,3,1,1,2.0,6,27340,M,0.0,0.0,27
201200000887,12,12,22,1215,1,1,1,3.0,2,27090,M,0.0,0.0,27
201200000888,12,6,12,1645,1,1,6,2.0,6,27367,M,4923020.0,47459.0,27
201200000889,12,7,2,1245,1,1,1,1.0,1,27349,M,4930730.0,68030.0,27
201200000890,12,8,28,1345,1,1,1,1.0,2,27591,M,4925400.0,32600.0,27
201200000891,12,6,6,1345,1,2,7,1.0,6,35047,M,4802913.0,-175876.0,35
201200000892,12,5,29,1315,1,1,1,1.0,5,35177,M,4822438.0,-174917.0,35
201200000893,12,6,11,300,3,1,1,1.0,7,35128,M,4831301.0,-171847.0,35
201200000894,12,7,11,145,3,1,1,8.0,6,35128,M,4831323.0,-171859.0,35
201200000895,12,9,8,1430,1,1,2,1.0,3,35180,M,4828334.0,-195451.0,35
201200000896,12,9,26,1700,1,2,5,1.0,1,35297,M,4819287.0,-219542.0,35
201200000897,12,11,27,1500,1,2,1,7.0,6,35245,M,4821547.0,-189215.0,35
201200000898,12,10,20,345,4,2,1,1.0,6,35227,M,0.0,0.0,35
201200000899,12,4,7,1545,1,1,1,1.0,7,35037,M,4804018.0,-187221.0,35
201200000900,12,8,25,100,5,2,6,1.0,3,35240,M,0.0,0.0,35
201200000901,12,8,28,1945,1,1,3,1.0,1,35037,M,4804527.0,-184770.0,35
201200000902,12,11,10,1530,1,2,1,7.0,3,35240,M,4810600.0,-179400.0,35
201200000903,12,12,17,1530,1,1,1,2.0,1,35076,M,0.0,0.0,35
201200000904,12,2,21,1530,1,1,1,1.0,6,35162,M,4846880.0,-113120.0,35
201200000905,12,9,16,845,1,2,3,1.0,6,35142,M,4841585.0,-115148.0,35
201200000906,12,9,27,2330,3,1,3,1.0,7,35163,M,4829423.0,-113060.0,35
201200000907,12,10,13,1700,1,1,1,1.0,7,35115,M,4833770.0,-120718.0,35
201200000908,12,2,14,1900,2,1,1,1.0,5,35164,M,4838904.0,-161908.0,35
201200000909,12,3,24,2200,3,1,1,1.0,1,35341,M,4842267.0,-141815.0,35
201200000910,12,3,27,1045,1,1,1,1.0,7,35178,M,4831422.0,-147905.0,35
201200000911,12,4,3,1530,1,2,1,1.0,7,35004,M,0.0,0.0,35
201200000912,12,4,15,1200,1,1,1,1.0,1,35019,M,4842915.0,-154032.0,35
201200000913,12,4,20,1830,1,1,1,1.0,1,35257,M,4841800.0,-138722.0,35
201200000914,12,4,20,1730,1,1,1,1.0,7,35323,M,4841812.0,-132398.0,35
201200000915,12,5,6,1730,1,2,1,1.0,6,35304,M,4833102.0,-142702.0,35
201200000916,12,5,19,1415,1,1,1,3.0,7,35178,M,4828147.0,-143080.0,35
201200000917,12,6,12,1600,1,1,2,1.0,3,35075,M,4839004.0,-145950.0,35
201200000918,12,8,30,830,1,1,1,1.0,7,35267,M,4841177.0,-130995.0,35
201200000919,12,10,4,2000,3,1,1,1.0,6,35304,M,0.0,0.0,35
201200000920,12,11,1,1030,1,2,1,1.0,1,35267,M,4840294.0,-132640.0,35
201200000921,12,11,10,1545,1,1,1,1.0,7,35075,M,0.0,0.0,35
201200000922,12,11,30,1900,5,2,1,2.0,6,35253,M,0.0,0.0,35
201200000923,12,12,12,1200,1,2,9,7.0,6,35004,M,0.0,0.0,35
201200000924,12,12,30,1130,1,1,1,1.0,6,35309,M,0.0,0.0,35
201200000925,12,1,12,1915,3,2,1,1.0,3,35236,M,0.0,0.0,35
201200000926,12,1,19,815,5,2,1,2.0,6,35236,M,4766416.0,-207239.0,35
201200000927,12,2,11,2200,3,1,1,1.0,6,35064,M,4770287.0,-187631.0,35
201200000928,12,3,31,2100,3,1,1,1.0,6,35237,M,0.0,0.0,35
201200000929,12,4,3,1630,1,2,1,1.0,5,35236,M,4766115.0,-205117.0,35
201200000930,12,4,6,1115,1,1,2,1.0,1,35236,M,4766973.0,-205569.0,35
201200000931,12,5,9,900,1,1,3,1.0,1,35013,M,4772939.0,-205112.0,35
201200000932,12,9,11,1615,1,1,4,1.0,3,35013,M,4772284.0,-210067.0,35
201200000933,12,10,17,2115,3,2,1,3.0,2,35236,M,4766100.0,-208400.0,35
201200000934,12,4,17,1445,1,1,1,2.0,3,35145,M,4773723.0,-184897.0,35
201200000935,12,5,15,1130,1,1,1,1.0,7,35124,M,4773023.0,-164689.0,35
201200000936,12,5,26,1815,1,1,1,1.0,3,35343,M,0.0,0.0,35
201200000937,12,6,2,1615,1,2,3,1.0,1,35176,M,4782276.0,-181625.0,35
201200000938,12,6,14,1115,1,1,2,1.0,1,35124,M,4774037.0,-174294.0,35
201200000939,12,7,7,1530,1,2,1,1.0,1,35012,M,0.0,0.0,35
201200000940,12,10,12,2015,3,1,1,1.0,3,35054,M,0.0,0.0,35
201200000941,12,10,26,1145,1,1,2,8.0,3,35012,M,4785467.0,-165642.0,35
201200000942,12,12,8,2345,3,2,1,1.0,6,35249,M,0.0,0.0,35
201200000943,12,12,30,1615,1,1,1,1.0,3,35012,M,0.0,0.0,35
201200000944,12,4,1,1215,1,1,3,1.0,3,35139,M,4794700.0,-172657.0,35
201200000945,12,5,21,1430,1,1,2,1.0,3,35123,M,0.0,0.0,35
201200000946,12,5,31,1845,1,1,3,1.0,4,35123,M,4802598.0,-178503.0,35
201200000947,12,6,1,1200,1,1,4,1.0,3,35139,M,4795663.0,-173769.0,35
201200000948,12,6,13,1635,1,1,4,1.0,1,35139,M,4798041.0,-173931.0,35
201200000949,12,7,3,1615,1,1,1,1.0,3,35139,M,4799577.0,-172653.0,35
201200000950,12,7,17,1415,1,1,1,1.0,3,35149,M,4797320.0,-184796.0,35
201200000951,12,7,31,1915,1,1,1,1.0,3,35127,M,4792494.0,-185295.0,35
201200000952,12,8,5,30,3,1,1,1.0,6,35127,M,4791796.0,-184170.0,35
201200000953,12,8,6,1745,1,1,1,1.0,7,35016,M,4799380.0,-190141.0,35
201200000954,12,8,10,1415,1,1,1,7.0,3,35127,M,4794179.0,-183621.0,35
201200000955,12,9,10,1315,1,1,2,1.0,3,35312,M,4790782.0,-177937.0,35
201200000956,12,11,18,1530,1,1,1,1.0,1,35126,M,4794726.0,-182433.0,35
201200000957,12,4,17,745,1,2,1,1.0,3,35219,M,4781400.0,-194700.0,35
201200000958,12,12,7,1715,3,1,1,1.0,7,35219,M,4779000.0,-192900.0,35
201200000959,12,2,1,1600,1,2,7,1.0,6,35049,M,4867701.0,-185128.0,35
201200000960,12,3,24,1645,1,2,1,1.0,6,35049,M,4867063.0,-185140.0,35
201200000961,12,4,6,945,1,1,3,1.0,5,35284,M,4860646.0,-196950.0,35
201200000962,12,4,22,1600,4,2,1,1.0,1,35263,M,0.0,0.0,35
201200000963,12,7,12,930,1,1,3,8.0,3,35299,M,4865241.0,-194114.0,35
201200000964,12,8,25,430,3,1,1,1.0,6,35132,M,4857194.0,-179521.0,35
201200000965,12,5,7,1730,1,1,2,1.0,3,35017,M,4830774.0,-188112.0,35
201200000966,12,6,9,1730,1,1,1,2.0,6,35225,M,4841783.0,-193212.0,35
201200000967,12,6,15,1700,1,2,5,2.0,7,35085,M,4841199.0,-174557.0,35
201200000968,12,6,15,1730,1,1,1,1.0,2,35226,M,4839932.0,-188641.0,35
201200000969,12,9,24,1800,1,1,1,3.0,1,35344,M,4849500.0,-188800.0,35
201200000970,12,11,20,830,1,2,1,1.0,3,35337,M,4833146.0,-183093.0,35
201200000971,12,9,3,1230,1,2,1,2.0,1,35270,M,4857100.0,-154489.0,35
201200000972,12,1,17,1115,1,2,7,1.0,1,35256,M,4861914.0,-213241.0,35
201200000973,12,4,5,1550,1,2,1,1.0,3,35228,M,4857034.0,-206859.0,35
201200000974,12,7,18,1915,1,2,2,1.0,3,35287,M,4863744.0,-211358.0,35
201200000975,12,7,27,445,3,1,1,1.0,7,35287,M,4860153.0,-209815.0,35
201200000976,12,3,25,1715,1,2,1,1.0,3,35360,M,0.0,0.0,35
201200000977,12,3,30,1645,1,2,1,1.0,3,35360,M,0.0,0.0,35
201200000978,12,4,24,2345,5,2,1,2.0,6,35097,M,4796347.0,-126137.0,35
201200000979,12,4,27,1700,1,1,2,2.0,3,35194,M,4815505.0,-122101.0,35
201200000980,12,5,10,1900,1,1,3,1.0,2,35192,M,4825159.0,-124895.0,35
201200000981,12,7,13,1400,1,1,1,2.0,1,35109,M,4809032.0,-126067.0,35
201200000982,12,7,22,700,1,1,1,1.0,6,35119,M,0.0,0.0,35
201200000983,12,8,9,1645,1,1,1,1.0,1,35105,M,0.0,0.0,35
201200000984,12,8,17,1515,1,1,1,1.0,1,35360,M,4812747.0,-123250.0,35
201200000985,12,10,24,2115,3,1,1,1.0,1,35006,M,4807427.0,-111332.0,35
201200000986,12,10,29,1430,1,2,9,1.0,6,35360,M,4812718.0,-121411.0,35
201200000987,12,11,21,1730,2,2,1,1.0,6,35360,M,4811211.0,-121169.0,35
201200000988,12,12,13,700,2,1,1,9.0,6,35038,M,4808429.0,-104851.0,35
201200000989,12,12,21,1800,5,2,1,1.0,7,35360,M,0.0,0.0,35
201200000990,12,2,22,1615,1,1,1,1.0,2,35207,M,4810655.0,-150692.0,35