Num_Acc,an,mois,jour,hrmn,lum,agg,int,atm,col,com,gps,lat,long,dep
201200000991,12,3,13,800,1,2,6,1.0,3,35327,M,0.0,0.0,35
201200000992,12,4,15,1130,1,1,2,1.0,3,35099,M,4804254.0,-151853.0,35
201200000993,12,4,8,1315,1,1,1,1.0,6,35068,M,4809382.0,-139752.0,35
201200000994,12,5,10,1745,1,1,2,1.0,3,35069,M,4803325.0,-150383.0,35
201200000995,12,7,11,830,1,1,1,1.0,1,35327,M,0.0,0.0,35
201200000996,12,7,20,1945,1,2,6,1.0,3,35068,M,0.0,0.0,35
201200000997,12,9,18,1145,1,2,1,1.0,1,35068,M,4810975.0,-139969.0,35
201200000998,12,5,30,1330,1,1,1,1.0,1,35167,M,4783828.0,-132877.0,35
201200000999,12,6,28,2000,1,1,3,1.0,3,35167,M,4782299.0,-130509.0,35
201200001000,12,7,3,1430,1,1,1,1.0,5,35167,M,4782292.0,-130497.0,35
201200001001,12,7,6,315,4,1,1,1.0,6,35325,M,4793959.0,-117893.0,35
201200001002,12,11,9,1500,1,1,2,2.0,3,35102,M,4790163.0,-125881.0,35
201200001003,12,11,15,2130,3,1,1,5.0,6,35239,M,4790138.0,-131746.0,35
201200001004,12,11,18,645,3,1,1,2.0,6,35167,M,4779860.0,-133449.0,35
201200001005,12,11,29,1000,1,2,1,7.0,3,35125,M,4794035.0,-122746.0,35
201200001006,12,1,28,2030,3,1,1,1.0,1,35262,M,4790259.0,-147189.0,35
201200001007,12,2,22,1430,1,1,2,1.0,5,35041,M,4793783.0,-153415.0,35
201200001008,12,3,27,1330,1,1,2,1.0,1,35335,M,4787200.0,-148370.0,35
201200001009,12,4,30,1830,1,1,2,1.0,3,35136,M,0.0,0.0,35
201200001010,12,5,15,1830,1,1,1,1.0,5,35220,M,4799170.0,-146192.0,35
201200001011,12,7,2,1015,1,2,6,2.0,6,35136,M,4796053.0,-149624.0,35
201200001012,12,7,28,1730,1,1,2,1.0,1,35136,M,4796134.0,-147379.0,35
201200001013,12,11,4,930,3,1,1,8.0,7,35198,M,4801662.0,-139435.0,35
201200001014,12,9,7,1430,1,1,1,1.0,7,22158,M,4820165.0,-297568.0,22
201200001015,12,10,22,2230,3,1,1,5.0,7,22107,M,4823500.0,-317100.0,22
201200001016,12,1,31,1600,1,1,1,1.0,1,22177,M,4863431.0,-292250.0,22
201200001017,12,3,1,1100,1,1,3,5.0,3,22325,M,4865736.0,-285625.0,22
201200001018,12,3,31,1630,1,1,1,1.0,1,22065,M,4861546.0,-300416.0,22
201200001019,12,4,26,2015,2,1,1,1.0,7,22112,M,4864787.0,-300838.0,22
201200001020,12,5,13,600,3,2,1,1.0,7,22178,M,4869755.0,-300358.0,22
201200001021,12,5,25,2015,1,1,2,1.0,2,22177,M,4863351.0,-297072.0,22
201200001022,12,7,4,745,2,2,1,1.0,6,22121,M,4862837.0,-298410.0,22
201200001023,12,7,11,1845,1,1,2,1.0,3,22370,M,4866441.0,-302708.0,22
201200001024,12,8,12,1215,1,1,1,1.0,3,22370,M,4867300.0,-303400.0,22
201200001025,12,12,21,845,2,2,6,1.0,6,22121,M,4863016.0,-298559.0,22
201200001026,12,12,21,845,2,1,1,1.0,2,22112,M,4864800.0,-300300.0,22
201200001027,12,2,12,1645,1,1,1,3.0,7,22142,M,4844360.0,-255337.0,22
201200001028,12,2,25,1545,1,1,1,1.0,5,22093,M,4847428.0,-248046.0,22
201200001029,12,5,1,315,3,2,1,1.0,6,22326,M,4844408.0,-241792.0,22
201200001030,12,5,4,2115,2,2,4,1.0,3,22098,M,4842984.0,-253927.0,22
201200001031,12,5,29,915,1,1,1,1.0,5,22151,M,4843925.0,-258221.0,22
201200001032,12,7,10,1545,1,2,3,1.0,3,22044,M,4848963.0,-259618.0,22
201200001033,12,7,12,1900,2,2,6,3.0,3,22093,M,4846547.0,-252880.0,22
201200001034,12,7,21,1145,1,1,2,1.0,3,22142,M,4844212.0,-251076.0,22
201200001035,12,9,1,1700,1,1,1,1.0,7,22270,M,4848949.0,-248327.0,22
201200001036,12,9,25,1915,1,1,1,7.0,1,22093,M,0.0,0.0,22
201200001037,12,12,7,1645,1,1,1,2.0,1,22142,M,4845721.0,-248458.0,22
201200001038,12,2,2,1515,1,1,2,1.0,3,22258,M,4843149.0,-263373.0,22
201200001039,12,3,11,1130,1,1,1,5.0,3,22184,M,4834709.0,-266448.0,22
201200001040,12,5,23,1315,1,1,3,1.0,2,22258,M,4843339.0,-263480.0,22
201200001041,12,6,4,2045,1,2,1,1.0,6,22015,M,4840294.0,-257678.0,22
201200001042,12,6,6,1415,1,1,1,1.0,4,22079,M,4836428.0,-263078.0,22
201200001043,12,10,13,1515,1,1,1,1.0,3,22203,M,0.0,0.0,22
201200001044,12,10,16,1430,1,1,2,1.0,3,22258,M,4844046.0,-265242.0,22
201200001045,12,10,25,1730,3,1,2,5.0,5,22066,M,4834994.0,-249582.0,22
201200001046,12,12,25,1145,1,1,2,7.0,3,22258,M,4845493.0,-264908.0,22
201200001047,12,12,19,2100,5,2,1,2.0,1,22184,M,4833595.0,-268195.0,22
201200001048,12,2,29,1100,1,2,1,1.0,2,22136,M,4818876.0,-275279.0,22
201200001049,12,3,10,1715,1,1,6,7.0,2,22136,M,4817700.0,-275400.0,22
201200001050,12,3,23,1630,1,2,1,1.0,7,22376,M,4821323.0,-279650.0,22
201200001051,12,3,26,2130,5,2,6,1.0,3,22136,M,4817718.0,-274748.0,22
201200001052,12,3,27,1200,1,1,1,1.0,1,22136,M,4812853.0,-271639.0,22
201200001053,12,4,15,1045,1,1,1,8.0,7,22376,M,4819089.0,-284025.0,22
201200001054,12,8,5,730,1,1,1,2.0,1,22136,M,4816640.0,-279529.0,22
201200001055,12,11,29,645,3,1,1,1.0,7,22279,M,4818423.0,-288125.0,22
201200001056,12,12,31,1400,1,2,1,2.0,1,22136,M,4817294.0,-275460.0,22
201200001057,12,3,7,1900,2,1,1,1.0,3,22162,M,4876029.0,-299993.0,22
201200001058,12,3,11,1100,1,1,1,5.0,1,22233,M,4873253.0,-306477.0,22
201200001059,12,4,4,800,1,1,1,2.0,6,22214,M,4874975.0,-298341.0,22
201200001060,12,6,2,1915,1,2,1,1.0,6,22162,M,0.0,0.0,22
201200001061,12,9,8,1530,1,2,1,1.0,6,22162,M,4877835.0,-304288.0,22
201200001062,12,12,26,1830,5,1,9,3.0,3,22162,M,4877907.0,-307563.0,22
201200001063,12,3,3,545,3,1,1,8.0,7,22273,M,4856023.0,-252558.0,22
201200001064,12,3,10,515,3,1,9,1.0,7,22154,M,4852220.0,-260715.0,22
201200001065,12,4,1,1830,1,1,1,7.0,7,22173,M,4857219.0,-256771.0,22
201200001066,12,4,6,1845,1,1,1,1.0,6,22081,M,4850688.0,-266839.0,22
201200001067,12,6,10,615,1,2,1,1.0,6,22389,M,4848245.0,-267465.0,22
201200001068,12,7,11,1645,1,2,1,1.0,6,22054,M,4863600.0,-246500.0,22
201200001069,12,7,21,1730,1,1,1,1.0,4,22273,M,4855900.0,-253700.0,22
201200001070,12,11,27,2045,3,1,1,3.0,5,22054,M,4863600.0,-243300.0,22
201200001071,12,1,4,1100,1,1,1,1.0,1,22059,M,0.0,0.0,22
201200001072,12,1,19,1130,1,1,1,1.0,6,22277,M,4837445.0,-287948.0,22
201200001073,12,1,27,2030,5,1,1,2.0,6,22171,M,0.0,0.0,22
201200001074,12,4,5,1130,1,1,1,1.0,7,22009,M,4832475.0,-291732.0,22
201200001075,12,5,20,1545,1,1,1,3.0,3,22277,M,4841229.0,-284844.0,22
201200001076,12,8,20,1400,1,1,1,1.0,1,22126,M,4842100.0,-294137.0,22
201200001077,12,4,7,1230,1,2,2,1.0,3,22280,M,4841643.0,-206195.0,22
201200001078,12,4,18,1545,1,1,1,4.0,7,22082,M,4840597.0,-208666.0,22
201200001079,12,8,18,1945,1,2,3,1.0,3,22259,M,4844841.0,-206932.0,22
201200001080,12,8,27,800,1,2,2,1.0,3,22021,M,4839120.0,-212679.0,22
201200001081,12,9,14,1115,1,1,3,1.0,1,22056,M,4837350.0,-199252.0,22
201200001082,12,9,16,1645,1,1,1,1.0,1,22364,M,4843711.0,-208843.0,22
201200001083,12,10,25,800,2,1,1,5.0,7,22197,M,4852839.0,-193923.0,22
201200001084,12,10,30,1545,1,1,1,1.0,1,22123,M,4843672.0,-204399.0,22
201200001085,12,10,30,1700,1,1,2,1.0,3,22118,M,4845382.0,-202515.0,22
201200001086,12,11,22,1200,1,2,3,2.0,3,22026,M,4840864.0,-202881.0,22
201200001087,12,1,31,1730,1,1,1,1.0,5,22239,M,4835449.0,-209898.0,22
201200001088,12,2,7,845,1,1,1,9.0,7,22239,M,4838355.0,-213515.0,22
201200001089,12,4,1,1845,1,2,1,1.0,6,22185,M,4836718.0,-239943.0,22
201200001090,12,6,2,2045,2,1,1,1.0,7,22175,M,4843876.0,-234871.0,22
201200001091,12,6,5,1830,1,1,2,1.0,3,22193,M,4842171.0,-239813.0,22
201200001092,12,12,5,1045,1,2,6,3.0,3,22185,M,4836714.0,-240328.0,22
201200001093,12,1,2,1515,1,1,2,7.0,3,22237,M,4852460.0,-227163.0,22
201200001094,12,12,29,1915,5,2,7,3.0,6,22172,M,0.0,0.0,22
201200001095,12,1,31,1900,5,1,1,1.0,6,22237,M,4852462.0,-227223.0,22
201200001096,12,2,22,1915,3,1,1,2.0,1,22282,M,4858900.0,-223600.0,22
201200001097,12,3,24,1645,1,1,1,1.0,7,22143,M,4860988.0,-231560.0,22
201200001098,12,5,12,930,1,1,1,7.0,7,22190,M,4852665.0,-209805.0,22
201200001099,12,7,18,1730,1,2,3,1.0,3,22302,M,4859651.0,-219044.0,22
201200001100,12,7,24,1130,1,1,1,1.0,2,22209,M,4855126.0,-210853.0,22
201200001101,12,8,10,800,1,1,1,1.0,2,22209,M,0.0,0.0,22
201200001102,12,8,15,1845,1,1,3,1.0,3,22048,M,4849306.0,-217233.0,22
201200001103,12,8,18,1600,1,1,1,1.0,2,22094,M,4859197.0,-214770.0,22
201200001104,12,8,22,1115,1,1,4,1.0,3,22179,M,4862447.0,-233886.0,22
201200001105,12,10,4,1445,1,1,1,1.0,1,22357,M,4856553.0,-219325.0,22
201200001106,12,10,6,1200,1,1,3,3.0,3,22286,M,4852315.0,-238259.0,22
201200001107,12,11,5,1030,1,1,3,1.0,3,22172,M,4853746.0,-222430.0,22
201200001108,12,11,10,615,3,1,1,3.0,1,22268,M,4855510.0,-234547.0,22
201200001109,12,11,24,1630,1,1,1,1.0,7,22237,M,4852900.0,-227600.0,22
201200001110,12,12,25,1400,3,2,1,2.0,7,22048,M,4848079.0,-216378.0,22
201200001111,12,7,5,1815,1,1,2,1.0,3,22371,M,4815827.0,-229367.0,22
201200001112,12,7,19,1200,1,1,1,1.0,1,22292,M,4822996.0,-256371.0,22
201200001113,12,7,19,1215,1,1,1,1.0,1,22058,M,4813665.0,-261796.0,22
201200001114,12,4,18,2315,3,1,1,2.0,6,22225,M,4854715.0,-315084.0,22
201200001115,12,7,25,1700,1,2,1,1.0,6,22070,M,4857158.0,-316097.0,22
201200001116,12,8,11,2200,3,1,1,1.0,6,22225,M,0.0,0.0,22
201200001117,12,10,10,1730,1,2,1,1.0,3,22272,M,0.0,0.0,22
201200001118,12,11,11,1530,1,1,6,8.0,6,22223,M,0.0,0.0,22
201200001119,12,11,24,1715,1,2,1,1.0,6,22067,M,4856312.0,-316113.0,22
201200001120,12,10,19,730,5,2,1,1.0,6,22250,M,4869983.0,-316713.0,22
201200001121,12,3,12,900,1,1,1,1.0,3,22072,M,4850700.0,-325600.0,22
201200001122,12,4,22,1945,1,1,1,7.0,1,22220,M,4824400.0,-330300.0,22
201200001123,12,2,15,1830,1,1,1,1.0,1,22224,M,4871747.0,-349107.0,22
201200001124,12,3,4,2000,3,2,1,1.0,6,22194,M,4866879.0,-359982.0,22
201200001125,12,3,14,2215,5,2,1,1.0,7,22194,M,4865448.0,-362743.0,22
201200001126,12,4,7,1530,1,1,1,2.0,1,22228,M,4853391.0,-346457.0,22
201200001127,12,6,30,1200,1,1,1,1.0,1,22131,M,4853444.0,-351592.0,22
201200001128,12,7,9,1945,1,2,1,1.0,2,22217,M,4851143.0,-356386.0,22
201200001129,12,7,22,515,3,1,1,1.0,6,22194,M,4865684.0,-363707.0,22
201200001130,12,9,30,630,4,2,1,1.0,6,22207,M,4861210.0,-347266.0,22
201200001131,12,11,3,1015,1,1,1,7.0,7,22319,M,4867152.0,-358896.0,22
201200001132,12,11,13,1830,3,1,2,1.0,3,22226,M,4869737.0,-353824.0,22
201200001133,12,2,4,645,3,1,1,1.0,7,22379,M,4882209.0,-334014.0,22
201200001134,12,2,8,745,3,1,2,1.0,5,22090,M,4877204.0,-336598.0,22
201200001135,12,5,30,1600,1,1,2,1.0,3,22090,M,4877040.0,-336312.0,22
201200001136,12,8,26,1730,1,1,2,1.0,5,22090,M,0.0,0.0,22
201200001137,12,9,1,1845,1,1,1,1.0,1,22090,M,4877722.0,-337758.0,22
201200001138,12,9,21,1500,1,1,2,1.0,3,22090,M,0.0,0.0,22
201200001139,12,10,2,1515,1,1,1,8.0,7,22363,M,0.0,0.0,22
201200001140,12,12,21,800,3,1,1,2.0,3,22090,M,0.0,0.0,22
201200001141,12,4,15,400,3,1,1,1.0,7,22221,M,4879601.0,-328894.0,22
201200001142,12,6,7,1215,1,1,1,1.0,1,22253,M,4876598.0,-319843.0,22
201200001143,12,6,28,1600,1,1,1,1.0,7,22362,M,4882020.0,-326534.0,22
201200001144,12,11,7,1630,1,2,6,1.0,3,22152,M,4878300.0,-324200.0,22
201200001145,12,11,13,1430,1,2,1,1.0,2,22152,M,0.0,0.0,22
201200001146,12,1,11,2015,3,2,1,1.0,7,29216,M,4796774.0,-414507.0,29
201200001147,12,1,27,1400,1,1,1,1.0,1,29173,M,0.0,0.0,29
201200001148,12,2,7,1230,1,1,1,1.0,7,29298,M,4791419.0,-431700.0,29
201200001149,12,3,28,1200,1,1,1,1.0,6,29145,M,4804273.0,-443454.0,29
201200001150,12,4,7,900,1,2,1,1.0,1,29218,M,4803808.0,-448658.0,29
201200001151,12,5,20,1600,1,1,1,1.0,1,29214,M,4794151.0,-434243.0,29
201200001152,12,5,16,1845,1,2,1,7.0,6,29215,M,4798559.0,-442531.0,29
201200001153,12,6,10,715,2,1,1,1.0,7,29145,M,4808108.0,-443509.0,29
201200001154,12,6,17,1145,1,1,1,1.0,1,29143,M,4802389.0,-443242.0,29
201200001155,12,7,22,1100,1,1,1,1.0,7,29159,M,4793287.0,-433339.0,29
201200001156,12,8,18,2015,1,2,1,1.0,3,29216,M,4798020.0,-417849.0,29
201200001157,12,9,25,1845,1,2,1,7.0,6,29008,M,4807559.0,-451311.0,29
201200001158,12,10,2,745,2,2,1,1.0,3,29225,M,4794891.0,-437053.0,29
201200001159,12,10,26,715,5,2,1,2.0,1,29197,M,4801514.0,-448447.0,29
201200001160,12,11,23,1830,1,2,1,1.0,3,29197,M,4801628.0,-450081.0,29
201200001161,12,12,1,2015,5,2,1,1.0,1,29218,M,4804039.0,-449420.0,29
201200001162,12,12,5,1415,1,1,3,1.0,3,29218,M,4804225.0,-447148.0,29
201200001163,12,12,11,2130,3,1,1,1.0,6,29298,M,4791106.0,-433620.0,29
201200001164,12,12,21,2215,3,1,1,3.0,6,29197,M,4800401.0,-445159.0,29
201200001165,12,12,26,800,4,1,1,8.0,3,29173,M,4800418.0,-416433.0,29
201200001166,12,12,30,730,3,1,1,1.0,6,29167,M,4796987.0,-424930.0,29
201200001167,12,4,10,1915,1,2,1,1.0,3,29046,M,4808043.0,-433062.0,29
201200001168,12,4,18,1715,1,2,1,1.0,2,29046,M,4809382.0,-434106.0,29
201200001169,12,8,4,100,3,1,1,1.0,6,29169,M,4807764.0,-414539.0,29
201200001170,12,9,29,1815,1,2,1,7.0,6,29046,M,4809713.0,-434276.0,29
201200001171,12,10,12,1330,1,2,1,8.0,3,29169,M,4807673.0,-419724.0,29
201200001172,12,12,8,1100,1,2,1,7.0,6,29046,M,4809125.0,-432711.0,29
201200001173,12,12,31,1315,1,1,1,2.0,3,29057,M,4791804.0,-396213.0,29
201200001174,12,1,27,730,3,1,1,9.0,3,29057,M,4791479.0,-394734.0,29
201200001175,12,2,27,1900,3,1,1,8.0,1,29032,M,4789478.0,-407905.0,29
201200001176,12,4,4,1830,1,1,1,1.0,3,29057,M,4790891.0,-394905.0,29
201200001177,12,6,9,115,3,1,1,1.0,1,29057,M,4792627.0,-397613.0,29
201200001178,12,8,4,1045,1,1,1,1.0,3,29057,M,4790516.0,-399534.0,29
201200001179,12,9,29,1645,1,1,1,1.0,5,29060,M,4791026.0,-411095.0,29
201200001180,12,11,7,1630,2,1,1,1.0,3,29006,M,4787768.0,-408792.0,29
201200001181,12,11,23,2245,5,1,1,2.0,6,29058,M,4786350.0,-403862.0,29
201200001182,12,12,9,30,3,1,1,1.0,6,29032,M,4788696.0,-411729.0,29
201200001183,12,6,7,1845,1,2,6,1.0,6,29220,M,4786583.0,-421675.0,29
201200001184,12,7,18,1400,1,2,1,1.0,6,29072,M,4779914.0,-427949.0,29
201200001185,12,7,23,1830,1,1,1,1.0,6,29037,M,4788397.0,-415345.0,29
201200001186,12,8,23,115,3,1,1,1.0,6,29037,M,4788146.0,-412695.0,29
201200001187,12,11,15,1915,5,1,1,2.0,2,29171,M,4781040.0,-428205.0,29
201200001188,12,12,1,1830,3,1,1,1.0,1,29037,M,4790840.0,-419312.0,29
201200001189,12,1,6,830,2,2,1,1.0,6,29075,M,4841709.0,-443172.0,29
201200001190,12,4,4,945,1,2,1,1.0,6,29075,M,4843319.0,-440334.0,29
201200001191,12,8,3,1815,1,1,1,1.0,1,29061,M,4844633.0,-446101.0,29
201200001192,12,9,1,1630,1,1,6,1.0,6,29061,M,4844989.0,-446569.0,29
201200001193,12,9,23,1530,1,2,6,8.0,3,29075,M,4843936.0,-439233.0,29
201200001194,12,12,8,1515,1,2,1,1.0,3,29235,M,4841115.0,-441920.0,29
201200001195,12,1,16,1530,1,2,6,7.0,6,29103,M,4845351.0,-424539.0,29
201200001196,12,4,13,1800,1,1,1,3.0,6,29237,M,4846634.0,-420687.0,29
201200001197,12,5,2,715,1,1,2,1.0,3,29128,M,4847307.0,-409441.0,29
201200001198,12,6,30,2345,3,2,1,1.0,7,29237,M,4847360.0,-420530.0,29
201200001199,12,7,9,2015,1,1,1,1.0,6,29294,M,4841198.0,-413409.0,29
201200001200,12,10,17,600,3,1,1,8.0,3,29156,M,4845292.0,-423414.0,29
201200001201,12,12,14,1115,1,1,1,3.0,3,29180,M,4843887.0,-409920.0,29
201200001202,12,4,2,945,1,1,1,1.0,3,29094,M,4859388.0,-433428.0,29
201200001203,12,4,4,1100,1,1,1,1.0,6,29248,M,4860961.0,-437463.0,29
201200001204,12,6,27,1445,1,1,1,1.0,1,29124,M,4859045.0,-433240.0,29
201200001205,12,7,24,1945,1,1,1,1.0,3,29198,M,4860696.0,-429842.0,29
201200001206,12,7,27,1945,1,1,1,1.0,1,29064,M,4863025.0,-429786.0,29
201200001207,12,8,29,1200,1,1,1,3.0,1,29203,M,4864369.0,-435175.0,29
201200001208,12,9,8,2015,1,1,1,1.0,3,29055,M,4855572.0,-434202.0,29
201200001209,12,11,14,1815,5,2,1,8.0,6,29124,M,4857303.0,-432085.0,29
201200001210,12,11,24,1545,1,2,7,2.0,3,29124,M,4857269.0,-433046.0,29
201200001211,12,1,25,2230,5,2,1,1.0,6,29160,M,4850290.0,-442551.0,29
201200001212,12,7,7,930,1,1,1,3.0,3,29209,M,4850876.0,-446175.0,29
201200001213,12,8,19,345,3,1,1,2.0,3,29015,M,4847714.0,-452889.0,29
201200001214,12,10,24,830,4,2,1,1.0,6,29160,M,4850670.0,-441987.0,29
201200001215,12,1,1,730,3,1,1,1.0,6,29177,M,4843371.0,-473103.0,29
201200001216,12,1,7,1345,1,1,1,8.0,5,29017,M,4845619.0,-467247.0,29
201200001217,12,1,10,1900,2,2,1,1.0,5,29260,M,4843710.0,-463033.0,29
201200001218,12,1,18,1230,1,1,1,2.0,1,29196,M,4855303.0,-459855.0,29
201200001219,12,2,17,1930,5,2,7,1.0,6,29260,M,4843155.0,-462098.0,29
201200001220,12,3,23,1615,1,1,1,7.0,2,29178,M,4852510.0,-466276.0,29
201200001221,12,6,4,1715,1,1,1,1.0,5,29069,M,4843709.0,-457122.0,29
201200001222,12,6,15,1200,1,1,1,8.0,4,29069,M,4843699.0,-457211.0,29
201200001223,12,9,10,2015,2,1,1,2.0,5,29177,M,4843203.0,-469958.0,29
201200001224,12,9,16,1915,1,1,1,1.0,3,29017,M,4847306.0,-471364.0,29
201200001225,12,11,9,1900,5,2,1,2.0,1,29177,M,4843397.0,-471493.0,29
201200001226,12,4,4,1445,1,2,1,1.0,6,29026,M,4819802.0,-409211.0,29
201200001227,12,4,18,1400,1,1,1,8.0,6,29240,M,4825049.0,-417685.0,29
201200001228,12,5,1,1830,1,2,6,1.0,1,29026,M,4819623.0,-409459.0,29
201200001229,12,5,25,2145,1,1,2,1.0,1,29025,M,4814564.0,-408163.0,29
201200001230,12,5,26,1930,1,1,1,1.0,7,29240,M,4828285.0,-422611.0,29
201200001231,12,5,28,1600,1,1,1,1.0,5,29044,M,4821736.0,-416705.0,29
201200001232,12,8,18,1500,1,2,1,7.0,2,29026,M,4819841.0,-408911.0,29
201200001233,12,9,8,430,3,1,1,1.0,1,29053,M,4828821.0,-416110.0,29
201200001234,12,12,6,115,3,1,1,1.0,6,29172,M,4819128.0,-427500.0,29
201200001235,12,2,10,1730,1,1,1,1.0,1,29211,M,4832791.0,-369262.0,29
201200001236,12,3,3,1715,1,1,1,1.0,3,29278,M,4817689.0,-431686.0,29
201200001237,12,5,27,30,3,1,1,1.0,6,29029,M,4823920.0,-367193.0,29
201200001238,12,7,16,930,1,1,1,1.0,7,29013,M,4837950.0,-394547.0,29
201200001239,12,9,23,1645,1,1,1,2.0,7,29129,M,4837125.0,-371575.0,29
201200001240,12,9,30,1630,1,1,1,1.0,1,29129,M,4836489.0,-371266.0,29
201200001241,12,11,15,700,3,1,1,1.0,1,29054,M,4840617.0,-386152.0,29
201200001242,12,11,16,1945,3,1,1,1.0,1,29278,M,4821416.0,-370536.0,29
201200001243,12,3,10,630,3,1,1,1.0,7,29125,M,4810443.0,-377390.0,29
201200001244,12,4,18,630,2,1,1,4.0,6,29162,M,4819359.0,-398261.0,29
201200001245,12,4,20,1645,1,1,1,1.0,3,29027,M,4820592.0,-381721.0,29
201200001246,12,5,3,1600,1,1,1,1.0,1,29175,M,4827268.0,-379792.0,29
201200001247,12,7,1,1800,1,2,1,1.0,2,29027,M,4818746.0,-381663.0,29
201200001248,12,8,19,2245,5,2,1,1.0,6,29175,M,4825132.0,-382435.0,29
201200001249,12,9,15,1845,1,1,1,1.0,3,29020,M,4807625.0,-393424.0,29
201200001250,12,2,8,1700,1,1,1,8.0,7,29207,M,4853315.0,-381315.0,29
201200001251,12,3,18,815,1,2,6,1.0,3,29207,M,4853786.0,-379717.0,29
201200001252,12,4,21,1530,1,1,1,1.0,6,29014,M,4850096.0,-361311.0,29
201200001253,12,5,6,1845,1,1,1,1.0,1,29191,M,4855398.0,-377438.0,29
201200001254,12,6,12,815,1,1,1,1.0,1,29059,M,4860953.0,-375252.0,29
201200001255,12,6,28,1100,1,2,6,1.0,2,29188,M,4868937.0,-378408.0,29
201200001256,12,7,17,1145,1,1,1,2.0,1,29199,M,4858428.0,-375143.0,29
201200001257,12,7,21,1700,1,1,2,1.0,3,29199,M,4861158.0,-371587.0,29
201200001258,12,8,10,1115,1,1,1,1.0,2,29207,M,4854775.0,-380504.0,29
201200001259,12,8,27,845,1,1,3,1.0,3,29191,M,4855697.0,-372312.0,29
201200001260,12,10,29,1615,1,1,1,7.0,1,29182,M,4864093.0,-367070.0,29
201200001261,12,10,29,1715,1,2,1,1.0,3,29199,M,4857719.0,-378143.0,29
201200001262,12,12,9,1715,1,1,2,1.0,3,29251,M,4868461.0,-377791.0,29
201200001263,12,1,10,800,3,1,1,1.0,1,29266,M,4851802.0,-393608.0,29
201200001264,12,6,2,1415,1,2,1,1.0,1,29105,M,4850879.0,-405748.0,29
201200001265,12,6,15,1015,1,1,1,1.0,6,29010,M,4851542.0,-415547.0,29
201200001266,12,6,15,2030,1,1,1,1.0,3,29105,M,4852245.0,-408460.0,29
201200001267,12,10,4,1715,1,1,1,1.0,4,29105,M,4849958.0,-406019.0,29
201200001268,12,10,7,1615,1,2,3,2.0,3,29105,M,4852134.0,-405886.0,29
201200001269,12,11,13,1830,3,1,1,1.0,3,29163,M,4852923.0,-388947.0,29
201200001270,12,3,25,1845,1,1,1,7.0,3,29184,M,4864505.0,-395549.0,29
201200001271,12,4,16,1800,1,1,1,1.0,1,29192,M,4865077.0,-403889.0,29
201200001272,12,5,6,1600,1,1,1,1.0,5,29206,M,4861582.0,-415631.0,29
201200001273,12,6,1,1800,1,2,2,1.0,1,29030,M,4866090.0,-409889.0,29
201200001274,12,7,1,300,3,1,1,1.0,6,29271,M,4860584.0,-411983.0,29
201200001275,12,7,23,830,1,1,1,1.0,1,29184,M,4864553.0,-395632.0,29
201200001276,12,7,22,1700,1,1,1,1.0,3,29271,M,4860360.0,-414032.0,29
201200001277,12,10,13,1515,1,1,1,1.0,6,29259,M,4865141.0,-396170.0,29
201200001278,12,11,15,2030,3,1,1,5.0,6,29185,M,4866697.0,-419387.0,29
201200001279,12,12,10,815,2,1,1,1.0,3,29259,M,4863394.0,-398240.0,29
201200001280,12,1,31,1130,1,1,1,8.0,7,56164,M,4764813.0,-287207.0,56
201200001281,12,4,1,1800,1,1,1,1.0,1,56157,M,0.0,0.0,56
201200001282,12,6,9,1615,1,1,1,1.0,3,56008,M,0.0,0.0,56
201200001283,12,6,18,1600,1,1,1,1.0,1,56003,M,0.0,0.0,56
201200001284,12,7,31,1715,1,1,1,1.0,1,56206,M,4767051.0,-273482.0,56
201200001285,12,8,9,2030,1,1,1,1.0,1,56003,M,0.0,0.0,56
201200001286,12,8,30,1900,1,1,1,1.0,1,56003,M,0.0,0.0,56
201200001287,12,9,26,1045,1,1,1,2.0,7,56158,M,0.0,0.0,56
201200001288,12,9,30,945,1,1,1,7.0,2,56067,M,0.0,0.0,56
201200001289,12,9,30,1800,1,1,1,1.0,3,56003,M,0.0,0.0,56
201200001290,12,10,6,2200,3,1,1,2.0,1,56158,M,0.0,0.0,56
201200001291,12,10,8,45,3,2,1,2.0,6,56042,M,4781798.0,-280879.0,56
201200001292,12,12,4,1845,3,1,1,1.0,1,56067,M,4773501.0,-283565.0,56
201200001293,12,12,19,1230,1,2,1,2.0,6,56158,M,4769893.0,-280578.0,56
201200001294,12,3,13,1800,1,1,1,7.0,1,56194,M,4761461.0,-212156.0,56
201200001295,12,4,20,1600,1,1,1,2.0,1,56154,M,4771781.0,-221873.0,56
201200001296,12,4,30,1800,1,1,1,1.0,7,56033,M,4781218.0,-218630.0,56