Num_Acc,an,mois,jour,hrmn,lum,agg,int,atm,col,com,gps,lat,long,dep
201200001297,12,5,9,700,1,1,1,2.0,1,56194,M,4760245.0,-213800.0,56
201200001298,12,5,26,1900,1,1,1,1.0,7,56229,M,0.0,0.0,56
201200001299,12,6,16,1745,1,1,1,1.0,7,56154,M,0.0,0.0,56
201200001300,12,8,19,815,1,1,1,1.0,6,56038,M,4778450.0,-212012.0,56
201200001301,12,10,10,1400,1,1,2,1.0,3,56253,M,0.0,0.0,56
201200001302,12,10,13,130,3,1,1,2.0,6,56223,M,4765279.0,-212581.0,56
201200001303,12,11,11,745,2,1,1,1.0,3,56221,M,0.0,0.0,56
201200001304,12,1,7,1530,1,1,1,1.0,1,56153,M,0.0,0.0,56
201200001305,12,1,15,645,3,1,1,1.0,6,56058,M,0.0,0.0,56
201200001306,12,3,1,1430,1,1,2,1.0,3,56077,M,0.0,0.0,56
201200001307,12,3,12,1830,1,1,1,1.0,3,56153,M,0.0,0.0,56
201200001308,12,5,25,130,4,1,1,1.0,6,56147,M,4751678.0,-229613.0,56
201200001309,12,6,27,1800,1,1,1,1.0,3,56143,M,0.0,0.0,56
201200001310,12,4,13,2100,1,1,1,2.0,3,56171,M,0.0,0.0,56
201200001311,12,5,8,415,3,1,1,1.0,7,56159,M,0.0,0.0,56
201200001312,12,5,27,1915,1,1,1,1.0,3,56137,M,4774133.0,-271734.0,56
201200001313,12,8,14,1530,1,1,1,1.0,3,56255,M,0.0,0.0,56
201200001314,12,9,20,2030,2,1,1,1.0,7,56053,M,4772216.0,-255244.0,56
201200001315,12,9,26,1900,1,1,2,1.0,5,56135,M,0.0,0.0,56
201200001316,12,10,14,1815,1,2,1,1.0,3,56184,M,4766161.0,-246711.0,56
201200001317,12,12,5,1645,2,1,1,1.0,3,56135,M,0.0,0.0,56
201200001318,12,12,26,1845,5,2,1,1.0,3,56123,M,0.0,0.0,56
201200001319,12,3,26,30,5,1,1,1.0,6,56023,M,0.0,0.0,56
201200001320,12,4,12,1645,1,1,1,1.0,2,56023,M,0.0,0.0,56
201200001321,12,5,6,945,1,2,1,1.0,3,56007,M,4767271.0,-299242.0,56
201200001322,12,6,30,1315,1,2,3,1.0,3,56007,M,4767075.0,-298131.0,56
201200001323,12,7,19,2015,2,2,1,1.0,6,56023,M,4768289.0,-301804.0,56
201200001324,12,8,24,2030,2,2,1,1.0,6,56007,M,4767199.0,-299187.0,56
201200001325,12,9,7,2030,1,1,3,1.0,3,56023,M,0.0,0.0,56
201200001326,12,9,8,1445,1,1,1,1.0,3,56176,M,0.0,0.0,56
201200001327,12,12,20,730,3,1,1,2.0,1,56046,M,4763456.0,-301540.0,56
201200001328,12,12,21,1745,3,1,2,1.0,5,56007,M,4766011.0,-296506.0,56
201200001329,12,1,5,1145,1,1,1,1.0,1,56241,M,0.0,0.0,56
201200001330,12,8,7,1815,1,1,1,1.0,1,56152,M,4732512.0,-314423.0,56
201200001331,12,1,1,1415,1,2,1,2.0,3,56258,M,4759293.0,-302480.0,56
201200001332,12,1,9,1930,5,2,6,1.0,3,56034,M,4757666.0,-307809.0,56
201200001333,12,3,24,1645,1,2,1,1.0,1,56116,M,4757094.0,-294813.0,56
201200001334,12,4,26,2315,3,1,1,1.0,1,56168,M,0.0,0.0,56
201200001335,12,5,28,1500,1,2,1,1.0,3,56234,M,0.0,0.0,56
201200001336,12,6,28,1600,1,2,3,1.0,3,56034,M,0.0,0.0,56
201200001337,12,7,20,1200,1,1,1,1.0,3,56168,M,0.0,0.0,56
201200001338,12,9,10,1100,1,2,1,1.0,6,56168,M,4759864.0,-311241.0,56
201200001339,12,11,19,1530,1,2,1,1.0,6,56168,M,0.0,0.0,56
201200001340,12,2,25,1730,1,1,1,1.0,6,56069,M,4763595.0,-345722.0,56
201200001341,12,6,16,2130,1,2,1,1.0,1,56069,M,4764160.0,-345249.0,56
201200001342,12,3,8,1815,1,1,1,1.0,7,56166,M,0.0,0.0,56
201200001343,12,3,27,230,3,1,1,1.0,7,56188,M,0.0,0.0,56
201200001344,12,5,30,1400,1,1,1,1.0,7,56078,M,0.0,0.0,56
201200001345,12,6,16,2330,3,2,1,1.0,6,56179,M,4782742.0,-340104.0,56
201200001346,12,7,21,1200,1,1,1,1.0,2,56036,M,0.0,0.0,56
201200001347,12,8,24,1145,1,1,1,6.0,1,56089,M,4795033.0,-322597.0,56
201200001348,12,8,26,945,1,1,1,1.0,3,56078,M,4780523.0,-350360.0,56
201200001349,12,10,24,1830,1,1,1,1.0,3,56185,M,4778077.0,-344140.0,56
201200001350,12,4,17,1530,1,2,1,1.0,6,56055,M,4765740.0,-319970.0,56
201200001351,12,5,17,1500,1,2,1,1.0,2,56054,M,0.0,0.0,56
201200001352,12,6,7,1430,1,2,1,1.0,1,56054,M,4764162.0,-315257.0,56
201200001353,12,7,5,1245,1,1,1,1.0,3,56119,M,4768005.0,-311934.0,56
201200001354,12,7,16,1600,1,1,1,1.0,1,56013,M,0.0,0.0,56
201200001355,12,8,1,1215,1,2,1,1.0,2,56054,M,4764035.0,-315476.0,56
201200001356,12,8,6,2145,2,1,1,1.0,5,56118,M,0.0,0.0,56
201200001357,12,8,7,945,1,2,1,1.0,7,56062,M,4769738.0,-335194.0,56
201200001358,12,8,21,1345,1,1,1,7.0,1,56161,M,4766714.0,-305502.0,56
201200001359,12,8,21,1815,1,1,6,1.0,3,56130,M,0.0,0.0,56
201200001360,12,8,26,1430,1,2,1,1.0,3,56169,M,0.0,0.0,56
201200001361,12,1,17,1630,1,2,2,1.0,3,56122,M,0.0,0.0,56
201200001362,12,1,18,500,3,1,1,9.0,6,56035,M,4784368.0,-232354.0,56
201200001363,12,5,14,1130,1,1,1,1.0,1,56129,M,0.0,0.0,56
201200001364,12,5,21,445,3,1,9,8.0,1,56165,M,0.0,0.0,56
201200001365,12,5,26,930,1,1,1,1.0,3,56129,M,0.0,0.0,56
201200001366,12,7,1,1415,1,1,1,1.0,6,56032,M,0.0,0.0,56
201200001367,12,7,31,2115,1,1,1,7.0,1,56202,M,0.0,0.0,56
201200001368,12,12,3,1800,5,2,1,3.0,1,56165,M,4793233.0,-239121.0,56
201200001369,12,2,25,2345,4,1,1,1.0,7,56012,M,4796935.0,-218156.0,56
201200001370,12,2,26,115,3,1,1,1.0,6,56180,M,0.0,0.0,56
201200001371,12,3,7,2045,2,1,1,1.0,6,56244,M,4782857.0,-250610.0,56
201200001372,12,5,27,1730,1,1,1,1.0,7,56006,M,4793312.0,-222947.0,56
201200001373,12,6,29,1000,1,2,1,1.0,6,56124,M,4781017.0,-238376.0,56
201200001374,12,11,9,145,3,1,1,8.0,3,56219,M,0.0,0.0,56
201200001375,12,1,7,1215,1,1,1,1.0,7,56190,M,0.0,0.0,56
201200001376,12,1,20,1915,3,1,1,1.0,2,56070,M,0.0,0.0,56
201200001377,12,2,29,900,1,1,1,5.0,3,56160,M,0.0,0.0,56
201200001378,12,3,20,1515,1,1,1,1.0,1,56070,M,0.0,0.0,56
201200001379,12,5,9,1800,1,2,1,2.0,3,56204,M,0.0,0.0,56
201200001380,12,5,12,1645,1,1,1,1.0,3,56071,M,0.0,0.0,56
201200001381,12,6,16,1245,1,2,1,1.0,1,56091,M,4795844.0,-254617.0,56
201200001382,12,7,13,600,2,1,1,1.0,7,56017,M,0.0,0.0,56
201200001383,12,10,12,815,1,1,1,1.0,6,56024,M,4806091.0,-271235.0,56
201200001384,12,11,10,1915,3,1,1,1.0,1,56017,M,0.0,0.0,56
201200001385,12,11,21,2315,3,1,1,1.0,7,56017,M,4787421.0,-280472.0,56
201200001386,12,12,12,1630,2,1,1,2.0,1,56102,M,0.0,0.0,56
201200001387,12,1,26,1745,3,1,1,1.0,3,56151,M,0.0,0.0,56
201200001388,12,1,27,1830,3,1,1,1.0,6,56113,M,0.0,0.0,56
201200001389,12,2,2,815,2,1,1,1.0,3,56246,M,4804967.0,-296223.0,56
201200001390,12,2,27,745,1,2,1,1.0,6,56178,M,4806797.0,-296388.0,56
201200001391,12,2,29,1445,1,2,1,7.0,6,56178,M,4806205.0,-296718.0,56
201200001392,12,3,12,1415,1,1,1,2.0,1,56178,M,0.0,0.0,56
201200001393,12,3,15,730,2,1,1,5.0,2,56092,M,0.0,0.0,56
201200001394,12,3,19,845,1,2,9,7.0,6,56178,M,0.0,0.0,56
201200001395,12,3,30,1715,1,2,9,7.0,1,56237,M,4801991.0,-294423.0,56
201200001396,12,3,30,2100,5,2,1,1.0,6,56151,M,4808225.0,-305243.0,56
201200001397,12,4,2,1515,1,1,1,1.0,7,56163,M,4814909.0,-330350.0,56
201200001398,12,5,26,1100,1,1,1,1.0,6,56073,M,0.0,0.0,56
201200001399,12,5,29,1630,1,1,1,1.0,6,56151,M,0.0,0.0,56
201200001400,12,6,25,1615,1,1,1,2.0,2,56151,M,0.0,0.0,56
201200001401,12,7,2,2200,2,2,1,1.0,7,56178,M,4805778.0,-296919.0,56
201200001402,12,7,8,800,1,1,1,1.0,2,56041,M,0.0,0.0,56
201200001403,12,8,24,1815,1,1,1,1.0,3,56041,M,0.0,0.0,56
201200001404,12,9,4,1845,1,1,1,1.0,6,56146,M,4810062.0,-298048.0,56
201200001405,12,9,10,845,1,2,6,2.0,3,56178,M,4806905.0,-297144.0,56
201200001406,12,9,12,1445,1,2,1,1.0,2,56178,M,4807381.0,-296343.0,56
201200001407,12,10,17,1130,1,1,1,1.0,7,56213,M,0.0,0.0,56
201200001408,12,11,4,1430,1,2,1,1.0,3,56203,M,0.0,0.0,56
201200001409,12,11,7,1745,3,1,1,1.0,5,56041,M,0.0,0.0,56
201200001410,12,12,13,1515,1,1,1,5.0,3,56041,M,0.0,0.0,56
201200001411,12,1,7,1130,1,2,1,1.0,6,56117,M,4788692.0,-283557.0,56
201200001412,12,1,28,230,3,1,1,1.0,1,56141,M,0.0,0.0,56
201200001413,12,5,9,1100,1,2,6,2.0,3,56117,M,0.0,0.0,56
201200001414,12,5,26,1100,1,2,1,1.0,6,56010,M,4787616.0,-301927.0,56
201200001415,12,6,6,1230,1,1,1,1.0,6,56173,M,0.0,0.0,56
201200001416,12,7,5,945,1,2,7,8.0,6,56207,M,4792654.0,-304439.0,56
201200001417,12,9,2,815,1,1,1,1.0,6,56140,M,0.0,0.0,56
201200001418,12,9,23,945,1,1,1,2.0,1,56140,M,0.0,0.0,56
201200001419,12,4,8,1415,1,1,1,8.0,2,56131,M,0.0,0.0,56
201200001420,12,4,11,1400,1,2,1,8.0,3,56066,M,0.0,0.0,56
201200001421,12,5,29,1815,1,1,1,1.0,1,56199,M,4811070.0,-371430.0,56
201200001422,12,9,1,915,1,1,1,1.0,3,56131,M,0.0,0.0,56
201200001423,12,9,14,2215,3,1,1,1.0,1,56170,M,4815770.0,-337779.0,56
201200001424,12,11,21,1215,1,2,1,1.0,3,56057,M,0.0,0.0,56
201200001425,12,1,27,1615,1,2,3,1.0,6,14354,M,4931810.0,-37395.0,14
201200001426,12,5,20,245,5,2,1,2.0,1,14228,M,4929880.0,-37256.0,14
201200001427,12,6,26,100,3,1,1,3.0,6,14228,M,4931380.0,-40427.0,14
201200001428,12,8,12,1600,1,1,1,1.0,6,14228,M,4928460.0,-38040.0,14
201200001429,12,8,17,1015,1,2,6,1.0,3,14228,M,4929460.0,-37800.0,14
201200001430,12,12,17,1930,5,2,1,3.0,6,14562,M,0.0,0.0,14
201200001431,12,2,24,2100,3,2,1,1.0,6,14543,M,4920940.0,-46942.0,14
201200001432,12,3,10,1630,1,1,1,1.0,7,14254,M,4913400.0,-43573.0,14
201200001433,12,4,13,2245,5,2,1,1.0,1,14454,M,0.0,0.0,14
201200001434,12,4,20,1400,1,1,1,1.0,1,14254,M,4913840.0,-42924.0,14
201200001435,12,5,30,1845,1,2,1,1.0,6,14738,M,4915850.0,-43871.0,14
201200001436,12,11,7,745,2,1,1,1.0,1,14610,M,0.0,0.0,14
201200001437,12,12,14,2215,3,1,1,1.0,1,14254,M,0.0,0.0,14
201200001438,12,12,30,445,3,1,1,1.0,6,14257,M,0.0,0.0,14
201200001439,12,3,6,1930,3,1,1,8.0,2,14538,M,4910050.0,-31297.0,14
201200001440,12,5,9,1815,1,1,1,1.0,2,14719,M,4902700.0,-27168.0,14
201200001441,12,5,12,1730,1,2,1,1.0,2,14456,M,4911950.0,-16599.0,14
201200001442,12,6,8,1230,1,1,1,1.0,1,14659,M,4904620.0,-19989.0,14
201200001443,12,7,14,500,3,1,1,8.0,6,14678,M,4897890.0,-24429.0,14
201200001444,12,7,25,1840,1,1,1,1.0,3,14057,M,4911060.0,-26394.0,14
201200001445,12,10,27,1630,1,1,1,4.0,3,14310,M,4902100.0,-26100.0,14
201200001446,12,3,12,1730,1,2,1,1.0,6,14076,M,0.0,0.0,14
201200001447,12,3,13,1700,1,2,1,1.0,7,14068,M,4924600.0,-33039.0,14
201200001448,12,8,10,2245,3,2,1,1.0,6,14166,M,4927480.0,-29761.0,14
201200001449,12,9,28,830,1,2,1,1.0,6,14068,M,0.0,0.0,14
201200001450,12,12,30,1045,1,2,1,1.0,1,14325,M,0.0,0.0,14
201200001451,12,6,23,1915,1,1,1,1.0,5,14120,M,4907280.0,-77670.0,14
201200001452,12,11,10,1745,2,2,1,8.0,3,14143,M,0.0,0.0,14
201200001453,12,1,26,1815,5,2,1,1.0,3,14409,M,0.0,0.0,14
201200001454,12,3,4,1110,1,2,1,2.0,3,14712,M,4918290.0,-17780.0,14
201200001455,12,7,14,1915,1,1,2,1.0,3,14306,M,4926220.0,-19745.0,14
201200001456,12,2,3,930,1,1,1,1.0,3,14236,M,0.0,0.0,14
201200001457,12,2,5,245,3,1,1,4.0,6,14529,M,4926790.0,-73859.0,14
201200001458,12,2,7,2145,5,2,1,8.0,6,14047,M,4927050.0,-69381.0,14
201200001459,12,2,7,1645,1,2,9,1.0,6,14047,M,4927960.0,-70803.0,14
201200001460,12,7,26,1300,1,1,3,7.0,3,14465,M,4925230.0,-63574.0,14
201200001461,12,8,24,1330,1,1,3,1.0,5,14236,M,4923200.0,-66795.0,14
201200001462,12,10,30,1845,3,1,1,8.0,3,14184,M,4927900.0,-78100.0,14
201200001463,12,11,11,1500,3,1,1,1.0,1,14047,M,0.0,0.0,14
201200001464,12,11,14,730,2,1,2,1.0,3,14236,M,4925000.0,-67800.0,14
201200001465,12,12,3,1600,1,2,2,1.0,3,14047,M,0.0,0.0,14
201200001466,12,12,14,1330,1,1,1,3.0,3,14436,M,0.0,0.0,14
201200001467,12,1,14,445,3,1,1,1.0,6,14342,M,4930860.0,-112589.0,14
201200001468,12,4,18,215,3,1,1,1.0,1,14445,M,4917870.0,-89504.0,14
201200001469,12,5,24,2250,3,1,1,8.0,6,14643,M,4917280.0,-76031.0,14
201200001470,12,6,14,930,1,1,1,1.0,3,14453,M,0.0,0.0,14
201200001471,12,8,8,2000,1,1,1,1.0,3,14132,M,4932620.0,-97041.0,14
201200001472,12,8,16,1145,1,2,1,1.0,2,14468,M,4922640.0,-77590.0,14
201200001473,12,9,6,2230,5,2,1,1.0,6,14342,M,4932300.0,-110000.0,14
201200001474,12,9,20,2030,3,1,1,1.0,6,14462,M,0.0,0.0,14
201200001475,12,9,23,1745,1,1,1,8.0,5,14445,M,0.0,0.0,14
201200001476,12,10,7,1730,1,1,1,1.0,7,14586,M,0.0,0.0,14
201200001477,12,12,1,30,3,1,1,1.0,6,14727,M,0.0,0.0,14
201200001478,12,1,7,1845,3,1,1,1.0,2,14258,M,4891450.0,-19521.0,14
201200001479,12,2,23,2240,3,2,1,1.0,7,14258,M,4890110.0,-19468.0,14
201200001480,12,3,26,815,1,1,2,1.0,3,14646,M,4892990.0,-20472.0,14
201200001481,12,6,1,1645,1,2,2,1.0,3,14206,M,4887560.0,-6519.0,14
201200001482,12,6,15,1415,1,1,2,3.0,3,14627,M,4887870.0,-23041.0,14
201200001483,12,6,15,1215,1,2,6,2.0,3,14258,M,0.0,0.0,14
201200001484,12,9,9,2015,2,1,1,1.0,4,14064,M,0.0,0.0,14
201200001485,12,12,31,915,1,1,1,1.0,6,14467,M,0.0,0.0,14
201200001486,12,4,14,1745,1,2,1,1.0,6,14207,M,4899920.0,-44275.0,14
201200001487,12,5,5,400,3,1,1,5.0,6,14628,M,4897540.0,-56093.0,14
201200001488,12,6,4,830,1,1,1,8.0,1,14628,M,4896750.0,-48558.0,14
201200001489,12,7,10,930,1,1,2,8.0,1,14405,M,4888400.0,-28547.0,14
201200001490,12,7,29,1915,1,1,2,1.0,3,14710,M,4889700.0,-34060.0,14
201200001491,12,8,5,2330,3,1,1,1.0,6,14603,M,4903410.0,-41776.0,14
201200001492,12,8,12,1830,1,1,1,1.0,6,14251,M,4897120.0,-44184.0,14
201200001493,12,9,8,200,3,1,1,1.0,7,14360,M,0.0,0.0,14
201200001494,12,9,11,1200,1,1,1,1.0,3,14764,M,0.0,0.0,14
201200001495,12,9,23,2215,3,1,1,2.0,6,14211,M,0.0,0.0,14
201200001496,12,12,18,1800,3,1,1,2.0,1,14207,M,0.0,0.0,14
201200001497,12,1,8,1600,1,1,1,2.0,1,14648,M,4912400.0,15183.0,14
201200001498,12,1,18,700,3,1,1,9.0,5,14616,M,4901330.0,8126.0,14
201200001499,12,2,1,1930,3,1,1,1.0,3,14337,M,4912630.0,9244.0,14
201200001500,12,1,31,1645,1,2,1,1.0,2,14431,M,4907560.0,-6627.0,14
201200001501,12,5,29,2010,1,1,9,1.0,6,14648,M,4912000.0,16910.0,14
201200001502,12,3,18,400,3,1,1,1.0,1,14654,M,4903300.0,-6357.0,14
201200001503,12,3,24,1415,1,1,9,1.0,3,14082,M,4913720.0,12214.0,14
201200001504,12,4,10,945,1,1,1,2.0,6,14520,M,0.0,0.0,14
201200001505,12,4,15,1430,1,1,1,1.0,7,14410,M,0.0,0.0,14
201200001506,12,5,26,1130,1,1,1,1.0,7,14688,M,4903770.0,-3779.0,14
201200001507,12,5,29,1325,1,1,1,1.0,5,14410,M,4912130.0,-9327.0,14
201200001508,12,5,29,1800,1,1,1,1.0,7,14189,M,4906900.0,10000.0,14
201200001509,12,6,8,100,5,2,1,1.0,7,14431,M,4908100.0,-6200.0,14
201200001510,12,6,26,715,1,2,1,1.0,6,14735,M,0.0,0.0,14
201200001511,12,7,4,2130,2,2,1,1.0,6,14345,M,4897700.0,-8249.0,14
201200001512,12,9,13,1045,1,1,2,1.0,3,14608,M,0.0,0.0,14
201200001513,12,10,7,2000,3,1,1,1.0,4,14527,M,0.0,0.0,14
201200001514,12,10,20,745,2,1,1,2.0,7,14520,M,0.0,0.0,14
201200001515,12,11,11,1000,1,1,1,1.0,6,14422,M,0.0,0.0,14
201200001516,12,12,22,2045,3,1,1,2.0,6,14697,M,0.0,0.0,14
201200001517,12,6,11,815,1,1,1,2.0,1,14210,M,0.0,0.0,14
201200001518,12,6,14,1130,1,2,2,1.0,3,14371,M,4900490.0,14782.0,14
201200001519,12,6,18,1045,1,2,2,1.0,6,14478,M,4902140.0,40717.0,14
201200001520,12,6,28,1830,1,1,1,8.0,6,14595,M,4908870.0,22875.0,14
201200001521,12,8,29,1345,1,2,2,1.0,3,14478,M,4901700.0,41190.0,14
201200001522,12,10,5,800,1,1,1,1.0,6,14292,M,4900100.0,38200.0,14
201200001523,12,3,30,1810,1,1,1,1.0,3,14161,M,4923670.0,13366.0,14
201200001524,12,6,12,1345,1,2,2,2.0,6,14514,M,4928540.0,18386.0,14
201200001525,12,7,16,1415,1,1,1,1.0,1,14563,M,4933250.0,26608.0,14
201200001526,12,7,21,945,1,1,2,1.0,3,14578,M,4935530.0,17072.0,14
201200001527,12,7,28,1200,1,1,1,1.0,1,14086,M,4933190.0,11487.0,14
201200001528,12,8,21,1145,1,1,3,1.0,3,14302,M,4925810.0,8620.0,14
201200001529,12,9,21,645,3,1,1,1.0,6,14466,M,0.0,0.0,14
201200001530,12,5,8,1820,1,1,1,8.0,1,14227,M,4926260.0,-4228.0,14
201200001531,12,6,27,2015,1,1,1,1.0,6,14305,M,0.0,0.0,14
201200001532,12,9,22,1545,1,1,1,1.0,1,14494,M,0.0,0.0,14
201200001533,12,10,20,2245,3,1,1,2.0,6,14723,M,4924100.0,9200.0,14
201200001534,12,2,7,750,2,2,3,8.0,6,14762,M,4883820.0,-89244.0,14
201200001535,12,3,8,1715,1,2,1,1.0,7,14762,M,4884890.0,-87080.0,14
201200001536,12,3,25,1245,1,1,1,1.0,7,14730,M,4884600.0,-85964.0,14
201200001537,12,10,8,2100,3,1,1,1.0,1,14762,M,0.0,0.0,14
201200001538,12,11,15,1800,3,2,1,1.0,6,14762,M,0.0,0.0,14
201200001539,12,12,7,1900,5,2,1,2.0,6,14762,M,0.0,0.0,14
201200001540,12,12,11,2000,5,2,1,1.0,6,14762,M,0.0,0.0,14
201200001541,12,12,16,1500,1,1,1,6.0,1,14762,M,0.0,0.0,14
201200001542,12,1,4,745,3,1,1,1.0,1,14704,M,4898820.0,-84242.0,14
201200001543,12,6,12,1330,1,2,1,3.0,6,14061,M,4893000.0,-84067.0,14
201200001544,12,6,13,1700,1,2,1,1.0,1,14056,M,4902350.0,-63230.0,14
201200001545,12,6,30,1000,1,2,2,1.0,3,14052,M,4891390.0,-82480.0,14
201200001546,12,2,28,1230,1,1,1,1.0,1,14253,M,4888830.0,-72619.0,14
201200001547,12,9,7,1930,1,1,1,1.0,6,14523,M,0.0,0.0,14
201200001548,12,4,10,1530,1,2,9,2.0,3,50099,M,4931390.0,-125960.0,50
201200001549,12,5,15,1145,1,1,2,1.0,5,50534,M,4929950.0,-119057.0,50
201200001550,12,4,1,1030,1,1,3,1.0,3,50292,M,4908750.0,-125817.0,50
201200001551,12,4,20,1900,3,1,1,1.0,7,50409,M,4915630.0,-115547.0,50
201200001552,12,4,28,1145,1,1,1,1.0,1,50239,M,4913960.0,-118095.0,50
201200001553,12,5,28,1445,1,1,2,1.0,1,50216,M,4923660.0,-118531.0,50
201200001554,12,9,9,1930,1,1,3,1.0,3,50325,M,4916480.0,-127523.0,50
201200001555,12,10,27,1945,3,1,1,1.0,5,50239,M,4910320.0,-119017.0,50
201200001556,12,11,29,1800,3,1,1,1.0,6,50538,M,4913040.0,-99360.0,50
201200001557,12,4,30,1930,1,1,3,1.0,3,50225,M,4897030.0,-123201.0,50
201200001558,12,5,19,1645,1,1,1,1.0,1,50465,M,4905340.0,-114978.0,50
201200001559,12,6,25,1030,1,1,1,1.0,3,50214,M,4891850.0,-108799.0,50
201200001560,12,6,30,2245,3,1,1,1.0,6,50363,M,4899740.0,-115336.0,50
201200001561,12,9,25,1645,1,2,1,1.0,6,50592,M,4897140.0,-106601.0,50
201200001562,12,12,21,1430,1,1,3,1.0,2,50164,M,0.0,0.0,50
201200001563,12,12,21,1745,3,1,3,1.0,3,50465,M,0.0,0.0,50
201200001564,12,1,4,2112,5,1,1,6.0,2,94054,M,4872930.0,236845.0,94
201200001565,12,2,5,1326,1,1,1,1.0,6,94054,M,4872850.0,236657.0,94
201200001566,12,2,10,520,5,1,1,9.0,7,94054,M,4872880.0,236527.0,94
201200001567,12,2,21,1230,1,1,4,1.0,2,94054,M,4873010.0,237072.0,94
201200001568,12,2,23,1515,1,1,1,8.0,5,94054,M,4872990.0,236614.0,94
201200001569,12,6,5,1125,1,1,1,1.0,7,94054,M,4871910.0,239344.0,94
201200001570,12,6,14,1720,1,2,4,8.0,1,94054,M,4873020.0,236513.0,94
201200001571,12,6,23,1415,1,1,1,1.0,5,94054,M,4873920.0,236356.0,94
201200001572,12,7,10,1350,1,1,1,1.0,3,94054,M,4872830.0,236691.0,94
201200001573,12,7,6,1610,1,2,6,3.0,6,94054,M,4873230.0,236371.0,94
201200001574,12,7,14,2015,1,1,1,1.0,2,94054,M,4873480.0,236609.0,94
201200001575,12,9,1,620,2,1,1,1.0,2,94054,M,4873320.0,236609.0,94
201200001576,12,10,10,1800,5,1,1,1.0,1,94054,M,4874230.0,236201.0,94
201200001577,12,10,31,1625,1,1,1,1.0,3,94054,M,4872930.0,236867.0,94
201200001578,12,12,3,1930,5,1,1,2.0,4,94054,M,4873840.0,236389.0,94
201200001579,12,12,16,1920,5,1,1,1.0,1,94054,M,4874240.0,235942.0,94
201200001580,12,8,1,1430,1,1,1,1.0,3,50398,M,4906300.0,-89369.0,50
201200001581,12,8,5,1245,1,2,2,1.0,3,50444,M,4904260.0,-95857.0,50
201200001582,12,1,24,1745,2,2,1,2.0,6,50025,M,4869020.0,-135569.0,50
201200001583,12,7,21,1,3,1,3,1.0,3,50616,M,4866850.0,-136498.0,50
201200001584,12,12,13,1145,1,2,3,8.0,5,50554,M,4868330.0,-133105.0,50
201200001585,12,12,21,1030,1,2,2,1.0,6,50565,M,0.0,0.0,50
201200001586,12,6,16,1545,1,1,3,1.0,7,50102,M,0.0,0.0,50
201200001587,12,7,21,1115,1,2,3,1.0,3,50066,M,4878410.0,-156759.0,50
201200001588,12,8,18,1945,1,1,1,7.0,1,50565,M,4876720.0,-147711.0,50
201200001589,12,9,7,200,3,1,1,1.0,6,50541,M,4883720.0,-152578.0,50
201200001590,12,9,9,945,1,2,2,7.0,3,50493,M,4883670.0,-147768.0,50
201200001591,12,9,15,1030,1,2,1,1.0,6,50102,M,4874670.0,-155942.0,50
201200001592,12,10,23,1215,1,1,1,1.0,6,50066,M,4876320.0,-149697.0,50
201200001593,12,12,4,1900,3,1,3,3.0,2,50247,M,4880830.0,-140200.0,50
201200001594,12,1,7,900,1,1,1,2.0,7,50407,M,4861770.0,-130715.0,50
201200001595,12,6,1,1915,1,1,3,1.0,1,50410,M,0.0,0.0,50
201200001596,12,8,22,1215,1,1,1,1.0,3,50146,M,4862830.0,-141643.0,50
201200001597,12,10,6,1000,1,1,2,2.0,3,50487,M,4853030.0,-136158.0,50
201200001598,12,10,28,1845,3,1,1,1.0,6,50410,M,4861380.0,-150151.0,50
201200001599,12,1,15,1015,1,2,1,7.0,6,50639,M,4883830.0,-122388.0,50
201200001600,12,4,8,700,1,1,1,1.0,1,50639,M,4882670.0,-123508.0,50
201200001601,12,5,21,2100,1,2,1,1.0,6,50639,M,4883040.0,-123385.0,50
201200001602,12,7,20,1630,1,2,1,1.0,3,50639,M,4884510.0,-121597.0,50
201200001603,12,1,3,1400,1,1,1,1.0,6,50620,M,4961210.0,-177742.0,50
201200001604,12,1,8,1800,3,1,1,2.0,3,50149,M,4955880.0,-168775.0,50
201200001605,12,3,16,1815,1,1,1,1.0,1,50611,M,4966930.0,-172106.0,50
201200001606,12,4,14,1200,1,1,1,1.0,6,50611,M,4967650.0,-175325.0,50
201200001607,12,6,4,1445,1,1,1,1.0,1,50643,M,4957270.0,-171919.0,50
201200001608,12,9,29,1815,1,2,1,7.0,3,50594,M,0.0,0.0,50
201200001609,12,11,5,1615,1,1,3,1.0,2,50257,M,0.0,0.0,50
201200001610,12,11,30,1030,1,2,1,1.0,1,50575,M,4958940.0,-168201.0,50
201200001611,12,12,12,100,3,1,1,1.0,6,50242,M,0.0,0.0,50
201200001612,12,1,27,715,2,1,1,4.0,6,50646,M,0.0,0.0,50
201200001613,12,4,10,1715,1,1,1,1.0,2,50402,M,4951770.0,-179053.0,50
201200001614,12,4,13,1330,1,1,1,4.0,1,50402,M,4951390.0,-179122.0,50
201200001615,12,6,6,1645,1,1,1,1.0,1,50579,M,4951160.0,-164682.0,50
201200001616,12,7,23,945,1,1,1,1.0,6,50412,M,4933460.0,-168127.0,50
201200001617,12,9,11,1630,1,2,1,1.0,6,50412,M,4933490.0,-169874.0,50
201200001618,12,9,22,2115,5,2,1,1.0,3,50402,M,4951510.0,-180572.0,50
201200001619,12,10,3,845,1,1,1,2.0,1,50579,M,4952350.0,-163104.0,50
201200001620,12,11,27,1945,3,1,1,2.0,3,50604,M,0.0,0.0,50