Num_Acc,an,mois,jour,hrmn,lum,agg,int,atm,col,com,gps,lat,long,dep
201200001621,12,12,28,1915,5,2,2,2.0,1,50412,M,0.0,0.0,50
201200001622,12,1,9,815,2,1,1,8.0,4,50186,M,4947290.0,-144970.0,50
201200001623,12,1,10,1900,3,1,1,1.0,6,50457,M,4941530.0,-150184.0,50
201200001624,12,8,18,1830,1,1,1,1.0,6,50509,M,0.0,0.0,50
201200001625,12,10,16,1530,1,1,1,1.0,1,50064,M,0.0,0.0,50
201200001626,12,10,24,1800,3,1,1,2.0,6,50103,M,0.0,0.0,50
201200001627,12,11,3,1000,1,2,1,1.0,6,50523,M,0.0,0.0,50
201200001628,12,12,2,130,3,1,1,1.0,6,50400,M,4937150.0,-135956.0,50
201200001629,12,5,3,1630,1,1,1,1.0,7,50087,M,4955930.0,-163667.0,50
201200001630,12,6,1,2230,3,2,6,1.0,7,50417,M,4959130.0,-129549.0,50
201200001631,12,7,13,2145,2,1,2,2.0,3,50087,M,4954510.0,-158837.0,50
201200001632,12,7,22,1800,1,2,1,1.0,6,50178,M,4968440.0,-145166.0,50
201200001633,12,7,31,715,1,1,1,1.0,1,50498,M,4954910.0,-151883.0,50
201200001634,12,8,9,615,2,2,1,5.0,6,50615,M,4950990.0,-146413.0,50
201200001635,12,8,23,1215,1,1,1,1.0,7,50087,M,4958400.0,-154100.0,50
201200001636,12,9,21,1615,1,2,7,1.0,6,50030,M,4967080.0,-126339.0,50
201200001637,12,10,1,1600,1,1,3,2.0,3,50615,M,4950410.0,-146337.0,50
201200001638,12,10,10,1515,1,1,1,1.0,1,50648,M,4950110.0,-151645.0,50
201200001639,12,10,21,1645,1,1,4,2.0,1,50595,M,4958990.0,-147074.0,50
201200001640,12,11,3,1015,1,1,1,1.0,5,50618,M,4966950.0,-135823.0,50
201200001641,12,11,11,1200,1,1,2,1.0,3,50335,M,4955540.0,-140495.0,50
201200001642,12,12,20,500,3,1,3,3.0,6,50598,M,4967500.0,-133300.0,50
201200001643,12,12,26,700,4,2,1,2.0,3,50615,M,0.0,0.0,50
201200001644,12,1,10,615,3,1,1,1.0,3,50345,M,4908730.0,-141912.0,50
201200001645,12,2,19,1430,1,2,3,1.0,2,50215,M,4909720.0,-158840.0,50
201200001646,12,3,25,515,3,2,1,1.0,7,50058,M,4906710.0,-159254.0,50
201200001647,12,6,9,1400,1,1,2,1.0,3,50388,M,4902480.0,-143870.0,50
201200001648,12,8,12,1100,1,1,1,1.0,3,50058,M,4907190.0,-159717.0,50
201200001649,12,12,4,1345,1,1,1,4.0,3,50279,M,4908480.0,-127995.0,50
201200001650,12,12,10,745,1,1,1,1.0,5,50279,M,0.0,0.0,50
201200001651,12,1,8,1730,1,1,2,1.0,1,50081,M,4886170.0,-154852.0,50
201200001652,12,2,13,715,2,1,2,8.0,1,50605,M,4896470.0,-140166.0,50
201200001653,12,2,18,130,5,2,6,2.0,6,50081,M,4886680.0,-154071.0,50
201200001654,12,3,19,830,1,1,1,9.0,1,50109,M,4888680.0,-143748.0,50
201200001655,12,4,4,1830,1,1,1,1.0,6,50266,M,4894290.0,-138660.0,50
201200001656,12,4,13,1830,1,1,1,1.0,1,50255,M,0.0,0.0,50
201200001657,12,5,16,1845,1,1,9,1.0,1,50266,M,4894410.0,-138774.0,50
201200001658,12,5,20,530,3,1,2,1.0,3,50081,M,4885860.0,-155518.0,50
201200001659,12,7,29,1830,1,1,1,1.0,6,50583,M,4890920.0,-126779.0,50
201200001660,12,8,13,1745,1,1,1,2.0,1,50463,M,0.0,0.0,50
201200001661,12,9,9,1915,1,1,1,1.0,7,50143,M,4887060.0,-151791.0,50
201200001662,12,10,2,715,3,1,1,2.0,1,50143,M,4887430.0,-153535.0,50
201200001663,12,10,13,1830,2,1,1,2.0,6,50228,M,4896710.0,-126018.0,50
201200001664,12,1,21,1950,3,1,1,1.0,6,50273,M,4929340.0,-151474.0,50
201200001665,12,3,28,1915,1,2,3,1.0,3,50236,M,4929060.0,-153730.0,50
201200001666,12,4,1,445,5,2,1,1.0,6,50394,M,4918570.0,-140534.0,50
201200001667,12,5,26,1200,1,1,1,1.0,1,50273,M,4930210.0,-147018.0,50
201200001668,12,5,28,1815,1,1,1,1.0,4,50364,M,4913260.0,-147928.0,50
201200001669,12,7,14,1700,1,1,1,1.0,5,50236,M,4927000.0,-153970.0,50
201200001670,12,8,20,1530,1,1,2,1.0,3,50364,M,0.0,0.0,50
201200001671,12,9,9,1045,1,1,2,1.0,3,50328,M,4920300.0,-145500.0,50
201200001672,12,9,18,1345,1,1,3,1.0,3,50012,M,4924130.0,-153588.0,50
201200001673,12,10,8,1715,1,1,3,1.0,3,50151,M,4921090.0,-155864.0,50
201200001674,12,10,21,2015,3,1,2,1.0,3,50198,M,4913100.0,-157389.0,50
201200001675,12,11,1,1430,1,1,1,4.0,1,50151,M,4922080.0,-156692.0,50
201200001676,12,11,3,1730,2,2,1,1.0,6,50236,M,0.0,0.0,50
201200001677,12,12,10,1645,5,2,1,1.0,6,50236,M,4929400.0,-154400.0,50
201200001678,12,12,12,830,1,1,1,1.0,6,50328,M,0.0,0.0,50
201200001679,12,7,31,2030,1,2,2,1.0,3,50151,M,4920130.0,-156598.0,50
201200001680,12,2,7,1845,3,1,1,1.0,6,50056,M,4863340.0,-92112.0,50
201200001681,12,2,21,1745,1,1,1,7.0,6,50125,M,4863970.0,-107201.0,50
201200001682,12,4,4,900,1,1,1,1.0,1,50056,M,4861320.0,-93915.0,50
201200001683,12,6,6,1930,1,1,3,1.0,3,50381,M,4861270.0,-97633.0,50
201200001684,12,8,11,1630,1,1,2,1.0,3,50318,M,4868300.0,-104200.0,50
201200001685,12,12,4,2030,3,1,1,3.0,6,50200,M,4867240.0,-84029.0,50
201200001686,12,12,29,1315,1,1,1,2.0,1,50456,M,4868500.0,-91500.0,50
201200001687,12,1,28,1045,1,2,1,5.0,6,50484,M,0.0,0.0,50
201200001688,12,3,2,1815,1,2,1,1.0,4,50484,M,4857600.0,-108426.0,50
201200001689,12,7,27,1715,1,1,1,1.0,1,50256,M,4861100.0,-122632.0,50
201200001690,12,9,19,1415,1,1,1,1.0,1,50515,M,0.0,0.0,50
201200001691,12,1,5,738,5,2,6,3.0,7,01451,M,4621470.0,520430.0,01
201200001692,12,1,5,1740,5,2,1,3.0,6,01053,M,,,01
201200001693,12,1,7,1320,1,1,2,1.0,3,01289,M,4617680.0,523436.0,01
201200001694,12,1,12,1840,4,2,3,1.0,3,01053,M,4619650.0,526560.0,01
201200001695,12,1,14,530,5,2,1,1.0,7,01053,M,0.0,0.0,01
201200001696,12,1,27,1725,5,2,1,1.0,4,01451,M,4621940.0,521133.0,01
201200001697,12,1,27,1945,5,2,6,1.0,2,01451,M,0.0,0.0,01
201200001698,12,2,10,1540,1,2,2,1.0,6,01053,M,,,01
201200001699,12,2,10,1725,2,1,2,1.0,3,01289,M,,,01
201200001700,12,2,18,2225,3,2,2,1.0,3,01053,M,,,01
201200001701,12,2,23,920,1,1,2,1.0,3,01451,M,4624890.0,518602.0,01
201200001702,12,2,24,1645,1,2,3,2.0,6,01053,M,,,01
201200001703,12,2,24,2210,5,2,6,2.0,1,01053,M,4620280.0,524533.0,01
201200001704,12,3,2,403,4,1,1,1.0,1,01053,M,,,01
201200001705,12,3,5,755,1,2,3,1.0,7,01053,M,0.0,0.0,01
201200001706,12,3,6,735,1,2,6,8.0,2,01053,M,4620610.0,523468.0,01
201200001707,12,3,9,1105,1,2,2,1.0,3,01053,M,0.0,0.0,01
201200001708,12,3,14,755,1,1,1,1.0,4,01344,M,4619870.0,517876.0,01
201200001709,12,3,15,900,1,2,1,1.0,2,01053,M,0.0,0.0,01
201200001710,12,3,16,755,1,2,1,1.0,3,01053,M,0.0,0.0,01
201200001711,12,3,16,1205,1,1,1,1.0,7,01289,M,0.0,0.0,01
201200001712,12,3,16,1905,3,1,3,1.0,5,01344,M,4619820.0,517443.0,01
201200001713,12,3,17,1430,1,2,3,1.0,1,01451,M,4624850.0,522096.0,01
201200001714,12,3,18,1450,1,2,1,2.0,7,01053,M,4620970.0,523141.0,01
201200001715,12,3,20,745,1,2,1,1.0,7,01053,M,0.0,0.0,01
201200001716,12,3,20,2155,5,2,2,1.0,3,01053,M,0.0,0.0,01
201200001717,12,3,23,1425,1,2,1,1.0,2,01053,M,0.0,0.0,01
201200001718,12,3,28,1530,1,1,1,1.0,5,01053,M,0.0,0.0,01
201200001719,12,3,29,1345,1,2,1,1.0,4,01053,M,0.0,0.0,01
201200001720,12,3,30,755,1,1,2,1.0,3,01289,M,4617680.0,523436.0,01
201200001721,12,3,31,1825,1,2,1,1.0,6,01053,M,0.0,0.0,01
201200001722,12,4,1,1615,1,2,2,1.0,3,01053,M,0.0,0.0,01
201200001723,12,4,2,1355,1,2,1,1.0,4,01344,M,4620600.0,519773.0,01
201200001724,12,4,14,1435,1,1,1,2.0,6,01053,M,4617730.0,523445.0,01
201200001725,12,4,14,1600,1,2,1,2.0,6,01053,M,4619350.0,521366.0,01
201200001726,12,4,20,1025,1,2,1,8.0,6,01053,M,0.0,0.0,01
201200001727,12,4,19,1220,1,2,3,2.0,7,01053,M,,,01
201200001728,12,5,7,1255,1,2,1,1.0,1,01053,M,0.0,0.0,01
201200001729,12,5,12,1935,1,2,1,1.0,3,01053,M,,,01
201200001730,12,5,15,1555,1,2,1,1.0,6,01053,M,0.0,0.0,01
201200001731,12,5,18,1740,1,2,1,1.0,3,01053,M,4620960.0,523269.0,01
201200001732,12,5,22,1000,1,1,1,2.0,3,01451,M,4626790.0,523446.0,01
201200001733,12,5,23,930,1,2,1,1.0,4,01053,M,,,01
201200001734,12,5,22,1307,1,1,1,2.0,1,01451,M,4622140.0,520966.0,01
201200001735,12,5,25,1505,1,2,2,1.0,3,01053,M,,,01
201200001736,12,5,31,1315,1,2,3,1.0,3,01053,M,0.0,0.0,01
201200001737,12,5,31,1715,1,1,1,1.0,1,01451,M,4626430.0,523365.0,01
201200001738,12,6,2,1100,1,2,1,1.0,3,01053,M,0.0,0.0,01
201200001739,12,6,8,1930,1,2,3,1.0,2,01053,M,0.0,0.0,01
201200001740,12,6,10,1045,1,1,2,8.0,3,01289,M,4616490.0,522083.0,01
201200001741,12,6,11,1710,1,2,1,2.0,4,01053,M,0.0,0.0,01
201200001742,12,6,13,740,1,1,2,2.0,3,01289,M,4616490.0,522083.0,01
201200001743,12,6,20,1745,1,1,9,1.0,3,01344,M,4619890.0,518077.0,01
201200001744,12,6,20,715,1,1,3,3.0,7,01451,M,4625970.0,517692.0,01
201200001745,12,6,29,2150,2,2,1,1.0,3,01053,M,,,01
201200001746,12,7,3,1235,1,2,1,1.0,6,01053,M,0.0,0.0,01
201200001747,12,7,10,1540,1,2,1,1.0,6,01053,M,,,01
201200001748,12,7,11,1620,1,2,1,1.0,3,01053,M,0.0,0.0,01
201200001749,12,7,18,1045,1,2,1,1.0,6,01053,M,4621290.0,524133.0,01
201200001750,12,7,18,900,1,2,1,1.0,4,01344,M,4620030.0,519453.0,01
201200001751,12,7,24,1310,1,2,2,1.0,3,01289,M,4619180.0,521240.0,01
201200001752,12,7,25,1020,1,2,1,1.0,2,01053,M,4621090.0,523945.0,01
201200001753,12,7,27,1545,1,2,5,1.0,2,01053,M,4620810.0,523660.0,01
201200001754,12,8,4,2024,2,1,1,2.0,1,01451,M,,,01
201200001755,12,8,15,845,1,2,3,1.0,5,01053,M,,,01
201200001756,12,8,26,2015,2,2,6,1.0,1,01053,M,,,01
201200001757,12,8,26,140,5,2,1,1.0,6,01053,M,,,01
201200001758,12,9,5,1510,1,2,1,1.0,6,01053,M,,,01
201200001759,12,9,6,2000,5,2,2,1.0,1,01053,M,,,01
201200001760,12,9,11,1815,1,1,1,2.0,3,01451,M,,,01
201200001761,12,9,12,1045,1,1,1,1.0,1,01289,M,,,01
201200001762,12,9,14,1550,1,2,1,1.0,7,01289,M,,,01
201200001763,12,9,15,1350,1,1,1,1.0,1,01451,M,,,01
201200001764,12,9,19,1623,1,2,3,1.0,3,01053,M,,,01
201200001765,12,9,22,1635,1,2,9,1.0,1,01053,M,,,01
201200001766,12,9,23,115,5,2,3,5.0,3,01053,M,,,01
201200001767,12,9,25,1400,1,2,1,1.0,3,01053,M,,,01
201200001768,12,9,26,1705,1,2,1,2.0,6,01053,M,,,01
201200001769,12,9,26,1945,5,2,1,3.0,6,01289,M,,,01
201200001770,12,9,28,2155,4,2,2,1.0,3,01053,M,,,01
201200001771,12,10,1,1040,1,2,1,1.0,6,01053,M,,,01
201200001772,12,10,1,1330,1,2,1,1.0,3,01053,M,,,01
201200001773,12,10,3,750,1,2,3,2.0,6,01053,M,,,01
201200001774,12,10,4,920,1,2,1,1.0,6,01053,M,,,01
201200001775,12,10,4,1050,1,2,4,1.0,3,01053,M,,,01
201200001776,12,10,5,1725,1,1,2,1.0,3,01451,M,,,01
201200001777,12,10,6,915,1,2,3,1.0,3,01344,M,,,01
201200001778,12,10,6,1430,1,2,1,7.0,3,01289,M,,,01
201200001779,12,10,5,1735,1,2,1,1.0,6,01289,M,,,01
201200001780,12,10,14,1940,3,2,3,8.0,2,01053,M,,,01
201200001781,12,10,16,830,2,1,1,1.0,2,01053,M,,,01
201200001782,12,10,19,2210,3,1,3,1.0,2,01451,M,,,01
201200001783,12,10,20,1125,1,2,6,1.0,3,01451,M,,,01
201200001784,12,10,20,2130,5,2,2,1.0,3,01053,M,,,01
201200001785,12,10,23,1720,1,1,6,1.0,6,01451,M,,,01
201200001786,12,10,27,1645,1,2,1,2.0,6,01053,M,,,01
201200001787,12,10,29,1317,1,1,6,1.0,2,01451,M,,,01
201200001788,12,11,7,935,1,2,3,1.0,3,01053,M,,,01
201200001789,12,11,10,1340,1,2,6,2.0,5,01053,M,,,01
201200001790,12,11,10,1730,5,2,1,2.0,5,01053,M,,,01
201200001791,12,11,13,1505,1,2,2,1.0,1,01053,M,,,01
201200001792,12,11,16,1350,1,2,1,1.0,2,01053,M,,,01
201200001793,12,11,22,1230,1,2,2,1.0,3,01451,M,,,01
201200001794,12,11,25,1855,5,2,1,1.0,1,01053,M,,,01
201200001795,12,11,25,1915,5,2,1,1.0,2,01053,M,,,01
201200001796,12,11,25,1955,5,2,1,2.0,3,01451,M,,,01
201200001797,12,11,26,1205,1,1,4,3.0,3,01451,M,,,01
201200001798,12,11,26,1755,5,2,1,3.0,2,01053,M,,,01
201200001799,12,11,28,1745,3,1,1,3.0,5,01451,M,,,01
201200001800,12,12,4,1430,1,1,3,1.0,6,01451,M,,,01
201200001801,12,12,4,1610,2,2,1,9.0,6,01053,M,,,01
201200001802,12,12,11,930,1,2,2,1.0,3,01053,M,,,01
201200001803,12,12,11,1705,5,2,1,1.0,3,01053,M,,,01
201200001804,12,12,13,830,1,2,2,1.0,1,01053,M,,,01
201200001805,12,12,17,810,1,2,1,2.0,4,01053,M,,,01
201200001806,12,12,17,945,1,1,6,2.0,3,01451,M,,,01
201200001807,12,12,18,1200,1,2,9,2.0,6,01053,M,,,01
201200001808,12,12,19,1600,1,2,3,1.0,5,01053,M,,,01
201200001809,12,12,31,1010,1,2,1,1.0,2,01053,M,,,01
201200001810,12,12,31,1430,1,1,2,1.0,5,01289,M,,,01
201200001811,12,3,27,1745,1,1,3,1.0,3,61419,M,0.0,0.0,61
201200001812,12,4,8,1945,1,1,1,1.0,1,61175,M,0.0,0.0,61
201200001813,12,5,2,1515,1,2,1,1.0,1,61203,M,0.0,0.0,61
201200001814,12,6,4,2245,3,1,1,1.0,7,61427,M,4858800.0,-19700.0,61
201200001815,12,7,14,145,3,1,1,2.0,4,61382,M,0.0,0.0,61
201200001816,12,6,10,1400,1,1,1,2.0,1,61026,M,4847200.0,35200.0,61
201200001817,12,7,8,1100,1,2,2,1.0,3,61256,M,4868300.0,9000.0,61
201200001818,12,9,12,1000,1,1,9,1.0,3,61215,M,4851800.0,35700.0,61
201200001819,12,2,26,130,3,1,1,1.0,7,61358,M,0.0,0.0,61
201200001820,12,3,3,1430,1,1,1,2.0,7,61285,M,0.0,0.0,61
201200001821,12,3,8,815,1,1,3,1.0,2,61285,M,4876900.0,-13400.0,61
201200001822,12,4,11,945,1,2,2,1.0,3,61283,M,0.0,0.0,61
201200001823,12,4,3,1230,1,1,1,1.0,3,61303,M,0.0,0.0,61
201200001824,12,5,13,1915,1,1,3,1.0,3,61494,M,0.0,0.0,61
201200001825,12,6,2,1715,1,1,1,1.0,7,61496,M,4877300.0,3300.0,61
201200001826,12,7,28,1545,1,1,4,1.0,2,61285,M,0.0,0.0,61
201200001827,12,1,16,1430,1,1,1,1.0,1,61310,M,4870000.0,-21700.0,61
201200001828,12,1,24,1445,1,1,1,2.0,1,61333,M,0.0,0.0,61
201200001829,12,3,2,1030,1,2,2,1.0,6,61389,M,0.0,0.0,61
201200001830,12,3,30,2030,2,1,1,1.0,7,61493,M,0.0,0.0,61
201200001831,12,4,30,1100,1,1,1,1.0,7,61508,M,0.0,0.0,61
201200001832,12,5,9,1300,1,1,1,1.0,7,61508,M,0.0,0.0,61
201200001833,12,5,13,1100,1,2,3,1.0,6,61181,M,0.0,0.0,61
201200001834,12,7,2,1730,1,1,1,1.0,1,61477,M,0.0,0.0,61
201200001835,12,8,16,1315,1,1,1,1.0,7,61493,M,0.0,0.0,61
201200001836,12,4,10,1645,1,1,1,1.0,1,61145,M,4860600.0,-61100.0,61
201200001837,12,6,8,1145,1,1,2,1.0,3,61232,M,4864800.0,-66500.0,61
201200001838,12,8,29,1800,1,2,1,1.0,3,61145,M,0.0,0.0,61
201200001839,12,10,7,1130,1,1,1,2.0,6,61091,M,4858400.0,-47000.0,61
201200001840,12,11,16,2130,3,1,1,5.0,3,61421,M,4855600.0,-71500.0,61
201200001841,12,1,10,1045,1,1,1,1.0,5,61332,M,0.0,0.0,61
201200001842,12,3,31,1715,1,2,1,1.0,7,61135,M,0.0,0.0,61
201200001843,12,5,15,400,3,1,1,1.0,7,61168,M,0.0,0.0,61
201200001844,12,8,11,2245,3,1,2,1.0,3,61463,M,0.0,0.0,61
201200001845,12,11,22,1745,2,2,1,2.0,6,61022,M,0.0,0.0,61
201200001846,12,1,4,1315,1,1,1,2.0,1,61445,M,4882500.0,-64400.0,61
201200001847,12,1,6,1430,1,1,1,1.0,7,61078,M,0.0,0.0,61
201200001848,12,1,21,2315,3,1,1,2.0,7,61221,M,0.0,0.0,61
201200001849,12,3,14,1530,1,1,1,1.0,7,61407,M,0.0,0.0,61
201200001850,12,4,3,1715,1,1,1,8.0,7,61451,M,4877400.0,-75800.0,61
201200001851,12,7,6,1900,1,1,1,1.0,1,61031,M,0.0,0.0,61
201200001852,12,7,21,1630,1,1,1,1.0,6,61292,M,0.0,0.0,61
201200001853,12,2,5,1630,1,2,1,4.0,6,61414,M,0.0,0.0,61
201200001854,12,4,1,2000,2,1,1,1.0,7,61129,M,0.0,0.0,61
201200001855,12,5,2,2215,3,1,1,1.0,7,61229,M,0.0,0.0,61
201200001856,12,5,13,545,2,1,1,1.0,7,61414,M,0.0,0.0,61
201200001857,12,6,21,1515,1,2,1,3.0,1,61293,M,0.0,0.0,61
201200001858,12,8,19,600,2,1,1,5.0,6,61066,M,0.0,0.0,61
201200001859,12,4,17,1815,1,1,1,2.0,1,61196,M,0.0,0.0,61
201200001860,12,5,2,1715,1,1,1,2.0,1,61309,M,0.0,0.0,61
201200001861,12,8,5,645,1,1,1,1.0,7,61246,M,0.0,0.0,61
201200001862,12,12,4,1800,3,1,1,2.0,5,61426,M,0.0,0.0,61
201200001863,12,3,29,1245,1,2,1,1.0,6,61214,M,0.0,0.0,61
201200001864,12,7,13,2200,3,1,1,1.0,3,61432,M,0.0,0.0,61
201200001865,12,9,28,1815,1,1,1,8.0,6,61432,M,0.0,0.0,61
201200001866,12,1,20,2030,4,2,2,1.0,3,61147,M,0.0,0.0,61
201200001867,12,3,23,1740,1,1,1,1.0,7,61345,M,0.0,0.0,61
201200001868,12,5,19,1900,1,1,1,2.0,1,61491,M,0.0,0.0,61
201200001869,12,6,28,1450,1,1,1,1.0,1,61429,M,0.0,0.0,61
201200001870,12,7,23,1030,1,1,1,1.0,6,61061,M,0.0,0.0,61
201200001871,12,9,12,2330,3,1,1,1.0,1,61116,M,0.0,0.0,61
201200001872,12,10,3,1345,1,1,1,3.0,1,61045,M,0.0,0.0,61
201200001873,12,12,20,1715,3,1,1,2.0,5,61305,M,0.0,0.0,61
201200001874,12,1,11,1600,1,2,1,1.0,6,44172,M,0.0,0.0,44
201200001875,12,4,10,930,1,2,1,2.0,6,44172,M,0.0,0.0,44
201200001876,12,5,4,715,1,1,6,2.0,3,44172,M,0.0,0.0,44
201200001877,12,6,19,1745,1,2,6,1.0,1,44172,M,4725300.0,-150500.0,44
201200001878,12,7,22,1815,1,2,1,1.0,1,44172,M,4725700.0,-148700.0,44
201200001879,12,10,5,745,2,1,1,1.0,3,44204,M,4730400.0,-143500.0,44
201200001880,12,10,9,800,2,2,1,8.0,3,44204,M,0.0,0.0,44
201200001881,12,10,15,1230,1,1,1,1.0,3,44172,M,4725800.0,-149800.0,44
201200001882,12,11,16,1415,1,2,6,1.0,6,44172,M,4725700.0,-149700.0,44
201200001883,12,12,17,845,1,2,1,8.0,6,44172,M,4726100.0,-148900.0,44
201200001884,12,7,27,1430,1,2,1,1.0,6,44026,M,0.0,0.0,44
201200001885,12,10,11,1315,1,1,1,9.0,3,44026,M,0.0,0.0,44
201200001886,12,11,30,1845,5,2,1,1.0,3,44026,M,0.0,0.0,44
201200001887,12,2,17,1800,2,1,1,1.0,5,44142,M,4704400.0,-135800.0,44
201200001888,12,2,26,330,3,1,1,1.0,6,44165,M,0.0,0.0,44
201200001889,12,3,30,1130,1,1,2,7.0,3,44014,M,0.0,0.0,44
201200001890,12,5,26,1730,1,2,3,1.0,3,44043,M,4710200.0,-127100.0,44
201200001891,12,6,9,1315,1,1,1,8.0,1,44088,M,0.0,0.0,44
201200001892,12,6,9,130,5,1,6,1.0,6,44043,M,0.0,0.0,44
201200001893,12,6,30,2345,5,2,1,1.0,3,44223,M,4705900.0,-151200.0,44
201200001894,12,7,23,1515,1,1,1,1.0,3,44088,M,0.0,0.0,44
201200001895,12,8,8,1615,1,1,1,1.0,1,44127,M,4700800.0,-143000.0,44
201200001896,12,8,25,215,3,1,1,2.0,7,44064,M,4711400.0,-131400.0,44
201200001897,12,8,29,1400,1,1,1,1.0,2,44127,M,0.0,0.0,44
201200001898,12,8,31,1700,1,1,1,1.0,3,44014,M,4713100.0,-150000.0,44
201200001899,12,10,14,1200,1,1,1,3.0,1,44173,M,4708000.0,-136300.0,44
201200001900,12,11,23,945,1,1,1,1.0,3,44216,M,4698500.0,-147100.0,44
201200001901,12,12,13,1845,3,1,1,2.0,3,44223,M,0.0,0.0,44
201200001902,12,1,26,1830,3,1,3,1.0,1,44041,M,4707600.0,-162300.0,44
201200001903,12,3,21,1930,2,1,1,2.0,6,44081,M,4692500.0,-160000.0,44
201200001904,12,6,6,1730,1,1,1,1.0,1,44156,M,0.0,0.0,44
201200001905,12,6,28,345,2,1,1,1.0,7,44041,M,4708100.0,-156300.0,44
201200001906,12,10,4,1445,1,1,1,1.0,4,44174,M,4704300.0,-169900.0,44
201200001907,12,11,17,800,2,1,1,8.0,6,44206,M,0.0,0.0,44
201200001908,12,5,2,1915,1,1,1,1.0,4,44198,M,0.0,0.0,44
201200001909,12,5,7,1545,1,1,1,8.0,1,44159,M,0.0,0.0,44
201200001910,12,5,20,2245,3,1,1,2.0,5,44198,M,0.0,0.0,44
201200001911,12,6,4,1830,1,2,1,1.0,2,44215,M,0.0,0.0,44
201200001912,12,8,21,1130,1,2,1,1.0,2,44159,M,0.0,0.0,44
201200001913,12,9,20,1730,1,2,6,1.0,6,44215,M,0.0,0.0,44
201200001914,12,10,5,1845,1,1,1,1.0,1,44037,M,0.0,0.0,44
201200001915,12,12,6,1845,3,1,1,1.0,1,44215,M,0.0,0.0,44
201200001916,12,1,5,830,2,1,1,6.0,1,44213,M,0.0,0.0,44
201200001917,12,1,20,2000,3,1,1,1.0,2,44163,M,0.0,0.0,44
201200001918,12,2,20,900,1,1,1,7.0,2,44213,M,0.0,0.0,44
201200001919,12,4,23,930,1,1,1,2.0,1,44096,M,0.0,0.0,44
201200001920,12,6,12,715,1,1,1,1.0,2,44134,M,0.0,0.0,44
201200001921,12,6,19,1700,1,1,1,7.0,3,44096,M,0.0,0.0,44
201200001922,12,7,28,2200,3,1,1,1.0,6,44163,M,0.0,0.0,44
201200001923,12,8,1,830,1,1,1,8.0,1,44160,M,0.0,0.0,44
201200001924,12,8,29,2230,3,1,1,1.0,6,44017,M,0.0,0.0,44
201200001925,12,10,30,1615,1,1,1,7.0,1,44180,M,0.0,0.0,44
201200001926,12,11,26,1800,3,1,1,1.0,3,44213,M,0.0,0.0,44
201200001927,12,11,28,1900,5,2,1,1.0,6,44003,M,0.0,0.0,44
201200001928,12,12,6,730,3,1,1,9.0,2,44096,M,0.0,0.0,44
201200001929,12,5,18,1945,1,1,1,1.0,1,44084,M,0.0,0.0,44
201200001930,12,7,24,1745,1,1,1,1.0,5,44084,M,0.0,0.0,44
201200001931,12,7,30,715,1,1,1,2.0,6,44032,M,0.0,0.0,44
201200001932,12,9,15,1545,1,1,1,1.0,6,44084,M,0.0,0.0,44
201200001933,12,11,23,1945,3,1,1,8.0,6,44141,M,0.0,0.0,44
201200001934,12,3,17,1830,1,1,1,3.0,5,44077,M,4748800.0,-144400.0,44
201200001935,12,8,4,415,3,1,1,1.0,6,44082,M,4739000.0,-138900.0,44
201200001936,12,7,24,2100,2,1,1,1.0,1,44170,M,4706000.0,136000.0,44
201200001937,12,7,27,1315,1,2,1,1.0,1,44170,M,0.0,0.0,44
201200001938,12,8,20,1315,1,1,1,1.0,1,44199,M,0.0,0.0,44
201200001939,12,9,2,1530,1,2,1,1.0,1,44075,M,0.0,0.0,44
201200001940,12,12,10,1400,1,2,1,7.0,6,44036,M,0.0,0.0,44
201200001941,12,12,21,1900,3,1,1,2.0,6,44031,M,0.0,0.0,44
201200001942,12,12,28,1400,1,1,1,8.0,7,44170,M,0.0,0.0,44
201200001943,12,1,19,1315,1,2,1,1.0,6,44023,M,4742400.0,-184900.0,44
201200001944,12,1,27,1115,1,2,1,1.0,6,44023,M,0.0,0.0,44
201200001945,12,3,25,1515,1,1,2,1.0,3,44128,M,4754100.0,-192800.0,44
201200001946,12,4,12,845,1,1,1,1.0,7,44015,M,4745800.0,-179800.0,44
201200001947,12,4,17,1615,1,1,1,1.0,2,44067,M,4761800.0,-183800.0,44
201200001948,12,4,28,2130,3,1,1,2.0,7,44007,M,4764500.0,-202700.0,44
201200001949,12,5,3,1145,1,1,1,1.0,5,44056,M,4741300.0,-175400.0,44
201200001950,12,5,13,400,3,1,1,1.0,6,44128,M,0.0,0.0,44
201200001951,12,5,24,745,1,2,1,1.0,6,44015,M,4747700.0,-175900.0,44
201200001952,12,7,13,700,1,1,1,8.0,3,44056,M,4741200.0,-173400.0,44
201200001953,12,7,13,900,1,1,1,2.0,1,44056,M,4741400.0,-176000.0,44
201200001954,12,8,19,715,2,1,1,1.0,6,44128,M,4756900.0,-190400.0,44
201200001955,12,9,25,1930,3,1,2,2.0,3,44057,M,0.0,0.0,44
201200001956,12,11,15,1915,3,1,1,5.0,1,44111,M,4737300.0,-173000.0,44
201200001957,12,11,18,1930,3,1,1,1.0,6,44062,M,4750500.0,-178100.0,44
201200001958,12,12,7,1515,1,1,1,1.0,1,44056,M,4738300.0,-187100.0,44
201200001959,12,1,17,745,3,1,1,9.0,1,44110,M,0.0,0.0,44
201200001960,12,1,25,1530,1,1,1,1.0,1,44073,M,4741700.0,-163900.0,44
201200001961,12,2,15,2230,3,1,1,1.0,6,44205,M,4744200.0,-145600.0,44
201200001962,12,5,5,1445,1,1,2,1.0,3,44073,M,4743200.0,-160300.0,44
201200001963,12,6,1,1630,1,1,2,1.0,3,44122,M,4742800.0,-143600.0,44
201200001964,12,6,9,1830,1,1,1,1.0,1,44073,M,4742600.0,-168700.0,44