Num_Acc,an,mois,jour,hrmn,lum,agg,int,atm,col,com,gps,lat,long,dep
201200001965,12,6,1,745,1,1,1,1.0,3,44027,M,0.0,0.0,44
201200001966,12,6,27,1715,1,1,1,1.0,1,44110,M,4743800.0,-148800.0,44
201200001967,12,8,17,945,1,2,1,1.0,6,44110,M,0.0,0.0,44
201200001968,12,8,21,1030,1,1,1,1.0,1,44110,M,4741000.0,-142300.0,44
201200001969,12,9,2,1815,1,1,1,1.0,1,44073,M,4745800.0,-167800.0,44
201200001970,12,10,5,1815,1,2,1,7.0,3,44073,M,4742000.0,-165300.0,44
201200001971,12,10,20,1600,1,1,1,1.0,4,44073,M,4743100.0,-161800.0,44
201200001972,12,11,14,730,2,1,1,8.0,3,44122,M,4742800.0,-143600.0,44
201200001973,12,11,17,15,3,1,1,2.0,6,44073,M,4743200.0,-160300.0,44
201200001974,12,11,22,745,3,1,1,1.0,1,44110,M,4744200.0,-153200.0,44
201200001975,12,7,15,2000,1,1,2,1.0,3,44149,M,0.0,0.0,44
201200001976,12,7,22,1645,4,2,1,1.0,6,44001,M,4755700.0,-152400.0,44
201200001977,12,8,19,1400,1,1,1,1.0,3,44113,M,0.0,0.0,44
201200001978,12,11,24,15,3,1,1,1.0,6,44113,M,4756200.0,-163600.0,44
201200001979,12,6,15,2000,1,1,1,1.0,7,44120,M,,,44
201200001980,12,8,15,545,3,1,1,3.0,7,44120,M,0.0,0.0,44
201200001981,12,8,27,615,1,1,2,1.0,3,44130,M,0.0,0.0,44
201200001982,12,9,19,1445,1,1,1,1.0,4,44018,M,0.0,0.0,44
201200001983,12,3,14,1215,1,1,1,1.0,1,44131,M,0.0,0.0,44
201200001984,12,3,16,2100,3,1,1,1.0,1,44131,M,0.0,0.0,44
201200001985,12,4,16,1245,1,1,2,1.0,3,44136,M,4714000.0,-224000.0,44
201200001986,12,5,26,200,3,1,1,1.0,1,44040,M,0.0,0.0,44
201200001987,12,8,14,100,3,1,1,1.0,6,44131,M,0.0,0.0,44
201200001988,12,8,30,1815,1,1,1,1.0,6,44131,M,4699800.0,-191700.0,44
201200001989,12,11,9,1845,3,1,1,2.0,1,44021,M,4704100.0,-193600.0,44
201200001990,12,1,13,1345,1,1,1,1.0,2,44182,M,4717100.0,-214100.0,44
201200001991,12,2,18,1130,1,1,1,1.0,5,44192,M,4726500.0,-197000.0,44
201200001992,12,3,30,1845,1,1,1,1.0,6,44038,M,0.0,0.0,44
201200001993,12,4,24,1730,1,1,1,1.0,5,44046,M,4727700.0,-209200.0,44
201200001994,12,8,12,1415,1,1,1,1.0,4,44154,M,4727400.0,-216100.0,44
201200001995,12,11,15,1715,2,1,2,1.0,3,44005,M,4712400.0,-195100.0,44
201200001996,12,11,20,1900,3,1,1,1.0,3,44182,M,4717000.0,-214200.0,44
201200001997,12,11,23,1130,1,2,1,2.0,1,44116,M,0.0,0.0,44
201200001998,12,11,24,1330,1,1,3,8.0,3,44187,M,4727200.0,-204900.0,44
201200001999,12,11,30,1830,5,2,1,1.0,7,44154,M,4726100.0,-216700.0,44
201200002000,12,2,26,2045,3,1,1,1.0,6,44186,M,0.0,0.0,44
201200002001,12,3,20,1900,2,1,1,7.0,1,44145,M,4720000.0,-184300.0,44
201200002002,12,3,30,2015,1,2,3,1.0,3,44087,M,0.0,0.0,44
201200002003,12,4,20,1930,1,2,1,1.0,5,44087,M,0.0,0.0,44
201200002004,12,4,27,2130,2,1,1,2.0,6,44087,M,0.0,0.0,44
201200002005,12,5,12,1045,1,1,1,1.0,2,44087,M,0.0,0.0,44
201200002006,12,6,9,2115,1,1,1,1.0,6,44087,M,4700200.0,-180400.0,44
201200002007,12,6,28,1215,1,1,2,1.0,3,44133,M,4712700.0,-173700.0,44
201200002008,12,7,27,215,3,1,1,1.0,1,44133,M,0.0,0.0,44
201200002009,12,9,13,900,1,1,1,7.0,3,44145,M,0.0,0.0,44
201200002010,12,9,23,700,3,1,1,2.0,6,44090,M,0.0,0.0,44
201200002011,12,9,25,1245,1,1,1,1.0,5,44087,M,4699700.0,-177800.0,44
201200002012,12,10,3,1615,1,2,6,8.0,3,44186,M,0.0,0.0,44
201200002013,12,10,13,1145,1,1,1,2.0,3,44145,M,0.0,0.0,44
201200002014,12,10,18,1845,2,1,1,2.0,7,44186,M,0.0,0.0,44
201200002015,12,10,19,1515,1,1,1,1.0,3,44133,M,0.0,0.0,44
201200002016,12,10,21,1600,1,1,1,8.0,6,44119,M,0.0,0.0,44
201200002017,12,2,2,515,3,1,1,1.0,6,44047,M,0.0,0.0,44
201200002018,12,3,16,240,3,1,1,5.0,7,44047,M,0.0,0.0,44
201200002019,12,7,25,400,5,1,1,1.0,7,44047,M,0.0,0.0,44
201200002020,12,9,26,715,3,1,1,1.0,5,44047,M,0.0,0.0,44
201200002021,12,11,2,1930,3,1,1,2.0,3,44074,M,0.0,0.0,44
201200002022,12,11,20,800,2,2,1,1.0,2,44047,M,0.0,0.0,44
201200002023,12,1,28,1515,1,1,6,1.0,7,44072,M,4745300.0,-231700.0,44
201200002024,12,2,15,1115,1,1,2,8.0,3,44175,M,4737600.0,-235100.0,44
201200002025,12,2,24,715,2,2,1,2.0,1,44211,M,4735500.0,-251600.0,44
201200002026,12,3,13,1700,1,1,1,1.0,3,44069,M,4730700.0,-240800.0,44
201200002027,12,4,14,1830,1,2,1,1.0,6,44049,M,0.0,0.0,44
201200002028,12,4,15,1145,1,2,6,1.0,3,44069,M,4733300.0,-243000.0,44
201200002029,12,5,13,830,1,2,1,1.0,6,44010,M,4728200.0,-249200.0,44
201200002030,12,5,19,1515,1,1,1,2.0,7,44069,M,4734600.0,-234900.0,44
201200002031,12,5,28,530,2,1,1,1.0,6,44069,M,4730300.0,-239900.0,44
201200002032,12,6,7,1715,1,2,7,1.0,6,44069,M,0.0,0.0,44
201200002033,12,7,15,1630,1,2,1,1.0,2,44069,M,0.0,0.0,44
201200002034,12,8,9,2000,1,2,1,7.0,6,44010,M,0.0,0.0,44
201200002035,12,8,22,1845,1,1,1,1.0,3,44175,M,0.0,0.0,44
201200002036,12,9,11,1045,1,1,1,8.0,1,44069,M,4733000.0,-233700.0,44
201200002037,12,9,16,1115,1,1,1,1.0,1,44072,M,4750800.0,-227000.0,44
201200002038,12,11,1,1900,3,1,1,2.0,1,44184,M,4726100.0,-227000.0,44
201200002039,12,1,6,2045,3,1,1,1.0,1,44052,M,4734200.0,-201399.0,44
201200002040,12,1,14,1945,3,1,1,1.0,6,44210,M,4731200.0,-220300.0,44
201200002041,12,2,26,1630,1,1,1,1.0,5,44052,M,0.0,0.0,44
201200002042,12,4,22,1930,1,1,1,1.0,6,44052,M,4733900.0,-209800.0,44
201200002043,12,5,30,1515,1,1,1,1.0,5,44210,M,4731000.0,-220300.0,44
201200002044,12,6,29,800,1,1,1,1.0,1,44103,M,0.0,0.0,44
201200002045,12,8,12,315,4,1,1,1.0,7,44103,M,0.0,0.0,44
201200002046,12,8,24,1030,1,1,1,1.0,1,44168,M,0.0,0.0,44
201200002047,12,10,22,1215,1,2,1,8.0,3,44176,M,4734900.0,-217200.0,44
201200002048,12,11,28,1445,1,2,9,1.0,3,44103,M,4733600.0,-217800.0,44
201200002049,12,1,20,1730,1,1,1,1.0,5,44161,M,4749400.0,-204900.0,44
201200002050,12,5,24,1700,1,1,2,1.0,3,44129,M,0.0,0.0,44
201200002051,12,8,11,1830,1,2,1,1.0,6,44098,M,0.0,0.0,44
201200002052,12,8,29,645,1,1,1,1.0,1,44189,M,0.0,0.0,44
201200002053,12,8,28,1730,1,1,1,1.0,1,44152,M,0.0,0.0,44
201200002054,12,11,12,1900,3,1,1,1.0,1,44068,M,0.0,0.0,44
201200002055,12,12,4,1930,3,1,9,1.0,1,44152,M,0.0,0.0,44
201200002056,12,12,21,1945,5,2,1,1.0,1,44068,M,0.0,0.0,44
201200002057,12,12,21,1400,1,2,9,1.0,6,44161,M,0.0,0.0,44
201200002058,12,12,29,115,3,1,1,8.0,1,44189,M,0.0,0.0,44
201200002059,12,6,14,745,1,1,2,1.0,3,44109,M,0.0,0.0,44
201200002060,12,11,23,1900,5,2,1,9.0,7,44194,M,0.0,0.0,44
201200002061,12,3,21,1630,1,2,1,1.0,6,44137,M,4736700.0,-200999.0,44
201200002062,12,9,15,500,3,1,1,1.0,7,44089,M,0.0,0.0,44
201200002063,12,9,28,1430,1,1,1,1.0,1,44137,M,4743000.0,-206400.0,44
201200002064,12,11,30,1030,1,2,9,1.0,6,44025,M,0.0,0.0,44
201200002065,12,5,8,1115,1,2,1,8.0,6,49278,M,4742318.0,-55945.0,49
201200002066,12,12,14,745,4,2,1,3.0,6,49214,M,4752522.0,-60205.0,49
201200002067,12,3,16,630,3,1,1,5.0,1,49194,M,4748039.0,-30259.0,49
201200002068,12,10,3,2015,3,1,1,1.0,1,49021,M,4744764.0,-21565.0,49
201200002069,12,10,4,745,3,1,1,3.0,6,49106,M,4747437.0,-33194.0,49
201200002070,12,3,2,1130,1,1,1,1.0,6,49292,M,4729276.0,-64288.0,49
201200002071,12,3,5,1630,1,1,9,1.0,1,49153,M,4723017.0,-65631.0,49
201200002072,12,3,26,1800,1,1,1,1.0,7,49363,M,4736525.0,-49374.0,49
201200002073,12,4,12,1730,1,1,2,1.0,3,49345,M,4726553.0,-53415.0,49
201200002074,12,4,17,1715,1,1,9,2.0,1,49223,M,4739609.0,-52010.0,49
201200002075,12,4,18,1945,1,2,6,1.0,3,49050,M,4734930.0,-44327.0,49
201200002076,12,5,1,1830,1,1,2,1.0,1,49345,M,4724425.0,-52854.0,49
201200002077,12,7,15,1115,1,1,1,1.0,3,49001,M,4731389.0,-41732.0,49
201200002078,12,7,16,1745,1,1,1,1.0,1,49292,M,4731424.0,-61316.0,49
201200002079,12,7,25,815,1,1,2,1.0,3,49308,M,4738424.0,-50969.0,49
201200002080,12,8,6,1300,1,1,1,3.0,1,49338,M,4733916.0,-51223.0,49
201200002081,12,9,3,830,1,1,2,5.0,3,49029,M,4739032.0,-36376.0,49
201200002082,12,10,11,1815,1,2,1,1.0,5,49223,M,4739948.0,-52760.0,49
201200002083,12,11,16,1915,3,1,1,5.0,3,49338,M,4737282.0,-51049.0,49
201200002084,12,12,1,1800,3,2,1,1.0,6,49022,M,4731210.0,-58787.0,49
201200002085,12,12,4,1100,1,2,1,1.0,6,49223,M,4739792.0,-52727.0,49
201200002086,12,12,15,1900,3,1,1,1.0,7,49086,M,4725101.0,-46009.0,49
201200002087,12,3,26,445,5,2,1,1.0,3,49129,M,4750196.0,-51700.0,49
201200002088,12,5,26,1445,1,2,3,1.0,1,49004,M,4745679.0,-39522.0,49
201200002089,12,2,13,2130,3,1,1,1.0,6,49284,M,4741048.0,-81893.0,49
201200002090,12,3,12,2230,5,2,1,1.0,3,49283,M,4740877.0,-76063.0,49
201200002091,12,7,15,1115,1,1,2,1.0,3,49265,M,4733524.0,-64590.0,49
201200002092,12,7,19,930,1,1,1,1.0,3,49063,M,4735887.0,-79896.0,49
201200002093,12,1,12,1700,2,1,1,5.0,1,49017,M,4764164.0,-34701.0,49
201200002094,12,3,11,2015,3,1,1,1.0,6,49220,M,4773733.0,-41766.0,49
201200002095,12,3,29,715,2,1,1,1.0,6,49110,M,4753512.0,-34578.0,49
201200002096,12,7,10,1130,1,1,1,1.0,7,49127,M,4770072.0,-26602.0,49
201200002097,12,5,5,1730,1,1,1,3.0,7,49023,M,4720781.0,-100908.0,49
201200002098,12,6,17,715,2,1,1,1.0,7,49006,M,4718037.0,-97779.0,49
201200002099,12,9,30,1100,1,2,1,1.0,3,49023,M,4719573.0,-99184.0,49
201200002100,12,11,22,2300,5,2,1,1.0,7,49162,M,4719609.0,-86838.0,49
201200002101,12,11,24,1045,1,2,1,1.0,2,49023,M,4720181.0,-99058.0,49
201200002102,12,12,7,1745,2,1,1,1.0,1,49072,M,4717488.0,-101278.0,49
201200002103,12,1,27,730,3,1,6,1.0,3,49092,M,4723085.0,-75031.0,49
201200002104,12,6,8,1910,1,1,2,1.0,3,49195,M,4704153.0,-82145.0,49
201200002105,12,10,12,1945,5,2,3,1.0,3,49092,M,4721361.0,-73093.0,49
201200002106,12,10,27,1715,2,1,2,7.0,3,49343,M,4699694.0,-84246.0,49
201200002107,12,2,8,1215,1,1,1,9.0,2,49332,M,4708005.0,-96479.0,49
201200002108,12,3,24,1745,1,1,1,1.0,5,49206,M,4708965.0,-113634.0,49
201200002109,12,3,29,1700,1,1,2,1.0,3,49264,M,4709223.0,-100716.0,49
201200002110,12,5,26,1645,1,1,2,1.0,3,49258,M,4713746.0,-104562.0,49
201200002111,12,5,31,945,1,2,1,1.0,6,49299,M,4709201.0,-91131.0,49
201200002112,12,6,17,2200,3,1,1,1.0,6,49258,M,4712557.0,-103986.0,49
201200002113,12,9,28,1730,2,1,1,2.0,6,49349,M,4712912.0,-112729.0,49
201200002114,12,12,7,1000,1,1,1,1.0,3,49350,M,4705668.0,-103905.0,49
201200002115,12,1,22,545,3,1,1,1.0,6,49069,M,4732190.0,-128020.0,49
201200002116,12,1,27,815,2,2,1,5.0,6,49177,M,4735694.0,-117387.0,49
201200002117,12,3,12,945,1,1,1,1.0,1,49034,M,4731162.0,-96350.0,49
201200002118,12,4,25,2345,3,1,1,1.0,7,49034,M,4732034.0,-101190.0,49
201200002119,12,5,3,1645,1,2,1,1.0,1,49218,M,4725519.0,-104472.0,49
201200002120,12,6,3,330,3,1,1,1.0,6,49204,M,4734645.0,-92412.0,49
201200002121,12,6,3,1615,1,1,1,1.0,2,49252,M,4723514.0,-110633.0,49
201200002122,12,6,9,1930,1,1,1,1.0,1,49172,M,4725952.0,-120711.0,49
201200002123,12,6,19,915,1,2,1,1.0,3,49177,M,4734464.0,-116285.0,49
201200002124,12,6,24,500,3,1,1,1.0,2,49190,M,4735589.0,-104616.0,49
201200002125,12,7,30,1045,1,1,1,3.0,1,49190,M,4735458.0,-104992.0,49
201200002126,12,8,3,1215,1,1,2,1.0,3,49296,M,4729999.0,-120661.0,49
201200002127,12,8,13,1845,1,1,1,1.0,2,49177,M,4734125.0,-114302.0,49
201200002128,12,8,27,45,3,1,1,1.0,6,49177,M,4732670.0,-117046.0,49
201200002129,12,8,27,1900,1,1,1,1.0,6,49145,M,4726275.0,-112977.0,49
201200002130,12,9,23,1430,1,1,1,1.0,1,49177,M,4731201.0,-116187.0,49
201200002131,12,10,20,515,3,2,1,1.0,6,49172,M,4726526.0,-124298.0,49
201200002132,12,11,10,1800,3,1,1,1.0,1,49276,M,4734985.0,-102709.0,49
201200002133,12,11,11,1815,5,1,1,1.0,3,49313,M,4726318.0,-102490.0,49
201200002134,12,12,3,1115,1,2,1,1.0,7,49126,M,4734026.0,-119793.0,49
201200002135,12,3,17,1915,5,2,1,2.0,6,49097,M,4759481.0,-18251.0,49
201200002136,12,5,1,1545,1,1,1,1.0,6,49101,M,4761883.0,-7283.0,49
201200002137,12,9,16,30,3,1,1,1.0,6,49173,M,4752139.0,2562.0,49
201200002138,12,1,4,1515,1,1,1,1.0,1,49224,M,4733270.0,-210.0,49
201200002139,12,1,28,1100,1,1,2,1.0,3,49180,M,4739441.0,-10133.0,49
201200002140,12,2,16,2100,3,1,1,1.0,6,49261,M,4736761.0,-20816.0,49
201200002141,12,4,15,200,3,1,1,1.0,7,49091,M,4733948.0,-37612.0,49
201200002142,12,6,28,1315,1,1,1,1.0,3,49041,M,4728940.0,5847.0,49
201200002143,12,7,5,1845,1,1,1,1.0,1,49180,M,4738178.0,-10656.0,49
201200002144,12,8,23,1030,1,2,1,1.0,6,49180,M,4737607.0,-11069.0,49
201200002145,12,9,9,830,1,2,2,1.0,3,49180,M,4737675.0,-10471.0,49
201200002146,12,9,29,1100,1,1,1,1.0,2,49180,M,4737188.0,-14579.0,49
201200002147,12,10,2,2015,3,1,1,1.0,6,49030,M,4735683.0,-8560.0,49
201200002148,12,10,3,1015,1,1,1,1.0,6,49030,M,4736719.0,-5614.0,49
201200002149,12,10,7,1845,1,1,1,1.0,1,49201,M,4738266.0,-26548.0,49
201200002150,12,10,13,1815,1,1,1,1.0,3,49041,M,4733317.0,7390.0,49
201200002151,12,12,4,930,1,1,1,1.0,1,49180,M,4739097.0,-11223.0,49
201200002152,12,12,15,1600,1,1,2,2.0,3,49261,M,4738945.0,-21089.0,49
201200002153,12,12,21,745,3,2,1,3.0,6,49311,M,4739203.0,-4851.0,49
201200002154,12,1,12,915,1,2,1,1.0,7,49123,M,4724276.0,-11358.0,49
201200002155,12,3,25,1530,1,1,2,1.0,3,49274,M,4718454.0,-7217.0,49
201200002156,12,5,4,1330,1,1,1,1.0,1,49100,M,4715754.0,-18904.0,49
201200002157,12,6,24,1600,1,1,2,1.0,3,49053,M,4716855.0,-21457.0,49
201200002158,12,9,27,1145,1,1,2,1.0,3,49215,M,4710182.0,-9839.0,49
201200002159,12,10,5,1645,1,2,1,1.0,6,49253,M,4712768.0,-23746.0,49
201200002160,12,10,12,745,2,1,1,1.0,1,49100,M,4720621.0,-19838.0,49
201200002161,12,3,30,645,1,1,1,1.0,1,49331,M,4769026.0,-89273.0,49
201200002162,12,4,9,1830,1,2,1,1.0,7,49331,M,4769293.0,-86388.0,49
201200002163,12,7,10,2000,1,1,1,1.0,7,49103,M,4772107.0,-103929.0,49
201200002164,12,9,8,1200,1,2,1,1.0,2,49233,M,4770748.0,-91344.0,49
201200002165,12,11,23,1900,3,1,1,1.0,1,49108,M,4751317.0,-103223.0,49
201200002166,12,12,8,1345,1,2,1,1.0,3,49208,M,4772865.0,-74797.0,49
201200002167,12,1,11,1615,1,1,1,1.0,7,49367,M,4757797.0,-82333.0,49
201200002168,12,1,28,1400,1,1,1,1.0,3,49321,M,4742220.0,-94821.0,49
201200002169,12,3,15,715,2,2,1,5.0,6,49026,M,4750087.0,-80143.0,49
201200002170,12,3,16,1830,1,1,1,1.0,7,49043,M,4757508.0,-73332.0,49
201200002171,12,3,23,2000,3,1,1,1.0,6,49294,M,4748761.0,-66539.0,49
201200002172,12,5,15,1445,1,1,1,1.0,7,49183,M,4753542.0,-89240.0,49
201200002173,12,2,1,1730,1,1,1,4.0,6,49216,M,4761286.0,-41139.0,49
201200002174,12,2,12,115,3,1,1,1.0,7,49080,M,4767951.0,-50323.0,49
201200002175,12,1,6,900,1,2,1,1.0,6,49080,M,4768093.0,-48989.0,49
201200002176,12,3,7,900,1,2,1,1.0,3,49347,M,4760923.0,-46126.0,49
201200002177,12,4,4,1600,1,2,2,1.0,3,49337,M,4756798.0,-41885.0,49
201200002178,12,4,21,1900,1,1,1,1.0,1,49080,M,4769196.0,-52219.0,49
201200002179,12,5,7,1330,1,1,1,1.0,1,49135,M,4759322.0,-58922.0,49
201200002180,12,5,28,1900,1,1,2,1.0,3,49347,M,4761551.0,-45072.0,49
201200002181,12,6,3,2200,5,2,6,1.0,6,49065,M,4766374.0,-57192.0,49
201200002182,12,6,10,700,2,2,1,1.0,6,49335,M,4773790.0,-57513.0,49
201200002183,12,6,11,1700,1,1,1,2.0,1,49216,M,4762047.0,-41679.0,49
201200002184,12,6,27,1600,1,1,1,1.0,7,49051,M,4771784.0,-44618.0,49
201200002185,12,6,30,1130,1,2,1,1.0,1,49080,M,4768033.0,-48805.0,49
201200002186,12,8,23,830,1,1,1,7.0,2,49105,M,4771010.0,-50366.0,49
201200002187,12,9,11,1845,1,2,1,1.0,6,49347,M,4761738.0,-45880.0,49
201200002188,12,10,4,1545,1,1,1,1.0,2,49337,M,4756497.0,-41934.0,49
201200002189,12,10,5,800,1,2,1,1.0,6,49080,M,4768092.0,-48971.0,49
201200002190,12,4,2,1845,1,1,1,1.0,7,53001,M,4804164.0,-87475.0,53
201200002191,12,8,23,1730,1,1,1,1.0,2,53175,M,4802194.0,-68418.0,53
201200002192,12,5,26,1430,1,1,1,1.0,7,53019,M,4797881.0,-35237.0,53
201200002193,12,7,21,1015,1,1,1,1.0,4,53049,M,4815490.0,-66244.0,53
201200002194,12,11,5,1630,2,2,1,1.0,6,53140,M,4811838.0,-72138.0,53
201200002195,12,11,17,1915,3,1,1,2.0,6,53025,M,4803375.0,-57636.0,53
201200002196,12,11,23,430,3,1,1,1.0,1,53262,M,4805503.0,-55150.0,53
201200002197,12,1,22,1900,3,1,1,1.0,7,53207,M,4814800.0,-47100.0,53
201200002198,12,2,10,1415,1,1,1,1.0,5,53059,M,4809400.0,-53200.0,53
201200002199,12,9,20,900,1,2,6,7.0,1,53097,M,4815609.0,-38387.0,53
201200002200,12,2,3,2015,3,1,1,1.0,6,53117,M,0.0,0.0,53
201200002201,12,2,7,1730,1,2,6,1.0,3,53014,M,4782523.0,-68762.0,53
201200002202,12,2,18,1015,1,1,1,2.0,4,53273,M,0.0,0.0,53
201200002203,12,9,15,1815,1,1,2,7.0,3,53150,M,4774823.0,-68259.0,53
201200002204,12,12,7,1615,1,1,2,1.0,3,53078,M,4781400.0,-61600.0,53
201200002205,12,3,21,30,3,2,1,1.0,6,53192,M,4782932.0,-119660.0,53
201200002206,12,5,13,1245,1,2,6,1.0,6,53084,M,4785300.0,-95100.0,53
201200002207,12,7,12,1445,1,1,1,2.0,7,53073,M,4781400.0,-114800.0,53
201200002208,12,4,19,1100,1,1,1,1.0,6,53035,M,4780724.0,-97918.0,53
201200002209,12,2,25,1715,1,1,1,1.0,2,53053,M,4830585.0,-33869.0,53
201200002210,12,5,26,1645,1,1,1,7.0,1,53008,M,0.0,0.0,53
201200002211,12,6,22,1645,1,1,1,1.0,1,53239,M,4821338.0,-24565.0,53
201200002212,12,6,28,1615,1,2,1,1.0,6,53147,M,4828778.0,-62169.0,53
201200002213,12,7,28,2245,5,2,1,1.0,7,53147,M,4829716.0,-60243.0,53
201200002214,12,8,15,930,1,1,1,1.0,3,53200,M,0.0,0.0,53
201200002215,12,8,24,1145,1,2,1,1.0,5,53147,M,4830034.0,-62246.0,53
201200002216,12,8,28,1700,1,1,1,1.0,7,53072,M,0.0,0.0,53
201200002217,12,10,1,1000,1,1,1,5.0,7,53219,M,4827900.0,-69898.0,53
201200002218,12,10,15,730,2,2,1,1.0,6,53016,M,4825248.0,-36558.0,53
201200002219,12,11,8,1615,1,1,1,1.0,1,53219,M,4831091.0,-71652.0,53
201200002220,12,12,21,1815,5,2,1,1.0,1,53147,M,0.0,0.0,53
201200002221,12,5,6,700,2,1,1,2.0,6,53096,M,4832482.0,-94826.0,53
201200002222,12,6,30,2000,1,1,1,1.0,1,53100,M,4848011.0,-97392.0,53
201200002223,12,7,27,700,2,1,1,1.0,6,53107,M,0.0,0.0,53
201200002224,12,8,21,900,1,2,7,1.0,6,53096,M,0.0,0.0,53
201200002225,12,12,15,100,3,1,1,1.0,3,53245,M,0.0,0.0,53
201200002226,12,6,19,1515,1,2,1,1.0,3,53116,M,4839746.0,-46066.0,53
201200002227,12,3,14,730,2,1,1,5.0,5,53121,M,4840655.0,-32541.0,53
201200002228,12,10,3,1945,3,1,1,2.0,1,53164,M,4848960.0,-30753.0,53
201200002229,12,11,22,2315,3,1,1,1.0,1,53121,M,4842216.0,-31505.0,53
201200002230,12,1,17,1820,5,2,1,1.0,6,01014,M,0.0,0.0,01
201200002231,12,1,20,50,5,2,1,3.0,7,01283,M,,,01
201200002232,12,4,4,1225,1,2,1,1.0,3,01014,M,4628240.0,567934.0,01
201200002233,12,5,13,1725,1,2,3,1.0,3,01283,M,0.0,0.0,01
201200002234,12,7,6,2250,5,2,2,1.0,1,01283,M,0.0,0.0,01
201200002235,12,8,9,2034,2,2,1,1.0,6,01283,M,,,01
201200002236,12,8,19,38,5,2,2,1.0,1,01283,M,,,01
201200002237,12,11,10,1800,5,2,1,2.0,6,01283,M,,,01
201200002238,12,11,26,1805,5,2,3,2.0,3,01283,M,,,01
201200002239,12,12,16,144,5,2,1,1.0,6,01283,M,,,01
201200002240,12,12,29,1440,1,1,1,1.0,6,01014,M,,,01
201200002241,12,10,12,1645,1,1,1,1.0,1,72125,M,4796000.0,59000.0,72
201200002242,12,1,15,1700,2,1,1,7.0,3,72386,M,0.0,0.0,72
201200002243,12,3,14,1900,4,1,1,1.0,3,72300,M,0.0,0.0,72
201200002244,12,3,29,515,3,1,1,1.0,6,72129,M,0.0,0.0,72
201200002245,12,5,7,1745,1,2,1,1.0,3,72090,M,0.0,0.0,72
201200002246,12,6,21,1745,1,1,1,1.0,5,72386,M,0.0,0.0,72
201200002247,12,11,23,1145,1,1,1,1.0,6,72386,M,0.0,0.0,72
201200002248,12,1,26,1545,1,2,1,1.0,3,72147,M,4811900.0,19600.0,72
201200002249,12,3,11,1430,1,2,1,1.0,3,72335,M,4811300.0,34200.0,72
201200002250,12,3,22,900,1,1,3,1.0,3,72310,M,0.0,0.0,72
201200002251,12,6,1,1545,1,1,1,1.0,1,72329,M,0.0,0.0,72
201200002252,12,6,3,745,1,1,1,2.0,6,72023,M,0.0,0.0,72
201200002253,12,6,14,1630,1,1,1,1.0,5,72147,M,4812700.0,19800.0,72
201200002254,12,7,30,2000,1,1,1,1.0,3,72217,M,0.0,0.0,72
201200002255,12,7,27,1600,1,1,1,1.0,6,72340,M,0.0,0.0,72
201200002256,12,8,7,1,5,2,1,1.0,3,72340,M,4814200.0,23900.0,72
201200002257,12,8,26,1930,1,1,1,1.0,7,72099,M,4814400.0,28500.0,72
201200002258,12,9,7,1730,1,1,1,1.0,1,72329,M,0.0,0.0,72
201200002259,12,1,16,700,2,2,6,1.0,3,72344,M,0.0,0.0,72
201200002260,12,1,25,1545,1,1,1,2.0,6,72113,M,4805600.0,4700.0,72
201200002261,12,3,2,1930,3,1,1,8.0,1,72168,M,4799900.0,-14100.0,72
201200002262,12,3,10,1845,2,1,1,1.0,7,72253,M,0.0,0.0,72
201200002263,12,4,18,1015,1,1,1,8.0,1,72230,M,4785900.0,10300.0,72
201200002264,12,4,24,2130,5,2,1,1.0,7,72346,M,4789200.0,2900.0,72
201200002265,12,5,11,1515,1,1,1,1.0,3,72146,M,0.0,0.0,72
201200002266,12,5,15,1845,1,1,2,1.0,3,72346,M,0.0,0.0,72
201200002267,12,6,5,1445,1,1,1,2.0,3,72149,M,4802600.0,-21400.0,72
201200002268,12,7,26,2115,1,1,3,1.0,3,72133,M,4790500.0,12300.0,72
201200002269,12,7,28,930,1,1,1,1.0,1,72381,M,4794200.0,9300.0,72
201200002270,12,8,5,915,1,1,1,1.0,6,72127,M,4796100.0,8800.0,72
201200002271,12,9,18,1730,1,1,2,1.0,3,72168,M,0.0,0.0,72
201200002272,12,9,26,1730,1,1,1,8.0,3,72075,M,4792500.0,-2300.0,72
201200002273,12,9,30,1830,1,1,1,1.0,3,72096,M,4802500.0,1900.0,72
201200002274,12,10,29,1045,1,1,2,1.0,3,72346,M,0.0,0.0,72
201200002275,12,11,8,1430,1,1,6,1.0,7,72169,M,0.0,0.0,72
201200002276,12,12,10,815,1,1,1,1.0,3,72339,M,0.0,0.0,72
201200002277,12,1,9,1445,1,1,1,1.0,6,72025,M,0.0,0.0,72
201200002278,12,2,4,1530,1,2,9,1.0,6,72084,M,0.0,0.0,72
201200002279,12,2,25,530,3,1,1,1.0,7,72084,M,4775600.0,600.0,72
201200002280,12,5,8,1815,1,2,1,1.0,6,72154,M,4770400.0,-7300.0,72
201200002281,12,8,11,1830,1,2,1,1.0,2,72084,M,4772200.0,-1400.0,72
201200002282,12,9,5,230,3,1,1,1.0,6,72110,M,4775400.0,-15600.0,72
201200002283,12,10,1,645,3,1,1,5.0,3,72022,M,4777000.0,-19000.0,72
201200002284,12,11,29,2215,3,1,1,1.0,6,72084,M,4771800.0,-3200.0,72