Num_Acc,an,mois,jour,hrmn,lum,agg,int,atm,col,com,gps,lat,long,dep
201200002285,12,12,9,1815,5,2,1,1.0,6,72154,M,0.0,0.0,72
201200002286,12,3,11,900,1,1,1,1.0,6,72135,M,4779000.0,7400.0,72
201200002287,12,4,21,1930,1,1,1,2.0,7,72160,M,4771000.0,36500.0,72
201200002288,12,5,11,1745,1,1,1,1.0,1,72226,M,4781200.0,10700.0,72
201200002289,12,5,17,1715,3,1,1,1.0,1,72252,M,4780700.0,15400.0,72
201200002290,12,6,13,2115,1,1,1,1.0,6,72135,M,4779000.0,3700.0,72
201200002291,12,7,27,2245,3,1,1,2.0,6,72176,M,4766600.0,10900.0,72
201200002292,12,8,17,1900,1,2,1,1.0,3,72182,M,0.0,0.0,72
201200002293,12,8,20,1845,1,1,1,1.0,3,72357,M,4769500.0,4800.0,72
201200002294,12,10,5,1645,1,1,1,1.0,6,72191,M,4773700.0,25300.0,72
201200002295,12,10,6,2100,3,1,1,8.0,6,72191,M,0.0,0.0,72
201200002296,12,10,17,1400,1,1,1,8.0,6,72013,M,0.0,0.0,72
201200002297,12,11,25,1700,1,1,1,1.0,1,72135,M,4779200.0,4000.0,72
201200002298,12,12,11,1830,5,2,1,1.0,3,72364,M,0.0,0.0,72
201200002299,12,1,6,515,5,2,1,1.0,6,72264,M,4784400.0,-32700.0,72
201200002300,12,1,25,1215,1,2,6,8.0,7,72264,M,0.0,0.0,72
201200002301,12,3,28,2100,5,2,6,1.0,2,72264,M,0.0,0.0,72
201200002302,12,6,22,1115,1,2,1,1.0,7,72264,M,4784300.0,-32500.0,72
201200002303,12,6,25,1730,1,2,9,2.0,1,72264,M,4783900.0,-34400.0,72
201200002304,12,8,22,1015,1,2,1,1.0,3,72264,M,4784400.0,-33200.0,72
201200002305,12,8,31,1800,1,1,1,1.0,3,72264,M,4787000.0,-37600.0,72
201200002306,12,9,29,1400,1,2,1,1.0,3,72264,M,0.0,0.0,72
201200002307,12,10,6,1115,1,2,1,1.0,1,72264,M,4784300.0,-31700.0,72
201200002308,12,10,6,1330,1,1,1,2.0,7,72167,M,4778900.0,-27000.0,72
201200002309,12,11,29,1800,3,1,1,1.0,3,72378,M,0.0,0.0,72
201200002310,12,1,4,915,1,1,1,9.0,3,72039,M,0.0,0.0,72
201200002311,12,1,18,1045,1,2,1,8.0,6,72180,M,0.0,0.0,72
201200002312,12,3,22,1230,1,1,1,1.0,6,72039,M,0.0,0.0,72
201200002313,12,3,26,1630,1,1,1,1.0,1,72039,M,0.0,0.0,72
201200002314,12,3,28,1715,1,1,1,1.0,7,72180,M,0.0,0.0,72
201200002315,12,4,9,1130,1,1,1,1.0,3,72180,M,0.0,0.0,72
201200002316,12,4,24,1830,1,1,1,1.0,6,72265,M,0.0,0.0,72
201200002317,12,5,29,945,1,1,1,1.0,7,72270,M,0.0,0.0,72
201200002318,12,6,1,1830,1,1,1,1.0,1,72039,M,0.0,0.0,72
201200002319,12,6,13,1945,1,1,1,1.0,3,72196,M,0.0,0.0,72
201200002320,12,7,1,1845,1,2,1,1.0,6,72251,M,0.0,0.0,72
201200002321,12,8,14,1100,1,1,1,8.0,3,72039,M,0.0,0.0,72
201200002322,12,8,22,1945,1,2,1,1.0,6,72180,M,0.0,0.0,72
201200002323,12,9,20,1445,1,1,1,1.0,7,72295,M,0.0,0.0,72
201200002324,12,10,8,1415,1,1,1,3.0,1,72324,M,0.0,0.0,72
201200002325,12,10,20,1730,1,1,2,2.0,3,72039,M,0.0,0.0,72
201200002326,12,11,19,745,3,1,1,8.0,4,72259,M,0.0,0.0,72
201200002327,12,3,16,845,1,2,1,7.0,6,72132,M,0.0,0.0,72
201200002328,12,3,12,2030,5,2,1,1.0,1,72172,M,0.0,0.0,72
201200002329,12,5,31,1130,1,1,1,1.0,3,72067,M,0.0,0.0,72
201200002330,12,6,7,730,1,1,1,2.0,6,72375,M,4813100.0,61300.0,72
201200002331,12,1,29,830,3,1,1,1.0,7,72082,M,4844500.0,16100.0,72
201200002332,12,10,8,900,1,2,1,1.0,3,72235,M,4826100.0,11600.0,72
201200002333,12,5,26,1930,1,2,1,1.0,3,85213,M,4659585.0,-132072.0,85
201200002334,12,6,1,2030,3,2,3,1.0,3,85036,M,0.0,0.0,85
201200002335,12,6,18,1445,1,1,1,1.0,1,85175,M,0.0,0.0,85
201200002336,12,8,11,1015,1,1,1,1.0,1,85171,M,0.0,0.0,85
201200002337,12,9,7,1630,1,1,1,1.0,5,85069,M,0.0,0.0,85
201200002338,12,10,26,1045,1,1,1,1.0,1,85093,M,0.0,0.0,85
201200002339,12,10,30,1645,1,1,1,1.0,2,85073,M,0.0,0.0,85
201200002340,12,11,2,2230,3,1,1,1.0,1,85213,M,0.0,0.0,85
201200002341,12,1,31,1930,3,2,1,1.0,2,85084,M,4676518.0,-123449.0,85
201200002342,12,2,19,1715,1,1,1,1.0,6,85051,M,4668572.0,-104401.0,85
201200002343,12,5,7,1800,1,1,1,1.0,6,85232,M,0.0,0.0,85
201200002344,12,6,1,1915,1,1,1,1.0,2,85034,M,0.0,0.0,85
201200002345,12,6,20,1845,1,1,1,1.0,1,85084,M,4681000.0,-126000.0,85
201200002346,12,6,22,1015,1,1,1,1.0,3,85034,M,0.0,0.0,85
201200002347,12,7,5,1845,1,1,1,3.0,3,85266,M,0.0,0.0,85
201200002348,12,8,6,2045,2,2,1,1.0,1,85051,M,0.0,0.0,85
201200002349,12,8,22,200,3,2,1,1.0,6,85212,M,0.0,0.0,85
201200002350,12,9,16,630,3,1,1,1.0,6,85246,M,0.0,0.0,85
201200002351,12,9,22,1500,1,2,1,1.0,7,85081,M,0.0,0.0,85
201200002352,12,9,13,1600,1,1,1,1.0,3,85034,M,0.0,0.0,85
201200002353,12,10,13,1915,3,1,1,2.0,6,85051,M,0.0,0.0,85
201200002354,12,11,9,1345,1,1,4,1.0,3,85246,M,0.0,0.0,85
201200002355,12,12,14,1200,1,2,1,3.0,6,85051,M,4668169.0,-99755.0,85
201200002356,12,1,5,1930,3,1,1,1.0,6,85153,M,0.0,0.0,85
201200002357,12,1,25,750,3,1,1,1.0,1,85031,M,0.0,0.0,85
201200002358,12,2,12,1945,5,2,1,1.0,6,85109,M,0.0,0.0,85
201200002359,12,2,25,2000,5,2,2,1.0,3,85109,M,4686948.0,-100666.0,85
201200002360,12,3,8,345,3,1,1,1.0,6,85064,M,0.0,0.0,85
201200002361,12,3,20,1315,1,2,1,1.0,2,85109,M,0.0,0.0,85
201200002362,12,3,29,1815,1,1,1,1.0,6,85109,M,0.0,0.0,85
201200002363,12,4,7,545,3,1,1,1.0,3,85153,M,0.0,0.0,85
201200002364,12,5,27,2100,1,1,1,1.0,6,85017,M,4689243.0,-109223.0,85
201200002365,12,6,18,1000,1,2,1,1.0,3,85109,M,0.0,0.0,85
201200002366,12,6,20,2015,1,1,1,1.0,1,85064,M,4681987.0,-126153.0,85
201200002367,12,7,12,1100,1,1,1,1.0,6,85013,M,0.0,0.0,85
201200002368,12,8,3,1845,1,1,1,7.0,1,85109,M,0.0,0.0,85
201200002369,12,8,27,1515,1,2,1,1.0,3,85082,M,0.0,0.0,85
201200002370,12,9,11,1730,1,1,1,1.0,6,85215,M,0.0,0.0,85
201200002371,12,9,16,200,3,1,1,1.0,6,85215,M,4686136.0,-118143.0,85
201200002372,12,10,7,1015,1,1,1,8.0,4,85082,M,0.0,0.0,85
201200002373,12,11,10,1430,1,2,1,8.0,6,85109,M,0.0,0.0,85
201200002374,12,11,10,1900,3,1,1,8.0,3,85065,M,0.0,0.0,85
201200002375,12,11,14,1100,1,2,1,1.0,6,85109,M,4687311.0,-101312.0,85
201200002376,12,11,26,2030,3,1,1,1.0,6,85109,M,0.0,0.0,85
201200002377,12,1,5,1645,1,1,1,1.0,6,85295,M,0.0,0.0,85
201200002378,12,1,13,1830,2,1,1,1.0,1,85217,M,0.0,0.0,85
201200002379,12,2,9,1415,1,1,1,7.0,1,85224,M,0.0,0.0,85
201200002380,12,5,10,1730,1,1,1,1.0,1,85039,M,0.0,0.0,85
201200002381,12,6,2,1630,1,2,1,1.0,1,85197,M,0.0,0.0,85
201200002382,12,6,21,2045,1,1,1,1.0,1,85295,M,0.0,0.0,85
201200002383,12,6,27,1800,1,1,1,1.0,1,85224,M,4702361.0,-131607.0,85
201200002384,12,9,3,1830,1,1,1,1.0,7,85262,M,0.0,0.0,85
201200002385,12,9,6,1000,1,1,1,1.0,5,85224,M,0.0,0.0,85
201200002386,12,10,6,1815,2,1,1,2.0,6,85295,M,0.0,0.0,85
201200002387,12,11,5,1630,1,1,1,4.0,1,85039,M,0.0,0.0,85
201200002388,12,11,23,1845,3,1,1,1.0,2,85107,M,0.0,0.0,85
201200002389,12,12,7,1730,3,1,1,1.0,3,85076,M,0.0,0.0,85
201200002390,12,1,16,1845,2,1,1,1.0,5,85302,M,0.0,0.0,85
201200002391,12,4,1,130,5,2,6,1.0,7,85238,M,4695193.0,-89346.0,85
201200002392,12,7,13,1700,1,1,1,3.0,3,85097,M,0.0,0.0,85
201200002393,12,11,17,1215,1,1,1,8.0,7,85293,M,0.0,0.0,85
201200002394,12,2,8,1345,1,1,1,1.0,6,85178,M,0.0,0.0,85
201200002395,12,3,21,2045,3,1,1,2.0,1,85003,M,0.0,0.0,85
201200002396,12,3,31,1415,1,1,1,1.0,5,85003,M,0.0,0.0,85
201200002397,12,4,1,630,2,1,1,1.0,6,85191,M,0.0,0.0,85
201200002398,12,6,20,1045,1,1,1,1.0,3,85178,M,0.0,0.0,85
201200002399,12,7,3,1515,1,1,1,1.0,1,85003,M,4671850.0,-162272.0,85
201200002400,12,7,23,400,3,1,1,1.0,6,85129,M,0.0,0.0,85
201200002401,12,7,25,1600,1,1,1,1.0,1,85178,M,0.0,0.0,85
201200002402,12,8,28,1230,1,2,1,1.0,3,85178,M,4673097.0,-143305.0,85
201200002403,12,9,22,1345,1,1,1,1.0,6,85178,M,0.0,0.0,85
201200002404,12,10,5,2015,3,1,1,1.0,3,85178,M,0.0,0.0,85
201200002405,12,11,6,1500,1,1,6,1.0,3,85178,M,0.0,0.0,85
201200002406,12,11,13,900,1,2,1,1.0,3,85129,M,0.0,0.0,85
201200002407,12,2,29,1230,1,1,1,1.0,1,85176,M,0.0,0.0,85
201200002408,12,4,14,2230,5,2,1,1.0,6,85092,M,4646504.0,-83472.0,85
201200002409,12,6,12,1145,1,2,4,1.0,3,85092,M,4646358.0,-79489.0,85
201200002410,12,6,19,1515,1,1,1,8.0,3,85299,M,0.0,0.0,85
201200002411,12,6,24,1745,1,1,1,1.0,1,85092,M,0.0,0.0,85
201200002412,12,9,1,1730,1,2,1,1.0,1,85092,M,4646870.0,-79862.0,85
201200002413,12,9,14,1200,1,2,6,1.0,1,85092,M,0.0,0.0,85
201200002414,12,11,22,1930,3,1,1,1.0,1,85092,M,0.0,0.0,85
201200002415,12,1,14,1945,3,1,1,1.0,1,85149,M,0.0,0.0,85
201200002416,12,3,1,1430,1,2,1,1.0,4,85042,M,0.0,0.0,85
201200002417,12,3,6,1215,1,1,1,1.0,1,85128,M,4646335.0,-116921.0,85
201200002418,12,6,18,1845,1,1,1,1.0,7,85105,M,0.0,0.0,85
201200002419,12,7,6,1630,1,2,9,1.0,2,85128,M,0.0,0.0,85
201200002420,12,8,5,645,2,2,1,2.0,6,85131,M,0.0,0.0,85
201200002421,12,8,11,1430,1,1,1,1.0,1,85149,M,0.0,0.0,85
201200002422,12,9,9,1615,1,2,9,1.0,6,85001,M,0.0,0.0,85
201200002423,12,10,2,1645,1,1,1,1.0,1,85185,M,0.0,0.0,85
201200002424,12,11,28,745,2,1,1,1.0,1,85207,M,0.0,0.0,85
201200002425,12,12,6,1900,3,1,1,1.0,1,85049,M,0.0,0.0,85
201200002426,12,6,9,1915,1,1,2,1.0,3,85143,M,0.0,0.0,85
201200002427,12,10,27,845,1,1,1,1.0,7,85256,M,4647900.0,-71600.0,85
201200002428,12,11,4,1400,1,1,1,1.0,6,85265,M,4640636.0,-71051.0,85
201200002429,12,12,29,1200,1,1,1,1.0,3,85041,M,0.0,0.0,85
201200002430,12,1,16,1245,1,1,1,1.0,1,85059,M,0.0,0.0,85
201200002431,12,1,10,2300,3,1,1,1.0,3,85041,M,0.0,0.0,85
201200002432,12,2,15,1945,3,1,1,1.0,6,85154,M,0.0,0.0,85
201200002433,12,3,28,1145,1,1,1,1.0,3,85031,M,4681116.0,-94019.0,85
201200002434,12,3,31,845,1,1,1,1.0,6,85182,M,0.0,0.0,85
201200002435,12,5,9,2100,1,1,1,1.0,1,85257,M,0.0,0.0,85
201200002436,12,6,9,1430,1,1,1,1.0,1,85041,M,0.0,0.0,85
201200002437,12,7,8,1315,1,1,1,1.0,6,85063,M,0.0,0.0,85
201200002438,12,6,19,800,1,1,1,1.0,1,85090,M,0.0,0.0,85
201200002439,12,7,3,815,1,1,1,1.0,5,85257,M,0.0,0.0,85
201200002440,12,7,27,1945,1,1,2,8.0,3,85180,M,0.0,0.0,85
201200002441,12,8,31,2300,3,1,1,1.0,7,85014,M,0.0,0.0,85
201200002442,12,9,13,1830,3,1,1,1.0,1,85147,M,0.0,0.0,85
201200002443,12,9,30,1930,1,1,1,1.0,1,85037,M,0.0,0.0,85
201200002444,12,10,9,1700,1,1,1,1.0,3,85125,M,0.0,0.0,85
201200002445,12,10,20,1230,1,1,1,3.0,6,85125,M,0.0,0.0,85
201200002446,12,12,16,1720,2,1,1,2.0,6,85147,M,0.0,0.0,85
201200002447,12,3,30,1815,1,1,1,1.0,1,85188,M,0.0,0.0,85
201200002448,12,3,31,400,3,1,1,1.0,7,85174,M,4648485.0,-91625.0,85
201200002449,12,4,5,1630,1,1,1,1.0,1,85174,M,0.0,0.0,85
201200002450,12,6,25,1515,1,1,1,1.0,1,85174,M,0.0,0.0,85
201200002451,12,7,16,500,3,1,1,1.0,1,85188,M,0.0,0.0,85
201200002452,12,7,22,715,2,2,1,1.0,6,85158,M,4646306.0,-100166.0,85
201200002453,12,1,13,2100,3,1,1,1.0,6,85095,M,4686518.0,-177786.0,85
201200002454,12,1,19,745,2,1,1,2.0,1,85260,M,0.0,0.0,85
201200002455,12,1,30,1215,1,1,1,2.0,2,85096,M,0.0,0.0,85
201200002456,12,1,31,1745,1,1,1,1.0,2,85047,M,0.0,0.0,85
201200002457,12,2,3,2245,3,1,1,1.0,1,85086,M,0.0,0.0,85
201200002458,12,3,20,1130,1,1,1,7.0,7,85260,M,0.0,0.0,85
201200002459,12,4,14,1245,1,2,6,1.0,7,85047,M,4684119.0,-186286.0,85
201200002460,12,5,1,1600,1,2,1,1.0,6,85280,M,4686034.0,-195696.0,85
201200002461,12,5,25,1000,1,1,1,1.0,1,85024,M,4695600.0,-182600.0,85
201200002462,12,6,2,1600,1,1,1,1.0,7,85095,M,4690110.0,-175553.0,85
201200002463,12,6,6,1745,1,2,7,1.0,6,85047,M,4684819.0,-187743.0,85
201200002464,12,6,17,930,1,1,1,1.0,6,85047,M,0.0,0.0,85
201200002465,12,7,18,1000,1,1,1,1.0,1,85047,M,0.0,0.0,85
201200002466,12,7,22,1500,1,1,1,1.0,7,85055,M,0.0,0.0,85
201200002467,12,8,15,1115,1,2,6,1.0,1,85047,M,0.0,0.0,85
201200002468,12,9,16,115,3,1,1,1.0,1,85280,M,0.0,0.0,85
201200002469,12,9,20,2115,3,1,1,1.0,6,85204,M,0.0,0.0,85
201200002470,12,10,12,1507,1,1,1,1.0,7,85006,M,0.0,0.0,85
201200002471,12,10,24,815,2,2,1,1.0,6,85047,M,0.0,0.0,85
201200002472,12,11,10,630,3,1,1,1.0,7,85204,M,0.0,0.0,85
201200002473,12,12,11,1545,1,2,6,1.0,6,85047,M,0.0,0.0,85
201200002474,12,12,16,1545,1,2,1,2.0,1,85096,M,0.0,0.0,85
201200002475,12,1,2,1330,1,2,1,1.0,1,85250,M,0.0,0.0,85
201200002476,12,1,18,945,1,1,1,8.0,1,85138,M,0.0,0.0,85
201200002477,12,3,2,900,1,1,1,5.0,1,85161,M,0.0,0.0,85
201200002478,12,3,18,930,1,1,1,3.0,2,85161,M,0.0,0.0,85
201200002479,12,4,16,1800,1,2,1,1.0,3,85118,M,4665145.0,-155517.0,85
201200002480,12,4,16,1730,1,1,1,1.0,5,85118,M,0.0,0.0,85
201200002481,12,4,20,1730,1,2,1,1.0,7,85152,M,0.0,0.0,85
201200002482,12,8,7,200,3,2,1,1.0,1,85112,M,0.0,0.0,85
201200002483,12,9,14,900,1,1,1,1.0,6,85236,M,0.0,0.0,85
201200002484,12,3,23,2015,3,1,1,1.0,1,85083,M,0.0,0.0,85
201200002485,12,4,25,30,3,1,1,3.0,6,85106,M,4697190.0,-225245.0,85
201200002486,12,8,5,600,3,1,1,1.0,6,85106,M,0.0,0.0,85
201200002487,12,10,31,2115,3,2,1,1.0,6,85163,M,0.0,0.0,85
201200002488,12,12,30,1345,1,2,1,1.0,6,85163,M,0.0,0.0,85
201200002489,12,2,11,2045,3,1,1,1.0,1,85222,M,4669593.0,-189727.0,85
201200002490,12,3,17,2015,2,2,6,1.0,3,85222,M,0.0,0.0,85
201200002491,12,6,12,2130,2,2,1,1.0,1,85100,M,0.0,0.0,85
201200002492,12,7,31,1545,1,1,1,1.0,3,85226,M,0.0,0.0,85
201200002493,12,7,27,1345,1,1,1,2.0,1,85100,M,4669122.0,-187772.0,85
201200002494,12,8,6,1730,1,2,1,1.0,3,85035,M,4663058.0,-185723.0,85
201200002495,12,8,20,2030,1,2,6,7.0,6,85222,M,0.0,0.0,85
201200002496,12,8,22,915,1,2,1,1.0,1,85243,M,0.0,0.0,85
201200002497,12,8,24,1715,1,2,1,2.0,1,85045,M,0.0,0.0,85
201200002498,12,8,31,1915,1,2,1,1.0,6,85222,M,4669330.0,-191536.0,85
201200002499,12,11,1,1145,1,1,1,3.0,1,85239,M,0.0,0.0,85
201200002500,12,12,19,2015,3,1,1,2.0,6,85035,M,0.0,0.0,85
201200002501,12,1,2,1100,1,1,1,1.0,1,85029,M,0.0,0.0,85
201200002502,12,1,27,1215,1,1,1,1.0,1,85029,M,0.0,0.0,85
201200002503,12,2,24,1600,1,1,6,1.0,6,85234,M,0.0,0.0,85
201200002504,12,3,22,1415,1,1,1,1.0,1,85234,M,0.0,0.0,85
201200002505,12,4,6,1800,1,2,2,1.0,5,85234,M,0.0,0.0,85
201200002506,12,4,6,1715,1,1,1,1.0,1,85018,M,0.0,0.0,85
201200002507,12,4,22,1430,1,2,1,1.0,6,85234,M,4676386.0,-200835.0,85
201200002508,12,6,12,1215,1,1,1,1.0,1,85273,M,0.0,0.0,85
201200002509,12,6,18,1900,1,1,1,1.0,6,85273,M,0.0,0.0,85
201200002510,12,7,22,1400,1,1,1,7.0,1,85018,M,0.0,0.0,85
201200002511,12,7,22,945,1,1,2,1.0,3,85273,M,0.0,0.0,85
201200002512,12,8,12,2215,2,1,1,2.0,6,85221,M,0.0,0.0,85
201200002513,12,8,18,630,2,2,1,1.0,6,85221,M,0.0,0.0,85
201200002514,12,8,22,515,3,1,1,1.0,3,85172,M,0.0,0.0,85
201200002515,12,8,23,1645,1,2,1,8.0,6,85234,M,0.0,0.0,85
201200002516,12,9,13,1130,1,1,1,1.0,6,85234,M,0.0,0.0,85
201200002517,12,9,16,245,3,1,2,1.0,2,85234,M,0.0,0.0,85
201200002518,12,9,16,1145,1,1,3,1.0,1,85234,M,0.0,0.0,85
201200002519,12,11,11,1130,1,1,1,1.0,1,85029,M,0.0,0.0,85
201200002520,12,11,12,830,1,1,1,1.0,7,85172,M,0.0,0.0,85
201200002521,12,12,4,1330,1,1,1,2.0,7,85234,M,4679887.0,-206480.0,85
201200002522,12,12,22,400,3,1,1,2.0,6,85234,M,0.0,0.0,85
201200002523,12,1,5,1815,3,1,1,1.0,3,85288,M,4651563.0,-158095.0,85
201200002524,12,1,22,1215,1,1,1,1.0,1,85004,M,0.0,0.0,85
201200002525,12,2,6,430,3,1,1,4.0,6,85050,M,0.0,0.0,85
201200002526,12,2,10,630,3,2,1,9.0,2,85156,M,4649395.0,-142945.0,85
201200002527,12,3,14,1645,1,1,1,1.0,6,85288,M,0.0,0.0,85
201200002528,12,3,22,915,1,1,1,1.0,1,85288,M,0.0,0.0,85
201200002529,12,4,6,1730,1,1,1,1.0,6,85278,M,0.0,0.0,85
201200002530,12,5,25,1715,1,1,1,7.0,2,85099,M,0.0,0.0,85
201200002531,12,5,27,1245,1,1,4,1.0,1,85179,M,0.0,0.0,85
201200002532,12,7,22,1800,1,2,1,1.0,6,85294,M,4634146.0,-144014.0,85
201200002533,12,7,21,830,1,1,6,7.0,3,85288,M,0.0,0.0,85
201200002534,12,7,29,1515,1,1,1,1.0,3,85101,M,0.0,0.0,85
201200002535,12,7,31,1445,1,2,9,1.0,1,85294,M,4634458.0,-140722.0,85
201200002536,12,8,3,1730,1,2,1,1.0,2,85288,M,4646338.0,-163565.0,85
201200002537,12,9,6,1815,2,1,1,1.0,1,85022,M,0.0,0.0,85
201200002538,12,9,18,1930,1,1,1,1.0,6,85022,M,4642888.0,-142749.0,85
201200002539,12,10,7,615,3,1,1,1.0,6,85010,M,0.0,0.0,85
201200002540,12,11,22,700,3,1,1,5.0,2,85277,M,0.0,0.0,85
201200002541,12,3,27,900,1,2,1,1.0,1,33498,M,4455600.0,-86100.0,33
201200002542,12,11,26,845,1,1,1,1.0,1,33260,M,4447400.0,-89800.0,33
201200002543,12,12,8,630,3,1,1,1.0,1,33042,M,4462500.0,-76000.0,33
201200002544,12,3,16,1545,1,2,1,1.0,6,33284,M,0.0,0.0,33
201200002545,12,3,30,1215,1,2,1,1.0,6,33019,M,0.0,0.0,33
201200002546,12,4,7,1830,1,1,1,8.0,5,33051,M,0.0,0.0,33
201200002547,12,6,20,915,1,1,1,1.0,2,33284,M,4466300.0,-82100.0,33
201200002548,12,6,30,1745,1,1,3,7.0,5,33555,M,0.0,0.0,33
201200002549,12,7,2,1900,1,2,6,1.0,1,33051,M,0.0,0.0,33
201200002550,12,7,3,1930,1,2,1,1.0,3,33019,M,0.0,0.0,33
201200002551,12,10,13,615,3,2,1,2.0,6,33555,M,4468900.0,-84600.0,33
201200002552,12,11,9,2200,5,2,1,1.0,3,33019,M,0.0,0.0,33
201200002553,12,1,21,1200,1,1,1,1.0,1,33056,M,0.0,0.0,33
201200002554,12,2,17,2130,3,2,1,1.0,6,33056,M,0.0,0.0,33
201200002555,12,3,24,200,3,1,1,1.0,7,33519,M,4491400.0,-71100.0,33
201200002556,12,3,30,1930,1,2,1,1.0,1,33312,M,0.0,0.0,33
201200002557,12,3,31,45,3,1,1,1.0,2,33519,M,4493500.0,-68000.0,33
201200002558,12,4,22,2330,5,2,1,1.0,6,33312,M,4494600.0,-60700.0,33
201200002559,12,8,6,815,1,1,1,2.0,1,33056,M,0.0,0.0,33
201200002560,12,8,28,830,1,2,1,1.0,1,33056,M,0.0,0.0,33
201200002561,12,9,11,1115,1,1,1,1.0,1,33312,M,4494400.0,-60700.0,33
201200002562,12,9,16,2130,3,2,1,1.0,3,33312,M,0.0,0.0,33
201200002563,12,10,24,1130,1,2,1,1.0,3,33056,M,0.0,0.0,33
201200002564,12,11,5,2215,3,1,1,2.0,1,33519,M,0.0,0.0,33
201200002565,12,11,16,1845,3,1,1,1.0,1,33056,M,0.0,0.0,33
201200002566,12,11,17,1945,3,1,2,1.0,3,33519,M,0.0,0.0,33
201200002567,12,12,11,1215,1,2,1,1.0,1,33056,M,0.0,0.0,33
201200002568,12,12,29,630,3,1,1,9.0,1,33519,M,4490200.0,-66800.0,33
201200002569,12,2,16,1100,1,2,1,1.0,1,33011,M,0.0,0.0,33
201200002570,12,6,18,1515,1,2,1,1.0,1,33236,M,0.0,0.0,33
201200002571,12,10,23,1800,1,2,2,1.0,3,33011,M,0.0,0.0,33
201200002572,12,11,11,215,5,2,1,2.0,6,33236,M,0.0,0.0,33
201200002573,12,11,23,1115,1,2,1,1.0,1,33011,M,0.0,0.0,33
201200002574,12,12,16,1645,1,1,1,3.0,3,33011,M,0.0,0.0,33
201200002575,12,1,8,845,1,1,1,2.0,7,33422,M,4481000.0,-81400.0,33
201200002576,12,1,15,430,3,1,1,1.0,6,33273,M,4483800.0,-77600.0,33
201200002577,12,2,28,1815,1,1,1,1.0,3,33273,M,0.0,0.0,33
201200002578,12,5,24,1515,1,1,1,1.0,1,33273,M,4481100.0,-86100.0,33
201200002579,12,7,10,1200,1,1,1,1.0,1,33273,M,0.0,0.0,33
201200002580,12,10,31,1715,2,1,1,1.0,3,33422,M,4481900.0,-70900.0,33
201200002581,12,11,15,915,1,1,3,1.0,3,33273,M,4483900.0,-79800.0,33
201200002582,12,11,28,1730,3,1,1,2.0,7,33422,M,4482800.0,-74100.0,33
201200002583,12,1,20,645,3,1,1,2.0,6,33422,M,0.0,0.0,33
201200002584,12,3,13,1645,1,2,1,1.0,6,33449,M,0.0,0.0,33
201200002585,12,3,15,945,1,2,1,1.0,6,33449,M,0.0,0.0,33
201200002586,12,3,23,1415,1,2,1,1.0,7,33449,M,0.0,0.0,33
201200002587,12,5,9,1500,1,2,1,1.0,6,33449,M,0.0,0.0,33
201200002588,12,5,28,1745,1,2,1,1.0,4,33376,M,0.0,0.0,33
201200002589,12,6,15,1930,1,2,1,1.0,7,33449,M,0.0,0.0,33
201200002590,12,6,20,1245,1,2,1,1.0,5,33376,M,0.0,0.0,33
201200002591,12,7,25,1645,1,2,2,1.0,3,33449,M,0.0,0.0,33
201200002592,12,9,6,1115,1,2,7,1.0,3,33449,M,0.0,0.0,33
201200002593,12,9,9,1245,1,2,1,1.0,3,33449,M,0.0,0.0,33
201200002594,12,10,8,700,2,2,1,1.0,3,33449,M,0.0,0.0,33
201200002595,12,10,9,1800,1,2,1,1.0,3,33449,M,0.0,0.0,33
201200002596,12,11,8,1815,5,2,1,1.0,5,33449,M,0.0,0.0,33
201200002597,12,5,20,1415,1,1,1,3.0,1,33370,M,0.0,0.0,33
201200002598,12,10,21,1715,1,1,1,2.0,7,33101,M,4520800.0,-55700.0,33
201200002599,12,11,1,1800,3,2,1,2.0,3,33047,M,0.0,0.0,33
201200002600,12,11,3,2030,3,1,1,3.0,5,33159,M,4523700.0,-57200.0,33
201200002601,12,4,10,1000,1,1,1,2.0,1,33067,M,0.0,0.0,33
201200002602,12,4,29,745,1,1,1,1.0,6,33388,M,0.0,0.0,33
201200002603,12,5,27,1800,1,1,1,1.0,2,33525,M,4504100.0,-50700.0,33
201200002604,12,8,1,1745,1,2,1,1.0,2,33067,M,4504900.0,-55600.0,33
201200002605,12,9,7,1200,1,1,2,1.0,3,33388,M,0.0,0.0,33
201200002606,12,12,9,215,3,1,1,1.0,6,33388,M,4509700.0,-59400.0,33
201200002607,12,3,30,1915,1,2,1,1.0,6,33473,M,4514500.0,-44600.0,33
201200002608,12,4,8,100,3,1,1,1.0,7,33416,M,4513900.0,-56100.0,33
201200002609,12,5,7,1730,1,1,9,1.0,2,33382,M,4516600.0,-48400.0,33
201200002610,12,6,11,1545,1,1,1,1.0,6,33382,M,4513900.0,-53900.0,33
201200002611,12,6,21,2200,2,2,1,1.0,1,33492,M,4515600.0,-41500.0,33
201200002612,12,8,3,1000,1,1,1,1.0,6,33473,M,4516500.0,-44900.0,33
201200002613,12,8,20,1100,1,1,1,1.0,7,33382,M,4513900.0,-55000.0,33
201200002614,12,12,7,1400,1,1,1,2.0,6,33382,M,4513900.0,-48500.0,33
201200002615,12,1,3,1900,1,1,1,1.0,7,33004,M,0.0,0.0,33
201200002616,12,1,27,1915,2,2,1,1.0,7,33004,M,0.0,0.0,33
201200002617,12,2,1,1745,1,1,1,1.0,3,33003,M,4492900.0,-45300.0,33
201200002618,12,2,25,1700,1,1,1,1.0,6,33433,M,0.0,0.0,33
201200002619,12,4,7,930,1,2,1,2.0,6,33433,M,0.0,0.0,33
201200002620,12,4,16,1200,1,1,1,1.0,3,33003,M,0.0,0.0,33
201200002621,12,5,13,1145,1,2,1,1.0,6,33004,M,0.0,0.0,33
201200002622,12,6,17,900,1,2,1,1.0,3,33433,M,4491300.0,-44100.0,33
201200002623,12,7,17,1815,1,2,1,1.0,3,33433,M,4492100.0,-42700.0,33
201200002624,12,8,14,500,3,1,1,1.0,1,33004,M,0.0,0.0,33
201200002625,12,10,22,615,2,2,1,1.0,7,33004,M,4501300.0,-54500.0,33
201200002626,12,10,23,915,1,2,1,7.0,6,33003,M,4494100.0,-49400.0,33
201200002627,12,10,29,1700,1,2,1,1.0,5,33003,M,0.0,0.0,33
201200002628,12,11,9,1915,1,1,1,1.0,1,33433,M,4492400.0,-44000.0,33
201200002629,12,11,16,1100,1,1,1,1.0,2,33433,M,4493500.0,-44000.0,33