Num_Acc,an,mois,jour,hrmn,lum,agg,int,atm,col,com,gps,lat,long,dep
201200002630,12,11,27,2145,5,2,1,1.0,6,33003,M,4493100.0,-49000.0,33
201200002631,12,1,22,1345,1,1,1,2.0,6,33392,M,4460700.0,-29300.0,33
201200002632,12,3,5,1815,1,1,1,1.0,1,33554,M,0.0,0.0,33
201200002633,12,5,1,1530,1,2,1,1.0,1,33397,M,0.0,0.0,33
201200002634,12,8,28,1800,1,2,1,1.0,3,33096,M,0.0,0.0,33
201200002635,12,7,13,1615,1,1,1,3.0,7,33049,M,0.0,0.0,33
201200002636,12,12,7,1500,1,2,1,1.0,6,33554,M,0.0,0.0,33
201200002637,12,7,26,1715,1,2,1,1.0,7,33213,M,4468200.0,-53100.0,33
201200002638,12,9,15,2330,3,1,1,1.0,6,33474,M,0.0,0.0,33
201200002639,12,9,23,400,5,2,1,1.0,6,33213,M,4468900.0,-51400.0,33
201200002640,12,10,29,700,3,1,1,1.0,3,33023,M,4469900.0,-49500.0,33
201200002641,12,4,11,830,1,2,1,8.0,6,33226,M,0.0,0.0,33
201200002642,12,4,27,1445,1,1,1,1.0,1,33363,M,0.0,0.0,33
201200002643,12,4,27,1700,1,2,1,2.0,6,33140,M,0.0,0.0,33
201200002644,12,5,21,1830,1,1,9,2.0,3,33311,M,0.0,0.0,33
201200002645,12,6,7,1930,1,1,1,1.0,3,33363,M,0.0,0.0,33
201200002646,12,9,24,1400,1,1,1,1.0,7,33505,M,0.0,0.0,33
201200002647,12,12,26,1730,2,2,9,1.0,1,33363,M,0.0,0.0,33
201200002648,12,1,26,1845,3,1,1,1.0,7,33496,M,0.0,0.0,33
201200002649,12,3,4,1400,1,1,1,2.0,3,33496,M,0.0,0.0,33
201200002650,12,5,9,2100,1,2,9,1.0,3,33330,M,0.0,0.0,33
201200002651,12,5,12,1845,1,1,1,1.0,3,33165,M,0.0,0.0,33
201200002652,12,10,4,1715,1,1,1,1.0,1,33496,M,4482500.0,40000.0,33
201200002653,12,12,6,645,2,1,1,9.0,1,33535,M,0.0,0.0,33
201200002654,12,12,22,2215,3,2,1,2.0,1,33496,M,0.0,0.0,33
201200002655,12,1,11,1915,5,1,1,5.0,5,33274,M,0.0,0.0,33
201200002656,12,3,13,2030,3,1,3,1.0,3,33274,M,0.0,0.0,33
201200002657,12,5,4,845,1,1,1,8.0,1,33238,M,0.0,0.0,33
201200002658,12,7,23,945,1,1,1,7.0,1,33080,M,0.0,0.0,33
201200002659,12,8,9,1930,1,2,1,1.0,6,33080,M,0.0,0.0,33
201200002660,12,8,17,1445,1,1,1,7.0,1,33077,M,0.0,0.0,33
201200002661,12,9,27,815,1,2,1,1.0,3,33080,M,0.0,0.0,33
201200002662,12,10,1,700,2,2,1,1.0,3,33238,M,0.0,0.0,33
201200002663,12,10,15,845,1,2,6,7.0,6,33238,M,0.0,0.0,33
201200002664,12,10,16,1900,5,1,1,8.0,1,33238,M,0.0,0.0,33
201200002665,12,10,26,1500,1,1,1,1.0,3,33080,M,0.0,0.0,33
201200002666,12,10,31,1715,1,1,6,1.0,2,33080,M,0.0,0.0,33
201200002667,12,3,3,1430,1,1,1,1.0,3,33030,M,0.0,0.0,33
201200002668,12,4,4,400,3,1,1,1.0,6,33334,M,4468500.0,-40700.0,33
201200002669,12,5,20,1800,1,1,1,2.0,1,33452,M,4463300.0,-43900.0,33
201200002670,12,5,30,630,2,1,1,1.0,1,33205,M,0.0,0.0,33
201200002671,12,7,5,1200,1,1,1,8.0,6,33120,M,4463300.0,-34200.0,33
201200002672,12,8,10,845,1,1,1,1.0,7,33225,M,4456300.0,-44300.0,33
201200002673,12,10,8,2145,3,1,1,1.0,3,33334,M,4468800.0,-41000.0,33
201200002674,12,10,24,630,3,1,1,5.0,6,33225,M,4456700.0,-40000.0,33
201200002675,12,11,16,1430,1,2,1,1.0,6,33081,M,0.0,0.0,33
201200002676,12,2,4,1145,1,2,1,1.0,6,33366,M,0.0,0.0,33
201200002677,12,7,15,1915,1,2,1,1.0,3,33366,M,4500400.0,-44000.0,33
201200002678,12,7,29,1630,1,2,1,1.0,1,33018,M,0.0,0.0,33
201200002679,12,10,11,2015,3,1,1,8.0,2,33495,M,0.0,0.0,33
201200002680,12,10,15,1745,1,1,1,1.0,1,33495,M,0.0,0.0,33
201200002681,12,10,27,1700,1,2,1,1.0,3,33495,M,4502000.0,-38200.0,33
201200002682,12,12,9,130,5,1,1,1.0,2,33366,M,0.0,0.0,33
201200002683,12,1,4,1800,2,2,3,1.0,3,33279,M,0.0,0.0,33
201200002684,12,8,5,515,2,1,1,2.0,1,33323,M,0.0,0.0,33
201200002685,12,8,18,1345,1,1,1,1.0,7,33440,M,0.0,0.0,33
201200002686,12,6,1,1030,1,1,1,1.0,3,33237,M,0.0,0.0,33
201200002687,12,6,23,645,2,2,1,1.0,1,33533,M,0.0,0.0,33
201200002688,12,9,16,1545,1,1,1,1.0,1,33130,M,0.0,0.0,33
201200002689,12,10,16,1100,1,1,1,1.0,1,33323,M,0.0,0.0,33
201200002690,12,10,26,1800,5,2,8,1.0,6,33327,M,0.0,0.0,33
201200002691,12,11,8,1830,3,2,1,1.0,6,33227,M,0.0,0.0,33
201200002692,12,11,27,730,3,1,1,2.0,2,33237,M,0.0,0.0,33
201200002693,12,8,4,1500,1,1,1,1.0,5,87012,M,4607200.0,111000.0,87
201200002694,12,1,4,1600,1,2,1,1.0,6,33036,M,4444300.0,-22900.0,33
201200002695,12,4,20,1500,1,1,1,2.0,5,33116,M,0.0,0.0,33
201200002696,12,6,26,230,5,2,1,1.0,6,33036,M,4443900.0,-21600.0,33
201200002697,12,8,19,915,1,2,1,1.0,2,33036,M,4444100.0,-22100.0,33
201200002698,12,11,11,2130,3,1,1,5.0,6,33316,M,0.0,0.0,33
201200002699,12,1,27,2100,5,2,1,1.0,6,33352,M,0.0,0.0,33
201200002700,12,1,29,530,5,2,1,1.0,6,33287,M,0.0,0.0,33
201200002701,12,4,2,1700,1,1,2,1.0,3,33250,M,4462500.0,-1800.0,33
201200002702,12,4,25,1915,1,1,1,1.0,3,33250,M,0.0,0.0,33
201200002703,12,5,8,1845,1,1,1,1.0,7,33418,M,0.0,0.0,33
201200002704,12,5,18,1200,1,1,1,1.0,7,33287,M,0.0,0.0,33
201200002705,12,6,9,1730,1,1,1,1.0,6,33418,M,0.0,0.0,33
201200002706,12,7,7,2200,3,1,1,1.0,1,33352,M,0.0,0.0,33
201200002707,12,7,7,1700,1,1,1,1.0,1,33204,M,0.0,0.0,33
201200002708,12,1,7,2315,3,1,1,2.0,2,33537,M,0.0,0.0,33
201200002709,12,5,31,1730,1,1,1,1.0,1,33307,M,0.0,0.0,33
201200002710,12,6,20,1645,1,2,1,1.0,7,33484,M,0.0,0.0,33
201200002711,12,1,15,1645,1,1,1,1.0,1,33482,M,4467500.0,-10300.0,33
201200002712,12,3,22,1145,1,1,1,2.0,5,33482,M,0.0,0.0,33
201200002713,12,3,31,1845,1,1,1,1.0,7,33278,M,4474300.0,-3400.0,33
201200002714,12,5,22,1115,1,1,1,1.0,7,33506,M,4467600.0,-10300.0,33
201200002715,12,7,8,1215,1,1,1,2.0,3,33399,M,4465400.0,-11500.0,33
201200002716,12,7,19,400,3,1,1,1.0,7,33057,M,0.0,0.0,33
201200002717,12,7,20,1030,1,2,1,1.0,6,33506,M,0.0,0.0,33
201200002718,12,8,25,1400,1,1,1,1.0,7,33282,M,4478800.0,-10000.0,33
201200002719,12,9,17,900,1,2,1,1.0,6,33506,M,0.0,0.0,33
201200002720,12,10,25,1215,1,1,1,8.0,6,33358,M,0.0,0.0,33
201200002721,12,11,12,1,3,1,1,2.0,6,33008,M,0.0,0.0,33
201200002722,12,11,30,1245,1,2,1,1.0,6,33299,M,0.0,0.0,33
201200002723,12,2,13,1730,1,2,1,1.0,6,33383,M,0.0,0.0,33
201200002724,12,2,23,1400,1,1,2,1.0,3,33128,M,0.0,0.0,33
201200002725,12,5,1,1600,1,1,1,1.0,2,33177,M,0.0,0.0,33
201200002726,12,6,15,830,1,2,1,1.0,1,33177,M,4532200.0,-95100.0,33
201200002727,12,7,24,1345,1,1,2,1.0,3,33240,M,4535600.0,-91300.0,33
201200002728,12,9,24,1600,1,2,1,3.0,3,33038,M,4536800.0,-89500.0,33
201200002729,12,1,26,2230,3,1,1,1.0,1,33022,M,0.0,0.0,33
201200002730,12,2,12,1430,1,1,1,1.0,6,33248,M,0.0,0.0,33
201200002731,12,2,25,1930,3,1,1,1.0,7,33146,M,0.0,0.0,33
201200002732,12,7,27,1215,1,1,1,1.0,5,33022,M,0.0,0.0,33
201200002733,12,8,12,1715,1,1,1,1.0,3,33248,M,0.0,0.0,33
201200002734,12,8,25,300,3,2,1,1.0,7,33022,M,0.0,0.0,33
201200002735,12,9,8,1915,1,1,1,1.0,1,33494,M,4494900.0,-84300.0,33
201200002736,12,10,24,1215,1,1,1,1.0,5,33494,M,0.0,0.0,33
201200002737,12,2,10,1215,1,2,1,1.0,3,33262,M,0.0,0.0,33
201200002738,12,3,26,1915,1,1,1,1.0,6,33012,M,0.0,0.0,33
201200002739,12,3,31,1030,1,1,1,1.0,3,33262,M,4501400.0,-63400.0,33
201200002740,12,7,23,230,3,1,1,1.0,3,33256,M,0.0,0.0,33
201200002741,12,10,8,1030,1,1,1,1.0,5,33262,M,0.0,0.0,33
201200002742,12,11,20,1830,5,1,1,1.0,3,33256,M,4461700.0,-1000.0,33
201200002743,12,5,13,1715,1,1,1,1.0,6,33471,M,0.0,0.0,33
201200002744,12,9,30,1545,1,1,1,1.0,2,33314,M,0.0,0.0,33
201200002745,12,10,19,2230,3,1,1,3.0,7,33125,M,4520800.0,-92700.0,33
201200002746,12,6,26,1700,1,1,2,1.0,4,33514,M,0.0,0.0,33
201200002747,12,8,20,2145,1,2,2,1.0,3,33514,M,0.0,0.0,33
201200002748,12,9,10,700,1,1,1,1.0,1,33540,M,0.0,0.0,33
201200002749,12,9,30,615,5,2,1,1.0,6,33540,M,4537100.0,-108700.0,33
201200002750,12,11,10,530,3,1,1,3.0,6,33521,M,4548500.0,-109900.0,33
201200002751,12,12,11,1700,1,2,1,7.0,6,33348,M,4536900.0,-98200.0,33
201200002752,12,2,17,815,3,1,1,1.0,2,33015,M,0.0,0.0,33
201200002753,12,2,21,1745,1,2,1,1.0,6,33243,M,4492000.0,-24300.0,33
201200002754,12,3,9,715,2,1,1,1.0,4,33015,M,0.0,0.0,33
201200002755,12,4,1,330,3,1,1,1.0,4,33222,M,0.0,0.0,33
201200002756,12,5,9,1515,1,2,1,1.0,2,33243,M,4492100.0,-22000.0,33
201200002757,12,5,26,400,5,2,1,1.0,6,33207,M,4492700.0,-36800.0,33
201200002758,12,7,4,1330,1,2,1,1.0,3,33243,M,0.0,0.0,33
201200002759,12,7,23,1645,1,1,1,1.0,6,33079,M,0.0,0.0,33
201200002760,12,8,6,1145,1,2,1,1.0,6,33243,M,0.0,0.0,33
201200002761,12,8,12,1200,1,1,1,1.0,2,33243,M,0.0,0.0,33
201200002762,12,9,8,2000,1,2,1,1.0,5,33243,M,0.0,0.0,33
201200002763,12,10,13,645,5,1,1,1.0,1,33243,M,0.0,0.0,33
201200002764,12,10,21,600,3,1,1,1.0,6,33539,M,0.0,0.0,33
201200002765,12,11,23,1215,1,1,1,1.0,1,33539,M,0.0,0.0,33
201200002766,12,11,24,2015,5,2,1,1.0,1,33243,M,0.0,0.0,33
201200002767,12,12,13,1215,1,1,1,2.0,1,33539,M,4490000.0,-33200.0,33
201200002768,12,1,3,1845,3,1,1,1.0,3,33185,M,0.0,0.0,33
201200002769,12,2,28,1745,1,2,1,1.0,3,33350,M,4478300.0,-13000.0,33
201200002770,12,5,12,1715,1,1,1,1.0,1,33185,M,4487100.0,-25500.0,33
201200002771,12,5,21,815,1,1,1,2.0,1,33350,M,4478400.0,-13600.0,33
201200002772,12,5,26,2045,1,2,1,1.0,1,33413,M,0.0,0.0,33
201200002773,12,6,15,2230,3,1,3,1.0,3,33078,M,0.0,0.0,33
201200002774,12,9,20,1430,1,2,1,1.0,6,33298,M,4485200.0,-22100.0,33
201200002775,12,10,9,800,1,2,2,2.0,3,33350,M,4477900.0,-12700.0,33
201200002776,12,11,11,1930,3,1,1,1.0,1,33301,M,4479200.0,-17100.0,33
201200002777,12,12,9,230,3,1,1,5.0,7,33298,M,0.0,0.0,33
201200002778,12,2,17,2030,3,1,1,1.0,5,33406,M,0.0,0.0,33
201200002779,12,4,18,1645,1,1,2,3.0,3,33437,M,0.0,0.0,33
201200002780,12,7,21,1945,1,1,1,1.0,6,33485,M,0.0,0.0,33
201200002781,12,8,5,1445,1,1,1,3.0,1,33394,M,0.0,0.0,33
201200002782,12,11,17,2015,3,1,1,8.0,1,33480,M,0.0,0.0,33
201200002783,12,12,13,1815,3,1,1,2.0,6,33437,M,0.0,0.0,33
201200002784,12,1,15,2145,5,2,1,1.0,6,33124,M,0.0,0.0,33
201200002785,12,2,1,1730,3,1,1,1.0,6,33138,M,0.0,0.0,33
201200002786,12,3,13,1800,1,2,1,1.0,3,33138,M,0.0,0.0,33
201200002787,12,5,15,1800,1,2,9,1.0,6,33001,M,0.0,0.0,33
201200002788,12,10,20,1930,3,1,1,2.0,1,33124,M,0.0,0.0,33
201200002789,12,12,30,1730,2,1,1,8.0,7,33362,M,0.0,0.0,33
201200002790,12,1,12,1745,5,2,1,5.0,6,33198,M,0.0,0.0,33
201200002791,12,1,13,945,1,2,3,1.0,3,33198,M,4503700.0,-18500.0,33
201200002792,12,1,13,1930,3,1,2,1.0,5,33393,M,4595900.0,-17000.0,33
201200002793,12,1,13,2230,3,1,1,1.0,1,33445,M,4501900.0,-25900.0,33
201200002794,12,2,24,900,1,1,1,1.0,1,33218,M,4505400.0,-22200.0,33
201200002795,12,3,9,1545,1,1,1,1.0,3,33218,M,0.0,0.0,33
201200002796,12,5,7,1900,2,2,1,1.0,3,33393,M,0.0,0.0,33
201200002797,12,6,2,330,3,2,1,1.0,1,33393,M,4498700.0,-19100.0,33
201200002798,12,6,12,2115,1,1,1,1.0,1,33218,M,4505800.0,-13600.0,33
201200002799,12,12,13,730,2,2,1,2.0,6,33264,M,0.0,0.0,33
201200002800,12,1,13,1145,1,2,1,1.0,2,33402,M,4484500.0,22200.0,33
201200002801,12,8,2,1900,1,2,1,7.0,2,33186,M,4481000.0,7300.0,33
201200002802,12,12,20,815,2,2,6,3.0,6,33324,M,0.0,0.0,33
201200002803,12,6,6,1600,1,1,1,1.0,3,33261,M,0.0,0.0,33
201200002804,12,7,1,1200,1,2,1,1.0,3,33478,M,0.0,0.0,33
201200002805,12,9,2,1900,1,1,9,1.0,7,33332,M,0.0,0.0,33
201200002806,12,4,8,1030,1,1,1,1.0,3,33407,M,0.0,0.0,33
201200002807,12,5,23,1345,1,1,1,1.0,3,33179,M,0.0,0.0,33
201200002808,12,5,23,2230,3,1,1,1.0,6,33548,M,0.0,0.0,33
201200002809,12,5,26,1645,1,1,1,1.0,6,33542,M,0.0,0.0,33
201200002810,12,6,30,1045,1,1,1,1.0,3,33179,M,0.0,0.0,33
201200002811,12,9,2,1800,1,2,1,1.0,2,33219,M,0.0,0.0,33
201200002812,12,9,30,1145,1,1,1,1.0,1,33364,M,0.0,0.0,33
201200002813,12,6,29,115,5,2,1,1.0,6,38124,M,4561080.0,553693.0,38
201200002814,12,1,27,1615,1,1,1,1.0,1,24447,M,0.0,0.0,24
201200002815,12,5,11,2100,1,1,1,1.0,3,24459,M,0.0,0.0,24
201200002816,12,6,19,1815,1,1,1,2.0,1,24156,M,0.0,0.0,24
201200002817,12,7,3,1215,1,1,2,1.0,1,24092,M,0.0,0.0,24
201200002818,12,7,24,230,5,2,1,1.0,6,24098,M,4536700.0,20000.0,24
201200002819,12,9,6,845,1,1,1,7.0,1,24156,M,0.0,0.0,24
201200002820,12,2,29,1545,1,1,1,1.0,7,24170,M,0.0,0.0,24
201200002821,12,7,11,1745,1,1,1,1.0,6,24064,M,0.0,0.0,24
201200002822,12,7,24,1130,1,1,1,1.0,5,24235,M,0.0,0.0,24
201200002823,12,2,16,615,3,1,1,9.0,1,24266,M,4537600.0,548400.0,24
201200002824,12,3,29,2015,2,1,6,1.0,7,24139,M,4513900.0,65700.0,24
201200002825,12,5,6,1630,1,2,1,1.0,6,24442,M,0.0,0.0,24
201200002826,12,5,15,1115,1,2,1,2.0,6,24372,M,0.0,0.0,24
201200002827,12,5,26,1900,1,1,1,1.0,1,24372,M,0.0,0.0,24
201200002828,12,6,11,1900,1,1,1,3.0,6,24010,M,0.0,0.0,24
201200002829,12,8,28,1930,1,2,1,1.0,2,24350,M,0.0,0.0,24
201200002830,12,11,4,615,3,1,1,2.0,7,24108,M,4522200.0,58700.0,24
201200002831,12,2,9,1730,1,1,1,1.0,1,24155,M,4461300.0,98000.0,24
201200002832,12,2,23,1830,2,1,1,1.0,1,24077,M,0.0,0.0,24
201200002833,12,8,3,1345,1,1,1,1.0,6,24037,M,0.0,0.0,24
201200002834,12,10,25,930,1,1,1,1.0,3,24487,M,0.0,0.0,24
201200002835,12,10,30,1345,1,1,2,1.0,3,24340,M,0.0,0.0,24
201200002836,12,4,5,845,1,1,1,1.0,1,24572,M,4462500.0,82900.0,24
201200002837,12,4,26,1545,1,2,1,1.0,6,24223,M,4449500.0,23000.0,24
201200002838,12,6,9,1645,1,1,1,8.0,7,24228,M,4480100.0,69000.0,24
201200002839,12,9,10,900,1,2,1,1.0,6,24362,M,4494100.0,80500.0,24
201200002840,12,10,2,1030,1,1,1,1.0,1,24023,M,0.0,0.0,24
201200002841,12,12,20,745,2,1,1,3.0,5,24331,M,0.0,0.0,24
201200002842,12,1,26,730,2,1,1,1.0,1,24335,M,4485600.0,20100.0,24
201200002843,12,10,19,1830,3,1,1,3.0,5,24461,M,4494200.0,18300.0,24
201200002844,12,11,2,900,2,1,1,2.0,7,24584,M,4494200.0,4900.0,24
201200002845,12,6,7,2200,2,2,1,1.0,2,91275,M,0.0,0.0,91
201200002846,12,5,6,1230,1,1,1,1.0,3,24451,M,4551900.0,64700.0,24
201200002847,12,5,18,1200,1,1,1,1.0,1,24582,M,4542500.0,73000.0,24
201200002848,12,3,19,1600,1,1,1,8.0,1,24227,M,0.0,0.0,24
201200002849,12,3,22,1200,1,1,1,1.0,1,24180,M,0.0,0.0,24
201200002850,12,9,1,1115,1,2,1,1.0,6,24134,M,0.0,0.0,24
201200002851,12,1,12,2000,3,1,1,5.0,1,24586,M,4527500.0,34300.0,24
201200002852,12,2,16,630,3,1,1,9.0,7,24537,M,4519000.0,37900.0,24
201200002853,12,4,6,1230,1,1,1,1.0,6,24038,M,4530100.0,35800.0,24
201200002854,12,4,16,745,1,1,1,1.0,6,24199,M,4543300.0,39400.0,24
201200002855,12,5,6,1600,1,2,1,1.0,6,24243,M,4528500.0,54100.0,24
201200002856,12,7,1,1730,1,2,1,1.0,3,24460,M,4525200.0,41900.0,24
201200002857,12,9,18,1945,3,1,1,2.0,1,24586,M,4526900.0,33800.0,24
201200002858,12,4,13,930,1,1,1,1.0,6,24165,M,0.0,0.0,24
201200002859,12,4,29,645,2,1,1,8.0,6,24294,M,4504600.0,19400.0,24
201200002860,12,6,4,1700,1,1,1,1.0,3,24436,M,4502000.0,27100.0,24
201200002861,12,6,17,1530,1,2,1,1.0,7,24299,M,4505400.0,59500.0,24
201200002862,12,7,18,1045,1,2,2,1.0,3,24299,M,0.0,0.0,24
201200002863,12,8,3,2000,1,2,1,1.0,3,24294,M,0.0,0.0,24
201200002864,12,10,27,1430,1,1,2,1.0,3,24436,M,4506200.0,47500.0,24
201200002865,12,3,3,1000,1,1,1,1.0,2,24082,M,0.0,0.0,24
201200002866,12,3,10,445,3,1,1,1.0,7,24587,M,0.0,0.0,24
201200002867,12,5,16,1445,1,2,1,1.0,3,24520,M,0.0,0.0,24
201200002868,12,6,17,1545,1,1,1,1.0,3,24516,M,0.0,0.0,24
201200002869,12,6,27,1245,1,1,1,7.0,7,24355,M,0.0,0.0,24
201200002870,12,8,28,515,3,1,1,2.0,6,24577,M,0.0,0.0,24
201200002871,12,9,29,1130,1,2,1,1.0,3,24520,M,0.0,0.0,24
201200002872,12,11,4,1330,1,1,1,2.0,6,24366,M,0.0,0.0,24
201200002873,12,10,6,1200,1,1,1,1.0,7,24117,M,0.0,0.0,24
201200002874,12,1,27,1045,1,2,1,5.0,6,24538,M,,,24
201200002875,12,3,16,1145,1,1,1,1.0,3,24091,M,4479200.0,120600.0,24
201200002876,12,4,16,845,1,1,1,1.0,6,24207,M,4482100.0,129600.0,24
201200002877,12,5,12,1900,1,1,1,7.0,6,24035,M,4475900.0,97900.0,24
201200002878,12,5,17,1415,1,2,1,1.0,6,24035,M,4478300.0,100099.0,24
201200002879,12,8,9,845,1,1,1,1.0,3,24538,M,0.0,0.0,24
201200002880,12,11,15,800,1,2,1,1.0,1,24538,M,4476400.0,101400.0,24
201200002881,12,11,16,1200,1,1,1,1.0,6,24293,M,0.0,0.0,24
201200002882,12,3,12,15,3,2,1,1.0,6,24015,M,4487500.0,95000.0,24
201200002883,12,4,7,1130,1,1,1,2.0,1,24388,M,4486200.0,90300.0,24
201200002884,12,5,13,1945,1,1,1,1.0,2,24510,M,4484400.0,113300.0,24
201200002885,12,6,22,2115,1,2,6,1.0,3,24552,M,4502000.0,111700.0,24
201200002886,12,7,4,1645,1,1,1,2.0,5,24172,M,4492100.0,102499.0,24
201200002887,12,12,26,1145,1,1,1,2.0,6,24254,M,0.0,0.0,24
201200002888,12,4,14,1930,1,1,1,1.0,6,24014,M,,,24
201200002889,12,4,27,2200,4,2,1,2.0,3,24547,M,4526800.0,162700.0,24
201200002890,12,4,27,1145,1,1,1,8.0,6,24531,M,4466600.0,118300.0,24
201200002891,12,6,24,1045,1,1,1,1.0,6,24117,M,4511700.0,163000.0,24
201200002892,12,8,1,830,1,1,1,1.0,7,24291,M,0.0,0.0,24
201200002893,12,1,8,1515,1,1,1,8.0,7,40149,M,4409260.0,-39564.0,40
201200002894,12,3,2,2245,3,1,1,1.0,7,40058,M,4406009.0,-39710.0,40
201200002895,12,4,21,1830,1,2,9,8.0,6,40056,M,4404361.0,-53817.0,40
201200002896,12,5,21,1805,1,1,1,3.0,1,40234,M,4396727.0,-31534.0,40
201200002897,12,7,13,1730,1,1,1,1.0,1,40105,M,4406273.0,-66183.0,40
201200002898,12,9,21,1430,1,1,9,1.0,3,40105,M,4405439.0,-65942.0,40
201200002899,12,1,1,1545,1,1,1,1.0,7,40067,M,4385690.0,-79908.0,40
201200002900,12,3,22,1000,1,1,1,1.0,7,40237,M,4376433.0,-92211.0,40
201200002901,12,6,29,1940,1,2,1,1.0,1,40031,M,4381588.0,-84513.0,40
201200002902,12,9,14,1730,1,2,1,1.0,7,40243,M,4392474.0,-91980.0,40
201200002903,12,10,9,1825,1,1,1,1.0,2,40142,M,4382755.0,-99861.0,40
201200002904,12,11,22,1800,1,2,1,1.0,2,40159,M,4375950.0,-89343.0,40
201200002905,12,11,27,1130,1,1,1,2.0,6,40067,M,4387610.0,-77947.0,40
201200002906,12,12,14,1815,5,2,1,2.0,3,40313,M,4382834.0,-80332.0,40
201200002907,12,5,16,1200,1,1,1,1.0,1,40277,M,4366043.0,-104116.0,40
201200002908,12,8,30,1400,1,1,1,2.0,1,40003,M,4369515.0,-112990.0,40
201200002909,12,9,17,2000,3,1,1,1.0,6,40283,M,4376833.0,-99967.0,40
201200002910,12,2,25,1605,1,1,1,1.0,7,40266,M,4407950.0,-120942.0,40
201200002911,12,4,10,600,5,2,6,8.0,3,40075,M,4388244.0,-113498.0,40
201200002912,12,8,3,715,2,2,1,1.0,2,40266,M,4406552.0,-122758.0,40
201200002913,12,9,4,300,3,1,1,1.0,6,40075,M,4383603.0,-110452.0,40
201200002914,12,10,3,1610,1,1,1,1.0,1,40150,M,4386979.0,-132034.0,40
201200002915,12,10,28,1520,1,1,4,1.0,3,40142,M,4385631.0,-99693.0,40
201200002916,12,2,14,745,2,1,1,9.0,7,40038,M,4366328.0,-72642.0,40
201200002917,12,2,20,1020,1,2,2,1.0,3,40235,M,4375572.0,-81521.0,40
201200002918,12,3,4,1615,1,1,2,8.0,3,40308,M,4368802.0,-94205.0,40
201200002919,12,4,9,30,3,1,1,1.0,6,40194,M,4371900.0,-84803.0,40
201200002920,12,5,27,1140,1,1,1,1.0,1,40126,M,4370628.0,-95147.0,40
201200002921,12,8,26,1145,1,1,1,1.0,7,40069,M,4359276.0,-65140.0,40
201200002922,12,12,11,805,2,1,1,8.0,7,40002,M,4357490.0,-73729.0,40
201200002923,12,1,2,2000,3,1,1,2.0,3,40269,M,4363800.0,-110118.0,40
201200002924,12,3,31,530,3,1,1,1.0,7,40269,M,4363356.0,-110684.0,40
201200002925,12,4,12,1610,1,2,1,1.0,1,40269,M,4361270.0,-112639.0,40
201200002926,12,5,10,1820,1,1,1,1.0,6,40118,M,4355898.0,-92878.0,40
201200002927,12,5,22,720,1,1,1,2.0,6,40269,M,4363115.0,-110792.0,40
201200002928,12,7,23,1520,1,1,1,1.0,1,40224,M,4357430.0,-111705.0,40
201200002929,12,8,29,1830,1,2,1,1.0,6,40224,M,4354778.0,-112113.0,40
201200002930,12,10,25,800,2,2,1,1.0,1,40224,M,4355100.0,-109500.0,40
201200002931,12,10,31,1715,1,2,2,1.0,3,40212,M,4355747.0,-114596.0,40
201200002932,12,11,28,915,1,1,1,1.0,3,40095,M,4358981.0,-92028.0,40
201200002933,12,1,8,1820,5,2,1,2.0,6,40284,M,4365860.0,-130998.0,40
201200002934,12,1,19,600,3,1,1,2.0,2,40133,M,4360380.0,-141460.0,40
201200002935,12,4,29,1115,1,1,1,1.0,7,40264,M,4359237.0,-123396.0,40
201200002936,12,8,21,2230,3,1,1,1.0,2,40036,M,4362417.0,-137978.0,40
201200002937,12,9,1,2315,3,2,1,1.0,1,40304,M,4365381.0,-143364.0,40
201200002938,12,9,3,1745,1,2,1,1.0,3,40065,M,4364647.0,-143844.0,40
201200002939,12,9,5,2130,3,1,1,1.0,6,40264,M,4360247.0,-127357.0,40
201200002940,12,11,19,1900,3,1,1,1.0,7,40261,M,4367845.0,-123199.0,40
201200002941,12,1,4,1215,1,1,1,8.0,2,40004,M,4365570.0,-134491.0,40
201200002942,12,2,2,900,1,1,1,1.0,2,40004,M,4365805.0,-135905.0,40
201200002943,12,2,14,700,3,1,1,9.0,1,40168,M,0.0,0.0,40
201200002944,12,3,7,1430,1,2,6,1.0,7,40304,M,4366230.0,-144181.0,40
201200002945,12,3,31,1225,1,1,1,1.0,1,40310,M,4373738.0,-134009.0,40
201200002946,12,5,26,530,5,2,1,1.0,7,40304,M,4365557.0,-143885.0,40
201200002947,12,6,4,400,5,2,1,1.0,1,40328,M,4378636.0,-140321.0,40
201200002948,12,6,25,1200,1,1,1,1.0,5,40310,M,4372171.0,-134637.0,40
201200002949,12,7,16,1715,1,1,1,1.0,6,40296,M,4369016.0,-140721.0,40
201200002950,12,7,26,940,1,1,3,1.0,3,40021,M,4379287.0,-129689.0,40
201200002951,12,8,1,645,2,1,1,1.0,7,40168,M,4376688.0,-118295.0,40
201200002952,12,8,29,2005,2,1,1,1.0,6,40317,M,4369912.0,-135053.0,40
201200002953,12,11,20,1430,1,2,1,1.0,3,40304,M,4365753.0,-144370.0,40
201200002954,12,6,15,1810,1,1,1,1.0,3,40042,M,4356674.0,-127383.0,40
201200002955,12,7,21,1915,1,2,1,1.0,3,40312,M,4354906.0,-146085.0,40
201200002956,12,7,23,1645,1,2,1,1.0,7,40312,M,4352351.0,-146445.0,40
201200002957,12,10,19,1945,5,2,1,8.0,4,40273,M,4353048.0,-138739.0,40
201200002958,12,11,5,946,1,1,1,2.0,1,40273,M,4353899.0,-136938.0,40
201200002959,12,11,17,1230,1,2,3,1.0,5,40312,M,4353357.0,-146096.0,40
201200002960,12,11,23,1630,1,2,1,1.0,3,40312,M,4354762.0,-148825.0,40
201200002961,12,11,27,1600,1,1,1,3.0,2,40044,M,4355407.0,-131119.0,40
201200002962,12,12,15,1145,1,2,1,1.0,3,40312,M,4353760.0,-145829.0,40