Num_Acc,an,mois,jour,hrmn,lum,agg,int,atm,col,com,gps,lat,long,dep
201200002963,12,12,24,2015,5,2,1,1.0,3,40312,M,4353676.0,-146725.0,40
201200002964,12,4,6,1100,1,2,1,1.0,6,40046,M,4438566.0,-115229.0,40
201200002965,12,5,30,1005,1,1,1,1.0,1,40046,M,4437460.0,-112746.0,40
201200002966,12,9,4,1200,1,1,1,1.0,1,40217,M,4432426.0,-110998.0,40
201200002967,12,12,15,1600,1,1,1,1.0,3,40046,M,4442017.0,-114534.0,40
201200002968,12,1,3,100,3,1,1,2.0,7,40197,M,4401770.0,-89820.0,40
201200002969,12,1,23,1515,1,1,1,1.0,5,40303,M,4411390.0,-93662.0,40
201200002970,12,7,6,1605,1,2,2,1.0,3,40134,M,4421139.0,-91679.0,40
201200002971,12,7,16,845,1,1,1,1.0,1,40163,M,4422960.0,-96356.0,40
201200002972,12,7,24,915,1,1,1,1.0,6,40163,M,4419528.0,-96848.0,40
201200002973,12,8,2,1845,1,2,1,1.0,3,40197,M,4402961.0,-92159.0,40
201200002974,12,11,16,1900,2,2,2,1.0,3,40134,M,4421217.0,-91670.0,40
201200002975,12,12,31,930,1,1,1,1.0,1,40197,M,4398852.0,-90185.0,40
201200002976,12,1,1,415,3,1,1,2.0,7,40167,M,4426620.0,-54665.0,40
201200002977,12,4,19,1625,1,1,1,1.0,6,40085,M,4419270.0,-79916.0,40
201200002978,12,4,26,715,1,1,1,2.0,1,40246,M,4412120.0,-70748.0,40
201200002979,12,7,29,1900,1,1,1,1.0,1,40200,M,4436844.0,-75561.0,40
201200002980,12,8,16,1045,1,1,1,1.0,1,40246,M,4417534.0,-74603.0,40
201200002981,12,8,22,1535,1,1,1,1.0,7,40246,M,4414975.0,-83998.0,40
201200002982,12,8,24,1545,1,1,2,1.0,3,40085,M,4425353.0,-81313.0,40
201200002983,12,9,8,830,1,1,1,1.0,1,40246,M,4411936.0,-70624.0,40
201200002984,12,10,25,1720,2,1,1,8.0,4,40295,M,4438831.0,-90479.0,40
201200002985,12,11,30,730,2,1,1,1.0,1,40200,M,4433784.0,-77559.0,40
201200002986,12,2,12,425,5,2,1,1.0,6,40184,M,4421130.0,-129494.0,40
201200002987,12,7,15,2000,1,2,1,1.0,2,40184,M,4420523.0,-122267.0,40
201200002988,12,8,2,415,5,1,1,1.0,7,40184,M,4421927.0,-128283.0,40
201200002989,12,11,18,245,3,2,6,1.0,7,40019,M,4421531.0,-119531.0,40
201200002990,12,1,11,2015,3,1,3,1.0,3,40282,M,4377150.0,-57117.0,40
201200002991,12,1,10,1210,1,2,2,1.0,3,40119,M,4365900.0,-59112.0,40
201200002992,12,2,8,1130,1,2,1,1.0,3,40282,M,4377231.0,-56603.0,40
201200002993,12,2,23,715,2,1,1,1.0,3,40020,M,4377354.0,-58153.0,40
201200002994,12,3,16,930,1,2,1,1.0,7,40119,M,4365455.0,-59057.0,40
201200002995,12,4,4,1605,1,2,1,1.0,6,40119,M,4365852.0,-59116.0,40
201200002996,12,7,4,820,1,1,1,1.0,5,40282,M,4373908.0,-56945.0,40
201200002997,12,7,9,615,2,1,1,1.0,2,40026,M,4379941.0,-55246.0,40
201200002998,12,8,7,1845,1,1,1,1.0,2,40076,M,4378034.0,-61582.0,40
201200002999,12,8,19,1730,1,2,1,1.0,6,40282,M,4376137.0,-57328.0,40
201200003000,12,9,17,900,1,1,1,1.0,2,40061,M,4386482.0,-66161.0,40
201200003001,12,9,21,745,1,1,1,2.0,3,40128,M,4368348.0,-58244.0,40
201200003002,12,10,12,1215,1,1,1,1.0,1,40196,M,4374665.0,-54636.0,40
201200003003,12,11,30,645,2,1,1,1.0,3,40128,M,4369290.0,-58114.0,40
201200003004,12,2,26,30,5,2,1,8.0,7,40001,M,4370250.0,-26314.0,40
201200003005,12,2,29,1815,1,2,7,1.0,6,40001,M,4370027.0,-26228.0,40
201200003006,12,3,28,515,3,1,1,1.0,7,40001,M,4368556.0,-28579.0,40
201200003007,12,5,7,900,1,1,1,1.0,3,40275,M,4378660.0,-46551.0,40
201200003008,12,5,23,1815,1,2,1,1.0,1,40286,M,4364119.0,-49031.0,40
201200003009,12,6,28,2145,2,1,1,1.0,6,40070,M,4382206.0,-32953.0,40
201200003010,12,7,13,1840,1,1,1,1.0,2,40001,M,4365722.0,-27390.0,40
201200003011,12,7,18,2000,1,2,1,1.0,1,40025,M,4382435.0,-41724.0,40
201200003012,12,9,17,715,3,1,1,8.0,1,40117,M,4377326.0,-41393.0,40
201200003013,12,10,20,500,3,1,1,3.0,6,40005,M,4359689.0,-43746.0,40
201200003014,12,7,15,1205,1,1,2,2.0,3,40259,M,4381331.0,-29660.0,40
201200003015,12,7,18,1805,1,1,1,1.0,2,40259,M,4382200.0,-29684.0,40
201200003016,12,9,25,1600,1,1,9,1.0,3,40137,M,4394428.0,-29176.0,40
201200003017,12,10,16,1215,1,1,1,8.0,6,40087,M,4399050.0,-7519.0,40
201200003018,12,10,18,2015,3,1,2,1.0,3,40127,M,4380804.0,-28179.0,40
201200003019,12,11,14,930,1,2,1,1.0,6,40331,M,4389252.0,-30149.0,40
201200003020,12,12,17,400,3,1,1,2.0,7,40158,M,4405670.0,-7074.0,40
201200003021,12,1,21,2100,3,1,1,1.0,7,47169,M,4415890.0,62253.0,47
201200003022,12,2,10,1615,1,1,1,4.0,2,47069,M,4421700.0,51700.0,47
201200003023,12,3,11,545,5,2,1,1.0,2,47246,M,4422860.0,50944.0,47
201200003024,12,3,28,1545,1,1,3,1.0,3,47069,M,4423300.0,55600.0,47
201200003025,12,5,2,1515,1,1,1,1.0,5,47091,M,0.0,0.0,47
201200003026,12,6,4,1500,1,1,1,1.0,6,47100,M,4422690.0,62088.0,47
201200003027,12,6,13,2000,1,1,1,1.0,7,47060,M,4411220.0,74395.0,47
201200003028,12,6,15,1830,1,1,3,1.0,3,47015,M,4403330.0,67255.0,47
201200003029,12,6,17,1845,1,2,1,1.0,3,47069,M,4422850.0,56538.0,47
201200003030,12,6,16,1230,1,1,1,1.0,1,47091,M,4418340.0,58539.0,47
201200003031,12,6,23,2245,5,2,1,1.0,6,47158,M,4408740.0,58668.0,47
201200003032,12,6,24,100,3,1,1,1.0,6,47238,M,4418300.0,53549.0,47
201200003033,12,7,11,1730,1,1,1,1.0,3,47209,M,4422650.0,68609.0,47
201200003034,12,7,18,1430,1,1,1,1.0,6,47015,M,0.0,0.0,47
201200003035,12,7,26,900,1,2,1,1.0,6,47100,M,4423870.0,64902.0,47
201200003036,12,7,28,2300,3,1,1,1.0,6,47169,M,4415000.0,63338.0,47
201200003037,12,8,3,1830,1,1,1,1.0,3,47060,M,4411350.0,73607.0,47
201200003038,12,8,28,1915,1,1,4,1.0,2,47069,M,4422230.0,56853.0,47
201200003039,12,9,4,830,1,1,1,1.0,3,47225,M,4418020.0,56743.0,47
201200003040,12,9,15,1715,1,1,1,1.0,7,47092,M,4411830.0,70921.0,47
201200003041,12,9,26,930,1,1,1,2.0,6,47100,M,4421800.0,63100.0,47
201200003042,12,10,15,1245,1,1,1,1.0,1,47225,M,4417880.0,56629.0,47
201200003043,12,10,23,1830,1,1,1,1.0,7,47137,M,4410970.0,52329.0,47
201200003044,12,10,27,1830,1,1,1,1.0,7,47015,M,4406740.0,65737.0,47
201200003045,12,10,31,1615,1,1,3,1.0,3,47091,M,4416320.0,57893.0,47
201200003046,12,11,6,1015,1,1,1,2.0,6,47100,M,4426010.0,64012.0,47
201200003047,12,12,9,1815,3,1,1,1.0,7,47016,M,4411690.0,53783.0,47
201200003048,12,4,29,2045,2,1,1,2.0,6,47038,M,4435370.0,38272.0,47
201200003049,12,6,12,1030,1,1,1,8.0,1,47210,M,4426970.0,33769.0,47
201200003050,12,6,12,1815,1,1,1,1.0,2,47300,M,4421030.0,50224.0,47
201200003051,12,7,8,745,1,1,1,1.0,6,47004,M,4431900.0,37300.0,47
201200003052,12,7,13,815,1,1,1,1.0,6,47210,M,0.0,0.0,47
201200003053,12,7,19,1945,1,2,1,1.0,1,47038,M,4434250.0,39343.0,47
201200003054,12,9,7,1945,1,2,1,1.0,2,47249,M,4424760.0,39790.0,47
201200003055,12,12,14,1030,3,1,1,2.0,6,47004,M,4431900.0,36400.0,47
201200003056,12,2,17,1830,1,1,1,1.0,1,47128,M,4416550.0,67897.0,47
201200003057,12,6,19,1530,1,1,1,1.0,6,47053,M,4432780.0,70772.0,47
201200003058,12,6,29,2045,1,1,1,1.0,3,47274,M,4414540.0,77306.0,47
201200003059,12,8,16,1015,1,1,2,1.0,3,47062,M,4426350.0,82580.0,47
201200003060,12,10,5,1100,1,1,3,1.0,1,47171,M,4431830.0,72296.0,47
201200003061,12,10,12,2100,5,1,4,1.0,3,47051,M,4417540.0,68595.0,47
201200003062,12,1,6,1830,5,2,9,1.0,3,47157,M,4450670.0,14641.0,47
201200003063,12,1,9,1530,1,1,1,1.0,5,47157,M,4448740.0,14734.0,47
201200003064,12,4,22,100,3,1,1,2.0,7,47326,M,4450080.0,25547.0,47
201200003065,12,4,22,600,2,1,1,2.0,7,47157,M,4452100.0,18600.0,47
201200003066,12,5,3,1045,1,1,1,1.0,2,47157,M,4449120.0,14018.0,47
201200003067,12,5,17,2230,5,2,1,1.0,7,47157,M,4450290.0,16150.0,47
201200003068,12,6,1,1945,1,2,2,1.0,1,47157,M,4450600.0,16485.0,47
201200003069,12,6,28,2330,3,1,1,1.0,7,47157,M,4450410.0,14509.0,47
201200003070,12,7,11,1500,1,1,1,1.0,1,47094,M,0.0,0.0,47
201200003071,12,7,15,2100,1,1,1,1.0,3,47157,M,0.0,0.0,47
201200003072,12,7,30,1630,1,2,1,1.0,3,47157,M,0.0,0.0,47
201200003073,12,8,26,1000,1,1,1,1.0,6,47157,M,4452390.0,15680.0,47
201200003074,12,9,9,45,5,2,6,1.0,3,47157,M,4449800.0,16894.0,47
201200003075,12,9,18,745,1,1,1,1.0,3,47157,M,4449660.0,15339.0,47
201200003076,12,11,7,1430,1,2,1,7.0,6,47157,M,4450430.0,16419.0,47
201200003077,12,11,12,1645,1,2,1,1.0,4,47157,M,4450380.0,16443.0,47
201200003078,12,12,9,2145,3,1,1,1.0,6,47157,M,0.0,0.0,47
201200003079,12,12,10,1845,3,1,2,2.0,3,47157,M,4451600.0,20000.0,47
201200003080,12,2,22,1615,1,1,1,1.0,6,47309,M,4453010.0,42536.0,47
201200003081,12,4,24,2345,3,1,1,1.0,6,47301,M,4456190.0,26787.0,47
201200003082,12,8,14,1145,1,1,2,1.0,3,47229,M,4473280.0,27557.0,47
201200003083,12,2,17,1945,3,1,1,1.0,2,47056,M,0.0,0.0,47
201200003084,12,8,21,1030,2,1,1,1.0,6,47233,M,4453300.0,12150.0,47
201200003085,12,10,10,545,3,1,1,5.0,6,47165,M,4449330.0,7030.0,47
201200003086,12,11,15,1945,3,1,1,1.0,6,47010,M,0.0,0.0,47
201200003087,12,12,25,2215,3,1,1,1.0,3,47114,M,0.0,0.0,47
201200003088,12,1,29,700,2,1,1,1.0,6,47110,M,4444100.0,29096.0,47
201200003089,12,3,19,745,2,1,2,1.0,3,47046,M,4435200.0,24464.0,47
201200003090,12,4,15,1930,1,2,1,1.0,6,47046,M,4441400.0,18727.0,47
201200003091,12,4,26,915,1,1,9,2.0,1,47127,M,4434710.0,41512.0,47
201200003092,12,6,6,1400,1,1,9,1.0,1,47110,M,0.0,0.0,47
201200003093,12,7,4,1715,1,1,1,2.0,6,47065,M,4437160.0,35504.0,47
201200003094,12,9,4,2315,3,1,1,1.0,7,47071,M,4445590.0,48517.0,47
201200003095,12,3,7,700,2,2,2,1.0,3,47043,M,4424960.0,31039.0,47
201200003096,12,9,28,1100,1,1,1,1.0,1,47267,M,4425010.0,28705.0,47
201200003097,12,11,30,1100,1,2,1,7.0,3,47052,M,4431250.0,9190.0,47
201200003098,12,1,31,1645,2,2,1,8.0,1,47175,M,4453490.0,77311.0,47
201200003099,12,2,4,1515,1,1,1,1.0,6,47175,M,4452720.0,74070.0,47
201200003100,12,3,25,2230,5,1,1,1.0,2,47280,M,4440000.0,78780.0,47
201200003101,12,5,21,745,1,1,1,2.0,5,47175,M,4456290.0,75712.0,47
201200003102,12,5,30,845,1,1,3,1.0,1,47017,M,0.0,0.0,47
201200003103,12,6,2,830,1,1,6,1.0,1,47146,M,4442600.0,65600.0,47
201200003104,12,7,1,1530,1,1,2,1.0,3,47315,M,4444760.0,88222.0,47
201200003105,12,7,8,1930,1,1,1,1.0,1,47146,M,4442170.0,65671.0,47
201200003106,12,8,25,815,1,1,1,2.0,1,47175,M,4449150.0,74945.0,47
201200003107,12,10,31,2145,3,1,1,1.0,6,47117,M,4434440.0,78495.0,47
201200003108,12,1,16,1800,2,1,3,5.0,3,47033,M,4453830.0,69792.0,47
201200003109,12,6,30,400,3,1,1,1.0,7,47219,M,4467910.0,76507.0,47
201200003110,12,9,1,2330,3,1,1,1.0,6,47324,M,4462560.0,79556.0,47
201200003111,12,9,6,1800,1,1,3,1.0,3,47219,M,4467590.0,76668.0,47
201200003112,12,12,14,1030,1,1,1,2.0,1,47272,M,0.0,0.0,47
201200003113,12,2,21,1745,1,1,1,1.0,3,47312,M,4439850.0,96103.0,47
201200003114,12,7,8,2030,1,1,3,1.0,3,47070,M,0.0,0.0,47
201200003115,12,7,21,1630,1,1,3,1.0,1,47064,M,4438620.0,92059.0,47
201200003116,12,8,18,800,1,1,1,1.0,1,47106,M,4449010.0,100000.0,47
201200003117,12,10,2,2000,5,2,1,1.0,3,47106,M,4449440.0,96468.0,47
201200003118,12,12,19,2100,3,1,1,9.0,2,47242,M,4457000.0,95000.0,47
201200003119,12,6,11,1730,1,1,1,2.0,1,47173,M,4443950.0,48895.0,47
201200003120,12,9,14,2300,5,2,6,1.0,3,47252,M,4439640.0,59004.0,47
201200003121,12,10,5,1700,1,1,3,1.0,1,47309,M,4451230.0,44747.0,47
201200003122,12,10,30,1730,2,1,1,1.0,1,47049,M,4446710.0,59048.0,47
201200003123,12,11,20,830,1,1,1,5.0,3,47049,M,4443470.0,64175.0,47
201200003124,12,12,24,1015,1,2,1,1.0,1,47049,M,0.0,0.0,47
201200003125,12,1,18,830,1,1,1,1.0,1,64067,M,0.0,0.0,64
201200003126,12,3,14,1700,1,1,1,1.0,1,64067,M,0.0,0.0,64
201200003127,12,3,31,1715,1,1,1,1.0,1,64467,M,0.0,0.0,64
201200003128,12,5,1,1445,1,1,1,1.0,6,64324,M,0.0,0.0,64
201200003129,12,5,6,300,5,2,1,1.0,6,64230,M,0.0,0.0,64
201200003130,12,6,30,230,3,1,1,1.0,1,64550,M,0.0,0.0,64
201200003131,12,7,14,530,3,1,1,1.0,6,64324,M,0.0,0.0,64
201200003132,12,7,26,15,5,2,1,1.0,1,64230,M,0.0,0.0,64
201200003133,12,12,26,2245,1,1,1,1.0,7,64299,M,0.0,0.0,64
201200003134,12,1,12,2300,5,2,6,5.0,6,64519,M,0.0,0.0,64
201200003135,12,2,1,1100,1,1,1,2.0,3,64198,M,4337400.0,-50600.0,64
201200003136,12,2,24,2215,3,1,1,1.0,6,64387,M,0.0,0.0,64
201200003137,12,6,18,1445,1,1,3,1.0,3,64519,M,0.0,0.0,64
201200003138,12,9,8,1815,1,1,1,1.0,6,64387,M,0.0,0.0,64
201200003139,12,10,25,2015,3,1,1,1.0,3,64080,M,0.0,0.0,64
201200003140,12,1,18,930,1,1,1,1.0,6,64482,M,0.0,0.0,64
201200003141,12,3,20,745,2,1,2,5.0,3,64451,M,0.0,0.0,64
201200003142,12,5,9,745,1,1,2,1.0,3,64405,M,0.0,0.0,64
201200003143,12,5,21,930,1,1,1,3.0,6,64309,M,0.0,0.0,64
201200003144,12,6,3,200,3,2,1,2.0,6,64227,M,0.0,0.0,64
201200003145,12,6,9,2350,3,2,1,3.0,6,64482,M,0.0,0.0,64
201200003146,12,6,16,1545,1,2,3,1.0,3,64103,M,4333600.0,-10000.0,64
201200003147,12,6,18,1715,1,2,1,1.0,1,64405,M,0.0,0.0,64
201200003148,12,6,19,1230,1,1,1,3.0,1,64216,M,0.0,0.0,64
201200003149,12,6,22,1615,1,2,1,1.0,1,64405,M,0.0,0.0,64
201200003150,12,7,27,1700,1,1,1,8.0,2,64238,M,0.0,0.0,64
201200003151,12,9,22,1445,1,1,6,1.0,7,64238,M,0.0,0.0,64
201200003152,12,10,26,1800,1,1,2,3.0,3,64488,M,0.0,0.0,64
201200003153,12,11,4,515,3,2,1,2.0,6,64439,M,0.0,0.0,64
201200003154,12,11,15,1815,3,2,2,1.0,5,64405,M,0.0,0.0,64
201200003155,12,6,30,1400,1,2,1,1.0,7,64109,M,0.0,0.0,64
201200003156,12,7,17,1630,1,2,1,1.0,7,64133,M,0.0,0.0,64
201200003157,12,8,20,2045,1,1,1,1.0,7,64068,M,0.0,0.0,64
201200003158,12,10,24,730,2,2,1,1.0,1,64417,M,0.0,0.0,64
201200003159,12,12,17,1845,3,1,1,1.0,7,64400,M,0.0,0.0,64
201200003160,12,10,30,930,1,1,9,1.0,7,64374,M,0.0,0.0,64
201200003161,12,2,26,100,3,1,1,1.0,6,64304,M,0.0,0.0,64
201200003162,12,3,8,1300,1,1,1,1.0,7,64304,M,0.0,0.0,64
201200003163,12,6,28,815,1,1,1,1.0,7,64304,M,0.0,0.0,64
201200003164,12,7,17,1030,1,2,1,7.0,2,64540,M,0.0,0.0,64
201200003165,12,7,22,1800,1,1,1,1.0,1,64304,M,0.0,0.0,64
201200003166,12,3,12,2000,3,1,1,1.0,7,64546,M,0.0,0.0,64
201200003167,12,3,16,715,2,1,1,5.0,1,64256,M,0.0,0.0,64
201200003168,12,5,15,930,3,1,1,1.0,7,64502,M,0.0,0.0,64
201200003169,12,6,12,1430,1,1,1,2.0,1,64546,M,0.0,0.0,64
201200003170,12,6,15,1515,1,1,1,1.0,3,64094,M,0.0,0.0,64
201200003171,12,6,15,1500,1,2,1,1.0,3,64256,M,0.0,0.0,64
201200003172,12,6,28,1215,1,2,1,1.0,2,64256,M,0.0,0.0,64
201200003173,12,9,21,830,2,1,1,1.0,7,64094,M,0.0,0.0,64
201200003174,12,10,21,100,3,1,1,2.0,6,64489,M,0.0,0.0,64
201200003175,12,10,28,1600,1,1,1,1.0,7,64094,M,0.0,0.0,64
201200003176,12,10,30,1845,3,1,2,1.0,3,64161,M,0.0,0.0,64
201200003177,12,11,21,2145,3,1,1,1.0,7,64364,M,0.0,0.0,64
201200003178,12,11,25,1115,1,1,1,2.0,1,64094,M,0.0,0.0,64
201200003179,12,12,22,1800,3,1,1,1.0,3,64123,M,0.0,0.0,64
201200003180,12,4,15,1645,1,1,1,1.0,1,64495,M,0.0,0.0,64
201200003181,12,5,2,1745,1,1,1,1.0,1,64495,M,0.0,0.0,64
201200003182,12,5,10,1630,1,2,1,1.0,1,64504,M,0.0,0.0,64
201200003183,12,5,13,2030,2,1,1,1.0,1,64065,M,0.0,0.0,64
201200003184,12,5,27,1130,1,1,1,1.0,7,64065,M,0.0,0.0,64
201200003185,12,7,1,715,2,1,1,2.0,6,64495,M,0.0,0.0,64
201200003186,12,7,2,1900,1,2,1,1.0,3,64495,M,0.0,0.0,64
201200003187,12,7,21,1115,1,1,1,1.0,1,64495,M,0.0,0.0,64
201200003188,12,8,6,1500,1,1,1,1.0,3,64495,M,0.0,0.0,64
201200003189,12,8,8,1330,1,2,1,1.0,7,64504,M,0.0,0.0,64
201200003190,12,9,5,145,3,1,1,1.0,7,64009,M,0.0,0.0,64
201200003191,12,9,14,1300,1,1,6,1.0,6,64495,M,0.0,0.0,64
201200003192,12,9,16,1100,1,1,3,1.0,3,64495,M,0.0,0.0,64
201200003193,12,10,14,1600,2,1,1,3.0,6,64495,M,0.0,0.0,64
201200003194,12,12,5,1415,1,1,1,1.0,1,64495,M,0.0,0.0,64
201200003195,12,12,13,2230,3,1,1,6.0,6,64495,M,0.0,0.0,64
201200003196,12,3,13,645,5,1,1,1.0,3,64317,M,0.0,0.0,64
201200003197,12,5,28,1745,1,2,6,1.0,7,64547,M,0.0,0.0,64
201200003198,12,6,28,1915,1,1,1,1.0,5,64527,M,0.0,0.0,64
201200003199,12,7,9,100,3,2,1,1.0,6,64038,M,0.0,0.0,64
201200003200,12,7,23,1845,1,2,2,1.0,3,64547,M,0.0,0.0,64
201200003201,12,8,25,1315,1,1,9,3.0,1,64547,M,0.0,0.0,64
201200003202,12,8,26,1430,1,1,1,1.0,3,64213,M,0.0,0.0,64
201200003203,12,8,25,1300,1,2,1,2.0,1,64160,M,0.0,0.0,64
201200003204,12,8,31,2215,3,1,1,1.0,6,64279,M,0.0,0.0,64
201200003205,12,9,25,2130,3,2,1,3.0,1,64160,M,0.0,0.0,64
201200003206,12,10,11,515,3,1,1,1.0,7,64547,M,0.0,0.0,64
201200003207,12,10,15,930,1,2,1,8.0,6,64160,M,0.0,0.0,64
201200003208,12,11,2,1030,1,2,1,7.0,3,64558,M,0.0,0.0,64
201200003209,12,11,27,945,1,1,1,2.0,1,64350,M,0.0,0.0,64
201200003210,12,1,9,1200,1,1,1,8.0,6,64247,M,0.0,0.0,64
201200003211,12,1,25,1545,1,2,1,1.0,3,64371,M,4322800.0,-88600.0,64
201200003212,12,5,30,1130,1,2,6,1.0,1,64371,M,4322300.0,-89200.0,64
201200003213,12,8,11,1445,1,1,1,1.0,2,64391,M,0.0,0.0,64
201200003214,12,8,26,1745,1,1,1,1.0,7,64081,M,0.0,0.0,64
201200003215,12,11,2,2215,3,1,1,6.0,7,64475,M,4301300.0,-83800.0,64
201200003216,12,11,10,800,1,2,1,1.0,6,64378,M,4316900.0,-89200.0,64
201200003217,12,12,7,1500,1,1,3,3.0,3,64188,M,0.0,0.0,64
201200003218,12,12,28,1545,1,2,8,7.0,6,64371,M,4322700.0,-89100.0,64
201200003219,12,12,28,1930,5,2,1,1.0,6,64371,M,4322700.0,-88200.0,64
201200003220,12,5,10,1900,1,1,1,1.0,2,64484,M,0.0,0.0,64
201200003221,12,7,5,815,3,1,1,1.0,6,64047,M,0.0,0.0,64
201200003222,12,7,11,1530,1,1,1,2.0,1,64322,M,0.0,0.0,64
201200003223,12,7,26,1745,1,1,1,1.0,3,64484,M,0.0,0.0,64
201200003224,12,9,1,2030,2,1,1,1.0,7,64066,M,0.0,0.0,64
201200003225,12,6,5,1800,1,1,1,1.0,3,64272,M,0.0,0.0,64
201200003226,12,6,12,915,1,2,1,2.0,1,64493,M,0.0,0.0,64
201200003227,12,6,13,1800,1,1,1,1.0,7,64490,M,0.0,0.0,64
201200003228,12,7,25,2145,5,2,1,1.0,3,64493,M,0.0,0.0,64
201200003229,12,1,24,830,1,2,1,1.0,6,64422,M,0.0,0.0,64
201200003230,12,3,14,1845,1,2,1,1.0,3,64422,M,0.0,0.0,64
201200003231,12,4,29,1915,2,1,1,1.0,3,64209,M,4319000.0,-55300.0,64
201200003232,12,5,11,2145,3,1,1,1.0,7,64064,M,0.0,0.0,64
201200003233,12,6,22,1600,1,1,1,1.0,3,64209,M,0.0,0.0,64
201200003234,12,6,26,1930,1,1,1,1.0,6,64422,M,0.0,0.0,64
201200003235,12,7,21,2015,1,2,1,1.0,1,64422,M,0.0,0.0,64
201200003236,12,7,29,1530,1,2,1,1.0,1,64422,M,0.0,0.0,64
201200003237,12,7,30,1700,1,1,1,1.0,6,64328,M,0.0,0.0,64
201200003238,12,9,23,500,3,2,1,1.0,6,64261,M,0.0,0.0,64
201200003239,12,10,14,545,3,1,1,1.0,1,64460,M,0.0,0.0,64
201200003240,12,12,11,1715,1,2,1,1.0,6,64422,M,0.0,0.0,64
201200003241,12,12,11,1645,2,1,1,1.0,1,64007,M,0.0,0.0,64
201200003242,12,7,5,1445,1,1,1,8.0,7,64185,M,0.0,0.0,64
201200003243,12,8,31,1930,1,1,1,1.0,1,64104,M,0.0,0.0,64
201200003244,12,10,9,1600,1,1,1,1.0,6,64506,M,0.0,0.0,64
201200003245,12,6,28,815,1,1,1,1.0,6,64005,M,4336700.0,-57200.0,64
201200003246,12,10,2,2315,3,1,1,1.0,7,64535,M,0.0,0.0,64
201200003247,12,11,20,1715,1,1,1,1.0,1,64197,M,0.0,0.0,64
201200003248,12,12,7,1730,3,1,1,8.0,1,64416,M,0.0,0.0,64
201200003249,12,12,19,15,3,2,6,2.0,7,64393,M,0.0,0.0,64
201200003250,12,1,15,300,5,2,6,9.0,3,64510,M,0.0,0.0,64
201200003251,12,6,6,1615,1,2,1,1.0,6,64430,M,0.0,0.0,64
201200003252,12,7,27,1330,1,1,1,1.0,1,64135,M,0.0,0.0,64
201200003253,12,8,4,2300,3,1,1,1.0,6,64177,M,0.0,0.0,64
201200003254,12,10,4,730,2,1,1,1.0,6,64430,M,0.0,0.0,64
201200003255,12,11,15,615,3,1,1,1.0,6,64501,M,0.0,0.0,64
201200003256,12,6,8,2300,3,1,1,1.0,1,64480,M,0.0,0.0,64
201200003257,12,10,4,1830,1,2,1,1.0,2,64499,M,0.0,0.0,64
201200003258,12,1,17,1830,3,1,2,1.0,2,86100,M,4652200.0,24400.0,86
201200003259,12,6,18,2115,2,1,1,1.0,7,86297,M,4661500.0,28500.0,86
201200003260,12,10,28,2200,3,1,1,1.0,6,86297,M,0.0,0.0,86
201200003261,12,12,20,1930,3,1,1,1.0,5,86100,M,0.0,0.0,86
201200003262,12,10,21,930,1,2,6,8.0,1,86235,M,0.0,0.0,86
201200003263,12,12,9,1830,3,1,1,1.0,6,86235,M,0.0,0.0,86
201200003264,12,1,20,1915,3,1,1,8.0,6,86219,M,0.0,0.0,86
201200003265,12,1,20,1530,1,1,1,1.0,3,86146,M,0.0,0.0,86
201200003266,12,2,9,800,1,2,1,1.0,6,86115,M,0.0,0.0,86
201200003267,12,2,19,1000,1,1,6,1.0,7,86115,M,0.0,0.0,86
201200003268,12,6,5,1545,1,2,1,1.0,6,86163,M,0.0,0.0,86
201200003269,12,6,11,2215,3,1,1,3.0,7,86219,M,0.0,0.0,86
201200003270,12,11,11,1715,1,1,1,1.0,3,86219,M,0.0,0.0,86
201200003271,12,1,11,900,1,2,6,1.0,3,86211,M,0.0,0.0,86
201200003272,12,3,20,1345,1,1,1,1.0,3,86213,M,0.0,0.0,86
201200003273,12,6,13,1845,1,2,1,1.0,3,86039,M,0.0,0.0,86
201200003274,12,6,18,1145,1,1,1,1.0,7,86278,M,0.0,0.0,86
201200003275,12,7,23,1745,1,1,2,1.0,3,86116,M,0.0,0.0,86
201200003276,12,7,30,2245,3,1,1,1.0,6,86147,M,0.0,0.0,86
201200003277,12,11,18,545,2,1,1,2.0,7,86293,M,0.0,0.0,86
201200003278,12,1,14,1645,1,1,1,1.0,7,86121,M,0.0,0.0,86
201200003279,12,3,25,1915,1,2,1,1.0,1,86294,M,0.0,0.0,86
201200003280,12,6,22,1745,1,1,1,1.0,7,86030,M,0.0,0.0,86
201200003281,12,6,23,2045,1,1,1,1.0,7,86121,M,0.0,0.0,86
201200003282,12,9,19,1445,1,1,1,1.0,1,86031,M,4664300.0,59200.0,86
201200003283,12,5,13,1915,1,1,1,7.0,3,86235,M,0.0,0.0,86
201200003284,12,9,7,1530,1,1,1,1.0,1,86235,M,0.0,0.0,86
201200003285,12,7,23,930,1,1,1,1.0,2,86081,M,0.0,0.0,86
201200003286,12,6,9,1745,1,2,1,7.0,6,86265,M,0.0,0.0,86
201200003287,12,7,31,1615,1,1,1,7.0,1,86258,M,4679200.0,39700.0,86
201200003288,12,8,5,1645,1,1,1,2.0,7,86224,M,0.0,0.0,86
201200003289,12,9,11,2145,3,1,1,1.0,7,86258,M,4682500.0,41000.0,86
201200003290,12,9,29,1530,1,1,3,1.0,1,86007,M,4685600.0,53000.0,86
201200003291,12,11,20,1500,1,1,1,1.0,3,86275,M,4686800.0,48900.0,86
201200003292,12,11,24,215,3,1,1,1.0,6,86272,M,0.0,0.0,86
201200003293,12,12,13,1215,1,1,1,8.0,1,86182,M,0.0,0.0,86
201200003294,12,6,21,2300,4,2,1,1.0,6,86173,M,0.0,0.0,86
201200003295,12,11,23,1200,1,1,4,1.0,3,86079,M,0.0,0.0,86