Num_Acc,an,mois,jour,hrmn,lum,agg,int,atm,col,com,gps,lat,long,dep
201200003296,12,12,16,300,3,1,1,8.0,2,86125,M,0.0,0.0,86
201200003297,12,2,25,2215,3,1,1,1.0,7,86201,M,4693100.0,23600.0,86
201200003298,12,3,3,430,3,1,1,5.0,7,86161,M,4689000.0,-1500.0,86
201200003299,12,3,5,1230,1,1,1,1.0,5,86109,M,4690000.0,13500.0,86
201200003300,12,7,1,1130,1,1,1,1.0,7,86218,M,4689000.0,6400.0,86
201200003301,12,8,6,2030,1,2,1,1.0,6,86181,M,4699000.0,25700.0,86
201200003302,12,9,5,1815,1,2,1,1.0,6,86149,M,0.0,0.0,86
201200003303,12,9,13,800,1,1,1,1.0,1,86013,M,4691400.0,9300.0,86
201200003304,12,9,16,15,3,1,1,1.0,6,86161,M,4689100.0,-1400.0,86
201200003305,12,12,27,2330,5,2,1,1.0,7,86167,M,4692600.0,21100.0,86
201200003306,12,9,10,830,1,1,1,1.0,6,86170,M,0.0,0.0,86
201200003307,12,1,27,1200,1,1,9,1.0,3,86114,M,4657300.0,63300.0,86
201200003308,12,2,17,1200,1,1,1,1.0,6,86070,M,4653700.0,64700.0,86
201200003309,12,4,30,545,2,1,1,1.0,6,86124,M,4659900.0,50000.0,86
201200003310,12,8,27,2045,1,1,1,1.0,7,86031,M,0.0,0.0,86
201200003311,12,11,16,1800,3,1,1,5.0,6,86058,M,4664700.0,51500.0,86
201200003312,12,12,2,830,1,1,1,8.0,6,86124,M,4659400.0,54600.0,86
201200003313,12,5,17,1130,1,2,1,1.0,7,86061,M,0.0,0.0,86
201200003314,12,7,28,1415,1,2,1,1.0,1,86237,M,0.0,0.0,86
201200003315,12,9,3,845,1,1,1,7.0,2,86255,M,0.0,0.0,86
201200003316,12,11,6,2000,5,2,2,1.0,3,86078,M,0.0,0.0,86
201200003317,12,2,10,1600,1,1,1,1.0,3,86234,M,4619300.0,56000.0,86
201200003318,12,4,5,1730,1,1,1,1.0,2,86234,M,4620800.0,53400.0,86
201200003319,12,4,6,1500,1,1,1,1.0,6,86011,M,4616600.0,79900.0,86
201200003320,12,5,4,1345,1,1,1,1.0,6,86172,M,4624000.0,73600.0,86
201200003321,12,10,28,1900,3,1,1,1.0,6,86236,M,0.0,0.0,86
201200003322,12,1,8,1600,1,1,3,1.0,1,16078,M,4572069.0,20001.0,16
201200003323,12,3,10,945,1,2,1,1.0,6,16199,M,4567275.0,23307.0,16
201200003324,12,4,11,1330,1,2,3,1.0,3,16232,M,4566549.0,30351.0,16
201200003325,12,6,4,1830,1,1,1,1.0,1,16061,M,4574342.0,24210.0,16
201200003326,12,6,15,1900,1,1,1,7.0,3,16078,M,4574286.0,19397.0,16
201200003327,12,6,21,930,1,2,1,1.0,6,16385,M,4567321.0,24661.0,16
201200003328,12,12,9,1515,1,1,1,1.0,1,16232,M,4569384.0,27652.0,16
201200003329,12,12,24,345,3,1,1,1.0,7,16078,M,4569143.0,23235.0,16
201200003330,12,1,8,1515,1,1,1,8.0,6,16175,M,4554406.0,-5477.0,16
201200003331,12,1,15,515,3,1,1,5.0,7,16103,M,4552835.0,42252.0,16
201200003332,12,3,30,830,1,1,1,1.0,6,16119,M,4565435.0,27387.0,16
201200003333,12,6,22,645,2,1,1,1.0,6,16175,M,4553232.0,-5523.0,16
201200003334,12,7,1,1915,1,1,2,1.0,5,16147,M,4550863.0,32649.0,16
201200003335,12,7,7,230,3,2,1,1.0,6,16198,M,4550014.0,25086.0,16
201200003336,12,11,22,1300,1,1,1,1.0,7,16101,M,4553746.0,4466.0,16
201200003337,12,1,18,745,1,1,1,1.0,6,16112,M,4530918.0,22997.0,16
201200003338,12,2,16,1130,1,1,1,1.0,6,16170,M,4538024.0,18572.0,16
201200003339,12,2,16,830,1,1,1,8.0,1,16334,M,4536066.0,8789.0,16
201200003340,12,4,17,2345,4,2,1,8.0,7,16073,M,4527543.0,2757.0,16
201200003341,12,5,26,730,1,1,1,1.0,1,16294,M,4538739.0,14407.0,16
201200003342,12,6,26,1430,1,1,1,1.0,4,16004,M,4546259.0,14736.0,16
201200003343,12,7,7,1845,1,1,3,1.0,6,16170,M,4537254.0,15937.0,16
201200003344,12,7,22,1200,1,1,1,1.0,1,16073,M,4528591.0,3541.0,16
201200003345,12,7,22,1430,1,1,1,1.0,7,16115,M,4543667.0,1437.0,16
201200003346,12,8,10,2000,2,1,3,1.0,3,16350,M,4529659.0,25114.0,16
201200003347,12,8,13,1045,1,1,1,1.0,6,16302,M,4527401.0,3889.0,16
201200003348,12,8,24,1700,1,1,1,1.0,1,16222,M,4531247.0,6634.0,16
201200003349,12,9,2,1630,1,1,1,1.0,6,16222,M,4530866.0,6302.0,16
201200003350,12,11,27,1845,3,1,1,5.0,6,16034,M,4523006.0,3528.0,16
201200003351,12,11,30,1915,3,2,1,1.0,6,16073,M,4527791.0,4109.0,16
201200003352,12,12,31,530,3,2,1,1.0,6,16350,M,4531284.0,25465.0,16
201200003353,12,4,10,1915,1,1,1,1.0,7,16097,M,4575460.0,-36469.0,16
201200003354,12,8,3,2115,2,1,1,1.0,7,16304,M,4568759.0,-27123.0,16
201200003355,12,12,2,1330,1,1,1,2.0,6,16359,M,4560180.0,-32033.0,16
201200003356,12,1,12,530,3,1,1,9.0,6,16256,M,4534358.0,-5529.0,16
201200003357,12,3,14,1830,2,2,1,1.0,3,16028,M,4547322.0,-16402.0,16
201200003358,12,5,14,1845,1,1,1,1.0,4,16405,M,4550467.0,-11739.0,16
201200003359,12,7,17,1830,1,1,2,1.0,3,16224,M,4546096.0,-19285.0,16
201200003360,12,10,2,1700,1,1,1,1.0,6,16331,M,4534928.0,1829.0,16
201200003361,12,10,8,1115,1,1,1,1.0,6,16354,M,4538241.0,-3079.0,16
201200003362,12,11,1,345,3,1,1,8.0,6,16177,M,4552280.0,-7351.0,16
201200003363,12,5,3,1745,1,1,1,2.0,6,16202,M,4566807.0,-18763.0,16
201200003364,12,10,15,2315,3,1,1,1.0,6,16088,M,4570398.0,-22607.0,16
201200003365,12,1,19,1430,1,1,1,2.0,1,16065,M,4507765.0,79713.0,16
201200003366,12,1,31,915,1,1,1,1.0,2,16071,M,4590469.0,76177.0,16
201200003367,12,6,7,1215,1,1,1,8.0,1,16071,M,4592337.0,75435.0,16
201200003368,12,6,21,830,1,1,1,1.0,7,16065,M,4508160.0,81255.0,16
201200003369,12,6,26,1015,1,1,1,1.0,6,16016,M,4600769.0,66275.0,16
201200003370,12,6,29,1045,1,2,1,1.0,2,16205,M,4594767.0,62699.0,16
201200003371,12,7,19,1100,1,1,1,2.0,3,16132,M,4588791.0,77252.0,16
201200003372,12,8,9,1945,2,1,1,7.0,6,16064,M,4597051.0,93390.0,16
201200003373,12,12,8,630,3,1,1,1.0,7,16065,M,4608672.0,82500.0,16
201200003374,12,11,14,1700,2,1,1,1.0,1,16375,M,4586074.0,52503.0,16
201200003375,12,11,15,1900,3,1,1,1.0,6,16213,M,4573457.0,50999.0,16
201200003376,12,11,14,1845,3,1,1,1.0,6,16245,M,4587439.0,51512.0,16
201200003377,12,5,24,1815,1,2,1,1.0,6,16292,M,4603029.0,20849.0,16
201200003378,12,11,24,1715,2,2,1,1.0,6,16292,M,4603038.0,19933.0,16
201200003379,12,12,4,315,3,1,1,2.0,6,16002,M,4608416.0,18944.0,16
201200003380,12,2,17,430,3,2,1,1.0,6,16187,M,4565095.0,7706.0,16
201200003381,12,4,28,1330,1,2,1,3.0,6,16019,M,4571650.0,2779.0,16
201200003382,12,8,14,1900,1,1,3,1.0,5,16138,M,4568169.0,6903.0,16
201200003383,12,8,20,1030,1,1,3,1.0,3,16163,M,4567116.0,2132.0,16
201200003384,12,9,22,30,3,1,1,1.0,6,16287,M,4560234.0,2306.0,16
201200003385,12,9,19,1430,1,2,3,1.0,3,16210,M,4574071.0,7691.0,16
201200003386,12,9,25,745,2,1,1,2.0,1,16210,M,4573019.0,6350.0,16
201200003387,12,11,20,1530,1,1,1,1.0,6,16200,M,4586671.0,18518.0,16
201200003388,12,1,27,1730,3,1,2,1.0,3,16003,M,4578863.0,35096.0,16
201200003389,12,2,11,2245,3,1,1,4.0,6,16223,M,4567210.0,50029.0,16
201200003390,12,4,1,1800,1,2,1,1.0,6,16055,M,4561629.0,31882.0,16
201200003391,12,5,11,1730,1,1,1,1.0,7,16211,M,4562716.0,46175.0,16
201200003392,12,6,23,2145,2,2,1,1.0,6,16093,M,4564670.0,36563.0,16
201200003393,12,8,5,1145,1,1,1,2.0,1,16211,M,4561147.0,44959.0,16
201200003394,12,8,19,1115,1,2,1,1.0,3,16124,M,4568282.0,6900.0,16
201200003395,12,6,23,130,3,1,1,1.0,6,16148,M,4579551.0,60.0,16
201200003396,12,5,10,1730,1,1,1,1.0,3,17010,M,0.0,0.0,17
201200003397,12,6,29,1915,1,1,1,1.0,7,17420,M,4610900.0,-105900.0,17
201200003398,12,9,3,1745,1,2,1,1.0,6,17109,M,4614500.0,-102499.0,17
201200003399,12,9,30,1845,1,1,1,1.0,6,17413,M,4608600.0,-106600.0,17
201200003400,12,1,8,45,3,1,1,1.0,7,17349,M,4626800.0,-88000.0,17
201200003401,12,5,9,1730,1,2,1,1.0,6,17208,M,0.0,0.0,17
201200003402,12,6,16,1245,1,1,9,1.0,6,17396,M,0.0,0.0,17
201200003403,12,7,23,1915,1,1,1,1.0,7,17218,M,4629000.0,-93300.0,17
201200003404,12,7,24,1830,1,1,1,1.0,3,17008,M,0.0,0.0,17
201200003405,12,8,14,1715,1,2,8,1.0,1,17218,M,0.0,0.0,17
201200003406,12,8,26,630,2,1,1,1.0,6,17041,M,0.0,0.0,17
201200003407,12,2,16,1500,1,2,2,1.0,1,17051,M,4619700.0,-140200.0,17
201200003408,12,4,17,1715,1,2,1,1.0,1,17297,M,0.0,0.0,17
201200003409,12,5,24,2145,2,2,1,1.0,6,17360,M,0.0,0.0,17
201200003410,12,5,31,1530,1,2,1,1.0,6,17369,M,0.0,0.0,17
201200003411,12,5,27,1600,1,1,6,1.0,3,17369,M,4619800.0,-134600.0,17
201200003412,12,6,16,1745,1,1,1,1.0,3,17297,M,4615600.0,-128000.0,17
201200003413,12,6,16,1845,1,1,1,1.0,5,17051,M,4617800.0,-136600.0,17
201200003414,12,6,28,1300,1,2,1,1.0,1,17121,M,4620000.0,-143300.0,17
201200003415,12,8,4,1445,1,1,1,1.0,7,17360,M,4616600.0,-132000.0,17
201200003416,12,8,20,1230,1,1,1,1.0,3,17161,M,4618400.0,-133300.0,17
201200003417,12,11,3,145,3,1,6,3.0,7,17360,M,4615800.0,-130500.0,17
201200003418,12,12,26,1545,1,1,1,1.0,6,17051,M,4617800.0,-136500.0,17
201200003419,12,8,7,1300,1,1,1,1.0,3,17197,M,0.0,0.0,17
201200003420,12,9,22,600,3,1,1,1.0,6,17192,M,0.0,0.0,17
201200003421,12,11,5,745,3,1,2,3.0,3,17403,M,0.0,0.0,17
201200003422,12,1,19,1500,1,2,1,1.0,6,17210,M,4546100.0,-68900.0,17
201200003423,12,4,22,500,3,2,1,1.0,6,17332,M,4549800.0,-50300.0,17
201200003424,12,5,3,1645,1,1,1,1.0,1,17129,M,4534800.0,-50100.0,17
201200003425,12,5,19,1330,1,2,1,1.0,6,17050,M,0.0,0.0,17
201200003426,12,6,14,2215,2,1,1,1.0,3,17084,M,4553500.0,-66000.0,17
201200003427,12,8,19,945,1,1,1,1.0,1,17250,M,4552600.0,-54200.0,17
201200003428,12,8,23,1930,1,2,9,1.0,6,17129,M,0.0,0.0,17
201200003429,12,9,1,1515,1,1,9,1.0,7,17405,M,4532300.0,-70100.0,17
201200003430,12,9,9,930,1,1,1,1.0,1,17324,M,4540500.0,-56200.0,17
201200003431,12,9,29,1345,1,1,1,1.0,3,17424,M,0.0,0.0,17
201200003432,12,10,7,1815,1,1,1,2.0,6,17081,M,4532200.0,-46900.0,17
201200003433,12,10,19,2115,3,1,1,3.0,1,17038,M,4519400.0,-31300.0,17
201200003434,12,11,27,1615,1,1,1,1.0,2,17074,M,0.0,0.0,17
201200003435,12,12,15,1415,1,1,1,8.0,6,17038,M,0.0,0.0,17
201200003436,12,12,21,1200,1,1,1,2.0,6,17243,M,4525100.0,-28600.0,17
201200003437,12,2,2,1345,1,1,1,1.0,6,17219,M,0.0,0.0,17
201200003438,12,3,15,1500,5,1,1,1.0,1,17058,M,4583800.0,-112900.0,17
201200003439,12,3,31,1445,1,1,1,1.0,3,17185,M,4571800.0,-92800.0,17
201200003440,12,5,9,1330,1,1,1,1.0,7,17185,M,0.0,0.0,17
201200003441,12,6,29,1600,1,1,1,1.0,6,17058,M,0.0,0.0,17
201200003442,12,7,16,1600,1,1,1,1.0,2,17185,M,0.0,0.0,17
201200003443,12,7,17,1115,1,1,2,1.0,3,17406,M,0.0,0.0,17
201200003444,12,8,10,2300,5,1,1,1.0,5,17058,M,0.0,0.0,17
201200003445,12,9,6,1615,3,2,1,1.0,7,17219,M,0.0,0.0,17
201200003446,12,10,2,2100,5,2,6,1.0,3,17185,M,0.0,0.0,17
201200003447,12,10,5,1400,1,2,9,1.0,1,17219,M,0.0,0.0,17
201200003448,12,10,27,1000,1,1,1,2.0,1,17185,M,0.0,0.0,17
201200003449,12,11,22,1600,1,1,1,1.0,3,17185,M,0.0,0.0,17
201200003450,12,12,10,945,1,2,2,1.0,3,17219,M,0.0,0.0,17
201200003451,12,12,26,1400,1,2,1,1.0,6,17219,M,0.0,0.0,17
201200003452,12,3,18,1200,1,2,1,2.0,3,17146,M,0.0,0.0,17
201200003453,12,4,9,115,3,1,1,1.0,6,17375,M,0.0,0.0,17
201200003454,12,5,18,1530,1,1,2,1.0,3,17429,M,0.0,0.0,17
201200003455,12,5,20,1745,1,1,1,1.0,6,17308,M,0.0,0.0,17
201200003456,12,5,28,1200,1,1,1,1.0,1,17484,M,0.0,0.0,17
201200003457,12,7,5,1000,1,1,2,1.0,3,17429,M,0.0,0.0,17
201200003458,12,7,8,1215,1,1,1,1.0,5,17308,M,0.0,0.0,17
201200003459,12,9,12,1245,1,1,1,1.0,1,17036,M,4588600.0,-99000.0,17
201200003460,12,4,29,1900,1,1,1,1.0,1,17337,M,0.0,0.0,17
201200003461,12,5,1,1215,1,2,1,1.0,6,17140,M,0.0,0.0,17
201200003462,12,5,15,1045,1,2,1,1.0,3,17385,M,0.0,0.0,17
201200003463,12,7,21,2345,3,2,1,1.0,6,17337,M,0.0,0.0,17
201200003464,12,8,1,1800,1,2,1,1.0,1,17093,M,0.0,0.0,17
201200003465,12,8,2,1245,1,1,1,1.0,1,17093,M,0.0,0.0,17
201200003466,12,8,7,1945,1,1,1,1.0,7,17323,M,0.0,0.0,17
201200003467,12,8,14,1115,2,1,1,1.0,6,17093,M,0.0,0.0,17
201200003468,12,8,19,100,3,1,1,1.0,6,17140,M,0.0,0.0,17
201200003469,12,8,22,2045,1,2,1,1.0,7,17093,M,0.0,0.0,17
201200003470,12,8,31,230,5,2,1,1.0,6,17337,M,0.0,0.0,17
201200003471,12,11,2,1830,5,2,1,3.0,2,17093,M,0.0,0.0,17
201200003472,12,11,21,1945,3,1,1,1.0,2,17140,M,0.0,0.0,17
201200003473,12,11,28,745,2,2,1,1.0,3,17140,M,0.0,0.0,17
201200003474,12,3,1,1545,1,2,1,1.0,6,17021,M,4574400.0,-112500.0,17
201200003475,12,5,25,1530,1,2,2,1.0,3,17064,M,4570100.0,-104800.0,17
201200003476,12,6,17,1230,1,2,1,1.0,6,17225,M,4569400.0,-118000.0,17
201200003477,12,7,15,1930,1,1,1,1.0,1,17064,M,0.0,0.0,17
201200003478,12,7,24,1345,1,1,1,1.0,1,17225,M,4569900.0,-117700.0,17
201200003479,12,8,3,830,1,2,4,1.0,3,17311,M,4568900.0,-110900.0,17
201200003480,12,9,6,1845,1,2,1,7.0,2,17021,M,4574400.0,-112500.0,17
201200003481,12,11,18,200,3,1,1,2.0,2,17021,M,4574900.0,-113700.0,17
201200003482,12,2,7,1515,1,2,1,1.0,3,17065,M,0.0,0.0,17
201200003483,12,3,23,945,1,1,1,1.0,6,17253,M,4601200.0,-86800.0,17
201200003484,12,4,26,1230,1,1,1,1.0,1,17346,M,0.0,0.0,17
201200003485,12,7,26,915,1,1,1,1.0,7,17346,M,0.0,0.0,17
201200003486,12,7,28,1500,1,1,1,1.0,6,17168,M,0.0,0.0,17
201200003487,12,8,24,1345,1,1,1,1.0,3,17065,M,0.0,0.0,17
201200003488,12,9,26,1530,1,1,1,2.0,5,17253,M,0.0,0.0,17
201200003489,12,11,28,1730,3,1,1,1.0,1,17346,M,0.0,0.0,17
201200003490,12,1,14,300,3,2,1,1.0,6,17434,M,0.0,0.0,17
201200003491,12,1,14,945,1,1,1,9.0,6,17107,M,0.0,0.0,17
201200003492,12,1,27,1715,1,1,1,1.0,7,17482,M,0.0,0.0,17
201200003493,12,2,24,2300,5,2,1,5.0,1,17080,M,0.0,0.0,17
201200003494,12,3,13,1900,1,1,1,1.0,1,17434,M,0.0,0.0,17
201200003495,12,4,9,1015,1,1,1,1.0,6,17359,M,0.0,0.0,17
201200003496,12,4,30,1800,1,1,2,1.0,3,17107,M,0.0,0.0,17
201200003497,12,6,1,1615,1,2,7,1.0,3,17166,M,0.0,0.0,17
201200003498,12,6,9,230,3,2,1,1.0,1,17057,M,0.0,0.0,17
201200003499,12,6,25,1200,1,1,2,1.0,3,17359,M,0.0,0.0,17
201200003500,12,7,20,1815,1,2,1,1.0,6,17003,M,0.0,0.0,17
201200003501,12,8,16,1115,1,2,1,1.0,1,17166,M,0.0,0.0,17
201200003502,12,8,25,30,3,1,1,1.0,7,17293,M,0.0,0.0,17
201200003503,12,8,30,1430,1,1,1,1.0,1,17003,M,0.0,0.0,17
201200003504,12,9,9,615,2,2,1,1.0,6,17359,M,0.0,0.0,17
201200003505,12,12,9,1800,3,1,1,1.0,7,17447,M,0.0,0.0,17
201200003506,12,12,30,2145,3,1,1,2.0,7,17480,M,0.0,0.0,17
201200003507,12,1,11,1115,1,2,1,1.0,6,17102,M,0.0,0.0,17
201200003508,12,6,16,545,2,1,1,1.0,1,17044,M,4565000.0,-58200.0,17
201200003509,12,8,27,1300,1,1,1,1.0,6,17179,M,0.0,0.0,17
201200003510,12,9,8,1715,3,2,1,1.0,6,17387,M,0.0,0.0,17
201200003511,12,11,3,115,3,1,1,1.0,7,17330,M,4575700.0,-92400.0,17
201200003512,12,12,21,1030,1,1,1,8.0,3,17100,M,4569100.0,-43400.0,17
201200003513,12,11,18,1615,1,1,1,1.0,7,17428,M,4585300.0,-28400.0,17
201200003514,12,11,23,1830,3,1,1,1.0,3,17183,M,0.0,0.0,17
201200003515,12,6,8,1200,1,1,1,1.0,3,17283,M,0.0,0.0,17
201200003516,12,6,17,1830,1,2,3,1.0,3,17400,M,0.0,0.0,17
201200003517,12,6,16,1845,1,1,1,1.0,7,17273,M,4565200.0,-47500.0,17
201200003518,12,6,20,930,1,2,1,1.0,6,17283,M,4558500.0,-54200.0,17
201200003519,12,7,6,1730,1,1,1,1.0,6,17242,M,0.0,0.0,17
201200003520,12,7,13,2345,3,1,1,1.0,6,17310,M,0.0,0.0,17
201200003521,12,8,15,1215,1,1,1,2.0,6,17145,M,4558100.0,-43900.0,17
201200003522,12,10,1,745,1,2,6,1.0,3,17283,M,0.0,0.0,17
201200003523,12,10,1,1845,2,1,1,7.0,1,17145,M,4558200.0,-44000.0,17
201200003524,12,10,9,800,1,1,1,8.0,1,17047,M,0.0,0.0,17
201200003525,12,1,7,1130,1,1,1,1.0,1,17248,M,0.0,0.0,17
201200003526,12,4,8,1730,1,2,1,1.0,1,17421,M,0.0,0.0,17
201200003527,12,4,20,1530,1,1,1,1.0,1,17421,M,4568200.0,-93100.0,17
201200003528,12,5,17,330,3,2,1,1.0,6,17230,M,4557100.0,-95400.0,17
201200003529,12,5,17,1145,1,1,1,1.0,7,17015,M,0.0,0.0,17
201200003530,12,6,13,1315,1,1,1,1.0,1,17425,M,0.0,0.0,17
201200003531,12,6,16,1200,1,1,1,2.0,6,17442,M,0.0,0.0,17
201200003532,12,6,29,930,1,2,9,1.0,3,17230,M,0.0,0.0,17
201200003533,12,7,2,1215,1,2,1,1.0,3,17230,M,0.0,0.0,17
201200003534,12,7,18,1145,1,2,1,1.0,1,17228,M,0.0,0.0,17
201200003535,12,7,20,715,1,1,1,1.0,6,17393,M,0.0,0.0,17
201200003536,12,8,8,2330,3,1,1,1.0,6,17097,M,0.0,0.0,17
201200003537,12,8,7,2000,1,1,1,1.0,7,17248,M,0.0,0.0,17
201200003538,12,8,13,2300,3,1,1,1.0,3,17425,M,0.0,0.0,17
201200003539,12,8,24,2000,1,2,1,1.0,2,17421,M,0.0,0.0,17
201200003540,12,10,3,1215,1,1,1,1.0,7,17228,M,0.0,0.0,17
201200003541,12,11,24,1715,1,1,2,1.0,1,17307,M,0.0,0.0,17
201200003542,12,1,28,1930,3,1,2,1.0,1,17347,M,0.0,0.0,17
201200003543,12,1,29,1845,3,1,1,1.0,6,17435,M,4589900.0,-63200.0,17
201200003544,12,4,10,1300,1,1,1,2.0,2,17288,M,0.0,0.0,17
201200003545,12,4,21,2200,1,1,1,1.0,4,17165,M,0.0,0.0,17
201200003546,12,4,24,2130,3,1,1,1.0,7,17087,M,4597500.0,-64300.0,17
201200003547,12,5,31,1915,1,1,1,1.0,3,17347,M,4592900.0,-52600.0,17
201200003548,12,5,31,1230,1,1,1,1.0,3,17150,M,0.0,0.0,17
201200003549,12,6,3,345,3,1,1,1.0,6,17226,M,0.0,0.0,17
201200003550,12,6,17,15,3,1,1,1.0,7,17226,M,0.0,0.0,17
201200003551,12,6,30,115,3,1,1,1.0,2,17157,M,4589400.0,-58300.0,17
201200003552,12,6,30,1900,1,1,1,1.0,3,17022,M,0.0,0.0,17
201200003553,12,7,19,1600,1,1,1,1.0,2,17397,M,4588600.0,-66500.0,17
201200003554,12,7,26,1845,1,2,1,1.0,2,17374,M,0.0,0.0,17
201200003555,12,8,5,245,3,2,1,1.0,6,17467,M,0.0,0.0,17
201200003556,12,8,10,1500,1,2,1,1.0,6,17022,M,0.0,0.0,17
201200003557,12,8,10,1945,1,1,1,1.0,1,17321,M,0.0,0.0,17
201200003558,12,9,30,1015,1,1,1,1.0,3,17087,M,4597400.0,-62400.0,17
201200003559,12,10,12,1445,1,1,2,1.0,3,17450,M,0.0,0.0,17
201200003560,12,11,8,1530,1,1,2,1.0,3,17448,M,0.0,0.0,17
201200003561,12,12,11,2030,5,2,1,1.0,6,17347,M,0.0,0.0,17
201200003562,12,12,24,630,3,1,1,1.0,6,17277,M,4603300.0,-51400.0,17
201200003563,12,6,2,1515,1,1,2,1.0,3,17195,M,4603500.0,-49700.0,17
201200003564,12,9,27,1115,1,1,1,1.0,2,17024,M,4601700.0,-32900.0,17
201200003565,12,11,10,1815,3,1,1,2.0,6,17401,M,4608000.0,-42500.0,17
201200003566,12,11,26,1230,1,1,1,1.0,7,17043,M,0.0,0.0,17
201200003567,12,3,11,815,1,1,1,1.0,6,17224,M,0.0,0.0,17
201200003568,12,4,30,1915,1,1,1,1.0,6,17446,M,0.0,0.0,17
201200003569,12,7,27,2000,1,1,1,1.0,1,17224,M,4586800.0,-29600.0,17
201200003570,12,10,24,1215,1,1,1,1.0,1,17290,M,4583900.0,-34900.0,17
201200003571,12,12,11,1915,3,1,1,1.0,5,17224,M,4586700.0,-31100.0,17
201200003572,12,5,22,1930,1,1,1,1.0,1,79104,M,0.0,0.0,79
201200003573,12,8,25,1530,1,1,1,1.0,1,79309,M,0.0,0.0,79
201200003574,12,9,1,1315,1,1,1,1.0,1,79066,M,0.0,0.0,79
201200003575,12,10,12,1545,1,1,2,1.0,3,79133,M,0.0,0.0,79
201200003576,12,12,3,1830,5,2,1,2.0,7,79290,M,0.0,0.0,79
201200003577,12,12,21,1915,3,1,1,1.0,6,79109,M,0.0,0.0,79
201200003578,12,8,30,1545,1,2,1,1.0,6,79031,M,0.0,0.0,79
201200003579,12,2,24,1945,3,1,1,1.0,5,79189,M,0.0,0.0,79
201200003580,12,5,5,1200,1,1,1,2.0,7,79319,M,0.0,0.0,79
201200003581,12,5,22,1945,1,2,1,7.0,1,79048,M,0.0,0.0,79
201200003582,12,6,15,915,1,1,1,1.0,1,79048,M,0.0,0.0,79
201200003583,12,7,18,2245,3,1,1,1.0,7,79184,M,0.0,0.0,79
201200003584,12,7,24,1200,1,1,6,1.0,3,79048,M,0.0,0.0,79
201200003585,12,8,21,1230,1,2,1,1.0,3,79270,M,0.0,0.0,79
201200003586,12,9,12,900,1,1,1,1.0,6,79024,M,0.0,0.0,79
201200003587,12,9,16,1100,1,1,1,1.0,7,79184,M,0.0,0.0,79
201200003588,12,10,17,700,2,2,1,2.0,6,79201,M,0.0,0.0,79
201200003589,12,10,28,300,3,2,1,1.0,6,79270,M,0.0,0.0,79
201200003590,12,11,25,630,3,1,1,1.0,1,79048,M,0.0,0.0,79
201200003591,12,12,13,1230,1,2,1,2.0,7,79270,M,0.0,0.0,79
201200003592,12,1,20,1245,1,1,1,1.0,1,79049,M,0.0,0.0,79
201200003593,12,2,14,1130,1,1,2,1.0,3,79038,M,0.0,0.0,79
201200003594,12,4,9,1600,1,1,1,1.0,1,79049,M,0.0,0.0,79
201200003595,12,6,22,1830,1,1,2,1.0,3,79049,M,0.0,0.0,79
201200003596,12,7,1,645,2,2,1,1.0,6,79049,M,0.0,0.0,79
201200003597,12,9,22,1445,1,1,1,1.0,1,79049,M,0.0,0.0,79
201200003598,12,10,1,830,1,1,2,7.0,3,79049,M,0.0,0.0,79
201200003599,12,10,28,800,2,1,1,9.0,6,79049,M,0.0,0.0,79
201200003600,12,4,18,1700,1,1,1,7.0,5,79207,M,0.0,0.0,79
201200003601,12,6,30,2030,1,1,2,1.0,5,79079,M,0.0,0.0,79
201200003602,12,11,11,445,3,1,1,1.0,7,79261,M,0.0,0.0,79
201200003603,12,1,24,615,3,1,1,8.0,1,79171,M,0.0,0.0,79
201200003604,12,5,9,2030,1,1,2,1.0,3,79187,M,0.0,0.0,79
201200003605,12,6,14,700,1,1,2,1.0,3,79277,M,0.0,0.0,79
201200003606,12,2,25,1500,1,1,2,1.0,3,79173,M,0.0,0.0,79
201200003607,12,3,13,1530,1,2,1,1.0,6,79129,M,0.0,0.0,79
201200003608,12,3,21,1215,1,2,2,8.0,3,79057,M,0.0,0.0,79
201200003609,12,3,29,1930,1,1,2,1.0,3,79064,M,0.0,0.0,79
201200003610,12,5,1,45,3,1,1,5.0,7,79217,M,0.0,0.0,79
201200003611,12,6,15,1730,1,2,1,1.0,3,79064,M,0.0,0.0,79
201200003612,12,6,30,1945,1,1,2,1.0,3,79198,M,0.0,0.0,79
201200003613,12,7,2,1145,1,1,1,7.0,5,79214,M,0.0,0.0,79
201200003614,12,7,22,1130,1,2,3,1.0,3,79057,M,0.0,0.0,79
201200003615,12,8,31,1430,1,2,3,1.0,3,79353,M,0.0,0.0,79
201200003616,12,3,4,1300,1,2,1,2.0,1,79150,M,0.0,0.0,79
201200003617,12,7,14,1330,1,1,1,8.0,1,79313,M,0.0,0.0,79
201200003618,12,10,20,1315,1,1,1,2.0,1,79060,M,0.0,0.0,79
201200003619,12,11,30,415,3,1,1,1.0,6,79136,M,0.0,0.0,79
201200003620,12,12,5,1845,5,2,1,2.0,3,79083,M,0.0,0.0,79
201200003621,12,2,17,1200,1,2,6,1.0,7,79202,M,0.0,0.0,79
201200003622,12,3,21,1415,1,2,6,1.0,7,79202,M,0.0,0.0,79
201200003623,12,3,23,945,1,2,1,1.0,6,79202,M,0.0,0.0,79
201200003624,12,4,20,2130,3,1,1,1.0,7,79172,M,0.0,0.0,79
201200003625,12,5,9,2100,1,1,1,1.0,1,79285,M,0.0,0.0,79
201200003626,12,5,10,2030,1,2,6,1.0,6,79202,M,0.0,0.0,79
201200003627,12,5,14,1700,1,2,3,1.0,3,79202,M,0.0,0.0,79
201200003628,12,6,16,1900,1,2,2,1.0,1,79202,M,0.0,0.0,79
201200003629,12,8,5,1130,1,1,1,3.0,3,79322,M,0.0,0.0,79
201200003630,12,8,18,1400,1,1,1,1.0,7,79002,M,0.0,0.0,79
201200003631,12,8,25,1600,1,1,1,1.0,1,79322,M,0.0,0.0,79