Num_Acc,an,mois,jour,hrmn,lum,agg,int,atm,col,com,gps,lat,long,dep
201200003632,12,8,26,730,1,1,1,1.0,3,79135,M,0.0,0.0,79
201200003633,12,4,24,1715,1,1,3,8.0,3,79325,M,0.0,0.0,79
201200003634,12,5,1,1615,1,1,2,1.0,3,79019,M,0.0,0.0,79
201200003635,12,5,6,1445,1,1,1,1.0,3,79326,M,0.0,0.0,79
201200003636,12,9,3,830,1,1,1,1.0,3,79016,M,0.0,0.0,79
201200003637,12,10,4,1830,2,1,1,2.0,6,79047,M,0.0,0.0,79
201200003638,12,10,3,2045,3,2,3,2.0,1,79326,M,0.0,0.0,79
201200003639,12,10,11,1700,1,1,2,1.0,3,79156,M,0.0,0.0,79
201200003640,12,10,26,715,3,2,2,5.0,3,79167,M,0.0,0.0,79
201200003641,12,11,28,1145,1,1,2,8.0,3,79156,M,0.0,0.0,79
201200003642,12,12,30,2130,3,1,1,2.0,7,79120,M,0.0,0.0,79
201200003643,12,5,15,1300,1,1,4,1.0,3,79311,M,0.0,0.0,79
201200003644,12,7,25,1045,1,1,1,1.0,6,79007,M,0.0,0.0,79
201200003645,12,7,31,2045,1,2,1,1.0,6,79076,M,0.0,0.0,79
201200003646,12,9,23,1630,1,2,1,1.0,6,79179,M,0.0,0.0,79
201200003647,12,11,20,1045,1,2,3,7.0,1,79001,M,0.0,0.0,79
201200003648,12,12,10,700,3,1,2,2.0,3,87152,M,0.0,0.0,87
201200003649,12,12,22,1630,2,1,1,2.0,5,87107,M,0.0,0.0,87
201200003650,12,1,15,2045,3,1,1,1.0,1,87125,M,,,87
201200003651,12,1,16,515,3,1,1,1.0,7,87178,M,4591530.0,136358.0,87
201200003652,12,1,20,1745,3,1,1,1.0,7,87002,M,4594670.0,135711.0,87
201200003653,12,7,28,1530,1,1,1,1.0,7,87157,M,4594800.0,150358.0,87
201200003654,12,8,27,1700,1,1,1,1.0,3,87002,M,0.0,0.0,87
201200003655,12,9,15,1000,1,1,2,1.0,3,87178,M,0.0,0.0,87
201200003656,12,11,26,1830,5,2,1,2.0,6,87002,M,0.0,0.0,87
201200003657,12,12,30,545,2,1,1,2.0,6,87178,M,0.0,0.0,87
201200003658,12,8,2,1630,1,1,1,1.0,6,87161,M,4584600.0,149700.0,87
201200003659,12,10,25,630,3,1,1,1.0,1,87105,M,4573400.0,165000.0,87
201200003660,12,1,13,1000,1,1,1,8.0,6,87142,M,4577780.0,150271.0,87
201200003661,12,1,31,1830,5,2,1,8.0,6,87129,M,,,87
201200003662,12,5,12,1700,1,1,1,1.0,3,87156,M,,,87
201200003663,12,7,28,1715,1,1,1,1.0,5,87070,M,4578130.0,148624.0,87
201200003664,12,10,15,1000,1,2,1,1.0,6,87161,M,0.0,0.0,87
201200003665,12,1,2,1345,1,1,1,1.0,3,87187,M,,,87
201200003666,12,1,8,1715,2,1,1,8.0,6,87187,M,,,87
201200003667,12,4,20,1900,1,1,1,1.0,3,87106,M,0.0,0.0,87
201200003668,12,7,11,1830,1,2,1,1.0,6,87106,M,4568820.0,117960.0,87
201200003669,12,8,11,1045,1,2,1,1.0,1,87027,M,0.0,0.0,87
201200003670,12,1,23,1830,2,1,1,1.0,1,87028,M,4619930.0,92255.0,87
201200003671,12,3,25,2015,3,1,1,1.0,6,87017,M,4612910.0,109977.0,87
201200003672,12,12,22,945,1,1,1,2.0,3,87028,M,0.0,0.0,87
201200003673,12,12,24,1215,1,1,1,1.0,2,87017,M,0.0,0.0,87
201200003674,12,9,23,315,3,1,1,1.0,7,87184,M,0.0,0.0,87
201200003675,12,9,23,1400,1,1,1,1.0,6,87079,M,4601400.0,144700.0,87
201200003676,12,3,18,1630,1,1,1,8.0,1,87061,M,4615130.0,116574.0,87
201200003677,12,6,8,1230,1,1,2,1.0,3,87180,M,,,87
201200003678,12,6,25,1230,1,1,1,2.0,6,87089,M,4619390.0,116877.0,87
201200003679,12,7,21,1500,1,1,1,1.0,2,87003,M,0.0,0.0,87
201200003680,12,8,15,1600,1,1,1,1.0,6,87003,M,0.0,0.0,87
201200003681,12,10,23,945,1,1,1,1.0,1,87149,M,4624400.0,133300.0,87
201200003682,12,9,26,1130,1,1,1,2.0,6,87126,M,0.0,0.0,87
201200003683,12,10,12,2030,3,1,1,1.0,1,87185,M,0.0,0.0,87
201200003684,12,10,17,145,3,1,1,1.0,6,87154,M,0.0,0.0,87
201200003685,12,6,11,1830,1,1,1,2.0,1,87168,M,0.0,0.0,87
201200003686,12,7,25,1330,1,2,1,1.0,1,87054,M,4570620.0,85671.0,87
201200003687,12,9,6,1615,1,1,1,1.0,6,87091,M,0.0,0.0,87
201200003688,12,11,4,1000,1,1,1,2.0,6,87111,M,0.0,0.0,87
201200003689,12,3,7,745,2,1,1,1.0,6,19211,M,4523610.0,166056.0,19
201200003690,12,4,15,1730,1,1,1,1.0,5,19061,M,4520630.0,167558.0,19
201200003691,12,8,1,1630,1,1,3,1.0,3,19220,M,4528960.0,189818.0,19
201200003692,12,8,14,1530,1,2,1,7.0,6,19101,M,4524570.0,177520.0,19
201200003693,12,8,20,1900,1,1,2,1.0,1,19146,M,4532920.0,175417.0,19
201200003694,12,10,12,2015,5,2,1,1.0,3,19101,M,4524790.0,177111.0,19
201200003695,12,11,4,1145,1,1,1,1.0,5,19146,M,4530050.0,177706.0,19
201200003696,12,5,6,645,2,1,1,1.0,1,19192,M,4511870.0,191009.0,19
201200003697,12,5,16,1645,1,2,1,1.0,3,19084,M,4515530.0,187047.0,19
201200003698,12,6,10,30,3,1,1,8.0,6,19045,M,4503420.0,192903.0,19
201200003699,12,6,23,930,1,1,1,1.0,1,19192,M,4513790.0,188152.0,19
201200003700,12,7,6,1645,1,1,1,2.0,1,19091,M,4507090.0,197566.0,19
201200003701,12,8,31,945,1,1,1,1.0,3,19007,M,4496250.0,185726.0,19
201200003702,12,10,8,2115,5,2,1,3.0,6,19140,M,4507720.0,192955.0,19
201200003703,12,1,28,1230,1,1,1,4.0,1,19176,M,4538200.0,201538.0,19
201200003704,12,9,6,1230,1,2,1,1.0,3,19143,M,4535770.0,197980.0,19
201200003705,12,10,24,1600,1,1,1,7.0,1,19073,M,4539390.0,206060.0,19
201200003706,12,11,4,1900,3,2,1,3.0,1,19081,M,4535630.0,197217.0,19
201200003707,12,8,14,2015,1,2,1,1.0,1,19222,M,4516550.0,198411.0,19
201200003708,12,11,5,1600,1,1,1,2.0,1,19097,M,4529260.0,204678.0,19
201200003709,12,4,4,1815,1,1,1,1.0,6,19250,M,4551110.0,151511.0,19
201200003710,12,4,14,230,3,1,1,1.0,1,19129,M,4553500.0,150466.0,19
201200003711,12,5,24,1315,1,1,1,1.0,6,19213,M,4538440.0,164322.0,19
201200003712,12,8,18,2330,3,1,1,1.0,1,19209,M,4559510.0,182811.0,19
201200003713,12,9,7,1915,1,2,1,1.0,6,19250,M,4550510.0,153514.0,19
201200003714,12,11,27,1215,1,1,1,1.0,6,19037,M,4542320.0,171218.0,19
201200003715,12,1,12,645,3,1,1,5.0,1,19093,M,4508900.0,156684.0,19
201200003716,12,1,12,445,3,1,1,5.0,7,19229,M,4512790.0,142864.0,19
201200003717,12,4,23,1530,1,1,1,3.0,3,19063,M,4513860.0,158370.0,19
201200003718,12,8,19,715,1,1,6,1.0,7,19229,M,4512830.0,143785.0,19
201200003719,12,10,19,1615,1,1,1,1.0,1,19031,M,4517040.0,156420.0,19
201200003720,12,10,26,1700,2,1,1,2.0,1,19151,M,4509820.0,152114.0,19
201200003721,12,10,30,1345,1,1,1,1.0,5,19123,M,4517660.0,160078.0,19
201200003722,12,12,2,1145,1,2,1,2.0,6,19123,M,4517817.0,159438.0,19
201200003723,12,8,1,200,3,1,1,1.0,6,19032,M,4503250.0,184353.0,19
201200003724,12,12,21,1630,1,1,1,2.0,7,19023,M,4511466.0,169120.0,19
201200003725,12,12,27,1515,1,1,1,3.0,6,19273,M,4506246.0,156442.0,19
201200003726,12,4,1,1830,1,1,1,1.0,6,19202,M,4524920.0,158598.0,19
201200003727,12,4,3,815,1,1,1,1.0,6,19246,M,0.0,0.0,19
201200003728,12,5,21,845,1,1,1,5.0,6,19202,M,4523290.0,159765.0,19
201200003729,12,7,11,1130,2,1,1,1.0,6,19246,M,4521980.0,146229.0,19
201200003730,12,7,14,315,5,1,1,2.0,6,19005,M,4522580.0,142662.0,19
201200003731,12,8,25,2345,3,1,1,1.0,5,19278,M,4521690.0,143097.0,19
201200003732,12,9,24,1230,1,2,1,8.0,3,19005,M,4525770.0,147551.0,19
201200003733,12,9,29,1615,1,1,1,1.0,6,19274,M,4518610.0,153944.0,19
201200003734,12,10,3,1215,1,1,1,1.0,1,19005,M,4523300.0,143545.0,19
201200003735,12,7,17,845,1,1,1,1.0,6,19285,M,4538430.0,152727.0,19
201200003736,12,4,10,1715,1,2,1,2.0,3,19153,M,4525850.0,140977.0,19
201200003737,12,5,22,1745,1,1,3,1.0,1,19035,M,4530640.0,135053.0,19
201200003738,12,6,13,745,1,2,1,1.0,3,19094,M,4531730.0,132448.0,19
201200003739,12,8,18,1915,1,1,1,1.0,7,19059,M,4535740.0,133204.0,19
201200003740,12,8,28,1015,1,1,1,1.0,1,19094,M,4532780.0,132057.0,19
201200003741,12,10,30,2315,3,1,1,1.0,1,19187,M,4528020.0,136078.0,19
201200003742,12,5,26,1330,1,2,1,1.0,3,19028,M,4566000.0,282500.0,19
201200003743,12,6,3,1515,1,1,1,1.0,6,19218,M,4543480.0,245109.0,19
201200003744,12,8,16,1345,1,1,1,1.0,7,19160,M,4558770.0,197005.0,19
201200003745,12,8,28,1845,1,1,1,1.0,6,19074,M,4565940.0,182182.0,19
201200003746,12,2,29,1345,1,1,1,1.0,7,23064,M,4633300.0,211400.0,23
201200003747,12,6,16,800,2,1,1,1.0,6,23112,M,0.0,0.0,23
201200003748,12,6,21,2000,1,1,1,1.0,1,23112,M,0.0,0.0,23
201200003749,12,8,15,1830,1,1,1,1.0,3,23254,M,4630200.0,222100.0,23
201200003750,12,11,9,1900,5,2,1,8.0,6,23252,M,0.0,0.0,23
201200003751,12,11,22,1800,3,1,1,9.0,6,23254,M,0.0,0.0,23
201200003752,12,4,17,1800,1,1,1,2.0,7,23145,M,0.0,0.0,23
201200003753,12,5,11,1500,1,1,2,1.0,3,23114,M,0.0,0.0,23
201200003754,12,8,30,2315,3,1,1,1.0,5,23026,M,4622700.0,229900.0,23
201200003755,12,4,7,1915,2,2,1,1.0,7,23176,M,,,23
201200003756,12,5,7,2245,3,1,1,1.0,6,23219,M,4622100.0,144500.0,23
201200003757,12,6,14,1745,1,1,1,1.0,3,23235,M,0.0,0.0,23
201200003758,12,6,23,1445,1,1,3,1.0,1,23176,M,4623300.0,151000.0,23
201200003759,12,8,17,1045,1,1,1,1.0,6,23065,M,4630100.0,163800.0,23
201200003760,12,11,7,1945,5,2,1,1.0,1,23176,M,0.0,0.0,23
201200003761,12,1,20,1645,1,1,1,2.0,6,23185,M,0.0,0.0,23
201200003762,12,8,12,1345,1,2,1,1.0,6,23020,M,,,23
201200003763,12,11,14,1500,1,2,1,1.0,6,23008,M,0.0,0.0,23
201200003764,12,4,22,645,1,1,1,1.0,6,23013,M,4603400.0,252100.0,23
201200003765,12,9,21,1830,1,1,1,1.0,6,23048,M,0.0,0.0,23
201200003766,12,11,16,1115,1,2,1,1.0,1,23131,M,4550500.0,281400.0,23
201200003767,12,6,11,1545,1,1,1,8.0,6,23063,M,4579200.0,214800.0,23
201200003768,12,6,22,1030,1,1,3,1.0,3,23224,M,4572900.0,231700.0,23
201200003769,12,3,7,1445,1,1,3,1.0,3,23126,M,0.0,0.0,23
201200003770,12,4,11,1510,1,1,1,2.0,1,23168,M,,,23
201200003771,12,4,18,2000,2,1,1,8.0,1,23189,M,4602300.0,171700.0,23
201200003772,12,5,4,830,1,1,2,1.0,3,23189,M,4601800.0,178300.0,23
201200003773,12,5,3,1030,1,2,1,1.0,6,23189,M,0.0,0.0,23
201200003774,12,7,14,1630,1,1,1,8.0,6,23137,M,4610700.0,167700.0,23
201200003775,12,1,6,945,1,1,1,1.0,6,31567,M,0.0,0.0,31
201200003776,12,3,27,1730,1,1,2,1.0,1,31184,M,0.0,0.0,31
201200003777,12,4,14,1245,1,1,3,1.0,6,31445,M,4358419.0,154937.0,31
201200003778,12,7,17,1630,1,1,1,1.0,6,31567,M,0.0,0.0,31
201200003779,12,7,27,1200,1,1,1,1.0,1,31082,M,4359796.0,169460.0,31
201200003780,12,8,11,400,3,1,4,1.0,6,31228,M,4368502.0,160443.0,31
201200003781,12,8,15,1900,1,2,1,1.0,1,31389,M,0.0,0.0,31
201200003782,12,9,8,2200,3,1,1,1.0,1,31445,M,0.0,0.0,31
201200003783,12,9,9,1000,1,2,1,1.0,1,31044,M,0.0,0.0,31
201200003784,12,9,20,700,2,1,1,1.0,6,31501,M,4364339.0,161268.0,31
201200003785,12,10,11,1430,1,1,2,1.0,1,31029,M,4352580.0,168123.0,31
201200003786,12,1,25,1045,1,2,1,1.0,6,31113,M,4351734.0,150712.0,31
201200003787,12,3,3,1915,3,1,1,1.0,3,31048,M,4346130.0,159817.0,31
201200003788,12,3,25,1930,1,1,1,1.0,1,31192,M,4349745.0,162638.0,31
201200003789,12,6,5,700,1,2,1,1.0,1,31192,M,0.0,0.0,31
201200003790,12,6,25,1900,1,2,3,1.0,3,31381,M,0.0,0.0,31
201200003791,12,6,27,1445,1,2,1,1.0,1,31113,M,4352160.0,150191.0,31
201200003792,12,6,28,1815,1,2,9,1.0,1,31035,M,0.0,0.0,31
201200003793,12,7,10,545,2,2,1,1.0,6,31004,M,4344680.0,159827.0,31
201200003794,12,10,29,1615,1,2,1,1.0,3,31113,M,4352056.0,149612.0,31
201200003795,12,11,10,1115,1,1,3,1.0,3,31058,M,0.0,0.0,31
201200003796,12,1,4,915,3,2,1,1.0,2,31118,M,4378138.0,137261.0,31
201200003797,12,3,24,1400,1,1,1,7.0,1,31579,M,0.0,0.0,31
201200003798,12,5,16,1130,1,1,1,1.0,6,31584,M,4385743.0,151185.0,31
201200003799,12,5,16,1830,1,1,1,1.0,1,31587,M,4379368.0,145113.0,31
201200003800,12,5,24,1515,1,1,1,1.0,3,31584,M,0.0,0.0,31
201200003801,12,5,26,1730,1,2,1,1.0,1,31563,M,4379202.0,149613.0,31
201200003802,12,6,15,1845,2,1,1,1.0,2,31118,M,4378470.0,132557.0,31
201200003803,12,6,30,1830,1,1,1,1.0,4,31584,M,0.0,0.0,31
201200003804,12,7,3,1830,1,1,1,1.0,3,31587,M,0.0,0.0,31
201200003805,12,10,10,1830,1,1,2,1.0,3,31579,M,0.0,0.0,31
201200003806,12,10,20,115,3,1,1,2.0,6,31202,M,0.0,0.0,31
201200003807,12,10,26,2100,5,2,1,2.0,7,31202,M,4382743.0,139448.0,31
201200003808,12,10,31,1700,1,1,1,7.0,3,31118,M,0.0,0.0,31
201200003809,12,11,6,1845,5,2,1,2.0,6,31079,M,4377809.0,140571.0,31
201200003810,12,11,19,1545,1,1,1,1.0,6,31232,M,0.0,0.0,31
201200003811,12,11,19,1715,1,1,1,1.0,3,31361,M,0.0,0.0,31
201200003812,12,11,24,2000,3,1,1,1.0,6,31118,M,0.0,0.0,31
201200003813,12,12,29,1815,2,1,2,2.0,3,31587,M,0.0,0.0,31
201200003814,12,2,24,2100,3,1,1,1.0,6,31341,M,4354010.0,150596.0,31
201200003815,12,5,13,1300,1,1,2,1.0,3,31089,M,0.0,0.0,31
201200003816,12,6,10,645,2,1,1,2.0,1,31160,M,4367550.0,127368.0,31
201200003817,12,6,15,2045,1,1,2,1.0,3,31553,M,0.0,0.0,31
201200003818,12,6,21,800,1,1,1,1.0,3,31160,M,0.0,0.0,31
201200003819,12,6,27,1700,1,2,1,1.0,6,31098,M,4372675.0,104719.0,31
201200003820,12,6,29,1415,1,1,2,1.0,3,31553,M,0.0,0.0,31
201200003821,12,8,26,645,2,1,1,1.0,6,31341,M,4371832.0,130933.0,31
201200003822,12,9,3,715,1,1,1,1.0,3,31341,M,0.0,0.0,31
201200003823,12,10,8,1815,1,2,6,1.0,3,31232,M,0.0,0.0,31
201200003824,12,10,14,1715,1,1,1,2.0,6,31281,M,0.0,0.0,31
201200003825,12,10,17,1845,2,1,1,1.0,6,31126,M,4371420.0,108327.0,31
201200003826,12,10,19,1415,1,1,1,6.0,6,31592,M,0.0,0.0,31
201200003827,12,10,21,1530,1,1,1,8.0,7,31232,M,0.0,0.0,31
201200003828,12,10,22,900,1,1,1,1.0,6,31232,M,0.0,0.0,31
201200003829,12,10,23,1615,1,1,1,1.0,6,31341,M,0.0,0.0,31
201200003830,12,11,2,1130,1,1,4,1.0,3,31232,M,0.0,0.0,31
201200003831,12,12,12,1700,1,2,1,1.0,2,31232,M,0.0,0.0,31
201200003832,12,12,30,930,1,1,1,7.0,2,31232,M,4375490.0,134801.0,31
201200003833,12,1,28,430,3,1,1,8.0,1,31291,M,4361337.0,120562.0,31
201200003834,12,4,16,1745,1,1,1,6.0,7,31417,M,0.0,0.0,31
201200003835,12,5,8,215,3,1,1,1.0,2,31291,M,0.0,0.0,31
201200003836,12,6,30,1600,1,1,1,1.0,1,31297,M,0.0,0.0,31
201200003837,12,3,10,1000,1,2,1,1.0,6,31420,M,4350719.0,139053.0,31
201200003838,12,6,14,1730,1,1,1,1.0,2,31458,M,4349930.0,135224.0,31
201200003839,12,10,4,1415,1,1,1,1.0,2,31458,M,4350880.0,134409.0,31
201200003840,12,11,16,1045,1,2,1,1.0,6,31460,M,0.0,0.0,31
201200003841,12,12,4,1745,3,1,1,2.0,3,31433,M,4353790.0,136910.0,31
201200003842,12,3,11,1815,1,1,1,1.0,3,31490,M,0.0,0.0,31
201200003843,12,3,14,1930,5,2,1,1.0,3,31205,M,0.0,0.0,31
201200003844,12,6,14,800,1,1,3,1.0,3,31252,M,4373581.0,146254.0,31
201200003845,12,8,7,1830,1,2,1,1.0,3,31490,M,4374262.0,136952.0,31
201200003846,12,10,19,1845,2,2,1,2.0,4,31293,M,0.0,0.0,31
201200003847,12,10,26,815,1,1,1,3.0,3,31182,M,0.0,0.0,31
201200003848,12,12,18,1700,1,2,1,1.0,6,31490,M,4374764.0,136994.0,31
201200003849,12,12,24,2030,3,1,1,1.0,3,31136,M,0.0,0.0,31
201200003850,12,4,14,1930,1,1,2,1.0,3,31273,M,4371605.0,151542.0,31
201200003851,12,4,26,1830,1,1,1,1.0,2,31066,M,0.0,0.0,31
201200003852,12,5,31,730,1,2,1,1.0,3,31358,M,0.0,0.0,31
201200003853,12,8,3,1515,1,2,1,1.0,3,31561,M,4366002.0,148924.0,31
201200003854,12,8,27,1945,2,2,1,7.0,6,31066,M,4380016.0,160628.0,31
201200003855,12,9,21,1915,1,1,1,1.0,3,31117,M,0.0,0.0,31
201200003856,12,11,4,45,3,2,1,1.0,3,31094,M,4377895.0,163293.0,31
201200003857,12,1,15,100,5,1,1,1.0,7,31299,M,4342421.0,122510.0,31
201200003858,12,1,15,1245,1,2,1,1.0,3,31165,M,4342908.0,136015.0,31
201200003859,12,3,23,715,2,1,1,5.0,1,31181,M,4339750.0,128945.0,31
201200003860,12,3,30,1230,1,1,3,1.0,5,31395,M,4344000.0,134500.0,31
201200003861,12,4,28,1430,1,1,1,1.0,5,31263,M,4341200.0,138804.0,31
201200003862,12,10,17,715,2,1,1,1.0,4,31421,M,0.0,0.0,31
201200003863,12,1,14,1645,1,1,1,8.0,6,31033,M,0.0,0.0,31
201200003864,12,6,3,600,2,1,1,2.0,6,31206,M,4325483.0,148106.0,31
201200003865,12,6,26,930,1,1,3,1.0,3,31396,M,0.0,0.0,31
201200003866,12,7,12,2100,1,1,1,1.0,6,31100,M,0.0,0.0,31
201200003867,12,8,3,1930,1,1,1,1.0,6,31145,M,0.0,0.0,31
201200003868,12,8,4,1900,1,2,1,1.0,1,31396,M,4335926.0,163668.0,31
201200003869,12,8,24,2045,2,1,1,1.0,6,31345,M,0.0,0.0,31
201200003870,12,8,23,1330,1,1,1,1.0,6,31546,M,0.0,0.0,31
201200003871,12,11,8,2330,3,1,1,2.0,7,31345,M,4335860.0,139939.0,31
201200003872,12,11,16,1600,1,1,1,1.0,5,31033,M,0.0,0.0,31
201200003873,12,11,21,1800,5,2,1,1.0,3,31033,M,4334047.0,146331.0,31
201200003874,12,12,15,1500,1,1,1,1.0,6,31233,M,0.0,0.0,31
201200003875,12,1,4,2130,3,1,1,1.0,6,31107,M,4328317.0,119649.0,31
201200003876,12,3,20,715,1,2,1,1.0,2,31107,M,4329871.0,122681.0,31
201200003877,12,5,13,845,1,1,1,1.0,6,31361,M,0.0,0.0,31
201200003878,12,6,20,1630,1,1,1,7.0,3,31361,M,4335051.0,132539.0,31
201200003879,12,6,19,1145,1,2,1,1.0,3,31375,M,4320643.0,122842.0,31
201200003880,12,9,27,1800,1,2,1,1.0,3,31517,M,4333121.0,131816.0,31
201200003881,12,2,28,1600,1,2,1,1.0,6,31135,M,0.0,0.0,31
201200003882,12,4,3,1815,1,2,1,2.0,3,31084,M,4317400.0,96634.0,31
201200003883,12,6,5,1400,1,2,1,1.0,3,31324,M,0.0,0.0,31
201200003884,12,6,14,700,1,1,1,1.0,1,31193,M,4329330.0,105431.0,31
201200003885,12,8,11,1530,1,2,1,7.0,6,31425,M,0.0,0.0,31
201200003886,12,12,14,1845,5,1,1,8.0,6,31324,M,4319400.0,98900.0,31
201200003887,12,1,17,2100,5,2,1,1.0,3,31526,M,4357655.0,126260.0,31
201200003888,12,2,4,1700,1,2,1,1.0,7,31526,M,4357940.0,126744.0,31
201200003889,12,2,14,1100,1,1,1,1.0,6,31188,M,0.0,0.0,31
201200003890,12,2,23,1930,5,1,1,1.0,7,31424,M,0.0,0.0,31
201200003891,12,4,19,1400,1,2,1,2.0,6,31424,M,4356895.0,128837.0,31
201200003892,12,6,5,2045,1,1,3,1.0,3,31499,M,4351175.0,117418.0,31
201200003893,12,6,16,1930,1,1,1,1.0,1,31424,M,0.0,0.0,31
201200003894,12,6,15,2000,1,1,1,1.0,3,31187,M,0.0,0.0,31
201200003895,12,7,12,1600,1,2,6,1.0,6,31499,M,4351378.0,117692.0,31
201200003896,12,7,19,830,1,1,1,1.0,1,31424,M,4359353.0,128596.0,31
201200003897,12,8,11,1715,1,2,2,1.0,3,31424,M,0.0,0.0,31
201200003898,12,8,20,1200,1,2,1,1.0,6,31499,M,0.0,0.0,31
201200003899,12,8,28,1230,1,2,1,1.0,5,31187,M,0.0,0.0,31
201200003900,12,9,15,2330,5,2,1,1.0,7,31526,M,4357655.0,126183.0,31
201200003901,12,11,5,1515,1,1,1,1.0,1,31424,M,0.0,0.0,31
201200003902,12,11,12,1700,1,1,2,1.0,3,31499,M,0.0,0.0,31
201200003903,12,11,12,1830,3,1,1,1.0,5,31188,M,0.0,0.0,31
201200003904,12,1,8,145,3,2,1,1.0,6,31585,M,4312174.0,65948.0,31
201200003905,12,1,5,1745,2,2,1,1.0,6,31247,M,0.0,0.0,31
201200003906,12,1,9,1745,2,1,1,1.0,1,31542,M,4305317.0,59169.0,31
201200003907,12,1,16,1930,3,1,1,1.0,1,31041,M,4297650.0,62589.0,31
201200003908,12,2,2,745,2,1,1,4.0,1,31585,M,4311714.0,68078.0,31
201200003909,12,2,20,1915,3,1,1,1.0,3,31430,M,0.0,0.0,31
201200003910,12,2,26,1945,3,1,2,1.0,3,31247,M,4308572.0,66054.0,31
201200003911,12,3,1,2030,3,2,1,1.0,6,31390,M,4308407.0,57458.0,31
201200003912,12,4,6,2200,3,1,1,8.0,6,31585,M,0.0,0.0,31
201200003913,12,4,24,1945,1,1,1,1.0,7,31308,M,0.0,0.0,31
201200003914,12,4,29,530,3,1,1,1.0,6,31483,M,4310030.0,70737.0,31
201200003915,12,5,7,2215,3,1,1,1.0,6,31405,M,4298100.0,65700.0,31
201200003916,12,5,21,1745,1,2,1,3.0,7,31238,M,0.0,0.0,31
201200003917,12,6,25,845,1,2,1,1.0,7,31045,M,0.0,0.0,31
201200003918,12,6,30,1945,1,1,1,1.0,7,31502,M,0.0,0.0,31
201200003919,12,7,21,1345,1,1,1,1.0,7,31246,M,4310900.0,84900.0,31
201200003920,12,8,10,1600,1,1,1,7.0,7,31130,M,4317439.0,51232.0,31
201200003921,12,8,12,1615,1,2,1,1.0,1,31323,M,4308304.0,65243.0,31
201200003922,12,8,29,1145,1,1,1,8.0,6,31536,M,4317100.0,74700.0,31
201200003923,12,10,3,1630,1,1,1,1.0,1,31147,M,0.0,0.0,31
201200003924,12,10,27,2100,3,1,1,1.0,5,31247,M,0.0,0.0,31
201200003925,12,12,25,800,1,1,1,1.0,6,31585,M,4311500.0,66700.0,31
201200003926,12,1,6,1330,1,2,1,1.0,3,31042,M,4280400.0,59700.0,31
201200003927,12,4,16,2145,5,2,1,1.0,6,31042,M,4279500.0,59200.0,31
201200003928,12,6,25,1630,1,1,1,1.0,1,31221,M,0.0,0.0,31
201200003929,12,7,13,1630,1,1,1,1.0,5,31129,M,0.0,0.0,31
201200003930,12,8,26,945,1,2,1,1.0,3,31471,M,4290540.0,69183.0,31
201200003931,12,9,11,1400,1,1,1,1.0,6,31081,M,4285790.0,50288.0,31
201200003932,12,10,11,1200,1,2,2,2.0,3,31042,M,0.0,0.0,31
201200003933,12,1,7,445,3,1,1,1.0,6,31307,M,4333320.0,69668.0,31
201200003934,12,2,25,1615,1,1,9,1.0,1,31008,M,0.0,0.0,31
201200003935,12,3,9,1145,1,1,1,1.0,7,31239,M,0.0,0.0,31
201200003936,12,4,11,15,3,1,1,1.0,6,31239,M,0.0,0.0,31
201200003937,12,4,19,715,1,1,1,1.0,7,31070,M,0.0,0.0,31
201200003938,12,6,17,545,2,1,1,1.0,6,31443,M,0.0,0.0,31
201200003939,12,10,13,1115,1,1,1,1.0,7,31008,M,0.0,0.0,31
201200003940,12,12,25,1815,4,2,1,1.0,2,31080,M,4328919.0,65336.0,31
201200003941,12,2,7,1545,1,2,9,1.0,6,31523,M,4309425.0,97235.0,31
201200003942,12,3,14,1100,1,2,1,1.0,2,31457,M,0.0,0.0,31
201200003943,12,7,16,1745,1,2,1,1.0,1,31315,M,0.0,0.0,31
201200003944,12,2,1,1230,1,1,1,8.0,6,31534,M,4358240.0,173164.0,31
201200003945,12,5,28,1445,1,1,2,1.0,3,31571,M,0.0,0.0,31
201200003946,12,6,3,245,3,1,1,1.0,6,31582,M,0.0,0.0,31
201200003947,12,7,3,745,1,1,1,1.0,6,31368,M,0.0,0.0,31
201200003948,12,7,30,1615,1,1,1,1.0,6,31450,M,0.0,0.0,31
201200003949,12,10,25,745,2,1,1,1.0,5,31331,M,4353993.0,172656.0,31
201200003950,12,2,18,1430,1,2,1,1.0,6,31451,M,4345646.0,201154.0,31
201200003951,12,3,30,1400,1,1,3,1.0,3,31451,M,0.0,0.0,31
201200003952,12,5,31,1100,1,1,1,1.0,1,31478,M,4346915.0,196530.0,31
201200003953,12,7,27,2200,3,1,1,2.0,4,31478,M,0.0,0.0,31
201200003954,12,8,16,2000,1,2,6,1.0,1,31451,M,4346203.0,200622.0,31
201200003955,12,9,9,45,3,1,1,1.0,6,31451,M,0.0,0.0,31
201200003956,12,10,3,1830,1,2,1,1.0,3,31451,M,0.0,0.0,31
201200003957,12,12,4,1715,5,2,1,3.0,6,31451,M,4345789.0,200681.0,31
201200003958,12,1,14,1900,3,1,1,1.0,6,09071,M,4300667.0,149046.0,09
201200003959,12,1,25,1415,1,2,7,1.0,3,09181,M,4307945.0,136060.0,09
201200003960,12,1,29,1745,2,1,1,4.0,2,09071,M,4300766.0,149556.0,09
201200003961,12,9,15,615,2,1,1,1.0,1,09019,M,0.0,0.0,09
201200003962,12,10,21,1245,1,1,1,2.0,1,09099,M,0.0,0.0,09
201200003963,12,10,22,915,1,1,1,1.0,1,09224,M,0.0,0.0,09