Num_Acc,an,mois,jour,hrmn,lum,agg,int,atm,col,com,gps,lat,long,dep
201200003964,12,11,18,1845,3,1,1,1.0,1,09105,M,0.0,0.0,09
201200003965,12,1,1,1915,3,1,1,1.0,2,09047,M,4291099.0,192331.0,09
201200003966,12,3,15,1345,1,1,1,1.0,1,09157,M,4297037.0,184254.0,09
201200003967,12,4,7,1315,1,2,1,8.0,3,09160,M,4292814.0,184197.0,09
201200003968,12,4,9,1230,1,2,1,1.0,6,09125,M,4288509.0,190497.0,09
201200003969,12,5,10,700,2,1,1,1.0,7,09249,M,4994124.0,173912.0,09
201200003970,12,5,18,1345,1,1,1,2.0,1,09215,M,4291267.0,178218.0,09
201200003971,12,5,21,1315,1,1,1,1.0,6,09281,M,4297173.0,181885.0,09
201200003972,12,9,10,1715,1,2,1,1.0,6,09160,M,4294185.0,185572.0,09
201200003973,12,11,8,1130,1,1,1,1.0,3,09229,M,0.0,0.0,09
201200003974,12,11,12,2300,3,1,1,1.0,6,09160,M,0.0,0.0,09
201200003975,12,11,24,2345,3,1,1,1.0,7,09080,M,0.0,0.0,09
201200003976,12,1,12,2100,3,1,1,1.0,6,09334,M,4277485.0,151571.0,09
201200003977,12,5,27,1730,1,2,1,2.0,6,09240,M,4284525.0,159791.0,09
201200003978,12,5,30,1730,1,1,1,1.0,1,09321,M,4283396.0,160929.0,09
201200003979,12,7,1,1830,1,1,1,1.0,7,09077,M,4279786.0,158850.0,09
201200003980,12,7,13,1945,1,1,1,1.0,6,09306,M,4276473.0,149522.0,09
201200003981,12,11,2,1230,1,1,1,1.0,4,09306,M,4286338.0,160206.0,09
201200003982,12,9,23,200,3,1,1,1.0,6,09167,M,4327271.0,132883.0,09
201200003983,12,6,29,1730,1,1,1,1.0,6,09039,M,4304954.0,189050.0,09
201200003984,12,5,19,815,1,2,1,1.0,1,09282,M,4324044.0,156563.0,09
201200003985,12,7,14,1230,1,1,2,1.0,3,09199,M,4320494.0,162483.0,09
201200003986,12,8,19,30,3,1,1,1.0,6,09282,M,4325623.0,156533.0,09
201200003987,12,12,16,845,1,2,1,7.0,6,09282,M,4323273.0,157476.0,09
201200003988,12,2,23,1230,1,1,1,1.0,7,09214,M,4295874.0,108610.0,09
201200003989,12,6,12,1500,1,1,1,2.0,1,09149,M,4291795.0,119167.0,09
201200003990,12,7,1,830,1,1,1,1.0,6,09111,M,4294673.0,105204.0,09
201200003991,12,7,3,1645,1,2,9,1.0,1,09268,M,4300178.0,113158.0,09
201200003992,12,7,4,1745,1,2,1,1.0,3,09268,M,4300297.0,113693.0,09
201200003993,12,9,29,830,2,1,1,1.0,7,09128,M,0.0,0.0,09
201200003994,12,11,8,1515,1,1,1,1.0,2,09261,M,0.0,0.0,09
201200003995,12,12,7,1745,5,2,6,3.0,6,09261,M,4298018.0,114433.0,09
201200003996,12,12,25,1745,3,1,1,1.0,1,09261,M,0.0,0.0,09
201200003997,12,6,9,1715,1,1,1,1.0,7,09029,M,0.0,0.0,09
201200003998,12,8,31,1045,1,1,1,1.0,7,09005,M,0.0,0.0,09
201200003999,12,12,6,1615,1,1,1,1.0,2,09301,M,0.0,0.0,09
201200004000,12,5,6,1545,1,1,1,1.0,7,09257,M,4313879.0,114482.0,09
201200004001,12,7,4,1305,1,1,1,1.0,3,02168,M,,,02
201200004002,12,5,13,1555,1,2,1,1.0,6,02168,M,,,02
201200004003,12,12,12,1110,1,2,1,1.0,6,02168,M,4905060.0,338867.0,02
201200004004,12,12,21,1300,1,2,1,8.0,6,02168,M,4905290.0,340108.0,02
201200004005,12,8,2,1830,1,1,1,1.0,1,12241,M,0.0,0.0,12
201200004006,12,9,10,1600,1,1,1,1.0,3,12090,M,4437200.0,253200.0,12
201200004007,12,10,8,915,1,1,1,5.0,7,12001,M,4434700.0,270800.0,12
201200004008,12,10,17,745,1,1,1,1.0,6,12068,M,0.0,0.0,12
201200004009,12,1,2,1500,1,1,2,2.0,1,12230,M,4404200.0,246400.0,12
201200004010,12,1,16,1915,3,1,1,9.0,7,12015,M,4414600.0,261700.0,12
201200004011,12,3,18,630,2,1,1,8.0,7,12046,M,4420200.0,239700.0,12
201200004012,12,4,11,945,1,1,1,2.0,1,12234,M,4421400.0,253500.0,12
201200004013,12,4,14,615,3,1,1,8.0,6,12085,M,4415200.0,223700.0,12
201200004014,12,5,20,1645,1,1,1,2.0,5,12046,M,4420500.0,240400.0,12
201200004015,12,6,8,2015,1,1,1,1.0,6,12194,M,4424000.0,239900.0,12
201200004016,12,6,9,1000,1,1,1,1.0,3,12011,M,4418100.0,273600.0,12
201200004017,12,6,28,1530,1,1,1,1.0,6,12073,M,4424600.0,255300.0,12
201200004018,12,7,1,1745,1,1,1,2.0,3,12043,M,4429100.0,252300.0,12
201200004019,12,7,2,1745,1,1,1,1.0,6,12197,M,0.0,0.0,12
201200004020,12,7,6,1715,1,1,1,1.0,5,12194,M,0.0,0.0,12
201200004021,12,9,6,1915,1,1,1,1.0,7,12267,M,4414500.0,252200.0,12
201200004022,12,10,23,900,1,1,1,1.0,5,12194,M,4421300.0,241100.0,12
201200004023,12,12,18,1000,1,1,1,1.0,6,12046,M,4420500.0,240400.0,12
201200004024,12,12,29,1530,1,1,1,1.0,6,12276,M,4415000.0,231600.0,12
201200004025,12,4,23,1730,1,1,1,3.0,3,12288,M,4443700.0,244400.0,12
201200004026,12,5,15,1130,1,1,1,1.0,3,12268,M,4460700.0,248100.0,12
201200004027,12,5,19,1515,1,1,1,8.0,1,12254,M,4440100.0,250600.0,12
201200004028,12,7,13,1145,1,1,1,1.0,1,12221,M,4457300.0,255800.0,12
201200004029,12,7,18,1545,1,1,1,1.0,1,12218,M,4455100.0,241000.0,12
201200004030,12,12,16,2030,3,1,1,2.0,3,12254,M,4444200.0,250700.0,12
201200004031,12,12,20,1745,3,1,1,3.0,1,12254,M,4444900.0,249500.0,12
201200004032,12,3,25,1530,1,1,1,1.0,2,12121,M,4443800.0,218700.0,12
201200004033,12,5,31,945,1,1,1,1.0,1,12091,M,0.0,0.0,12
201200004034,12,7,13,1915,1,1,1,1.0,6,12004,M,4459400.0,235000.0,12
201200004035,12,9,12,1730,1,1,1,1.0,1,12289,M,4450600.0,219900.0,12
201200004036,12,12,23,1000,1,1,1,7.0,6,12206,M,0.0,0.0,12
201200004037,12,3,15,1645,1,1,1,1.0,7,12033,M,4445700.0,272700.0,12
201200004038,12,7,4,2230,3,1,1,8.0,6,12131,M,0.0,0.0,12
201200004039,12,7,26,1615,1,1,1,1.0,6,12033,M,4446200.0,276300.0,12
201200004040,12,9,6,1715,1,1,1,1.0,7,12096,M,4450200.0,274300.0,12
201200004041,12,11,5,1530,1,1,1,2.0,1,12209,M,0.0,0.0,12
201200004042,12,12,7,1245,1,1,1,4.0,1,12156,M,4461200.0,280600.0,12
201200004043,12,4,29,1145,1,1,1,8.0,7,12094,M,4465600.0,256200.0,12
201200004044,12,12,14,1600,3,2,2,2.0,3,12094,M,4465900.0,257600.0,12
201200004045,12,3,11,730,1,1,1,1.0,6,12214,M,0.0,0.0,12
201200004046,12,4,1,1845,1,1,1,1.0,6,12214,M,,,12
201200004047,12,5,23,1530,1,1,1,7.0,1,12231,M,4402500.0,334900.0,12
201200004048,12,6,1,1615,1,1,1,1.0,5,12168,M,4401500.0,331400.0,12
201200004049,12,8,17,1045,1,2,1,1.0,3,12160,M,0.0,0.0,12
201200004050,12,9,7,1845,1,1,4,1.0,3,12160,M,4420200.0,318600.0,12
201200004051,12,10,4,1400,1,1,2,1.0,3,12063,M,4400800.0,312400.0,12
201200004052,12,12,8,15,3,1,1,2.0,1,12225,M,4405200.0,297500.0,12
201200004053,12,12,15,200,3,1,1,2.0,7,12225,M,4404300.0,296500.0,12
201200004054,12,5,20,1815,1,1,1,2.0,3,12238,M,0.0,0.0,12
201200004055,12,7,21,1815,1,1,1,1.0,1,12253,M,4416900.0,275300.0,12
201200004056,12,7,25,2000,1,2,1,1.0,6,12047,M,4442200.0,308800.0,12
201200004057,12,10,12,430,3,1,6,8.0,6,12196,M,0.0,0.0,12
201200004058,12,2,4,1015,1,2,1,7.0,6,12208,M,4396100.0,288200.0,12
201200004059,12,2,28,800,2,2,6,1.0,3,12208,M,4395900.0,289400.0,12
201200004060,12,3,2,745,1,2,6,1.0,3,12208,M,4396000.0,288700.0,12
201200004061,12,3,17,1345,1,2,1,1.0,3,12208,M,4395900.0,285600.0,12
201200004062,12,3,28,1630,1,1,1,1.0,1,12208,M,0.0,0.0,12
201200004063,12,6,19,1200,1,1,1,1.0,5,12228,M,4399400.0,265000.0,12
201200004064,12,7,2,2130,1,1,1,1.0,2,12286,M,0.0,0.0,12
201200004065,12,8,22,1500,1,1,1,1.0,1,12243,M,0.0,0.0,12
201200004066,12,8,6,915,1,2,1,1.0,6,12025,M,4382100.0,275400.0,12
201200004067,12,8,5,1845,1,1,1,1.0,3,12039,M,4376300.0,297600.0,12
201200004068,12,8,6,745,1,1,1,2.0,1,12186,M,4387300.0,258600.0,12
201200004069,12,1,16,1730,1,1,1,1.0,2,12136,M,0.0,0.0,12
201200004070,12,5,24,2215,5,2,1,1.0,6,12300,M,0.0,0.0,12
201200004071,12,7,8,615,2,1,1,1.0,6,12300,M,0.0,0.0,12
201200004072,12,11,17,1500,1,2,1,1.0,7,12300,M,0.0,0.0,12
201200004073,12,8,15,1930,2,1,3,2.0,3,12018,M,0.0,0.0,12
201200004074,12,12,28,2130,3,1,1,1.0,7,12301,M,4446400.0,203100.0,12
201200004075,12,2,15,1200,1,2,1,1.0,2,12198,M,0.0,0.0,12
201200004076,12,6,7,1845,1,1,1,1.0,3,12285,M,0.0,0.0,12
201200004077,12,6,28,1715,1,2,1,1.0,6,12105,M,4423900.0,203300.0,12
201200004078,12,6,29,815,1,1,1,1.0,1,12198,M,4433600.0,224900.0,12
201200004079,12,8,11,900,1,1,1,1.0,6,12198,M,0.0,0.0,12
201200004080,12,8,12,130,3,1,1,1.0,7,12021,M,0.0,0.0,12
201200004081,12,1,6,1915,3,1,3,1.0,2,32060,M,4356020.0,61069.0,32
201200004082,12,1,7,1545,1,1,3,8.0,3,32207,M,4366040.0,65833.0,32
201200004083,12,1,18,1445,1,1,9,1.0,5,32282,M,4365930.0,66288.0,32
201200004084,12,2,10,1615,1,1,3,1.0,3,32307,M,4360250.0,59866.0,32
201200004085,12,4,27,1745,1,1,1,1.0,6,32300,M,4353850.0,60891.0,32
201200004086,12,5,5,1130,1,1,1,1.0,6,32312,M,4361640.0,67597.0,32
201200004087,12,5,22,1115,1,1,1,1.0,5,32207,M,4365950.0,66509.0,32
201200004088,12,6,20,715,1,1,1,1.0,7,32300,M,4354870.0,61024.0,32
201200004089,12,7,6,1715,1,1,1,1.0,1,32029,M,4363730.0,41810.0,32
201200004090,12,7,24,1945,1,1,1,1.0,1,32307,M,4360050.0,56052.0,32
201200004091,12,8,2,1800,1,1,1,1.0,1,32312,M,4361980.0,65728.0,32
201200004092,12,9,27,1215,1,1,1,1.0,1,32029,M,4361300.0,40919.0,32
201200004093,12,10,26,815,2,1,1,2.0,1,32029,M,4360240.0,41164.0,32
201200004094,12,11,7,1400,1,1,1,1.0,7,32019,M,4358160.0,61103.0,32
201200004095,12,11,16,1530,1,1,1,1.0,6,32368,M,0.0,0.0,32
201200004096,12,3,17,1630,1,1,1,1.0,6,32249,M,4374740.0,87456.0,32
201200004097,12,4,23,1145,1,1,1,8.0,4,32249,M,0.0,0.0,32
201200004098,12,8,28,730,1,1,1,1.0,1,32173,M,4375040.0,88350.0,32
201200004099,12,9,5,1915,1,1,1,1.0,1,32237,M,4364750.0,71723.0,32
201200004100,12,3,23,1815,1,1,1,1.0,3,32160,M,4360000.0,110848.0,32
201200004101,12,4,8,615,3,1,1,8.0,6,32268,M,4360400.0,97916.0,32
201200004102,12,5,29,1840,1,2,1,1.0,6,32160,M,4360820.0,107217.0,32
201200004103,12,6,9,2015,1,1,1,1.0,7,32210,M,4356090.0,112845.0,32
201200004104,12,6,11,1630,1,1,1,2.0,1,32210,M,4358220.0,114178.0,32
201200004105,12,6,22,145,3,1,1,1.0,7,32105,M,4362010.0,101682.0,32
201200004106,12,7,17,1315,1,1,1,1.0,6,32268,M,4361200.0,94977.0,32
201200004107,12,7,18,830,1,1,1,1.0,7,32210,M,4356400.0,112798.0,32
201200004108,12,7,21,15,3,1,1,1.0,6,32377,M,0.0,0.0,32
201200004109,12,9,22,145,3,1,1,1.0,7,32268,M,0.0,0.0,32
201200004110,12,12,11,1615,1,1,1,1.0,1,32268,M,4360250.0,101899.0,32
201200004111,12,12,13,1715,1,1,1,1.0,1,32160,M,0.0,0.0,32
201200004112,12,1,13,730,3,1,1,5.0,1,32213,M,4346480.0,89061.0,32
201200004113,12,5,16,745,1,1,1,1.0,6,32198,M,0.0,0.0,32
201200004114,12,5,26,1130,1,1,1,1.0,1,32387,M,4343660.0,101204.0,32
201200004115,12,6,26,2045,1,2,1,1.0,6,32213,M,4347750.0,91296.0,32
201200004116,12,8,3,1245,1,1,1,1.0,6,32213,M,4347070.0,90034.0,32
201200004117,12,9,5,2130,3,1,1,1.0,3,32213,M,0.0,0.0,32
201200004118,12,10,26,1345,1,1,1,2.0,6,32465,M,4343900.0,75139.0,32
201200004119,12,11,3,1000,1,2,1,1.0,6,32410,M,4348410.0,93612.0,32
201200004120,12,1,12,1130,1,1,1,5.0,5,32462,M,4377990.0,26345.0,32
201200004121,12,1,13,1700,1,1,1,1.0,1,32462,M,4375740.0,22752.0,32
201200004122,12,1,19,1830,1,1,1,2.0,6,32301,M,4367550.0,53020.0,32
201200004123,12,2,12,1830,1,1,1,1.0,1,32462,M,4374500.0,35700.0,32
201200004124,12,6,10,1030,1,1,1,1.0,3,32462,M,4376400.0,30000.0,32
201200004125,12,7,21,115,5,2,1,1.0,6,32162,M,4376200.0,46000.0,32
201200004126,12,7,22,1830,1,1,1,1.0,7,32162,M,4374980.0,48192.0,32
201200004127,12,8,4,1745,1,1,1,1.0,7,32097,M,4368160.0,27301.0,32
201200004128,12,8,11,945,1,1,1,1.0,1,32462,M,4373900.0,35698.0,32
201200004129,12,9,13,1200,1,1,1,1.0,6,32462,M,0.0,0.0,32
201200004130,12,4,3,1830,1,1,1,2.0,3,32143,M,4400760.0,43628.0,32
201200004131,12,5,23,1845,1,2,1,1.0,6,32292,M,4390800.0,30223.0,32
201200004132,12,6,2,1145,1,2,1,1.0,3,32107,M,4395850.0,36928.0,32
201200004133,12,7,10,1945,1,1,1,1.0,1,32224,M,4390180.0,25776.0,32
201200004134,12,7,21,1515,1,1,1,1.0,1,32107,M,4399800.0,36200.0,32
201200004135,12,8,14,1930,1,2,1,1.0,7,32083,M,4380900.0,42601.0,32
201200004136,12,9,18,2015,3,1,1,1.0,6,32194,M,4393700.0,30472.0,32
201200004137,12,9,21,1900,1,2,1,1.0,3,32107,M,4395610.0,36933.0,32
201200004138,12,10,9,1730,1,1,3,1.0,3,32075,M,4390090.0,35095.0,32
201200004139,12,10,31,1200,1,1,1,2.0,6,32212,M,4403390.0,46762.0,32
201200004140,12,10,31,1430,1,1,1,1.0,6,32459,M,4386830.0,36238.0,32
201200004141,12,11,14,1815,3,1,1,1.0,7,32107,M,4396600.0,32459.0,32
201200004142,12,12,1,1615,1,2,1,1.0,6,32107,M,4396000.0,37100.0,32
201200004143,12,12,6,645,3,1,1,5.0,6,32292,M,4391120.0,30436.0,32
201200004144,12,12,26,830,1,1,1,1.0,3,32107,M,4396600.0,38700.0,32
201200004145,12,12,29,1430,1,1,1,1.0,7,32290,M,4391810.0,16076.0,32
201200004146,12,2,17,230,3,1,1,1.0,7,32296,M,4376700.0,-1690.0,32
201200004147,12,3,30,930,1,2,1,1.0,6,32119,M,4385950.0,10014.0,32
201200004148,12,4,16,1500,1,1,1,1.0,2,32149,M,4390410.0,26682.0,32
201200004149,12,4,28,1240,1,1,1,1.0,1,32296,M,4376620.0,-1909.0,32
201200004150,12,5,5,1405,1,1,1,1.0,3,32211,M,4386600.0,-6679.0,32
201200004151,12,5,19,1445,1,1,3,2.0,3,32031,M,4380790.0,12948.0,32
201200004152,12,5,27,1245,1,1,1,1.0,7,32119,M,4384520.0,9311.0,32
201200004153,12,7,13,1700,1,1,1,1.0,3,32340,M,4385790.0,4919.0,32
201200004154,12,7,25,1830,1,1,1,1.0,3,32005,M,4374920.0,-8094.0,32
201200004155,12,7,28,315,3,1,1,1.0,6,32100,M,4388000.0,17023.0,32
201200004156,12,8,5,730,1,1,1,2.0,1,32155,M,4375710.0,-19720.0,32
201200004157,12,9,1,1445,1,1,1,1.0,7,32149,M,4390460.0,27678.0,32
201200004158,12,9,27,615,2,1,1,2.0,1,32119,M,4385410.0,9370.0,32
201200004159,12,10,30,1430,1,1,1,1.0,6,32119,M,4388630.0,9993.0,32
201200004160,12,10,30,1900,3,1,1,1.0,4,32149,M,4390900.0,27501.0,32
201200004161,12,11,14,1915,3,1,1,1.0,3,32340,M,,,32
201200004162,12,11,21,1330,1,1,1,2.0,7,32290,M,0.0,0.0,32
201200004163,12,11,24,715,1,1,1,1.0,6,32079,M,4395080.0,5989.0,32
201200004164,12,12,11,1345,1,1,1,1.0,7,32115,M,4376580.0,16393.0,32
201200004165,12,12,11,1830,5,2,2,1.0,3,32096,M,4393370.0,-7029.0,32
201200004166,12,12,15,245,5,2,1,2.0,6,32340,M,0.0,0.0,32
201200004167,12,12,22,130,3,1,1,2.0,6,32296,M,4377800.0,-2952.0,32
201200004168,12,1,24,1230,1,1,1,1.0,6,32239,M,0.0,0.0,32
201200004169,12,3,22,1700,1,1,1,2.0,6,32132,M,4386130.0,68621.0,32
201200004170,12,4,7,1830,1,2,1,2.0,6,32132,M,4384350.0,66147.0,32
201200004171,12,4,29,730,1,1,1,1.0,6,32132,M,4382810.0,65528.0,32
201200004172,12,5,4,915,1,1,1,8.0,6,32364,M,4398210.0,67542.0,32
201200004173,12,5,16,1015,1,2,4,1.0,3,32132,M,4385150.0,65979.0,32
201200004174,12,5,25,1030,1,1,1,1.0,7,32158,M,4392400.0,73214.0,32
201200004175,12,6,23,1630,1,1,1,1.0,1,32208,M,4396050.0,64515.0,32
201200004176,12,6,26,2000,1,1,1,1.0,1,32101,M,4382600.0,67700.0,32
201200004177,12,7,5,1445,1,1,1,1.0,3,32208,M,4392060.0,62395.0,32
201200004178,12,7,8,1900,1,1,1,1.0,6,32132,M,4385110.0,64093.0,32
201200004179,12,7,16,1345,1,1,1,1.0,6,32457,M,4386290.0,69452.0,32
201200004180,12,7,18,915,1,1,1,1.0,6,32184,M,4380350.0,68116.0,32
201200004181,12,7,24,1930,1,1,2,1.0,3,32239,M,4394010.0,55788.0,32
201200004182,12,7,27,2030,2,1,1,3.0,1,32132,M,4382070.0,65229.0,32
201200004183,12,8,18,2345,3,1,1,1.0,2,32286,M,4377770.0,61881.0,32
201200004184,12,8,25,1045,1,1,1,1.0,3,32023,M,4387710.0,80118.0,32
201200004185,12,10,8,1900,1,1,2,1.0,7,32132,M,4382190.0,65278.0,32
201200004186,12,10,20,1000,1,1,1,3.0,7,32253,M,4400200.0,76170.0,32
201200004187,12,10,23,1545,1,2,1,1.0,6,32132,M,4384730.0,66651.0,32
201200004188,12,10,25,2000,3,1,1,2.0,7,32208,M,4394290.0,65790.0,32
201200004189,12,11,3,830,3,2,1,1.0,6,32132,M,4385700.0,65500.0,32
201200004190,12,12,14,1630,1,1,1,2.0,7,32132,M,4381340.0,60815.0,32
201200004191,12,3,28,1315,1,1,2,1.0,3,32361,M,4343100.0,51570.0,32
201200004192,12,4,3,745,1,1,1,1.0,1,32304,M,0.0,0.0,32
201200004193,12,4,16,2200,3,1,1,1.0,6,32393,M,4347640.0,33449.0,32
201200004194,12,4,29,415,5,2,1,9.0,7,32256,M,4351600.0,40800.0,32
201200004195,12,5,11,1930,1,1,1,1.0,3,32361,M,4342770.0,52420.0,32
201200004196,12,6,5,1115,1,2,1,1.0,6,32256,M,4351410.0,40012.0,32
201200004197,12,6,29,815,1,1,1,8.0,1,32394,M,4348350.0,47138.0,32
201200004198,12,7,13,830,1,2,1,1.0,6,32256,M,4351070.0,40344.0,32
201200004199,12,7,15,830,1,1,1,1.0,6,32045,M,4348300.0,40900.0,32
201200004200,12,8,8,1330,1,1,1,1.0,7,32426,M,4348480.0,61361.0,32
201200004201,12,3,16,1215,1,1,1,1.0,6,32175,M,4353770.0,5201.0,32
201200004202,12,4,8,800,2,1,1,2.0,6,32225,M,4343120.0,18665.0,32
201200004203,12,6,19,1200,1,1,1,2.0,3,32464,M,4339690.0,20752.0,32
201200004204,12,7,17,2330,3,2,1,1.0,7,32285,M,0.0,0.0,32
201200004205,12,7,21,1645,1,1,1,1.0,6,32111,M,4357850.0,15116.0,32
201200004206,12,8,7,930,1,1,1,1.0,6,32373,M,0.0,0.0,32
201200004207,12,8,13,300,3,1,1,1.0,6,32205,M,4352970.0,21188.0,32
201200004208,12,9,7,1730,1,1,1,1.0,1,32181,M,4341850.0,23714.0,32
201200004209,12,1,12,1400,1,1,1,1.0,1,32170,M,4363370.0,-18521.0,32
201200004210,12,1,27,1030,1,1,1,1.0,7,32439,M,4367550.0,-10560.0,32
201200004211,12,2,16,800,1,1,1,1.0,7,32235,M,4368880.0,8304.0,32
201200004212,12,3,13,1350,1,1,1,1.0,1,32070,M,4364110.0,-2007.0,32
201200004213,12,4,16,845,1,1,1,1.0,7,32235,M,4370890.0,11195.0,32
201200004214,12,7,6,1945,1,1,1,1.0,6,32199,M,4363250.0,4625.0,32
201200004215,12,2,13,800,1,1,1,1.0,7,46217,M,4432060.0,146895.0,46
201200004216,12,2,16,1730,1,1,1,1.0,6,46137,M,4439030.0,143579.0,46
201200004217,12,3,5,1000,1,1,1,1.0,7,46103,M,4428210.0,140890.0,46
201200004218,12,3,31,1645,1,1,1,1.0,6,46137,M,4439060.0,136062.0,46
201200004219,12,5,5,645,1,1,1,1.0,6,46109,M,4433900.0,150300.0,46
201200004220,12,6,13,1830,1,1,1,1.0,1,46285,M,4436800.0,127300.0,46
201200004221,12,6,22,615,2,1,1,1.0,6,46217,M,4432636.0,141214.0,46
201200004222,12,7,3,745,1,1,1,1.0,1,46140,M,4439099.0,154646.0,46
201200004223,12,9,6,2330,3,1,1,1.0,7,46137,M,4439000.0,139500.0,46
201200004224,12,9,14,345,3,1,1,1.0,6,46070,M,4438301.0,151793.0,46
201200004225,12,10,6,915,1,1,1,7.0,2,46197,M,4435493.0,146132.0,46
201200004226,12,12,7,1745,3,1,2,8.0,5,46217,M,4432872.0,146533.0,46
201200004227,12,1,20,1545,1,1,1,1.0,7,46099,M,4440040.0,117247.0,46
201200004228,12,3,10,1715,1,1,2,1.0,3,46335,M,4439900.0,129509.0,46
201200004229,12,3,26,2030,1,1,1,1.0,1,46307,M,4448861.0,102294.0,46
201200004230,12,4,20,1730,1,1,1,8.0,1,46032,M,0.0,0.0,46
201200004231,12,5,25,1400,1,1,3,1.0,3,46066,M,4463241.0,121995.0,46
201200004232,12,6,23,2315,3,1,1,1.0,6,46080,M,4449439.0,133381.0,46
201200004233,12,6,23,1745,1,1,1,1.0,3,46134,M,4453011.0,123508.0,46
201200004234,12,7,1,1030,1,1,9,1.0,6,46225,M,4448218.0,119413.0,46
201200004235,12,7,12,830,1,1,1,1.0,6,46080,M,,,46
201200004236,12,7,22,1030,1,1,1,1.0,3,46137,M,4440213.0,138152.0,46
201200004237,12,9,5,1545,1,1,1,1.0,6,46223,M,4452600.0,128167.0,46
201200004238,12,9,19,830,1,1,1,1.0,6,46046,M,0.0,0.0,46
201200004239,12,12,20,1815,5,2,1,2.0,2,46182,M,4447757.0,128405.0,46
201200004240,12,2,7,845,1,2,1,1.0,6,46102,M,4461260.0,203201.0,46
201200004241,12,4,11,1800,1,1,1,2.0,3,46055,M,4458065.0,206643.0,46
201200004242,12,5,11,945,1,2,1,1.0,1,46015,M,0.0,0.0,46
201200004243,12,6,9,1600,1,1,1,1.0,5,46102,M,4462468.0,202570.0,46
201200004244,12,7,19,1145,1,1,1,1.0,1,46102,M,4457471.0,202660.0,46
201200004245,12,11,16,2115,5,2,1,1.0,1,46102,M,4461103.0,203648.0,46
201200004246,12,1,13,230,3,1,1,9.0,6,46176,M,0.0,0.0,46
201200004247,12,5,13,1845,1,1,1,1.0,7,46292,M,0.0,0.0,46
201200004248,12,7,19,1430,1,1,1,1.0,7,46170,M,4481835.0,189291.0,46
201200004249,12,8,23,2330,3,1,1,1.0,3,46021,M,4457696.0,193758.0,46
201200004250,12,9,8,1330,1,1,3,1.0,6,46051,M,4462281.0,190819.0,46
201200004251,12,10,24,1815,1,1,1,1.0,3,46242,M,0.0,0.0,46
201200004252,12,11,21,1230,1,1,1,1.0,3,46318,M,4473843.0,182792.0,46
201200004253,12,1,25,1715,1,1,1,1.0,6,46295,M,4483760.0,190837.0,46
201200004254,12,1,24,1815,5,2,1,8.0,6,46029,M,4492423.0,184369.0,46
201200004255,12,2,17,1100,1,2,1,1.0,6,46251,M,4486070.0,188975.0,46
201200004256,12,3,15,1630,1,1,1,1.0,1,46281,M,4484609.0,183545.0,46
201200004257,12,5,3,1530,1,1,1,1.0,7,46011,M,4487669.0,182573.0,46
201200004258,12,5,28,1845,1,1,1,3.0,6,46011,M,4487538.0,182282.0,46
201200004259,12,6,27,1415,1,1,1,1.0,3,46229,M,4491252.0,177822.0,46
201200004260,12,7,6,1630,1,2,1,1.0,6,46029,M,4492161.0,184206.0,46
201200004261,12,7,7,1645,1,1,1,1.0,7,46271,M,4486560.0,185713.0,46
201200004262,12,7,14,1700,1,2,1,1.0,3,46029,M,4493186.0,185838.0,46
201200004263,12,10,29,1830,5,2,1,1.0,1,46313,M,4491617.0,176723.0,46
201200004264,12,11,4,1645,1,1,1,2.0,6,46281,M,4483169.0,184317.0,46
201200004265,12,12,14,1500,1,2,1,2.0,6,46029,M,4447757.0,128405.0,46
201200004266,12,12,30,815,3,1,1,2.0,6,46284,M,4487872.0,185511.0,46
201200004267,12,1,1,2000,1,1,1,1.0,6,46127,M,4473370.0,133760.0,46
201200004268,12,1,22,1100,1,1,1,2.0,5,46151,M,4460250.0,150548.0,46
201200004269,12,3,27,445,3,1,4,1.0,1,46186,M,4482280.0,137822.0,46
201200004270,12,7,8,1015,1,1,1,1.0,6,46219,M,4461889.0,141614.0,46
201200004271,12,9,8,1430,1,1,1,1.0,1,46216,M,4476587.0,137086.0,46
201200004272,12,9,18,1545,1,1,1,2.0,6,46297,M,4468034.0,124921.0,46
201200004273,12,11,15,745,2,1,1,1.0,1,46087,M,4466059.0,131171.0,46
201200004274,12,2,10,2300,3,1,1,1.0,7,46181,M,4466580.0,168137.0,46
201200004275,12,8,30,1645,1,1,1,1.0,7,46240,M,4482493.0,163954.0,46
201200004276,12,10,5,2000,2,2,1,1.0,6,46128,M,4478137.0,172120.0,46
201200004277,12,10,12,1100,1,1,1,1.0,7,46304,M,0.0,0.0,46
201200004278,12,12,22,1715,2,1,1,5.0,6,46181,M,4466604.0,168114.0,46
201200004279,12,2,26,1345,1,1,2,1.0,7,46293,M,4488710.0,154682.0,46