Num_Acc,an,mois,jour,hrmn,lum,agg,int,atm,col,com,gps,lat,long,dep
201200004280,12,11,5,1830,3,2,1,2.0,1,46330,M,4495450.0,171273.0,46
201200004281,12,12,25,1830,5,2,2,1.0,3,65083,M,4317007.0,10327.0,65
201200004282,12,1,17,1230,1,1,1,1.0,1,65350,M,4328921.0,5707.0,65
201200004283,12,2,26,1615,1,1,1,1.0,7,65221,M,4313451.0,11015.0,65
201200004284,12,3,10,2015,3,1,1,1.0,6,65244,M,4330628.0,1187.0,65
201200004285,12,3,15,1730,1,1,1,1.0,5,65366,M,4311010.0,-7058.0,65
201200004286,12,3,27,900,1,1,1,1.0,1,65235,M,4319246.0,1099.0,65
201200004287,12,4,9,2200,3,1,1,1.0,6,65366,M,4311037.0,-7096.0,65
201200004288,12,11,18,1615,1,2,6,2.0,6,65284,M,4318502.0,1554.0,65
201200004289,12,11,20,1230,1,2,2,1.0,1,65062,M,4320471.0,12175.0,65
201200004290,12,12,12,1745,2,2,1,1.0,3,65235,M,4320478.0,4030.0,65
201200004291,12,5,26,530,2,1,1,8.0,7,65155,M,4329134.0,56037.0,65
201200004292,12,6,9,1530,1,1,1,1.0,1,65128,M,4318687.0,34530.0,65
201200004293,12,10,23,2015,3,1,1,1.0,6,65177,M,4335013.0,38339.0,65
201200004294,12,2,22,1400,1,2,1,1.0,3,65447,M,4318774.0,23579.0,65
201200004295,12,6,4,1615,1,2,1,1.0,3,65206,M,4324093.0,21882.0,65
201200004296,12,3,25,630,3,1,1,1.0,7,65460,M,4337982.0,3824.0,65
201200004297,12,4,22,1705,1,1,9,1.0,1,65121,M,4335032.0,7090.0,65
201200004298,12,5,20,800,1,1,1,1.0,1,65432,M,4354337.0,-1621.0,65
201200004299,12,6,14,1915,1,1,1,1.0,6,65130,M,4357436.0,-2196.0,65
201200004300,12,11,2,1515,1,1,9,1.0,3,65077,M,4297540.0,-1054.0,65
201200004301,12,11,3,1045,1,1,1,1.0,1,65481,M,4290320.0,10021.0,65
201200004302,12,11,21,1415,1,1,9,2.0,2,65481,M,4289342.0,5486.0,65
201200004303,12,3,16,1630,1,1,1,1.0,5,65370,M,4308393.0,14557.0,65
201200004304,12,7,18,1745,1,1,1,1.0,6,65123,M,4298252.0,22686.0,65
201200004305,12,7,28,300,3,1,1,2.0,6,65451,M,4310986.0,11469.0,65
201200004306,12,8,6,1230,1,1,2,1.0,3,65258,M,4310708.0,40317.0,65
201200004307,12,12,3,1615,1,2,2,2.0,1,65069,M,4308696.0,38238.0,65
201200004308,12,12,4,1815,3,1,1,3.0,6,65258,M,4310353.0,40028.0,65
201200004309,12,6,2,415,3,1,1,1.0,7,65017,M,4279389.0,26661.0,65
201200004310,12,6,14,1745,1,1,1,1.0,1,65450,M,4279797.0,28794.0,65
201200004311,12,8,21,1715,1,1,1,1.0,5,65408,M,4298040.0,37456.0,65
201200004312,12,9,25,1300,1,1,1,1.0,6,65017,M,4276443.0,19732.0,65
201200004313,12,10,24,1700,1,1,1,1.0,3,81048,M,4398000.0,215800.0,81
201200004314,12,1,31,2215,3,1,1,9.0,1,81218,M,0.0,0.0,81
201200004315,12,9,28,1715,1,2,1,1.0,6,81156,M,0.0,0.0,81
201200004316,12,2,4,1245,1,1,1,1.0,1,81308,M,4402500.0,241800.0,81
201200004317,12,4,3,1000,1,1,1,8.0,6,81201,M,0.0,0.0,81
201200004318,12,6,6,1915,1,1,1,1.0,6,81089,M,4404000.0,239600.0,81
201200004319,12,9,15,1430,1,1,1,1.0,1,81230,M,4403700.0,218700.0,81
201200004320,12,12,23,2215,3,1,1,1.0,6,81141,M,4409500.0,238300.0,81
201200004321,12,3,23,1930,3,1,1,1.0,6,81026,M,4391400.0,228800.0,81
201200004322,12,6,20,2030,1,1,1,1.0,3,81295,M,4383800.0,233300.0,81
201200004323,12,9,19,1700,1,1,1,1.0,7,81209,M,4351800.0,242000.0,81
201200004324,12,10,17,745,3,1,1,1.0,1,81036,M,0.0,0.0,81
201200004325,12,3,17,745,1,2,1,1.0,1,81105,M,4376500.0,199300.0,81
201200004326,12,5,4,1345,1,1,1,1.0,1,81043,M,4379900.0,193700.0,81
201200004327,12,8,16,945,1,2,6,5.0,1,81105,M,4377500.0,198400.0,81
201200004328,12,10,8,1430,1,1,2,1.0,3,81039,M,4376900.0,190600.0,81
201200004329,12,10,12,1200,1,1,1,1.0,1,81039,M,0.0,0.0,81
201200004330,12,11,20,1730,1,1,1,1.0,6,81105,M,0.0,0.0,81
201200004331,12,8,23,1000,3,2,1,1.0,3,81124,M,4371300.0,269300.0,81
201200004332,12,9,26,1900,1,2,1,1.0,1,81031,M,4363100.0,247800.0,81
201200004333,12,11,26,1145,1,2,1,8.0,3,81037,M,4363300.0,248600.0,81
201200004334,12,1,1,1945,3,1,1,1.0,4,81318,M,4360000.0,177700.0,81
201200004335,12,3,11,30,5,2,6,1.0,6,81140,M,4370100.0,181600.0,81
201200004336,12,4,2,1800,1,2,1,1.0,3,81271,M,0.0,0.0,81
201200004337,12,6,28,1800,1,1,1,1.0,7,81104,M,0.0,0.0,81
201200004338,12,8,4,930,1,1,1,1.0,6,81140,M,0.0,0.0,81
201200004339,12,8,5,1000,1,1,1,2.0,6,81140,M,0.0,0.0,81
201200004340,12,8,14,1800,1,2,1,1.0,3,81104,M,0.0,0.0,81
201200004341,12,9,8,215,3,1,1,1.0,6,81271,M,0.0,0.0,81
201200004342,12,9,20,1815,1,2,1,1.0,6,81271,M,0.0,0.0,81
201200004343,12,11,1,1445,1,1,1,1.0,6,81104,M,0.0,0.0,81
201200004344,12,11,2,945,1,2,1,1.0,6,81140,M,0.0,0.0,81
201200004345,12,11,12,745,1,1,1,5.0,3,81324,M,0.0,0.0,81
201200004346,12,11,25,600,3,1,6,1.0,7,81104,M,0.0,0.0,81
201200004347,12,12,16,915,1,1,1,7.0,6,81140,M,4369600.0,179500.0,81
201200004348,12,12,16,1400,1,1,1,1.0,6,81116,M,4370400.0,186800.0,81
201200004349,12,2,8,2215,3,2,1,1.0,7,81042,M,4363600.0,227600.0,81
201200004350,12,2,29,1645,1,1,1,1.0,3,81042,M,4363200.0,238700.0,81
201200004351,12,6,1,1315,1,1,1,1.0,7,81042,M,4363600.0,228800.0,81
201200004352,12,7,10,1715,1,1,1,1.0,1,81182,M,4371700.0,231100.0,81
201200004353,12,9,1,1800,1,1,1,1.0,1,81227,M,4366700.0,227400.0,81
201200004354,12,11,30,1145,1,1,1,1.0,7,81042,M,4363700.0,230300.0,81
201200004355,12,2,21,800,1,1,1,7.0,1,81299,M,4362900.0,195300.0,81
201200004356,12,3,8,915,1,1,1,1.0,1,81315,M,4362700.0,212800.0,81
201200004357,12,3,9,1045,1,1,2,1.0,3,81139,M,4373200.0,214900.0,81
201200004358,12,6,17,1130,1,2,1,1.0,7,81273,M,4358000.0,218200.0,81
201200004359,12,1,4,1830,3,1,1,1.0,6,81038,M,4388400.0,193000.0,81
201200004360,12,2,17,2015,3,1,6,1.0,6,81099,M,4392200.0,194100.0,81
201200004361,12,5,16,1045,1,1,1,1.0,7,81038,M,4388500.0,191100.0,81
201200004362,12,5,17,1000,1,1,1,1.0,6,81090,M,4385900.0,207700.0,81
201200004363,12,8,1,745,1,1,1,1.0,1,81225,M,4392300.0,195200.0,81
201200004364,12,8,10,1415,1,1,1,1.0,6,81131,M,4388900.0,199300.0,81
201200004365,12,10,23,1630,1,1,1,1.0,1,81283,M,4394100.0,194500.0,81
201200004366,12,12,27,1715,2,1,1,2.0,3,81038,M,4388200.0,189100.0,81
201200004367,12,9,4,1040,1,2,1,8.0,6,69149,M,,,69
201200004368,12,2,5,630,5,2,1,1.0,6,69089,M,0.0,0.0,69
201200004369,12,2,27,1830,2,2,1,1.0,6,69069,M,4574600.0,469600.0,69
201200004370,12,3,14,1630,1,2,1,1.0,6,69069,M,4575100.0,473700.0,69
201200004371,12,4,8,400,5,2,1,1.0,3,69089,M,,,69
201200004372,12,5,9,1900,1,2,1,1.0,6,69089,M,0.0,0.0,69
201200004373,12,6,8,730,1,2,1,2.0,6,69089,M,0.0,0.0,69
201200004374,12,9,17,1800,1,2,6,1.0,3,69205,M,0.0,0.0,69
201200004375,12,9,25,1045,1,2,1,1.0,6,69069,M,0.0,0.0,69
201200004376,12,10,9,1230,1,2,1,1.0,6,69089,M,0.0,0.0,69
201200004377,12,10,27,645,5,2,1,2.0,1,69069,M,4575200.0,474400.0,69
201200004378,12,1,7,155,5,2,3,8.0,6,02408,M,4956454.0,361962.0,02
201200004379,12,1,8,130,5,2,1,2.0,6,02408,M,4956660.0,363131.0,02
201200004380,12,10,6,2040,3,1,1,2.0,6,02408,M,,,02
201200004381,12,8,25,1800,1,2,2,1.0,3,02408,M,4957622.0,365444.0,02
201200004382,12,10,4,750,1,2,3,3.0,3,02408,M,4956942.0,364219.0,02
201200004383,12,10,17,943,1,2,6,8.0,6,02408,M,4956945.0,362413.0,02
201200004384,12,10,23,1800,1,2,3,1.0,3,02408,M,4955346.0,362612.0,02
201200004385,12,10,26,758,1,1,1,1.0,1,02408,M,,,02
201200004386,12,11,4,1810,5,1,3,1.0,6,02028,M,,,02
201200004387,12,11,9,2125,5,2,1,2.0,1,02408,M,4956611.0,362923.0,02
201200004388,12,11,13,1838,5,2,1,1.0,6,02408,M,4956575.0,362253.0,02
201200004389,12,11,22,1820,3,1,1,8.0,4,02408,M,,,02
201200004390,12,11,23,1730,5,2,1,3.0,6,02408,M,4956903.0,364539.0,02
201200004391,12,1,9,1230,1,1,1,1.0,3,81272,M,4394100.0,157500.0,81
201200004392,12,3,17,615,2,1,1,1.0,7,81220,M,4384400.0,175900.0,81
201200004393,12,3,31,1530,1,1,1,7.0,6,81145,M,4387200.0,182700.0,81
201200004394,12,8,11,1815,1,1,1,1.0,6,81175,M,4395600.0,158500.0,81
201200004395,12,9,19,1700,1,1,1,1.0,6,81145,M,,,81
201200004396,12,3,17,1745,1,1,1,1.0,3,81002,M,4351700.0,232700.0,81
201200004397,12,11,28,1715,1,1,1,2.0,1,81055,M,4341800.0,206900.0,81
201200004398,12,3,1,630,2,1,1,1.0,3,81050,M,4358200.0,184800.0,81
201200004399,12,5,20,15,3,1,1,3.0,6,81219,M,4356300.0,204999.0,81
201200004400,12,6,7,1800,1,1,1,3.0,1,81162,M,4358800.0,181100.0,81
201200004401,12,7,31,1130,1,1,1,1.0,1,81219,M,4358900.0,203399.0,81
201200004402,12,8,11,1915,1,1,1,1.0,7,81162,M,4359200.0,180800.0,81
201200004403,12,9,15,1715,1,1,1,1.0,3,81054,M,4357600.0,213800.0,81
201200004404,12,10,19,1815,1,1,1,1.0,3,81219,M,4357200.0,195000.0,81
201200004405,12,10,30,930,1,1,1,1.0,1,81076,M,4357800.0,186800.0,81
201200004406,12,11,24,1600,1,1,1,1.0,1,81032,M,4354800.0,201200.0,81
201200004407,12,11,28,1615,1,1,1,1.0,7,81127,M,4357000.0,192700.0,81
201200004408,12,1,19,1430,1,1,1,2.0,1,82087,M,0.0,0.0,82
201200004409,12,3,16,1645,1,1,1,1.0,2,82039,M,0.0,0.0,82
201200004410,12,3,30,700,1,1,1,1.0,7,82144,M,0.0,0.0,82
201200004411,12,4,5,900,1,1,1,8.0,6,82195,M,0.0,0.0,82
201200004412,12,4,21,1930,1,1,1,8.0,1,82090,M,0.0,0.0,82
201200004413,12,6,30,900,1,1,2,1.0,3,82159,M,0.0,0.0,82
201200004414,12,7,19,2330,3,1,1,1.0,6,82195,M,4407700.0,128500.0,82
201200004415,12,7,23,2100,2,1,1,7.0,1,82090,M,0.0,0.0,82
201200004416,12,8,11,900,1,2,1,1.0,1,82037,M,0.0,0.0,82
201200004417,12,8,18,2115,2,1,1,1.0,6,82087,M,0.0,0.0,82
201200004418,12,8,20,1830,1,2,1,1.0,1,82149,M,0.0,0.0,82
201200004419,12,9,19,345,3,1,1,8.0,6,82131,M,0.0,0.0,82
201200004420,12,10,16,1545,1,2,1,2.0,3,82037,M,0.0,0.0,82
201200004421,12,12,1,1715,2,2,1,1.0,7,82179,M,0.0,0.0,82
201200004422,12,12,30,530,3,2,1,2.0,6,82179,M,0.0,0.0,82
201200004423,12,1,21,1400,1,1,1,2.0,6,82134,M,4409200.0,149800.0,82
201200004424,12,2,1,745,2,1,1,1.0,6,82115,M,0.0,0.0,82
201200004425,12,4,6,1315,1,2,1,1.0,6,82134,M,4407300.0,152500.0,82
201200004426,12,5,25,2100,1,1,1,1.0,7,82161,M,0.0,0.0,82
201200004427,12,5,27,1715,1,1,1,1.0,1,82134,M,4405900.0,153700.0,82
201200004428,12,5,28,1300,1,1,1,1.0,3,82161,M,0.0,0.0,82
201200004429,12,6,27,1145,1,1,1,1.0,6,82176,M,4397000.0,155200.0,82
201200004430,12,11,26,1100,1,1,1,3.0,3,82161,M,4404300.0,142800.0,82
201200004431,12,1,20,845,1,1,1,5.0,6,82137,M,4427200.0,185400.0,82
201200004432,12,4,15,615,2,2,1,8.0,6,82155,M,4415700.0,175600.0,82
201200004433,12,5,27,830,1,1,1,1.0,6,82155,M,0.0,0.0,82
201200004434,12,6,5,1915,1,1,1,1.0,6,82155,M,0.0,0.0,82
201200004435,12,8,25,1445,1,1,1,2.0,6,82147,M,0.0,0.0,82
201200004436,12,9,2,2130,3,1,1,1.0,6,82187,M,0.0,0.0,82
201200004437,12,9,13,1145,1,1,1,2.0,7,82038,M,0.0,0.0,82
201200004438,12,10,12,800,2,2,1,2.0,6,82038,M,4424100.0,176800.0,82
201200004439,12,12,4,1815,3,2,1,3.0,6,82061,M,0.0,0.0,82
201200004440,12,3,12,1630,1,1,1,1.0,3,82059,M,4384200.0,94200.0,82
201200004441,12,4,24,1000,1,1,1,2.0,6,82097,M,4397100.0,91200.0,82
201200004442,12,5,11,1430,1,2,1,1.0,2,82013,M,4388900.0,98600.0,82
201200004443,12,5,17,1000,1,1,1,1.0,7,82074,M,0.0,0.0,82
201200004444,12,6,19,1500,1,1,1,1.0,6,82093,M,4393200.0,110800.0,82
201200004445,12,6,23,515,2,1,1,1.0,7,82013,M,4386400.0,99200.0,82
201200004446,12,8,4,1400,1,1,1,1.0,1,82180,M,4391200.0,104400.0,82
201200004447,12,9,9,1400,1,2,1,1.0,6,82013,M,4389000.0,99000.0,82
201200004448,12,9,11,1530,1,1,1,1.0,1,82093,M,4392900.0,107400.0,82
201200004449,12,9,19,700,2,1,1,1.0,1,82180,M,4392500.0,106800.0,82
201200004450,12,7,29,2200,3,1,1,1.0,6,82093,M,4394200.0,109100.0,82
201200004451,12,3,15,745,2,1,1,1.0,1,82044,M,4395200.0,137200.0,82
201200004452,12,6,11,700,2,1,1,1.0,6,82167,M,0.0,0.0,82
201200004453,12,6,16,1000,1,1,1,1.0,6,82136,M,4390300.0,139600.0,82
201200004454,12,7,21,1830,1,1,3,1.0,3,82075,M,4384000.0,129000.0,82
201200004455,12,8,2,545,2,1,3,1.0,3,82028,M,4382600.0,130700.0,82
201200004456,12,9,4,1145,1,1,1,1.0,3,82044,M,0.0,0.0,82
201200004457,12,10,26,100,3,1,9,1.0,7,82188,M,4392400.0,153200.0,82
201200004458,12,12,24,1700,2,1,1,1.0,7,82028,M,0.0,0.0,82
201200004459,12,9,8,1830,1,1,1,1.0,7,82154,M,0.0,0.0,82
201200004460,12,10,23,1100,1,1,1,1.0,1,82168,M,4420200.0,103400.0,82
201200004461,12,10,28,1415,1,1,1,1.0,6,82051,M,4419200.0,116200.0,82
201200004462,12,1,13,2015,3,1,1,2.0,6,82112,M,0.0,0.0,82
201200004463,12,2,1,1400,1,1,1,1.0,6,82170,M,4416400.0,99400.0,82
201200004464,12,4,29,2000,2,1,1,4.0,7,82019,M,4409600.0,100899.0,82
201200004465,12,5,13,1145,1,1,3,1.0,3,82096,M,0.0,0.0,82
201200004466,12,5,20,1700,1,1,1,2.0,4,82169,M,4406100.0,102699.0,82
201200004467,12,6,6,145,3,1,1,1.0,6,82096,M,0.0,0.0,82
201200004468,12,6,9,1545,1,1,1,1.0,3,82031,M,0.0,0.0,82
201200004469,12,8,13,1745,1,1,1,1.0,6,82096,M,0.0,0.0,82
201200004470,12,8,27,2300,3,1,1,1.0,6,82112,M,0.0,0.0,82
201200004471,12,9,27,1530,1,2,1,1.0,6,82112,M,0.0,0.0,82
201200004472,12,11,24,515,3,2,1,1.0,6,82112,M,0.0,0.0,82
201200004473,12,11,30,1345,1,1,1,1.0,7,82169,M,4407400.0,100899.0,82
201200004474,12,12,22,1015,1,1,1,1.0,1,82019,M,0.0,0.0,82
201200004475,12,1,7,2145,3,1,1,1.0,7,82005,M,4380600.0,126200.0,82
201200004476,12,1,12,1400,1,1,1,5.0,3,82171,M,4400400.0,118400.0,82
201200004477,12,1,13,630,2,1,1,1.0,6,82178,M,4384000.0,119200.0,82
201200004478,12,1,28,2130,3,1,1,1.0,7,82125,M,0.0,0.0,82
201200004479,12,3,10,1030,1,1,1,1.0,3,82125,M,0.0,0.0,82
201200004480,12,4,1,1800,1,1,1,1.0,7,82020,M,4387800.0,115000.0,82
201200004481,12,4,14,2030,2,2,1,1.0,6,82190,M,0.0,0.0,82
201200004482,12,4,30,1715,1,2,1,1.0,3,82190,M,4385700.0,123200.0,82
201200004483,12,5,3,1745,1,1,1,1.0,3,82124,M,0.0,0.0,82
201200004484,12,5,21,1300,1,1,1,2.0,1,82124,M,4402700.0,128800.0,82
201200004485,12,6,4,1045,1,1,1,1.0,7,82052,M,4397200.0,118700.0,82
201200004486,12,6,11,1845,1,1,1,3.0,6,82020,M,0.0,0.0,82
201200004487,12,6,13,1230,1,2,1,1.0,5,82085,M,0.0,0.0,82
201200004488,12,6,18,2230,3,1,1,1.0,1,82125,M,0.0,0.0,82
201200004489,12,7,5,1415,1,2,1,8.0,7,82124,M,0.0,0.0,82
201200004490,12,7,9,145,3,2,1,1.0,6,82173,M,0.0,0.0,82
201200004491,12,7,19,1630,1,1,1,1.0,2,82023,M,0.0,0.0,82
201200004492,12,7,27,1700,1,1,1,1.0,6,82062,M,0.0,0.0,82
201200004493,12,8,18,2030,2,1,3,1.0,3,82124,M,4402600.0,127400.0,82
201200004494,12,10,2,1415,2,2,1,1.0,6,82125,M,0.0,0.0,82
201200004495,12,10,7,1630,1,1,1,8.0,1,82171,M,0.0,0.0,82
201200004496,12,10,28,1900,3,1,2,1.0,3,82124,M,4400900.0,124300.0,82
201200004497,12,11,5,715,2,1,1,2.0,1,82124,M,0.0,0.0,82
201200004498,12,3,6,1715,1,1,1,1.0,3,82031,M,4405000.0,103099.0,82
201200004499,12,4,29,930,1,2,1,1.0,2,82072,M,0.0,0.0,82
201200004500,12,4,30,1845,1,1,1,8.0,7,82049,M,4412500.0,82100.0,82
201200004501,12,6,8,900,1,1,6,1.0,3,82186,M,0.0,0.0,82
201200004502,12,8,11,400,3,1,1,1.0,6,82049,M,0.0,0.0,82
201200004503,12,9,7,800,1,2,1,1.0,1,82141,M,0.0,0.0,82
201200004504,12,5,17,1145,1,1,1,1.0,6,69127,M,0.0,0.0,69
201200004505,12,9,13,1830,1,2,1,1.0,6,69250,M,0.0,0.0,69
201200004506,12,9,20,815,2,1,1,1.0,1,69250,M,0.0,0.0,69
201200004507,12,2,15,1515,1,2,1,2.0,6,69055,M,0.0,0.0,69
201200004508,12,2,15,1500,1,1,1,2.0,2,69117,M,0.0,0.0,69
201200004509,12,3,25,515,5,2,1,1.0,1,69117,M,0.0,0.0,69
201200004510,12,4,1,1730,1,2,1,1.0,1,69194,M,0.0,0.0,69
201200004511,12,5,3,1730,1,2,1,1.0,1,69194,M,0.0,0.0,69
201200004512,12,6,15,1245,1,2,1,1.0,3,69040,M,,,69
201200004513,12,7,12,1730,1,2,7,1.0,3,69049,M,,,69
201200004514,12,8,1,1745,1,1,1,1.0,6,69116,M,0.0,0.0,69
201200004515,12,8,14,815,1,1,9,1.0,3,69117,M,0.0,0.0,69
201200004516,12,9,1,2045,4,2,1,2.0,2,69194,M,,,69
201200004517,12,8,31,2145,5,1,1,2.0,2,69194,M,0.0,0.0,69
201200004518,12,9,6,1745,1,2,1,1.0,6,69040,M,0.0,0.0,69
201200004519,12,9,19,2015,3,2,1,1.0,3,69055,M,0.0,0.0,69
201200004520,12,10,26,2115,3,1,1,2.0,1,69059,M,0.0,0.0,69
201200004521,12,3,16,215,3,2,1,1.0,1,69085,M,0.0,0.0,69
201200004522,12,3,20,1100,1,2,1,1.0,6,69003,M,0.0,0.0,69
201200004523,12,3,29,1315,1,2,1,1.0,1,69003,M,0.0,0.0,69
201200004524,12,4,11,645,2,1,1,2.0,3,69163,M,0.0,0.0,69
201200004525,12,4,21,430,5,1,6,2.0,7,69071,M,0.0,0.0,69
201200004526,12,5,6,1700,1,2,1,1.0,3,69085,M,0.0,0.0,69
201200004527,12,5,16,620,1,2,1,1.0,6,69284,M,,,69
201200004528,12,5,19,1315,1,2,1,1.0,7,69233,M,0.0,0.0,69
201200004529,12,5,30,1300,1,1,1,1.0,3,69163,M,0.0,0.0,69
201200004530,12,6,24,715,1,2,1,1.0,1,69278,M,0.0,0.0,69
201200004531,12,7,8,1200,1,1,1,1.0,3,69071,M,0.0,0.0,69
201200004532,12,8,19,1600,1,1,6,7.0,3,69143,M,0.0,0.0,69
201200004533,12,9,14,945,1,2,1,1.0,6,69143,M,0.0,0.0,69
201200004534,12,9,16,1600,1,2,3,1.0,1,69143,M,0.0,0.0,69
201200004535,12,9,29,1030,1,1,1,1.0,6,69207,M,0.0,0.0,69
201200004536,12,10,12,745,2,1,1,2.0,1,69207,M,0.0,0.0,69
201200004537,12,11,14,2200,5,2,1,1.0,6,69143,M,0.0,0.0,69
201200004538,12,12,15,1800,5,2,1,1.0,1,69278,M,0.0,0.0,69
201200004539,12,1,21,330,3,1,1,2.0,6,69204,M,4569600.0,478600.0,69
201200004540,12,2,11,300,3,2,1,1.0,6,69204,M,0.0,0.0,69
201200004541,12,4,13,2145,5,2,1,2.0,3,69204,M,0.0,0.0,69
201200004542,12,4,30,2045,5,2,1,8.0,1,69204,M,0.0,0.0,69
201200004543,12,6,22,815,1,2,3,1.0,3,69204,M,,,69
201200004544,12,10,2,1030,1,2,1,1.0,3,69204,M,0.0,0.0,69
201200004545,12,10,6,2245,5,2,1,1.0,6,69204,M,0.0,0.0,69
201200004546,12,12,20,1745,5,2,1,8.0,6,69204,M,0.0,0.0,69
201200004547,12,3,21,745,1,1,1,1.0,3,69289,M,4565700.0,501700.0,69
201200004548,12,3,22,1215,1,2,1,1.0,1,69288,M,4569400.0,504000.0,69
201200004549,12,3,23,1715,1,1,1,1.0,1,69298,M,0.0,0.0,69
201200004550,12,4,17,1445,1,1,1,1.0,1,69289,M,4566700.0,500200.0,69
201200004551,12,5,4,1100,1,2,1,1.0,3,69288,M,4566800.0,503400.0,69
201200004552,12,5,28,1615,1,2,1,1.0,6,69288,M,0.0,0.0,69
201200004553,12,6,8,1945,1,2,1,1.0,6,69298,M,0.0,0.0,69
201200004554,12,6,21,715,1,2,6,1.0,3,69288,M,0.0,0.0,69
201200004555,12,7,10,2000,1,2,1,2.0,3,69287,M,4569700.0,503200.0,69
201200004556,12,7,6,1815,1,1,1,1.0,3,69289,M,0.0,0.0,69
201200004557,12,9,5,2045,3,1,1,1.0,1,69287,M,0.0,0.0,69
201200004558,12,11,19,630,3,1,1,5.0,1,69289,M,0.0,0.0,69
201200004559,12,11,23,700,2,1,1,5.0,2,69289,M,0.0,0.0,69
201200004560,12,11,24,1815,1,2,1,1.0,3,69287,M,0.0,0.0,69
201200004561,12,11,30,1815,3,1,1,1.0,6,69288,M,0.0,0.0,69
201200004562,12,12,30,1600,1,1,1,1.0,3,69281,M,0.0,0.0,69
201200004563,12,3,22,1745,1,2,1,1.0,1,69273,M,0.0,0.0,69
201200004564,12,11,5,1745,5,2,1,1.0,1,69273,M,0.0,0.0,69
201200004565,12,2,9,515,3,1,1,1.0,6,69173,M,0.0,0.0,69
201200004566,12,3,8,1200,1,1,3,1.0,3,69173,M,4588600.0,456100.0,69
201200004567,12,3,27,830,1,2,1,1.0,3,69032,M,0.0,0.0,69
201200004568,12,4,1,1815,1,2,1,1.0,6,69010,M,0.0,0.0,69
201200004569,12,4,3,545,3,1,1,1.0,1,69112,M,0.0,0.0,69
201200004570,12,6,1,700,1,1,1,1.0,3,69086,M,4584500.0,464000.0,69
201200004571,12,6,30,2300,3,1,1,1.0,6,69175,M,0.0,0.0,69
201200004572,12,7,28,1615,1,2,1,1.0,6,69010,M,0.0,0.0,69
201200004573,12,8,8,1230,1,1,1,1.0,2,69086,M,0.0,0.0,69
201200004574,12,9,29,930,1,1,1,1.0,1,69171,M,0.0,0.0,69
201200004575,12,11,19,1845,3,2,1,5.0,6,69144,M,0.0,0.0,69
201200004576,12,12,4,1700,2,1,1,1.0,6,69171,M,0.0,0.0,69
201200004577,12,12,10,2200,3,1,1,1.0,7,69208,M,0.0,0.0,69
201200004578,12,1,6,2215,5,2,3,1.0,3,69201,M,0.0,0.0,69
201200004579,12,2,24,2000,3,1,1,1.0,1,69203,M,0.0,0.0,69
201200004580,12,7,26,1615,1,1,1,1.0,1,69139,M,0.0,0.0,69
201200004581,12,9,29,1345,1,1,1,8.0,1,69021,M,0.0,0.0,69
201200004582,12,10,27,1315,1,1,1,2.0,1,69187,M,4575700.0,445100.0,69
201200004583,12,1,27,1445,1,1,1,2.0,5,69227,M,0.0,0.0,69
201200004584,12,5,4,830,1,1,3,1.0,4,69155,M,0.0,0.0,69
201200004585,12,5,27,1600,1,1,1,1.0,1,69227,M,0.0,0.0,69
201200004586,12,6,30,830,1,1,1,1.0,3,69227,M,0.0,0.0,69
201200004587,12,7,17,430,3,1,1,1.0,6,69155,M,0.0,0.0,69
201200004588,12,7,17,2030,1,1,1,1.0,6,69227,M,0.0,0.0,69
201200004589,12,8,17,1600,1,1,1,7.0,3,69095,M,0.0,0.0,69
201200004590,12,9,7,1830,1,2,1,1.0,1,69227,M,0.0,0.0,69
201200004591,12,11,7,1845,3,1,1,1.0,1,69227,M,0.0,0.0,69
201200004592,12,11,22,830,1,2,1,1.0,6,69227,M,,,69
201200004593,12,11,17,430,3,1,1,1.0,7,69155,M,0.0,0.0,69
201200004594,12,11,29,1700,1,1,1,2.0,3,69227,M,0.0,0.0,69
201200004595,12,3,13,1800,1,2,1,1.0,3,69249,M,0.0,0.0,69
201200004596,12,5,30,1745,1,1,1,1.0,5,69249,M,0.0,0.0,69
201200004597,12,8,11,1645,1,1,1,1.0,6,69094,M,0.0,0.0,69
201200004598,12,8,17,1,5,2,1,1.0,7,69094,M,0.0,0.0,69
201200004599,12,8,20,1600,1,2,6,1.0,3,69094,M,0.0,0.0,69
201200004600,12,9,20,1645,1,1,1,1.0,1,69249,M,0.0,0.0,69
201200004601,12,11,21,2315,5,1,1,1.0,6,69190,M,0.0,0.0,69
201200004602,12,1,31,730,2,1,1,4.0,6,69296,M,0.0,0.0,69
201200004603,12,3,15,1930,1,2,1,1.0,3,69291,M,0.0,0.0,69
201200004604,12,7,14,1500,1,2,1,1.0,7,69297,M,0.0,0.0,69
201200004605,12,9,17,1800,1,2,1,1.0,6,69294,M,0.0,0.0,69
201200004606,12,6,12,1600,1,2,1,2.0,6,69272,M,4558400.0,485900.0,69
201200004607,12,10,9,800,1,1,1,1.0,3,69296,M,4510300.0,442900.0,69
201200004608,12,10,25,900,1,1,1,5.0,3,69291,M,0.0,0.0,69
201200004609,12,1,8,1200,1,1,1,2.0,1,69228,M,0.0,0.0,69
201200004610,12,1,13,1315,1,1,1,1.0,3,69176,M,0.0,0.0,69
201200004611,12,2,21,1015,1,1,1,1.0,3,69241,M,0.0,0.0,69
201200004612,12,2,24,830,1,1,1,2.0,1,69228,M,0.0,0.0,69
201200004613,12,2,24,1345,1,1,1,1.0,1,69228,M,0.0,0.0,69
201200004614,12,3,10,1950,5,2,2,1.0,3,69228,M,,,69
201200004615,12,4,14,930,1,1,1,1.0,6,69048,M,0.0,0.0,69
201200004616,12,5,21,1300,1,1,1,2.0,3,69228,M,0.0,0.0,69
201200004617,12,6,16,1530,1,2,1,1.0,6,69176,M,0.0,0.0,69