Num_Acc,an,mois,jour,hrmn,lum,agg,int,atm,col,com,gps,lat,long,dep
201200004618,12,6,29,1850,1,2,1,1.0,3,69241,M,,,69
201200004619,12,7,7,1230,1,2,1,1.0,3,69170,M,0.0,0.0,69
201200004620,12,7,28,1415,1,1,2,1.0,1,69141,M,4559300.0,466700.0,69
201200004621,12,8,31,1345,1,1,1,2.0,3,69236,M,0.0,0.0,69
201200004622,12,9,30,45,3,1,1,1.0,7,69179,M,0.0,0.0,69
201200004623,12,10,20,345,3,1,1,1.0,6,69051,M,0.0,0.0,69
201200004624,12,10,20,1200,1,1,1,1.0,2,69148,M,4566200.0,471900.0,69
201200004625,12,10,21,1745,1,1,1,1.0,3,69141,M,0.0,0.0,69
201200004626,12,10,24,715,1,2,9,5.0,3,69236,M,4557400.0,471500.0,69
201200004627,12,10,27,1700,1,2,1,1.0,1,69136,M,0.0,0.0,69
201200004628,12,11,14,1430,2,2,1,1.0,6,69176,M,0.0,0.0,69
201200004629,12,11,15,1200,1,1,1,1.0,5,69241,M,0.0,0.0,69
201200004630,12,11,29,815,1,1,1,2.0,1,69236,M,4557700.0,471100.0,69
201200004631,12,12,1,1915,3,1,1,9.0,1,69179,M,4560700.0,469400.0,69
201200004632,12,1,7,1830,2,1,1,1.0,3,69023,M,0.0,0.0,69
201200004633,12,3,25,1615,1,2,1,1.0,6,69151,M,0.0,0.0,69
201200004634,12,5,26,2100,1,2,1,1.0,3,69074,M,0.0,0.0,69
201200004635,12,6,5,1800,1,1,4,1.0,3,69215,M,4601700.0,463900.0,69
201200004636,12,11,16,1800,5,2,1,1.0,6,69172,M,0.0,0.0,69
201200004637,12,1,20,1815,5,2,1,2.0,6,69009,M,0.0,0.0,69
201200004638,12,1,27,1115,5,2,9,2.0,6,69121,M,0.0,0.0,69
201200004639,12,2,27,715,1,1,1,1.0,7,69122,M,0.0,0.0,69
201200004640,12,3,4,1730,1,2,1,1.0,3,69121,M,0.0,0.0,69
201200004641,12,6,14,1930,1,1,1,1.0,1,69009,M,0.0,0.0,69
201200004642,12,8,2,1245,1,2,1,1.0,7,69009,M,0.0,0.0,69
201200004643,12,8,20,1615,1,1,2,1.0,1,69009,M,0.0,0.0,69
201200004644,12,9,7,1430,1,2,1,1.0,2,69052,M,0.0,0.0,69
201200004645,12,10,17,2145,5,2,1,6.0,6,69121,M,0.0,0.0,69
201200004646,12,11,30,745,1,2,1,1.0,6,69009,M,0.0,0.0,69
201200004647,12,1,16,745,1,2,1,5.0,2,69162,M,4613000.0,463300.0,69
201200004648,12,4,17,1830,1,1,4,1.0,1,69267,M,0.0,0.0,69
201200004649,12,6,23,1745,1,1,1,1.0,6,69002,M,0.0,0.0,69
201200004650,12,7,9,1445,1,1,1,1.0,7,69109,M,4619400.0,464600.0,69
201200004651,12,8,10,1445,1,2,1,1.0,1,69267,M,4617300.0,465500.0,69
201200004652,12,2,22,1900,5,1,1,1.0,3,69206,M,0.0,0.0,69
201200004653,12,3,10,1215,1,1,1,1.0,3,69197,M,4610400.0,408600.0,69
201200004654,12,3,16,2245,3,1,1,1.0,6,69197,M,0.0,0.0,69
201200004655,12,4,4,915,1,1,1,2.0,3,69206,M,4605400.0,472300.0,69
201200004656,12,4,23,1000,1,1,1,1.0,1,69019,M,0.0,0.0,69
201200004657,12,5,19,1815,1,2,1,1.0,3,69206,M,0.0,0.0,69
201200004658,12,6,12,1000,1,2,1,1.0,6,69211,M,0.0,0.0,69
201200004659,12,7,11,1900,1,2,1,7.0,1,69019,M,0.0,0.0,69
201200004660,12,7,22,130,3,1,1,1.0,6,69206,M,0.0,0.0,69
201200004661,12,7,27,1545,1,1,1,1.0,3,69218,M,0.0,0.0,69
201200004662,12,8,4,315,3,1,1,1.0,7,69145,M,0.0,0.0,69
201200004663,12,8,6,1600,1,2,1,7.0,3,69019,M,0.0,0.0,69
201200004664,12,10,5,815,1,2,1,1.0,6,69206,M,0.0,0.0,69
201200004665,12,10,20,2000,5,2,1,1.0,5,69206,M,0.0,0.0,69
201200004666,12,11,1,2000,3,1,2,2.0,3,69065,M,0.0,0.0,69
201200004667,12,11,6,1830,3,1,1,1.0,1,69145,M,,,69
201200004668,12,1,12,1500,1,1,1,1.0,2,69111,M,0.0,0.0,69
201200004669,12,1,27,1700,1,1,1,8.0,5,69111,M,0.0,0.0,69
201200004670,12,3,25,1500,1,1,4,7.0,3,69090,M,0.0,0.0,69
201200004671,12,4,23,1845,2,1,1,3.0,1,69039,M,0.0,0.0,69
201200004672,12,5,3,1115,1,1,1,1.0,7,69113,M,0.0,0.0,69
201200004673,12,7,10,930,1,1,1,1.0,3,69246,M,0.0,0.0,69
201200004674,12,8,10,1945,1,1,1,1.0,6,69017,M,0.0,0.0,69
201200004675,12,9,21,1500,1,2,1,1.0,6,69026,M,0.0,0.0,69
201200004676,12,9,25,730,2,1,1,8.0,1,69056,M,0.0,0.0,69
201200004677,12,11,6,715,2,1,1,8.0,1,69239,M,0.0,0.0,69
201200004678,12,1,14,1945,3,1,1,1.0,1,69102,M,0.0,0.0,69
201200004679,12,2,9,900,1,1,1,1.0,5,69174,M,0.0,0.0,69
201200004680,12,3,24,745,1,1,1,1.0,1,69102,M,0.0,0.0,69
201200004681,12,4,10,1645,1,1,1,2.0,3,69174,M,0.0,0.0,69
201200004682,12,5,25,1130,1,1,2,1.0,3,69111,M,0.0,0.0,69
201200004683,12,6,13,1445,1,1,1,1.0,1,69188,M,0.0,0.0,69
201200004684,12,6,24,930,1,1,1,1.0,3,69254,M,0.0,0.0,69
201200004685,12,6,24,1130,1,1,1,1.0,3,69243,M,0.0,0.0,69
201200004686,12,8,10,1400,1,1,1,7.0,1,69102,M,0.0,0.0,69
201200004687,12,9,8,300,3,1,1,1.0,7,69102,M,0.0,0.0,69
201200004688,12,10,26,1930,5,2,1,3.0,6,69243,M,0.0,0.0,69
201200004689,12,11,2,930,1,1,1,1.0,6,69157,M,0.0,0.0,69
201200004690,12,11,15,1030,1,1,1,1.0,6,69243,M,0.0,0.0,69
201200004691,12,11,23,1800,5,2,1,1.0,3,69243,M,0.0,0.0,69
201200004692,12,12,7,1645,1,1,1,8.0,1,69234,M,0.0,0.0,69
201200004693,12,12,11,800,3,1,1,1.0,1,69234,M,0.0,0.0,69
201200004694,12,3,1,1730,1,2,1,1.0,6,69107,M,0.0,0.0,69
201200004695,12,3,21,2100,3,1,1,1.0,6,69037,M,4603400.0,449800.0,69
201200004696,12,4,28,215,3,1,1,1.0,6,69160,M,,,69
201200004697,12,7,8,1800,1,2,1,1.0,1,69093,M,4604000.0,447700.0,69
201200004698,12,7,17,1400,1,2,1,1.0,7,69037,M,4602800.0,450000.0,69
201200004699,12,7,28,1600,1,2,1,3.0,1,69107,M,0.0,0.0,69
201200004700,12,1,12,1330,1,2,1,1.0,1,69248,M,0.0,0.0,69
201200004701,12,1,31,1915,5,2,1,1.0,6,69025,M,0.0,0.0,69
201200004702,12,3,17,815,1,2,1,1.0,1,69006,M,0.0,0.0,69
201200004703,12,3,31,1930,1,2,1,1.0,3,69214,M,0.0,0.0,69
201200004704,12,5,5,1645,1,2,1,1.0,1,69070,M,0.0,0.0,69
201200004705,12,5,19,430,3,1,1,1.0,7,69006,M,0.0,0.0,69
201200004706,12,6,22,1725,1,2,1,1.0,1,69025,M,,,69
201200004707,12,10,11,1115,1,2,1,1.0,1,69025,M,0.0,0.0,69
201200004708,12,7,2,1740,1,1,1,1.0,7,01259,M,4621300.0,510359.0,01
201200004709,12,10,9,830,1,2,3,8.0,1,01301,M,4625100.0,514000.0,01
201200004710,12,3,18,1315,1,1,1,2.0,6,01426,M,4629460.0,535480.0,01
201200004711,12,3,26,1615,1,1,1,1.0,5,01254,M,4615740.0,527294.0,01
201200004712,12,4,17,1615,1,1,1,1.0,6,01072,M,4617680.0,532993.0,01
201200004713,12,4,26,1000,2,2,1,1.0,3,01072,M,4618370.0,530699.0,01
201200004714,12,6,20,1845,1,1,2,1.0,5,01408,M,4624650.0,542325.0,01
201200004715,12,7,23,1800,1,1,1,1.0,1,01350,M,4629790.0,530741.0,01
201200004716,12,8,29,1815,1,1,1,1.0,3,01150,M,0.0,0.0,01
201200004717,12,10,21,1115,1,1,1,1.0,1,01447,M,0.0,0.0,01
201200004718,12,11,22,1715,2,1,1,5.0,6,01072,M,0.0,0.0,01
201200004719,12,12,15,2100,3,1,1,2.0,1,01350,M,0.0,0.0,01
201200004720,12,2,23,1845,3,1,2,1.0,3,01305,M,4644330.0,492502.0,01
201200004721,12,4,12,1530,1,1,1,2.0,2,01296,M,4640210.0,524176.0,01
201200004722,12,4,18,1100,1,1,1,8.0,6,01057,M,4639730.0,491755.0,01
201200004723,12,5,13,1600,1,1,2,1.0,3,01406,M,4643030.0,506605.0,01
201200004724,12,5,20,1145,1,2,1,1.0,6,01305,M,4643550.0,494223.0,01
201200004725,12,7,9,1630,1,2,1,1.0,6,01445,M,4634530.0,532084.0,01
201200004726,12,8,10,1845,1,2,6,1.0,3,01196,M,0.0,0.0,01
201200004727,12,10,25,1645,1,2,1,1.0,6,01229,M,0.0,0.0,01
201200004728,12,11,7,1045,1,2,1,1.0,1,01024,M,0.0,0.0,01
201200004729,12,11,8,30,3,1,1,5.0,7,01140,M,0.0,0.0,01
201200004730,12,11,14,1800,3,1,1,1.0,1,01323,M,0.0,0.0,01
201200004731,12,2,4,1745,5,1,1,9.0,7,01304,M,4605930.0,533127.0,01
201200004732,12,2,28,2230,3,1,1,1.0,6,01314,M,4600290.0,529672.0,01
201200004733,12,3,8,430,3,1,1,2.0,6,01374,M,4611450.0,529970.0,01
201200004734,12,4,13,1430,1,1,2,1.0,3,01374,M,0.0,0.0,01
201200004735,12,5,28,1615,1,1,4,1.0,2,01068,M,4607130.0,548212.0,01
201200004736,12,7,27,2045,1,1,3,1.0,3,01374,M,4611860.0,529730.0,01
201200004737,12,9,9,1315,1,1,1,1.0,1,01304,M,0.0,0.0,01
201200004738,12,9,10,1500,1,2,1,1.0,5,01069,M,0.0,0.0,01
201200004739,12,12,14,1800,5,2,1,3.0,6,01363,M,0.0,0.0,01
201200004740,12,3,30,1145,1,1,2,1.0,3,01343,M,4627270.0,495470.0,01
201200004741,12,4,14,1745,1,2,1,2.0,1,01159,M,4633780.0,488639.0,01
201200004742,12,7,17,900,1,2,1,1.0,3,01320,M,4630090.0,487372.0,01
201200004743,12,7,21,1845,1,1,1,1.0,1,01025,M,0.0,0.0,01
201200004744,12,8,10,1515,1,1,1,1.0,2,01343,M,0.0,0.0,01
201200004745,12,8,24,1630,1,1,1,3.0,1,01320,M,0.0,0.0,01
201200004746,12,10,19,700,3,1,1,1.0,6,01343,M,0.0,0.0,01
201200004747,12,2,9,1715,1,2,1,1.0,1,01358,M,0.0,0.0,01
201200004748,12,3,15,1645,1,1,1,1.0,1,01227,M,4576160.0,571586.0,01
201200004749,12,4,12,2030,3,1,1,2.0,1,01064,M,4576220.0,548579.0,01
201200004750,12,5,4,1700,1,1,3,1.0,3,01239,M,4575490.0,577405.0,01
201200004751,12,5,13,1700,1,2,1,1.0,7,01058,M,0.0,0.0,01
201200004752,12,5,19,2000,1,1,1,1.0,7,01058,M,4562740.0,562394.0,01
201200004753,12,8,7,1800,1,1,1,1.0,1,01268,M,0.0,0.0,01
201200004754,12,8,15,545,2,2,1,1.0,7,01403,M,0.0,0.0,01
201200004755,12,8,29,1730,1,1,1,2.0,7,01294,M,0.0,0.0,01
201200004756,12,11,3,2000,3,2,1,2.0,7,01034,M,0.0,0.0,01
201200004757,12,3,4,515,3,1,1,1.0,7,01329,M,4583590.0,558766.0,01
201200004758,12,7,15,1630,1,1,1,1.0,6,01316,M,4581720.0,562851.0,01
201200004759,12,7,15,615,1,1,1,1.0,7,01329,M,4583920.0,558161.0,01
201200004760,12,8,24,2215,3,2,1,2.0,1,01415,M,0.0,0.0,01
201200004761,12,10,19,1945,3,1,1,1.0,6,01010,M,0.0,0.0,01
201200004762,12,7,6,2030,1,1,1,1.0,1,01185,M,4598000.0,557026.0,01
201200004763,12,10,29,1330,1,1,1,4.0,6,01012,M,0.0,0.0,01
201200004764,12,11,16,700,1,1,1,5.0,6,01121,M,0.0,0.0,01
201200004765,12,1,20,1730,5,2,1,2.0,4,01004,M,4594670.0,537009.0,01
201200004766,12,1,26,2245,3,1,1,2.0,4,01007,M,4601340.0,536813.0,01
201200004767,12,3,2,745,1,1,1,1.0,6,01345,M,4595300.0,532371.0,01
201200004768,12,3,9,1915,1,2,1,1.0,1,01396,M,4586440.0,539575.0,01
201200004769,12,4,5,2145,5,2,1,1.0,1,01004,M,0.0,0.0,01
201200004770,12,4,20,815,1,1,6,1.0,2,01047,M,4585560.0,525139.0,01
201200004771,12,6,15,2245,3,1,1,1.0,6,01444,M,4583350.0,543930.0,01
201200004772,12,6,21,1745,1,1,1,2.0,1,01390,M,4583940.0,529321.0,01
201200004773,12,6,30,1830,1,1,1,1.0,1,01076,M,4594670.0,553245.0,01
201200004774,12,7,6,1930,1,2,1,1.0,6,01224,M,4577490.0,520660.0,01
201200004775,12,7,6,1745,1,1,3,1.0,3,01386,M,4588410.0,534515.0,01
201200004776,12,7,14,1900,1,1,1,1.0,1,01431,M,4592450.0,533975.0,01
201200004777,12,8,10,1500,1,1,1,1.0,7,01007,M,0.0,0.0,01
201200004778,12,8,23,100,5,2,1,8.0,1,01004,M,0.0,0.0,01
201200004779,12,8,29,1230,1,2,1,1.0,7,01002,M,4600900.0,542500.0,01
201200004780,12,9,7,545,3,1,1,5.0,3,01345,M,0.0,0.0,01
201200004781,12,9,28,630,2,1,1,1.0,5,01202,M,0.0,0.0,01
201200004782,12,10,25,1600,1,2,1,1.0,6,01004,M,0.0,0.0,01
201200004783,12,11,8,1530,1,1,1,1.0,1,01047,M,0.0,0.0,01
201200004784,12,11,29,1645,5,1,3,1.0,3,01390,M,0.0,0.0,01
201200004785,12,1,22,1630,1,1,1,2.0,7,01148,M,0.0,0.0,01
201200004786,12,3,25,1845,1,1,1,1.0,1,01204,M,4616420.0,569516.0,01
201200004787,12,3,27,1615,1,1,1,1.0,1,01181,M,4622390.0,561871.0,01
201200004788,12,5,24,2000,1,2,9,1.0,7,01269,M,4616340.0,557586.0,01
201200004789,12,5,28,1445,1,1,1,1.0,6,01269,M,4615800.0,558965.0,01
201200004790,12,6,1,515,5,1,1,1.0,1,01392,M,4625640.0,558082.0,01
201200004791,12,7,21,1000,1,1,1,1.0,1,01269,M,4616300.0,559574.0,01
201200004792,12,8,13,415,5,2,6,1.0,6,01267,M,0.0,0.0,01
201200004793,12,1,12,1800,5,1,1,1.0,6,01071,M,0.0,0.0,01
201200004794,12,1,29,1830,5,1,1,1.0,1,01071,M,4631190.0,609036.0,01
201200004795,12,3,1,2200,5,2,1,1.0,6,01103,M,4628280.0,603829.0,01
201200004796,12,4,16,2245,5,2,3,1.0,1,01143,M,0.0,0.0,01
201200004797,12,4,30,1330,1,2,1,1.0,1,01173,M,4635500.0,604500.0,01
201200004798,12,5,17,1745,1,1,1,1.0,1,01173,M,4635620.0,605450.0,01
201200004799,12,6,20,1315,1,1,1,1.0,6,01071,M,4632430.0,606203.0,01
201200004800,12,9,20,30,5,2,1,1.0,6,01071,M,4632500.0,606900.0,01
201200004801,12,12,23,915,1,2,1,1.0,1,01143,M,4635200.0,612800.0,01
201200004802,12,10,17,1745,2,1,1,1.0,3,01247,M,0.0,0.0,01
201200004803,12,1,1,530,3,1,1,2.0,1,01160,M,4624680.0,609669.0,01
201200004804,12,5,21,1705,1,2,1,1.0,7,01160,M,0.0,0.0,01
201200004805,12,3,24,1300,1,2,4,1.0,6,01194,M,4598580.0,475554.0,01
201200004806,12,3,25,1715,1,1,6,7.0,3,01339,M,4595540.0,475460.0,01
201200004807,12,4,15,400,3,1,1,3.0,6,01322,M,4593950.0,483187.0,01
201200004808,12,6,11,1800,1,1,1,1.0,1,01322,M,4593050.0,480407.0,01
201200004809,12,7,7,200,3,1,1,1.0,7,01423,M,4595100.0,481512.0,01
201200004810,12,10,20,1745,1,2,2,1.0,3,01238,M,4591700.0,481800.0,01
201200004811,12,1,28,100,3,1,1,1.0,6,01090,M,4601500.0,520454.0,01
201200004812,12,3,6,1345,1,1,1,1.0,1,01085,M,0.0,0.0,01
201200004813,12,10,12,1645,1,2,1,1.0,1,01383,M,0.0,0.0,01
201200004814,12,10,20,1745,1,1,2,1.0,3,01090,M,0.0,0.0,01
201200004815,12,12,11,1815,5,2,6,1.0,3,01074,M,0.0,0.0,01
201200004816,12,12,18,1715,2,1,1,2.0,1,01299,M,0.0,0.0,01
201200004817,12,3,1,1545,1,1,6,1.0,3,01093,M,4612460.0,495064.0,01
201200004818,12,4,27,2215,3,1,1,1.0,6,01084,M,0.0,0.0,01
201200004819,12,5,8,1845,1,1,1,2.0,7,01356,M,4610990.0,502921.0,01
201200004820,12,6,22,700,1,1,1,1.0,6,01096,M,0.0,0.0,01
201200004821,12,10,6,545,3,1,1,1.0,6,01093,M,0.0,0.0,01
201200004822,12,3,24,1045,1,2,1,1.0,3,01450,M,4593500.0,523470.0,01
201200004823,12,3,15,1410,1,1,1,1.0,3,01260,M,4592850.0,507372.0,01
201200004824,12,7,11,1015,1,1,1,1.0,4,01290,M,4588890.0,517362.0,01
201200004825,12,7,20,1515,1,1,1,1.0,3,01290,M,4590280.0,517498.0,01
201200004826,12,8,28,1745,1,1,1,1.0,3,01378,M,0.0,0.0,01
201200004827,12,9,14,1730,1,1,1,1.0,4,01325,M,0.0,0.0,01
201200004828,12,9,25,1800,1,1,1,1.0,7,01088,M,0.0,0.0,01
201200004829,12,10,16,1415,1,1,1,1.0,2,01290,M,0.0,0.0,01
201200004830,12,12,30,2230,3,1,1,2.0,6,01450,M,0.0,0.0,01
201200004831,12,2,6,1630,1,2,3,7.0,3,01249,M,4582160.0,494717.0,01
201200004832,12,2,9,1615,1,2,9,1.0,1,01043,M,4582670.0,499357.0,01
201200004833,12,4,10,815,1,2,1,1.0,6,01376,M,4582960.0,497889.0,01
201200004834,12,4,28,2300,3,1,1,1.0,6,01249,M,0.0,0.0,01
201200004835,12,7,31,1755,1,2,1,1.0,7,01376,M,0.0,0.0,01
201200004836,12,3,7,2320,5,2,3,3.0,5,01262,M,4584740.0,505428.0,01
201200004837,12,3,9,900,1,2,1,1.0,2,01062,M,0.0,0.0,01
201200004838,12,9,9,300,5,2,9,1.0,6,01142,M,0.0,0.0,01
201200004839,12,10,12,1600,1,1,1,1.0,7,01262,M,0.0,0.0,01
201200004840,12,2,19,415,3,1,1,1.0,6,01362,M,4595440.0,488545.0,01
201200004841,12,2,28,745,1,2,3,1.0,3,01424,M,4587590.0,496547.0,01
201200004842,12,6,30,1900,1,1,3,1.0,3,01248,M,0.0,0.0,01
201200004843,12,7,15,345,3,1,1,3.0,6,01075,M,0.0,0.0,01
201200004844,12,8,23,1500,1,2,2,1.0,6,01446,M,0.0,0.0,01
201200004845,12,9,14,1,3,1,1,1.0,6,01443,M,0.0,0.0,01
201200004846,12,9,23,430,2,2,1,1.0,1,01333,M,4593800.0,496300.0,01
201200004847,12,9,24,730,2,1,1,2.0,1,01398,M,0.0,0.0,01
201200004848,12,11,2,1830,3,1,1,1.0,6,01052,M,4603300.0,498000.0,01
201200004849,12,11,8,1815,5,1,1,1.0,1,01443,M,4600600.0,502900.0,01
201200004850,12,12,16,1730,3,1,2,2.0,5,01075,M,4602600.0,478600.0,01
201200004851,12,12,22,730,2,1,1,1.0,6,01248,M,4589700.0,493000.0,01
201200004852,12,1,2,1030,1,1,1,2.0,6,01389,M,4609550.0,492592.0,01
201200004853,12,5,11,1600,1,2,2,1.0,3,01243,M,4604690.0,476492.0,01
201200004854,12,6,6,1230,1,2,1,1.0,6,01083,M,4609710.0,484937.0,01
201200004855,12,6,7,1130,1,1,2,6.0,3,01319,M,4606100.0,494676.0,01
201200004856,12,6,17,615,2,1,1,1.0,7,01351,M,4616280.0,484640.0,01
201200004857,12,6,20,1830,1,1,1,1.0,2,01225,M,4606780.0,477122.0,01
201200004858,12,9,17,1630,1,2,1,1.0,1,01183,M,0.0,0.0,01
201200004859,12,9,21,1445,1,1,1,1.0,1,01348,M,4617700.0,483500.0,01
201200004860,12,10,10,1045,1,1,1,1.0,7,01393,M,4607700.0,498000.0,01
201200004861,12,11,17,830,3,1,1,1.0,3,01348,M,4616300.0,481700.0,01
201200004862,12,11,20,700,3,1,1,5.0,7,01188,M,4618900.0,488000.0,01
201200004863,12,11,30,1045,1,2,1,1.0,6,01263,M,0.0,0.0,01
201200004864,12,12,4,1700,1,1,1,1.0,6,01389,M,4608000.0,490300.0,01
201200004865,12,5,18,1645,1,1,1,6.0,7,07158,M,0.0,0.0,07
201200004866,12,8,16,2015,2,1,1,1.0,1,07339,M,0.0,0.0,07
201200004867,12,1,17,1000,1,1,1,1.0,6,07264,M,0.0,0.0,07
201200004868,12,5,12,1600,1,1,1,1.0,3,07264,M,4432000.0,461800.0,07
201200004869,12,7,3,1900,1,1,1,7.0,1,07042,M,0.0,0.0,07
201200004870,12,7,14,400,3,1,1,1.0,6,07279,M,0.0,0.0,07
201200004871,12,8,12,1945,1,1,1,1.0,3,07042,M,0.0,0.0,07
201200004872,12,10,2,1630,1,1,1,1.0,3,07268,M,0.0,0.0,07
201200004873,12,11,23,1530,1,2,1,1.0,6,07042,M,0.0,0.0,07
201200004874,12,12,18,1730,3,1,1,1.0,1,07264,M,0.0,0.0,07
201200004875,12,1,19,1145,1,1,1,1.0,7,07076,M,0.0,0.0,07
201200004876,12,2,10,1700,1,2,7,1.0,6,07319,M,0.0,0.0,07
201200004877,12,3,4,1630,1,2,6,1.0,7,07319,M,0.0,0.0,07
201200004878,12,3,14,900,1,2,1,1.0,6,07319,M,0.0,0.0,07
201200004879,12,10,29,1515,1,1,1,7.0,6,07346,M,0.0,0.0,07
201200004880,12,12,12,1645,5,2,1,1.0,3,07346,M,0.0,0.0,07
201200004881,12,1,2,2015,3,1,1,1.0,5,07138,M,0.0,0.0,07
201200004882,12,1,3,1000,1,1,1,7.0,1,07348,M,0.0,0.0,07
201200004883,12,3,17,1430,1,1,2,1.0,3,07247,M,0.0,0.0,07
201200004884,12,6,22,415,3,1,1,1.0,3,07138,M,0.0,0.0,07
201200004885,12,8,15,1500,1,1,1,1.0,1,07138,M,0.0,0.0,07
201200004886,12,11,29,1330,1,1,1,7.0,1,07348,M,0.0,0.0,07
201200004887,12,12,20,1815,3,1,1,8.0,3,07247,M,0.0,0.0,07
201200004888,12,12,21,1530,1,1,1,1.0,5,07247,M,0.0,0.0,07
201200004889,12,1,2,1415,1,1,1,2.0,6,07261,M,0.0,0.0,07
201200004890,12,1,16,745,2,1,1,9.0,1,07181,M,0.0,0.0,07
201200004891,12,3,26,1630,1,2,1,1.0,6,07066,M,0.0,0.0,07
201200004892,12,6,7,1715,1,2,1,1.0,4,07090,M,0.0,0.0,07
201200004893,12,12,8,2145,5,2,1,1.0,6,07349,M,0.0,0.0,07
201200004894,12,12,18,1700,3,1,1,8.0,2,07349,M,0.0,0.0,07
201200004895,12,12,30,2000,5,2,1,1.0,1,07349,M,0.0,0.0,07
201200004896,12,7,23,1345,1,1,1,1.0,7,07202,M,4452300.0,409100.0,07
201200004897,12,7,27,1300,1,2,1,1.0,1,07327,M,4452200.0,433500.0,07
201200004898,12,9,10,2330,3,1,1,1.0,7,07327,M,0.0,0.0,07
201200004899,12,1,29,145,5,2,1,4.0,6,07235,M,0.0,0.0,07
201200004900,12,12,28,1600,1,1,1,8.0,6,07137,M,0.0,0.0,07
201200004901,12,4,29,1900,1,2,1,1.0,1,07182,M,4464600.0,431300.0,07
201200004902,12,7,11,1915,1,1,1,1.0,7,07156,M,4467600.0,427400.0,07
201200004903,12,7,21,715,1,1,1,1.0,3,07161,M,4470200.0,424100.0,07
201200004904,12,2,5,1815,5,2,1,1.0,6,07291,M,0.0,0.0,07
201200004905,12,3,24,1730,1,1,1,1.0,1,07330,M,0.0,0.0,07
201200004906,12,5,19,1745,1,1,1,1.0,3,07330,M,0.0,0.0,07
201200004907,12,7,11,645,2,1,1,1.0,1,07201,M,0.0,0.0,07
201200004908,12,8,15,730,3,1,1,1.0,6,07034,M,4437000.0,453100.0,07
201200004909,12,10,7,1430,1,1,1,1.0,7,07291,M,0.0,0.0,07
201200004910,12,11,12,1600,1,2,1,7.0,1,07330,M,0.0,0.0,07
201200004911,12,12,1,1745,3,1,1,1.0,1,07023,M,0.0,0.0,07
201200004912,12,7,22,2115,3,1,1,1.0,6,07294,M,0.0,0.0,07
201200004913,12,1,2,1700,2,2,1,2.0,6,07324,M,0.0,0.0,07
201200004914,12,2,3,800,1,2,3,1.0,3,07324,M,4507800.0,481800.0,07
201200004915,12,5,21,1630,1,2,1,1.0,3,07324,M,0.0,0.0,07
201200004916,12,7,14,1845,1,2,1,1.0,6,07324,M,0.0,0.0,07
201200004917,12,8,4,1515,1,1,1,1.0,1,07324,M,4501200.0,483300.0,07
201200004918,12,10,17,1700,1,2,1,1.0,3,07324,M,0.0,0.0,07
201200004919,12,10,18,1145,1,2,1,1.0,3,07324,M,4506100.0,483900.0,07
201200004920,12,12,3,1730,3,2,1,1.0,1,07324,M,4506800.0,484200.0,07
201200004921,12,2,16,1800,2,1,2,1.0,3,07010,M,0.0,0.0,07
201200004922,12,2,19,1200,1,2,1,2.0,6,07056,M,0.0,0.0,07
201200004923,12,5,4,1715,1,1,9,2.0,6,07225,M,0.0,0.0,07
201200004924,12,5,16,700,1,1,1,1.0,6,07342,M,0.0,0.0,07
201200004925,12,9,16,1945,2,1,1,1.0,7,07089,M,0.0,0.0,07
201200004926,12,10,12,1730,1,2,1,1.0,6,07010,M,0.0,0.0,07
201200004927,12,10,19,1245,1,2,6,1.0,3,07010,M,0.0,0.0,07
201200004928,12,10,20,1345,1,2,1,1.0,1,07228,M,0.0,0.0,07
201200004929,12,12,23,1,3,1,1,2.0,7,07225,M,0.0,0.0,07
201200004930,12,4,19,1600,1,1,1,1.0,3,07204,M,4500100.0,439500.0,07
201200004931,12,7,6,1845,1,1,1,1.0,6,07064,M,4507600.0,436600.0,07
201200004932,12,7,13,1845,1,1,1,1.0,3,07080,M,0.0,0.0,07
201200004933,12,7,25,1000,1,1,1,1.0,3,07064,M,4499600.0,437400.0,07
201200004934,12,9,12,700,3,1,1,1.0,6,07204,M,4503200.0,435900.0,07
201200004935,12,9,20,945,1,2,1,1.0,1,07269,M,4494400.0,437300.0,07
201200004936,12,3,28,1630,1,2,1,1.0,6,07129,M,0.0,0.0,07
201200004937,12,4,14,1000,1,2,8,1.0,6,07129,M,0.0,0.0,07
201200004938,12,5,24,1515,1,1,1,1.0,1,07257,M,0.0,0.0,07
201200004939,12,7,3,800,1,1,1,1.0,1,07095,M,0.0,0.0,07
201200004940,12,1,5,1145,1,1,1,1.0,6,07292,M,4516600.0,469400.0,07
201200004941,12,1,22,730,3,1,1,8.0,6,07309,M,0.0,0.0,07
201200004942,12,2,20,1400,1,2,1,1.0,6,07236,M,4508800.0,462900.0,07
201200004943,12,2,25,615,3,1,1,5.0,6,07039,M,4505000.0,465400.0,07
201200004944,12,8,18,1715,1,1,1,1.0,1,07205,M,4518600.0,464100.0,07
201200004945,12,9,9,1600,1,1,1,1.0,6,07335,M,0.0,0.0,07
201200004946,12,1,1,1515,1,1,1,1.0,7,26081,M,0.0,0.0,26
201200004947,12,2,14,1100,1,1,1,1.0,5,26170,M,0.0,0.0,26
201200004948,12,3,3,1815,2,1,1,1.0,1,26197,M,4493100.0,504600.0,26
201200004949,12,5,26,130,3,1,1,1.0,6,26206,M,4484400.0,501100.0,26
201200004950,12,5,26,330,3,1,1,1.0,6,26170,M,4491400.0,496100.0,26
201200004951,12,7,31,1045,1,1,6,1.0,3,26206,M,4482500.0,501100.0,26
201200004952,12,7,23,1830,1,1,2,1.0,1,26313,M,4496300.0,496400.0,26
201200004953,12,11,22,600,3,1,1,1.0,6,26197,M,4492900.0,506800.0,26
201200004954,12,1,7,1630,1,1,1,1.0,1,26183,M,0.0,0.0,26
201200004955,12,6,10,1630,1,1,1,2.0,6,26111,M,0.0,0.0,26