Num_Acc,an,mois,jour,hrmn,lum,agg,int,atm,col,com,gps,lat,long,dep
201200004956,12,7,21,930,1,1,1,1.0,3,26344,M,0.0,0.0,26
201200004957,12,7,24,1830,1,2,1,1.0,6,26108,M,0.0,0.0,26
201200004958,12,9,12,1500,1,1,1,8.0,1,26115,M,0.0,0.0,26
201200004959,12,9,16,1945,3,1,1,1.0,1,26258,M,0.0,0.0,26
201200004960,12,11,8,1500,1,1,1,1.0,2,26108,M,0.0,0.0,26
201200004961,12,11,26,1830,3,1,1,3.0,1,26108,M,0.0,0.0,26
201200004962,12,12,16,330,3,1,1,1.0,6,26125,M,0.0,0.0,26
201200004963,12,1,18,1515,1,2,1,1.0,3,26124,M,4483210.0,489160.0,26
201200004964,12,1,23,1145,1,2,1,1.0,6,26037,M,0.0,0.0,26
201200004965,12,2,10,2200,3,1,1,1.0,7,26124,M,0.0,0.0,26
201200004966,12,3,1,1630,1,1,1,1.0,7,26144,M,0.0,0.0,26
201200004967,12,5,31,1800,1,1,1,1.0,1,26124,M,0.0,0.0,26
201200004968,12,5,26,800,1,1,1,1.0,1,26042,M,0.0,0.0,26
201200004969,12,6,3,645,2,1,1,1.0,6,26037,M,0.0,0.0,26
201200004970,12,6,10,2045,2,1,1,3.0,7,26144,M,0.0,0.0,26
201200004971,12,6,29,800,1,1,1,1.0,3,26144,M,0.0,0.0,26
201200004972,12,10,11,1730,1,1,3,1.0,3,26124,M,0.0,0.0,26
201200004973,12,11,13,1245,1,1,2,1.0,3,26006,M,0.0,0.0,26
201200004974,12,11,19,1600,1,2,1,1.0,6,26165,M,4477550.0,483080.0,26
201200004975,12,12,19,515,5,2,1,2.0,7,26166,M,0.0,0.0,26
201200004976,12,12,20,1645,4,2,1,2.0,1,26165,M,0.0,0.0,26
201200004977,12,1,18,815,1,2,1,8.0,2,26113,M,0.0,0.0,26
201200004978,12,4,27,1000,1,1,1,1.0,7,26069,M,4484100.0,539800.0,26
201200004979,12,5,22,1500,1,1,1,2.0,6,26113,M,4474500.0,538800.0,26
201200004980,12,5,17,1515,1,1,1,1.0,7,26001,M,0.0,0.0,26
201200004981,12,6,4,1815,1,1,1,1.0,6,26128,M,0.0,0.0,26
201200004982,12,6,24,1000,3,1,1,1.0,3,26122,M,4469400.0,522300.0,26
201200004983,12,8,15,1515,1,1,1,1.0,1,26113,M,4483400.0,539900.0,26
201200004984,12,10,12,2045,3,1,1,1.0,6,26289,M,0.0,0.0,26
201200004985,12,12,20,1130,3,1,1,2.0,6,26299,M,0.0,0.0,26
201200004986,12,2,19,2115,3,1,1,1.0,6,26074,M,0.0,0.0,26
201200004987,12,7,21,1345,1,1,1,1.0,7,26262,M,0.0,0.0,26
201200004988,12,9,1,330,3,1,1,2.0,6,26168,M,0.0,0.0,26
201200004989,12,6,17,1645,1,1,1,1.0,3,26106,M,0.0,0.0,26
201200004990,12,1,8,1045,1,1,1,7.0,6,26202,M,4449590.0,511330.0,26
201200004991,12,1,16,1930,3,2,1,1.0,6,26114,M,4452710.0,504480.0,26
201200004992,12,7,28,1815,1,1,1,1.0,3,26257,M,0.0,0.0,26
201200004993,12,1,5,1145,1,1,9,1.0,3,26116,M,0.0,0.0,26
201200004994,12,1,7,530,3,1,9,1.0,6,26169,M,0.0,0.0,26
201200004995,12,2,25,15,3,1,1,1.0,6,26169,M,0.0,0.0,26
201200004996,12,5,13,15,3,1,1,1.0,6,26085,M,0.0,0.0,26
201200004997,12,9,16,1530,1,2,1,1.0,3,26116,M,0.0,0.0,26
201200004998,12,11,1,600,3,1,6,5.0,6,26116,M,0.0,0.0,26
201200004999,12,10,30,1345,1,1,1,1.0,6,26085,M,4450570.0,475930.0,26
201200005000,12,11,3,2230,3,1,6,2.0,7,26116,M,0.0,0.0,26
201200005001,12,3,15,1730,1,2,1,1.0,3,26235,M,4537500.0,470650.0,26
201200005002,12,3,23,1730,1,2,1,7.0,6,26235,M,4438360.0,470010.0,26
201200005003,12,6,17,1915,1,2,1,7.0,1,26235,M,0.0,0.0,26
201200005004,12,8,10,2000,1,1,1,1.0,2,26235,M,0.0,0.0,26
201200005005,12,8,24,2215,3,1,1,1.0,1,26235,M,0.0,0.0,26
201200005006,12,10,18,2200,3,1,1,1.0,2,26235,M,0.0,0.0,26
201200005007,12,10,20,1015,1,1,1,1.0,3,26235,M,0.0,0.0,26
201200005008,12,12,23,900,1,1,1,1.0,6,26235,M,0.0,0.0,26
201200005009,12,1,6,1300,1,1,1,6.0,6,26345,M,0.0,0.0,26
201200005010,12,4,25,1630,1,2,1,1.0,6,26324,M,4435300.0,477000.0,26
201200005011,12,7,26,1800,1,2,2,1.0,3,26324,M,4435400.0,476400.0,26
201200005012,12,9,15,330,3,1,1,1.0,6,26357,M,4429100.0,493600.0,26
201200005013,12,10,12,2045,5,2,1,1.0,1,26324,M,4435200.0,476500.0,26
201200005014,12,5,5,1345,1,1,3,1.0,3,26220,M,0.0,0.0,26
201200005015,12,5,19,1430,1,1,6,1.0,6,26220,M,0.0,0.0,26
201200005016,12,6,10,1430,1,1,3,2.0,3,26377,M,0.0,0.0,26
201200005017,12,10,23,1330,1,2,1,1.0,6,26220,M,0.0,0.0,26
201200005018,12,1,5,1810,5,2,1,6.0,6,02691,M,4983340.0,330369.0,02
201200005019,12,1,14,1740,5,2,3,1.0,3,02691,M,4984796.0,327952.0,02
201200005020,12,1,30,1235,1,2,1,1.0,3,02691,M,4984153.0,329377.0,02
201200005021,12,6,3,1615,1,2,1,1.0,1,02371,M,4984237.0,333403.0,02
201200005022,12,5,14,805,1,2,2,1.0,3,02691,M,,,02
201200005023,12,6,3,1830,1,2,1,1.0,6,02340,M,4982168.0,327031.0,02
201200005024,12,9,8,2100,2,2,1,1.0,6,02691,M,4984803.0,328452.0,02
201200005025,12,6,19,1335,1,2,1,1.0,6,02691,M,4985092.0,329751.0,02
201200005026,12,8,1,1720,1,2,1,1.0,6,02691,M,4984688.0,328959.0,02
201200005027,12,8,3,1625,1,2,1,1.0,2,02691,M,4984945.0,325880.0,02
201200005028,12,8,13,1505,1,2,1,1.0,2,02691,M,4983654.0,326797.0,02
201200005029,12,8,21,1240,1,2,1,1.0,2,02691,M,4985309.0,328919.0,02
201200005030,12,9,5,1300,1,2,3,1.0,3,02691,M,4984297.0,327052.0,02
201200005031,12,9,22,1150,1,2,3,1.0,3,02691,M,4986157.0,330969.0,02
201200005032,12,11,16,1020,1,2,1,1.0,6,02691,M,4984615.0,328872.0,02
201200005033,12,11,23,955,1,2,1,2.0,6,02691,M,4984090.0,329424.0,02
201200005034,12,12,6,1515,1,2,2,2.0,6,02691,M,4984807.0,327965.0,02
201200005035,12,12,16,310,5,2,6,1.0,6,02340,M,4983110.0,328450.0,02
201200005036,12,12,20,1240,1,2,1,2.0,6,02691,M,4935431.0,331911.0,02
201200005037,12,2,25,1815,2,2,1,1.0,6,26146,M,4441930.0,490740.0,26
201200005038,12,6,16,1430,3,1,1,1.0,7,26073,M,4440600.0,480400.0,26
201200005039,12,8,6,1230,1,1,1,2.0,1,26146,M,4442500.0,486800.0,26
201200005040,12,8,13,430,3,1,1,1.0,6,26146,M,4443200.0,490800.0,26
201200005041,12,8,19,1830,1,1,1,1.0,5,26335,M,4445500.0,495100.0,26
201200005042,12,4,22,1200,1,1,1,1.0,7,26112,M,0.0,0.0,26
201200005043,12,5,31,1100,1,1,1,1.0,3,26288,M,0.0,0.0,26
201200005044,12,6,1,1915,1,1,1,1.0,7,26147,M,0.0,0.0,26
201200005045,12,2,15,1530,1,1,1,1.0,1,26231,M,0.0,0.0,26
201200005046,12,2,16,2000,3,1,1,1.0,1,26004,M,0.0,0.0,26
201200005047,12,3,15,1445,1,1,3,1.0,3,26139,M,0.0,0.0,26
201200005048,12,3,26,1345,1,1,1,1.0,2,26088,M,0.0,0.0,26
201200005049,12,5,7,1800,1,1,9,1.0,3,26034,M,0.0,0.0,26
201200005050,12,6,20,1715,1,1,1,1.0,3,26084,M,0.0,0.0,26
201200005051,12,6,29,1400,1,1,1,1.0,3,26218,M,0.0,0.0,26
201200005052,12,7,7,2115,2,2,1,1.0,6,26096,M,0.0,0.0,26
201200005053,12,7,18,630,1,1,1,1.0,2,26092,M,0.0,0.0,26
201200005054,12,9,30,1230,1,1,1,1.0,6,26379,M,0.0,0.0,26
201200005055,12,10,20,1745,1,1,1,1.0,1,26084,M,0.0,0.0,26
201200005056,12,12,21,1545,1,1,1,1.0,6,26084,M,0.0,0.0,26
201200005057,12,12,21,1900,3,2,1,2.0,4,26088,M,0.0,0.0,26
201200005058,12,2,15,1130,1,2,2,1.0,3,26155,M,0.0,0.0,26
201200005059,12,4,28,1200,1,1,1,1.0,1,26162,M,4529200.0,504400.0,26
201200005060,12,5,8,2145,3,1,1,1.0,6,26143,M,0.0,0.0,26
201200005061,12,6,8,1730,1,1,1,1.0,1,26143,M,0.0,0.0,26
201200005062,12,6,22,1630,1,1,1,1.0,6,26143,M,0.0,0.0,26
201200005063,12,6,25,445,2,1,1,1.0,2,26213,M,4529800.0,498400.0,26
201200005064,12,7,28,1400,1,1,1,2.0,1,26118,M,4530300.0,494200.0,26
201200005065,12,6,3,1645,1,1,1,3.0,3,26320,M,4507000.0,524100.0,26
201200005066,12,6,7,1415,1,1,1,1.0,1,26117,M,4501700.0,540800.0,26
201200005067,12,7,9,1345,1,1,1,1.0,1,26307,M,4502200.0,529000.0,26
201200005068,12,1,19,1930,3,1,1,1.0,3,26160,M,0.0,0.0,26
201200005069,12,2,29,1645,1,1,1,1.0,1,26325,M,4526960.0,481190.0,26
201200005070,12,3,17,1445,1,2,6,1.0,2,26325,M,0.0,0.0,26
201200005071,12,7,28,1815,1,1,1,2.0,5,26333,M,0.0,0.0,26
201200005072,12,9,16,1945,2,2,1,1.0,6,26009,M,0.0,0.0,26
201200005073,12,11,1,1745,3,1,1,1.0,4,26341,M,4514900.0,482600.0,26
201200005074,12,11,18,1130,3,1,1,1.0,7,26009,M,0.0,0.0,26
201200005075,12,6,4,1130,1,2,1,1.0,6,26347,M,0.0,0.0,26
201200005076,12,6,18,1615,1,1,1,1.0,7,26110,M,0.0,0.0,26
201200005077,12,6,14,1515,1,2,1,1.0,3,26347,M,0.0,0.0,26
201200005078,12,9,7,1645,5,1,6,1.0,7,26071,M,0.0,0.0,26
201200005079,12,9,10,1130,1,1,1,1.0,1,26271,M,0.0,0.0,26
201200005080,12,10,2,1000,1,1,1,1.0,5,26347,M,0.0,0.0,26
201200005081,12,11,6,915,1,2,1,2.0,6,26347,M,0.0,0.0,26
201200005082,12,12,11,1730,3,1,1,1.0,1,26072,M,0.0,0.0,26
201200005083,12,1,4,1110,1,2,1,1.0,6,02722,M,4937531.0,330886.0,02
201200005084,12,1,4,2010,5,2,1,1.0,1,02722,M,4937493.0,332194.0,02
201200005085,12,1,5,905,1,2,1,1.0,6,02722,M,4937969.0,333108.0,02
201200005086,12,1,17,1225,1,2,1,1.0,6,02722,M,4937725.0,333240.0,02
201200005087,12,1,30,1730,2,2,1,1.0,6,02722,M,4937590.0,332912.0,02
201200005088,12,1,31,2140,5,2,1,1.0,6,02722,M,4937426.0,331598.0,02
201200005089,12,2,2,848,1,2,1,1.0,2,02243,M,,,02
201200005090,12,2,2,1553,1,2,1,1.0,6,02722,M,4938566.0,332693.0,02
201200005091,12,2,8,1320,1,2,1,1.0,6,02722,M,4937391.0,330711.0,02
201200005092,12,2,13,1506,1,2,2,2.0,7,02722,M,4938184.0,331983.0,02
201200005093,12,2,22,2039,5,2,3,1.0,2,02722,M,4938526.0,331853.0,02
201200005094,12,3,10,1315,1,2,6,1.0,2,02722,M,4937620.0,332932.0,02
201200005095,12,3,13,1745,1,2,1,1.0,6,02722,M,4936736.0,331253.0,02
201200005096,12,3,15,750,1,2,1,1.0,6,02722,M,4939295.0,333995.0,02
201200005097,12,3,15,1705,1,1,1,8.0,5,02805,M,,,02
201200005098,12,3,16,1530,1,2,1,1.0,6,02722,M,4937814.0,332878.0,02
201200005099,12,3,20,730,1,2,1,1.0,3,02722,M,4938702.0,333619.0,02
201200005100,12,3,21,805,1,2,4,1.0,3,02722,M,4938305.0,333293.0,02
201200005101,12,3,24,55,5,2,1,1.0,6,02722,M,4938133.0,330644.0,02
201200005102,12,3,24,1310,1,2,4,1.0,3,02722,M,4938034.0,332903.0,02
201200005103,12,4,4,1315,1,2,2,1.0,3,02722,M,4937435.0,331857.0,02
201200005104,12,4,10,2225,5,2,1,1.0,6,02722,M,4939005.0,332770.0,02
201200005105,12,4,28,1930,1,1,1,2.0,7,02722,M,,,02
201200005106,12,4,30,1135,1,2,2,1.0,3,02722,M,4937350.0,334284.0,02
201200005107,12,5,11,1740,1,2,2,1.0,3,02722,M,4938240.0,332861.0,02
201200005108,12,5,18,855,1,2,2,1.0,6,02722,M,4937970.0,332806.0,02
201200005109,12,5,20,1605,1,2,1,1.0,3,02722,M,4939000.0,332771.0,02
201200005110,12,5,25,1720,1,2,2,1.0,3,02805,M,4937601.0,334204.0,02
201200005111,12,5,27,2250,5,2,1,1.0,6,02722,M,4938133.0,330423.0,02
201200005112,12,5,28,740,1,2,6,1.0,3,02722,M,4937108.0,332301.0,02
201200005113,12,6,1,1630,1,2,1,1.0,6,02722,M,4937305.0,332951.0,02
201200005114,12,6,12,840,1,2,6,1.0,3,02722,M,4938427.0,332967.0,02
201200005115,12,6,21,1805,1,1,1,8.0,1,02064,M,,,02
201200005116,12,6,22,800,1,1,9,1.0,7,02243,M,,,02
201200005117,12,6,23,1640,1,2,1,1.0,2,02722,M,4938196.0,329970.0,02
201200005118,12,7,2,1600,1,2,1,1.0,6,02722,M,4937538.0,331243.0,02
201200005119,12,7,2,1915,1,1,1,1.0,3,02805,M,,,02
201200005120,12,7,5,1244,1,2,2,3.0,3,02722,M,4938592.0,332417.0,02
201200005121,12,7,15,1735,1,2,1,1.0,2,02722,M,4938156.0,331439.0,02
201200005122,12,7,18,1830,1,2,1,1.0,6,02722,M,4937616.0,330988.0,02
201200005123,12,7,22,2210,5,2,9,1.0,6,02722,M,4937725.0,331121.0,02
201200005124,12,7,24,1430,1,2,2,1.0,3,02722,M,4937900.0,333047.0,02
201200005125,12,7,28,530,5,2,1,2.0,7,02722,M,4937267.0,334306.0,02
201200005126,12,7,31,2045,1,1,1,1.0,7,02243,M,,,02
201200005127,12,8,10,845,1,2,6,1.0,6,02722,M,4938683.0,332113.0,02
201200005128,12,8,13,1330,1,2,2,1.0,6,02722,M,4937668.0,331084.0,02
201200005129,12,8,17,950,1,2,2,1.0,6,02722,M,4938212.0,332450.0,02
201200005130,12,8,28,1205,1,2,3,1.0,3,02805,M,4937925.0,336107.0,02
201200005131,12,8,29,950,1,2,1,1.0,6,02722,M,4937531.0,331251.0,02
201200005132,12,8,30,945,1,2,2,1.0,6,02722,M,4937370.0,333265.0,02
201200005133,12,9,6,1925,2,2,2,1.0,6,02722,M,4937742.0,333060.0,02
201200005134,12,9,8,1400,1,1,1,1.0,7,02243,M,,,02
201200005135,12,9,9,630,5,2,1,1.0,6,02722,M,4938271.0,332947.0,02
201200005136,12,9,11,1605,1,1,1,8.0,6,02064,M,,,02
201200005137,12,9,24,738,1,2,3,1.0,1,02722,M,4937620.0,330985.0,02
201200005138,12,9,25,1703,1,2,2,1.0,6,02722,M,4937208.0,331152.0,02
201200005139,12,10,2,1555,1,2,2,1.0,2,02722,M,4937135.0,331344.0,02
201200005140,12,10,4,1843,1,2,9,1.0,1,02805,M,4937626.0,334615.0,02
201200005141,12,10,14,1920,5,2,1,2.0,6,02722,M,4938216.0,332773.0,02
201200005142,12,10,17,1410,1,2,1,1.0,2,02805,M,,,02
201200005143,12,10,18,1926,5,2,1,3.0,6,02243,M,4939764.0,335048.0,02
201200005144,12,10,19,1630,1,2,2,1.0,3,02243,M,4939779.0,335110.0,02
201200005145,12,10,31,1425,1,2,1,1.0,6,02243,M,,,02
201200005146,12,11,5,1820,4,2,1,2.0,6,02722,M,,,02
201200005147,12,11,19,1820,5,2,3,1.0,6,02722,M,4938310.0,332423.0,02
201200005148,12,11,21,1158,1,2,1,2.0,1,02722,M,,,02
201200005149,12,11,23,729,2,2,6,1.0,6,02722,M,,,02
201200005150,12,11,23,745,2,2,3,8.0,6,02722,M,,,02
201200005151,12,12,7,1020,1,2,3,4.0,6,02722,M,,,02
201200005152,12,12,11,1130,1,2,3,1.0,6,02722,M,4938575.0,333268.0,02
201200005153,12,12,12,1410,1,2,6,1.0,6,02722,M,4937628.0,332924.0,02
201200005154,12,12,15,2200,5,2,6,1.0,6,02722,M,4937098.0,332260.0,02
201200005155,12,12,17,1545,1,2,3,1.0,3,02722,M,4937439.0,332619.0,02
201200005156,12,11,28,1925,2,2,6,1.0,6,02722,M,4937108.0,332919.0,02
201200005157,12,11,29,1220,1,2,1,2.0,6,02722,M,4939125.0,334082.0,02
201200005158,12,1,5,2200,5,2,1,2.0,7,38538,M,4521900.0,586200.0,38
201200005159,12,1,23,1830,5,2,1,1.0,3,38538,M,4522280.0,587007.0,38
201200005160,12,3,21,530,3,1,4,1.0,1,38538,M,4523010.0,585613.0,38
201200005161,12,6,6,545,2,1,1,8.0,6,38547,M,4523430.0,586835.0,38
201200005162,12,7,26,1015,1,1,1,1.0,1,38422,M,0.0,0.0,38
201200005163,12,8,7,1245,1,2,1,1.0,7,38538,M,0.0,0.0,38
201200005164,12,2,5,730,2,2,1,1.0,5,38158,M,0.0,0.0,38
201200005165,12,2,28,1215,1,2,1,1.0,6,38158,M,4514850.0,573563.0,38
201200005166,12,2,9,1715,1,2,9,1.0,6,38317,M,0.0,0.0,38
201200005167,12,11,19,1530,1,2,1,1.0,6,38111,M,0.0,0.0,38
201200005168,12,1,16,1615,1,1,1,1.0,6,38439,M,0.0,0.0,38
201200005169,12,1,18,1630,1,1,1,1.0,6,38314,M,4541720.0,602352.0,38
201200005170,12,1,19,2045,3,1,1,1.0,7,38078,M,4542520.0,609762.0,38
201200005171,12,9,14,1530,1,1,1,1.0,2,38062,M,0.0,0.0,38
201200005172,12,10,7,1645,1,1,1,2.0,1,38075,M,4545230.0,600098.0,38
201200005173,12,11,3,1715,1,1,1,1.0,6,38314,M,0.0,0.0,38
201200005174,12,11,5,1500,1,1,1,2.0,1,38439,M,0.0,0.0,38
201200005175,12,11,9,815,2,1,3,1.0,5,38439,M,0.0,0.0,38
201200005176,12,11,24,2045,3,1,1,1.0,7,38439,M,0.0,0.0,38
201200005177,12,12,4,915,1,2,1,8.0,7,38078,M,0.0,0.0,38
201200005178,12,12,23,1645,1,2,1,1.0,1,38314,M,4543620.0,603637.0,38
201200005179,12,9,15,1415,1,2,4,1.0,3,38328,M,0.0,0.0,38
201200005180,12,9,19,700,2,2,2,2.0,1,38382,M,4524260.0,567062.0,38
201200005181,12,7,16,815,3,1,1,1.0,6,38405,M,0.0,0.0,38
201200005182,12,9,10,1700,1,1,1,1.0,6,38376,M,4543700.0,579699.0,38
201200005183,12,10,5,1930,3,1,1,1.0,6,38442,M,4533100.0,580600.0,38
201200005184,12,11,19,1830,3,1,1,1.0,6,38412,M,4538700.0,573600.0,38
201200005185,12,1,22,900,1,1,1,2.0,1,38474,M,0.0,0.0,38
201200005186,12,3,7,1000,1,1,2,1.0,4,38474,M,4522050.0,565046.0,38
201200005187,12,3,25,1530,1,1,4,1.0,5,38474,M,4521640.0,564575.0,38
201200005188,12,4,18,1845,1,2,1,1.0,6,38474,M,0.0,0.0,38
201200005189,12,8,11,1115,1,2,1,1.0,3,38474,M,0.0,0.0,38
201200005190,12,2,18,1600,1,1,9,1.0,1,38511,M,4531940.0,597192.0,38
201200005191,12,4,1,245,2,2,1,1.0,6,38002,M,0.0,0.0,38
201200005192,12,6,8,1100,1,2,1,2.0,6,38503,M,4532990.0,593748.0,38
201200005193,12,6,21,1445,1,1,1,1.0,1,38070,M,0.0,0.0,38
201200005194,12,6,29,1730,1,2,1,1.0,6,38511,M,0.0,0.0,38
201200005195,12,7,4,700,1,2,1,1.0,3,38214,M,0.0,0.0,38
201200005196,12,7,8,1045,1,2,1,1.0,5,38466,M,0.0,0.0,38
201200005197,12,7,23,1615,1,1,1,1.0,3,38503,M,0.0,0.0,38
201200005198,12,8,11,1400,1,1,1,1.0,2,38181,M,0.0,0.0,38
201200005199,12,9,1,1900,1,2,3,1.0,3,38503,M,4547820.0,556004.0,38
201200005200,12,9,6,730,1,2,1,5.0,4,38511,M,4547820.0,556004.0,38
201200005201,12,10,18,1000,1,1,1,1.0,1,38181,M,4535030.0,598757.0,38
201200005202,12,10,22,1515,1,1,1,1.0,6,38002,M,4527420.0,598670.0,38
201200005203,12,3,1,1900,3,2,1,1.0,6,38545,M,0.0,0.0,38
201200005204,12,4,24,945,1,2,1,2.0,6,38545,M,0.0,0.0,38
201200005205,12,6,12,1630,1,1,1,3.0,1,38548,M,4512190.0,557409.0,38
201200005206,12,9,1,200,5,1,1,3.0,7,38205,M,4509950.0,555859.0,38
201200005207,12,3,8,1050,1,2,2,1.0,1,02738,M,4966997.0,328042.0,02
201200005208,12,2,27,1425,1,2,4,1.0,3,02738,M,4965785.0,328866.0,02
201200005209,12,3,10,1100,1,2,1,1.0,7,38565,M,4530200.0,563600.0,38
201200005210,12,7,6,2100,2,1,1,7.0,7,02059,M,,,02
201200005211,12,8,5,845,1,2,2,1.0,3,02738,M,4966224.0,336582.0,02
201200005212,12,10,5,1445,1,1,3,1.0,3,02059,M,,,02
201200005213,12,10,10,1640,1,1,1,1.0,6,02059,M,4964811.0,332752.0,02
201200005214,12,12,3,1712,5,2,1,1.0,1,02304,M,4966347.0,336142.0,02
201200005215,12,12,25,1045,1,2,3,1.0,3,02059,M,4966132.0,334861.0,02
201200005216,12,5,17,1500,1,1,1,1.0,1,38565,M,4530500.0,563500.0,38
201200005217,12,6,19,1800,1,2,1,1.0,3,38170,M,4525920.0,565897.0,38
201200005218,12,6,21,1730,1,1,1,2.0,6,38565,M,4530500.0,563800.0,38
201200005219,12,8,5,2015,2,1,1,1.0,7,38254,M,4508870.0,573106.0,38
201200005220,12,9,18,1430,1,1,1,1.0,1,38413,M,4489570.0,581732.0,38
201200005221,12,3,28,900,2,1,1,1.0,1,38208,M,4484980.0,569194.0,38
201200005222,12,6,18,2230,3,1,1,1.0,6,38456,M,4491600.0,566900.0,38
201200005223,12,6,30,1400,1,1,1,1.0,3,38513,M,0.0,0.0,38
201200005224,12,8,5,1045,1,1,1,1.0,6,38342,M,4488330.0,561850.0,38
201200005225,12,9,2,1715,1,2,1,1.0,6,38242,M,4493300.0,564000.0,38
201200005226,12,11,15,1845,3,1,1,1.0,6,38366,M,4478290.0,578364.0,38
201200005227,12,2,9,1430,1,1,1,1.0,1,38071,M,4508970.0,572772.0,38
201200005228,12,6,21,1800,1,1,9,8.0,1,38212,M,0.0,0.0,38
201200005229,12,8,25,915,1,2,6,1.0,6,38562,M,4508700.0,576600.0,38
201200005230,12,1,4,1845,5,2,1,1.0,6,38416,M,4515340.0,531901.0,38
201200005231,12,1,14,1530,2,1,1,7.0,2,38454,M,4515690.0,532771.0,38
201200005232,12,2,24,1915,3,1,1,1.0,2,38410,M,0.0,0.0,38
201200005233,12,3,7,1530,1,2,1,7.0,3,38095,M,0.0,0.0,38
201200005234,12,3,17,1730,1,1,1,1.0,1,38463,M,0.0,0.0,38
201200005235,12,4,7,1200,2,1,1,2.0,1,38018,M,4506700.0,527100.0,38
201200005236,12,4,21,1830,1,1,1,8.0,1,38416,M,0.0,0.0,38
201200005237,12,5,12,1100,1,2,1,2.0,6,38416,M,0.0,0.0,38
201200005238,12,7,20,2330,5,2,1,1.0,1,38095,M,0.0,0.0,38
201200005239,12,9,28,1845,1,1,1,1.0,1,38095,M,4513320.0,525812.0,38
201200005240,12,10,16,1845,2,1,1,2.0,6,38410,M,4508200.0,516800.0,38
201200005241,12,10,21,200,3,1,3,1.0,7,38095,M,4513550.0,526333.0,38
201200005242,12,6,27,1600,1,1,1,1.0,1,38093,M,4534500.0,519400.0,38
201200005243,12,7,20,1600,1,1,3,1.0,1,38387,M,4531400.0,533625.0,38
201200005244,12,8,26,345,3,1,1,1.0,6,38347,M,4527630.0,532114.0,38
201200005245,12,9,19,1530,1,1,2,1.0,3,38032,M,4533090.0,510114.0,38
201200005246,12,1,13,1400,1,1,1,1.0,3,38450,M,0.0,0.0,38
201200005247,12,2,17,2200,3,1,1,1.0,6,38517,M,4527800.0,547500.0,38
201200005248,12,3,23,1645,1,1,3,1.0,4,38500,M,4517900.0,537668.0,38
201200005249,12,5,19,745,1,1,1,2.0,3,38450,M,4528200.0,553557.0,38
201200005250,12,6,30,1115,1,1,1,1.0,6,38330,M,4528190.0,539047.0,38
201200005251,12,7,20,1830,1,2,7,2.0,3,38517,M,4530100.0,548500.0,38
201200005252,12,8,8,1215,1,1,1,1.0,2,38450,M,4529800.0,558500.0,38
201200005253,12,10,20,1130,1,1,1,1.0,1,38086,M,4528400.0,535100.0,38
201200005254,12,4,11,1730,1,2,1,1.0,1,38455,M,4562480.0,528419.0,38
201200005255,12,4,22,1645,1,1,1,1.0,1,38467,M,4550220.0,515111.0,38
201200005256,12,5,1,100,5,1,1,1.0,1,38455,M,4563700.0,529600.0,38
201200005257,12,5,16,2100,2,2,1,1.0,6,38455,M,4563700.0,530100.0,38
201200005258,12,5,19,2100,2,1,1,1.0,1,38230,M,4556800.0,528200.0,38
201200005259,12,6,22,1545,1,1,1,1.0,3,38348,M,4559220.0,535414.0,38
201200005260,12,7,9,1130,1,2,1,1.0,3,38374,M,4564100.0,536301.0,38
201200005261,12,7,23,1800,1,1,3,1.0,3,38374,M,4564340.0,532676.0,38
201200005262,12,7,24,1015,1,2,3,1.0,6,38455,M,4563010.0,530103.0,38
201200005263,12,8,15,1545,1,1,1,1.0,1,38467,M,4550220.0,515111.0,38
201200005264,12,9,9,1730,1,1,1,1.0,5,38498,M,4553600.0,531900.0,38
201200005265,12,10,1,2130,5,2,1,1.0,3,38374,M,4564600.0,530214.0,38
201200005266,12,11,23,830,1,1,6,1.0,3,38348,M,4558420.0,530901.0,38
201200005267,12,4,15,1500,1,1,1,2.0,7,38515,M,4575190.0,508922.0,38
201200005268,12,5,20,1845,1,2,2,1.0,1,38515,M,4568700.0,531200.0,38
201200005269,12,6,5,1430,1,2,1,1.0,7,38392,M,0.0,0.0,38
201200005270,12,7,19,1600,1,2,1,1.0,6,38067,M,4568300.0,516500.0,38
201200005271,12,8,19,1230,1,1,1,1.0,1,38176,M,0.0,0.0,38
201200005272,12,12,21,1700,5,2,1,8.0,6,38451,M,4575300.0,522500.0,38
201200005273,12,1,14,2315,3,1,1,5.0,6,38065,M,4545090.0,544666.0,38
201200005274,12,1,15,1030,1,2,1,1.0,3,38182,M,0.0,0.0,38
201200005275,12,3,30,1715,1,1,1,1.0,2,38044,M,4548850.0,539212.0,38
201200005276,12,6,17,1445,1,1,1,1.0,1,38043,M,4547820.0,556004.0,38
201200005277,12,7,10,1845,1,2,1,1.0,3,38118,M,0.0,0.0,38
201200005278,12,7,7,1430,1,2,1,1.0,2,38147,M,4556800.0,543081.0,38
201200005279,12,8,27,1730,1,1,1,1.0,3,38042,M,4539500.0,538101.0,38
201200005280,12,11,15,600,3,1,1,5.0,2,38043,M,4544500.0,552800.0,38
201200005281,12,11,17,215,5,2,1,1.0,6,38118,M,4540200.0,545200.0,38
201200005282,12,11,29,745,2,2,1,2.0,1,38013,M,4538400.0,549500.0,38
201200005283,12,6,18,1145,1,1,1,1.0,7,38295,M,4581000.0,536996.0,38
201200005284,12,9,12,1215,1,1,1,8.0,1,38539,M,4587050.0,537355.0,38