Num_Acc,an,mois,jour,hrmn,lum,agg,int,atm,col,com,gps,lat,long,dep
201200005285,12,10,25,815,1,2,1,1.0,1,38083,M,4581600.0,537000.0,38
201200005286,12,9,15,1630,1,1,1,1.0,3,38261,M,4569050.0,545831.0,38
201200005287,12,2,22,230,3,1,1,1.0,7,38001,M,4554160.0,558398.0,38
201200005288,12,5,7,2330,3,1,1,1.0,6,38001,M,4555250.0,558482.0,38
201200005289,12,5,20,1045,1,1,1,1.0,5,38292,M,4546070.0,553483.0,38
201200005290,12,6,2,2015,1,1,1,2.0,5,38028,M,4552280.0,559543.0,38
201200005291,12,6,13,1145,1,1,6,8.0,4,38315,M,4553570.0,564623.0,38
201200005292,12,6,16,1015,1,1,1,1.0,7,38228,M,4550950.0,559663.0,38
201200005293,12,7,22,515,3,2,1,1.0,7,38315,M,4553000.0,568100.0,38
201200005294,12,8,21,1500,1,1,1,1.0,1,38420,M,0.0,0.0,38
201200005295,12,9,21,830,5,2,2,1.0,3,38315,M,4553330.0,566499.0,38
201200005296,12,10,30,1630,1,2,4,1.0,3,38256,M,4548850.0,559238.0,38
201200005297,12,11,9,1945,5,2,2,8.0,1,38315,M,4553690.0,565339.0,38
201200005298,12,11,17,1115,1,2,1,1.0,3,38398,M,0.0,0.0,38
201200005299,12,3,11,1700,1,1,1,1.0,6,38064,M,0.0,0.0,38
201200005300,12,6,13,700,1,1,1,2.0,3,38076,M,0.0,0.0,38
201200005301,12,7,1,1845,1,1,1,1.0,1,38381,M,4554700.0,546900.0,38
201200005302,12,8,8,2330,3,1,1,1.0,7,38341,M,4559800.0,540600.0,38
201200005303,12,9,21,1900,1,1,1,1.0,6,38464,M,4555400.0,537200.0,38
201200005304,12,11,3,1930,3,1,1,1.0,1,38076,M,4557900.0,546100.0,38
201200005305,12,11,13,1215,1,1,1,8.0,1,38064,M,4556790.0,536068.0,38
201200005306,12,11,19,2300,5,2,1,1.0,7,38509,M,4558100.0,544200.0,38
201200005307,12,11,24,2330,5,2,2,1.0,3,38381,M,4555560.0,548208.0,38
201200005308,12,12,10,730,5,2,1,2.0,6,38509,M,0.0,0.0,38
201200005309,12,1,18,730,5,2,3,1.0,3,44066,M,4737000.0,-160600.0,44
201200005310,12,1,20,2315,3,1,1,2.0,1,44035,M,4728700.0,-159300.0,44
201200005311,12,3,21,1800,1,1,2,2.0,3,44035,M,4728700.0,-154800.0,44
201200005312,12,3,25,2030,3,1,1,1.0,7,44035,M,0.0,0.0,44
201200005313,12,4,2,815,1,1,1,1.0,2,44209,M,0.0,0.0,44
201200005314,12,10,20,2115,5,1,3,2.0,3,44209,M,0.0,0.0,44
201200005315,12,11,19,1945,3,1,1,8.0,3,44035,M,0.0,0.0,44
201200005316,12,12,11,945,1,2,1,9.0,6,44035,M,4730400.0,-155100.0,44
201200005317,12,1,27,1145,1,1,1,2.0,7,38544,M,4551800.0,492200.0,38
201200005318,12,2,14,815,1,1,1,4.0,7,38487,M,4556300.0,482800.0,38
201200005319,12,3,1,1515,1,1,1,1.0,3,38336,M,4549470.0,483542.0,38
201200005320,12,8,31,1300,1,1,1,1.0,5,38336,M,4547600.0,482922.0,38
201200005321,12,2,15,900,1,1,1,2.0,6,38034,M,4531980.0,507314.0,38
201200005322,12,5,4,1800,1,1,2,1.0,5,38211,M,4544780.0,519393.0,38
201200005323,12,7,29,1830,1,1,2,1.0,3,38130,M,4539700.0,523900.0,38
201200005324,12,7,29,2230,3,1,3,1.0,3,38324,M,4540900.0,501659.0,38
201200005325,12,8,30,1715,1,1,3,1.0,3,38034,M,4533200.0,503419.0,38
201200005326,12,12,9,1300,1,1,1,1.0,3,38025,M,0.0,0.0,38
201200005327,12,1,5,745,2,1,1,1.0,5,38480,M,4555790.0,496212.0,38
201200005328,12,1,31,645,3,1,1,4.0,1,38399,M,4550860.0,517002.0,38
201200005329,12,2,18,1915,3,1,1,1.0,7,38351,M,4553230.0,511422.0,38
201200005330,12,6,13,1730,1,1,1,1.0,3,38480,M,0.0,0.0,38
201200005331,12,6,29,715,1,2,1,1.0,1,38519,M,4562000.0,504000.0,38
201200005332,12,7,22,1330,1,1,1,1.0,6,38152,M,4549100.0,529582.0,38
201200005333,12,8,31,1745,1,1,1,8.0,5,38231,M,4552120.0,521293.0,38
201200005334,12,9,14,1800,1,1,1,1.0,3,38555,M,4552460.0,487660.0,38
201200005335,12,10,8,2200,3,1,1,2.0,6,38476,M,0.0,0.0,38
201200005336,12,12,13,1700,1,1,1,1.0,1,38346,M,4550500.0,510500.0,38
201200005337,12,12,23,1045,1,1,2,1.0,3,38035,M,0.0,0.0,38
201200005338,12,12,27,1445,1,1,1,8.0,4,38288,M,4557800.0,502800.0,38
201200005339,12,1,21,1315,1,2,1,2.0,6,38085,M,4574900.0,516700.0,38
201200005340,12,2,17,745,2,1,1,9.0,6,38085,M,0.0,0.0,38
201200005341,12,2,25,130,5,2,1,2.0,6,38197,M,0.0,0.0,38
201200005342,12,2,26,1745,1,2,1,1.0,3,38085,M,0.0,0.0,38
201200005343,12,7,25,2000,1,2,1,1.0,3,38316,M,4575600.0,517200.0,38
201200005344,12,7,26,600,1,2,1,1.0,2,38507,M,4572000.0,517100.0,38
201200005345,12,8,3,1545,1,1,1,1.0,1,38011,M,4578320.0,515938.0,38
201200005346,12,8,6,2215,5,2,1,1.0,3,38316,M,0.0,0.0,38
201200005347,12,9,7,1730,1,2,1,1.0,1,38316,M,0.0,0.0,38
201200005348,12,9,16,700,1,2,1,1.0,3,38316,M,4575600.0,517200.0,38
201200005349,12,11,24,2130,3,1,1,1.0,6,38507,M,4572940.0,516193.0,38
201200005350,12,12,6,545,3,1,1,1.0,6,38085,M,4573460.0,515614.0,38
201200005351,12,12,29,1330,1,1,4,1.0,7,38197,M,4575560.0,512628.0,38
201200005352,12,1,15,1830,3,1,1,1.0,1,38072,M,0.0,0.0,38
201200005353,12,6,1,1000,1,1,1,1.0,3,38468,M,4482990.0,560714.0,38
201200005354,12,7,17,1215,1,2,1,1.0,3,38496,M,0.0,0.0,38
201200005355,12,10,17,1215,1,2,1,1.0,3,38344,M,0.0,0.0,38
201200005356,12,10,22,845,1,1,1,1.0,6,38298,M,0.0,0.0,38
201200005357,12,11,2,1030,1,2,1,1.0,6,38344,M,0.0,0.0,38
201200005358,12,2,9,530,5,2,2,1.0,6,38475,M,4566850.0,514354.0,38
201200005359,12,3,13,1730,1,2,1,1.0,1,38537,M,0.0,0.0,38
201200005360,12,3,31,330,5,1,1,1.0,1,38449,M,4565830.0,510697.0,38
201200005361,12,5,2,1630,1,1,1,1.0,6,38449,M,0.0,0.0,38
201200005362,12,6,25,1830,1,2,1,1.0,6,38475,M,4559200.0,523885.0,38
201200005363,12,10,3,1745,1,1,1,1.0,2,38537,M,4564170.0,515149.0,38
201200005364,12,10,24,1800,2,1,1,1.0,4,38537,M,0.0,0.0,38
201200005365,12,6,24,2015,1,2,1,1.0,7,42246,M,4531962.0,462388.0,42
201200005366,12,7,31,1030,1,1,9,7.0,6,42023,M,4530743.0,453887.0,42
201200005367,12,8,4,500,3,1,1,1.0,6,42329,M,4532266.0,449233.0,42
201200005368,12,8,20,1545,1,1,1,1.0,3,42329,M,4531863.0,450544.0,42
201200005369,12,1,1,1545,1,1,1,1.0,3,42096,M,4555400.0,443500.0,42
201200005370,12,1,3,1415,1,1,1,1.0,5,42311,M,4547900.0,440288.0,42
201200005371,12,1,22,330,3,2,1,1.0,7,42097,M,4549328.0,433185.0,42
201200005372,12,5,21,1600,1,1,1,3.0,6,42097,M,4549166.0,432399.0,42
201200005373,12,7,11,1700,1,1,1,1.0,3,42302,M,4551000.0,442300.0,42
201200005374,12,7,20,30,3,1,6,1.0,7,42097,M,4552284.0,429484.0,42
201200005375,12,7,22,330,5,2,1,1.0,2,42302,M,4548402.0,444859.0,42
201200005376,12,1,7,1100,1,1,2,1.0,3,42285,M,4558151.0,410696.0,42
201200005377,12,1,18,1145,1,2,1,1.0,6,42299,M,4561191.0,406940.0,42
201200005378,12,1,19,1430,1,1,1,1.0,1,42180,M,4558889.0,415144.0,42
201200005379,12,1,28,1515,1,2,1,1.0,3,42147,M,4560523.0,405726.0,42
201200005380,12,3,25,1100,1,2,1,1.0,6,42147,M,4560702.0,406844.0,42
201200005381,12,4,8,330,3,1,1,2.0,6,42179,M,4566876.0,403389.0,42
201200005382,12,4,9,515,5,2,1,1.0,6,42299,M,4560690.0,408194.0,42
201200005383,12,4,21,2100,3,1,1,1.0,6,42037,M,4568790.0,407088.0,42
201200005384,12,5,26,845,1,2,1,1.0,3,42147,M,4559428.0,407475.0,42
201200005385,12,11,9,2000,5,2,1,9.0,3,42299,M,4560435.0,409112.0,42
201200005386,12,12,4,400,5,2,1,2.0,6,42147,M,4560950.0,405861.0,42
201200005387,12,12,15,1945,3,1,1,1.0,5,42046,M,4562934.0,405640.0,42
201200005388,12,1,23,1600,1,1,1,1.0,1,42022,M,4551406.0,419621.0,42
201200005389,12,3,17,1015,1,2,2,1.0,3,42304,M,4554180.0,418605.0,42
201200005390,12,3,28,1600,1,1,1,1.0,6,42304,M,4553463.0,415067.0,42
201200005391,12,7,16,1030,1,2,6,1.0,3,42022,M,4552692.0,422309.0,42
201200005392,12,8,21,845,1,2,1,1.0,6,42304,M,4554182.0,418584.0,42
201200005393,12,9,10,1330,1,2,1,1.0,6,42211,M,4552955.0,424637.0,42
201200005394,12,10,27,1700,1,2,1,8.0,3,42005,M,4554579.0,427875.0,42
201200005395,12,11,10,1445,1,1,1,1.0,1,42022,M,4550850.0,418417.0,42
201200005396,12,11,17,1245,1,2,1,1.0,7,42005,M,4552937.0,425773.0,42
201200005397,12,3,23,800,1,1,1,1.0,1,42134,M,4568970.0,403686.0,42
201200005398,12,4,27,715,2,1,1,1.0,6,42009,M,4576176.0,402223.0,42
201200005399,12,4,27,1115,1,1,1,1.0,6,42295,M,4586800.0,371848.0,42
201200005400,12,4,27,1430,1,1,1,1.0,4,42313,M,4573290.0,400997.0,42
201200005401,12,5,26,1415,1,1,1,1.0,3,42195,M,4574377.0,396602.0,42
201200005402,12,6,21,1445,1,2,1,1.0,3,42197,M,4573859.0,402069.0,42
201200005403,12,6,23,1600,1,2,1,1.0,1,42019,M,4575795.0,401457.0,42
201200005404,12,6,24,1300,1,1,1,1.0,6,42219,M,4573798.0,412026.0,42
201200005405,12,7,31,1030,1,2,1,1.0,6,42288,M,4577649.0,398368.0,42
201200005406,12,2,10,845,1,1,1,7.0,6,42090,M,4575673.0,434383.0,42
201200005407,12,3,30,1730,1,2,1,7.0,5,42094,M,4578692.0,421127.0,42
201200005408,12,7,30,1745,1,1,1,1.0,1,42202,M,4573061.0,431449.0,42
201200005409,12,10,6,1715,1,2,1,1.0,3,42094,M,4574409.0,422838.0,42
201200005410,12,5,19,1945,1,1,1,1.0,1,42140,M,4547470.0,402235.0,42
201200005411,12,6,2,1015,1,1,1,7.0,6,42107,M,4552760.0,400626.0,42
201200005412,12,6,2,1800,1,1,1,1.0,7,42091,M,4541009.0,404005.0,42
201200005413,12,6,6,1500,1,2,1,1.0,7,42126,M,4545217.0,408429.0,42
201200005414,12,6,24,1500,1,1,1,1.0,7,42318,M,4537598.0,393014.0,42
201200005415,12,6,30,1215,1,1,3,1.0,3,42235,M,4537952.0,405836.0,42
201200005416,12,7,13,2000,1,2,1,1.0,7,42204,M,4542201.0,406860.0,42
201200005417,12,7,26,1615,1,1,1,1.0,3,42312,M,4541523.0,408833.0,42
201200005418,12,9,8,915,1,1,1,1.0,6,42137,M,4552261.0,406236.0,42
201200005419,12,9,19,900,1,1,1,1.0,7,42192,M,4537771.0,408391.0,42
201200005420,12,12,18,830,1,1,9,9.0,6,42266,M,0.0,0.0,42
201200005421,12,12,21,615,5,2,1,1.0,6,42204,M,4540200.0,393200.0,42
201200005422,12,4,29,1245,1,2,1,1.0,6,42200,M,4564500.0,425350.0,42
201200005423,12,6,3,1830,1,1,1,2.0,1,42138,M,4565681.0,437100.0,42
201200005424,12,6,27,30,5,2,1,1.0,6,42200,M,4564617.0,425221.0,42
201200005425,12,9,21,1845,1,1,9,1.0,3,42149,M,4562274.0,424913.0,42
201200005426,12,10,9,1545,1,1,1,1.0,1,42081,M,4559064.0,426795.0,42
201200005427,12,10,15,945,1,1,1,1.0,2,42013,M,4565693.0,429293.0,42
201200005428,12,11,4,1045,1,1,1,1.0,1,42264,M,4558814.0,435559.0,42
201200005429,12,11,5,730,1,1,1,1.0,6,42038,M,4564385.0,420248.0,42
201200005430,12,11,7,1545,1,1,1,1.0,7,42222,M,4558419.0,432228.0,42
201200005431,12,4,4,1200,1,2,1,2.0,6,42056,M,4540987.0,473657.0,42
201200005432,12,5,14,915,1,2,1,1.0,1,42326,M,4536312.0,466577.0,42
201200005433,12,5,27,1830,1,1,1,1.0,7,42191,M,4539062.0,467233.0,42
201200005434,12,6,9,1200,1,1,1,1.0,3,42168,M,4541574.0,470651.0,42
201200005435,12,7,22,1745,1,1,1,1.0,6,42132,M,4538507.0,473821.0,42
201200005436,12,7,22,1915,1,1,1,1.0,3,42168,M,4544057.0,466076.0,42
201200005437,12,8,26,1415,1,1,1,1.0,1,42168,M,4543281.0,465556.0,42
201200005438,12,9,3,1600,1,2,1,1.0,1,42056,M,4542689.0,474029.0,42
201200005439,12,10,8,1745,1,1,1,2.0,1,42168,M,4541635.0,466498.0,42
201200005440,12,10,18,1745,1,1,1,1.0,3,42191,M,4538289.0,468324.0,42
201200005441,12,9,26,1330,1,1,1,2.0,2,42124,M,4537800.0,471043.0,42
201200005442,12,4,10,715,1,1,1,1.0,6,42069,M,4601785.0,407354.0,42
201200005443,12,5,22,1200,1,1,1,2.0,2,42162,M,4601580.0,396434.0,42
201200005444,12,6,20,1145,1,1,2,1.0,3,42338,M,4607296.0,411888.0,42
201200005445,12,6,22,1145,1,2,1,1.0,3,42120,M,4599492.0,398102.0,42
201200005446,12,7,6,1100,1,2,6,1.0,6,42332,M,4601620.0,403812.0,42
201200005447,12,9,1,1745,1,2,1,1.0,3,42239,M,4596432.0,400237.0,42
201200005448,12,9,12,930,1,1,1,2.0,3,42332,M,0.0,0.0,42
201200005449,12,11,19,1830,3,1,1,5.0,6,42120,M,4598398.0,399018.0,42
201200005450,12,11,24,1415,1,1,1,1.0,3,42294,M,4601275.0,412277.0,42
201200005451,12,12,1,330,4,1,1,1.0,7,42338,M,4609309.0,411962.0,42
201200005452,12,12,22,1845,3,1,1,2.0,6,42332,M,4599761.0,404337.0,42
201200005453,12,1,29,1800,3,1,1,4.0,1,42128,M,4594288.0,428492.0,42
201200005454,12,2,25,1045,1,1,1,5.0,7,42334,M,4586544.0,437092.0,42
201200005455,12,5,6,1430,1,1,1,1.0,5,42254,M,4584719.0,417059.0,42
201200005456,12,5,9,1530,1,1,1,1.0,5,42254,M,4586842.0,417464.0,42
201200005457,12,5,18,1515,1,1,1,1.0,6,42254,M,4587516.0,421162.0,42
201200005458,12,6,23,1830,1,1,1,1.0,7,42334,M,4584100.0,436200.0,42
201200005459,12,7,11,1700,1,1,1,1.0,6,42254,M,4587816.0,421601.0,42
201200005460,12,7,14,1430,1,1,1,1.0,6,42128,M,4592590.0,430313.0,42
201200005461,12,7,28,1700,1,1,1,1.0,3,42254,M,4586095.0,417670.0,42
201200005462,12,8,11,1130,1,2,1,1.0,6,42011,M,4581835.0,418431.0,42
201200005463,12,9,12,945,1,2,1,2.0,1,42029,M,4584034.0,426885.0,42
201200005464,12,12,18,900,1,1,1,2.0,7,42171,M,4586550.0,413185.0,42
201200005465,12,1,8,500,3,1,1,2.0,6,42177,M,4614045.0,414544.0,42
201200005466,12,2,23,2045,3,1,1,5.0,6,42079,M,4613103.0,425463.0,42
201200005467,12,3,4,1600,1,2,1,8.0,6,42033,M,4611878.0,430665.0,42
201200005468,12,4,30,500,3,1,1,1.0,7,42052,M,4616667.0,418594.0,42
201200005469,12,5,10,1545,1,2,9,1.0,3,42267,M,4615205.0,410921.0,42
201200005470,12,7,27,715,1,1,3,1.0,1,42112,M,4611420.0,422793.0,42
201200005471,12,9,15,400,3,1,1,1.0,6,42131,M,4617988.0,425334.0,42
201200005472,12,9,17,1315,1,2,1,1.0,1,42052,M,4616200.0,417500.0,42
201200005473,12,12,10,1845,4,1,2,2.0,3,42025,M,4610995.0,420920.0,42
201200005474,12,3,23,1645,1,2,1,1.0,3,42230,M,4583392.0,401846.0,42
201200005475,12,5,13,1330,1,1,1,1.0,6,42160,M,4582400.0,397500.0,42
201200005476,12,6,4,1730,1,2,1,1.0,6,42248,M,4591499.0,384182.0,42
201200005477,12,10,31,1000,1,2,9,1.0,6,42248,M,4581409.0,384583.0,42
201200005478,12,2,25,130,5,2,1,1.0,7,73228,M,4553596.0,589334.0,73
201200005479,12,6,23,1400,1,1,1,1.0,1,73228,M,4553235.0,589146.0,73
201200005480,12,6,24,1715,1,1,1,1.0,6,73228,M,4552099.0,585475.0,73
201200005481,12,2,3,1945,3,1,1,1.0,3,73128,M,4571720.0,591759.0,73
201200005482,12,4,11,1545,1,2,3,1.0,1,73328,M,4564861.0,590924.0,73
201200005483,12,5,7,1715,1,1,1,1.0,3,73108,M,4573070.0,595142.0,73
201200005484,12,5,9,1815,1,1,1,1.0,6,73108,M,4573160.0,595437.0,73
201200005485,12,6,10,1745,1,1,1,2.0,7,73043,M,4574989.0,592645.0,73
201200005486,12,7,8,1300,1,1,8,1.0,3,73238,M,4577914.0,586470.0,73
201200005487,12,7,29,1430,1,1,4,1.0,3,73059,M,4572102.0,588352.0,73
201200005488,12,8,3,1500,1,2,6,1.0,2,73128,M,4572176.0,592308.0,73
201200005489,12,10,17,1600,1,1,1,1.0,3,73328,M,4565502.0,589379.0,73
201200005490,12,2,25,1000,1,2,2,1.0,3,73010,M,4578511.0,594075.0,73
201200005491,12,3,1,1545,1,1,2,7.0,3,73213,M,4556362.0,596867.0,73
201200005492,12,10,2,2145,5,1,1,1.0,3,73213,M,4556223.0,597022.0,73
201200005493,12,11,2,1815,3,1,3,8.0,3,73064,M,4556077.0,598204.0,73
201200005494,12,6,14,1645,1,1,1,1.0,1,73020,M,4571572.0,609512.0,73
201200005495,12,6,24,430,3,1,1,1.0,7,73081,M,4569050.0,611159.0,73
201200005496,12,7,29,1515,1,1,1,1.0,6,73277,M,4560969.0,614278.0,73
201200005497,12,12,31,2030,3,1,1,1.0,6,73085,M,4578663.0,586120.0,73
201200005498,12,3,31,1100,1,2,3,1.0,3,73085,M,4583000.0,584251.0,73
201200005499,12,7,26,2015,1,1,1,1.0,1,73073,M,4579784.0,578632.0,73
201200005500,12,10,20,2040,3,1,1,1.0,1,73089,M,4553893.0,613272.0,73
201200005501,12,11,7,730,1,1,1,1.0,1,73084,M,4550797.0,602021.0,73
201200005502,12,11,12,1845,3,1,1,1.0,1,73159,M,4546664.0,604422.0,73
201200005503,12,3,4,1500,1,1,1,1.0,5,73330,M,4570040.0,579341.0,73
201200005504,12,4,22,1330,1,2,1,1.0,2,73179,M,4559766.0,587461.0,73
201200005505,12,6,2,1145,1,2,1,1.0,1,73140,M,4573333.0,580296.0,73
201200005506,12,7,17,1530,1,1,1,1.0,6,73028,M,4568877.0,571174.0,73
201200005507,12,8,19,1730,1,2,1,1.0,5,73051,M,4566095.0,585836.0,73
201200005508,12,9,24,1815,1,1,4,1.0,5,73330,M,4570114.0,579287.0,73
201200005509,12,12,5,2130,3,1,1,3.0,1,73051,M,4564705.0,586445.0,73
201200005510,12,4,1,1415,1,2,1,1.0,6,73204,M,4553300.0,569169.0,73
201200005511,12,5,7,1900,1,1,1,1.0,3,73100,M,4552630.0,569385.0,73
201200005512,12,7,29,1330,1,1,1,1.0,6,73274,M,4542448.0,586417.0,73
201200005513,12,10,5,1830,2,1,9,1.0,3,73254,M,4559585.0,572038.0,73
201200005514,12,10,19,1915,3,1,1,1.0,1,73226,M,4550549.0,571927.0,73
201200005515,12,2,27,1730,1,1,1,1.0,5,73068,M,4556260.0,619670.0,73
201200005516,12,3,1,1130,1,1,6,1.0,1,73053,M,4555143.0,620863.0,73
201200005517,12,3,21,1330,1,2,4,1.0,6,73068,M,4555924.0,620478.0,73
201200005518,12,8,21,130,3,1,1,1.0,6,73068,M,4556366.0,620161.0,73
201200005519,12,11,23,2015,5,2,1,1.0,1,73215,M,4545774.0,611404.0,73
201200005520,12,1,28,1930,5,2,2,1.0,1,73121,M,4563288.0,631172.0,73
201200005521,12,7,3,800,1,1,1,8.0,1,73303,M,4578295.0,648512.0,73
201200005522,12,7,31,1345,1,2,1,1.0,1,73186,M,4580637.0,651900.0,73
201200005523,12,11,11,400,3,1,6,2.0,6,73153,M,4571627.0,640808.0,73
201200005524,12,12,13,645,3,1,1,8.0,6,73196,M,4569382.0,640223.0,73
201200005525,12,7,5,830,1,1,1,2.0,1,73006,M,4555041.0,662018.0,73
201200005526,12,7,14,1230,1,2,7,1.0,6,73142,M,4557120.0,673931.0,73
201200005527,12,7,17,1730,1,1,1,1.0,3,73006,M,4555310.0,664211.0,73
201200005528,12,8,26,745,1,1,1,1.0,7,73126,M,4558283.0,665247.0,73
201200005529,12,9,8,200,5,2,1,1.0,7,73142,M,4555047.0,676065.0,73
201200005530,12,6,10,1300,1,1,1,1.0,1,73317,M,4573089.0,651969.0,73
201200005531,12,7,5,1815,1,1,3,1.0,3,73034,M,4572396.0,655384.0,73
201200005532,12,10,28,1415,1,1,1,1.0,6,73034,M,4573030.0,655511.0,73
201200005533,12,4,7,1000,1,1,1,1.0,6,73285,M,4562120.0,680872.0,73
201200005534,12,4,10,930,1,1,1,1.0,1,73232,M,4559700.0,687964.0,73
201200005535,12,6,1,1415,1,1,1,1.0,7,73054,M,4558721.0,678046.0,73
201200005536,12,7,13,1445,1,2,1,1.0,1,73054,M,4560412.0,676730.0,73
201200005537,12,7,13,1410,1,2,4,1.0,7,73054,M,4562329.0,678017.0,73
201200005538,12,8,10,1130,1,1,1,7.0,3,73232,M,4558446.0,688490.0,73
201200005539,12,8,19,1730,1,1,1,1.0,1,73176,M,4562316.0,684290.0,73
201200005540,12,8,30,1215,1,1,1,2.0,6,73054,M,4560145.0,677696.0,73
201200005541,12,9,13,845,1,1,1,2.0,3,73232,M,4560016.0,686770.0,73
201200005542,12,9,21,1400,1,1,1,1.0,1,73176,M,4562153.0,685429.0,73
201200005543,12,9,22,2115,5,2,1,1.0,6,73054,M,4560747.0,675216.0,73
201200005544,12,9,25,2015,3,1,1,1.0,7,73323,M,4558534.0,683322.0,73
201200005545,12,11,2,1815,5,2,7,1.0,7,73054,M,4562357.0,679919.0,73
201200005546,12,1,3,745,1,1,1,1.0,1,73057,M,4545280.0,655933.0,73
201200005547,12,1,13,1300,1,1,1,1.0,3,73057,M,4545017.0,657112.0,73
201200005548,12,1,23,845,1,1,1,9.0,1,73201,M,4544458.0,666922.0,73
201200005549,12,2,14,1200,1,1,1,1.0,3,73227,M,4542570.0,664081.0,73
201200005550,12,2,23,845,1,1,1,1.0,6,73201,M,4541940.0,670285.0,73
201200005551,12,4,21,400,5,2,1,1.0,7,73071,M,4545810.0,671282.0,73
201200005552,12,4,27,800,1,1,1,1.0,1,73227,M,4543370.0,663074.0,73
201200005553,12,5,25,115,5,2,1,1.0,6,73206,M,0.0,0.0,73
201200005554,12,7,10,815,1,2,1,1.0,1,73198,M,4544597.0,659231.0,73
201200005555,12,9,30,1845,1,1,1,1.0,7,73227,M,4543590.0,663501.0,73
201200005556,12,10,14,45,5,2,1,1.0,6,73227,M,4541782.0,664942.0,73
201200005557,12,3,8,1800,2,1,1,1.0,1,73321,M,4546280.0,654031.0,73
201200005558,12,7,12,1515,1,1,1,1.0,1,73046,M,4550784.0,644557.0,73
201200005559,12,10,5,1115,1,2,4,1.0,6,73284,M,4547329.0,652817.0,73
201200005560,12,10,6,1800,2,1,1,1.0,2,73115,M,4546373.0,651094.0,73
201200005561,12,12,22,1415,1,1,1,8.0,5,73181,M,4547084.0,652736.0,73
201200005562,12,2,19,1515,1,2,1,1.0,2,73306,M,4517347.0,642823.0,73
201200005563,12,3,14,1830,2,2,6,1.0,1,73248,M,4526830.0,636769.0,73
201200005564,12,3,30,1515,1,1,1,1.0,6,73203,M,4530800.0,634474.0,73
201200005565,12,4,11,1,3,2,1,4.0,7,73307,M,4517048.0,649692.0,73
201200005566,12,4,26,1830,1,1,1,1.0,2,73261,M,4521110.0,650044.0,73
201200005567,12,6,5,745,1,1,1,1.0,6,73135,M,4529624.0,635494.0,73
201200005568,12,6,23,1615,1,1,1,1.0,7,73307,M,4519366.0,646821.0,73
201200005569,12,6,27,1430,1,2,1,1.0,6,73258,M,4524067.0,644856.0,73
201200005570,12,7,31,1915,1,1,1,1.0,5,73203,M,4531310.0,633863.0,73
201200005571,12,2,25,1545,1,2,1,1.0,1,73067,M,4535900.0,630000.0,73
201200005572,12,3,19,1030,1,1,1,1.0,1,73007,M,4557850.0,625262.0,73
201200005573,12,8,10,1815,1,1,1,1.0,7,73175,M,4552630.0,632862.0,73
201200005574,12,8,11,1615,1,1,9,1.0,3,73143,M,4527326.0,690449.0,73
201200005575,12,3,31,1645,1,1,1,1.0,1,73322,M,4520763.0,669423.0,73
201200005576,12,10,13,1715,1,2,1,1.0,6,73157,M,4520361.0,667724.0,73
201200005577,12,2,12,1100,1,1,3,1.0,1,74267,M,0.0,0.0,74
201200005578,12,3,2,800,1,1,1,1.0,1,74232,M,0.0,0.0,74
201200005579,12,3,24,2030,3,1,1,1.0,1,74123,M,0.0,0.0,74
201200005580,12,4,3,815,1,1,1,1.0,1,74123,M,0.0,0.0,74
201200005581,12,4,16,930,1,2,1,1.0,6,74104,M,0.0,0.0,74
201200005582,12,5,27,1430,1,2,1,1.0,3,74275,M,0.0,0.0,74
201200005583,12,6,1,800,1,1,1,1.0,3,74242,M,0.0,0.0,74
201200005584,12,6,7,1050,1,2,1,1.0,6,74275,M,0.0,0.0,74
201200005585,12,6,17,2200,5,2,1,1.0,2,74267,M,0.0,0.0,74
201200005586,12,6,28,1445,1,2,1,1.0,3,74267,M,0.0,0.0,74
201200005587,12,7,2,1315,1,1,1,1.0,1,74242,M,0.0,0.0,74
201200005588,12,7,17,700,1,2,1,1.0,1,74242,M,0.0,0.0,74
201200005589,12,7,19,1115,1,2,3,1.0,3,74242,M,0.0,0.0,74
201200005590,12,7,30,1830,1,2,3,1.0,3,74242,M,0.0,0.0,74
201200005591,12,8,23,1015,1,2,2,1.0,1,74267,M,0.0,0.0,74
201200005592,12,9,5,1930,1,1,1,1.0,1,74123,M,0.0,0.0,74
201200005593,12,9,7,1800,1,2,1,1.0,3,74267,M,0.0,0.0,74
201200005594,12,10,21,445,5,2,1,1.0,6,74123,M,0.0,0.0,74
201200005595,12,12,31,1330,1,2,1,1.0,6,74225,M,0.0,0.0,74
201200005596,12,4,22,530,3,1,1,1.0,6,74165,M,0.0,0.0,74
201200005597,12,6,12,815,1,2,3,2.0,3,74225,M,0.0,0.0,74