Num_Acc,an,mois,jour,hrmn,lum,agg,int,atm,col,com,gps,lat,long,dep
201200005598,12,9,8,2230,5,2,1,1.0,1,74310,M,0.0,0.0,74
201200005599,12,10,14,100,3,1,1,1.0,3,74289,M,0.0,0.0,74
201200005600,12,1,21,645,3,1,1,4.0,1,74280,M,0.0,0.0,74
201200005601,12,2,6,1700,2,2,9,1.0,6,74136,M,0.0,0.0,74
201200005602,12,3,23,1800,1,1,1,1.0,3,74003,M,0.0,0.0,74
201200005603,12,4,8,315,3,1,1,1.0,6,74003,M,0.0,0.0,74
201200005604,12,6,2,745,1,1,1,1.0,3,74239,M,0.0,0.0,74
201200005605,12,7,22,1645,1,1,1,1.0,1,74265,M,0.0,0.0,74
201200005606,12,8,1,1015,1,1,4,1.0,1,74079,M,0.0,0.0,74
201200005607,12,8,29,1930,1,1,1,8.0,1,74280,M,0.0,0.0,74
201200005608,12,9,7,2115,3,1,4,1.0,3,74239,M,0.0,0.0,74
201200005609,12,9,16,1945,2,2,1,1.0,3,74302,M,0.0,0.0,74
201200005610,12,9,30,715,2,1,1,5.0,1,74280,M,0.0,0.0,74
201200005611,12,11,6,1745,2,1,1,2.0,1,74079,M,0.0,0.0,74
201200005612,12,11,15,1045,1,2,1,1.0,6,74136,M,0.0,0.0,74
201200005613,12,11,23,2130,3,1,1,1.0,6,74045,M,0.0,0.0,74
201200005614,12,12,26,1845,5,2,1,1.0,6,74280,M,0.0,0.0,74
201200005615,12,2,11,1230,1,1,1,8.0,3,74042,M,0.0,0.0,74
201200005616,12,2,29,1245,1,1,1,1.0,6,74042,M,0.0,0.0,74
201200005617,12,3,23,1430,1,1,1,1.0,3,74042,M,0.0,0.0,74
201200005618,12,3,30,715,1,1,3,1.0,3,74042,M,0.0,0.0,74
201200005619,12,3,27,1715,1,2,1,1.0,6,74042,M,0.0,0.0,74
201200005620,12,5,6,1715,1,1,1,1.0,6,74042,M,0.0,0.0,74
201200005621,12,5,11,1915,1,1,6,1.0,6,74042,M,4607800.0,640900.0,74
201200005622,12,6,22,815,1,2,1,7.0,6,74042,M,4608400.0,640500.0,74
201200005623,12,7,17,1545,1,1,3,1.0,2,74087,M,0.0,0.0,74
201200005624,12,8,7,1930,1,2,4,1.0,3,74042,M,4611300.0,636200.0,74
201200005625,12,8,17,2130,5,2,1,1.0,6,74042,M,4608200.0,641800.0,74
201200005626,12,9,3,1300,1,2,1,1.0,6,74042,M,4608400.0,640300.0,74
201200005627,12,11,14,1855,3,1,3,1.0,1,74122,M,4613200.0,636200.0,74
201200005628,12,4,30,830,1,2,1,1.0,2,74056,M,0.0,0.0,74
201200005629,12,6,16,1030,1,1,1,1.0,3,74056,M,0.0,0.0,74
201200005630,12,7,7,1200,1,2,1,1.0,3,74056,M,0.0,0.0,74
201200005631,12,7,21,1900,1,2,1,1.0,3,74056,M,0.0,0.0,74
201200005632,12,10,14,1630,1,2,1,1.0,6,74056,M,0.0,0.0,74
201200005633,12,4,19,1130,1,2,1,2.0,6,74099,M,0.0,0.0,74
201200005634,12,7,15,130,5,2,1,1.0,6,74085,M,0.0,0.0,74
201200005635,12,7,18,1530,1,2,4,1.0,1,74099,M,0.0,0.0,74
201200005636,12,9,13,1630,1,2,1,1.0,6,74173,M,0.0,0.0,74
201200005637,12,1,5,1430,1,1,1,3.0,5,74250,M,0.0,0.0,74
201200005638,12,3,23,845,1,1,1,1.0,1,74018,M,0.0,0.0,74
201200005639,12,3,28,1745,1,1,1,1.0,3,74116,M,0.0,0.0,74
201200005640,12,7,2,2015,1,1,1,1.0,1,74116,M,4605500.0,627100.0,74
201200005641,12,7,16,1450,1,1,2,1.0,1,74007,M,0.0,0.0,74
201200005642,12,8,5,1830,1,2,1,3.0,1,74224,M,0.0,0.0,74
201200005643,12,9,16,1430,1,2,2,1.0,1,74090,M,0.0,0.0,74
201200005644,12,10,4,1915,2,1,1,1.0,4,74007,M,4607400.0,632300.0,74
201200005645,12,10,12,1115,1,1,1,8.0,3,74224,M,0.0,0.0,74
201200005646,12,10,29,1100,1,1,6,1.0,1,74116,M,0.0,0.0,74
201200005647,12,11,23,2230,5,2,1,1.0,1,74250,M,0.0,0.0,74
201200005648,12,11,30,100,5,2,2,1.0,7,74224,M,0.0,0.0,74
201200005649,12,12,1,2050,3,2,1,1.0,3,74241,M,,,74
201200005650,12,10,18,1015,1,1,1,1.0,1,74256,M,0.0,0.0,74
201200005651,12,10,19,1345,1,2,1,1.0,6,74256,M,0.0,0.0,74
201200005652,12,1,15,200,3,1,1,9.0,7,74258,M,4609300.0,668700.0,74
201200005653,12,1,31,530,3,1,1,4.0,6,74183,M,4613700.0,652700.0,74
201200005654,12,3,20,2145,5,2,1,1.0,3,74190,M,4609100.0,667900.0,74
201200005655,12,4,11,1915,1,2,1,8.0,7,74183,M,4613600.0,651800.0,74
201200005656,12,4,28,1200,1,1,1,1.0,1,74276,M,4611700.0,660800.0,74
201200005657,12,5,15,1145,1,1,1,1.0,1,74183,M,4613100.0,650200.0,74
201200005658,12,5,17,1530,1,1,1,1.0,2,74134,M,4615000.0,665200.0,74
201200005659,12,7,10,1550,1,1,1,1.0,6,74134,M,4615000.0,665300.0,74
201200005660,12,8,14,1645,1,2,1,1.0,6,74258,M,4608800.0,672500.0,74
201200005661,12,8,19,1830,1,2,1,1.0,3,74190,M,4608800.0,667600.0,74
201200005662,12,8,23,930,1,2,1,1.0,6,74258,M,4609000.0,672000.0,74
201200005663,12,9,11,200,3,1,1,1.0,7,74134,M,4617200.0,667800.0,74
201200005664,12,9,16,1500,1,2,3,1.0,3,74276,M,4611200.0,659400.0,74
201200005665,12,10,4,730,2,2,1,1.0,1,74134,M,4616200.0,666900.0,74
201200005666,12,10,23,2330,3,1,1,1.0,6,74183,M,4612300.0,654900.0,74
201200005667,12,12,26,1715,5,2,1,1.0,6,74276,M,4611200.0,659000.0,74
201200005668,12,1,18,630,2,2,1,1.0,6,74243,M,0.0,0.0,74
201200005669,12,3,9,1915,3,1,9,1.0,6,74031,M,4610600.0,610500.0,74
201200005670,12,6,30,1915,1,1,1,1.0,1,74201,M,4612000.0,610900.0,74
201200005671,12,10,16,1815,1,2,3,1.0,6,74201,M,0.0,0.0,74
201200005672,12,11,23,1215,1,2,1,1.0,2,74016,M,4614400.0,612000.0,74
201200005673,12,1,23,600,3,1,1,1.0,1,74262,M,0.0,0.0,74
201200005674,12,4,14,1230,1,1,1,2.0,7,74211,M,0.0,0.0,74
201200005675,12,6,8,1315,1,2,2,2.0,3,74220,M,0.0,0.0,74
201200005676,12,6,9,2230,3,2,1,1.0,7,74211,M,0.0,0.0,74
201200005677,12,7,25,1645,1,2,1,1.0,6,74185,M,0.0,0.0,74
201200005678,12,8,9,1930,1,1,1,1.0,1,74193,M,0.0,0.0,74
201200005679,12,8,16,645,2,1,1,2.0,1,74197,M,0.0,0.0,74
201200005680,12,8,8,1815,1,1,1,1.0,1,74220,M,0.0,0.0,74
201200005681,12,12,22,2345,3,1,1,2.0,6,74128,M,0.0,0.0,74
201200005682,12,1,25,645,3,1,1,1.0,1,74309,M,4611600.0,599800.0,74
201200005683,12,3,5,1900,5,2,1,1.0,3,74096,M,4603700.0,610700.0,74
201200005684,12,3,25,1815,1,1,1,7.0,6,74309,M,0.0,0.0,74
201200005685,12,6,22,1715,1,2,1,1.0,3,74088,M,0.0,0.0,74
201200005686,12,8,14,1845,1,2,1,1.0,3,74288,M,4610700.0,597000.0,74
201200005687,12,9,21,1715,1,1,1,1.0,3,74009,M,0.0,0.0,74
201200005688,12,12,29,1815,3,1,2,1.0,4,74309,M,4611700.0,600800.0,74
201200005689,12,1,14,1530,1,1,1,1.0,1,74100,M,0.0,0.0,74
201200005690,12,3,26,1630,1,1,9,1.0,4,74109,M,0.0,0.0,74
201200005691,12,4,4,630,2,1,1,3.0,1,74100,M,0.0,0.0,74
201200005692,12,4,20,1745,1,1,1,1.0,6,74291,M,0.0,0.0,74
201200005693,12,6,29,1630,1,1,1,1.0,7,74100,M,0.0,0.0,74
201200005694,12,8,10,915,1,1,1,1.0,1,74109,M,0.0,0.0,74
201200005695,12,8,21,830,1,1,1,1.0,3,74068,M,0.0,0.0,74
201200005696,12,9,9,1245,1,1,1,1.0,7,74131,M,0.0,0.0,74
201200005697,12,10,28,500,2,1,1,6.0,7,74100,M,0.0,0.0,74
201200005698,12,1,5,900,1,1,1,4.0,1,74001,M,4628500.0,670900.0,74
201200005699,12,2,18,1500,1,2,1,4.0,3,74063,M,4626600.0,684200.0,74
201200005700,12,6,4,1230,1,1,1,8.0,7,74001,M,0.0,0.0,74
201200005701,12,8,18,1945,1,1,1,1.0,7,74286,M,4631500.0,667900.0,74
201200005702,12,9,9,530,3,1,1,1.0,6,74286,M,0.0,0.0,74
201200005703,12,11,10,1145,1,2,1,1.0,6,74063,M,4629400.0,680300.0,74
201200005704,12,11,12,945,1,1,1,8.0,1,74001,M,4628900.0,669700.0,74
201200005705,12,3,25,630,2,1,1,1.0,6,74301,M,0.0,0.0,74
201200005706,12,6,19,1830,1,1,1,1.0,1,74222,M,0.0,0.0,74
201200005707,12,6,24,1400,1,1,1,1.0,7,74032,M,0.0,0.0,74
201200005708,12,1,25,1030,1,1,2,1.0,3,74005,M,0.0,0.0,74
201200005709,12,4,13,1130,1,1,1,1.0,6,74263,M,0.0,0.0,74
201200005710,12,6,29,1720,1,2,1,1.0,3,74105,M,4630600.0,629300.0,74
201200005711,12,8,2,1530,1,2,1,1.0,3,74005,M,4634200.0,648100.0,74
201200005712,12,3,5,2000,5,2,9,1.0,3,74057,M,0.0,0.0,74
201200005713,12,4,1,1530,1,1,1,1.0,4,74154,M,0.0,0.0,74
201200005714,12,6,9,1600,1,2,4,1.0,3,74146,M,0.0,0.0,74
201200005715,12,10,12,2015,3,1,1,1.0,6,74166,M,0.0,0.0,74
201200005716,12,1,19,1400,1,2,1,8.0,1,63307,M,0.0,0.0,63
201200005717,12,2,26,30,3,1,1,5.0,7,63345,M,4573300.0,298600.0,63
201200005718,12,6,10,1815,1,1,1,3.0,1,63417,M,0.0,0.0,63
201200005719,12,7,4,1630,1,1,1,3.0,1,63345,M,0.0,0.0,63
201200005720,12,8,9,1930,1,1,1,1.0,3,63307,M,0.0,0.0,63
201200005721,12,9,15,100,5,2,1,1.0,6,63417,M,4582730.0,305242.0,63
201200005722,12,1,28,1630,1,2,1,4.0,6,63040,M,4572162.0,333105.0,63
201200005723,12,6,29,1345,1,1,1,1.0,1,63368,M,4569300.0,331600.0,63
201200005724,12,7,11,1930,1,1,1,1.0,6,63368,M,4570900.0,328600.0,63
201200005725,12,7,15,130,3,1,1,2.0,6,63239,M,4569800.0,334300.0,63
201200005726,12,7,22,1515,1,1,1,1.0,7,63239,M,4571800.0,332900.0,63
201200005727,12,8,10,730,1,2,1,1.0,1,63040,M,4572800.0,333200.0,63
201200005728,12,8,17,1400,1,1,1,1.0,1,63297,M,4574700.0,335000.0,63
201200005729,12,10,10,945,1,2,6,1.0,3,63453,M,4577600.0,329700.0,63
201200005730,12,11,10,1530,1,2,6,1.0,1,63453,M,4578900.0,329000.0,63
201200005731,12,11,21,2045,3,1,1,5.0,6,63434,M,0.0,0.0,63
201200005732,12,12,19,15,5,2,1,1.0,3,63040,M,4572900.0,333500.0,63
201200005733,12,12,21,1800,3,1,1,2.0,5,63040,M,4571800.0,333300.0,63
201200005734,12,5,13,1515,1,1,1,1.0,7,63236,M,0.0,0.0,63
201200005735,12,5,18,930,1,1,1,2.0,7,63047,M,4560400.0,270900.0,63
201200005736,12,6,29,1800,1,1,1,1.0,6,63397,M,4559700.0,265600.0,63
201200005737,12,5,23,630,2,1,1,2.0,3,63084,M,0.0,0.0,63
201200005738,12,7,13,1630,1,1,1,1.0,1,63263,M,0.0,0.0,63
201200005739,12,7,22,1500,1,1,1,1.0,2,63263,M,0.0,0.0,63
201200005740,12,10,20,30,3,1,1,1.0,1,63307,M,0.0,0.0,63
201200005741,12,11,10,1815,5,2,1,2.0,3,63141,M,4579534.0,305165.0,63
201200005742,12,12,8,1945,5,2,1,1.0,6,63254,M,4580991.0,305789.0,63
201200005743,12,2,25,1445,1,2,1,1.0,6,63284,M,0.0,0.0,63
201200005744,12,3,12,1730,1,2,1,1.0,3,63284,M,0.0,0.0,63
201200005745,12,4,3,1715,1,1,1,1.0,6,63133,M,0.0,0.0,63
201200005746,12,4,6,1745,1,2,1,2.0,1,63284,M,4579696.0,323605.0,63
201200005747,12,4,19,1800,1,2,1,1.0,3,63284,M,0.0,0.0,63
201200005748,12,7,13,1715,1,1,3,8.0,3,63204,M,4581561.0,317140.0,63
201200005749,12,8,22,745,1,2,1,1.0,6,63284,M,0.0,0.0,63
201200005750,12,8,27,930,1,1,1,1.0,1,63200,M,0.0,0.0,63
201200005751,12,9,12,930,1,1,1,1.0,6,63213,M,0.0,0.0,63
201200005752,12,9,27,1745,1,1,1,1.0,1,63133,M,0.0,0.0,63
201200005753,12,11,6,630,3,1,1,3.0,1,63284,M,0.0,0.0,63
201200005754,12,11,7,1645,1,2,1,1.0,1,63284,M,0.0,0.0,63
201200005755,12,12,11,2000,3,1,1,1.0,1,63133,M,4578600.0,324900.0,63
201200005756,12,12,24,1545,1,1,3,1.0,3,63204,M,4581562.0,317139.0,63
201200005757,12,8,14,800,2,1,1,1.0,1,63225,M,0.0,0.0,63
201200005758,12,8,25,1000,1,1,1,2.0,5,63386,M,4574200.0,284700.0,63
201200005759,12,10,2,2100,3,1,1,1.0,6,63248,M,0.0,0.0,63
201200005760,12,10,3,1645,1,1,1,1.0,7,63410,M,0.0,0.0,63
201200005761,12,12,22,1715,3,1,1,2.0,1,63191,M,0.0,0.0,63
201200005762,12,1,3,1830,5,2,1,1.0,6,63214,M,4568507.0,319104.0,63
201200005763,12,4,20,1415,1,2,2,1.0,3,63262,M,0.0,0.0,63
201200005764,12,4,24,1915,1,1,2,1.0,3,63126,M,0.0,0.0,63
201200005765,12,5,16,1945,1,2,1,1.0,6,63262,M,4570500.0,317300.0,63
201200005766,12,5,22,1330,1,1,1,3.0,2,63455,M,4565300.0,316700.0,63
201200005767,12,6,27,1345,1,1,1,1.0,3,63472,M,0.0,0.0,63
201200005768,12,7,13,1015,1,2,1,1.0,3,63214,M,0.0,0.0,63
201200005769,12,9,14,1015,1,1,1,1.0,1,63282,M,4563400.0,315200.0,63
201200005770,12,9,25,1845,1,1,2,1.0,3,63350,M,0.0,0.0,63
201200005771,12,11,3,1945,3,1,3,1.0,3,63457,M,0.0,0.0,63
201200005772,12,12,15,1000,1,1,3,7.0,4,63350,M,0.0,0.0,63
201200005773,12,12,16,1715,1,2,1,2.0,7,63227,M,4569737.0,322379.0,63
201200005774,12,8,4,800,1,1,1,1.0,6,63441,M,0.0,0.0,63
201200005775,12,2,11,1445,1,1,1,8.0,7,63258,M,0.0,0.0,63
201200005776,12,8,27,1100,1,1,1,1.0,1,63132,M,0.0,0.0,63
201200005777,12,10,27,1600,1,1,1,8.0,3,63258,M,0.0,0.0,63
201200005778,12,11,25,1200,1,1,1,1.0,7,63258,M,0.0,0.0,63
201200005779,12,6,13,1645,1,1,1,1.0,7,63221,M,4540100.0,379300.0,63
201200005780,12,5,13,1815,1,1,1,1.0,1,63018,M,0.0,0.0,63
201200005781,12,6,15,1315,1,2,1,1.0,2,63178,M,4555149.0,325336.0,63
201200005782,12,6,23,1100,1,2,1,1.0,3,63178,M,4554400.0,325000.0,63
201200005783,12,6,30,1530,1,2,1,1.0,3,63178,M,4555600.0,325800.0,63
201200005784,12,7,28,815,1,1,1,9.0,6,63409,M,4554400.0,304900.0,63
201200005785,12,8,26,1015,1,1,1,1.0,7,63178,M,4560500.0,312200.0,63
201200005786,12,10,10,1500,1,1,1,1.0,7,63452,M,4557800.0,304200.0,63
201200005787,12,11,2,1000,1,2,3,1.0,3,63178,M,0.0,0.0,63
201200005788,12,11,23,1630,1,2,1,1.0,6,63178,M,4554802.0,324953.0,63
201200005789,12,12,12,1515,1,2,1,7.0,6,63178,M,0.0,0.0,63
201200005790,12,12,19,715,2,2,1,1.0,6,63178,M,4554062.0,325015.0,63
201200005791,12,3,17,130,3,2,1,1.0,7,63247,M,0.0,0.0,63
201200005792,12,5,12,1745,1,1,1,1.0,7,63144,M,0.0,0.0,63
201200005793,12,7,14,1730,1,1,1,8.0,1,63401,M,0.0,0.0,63
201200005794,12,8,11,1630,1,1,1,1.0,3,63038,M,0.0,0.0,63
201200005795,12,12,3,2300,5,2,1,3.0,1,63077,M,0.0,0.0,63
201200005796,12,2,11,1415,1,1,1,1.0,6,63287,M,0.0,0.0,63
201200005797,12,3,3,530,5,2,1,1.0,6,63050,M,4541308.0,332749.0,63
201200005798,12,6,24,1200,1,1,3,1.0,3,63091,M,0.0,0.0,63
201200005799,12,7,9,1900,1,1,6,1.0,3,63270,M,0.0,0.0,63
201200005800,12,9,12,1215,1,1,3,1.0,4,63091,M,4542300.0,329000.0,63
201200005801,12,9,14,1630,1,2,1,1.0,6,63050,M,4541700.0,333200.0,63
201200005802,12,7,5,1415,1,1,1,1.0,1,63352,M,0.0,0.0,63
201200005803,12,8,7,1700,1,2,1,1.0,6,63352,M,4547000.0,323500.0,63
201200005804,12,12,8,1730,3,1,1,4.0,5,63114,M,4544400.0,321000.0,63
201200005805,12,8,24,1545,1,1,2,1.0,3,63470,M,4587100.0,302000.0,63
201200005806,12,8,25,1530,1,2,1,1.0,6,63099,M,0.0,0.0,63
201200005807,12,9,9,1630,1,2,2,1.0,4,63470,M,0.0,0.0,63
201200005808,12,9,23,1730,1,1,2,1.0,3,63203,M,0.0,0.0,63
201200005809,12,2,18,1600,1,2,1,1.0,6,63244,M,4596590.0,316101.0,63
201200005810,12,4,9,345,3,2,1,1.0,6,63143,M,0.0,0.0,63
201200005811,12,4,17,1615,1,1,1,1.0,3,63013,M,0.0,0.0,63
201200005812,12,4,27,1445,1,1,1,2.0,5,63013,M,0.0,0.0,63
201200005813,12,4,30,800,1,1,1,1.0,6,63090,M,0.0,0.0,63
201200005814,12,5,3,745,1,2,1,1.0,3,63001,M,4602849.0,320850.0,63
201200005815,12,7,7,1945,1,2,1,1.0,7,63143,M,4604940.0,328310.0,63
201200005816,12,7,9,1515,1,2,1,1.0,5,63116,M,0.0,0.0,63
201200005817,12,7,30,930,1,1,1,1.0,1,63013,M,0.0,0.0,63
201200005818,12,9,8,930,1,1,1,1.0,7,63235,M,0.0,0.0,63
201200005819,12,11,25,615,3,1,1,1.0,1,63278,M,0.0,0.0,63
201200005820,12,2,13,2000,5,2,1,4.0,6,63148,M,4589445.0,322182.0,63
201200005821,12,3,16,1545,1,1,1,1.0,6,63387,M,4601447.0,343827.0,63
201200005822,12,3,24,1930,3,1,1,1.0,1,63089,M,4586300.0,324500.0,63
201200005823,12,4,11,1900,1,1,1,1.0,1,63322,M,4585700.0,317700.0,63
201200005824,12,7,27,1700,1,1,1,1.0,2,63322,M,0.0,0.0,63
201200005825,12,8,3,1815,1,2,1,1.0,3,63400,M,0.0,0.0,63
201200005826,12,4,7,1500,1,1,1,1.0,7,63363,M,4587600.0,276400.0,63
201200005827,12,4,22,1830,1,1,1,3.0,1,63382,M,4605304.0,302000.0,63
201200005828,12,7,7,1545,1,2,1,1.0,1,63187,M,4624600.0,287800.0,63
201200005829,12,9,12,1145,1,1,1,1.0,6,63338,M,0.0,0.0,63
201200005830,12,3,23,800,1,1,1,1.0,7,63151,M,4582500.0,352100.0,63
201200005831,12,1,23,1600,1,1,1,1.0,6,63249,M,0.0,0.0,63
201200005832,12,3,4,700,2,1,1,1.0,6,63195,M,4583500.0,342100.0,63
201200005833,12,4,8,1715,1,1,1,1.0,6,63131,M,4587500.0,335300.0,63
201200005834,12,5,5,1845,1,2,2,1.0,3,63195,M,4582700.0,338100.0,63
201200005835,12,8,7,1730,1,2,1,1.0,7,63195,M,0.0,0.0,63
201200005836,12,10,9,1500,1,1,1,7.0,6,63418,M,0.0,0.0,63
201200005837,12,1,21,1915,5,2,3,2.0,3,63291,M,4596063.0,346952.0,63
201200005838,12,11,26,1615,1,2,9,3.0,1,63210,M,4592500.0,334400.0,63
201200005839,12,3,10,1630,1,1,1,1.0,7,03316,M,4667800.0,323600.0,03
201200005840,12,5,2,1645,1,1,1,1.0,5,03200,M,4656100.0,330500.0,03
201200005841,12,5,4,700,1,1,1,1.0,2,03316,M,4668300.0,323000.0,03
201200005842,12,7,29,1730,1,1,1,1.0,3,03085,M,0.0,0.0,03
201200005843,12,8,17,2215,3,1,1,7.0,6,03286,M,0.0,0.0,03
201200005844,12,10,4,1645,1,1,1,1.0,7,03316,M,0.0,0.0,03
201200005845,12,10,16,1945,2,1,1,8.0,6,03286,M,0.0,0.0,03
201200005846,12,10,25,1915,3,1,1,1.0,1,03286,M,0.0,0.0,03
201200005847,12,10,27,830,2,2,1,8.0,6,03316,M,0.0,0.0,03
201200005848,12,10,16,800,1,1,1,1.0,5,03046,M,4650600.0,295000.0,03
201200005849,12,3,8,1730,1,1,1,1.0,1,03086,M,4648300.0,385300.0,03
201200005850,12,1,27,730,1,1,1,1.0,5,03207,M,0.0,0.0,03
201200005851,12,2,12,1115,1,2,1,1.0,6,03102,M,4652900.0,367800.0,03
201200005852,12,4,27,1615,1,1,1,8.0,1,03173,M,4648800.0,393100.0,03
201200005853,12,5,14,1630,1,1,1,1.0,5,03102,M,4654400.0,365700.0,03
201200005854,12,8,31,1730,1,2,1,1.0,3,03102,M,4652000.0,368800.0,03
201200005855,12,10,29,1430,1,1,1,1.0,6,03238,M,4650200.0,300000.0,03
201200005856,12,1,4,2115,3,1,1,1.0,7,03025,M,4648400.0,333000.0,03
201200005857,12,4,18,1630,1,1,1,2.0,7,03074,M,4661500.0,356200.0,03
201200005858,12,6,6,1830,1,1,9,1.0,3,03120,M,4664200.0,366000.0,03
201200005859,12,6,20,1700,1,1,1,1.0,1,03156,M,0.0,0.0,03
201200005860,12,7,12,1145,1,1,2,1.0,3,03234,M,4639200.0,336000.0,03
201200005861,12,8,22,1945,1,1,1,1.0,5,03180,M,4651900.0,346400.0,03
201200005862,12,9,17,1245,1,1,2,1.0,3,03197,M,4643200.0,345100.0,03
201200005863,12,9,20,1030,1,1,1,7.0,3,03180,M,4653300.0,349900.0,03
201200005864,12,3,5,1700,1,1,1,1.0,5,03254,M,4631900.0,326400.0,03
201200005865,12,6,12,500,3,1,1,1.0,7,03018,M,4625800.0,327900.0,03
201200005866,12,10,4,845,1,1,1,1.0,7,03038,M,4631900.0,322300.0,03
201200005867,12,10,17,1945,3,1,1,1.0,7,03294,M,0.0,0.0,03
201200005868,12,12,12,1130,1,1,1,7.0,1,03254,M,0.0,0.0,03
201200005869,12,12,16,2000,5,2,1,8.0,6,03112,M,4622500.0,322900.0,03
201200005870,12,1,17,1300,1,1,9,1.0,1,03099,M,4640700.0,304800.0,03
201200005871,12,5,20,1045,1,1,1,2.0,7,03073,M,4648300.0,332800.0,03
201200005872,12,7,9,1515,1,1,1,1.0,1,03099,M,4636700.0,309800.0,03
201200005873,12,7,14,1515,1,1,1,1.0,1,03247,M,4659900.0,311900.0,03
201200005874,12,8,3,1730,2,1,1,1.0,7,03162,M,0.0,0.0,03
201200005875,12,10,4,845,1,1,1,8.0,2,03292,M,0.0,0.0,03
201200005876,12,1,4,1730,2,1,1,1.0,7,03145,M,0.0,0.0,03
201200005877,12,4,6,2145,3,1,1,1.0,7,03055,M,0.0,0.0,03
201200005878,12,9,21,1515,1,1,1,2.0,1,03195,M,4629400.0,271100.0,03
201200005879,12,11,29,1715,3,1,1,2.0,2,03305,M,0.0,0.0,03
201200005880,12,6,26,1400,1,1,1,2.0,7,03003,M,0.0,0.0,03
201200005881,12,3,3,300,3,1,1,1.0,6,03129,M,4628500.0,282900.0,03
201200005882,12,8,9,2045,1,2,1,1.0,6,03082,M,4629500.0,274400.0,03
201200005883,12,12,30,1100,1,1,1,1.0,1,03161,M,0.0,0.0,03
201200005884,12,11,11,845,3,1,1,9.0,6,03301,M,0.0,0.0,03
201200005885,12,1,20,2330,5,2,1,1.0,6,03315,M,4640100.0,285700.0,03
201200005886,12,2,15,1000,1,1,1,5.0,2,03186,M,0.0,0.0,03
201200005887,12,2,19,315,3,1,1,1.0,6,03315,M,0.0,0.0,03
201200005888,12,4,30,1815,1,1,1,1.0,1,03097,M,0.0,0.0,03
201200005889,12,7,23,2015,1,1,3,1.0,3,03189,M,0.0,0.0,03
201200005890,12,9,9,1000,1,1,1,1.0,3,03020,M,4628200.0,288100.0,03
201200005891,12,9,18,1245,1,1,1,1.0,1,03186,M,0.0,0.0,03
201200005892,12,11,2,2000,3,1,1,2.0,1,03097,M,4639200.0,279800.0,03
201200005893,12,1,8,1245,1,1,1,8.0,1,03258,M,0.0,0.0,03
201200005894,12,3,15,2230,3,1,1,1.0,6,03126,M,0.0,0.0,03
201200005895,12,3,16,1115,1,2,1,1.0,1,03157,M,0.0,0.0,03
201200005896,12,4,7,2015,1,2,1,1.0,6,03236,M,0.0,0.0,03
201200005897,12,4,11,1430,1,1,1,3.0,6,03056,M,0.0,0.0,03
201200005898,12,4,17,200,3,1,1,1.0,3,03093,M,0.0,0.0,03
201200005899,12,5,7,1130,1,2,1,1.0,1,03029,M,0.0,0.0,03
201200005900,12,6,27,1215,1,2,1,1.0,3,03264,M,0.0,0.0,03
201200005901,12,9,7,1915,1,2,1,1.0,1,03264,M,0.0,0.0,03
201200005902,12,10,5,1345,1,1,1,1.0,3,03033,M,0.0,0.0,03
201200005903,12,2,7,2315,3,1,1,8.0,6,03268,M,0.0,0.0,03
201200005904,12,3,28,1630,1,2,1,1.0,5,03164,M,0.0,0.0,03
201200005905,12,10,18,630,3,1,1,1.0,7,03133,M,0.0,0.0,03
201200005906,12,4,10,830,1,1,1,1.0,6,03017,M,4627300.0,373200.0,03
201200005907,12,5,2,915,1,1,1,1.0,1,03138,M,0.0,0.0,03
201200005908,12,5,23,745,2,1,1,8.0,6,03291,M,4634600.0,358000.0,03
201200005909,12,6,16,1200,1,1,1,1.0,3,03226,M,4637700.0,386600.0,03
201200005910,12,8,13,1130,1,1,1,1.0,7,03071,M,0.0,0.0,03
201200005911,12,8,15,1845,1,2,1,8.0,7,03138,M,4625300.0,363800.0,03
201200005912,12,8,24,930,1,1,1,2.0,6,03257,M,0.0,0.0,03
201200005913,12,9,24,1615,1,1,1,1.0,1,03144,M,4639500.0,373700.0,03
201200005914,12,9,22,1445,1,1,1,2.0,7,03024,M,4634400.0,369200.0,03
201200005915,12,11,9,1830,3,1,1,1.0,1,03230,M,4621400.0,354500.0,03
201200005916,12,7,7,745,2,1,1,1.0,7,03113,M,4603900.0,364600.0,03
201200005917,12,7,13,915,1,1,1,8.0,1,03113,M,4603900.0,364600.0,03
201200005918,12,4,7,500,3,1,1,1.0,6,03235,M,0.0,0.0,03
201200005919,12,9,26,645,5,2,1,2.0,2,03298,M,4632800.0,339200.0,03
201200005920,12,10,18,1330,1,1,2,1.0,3,03298,M,4633700.0,341200.0,03
201200005921,12,4,20,1345,1,1,1,1.0,3,15228,M,4495200.0,210800.0,15
201200005922,12,5,27,1615,1,1,1,1.0,6,15140,M,4495200.0,241600.0,15
201200005923,12,6,11,830,1,1,1,2.0,6,15221,M,4488800.0,233700.0,15
201200005924,12,7,3,830,1,1,1,1.0,2,15267,M,4494000.0,239200.0,15
201200005925,12,1,24,1845,5,2,1,1.0,6,15122,M,4471700.0,219900.0,15
201200005926,12,2,10,1945,2,1,1,9.0,1,15181,M,4469300.0,223000.0,15
201200005927,12,6,4,1045,1,1,1,1.0,1,15157,M,0.0,0.0,15
201200005928,12,6,6,800,1,1,1,1.0,6,15157,M,4475700.0,219200.0,15
201200005929,12,9,2,400,4,1,1,1.0,6,15268,M,0.0,0.0,15
201200005930,12,9,10,1000,1,2,1,1.0,6,15122,M,0.0,0.0,15
201200005931,12,9,28,2115,5,2,1,1.0,6,15122,M,0.0,0.0,15
201200005932,12,10,26,1300,1,1,1,3.0,1,15184,M,0.0,0.0,15
201200005933,12,5,19,1300,1,1,2,1.0,3,15084,M,4475000.0,248900.0,15