Num_Acc,an,mois,jour,hrmn,lum,agg,int,atm,col,com,gps,lat,long,dep
201200005934,12,7,21,1630,1,1,1,1.0,6,15029,M,0.0,0.0,15
201200005935,12,8,6,1645,1,1,1,1.0,1,15087,M,4477600.0,246000.0,15
201200005936,12,8,11,1300,1,2,1,1.0,3,15090,M,0.0,0.0,15
201200005937,12,8,16,1100,1,1,1,1.0,6,15090,M,0.0,0.0,15
201200005938,12,1,14,2015,3,1,1,1.0,7,15074,M,0.0,0.0,15
201200005939,12,2,4,930,1,2,8,1.0,3,15266,M,0.0,0.0,15
201200005940,12,2,17,1645,1,2,1,1.0,6,15154,M,0.0,0.0,15
201200005941,12,4,16,1545,1,1,1,1.0,1,15236,M,4501700.0,267400.0,15
201200005942,12,6,17,215,3,1,1,1.0,6,15028,M,0.0,0.0,15
201200005943,12,6,30,1630,1,1,1,1.0,1,15074,M,0.0,0.0,15
201200005944,12,10,4,930,1,2,1,1.0,6,15258,M,4498400.0,262500.0,15
201200005945,12,2,4,1030,1,2,1,7.0,6,15036,M,0.0,0.0,15
201200005946,12,2,27,2100,5,1,1,1.0,6,15046,M,4517600.0,228300.0,15
201200005947,12,7,31,715,1,1,1,7.0,2,15018,M,4515500.0,226000.0,15
201200005948,12,8,12,100,3,1,1,1.0,7,15003,M,0.0,0.0,15
201200005949,12,9,10,1915,1,1,1,1.0,7,15063,M,4519200.0,240400.0,15
201200005950,12,10,27,2230,5,2,1,4.0,6,15153,M,4512200.0,234200.0,15
201200005951,12,6,23,1500,1,1,1,7.0,7,15162,M,0.0,0.0,15
201200005952,12,7,7,1330,1,1,1,1.0,5,15006,M,0.0,0.0,15
201200005953,12,11,10,1100,1,1,1,2.0,3,15063,M,0.0,0.0,15
201200005954,12,11,22,2105,3,1,1,1.0,5,15176,M,4508900.0,243100.0,15
201200005955,12,3,23,1645,1,1,1,1.0,3,15008,M,4535400.0,254900.0,15
201200005956,12,5,5,515,3,1,1,1.0,2,15037,M,4535000.0,238900.0,15
201200005957,12,5,27,1900,1,2,7,8.0,3,15169,M,4533900.0,248100.0,15
201200005958,12,9,29,1730,1,1,1,8.0,6,15037,M,0.0,0.0,15
201200005959,12,10,13,500,3,1,1,1.0,6,15038,M,4539600.0,255500.0,15
201200005960,12,7,27,1430,1,1,1,1.0,3,15164,M,4505000.0,304900.0,15
201200005961,12,9,1,930,1,2,1,1.0,1,15187,M,4504500.0,308100.0,15
201200005962,12,9,27,1500,1,1,1,2.0,7,15187,M,4503800.0,307700.0,15
201200005963,12,12,4,1330,1,1,1,6.0,6,15031,M,4512200.0,294800.0,15
201200005964,12,3,31,2200,3,1,1,1.0,6,15044,M,4513400.0,284400.0,15
201200005965,12,8,11,1500,1,1,1,1.0,7,15099,M,4493000.0,307900.0,15
201200005966,12,2,28,1815,1,1,1,1.0,1,43036,M,0.0,0.0,43
201200005967,12,3,27,1745,1,2,1,1.0,5,43174,M,0.0,0.0,43
201200005968,12,4,28,1145,1,1,1,1.0,1,43124,M,0.0,0.0,43
201200005969,12,5,5,530,3,1,1,1.0,7,43197,M,0.0,0.0,43
201200005970,12,7,8,330,3,1,1,1.0,6,43238,M,0.0,0.0,43
201200005971,12,8,23,1800,1,1,1,1.0,3,43036,M,4510700.0,377500.0,43
201200005972,12,9,16,1845,1,1,1,7.0,2,43233,M,4506000.0,380000.0,43
201200005973,12,10,27,1400,1,1,1,1.0,7,43174,M,4499500.0,383500.0,43
201200005974,12,11,23,300,3,1,1,1.0,7,43084,M,4498300.0,385800.0,43
201200005975,12,12,22,900,1,1,1,1.0,1,43018,M,0.0,0.0,43
201200005976,12,2,10,1730,2,2,1,1.0,6,43241,M,4497000.0,388800.0,43
201200005977,12,5,28,1615,1,1,1,1.0,4,43111,M,4487900.0,384800.0,43
201200005978,12,6,16,1900,1,1,1,1.0,7,43168,M,0.0,0.0,43
201200005979,12,11,8,1300,1,1,1,1.0,6,43039,M,0.0,0.0,43
201200005980,12,3,10,615,2,1,1,1.0,1,43010,M,4500000.0,394300.0,43
201200005981,12,6,8,1730,1,1,1,1.0,3,43135,M,4495400.0,400900.0,43
201200005982,12,7,2,1545,1,1,1,1.0,1,43186,M,0.0,0.0,43
201200005983,12,7,29,500,3,1,1,1.0,6,43078,M,4499100.0,390900.0,43
201200005984,12,8,2,1530,1,2,1,1.0,3,43010,M,4499400.0,394400.0,43
201200005985,12,12,18,730,2,1,1,1.0,6,43010,M,0.0,0.0,43
201200005986,12,1,12,1415,1,1,1,1.0,1,43181,M,4507500.0,400000.0,43
201200005987,12,1,20,1630,1,1,1,2.0,1,43061,M,4509300.0,391200.0,43
201200005988,12,2,17,2230,3,1,1,1.0,6,43134,M,0.0,0.0,43
201200005989,12,5,31,1615,1,1,1,1.0,5,43061,M,0.0,0.0,43
201200005990,12,6,9,1600,1,2,1,1.0,3,43267,M,0.0,0.0,43
201200005991,12,8,12,1215,1,1,1,7.0,6,43165,M,4514100.0,397700.0,43
201200005992,12,10,24,1345,1,1,1,1.0,7,43119,M,0.0,0.0,43
201200005993,12,10,26,1730,1,1,1,2.0,7,43164,M,0.0,0.0,43
201200005994,12,12,21,1845,3,1,1,2.0,6,43267,M,0.0,0.0,43
201200005995,12,1,29,1815,3,1,1,4.0,7,43005,M,0.0,0.0,43
201200005996,12,2,4,1915,3,1,1,9.0,6,43190,M,4505300.0,392900.0,43
201200005997,12,7,16,1915,1,1,1,1.0,4,43113,M,0.0,0.0,43
201200005998,12,2,25,1615,1,1,1,1.0,6,43080,M,4535300.0,387000.0,43
201200005999,12,4,17,1845,1,1,1,1.0,6,43023,M,4529300.0,384300.0,43
201200006000,12,5,4,845,1,1,1,1.0,1,43187,M,0.0,0.0,43
201200006001,12,5,12,945,1,2,1,8.0,6,43080,M,4533500.0,384500.0,43
201200006002,12,7,15,1745,1,1,1,1.0,3,43043,M,0.0,0.0,43
201200006003,12,7,23,1215,1,1,2,1.0,3,43216,M,4510800.0,381300.0,43
201200006004,12,8,3,1545,1,1,1,1.0,3,43043,M,4517400.0,374000.0,43
201200006005,12,8,8,2100,2,1,1,1.0,6,43252,M,4517400.0,363600.0,43
201200006006,12,8,20,1500,1,1,1,1.0,7,43026,M,4522800.0,383500.0,43
201200006007,12,9,19,1730,1,1,1,1.0,7,43071,M,4524700.0,382200.0,43
201200006008,12,11,22,1745,3,1,1,1.0,6,43216,M,4511000.0,381400.0,43
201200006009,12,11,23,1215,1,1,1,1.0,3,43043,M,4517400.0,374000.0,43
201200006010,12,11,27,1945,3,1,1,2.0,6,43026,M,4520400.0,382100.0,43
201200006011,12,12,28,1345,1,1,1,1.0,7,43122,M,4516000.0,376600.0,43
201200006012,12,4,1,45,3,1,1,1.0,7,43262,M,0.0,0.0,43
201200006013,12,4,17,1430,1,1,6,1.0,1,43040,M,4530400.0,340100.0,43
201200006014,12,6,8,1245,1,2,1,1.0,2,43040,M,4529700.0,338300.0,43
201200006015,12,8,31,2145,3,1,1,1.0,7,43207,M,4527700.0,335200.0,43
201200006016,12,10,24,1815,2,1,1,1.0,5,43207,M,4528000.0,334300.0,43
201200006017,12,11,9,1830,5,2,1,1.0,1,43040,M,4529900.0,338000.0,43
201200006018,12,12,9,330,5,2,1,1.0,6,43040,M,4529300.0,337200.0,43
201200006019,12,1,12,1445,1,2,1,1.0,6,43112,M,4510000.0,349700.0,43
201200006020,12,3,21,1515,1,1,1,1.0,1,43112,M,0.0,0.0,43
201200006021,12,6,8,2330,3,1,1,1.0,3,43132,M,0.0,0.0,43
201200006022,12,8,13,2100,5,2,1,1.0,6,43112,M,4510000.0,349000.0,43
201200006023,12,8,25,930,1,2,1,1.0,6,43112,M,4510000.0,348000.0,43
201200006024,12,11,14,1045,1,2,1,1.0,6,43112,M,0.0,0.0,43
201200006025,12,2,24,2015,5,2,2,1.0,3,43148,M,0.0,0.0,43
201200006026,12,3,25,30,5,2,1,1.0,7,43185,M,0.0,0.0,43
201200006027,12,5,27,1145,1,1,1,1.0,3,43123,M,0.0,0.0,43
201200006028,12,6,5,1715,1,1,1,1.0,1,43170,M,0.0,0.0,43
201200006029,12,6,28,1430,1,1,1,1.0,6,43185,M,0.0,0.0,43
201200006030,12,7,5,1430,1,1,1,1.0,5,43038,M,0.0,0.0,43
201200006031,12,7,4,1700,1,1,1,1.0,1,43170,M,0.0,0.0,43
201200006032,12,6,15,1000,1,2,1,1.0,6,43268,M,4515000.0,412800.0,43
201200006033,12,7,14,1745,1,1,1,1.0,3,43268,M,4513700.0,413900.0,43
201200006034,12,8,30,1930,1,1,1,1.0,6,43240,M,4526000.0,398400.0,43
201200006035,12,10,21,615,5,2,1,1.0,6,43268,M,4515300.0,412899.0,43
201200006036,12,4,21,815,1,1,6,1.0,7,43137,M,0.0,0.0,43
201200006037,12,4,23,1830,1,1,1,1.0,7,43127,M,0.0,0.0,43
201200006038,12,6,14,1645,1,1,1,1.0,5,43020,M,0.0,0.0,43
201200006039,12,8,26,1500,1,1,1,1.0,3,43058,M,0.0,0.0,43
201200006040,12,10,20,1815,2,1,1,1.0,2,43249,M,0.0,0.0,43
201200006041,12,11,14,45,3,1,1,1.0,6,43058,M,0.0,0.0,43
201200006042,12,11,24,1445,1,2,1,1.0,3,43012,M,0.0,0.0,43
201200006043,12,12,3,1645,1,2,1,1.0,6,43137,M,0.0,0.0,43
201200006044,12,12,10,1615,1,2,1,1.0,6,43020,M,0.0,0.0,43
201200006045,12,5,1,1030,1,2,1,1.0,1,43224,M,0.0,0.0,43
201200006046,12,6,18,700,2,1,1,7.0,1,43224,M,0.0,0.0,43
201200006047,12,9,12,1700,1,1,1,1.0,3,43224,M,0.0,0.0,43
201200006048,12,10,6,1430,1,1,1,1.0,1,43224,M,4544700.0,433500.0,43
201200006049,12,2,10,1545,1,1,1,1.0,3,43159,M,4518000.0,429500.0,43
201200006050,12,2,29,1215,1,1,1,1.0,6,43051,M,4508100.0,429900.0,43
201200006051,12,5,11,2245,3,2,1,1.0,7,43114,M,4517300.0,426700.0,43
201200006052,12,5,25,1230,1,1,1,1.0,3,43087,M,4521700.0,437300.0,43
201200006053,12,6,18,800,1,1,1,1.0,3,43244,M,4512900.0,429000.0,43
201200006054,12,7,19,2130,2,1,1,1.0,6,43114,M,4517300.0,422900.0,43
201200006055,12,9,25,515,3,1,1,1.0,6,43114,M,0.0,0.0,43
201200006056,12,10,7,500,5,2,1,2.0,1,43141,M,4518900.0,431100.0,43
201200006057,12,1,6,1820,3,1,1,1.0,5,03140,M,,,03
201200006058,12,1,16,1755,5,2,3,1.0,6,03185,M,,,03
201200006059,12,1,22,220,4,1,3,1.0,3,03262,M,,,03
201200006060,12,2,18,230,5,2,1,1.0,7,03185,M,,,03
201200006061,12,3,2,40,5,2,1,5.0,6,03101,M,,,03
201200006062,12,3,3,1720,1,1,1,1.0,6,03140,M,,,03
201200006063,12,3,25,1035,1,2,3,1.0,6,03185,M,,,03
201200006064,12,3,26,2200,5,2,1,1.0,7,03262,M,,,03
201200006065,12,4,28,1055,1,1,3,1.0,3,03101,M,,,03
201200006066,12,5,9,1420,1,2,1,1.0,6,03185,M,,,03
201200006067,12,5,17,1430,1,2,3,1.0,3,03185,M,,,03
201200006068,12,5,18,2120,5,2,1,1.0,6,03185,M,,,03
201200006069,12,5,30,610,1,2,2,1.0,3,03185,M,,,03
201200006070,12,6,21,2255,5,2,1,1.0,1,03185,M,,,03
201200006071,12,6,22,1825,1,2,1,1.0,3,03185,M,,,03
201200006072,12,7,11,1425,1,2,1,1.0,2,03185,M,,,03
201200006073,12,8,8,750,1,2,2,1.0,3,03140,M,,,03
201200006074,12,8,9,1400,1,2,1,1.0,3,03211,M,,,03
201200006075,12,8,25,1150,1,2,1,1.0,6,03185,M,,,03
201200006076,12,8,27,2105,5,2,1,1.0,3,03185,M,,,03
201200006077,12,9,12,1500,1,2,1,1.0,6,03185,M,,,03
201200006078,12,9,28,1305,1,2,6,1.0,3,03185,M,,,03
201200006079,12,9,28,1930,1,2,1,1.0,3,03185,M,,,03
201200006080,12,10,5,1345,1,2,1,1.0,2,03185,M,,,03
201200006081,12,10,10,930,1,2,2,1.0,3,03185,M,,,03
201200006082,12,10,13,1555,1,2,6,1.0,3,03185,M,,,03
201200006083,12,10,17,1840,2,2,1,1.0,6,03185,M,,,03
201200006084,12,10,20,1015,1,2,2,1.0,6,03185,M,,,03
201200006085,12,11,16,1840,5,2,1,1.0,6,03185,M,,,03
201200006086,12,11,16,2105,3,1,1,5.0,7,03262,M,,,03
201200006087,12,11,18,1520,1,2,2,1.0,3,03185,M,,,03
201200006088,12,11,26,901,1,1,1,1.0,3,03101,M,,,03
201200006089,12,1,8,850,1,2,1,8.0,6,03190,M,,,03
201200006090,12,7,24,1820,1,2,7,1.0,6,03190,M,,,03
201200006091,12,8,20,2046,2,2,1,1.0,6,03190,M,,,03
201200006092,12,9,3,1740,1,2,2,1.0,6,03190,M,,,03
201200006093,12,10,8,1405,1,1,9,2.0,2,03321,M,,,03
201200006094,12,1,2,715,5,1,1,3.0,1,57543,M,0.0,0.0,57
201200006095,12,1,23,715,2,2,1,8.0,7,57622,M,0.0,0.0,57
201200006096,12,2,6,1930,5,2,1,1.0,2,57134,M,0.0,0.0,57
201200006097,12,3,7,1015,1,1,1,1.0,7,57017,M,0.0,0.0,57
201200006098,12,5,24,1645,1,1,2,1.0,3,57707,M,0.0,0.0,57
201200006099,12,6,13,745,2,2,1,2.0,6,57543,M,0.0,0.0,57
201200006100,12,6,20,830,1,1,2,2.0,3,57707,M,0.0,0.0,57
201200006101,12,6,18,1515,1,1,1,1.0,6,57620,M,0.0,0.0,57
201200006102,12,7,11,2245,3,1,1,1.0,6,57543,M,0.0,0.0,57
201200006103,12,8,14,1615,1,1,2,1.0,3,57415,M,0.0,0.0,57
201200006104,12,10,1,1800,1,1,1,8.0,1,57543,M,0.0,0.0,57
201200006105,12,11,3,515,3,1,1,3.0,7,57707,M,0.0,0.0,57
201200006106,12,12,29,2230,5,2,1,1.0,6,57634,M,4915618.0,611110.0,57
201200006107,12,1,19,800,2,2,1,2.0,6,57350,M,4905771.0,607488.0,57
201200006108,12,1,24,1645,1,2,1,1.0,6,57032,M,0.0,0.0,57
201200006109,12,2,8,2230,3,1,1,9.0,7,57030,M,4898362.0,604690.0,57
201200006110,12,2,29,530,2,1,1,8.0,6,57254,M,4906148.0,598366.0,57
201200006111,12,3,13,1515,1,1,1,1.0,7,57416,M,0.0,0.0,57
201200006112,12,3,27,2230,3,1,1,1.0,2,57030,M,4898157.0,604734.0,57
201200006113,12,5,14,830,1,2,1,1.0,6,57039,M,4905892.0,612067.0,57
201200006114,12,5,16,1800,1,2,1,1.0,1,57350,M,0.0,0.0,57
201200006115,12,7,11,730,1,1,1,1.0,2,57032,M,0.0,0.0,57
201200006116,12,9,16,1900,2,1,1,1.0,7,57254,M,0.0,0.0,57
201200006117,12,1,4,1745,2,2,1,1.0,6,57433,M,0.0,0.0,57
201200006118,12,3,6,1245,1,2,1,1.0,3,57663,M,4923512.0,617240.0,57
201200006119,12,3,8,1445,1,2,1,1.0,1,57663,M,4907638.0,614664.0,57
201200006120,12,5,13,1830,1,1,1,7.0,6,57511,M,4918152.0,611224.0,57
201200006121,12,5,26,1415,1,2,1,1.0,6,57663,M,0.0,0.0,57
201200006122,12,5,21,1300,1,2,1,1.0,6,57433,M,0.0,0.0,57
201200006123,12,6,27,1545,1,1,9,1.0,6,57663,M,0.0,0.0,57
201200006124,12,9,21,1015,1,2,1,1.0,1,57663,M,0.0,0.0,57
201200006125,12,9,27,1545,1,2,1,1.0,2,57211,M,0.0,0.0,57
201200006126,12,11,30,1815,3,1,6,1.0,3,57433,M,4921800.0,611800.0,57
201200006127,12,12,14,1800,5,2,1,2.0,6,57433,M,0.0,0.0,57
201200006128,12,1,11,100,3,1,1,5.0,6,57656,M,0.0,0.0,57
201200006129,12,1,13,800,2,1,2,9.0,3,57055,M,0.0,0.0,57
201200006130,12,6,12,2330,3,1,1,1.0,3,57137,M,0.0,0.0,57
201200006131,12,6,30,1915,1,2,1,1.0,1,57572,M,4900894.0,639427.0,57
201200006132,12,7,6,1930,1,1,1,1.0,1,57533,M,0.0,0.0,57
201200006133,12,7,14,1,3,1,2,3.0,1,57472,M,0.0,0.0,57
201200006134,12,8,12,315,5,2,2,1.0,3,57708,M,0.0,0.0,57
201200006135,12,8,28,1600,1,1,1,1.0,7,57162,M,0.0,0.0,57
201200006136,12,11,22,700,2,2,1,5.0,7,57534,M,4907716.0,623306.0,57
201200006137,12,12,2,330,3,1,1,4.0,6,57127,M,0.0,0.0,57
201200006138,12,3,21,1745,1,1,2,1.0,5,57736,M,0.0,0.0,57
201200006139,12,4,28,1200,1,1,1,1.0,7,57125,M,0.0,0.0,57
201200006140,12,5,30,1130,1,1,1,1.0,2,57612,M,0.0,0.0,57
201200006141,12,6,8,900,1,1,1,1.0,5,57043,M,0.0,0.0,57
201200006142,12,7,23,1415,1,1,1,1.0,1,57121,M,0.0,0.0,57
201200006143,12,8,8,1830,1,1,1,1.0,3,57736,M,0.0,0.0,57
201200006144,12,8,22,1200,1,1,3,1.0,3,57028,M,0.0,0.0,57
201200006145,12,8,23,1600,1,1,1,1.0,6,57043,M,0.0,0.0,57
201200006146,12,8,30,730,1,1,1,1.0,1,57649,M,0.0,0.0,57
201200006147,12,9,17,1415,1,2,3,1.0,3,57510,M,0.0,0.0,57
201200006148,12,10,19,2315,3,1,1,1.0,6,57024,M,0.0,0.0,57
201200006149,12,12,6,2030,3,1,1,8.0,7,57607,M,0.0,0.0,57
201200006150,12,12,10,2115,3,1,6,1.0,3,57043,M,4924188.0,618115.0,57
201200006151,12,2,8,815,1,1,1,4.0,1,57312,M,4915900.0,647900.0,57
201200006152,12,3,21,1615,1,2,1,1.0,6,57097,M,4918343.0,648978.0,57
201200006153,12,5,26,515,2,1,1,1.0,1,57070,M,0.0,0.0,57
201200006154,12,6,2,930,1,1,1,1.0,1,57097,M,0.0,0.0,57
201200006155,12,7,21,1330,1,1,1,3.0,1,57502,M,0.0,0.0,57
201200006156,12,8,25,1145,1,1,1,1.0,6,57149,M,0.0,0.0,57
201200006157,12,9,3,1900,1,1,1,1.0,1,57097,M,0.0,0.0,57
201200006158,12,10,21,945,1,2,1,1.0,6,57097,M,0.0,0.0,57
201200006159,12,12,1,1830,3,1,1,1.0,1,57705,M,0.0,0.0,57
201200006160,12,12,28,1500,1,1,2,2.0,3,57471,M,0.0,0.0,57
201200006161,12,1,1,1830,3,1,2,2.0,3,57550,M,0.0,0.0,57
201200006162,12,5,26,2030,1,1,1,1.0,7,57720,M,0.0,0.0,57
201200006163,12,1,14,1845,5,1,1,1.0,7,57159,M,0.0,0.0,57
201200006164,12,1,23,2030,3,1,1,1.0,4,57209,M,0.0,0.0,57
201200006165,12,4,6,1100,1,1,1,1.0,6,57413,M,0.0,0.0,57
201200006166,12,5,1,1645,1,1,1,1.0,6,57549,M,4903922.0,664297.0,57
201200006167,12,5,16,1700,1,2,3,1.0,3,57085,M,0.0,0.0,57
201200006168,12,8,25,1730,1,1,1,1.0,3,57276,M,0.0,0.0,57
201200006169,12,10,27,915,1,1,1,8.0,1,57319,M,0.0,0.0,57
201200006170,12,3,17,1115,1,1,1,1.0,7,57625,M,0.0,0.0,57
201200006171,12,4,1,1530,1,1,1,1.0,7,57010,M,4890200.0,634900.0,57
201200006172,12,5,28,2245,3,1,1,1.0,2,57399,M,0.0,0.0,57
201200006173,12,6,21,1745,1,1,1,1.0,1,57126,M,0.0,0.0,57
201200006174,12,7,3,1130,1,2,1,1.0,1,57183,M,0.0,0.0,57
201200006175,12,7,31,615,2,1,1,2.0,6,57126,M,0.0,0.0,57
201200006176,12,6,10,1730,1,1,1,1.0,1,57493,M,4879629.0,666966.0,57
201200006177,12,9,9,2045,3,1,3,1.0,3,57232,M,0.0,0.0,57
201200006178,12,12,3,1430,1,1,1,4.0,1,57011,M,0.0,0.0,57
201200006179,12,3,18,2115,5,1,4,2.0,3,57058,M,0.0,0.0,57
201200006180,12,5,17,1900,1,1,1,1.0,5,57596,M,0.0,0.0,57
201200006181,12,6,19,1000,1,2,1,1.0,2,57058,M,4917218.0,693392.0,57
201200006182,12,7,10,1845,1,2,1,1.0,6,57058,M,4917359.0,692847.0,57
201200006183,12,7,27,1330,1,1,1,1.0,3,57665,M,0.0,0.0,57
201200006184,12,8,16,1845,1,2,1,1.0,1,57144,M,0.0,0.0,57
201200006185,12,11,1,330,3,1,1,1.0,1,57061,M,4914500.0,684000.0,57
201200006186,12,6,19,1915,1,1,1,2.0,1,57088,M,0.0,0.0,57
201200006187,12,7,3,1345,1,1,1,1.0,3,57239,M,4899900.0,677900.0,57
201200006188,12,7,19,215,5,2,1,1.0,6,57483,M,0.0,0.0,57
201200006189,12,11,15,1145,1,2,1,1.0,7,57483,M,4892670.0,665293.0,57
201200006190,12,3,10,1715,1,1,1,1.0,7,57556,M,0.0,0.0,57
201200006191,12,3,30,1715,1,1,1,1.0,7,57628,M,0.0,0.0,57
201200006192,12,5,25,1500,1,2,1,1.0,6,57628,M,0.0,0.0,57
201200006193,12,6,27,1400,1,2,1,1.0,1,57571,M,4903859.0,693583.0,57
201200006194,12,8,28,1900,1,1,1,1.0,6,57264,M,0.0,0.0,57
201200006195,12,1,10,1315,1,1,1,1.0,7,57241,M,0.0,0.0,57
201200006196,12,1,19,2000,3,1,1,3.0,5,57377,M,0.0,0.0,57
201200006197,12,4,15,1915,1,2,1,2.0,6,57374,M,4859800.0,701500.0,57
201200006198,12,5,11,2100,4,1,1,1.0,7,57382,M,0.0,0.0,57
201200006199,12,5,31,1600,1,1,1,1.0,7,57623,M,0.0,0.0,57
201200006200,12,10,9,845,2,1,1,3.0,7,57253,M,0.0,0.0,57
201200006201,12,10,24,1630,1,1,1,1.0,5,57320,M,0.0,0.0,57
201200006202,12,12,31,1500,1,1,1,1.0,1,57320,M,0.0,0.0,57
201200006203,12,2,18,1530,1,1,1,8.0,6,57468,M,0.0,0.0,57
201200006204,12,4,18,1445,1,1,1,1.0,1,57163,M,0.0,0.0,57
201200006205,12,6,23,1515,1,2,1,1.0,1,57407,M,0.0,0.0,57
201200006206,12,12,15,1730,3,1,1,2.0,1,57468,M,0.0,0.0,57
201200006207,12,3,12,1100,1,1,3,1.0,1,57589,M,0.0,0.0,57
201200006208,12,5,25,2200,3,1,1,1.0,7,57631,M,4981800.0,711700.0,57
201200006209,12,5,31,700,1,2,1,1.0,1,57261,M,4906949.0,721073.0,57
201200006210,12,6,3,1530,1,2,3,1.0,3,57355,M,0.0,0.0,57
201200006211,12,6,7,1515,1,1,1,1.0,1,57535,M,0.0,0.0,57
201200006212,12,7,10,1115,1,1,1,1.0,6,57093,M,0.0,0.0,57
201200006213,12,9,21,2115,3,1,1,3.0,1,57260,M,0.0,0.0,57
201200006214,12,10,29,1930,3,1,1,2.0,1,57092,M,0.0,0.0,57
201200006215,12,11,9,1745,3,1,1,2.0,3,57260,M,0.0,0.0,57
201200006216,12,1,1,700,3,1,1,1.0,6,57089,M,0.0,0.0,57
201200006217,12,8,11,1000,1,1,1,1.0,1,57188,M,0.0,0.0,57
201200006218,12,3,6,430,5,2,6,1.0,6,57242,M,0.0,0.0,57
201200006219,12,3,23,1015,1,2,1,1.0,6,57206,M,4930639.0,610364.0,57
201200006220,12,7,7,1,3,1,1,1.0,7,57206,M,0.0,0.0,57
201200006221,12,7,15,2230,5,2,3,1.0,1,57206,M,4930212.0,610555.0,57
201200006222,12,7,30,1900,1,2,1,1.0,6,57206,M,0.0,0.0,57
201200006223,12,8,5,1930,1,1,1,1.0,1,57206,M,0.0,0.0,57
201200006224,12,8,23,845,5,2,1,3.0,1,57206,M,0.0,0.0,57
201200006225,12,9,23,1245,1,2,1,1.0,3,57206,M,4929794.0,611027.0,57
201200006226,12,10,4,1900,1,2,1,8.0,6,57206,M,4931187.0,610953.0,57
201200006227,12,10,5,2045,5,2,1,1.0,3,57242,M,0.0,0.0,57
201200006228,12,1,13,1415,1,2,1,1.0,3,57531,M,0.0,0.0,57
201200006229,12,5,20,1830,1,1,1,1.0,6,57370,M,0.0,0.0,57
201200006230,12,6,10,1030,1,1,1,1.0,2,57269,M,0.0,0.0,57
201200006231,12,6,21,2030,1,1,1,1.0,6,57370,M,0.0,0.0,57
201200006232,12,6,23,945,1,1,1,1.0,4,57287,M,0.0,0.0,57
201200006233,12,6,23,2030,1,1,4,1.0,5,57370,M,0.0,0.0,57
201200006234,12,6,26,2145,2,2,1,1.0,7,57602,M,0.0,0.0,57
201200006235,12,7,27,2000,1,1,2,1.0,3,57602,M,0.0,0.0,57
201200006236,12,9,8,1430,1,2,3,1.0,3,57689,M,0.0,0.0,57
201200006237,12,10,25,1500,1,1,1,1.0,5,57331,M,0.0,0.0,57
201200006238,12,4,4,1800,1,2,1,1.0,3,57650,M,0.0,0.0,57
201200006239,12,4,24,1645,1,2,1,2.0,6,57341,M,0.0,0.0,57
201200006240,12,6,20,1230,1,2,1,8.0,1,57650,M,0.0,0.0,57
201200006241,12,7,14,1000,1,1,1,1.0,1,57576,M,0.0,0.0,57
201200006242,12,9,17,1215,1,2,1,1.0,6,57650,M,0.0,0.0,57
201200006243,12,9,30,1615,1,2,1,1.0,1,57585,M,0.0,0.0,57
201200006244,12,1,1,30,5,2,1,2.0,6,57582,M,0.0,0.0,57
201200006245,12,1,6,1815,3,1,1,2.0,2,57683,M,0.0,0.0,57
201200006246,12,4,8,1645,1,2,1,1.0,7,57582,M,4927651.0,616201.0,57
201200006247,12,4,13,1245,1,1,1,1.0,3,57683,M,0.0,0.0,57
201200006248,12,5,20,530,2,2,1,1.0,7,57683,M,0.0,0.0,57
201200006249,12,6,5,1815,1,2,1,1.0,6,57683,M,4930525.0,615354.0,57
201200006250,12,11,7,845,1,2,1,2.0,3,57582,M,0.0,0.0,57
201200006251,12,11,29,1615,1,1,1,2.0,6,57474,M,0.0,0.0,57
201200006252,12,6,9,1645,1,1,1,1.0,3,54369,M,4880000.0,611700.0,54
201200006253,12,8,12,600,2,1,1,1.0,6,54031,M,4882900.0,610800.0,54
201200006254,12,9,10,1845,1,1,1,1.0,1,54313,M,4887500.0,628300.0,54
201200006255,12,10,6,1530,1,1,1,1.0,1,54315,M,0.0,0.0,54
201200006256,12,11,16,2130,3,1,1,5.0,1,54024,M,4884939.0,628426.0,54
201200006257,12,2,9,1000,1,1,1,1.0,1,54006,M,4872500.0,624000.0,54
201200006258,12,3,2,1700,1,1,1,1.0,6,54296,M,0.0,0.0,54
201200006259,12,3,4,1830,2,1,1,1.0,1,54110,M,4869764.0,631892.0,54
201200006260,12,3,12,1730,1,1,1,1.0,1,54250,M,4867213.0,634819.0,54
201200006261,12,4,15,1,3,2,1,1.0,6,54089,M,4877100.0,625600.0,54
201200006262,12,5,24,545,2,1,1,5.0,3,54296,M,4873249.0,630515.0,54
201200006263,12,5,26,1245,1,1,1,1.0,3,54037,M,,,54
201200006264,12,6,15,1515,1,1,1,1.0,6,54468,M,4856500.0,631700.0,54
201200006265,12,6,21,500,2,1,6,1.0,6,54006,M,4874600.0,622000.0,54
201200006266,12,7,7,1145,1,1,1,1.0,4,54374,M,4877200.0,644000.0,54
201200006267,12,8,30,2100,3,1,1,1.0,6,54250,M,4866800.0,635600.0,54
201200006268,12,9,6,1830,2,1,1,1.0,3,54311,M,4865500.0,630300.0,54
201200006269,12,11,8,1930,2,1,1,1.0,7,54186,M,4874000.0,622500.0,54
201200006270,12,11,26,2030,3,2,1,2.0,1,54462,M,4858969.0,634249.0,54
201200006271,12,12,2,830,1,1,1,4.0,7,54296,M,4874114.0,632678.0,54
201200006272,12,12,9,1900,3,1,1,4.0,3,54345,M,4858947.0,626376.0,54
201200006273,12,12,21,1415,1,1,1,1.0,1,54462,M,4858797.0,634440.0,54
201200006274,12,2,3,730,2,2,1,1.0,3,54215,M,4876900.0,613000.0,54
201200006275,12,3,7,2100,5,2,1,3.0,6,54215,M,4876200.0,613500.0,54
201200006276,12,3,21,1630,1,2,1,1.0,3,54150,M,4879431.0,614966.0,54
201200006277,12,4,16,1430,1,1,1,1.0,3,54115,M,4872372.0,617181.0,54