Num_Acc,an,mois,jour,hrmn,lum,agg,int,atm,col,com,gps,lat,long,dep
201200006278,12,5,22,930,1,1,2,8.0,3,54090,M,4874724.0,616629.0,54
201200006279,12,6,21,1430,1,2,1,1.0,6,54430,M,0.0,0.0,54
201200006280,12,6,21,1430,1,2,1,1.0,6,54215,M,4875746.0,613752.0,54
201200006281,12,7,4,1215,1,1,1,1.0,5,54215,M,4874832.0,615312.0,54
201200006282,12,11,30,2115,3,1,1,1.0,7,54305,M,4874169.0,619185.0,54
201200006283,12,1,10,1215,1,2,1,2.0,6,54397,M,4861568.0,610923.0,54
201200006284,12,3,26,1145,1,2,1,7.0,3,54434,M,4843400.0,610200.0,54
201200006285,12,3,30,1900,1,2,1,1.0,2,54397,M,4802400.0,617400.0,54
201200006286,12,3,31,1615,1,1,3,1.0,5,54459,M,4859453.0,616077.0,54
201200006287,12,4,30,915,1,1,1,1.0,2,54352,M,4865600.0,602300.0,54
201200006288,12,5,3,1245,1,1,1,1.0,6,54352,M,4810500.0,603700.0,54
201200006289,12,5,11,1445,1,1,9,7.0,1,54109,M,4853600.0,618400.0,54
201200006290,12,6,2,1945,1,1,1,1.0,6,54513,M,4846400.0,613300.0,54
201200006291,12,6,6,2200,3,1,1,1.0,7,54442,M,4846900.0,609300.0,54
201200006292,12,6,9,1,3,1,1,1.0,3,54109,M,4853800.0,620600.0,54
201200006293,12,6,10,1500,1,1,1,1.0,6,54062,M,4851000.0,624200.0,54
201200006294,12,6,10,1515,1,1,1,1.0,6,54513,M,4847220.0,612456.0,54
201200006295,12,8,4,500,2,1,1,1.0,6,54513,M,4847901.0,614135.0,54
201200006296,12,8,11,1230,1,1,1,1.0,6,54597,M,4842800.0,616200.0,54
201200006297,12,8,15,1945,2,1,1,1.0,1,54527,M,4855610.0,622600.0,54
201200006298,12,8,17,800,1,2,1,7.0,6,54397,M,4861643.0,610504.0,54
201200006299,12,9,19,1730,1,2,1,1.0,3,54196,M,4857500.0,618300.0,54
201200006300,12,9,25,1445,1,1,1,2.0,3,54156,M,4836800.0,612300.0,54
201200006301,12,10,1,1445,1,1,1,1.0,3,54397,M,0.0,0.0,54
201200006302,12,10,6,1930,3,1,2,1.0,3,54513,M,4845700.0,612800.0,54
201200006303,12,10,17,1500,1,2,1,1.0,3,54437,M,4854394.0,613660.0,54
201200006304,12,10,19,1730,1,1,1,1.0,5,54214,M,4897600.0,618200.0,54
201200006305,12,11,9,1830,3,1,1,2.0,1,54336,M,4857760.0,606516.0,54
201200006306,12,11,30,715,3,1,1,1.0,5,54397,M,4861060.0,613900.0,54
201200006307,12,10,13,1600,1,2,1,1.0,7,54415,M,4898200.0,602100.0,54
201200006308,12,10,26,1215,1,1,1,1.0,3,54564,M,4893000.0,590000.0,54
201200006309,12,1,6,1630,1,2,6,8.0,6,03310,M,,,03
201200006310,12,1,12,935,1,2,3,1.0,6,03310,M,,,03
201200006311,12,1,20,1030,1,2,1,2.0,6,03310,M,,,03
201200006312,12,2,14,2310,5,2,3,4.0,6,03310,M,,,03
201200006313,12,2,22,1710,1,2,2,1.0,3,03095,M,,,03
201200006314,12,2,25,1930,5,2,3,1.0,3,03310,M,,,03
201200006315,12,2,28,1750,1,2,1,1.0,1,03310,M,,,03
201200006316,12,3,6,1220,1,2,3,2.0,3,03310,M,,,03
201200006317,12,3,7,600,5,2,6,1.0,3,03023,M,,,03
201200006318,12,3,11,1510,1,2,1,1.0,3,03310,M,,,03
201200006319,12,3,15,2040,5,2,3,1.0,3,03310,M,,,03
201200006320,12,3,16,1705,1,2,6,1.0,3,03095,M,,,03
201200006321,12,3,18,1040,1,2,2,8.0,2,03310,M,,,03
201200006322,12,3,22,1710,1,2,2,1.0,3,03023,M,,,03
201200006323,12,4,3,1250,1,2,4,2.0,3,03310,M,,,03
201200006324,12,4,6,1820,1,2,1,1.0,7,03310,M,,,03
201200006325,12,4,15,2310,5,1,1,2.0,6,03001,M,,,03
201200006326,12,4,23,2035,5,2,2,8.0,2,03023,M,,,03
201200006327,12,4,19,1800,1,2,3,1.0,3,03310,M,,,03
201200006328,12,4,24,1720,1,2,3,1.0,6,03310,M,,,03
201200006329,12,5,10,1610,1,2,1,1.0,3,03310,M,,,03
201200006330,12,5,11,1900,1,2,1,1.0,2,03023,M,,,03
201200006331,12,5,13,1045,1,2,1,1.0,6,03095,M,,,03
201200006332,12,5,17,1550,1,2,1,1.0,2,03310,M,,,03
201200006333,12,5,19,2025,5,2,4,2.0,3,03310,M,,,03
201200006334,12,5,23,1600,1,2,1,1.0,7,03310,M,,,03
201200006335,12,5,27,1200,1,2,1,1.0,6,03310,M,,,03
201200006336,12,5,28,1200,1,2,1,1.0,3,03001,M,,,03
201200006337,12,5,30,1430,1,2,3,1.0,3,03095,M,,,03
201200006338,12,6,5,1640,1,2,3,1.0,3,03310,M,,,03
201200006339,12,6,6,1500,1,2,1,1.0,3,03023,M,,,03
201200006340,12,6,7,805,1,1,1,1.0,3,03095,M,,,03
201200006341,12,6,7,555,1,1,6,1.0,3,03023,M,,,03
201200006342,12,6,10,1400,1,2,2,2.0,3,03095,M,,,03
201200006343,12,6,9,115,5,2,6,1.0,3,03310,M,,,03
201200006344,12,6,15,1350,1,2,1,1.0,6,03095,M,,,03
201200006345,12,6,18,910,1,2,2,1.0,6,03310,M,,,03
201200006346,12,6,20,2015,1,1,1,1.0,6,03095,M,,,03
201200006347,12,6,25,900,1,1,1,2.0,4,03023,M,,,03
201200006348,12,6,20,2325,5,2,2,1.0,6,03095,M,,,03
201200006349,12,6,26,1635,1,2,1,1.0,6,03310,M,,,03
201200006350,12,6,30,1350,1,2,3,1.0,3,03310,M,,,03
201200006351,12,7,2,1110,1,2,1,1.0,6,03310,M,,,03
201200006352,12,7,3,1730,1,2,3,1.0,3,03310,M,,,03
201200006353,12,7,9,2250,5,2,6,1.0,3,03095,M,,,03
201200006354,12,7,12,830,1,2,3,8.0,5,03095,M,,,03
201200006355,12,7,15,1825,1,2,1,1.0,6,03310,M,,,03
201200006356,12,7,16,1330,1,2,3,1.0,2,03094,M,,,03
201200006357,12,7,19,1920,1,2,9,1.0,6,03310,M,,,03
201200006358,12,7,31,1640,1,2,3,1.0,3,03023,M,,,03
201200006359,12,7,31,1310,1,1,1,1.0,3,03001,M,,,03
201200006360,12,8,3,1320,1,2,2,1.0,3,03310,M,,,03
201200006361,12,8,7,1640,1,2,1,1.0,2,03095,M,,,03
201200006362,12,8,30,1930,1,1,1,8.0,7,03094,M,,,03
201200006363,12,9,12,1815,1,2,1,1.0,3,03095,M,,,03
201200006364,12,9,14,1550,1,2,3,1.0,6,03310,M,,,03
201200006365,12,9,15,1815,1,2,1,1.0,2,03023,M,,,03
201200006366,12,9,16,1945,2,1,1,1.0,7,03095,M,,,03
201200006367,12,9,21,1500,1,2,1,1.0,6,03310,M,,,03
201200006368,12,10,8,750,1,2,1,1.0,3,03023,M,,,03
201200006369,12,10,5,1240,1,2,1,1.0,6,03310,M,,,03
201200006370,12,10,6,1020,1,2,2,1.0,6,03310,M,,,03
201200006371,12,10,16,1305,1,2,6,1.0,3,03095,M,,,03
201200006372,12,10,24,1226,1,1,3,1.0,2,03001,M,,,03
201200006373,12,10,31,1700,1,2,1,1.0,3,03310,M,,,03
201200006374,12,11,2,1000,1,2,1,1.0,6,03310,M,,,03
201200006375,12,11,6,930,1,2,1,2.0,6,03310,M,,,03
201200006376,12,11,30,1730,5,2,3,1.0,6,03310,M,,,03
201200006377,12,12,4,1800,5,2,3,1.0,3,03310,M,,,03
201200006378,12,12,12,220,5,2,3,1.0,3,03310,M,,,03
201200006379,12,12,19,1845,5,2,6,1.0,3,03095,M,,,03
201200006380,12,12,23,830,1,2,2,1.0,7,03310,M,,,03
201200006381,12,12,23,1455,1,2,1,1.0,3,03001,M,,,03
201200006382,12,3,7,800,1,1,1,1.0,6,54441,M,4907800.0,588600.0,54
201200006383,12,3,16,1430,1,1,2,1.0,1,54535,M,4907885.0,590542.0,54
201200006384,12,4,19,1700,1,1,1,1.0,3,54410,M,4904342.0,594934.0,54
201200006385,12,4,23,800,1,1,1,1.0,6,54413,M,4924100.0,583200.0,54
201200006386,12,1,9,730,2,2,1,2.0,1,54337,M,4935800.0,586600.0,54
201200006387,12,2,23,845,1,1,1,1.0,1,54342,M,4927500.0,589700.0,54
201200006388,12,5,31,1530,1,1,1,8.0,1,54029,M,4936200.0,590900.0,54
201200006389,12,6,1,1600,1,2,1,1.0,6,54084,M,4933100.0,583600.0,54
201200006390,12,6,13,730,1,1,1,8.0,7,54402,M,4929300.0,580900.0,54
201200006391,12,7,19,2315,3,1,2,1.0,1,54394,M,4933700.0,582700.0,54
201200006392,12,7,27,1415,1,1,1,1.0,3,54029,M,4961000.0,551600.0,54
201200006393,12,11,20,1200,1,1,1,5.0,6,54504,M,0.0,0.0,54
201200006394,12,11,20,1745,3,1,1,5.0,1,54504,M,4940301.0,589053.0,54
201200006395,12,8,6,645,2,1,1,1.0,6,54147,M,4864454.0,652372.0,54
201200006396,12,8,9,1745,1,1,1,1.0,3,54176,M,4867022.0,650651.0,54
201200006397,12,9,8,415,3,1,1,1.0,6,54588,M,4859000.0,641700.0,54
201200006398,12,1,6,1415,1,2,1,1.0,6,54054,M,4847900.0,631500.0,54
201200006399,12,1,7,730,3,1,2,2.0,3,54144,M,4852783.0,626509.0,54
201200006400,12,3,23,2100,5,2,1,1.0,7,54076,M,0.0,0.0,54
201200006401,12,5,25,1645,1,2,1,1.0,3,54076,M,0.0,0.0,54
201200006402,12,9,27,1130,1,1,1,1.0,6,54359,M,4851370.0,638988.0,54
201200006403,12,11,28,1730,3,2,1,1.0,1,54465,M,4848000.0,630100.0,54
201200006404,12,4,1,1930,1,1,1,1.0,1,54452,M,4859886.0,674542.0,54
201200006405,12,7,23,2130,2,1,1,1.0,6,54259,M,4855279.0,674499.0,54
201200006406,12,12,2,915,1,1,1,1.0,6,54039,M,4846700.0,673600.0,54
201200006407,12,1,1,615,3,1,1,2.0,1,54380,M,4862500.0,585900.0,54
201200006408,12,1,25,1830,3,1,1,9.0,1,54380,M,4863765.0,586374.0,54
201200006409,12,3,19,1745,1,1,1,1.0,2,54128,M,4866800.0,581400.0,54
201200006410,12,4,21,1330,1,1,1,2.0,1,54205,M,4867600.0,577700.0,54
201200006411,12,6,12,1745,1,1,1,8.0,6,54242,M,4864652.0,589096.0,54
201200006412,12,9,4,1500,1,2,3,1.0,3,54548,M,4854635.0,578122.0,54
201200006413,12,10,20,1945,3,2,1,1.0,3,54135,M,4853192.0,589826.0,54
201200006414,12,1,4,1000,1,1,1,1.0,1,54063,M,4887100.0,584200.0,54
201200006415,12,6,9,615,1,1,1,1.0,7,54463,M,4880000.0,601600.0,54
201200006416,12,1,7,2215,3,1,9,8.0,6,55446,M,4883519.0,528740.0,55
201200006417,12,1,8,1415,1,1,1,2.0,6,55125,M,4880814.0,495954.0,55
201200006418,12,2,11,2030,3,1,1,1.0,6,55108,M,4892463.0,524184.0,55
201200006419,12,6,18,1645,1,1,1,1.0,1,55382,M,4882022.0,503665.0,55
201200006420,12,6,22,1200,1,1,1,1.0,3,55178,M,0.0,0.0,55
201200006421,12,8,7,900,2,1,1,1.0,6,55304,M,4886600.0,507400.0,55
201200006422,12,9,3,1930,1,2,1,1.0,6,55369,M,4879283.0,521432.0,55
201200006423,12,10,1,1815,1,1,1,1.0,6,55254,M,0.0,0.0,55
201200006424,12,11,10,1915,5,2,1,9.0,6,55435,M,0.0,0.0,55
201200006425,12,11,15,1745,3,1,3,1.0,3,55423,M,4891000.0,517300.0,55
201200006426,12,11,25,915,1,2,1,1.0,7,55435,M,4875000.0,503600.0,55
201200006427,12,1,2,1915,3,1,1,2.0,6,55258,M,4879361.0,566469.0,55
201200006428,12,2,2,1845,3,1,1,1.0,1,55122,M,4878300.0,556600.0,55
201200006429,12,5,24,1,3,1,1,1.0,6,55122,M,0.0,0.0,55
201200006430,12,8,11,1830,1,1,1,1.0,6,55288,M,0.0,0.0,55
201200006431,12,8,11,1015,1,2,1,1.0,6,55196,M,0.0,0.0,55
201200006432,12,9,28,1600,1,1,1,1.0,7,55122,M,0.0,0.0,55
201200006433,12,1,15,1430,1,1,1,1.0,1,55570,M,0.0,0.0,55
201200006434,12,1,24,845,1,1,1,1.0,1,55234,M,4899200.0,571600.0,55
201200006435,12,1,27,915,1,2,1,5.0,3,55384,M,4888900.0,533610.0,55
201200006436,12,2,21,1230,1,1,1,1.0,1,55085,M,0.0,0.0,55
201200006437,12,3,2,1115,1,1,1,8.0,1,55463,M,4886200.0,552300.0,55
201200006438,12,3,30,2115,5,2,2,1.0,3,55463,M,4889400.0,554400.0,55
201200006439,12,4,1,530,3,1,1,1.0,6,55096,M,4894900.0,563400.0,55
201200006440,12,7,22,815,1,1,1,1.0,3,55444,M,4894500.0,552000.0,55
201200006441,12,8,16,915,1,2,1,1.0,6,55463,M,0.0,0.0,55
201200006442,12,8,22,1330,1,1,1,1.0,7,55455,M,4898700.0,575600.0,55
201200006443,12,8,29,1700,1,1,1,1.0,2,55521,M,4899000.0,547700.0,55
201200006444,12,9,9,1000,1,2,1,1.0,1,55229,M,4887400.0,555300.0,55
201200006445,12,10,3,845,1,1,1,1.0,1,55333,M,4881100.0,545500.0,55
201200006446,12,10,13,1130,1,2,1,1.0,6,55234,M,0.0,0.0,55
201200006447,12,10,28,1700,2,1,1,1.0,1,55412,M,0.0,0.0,55
201200006448,12,10,31,1845,3,1,1,1.0,5,55303,M,4885700.0,568700.0,55
201200006449,12,1,7,2200,3,1,9,1.0,6,55496,M,0.0,0.0,55
201200006450,12,3,22,230,3,1,1,1.0,7,55496,M,0.0,0.0,55
201200006451,12,5,10,1915,1,1,1,1.0,1,55573,M,0.0,0.0,55
201200006452,12,6,1,1715,1,2,1,1.0,3,55142,M,4844600.0,551100.0,55
201200006453,12,8,13,1500,1,1,1,1.0,5,55030,M,0.0,0.0,55
201200006454,12,11,18,1830,3,1,1,1.0,1,55573,M,0.0,0.0,55
201200006455,12,12,13,645,3,1,1,1.0,7,55089,M,0.0,0.0,55
201200006456,12,8,13,2215,3,1,1,1.0,6,55025,M,4948073.0,522452.0,55
201200006457,12,2,24,2200,3,1,1,5.0,6,55498,M,4904244.0,527014.0,55
201200006458,12,4,9,1100,1,1,1,2.0,7,55512,M,4899731.0,544726.0,55
201200006459,12,5,10,1130,1,1,1,1.0,2,55385,M,4911405.0,529149.0,55
201200006460,12,6,7,1315,1,1,1,1.0,7,55099,M,4923933.0,535241.0,55
201200006461,12,7,5,1130,1,2,1,1.0,2,55204,M,4903408.0,543518.0,55
201200006462,12,7,29,1730,1,1,1,1.0,7,55200,M,0.0,0.0,55
201200006463,12,8,11,600,1,2,1,1.0,3,55317,M,0.0,0.0,55
201200006464,12,8,12,115,3,1,1,1.0,6,55387,M,4936155.0,565670.0,55
201200006465,12,8,12,2000,2,1,1,1.0,6,55013,M,4942000.0,565000.0,55
201200006466,12,8,12,1700,1,1,9,1.0,6,55063,M,0.0,0.0,55
201200006467,12,8,23,1415,1,1,1,1.0,3,55072,M,0.0,0.0,55
201200006468,12,10,25,1515,1,1,2,1.0,3,55237,M,4911300.0,555900.0,55
201200006469,12,8,11,1145,1,2,3,1.0,3,88178,M,4817283.0,639007.0,88
201200006470,12,8,30,730,1,2,1,1.0,1,88136,M,0.0,0.0,88
201200006471,12,10,9,1715,1,2,1,3.0,1,88132,M,4820087.0,652991.0,88
201200006472,12,12,28,2345,5,2,1,2.0,6,88178,M,0.0,0.0,88
201200006473,12,3,2,2100,3,2,1,1.0,6,88262,M,4818054.0,675944.0,88
201200006474,12,3,19,1230,1,1,1,1.0,6,88418,M,4830307.0,663274.0,88
201200006475,12,8,25,1200,1,1,1,1.0,6,88262,M,4818887.0,674426.0,88
201200006476,12,2,7,1030,1,1,1,1.0,2,88513,M,4833080.0,632867.0,88
201200006477,12,4,14,545,5,2,1,1.0,6,88090,M,4837200.0,629600.0,88
201200006478,12,4,15,1600,1,1,3,6.0,1,88480,M,4834579.0,630302.0,88
201200006479,12,5,10,10,5,1,1,1.0,6,88166,M,4833800.0,629000.0,88
201200006480,12,5,17,600,2,1,1,1.0,7,88090,M,4838670.0,630493.0,88
201200006481,12,6,1,930,1,2,1,1.0,6,88090,M,4837197.0,629311.0,88
201200006482,12,8,19,1130,1,1,3,1.0,3,88090,M,4837931.0,627163.0,88
201200006483,12,9,28,1715,1,2,1,1.0,2,88090,M,4837100.0,629800.0,88
201200006484,12,9,28,1200,1,2,2,1.0,7,88163,M,4837780.0,630330.0,88
201200006485,12,10,21,1800,1,1,1,1.0,1,88173,M,4836609.0,626928.0,88
201200006486,12,10,23,1400,1,2,1,1.0,1,88513,M,4835400.0,632100.0,88
201200006487,12,12,12,1245,1,1,1,1.0,2,88173,M,4836400.0,624500.0,88
201200006488,12,1,12,1015,1,1,1,1.0,7,88307,M,4803047.0,580207.0,88
201200006489,12,1,23,2215,5,2,1,8.0,7,88251,M,4833900.0,668300.0,88
201200006490,12,7,7,1045,1,1,1,1.0,1,88367,M,0.0,0.0,88
201200006491,12,7,9,1845,1,2,1,1.0,7,88432,M,4843523.0,657817.0,88
201200006492,12,8,12,1545,1,2,3,7.0,7,88251,M,4832995.0,667520.0,88
201200006493,12,11,1,1045,1,1,1,1.0,2,88301,M,0.0,0.0,88
201200006494,12,11,11,710,3,1,1,8.0,7,88301,M,4810972.0,670395.0,88
201200006495,12,2,7,2015,5,2,1,1.0,6,88094,M,4831568.0,638933.0,88
201200006496,12,6,14,2310,5,2,1,1.0,7,88313,M,4834942.0,643228.0,88
201200006497,12,6,17,1830,1,1,3,1.0,1,88342,M,4829738.0,643794.0,88
201200006498,12,9,29,1600,1,1,1,1.0,3,88247,M,4828314.0,639681.0,88
201200006499,12,10,10,745,2,2,1,9.0,3,88327,M,4831300.0,638700.0,88
201200006500,12,10,15,830,1,2,1,1.0,6,88465,M,4824151.0,641179.0,88
201200006501,12,10,22,745,2,1,2,5.0,3,88454,M,4825828.0,653738.0,88
201200006502,12,10,24,500,5,1,9,1.0,6,88099,M,0.0,0.0,88
201200006503,12,11,24,1345,1,2,1,1.0,7,88094,M,4831600.0,639800.0,88
201200006504,12,1,27,1800,3,1,2,1.0,3,88029,M,4800871.0,627115.0,88
201200006505,12,3,22,750,1,1,2,1.0,3,88225,M,4810552.0,645852.0,88
201200006506,12,4,20,1500,1,1,1,1.0,7,88176,M,4800567.0,621055.0,88
201200006507,12,5,17,1830,1,1,2,1.0,1,88530,M,4802499.0,637659.0,88
201200006508,12,5,27,2015,1,1,1,1.0,6,88225,M,4808663.0,647719.0,88
201200006509,12,6,24,1630,1,1,1,1.0,3,88092,M,4809334.0,625588.0,88
201200006510,12,1,11,800,2,2,1,1.0,7,88321,M,4835889.0,569920.0,88
201200006511,12,3,15,720,2,1,1,5.0,1,88219,M,4846028.0,568602.0,88
201200006512,12,3,22,1400,1,1,1,1.0,6,88270,M,4828896.0,560251.0,88
201200006513,12,3,25,1815,1,2,1,1.0,6,88212,M,0.0,0.0,88
201200006514,12,4,6,1730,1,1,1,1.0,3,88303,M,4837830.0,562116.0,88
201200006515,12,4,8,1615,1,1,1,1.0,6,88366,M,4834406.0,588171.0,88
201200006516,12,5,17,1745,1,1,1,1.0,7,88460,M,4842730.0,574296.0,88
201200006517,12,5,21,1930,2,1,1,3.0,7,88401,M,4831300.0,577600.0,88
201200006518,12,5,23,1515,1,1,1,1.0,3,88206,M,4831400.0,593900.0,88
201200006519,12,5,30,1345,1,2,1,1.0,2,88321,M,4835626.0,569392.0,88
201200006520,12,7,9,1015,1,1,1,1.0,7,88189,M,4832076.0,562297.0,88
201200006521,12,7,17,1930,1,1,2,1.0,3,88387,M,4835274.0,585496.0,88
201200006522,12,7,30,600,1,1,1,1.0,6,88020,M,4847946.0,584585.0,88
201200006523,12,8,1,930,1,2,1,1.0,1,88321,M,4834500.0,569100.0,88
201200006524,12,8,10,915,1,1,3,1.0,3,88083,M,4831470.0,571502.0,88
201200006525,12,8,31,1400,1,2,1,2.0,3,88321,M,4837100.0,570300.0,88
201200006526,12,9,17,1130,1,1,1,1.0,1,88478,M,0.0,0.0,88
201200006527,12,9,19,1830,1,2,3,1.0,3,88321,M,4835388.0,568453.0,88
201200006528,12,9,28,1200,1,2,1,1.0,6,88044,M,4830632.0,565342.0,88
201200006529,12,10,20,1600,1,1,1,1.0,7,88457,M,4840200.0,565100.0,88
201200006530,12,10,25,2345,4,1,1,5.0,1,88270,M,4831237.0,559658.0,88
201200006531,12,11,2,1635,1,1,1,3.0,7,88477,M,4837308.0,545628.0,88
201200006532,12,11,14,1415,2,1,1,5.0,3,88321,M,0.0,0.0,88
201200006533,12,11,13,2045,5,2,1,8.0,3,88321,M,4835400.0,569400.0,88
201200006534,12,11,23,730,2,1,1,1.0,5,88431,M,4833200.0,589800.0,88
201200006535,12,2,26,845,1,2,1,1.0,7,88469,M,4829500.0,607400.0,88
201200006536,12,3,13,2330,3,1,1,1.0,6,88499,M,4826979.0,615876.0,88
201200006537,12,3,15,2130,5,2,2,1.0,3,88357,M,4832200.0,612300.0,88
201200006538,12,5,6,1615,1,1,1,1.0,1,88047,M,4820700.0,616000.0,88
201200006539,12,12,29,1515,1,1,1,1.0,6,88508,M,4819100.0,623600.0,88
201200006540,12,2,5,1130,1,1,1,1.0,7,88022,M,4829500.0,583725.0,88
201200006541,12,6,15,1015,1,1,1,1.0,7,88325,M,0.0,0.0,88
201200006542,12,7,21,1215,1,1,1,1.0,1,88516,M,0.0,0.0,88
201200006543,12,8,31,1845,1,1,1,8.0,1,88446,M,4819850.0,581127.0,88
201200006544,12,9,22,215,3,1,1,2.0,1,88448,M,4817561.0,572748.0,88
201200006545,12,3,9,1615,1,2,8,1.0,6,88011,M,4814100.0,651100.0,88
201200006546,12,12,7,1000,1,1,1,4.0,3,88012,M,4812400.0,655600.0,88
201200006547,12,1,7,900,1,1,1,4.0,3,88391,M,0.0,0.0,88
201200006548,12,6,22,1515,1,1,1,1.0,7,88470,M,0.0,0.0,88
201200006549,12,6,23,2100,1,2,1,1.0,3,88486,M,0.0,0.0,88
201200006550,12,10,14,45,3,1,1,3.0,6,88470,M,0.0,0.0,88
201200006551,12,4,17,1700,1,1,1,1.0,1,88408,M,4792100.0,665200.0,88
201200006552,12,5,21,1515,1,2,1,1.0,2,88468,M,4788700.0,676700.0,88
201200006553,12,5,22,945,1,2,1,1.0,6,88369,M,0.0,0.0,88
201200006554,12,6,26,1445,1,1,1,1.0,6,88426,M,0.0,0.0,88
201200006555,12,10,4,1915,3,1,6,1.0,6,88408,M,4794200.0,664100.0,88
201200006556,12,12,3,2100,5,2,1,8.0,6,88408,M,4792700.0,666200.0,88
201200006557,12,2,9,530,3,1,1,1.0,7,88526,M,0.0,0.0,88
201200006558,12,5,2,1545,1,2,1,1.0,1,88032,M,4822483.0,706884.0,88
201200006559,12,5,26,1600,1,2,3,1.0,2,88326,M,4827888.0,703893.0,88
201200006560,12,6,11,1045,1,1,1,2.0,1,88526,M,4825541.0,709830.0,88
201200006561,12,7,21,600,2,1,1,1.0,1,88375,M,,,88
201200006562,12,8,11,900,1,2,1,1.0,6,88032,M,4824361.0,706512.0,88
201200006563,12,8,23,30,5,2,1,1.0,1,88445,M,4823707.0,695723.0,88
201200006564,12,9,17,1245,1,1,1,1.0,6,88361,M,0.0,0.0,88
201200006565,12,9,28,845,1,2,1,1.0,7,88386,M,4826027.0,700856.0,88
201200006566,12,10,25,2330,5,1,1,1.0,6,88386,M,0.0,0.0,88
201200006567,12,11,7,1100,1,1,1,2.0,1,88275,M,0.0,0.0,88
201200006568,12,3,22,1815,1,1,1,1.0,1,88009,M,4817398.0,692591.0,88
201200006569,12,4,29,2000,2,1,1,8.0,6,88218,M,4811328.0,685129.0,88
201200006570,12,5,28,2245,3,1,1,1.0,5,88018,M,4817298.0,677205.0,88
201200006571,12,6,16,1530,1,2,1,1.0,5,88089,M,4818103.0,680913.0,88
201200006572,12,7,1,645,2,2,1,2.0,2,88423,M,4824888.0,695555.0,88
201200006573,12,7,12,1415,1,1,2,1.0,3,88198,M,4815287.0,692145.0,88
201200006574,12,9,15,1200,1,2,1,1.0,6,88256,M,4816347.0,675257.0,88
201200006575,12,10,16,1545,1,1,1,1.0,7,88244,M,4812375.0,653134.0,88
201200006576,12,10,18,2215,4,2,1,1.0,6,88349,M,4808716.0,700847.0,88
201200006577,12,11,5,1600,1,1,1,2.0,5,88009,M,4817260.0,692765.0,88
201200006578,12,1,3,1915,5,2,3,3.0,1,88196,M,4807988.0,689050.0,88
201200006579,12,5,31,1100,1,2,1,1.0,6,88196,M,0.0,0.0,88
201200006580,12,6,12,1215,1,1,1,2.0,1,88196,M,4808600.0,688900.0,88
201200006581,12,9,29,1045,1,2,1,1.0,3,88196,M,4807700.0,687100.0,88
201200006582,12,11,16,1345,1,2,6,1.0,3,88196,M,0.0,0.0,88
201200006583,12,11,19,1600,1,2,1,1.0,6,88196,M,0.0,0.0,88
201200006584,12,1,12,1530,1,1,1,1.0,7,88319,M,4838125.0,687017.0,88
201200006585,12,2,15,830,1,1,1,4.0,7,88451,M,4838868.0,695410.0,88
201200006586,12,3,16,1300,1,1,3,1.0,3,88319,M,4837151.0,693476.0,88
201200006587,12,3,16,1530,1,1,1,1.0,3,88319,M,4838481.0,694198.0,88
201200006588,12,3,23,1345,1,1,4,1.0,1,88165,M,4835466.0,688281.0,88
201200006589,12,7,4,1000,1,1,1,1.0,1,88245,M,4834932.0,694728.0,88
201200006590,12,8,17,1715,1,2,1,1.0,6,88319,M,4837947.0,691194.0,88
201200006591,12,8,25,2015,3,1,1,1.0,6,88082,M,4847000.0,696688.0,88
201200006592,12,11,3,1945,3,1,1,3.0,1,88451,M,4839040.0,696013.0,88
201200006593,12,4,10,1830,2,1,6,2.0,3,67028,M,0.0,0.0,67
201200006594,12,6,16,1600,1,2,6,1.0,3,67028,M,4836900.0,761200.0,67
201200006595,12,10,8,1845,3,1,1,2.0,1,67397,M,4832800.0,773900.0,67
201200006596,12,10,19,1645,1,2,6,1.0,1,67028,M,0.0,0.0,67
201200006597,12,10,26,2115,5,2,1,3.0,6,67285,M,4840000.0,762300.0,67
201200006598,12,10,28,1330,1,1,1,1.0,6,67028,M,0.0,0.0,67
201200006599,12,12,25,1630,1,1,1,2.0,6,67397,M,0.0,0.0,67
201200006600,12,2,21,130,3,1,9,9.0,7,67378,M,0.0,0.0,67
201200006601,12,3,4,45,5,2,1,1.0,6,67378,M,0.0,0.0,67
201200006602,12,3,30,2300,5,2,1,1.0,5,67118,M,0.0,0.0,67
201200006603,12,4,1,1800,1,1,9,1.0,6,67137,M,0.0,0.0,67
201200006604,12,5,15,1430,1,1,1,1.0,7,67131,M,0.0,0.0,67
201200006605,12,10,9,715,3,1,1,3.0,6,67131,M,0.0,0.0,67
201200006606,12,10,11,715,2,2,1,2.0,3,67131,M,0.0,0.0,67
201200006607,12,1,3,1630,1,2,1,1.0,2,67364,M,0.0,0.0,67
201200006608,12,2,4,1815,5,2,1,1.0,6,67130,M,4842800.0,765600.0,67
201200006609,12,3,10,1530,1,1,1,1.0,7,67336,M,0.0,0.0,67
201200006610,12,4,15,430,3,1,1,1.0,7,67336,M,0.0,0.0,67
201200006611,12,5,20,1800,1,1,1,1.0,7,67130,M,4841600.0,766200.0,67