Num_Acc,an,mois,jour,hrmn,lum,agg,int,atm,col,com,gps,lat,long,dep
201200006612,12,6,21,200,3,1,1,1.0,7,67130,M,0.0,0.0,67
201200006613,12,9,13,830,1,1,1,8.0,6,67130,M,0.0,0.0,67
201200006614,12,11,30,2300,3,1,1,1.0,7,67200,M,0.0,0.0,67
201200006615,12,12,9,900,5,2,1,2.0,6,67130,M,0.0,0.0,67
201200006616,12,12,16,1245,1,1,1,1.0,5,67338,M,0.0,0.0,67
201200006617,12,5,16,2345,3,1,1,1.0,6,67504,M,4841900.0,750200.0,67
201200006618,12,6,23,1815,1,2,1,1.0,3,67031,M,0.0,0.0,67
201200006619,12,8,13,945,1,1,1,1.0,6,67348,M,0.0,0.0,67
201200006620,12,8,14,1800,1,1,1,1.0,3,67248,M,0.0,0.0,67
201200006621,12,9,28,2115,3,2,1,1.0,1,67286,M,0.0,0.0,67
201200006622,12,10,14,1500,1,2,6,1.0,1,67031,M,0.0,0.0,67
201200006623,12,10,19,815,1,1,1,1.0,5,67348,M,0.0,0.0,67
201200006624,12,10,18,2015,3,1,1,1.0,6,67504,M,0.0,0.0,67
201200006625,12,10,24,1945,5,2,1,1.0,6,67348,M,0.0,0.0,67
201200006626,12,12,14,1530,1,2,1,1.0,6,67348,M,0.0,0.0,67
201200006627,12,5,29,815,1,2,1,1.0,6,67230,M,0.0,0.0,67
201200006628,12,1,20,1645,2,2,1,2.0,3,67046,M,0.0,0.0,67
201200006629,12,2,23,1815,5,2,1,2.0,3,67046,M,0.0,0.0,67
201200006630,12,3,26,1645,1,2,1,7.0,2,67345,M,0.0,0.0,67
201200006631,12,12,14,815,2,1,1,5.0,5,67252,M,0.0,0.0,67
201200006632,12,2,8,1800,3,1,1,1.0,6,67127,M,0.0,0.0,67
201200006633,12,2,12,1630,1,2,2,1.0,3,67112,M,0.0,0.0,67
201200006634,12,2,15,1815,5,2,1,1.0,6,67112,M,0.0,0.0,67
201200006635,12,4,10,1700,1,2,1,2.0,3,67101,M,0.0,0.0,67
201200006636,12,7,10,1845,1,1,1,1.0,1,67313,M,0.0,0.0,67
201200006637,12,7,27,2115,1,1,1,1.0,2,67473,M,0.0,0.0,67
201200006638,12,8,28,800,1,2,9,1.0,3,67112,M,0.0,0.0,67
201200006639,12,10,20,1800,2,1,2,1.0,3,67080,M,0.0,0.0,67
201200006640,12,10,25,1645,1,2,2,1.0,3,67101,M,0.0,0.0,67
201200006641,12,12,21,1115,5,2,1,5.0,6,67300,M,0.0,0.0,67
201200006642,12,9,29,1730,1,1,1,1.0,7,67411,M,0.0,0.0,67
201200006643,12,10,31,1645,2,2,1,1.0,1,67368,M,0.0,0.0,67
201200006644,12,2,8,1600,1,1,1,1.0,1,67377,M,4843500.0,718400.0,67
201200006645,12,3,25,1045,1,1,1,1.0,6,67066,M,4848000.0,720100.0,67
201200006646,12,4,20,2015,1,1,1,1.0,6,67520,M,0.0,0.0,67
201200006647,12,6,27,1330,1,2,1,1.0,1,67122,M,0.0,0.0,67
201200006648,12,8,26,1845,1,1,1,1.0,2,67018,M,0.0,0.0,67
201200006649,12,1,21,1145,1,1,1,6.0,1,67322,M,4883200.0,741400.0,67
201200006650,12,2,10,1100,1,1,1,4.0,1,67222,M,4890800.0,743700.0,67
201200006651,12,3,24,100,3,1,2,1.0,3,67459,M,0.0,0.0,67
201200006652,12,6,14,1700,1,1,1,7.0,2,67242,M,0.0,0.0,67
201200006653,12,6,18,900,1,1,1,1.0,3,67061,M,0.0,0.0,67
201200006654,12,12,12,1915,5,2,1,1.0,1,67283,M,0.0,0.0,67
201200006655,12,1,12,1345,1,2,1,1.0,1,67437,M,0.0,0.0,67
201200006656,12,4,22,515,3,1,1,2.0,6,67478,M,0.0,0.0,67
201200006657,12,8,20,545,2,2,1,1.0,6,67437,M,0.0,0.0,67
201200006658,12,10,14,445,2,1,1,2.0,7,67006,M,0.0,0.0,67
201200006659,12,11,10,1945,3,1,1,1.0,6,67222,M,0.0,0.0,67
201200006660,12,2,12,500,5,2,1,1.0,7,67370,M,4887200.0,726300.0,67
201200006661,12,3,9,1800,1,1,1,1.0,6,67370,M,0.0,0.0,67
201200006662,12,5,12,200,3,1,1,1.0,6,67369,M,4887400.0,724300.0,67
201200006663,12,9,29,1530,1,2,2,1.0,3,67095,M,0.0,0.0,67
201200006664,12,10,13,1400,1,1,1,1.0,1,67091,M,0.0,0.0,67
201200006665,12,3,28,1345,1,1,1,1.0,3,67301,M,4875700.0,766500.0,67
201200006666,12,4,29,1600,1,1,1,1.0,3,67067,M,4873900.0,770900.0,67
201200006667,12,8,8,945,1,2,3,1.0,3,67301,M,,,67
201200006668,12,8,17,1115,1,1,1,1.0,7,67067,M,,,67
201200006669,12,1,8,1815,3,2,1,1.0,2,67419,M,4869900.0,764400.0,67
201200006670,12,1,27,815,1,1,1,1.0,3,67253,M,4864600.0,753000.0,67
201200006671,12,3,17,1500,1,2,1,1.0,3,67374,M,4866500.0,764800.0,67
201200006672,12,3,27,745,2,1,1,1.0,7,67363,M,4858800.0,757300.0,67
201200006673,12,4,4,1030,1,1,1,1.0,6,67150,M,4861600.0,755300.0,67
201200006674,12,4,5,630,2,1,1,1.0,6,67363,M,4858400.0,753400.0,67
201200006675,12,4,15,900,1,1,1,1.0,2,67363,M,4859900.0,754200.0,67
201200006676,12,4,21,2300,5,1,1,2.0,6,67163,M,4870700.0,756900.0,67
201200006677,12,5,4,1715,1,1,9,1.0,3,67293,M,4878400.0,762200.0,67
201200006678,12,5,21,2300,5,1,1,3.0,6,67058,M,4878400.0,756400.0,67
201200006679,12,6,17,1915,2,2,1,1.0,1,67202,M,4876000.0,757600.0,67
201200006680,12,7,10,945,1,1,2,1.0,3,67145,M,0.0,0.0,67
201200006681,12,7,25,1815,1,2,1,1.0,3,67150,M,0.0,0.0,67
201200006682,12,8,25,230,1,1,1,1.0,6,67485,M,4863300.0,762100.0,67
201200006683,12,9,18,2345,3,1,1,8.0,1,67393,M,4869200.0,760700.0,67
201200006684,12,11,25,100,3,1,1,1.0,5,67150,M,4861300.0,757000.0,67
201200006685,12,12,22,2230,3,1,1,3.0,6,67539,M,4873100.0,763700.0,67
201200006686,12,3,6,1500,1,1,1,1.0,3,67519,M,4868400.0,781400.0,67
201200006687,12,3,6,2145,5,2,6,1.0,3,67151,M,4869100.0,788200.0,67
201200006688,12,7,7,545,1,1,1,1.0,6,67519,M,4867900.0,782000.0,67
201200006689,12,12,18,730,2,2,1,8.0,2,67519,M,4866100.0,783000.0,67
201200006690,12,1,1,400,5,2,1,1.0,6,67182,M,0.0,0.0,67
201200006691,12,1,3,945,1,2,1,1.0,3,67001,M,0.0,0.0,67
201200006692,12,2,16,1400,1,2,1,1.0,6,67118,M,0.0,0.0,67
201200006693,12,4,1,2000,1,2,1,1.0,6,67118,M,0.0,0.0,67
201200006694,12,5,3,2015,1,2,1,1.0,6,67118,M,0.0,0.0,67
201200006695,12,5,18,1745,1,2,1,1.0,6,67118,M,0.0,0.0,67
201200006696,12,5,24,1800,1,2,1,1.0,1,67118,M,0.0,0.0,67
201200006697,12,6,4,1400,1,2,1,1.0,4,67350,M,4859000.0,765000.0,67
201200006698,12,7,25,1830,1,1,1,1.0,3,67150,M,0.0,0.0,67
201200006699,12,8,22,1645,1,2,1,1.0,3,67118,M,0.0,0.0,67
201200006700,12,9,6,1830,1,1,6,1.0,7,67551,M,0.0,0.0,67
201200006701,12,10,1,1045,1,2,1,1.0,6,67118,M,0.0,0.0,67
201200006702,12,10,18,1315,1,2,3,1.0,3,67226,M,0.0,0.0,67
201200006703,12,10,22,1615,1,2,1,1.0,3,67551,M,4858900.0,766800.0,67
201200006704,12,11,17,1800,5,2,1,1.0,3,67118,M,0.0,0.0,67
201200006705,12,1,4,1645,2,1,1,1.0,6,67073,M,4828300.0,739300.0,67
201200006706,12,4,28,1045,1,1,1,1.0,6,67445,M,4830100.0,742400.0,67
201200006707,12,7,13,915,1,1,1,2.0,1,67507,M,4834500.0,731900.0,67
201200006708,12,10,26,1130,2,1,1,1.0,3,67115,M,0.0,0.0,67
201200006709,12,1,28,1030,1,2,1,1.0,1,67021,M,0.0,0.0,67
201200006710,12,7,24,930,1,1,1,1.0,2,67125,M,0.0,0.0,67
201200006711,12,9,2,1045,1,1,1,1.0,1,67481,M,0.0,0.0,67
201200006712,12,11,22,1715,2,1,1,1.0,1,67032,M,0.0,0.0,67
201200006713,12,12,21,800,1,2,1,1.0,2,67021,M,0.0,0.0,67
201200006714,12,2,2,1915,3,1,1,1.0,7,67360,M,4817900.0,752000.0,67
201200006715,12,2,17,1815,4,2,1,8.0,6,67281,M,4816900.0,754800.0,67
201200006716,12,4,3,1530,1,2,1,7.0,2,67544,M,4903800.0,795000.0,67
201200006717,12,8,3,1500,1,2,1,7.0,6,67451,M,4899500.0,802900.0,67
201200006718,12,8,10,1945,2,1,1,7.0,1,67416,M,4902100.0,791100.0,67
201200006719,12,11,9,1900,5,2,1,1.0,6,67544,M,4903900.0,794700.0,67
201200006720,12,11,22,2030,3,2,1,1.0,7,67544,M,4904200.0,795000.0,67
201200006721,12,12,17,1115,1,1,1,3.0,6,67074,M,4899600.0,790000.0,67
201200006722,12,2,20,1545,1,1,1,1.0,2,67432,M,0.0,0.0,67
201200006723,12,5,17,1600,1,1,1,1.0,7,67330,M,4893300.0,803100.0,67
201200006724,12,5,21,1045,1,1,6,1.0,3,67443,M,0.0,0.0,67
201200006725,12,7,30,1600,1,2,1,1.0,1,67330,M,4891300.0,803600.0,67
201200006726,12,8,29,745,1,1,1,1.0,3,67305,M,4893200.0,815199.0,67
201200006727,12,11,17,930,5,2,9,1.0,6,67327,M,4897700.0,810200.0,67
201200006728,12,12,19,1600,1,1,1,1.0,6,67463,M,4888500.0,809099.0,67
201200006729,12,1,2,1830,3,1,1,1.0,6,67184,M,4889900.0,802999.0,67
201200006730,12,7,24,115,3,1,1,1.0,6,67487,M,0.0,0.0,67
201200006731,12,8,20,1530,1,1,1,1.0,7,67474,M,4893300.0,787300.0,67
201200006732,12,10,21,400,5,2,1,1.0,2,67487,M,0.0,0.0,67
201200006733,12,10,30,1100,1,2,1,1.0,3,67339,M,4890200.0,790300.0,67
201200006734,12,1,10,1430,1,1,1,1.0,1,67550,M,4896200.0,775300.0,67
201200006735,12,9,26,1415,1,1,1,8.0,3,67550,M,4893600.0,774700.0,67
201200006736,12,11,20,1415,5,2,1,5.0,1,67186,M,4889500.0,774800.0,67
201200006737,12,1,25,1745,5,2,1,1.0,6,68145,M,0.0,0.0,68
201200006738,12,1,17,1745,5,2,1,1.0,6,68295,M,4800688.0,738325.0,68
201200006739,12,6,16,1,3,2,1,1.0,6,68143,M,4811120.0,741198.0,68
201200006740,12,6,16,200,5,2,1,1.0,6,68009,M,4811642.0,754227.0,68
201200006741,12,6,23,1800,1,1,2,1.0,3,68157,M,4812371.0,749901.0,68
201200006742,12,7,8,1900,2,2,1,1.0,1,68110,M,4814767.0,749340.0,68
201200006743,12,8,3,2315,3,2,6,1.0,6,68009,M,4811770.0,753560.0,68
201200006744,12,8,21,2115,2,1,1,1.0,3,68007,M,4806822.0,741430.0,68
201200006745,12,9,19,45,3,1,1,1.0,6,68295,M,4802513.0,737859.0,68
201200006746,12,9,13,700,1,1,1,1.0,1,68143,M,4811041.0,740170.0,68
201200006747,12,11,26,1200,1,1,1,2.0,1,68331,M,4803810.0,742400.0,68
201200006748,12,12,14,345,3,1,1,2.0,7,68295,M,4804380.0,737000.0,68
201200006749,12,12,24,1930,3,1,1,1.0,6,68366,M,4811744.0,744300.0,68
201200006750,12,2,2,2130,3,1,1,1.0,1,68162,M,4815170.0,723840.0,68
201200006751,12,6,6,1630,1,2,1,1.0,1,68146,M,4812883.0,736221.0,68
201200006752,12,6,24,1145,1,1,3,1.0,1,68249,M,4811837.0,713601.0,68
201200006753,12,8,21,1030,1,1,1,1.0,2,68277,M,4816202.0,731688.0,68
201200006754,12,9,9,1115,1,1,1,1.0,3,68249,M,4812330.0,709990.0,68
201200006755,12,9,23,1800,1,1,1,1.0,2,68026,M,4812865.0,734516.0,68
201200006756,12,11,17,730,1,1,1,1.0,1,68175,M,4816622.0,714500.0,68
201200006757,12,12,3,1445,1,1,1,2.0,1,68277,M,4816470.0,731380.0,68
201200006758,12,1,2,800,2,2,1,2.0,1,68226,M,4804003.0,713513.0,68
201200006759,12,2,12,845,1,2,1,1.0,1,68226,M,4804452.0,712617.0,68
201200006760,12,3,2,1330,1,1,1,1.0,5,68117,M,4804265.0,719636.0,68
201200006761,12,4,30,1715,1,1,1,1.0,1,68317,M,4806636.0,709835.0,68
201200006762,12,7,30,45,5,2,1,1.0,6,68329,M,4805372.0,710076.0,68
201200006763,12,8,18,1530,1,2,1,7.0,1,68226,M,4804500.0,714200.0,68
201200006764,12,8,23,1400,1,1,1,1.0,3,68317,M,4808400.0,710800.0,68
201200006765,12,9,1,1300,1,1,1,1.0,7,68226,M,4804558.0,716400.0,68
201200006766,12,9,7,1730,1,1,1,1.0,3,68358,M,4800544.0,711567.0,68
201200006767,12,9,8,1700,1,2,1,1.0,6,68226,M,4803937.0,714404.0,68
201200006768,12,9,12,2145,5,2,1,1.0,6,68193,M,4803239.0,710986.0,68
201200006769,12,9,16,1645,1,1,1,2.0,1,68051,M,4806723.0,705612.0,68
201200006770,12,9,29,1130,1,2,6,1.0,1,68226,M,4804239.0,715994.0,68
201200006771,12,10,13,2330,5,2,1,2.0,1,68051,M,4802674.0,709835.0,68
201200006772,12,11,2,1200,1,1,1,2.0,7,68317,M,4807642.0,710010.0,68
201200006773,12,6,29,1900,1,1,1,1.0,6,68036,M,4804159.0,755589.0,68
201200006774,12,8,11,1845,1,1,1,1.0,2,68231,M,4801536.0,752190.0,68
201200006775,12,10,7,930,1,1,1,8.0,7,68246,M,4798901.0,753590.0,68
201200006776,12,10,27,1845,3,1,1,3.0,6,68036,M,4804545.0,753850.0,68
201200006777,12,11,1,545,3,1,1,1.0,7,68104,M,4797350.0,761010.0,68
201200006778,12,12,5,830,1,1,1,2.0,6,68008,M,4802777.0,747280.0,68
201200006779,12,12,10,600,3,1,1,8.0,6,68246,M,4799024.0,757100.0,68
201200006780,12,1,6,1745,3,1,1,2.0,1,68296,M,4822200.0,740900.0,68
201200006781,12,1,8,2315,3,2,1,1.0,7,68269,M,4819801.0,730324.0,68
201200006782,12,4,3,1230,1,2,1,1.0,1,68269,M,4818779.0,732528.0,68
201200006783,12,5,28,1500,1,1,2,1.0,3,68285,M,4821950.0,738286.0,68
201200006784,12,6,16,1645,1,1,1,1.0,3,68269,M,4818039.0,734110.0,68
201200006785,12,9,4,1000,1,2,7,1.0,6,68269,M,4819505.0,731892.0,68
201200006786,12,10,13,1630,1,2,1,1.0,6,68383,M,4817093.0,731943.0,68
201200006787,12,10,15,1315,1,1,1,1.0,1,68296,M,4821879.0,738915.0,68
201200006788,12,12,2,1030,1,2,1,2.0,6,68269,M,4819382.0,731750.0,68
201200006789,12,12,29,1045,1,2,7,1.0,6,68269,M,4819500.0,731910.0,68
201200006790,12,3,29,1700,1,2,1,1.0,6,68298,M,4823681.0,716956.0,68
201200006791,12,7,2,1300,1,1,1,1.0,1,68185,M,4827016.0,732677.0,68
201200006792,12,10,21,1445,1,1,1,1.0,2,68298,M,4822725.0,715220.0,68
201200006793,12,8,10,1030,1,1,1,1.0,1,68134,M,4802909.0,731289.0,68
201200006794,12,9,30,1630,1,1,1,1.0,7,68338,M,4808900.0,725200.0,68
201200006795,12,10,5,1915,2,2,8,1.0,1,68338,M,4808587.0,728007.0,68
201200006796,12,11,28,1845,3,1,1,3.0,1,68374,M,4807808.0,726650.0,68
201200006797,12,12,14,1845,3,1,1,2.0,6,68374,M,4808690.0,731370.0,68
201200006798,12,3,23,1700,1,1,1,1.0,6,68139,M,4758839.0,721780.0,68
201200006799,12,7,19,1215,1,2,2,1.0,3,68355,M,4755353.0,731440.0,68
201200006800,12,7,31,1745,1,1,1,1.0,1,68075,M,4753100.0,734420.0,68
201200006801,12,8,3,1330,1,1,2,1.0,3,68062,M,4762960.0,719560.0,68
201200006802,12,8,21,1315,1,2,1,1.0,6,68138,M,4758600.0,725833.0,68
201200006803,12,11,26,715,1,2,1,1.0,6,68027,M,4758716.0,738600.0,68
201200006804,12,11,30,1100,1,1,1,8.0,7,68075,M,4752591.0,732140.0,68
201200006805,12,1,17,1700,5,2,1,1.0,6,68068,M,4763042.0,712168.0,68
201200006806,12,2,22,1615,1,2,6,7.0,6,68068,M,4763102.0,711521.0,68
201200006807,12,4,21,500,3,1,1,2.0,6,68152,M,4768404.0,726460.0,68
201200006808,12,3,11,1615,1,1,1,1.0,6,68087,M,4752778.0,727200.0,68
201200006809,12,5,1,1745,1,2,3,1.0,3,68299,M,4759865.0,711914.0,68
201200006810,12,5,11,1230,1,1,1,1.0,7,68176,M,4755359.0,718191.0,68
201200006811,12,5,27,2000,1,1,1,1.0,7,68165,M,4744099.0,732745.0,68
201200006812,12,6,16,515,2,2,1,1.0,6,68128,M,4756629.0,723836.0,68
201200006813,12,7,6,1515,1,1,1,1.0,1,68299,M,4757521.0,709806.0,68
201200006814,12,7,16,1845,1,2,1,1.0,6,68380,M,4746198.0,740874.0,68
201200006815,12,10,21,445,3,1,1,1.0,7,68380,M,4747070.0,741710.0,68
201200006816,12,11,25,1700,5,1,1,1.0,1,68248,M,4748906.0,739399.0,68
201200006817,12,12,24,1015,2,2,1,1.0,2,68090,M,0.0,0.0,68
201200006818,12,2,27,1730,1,1,1,1.0,3,68235,M,4799074.0,738781.0,68
201200006819,12,3,12,1930,5,2,1,1.0,6,68266,M,4789772.0,735298.0,68
201200006820,12,5,5,1930,1,2,1,1.0,3,68091,M,4791485.0,753788.0,68
201200006821,12,5,29,730,1,1,3,1.0,3,68091,M,4791851.0,752089.0,68
201200006822,12,6,9,1345,1,2,1,7.0,1,68082,M,4786770.0,734892.0,68
201200006823,12,7,2,1900,1,2,2,1.0,3,68225,M,0.0,0.0,68
201200006824,12,10,19,1145,1,1,1,7.0,2,68291,M,4785559.0,751760.0,68
201200006825,12,1,26,830,1,2,1,1.0,1,68343,M,4787480.0,731997.0,68
201200006826,12,2,19,1745,3,1,1,4.0,7,68111,M,4800661.0,727586.0,68
201200006827,12,7,12,530,2,1,1,1.0,6,68260,M,4788411.0,726270.0,68
201200006828,12,7,31,1830,1,1,1,1.0,3,68364,M,4795299.0,725982.0,68
201200006829,12,11,10,1300,1,1,1,3.0,6,68260,M,4788359.0,729380.0,68
201200006830,12,5,18,915,1,2,1,1.0,2,68154,M,4776983.0,738090.0,68
201200006831,12,9,6,1230,1,2,1,1.0,3,68154,M,4777259.0,738780.0,68
201200006832,12,10,4,845,1,2,6,1.0,3,68154,M,4777076.0,738748.0,68
201200006833,12,11,5,1345,1,2,1,1.0,1,68154,M,4776722.0,736430.0,68
201200006834,12,1,10,1930,3,1,1,1.0,1,68270,M,4778794.0,728321.0,68
201200006835,12,2,11,2030,5,2,1,1.0,3,68270,M,4777911.0,728370.0,68
201200006836,12,3,12,1645,1,2,2,1.0,3,68055,M,4770399.0,735717.0,68
201200006837,12,9,21,1000,1,1,1,1.0,6,68267,M,4775727.0,718965.0,68
201200006838,12,2,7,1445,1,2,3,1.0,3,68286,M,4762863.0,754394.0,68
201200006839,12,2,2,1930,2,1,1,4.0,6,68349,M,4760056.0,758804.0,68
201200006840,12,3,21,2315,5,2,1,1.0,6,68349,M,4760298.0,757462.0,68
201200006841,12,4,12,1700,1,2,1,1.0,2,68120,M,4752489.0,747800.0,68
201200006842,12,4,30,1615,1,1,6,1.0,7,68135,M,4757270.0,750100.0,68
201200006843,12,7,10,1730,1,1,1,1.0,3,68264,M,4758958.0,742016.0,68
201200006844,12,7,11,515,5,2,6,1.0,7,68349,M,4760070.0,758980.0,68
201200006845,12,9,27,1645,1,2,1,1.0,2,68121,M,4752068.0,746909.0,68
201200006846,12,10,7,300,3,1,1,2.0,1,68135,M,4758250.0,751650.0,68
201200006847,12,10,15,2100,3,1,1,1.0,6,68208,M,4755872.0,742707.0,68
201200006848,12,1,1,500,3,1,1,1.0,6,68163,M,4767266.0,749842.0,68
201200006849,12,2,4,530,3,1,1,4.0,6,68309,M,4766581.0,747261.0,68
201200006850,12,2,21,945,1,2,1,1.0,6,68021,M,4763969.0,751237.0,68
201200006851,12,7,29,1500,1,1,1,1.0,7,68353,M,4762868.0,734050.0,68
201200006852,12,8,3,2300,5,2,1,1.0,1,68324,M,4766033.0,734805.0,68
201200006853,12,1,27,930,1,2,3,2.0,3,68040,M,4782528.0,708137.0,68
201200006854,12,3,13,1515,1,2,1,1.0,2,68348,M,4780261.0,711796.0,68
201200006855,12,5,28,1115,1,1,1,1.0,1,68106,M,4788551.0,712054.0,68
201200006856,12,8,1,1330,1,1,1,1.0,1,68106,M,4787290.0,712770.0,68
201200006857,12,10,9,545,5,2,1,2.0,5,68334,M,4781780.0,708460.0,68
201200006858,12,12,8,1500,1,1,1,4.0,1,68012,M,4778697.0,715100.0,68
201200006859,12,3,31,1715,1,1,1,1.0,3,68063,M,4781133.0,716055.0,68
201200006860,12,7,27,1945,1,1,1,1.0,1,68342,M,4782939.0,716312.0,68
201200006861,12,8,4,1830,1,2,1,1.0,3,68322,M,4781242.0,716560.0,68
201200006862,12,9,14,1715,1,1,1,1.0,6,68342,M,4785361.0,714372.0,68
201200006863,12,9,20,1815,1,2,1,1.0,1,68063,M,4780178.0,718097.0,68
201200006864,12,10,17,1715,1,2,1,1.0,3,68063,M,4780809.0,717565.0,68
201200006865,12,11,9,1815,5,2,1,1.0,6,68063,M,4780200.0,717500.0,68
201200006866,12,12,20,1300,1,2,1,2.0,6,68063,M,4780000.0,717460.0,68
201200006867,12,1,6,1845,5,2,1,2.0,6,68089,M,4788858.0,699774.0,68
201200006868,12,4,17,1615,1,2,1,1.0,6,68102,M,4788503.0,705276.0,68
201200006869,12,5,26,1730,1,1,1,1.0,3,68171,M,4794123.0,696167.0,68
201200006870,12,7,31,1600,1,1,1,1.0,7,68171,M,4795630.0,699060.0,68
201200006871,12,9,23,1545,1,1,1,1.0,1,68247,M,4794830.0,699550.0,68
201200006872,12,10,5,1630,1,1,1,1.0,1,68171,M,4796259.0,699630.0,68
201200006873,12,10,21,1800,1,1,1,1.0,1,68370,M,4800325.0,697750.0,68
201200006874,12,11,7,2230,3,1,1,1.0,1,68151,M,4788391.0,699970.0,68
201200006875,12,6,14,1445,1,2,1,1.0,3,68304,M,4775219.0,705378.0,68
201200006876,12,7,23,1800,1,1,1,1.0,6,68031,M,4770346.0,717351.0,68
201200006877,12,11,13,1545,2,1,1,1.0,4,68313,M,4771600.0,707600.0,68
201200006878,12,3,22,1915,5,2,1,1.0,6,51357,M,0.0,0.0,51
201200006879,12,7,18,700,1,1,3,1.0,1,51617,M,0.0,0.0,51
201200006880,12,9,6,2045,2,1,1,1.0,5,51278,M,0.0,0.0,51
201200006881,12,12,15,1800,3,1,1,2.0,6,51617,M,0.0,0.0,51
201200006882,12,6,1,1430,1,1,1,1.0,3,51193,M,0.0,0.0,51
201200006883,12,1,2,700,2,1,1,2.0,6,51203,M,0.0,0.0,51
201200006884,12,1,15,530,3,1,1,9.0,6,51486,M,0.0,0.0,51
201200006885,12,3,29,700,2,1,6,1.0,2,51326,M,0.0,0.0,51
201200006886,12,5,20,1515,1,1,6,8.0,7,51599,M,0.0,0.0,51
201200006887,12,6,13,815,1,1,1,2.0,6,51544,M,0.0,0.0,51
201200006888,12,6,30,1800,1,1,1,1.0,5,51544,M,0.0,0.0,51
201200006889,12,7,10,715,1,1,1,1.0,1,51544,M,0.0,0.0,51
201200006890,12,7,5,1700,1,1,2,3.0,3,51559,M,0.0,0.0,51
201200006891,12,9,6,945,1,1,1,1.0,3,51326,M,0.0,0.0,51
201200006892,12,9,17,1345,1,2,8,1.0,1,51078,M,0.0,0.0,51
201200006893,12,9,27,1400,1,2,1,8.0,2,51485,M,0.0,0.0,51
201200006894,12,9,28,645,3,1,2,1.0,3,51031,M,0.0,0.0,51
201200006895,12,10,8,1445,1,1,1,2.0,6,51544,M,0.0,0.0,51
201200006896,12,10,30,745,2,2,1,1.0,1,51587,M,0.0,0.0,51
201200006897,12,10,31,1000,1,2,3,1.0,3,51559,M,0.0,0.0,51
201200006898,12,2,9,1700,3,1,1,1.0,5,51107,M,0.0,0.0,51
201200006899,12,3,27,1230,1,2,1,1.0,6,51029,M,0.0,0.0,51
201200006900,12,4,14,1600,1,1,1,1.0,6,51434,M,0.0,0.0,51
201200006901,12,4,24,1230,1,1,2,1.0,5,51434,M,0.0,0.0,51
201200006902,12,5,7,2015,1,1,1,1.0,5,51200,M,0.0,0.0,51
201200006903,12,5,23,1545,1,1,2,1.0,3,51413,M,0.0,0.0,51
201200006904,12,5,31,2345,3,1,1,1.0,6,51638,M,,,51
201200006905,12,12,21,1645,2,1,1,2.0,2,51200,M,0.0,0.0,51
201200006906,12,5,12,945,1,2,2,1.0,3,51217,M,0.0,0.0,51
201200006907,12,5,20,630,2,1,1,1.0,1,51592,M,0.0,0.0,51
201200006908,12,5,28,1145,1,1,1,1.0,1,51585,M,0.0,0.0,51
201200006909,12,7,6,730,1,1,1,8.0,1,51192,M,0.0,0.0,51
201200006910,12,7,16,1745,1,2,2,1.0,3,51585,M,0.0,0.0,51
201200006911,12,7,31,1730,1,1,1,1.0,6,51012,M,0.0,0.0,51
201200006912,12,8,8,1515,1,1,1,1.0,1,51457,M,0.0,0.0,51
201200006913,12,10,22,1515,1,2,1,1.0,1,51298,M,0.0,0.0,51
201200006914,12,4,6,230,3,1,1,1.0,7,51555,M,0.0,0.0,51
201200006915,12,4,6,600,2,1,1,1.0,1,51167,M,0.0,0.0,51
201200006916,12,5,19,1200,1,1,1,1.0,3,51035,M,0.0,0.0,51
201200006917,12,6,29,1445,1,1,1,1.0,1,51594,M,0.0,0.0,51
201200006918,12,8,5,845,1,2,1,1.0,3,51167,M,0.0,0.0,51
201200006919,12,10,18,1945,3,1,1,1.0,6,51555,M,0.0,0.0,51
201200006920,12,6,16,1845,1,1,2,1.0,1,51380,M,0.0,0.0,51
201200006921,12,8,24,1955,1,1,1,2.0,6,51380,M,0.0,0.0,51
201200006922,12,10,9,715,2,2,1,2.0,6,51380,M,0.0,0.0,51
201200006923,12,11,10,300,3,1,1,2.0,6,51381,M,0.0,0.0,51
201200006924,12,11,21,830,1,1,1,1.0,6,51563,M,0.0,0.0,51
201200006925,12,1,26,1715,2,1,1,2.0,7,51009,M,0.0,0.0,51
201200006926,12,4,24,1745,1,1,1,8.0,1,51009,M,0.0,0.0,51
201200006927,12,6,19,1715,1,2,3,2.0,1,51254,M,0.0,0.0,51
201200006928,12,8,9,2100,1,2,3,1.0,6,51535,M,0.0,0.0,51
201200006929,12,8,25,930,1,2,2,1.0,3,51009,M,0.0,0.0,51
201200006930,12,9,7,1715,1,2,3,1.0,3,51492,M,0.0,0.0,51
201200006931,12,10,3,2015,2,1,1,2.0,1,51162,M,0.0,0.0,51
201200006932,12,11,13,1815,3,1,2,1.0,3,51514,M,0.0,0.0,51
201200006933,12,11,15,1230,1,2,2,1.0,3,51524,M,0.0,0.0,51
201200006934,12,12,14,1915,5,2,1,3.0,6,51116,M,0.0,0.0,51
201200006935,12,4,5,2045,5,2,1,1.0,1,51250,M,0.0,0.0,51
201200006936,12,8,13,1645,1,1,1,1.0,6,51014,M,0.0,0.0,51
201200006937,12,8,29,1845,1,2,1,1.0,2,51250,M,0.0,0.0,51
201200006938,12,11,21,730,1,2,2,1.0,1,51250,M,0.0,0.0,51