Num_Acc,an,mois,jour,hrmn,lum,agg,int,atm,col,com,gps,lat,long,dep
201200006939,12,11,29,2130,3,1,1,1.0,6,51250,M,0.0,0.0,51
201200006940,12,3,23,1200,1,1,2,1.0,3,51622,M,0.0,0.0,51
201200006941,12,5,22,1215,1,1,3,1.0,3,51573,M,0.0,0.0,51
201200006942,12,5,30,945,1,1,1,1.0,2,51391,M,0.0,0.0,51
201200006943,12,6,7,1800,1,1,1,1.0,5,51418,M,0.0,0.0,51
201200006944,12,7,19,530,3,1,1,2.0,7,51527,M,0.0,0.0,51
201200006945,12,10,15,1430,1,1,1,1.0,6,51183,M,0.0,0.0,51
201200006946,12,10,16,830,2,1,2,2.0,2,51391,M,0.0,0.0,51
201200006947,12,11,8,1745,3,1,1,1.0,6,51391,M,0.0,0.0,51
201200006948,12,12,13,1000,1,1,1,8.0,1,51582,M,0.0,0.0,51
201200006949,12,12,19,530,3,1,1,9.0,2,51391,M,0.0,0.0,51
201200006950,12,3,13,2045,5,1,6,1.0,6,51347,M,0.0,0.0,51
201200006951,12,1,25,845,1,1,1,2.0,1,51557,M,0.0,0.0,51
201200006952,12,3,25,1900,1,2,1,1.0,6,51141,M,0.0,0.0,51
201200006953,12,4,21,1530,1,1,2,2.0,3,51510,M,0.0,0.0,51
201200006954,12,5,8,1145,1,2,2,1.0,3,51649,M,0.0,0.0,51
201200006955,12,7,13,1515,1,1,1,8.0,1,51649,M,0.0,0.0,51
201200006956,12,7,16,745,1,2,1,1.0,3,51649,M,0.0,0.0,51
201200006957,12,7,27,1300,1,2,2,1.0,3,51649,M,0.0,0.0,51
201200006958,12,8,2,1030,1,2,1,1.0,6,51649,M,0.0,0.0,51
201200006959,12,9,17,2015,5,2,1,1.0,6,51647,M,0.0,0.0,51
201200006960,12,12,12,1200,1,2,1,1.0,6,51649,M,0.0,0.0,51
201200006961,12,12,14,1100,1,2,1,8.0,2,51649,M,0.0,0.0,51
201200006962,12,12,22,1430,1,2,2,3.0,3,51649,M,0.0,0.0,51
201200006963,12,11,21,1200,1,1,3,1.0,3,51531,M,0.0,0.0,51
201200006964,12,4,9,1215,1,1,1,1.0,7,51270,M,0.0,0.0,51
201200006965,12,9,26,1815,2,1,1,2.0,6,51590,M,0.0,0.0,51
201200006966,12,10,7,845,1,1,1,2.0,6,51442,M,0.0,0.0,51
201200006967,12,10,29,700,2,2,2,1.0,3,51134,M,0.0,0.0,51
201200006968,12,11,9,1830,4,1,2,2.0,3,51373,M,0.0,0.0,51
201200006969,12,12,7,2100,3,1,1,4.0,6,51423,M,0.0,0.0,51
201200006970,12,10,7,1,3,1,1,2.0,6,51270,M,0.0,0.0,51
201200006971,12,6,4,1500,1,1,1,1.0,6,51166,M,0.0,0.0,51
201200006972,12,10,29,1800,5,2,1,2.0,6,51370,M,0.0,0.0,51
201200006973,12,9,5,1030,1,2,1,1.0,6,51507,M,0.0,0.0,51
201200006974,12,1,3,1700,5,2,1,3.0,7,08079,M,0.0,0.0,08
201200006975,12,1,25,1000,1,1,1,1.0,1,08483,M,0.0,0.0,08
201200006976,12,2,2,1400,1,1,1,1.0,7,08079,M,4968800.0,476920.0,08
201200006977,12,5,8,1815,1,2,1,1.0,6,08327,M,0.0,0.0,08
201200006978,12,8,9,1715,1,1,1,1.0,1,08352,M,4964940.0,458310.0,08
201200006979,12,8,16,2215,5,2,1,1.0,6,08173,M,4969590.0,476880.0,08
201200006980,12,10,11,1630,1,2,1,1.0,3,08140,M,4969000.0,480400.0,08
201200006981,12,2,19,1900,3,1,1,9.0,6,08081,M,4984930.0,470930.0,08
201200006982,12,5,17,1945,1,2,9,1.0,5,08081,M,4985791.0,476285.0,08
201200006983,12,6,10,915,1,1,9,1.0,3,08237,M,0.0,0.0,08
201200006984,12,7,21,1445,1,2,1,1.0,2,08448,M,0.0,0.0,08
201200006985,12,9,7,2245,3,1,1,1.0,7,08328,M,4990400.0,474700.0,08
201200006986,12,10,20,1815,1,1,1,1.0,1,08302,M,4986600.0,473100.0,08
201200006987,12,12,5,415,3,1,1,2.0,1,08328,M,0.0,0.0,08
201200006988,12,3,24,830,1,1,1,1.0,7,08058,M,4977800.0,464700.0,08
201200006989,12,4,10,1115,1,2,1,8.0,3,08370,M,0.0,0.0,08
201200006990,12,4,20,900,1,1,1,8.0,7,08408,M,4987100.0,465800.0,08
201200006991,12,5,31,430,2,1,1,1.0,6,08260,M,4981000.0,459200.0,08
201200006992,12,9,4,1700,1,1,1,1.0,6,08284,M,4988900.0,458940.0,08
201200006993,12,11,18,430,3,1,4,5.0,6,08212,M,4986200.0,454600.0,08
201200006994,12,12,3,615,3,1,1,5.0,1,08137,M,0.0,0.0,08
201200006995,12,3,23,2345,3,1,1,1.0,7,08363,M,4993800.0,467400.0,08
201200006996,12,9,28,1600,1,1,1,1.0,6,08367,M,4993200.0,461700.0,08
201200006997,12,8,1,1815,1,2,1,1.0,2,08190,M,0.0,0.0,08
201200006998,12,11,12,1730,5,2,3,1.0,6,08190,M,0.0,0.0,08
201200006999,12,12,6,915,1,1,1,7.0,2,08190,M,0.0,0.0,08
201200007000,12,2,25,1845,3,1,1,1.0,1,08436,M,4992000.0,447900.0,08
201200007001,12,5,7,845,1,2,1,1.0,7,08257,M,4978200.0,440400.0,08
201200007002,12,6,25,930,1,1,1,1.0,3,08257,M,4978100.0,438400.0,08
201200007003,12,7,20,2030,1,1,1,1.0,1,08318,M,4991890.0,423330.0,08
201200007004,12,11,4,330,3,1,1,2.0,6,08367,M,0.0,0.0,08
201200007005,12,3,23,1400,1,1,1,1.0,3,08145,M,4967800.0,505400.0,08
201200007006,12,8,4,400,3,1,1,5.0,6,08291,M,4967600.0,528800.0,08
201200007007,12,11,10,1715,5,2,1,1.0,6,08090,M,0.0,0.0,08
201200007008,12,1,10,1300,1,1,1,1.0,6,08331,M,4967600.0,495000.0,08
201200007009,12,5,12,2100,3,1,1,1.0,6,08119,M,0.0,0.0,08
201200007010,12,6,10,530,2,2,1,1.0,6,08491,M,4974000.0,485800.0,08
201200007011,12,6,10,830,1,1,1,1.0,7,08491,M,0.0,0.0,08
201200007012,12,7,13,1800,1,2,1,8.0,1,08488,M,0.0,0.0,08
201200007013,12,7,22,1730,1,1,2,1.0,3,08119,M,4966600.0,489000.0,08
201200007014,12,8,5,1730,5,2,1,1.0,6,08491,M,0.0,0.0,08
201200007015,12,8,17,1230,1,1,1,1.0,6,08115,M,4959600.0,488200.0,08
201200007016,12,11,28,1615,1,2,2,1.0,1,08488,M,4973540.0,482740.0,08
201200007017,12,4,6,2045,2,1,1,1.0,6,08250,M,4939100.0,454300.0,08
201200007018,12,5,22,1030,1,1,1,1.0,7,08151,M,4953200.0,457200.0,08
201200007019,12,6,9,2130,1,1,1,1.0,6,08220,M,4930500.0,440700.0,08
201200007020,12,7,23,615,1,1,1,1.0,6,08490,M,0.0,0.0,08
201200007021,12,12,1,2200,3,1,1,4.0,7,08490,M,4939900.0,474200.0,08
201200007022,12,6,16,1930,1,1,1,2.0,1,08017,M,4927000.0,498200.0,08
201200007023,12,8,19,600,3,1,1,1.0,7,08057,M,4948100.0,481900.0,08
201200007024,12,10,3,1500,1,1,1,1.0,2,08186,M,4944300.0,488500.0,08
201200007025,12,4,6,1115,1,1,1,1.0,3,08144,M,4952400.0,440600.0,08
201200007026,12,5,24,1615,1,1,1,1.0,7,08001,M,0.0,0.0,08
201200007027,12,6,26,1630,1,1,1,1.0,7,08062,M,0.0,0.0,08
201200007028,12,9,30,1400,1,1,1,1.0,7,08064,M,0.0,0.0,08
201200007029,12,2,22,700,2,1,1,1.0,3,08248,M,4966200.0,454100.0,08
201200007030,12,2,14,1530,1,1,1,2.0,7,10354,M,0.0,0.0,10
201200007031,12,5,20,530,2,1,1,2.0,6,10430,M,4863258.0,417706.0,10
201200007032,12,7,3,1700,1,1,1,1.0,3,10006,M,4852216.0,414279.0,10
201200007033,12,7,8,215,3,1,1,1.0,7,10195,M,4857084.0,426297.0,10
201200007034,12,8,15,1430,1,1,1,1.0,7,10121,M,0.0,0.0,10
201200007035,12,12,6,1915,2,1,1,1.0,6,10084,M,0.0,0.0,10
201200007036,12,2,27,830,1,1,1,5.0,7,10188,M,4806978.0,420827.0,10
201200007037,12,4,14,1630,1,1,2,8.0,5,10116,M,4814684.0,401031.0,10
201200007038,12,5,3,1830,1,2,1,1.0,1,10080,M,4806023.0,414316.0,10
201200007039,12,6,9,1730,1,2,1,1.0,1,10122,M,4804415.0,393490.0,10
201200007040,12,7,22,730,1,1,1,1.0,6,10177,M,4815275.0,401690.0,10
201200007041,12,9,7,1545,1,1,1,1.0,6,10441,M,4812400.0,383400.0,10
201200007042,12,9,11,2200,5,2,1,1.0,6,10098,M,4797693.0,410870.0,10
201200007043,12,4,17,1615,1,1,1,1.0,1,10030,M,4832753.0,403253.0,10
201200007044,12,7,14,330,5,2,1,3.0,6,10340,M,4825084.0,403133.0,10
201200007045,12,8,10,2015,1,1,1,1.0,6,10248,M,4829957.0,395094.0,10
201200007046,12,11,2,915,1,1,1,8.0,1,10173,M,0.0,0.0,10
201200007047,12,12,16,1,3,1,1,1.0,6,10349,M,0.0,0.0,10
201200007048,12,2,3,1915,3,1,1,1.0,7,10319,M,4821800.0,362600.0,10
201200007049,12,4,17,2100,5,2,2,1.0,3,10444,M,4823272.0,362231.0,10
201200007050,12,7,29,1030,1,1,1,1.0,1,10003,M,4820200.0,372700.0,10
201200007051,12,12,7,1730,5,2,1,2.0,6,10142,M,4827200.0,380700.0,10
201200007052,12,1,23,1815,2,1,1,2.0,6,10245,M,4826228.0,422001.0,10
201200007053,12,2,15,1615,1,1,1,1.0,5,10110,M,4826159.0,423997.0,10
201200007054,12,6,18,1750,1,1,2,1.0,3,10209,M,4826265.0,424788.0,10
201200007055,12,8,19,800,1,2,1,1.0,6,10165,M,0.0,0.0,10
201200007056,12,12,3,830,1,2,1,4.0,5,10239,M,0.0,0.0,10
201200007057,12,1,14,1845,5,2,2,1.0,3,10215,M,4824600.0,453900.0,10
201200007058,12,1,21,845,1,2,2,2.0,3,10033,M,4823110.0,470434.0,10
201200007059,12,4,19,2045,1,1,1,1.0,1,10401,M,4826044.0,449222.0,10
201200007060,12,8,17,1645,1,1,2,1.0,3,10005,M,4827985.0,451025.0,10
201200007061,12,1,4,1130,1,1,9,1.0,3,10064,M,4840500.0,453200.0,10
201200007062,12,2,23,1600,1,2,1,1.0,6,10286,M,4834591.0,460061.0,10
201200007063,12,4,8,945,1,1,1,1.0,6,10389,M,4833644.0,456241.0,10
201200007064,12,4,23,1230,1,1,1,8.0,7,10345,M,4841640.0,449384.0,10
201200007065,12,9,29,1845,1,2,1,1.0,6,10445,M,0.0,0.0,10
201200007066,12,11,19,1615,1,1,1,7.0,3,10184,M,4842600.0,462700.0,10
201200007067,12,11,23,1615,1,2,1,1.0,1,10063,M,4837700.0,453100.0,10
201200007068,12,12,12,1730,2,1,1,8.0,6,10094,M,4851300.0,454800.0,10
201200007069,12,2,12,630,2,2,1,1.0,6,10317,M,0.0,0.0,10
201200007070,12,2,15,745,2,2,1,9.0,1,10199,M,4806415.0,450301.0,10
201200007071,12,3,7,1445,1,1,1,1.0,3,10232,M,4810232.0,438728.0,10
201200007072,12,4,13,745,1,1,1,1.0,2,10358,M,4816358.0,423019.0,10
201200007073,12,7,25,745,1,2,1,1.0,7,10111,M,4802004.0,444418.0,10
201200007074,12,9,2,745,1,2,1,1.0,6,10358,M,4817300.0,422200.0,10
201200007075,12,9,17,645,2,2,1,1.0,1,10437,M,0.0,0.0,10
201200007076,12,10,15,1745,1,1,2,1.0,3,10068,M,0.0,0.0,10
201200007077,12,3,20,1530,1,1,1,1.0,7,10208,M,4838759.0,344407.0,10
201200007078,12,3,25,145,5,2,1,1.0,7,10420,M,4859200.0,354800.0,10
201200007079,12,4,15,1745,1,2,1,1.0,6,10367,M,4854460.0,349927.0,10
201200007080,12,4,17,700,2,1,1,1.0,1,10231,M,4850294.0,345908.0,10
201200007081,12,7,12,1400,1,1,2,1.0,3,10031,M,4855077.0,357900.0,10
201200007082,12,6,23,2115,2,2,1,1.0,6,10339,M,4840700.0,376200.0,10
201200007083,12,8,8,1545,1,1,1,1.0,1,10231,M,4853100.0,340700.0,10
201200007084,12,8,10,1645,1,1,1,1.0,1,10106,M,4846327.0,342821.0,10
201200007085,12,8,25,815,1,2,2,1.0,3,10020,M,4844000.0,356500.0,10
201200007086,12,11,18,1200,1,2,1,8.0,6,10367,M,4854700.0,350200.0,10
201200007087,12,11,27,1730,2,1,1,1.0,1,10355,M,0.0,0.0,10
201200007088,12,2,1,1715,2,1,1,1.0,6,10132,M,4852100.0,393200.0,10
201200007089,12,2,8,1745,3,1,1,1.0,6,10353,M,4843800.0,391300.0,10
201200007090,12,2,22,2000,5,2,1,1.0,6,10233,M,4850444.0,388594.0,10
201200007091,12,3,29,1615,1,1,1,1.0,2,10132,M,4850400.0,390900.0,10
201200007092,12,4,2,1730,1,2,1,1.0,2,10323,M,4851643.0,371510.0,10
201200007093,12,6,1,1115,1,2,3,1.0,3,10323,M,4851138.0,372148.0,10
201200007094,12,6,7,1445,1,1,1,1.0,1,10368,M,4840419.0,393973.0,10
201200007095,12,11,4,830,1,1,1,8.0,1,10368,M,0.0,0.0,10
201200007096,12,11,27,700,2,1,1,1.0,7,10351,M,4843000.0,368000.0,10
201200007097,12,3,20,1130,1,1,9,1.0,2,52469,M,4804609.0,505759.0,52
201200007098,12,3,31,1445,1,1,1,1.0,4,52522,M,4823114.0,513823.0,52
201200007099,12,4,7,1845,1,1,1,1.0,7,52087,M,4808931.0,501390.0,52
201200007100,12,4,13,1745,1,1,1,1.0,3,52114,M,4805144.0,493339.0,52
201200007101,12,5,24,2230,3,1,1,1.0,6,52251,M,4817613.0,503868.0,52
201200007102,12,5,31,715,1,1,1,1.0,3,52087,M,4809655.0,503777.0,52
201200007103,12,6,20,630,2,1,1,8.0,1,52151,M,4797215.0,496233.0,52
201200007104,12,8,20,1900,1,1,1,1.0,1,52469,M,4805691.0,506691.0,52
201200007105,12,9,15,1115,1,1,1,1.0,7,52072,M,4816318.0,512818.0,52
201200007106,12,9,21,1745,1,1,1,2.0,5,52469,M,4805416.0,506438.0,52
201200007107,12,9,28,1300,1,1,1,7.0,1,52469,M,4804439.0,505757.0,52
201200007108,12,9,9,1915,1,1,1,1.0,3,52050,M,4808948.0,527189.0,52
201200007109,12,6,27,1545,1,2,1,1.0,6,52211,M,4829859.0,514230.0,52
201200007110,12,5,4,1145,1,1,1,1.0,1,52246,M,4791495.0,528933.0,52
201200007111,12,6,6,1830,1,2,1,1.0,1,52355,M,4783057.0,525990.0,52
201200007112,12,6,21,700,2,1,1,5.0,7,52392,M,4790743.0,549880.0,52
201200007113,12,6,30,1815,1,1,1,1.0,7,52105,M,4792007.0,538567.0,52
201200007114,12,7,8,200,3,1,1,1.0,6,52115,M,4785691.0,538328.0,52
201200007115,12,7,23,800,1,1,1,1.0,1,52449,M,4782842.0,530809.0,52
201200007116,12,8,8,1930,1,1,2,1.0,3,52355,M,4783178.0,527171.0,52
201200007117,12,8,17,815,1,1,1,1.0,2,52116,M,4784526.0,544782.0,52
201200007118,12,9,13,1315,1,1,1,1.0,6,52280,M,4785978.0,544468.0,52
201200007119,12,9,28,2030,3,1,1,1.0,1,52328,M,4788015.0,572006.0,52
201200007120,12,11,4,715,1,2,1,2.0,6,52921,M,4789662.0,562267.0,52
201200007121,12,12,9,430,5,1,9,9.0,6,52332,M,4799111.0,555349.0,52
201200007122,12,4,1,1645,1,1,1,1.0,1,52197,M,4777534.0,565496.0,52
201200007123,12,5,20,2345,3,1,1,9.0,1,52438,M,4780356.0,555906.0,52
201200007124,12,7,2,200,3,1,1,1.0,6,52197,M,4778867.0,558720.0,52
201200007125,12,8,4,1145,1,1,1,1.0,1,52374,M,4778884.0,541370.0,52
201200007126,12,9,23,1500,1,2,1,1.0,6,52093,M,4779970.0,544866.0,52
201200007127,12,11,11,500,3,1,1,1.0,6,52438,M,4779601.0,556573.0,52
201200007128,12,1,11,800,1,1,1,5.0,1,52014,M,4776859.0,519565.0,52
201200007129,12,7,1,1630,1,1,1,1.0,7,52040,M,4782454.0,506696.0,52
201200007130,12,11,5,1630,1,1,2,1.0,3,52014,M,4778556.0,522397.0,52
201200007131,12,5,12,1815,1,1,1,1.0,6,52235,M,4864506.0,488222.0,52
201200007132,12,7,27,1715,1,1,1,1.0,1,52226,M,4854569.0,507549.0,52
201200007133,12,8,17,1815,1,1,1,1.0,3,52006,M,4856571.0,489410.0,52
201200007134,12,8,22,1645,1,1,1,1.0,5,52429,M,4860262.0,503174.0,52
201200007135,12,9,23,345,4,1,1,1.0,6,52386,M,4865320.0,483277.0,52
201200007136,12,1,8,1245,1,1,1,2.0,6,52177,M,4831751.0,521020.0,52
201200007137,12,7,9,1830,1,1,1,1.0,6,52316,M,4841423.0,505511.0,52
201200007138,12,10,31,1800,3,1,1,1.0,7,52250,M,4843856.0,514095.0,52
201200007139,12,11,21,845,1,2,1,1.0,1,52250,M,4844276.0,514168.0,52
201200007140,12,12,16,1745,3,1,1,4.0,5,52230,M,4833605.0,513013.0,52
201200007141,12,2,5,1500,1,1,1,1.0,7,52359,M,4835624.0,480535.0,52
201200007142,12,4,10,1045,1,2,1,1.0,7,52550,M,4849869.0,493764.0,52
201200007143,12,4,24,1830,1,1,1,8.0,5,52172,M,4840717.0,491822.0,52
201200007144,12,6,15,745,1,2,1,2.0,1,52331,M,4848540.0,477441.0,52
201200007145,12,7,25,1800,1,1,1,1.0,6,52149,M,4840675.0,495528.0,52
201200007146,12,8,6,1815,1,2,2,1.0,3,52359,M,4836604.0,478137.0,52
201200007147,12,1,29,1530,1,1,1,1.0,2,45032,M,0.0,0.0,45
201200007148,12,2,15,1045,1,1,1,8.0,2,89380,M,4806000.0,308900.0,89
201200007149,12,7,25,1500,1,1,1,1.0,6,45149,M,0.0,0.0,45
201200007150,12,5,18,1615,1,1,1,1.0,4,21021,M,4735100.0,516300.0,21
201200007151,12,5,23,1815,1,1,1,1.0,7,21111,M,4740700.0,515000.0,21
201200007152,12,8,22,1730,1,1,1,1.0,1,21021,M,4734400.0,517600.0,21
201200007153,12,2,10,1945,3,1,1,1.0,1,21028,M,4720100.0,538100.0,21
201200007154,12,3,4,1500,1,1,1,1.0,7,21493,M,4725300.0,538600.0,21
201200007155,12,5,2,500,3,1,1,3.0,6,21699,M,0.0,0.0,21
201200007156,12,5,25,1945,1,1,1,1.0,7,21371,M,0.0,0.0,21
201200007157,12,8,31,830,1,1,3,1.0,3,21699,M,0.0,0.0,21
201200007158,12,9,4,1845,1,1,1,1.0,6,21028,M,4723000.0,537900.0,21
201200007159,12,10,7,530,3,1,1,2.0,6,21699,M,0.0,0.0,21
201200007160,12,11,4,2015,3,1,1,2.0,1,21609,M,4721300.0,528000.0,21
201200007161,12,2,16,1900,4,1,1,1.0,6,21353,M,4719700.0,513100.0,21
201200007162,12,3,2,115,4,1,1,5.0,6,21656,M,4723600.0,519400.0,21
201200007163,12,3,10,1515,1,1,1,1.0,1,21632,M,4722400.0,513200.0,21
201200007164,12,4,10,1430,1,1,1,3.0,5,21261,M,4725900.0,516800.0,21
201200007165,12,6,27,1800,1,1,1,1.0,3,21353,M,4720900.0,515800.0,21
201200007166,12,7,7,1630,1,1,1,1.0,3,21656,M,0.0,0.0,21
201200007167,12,9,5,915,1,1,8,1.0,3,21005,M,0.0,0.0,21
201200007168,12,1,14,1400,1,2,1,7.0,6,21110,M,0.0,0.0,21
201200007169,12,3,1,1700,1,2,1,1.0,2,21390,M,0.0,0.0,21
201200007170,12,3,8,715,1,1,1,1.0,1,21200,M,0.0,0.0,21
201200007171,12,4,6,1645,1,1,1,1.0,5,21295,M,0.0,0.0,21
201200007172,12,8,12,2230,3,1,1,1.0,6,21481,M,0.0,0.0,21
201200007173,12,11,2,1315,1,1,1,3.0,1,21113,M,4720500.0,503100.0,21
201200007174,12,8,22,2100,3,1,1,1.0,1,21571,M,4736800.0,540900.0,21
201200007175,12,8,18,1715,1,1,2,1.0,3,21146,M,4738000.0,535300.0,21
201200007176,12,8,28,300,3,1,1,1.0,6,21482,M,4731000.0,543300.0,21
201200007177,12,11,7,1600,1,1,1,8.0,1,21071,M,4748600.0,524800.0,21
201200007178,12,3,3,1045,1,1,1,1.0,3,21620,M,4754300.0,498500.0,21
201200007179,12,3,18,45,3,1,1,1.0,6,21599,M,4763900.0,527000.0,21
201200007180,12,3,24,445,3,1,1,1.0,2,21638,M,4754800.0,519800.0,21
201200007181,12,4,22,1930,1,2,1,1.0,6,21361,M,4749400.0,521400.0,21
201200007182,12,5,17,745,1,1,1,1.0,2,21211,M,4757500.0,515700.0,21
201200007183,12,6,19,1530,1,1,1,1.0,3,21599,M,4762200.0,525600.0,21
201200007184,12,7,4,1630,1,1,1,1.0,7,21119,M,4767200.0,496000.0,21
201200007185,12,7,14,2100,3,1,1,1.0,7,21614,M,4743900.0,517500.0,21
201200007186,12,10,7,2015,1,1,1,1.0,7,21317,M,4759100.0,517800.0,21
201200007187,12,10,17,1530,1,1,1,1.0,2,21599,M,4759000.0,522900.0,21
201200007188,12,3,10,1830,1,2,1,1.0,1,21086,M,4666000.0,436700.0,21
201200007189,12,5,7,1400,1,1,1,1.0,1,21492,M,,,21
201200007190,12,6,2,1545,1,1,1,1.0,7,21065,M,4713300.0,423800.0,21
201200007191,12,7,5,1845,1,1,1,1.0,7,21492,M,,,21
201200007192,12,7,10,1330,1,1,1,1.0,7,21150,M,4656700.0,423300.0,21
201200007193,12,7,15,1815,1,1,1,1.0,1,21099,M,4705000.0,476700.0,21
201200007194,12,7,23,1500,1,1,1,1.0,5,21387,M,0.0,0.0,21
201200007195,12,11,25,130,3,1,1,1.0,6,21173,M,4705900.0,485900.0,21
201200007196,12,12,6,1700,3,1,1,8.0,6,21196,M,4693300.0,474300.0,21
201200007197,12,12,25,1345,1,1,1,2.0,7,21583,M,0.0,0.0,21
201200007198,12,12,29,1130,1,1,9,1.0,3,21461,M,4694200.0,463900.0,21
201200007199,12,5,15,1745,1,1,4,7.0,3,21068,M,4739000.0,472200.0,21
201200007200,12,10,27,1100,1,1,1,2.0,6,21023,M,4244800.0,498100.0,21
201200007201,12,2,6,1645,1,1,1,1.0,6,21088,M,0.0,0.0,21
201200007202,12,2,17,1645,3,1,1,1.0,3,21464,M,0.0,0.0,21
201200007203,12,5,1,1315,1,2,1,1.0,3,21186,M,0.0,0.0,21
201200007204,12,5,18,1745,1,2,1,1.0,1,21464,M,4714300.0,494900.0,21
201200007205,12,6,23,2245,5,1,1,1.0,3,21088,M,4714300.0,497900.0,21
201200007206,12,7,16,1830,1,1,1,1.0,6,21294,M,4712300.0,500700.0,21
201200007207,12,1,14,830,1,1,1,7.0,1,21035,M,0.0,0.0,21
201200007208,12,2,3,800,1,2,1,1.0,6,21239,M,0.0,0.0,21
201200007209,12,3,2,1545,1,2,1,1.0,3,21356,M,0.0,0.0,21
201200007210,12,3,23,1415,3,1,1,1.0,6,21112,M,0.0,0.0,21
201200007211,12,4,17,1145,1,2,1,1.0,1,21103,M,0.0,0.0,21
201200007212,12,7,19,1430,1,1,1,1.0,1,21575,M,0.0,0.0,21
201200007213,12,1,6,1145,1,2,1,1.0,2,21154,M,4787200.0,457400.0,21
201200007214,12,2,15,1515,1,1,1,2.0,6,21510,M,4787200.0,464700.0,21
201200007215,12,3,6,2100,3,2,1,1.0,6,21435,M,4791100.0,455600.0,21
201200007216,12,4,13,1215,1,2,1,1.0,6,21154,M,4787100.0,457400.0,21
201200007217,12,4,22,1145,1,1,1,2.0,6,21149,M,4795700.0,450200.0,21
201200007218,12,4,27,1530,1,1,1,2.0,1,21154,M,4785400.0,455700.0,21
201200007219,12,5,1,2030,2,1,1,1.0,7,21674,M,4793400.0,479200.0,21
201200007220,12,5,12,1745,1,2,1,1.0,1,21454,M,4786800.0,431700.0,21
201200007221,12,7,1,1430,1,2,1,1.0,6,21693,M,4791900.0,436600.0,21
201200007222,12,8,5,115,5,2,1,1.0,6,21134,M,4779900.0,454400.0,21
201200007223,12,8,21,1500,1,2,4,1.0,3,21336,M,4784900.0,436500.0,21
201200007224,12,9,2,2015,2,2,2,1.0,3,21655,M,4784000.0,470000.0,21
201200007225,12,9,16,1115,1,1,1,1.0,3,21077,M,4791000.0,472000.0,21
201200007226,12,9,27,1215,1,2,1,2.0,3,21154,M,0.0,0.0,21
201200007227,12,10,23,800,2,1,1,5.0,1,21511,M,4774100.0,447500.0,21
201200007228,12,11,14,1345,1,1,3,1.0,1,21706,M,4786600.0,467300.0,21
201200007229,12,11,23,830,1,2,1,1.0,6,21154,M,0.0,0.0,21
201200007230,12,1,20,1400,1,1,2,2.0,3,21043,M,4762700.0,465000.0,21
201200007231,12,5,26,1100,1,1,1,1.0,5,21514,M,4767600.0,462300.0,21
201200007232,12,1,17,1545,1,2,1,1.0,6,21425,M,0.0,0.0,21
201200007233,12,2,4,200,3,1,1,1.0,7,21633,M,4734000.0,447100.0,21
201200007234,12,8,6,1945,1,1,1,1.0,7,21710,M,4740700.0,452200.0,21
201200007235,12,5,11,1900,1,1,1,1.0,6,21139,M,4729100.0,418600.0,21
201200007236,12,8,20,2145,5,2,1,1.0,6,21531,M,4743100.0,410200.0,21
201200007237,12,9,9,1300,1,2,1,1.0,6,21584,M,4726200.0,413500.0,21
201200007238,12,4,6,1830,1,1,1,1.0,1,21485,M,4734100.0,494600.0,21
201200007239,12,7,3,1815,1,1,1,1.0,1,21310,M,4731300.0,461900.0,21
201200007240,12,7,14,2230,3,1,1,2.0,6,21485,M,4733700.0,497600.0,21
201200007241,12,8,11,2030,3,1,1,1.0,2,21559,M,4730400.0,481900.0,21
201200007242,12,9,15,1845,1,2,1,1.0,6,21661,M,4732200.0,491000.0,21
201200007243,12,10,21,1300,1,1,1,1.0,3,21223,M,0.0,0.0,21
201200007244,12,11,26,145,3,1,1,1.0,2,21559,M,4730300.0,479400.0,21
201200007245,12,1,16,1800,5,2,1,1.0,6,58151,M,0.0,0.0,58
201200007246,12,1,24,1900,5,2,1,1.0,6,58118,M,4682500.0,372400.0,58
201200007247,12,2,14,430,3,1,1,4.0,6,58097,M,0.0,0.0,58
201200007248,12,3,15,1430,2,1,1,1.0,1,58060,M,0.0,0.0,58
201200007249,12,4,27,1130,1,2,1,1.0,1,58095,M,0.0,0.0,58
201200007250,12,5,27,1845,1,1,1,1.0,3,58250,M,0.0,0.0,58
201200007251,12,10,4,1630,1,1,1,2.0,1,58250,M,4686000.0,345700.0,58
201200007252,12,11,23,745,2,1,9,8.0,1,58280,M,0.0,0.0,58
201200007253,12,12,6,1715,5,2,1,1.0,1,58250,M,4684300.0,345300.0,58
201200007254,12,1,23,1330,1,1,1,1.0,3,58160,M,0.0,0.0,58
201200007255,12,8,5,1215,1,2,1,1.0,1,58121,M,0.0,0.0,58
201200007256,12,9,11,1145,1,1,1,1.0,6,58160,M,0.0,0.0,58
201200007257,12,10,7,1700,1,1,1,8.0,6,58051,M,4694500.0,316300.0,58
201200007258,12,10,17,1245,1,2,1,1.0,6,58051,M,4695300.0,313600.0,58
201200007259,12,11,4,1545,1,1,1,2.0,1,58121,M,0.0,0.0,58
201200007260,12,12,27,1030,5,2,1,5.0,1,58117,M,4703300.0,308800.0,58
201200007261,12,12,21,1245,1,1,1,2.0,5,58121,M,0.0,0.0,58