Num_Acc,an,mois,jour,hrmn,lum,agg,int,atm,col,com,gps,lat,long,dep
201200007262,12,12,24,1830,5,2,1,2.0,3,58117,M,4701700.0,308800.0,58
201200007263,12,2,20,430,3,1,6,1.0,7,58260,M,0.0,0.0,58
201200007264,12,6,23,1845,1,1,2,1.0,3,58311,M,0.0,0.0,58
201200007265,12,7,11,2215,5,2,1,1.0,1,58134,M,0.0,0.0,58
201200007266,12,7,21,1630,1,1,1,1.0,7,58031,M,0.0,0.0,58
201200007267,12,12,14,1200,1,1,1,3.0,1,58232,M,4700800.0,341900.0,58
201200007268,12,6,24,1130,1,1,1,1.0,1,58057,M,0.0,0.0,58
201200007269,12,7,10,1000,1,2,1,1.0,3,58264,M,4679100.0,312300.0,58
201200007270,12,8,3,1945,1,2,1,1.0,3,58260,M,4686200.0,314200.0,58
201200007271,12,8,31,1830,1,1,1,1.0,1,58087,M,4678300.0,347500.0,58
201200007272,12,11,16,1815,3,1,1,5.0,2,58087,M,4676400.0,348000.0,58
201200007273,12,12,22,1845,5,2,1,1.0,1,58057,M,4673000.0,317700.0,58
201200007274,12,4,1,1445,1,1,1,1.0,1,58262,M,0.0,0.0,58
201200007275,12,4,22,1630,1,1,1,8.0,6,58066,M,0.0,0.0,58
201200007276,12,6,1,1645,1,1,1,1.0,1,58063,M,0.0,0.0,58
201200007277,12,7,8,1815,1,1,1,1.0,7,58114,M,0.0,0.0,58
201200007278,12,9,12,1700,1,2,1,1.0,1,58182,M,4698900.0,381100.0,58
201200007279,12,9,28,1100,1,2,1,7.0,3,58149,M,0.0,0.0,58
201200007280,12,1,16,830,1,1,1,1.0,1,58038,M,4742300.0,346300.0,58
201200007281,12,5,17,2330,3,1,1,2.0,7,58032,M,4748500.0,342200.0,58
201200007282,12,7,15,1100,1,2,1,1.0,7,58165,M,0.0,0.0,58
201200007283,12,9,15,1815,1,1,1,1.0,6,58304,M,4736100.0,339900.0,58
201200007284,12,9,24,1645,1,1,1,1.0,6,58304,M,4735200.0,336300.0,58
201200007285,12,12,19,1700,1,1,1,1.0,7,58079,M,4746900.0,352800.0,58
201200007286,12,6,17,200,3,2,1,2.0,7,58185,M,4718400.0,416000.0,58
201200007287,12,7,23,1700,1,1,1,1.0,3,58205,M,4718500.0,409600.0,58
201200007288,12,8,2,30,3,1,1,1.0,1,58037,M,0.0,0.0,58
201200007289,12,10,26,945,1,1,1,1.0,3,58083,M,0.0,0.0,58
201200007290,12,3,24,330,5,2,1,1.0,6,58193,M,0.0,0.0,58
201200007291,12,3,4,900,1,2,1,8.0,6,58227,M,4754200.0,306600.0,58
201200007292,12,6,2,1200,1,1,1,1.0,7,58077,M,4745000.0,318700.0,58
201200007293,12,7,1,1045,1,1,2,1.0,3,58270,M,0.0,0.0,58
201200007294,12,8,6,1400,1,1,1,1.0,1,58251,M,4745200.0,302500.0,58
201200007295,12,8,7,1500,1,1,1,1.0,1,58261,M,0.0,0.0,58
201200007296,12,8,18,2330,3,1,1,1.0,7,58012,M,4751500.0,302500.0,58
201200007297,12,10,24,745,1,2,1,1.0,3,58044,M,0.0,0.0,58
201200007298,12,10,31,1745,5,2,1,1.0,6,58002,M,0.0,0.0,58
201200007299,12,11,30,2315,3,1,1,5.0,7,58033,M,0.0,0.0,58
201200007300,12,1,3,300,3,2,1,1.0,6,58067,M,4711600.0,308900.0,58
201200007301,12,3,2,2315,3,1,1,5.0,1,58302,M,4720200.0,306100.0,58
201200007302,12,3,25,1845,1,2,1,1.0,1,58059,M,4716600.0,302100.0,58
201200007303,12,4,6,1145,1,1,1,1.0,3,58279,M,4716200.0,328600.0,58
201200007304,12,5,3,1500,1,2,1,1.0,6,58059,M,4718500.0,302000.0,58
201200007305,12,5,8,915,1,1,1,1.0,6,58218,M,4718200.0,330800.0,58
201200007306,12,6,30,200,3,1,1,1.0,6,58189,M,0.0,0.0,58
201200007307,12,7,19,815,1,1,1,2.0,6,58147,M,0.0,0.0,58
201200007308,12,8,31,1145,1,1,1,1.0,3,58265,M,4734300.0,302200.0,58
201200007309,12,9,28,1700,1,2,1,1.0,6,58218,M,0.0,0.0,58
201200007310,12,10,4,1415,1,2,1,1.0,7,58059,M,0.0,0.0,58
201200007311,12,11,13,515,3,1,1,5.0,6,58295,M,0.0,0.0,58
201200007312,12,12,15,1745,3,1,1,3.0,6,58228,M,0.0,0.0,58
201200007313,12,1,17,2230,3,1,1,8.0,6,71583,M,0.0,0.0,71
201200007314,12,3,6,2115,3,1,1,2.0,3,71069,M,0.0,0.0,71
201200007315,12,5,3,2045,2,1,1,1.0,7,71235,M,0.0,0.0,71
201200007316,12,5,6,1015,1,2,1,1.0,3,71270,M,4634980.0,472353.0,71
201200007317,12,5,16,515,4,1,1,1.0,6,71583,M,4627342.0,477922.0,71
201200007318,12,7,7,1130,1,2,1,1.0,3,71371,M,0.0,0.0,71
201200007319,12,8,12,1115,1,1,1,1.0,3,71169,M,0.0,0.0,71
201200007320,12,8,14,1515,1,1,1,1.0,5,71360,M,0.0,0.0,71
201200007321,12,9,18,130,3,2,1,1.0,7,71448,M,0.0,0.0,71
201200007322,12,10,22,800,1,1,1,1.0,1,71169,M,0.0,0.0,71
201200007323,12,11,25,2000,5,1,1,2.0,3,71360,M,0.0,0.0,71
201200007324,12,4,22,1330,1,1,1,1.0,7,71372,M,0.0,0.0,71
201200007325,12,5,1,1845,1,1,2,1.0,3,71372,M,0.0,0.0,71
201200007326,12,8,1,2115,1,1,1,9.0,7,71084,M,0.0,0.0,71
201200007327,12,11,17,1930,5,2,1,1.0,2,71090,M,0.0,0.0,71
201200007328,12,1,13,1730,5,2,1,1.0,6,71178,M,0.0,0.0,71
201200007329,12,5,25,1845,1,1,1,7.0,3,71495,M,4651723.0,460680.0,71
201200007330,12,8,21,2000,1,1,1,6.0,6,71137,M,0.0,0.0,71
201200007331,12,9,27,1845,1,2,1,1.0,1,71065,M,0.0,0.0,71
201200007332,12,10,9,1600,1,1,1,1.0,6,71470,M,0.0,0.0,71
201200007333,12,7,1,630,2,2,1,3.0,6,71145,M,0.0,0.0,71
201200007334,12,7,14,2315,3,1,2,1.0,3,71248,M,0.0,0.0,71
201200007335,12,8,17,1430,1,1,1,1.0,1,71591,M,0.0,0.0,71
201200007336,12,10,27,315,3,1,1,6.0,6,71036,M,0.0,0.0,71
201200007337,12,2,26,1130,1,2,1,1.0,3,71014,M,4695600.0,429200.0,71
201200007338,12,5,8,1630,1,1,1,2.0,6,71368,M,4704700.0,427600.0,71
201200007339,12,7,4,1415,1,2,1,1.0,6,71014,M,4696100.0,430300.0,71
201200007340,12,8,8,1145,1,2,1,1.0,6,71014,M,4696000.0,429600.0,71
201200007341,12,8,12,845,1,1,1,1.0,6,71162,M,0.0,0.0,71
201200007342,12,9,20,845,1,2,1,1.0,6,71014,M,4695700.0,429700.0,71
201200007343,12,10,16,1730,1,2,1,2.0,6,71014,M,4695500.0,429800.0,71
201200007344,12,3,24,2200,3,1,1,1.0,6,71152,M,4669500.0,384500.0,71
201200007345,12,9,29,1115,1,2,1,1.0,6,71098,M,4679500.0,411300.0,71
201200007346,12,8,1,1245,1,1,1,1.0,7,71294,M,4683500.0,471600.0,71
201200007347,12,1,6,1915,3,1,2,1.0,1,71420,M,0.0,0.0,71
201200007348,12,3,15,700,2,1,3,5.0,3,71329,M,4694100.0,514900.0,71
201200007349,12,3,18,1330,1,1,1,3.0,7,71398,M,0.0,0.0,71
201200007350,12,6,18,830,1,1,1,1.0,7,71253,M,0.0,0.0,71
201200007351,12,7,6,1630,1,2,1,1.0,6,71333,M,0.0,0.0,71
201200007352,12,10,13,2245,3,1,1,1.0,6,71256,M,0.0,0.0,71
201200007353,12,11,11,1245,1,1,1,1.0,6,71215,M,0.0,0.0,71
201200007354,12,11,11,1600,1,2,1,1.0,3,71333,M,4678700.0,492100.0,71
201200007355,12,1,4,1315,1,2,1,7.0,1,71052,M,4660700.0,489600.0,71
201200007356,12,4,20,745,1,2,2,1.0,3,71249,M,0.0,0.0,71
201200007357,12,5,21,1230,1,1,1,3.0,3,71026,M,4666940.0,487013.0,71
201200007358,12,6,25,1230,1,1,2,1.0,3,71384,M,0.0,0.0,71
201200007359,12,9,3,1530,1,2,1,1.0,6,71555,M,0.0,0.0,71
201200007360,12,9,14,2100,5,1,1,1.0,6,71402,M,4668900.0,487600.0,71
201200007361,12,11,30,1500,1,1,2,1.0,3,71555,M,0.0,0.0,71
201200007362,12,2,9,1245,1,1,1,1.0,6,71564,M,0.0,0.0,71
201200007363,12,2,22,845,1,1,1,1.0,3,71571,M,0.0,0.0,71
201200007364,12,2,24,1930,3,2,1,1.0,7,71106,M,0.0,0.0,71
201200007365,12,5,10,1715,1,1,1,1.0,2,71082,M,0.0,0.0,71
201200007366,12,7,18,1445,1,1,1,1.0,6,71452,M,0.0,0.0,71
201200007367,12,9,1,1700,1,1,1,1.0,1,71358,M,4649000.0,451000.0,71
201200007368,12,9,27,830,1,1,1,7.0,7,71562,M,4641700.0,434800.0,71
201200007369,12,12,31,1900,3,2,4,1.0,1,71106,M,4644300.0,427400.0,71
201200007370,12,3,12,1915,2,1,1,1.0,6,71428,M,0.0,0.0,71
201200007371,12,7,17,1800,1,2,1,1.0,1,71120,M,0.0,0.0,71
201200007372,12,7,23,15,3,1,1,1.0,6,71473,M,4626974.0,439544.0,71
201200007373,12,8,31,1800,1,1,1,1.0,1,71022,M,0.0,0.0,71
201200007374,12,10,31,1945,3,1,1,1.0,1,71473,M,0.0,0.0,71
201200007375,12,1,2,1600,1,1,1,1.0,6,71176,M,4646400.0,401300.0,71
201200007376,12,3,2,1745,1,2,1,1.0,6,71176,M,4648800.0,398800.0,71
201200007377,12,4,5,745,1,1,1,1.0,1,71229,M,4655200.0,389800.0,71
201200007378,12,7,10,1,3,1,1,1.0,6,71325,M,4651200.0,396700.0,71
201200007379,12,10,23,2100,5,2,1,1.0,1,71176,M,4649600.0,400200.0,71
201200007380,12,12,25,1300,1,1,1,1.0,3,71325,M,4649600.0,396900.0,71
201200007381,12,12,7,900,1,1,1,4.0,1,71238,M,0.0,0.0,71
201200007382,12,7,15,1045,1,1,1,8.0,7,71399,M,4630100.0,418600.0,71
201200007383,12,7,31,1430,1,1,1,1.0,7,71238,M,4621221.0,410144.0,71
201200007384,12,11,23,1915,3,1,1,1.0,1,71024,M,4632300.0,403899.0,71
201200007385,12,1,6,1215,1,1,1,1.0,2,71491,M,0.0,0.0,71
201200007386,12,3,22,2245,3,1,1,1.0,6,71439,M,4649900.0,415900.0,71
201200007387,12,7,19,1530,1,2,1,1.0,3,71342,M,0.0,0.0,71
201200007388,12,10,26,1400,1,1,1,2.0,2,71232,M,0.0,0.0,71
201200007389,12,1,5,1200,1,1,1,3.0,6,71468,M,0.0,0.0,71
201200007390,12,4,1,1630,1,1,1,1.0,7,71149,M,0.0,0.0,71
201200007391,12,7,7,1845,1,2,1,1.0,3,71431,M,0.0,0.0,71
201200007392,12,7,21,1745,1,1,1,1.0,4,71482,M,4684202.0,434537.0,71
201200007393,12,7,22,1245,1,1,1,1.0,7,71038,M,4676766.0,438810.0,71
201200007394,12,12,29,930,1,2,1,7.0,3,71390,M,0.0,0.0,71
201200007395,12,5,19,945,1,1,4,1.0,1,71047,M,0.0,0.0,71
201200007396,12,6,24,1415,1,1,1,1.0,7,71301,M,0.0,0.0,71
201200007397,12,9,21,1800,1,1,1,2.0,3,71047,M,0.0,0.0,71
201200007398,12,9,26,1645,1,2,1,1.0,1,71047,M,0.0,0.0,71
201200007399,12,12,8,2330,3,1,1,1.0,6,71047,M,0.0,0.0,71
201200007400,12,2,3,615,3,1,1,1.0,1,71212,M,0.0,0.0,71
201200007401,12,3,2,1415,1,2,1,1.0,1,71565,M,0.0,0.0,71
201200007402,12,3,14,1815,1,1,2,1.0,3,71111,M,0.0,0.0,71
201200007403,12,5,6,2100,2,1,1,1.0,1,71490,M,4687500.0,417699.0,71
201200007404,12,8,19,1645,1,1,1,1.0,6,71132,M,0.0,0.0,71
201200007405,12,9,30,1445,1,1,1,1.0,3,71340,M,0.0,0.0,71
201200007406,12,9,30,1500,1,1,1,1.0,6,71542,M,0.0,0.0,71
201200007407,12,12,10,2045,5,2,1,2.0,6,71542,M,0.0,0.0,71
201200007408,12,1,7,1115,1,2,1,1.0,6,71263,M,4663300.0,522300.0,71
201200007409,12,1,14,845,1,1,1,1.0,7,71379,M,4661000.0,530500.0,71
201200007410,12,2,7,1800,5,2,1,1.0,6,71263,M,0.0,0.0,71
201200007411,12,3,21,830,1,2,3,7.0,3,71263,M,0.0,0.0,71
201200007412,12,7,23,1500,1,1,1,1.0,4,71367,M,4664600.0,529300.0,71
201200007413,12,12,10,1745,5,2,1,1.0,6,71263,M,0.0,0.0,71
201200007414,12,1,9,1115,1,1,2,1.0,3,71332,M,4663900.0,498600.0,71
201200007415,12,4,15,1930,1,1,1,2.0,1,71158,M,0.0,0.0,71
201200007416,12,6,26,530,2,1,1,1.0,6,71522,M,4660900.0,498700.0,71
201200007417,12,7,6,1730,1,1,1,1.0,1,71410,M,4671000.0,504200.0,71
201200007418,12,7,22,600,2,2,1,1.0,6,71401,M,4656800.0,526100.0,71
201200007419,12,9,17,1715,1,2,1,1.0,2,71386,M,4665700.0,508800.0,71
201200007420,12,9,23,900,1,2,1,1.0,6,71061,M,4656000.0,502200.0,71
201200007421,12,10,31,1745,3,1,1,2.0,2,71523,M,0.0,0.0,71
201200007422,12,2,19,45,5,2,1,1.0,6,71295,M,4680500.0,519200.0,71
201200007423,12,4,11,1500,1,1,2,2.0,3,71516,M,4680500.0,525800.0,71
201200007424,12,7,17,1730,1,1,2,1.0,3,71173,M,0.0,0.0,71
201200007425,12,7,23,1815,1,1,2,1.0,4,71173,M,0.0,0.0,71
201200007426,12,9,22,500,5,2,1,1.0,1,71295,M,0.0,0.0,71
201200007427,12,12,18,930,5,2,1,2.0,6,71419,M,4675800.0,524000.0,71
201200007428,12,8,5,730,1,1,1,1.0,1,71436,M,0.0,0.0,71
201200007429,12,9,2,30,3,1,1,1.0,7,71214,M,4663500.0,458900.0,71
201200007430,12,2,6,1440,1,1,1,1.0,2,89108,M,4776840.0,372650.0,89
201200007431,12,4,1,1345,1,1,1,1.0,7,89388,M,4793522.0,324680.0,89
201200007432,12,4,30,1445,1,1,1,1.0,7,89263,M,4785533.0,355630.0,89
201200007433,12,5,30,1753,1,1,1,1.0,2,89341,M,4771554.0,376824.0,89
201200007434,12,7,18,515,3,1,1,1.0,5,89350,M,4801958.0,313927.0,89
201200007435,12,8,31,545,3,1,1,1.0,2,89053,M,0.0,0.0,89
201200007436,12,10,15,2130,3,1,1,1.0,5,89484,M,4791027.0,333293.0,89
201200007437,12,11,28,2245,3,1,1,8.0,3,89263,M,4785553.0,354802.0,89
201200007438,12,12,7,900,1,1,1,4.0,6,89438,M,0.0,0.0,89
201200007439,12,12,14,1630,1,1,1,2.0,1,89313,M,4797000.0,321000.0,89
201200007440,12,12,15,15,3,1,1,3.0,2,89319,M,4780600.0,364300.0,89
201200007441,12,2,20,1100,1,1,1,1.0,5,89399,M,4825755.0,333074.0,89
201200007442,12,5,15,1545,1,1,1,2.0,7,89214,M,4824688.0,352377.0,89
201200007443,12,5,19,1715,1,1,1,1.0,6,89255,M,4830689.0,324791.0,89
201200007444,12,8,9,100,3,1,1,1.0,2,45265,M,0.0,0.0,45
201200007445,12,9,11,530,3,1,1,1.0,5,89274,M,4820934.0,322364.0,89
201200007446,12,9,24,1600,1,1,1,1.0,2,89298,M,4803575.0,312173.0,89
201200007447,12,10,14,845,1,1,1,3.0,7,89171,M,4824371.0,349314.0,89
201200007448,12,11,1,1515,1,1,1,8.0,6,89466,M,4816556.0,317647.0,89
201200007449,12,11,2,1530,1,1,1,3.0,2,89298,M,4803504.0,312196.0,89
201200007450,12,12,6,245,3,1,1,8.0,6,89399,M,0.0,0.0,89
201200007451,12,12,22,1915,3,1,1,3.0,7,89380,M,0.0,0.0,89
201200007452,12,2,25,1155,1,2,2,1.0,3,89013,M,4787617.0,352304.0,89
201200007453,12,3,16,2115,3,1,1,1.0,1,89337,M,4774800.0,366634.0,89
201200007454,12,5,2,1430,1,1,1,3.0,1,89295,M,4781544.0,355706.0,89
201200007455,12,5,30,1815,1,1,1,1.0,1,89083,M,4782448.0,342480.0,89
201200007456,12,7,4,1930,1,2,1,7.0,6,89453,M,4779862.0,346611.0,89
201200007457,12,7,22,1450,1,1,1,1.0,1,89337,M,4774000.0,372300.0,89
201200007458,12,10,9,1730,1,1,1,1.0,6,89453,M,4776909.0,345766.0,89
201200007459,12,10,22,715,3,1,1,1.0,1,89023,M,4777362.0,361823.0,89
201200007460,12,11,7,1715,2,1,1,1.0,1,89295,M,4781782.0,354328.0,89
201200007461,12,11,27,2015,3,2,1,1.0,3,89295,M,0.0,0.0,89
201200007462,12,11,29,700,3,2,1,2.0,3,89077,M,4773326.0,360312.0,89
201200007463,12,9,29,1200,2,1,1,1.0,6,89202,M,4771114.0,365693.0,89
201200007464,12,1,9,2240,5,2,1,9.0,6,89101,M,4796524.0,376588.0,89
201200007465,12,2,5,155,3,1,1,1.0,7,89205,M,4793947.0,377705.0,89
201200007466,12,4,20,900,1,1,1,8.0,6,89169,M,4794393.0,386860.0,89
201200007467,12,6,22,1730,1,1,1,1.0,1,89345,M,4798943.0,373382.0,89
201200007468,12,9,29,1630,1,1,1,1.0,1,89436,M,0.0,0.0,89
201200007469,12,11,13,1915,5,2,1,1.0,3,89345,M,4799665.0,373520.0,89
201200007470,12,4,9,1830,1,1,1,1.0,1,89068,M,4782245.0,379974.0,89
201200007471,12,4,19,1000,1,2,1,1.0,1,89198,M,4786611.0,356364.0,89
201200007472,12,4,26,1015,1,1,1,2.0,1,89226,M,4788820.0,371017.0,89
201200007473,12,5,25,1600,1,1,1,1.0,3,89034,M,4781198.0,371120.0,89
201200007474,12,8,8,830,1,1,1,1.0,1,89200,M,4792888.0,362364.0,89
201200007475,12,9,4,1730,1,1,1,1.0,6,89068,M,4781937.0,380471.0,89
201200007476,12,9,25,1345,1,1,2,1.0,3,89198,M,4786919.0,357284.0,89
201200007477,12,9,26,1400,1,1,1,8.0,7,89198,M,4787010.0,357222.0,89
201200007478,12,3,2,1145,1,1,1,5.0,6,89420,M,4753206.0,321002.0,89
201200007479,12,11,17,400,3,1,1,5.0,6,89367,M,4760291.0,324868.0,89
201200007480,12,11,18,130,4,1,1,1.0,6,89420,M,4755120.0,314827.0,89
201200007481,12,6,15,1330,1,1,1,1.0,1,89159,M,0.0,0.0,89
201200007482,12,8,6,2000,1,1,1,1.0,6,89336,M,4742431.0,396661.0,89
201200007483,12,10,6,1615,1,1,1,1.0,6,89025,M,4748180.0,389243.0,89
201200007484,12,10,17,1030,1,2,1,1.0,3,89025,M,4749153.0,391521.0,89
201200007485,12,4,26,315,3,1,1,3.0,6,89351,M,0.0,0.0,89
201200007486,12,6,20,2000,1,2,1,1.0,6,89010,M,4772728.0,395822.0,89
201200007487,12,9,23,1400,1,2,1,1.0,6,89381,M,4751637.0,403156.0,89
201200007488,12,12,2,1100,1,1,1,8.0,7,89277,M,0.0,0.0,89
201200007489,12,2,1,1230,1,1,1,1.0,1,89067,M,4799379.0,331936.0,89
201200007490,12,2,21,1545,1,2,1,1.0,3,89206,M,4798275.0,339033.0,89
201200007491,12,2,26,2015,3,1,1,1.0,6,89289,M,4795057.0,337185.0,89
201200007492,12,3,25,1700,1,2,1,1.0,6,89289,M,4795155.0,337265.0,89
201200007493,12,4,21,210,3,1,1,2.0,6,89289,M,4795026.0,337160.0,89
201200007494,12,4,25,1735,1,1,1,2.0,6,89206,M,4796766.0,336824.0,89
201200007495,12,7,13,2215,3,1,1,2.0,2,89037,M,4796916.0,333953.0,89
201200007496,12,7,14,1730,1,2,1,8.0,3,89206,M,4798021.0,340214.0,89
201200007497,12,8,28,1805,1,2,1,1.0,1,89206,M,4798600.0,340800.0,89
201200007498,12,10,5,1540,1,2,1,1.0,3,89206,M,4798263.0,340482.0,89
201200007499,12,10,17,945,1,1,1,1.0,3,89230,M,4798304.0,344622.0,89
201200007500,12,10,26,1605,1,2,1,1.0,6,89206,M,4798075.0,340020.0,89
201200007501,12,1,29,2130,3,1,1,1.0,6,89078,M,4793607.0,336597.0,89
201200007502,12,4,1,20,3,1,1,1.0,7,89473,M,4788451.0,333911.0,89
201200007503,12,5,17,1440,1,2,1,1.0,2,89384,M,4791586.0,336178.0,89
201200007504,12,5,17,2140,3,1,1,1.0,6,89163,M,4788327.0,322781.0,89
201200007505,12,5,18,2040,1,1,1,2.0,6,89178,M,4787782.0,303860.0,89
201200007506,12,8,15,2300,3,1,1,1.0,6,89003,M,0.0,0.0,89
201200007507,12,8,28,1520,1,2,1,1.0,6,89086,M,4789119.0,309798.0,89
201200007508,12,8,31,1605,1,1,1,1.0,7,89088,M,4785478.0,333018.0,89
201200007509,12,12,23,230,3,2,1,1.0,6,89078,M,0.0,0.0,89
201200007510,12,4,13,1600,1,1,1,1.0,2,89257,M,4797694.0,355630.0,89
201200007511,12,6,15,1600,1,1,1,1.0,6,89085,M,4794686.0,350096.0,89
201200007512,12,9,1,1720,1,1,1,1.0,5,89156,M,4798911.0,359016.0,89
201200007513,12,10,18,1145,1,2,3,1.0,3,89257,M,4796489.0,352249.0,89
201200007514,12,11,3,1130,1,2,1,1.0,6,89218,M,4796388.0,348193.0,89
201200007515,12,12,15,1515,1,2,1,1.0,5,89055,M,0.0,0.0,89
201200007516,12,2,29,2045,3,1,1,1.0,6,89160,M,4814656.0,328172.0,89
201200007517,12,9,6,900,3,1,1,1.0,3,89245,M,4811731.0,327211.0,89
201200007518,12,9,9,1845,1,1,1,1.0,7,89214,M,4826927.0,348412.0,89
201200007519,12,9,25,1015,2,1,1,3.0,1,89240,M,0.0,0.0,89
201200007520,12,9,30,1145,1,2,1,1.0,7,89239,M,0.0,0.0,89
201200007521,12,10,9,1145,1,1,1,2.0,7,89399,M,4826304.0,334157.0,89
201200007522,12,11,5,1445,2,1,1,2.0,5,89240,M,4817682.0,336487.0,89
201200007523,12,12,8,215,3,1,1,1.0,7,89107,M,0.0,0.0,89
201200007524,12,12,25,1715,3,1,1,2.0,7,89245,M,0.0,0.0,89
201200007525,12,1,2,2015,3,1,1,1.0,3,89465,M,4826815.0,323366.0,89
201200007526,12,1,7,1715,1,1,1,1.0,5,89460,M,4834167.0,305531.0,89
201200007527,12,4,21,1000,1,1,1,2.0,6,89332,M,4832524.0,305894.0,89
201200007528,12,6,7,1730,1,2,7,1.0,6,89309,M,0.0,0.0,89
201200007529,12,9,21,1430,1,1,1,1.0,7,89460,M,4831973.0,303305.0,89
201200007530,12,12,2,1900,3,1,1,1.0,3,89456,M,0.0,0.0,89
201200007531,12,12,31,1515,1,1,3,1.0,3,89391,M,0.0,0.0,89
201200007532,12,1,15,300,3,1,1,1.0,6,89151,M,4810956.0,317416.0,89
201200007533,12,5,17,1030,1,1,1,1.0,7,89459,M,4813592.0,316283.0,89
201200007534,12,1,25,2045,3,1,1,2.0,1,89464,M,4810500.0,327700.0,89
201200007535,12,7,31,2130,2,1,2,1.0,4,89060,M,4807733.0,327632.0,89
201200007536,12,8,26,1815,1,2,1,1.0,6,89348,M,4802873.0,329662.0,89
201200007537,12,10,31,2330,3,1,1,1.0,7,89348,M,4802159.0,325027.0,89
201200007538,12,6,30,1600,1,1,1,1.0,6,89168,M,4781526.0,389576.0,89
201200007539,12,7,25,1100,1,1,1,1.0,3,89280,M,4770989.0,417855.0,89
201200007540,12,1,8,1130,1,2,1,1.0,4,25410,M,4723400.0,606200.0,25
201200007541,12,10,24,1615,1,2,1,1.0,3,25027,M,4720300.0,600300.0,25
201200007542,12,10,28,1945,5,2,1,5.0,3,25112,M,4726900.0,606700.0,25
201200007543,12,11,23,1000,1,1,1,1.0,1,25245,M,0.0,0.0,25
201200007544,12,11,27,1430,1,1,1,2.0,3,25437,M,0.0,0.0,25
201200007545,12,10,1,2230,5,1,1,1.0,7,25537,M,4711700.0,610400.0,25
201200007546,12,10,11,1700,1,1,1,1.0,1,25558,M,4717600.0,607300.0,25
201200007547,12,3,28,1645,1,2,1,1.0,3,25488,M,0.0,0.0,25
201200007548,12,3,28,1630,1,1,1,1.0,6,25195,M,0.0,0.0,25
201200007549,12,4,27,1600,1,1,1,8.0,1,25220,M,4712200.0,603600.0,25
201200007550,12,5,30,1345,1,1,1,1.0,1,25488,M,0.0,0.0,25
201200007551,12,7,13,1745,1,2,1,2.0,6,25527,M,4718700.0,581200.0,25
201200007552,12,7,16,1945,1,2,3,7.0,3,25021,M,4703900.0,579200.0,25
201200007553,12,7,24,1915,1,2,1,1.0,7,25527,M,4718800.0,581800.0,25
201200007554,12,8,12,315,3,1,1,1.0,6,25147,M,4722900.0,588500.0,25
201200007555,12,8,26,1800,1,1,1,1.0,1,25055,M,4720200.0,578900.0,25
201200007556,12,9,6,730,1,2,1,1.0,1,25527,M,4717987.0,580733.0,25
201200007557,12,11,25,730,2,1,1,1.0,6,25527,M,4719300.0,583300.0,25
201200007558,12,12,14,2220,3,1,1,3.0,6,25021,M,0.0,0.0,25
201200007559,12,1,26,1000,1,2,1,8.0,6,25428,M,4753958.0,684499.0,25
201200007560,12,7,14,1815,1,2,1,1.0,6,25057,M,4753651.0,680652.0,25
201200007561,12,9,28,2030,3,1,1,1.0,1,25057,M,4752600.0,680300.0,25
201200007562,12,1,4,745,2,2,1,2.0,6,25048,M,0.0,0.0,25
201200007563,12,2,6,2000,5,2,1,1.0,6,25526,M,4784300.0,629100.0,25
201200007564,12,2,11,2200,3,1,1,1.0,1,25159,M,0.0,0.0,25
201200007565,12,2,17,1845,5,2,1,1.0,5,25048,M,0.0,0.0,25
201200007566,12,5,1,1745,1,2,1,1.0,5,25048,M,0.0,0.0,25
201200007567,12,5,4,945,1,2,1,1.0,3,25632,M,0.0,0.0,25
201200007568,12,6,2,1345,1,2,1,1.0,3,25048,M,0.0,0.0,25
201200007569,12,11,3,2330,3,1,1,2.0,3,25013,M,0.0,0.0,25
201200007570,12,4,25,1430,1,2,1,1.0,6,25586,M,4747100.0,688000.0,25
201200007571,12,4,26,2125,5,2,1,1.0,6,25190,M,4751700.0,693000.0,25
201200007572,12,5,12,1845,1,1,1,1.0,6,25004,M,4744300.0,693200.0,25
201200007573,12,5,30,1445,1,2,1,1.0,1,25196,M,4748200.0,689600.0,25
201200007574,12,6,10,1730,1,2,1,2.0,1,25304,M,4743427.0,688584.0,25
201200007575,12,7,6,2100,2,1,1,1.0,7,25586,M,0.0,0.0,25
201200007576,12,8,12,1345,1,1,1,1.0,6,25237,M,4752300.0,688900.0,25
201200007577,12,12,13,1800,5,2,1,4.0,6,25228,M,4751000.0,686200.0,25
201200007578,12,1,5,2030,5,2,1,3.0,6,25463,M,4740400.0,676700.0,25
201200007579,12,5,20,1145,1,1,1,1.0,6,25275,M,0.0,0.0,25
201200007580,12,6,1,1700,1,1,1,1.0,1,25370,M,4745500.0,677100.0,25
201200007581,12,6,21,1300,1,1,1,7.0,6,25387,M,4729400.0,681700.0,25
201200007582,12,7,7,1545,1,1,1,1.0,6,25519,M,4729900.0,680600.0,25
201200007583,12,7,25,1200,1,1,1,1.0,7,25485,M,4738000.0,670000.0,25
201200007584,12,8,19,1015,1,1,1,1.0,7,25387,M,4729100.0,681900.0,25
201200007585,12,9,5,1215,1,1,1,1.0,6,25387,M,4729600.0,681400.0,25
201200007586,12,9,14,1945,2,1,1,1.0,1,25370,M,4745200.0,677800.0,25
201200007587,12,9,19,1400,1,1,1,7.0,5,25387,M,4730000.0,681400.0,25