Num_Acc,an,mois,jour,hrmn,lum,agg,int,atm,col,com,gps,lat,long,dep
201200007588,12,10,13,2230,3,2,1,1.0,6,25497,M,0.0,0.0,25
201200007589,12,10,20,1530,1,1,3,1.0,3,25138,M,4732400.0,674900.0,25
201200007590,12,10,31,1400,1,2,1,1.0,3,25519,M,4733000.0,681400.0,25
201200007591,12,12,9,1445,1,1,1,1.0,6,25370,M,4746100.0,679700.0,25
201200007592,12,4,29,530,3,1,1,1.0,6,25047,M,4736300.0,640100.0,25
201200007593,12,12,31,1130,1,1,1,1.0,1,25047,M,4734500.0,636700.0,25
201200007594,12,6,21,2100,1,2,1,1.0,7,25022,M,4752455.0,665977.0,25
201200007595,12,7,6,1615,1,2,1,1.0,3,25083,M,0.0,0.0,25
201200007596,12,7,27,715,2,1,3,7.0,3,25431,M,4750600.0,662900.0,25
201200007597,12,7,27,1300,1,1,1,1.0,3,25372,M,0.0,0.0,25
201200007598,12,7,24,2030,1,1,1,1.0,6,25315,M,4743700.0,658300.0,25
201200007599,12,4,28,2300,3,1,1,1.0,7,25506,M,4740600.0,626500.0,25
201200007600,12,6,10,1730,1,1,1,1.0,1,25468,M,0.0,0.0,25
201200007601,12,7,13,15,3,1,1,1.0,1,25368,M,4731700.0,610000.0,25
201200007602,12,2,19,1830,1,1,1,1.0,4,25222,M,0.0,0.0,25
201200007603,12,2,28,930,1,1,1,1.0,1,25262,M,0.0,0.0,25
201200007604,12,3,18,1245,1,1,1,2.0,7,25550,M,0.0,0.0,25
201200007605,12,3,24,1200,1,2,1,1.0,2,25578,M,0.0,0.0,25
201200007606,12,3,30,1645,1,2,1,1.0,3,25039,M,4713271.0,643472.0,25
201200007607,12,4,16,1345,1,1,1,2.0,1,25262,M,0.0,0.0,25
201200007608,12,4,28,200,3,1,1,1.0,7,25262,M,0.0,0.0,25
201200007609,12,6,18,2245,3,1,1,1.0,2,25039,M,0.0,0.0,25
201200007610,12,6,20,1900,1,1,1,1.0,1,25262,M,0.0,0.0,25
201200007611,12,6,21,1930,1,1,1,1.0,2,25585,M,0.0,0.0,25
201200007612,12,7,27,1615,1,1,1,1.0,1,25432,M,0.0,0.0,25
201200007613,12,8,4,1745,1,1,1,1.0,1,25262,M,0.0,0.0,25
201200007614,12,8,11,545,1,1,1,1.0,7,25262,M,4712977.0,660902.0,25
201200007615,12,8,18,515,3,1,1,1.0,6,25578,M,0.0,0.0,25
201200007616,12,9,6,1930,2,1,1,1.0,3,25288,M,0.0,0.0,25
201200007617,12,10,31,1430,1,1,1,1.0,1,25222,M,0.0,0.0,25
201200007618,12,11,1,1700,1,1,1,2.0,3,25585,M,0.0,0.0,25
201200007619,12,11,16,400,3,1,1,5.0,6,25432,M,0.0,0.0,25
201200007620,12,11,24,700,2,1,1,1.0,6,25288,M,0.0,0.0,25
201200007621,12,12,10,1115,1,1,1,4.0,1,25218,M,0.0,0.0,25
201200007622,12,12,17,1200,1,2,1,2.0,6,25578,M,4714857.0,634518.0,25
201200007623,12,12,23,1615,1,1,1,1.0,6,25585,M,0.0,0.0,25
201200007624,12,12,29,2100,3,1,1,1.0,1,25325,M,0.0,0.0,25
201200007625,12,3,1,1600,1,1,2,1.0,1,25541,M,0.0,0.0,25
201200007626,12,6,26,900,1,1,1,2.0,1,25157,M,0.0,0.0,25
201200007627,12,6,27,1300,1,1,1,1.0,1,25157,M,4687700.0,639500.0,25
201200007628,12,7,8,500,3,1,1,1.0,6,25515,M,4687600.0,625300.0,25
201200007629,12,3,10,345,3,1,1,1.0,1,25320,M,0.0,0.0,25
201200007630,12,5,11,1130,1,1,1,1.0,1,25131,M,0.0,0.0,25
201200007631,12,10,4,615,2,1,1,2.0,2,25307,M,0.0,0.0,25
201200007632,12,12,25,1545,1,2,1,1.0,3,25307,M,4677315.0,635207.0,25
201200007633,12,1,3,1445,1,1,1,1.0,5,25240,M,4707600.0,661600.0,25
201200007634,12,2,20,1645,1,1,1,1.0,7,25160,M,4705700.0,654000.0,25
201200007635,12,2,19,1515,1,2,1,1.0,7,25411,M,4705677.0,660800.0,25
201200007636,12,2,26,1845,5,2,1,1.0,1,25512,M,0.0,0.0,25
201200007637,12,4,5,430,3,1,1,3.0,7,25296,M,4698400.0,653500.0,25
201200007638,12,4,11,2115,3,1,1,2.0,7,25620,M,4699400.0,650200.0,25
201200007639,12,6,6,1400,1,2,1,1.0,1,25240,M,4706977.0,661596.0,25
201200007640,12,8,23,2000,1,1,1,1.0,6,25296,M,0.0,0.0,25
201200007641,12,9,2,415,3,1,1,2.0,7,25050,M,0.0,0.0,25
201200007642,12,9,24,1130,1,2,1,3.0,6,25411,M,0.0,0.0,25
201200007643,12,11,11,515,3,1,1,2.0,7,25411,M,4705729.0,657834.0,25
201200007644,12,11,16,230,3,1,1,5.0,1,25321,M,0.0,0.0,25
201200007645,12,12,7,830,1,1,1,8.0,5,25411,M,4705000.0,658800.0,25
201200007646,12,1,1,545,3,1,1,3.0,6,39458,M,0.0,0.0,39
201200007647,12,6,10,1510,1,2,1,2.0,1,04070,M,,,04
201200007648,12,6,18,2020,1,2,1,1.0,3,04070,M,,,04
201200007649,12,6,18,1640,1,2,1,1.0,7,04070,M,,,04
201200007650,12,6,10,945,1,2,1,1.0,6,04070,M,,,04
201200007651,12,11,14,1535,1,2,1,7.0,7,04070,M,,,04
201200007652,12,2,25,100,3,1,1,1.0,6,39177,M,0.0,0.0,39
201200007653,12,4,7,700,1,1,1,2.0,6,39492,M,0.0,0.0,39
201200007654,12,5,26,1615,1,1,1,1.0,7,39158,M,0.0,0.0,39
201200007655,12,5,29,1645,1,2,4,7.0,3,39148,M,0.0,0.0,39
201200007656,12,10,15,1600,1,1,2,1.0,3,39564,M,4637100.0,543800.0,39
201200007657,12,1,6,30,3,1,1,1.0,2,39279,M,4672200.0,547400.0,39
201200007658,12,1,6,2030,3,1,1,1.0,6,39471,M,4671900.0,547500.0,39
201200007659,12,4,28,300,3,2,1,1.0,6,39017,M,4676700.0,553300.0,39
201200007660,12,8,13,130,3,1,1,1.0,6,39471,M,4675100.0,549200.0,39
201200007661,12,8,20,2200,5,2,1,1.0,6,39056,M,4675300.0,545700.0,39
201200007662,12,9,8,2245,5,2,1,1.0,6,39056,M,4675000.0,545700.0,39
201200007663,12,8,20,1815,1,2,1,1.0,1,39197,M,0.0,0.0,39
201200007664,12,9,22,2015,3,1,1,5.0,6,39488,M,0.0,0.0,39
201200007665,12,9,24,945,1,1,1,8.0,1,39043,M,0.0,0.0,39
201200007666,12,10,22,1445,1,1,1,1.0,5,39475,M,0.0,0.0,39
201200007667,12,12,1,1730,2,1,1,1.0,3,39474,M,0.0,0.0,39
201200007668,12,1,23,1430,1,1,1,8.0,6,39364,M,0.0,0.0,39
201200007669,12,3,28,645,2,1,1,1.0,1,39097,M,0.0,0.0,39
201200007670,12,3,30,715,2,1,1,1.0,6,39153,M,0.0,0.0,39
201200007671,12,5,4,1715,1,1,1,1.0,5,39097,M,0.0,0.0,39
201200007672,12,10,10,930,1,2,1,2.0,6,39097,M,0.0,0.0,39
201200007673,12,2,5,1600,1,1,2,1.0,3,39331,M,0.0,0.0,39
201200007674,12,6,10,915,1,2,1,1.0,2,39083,M,4682000.0,605800.0,39
201200007675,12,8,17,2015,2,1,1,1.0,2,39083,M,4681600.0,607900.0,39
201200007676,12,3,22,1830,3,1,1,1.0,6,39013,M,4691400.0,576600.0,39
201200007677,12,4,8,1530,1,2,1,1.0,3,39013,M,4690800.0,577400.0,39
201200007678,12,6,24,600,2,1,1,1.0,7,39434,M,4690300.0,586300.0,39
201200007679,12,8,21,1700,1,2,1,1.0,2,39434,M,0.0,0.0,39
201200007680,12,8,24,1145,1,2,2,2.0,3,39434,M,0.0,0.0,39
201200007681,12,9,9,1315,1,1,1,1.0,3,39355,M,4695000.0,577900.0,39
201200007682,12,9,30,1730,1,1,1,2.0,3,39434,M,4684000.0,569500.0,39
201200007683,12,10,19,1600,1,1,1,1.0,2,39013,M,4691700.0,576000.0,39
201200007684,12,11,7,1645,2,2,1,1.0,1,39013,M,4692300.0,576800.0,39
201200007685,12,3,16,1800,1,1,1,1.0,1,39101,M,4710400.0,543100.0,39
201200007686,12,4,10,1645,1,2,1,2.0,3,39233,M,4708200.0,545500.0,39
201200007687,12,7,10,1145,1,1,1,1.0,1,39476,M,0.0,0.0,39
201200007688,12,7,26,730,1,2,1,7.0,6,39501,M,4713100.0,545800.0,39
201200007689,12,8,19,1630,1,2,1,1.0,2,39573,M,0.0,0.0,39
201200007690,12,8,27,1630,1,2,1,1.0,6,39526,M,4706000.0,541400.0,39
201200007691,12,9,6,1400,1,1,2,1.0,3,39476,M,4702000.0,537500.0,39
201200007692,12,11,24,1,5,2,6,1.0,6,39526,M,0.0,0.0,39
201200007693,12,11,30,1930,3,1,1,1.0,1,39573,M,4704000.0,549500.0,39
201200007694,12,3,24,1430,1,1,9,1.0,1,39448,M,0.0,0.0,39
201200007695,12,4,15,630,3,1,1,1.0,6,39448,M,4701100.0,549500.0,39
201200007696,12,5,9,1830,1,1,1,1.0,3,39160,M,4679000.0,544700.0,39
201200007697,12,5,26,300,5,2,2,1.0,3,39119,M,4687400.0,554200.0,39
201200007698,12,7,15,1530,1,2,1,1.0,3,39139,M,4692500.0,548300.0,39
201200007699,12,7,31,1615,1,1,1,1.0,3,39448,M,4700900.0,548800.0,39
201200007700,12,2,14,2030,3,1,1,2.0,7,39361,M,0.0,0.0,39
201200007701,12,4,17,545,3,1,1,1.0,1,39188,M,4725400.0,555700.0,39
201200007702,12,5,9,1530,1,1,1,1.0,7,39335,M,4718200.0,554300.0,39
201200007703,12,7,20,2045,3,1,1,3.0,7,39188,M,4724500.0,555700.0,39
201200007704,12,10,18,2030,3,2,1,1.0,6,39396,M,4715200.0,565800.0,39
201200007705,12,10,23,1830,1,1,1,1.0,2,39024,M,4714200.0,558900.0,39
201200007706,12,12,16,1830,3,1,1,3.0,6,39024,M,4714400.0,559600.0,39
201200007707,12,1,18,1815,5,2,1,2.0,6,39547,M,0.0,0.0,39
201200007708,12,3,7,1515,1,1,1,7.0,1,39579,M,4630300.0,572200.0,39
201200007709,12,6,21,945,1,1,3,1.0,3,39328,M,0.0,0.0,39
201200007710,12,7,5,1900,1,2,9,1.0,6,39478,M,0.0,0.0,39
201200007711,12,11,11,1930,3,1,1,5.0,7,39510,M,4636000.0,590700.0,39
201200007712,12,11,20,845,1,1,1,1.0,1,39339,M,0.0,0.0,39
201200007713,12,3,18,845,1,1,1,2.0,1,39470,M,0.0,0.0,39
201200007714,12,4,25,900,1,1,1,1.0,3,39493,M,0.0,0.0,39
201200007715,12,5,9,615,2,1,1,8.0,5,39470,M,0.0,0.0,39
201200007716,12,10,26,1415,1,1,1,1.0,6,39232,M,0.0,0.0,39
201200007717,12,11,28,1745,5,2,1,2.0,6,39368,M,0.0,0.0,39
201200007718,12,12,11,1745,2,2,1,8.0,6,39368,M,4651900.0,602100.0,39
201200007719,12,2,29,1411,1,2,6,1.0,6,04112,M,,,04
201200007720,12,3,11,1145,1,1,1,1.0,1,04112,M,,,04
201200007721,12,3,28,935,1,2,2,1.0,6,04112,M,,,04
201200007722,12,6,19,548,2,1,1,1.0,7,04112,M,,,04
201200007723,12,6,26,800,1,1,1,1.0,5,04112,M,,,04
201200007724,12,9,21,925,1,2,1,1.0,2,04112,M,,,04
201200007725,12,9,24,1600,1,2,1,1.0,6,04112,M,,,04
201200007726,12,10,25,1000,1,2,1,1.0,6,04112,M,,,04
201200007727,12,12,7,2315,5,2,1,4.0,1,04112,M,,,04
201200007728,12,2,10,2045,5,1,1,1.0,6,70292,M,0.0,0.0,70
201200007729,12,3,30,1400,1,2,1,1.0,3,70291,M,0.0,0.0,70
201200007730,12,7,6,1115,1,1,2,1.0,5,70292,M,0.0,0.0,70
201200007731,12,2,12,1315,1,1,1,1.0,7,70386,M,0.0,0.0,70
201200007732,12,6,15,1145,1,2,1,1.0,6,70421,M,0.0,0.0,70
201200007733,12,7,21,2000,2,1,1,1.0,6,70518,M,0.0,0.0,70
201200007734,12,8,8,1115,1,2,1,1.0,2,70267,M,0.0,0.0,70
201200007735,12,9,4,1730,1,2,1,1.0,1,70417,M,0.0,0.0,70
201200007736,12,9,20,1600,1,2,1,1.0,6,70580,M,0.0,0.0,70
201200007737,12,1,2,2000,3,2,7,1.0,6,70309,M,0.0,0.0,70
201200007738,12,1,6,1715,1,1,1,1.0,6,70357,M,0.0,0.0,70
201200007739,12,1,11,630,2,1,1,5.0,1,70189,M,0.0,0.0,70
201200007740,12,1,30,1815,3,1,1,1.0,1,70431,M,0.0,0.0,70
201200007741,12,3,6,2145,5,1,1,1.0,6,70431,M,0.0,0.0,70
201200007742,12,5,13,845,2,1,1,1.0,6,70154,M,0.0,0.0,70
201200007743,12,5,17,930,1,1,1,1.0,6,70383,M,0.0,0.0,70
201200007744,12,7,11,1315,1,1,1,1.0,1,70197,M,0.0,0.0,70
201200007745,12,1,19,1830,3,1,1,2.0,1,70416,M,0.0,0.0,70
201200007746,12,2,29,1730,1,1,1,7.0,3,70416,M,0.0,0.0,70
201200007747,12,4,27,2130,3,1,1,1.0,6,70321,M,0.0,0.0,70
201200007748,12,4,28,2145,5,2,6,1.0,7,70310,M,0.0,0.0,70
201200007749,12,5,24,1545,1,2,1,1.0,6,70310,M,0.0,0.0,70
201200007750,12,7,3,2000,1,2,1,1.0,1,70004,M,0.0,0.0,70
201200007751,12,8,10,115,5,2,1,1.0,6,70455,M,0.0,0.0,70
201200007752,12,8,23,330,3,1,1,1.0,1,70416,M,0.0,0.0,70
201200007753,12,9,2,245,3,1,1,1.0,6,70259,M,0.0,0.0,70
201200007754,12,9,18,1315,1,2,1,1.0,1,70581,M,0.0,0.0,70
201200007755,12,9,23,1330,1,1,1,1.0,6,70310,M,0.0,0.0,70
201200007756,12,12,11,930,1,2,1,4.0,6,70464,M,0.0,0.0,70
201200007757,12,1,4,1830,5,2,1,1.0,1,70256,M,0.0,0.0,70
201200007758,12,3,29,1830,1,1,1,1.0,7,70283,M,0.0,0.0,70
201200007759,12,6,27,2100,2,2,1,1.0,1,70451,M,0.0,0.0,70
201200007760,12,7,26,1200,1,1,1,1.0,5,70283,M,0.0,0.0,70
201200007761,12,8,29,2030,1,2,1,1.0,2,70413,M,0.0,0.0,70
201200007762,12,9,17,2100,3,2,1,1.0,6,70459,M,0.0,0.0,70
201200007763,12,11,16,2130,3,1,1,5.0,6,70248,M,0.0,0.0,70
201200007764,12,11,25,1115,1,1,1,1.0,1,70413,M,0.0,0.0,70
201200007765,12,7,1,215,3,1,1,2.0,7,70530,M,0.0,0.0,70
201200007766,12,8,1,1500,1,2,1,1.0,6,70116,M,0.0,0.0,70
201200007767,12,8,18,2045,1,1,1,1.0,7,70497,M,4757100.0,674900.0,70
201200007768,12,11,21,1715,2,1,2,2.0,5,70561,M,0.0,0.0,70
201200007769,12,4,17,2130,3,1,1,1.0,6,70103,M,0.0,0.0,70
201200007770,12,5,6,600,2,2,1,1.0,7,70478,M,0.0,0.0,70
201200007771,12,7,25,1215,1,2,6,1.0,7,70311,M,0.0,0.0,70
201200007772,12,9,24,1930,2,1,1,1.0,6,70258,M,0.0,0.0,70
201200007773,12,12,30,2300,3,1,1,9.0,1,70473,M,0.0,0.0,70
201200007774,12,2,5,2000,3,1,1,1.0,7,70245,M,0.0,0.0,70
201200007775,12,3,13,915,1,2,1,7.0,6,70467,M,0.0,0.0,70
201200007776,12,3,24,1730,1,2,1,1.0,6,70171,M,0.0,0.0,70
201200007777,12,4,1,1000,1,2,2,1.0,3,70467,M,0.0,0.0,70
201200007778,12,4,21,2030,5,2,1,2.0,3,70245,M,0.0,0.0,70
201200007779,12,4,28,1830,1,1,1,1.0,6,70171,M,0.0,0.0,70
201200007780,12,6,18,1630,1,2,1,1.0,6,70467,M,0.0,0.0,70
201200007781,12,6,22,745,1,1,1,1.0,3,70083,M,0.0,0.0,70
201200007782,12,7,20,1445,1,1,1,2.0,3,70245,M,0.0,0.0,70
201200007783,12,7,28,1030,1,2,3,1.0,3,70467,M,0.0,0.0,70
201200007784,12,9,9,1400,1,1,1,1.0,3,70245,M,0.0,0.0,70
201200007785,12,9,21,930,1,1,1,1.0,3,70315,M,0.0,0.0,70
201200007786,12,9,23,1730,1,2,1,1.0,6,70245,M,0.0,0.0,70
201200007787,12,12,15,1430,1,2,1,2.0,1,70315,M,0.0,0.0,70
201200007788,12,12,26,1800,5,2,1,2.0,6,70526,M,0.0,0.0,70
201200007789,12,1,31,800,2,1,1,4.0,1,70331,M,0.0,0.0,70
201200007790,12,2,13,245,3,1,1,1.0,6,70026,M,0.0,0.0,70
201200007791,12,6,21,545,1,1,1,1.0,3,70523,M,0.0,0.0,70
201200007792,12,6,21,1645,1,1,2,1.0,3,70422,M,0.0,0.0,70
201200007793,12,7,7,1930,1,1,6,1.0,7,70132,M,0.0,0.0,70
201200007794,12,9,25,700,2,2,6,1.0,6,70279,M,0.0,0.0,70
201200007795,12,2,29,1300,1,1,1,1.0,7,70257,M,0.0,0.0,70
201200007796,12,9,7,1545,1,2,1,1.0,2,70255,M,0.0,0.0,70
201200007797,12,1,15,2200,3,1,1,1.0,7,70282,M,0.0,0.0,70
201200007798,12,8,28,1745,1,1,4,1.0,1,70510,M,0.0,0.0,70
201200007799,12,1,7,1045,1,1,1,4.0,3,90093,M,0.0,0.0,90
201200007800,12,5,27,2201,5,1,1,1.0,7,90097,M,0.0,0.0,90
201200007801,12,5,31,1801,1,1,1,1.0,1,90012,M,0.0,0.0,90
201200007802,12,6,8,2246,3,1,6,1.0,7,90097,M,0.0,0.0,90
201200007803,12,8,21,2116,3,1,1,1.0,6,90068,M,0.0,0.0,90
201200007804,12,9,3,1415,1,1,1,1.0,1,90035,M,0.0,0.0,90
201200007805,12,11,20,1800,3,2,1,1.0,6,90103,M,0.0,0.0,90
201200007806,12,1,16,500,4,1,1,4.0,6,90046,M,0.0,0.0,90
201200007807,12,3,11,246,3,1,1,1.0,6,90095,M,0.0,0.0,90
201200007808,12,6,15,1946,1,1,1,1.0,6,90033,M,0.0,0.0,90
201200007809,12,7,18,1200,1,1,1,1.0,6,90027,M,0.0,0.0,90
201200007810,12,9,9,15,3,1,1,1.0,6,90043,M,0.0,0.0,90
201200007811,12,12,27,1900,3,1,1,2.0,6,90081,M,0.0,0.0,90
201200007812,12,5,17,2145,2,1,9,1.0,7,90086,M,0.0,0.0,90
201200007813,12,6,16,1800,1,1,1,1.0,7,90065,M,4780400.0,684500.0,90
201200007814,12,7,10,1315,1,1,1,1.0,6,90014,M,0.0,0.0,90
201200007815,12,7,15,1545,1,1,1,2.0,1,90017,M,0.0,0.0,90
201200007816,12,7,27,715,1,2,1,1.0,6,90072,M,0.0,0.0,90
201200007817,12,8,6,1401,1,1,1,1.0,6,90071,M,0.0,0.0,90
201200007818,12,8,5,1730,1,2,1,1.0,6,90053,M,0.0,0.0,90
201200007819,12,9,23,2300,5,2,1,1.0,6,90053,M,0.0,0.0,90
201200007820,12,10,22,1730,1,2,1,8.0,7,90053,M,4755200.0,694200.0,90
201200007821,12,3,29,1730,1,1,1,1.0,5,26325,M,0.0,0.0,26
201200007822,12,4,22,1515,1,1,1,1.0,7,38298,M,4538330.0,480569.0,38
201200007823,12,4,30,1815,1,1,1,3.0,5,38019,M,4540830.0,482072.0,38
201200007824,12,5,24,2000,1,1,1,1.0,6,38344,M,4540440.0,481699.0,38
201200007825,12,6,3,1200,1,1,1,8.0,6,26332,M,0.0,0.0,26
201200007826,12,11,25,1830,3,1,1,2.0,1,38072,M,4530550.0,481391.0,38
201200007827,12,12,10,2315,3,1,1,1.0,6,38344,M,4540160.0,481430.0,38
201200007828,12,1,1,45,3,1,1,1.0,2,26166,M,0.0,0.0,26
201200007829,12,4,29,1730,3,1,1,1.0,5,26156,M,0.0,0.0,26
201200007830,12,5,26,1830,1,1,1,1.0,5,26165,M,0.0,0.0,26
201200007831,12,6,1,900,1,1,1,1.0,2,26165,M,0.0,0.0,26
201200007832,12,9,11,1400,1,1,1,1.0,3,26252,M,0.0,0.0,26
201200007833,12,9,25,900,1,1,1,2.0,6,26362,M,0.0,0.0,26
201200007834,12,9,30,1745,1,1,1,1.0,6,26165,M,0.0,0.0,26
201200007835,12,10,8,1745,1,1,1,1.0,6,26362,M,0.0,0.0,26
201200007836,12,11,27,915,1,1,1,1.0,2,26165,M,0.0,0.0,26
201200007837,12,12,2,2130,3,1,1,8.0,5,26179,M,0.0,0.0,26
201200007838,12,1,20,1515,1,1,1,1.0,6,26005,M,0.0,0.0,26
201200007839,12,2,22,1445,1,1,1,1.0,2,26353,M,0.0,0.0,26
201200007840,12,2,11,830,2,1,1,4.0,6,13062,M,,,13
201200007841,12,2,15,100,3,1,1,1.0,7,13062,M,0.0,0.0,13
201200007842,12,2,21,1445,1,1,1,1.0,1,13041,M,,,13
201200007843,12,2,23,1230,1,2,1,1.0,1,13041,M,,,13
201200007844,12,2,16,1145,1,2,1,1.0,6,13060,M,,,13
201200007845,12,2,26,530,3,1,1,1.0,6,13062,M,,,13
201200007846,12,3,10,830,1,2,1,1.0,3,13060,M,4347455.0,549798.0,13
201200007847,12,3,16,1400,1,1,1,1.0,1,13060,M,,,13
201200007848,12,3,9,1615,1,1,1,1.0,7,13060,M,,,13
201200007849,12,4,1,2130,3,1,1,1.0,6,13041,M,4346900.0,546600.0,13
201200007850,12,4,11,1645,1,1,1,1.0,3,13060,M,,,13
201200007851,12,9,7,830,1,2,1,1.0,4,13062,M,0.0,0.0,13
201200007852,12,10,4,1745,1,1,1,1.0,3,13041,M,,,13
201200007853,12,10,7,615,5,2,6,1.0,6,13041,M,,,13
201200007854,12,10,15,1730,1,1,1,1.0,1,13041,M,,,13
201200007855,12,10,18,745,1,1,1,1.0,6,13041,M,0.0,0.0,13
201200007856,12,10,25,900,1,2,1,1.0,2,13041,M,,,13
201200007857,12,11,1,45,5,1,1,2.0,7,13041,M,0.0,0.0,13
201200007858,12,11,7,1800,3,1,1,1.0,6,13040,M,4349240.0,552844.0,13
201200007859,12,11,15,1530,1,2,1,1.0,2,13041,M,4345545.0,547735.0,13
201200007860,12,11,19,1145,1,2,1,1.0,2,13041,M,,,13
201200007861,12,12,7,2000,3,1,1,9.0,5,13041,M,0.0,0.0,13
201200007862,12,1,7,2145,3,1,1,1.0,1,13059,M,,,13
201200007863,12,5,22,1000,1,1,1,3.0,2,13059,M,,,13
201200007864,12,7,5,200,3,1,1,1.0,6,13059,M,0.0,0.0,13
201200007865,12,7,13,2200,3,2,1,1.0,1,13048,M,,,13
201200007866,12,7,26,1445,1,1,1,1.0,6,13074,M,0.0,0.0,13
201200007867,12,8,3,1745,1,1,1,1.0,5,13048,M,4366200.0,563400.0,13
201200007868,12,9,15,1330,1,1,1,1.0,3,13048,M,,,13
201200007869,12,12,4,845,1,1,1,2.0,1,13099,M,0.0,0.0,13
201200007870,12,12,17,1815,5,2,1,1.0,6,13048,M,0.0,0.0,13
201200007871,12,2,29,1445,1,2,1,1.0,2,13015,M,4344000.0,540400.0,13
201200007872,12,3,7,1000,1,1,6,1.0,1,13041,M,,,13
201200007873,12,5,20,1830,1,2,6,3.0,3,13015,M,4344000.0,540553.0,13
201200007874,12,6,21,830,1,2,1,1.0,3,13015,M,,,13
201200007875,12,6,24,1430,3,1,1,1.0,6,13107,M,,,13
201200007876,12,10,20,1630,1,2,1,1.0,3,13015,M,0.0,0.0,13
201200007877,12,11,12,645,3,1,1,1.0,2,13015,M,0.0,0.0,13
201200007878,12,5,24,1115,1,2,1,1.0,6,13110,M,4345131.0,567783.0,13
201200007879,12,7,19,1845,1,1,3,1.0,3,13110,M,,,13
201200007880,12,12,26,315,3,1,1,1.0,6,13072,M,0.0,0.0,13
201200007881,12,1,17,745,2,1,1,1.0,3,13004,M,0.0,0.0,13
201200007882,12,1,28,15,3,1,1,1.0,7,13004,M,0.0,0.0,13
201200007883,12,2,19,1400,1,1,1,1.0,7,13004,M,0.0,0.0,13
201200007884,12,2,24,1030,1,1,1,1.0,7,13004,M,0.0,0.0,13
201200007885,12,3,16,2300,3,1,1,1.0,6,13004,M,0.0,0.0,13
201200007886,12,3,22,1745,1,1,1,1.0,7,13004,M,0.0,0.0,13
201200007887,12,4,10,1500,1,1,2,7.0,3,13004,M,4365700.0,469172.0,13
201200007888,12,6,2,2000,1,1,1,1.0,7,13004,M,,,13
201200007889,12,6,17,1700,1,1,1,1.0,3,13004,M,4366998.0,460292.0,13
201200007890,12,7,12,830,1,1,1,1.0,1,13004,M,0.0,0.0,13
201200007891,12,8,4,1145,1,1,1,1.0,3,13004,M,,,13
201200007892,12,8,12,600,2,1,1,1.0,7,13004,M,0.0,0.0,13
201200007893,12,9,5,1145,1,1,1,1.0,6,13004,M,,,13
201200007894,12,9,7,1830,1,2,1,1.0,2,13004,M,4364401.0,472239.0,13
201200007895,12,9,9,1830,1,1,1,1.0,3,13004,M,0.0,0.0,13
201200007896,12,9,30,1745,1,1,1,1.0,6,13004,M,,,13
201200007897,12,10,12,1115,1,1,1,1.0,3,13004,M,,,13
201200007898,12,12,27,1715,2,1,1,1.0,7,13004,M,,,13
201200007899,12,2,5,2215,3,1,1,1.0,7,13027,M,,,13
201200007900,12,2,21,1500,1,1,2,1.0,3,13027,M,,,13
201200007901,12,3,17,1200,1,2,1,1.0,3,13027,M,4388505.0,485798.0,13
201200007902,12,3,17,530,3,1,6,1.0,6,13027,M,,,13
201200007903,12,4,14,2100,3,1,1,1.0,6,13066,M,0.0,0.0,13
201200007904,12,6,9,530,2,1,1,1.0,7,13066,M,,,13
201200007905,12,6,26,1730,1,1,2,1.0,3,13066,M,,,13
201200007906,12,7,27,1930,1,2,1,1.0,3,13027,M,,,13
201200007907,12,9,19,1530,1,2,1,1.0,6,13027,M,,,13
201200007908,12,10,13,1115,1,1,1,1.0,2,13066,M,0.0,0.0,13
201200007909,12,5,2,1900,1,2,6,1.0,7,13096,M,,,13
201200007910,12,5,17,200,3,1,1,1.0,6,13096,M,0.0,0.0,13
201200007911,12,7,1,1030,1,1,1,2.0,6,13096,M,0.0,0.0,13
201200007912,12,7,7,1930,1,2,1,1.0,1,13096,M,4345533.0,443093.0,13
201200007913,12,9,2,845,1,1,1,1.0,6,13096,M,0.0,0.0,13
201200007914,12,1,1,1615,1,1,1,1.0,6,13097,M,0.0,0.0,13
201200007915,12,1,2,1800,3,1,1,2.0,3,13097,M,,,13
201200007916,12,1,3,1045,3,1,1,1.0,2,13097,M,0.0,0.0,13
201200007917,12,1,15,1615,1,1,1,1.0,1,13097,M,0.0,0.0,13
201200007918,12,2,24,1800,1,1,1,1.0,3,13097,M,0.0,0.0,13
201200007919,12,4,13,1700,1,1,1,1.0,1,13097,M,,,13
201200007920,12,6,7,1830,1,1,1,1.0,2,13097,M,0.0,0.0,13
201200007921,12,6,21,2300,3,1,1,1.0,6,13097,M,4364100.0,491600.0,13
201200007922,12,6,30,2330,5,2,1,1.0,3,13097,M,0.0,0.0,13
201200007923,12,7,28,1700,1,1,1,1.0,1,13097,M,4366000.0,483400.0,13
201200007924,12,8,11,1000,1,1,1,1.0,6,13097,M,4353700.0,483000.0,13
201200007925,12,8,23,1115,1,2,1,2.0,7,13097,M,4364160.0,480671.0,13
201200007926,12,9,24,800,1,2,6,1.0,3,13097,M,0.0,0.0,13
201200007927,12,10,4,1800,1,2,1,1.0,6,13097,M,4364000.0,481000.0,13
201200007928,12,10,11,2130,3,1,1,1.0,2,13097,M,,,13
201200007929,12,10,17,1330,1,2,1,1.0,2,13097,M,4363100.0,480500.0,13
201200007930,12,1,15,715,3,1,1,1.0,6,13100,M,0.0,0.0,13
201200007931,12,2,25,1730,1,1,1,1.0,6,13094,M,,,13
201200007932,12,3,16,2100,3,1,1,1.0,6,13094,M,0.0,0.0,13
201200007933,12,4,24,1900,1,1,1,1.0,3,13057,M,0.0,0.0,13
201200007934,12,6,28,2215,5,2,1,1.0,3,13100,M,4378870.0,482890.0,13
201200007935,12,7,17,900,1,2,9,1.0,1,13100,M,0.0,0.0,13
201200007936,12,7,19,1415,1,1,1,1.0,5,13094,M,0.0,0.0,13
201200007937,12,8,5,1400,1,1,1,1.0,7,13094,M,4379350.0,467113.0,13
201200007938,12,8,6,1845,1,1,1,1.0,2,13100,M,,,13
201200007939,12,11,29,1800,3,1,1,6.0,3,13100,M,0.0,0.0,13
201200007940,12,12,23,2030,5,1,1,1.0,6,13100,M,,,13