Num_Acc,an,mois,jour,hrmn,lum,agg,int,atm,col,com,gps,lat,long,dep
201200007941,12,4,9,1130,1,1,1,1.0,7,13004,M,,,13
201200007942,12,6,2,1430,1,1,1,1.0,5,13004,M,0.0,0.0,13
201200007943,12,8,19,1830,1,1,1,1.0,4,13004,M,4352500.0,470700.0,13
201200007944,12,2,25,1815,2,1,1,1.0,6,13042,M,4332100.0,565900.0,13
201200007945,12,3,12,1730,1,2,1,1.0,3,13042,M,4329710.0,562062.0,13
201200007946,12,6,1,2300,3,2,1,1.0,7,13030,M,0.0,0.0,13
201200007947,12,6,26,645,1,1,1,1.0,3,13042,M,,,13
201200007948,12,8,3,1900,1,1,1,1.0,1,13030,M,,,13
201200007949,12,10,7,1730,1,1,1,1.0,1,13030,M,0.0,0.0,13
201200007950,12,10,29,1400,1,2,1,7.0,1,13042,M,0.0,0.0,13
201200007951,12,12,3,600,5,1,7,1.0,1,13042,M,0.0,0.0,13
201200007952,12,2,3,730,2,1,1,1.0,1,13022,M,4322370.0,558225.0,13
201200007953,12,2,29,1945,3,1,1,1.0,3,13022,M,,,13
201200007954,12,3,27,1715,1,2,1,1.0,7,13022,M,4321639.0,554278.0,13
201200007955,12,4,13,1030,1,1,1,2.0,1,13005,M,4324280.0,554409.0,13
201200007956,12,4,22,1815,1,1,1,1.0,3,13022,M,,,13
201200007957,12,7,12,100,3,1,1,1.0,6,13022,M,4323900.0,555700.0,13
201200007958,12,7,14,1730,1,1,1,1.0,1,13022,M,,,13
201200007959,12,7,30,2000,1,2,1,1.0,6,13022,M,4321950.0,554147.0,13
201200007960,12,8,24,115,5,2,1,1.0,1,13022,M,4322080.0,554005.0,13
201200007961,12,11,26,1915,3,2,1,2.0,2,13022,M,4322879.0,553482.0,13
201200007962,12,12,14,2015,5,2,9,2.0,1,13023,M,4319180.0,561784.0,13
201200007963,12,12,28,2330,5,1,4,1.0,3,13022,M,4322500.0,554400.0,13
201200007964,12,2,20,815,1,2,1,1.0,3,13119,M,,,13
201200007965,12,4,7,1630,1,2,1,1.0,6,13085,M,4324855.0,558847.0,13
201200007966,12,6,24,1030,1,1,1,1.0,1,13085,M,,,13
201200007967,12,8,18,1115,1,2,1,1.0,1,13119,M,4324939.0,555285.0,13
201200007968,12,8,16,1845,1,1,3,1.0,3,13013,M,,,13
201200007969,12,2,29,1800,1,2,1,1.0,3,13007,M,,,13
201200007970,12,5,7,1200,1,2,1,1.0,3,13086,M,,,13
201200007971,12,5,30,1500,1,1,1,1.0,4,13007,M,,,13
201200007972,12,6,16,745,1,1,1,1.0,3,13086,M,,,13
201200007973,12,7,20,1445,1,2,1,1.0,3,13007,M,,,13
201200007974,12,8,2,2145,5,1,1,1.0,1,13007,M,0.0,0.0,13
201200007975,12,9,3,2215,3,1,1,1.0,1,13086,M,0.0,0.0,13
201200007976,12,9,14,1000,1,2,1,1.0,3,13031,M,,,13
201200007977,12,11,20,1945,5,1,1,1.0,6,13042,M,0.0,0.0,13
201200007978,12,1,1,600,3,1,1,1.0,6,13092,M,0.0,0.0,13
201200007979,12,1,2,1530,1,1,1,1.0,5,13092,M,,,13
201200007980,12,1,25,45,3,1,1,1.0,6,13092,M,,,13
201200007981,12,2,7,945,1,2,1,1.0,1,13014,M,,,13
201200007982,12,5,23,1800,1,2,1,1.0,3,13092,M,0.0,0.0,13
201200007983,12,5,29,1900,1,1,1,1.0,3,13092,M,0.0,0.0,13
201200007984,12,8,2,1245,1,1,1,1.0,2,13092,M,,,13
201200007985,12,8,29,1800,1,1,1,1.0,2,13014,M,4353590.0,519217.0,13
201200007986,12,10,7,615,3,1,1,1.0,5,13014,M,,,13
201200007987,12,10,13,1700,1,2,1,1.0,7,13092,M,4353800.0,503900.0,13
201200007988,12,10,21,1630,1,2,1,1.0,1,13092,M,0.0,0.0,13
201200007989,12,10,25,1,3,1,1,1.0,6,13092,M,,,13
201200007990,12,11,6,1730,1,1,1,1.0,2,13014,M,4353590.0,519217.0,13
201200007991,12,2,26,1345,1,1,1,6.0,6,13006,M,4367970.0,493349.0,13
201200007992,12,6,16,115,3,2,3,1.0,3,13053,M,,,13
201200007993,12,8,12,1745,1,1,1,1.0,7,13006,M,4372012.0,494960.0,13
201200007994,12,10,9,1600,1,1,2,7.0,3,13003,M,,,13
201200007995,12,6,9,1400,1,2,1,1.0,6,13105,M,,,13
201200007996,12,9,27,830,1,2,1,1.0,3,13053,M,0.0,0.0,13
201200007997,12,9,29,1445,1,1,1,3.0,2,13053,M,,,13
201200007998,12,10,7,1645,1,1,6,1.0,3,13053,M,0.0,0.0,13
201200007999,12,10,9,1545,1,1,1,1.0,1,13053,M,0.0,0.0,13
201200008000,12,2,23,2015,5,1,1,1.0,6,13067,M,4386200.0,494900.0,13
201200008001,12,3,7,1245,1,1,1,1.0,2,13067,M,0.0,0.0,13
201200008002,12,3,17,1730,1,1,1,1.0,6,13064,M,,,13
201200008003,12,5,25,15,3,1,1,1.0,6,13076,M,,,13
201200008004,12,7,14,1015,1,1,1,1.0,1,13067,M,4378080.0,505079.0,13
201200008005,12,7,26,1600,1,1,1,1.0,6,13064,M,0.0,0.0,13
201200008006,12,8,9,545,2,1,1,1.0,1,13018,M,0.0,0.0,13
201200008007,12,8,14,545,2,1,1,1.0,3,13067,M,4383759.0,492656.0,13
201200008008,12,9,29,1815,1,1,1,8.0,6,13089,M,,,13
201200008009,12,9,28,1500,1,1,1,1.0,7,13034,M,,,13
201200008010,12,10,19,1630,1,1,1,1.0,6,13067,M,4377230.0,499065.0,13
201200008011,12,10,29,1845,3,1,1,1.0,1,13076,M,,,13
201200008012,12,11,26,1815,5,2,1,3.0,6,13067,M,0.0,0.0,13
201200008013,12,3,30,300,5,2,1,1.0,6,13081,M,4349198.0,522378.0,13
201200008014,12,4,17,715,1,1,3,1.0,3,13081,M,0.0,0.0,13
201200008015,12,6,14,1630,1,1,1,1.0,3,13081,M,,,13
201200008016,12,6,19,1745,1,1,1,1.0,6,13081,M,0.0,0.0,13
201200008017,12,9,11,2000,5,2,1,1.0,3,13081,M,4349100.0,523151.0,13
201200008018,12,10,21,2030,3,2,1,2.0,6,13081,M,0.0,0.0,13
201200008019,12,3,1,415,3,1,1,1.0,6,13050,M,0.0,0.0,13
201200008020,12,6,14,900,1,1,2,1.0,3,13084,M,,,13
201200008021,12,8,8,730,1,1,1,1.0,7,13024,M,,,13
201200008022,12,9,11,1830,1,1,1,1.0,3,13084,M,0.0,0.0,13
201200008023,12,10,14,1615,1,1,1,2.0,6,13084,M,0.0,0.0,13
201200008024,12,12,7,1830,3,1,1,9.0,1,13082,M,0.0,0.0,13
201200008025,12,2,6,2300,5,1,1,1.0,7,04001,M,0.0,0.0,04
201200008026,12,8,5,1045,1,1,1,1.0,6,04074,M,4401800.0,625400.0,04
201200008027,12,5,20,1230,1,1,1,1.0,3,04122,M,0.0,0.0,04
201200008028,12,5,28,15,3,1,1,1.0,4,04122,M,0.0,0.0,04
201200008029,12,6,30,150,3,1,1,1.0,6,04122,M,0.0,0.0,04
201200008030,12,10,4,1600,1,1,1,1.0,1,04024,M,0.0,0.0,04
201200008031,12,11,19,1430,1,1,1,1.0,6,04110,M,4404200.0,612100.0,04
201200008032,12,12,31,1400,1,1,1,1.0,6,04024,M,0.0,0.0,04
201200008033,12,4,29,1800,1,1,1,1.0,6,04230,M,4381000.0,589500.0,04
201200008034,12,1,27,630,3,1,1,1.0,6,04108,M,0.0,0.0,04
201200008035,12,2,1,845,1,1,1,1.0,6,04108,M,0.0,0.0,04
201200008036,12,2,11,1830,5,2,1,1.0,6,04143,M,4392100.0,591900.0,04
201200008037,12,2,23,2045,5,1,1,1.0,7,04116,M,0.0,0.0,04
201200008038,12,2,26,1500,1,1,1,1.0,7,04108,M,0.0,0.0,04
201200008039,12,4,27,1215,1,1,1,1.0,6,04116,M,0.0,0.0,04
201200008040,12,11,3,1945,3,1,1,2.0,1,04116,M,4403700.0,596900.0,04
201200008041,12,4,8,1430,1,1,1,1.0,6,04204,M,0.0,0.0,04
201200008042,12,4,12,1545,1,1,1,1.0,7,04181,M,0.0,0.0,04
201200008043,12,4,18,1730,1,1,1,1.0,7,04084,M,0.0,0.0,04
201200008044,12,5,13,1900,1,1,1,1.0,2,04204,M,0.0,0.0,04
201200008045,12,6,28,945,1,1,1,1.0,1,04031,M,0.0,0.0,04
201200008046,12,7,1,1500,1,1,1,1.0,3,04055,M,0.0,0.0,04
201200008047,12,8,5,1745,1,1,1,1.0,7,04121,M,0.0,0.0,04
201200008048,12,8,21,1430,1,1,1,1.0,7,04187,M,0.0,0.0,04
201200008049,12,8,26,1145,1,1,1,1.0,6,04204,M,0.0,0.0,04
201200008050,12,9,20,1215,1,1,1,1.0,5,04031,M,0.0,0.0,04
201200008051,12,1,31,1700,2,2,1,4.0,6,04019,M,4439000.0,665600.0,04
201200008052,12,6,2,1730,1,2,1,1.0,1,04019,M,4438600.0,663400.0,04
201200008053,12,8,20,900,1,2,1,1.0,6,04019,M,4439000.0,665300.0,04
201200008054,12,9,8,1245,1,1,1,1.0,3,04100,M,4445700.0,683900.0,04
201200008055,12,10,14,430,3,1,1,1.0,7,04086,M,4439600.0,668900.0,04
201200008056,12,2,12,1300,1,1,1,1.0,1,04033,M,0.0,0.0,04
201200008057,12,2,21,1645,1,1,1,1.0,1,04198,M,0.0,0.0,04
201200008058,12,2,21,815,2,1,1,1.0,6,04198,M,0.0,0.0,04
201200008059,12,4,1,1715,1,1,1,1.0,3,04198,M,0.0,0.0,04
201200008060,12,5,31,1800,1,1,1,1.0,1,04203,M,0.0,0.0,04
201200008061,12,6,15,1615,1,1,1,1.0,6,04198,M,0.0,0.0,04
201200008062,12,8,3,635,2,1,1,1.0,1,04033,M,0.0,0.0,04
201200008063,12,4,1,1500,1,1,1,1.0,6,04039,M,4387900.0,653200.0,04
201200008064,12,5,28,1300,1,1,1,1.0,1,04039,M,4384000.0,649300.0,04
201200008065,12,6,23,1035,1,1,1,1.0,1,04039,M,0.0,0.0,04
201200008066,12,7,14,1800,1,1,1,1.0,6,04092,M,4383900.0,654900.0,04
201200008067,12,8,18,1630,1,1,1,1.0,7,04171,M,4380100.0,644000.0,04
201200008068,12,10,7,745,1,1,1,1.0,6,04039,M,4387200.0,645500.0,04
201200008069,12,7,21,1445,1,1,1,1.0,7,04236,M,0.0,0.0,04
201200008070,12,6,28,1446,1,1,1,1.0,6,04006,M,4423100.0,663200.0,04
201200008071,12,7,19,1915,1,1,1,1.0,6,04061,M,0.0,0.0,04
201200008072,12,3,18,1200,1,1,1,8.0,7,04135,M,0.0,0.0,04
201200008073,12,4,28,1100,1,1,1,1.0,1,04144,M,4379300.0,637700.0,04
201200008074,12,2,17,945,1,2,1,1.0,6,04088,M,0.0,0.0,04
201200008075,12,2,17,745,3,1,1,1.0,2,04045,M,0.0,0.0,04
201200008076,12,6,25,945,1,1,1,1.0,6,04192,M,0.0,0.0,04
201200008077,12,12,10,2045,3,1,1,1.0,7,04188,M,0.0,0.0,04
201200008078,12,11,23,1515,1,1,1,1.0,3,04208,M,0.0,0.0,04
201200008079,12,6,7,1145,3,2,1,1.0,6,04063,M,0.0,0.0,04
201200008080,12,6,19,2305,3,1,1,1.0,6,04245,M,0.0,0.0,04
201200008081,12,6,22,1840,1,1,1,1.0,2,04197,M,0.0,0.0,04
201200008082,12,7,23,1730,1,1,1,1.0,6,04128,M,0.0,0.0,04
201200008083,12,9,8,1515,1,1,9,1.0,3,04197,M,0.0,0.0,04
201200008084,12,11,10,15,3,1,1,3.0,7,04197,M,0.0,0.0,04
201200008085,12,12,14,1745,3,2,1,3.0,6,04152,M,,,04
201200008086,12,12,30,1530,1,1,1,1.0,2,04152,M,0.0,0.0,04
201200008087,12,1,16,1700,1,1,1,1.0,1,04127,M,0.0,0.0,04
201200008088,12,2,5,300,4,1,1,9.0,6,04145,M,4413600.0,595400.0,04
201200008089,12,3,21,1730,1,1,1,1.0,7,04079,M,0.0,0.0,04
201200008090,12,4,1,1130,1,1,9,1.0,3,04244,M,0.0,0.0,04
201200008091,12,4,11,2345,3,2,1,1.0,6,04209,M,0.0,0.0,04
201200008092,12,4,27,545,3,1,1,1.0,6,04079,M,0.0,0.0,04
201200008093,12,6,12,1445,1,1,1,1.0,2,04079,M,0.0,0.0,04
201200008094,12,6,27,745,1,2,3,1.0,3,04049,M,0.0,0.0,04
201200008095,12,7,29,1600,1,2,1,1.0,3,04049,M,0.0,0.0,04
201200008096,12,9,15,2345,5,1,1,1.0,6,04049,M,0.0,0.0,04
201200008097,12,9,22,415,3,1,1,1.0,6,04013,M,0.0,0.0,04
201200008098,12,10,18,800,1,1,1,1.0,1,04075,M,0.0,0.0,04
201200008099,12,11,21,1800,3,2,1,2.0,6,04209,M,0.0,0.0,04
201200008100,12,12,3,1115,1,1,1,1.0,1,04123,M,0.0,0.0,04
201200008101,12,12,26,1215,1,1,1,1.0,6,04013,M,0.0,0.0,04
201200008102,12,1,20,2315,3,1,1,1.0,6,05034,M,4429427.0,582134.0,05
201200008103,12,1,30,1100,1,1,1,1.0,6,05054,M,4466515.0,608210.0,05
201200008104,12,4,18,2100,3,1,1,1.0,1,05148,M,4463107.0,612589.0,05
201200008105,12,12,26,1700,2,1,1,1.0,1,05096,M,4468352.0,629632.0,05
201200008106,12,3,17,1945,3,1,1,1.0,6,05002,M,4468691.0,587882.0,05
201200008107,12,8,2,1500,1,1,1,1.0,1,38241,M,4475800.0,588499.0,38
201200008108,12,1,4,725,1,1,1,2.0,6,05123,M,4454888.0,597993.0,05
201200008109,12,3,7,715,1,1,1,1.0,1,05162,M,4441816.0,599068.0,05
201200008110,12,4,1,600,3,1,1,1.0,1,05071,M,4441597.0,598014.0,05
201200008111,12,5,20,1015,1,1,1,1.0,1,05068,M,4447816.0,609764.0,05
201200008112,12,6,23,2345,3,1,3,1.0,3,05068,M,4447818.0,609667.0,05
201200008113,12,9,26,700,2,1,1,1.0,5,05071,M,4441651.0,598173.0,05
201200008114,12,11,19,1645,2,1,1,1.0,6,05100,M,4451880.0,602228.0,05
201200008115,12,12,21,545,3,1,1,5.0,6,05068,M,4452570.0,610174.0,05
201200008116,12,4,8,1445,1,1,1,6.0,6,05091,M,4439586.0,549957.0,05
201200008117,12,6,22,1330,1,1,1,1.0,3,05117,M,4440566.0,553045.0,05
201200008118,12,7,1,1500,1,1,1,2.0,6,05166,M,4440990.0,572695.0,05
201200008119,12,8,9,1130,1,1,3,1.0,1,05126,M,4438796.0,548585.0,05
201200008120,12,11,6,1730,2,1,1,2.0,3,05167,M,4445139.0,572499.0,05
201200008121,12,5,21,1630,1,1,1,2.0,4,05055,M,4455963.0,576563.0,05
201200008122,12,5,28,1200,1,1,1,1.0,6,05154,M,4452943.0,568543.0,05
201200008123,12,10,31,1100,5,2,1,3.0,6,05179,M,4453745.0,583471.0,05
201200008124,12,11,2,1800,3,1,1,2.0,6,05035,M,4451175.0,587840.0,05
201200008125,12,11,6,1500,1,1,1,2.0,6,05146,M,4462145.0,569961.0,05
201200008126,12,9,1,1400,1,1,1,1.0,6,05151,M,4483263.0,657442.0,05
201200008127,12,10,9,930,1,1,1,8.0,3,05151,M,4481207.0,657506.0,05
201200008128,12,6,16,1545,1,1,1,1.0,6,05063,M,4504257.0,627384.0,05
201200008129,12,7,29,1345,1,2,2,1.0,1,05079,M,4497383.0,650806.0,05
201200008130,12,8,3,1445,1,1,1,1.0,1,05079,M,4495774.0,654467.0,05
201200008131,12,8,4,1200,1,1,2,1.0,3,05133,M,4493048.0,659355.0,05
201200008132,12,10,9,1630,2,1,1,1.0,6,05183,M,4486602.0,661325.0,05
201200008133,12,11,28,1830,3,1,1,5.0,6,05109,M,4489322.0,661896.0,05
201200008134,12,5,12,1200,1,1,1,1.0,5,05164,M,4451445.0,639972.0,05
201200008135,12,7,26,1030,1,1,1,1.0,6,05045,M,4453296.0,645927.0,05
201200008136,12,11,12,1115,1,1,1,1.0,6,05164,M,4454102.0,640412.0,05
201200008137,12,1,31,1145,1,1,1,4.0,7,05077,M,4472872.0,684798.0,05
201200008138,12,9,12,1815,1,1,1,2.0,7,05038,M,4473114.0,676620.0,05
201200008139,12,1,16,1500,1,1,2,1.0,3,05017,M,4456342.0,619662.0,05
201200008140,12,11,30,1915,3,1,1,1.0,6,05040,M,4454818.0,626749.0,05
201200008141,12,1,8,945,1,1,1,1.0,3,05136,M,4470018.0,660960.0,05
201200008142,12,1,31,715,2,1,1,4.0,1,05136,M,4468701.0,661360.0,05
201200008143,12,4,1,600,2,1,1,1.0,7,05177,M,4458749.0,668711.0,05
201200008144,12,6,15,15,3,2,1,1.0,6,05065,M,4465979.0,663693.0,05
201200008145,12,7,28,1430,1,2,3,1.0,6,05177,M,4456677.0,668548.0,05
201200008146,12,8,4,1345,1,1,1,1.0,3,05177,M,4454933.0,670182.0,05
201200008147,12,8,7,1445,1,1,1,1.0,1,05065,M,4464215.0,662624.0,05
201200008148,12,9,23,2100,3,1,1,1.0,7,05177,M,4456112.0,669061.0,05
201200008149,12,10,9,200,3,1,1,1.0,6,05136,M,4468767.0,661341.0,05
201200008150,12,12,28,1500,1,2,1,7.0,6,05134,M,4464920.0,657989.0,05
201200008151,12,2,14,1830,5,2,1,1.0,6,06048,M,4378600.0,733900.0,06
201200008152,12,3,14,930,1,2,1,1.0,6,06048,M,0.0,0.0,06
201200008153,12,3,17,1315,1,2,1,1.0,1,06048,M,0.0,0.0,06
201200008154,12,3,30,730,1,2,1,1.0,3,06048,M,0.0,0.0,06
201200008155,12,7,29,1800,1,2,1,1.0,2,06048,M,0.0,0.0,06
201200008156,12,2,29,1600,1,2,1,1.0,6,06077,M,0.0,0.0,06
201200008157,12,4,8,1215,1,2,1,1.0,1,06091,M,0.0,0.0,06
201200008158,12,5,3,1945,1,1,1,1.0,3,06057,M,0.0,0.0,06
201200008159,12,7,4,1900,1,1,1,1.0,6,06019,M,0.0,0.0,06
201200008160,12,8,15,1200,1,1,1,1.0,7,06077,M,0.0,0.0,06
201200008161,12,8,26,1130,1,1,1,1.0,6,06092,M,0.0,0.0,06
201200008162,12,3,4,1245,1,1,1,1.0,1,06075,M,4384200.0,723200.0,06
201200008163,12,9,7,2115,3,1,1,1.0,6,06114,M,0.0,0.0,06
201200008164,12,4,8,445,2,2,1,1.0,7,06151,M,0.0,0.0,06
201200008165,12,3,11,1800,1,1,1,1.0,2,06149,M,0.0,0.0,06
201200008166,12,3,20,2015,5,2,1,2.0,6,06054,M,0.0,0.0,06
201200008167,12,3,20,800,1,2,1,1.0,6,06149,M,0.0,0.0,06
201200008168,12,8,15,1915,1,2,1,1.0,6,06149,M,0.0,0.0,06
201200008169,12,11,8,1930,3,1,1,1.0,1,06031,M,0.0,0.0,06
201200008170,12,12,24,1100,1,2,1,1.0,6,06054,M,0.0,0.0,06
201200008171,12,5,10,1815,1,2,1,1.0,6,06011,M,0.0,0.0,06
201200008172,12,1,11,2245,3,1,1,1.0,3,06161,M,4366100.0,708800.0,06
201200008173,12,6,10,15,5,2,1,1.0,6,06161,M,0.0,0.0,06
201200008174,12,4,7,1100,1,1,1,1.0,3,06161,M,4365000.0,713300.0,06
201200008175,12,1,7,1345,1,1,1,1.0,6,06090,M,0.0,0.0,06
201200008176,12,1,15,1315,1,1,1,1.0,6,06079,M,0.0,0.0,06
201200008177,12,1,31,845,1,2,1,3.0,6,06079,M,0.0,0.0,06
201200008178,12,2,15,1530,1,2,1,1.0,1,06108,M,0.0,0.0,06
201200008179,12,3,11,1530,1,2,1,1.0,6,06079,M,0.0,0.0,06
201200008180,12,3,17,515,3,1,1,1.0,7,06095,M,0.0,0.0,06
201200008181,12,3,25,1345,1,2,1,1.0,1,06108,M,0.0,0.0,06
201200008182,12,3,30,1200,1,2,1,1.0,1,06079,M,0.0,0.0,06
201200008183,12,4,12,1800,1,2,1,1.0,5,06079,M,0.0,0.0,06
201200008184,12,5,24,1415,1,1,1,1.0,3,06090,M,0.0,0.0,06
201200008185,12,6,1,1815,1,2,1,1.0,1,06108,M,0.0,0.0,06
201200008186,12,6,4,1545,1,2,1,1.0,6,06079,M,0.0,0.0,06
201200008187,12,6,9,30,3,1,1,1.0,1,06090,M,0.0,0.0,06
201200008188,12,6,19,930,1,2,1,1.0,1,06079,M,0.0,0.0,06
201200008189,12,6,3,1130,1,2,9,1.0,6,06079,M,0.0,0.0,06
201200008190,12,6,19,2300,5,2,1,1.0,6,06079,M,0.0,0.0,06
201200008191,12,6,26,2130,5,2,1,1.0,3,06079,M,0.0,0.0,06
201200008192,12,7,12,745,1,1,1,1.0,3,06079,M,0.0,0.0,06
201200008193,12,7,20,800,1,2,1,1.0,3,06079,M,0.0,0.0,06
201200008194,12,8,5,900,1,1,1,1.0,6,06108,M,0.0,0.0,06
201200008195,12,8,15,745,1,2,1,1.0,1,06138,M,0.0,0.0,06
201200008196,12,8,25,1445,1,2,1,1.0,3,06007,M,0.0,0.0,06
201200008197,12,10,2,1300,1,2,1,1.0,6,06079,M,0.0,0.0,06
201200008198,12,10,7,1145,1,2,1,1.0,5,06090,M,0.0,0.0,06
201200008199,12,10,10,1815,1,2,1,1.0,3,06079,M,0.0,0.0,06
201200008200,12,11,3,1815,5,2,1,3.0,6,06079,M,0.0,0.0,06
201200008201,12,1,29,1115,1,1,1,4.0,6,06058,M,4374600.0,676200.0,06
201200008202,12,6,12,2045,1,1,1,1.0,6,06134,M,0.0,0.0,06
201200008203,12,7,21,1000,1,1,1,1.0,6,06134,M,0.0,0.0,06
201200008204,12,8,9,1015,1,1,1,1.0,7,06003,M,0.0,0.0,06
201200008205,12,8,5,945,1,1,1,1.0,3,06058,M,4373200.0,681700.0,06
201200008206,12,7,13,1400,1,1,1,1.0,6,06058,M,4372300.0,684800.0,06
201200008207,12,8,23,515,5,1,1,1.0,6,06028,M,0.0,0.0,06
201200008208,12,9,1,1330,1,2,1,1.0,6,06134,M,4377900.0,670600.0,06
201200008209,12,9,2,1430,1,2,1,1.0,6,06024,M,4386900.0,675700.0,06
201200008210,12,9,18,1015,1,1,1,1.0,2,06134,M,0.0,0.0,06
201200008211,12,9,30,1015,1,1,1,1.0,3,06134,M,0.0,0.0,06
201200008212,12,10,21,1115,1,1,1,1.0,5,06058,M,0.0,0.0,06
201200008213,12,11,15,1145,1,1,1,9.0,7,06081,M,0.0,0.0,06
201200008214,12,12,4,1345,1,1,1,8.0,1,06081,M,4384400.0,682100.0,06
201200008215,12,12,14,1700,2,1,1,2.0,1,06028,M,4377200.0,678600.0,06
201200008216,12,1,23,645,2,1,1,1.0,1,06157,M,0.0,0.0,06
201200008217,12,2,2,1400,1,2,1,7.0,1,06122,M,0.0,0.0,06
201200008218,12,2,9,730,1,1,1,8.0,5,06065,M,0.0,0.0,06
201200008219,12,4,27,815,1,1,1,1.0,3,06065,M,0.0,0.0,06
201200008220,12,6,5,945,1,1,1,1.0,1,06065,M,0.0,0.0,06
201200008221,12,8,8,1345,1,1,1,1.0,1,06050,M,0.0,0.0,06
201200008222,12,8,25,1915,2,1,1,2.0,1,06157,M,0.0,0.0,06
201200008223,12,9,13,1845,1,2,1,1.0,6,06157,M,0.0,0.0,06
201200008224,12,9,14,1245,1,2,1,1.0,1,06065,M,0.0,0.0,06
201200008225,12,10,20,1515,1,1,1,1.0,1,06157,M,0.0,0.0,06
201200008226,12,11,14,2015,3,1,1,1.0,1,06157,M,0.0,0.0,06
201200008227,12,11,16,1200,1,1,1,1.0,6,06065,M,0.0,0.0,06
201200008228,12,2,17,545,3,1,1,1.0,4,06064,M,0.0,0.0,06
201200008229,12,4,21,1400,1,2,1,1.0,6,06033,M,0.0,0.0,06
201200008230,12,5,4,700,1,1,1,1.0,3,06109,M,0.0,0.0,06
201200008231,12,7,27,1800,1,2,1,1.0,6,06938,M,0.0,0.0,06
201200008232,12,12,9,700,2,1,6,1.0,6,06033,M,0.0,0.0,06
201200008233,12,6,29,2030,2,1,1,1.0,2,06035,M,0.0,0.0,06
201200008234,12,9,28,930,1,1,1,1.0,6,06136,M,0.0,0.0,06
201200008235,12,3,10,945,1,1,1,1.0,1,06162,M,0.0,0.0,06
201200008236,12,7,8,2030,2,1,1,1.0,7,06163,M,0.0,0.0,06
201200008237,12,7,15,1800,1,1,1,1.0,5,06062,M,4399900.0,755000.0,06
201200008238,12,9,23,2145,3,2,1,1.0,7,06163,M,0.0,0.0,06
201200008239,12,1,16,1830,5,1,1,1.0,2,06059,M,0.0,0.0,06
201200008240,12,3,21,1630,1,1,1,1.0,6,06059,M,0.0,0.0,06
201200008241,12,3,23,915,1,1,1,1.0,6,06032,M,0.0,0.0,06
201200008242,12,4,2,445,5,1,1,1.0,6,06032,M,0.0,0.0,06
201200008243,12,4,20,2100,5,2,1,1.0,6,06032,M,0.0,0.0,06
201200008244,12,6,13,1745,1,2,1,1.0,1,06150,M,0.0,0.0,06
201200008245,12,9,1,400,3,2,1,1.0,6,06150,M,0.0,0.0,06
201200008246,12,10,4,1645,1,1,1,1.0,3,06059,M,0.0,0.0,06
201200008247,12,10,8,1530,1,1,1,1.0,6,06059,M,0.0,0.0,06
201200008248,12,11,3,2245,5,1,1,3.0,6,06059,M,0.0,0.0,06
201200008249,12,4,16,1015,1,1,1,1.0,1,06078,M,4393100.0,714900.0,06
201200008250,12,6,9,1445,1,1,1,1.0,7,06071,M,0.0,0.0,06
201200008251,12,8,21,1600,1,1,1,3.0,6,06071,M,0.0,0.0,06
201200008252,12,9,5,1630,1,1,1,1.0,7,06056,M,0.0,0.0,06
201200008253,12,3,26,1145,1,1,1,1.0,1,06066,M,4386200.0,715700.0,06
201200008254,12,6,16,1345,1,1,1,1.0,1,06066,M,4386000.0,715400.0,06
201200008255,12,8,15,1945,1,2,1,1.0,1,06066,M,4384800.0,718800.0,06
201200008256,12,9,8,2345,3,2,1,1.0,6,06047,M,0.0,0.0,06
201200008257,12,9,20,715,2,2,1,1.0,1,06066,M,4384500.0,719000.0,06
201200008258,12,1,25,1600,1,1,1,1.0,1,83038,M,0.0,0.0,83
201200008259,12,2,25,745,1,1,1,7.0,1,83044,M,4369200.0,650200.0,83
201200008260,12,3,10,1330,1,1,1,1.0,6,83003,M,0.0,0.0,83
201200008261,12,6,30,1715,1,1,1,1.0,6,83041,M,0.0,0.0,83
201200008262,12,7,17,1730,1,1,1,1.0,2,83038,M,4360000.0,646700.0,83
201200008263,12,10,5,1200,1,1,1,1.0,3,83086,M,4347100.0,654500.0,83
201200008264,12,10,10,1930,5,2,1,1.0,1,83086,M,0.0,0.0,83
201200008265,12,12,19,1915,3,1,1,1.0,5,83004,M,4346400.0,652400.0,83
201200008266,12,5,25,945,1,1,1,1.0,6,83028,M,4359300.0,668000.0,83
201200008267,12,5,26,1215,1,1,1,1.0,7,83013,M,4375200.0,663100.0,83
201200008268,12,6,24,1745,1,1,3,1.0,3,83028,M,4357800.0,653400.0,83
201200008269,12,6,29,2245,3,1,1,1.0,7,83011,M,4362800.0,655100.0,83
201200008270,12,8,25,1900,1,1,1,2.0,6,83082,M,4366400.0,630600.0,83
201200008271,12,9,6,1815,1,1,1,1.0,7,83082,M,4362300.0,648200.0,83
201200008272,12,9,23,1115,1,1,1,1.0,7,83082,M,4363900.0,648100.0,83
201200008273,12,12,15,1745,3,1,1,8.0,6,83044,M,0.0,0.0,83
201200008274,12,2,23,1845,3,1,1,1.0,1,83081,M,0.0,0.0,83
201200008275,12,3,11,1730,2,1,1,1.0,1,83081,M,0.0,0.0,83
201200008276,12,3,18,1530,1,1,1,1.0,1,83055,M,0.0,0.0,83
201200008277,12,4,9,1415,1,1,1,1.0,2,83138,M,0.0,0.0,83
201200008278,12,4,12,700,1,1,1,1.0,3,83081,M,0.0,0.0,83
201200008279,12,5,5,2115,3,1,1,1.0,1,83055,M,0.0,0.0,83
201200008280,12,5,12,1900,1,1,1,1.0,1,83081,M,0.0,0.0,83
201200008281,12,6,3,1545,1,1,1,1.0,6,83081,M,0.0,0.0,83
201200008282,12,6,5,1900,1,1,1,1.0,6,83081,M,0.0,0.0,83
201200008283,12,7,2,1215,1,1,1,1.0,2,83117,M,0.0,0.0,83
201200008284,12,7,11,1230,1,1,1,1.0,1,83029,M,0.0,0.0,83