Num_Acc,an,mois,jour,hrmn,lum,agg,int,atm,col,com,gps,lat,long,dep
201200008285,12,10,12,1115,1,2,1,1.0,3,83055,M,0.0,0.0,83
201200008286,12,1,19,1700,1,1,1,1.0,6,83136,M,4344900.0,631500.0,83
201200008287,12,2,10,130,5,2,1,1.0,6,83136,M,0.0,0.0,83
201200008288,12,3,12,2215,2,1,1,1.0,6,83072,M,4348400.0,631800.0,83
201200008289,12,3,17,230,3,1,1,1.0,6,83072,M,4349800.0,640400.0,83
201200008290,12,5,4,1445,1,1,3,1.0,3,83058,M,0.0,0.0,83
201200008291,12,7,9,1415,1,2,1,1.0,6,83072,M,0.0,0.0,83
201200008292,12,7,22,1130,1,2,1,1.0,6,83072,M,0.0,0.0,83
201200008293,12,8,31,1645,1,2,1,1.0,3,83072,M,4349600.0,636700.0,83
201200008294,12,9,18,1830,1,2,1,1.0,1,83136,M,0.0,0.0,83
201200008295,12,12,5,1800,3,1,1,1.0,1,83072,M,4349600.0,638100.0,83
201200008296,12,12,28,2045,3,1,1,1.0,6,83072,M,0.0,0.0,83
201200008297,12,2,3,1845,3,1,1,1.0,6,83067,M,4333800.0,631800.0,83
201200008298,12,7,21,2330,3,2,1,1.0,1,83073,M,4340000.0,628400.0,83
201200008299,12,9,6,700,2,1,1,1.0,6,83031,M,0.0,0.0,83
201200008300,12,10,13,1145,1,2,1,1.0,6,83073,M,0.0,0.0,83
201200008301,12,11,17,2015,5,2,1,1.0,3,83073,M,4338900.0,632100.0,83
201200008302,12,4,7,1115,1,2,3,1.0,3,83007,M,4362486.0,622317.0,83
201200008303,12,8,12,145,3,1,1,1.0,6,83122,M,0.0,0.0,83
201200008304,12,8,17,2330,3,1,1,1.0,6,83007,M,0.0,0.0,83
201200008305,12,10,8,1000,1,1,1,1.0,1,83149,M,0.0,0.0,83
201200008306,12,12,8,1700,2,1,1,1.0,3,83121,M,0.0,0.0,83
201200008307,12,1,1,500,3,1,1,1.0,7,83023,M,0.0,0.0,83
201200008308,12,1,1,220,3,1,1,1.0,7,83030,M,0.0,0.0,83
201200008309,12,1,13,1215,1,2,1,1.0,1,83030,M,0.0,0.0,83
201200008310,12,1,20,1800,5,1,1,1.0,5,83023,M,0.0,0.0,83
201200008311,12,2,12,500,3,1,1,1.0,6,83143,M,0.0,0.0,83
201200008312,12,2,25,1200,1,1,3,1.0,5,83023,M,0.0,0.0,83
201200008313,12,3,3,1745,1,1,1,1.0,7,83037,M,0.0,0.0,83
201200008314,12,4,8,1145,1,2,1,1.0,3,83023,M,4340441.0,604345.0,83
201200008315,12,4,19,2100,5,2,1,1.0,1,83023,M,4340838.0,605929.0,83
201200008316,12,5,9,1915,1,2,9,7.0,6,83023,M,0.0,0.0,83
201200008317,12,5,12,1200,1,1,1,1.0,5,83023,M,0.0,0.0,83
201200008318,12,5,29,1700,1,1,1,8.0,7,83143,M,0.0,0.0,83
201200008319,12,6,9,1545,1,1,1,1.0,3,83143,M,0.0,0.0,83
201200008320,12,6,14,1700,1,1,1,1.0,7,83143,M,0.0,0.0,83
201200008321,12,6,18,1545,1,1,1,1.0,3,83023,M,0.0,0.0,83
201200008322,12,6,26,1900,1,1,1,1.0,7,83037,M,0.0,0.0,83
201200008323,12,7,12,1045,1,1,1,1.0,1,83037,M,0.0,0.0,83
201200008324,12,7,13,1745,1,1,1,1.0,5,83030,M,0.0,0.0,83
201200008325,12,7,27,1430,1,1,1,1.0,2,83023,M,0.0,0.0,83
201200008326,12,8,1,1300,1,1,2,1.0,5,83143,M,0.0,0.0,83
201200008327,12,9,9,1100,1,2,1,1.0,3,83143,M,0.0,0.0,83
201200008328,12,9,13,515,5,2,1,1.0,6,83023,M,0.0,0.0,83
201200008329,12,9,25,945,1,2,1,1.0,3,83023,M,0.0,0.0,83
201200008330,12,10,9,1815,1,1,6,1.0,6,83023,M,0.0,0.0,83
201200008331,12,10,17,1030,1,1,1,2.0,3,83023,M,0.0,0.0,83
201200008332,12,10,19,1000,1,1,1,1.0,1,83023,M,0.0,0.0,83
201200008333,12,10,24,1900,1,1,1,1.0,1,83023,M,0.0,0.0,83
201200008334,12,10,31,1100,1,1,1,3.0,1,83023,M,0.0,0.0,83
201200008335,12,11,2,1630,1,1,1,1.0,6,83023,M,0.0,0.0,83
201200008336,12,11,19,2030,5,2,1,1.0,6,83143,M,0.0,0.0,83
201200008337,12,1,14,2345,3,1,1,1.0,3,83025,M,0.0,0.0,83
201200008338,12,1,20,2300,3,1,1,1.0,6,83012,M,0.0,0.0,83
201200008339,12,2,21,2000,5,2,1,1.0,1,83026,M,0.0,0.0,83
201200008340,12,2,25,1200,1,1,1,1.0,7,83095,M,0.0,0.0,83
201200008341,12,3,21,130,5,2,1,2.0,1,83083,M,0.0,0.0,83
201200008342,12,7,1,745,1,1,1,1.0,1,83150,M,0.0,0.0,83
201200008343,12,7,5,1045,1,1,1,1.0,1,83006,M,0.0,0.0,83
201200008344,12,7,21,1730,1,1,1,1.0,7,83113,M,0.0,0.0,83
201200008345,12,9,10,1415,1,1,1,1.0,1,83104,M,0.0,0.0,83
201200008346,12,12,13,815,2,1,1,8.0,3,83150,M,0.0,0.0,83
201200008347,12,12,27,1645,1,2,1,1.0,3,83104,M,0.0,0.0,83
201200008348,12,1,25,1330,1,1,1,1.0,6,83059,M,0.0,0.0,83
201200008349,12,3,11,1645,1,1,1,1.0,1,83088,M,0.0,0.0,83
201200008350,12,3,13,1815,2,1,1,1.0,6,83064,M,4332900.0,605100.0,83
201200008351,12,4,21,1500,1,1,1,1.0,7,83088,M,0.0,0.0,83
201200008352,12,4,22,945,1,1,1,1.0,7,83077,M,0.0,0.0,83
201200008353,12,5,17,1800,1,1,1,1.0,7,83077,M,0.0,0.0,83
201200008354,12,6,14,1300,1,1,1,1.0,1,83037,M,0.0,0.0,83
201200008355,12,6,17,2000,1,1,1,1.0,7,83108,M,0.0,0.0,83
201200008356,12,7,16,1900,1,1,1,1.0,1,83077,M,0.0,0.0,83
201200008357,12,7,22,1445,1,1,1,1.0,7,83108,M,0.0,0.0,83
201200008358,12,7,29,1445,1,1,1,1.0,1,83077,M,0.0,0.0,83
201200008359,12,9,11,1430,1,1,1,1.0,7,83077,M,0.0,0.0,83
201200008360,12,10,6,1300,1,1,1,1.0,1,83106,M,0.0,0.0,83
201200008361,12,10,12,815,1,1,1,1.0,6,83077,M,0.0,0.0,83
201200008362,12,10,12,1815,1,1,1,1.0,7,83064,M,0.0,0.0,83
201200008363,12,10,25,1815,1,1,1,1.0,6,83077,M,0.0,0.0,83
201200008364,12,11,1,1715,1,1,1,1.0,6,83076,M,0.0,0.0,83
201200008365,12,1,30,1000,1,2,1,1.0,3,83116,M,0.0,0.0,83
201200008366,12,5,9,1615,1,1,1,1.0,7,83097,M,0.0,0.0,83
201200008367,12,8,1,945,1,1,1,1.0,7,83087,M,0.0,0.0,83
201200008368,12,9,6,1145,1,2,1,1.0,6,83116,M,0.0,0.0,83
201200008369,12,9,21,1845,1,1,1,1.0,1,83116,M,4345500.0,584500.0,83
201200008370,12,12,30,1000,1,2,1,1.0,6,83116,M,0.0,0.0,83
201200008371,12,1,3,1730,2,1,2,1.0,5,83107,M,0.0,0.0,83
201200008372,12,2,26,845,2,1,1,1.0,7,83107,M,0.0,0.0,83
201200008373,12,3,14,2100,5,2,1,1.0,6,83099,M,0.0,0.0,83
201200008374,12,7,25,1215,1,1,1,1.0,6,83099,M,0.0,0.0,83
201200008375,12,8,6,2245,5,2,1,1.0,6,83107,M,0.0,0.0,83
201200008376,12,8,8,1815,1,1,1,1.0,3,83107,M,0.0,0.0,83
201200008377,12,8,14,2100,3,1,1,1.0,5,83107,M,0.0,0.0,83
201200008378,12,8,20,1345,1,1,1,1.0,2,83107,M,0.0,0.0,83
201200008379,12,9,23,1600,1,1,1,1.0,5,83107,M,4346700.0,660000.0,83
201200008380,12,10,12,645,2,1,1,1.0,3,83099,M,0.0,0.0,83
201200008381,12,11,26,115,3,1,1,2.0,6,83107,M,0.0,0.0,83
201200008382,12,12,24,1015,1,2,1,1.0,1,83107,M,0.0,0.0,83
201200008383,12,1,1,300,3,1,1,1.0,7,83042,M,0.0,0.0,83
201200008384,12,1,3,1715,1,2,3,1.0,3,83042,M,4325800.0,652200.0,83
201200008385,12,1,21,1730,1,1,1,1.0,7,83068,M,0.0,0.0,83
201200008386,12,1,21,1815,4,2,1,1.0,6,83063,M,0.0,0.0,83
201200008387,12,1,23,1515,1,1,1,1.0,7,83068,M,0.0,0.0,83
201200008388,12,2,7,1600,1,1,1,1.0,1,83042,M,0.0,0.0,83
201200008389,12,2,11,2330,3,1,1,1.0,6,83063,M,0.0,0.0,83
201200008390,12,3,2,1700,1,2,1,1.0,6,83063,M,4331582.0,647081.0,83
201200008391,12,3,10,930,1,2,6,1.0,1,83042,M,0.0,0.0,83
201200008392,12,3,21,745,1,1,1,1.0,6,83068,M,0.0,0.0,83
201200008393,12,3,30,1000,1,2,1,1.0,3,83042,M,4326342.0,658965.0,83
201200008394,12,4,2,1545,1,1,1,1.0,2,83068,M,0.0,0.0,83
201200008395,12,4,11,1745,1,1,1,1.0,6,83068,M,0.0,0.0,83
201200008396,12,4,25,830,1,1,1,1.0,2,83042,M,0.0,0.0,83
201200008397,12,5,1,1615,1,1,1,1.0,1,83068,M,4328000.0,656000.0,83
201200008398,12,5,2,1215,1,1,1,1.0,3,83068,M,0.0,0.0,83
201200008399,12,5,9,1230,1,1,1,1.0,1,83068,M,0.0,0.0,83
201200008400,12,5,12,1800,1,1,1,1.0,3,83068,M,4326500.0,653100.0,83
201200008401,12,5,15,2015,1,1,1,1.0,3,83042,M,4326000.0,656100.0,83
201200008402,12,5,16,1700,1,2,1,1.0,1,83042,M,0.0,0.0,83
201200008403,12,5,18,1715,1,2,1,1.0,1,83079,M,0.0,0.0,83
201200008404,12,6,11,1415,1,2,4,1.0,1,83068,M,4327600.0,652700.0,83
201200008405,12,6,17,315,3,1,1,1.0,7,83068,M,0.0,0.0,83
201200008406,12,6,19,1130,1,1,1,1.0,3,83068,M,0.0,0.0,83
201200008407,12,7,11,1145,1,1,1,1.0,2,83068,M,4327200.0,657400.0,83
201200008408,12,7,21,400,3,1,1,1.0,1,83042,M,0.0,0.0,83
201200008409,12,8,10,1145,1,1,1,1.0,4,83079,M,4321000.0,648400.0,83
201200008410,12,8,10,1230,1,1,1,1.0,1,83068,M,0.0,0.0,83
201200008411,12,8,17,815,1,1,9,1.0,2,83068,M,0.0,0.0,83
201200008412,12,8,27,30,5,2,6,1.0,6,83900,M,0.0,0.0,83
201200008413,12,9,4,1515,1,1,1,1.0,3,83042,M,4326300.0,651800.0,83
201200008414,12,9,12,1445,1,1,1,1.0,2,83068,M,0.0,0.0,83
201200008415,12,9,15,2115,3,1,1,1.0,7,83068,M,0.0,0.0,83
201200008416,12,9,19,1300,1,2,1,1.0,6,83042,M,0.0,0.0,83
201200008417,12,9,21,1945,5,1,1,1.0,6,83068,M,0.0,0.0,83
201200008418,12,9,23,430,3,1,1,1.0,2,83068,M,0.0,0.0,83
201200008419,12,10,15,1900,5,2,1,1.0,6,83042,M,0.0,0.0,83
201200008420,12,10,19,700,2,1,1,1.0,1,83068,M,0.0,0.0,83
201200008421,12,10,20,1730,1,2,6,1.0,3,83042,M,0.0,0.0,83
201200008422,12,10,24,1800,2,1,1,1.0,7,83063,M,4328900.0,650300.0,83
201200008423,12,10,29,845,1,1,1,1.0,4,83068,M,4328000.0,658000.0,83
201200008424,12,10,31,2015,3,1,1,2.0,3,83042,M,4325000.0,655000.0,83
201200008425,12,11,18,545,5,1,6,1.0,6,83068,M,0.0,0.0,83
201200008426,12,12,9,130,3,2,1,1.0,7,83068,M,0.0,0.0,83
201200008427,12,12,12,1215,1,1,1,1.0,1,83068,M,4327000.0,652000.0,83
201200008428,12,12,12,1845,5,1,1,1.0,3,83068,M,0.0,0.0,83
201200008429,12,12,27,2230,5,2,1,1.0,6,83042,M,0.0,0.0,83
201200008430,12,2,26,415,5,2,6,1.0,6,83086,M,0.0,0.0,83
201200008431,12,7,24,2100,2,1,9,1.0,3,83086,M,0.0,0.0,83
201200008432,12,8,8,1545,1,2,1,1.0,6,83086,M,0.0,0.0,83
201200008433,12,1,4,1145,1,2,9,1.0,7,83115,M,4313600.0,622100.0,83
201200008434,12,1,10,1600,1,1,1,1.0,6,83094,M,4332400.0,654100.0,83
201200008435,12,3,2,1900,5,2,1,1.0,6,83115,M,0.0,0.0,83
201200008436,12,6,6,915,1,2,1,1.0,3,83115,M,4329300.0,662200.0,83
201200008437,12,7,12,1945,1,2,1,7.0,7,83115,M,4332000.0,664100.0,83
201200008438,12,7,12,1815,1,2,1,1.0,6,83115,M,4331083.0,663472.0,83
201200008439,12,8,31,2345,5,2,1,1.0,1,83115,M,4350900.0,605400.0,83
201200008440,12,9,19,1900,1,2,1,1.0,6,83115,M,0.0,0.0,83
201200008441,12,9,23,1000,1,1,1,1.0,6,83115,M,4330300.0,662600.0,83
201200008442,12,10,21,1645,1,2,1,1.0,6,83094,M,4356800.0,691100.0,83
201200008443,12,3,11,1145,1,1,1,1.0,1,83101,M,4323600.0,660900.0,83
201200008444,12,4,14,1900,1,1,1,1.0,3,83065,M,4325000.0,660000.0,83
201200008445,12,4,15,1800,1,1,1,1.0,7,83065,M,4341400.0,696800.0,83
201200008446,12,5,5,1745,1,1,1,1.0,3,83119,M,4325800.0,661700.0,83
201200008447,12,5,7,2300,3,1,1,1.0,3,83065,M,4326300.0,657500.0,83
201200008448,12,5,9,1845,5,1,1,1.0,6,83119,M,0.0,0.0,83
201200008449,12,5,19,2130,2,1,1,1.0,4,83101,M,0.0,0.0,83
201200008450,12,5,21,200,3,1,1,3.0,1,83065,M,4325800.0,660300.0,83
201200008451,12,6,23,1500,1,2,1,1.0,6,83119,M,0.0,0.0,83
201200008452,12,7,11,2045,1,1,1,1.0,3,83101,M,4337400.0,605300.0,83
201200008453,12,7,21,1100,1,1,1,1.0,2,83065,M,4343900.0,613500.0,83
201200008454,12,8,27,1915,1,1,1,1.0,1,83101,M,0.0,0.0,83
201200008455,12,9,7,1930,2,1,1,1.0,6,83101,M,4338800.0,608600.0,83
201200008456,12,9,10,1030,1,2,1,1.0,6,83119,M,4328200.0,663600.0,83
201200008457,12,9,11,230,5,1,1,1.0,7,83119,M,4344400.0,604400.0,83
201200008458,12,10,11,1745,2,1,1,2.0,3,83065,M,4326000.0,657000.0,83
201200008459,12,3,1,1745,1,1,1,1.0,1,83053,M,0.0,0.0,83
201200008460,12,3,9,1800,1,1,1,1.0,3,83016,M,0.0,0.0,83
201200008461,12,4,9,1745,1,1,1,1.0,5,83127,M,0.0,0.0,83
201200008462,12,4,21,1615,1,1,1,1.0,1,83035,M,4324160.0,580189.0,83
201200008463,12,4,21,1130,1,1,1,1.0,6,83016,M,4319491.0,680751.0,83
201200008464,12,6,15,745,1,1,1,1.0,3,83016,M,0.0,0.0,83
201200008465,12,12,3,1800,1,1,1,1.0,7,83035,M,0.0,0.0,83
201200008466,12,2,4,445,3,1,1,4.0,3,83047,M,0.0,0.0,83
201200008467,12,5,18,1745,1,2,1,1.0,1,83047,M,0.0,0.0,83
201200008468,12,6,8,545,2,1,1,1.0,3,83047,M,0.0,0.0,83
201200008469,12,6,9,945,1,2,1,1.0,6,83047,M,0.0,0.0,83
201200008470,12,7,16,1600,1,1,1,1.0,1,83047,M,0.0,0.0,83
201200008471,12,8,4,1130,1,1,1,1.0,2,83047,M,0.0,0.0,83
201200008472,12,8,10,1800,1,2,1,1.0,1,83047,M,0.0,0.0,83
201200008473,12,8,29,2130,5,2,3,1.0,3,83047,M,0.0,0.0,83
201200008474,12,8,31,1730,1,1,1,1.0,1,83047,M,0.0,0.0,83
201200008475,12,9,10,1245,1,1,3,1.0,3,83047,M,0.0,0.0,83
201200008476,12,10,18,930,1,1,1,1.0,3,83047,M,0.0,0.0,83
201200008477,12,11,23,1330,1,1,1,1.0,3,83047,M,0.0,0.0,83
201200008478,12,1,3,930,1,1,1,1.0,1,83071,M,4321900.0,636100.0,83
201200008479,12,4,5,715,1,1,1,1.0,1,83071,M,4314557.0,622921.0,83
201200008480,12,7,8,315,3,1,1,1.0,6,83071,M,0.0,0.0,83
201200008481,12,11,21,1630,1,2,1,1.0,6,83071,M,0.0,0.0,83
201200008482,12,6,1,845,1,2,1,1.0,3,83112,M,0.0,0.0,83
201200008483,12,6,12,1630,1,1,1,1.0,1,83112,M,0.0,0.0,83
201200008484,12,6,13,815,1,1,1,1.0,6,83027,M,0.0,0.0,83
201200008485,12,7,20,1615,1,1,6,1.0,3,83112,M,0.0,0.0,83
201200008486,12,9,2,300,5,2,1,8.0,7,83112,M,0.0,0.0,83
201200008487,12,9,17,845,1,1,1,1.0,1,83027,M,0.0,0.0,83
201200008488,12,10,6,1915,5,2,6,1.0,7,83112,M,0.0,0.0,83
201200008489,12,1,9,2200,3,1,1,1.0,1,84034,M,4386200.0,501500.0,84
201200008490,12,2,5,530,3,1,1,1.0,6,84034,M,0.0,0.0,84
201200008491,12,5,9,1815,1,2,1,1.0,1,84036,M,0.0,0.0,84
201200008492,12,6,10,530,2,1,1,1.0,6,84034,M,0.0,0.0,84
201200008493,12,7,20,1945,1,2,1,1.0,3,84141,M,0.0,0.0,84
201200008494,12,7,25,815,1,2,1,1.0,6,84119,M,0.0,0.0,84
201200008495,12,9,29,1915,1,2,1,1.0,3,84081,M,0.0,0.0,84
201200008496,12,11,23,30,3,1,1,1.0,6,84132,M,4389300.0,502000.0,84
201200008497,12,12,4,1900,3,1,1,1.0,6,84034,M,0.0,0.0,84
201200008498,12,12,8,1315,1,2,2,1.0,4,84119,M,4396200.0,493600.0,84
201200008499,12,1,15,1245,1,1,1,1.0,5,84054,M,4389900.0,504700.0,84
201200008500,12,1,20,845,1,1,1,1.0,6,84054,M,0.0,0.0,84
201200008501,12,3,10,1600,1,1,1,1.0,3,84054,M,0.0,0.0,84
201200008502,12,3,10,1900,1,1,1,1.0,6,84054,M,0.0,0.0,84
201200008503,12,6,4,15,3,1,1,1.0,1,84124,M,4392000.0,509000.0,84
201200008504,12,6,4,1630,1,1,1,1.0,6,84054,M,4389700.0,505700.0,84
201200008505,12,6,20,1045,1,1,1,2.0,6,84139,M,4391800.0,511300.0,84
201200008506,12,6,27,930,1,1,1,1.0,1,84054,M,4390000.0,504700.0,84
201200008507,12,6,28,315,3,1,1,1.0,6,84054,M,4388600.0,504100.0,84
201200008508,12,7,5,1330,1,1,1,1.0,6,84054,M,0.0,0.0,84
201200008509,12,8,11,845,1,1,1,1.0,3,84054,M,0.0,0.0,84
201200008510,12,10,20,1730,1,1,1,7.0,3,84054,M,0.0,0.0,84
201200008511,12,10,21,2130,3,1,1,3.0,1,84054,M,0.0,0.0,84
201200008512,12,11,3,1030,1,2,1,1.0,1,84054,M,4392300.0,505200.0,84
201200008513,12,11,16,800,1,2,1,1.0,3,84054,M,0.0,0.0,84
201200008514,12,1,25,2230,5,2,1,1.0,6,84092,M,0.0,0.0,84
201200008515,12,2,3,2000,5,1,1,6.0,3,84092,M,0.0,0.0,84
201200008516,12,2,25,1315,1,1,1,1.0,6,84092,M,0.0,0.0,84
201200008517,12,3,25,745,1,1,1,1.0,1,84092,M,0.0,0.0,84
201200008518,12,3,29,1800,1,2,1,1.0,1,84092,M,0.0,0.0,84
201200008519,12,5,13,115,5,2,1,6.0,7,84092,M,0.0,0.0,84
201200008520,12,6,1,1400,1,2,6,1.0,3,84141,M,0.0,0.0,84
201200008521,12,8,29,1930,2,2,1,1.0,1,84092,M,0.0,0.0,84
201200008522,12,9,2,230,5,1,1,1.0,7,84092,M,0.0,0.0,84
201200008523,12,9,7,1815,1,1,1,1.0,2,84141,M,0.0,0.0,84
201200008524,12,10,27,815,2,2,1,1.0,1,84092,M,0.0,0.0,84
201200008525,12,11,1,1230,1,2,6,1.0,6,84092,M,0.0,0.0,84
201200008526,12,12,22,1515,1,1,1,1.0,6,84092,M,0.0,0.0,84
201200008527,12,2,24,1330,1,2,1,1.0,3,84129,M,0.0,0.0,84
201200008528,12,6,15,445,4,2,2,1.0,3,84129,M,0.0,0.0,84
201200008529,12,9,14,1615,1,2,1,6.0,1,84129,M,4399900.0,489300.0,84
201200008530,12,2,22,1415,1,2,1,1.0,1,84003,M,4388400.0,539100.0,84
201200008531,12,3,14,1245,1,1,1,1.0,1,84118,M,4393500.0,533000.0,84
201200008532,12,4,21,945,1,1,3,1.0,2,84105,M,4386500.0,542900.0,84
201200008533,12,4,10,645,2,2,1,1.0,1,84003,M,4388000.0,540100.0,84
201200008534,12,4,27,1145,1,2,1,1.0,1,84003,M,0.0,0.0,84
201200008535,12,5,3,1645,1,1,1,7.0,5,84003,M,4388200.0,541900.0,84
201200008536,12,7,9,1845,1,2,1,1.0,6,84003,M,4388100.0,539800.0,84
201200008537,12,7,19,1815,1,1,1,1.0,5,84003,M,4388600.0,534900.0,84
201200008538,12,7,29,1830,1,1,1,1.0,7,84105,M,4385800.0,542300.0,84
201200008539,12,8,13,1400,1,1,1,1.0,7,84118,M,4395300.0,537700.0,84
201200008540,12,9,14,1030,1,2,1,1.0,6,84003,M,4388000.0,539400.0,84
201200008541,12,10,5,2000,5,2,1,1.0,3,84003,M,4388000.0,540700.0,84
201200008542,12,11,1,1645,1,2,1,1.0,6,84003,M,0.0,0.0,84
201200008543,12,3,18,1000,1,1,1,1.0,7,84026,M,0.0,0.0,84
201200008544,12,4,6,1530,1,1,1,1.0,1,84026,M,0.0,0.0,84
201200008545,12,4,13,2145,2,1,1,1.0,3,84065,M,4375300.0,530000.0,84
201200008546,12,10,2,1615,1,1,1,1.0,1,84026,M,4372400.0,540000.0,84
201200008547,12,6,17,1700,1,1,3,1.0,5,84020,M,0.0,0.0,84
201200008548,12,8,13,1530,1,1,1,1.0,1,84020,M,4383600.0,531500.0,84
201200008549,12,10,12,1400,1,1,1,1.0,1,84051,M,0.0,0.0,84
201200008550,12,3,11,2000,5,2,1,1.0,6,84089,M,0.0,0.0,84
201200008551,12,5,1,1500,1,1,1,1.0,7,84089,M,0.0,0.0,84
201200008552,12,6,5,1600,1,2,1,1.0,2,84089,M,0.0,0.0,84
201200008553,12,8,5,145,5,2,1,1.0,1,84089,M,0.0,0.0,84
201200008554,12,8,22,1630,1,1,1,1.0,2,84014,M,0.0,0.0,84
201200008555,12,8,24,1800,1,1,1,1.0,6,84076,M,0.0,0.0,84
201200008556,12,9,3,845,1,1,1,1.0,3,84052,M,0.0,0.0,84
201200008557,12,9,19,1800,1,1,1,1.0,6,84089,M,0.0,0.0,84
201200008558,12,10,14,1700,1,1,1,3.0,6,84009,M,0.0,0.0,84
201200008559,12,10,27,1700,1,1,1,1.0,3,84089,M,0.0,0.0,84
201200008560,12,11,10,1530,1,1,1,3.0,6,84133,M,0.0,0.0,84
201200008561,12,11,25,2245,3,2,1,1.0,3,84089,M,0.0,0.0,84
201200008562,12,12,10,1215,1,2,1,1.0,6,84133,M,0.0,0.0,84
201200008563,12,4,20,900,1,1,1,1.0,2,84043,M,0.0,0.0,84
201200008564,12,12,3,1000,1,2,6,1.0,6,84043,M,0.0,0.0,84
201200008565,12,2,20,1200,1,2,1,1.0,1,84044,M,0.0,0.0,84
201200008566,12,5,4,1900,2,1,1,2.0,6,84069,M,0.0,0.0,84
201200008567,12,8,1,1315,1,1,1,1.0,6,84015,M,0.0,0.0,84
201200008568,12,12,12,815,1,1,1,9.0,6,84044,M,0.0,0.0,84
201200008569,12,5,8,1145,1,1,1,1.0,7,84148,M,0.0,0.0,84
201200008570,12,5,12,845,1,1,1,1.0,4,84072,M,4405000.0,513700.0,84
201200008571,12,5,25,100,3,1,1,1.0,6,84017,M,0.0,0.0,84
201200008572,12,6,3,15,3,1,1,1.0,6,84107,M,0.0,0.0,84
201200008573,12,7,18,45,3,1,1,1.0,2,84030,M,0.0,0.0,84
201200008574,12,8,13,2000,1,1,1,1.0,1,84072,M,4403100.0,512100.0,84
201200008575,12,9,8,1715,1,1,1,1.0,7,84079,M,4408200.0,536500.0,84
201200008576,12,9,22,1715,1,1,2,1.0,3,84017,M,4412100.0,519300.0,84
201200008577,12,1,13,2200,3,1,1,1.0,7,84017,M,0.0,0.0,84
201200008578,12,2,6,1415,1,1,1,1.0,6,84088,M,0.0,0.0,84
201200008579,12,2,17,2015,5,2,1,1.0,6,84088,M,4400200.0,505500.0,84
201200008580,12,3,17,1000,1,1,1,1.0,7,84088,M,0.0,0.0,84
201200008581,12,4,14,2045,3,1,1,1.0,6,84143,M,0.0,0.0,84
201200008582,12,4,15,1000,1,1,1,1.0,1,84088,M,0.0,0.0,84
201200008583,12,7,21,800,1,1,1,1.0,5,84142,M,0.0,0.0,84
201200008584,12,7,31,1730,1,1,1,1.0,3,84088,M,0.0,0.0,84
201200008585,12,8,25,1930,1,1,1,2.0,5,84108,M,0.0,0.0,84
201200008586,12,10,19,1200,1,1,1,1.0,3,84143,M,4398000.0,517000.0,84
201200008587,12,11,16,1630,1,1,1,1.0,6,84088,M,0.0,0.0,84
201200008588,12,12,24,1745,3,2,1,1.0,6,84088,M,0.0,0.0,84
201200008589,12,3,26,900,1,1,1,1.0,1,84135,M,0.0,0.0,84
201200008590,12,5,9,1400,1,1,1,1.0,3,84029,M,0.0,0.0,84
201200008591,12,6,22,745,1,1,1,1.0,6,84083,M,0.0,0.0,84
201200008592,12,6,27,1600,1,1,1,1.0,6,84028,M,0.0,0.0,84
201200008593,12,10,6,1445,1,2,1,1.0,3,84083,M,0.0,0.0,84
201200008594,12,2,18,1930,3,1,1,1.0,3,84122,M,0.0,0.0,84
201200008595,12,3,20,800,1,1,6,1.0,6,84030,M,0.0,0.0,84
201200008596,12,6,4,1145,1,1,1,1.0,7,84122,M,0.0,0.0,84
201200008597,12,7,11,15,3,1,1,1.0,7,84067,M,0.0,0.0,84
201200008598,12,8,16,1700,1,1,1,1.0,1,84004,M,0.0,0.0,84
201200008599,12,8,16,1700,1,1,1,1.0,3,84122,M,0.0,0.0,84
201200008600,12,9,1,1445,1,1,1,1.0,3,84130,M,0.0,0.0,84
201200008601,12,9,17,1815,2,1,1,1.0,3,84049,M,4427100.0,464900.0,84
201200008602,12,2,16,1430,1,1,1,1.0,2,84064,M,0.0,0.0,84
201200008603,12,3,8,1215,1,1,1,1.0,1,84064,M,0.0,0.0,84
201200008604,12,3,26,430,3,1,1,1.0,6,84063,M,4426300.0,465400.0,84
201200008605,12,8,30,2345,3,1,1,1.0,3,84063,M,0.0,0.0,84
201200008606,12,9,6,1715,1,1,1,1.0,5,84063,M,0.0,0.0,84
201200008607,12,9,10,1845,1,1,1,1.0,6,84078,M,0.0,0.0,84
201200008608,12,10,26,1915,3,1,1,2.0,3,84019,M,0.0,0.0,84
201200008609,12,11,14,1830,5,1,1,1.0,1,84019,M,0.0,0.0,84
201200008610,12,12,21,1815,3,1,1,1.0,1,84078,M,0.0,0.0,84
201200008611,12,1,12,515,3,1,1,1.0,6,84069,M,0.0,0.0,84
201200008612,12,3,11,915,1,2,1,1.0,3,84044,M,0.0,0.0,84
201200008613,12,4,9,1045,1,1,1,1.0,7,84110,M,0.0,0.0,84
201200008614,12,4,29,515,3,2,1,3.0,6,84111,M,0.0,0.0,84
201200008615,12,5,27,1800,1,1,1,1.0,6,84044,M,0.0,0.0,84
201200008616,12,6,10,845,1,1,1,1.0,1,84008,M,0.0,0.0,84
201200008617,12,7,17,1530,1,2,1,1.0,3,84137,M,0.0,0.0,84
201200008618,12,7,24,1900,1,1,1,1.0,1,84044,M,0.0,0.0,84
201200008619,12,9,11,1900,2,1,1,1.0,3,84069,M,0.0,0.0,84
201200008620,12,9,22,515,5,2,1,2.0,6,84137,M,0.0,0.0,84
201200008621,12,9,28,1530,1,1,2,1.0,1,84044,M,0.0,0.0,84
201200008622,12,10,15,1900,3,1,1,1.0,1,84022,M,0.0,0.0,84
201200008623,12,12,9,1100,1,1,2,1.0,3,84126,M,0.0,0.0,84
201200008624,12,1,7,1,3,1,1,1.0,7,84097,M,0.0,0.0,84
201200008625,12,4,12,1800,1,1,1,1.0,3,84138,M,0.0,0.0,84
201200008626,12,4,29,230,3,1,1,3.0,6,84138,M,0.0,0.0,84
201200008627,12,7,4,1430,1,2,1,1.0,1,84138,M,0.0,0.0,84
201200008628,12,8,20,130,3,1,1,1.0,7,84097,M,0.0,0.0,84
201200008629,12,9,23,600,2,2,1,1.0,6,84097,M,0.0,0.0,84
201200008630,12,3,6,1145,1,2,1,1.0,6,34057,M,4362999.0,390209.0,34
201200008631,12,3,10,700,1,1,1,1.0,6,34057,M,4365161.0,392462.0,34
201200008632,12,5,1,945,1,2,1,1.0,3,34090,M,4364800.0,394500.0,34