Num_Acc,an,mois,jour,hrmn,lum,agg,int,atm,col,com,gps,lat,long,dep
201200008633,12,5,12,1700,1,1,6,1.0,1,34090,M,4366500.0,394800.0,34
201200008634,12,6,10,715,1,2,1,1.0,3,34090,M,0.0,0.0,34
201200008635,12,7,3,1100,1,1,1,1.0,6,34057,M,0.0,0.0,34
201200008636,12,9,21,1430,1,2,1,1.0,1,34057,M,0.0,0.0,34
201200008637,12,10,8,1745,1,1,1,1.0,1,34090,M,0.0,0.0,34
201200008638,12,12,21,1630,1,1,6,2.0,7,34057,M,0.0,0.0,34
201200008639,12,1,12,1315,1,1,1,1.0,6,34227,M,4371556.0,403122.0,34
201200008640,12,1,13,2015,3,1,1,1.0,3,34256,M,4370487.0,402505.0,34
201200008641,12,1,19,1800,3,1,1,1.0,3,34022,M,4366067.0,402520.0,34
201200008642,12,1,20,2245,5,2,8,1.0,3,34022,M,4365296.0,400619.0,34
201200008643,12,2,12,300,3,2,1,9.0,6,34249,M,4372591.0,398483.0,34
201200008644,12,3,25,1600,1,1,1,1.0,6,34027,M,4373350.0,402440.0,34
201200008645,12,3,27,815,1,2,1,1.0,5,34327,M,4365362.0,397019.0,34
201200008646,12,4,1,800,1,1,1,1.0,6,34249,M,4372354.0,398610.0,34
201200008647,12,4,2,1815,1,1,3,1.0,3,34327,M,4364396.0,395025.0,34
201200008648,12,5,2,1530,1,2,1,1.0,3,34327,M,4365384.0,396663.0,34
201200008649,12,6,26,1930,1,1,3,1.0,3,34256,M,4369942.0,401813.0,34
201200008650,12,7,25,1915,1,2,1,1.0,7,34058,M,4367700.0,398200.0,34
201200008651,12,8,16,1600,1,2,1,1.0,3,34327,M,4365800.0,396700.0,34
201200008652,12,8,25,1800,1,2,1,1.0,3,34022,M,0.0,0.0,34
201200008653,12,9,17,1100,1,2,1,1.0,1,34256,M,4370200.0,403400.0,34
201200008654,12,9,30,345,3,1,1,2.0,1,34058,M,0.0,0.0,34
201200008655,12,10,8,2015,3,1,3,1.0,3,34058,M,0.0,0.0,34
201200008656,12,10,16,1715,3,1,1,2.0,5,34307,M,0.0,0.0,34
201200008657,12,10,23,1630,1,1,1,1.0,6,34058,M,0.0,0.0,34
201200008658,12,11,2,1345,1,1,1,1.0,1,34327,M,4366200.0,398200.0,34
201200008659,12,11,17,615,3,2,1,9.0,6,34327,M,4365700.0,396500.0,34
201200008660,12,11,25,1615,1,1,1,1.0,3,34058,M,0.0,0.0,34
201200008661,12,12,20,1430,1,2,1,3.0,3,34327,M,4365378.0,396621.0,34
201200008662,12,12,23,200,5,2,1,1.0,6,34249,M,0.0,0.0,34
201200008663,12,12,26,1845,3,1,1,8.0,1,34327,M,4364989.0,395742.0,34
201200008664,12,8,4,1800,1,1,1,1.0,7,34185,M,4383700.0,374300.0,34
201200008665,12,1,6,1850,5,2,1,1.0,3,34344,M,4356117.0,407695.0,34
201200008666,12,2,25,1130,1,2,1,1.0,3,34344,M,4355995.0,407958.0,34
201200008667,12,5,2,1945,1,2,7,1.0,6,34344,M,0.0,0.0,34
201200008668,12,5,10,1900,1,2,1,1.0,3,34344,M,0.0,0.0,34
201200008669,12,8,9,900,1,2,1,1.0,4,34344,M,0.0,0.0,34
201200008670,12,9,7,1100,1,2,1,1.0,2,34344,M,0.0,0.0,34
201200008671,12,9,7,1845,1,2,1,1.0,1,34344,M,0.0,0.0,34
201200008672,12,10,23,1515,1,2,1,1.0,6,34344,M,4356088.0,408199.0,34
201200008673,12,10,27,1700,1,1,1,6.0,7,34344,M,,,34
201200008674,12,11,17,1045,1,1,1,2.0,7,34344,M,0.0,0.0,34
201200008675,12,11,25,205,3,1,1,5.0,6,34344,M,4356738.0,406296.0,34
201200008676,12,1,9,1115,1,2,1,7.0,3,34145,M,4367317.0,413229.0,34
201200008677,12,1,24,1715,1,1,9,1.0,1,34272,M,4365265.0,411479.0,34
201200008678,12,3,15,1215,1,2,1,1.0,6,34145,M,4367701.0,412199.0,34
201200008679,12,3,26,1400,1,1,1,1.0,6,34145,M,4368872.0,413231.0,34
201200008680,12,4,18,745,1,2,1,1.0,1,34294,M,4371973.0,410953.0,34
201200008681,12,5,10,1230,1,2,1,1.0,3,34145,M,4367703.0,412222.0,34
201200008682,12,5,11,1630,1,2,9,1.0,2,34145,M,0.0,0.0,34
201200008683,12,5,25,1630,1,2,2,1.0,3,34151,M,4366188.0,417782.0,34
201200008684,12,6,8,2300,3,1,1,1.0,6,34151,M,4360415.0,413251.0,34
201200008685,12,6,15,745,1,1,1,1.0,6,34151,M,0.0,0.0,34
201200008686,12,7,9,1400,1,1,1,1.0,7,34294,M,4371961.0,410799.0,34
201200008687,12,7,24,2200,3,1,1,1.0,6,34321,M,0.0,0.0,34
201200008688,12,8,6,1130,1,1,1,2.0,6,34033,M,0.0,0.0,34
201200008689,12,8,10,1900,1,2,1,1.0,1,34145,M,0.0,0.0,34
201200008690,12,8,14,730,2,1,1,1.0,6,34146,M,0.0,0.0,34
201200008691,12,10,26,1100,1,2,1,1.0,1,34145,M,4367400.0,412600.0,34
201200008692,12,10,24,745,2,1,1,1.0,1,34294,M,4371800.0,410400.0,34
201200008693,12,10,26,45,3,1,1,1.0,7,34151,M,4365500.0,415400.0,34
201200008694,12,10,28,330,3,1,1,6.0,6,34321,M,4367350.0,406100.0,34
201200008695,12,11,17,1830,5,2,8,2.0,6,34146,M,0.0,0.0,34
201200008696,12,12,23,1930,5,2,1,1.0,7,34340,M,4378700.0,404300.0,34
201200008697,12,2,22,1815,2,1,1,1.0,1,34154,M,4360388.0,396359.0,34
201200008698,12,3,10,1815,1,1,1,1.0,3,34154,M,4361644.0,394666.0,34
201200008699,12,3,28,1745,1,1,1,1.0,3,34154,M,4360190.0,399561.0,34
201200008700,12,3,30,1930,1,1,1,1.0,3,34050,M,4363693.0,405907.0,34
201200008701,12,4,20,1800,1,2,1,1.0,3,34154,M,4361843.0,401520.0,34
201200008702,12,5,12,1530,1,1,9,1.0,2,34154,M,4360900.0,396500.0,34
201200008703,12,5,23,1145,1,1,1,1.0,1,34154,M,4360600.0,399600.0,34
201200008704,12,6,19,1430,1,1,1,1.0,2,34154,M,0.0,0.0,34
201200008705,12,9,12,1345,1,2,1,1.0,2,34154,M,4362000.0,400699.0,34
201200008706,12,11,21,1400,1,1,1,1.0,6,34176,M,4364300.0,406200.0,34
201200008707,12,11,23,1715,2,1,1,1.0,3,34154,M,4361000.0,396500.0,34
201200008708,12,11,25,1230,1,1,1,2.0,3,34240,M,4364100.0,395700.0,34
201200008709,12,11,29,1630,1,1,6,1.0,3,34127,M,,,34
201200008710,12,1,15,1500,1,1,9,1.0,3,34110,M,4378000.0,403899.0,34
201200008711,12,5,12,1515,1,1,1,1.0,3,34297,M,4382341.0,389987.0,34
201200008712,12,9,6,715,1,1,1,1.0,1,34276,M,0.0,0.0,34
201200008713,12,3,17,1000,1,1,1,1.0,6,34096,M,0.0,0.0,34
201200008714,12,3,5,1510,1,2,1,1.0,6,34028,M,4361594.0,315713.0,34
201200008715,12,4,20,2250,3,1,1,2.0,6,34119,M,4358001.0,314183.0,34
201200008716,12,6,11,2045,5,2,1,1.0,7,34028,M,0.0,0.0,34
201200008717,12,7,24,1345,1,1,1,1.0,3,34200,M,4361239.0,326706.0,34
201200008718,12,11,13,1830,5,2,1,1.0,7,34028,M,0.0,0.0,34
201200008719,12,6,2,1445,1,1,1,1.0,6,34144,M,4372292.0,325290.0,34
201200008720,12,2,27,1600,1,1,1,1.0,3,34052,M,4332271.0,307609.0,34
201200008721,12,3,6,1745,2,1,1,1.0,6,34052,M,4332083.0,301826.0,34
201200008722,12,3,24,1945,3,2,1,1.0,6,34189,M,4328267.0,273926.0,34
201200008723,12,4,17,2130,3,1,1,1.0,1,34183,M,4328100.0,308400.0,34
201200008724,12,5,6,1830,1,2,6,1.0,3,34155,M,4336100.0,312300.0,34
201200008725,12,6,9,1730,1,1,1,1.0,7,34226,M,4336000.0,299500.0,34
201200008726,12,8,15,1945,1,1,1,2.0,1,34161,M,4335000.0,312800.0,34
201200008727,12,8,25,515,3,1,1,1.0,6,34141,M,4331300.0,261800.0,34
201200008728,12,9,19,1400,1,2,1,1.0,3,34183,M,4329800.0,312800.0,34
201200008729,12,10,3,1145,1,1,1,1.0,3,34052,M,4332600.0,302200.0,34
201200008730,12,11,7,2300,3,1,1,1.0,6,34155,M,4336800.0,312200.0,34
201200008731,12,12,14,1915,3,1,1,1.0,6,34226,M,4334557.0,301106.0,34
201200008732,12,3,15,1730,1,2,1,1.0,3,34069,M,4339141.0,310350.0,34
201200008733,12,3,27,1115,1,1,1,1.0,6,34258,M,4346312.0,318515.0,34
201200008734,12,6,2,1830,1,1,1,1.0,6,34021,M,4345124.0,290440.0,34
201200008735,12,6,30,1645,1,1,1,1.0,3,34061,M,4346594.0,309517.0,34
201200008736,12,7,4,1500,1,1,1,1.0,1,34021,M,4345500.0,290700.0,34
201200008737,12,7,11,1430,1,1,1,1.0,7,34070,M,4341500.0,300900.0,34
201200008738,12,8,25,1030,1,1,1,1.0,2,34310,M,4341900.0,316600.0,34
201200008739,12,9,1,1400,1,1,1,1.0,6,34084,M,4339169.0,319369.0,34
201200008740,12,12,19,1645,1,1,1,1.0,1,34223,M,4344908.0,320950.0,34
201200008741,12,3,16,800,1,2,1,1.0,6,34189,M,4328254.0,274738.0,34
201200008742,12,4,15,1130,1,2,1,1.0,3,34189,M,4328543.0,272838.0,34
201200008743,12,7,25,1030,1,1,1,1.0,3,34189,M,4328600.0,271900.0,34
201200008744,12,8,31,1815,1,1,1,1.0,1,34097,M,4332100.0,260200.0,34
201200008745,12,11,4,445,3,1,1,1.0,6,34052,M,4332399.0,303672.0,34
201200008746,12,2,2,745,1,2,1,1.0,6,34325,M,4342114.0,336534.0,34
201200008747,12,4,16,1500,1,1,1,1.0,7,34289,M,4338638.0,338641.0,34
201200008748,12,6,20,215,3,1,1,1.0,6,34068,M,4350367.0,344806.0,34
201200008749,12,7,22,1915,1,1,1,1.0,6,34166,M,4339829.0,335057.0,34
201200008750,12,8,27,715,1,1,1,1.0,7,34166,M,0.0,0.0,34
201200008751,12,10,13,45,3,1,1,1.0,2,34199,M,4346861.0,338664.0,34
201200008752,12,11,22,1030,1,2,7,1.0,6,34901,M,0.0,0.0,34
201200008753,12,1,25,1700,1,2,6,1.0,6,34284,M,4348878.0,275793.0,34
201200008754,12,2,11,500,5,2,1,1.0,6,34187,M,4355607.0,291318.0,34
201200008755,12,4,10,1715,1,1,1,2.0,6,34086,M,4347863.0,266767.0,34
201200008756,12,4,13,1200,1,2,1,1.0,6,34219,M,4352308.0,282622.0,34
201200008757,12,5,25,1600,1,1,1,1.0,7,34284,M,4351949.0,273342.0,34
201200008758,12,6,23,130,3,1,1,1.0,6,34284,M,4348500.0,275100.0,34
201200008759,12,8,8,1930,2,1,1,7.0,1,34293,M,4360600.0,270500.0,34
201200008760,12,9,5,1400,1,1,1,1.0,1,34284,M,4347572.0,273546.0,34
201200008761,12,9,9,1730,1,1,1,1.0,7,34107,M,4360400.0,284000.0,34
201200008762,12,10,15,1145,1,2,1,1.0,3,34284,M,4348745.0,276804.0,34
201200008763,12,1,13,1130,1,1,1,7.0,6,34234,M,4354898.0,321928.0,34
201200008764,12,2,5,1600,1,2,1,1.0,6,34237,M,4350626.0,331541.0,34
201200008765,12,2,15,1645,1,1,1,6.0,1,34094,M,0.0,0.0,34
201200008766,12,3,29,1450,1,2,1,7.0,6,34300,M,4342528.0,329844.0,34
201200008767,12,5,15,545,2,2,6,1.0,6,34147,M,4348700.0,321700.0,34
201200008768,12,6,15,1715,1,1,1,1.0,1,34147,M,4348774.0,319716.0,34
201200008769,12,6,16,1645,1,1,1,1.0,3,34147,M,4348800.0,320200.0,34
201200008770,12,7,22,930,1,1,1,1.0,2,34094,M,0.0,0.0,34
201200008771,12,7,29,700,1,1,1,1.0,6,34237,M,0.0,0.0,34
201200008772,12,12,16,1030,1,1,1,9.0,6,34237,M,0.0,0.0,34
201200008773,12,3,15,1530,1,1,1,1.0,6,34135,M,4326133.0,316134.0,34
201200008774,12,4,11,1445,1,2,1,1.0,3,34299,M,4328356.0,328090.0,34
201200008775,12,4,30,430,3,1,1,2.0,6,34209,M,4331371.0,332372.0,34
201200008776,12,5,24,2250,3,1,1,1.0,1,34299,M,4325831.0,328385.0,34
201200008777,12,6,2,1730,1,1,6,1.0,2,34329,M,0.0,0.0,34
201200008778,12,7,16,530,3,1,1,1.0,7,34329,M,0.0,0.0,34
201200008779,12,8,8,15,3,2,1,1.0,6,34299,M,0.0,0.0,34
201200008780,12,8,14,945,1,1,1,1.0,1,34299,M,4345000.0,347000.0,34
201200008781,12,8,17,1930,1,1,1,1.0,3,34299,M,4347400.0,348000.0,34
201200008782,12,8,17,1045,1,2,6,1.0,1,34324,M,0.0,0.0,34
201200008783,12,8,19,2045,2,2,1,1.0,3,34298,M,0.0,0.0,34
201200008784,12,8,28,1645,1,2,6,1.0,3,34209,M,4347200.0,360400.0,34
201200008785,12,8,23,1415,1,2,1,1.0,2,34299,M,0.0,0.0,34
201200008786,12,8,31,2030,3,1,1,1.0,6,34299,M,4325779.0,328348.0,34
201200008787,12,9,7,1615,1,1,1,1.0,2,34324,M,0.0,0.0,34
201200008788,12,9,28,330,3,1,1,1.0,6,34135,M,4325993.0,316033.0,34
201200008789,12,12,14,1515,1,1,1,1.0,2,34135,M,,,34
201200008790,12,7,10,2100,1,1,1,1.0,6,34036,M,4368100.0,337900.0,34
201200008791,12,1,7,1230,1,1,1,1.0,6,34197,M,4357559.0,341830.0,34
201200008792,12,3,16,1730,1,1,1,1.0,6,34323,M,4360733.0,331127.0,34
201200008793,12,5,1,1445,1,2,1,1.0,6,34194,M,4354500.0,346000.0,34
201200008794,12,5,19,1415,1,2,1,1.0,1,34079,M,0.0,0.0,34
201200008795,12,7,21,700,1,1,1,1.0,7,34051,M,0.0,0.0,34
201200008796,12,8,10,2315,5,2,1,1.0,6,34079,M,4363000.0,343700.0,34
201200008797,12,8,14,1115,1,1,1,1.0,2,34210,M,4360600.0,350200.0,34
201200008798,12,9,28,845,1,1,1,2.0,4,34076,M,4364800.0,347000.0,34
201200008799,12,3,9,1515,1,1,1,1.0,3,34114,M,4363060.0,352037.0,34
201200008800,12,6,9,1500,1,1,1,1.0,7,34114,M,4366500.0,354100.0,34
201200008801,12,8,13,1630,1,1,1,1.0,1,34035,M,4367500.0,363000.0,34
201200008802,12,2,4,1445,1,2,1,1.0,6,34150,M,4332239.0,354240.0,34
201200008803,12,3,2,2130,5,2,1,1.0,1,34332,M,4329384.0,341487.0,34
201200008804,12,3,13,1400,1,1,1,1.0,3,34150,M,4332149.0,353130.0,34
201200008805,12,3,31,1515,1,2,6,1.0,3,34150,M,4335363.0,352402.0,34
201200008806,12,3,31,1015,1,2,1,1.0,6,34031,M,4337176.0,342195.0,34
201200008807,12,4,15,45,5,2,3,1.0,3,34101,M,4338327.0,346592.0,34
201200008808,12,5,14,1730,1,2,1,1.0,3,34101,M,4338900.0,347100.0,34
201200008809,12,6,22,1945,1,2,1,1.0,6,34101,M,4338800.0,346500.0,34
201200008810,12,6,22,1830,1,1,1,1.0,3,34101,M,0.0,0.0,34
201200008811,12,7,14,100,1,1,1,1.0,6,34332,M,4329926.0,340210.0,34
201200008812,12,7,20,1630,1,1,1,1.0,5,34332,M,0.0,0.0,34
201200008813,12,7,25,800,1,1,9,1.0,3,34150,M,0.0,0.0,34
201200008814,12,8,2,1330,1,2,1,1.0,1,34150,M,0.0,0.0,34
201200008815,12,9,2,2200,3,1,1,1.0,1,34332,M,0.0,0.0,34
201200008816,12,9,22,1830,1,1,1,1.0,2,34150,M,4365500.0,389700.0,34
201200008817,12,11,23,1100,1,2,3,1.0,3,34150,M,4353400.0,391700.0,34
201200008818,12,7,28,1645,1,2,1,1.0,2,34023,M,4344932.0,370192.0,34
201200008819,12,10,11,1600,1,1,1,1.0,1,34087,M,0.0,0.0,34
201200008820,12,12,22,1200,1,1,1,1.0,5,34088,M,0.0,0.0,34
201200008821,12,2,2,1440,1,1,1,1.0,7,34341,M,4352210.0,357148.0,34
201200008822,12,2,19,1430,1,1,1,1.0,7,34341,M,4351028.0,363630.0,34
201200008823,12,5,13,200,3,1,1,1.0,6,34143,M,4343879.0,362419.0,34
201200008824,12,6,29,1645,1,1,1,1.0,6,34143,M,0.0,0.0,34
201200008825,12,10,14,30,3,1,1,8.0,6,34143,M,4343839.0,362349.0,34
201200008826,12,11,5,800,1,1,9,1.0,5,34213,M,,,34
201200008827,12,11,25,730,2,1,1,1.0,1,34039,M,4344727.0,364118.0,34
201200008828,12,12,15,1715,2,1,1,1.0,2,34157,M,0.0,0.0,34
201200008829,12,12,23,1115,1,1,1,1.0,1,34213,M,0.0,0.0,34
201200008830,12,3,1,1630,1,2,1,1.0,6,11099,M,0.0,0.0,11
201200008831,12,8,15,1130,1,1,1,1.0,5,11367,M,0.0,0.0,11
201200008832,12,10,23,1800,1,2,1,1.0,1,11099,M,0.0,0.0,11
201200008833,12,6,16,1600,1,1,1,1.0,7,11185,M,0.0,0.0,11
201200008834,12,1,24,1745,1,2,6,1.0,6,11280,M,0.0,0.0,11
201200008835,12,3,30,145,3,1,1,1.0,6,11286,M,0.0,0.0,11
201200008836,12,10,4,1815,1,1,9,1.0,3,11190,M,4325400.0,266900.0,11
201200008837,12,11,14,1030,1,1,1,1.0,6,11022,M,0.0,0.0,11
201200008838,12,11,21,1915,3,1,1,1.0,7,11022,M,4329200.0,266900.0,11
201200008839,12,12,13,1600,1,2,1,1.0,7,11315,M,4328700.0,258400.0,11
201200008840,12,12,18,1045,1,2,1,1.0,3,11315,M,4328600.0,258600.0,11
201200008841,12,1,21,830,1,1,1,1.0,2,11430,M,0.0,0.0,11
201200008842,12,6,5,1400,1,1,1,1.0,1,11243,M,0.0,0.0,11
201200008843,12,8,6,2230,3,1,1,1.0,6,11356,M,0.0,0.0,11
201200008844,12,11,27,1015,1,1,1,8.0,1,11356,M,4332000.0,200500.0,11
201200008845,12,2,5,1730,2,1,1,4.0,3,11340,M,0.0,0.0,11
201200008846,12,3,19,1145,1,1,1,2.0,2,11288,M,0.0,0.0,11
201200008847,12,7,18,1930,1,1,1,1.0,3,11254,M,0.0,0.0,11
201200008848,12,7,28,1440,1,1,1,8.0,6,11434,M,0.0,0.0,11
201200008849,12,8,15,1600,1,1,1,1.0,3,11018,M,4321200.0,218300.0,11
201200008850,12,8,23,745,1,1,1,1.0,3,11418,M,4320900.0,204800.0,11
201200008851,12,9,14,1430,1,2,1,1.0,6,11153,M,0.0,0.0,11
201200008852,12,9,21,1,3,1,1,1.0,6,11288,M,0.0,0.0,11
201200008853,12,10,5,1345,1,1,1,1.0,7,11009,M,0.0,0.0,11
201200008854,12,10,7,1700,1,1,1,1.0,1,11136,M,0.0,0.0,11
201200008855,12,11,4,1915,3,1,1,8.0,6,11254,M,0.0,0.0,11
201200008856,12,11,13,1530,1,1,1,1.0,6,11259,M,0.0,0.0,11
201200008857,12,9,14,1945,2,1,1,1.0,3,11239,M,0.0,0.0,11
201200008858,12,4,28,1215,1,1,1,1.0,1,11216,M,0.0,0.0,11
201200008859,12,6,24,800,1,1,1,1.0,1,11153,M,4319400.0,207200.0,11
201200008860,12,7,13,945,1,2,1,1.0,6,11206,M,4304800.0,222500.0,11
201200008861,12,8,3,1000,1,1,1,1.0,3,11197,M,0.0,0.0,11
201200008862,12,8,25,300,3,2,1,9.0,6,11216,M,0.0,0.0,11
201200008863,12,10,26,1045,1,1,2,1.0,1,11108,M,0.0,0.0,11
201200008864,12,10,27,1945,3,1,1,1.0,1,11059,M,0.0,0.0,11
201200008865,12,11,4,145,3,1,1,1.0,7,11299,M,4314900.0,229500.0,11
201200008866,12,7,31,1915,1,2,1,1.0,1,11303,M,0.0,0.0,11
201200008867,12,12,13,1000,1,1,1,1.0,6,11080,M,0.0,0.0,11
201200008868,12,4,24,1815,1,1,3,1.0,3,11129,M,0.0,0.0,11
201200008869,12,5,5,1415,1,1,3,1.0,3,11129,M,0.0,0.0,11
201200008870,12,6,5,1730,1,1,1,1.0,7,11063,M,0.0,0.0,11
201200008871,12,7,4,1700,1,1,1,1.0,6,11127,M,0.0,0.0,11
201200008872,12,7,8,215,5,2,1,1.0,6,11304,M,0.0,0.0,11
201200008873,12,9,10,1030,1,1,9,1.0,3,11129,M,0.0,0.0,11
201200008874,12,10,6,700,3,2,1,2.0,6,11304,M,0.0,0.0,11
201200008875,12,6,9,1630,1,1,1,1.0,7,11262,M,0.0,0.0,11
201200008876,12,6,28,900,1,1,9,1.0,3,11262,M,0.0,0.0,11
201200008877,12,8,11,2100,2,1,1,1.0,6,11262,M,0.0,0.0,11
201200008878,12,8,22,1915,1,1,1,1.0,3,11024,M,0.0,0.0,11
201200008879,12,3,8,2130,3,1,1,1.0,5,11264,M,0.0,0.0,11
201200008880,12,3,26,1745,1,1,1,1.0,7,11014,M,0.0,0.0,11
201200008881,12,4,8,1200,1,1,1,1.0,2,11116,M,0.0,0.0,11
201200008882,12,5,2,1530,1,2,1,1.0,6,11116,M,0.0,0.0,11
201200008883,12,5,16,1630,1,1,1,1.0,5,11255,M,0.0,0.0,11
201200008884,12,5,22,1415,1,2,1,1.0,1,11269,M,0.0,0.0,11
201200008885,12,5,27,1915,1,1,1,1.0,5,11170,M,0.0,0.0,11
201200008886,12,6,3,1015,1,1,1,1.0,7,11255,M,0.0,0.0,11
201200008887,12,6,20,2015,1,1,1,1.0,1,11910,M,0.0,0.0,11
201200008888,12,7,24,945,1,2,1,7.0,2,11269,M,0.0,0.0,11
201200008889,12,8,19,1900,1,1,1,1.0,2,11170,M,0.0,0.0,11
201200008890,12,8,31,1845,1,1,1,1.0,3,11269,M,0.0,0.0,11
201200008891,12,9,15,400,3,1,1,1.0,6,11269,M,0.0,0.0,11
201200008892,12,9,29,2145,3,1,1,3.0,1,11255,M,0.0,0.0,11
201200008893,12,10,6,545,3,1,1,2.0,7,11024,M,0.0,0.0,11
201200008894,12,10,20,1530,1,1,1,2.0,1,11255,M,0.0,0.0,11
201200008895,12,11,14,1845,3,1,1,1.0,1,11269,M,0.0,0.0,11
201200008896,12,11,19,915,1,1,1,1.0,5,11024,M,0.0,0.0,11
201200008897,12,12,21,1100,1,2,1,1.0,3,11106,M,0.0,0.0,11
201200008898,12,12,23,1315,1,1,1,1.0,6,11255,M,0.0,0.0,11
201200008899,12,12,31,1930,3,1,1,1.0,7,11436,M,0.0,0.0,11
201200008900,12,7,16,1030,1,1,1,1.0,1,11401,M,0.0,0.0,11
201200008901,12,2,3,1930,5,2,1,1.0,1,11421,M,4321800.0,285700.0,11
201200008902,12,3,14,1745,1,1,1,1.0,2,11360,M,4326900.0,290100.0,11
201200008903,12,3,24,2015,3,1,1,1.0,1,11164,M,4327200.0,289800.0,11
201200008904,12,4,7,330,5,2,1,1.0,6,11353,M,0.0,0.0,11
201200008905,12,4,19,1215,1,2,1,1.0,1,11203,M,4320000.0,276300.0,11
201200008906,12,5,27,1330,1,1,9,1.0,3,11140,M,4316400.0,272900.0,11
201200008907,12,5,28,2200,3,1,1,1.0,3,11067,M,4321700.0,284500.0,11
201200008908,12,7,3,1600,1,1,1,1.0,5,11111,M,4321300.0,281800.0,11
201200008909,12,8,19,1100,1,1,1,1.0,1,11203,M,0.0,0.0,11
201200008910,12,9,20,645,2,1,1,1.0,7,11210,M,4316800.0,277100.0,11
201200008911,12,10,4,1700,1,1,1,1.0,6,11098,M,0.0,0.0,11
201200008912,12,11,8,2045,3,1,1,2.0,3,11148,M,4318500.0,268200.0,11
201200008913,12,11,14,845,1,1,1,1.0,1,11067,M,0.0,0.0,11
201200008914,12,11,15,2130,3,1,1,1.0,5,11296,M,4328900.0,284000.0,11
201200008915,12,12,8,1800,5,2,1,6.0,6,11203,M,0.0,0.0,11
201200008916,12,9,8,215,3,1,1,1.0,6,11266,M,0.0,0.0,11
201200008917,12,2,11,130,3,1,1,1.0,6,11379,M,4306500.0,294200.0,11
201200008918,12,4,3,30,3,1,1,1.0,7,11379,M,0.0,0.0,11
201200008919,12,5,28,2100,1,1,1,1.0,1,11379,M,0.0,0.0,11
201200008920,12,7,2,330,3,1,1,1.0,1,11379,M,0.0,0.0,11
201200008921,12,7,23,2200,3,1,1,1.0,2,11266,M,0.0,0.0,11
201200008922,12,2,12,700,2,1,1,1.0,6,30003,M,4356954.0,410991.0,30
201200008923,12,3,31,1430,1,2,6,1.0,1,30133,M,4352626.0,414986.0,30
201200008924,12,5,2,1845,1,2,1,1.0,6,30003,M,4355736.0,418175.0,30
201200008925,12,5,13,1530,1,1,6,1.0,3,30003,M,4356008.0,415322.0,30
201200008926,12,6,2,1245,1,1,1,1.0,3,30133,M,4354476.0,413971.0,30
201200008927,12,6,17,2145,3,1,1,1.0,6,30276,M,4358566.0,422822.0,30
201200008928,12,7,1,1600,1,1,1,3.0,7,30003,M,4357850.0,410091.0,30
201200008929,12,7,24,2030,1,1,1,1.0,7,30133,M,4355630.0,414874.0,30
201200008930,12,7,29,1900,1,1,1,7.0,5,30003,M,4355351.0,417438.0,30
201200008931,12,8,4,2200,3,1,6,1.0,6,30133,M,4354883.0,413389.0,30
201200008932,12,8,10,1715,1,2,1,1.0,1,30133,M,4352176.0,414182.0,30
201200008933,12,8,15,1145,1,2,1,1.0,1,30133,M,0.0,0.0,30
201200008934,12,8,23,1200,1,1,6,1.0,7,30003,M,4357870.0,418731.0,30
201200008935,12,8,23,845,1,1,1,1.0,3,30276,M,4357845.0,428256.0,30
201200008936,12,10,8,2300,3,1,1,1.0,6,30003,M,4355374.0,417492.0,30
201200008937,12,11,19,1015,1,2,1,7.0,1,30133,M,4354009.0,413413.0,30
201200008938,12,12,2,230,3,1,6,1.0,6,30003,M,4355998.0,415312.0,30
201200008939,12,12,3,1445,1,2,1,1.0,6,30003,M,4356869.0,419153.0,30
201200008940,12,2,11,1630,1,2,1,1.0,3,30245,M,4382505.0,420236.0,30
201200008941,12,2,18,100,3,1,1,1.0,6,30321,M,4377699.0,406587.0,30
201200008942,12,2,22,2015,3,1,1,1.0,6,30321,M,4379597.0,407399.0,30
201200008943,12,2,25,1930,1,1,1,1.0,6,30324,M,4381890.0,412159.0,30
201200008944,12,3,1,1945,3,1,1,1.0,6,30321,M,4377175.0,408474.0,30
201200008945,12,3,10,1530,1,1,1,1.0,7,30114,M,4382499.0,409544.0,30
201200008946,12,3,22,1730,1,1,1,1.0,2,30075,M,4381930.0,429558.0,30
201200008947,12,4,3,945,1,1,6,1.0,3,30082,M,4386054.0,421624.0,30
201200008948,12,4,8,1130,1,2,1,1.0,3,30352,M,4379113.0,409542.0,30
201200008949,12,4,9,1930,1,1,1,1.0,3,30062,M,4378095.0,419854.0,30
201200008950,12,5,9,1645,1,1,1,1.0,4,30249,M,4380037.0,421515.0,30
201200008951,12,5,12,1200,1,1,1,1.0,3,30138,M,4380939.0,424443.0,30
201200008952,12,6,12,2045,2,1,1,1.0,7,30019,M,4375030.0,416495.0,30
201200008953,12,7,29,1015,1,1,1,1.0,1,30114,M,4382770.0,409530.0,30
201200008954,12,8,6,1830,1,1,1,1.0,1,30249,M,4380224.0,421707.0,30
201200008955,12,8,13,1600,1,2,1,1.0,3,30324,M,4381302.0,412284.0,30
201200008956,12,8,28,1645,1,1,1,1.0,5,30306,M,4381820.0,405567.0,30
201200008957,12,10,11,1345,1,2,1,1.0,1,30062,M,4378361.0,420184.0,30
201200008958,12,10,15,1900,2,1,1,1.0,5,30138,M,0.0,0.0,30