Num_Acc,an,mois,jour,hrmn,lum,agg,int,atm,col,com,gps,lat,long,dep
201200008959,12,11,17,1315,1,1,1,8.0,6,30138,M,4380186.0,425219.0,30
201200008960,12,1,13,1930,5,2,3,1.0,1,30156,M,4385968.0,444518.0,30
201200008961,12,1,23,730,2,1,1,9.0,2,30156,M,4386022.0,442727.0,30
201200008962,12,3,9,2045,3,2,1,1.0,6,30039,M,4388895.0,449204.0,30
201200008963,12,5,31,1300,1,2,1,1.0,3,30156,M,4386372.0,444183.0,30
201200008964,12,6,17,400,3,1,1,1.0,6,30156,M,4387961.0,444052.0,30
201200008965,12,9,4,1715,1,1,1,1.0,5,30039,M,4388524.0,449655.0,30
201200008966,12,9,12,1830,1,1,1,1.0,1,30156,M,4387364.0,444293.0,30
201200008967,12,12,3,1215,1,1,1,1.0,6,30156,M,4387897.0,409267.0,30
201200008968,12,12,12,1315,1,1,1,7.0,2,30145,M,4390973.0,450477.0,30
201200008969,12,3,31,1130,1,2,2,1.0,3,30258,M,4367865.0,442009.0,30
201200008970,12,6,5,1600,1,1,1,1.0,1,30258,M,4367215.0,441060.0,30
201200008971,12,6,16,745,1,1,1,1.0,3,30258,M,4371488.0,442017.0,30
201200008972,12,8,13,1815,1,1,1,1.0,1,30258,M,4367133.0,444139.0,30
201200008973,12,9,12,700,1,1,1,1.0,5,30125,M,4377581.0,442700.0,30
201200008974,12,12,30,1630,1,1,1,1.0,6,30128,M,4372864.0,407289.0,30
201200008975,12,1,27,2345,3,1,1,1.0,6,30004,M,4371829.0,420367.0,30
201200008976,12,2,26,1630,1,1,1,1.0,6,30341,M,4366185.0,428527.0,30
201200008977,12,3,10,1545,1,1,1,1.0,2,30347,M,4374049.0,424467.0,30
201200008978,12,3,22,1800,1,2,1,1.0,2,30169,M,4379373.0,430420.0,30
201200008979,12,3,28,2030,3,1,1,1.0,6,30341,M,4365470.0,429311.0,30
201200008980,12,3,30,1900,1,2,1,1.0,6,30169,M,4379978.0,431659.0,30
201200008981,12,4,16,400,5,2,1,1.0,6,30169,M,4379275.0,431877.0,30
201200008982,12,5,14,730,1,1,1,1.0,2,30123,M,4369589.0,417075.0,30
201200008983,12,6,26,715,1,1,1,1.0,4,30006,M,4369730.0,417382.0,30
201200008984,12,7,1,1600,1,1,1,2.0,5,30344,M,4373234.0,423652.0,30
201200008985,12,7,8,1730,1,1,1,1.0,3,30123,M,4369457.0,416809.0,30
201200008986,12,7,9,1600,1,1,1,1.0,1,30004,M,4372518.0,419381.0,30
201200008987,12,7,15,315,3,1,1,1.0,3,30333,M,4375003.0,426867.0,30
201200008988,12,7,25,2330,3,1,1,1.0,6,30059,M,4368721.0,422751.0,30
201200008989,12,8,14,1600,1,1,6,1.0,3,30341,M,4371149.0,426515.0,30
201200008990,12,8,20,1645,1,1,1,1.0,3,30185,M,4373471.0,421143.0,30
201200008991,12,11,19,1300,1,1,1,1.0,6,30344,M,4372017.0,426074.0,30
201200008992,12,11,21,1530,1,1,3,1.0,5,30344,M,4373625.0,423371.0,30
201200008993,12,12,13,2215,1,1,6,2.0,3,30006,M,4370596.0,419181.0,30
201200008994,12,12,20,1130,1,1,1,2.0,4,30004,M,4372093.0,420821.0,30
201200008995,12,12,24,1730,3,2,1,2.0,1,30006,M,4368541.0,421582.0,30
201200008996,12,12,25,900,1,1,1,1.0,7,30020,M,0.0,0.0,30
201200008997,12,1,2,1630,1,2,1,1.0,6,30330,M,4403509.0,400490.0,30
201200008998,12,2,14,1545,1,2,1,1.0,6,30010,M,4405466.0,398451.0,30
201200008999,12,2,27,2030,4,1,1,1.0,3,30214,M,0.0,0.0,30
201200009000,12,5,23,1815,1,2,1,1.0,1,30214,M,4403293.0,410489.0,30
201200009001,12,7,14,1630,1,1,1,1.0,1,30330,M,4401691.0,399283.0,30
201200009002,12,8,14,1630,1,1,1,1.0,3,30094,M,4407240.0,395503.0,30
201200009003,12,3,13,1600,3,1,1,1.0,6,30142,M,4422220.0,408411.0,30
201200009004,12,3,27,1115,1,2,1,1.0,3,30307,M,4420189.0,403399.0,30
201200009005,12,6,6,2000,1,1,1,1.0,1,30274,M,4420381.0,409267.0,30
201200009006,12,9,16,1200,1,1,1,1.0,2,30307,M,4417950.0,405112.0,30
201200009007,12,9,17,1700,1,1,1,1.0,6,30142,M,4424367.0,405280.0,30
201200009008,12,1,5,1930,3,1,1,1.0,1,30223,M,4417178.0,412765.0,30
201200009009,12,1,28,45,5,2,1,1.0,6,30223,M,4418338.0,414278.0,30
201200009010,12,2,25,1400,1,1,1,1.0,3,30284,M,4415929.0,405973.0,30
201200009011,12,4,1,45,3,1,1,1.0,7,30294,M,4412840.0,414114.0,30
201200009012,12,4,5,1000,1,2,1,1.0,6,30284,M,4415880.0,409367.0,30
201200009013,12,4,21,2230,5,2,1,1.0,3,30274,M,4417339.0,410818.0,30
201200009014,12,5,18,1900,1,2,1,1.0,2,30274,M,4417661.0,409029.0,30
201200009015,12,7,24,1330,1,1,1,1.0,1,30284,M,4414663.0,406228.0,30
201200009016,12,8,3,1630,1,2,1,1.0,3,30294,M,4414032.0,414370.0,30
201200009017,12,9,2,1100,1,1,1,1.0,5,30275,M,4412099.0,423682.0,30
201200009018,12,11,14,1645,2,2,1,1.0,3,30223,M,0.0,0.0,30
201200009019,12,12,2,1500,1,1,1,1.0,1,30274,M,4421274.0,409267.0,30
201200009020,12,12,8,1500,1,1,1,7.0,2,30270,M,4411715.0,405485.0,30
201200009021,12,1,22,2030,3,1,1,1.0,1,30348,M,4403151.0,414781.0,30
201200009022,12,1,28,1645,1,1,1,1.0,6,30165,M,4409647.0,415350.0,30
201200009023,12,2,22,830,1,1,2,1.0,3,30002,M,4396367.0,413051.0,30
201200009024,12,3,3,1115,3,1,1,1.0,6,30285,M,4404070.0,423223.0,30
201200009025,12,4,15,200,3,1,1,1.0,7,30104,M,4397143.0,415041.0,30
201200009026,12,4,21,1600,1,2,1,2.0,2,30259,M,4410378.0,412803.0,30
201200009027,12,6,20,1000,1,2,1,1.0,1,30259,M,4408165.0,412741.0,30
201200009028,12,7,28,200,3,1,1,2.0,7,30160,M,4399857.0,412538.0,30
201200009029,12,8,22,230,3,1,1,1.0,1,30146,M,4399474.0,411646.0,30
201200009030,12,8,20,1930,1,1,1,1.0,6,30046,M,4401411.0,415740.0,30
201200009031,12,9,7,1900,2,1,1,1.0,1,30109,M,4406517.0,425000.0,30
201200009032,12,9,11,845,1,1,1,1.0,3,30002,M,4395704.0,409923.0,30
201200009033,12,9,13,1430,1,1,1,6.0,1,30146,M,4400228.0,410353.0,30
201200009034,12,11,8,1715,5,2,1,1.0,3,30147,M,4400950.0,405262.0,30
201200009035,12,11,12,1515,1,1,1,1.0,4,30261,M,4407607.0,421242.0,30
201200009036,12,12,6,1600,2,1,1,1.0,6,30104,M,4397404.0,417342.0,30
201200009037,12,4,24,1330,1,1,1,2.0,6,30130,M,4432800.0,396790.0,30
201200009038,12,5,1,2300,3,1,1,1.0,6,30079,M,4430541.0,399670.0,30
201200009039,12,8,15,1,3,1,1,1.0,7,30345,M,4427888.0,399884.0,30
201200009040,12,3,9,2345,5,1,1,1.0,5,30152,M,4422381.0,416251.0,30
201200009041,12,5,30,1615,1,1,1,1.0,3,30029,M,4428920.0,432804.0,30
201200009042,12,6,11,1700,1,2,1,1.0,3,30164,M,4422588.0,434787.0,30
201200009043,12,8,3,1600,1,2,1,1.0,6,30271,M,4421613.0,419985.0,30
201200009044,12,8,29,1715,1,1,1,1.0,5,30237,M,4428250.0,419656.0,30
201200009045,12,9,5,1445,1,1,1,1.0,3,30237,M,4427018.0,419287.0,30
201200009046,12,9,22,2200,5,2,1,1.0,3,30227,M,4426038.0,419773.0,30
201200009047,12,10,24,730,2,2,1,1.0,6,30227,M,4426176.0,419938.0,30
201200009048,12,10,25,1815,2,2,1,1.0,3,30237,M,0.0,0.0,30
201200009049,12,10,26,1845,5,2,1,2.0,6,30227,M,0.0,0.0,30
201200009050,12,11,17,2300,3,1,1,8.0,6,30008,M,4418919.0,423717.0,30
201200009051,12,12,28,215,3,1,9,1.0,6,30194,M,4429187.0,407289.0,30
201200009052,12,1,25,1645,1,2,1,1.0,3,30111,M,4404138.0,429823.0,30
201200009053,12,3,29,1730,1,1,1,1.0,1,30286,M,4398416.0,446211.0,30
201200009054,12,6,5,1715,1,1,1,1.0,4,30282,M,4415057.0,450475.0,30
201200009055,12,6,18,800,1,1,1,1.0,6,30035,M,4408818.0,438980.0,30
201200009056,12,7,2,1730,1,1,2,1.0,3,30030,M,4403511.0,427749.0,30
201200009057,12,7,3,145,3,1,1,1.0,6,30338,M,4413245.0,433466.0,30
201200009058,12,7,16,1345,1,1,1,1.0,6,30041,M,4396796.0,438864.0,30
201200009059,12,7,19,1230,1,2,1,1.0,3,30282,M,4414510.0,448908.0,30
201200009060,12,8,1,1700,1,1,1,1.0,6,30299,M,4402355.0,446379.0,30
201200009061,12,8,13,1100,1,2,1,1.0,6,30334,M,4401320.0,441833.0,30
201200009062,12,9,2,2130,3,1,1,1.0,7,30030,M,4404255.0,427580.0,30
201200009063,12,9,3,630,1,1,1,1.0,6,30014,M,4400188.0,435507.0,30
201200009064,12,9,13,1745,2,1,1,1.0,6,30174,M,4402872.0,437864.0,30
201200009065,12,9,27,500,5,2,1,1.0,1,30334,M,4401392.0,442281.0,30
201200009066,12,1,10,645,3,2,1,1.0,6,30070,M,4423287.0,458986.0,30
201200009067,12,1,10,1845,3,1,1,1.0,5,30202,M,4427550.0,462506.0,30
201200009068,12,3,12,730,1,2,1,1.0,6,30288,M,4419789.0,462313.0,30
201200009069,12,4,4,1615,1,1,1,3.0,6,30096,M,4421079.0,450877.0,30
201200009070,12,4,22,1800,1,1,1,1.0,3,30287,M,4419812.0,453837.0,30
201200009071,12,4,28,1345,1,2,1,1.0,3,30288,M,4419425.0,462454.0,30
201200009072,12,5,2,1900,1,1,1,1.0,5,30290,M,4427443.0,460949.0,30
201200009073,12,7,21,1200,1,2,8,1.0,5,30202,M,4426338.0,464165.0,30
201200009074,12,7,29,1515,1,1,1,1.0,6,30273,M,4429049.0,457569.0,30
201200009075,12,8,26,630,2,1,1,1.0,7,30070,M,4424080.0,459483.0,30
201200009076,12,9,27,15,3,1,1,2.0,6,30143,M,4429750.0,452756.0,30
201200009077,12,10,20,1445,1,1,1,1.0,1,30226,M,4423858.0,463910.0,30
201200009078,12,11,2,1045,1,2,1,1.0,1,30202,M,0.0,0.0,30
201200009079,12,11,5,2300,3,1,1,1.0,6,30288,M,4420565.0,462928.0,30
201200009080,12,11,8,845,1,1,1,1.0,6,30096,M,4421066.0,450716.0,30
201200009081,12,11,28,1245,1,2,6,2.0,6,30202,M,4425856.0,464810.0,30
201200009082,12,1,21,1145,1,1,1,1.0,3,30073,M,4395474.0,455274.0,30
201200009083,12,1,31,930,1,2,1,2.0,3,30179,M,4387043.0,458424.0,30
201200009084,12,2,2,2115,3,1,1,1.0,6,30166,M,4388919.0,457488.0,30
201200009085,12,4,26,900,1,2,3,1.0,3,30073,M,4397057.0,452073.0,30
201200009086,12,5,1,1730,1,1,1,1.0,3,30179,M,4387044.0,458424.0,30
201200009087,12,5,30,515,3,1,1,1.0,2,30317,M,4390514.0,456919.0,30
201200009088,12,6,20,1430,1,1,1,1.0,6,30212,M,4394763.0,456982.0,30
201200009089,12,6,24,1315,1,1,1,1.0,1,30085,M,4396774.0,448782.0,30
201200009090,12,6,28,1345,1,1,1,1.0,7,30235,M,4393478.0,455695.0,30
201200009091,12,7,2,430,3,1,1,1.0,7,30012,M,4388750.0,465945.0,30
201200009092,12,7,27,1515,1,1,1,7.0,3,30336,M,4385081.0,461818.0,30
201200009093,12,7,28,1500,1,1,1,1.0,3,30179,M,4387044.0,458423.0,30
201200009094,12,7,30,1845,1,1,1,1.0,2,30317,M,4392309.0,456290.0,30
201200009095,12,8,26,1215,1,1,1,1.0,3,30211,M,4384725.0,450925.0,30
201200009096,12,9,11,15,3,1,1,1.0,6,30013,M,4396738.0,450659.0,30
201200009097,12,9,11,1045,1,1,1,1.0,6,30012,M,4388810.0,464881.0,30
201200009098,12,9,29,1830,1,1,1,2.0,3,30107,M,4395149.0,464009.0,30
201200009099,12,10,8,1715,1,1,1,1.0,1,30012,M,4389455.0,469116.0,30
201200009100,12,12,5,1415,1,2,1,1.0,6,30166,M,4388423.0,456173.0,30
201200009101,12,12,28,1000,1,1,1,1.0,2,30073,M,4397823.0,457411.0,30
201200009102,12,2,8,1630,1,1,1,1.0,1,30221,M,4404181.0,477159.0,30
201200009103,12,2,22,1900,3,1,1,1.0,3,30326,M,4400764.0,473493.0,30
201200009104,12,2,28,1245,1,1,1,1.0,1,30221,M,4406029.0,477065.0,30
201200009105,12,4,29,1500,1,1,1,1.0,3,30221,M,4404034.0,472741.0,30
201200009106,12,5,13,145,5,2,6,1.0,6,30217,M,4397104.0,468774.0,30
201200009107,12,6,7,1645,1,1,1,1.0,5,30221,M,4407420.0,475886.0,30
201200009108,12,6,11,1430,1,1,2,1.0,3,30312,M,0.0,0.0,30
201200009109,12,6,17,1845,1,1,3,7.0,3,30221,M,4405516.0,476015.0,30
201200009110,12,7,8,1630,1,2,1,1.0,6,30221,M,4405267.0,477961.0,30
201200009111,12,7,19,2145,2,1,1,1.0,6,30221,M,4466633.0,476988.0,30
201200009112,12,7,21,1015,1,1,1,1.0,1,30326,M,4400764.0,473494.0,30
201200009113,12,7,25,1130,2,2,1,1.0,6,30209,M,4400832.0,476733.0,30
201200009114,12,9,11,1145,1,1,1,9.0,7,30221,M,4403897.0,478869.0,30
201200009115,12,9,17,745,2,1,1,1.0,7,30326,M,4399244.0,471162.0,30
201200009116,12,2,25,1630,1,1,1,1.0,1,30182,M,4385509.0,418149.0,30
201200009117,12,3,11,300,3,1,1,1.0,6,30281,M,4388247.0,419338.0,30
201200009118,12,3,19,1830,1,2,1,1.0,2,30122,M,4389697.0,421689.0,30
201200009119,12,3,25,715,1,1,1,1.0,1,30181,M,4390226.0,410473.0,30
201200009120,12,3,27,900,1,1,1,1.0,7,30182,M,4386091.0,415085.0,30
201200009121,12,3,31,2130,3,1,1,1.0,3,30354,M,4394377.0,414491.0,30
201200009122,12,4,21,1945,2,1,1,1.0,7,30181,M,4392075.0,411533.0,30
201200009123,12,5,4,815,1,1,1,1.0,1,30228,M,4396177.0,433418.0,30
201200009124,12,5,13,1900,1,1,1,1.0,1,30102,M,4392214.0,428130.0,30
201200009125,12,5,19,945,1,1,1,1.0,3,30313,M,4396024.0,423705.0,30
201200009126,12,5,25,1630,1,1,1,1.0,7,30102,M,4390804.0,428502.0,30
201200009127,12,6,2,2015,1,1,1,1.0,3,30182,M,4385620.0,417635.0,30
201200009128,12,7,22,2315,3,1,1,1.0,7,30102,M,4393417.0,430345.0,30
201200009129,12,8,2,945,1,2,1,1.0,6,30021,M,4400675.0,432724.0,30
201200009130,12,9,2,1515,1,1,1,1.0,1,30228,M,4394412.0,437758.0,30
201200009131,12,10,20,2045,1,1,1,1.0,3,30102,M,4391677.0,428600.0,30
201200009132,12,10,28,415,3,1,1,6.0,1,30049,M,4399228.0,433113.0,30
201200009133,12,12,16,630,2,1,1,1.0,5,30088,M,4386097.0,414710.0,30
201200009134,12,3,25,1030,1,1,1,1.0,7,30272,M,4396954.0,369281.0,30
201200009135,12,8,28,1700,1,2,1,1.0,1,30325,M,4397684.0,371595.0,30
201200009136,12,9,22,1830,1,2,1,1.0,6,30350,M,4399254.0,361718.0,30
201200009137,12,12,13,1745,5,2,1,3.0,6,30350,M,4399110.0,360818.0,30
201200009138,12,11,2,1445,1,1,1,1.0,1,30172,M,4401660.0,384911.0,30
201200009139,12,2,26,1630,1,1,1,1.0,1,30263,M,4395886.0,382899.0,30
201200009140,12,5,6,1100,1,1,1,1.0,1,30066,M,4393002.0,435299.0,30
201200009141,12,8,27,900,1,1,1,7.0,7,30349,M,4387277.0,408012.0,30
201200009142,12,9,9,2045,3,1,1,1.0,3,30300,M,4395081.0,410001.0,30
201200009143,12,1,17,645,2,1,1,1.0,1,48042,M,4454800.0,350500.0,48
201200009144,12,3,12,1115,1,1,1,1.0,6,48053,M,4449000.0,382100.0,48
201200009145,12,5,22,1615,1,1,1,3.0,6,48126,M,4466400.0,338200.0,48
201200009146,12,5,26,715,1,1,1,1.0,1,48016,M,4449200.0,345800.0,48
201200009147,12,5,27,1800,1,2,1,1.0,7,48016,M,4448900.0,345800.0,48
201200009148,12,8,23,2245,3,1,1,1.0,6,48111,M,4454100.0,358300.0,48
201200009149,12,9,2,1145,1,1,1,1.0,7,48053,M,0.0,0.0,48
201200009150,12,10,19,1845,2,1,1,2.0,3,48013,M,4454000.0,357000.0,48
201200009151,12,11,4,1615,1,1,1,2.0,1,48013,M,4454300.0,356400.0,48
201200009152,12,8,1,745,1,1,1,1.0,7,48043,M,0.0,0.0,48
201200009153,12,12,8,930,1,1,1,4.0,3,48080,M,0.0,0.0,48
201200009154,12,5,17,1230,1,1,1,1.0,3,48075,M,0.0,0.0,48
201200009155,12,7,1,900,1,1,1,3.0,1,48061,M,0.0,0.0,48
201200009156,12,8,19,1730,1,1,1,1.0,7,48075,M,0.0,0.0,48
201200009157,12,9,28,1045,1,1,1,1.0,7,48122,M,0.0,0.0,48
201200009158,12,3,31,945,1,1,1,1.0,6,48173,M,0.0,0.0,48
201200009159,12,7,1,700,1,1,1,1.0,7,48148,M,0.0,0.0,48
201200009160,12,9,14,1115,1,1,1,1.0,3,48136,M,0.0,0.0,48
201200009161,12,10,14,1545,1,1,1,3.0,6,48163,M,0.0,0.0,48
201200009162,12,3,26,1600,1,1,1,1.0,3,48096,M,0.0,0.0,48
201200009163,12,4,18,1345,1,1,1,3.0,6,48154,M,0.0,0.0,48
201200009164,12,9,10,1315,1,1,1,1.0,4,48074,M,4424800.0,335600.0,48
201200009165,12,12,28,1830,3,1,1,1.0,7,48096,M,4419700.0,341700.0,48
201200009166,12,4,9,145,3,2,1,1.0,6,48017,M,4444600.0,319500.0,48
201200009167,12,10,25,1415,1,2,7,7.0,6,48092,M,0.0,0.0,48
201200009168,12,6,18,2000,1,1,1,1.0,6,48140,M,0.0,0.0,48
201200009169,12,6,19,1215,1,1,1,1.0,1,48089,M,4483800.0,336900.0,48
201200009170,12,10,13,945,1,2,1,1.0,6,48047,M,4471700.0,323500.0,48
201200009171,12,1,8,1245,1,2,1,1.0,2,66037,M,0.0,0.0,66
201200009172,12,4,24,100,3,2,1,2.0,7,66037,M,0.0,0.0,66
201200009173,12,5,4,730,1,1,1,1.0,1,66224,M,4272780.0,298460.0,66
201200009174,12,7,4,1115,1,1,1,1.0,1,66037,M,4270522.0,298448.0,66
201200009175,12,9,15,230,3,1,1,1.0,6,66037,M,0.0,0.0,66
201200009176,12,10,9,1545,1,2,1,1.0,3,66037,M,4270184.0,302889.0,66
201200009177,12,1,1,630,3,1,1,1.0,7,66227,M,0.0,0.0,66
201200009178,12,5,2,745,1,1,1,1.0,2,66114,M,0.0,0.0,66
201200009179,12,5,6,1700,1,1,1,1.0,6,66114,M,0.0,0.0,66
201200009180,12,11,2,2145,3,1,1,1.0,1,66227,M,4263870.0,290894.0,66
201200009181,12,5,28,2100,1,1,1,1.0,6,66107,M,0.0,0.0,66
201200009182,12,5,28,1530,1,1,6,1.0,6,66174,M,4268400.0,274900.0,66
201200009183,12,7,15,1515,1,1,1,1.0,6,66108,M,0.0,0.0,66
201200009184,12,8,7,1200,1,1,1,1.0,3,66140,M,0.0,0.0,66
201200009185,12,1,27,830,1,1,8,1.0,1,66164,M,4280185.0,290385.0,66
201200009186,12,3,24,1745,1,2,1,1.0,6,66164,M,4277065.0,287230.0,66
201200009187,12,4,24,1130,1,1,1,1.0,1,66164,M,0.0,0.0,66
201200009188,12,5,12,1130,1,1,1,1.0,3,66164,M,0.0,0.0,66
201200009189,12,7,7,1715,1,1,1,1.0,6,66164,M,0.0,0.0,66
201200009190,12,10,10,1930,3,1,1,1.0,7,66138,M,4275701.0,284736.0,66
201200009191,12,2,9,2145,3,1,1,1.0,1,66171,M,0.0,0.0,66
201200009192,12,6,23,1330,1,1,1,1.0,3,66171,M,0.0,0.0,66
201200009193,12,7,22,1900,1,1,1,1.0,2,66171,M,4259900.0,302700.0,66
201200009194,12,10,22,1800,1,2,1,1.0,6,66002,M,0.0,0.0,66
201200009195,12,4,29,1600,1,1,1,1.0,1,66212,M,0.0,0.0,66
201200009196,12,7,2,1100,1,2,6,1.0,1,66017,M,4280000.0,303694.0,66
201200009197,12,7,13,1145,1,2,1,1.0,6,66180,M,4277498.0,299319.0,66
201200009198,12,11,21,1500,1,2,1,1.0,6,66017,M,4280429.0,303135.0,66
201200009199,12,1,13,1615,1,2,1,7.0,6,66101,M,4261741.0,277012.0,66
201200009200,12,4,12,645,3,1,1,1.0,1,66226,M,0.0,0.0,66
201200009201,12,4,13,1800,1,1,3,1.0,3,66210,M,0.0,0.0,66
201200009202,12,10,23,830,2,1,3,1.0,3,66210,M,0.0,0.0,66
201200009203,12,11,28,1230,1,1,1,6.0,1,66033,M,0.0,0.0,66
201200009204,12,12,16,1600,1,1,1,7.0,7,66210,M,0.0,0.0,66
201200009205,12,3,18,1630,1,1,1,1.0,7,66160,M,0.0,0.0,66
201200009206,12,4,21,1700,1,2,1,1.0,6,66049,M,0.0,0.0,66
201200009207,12,1,17,1915,3,1,1,1.0,1,66168,M,0.0,0.0,66
201200009208,12,2,19,1915,3,1,1,1.0,5,66168,M,0.0,0.0,66
201200009209,12,3,31,1315,1,1,1,1.0,7,66008,M,0.0,0.0,66
201200009210,12,5,1,1245,1,1,1,1.0,5,66008,M,0.0,0.0,66
201200009211,12,5,21,500,3,1,1,1.0,1,66008,M,0.0,0.0,66
201200009212,12,6,30,545,2,1,1,1.0,1,66008,M,0.0,0.0,66
201200009213,12,7,5,1445,1,1,1,1.0,1,66008,M,0.0,0.0,66
201200009214,12,8,4,145,5,2,1,1.0,6,66008,M,0.0,0.0,66
201200009215,12,9,25,1145,1,2,1,7.0,3,66008,M,0.0,0.0,66
201200009216,12,1,14,945,1,1,1,1.0,1,66175,M,4254324.0,292668.0,66
201200009217,12,2,19,2345,3,1,9,1.0,6,66115,M,0.0,0.0,66
201200009218,12,9,22,645,2,1,1,2.0,1,66115,M,0.0,0.0,66
201200009219,12,10,21,1000,1,1,1,2.0,1,66106,M,0.0,0.0,66
201200009220,12,4,17,1845,1,2,1,1.0,7,66053,M,0.0,0.0,66
201200009221,12,1,6,715,3,1,1,6.0,6,66125,M,0.0,0.0,66
201200009222,12,2,22,1445,1,1,1,1.0,4,66149,M,0.0,0.0,66
201200009223,12,3,9,2100,5,2,1,1.0,3,66149,M,4262072.0,243384.0,66
201200009224,12,4,19,1130,1,2,1,1.0,3,66149,M,4261832.0,242923.0,66
201200009225,12,6,4,1530,2,1,1,1.0,6,66209,M,0.0,0.0,66
201200009226,12,6,7,1800,1,1,1,1.0,6,66119,M,0.0,0.0,66
201200009227,12,8,12,1015,1,2,1,1.0,6,66149,M,4261419.0,241871.0,66
201200009228,12,8,17,1445,1,1,1,1.0,3,66036,M,0.0,0.0,66
201200009229,12,10,4,1930,2,1,1,1.0,1,66193,M,0.0,0.0,66
201200009230,12,1,30,1145,1,1,1,1.0,3,66167,M,0.0,0.0,66
201200009231,12,5,12,1100,1,1,3,1.0,3,66146,M,0.0,0.0,66
201200009232,12,6,12,1730,1,1,1,1.0,7,66020,M,0.0,0.0,66
201200009233,12,6,28,945,1,1,1,1.0,3,66192,M,0.0,0.0,66
201200009234,12,11,20,1500,1,1,1,1.0,3,66165,M,0.0,0.0,66
201200009235,12,12,29,2115,3,1,1,1.0,5,66088,M,0.0,0.0,66
201200009236,12,1,28,1315,1,1,1,2.0,5,20104,M,4190950.0,886087.0,201
201200009237,12,8,2,1915,1,1,9,1.0,1,20032,M,0.0,0.0,201
201200009238,12,9,8,1945,1,2,1,1.0,1,20130,M,0.0,0.0,201
201200009239,12,1,19,515,3,1,1,1.0,6,20040,M,0.0,0.0,201
201200009240,12,6,6,900,1,2,1,1.0,3,20271,M,0.0,0.0,201
201200009241,12,7,11,1800,1,2,1,1.0,3,20271,M,0.0,0.0,201
201200009242,12,8,22,2345,3,1,1,1.0,1,20103,M,0.0,0.0,201
201200009243,12,9,4,1345,1,1,1,2.0,1,20040,M,0.0,0.0,201
201200009244,12,9,18,1930,3,1,1,1.0,3,20006,M,0.0,0.0,201
201200009245,12,9,28,1530,1,2,9,1.0,2,20271,M,4194360.0,875747.0,201
201200009246,12,9,30,1700,1,1,1,1.0,3,20330,M,4206520.0,897561.0,201
201200009247,12,11,23,945,1,1,1,8.0,1,20040,M,0.0,0.0,201
201200009248,12,11,26,830,1,1,1,7.0,1,20271,M,0.0,0.0,201
201200009249,12,12,5,745,1,1,1,2.0,3,20271,M,0.0,0.0,201
201200009250,12,12,20,2115,3,1,1,3.0,3,20271,M,4197130.0,881909.0,201
201200009251,12,3,17,1345,1,2,1,1.0,1,20247,M,0.0,0.0,201
201200009252,12,4,20,1300,1,2,6,1.0,6,20247,M,4160979.0,927843.0,201
201200009253,12,5,12,530,3,2,1,1.0,6,20247,M,0.0,0.0,201
201200009254,12,5,12,1930,1,1,1,1.0,6,20247,M,4163740.0,925700.0,201
201200009255,12,6,11,1830,1,2,1,1.0,3,20247,M,4160580.0,927704.0,201
201200009256,12,6,22,1200,1,2,1,1.0,3,20247,M,0.0,0.0,201
201200009257,12,6,27,1445,1,1,1,1.0,6,20247,M,0.0,0.0,201
201200009258,12,7,23,2330,5,2,1,1.0,1,20247,M,0.0,0.0,201
201200009259,12,7,24,230,3,2,1,1.0,7,20247,M,0.0,0.0,201
201200009260,12,8,13,2115,5,2,1,1.0,3,20247,M,0.0,0.0,201
201200009261,12,9,2,1945,3,1,1,2.0,1,20247,M,4162300.0,928624.0,201
201200009262,12,11,23,1445,1,1,1,1.0,3,20114,M,0.0,0.0,201
201200009263,12,7,15,345,5,2,1,1.0,6,20272,M,4161959.0,896436.0,201
201200009264,12,8,11,430,3,1,1,1.0,7,20272,M,0.0,0.0,201
201200009265,12,8,30,715,1,1,1,1.0,1,20272,M,0.0,0.0,201
201200009266,12,8,13,1715,1,1,1,1.0,1,20249,M,4166150.0,891739.0,201
201200009267,12,8,20,2030,2,1,1,1.0,7,20189,M,4169410.0,891080.0,201
201200009268,12,9,7,1945,2,1,1,1.0,3,20189,M,4169749.0,886475.0,201
201200009269,12,11,23,930,1,1,1,1.0,6,20249,M,4171110.0,891521.0,201
201200009270,12,1,16,1400,1,2,1,1.0,5,20148,M,0.0,0.0,202
201200009271,12,1,14,2330,5,1,1,1.0,2,20042,M,0.0,0.0,202
201200009272,12,1,19,845,1,2,3,1.0,1,20148,M,0.0,0.0,202
201200009273,12,2,17,1115,1,1,1,1.0,3,20042,M,0.0,0.0,202
201200009274,12,3,2,1130,1,1,1,1.0,5,20042,M,0.0,0.0,202
201200009275,12,4,1,345,5,2,1,1.0,1,20042,M,0.0,0.0,202
201200009276,12,4,28,1900,1,2,2,1.0,3,20148,M,0.0,0.0,202
201200009277,12,6,6,1015,1,1,1,1.0,1,20055,M,0.0,0.0,202
201200009278,12,6,6,800,1,2,1,1.0,1,20042,M,0.0,0.0,202
201200009279,12,6,16,1015,1,1,1,1.0,3,20042,M,0.0,0.0,202