Num_Acc,an,mois,jour,hrmn,lum,agg,int,atm,col,com,gps,lat,long,dep
201200009280,12,7,19,2030,2,2,1,1.0,6,20148,M,,,202
201200009281,12,7,31,145,5,1,1,1.0,2,20042,M,0.0,0.0,202
201200009282,12,10,20,1430,1,1,1,1.0,1,20148,M,0.0,0.0,202
201200009283,12,10,20,1600,1,2,1,1.0,3,20042,M,0.0,0.0,202
201200009284,12,11,19,1145,1,1,1,2.0,3,20055,M,0.0,0.0,202
201200009285,12,12,11,715,2,1,1,1.0,2,20042,M,0.0,0.0,202
201200009286,12,12,11,1745,3,1,1,1.0,3,20148,M,0.0,0.0,202
201200009287,12,12,14,115,3,1,1,1.0,1,20148,M,0.0,0.0,202
201200009288,12,12,23,730,1,1,1,1.0,3,20355,M,0.0,0.0,202
201200009289,12,12,30,1400,1,1,1,1.0,1,20350,M,0.0,0.0,202
201200009290,12,1,7,600,3,1,1,1.0,1,20281,M,0.0,0.0,202
201200009291,12,4,3,1030,1,2,1,2.0,6,20305,M,0.0,0.0,202
201200009292,12,6,9,2330,5,2,1,1.0,1,20305,M,4272300.0,945600.0,202
201200009293,12,6,28,730,1,1,1,1.0,3,20043,M,4280000.0,949100.0,202
201200009294,12,8,6,1345,1,2,1,1.0,5,20043,M,4277700.0,947400.0,202
201200009295,12,9,18,1300,1,2,1,1.0,2,20305,M,0.0,0.0,202
201200009296,12,9,20,1500,1,2,1,1.0,3,20046,M,4287500.0,947800.0,202
201200009297,12,1,2,1400,1,2,1,1.0,1,20185,M,0.0,0.0,202
201200009298,12,2,16,945,1,1,1,1.0,1,20029,M,0.0,0.0,202
201200009299,12,7,25,1730,1,2,1,1.0,2,20298,M,0.0,0.0,202
201200009300,12,8,19,830,1,1,1,1.0,1,20205,M,4269600.0,937500.0,202
201200009301,12,1,30,1215,1,1,1,1.0,1,20150,M,0.0,0.0,202
201200009302,12,5,13,1245,1,2,1,1.0,1,20050,M,,,202
201200009303,12,6,9,2245,3,1,1,1.0,1,20150,M,0.0,0.0,202
201200009304,12,6,26,200,3,1,1,1.0,1,20050,M,4254400.0,879100.0,202
201200009305,12,7,15,515,2,1,1,1.0,7,20050,M,4255500.0,877900.0,202
201200009306,12,8,1,1600,1,2,1,1.0,5,20050,M,4256000.0,876100.0,202
201200009307,12,9,2,745,2,1,1,1.0,6,20150,M,4256700.0,880600.0,202
201200009308,12,12,20,1445,1,1,1,1.0,3,20150,M,4257000.0,882000.0,202
201200009309,12,1,4,1400,1,1,1,1.0,6,20199,M,0.0,0.0,202
201200009310,12,5,11,1715,1,1,1,1.0,7,20352,M,0.0,0.0,202
201200009311,12,6,17,1730,1,1,1,1.0,3,20093,M,0.0,0.0,202
201200009312,12,7,25,1615,1,1,1,1.0,1,20199,M,4265700.0,904000.0,202
201200009313,12,8,26,700,2,1,1,1.0,1,20180,M,4263300.0,909700.0,202
201200009314,12,1,20,1000,1,1,1,1.0,6,20096,M,0.0,0.0,202
201200009315,12,3,23,1930,3,1,1,2.0,6,20012,M,0.0,0.0,202
201200009316,12,5,21,1745,1,1,1,1.0,1,20238,M,0.0,0.0,202
201200009317,12,6,5,845,1,1,1,7.0,2,20354,M,0.0,0.0,202
201200009318,12,6,29,745,1,1,1,1.0,3,20096,M,0.0,0.0,202
201200009319,12,7,15,1945,1,1,1,7.0,2,20096,M,0.0,0.0,202
201200009320,12,9,23,1630,1,1,1,1.0,3,20354,M,4213300.0,913900.0,202
201200009321,12,12,8,1130,1,1,1,1.0,1,20096,M,4231900.0,915700.0,202
201200009322,12,3,17,1330,1,2,1,1.0,3,20047,M,0.0,0.0,202
201200009323,12,10,17,1815,2,1,1,1.0,6,20007,M,0.0,0.0,202
201200009324,12,11,8,2130,3,1,1,1.0,7,20047,M,0.0,0.0,202
201200009325,12,12,1,2245,3,1,1,1.0,7,20007,M,4233100.0,899900.0,202
201200009326,12,3,9,245,3,1,1,1.0,6,20193,M,0.0,0.0,202
201200009327,12,3,11,1330,1,1,1,1.0,3,20193,M,0.0,0.0,202
201200009328,12,3,31,1945,2,1,1,1.0,6,20332,M,0.0,0.0,202
201200009329,12,4,26,1545,1,1,1,1.0,1,20332,M,0.0,0.0,202
201200009330,12,5,27,1100,1,1,1,1.0,7,20169,M,0.0,0.0,202
201200009331,12,6,2,600,2,1,1,1.0,6,20169,M,4248300.0,919800.0,202
201200009332,12,6,7,1630,1,1,1,1.0,1,20332,M,4263900.0,911100.0,202
201200009333,12,7,30,2315,3,1,1,1.0,7,20193,M,0.0,0.0,202
201200009334,12,9,2,1530,1,1,1,2.0,1,20059,M,0.0,0.0,202
201200009335,12,3,26,930,1,2,1,1.0,6,20123,M,0.0,0.0,202
201200009336,12,6,2,700,1,1,1,1.0,1,20123,M,4202800.0,941300.0,202
201200009337,12,6,20,1200,1,1,1,1.0,3,20283,M,4187000.0,939800.0,202
201200009338,12,6,29,630,1,1,1,1.0,3,20342,M,0.0,0.0,202
201200009339,12,7,15,2200,3,1,1,1.0,7,20283,M,4187300.0,939900.0,202
201200009340,12,7,30,2330,3,1,1,1.0,6,20283,M,4189899.0,938500.0,202
201200009341,12,8,4,1245,1,1,1,1.0,3,20251,M,4200500.0,940400.0,202
201200009342,12,8,11,2015,2,2,1,1.0,3,20123,M,0.0,0.0,202
201200009343,12,8,28,545,3,1,1,1.0,6,20123,M,4201000.0,942500.0,202
201200009344,12,8,31,1800,1,2,1,1.0,1,20123,M,4206000.0,938000.0,202
201200009345,12,11,1,630,2,1,1,1.0,6,20283,M,4186700.0,939500.0,202
201200009346,12,7,20,1930,1,2,1,1.0,1,20143,M,0.0,0.0,202
201200009347,12,8,16,1500,1,1,1,1.0,3,20009,M,0.0,0.0,202
201200009348,12,9,29,115,3,1,1,1.0,1,20009,M,0.0,0.0,202
201200009349,12,11,10,1730,5,1,1,2.0,1,20009,M,0.0,0.0,202
201200009350,12,12,6,2200,3,1,1,1.0,7,20009,M,0.0,0.0,202
201200009351,12,3,22,845,1,1,1,1.0,6,20087,M,0.0,0.0,202
201200009352,12,8,22,1600,1,1,1,1.0,6,20303,M,0.0,0.0,202
201200009353,12,3,12,1445,1,1,1,1.0,1,20318,M,0.0,0.0,202
201200009354,12,4,21,2230,5,2,1,1.0,7,20319,M,0.0,0.0,202
201200009355,12,5,8,2130,5,2,1,1.0,5,20346,M,0.0,0.0,202
201200009356,12,6,12,1700,1,2,1,1.0,4,20346,M,0.0,0.0,202
201200009357,12,7,1,1100,1,1,9,1.0,1,20242,M,4239900.0,953200.0,202
201200009358,12,7,8,1800,1,2,9,1.0,3,20346,M,4250400.0,946600.0,202
201200009359,12,8,16,630,2,2,1,1.0,6,20207,M,4244900.0,951400.0,202
201200009360,12,8,18,845,1,2,1,7.0,7,20207,M,4245600.0,950700.0,202
201200009361,12,9,13,2315,4,1,1,6.0,3,20318,M,4243700.0,952400.0,202
201200009362,12,9,26,730,1,1,1,1.0,1,20346,M,4250200.0,946900.0,202
201200009363,12,10,21,1000,1,1,9,1.0,6,20343,M,0.0,0.0,202
201200009364,12,11,9,2300,3,1,1,8.0,7,20195,M,4245600.0,936000.0,202
201200009365,12,11,12,1830,5,1,1,2.0,5,20166,M,4252200.0,944200.0,202
201200009366,12,1,18,740,1,2,1,1.0,6,05023,M,4489723.0,663436.0,05
201200009367,12,1,22,1100,1,2,1,1.0,1,05023,M,4490230.0,663158.0,05
201200009368,12,2,24,1610,1,2,1,1.0,4,05023,M,4489119.0,662909.0,05
201200009369,12,3,3,1011,1,2,1,1.0,6,05023,M,4489564.0,663901.0,05
201200009370,12,3,18,1500,1,1,1,2.0,3,05023,M,4490480.0,665573.0,05
201200009371,12,3,23,1320,1,2,3,1.0,2,05023,M,4490408.0,662809.0,05
201200009372,12,3,23,300,5,2,1,1.0,6,05023,M,4491130.0,662422.0,05
201200009373,12,5,24,735,1,2,3,7.0,3,05023,M,4488363.0,662704.0,05
201200009374,12,6,5,1715,1,2,1,1.0,6,05023,M,4489564.0,663291.0,05
201200009375,12,6,8,1425,1,2,1,8.0,6,05023,M,4488940.0,663355.0,05
201200009376,12,6,9,255,5,2,1,1.0,6,05023,M,4489437.0,663442.0,05
201200009377,12,6,10,1730,1,2,1,2.0,1,05023,M,4490339.0,663642.0,05
201200009378,12,6,13,615,1,1,1,1.0,6,05023,M,4490277.0,665043.0,05
201200009379,12,6,22,1640,1,2,1,1.0,3,05023,M,4490354.0,662873.0,05
201200009380,12,7,25,1310,1,2,1,1.0,6,05023,M,4489849.0,663257.0,05
201200009381,12,7,29,1900,1,2,1,1.0,6,05023,M,4488596.0,663425.0,05
201200009382,12,8,13,2215,5,2,1,1.0,6,05023,M,4489333.0,662829.0,05
201200009383,12,8,16,1200,1,2,1,1.0,5,05023,M,4489540.0,662970.0,05
201200009384,12,8,24,905,1,2,3,1.0,3,05023,M,4490333.0,663034.0,05
201200009385,12,9,6,1545,1,2,1,1.0,7,05023,M,4489618.0,663305.0,05
201200009386,12,10,5,1550,1,2,1,1.0,6,05023,M,4490023.0,663954.0,05
201200009387,12,10,12,1705,1,2,1,1.0,3,05023,M,4490306.0,664806.0,05
201200009388,12,10,23,1335,1,1,1,1.0,6,05023,M,4488370.0,662249.0,05
201200009389,12,10,28,2045,5,2,4,1.0,3,05023,M,4491567.0,662332.0,05
201200009390,12,10,29,830,1,2,2,1.0,1,05023,M,4490561.0,662943.0,05
201200009391,12,12,20,1950,5,2,2,4.0,3,05023,M,4489477.0,663011.0,05
201200009392,12,1,13,1250,1,2,1,1.0,6,05061,M,4456052.0,607738.0,05
201200009393,12,1,25,2140,5,2,1,1.0,3,05061,M,4456076.0,607807.0,05
201200009394,12,2,13,2105,5,2,2,1.0,3,05061,M,4456000.0,607570.0,05
201200009395,12,3,18,1440,1,2,1,2.0,1,05061,M,4455769.0,607164.0,05
201200009396,12,4,16,1245,1,2,1,1.0,6,05061,M,4455770.0,607770.0,05
201200009397,12,5,7,2155,3,1,1,1.0,6,05061,M,4460817.0,608062.0,05
201200009398,12,6,20,1650,1,1,1,1.0,4,05061,M,4455750.0,605573.0,05
201200009399,12,7,5,1650,1,2,1,1.0,3,05061,M,4456658.0,608982.0,05
201200009400,12,8,9,2145,5,2,1,1.0,6,05061,M,4456199.0,608285.0,05
201200009401,12,8,25,312,5,2,3,1.0,3,05061,M,4455921.0,607969.0,05
201200009402,12,8,25,1400,1,2,1,1.0,6,05061,M,4454994.0,606859.0,05
201200009403,12,9,11,1350,1,2,3,1.0,3,05061,M,4456292.0,608619.0,05
201200009404,12,9,22,2121,5,2,1,1.0,6,05061,M,4455954.0,607565.0,05
201200009405,12,10,14,640,2,2,2,1.0,3,05061,M,4456649.0,608171.0,05
201200009406,12,5,9,1100,1,1,1,1.0,6,78531,M,4898500.0,160600.0,78
201200009407,12,5,17,1900,1,1,1,1.0,7,78531,M,4901000.0,161900.0,78
201200009408,12,9,29,2045,3,2,1,1.0,3,78531,M,4900800.0,162200.0,78
201200009409,12,12,22,1545,1,1,1,2.0,7,78082,M,4897600.0,157200.0,78
201200009410,12,4,7,1745,1,1,1,1.0,5,78320,M,0.0,0.0,78
201200009411,12,4,27,1445,1,1,1,1.0,3,78668,M,0.0,0.0,78
201200009412,12,6,14,1815,1,1,1,1.0,6,78410,M,0.0,0.0,78
201200009413,12,8,17,1745,1,1,3,1.0,3,78410,M,4906037.0,167737.0,78
201200009414,12,11,22,1500,1,1,1,7.0,1,78057,M,0.0,0.0,78
201200009415,12,10,21,1545,3,1,1,1.0,1,78335,M,4901900.0,167600.0,78
201200009416,12,2,16,2000,5,1,1,2.0,1,78206,M,0.0,0.0,78
201200009417,12,4,28,1245,1,1,3,2.0,3,78090,M,4896975.0,190631.0,78
201200009418,12,9,20,1700,1,2,6,1.0,2,78206,M,0.0,0.0,78
201200009419,12,12,15,1345,1,1,6,1.0,6,78206,M,0.0,0.0,78
201200009420,12,1,16,1730,1,1,1,8.0,6,78171,M,4873338.0,164135.0,78
201200009421,12,2,8,1300,1,2,3,1.0,6,78263,M,4877303.0,167381.0,78
201200009422,12,3,8,730,1,1,1,1.0,6,78194,M,4876703.0,160539.0,78
201200009423,12,5,13,413,3,1,1,1.0,6,78283,M,4871510.0,161941.0,78
201200009424,12,6,21,1000,1,1,1,1.0,2,78048,M,4879800.0,164200.0,78
201200009425,12,6,23,815,1,2,1,1.0,6,78310,M,4878698.0,160408.0,78
201200009426,12,11,4,1730,2,1,1,1.0,7,78263,M,4877700.0,167400.0,78
201200009427,12,3,28,2330,5,2,6,1.0,7,78033,M,4892902.0,184482.0,78
201200009428,12,10,18,1715,1,2,1,2.0,6,78380,M,4891000.0,187200.0,78
201200009429,12,10,21,1130,1,2,2,8.0,6,78451,M,4894515.0,183564.0,78
201200009430,12,6,4,1430,1,2,1,1.0,1,78020,M,0.0,0.0,78
201200009431,12,1,1,1045,1,2,1,1.0,6,78497,M,0.0,0.0,78
201200009432,12,1,7,1045,1,1,1,1.0,1,78516,M,0.0,0.0,78
201200009433,12,1,17,915,1,1,1,1.0,7,78464,M,4858181.0,180491.0,78
201200009434,12,6,16,1845,1,1,1,1.0,7,78464,M,0.0,0.0,78
201200009435,12,8,18,1045,1,1,3,1.0,2,78077,M,4867389.0,164786.0,78
201200009436,12,12,21,2145,3,1,1,1.0,6,78030,M,0.0,0.0,78
201200009437,12,2,13,1700,2,1,2,2.0,1,78003,M,4850939.0,183168.0,78
201200009438,12,3,24,1115,1,1,2,1.0,3,78506,M,4848905.0,180372.0,78
201200009439,12,4,22,1515,1,2,7,2.0,3,78071,M,4849342.0,187172.0,78
201200009440,12,6,1,45,3,1,6,1.0,6,78009,M,0.0,0.0,78
201200009441,12,8,4,2030,2,1,1,2.0,1,78472,M,0.0,0.0,78
201200009442,12,12,28,830,2,1,6,8.0,2,78506,M,0.0,0.0,78
201200009443,12,1,24,900,1,2,1,1.0,1,78590,M,,,78
201200009444,12,4,10,1845,1,2,1,1.0,6,78160,M,0.0,0.0,78
201200009445,12,6,2,1500,1,2,1,1.0,1,78548,M,0.0,0.0,78
201200009446,12,6,17,1100,1,2,4,1.0,1,78193,M,,,78
201200009447,12,8,15,1045,1,1,1,1.0,7,78162,M,0.0,0.0,78
201200009448,12,1,23,630,5,2,1,1.0,2,78389,M,4878837.0,181274.0,78
201200009449,12,4,19,1000,1,1,1,1.0,7,78576,M,0.0,0.0,78
201200009450,12,5,11,715,1,1,1,1.0,1,78366,M,0.0,0.0,78
201200009451,12,6,23,2055,2,2,1,1.0,6,78398,M,,,78
201200009452,12,9,9,1745,1,2,1,1.0,7,78398,M,4876100.0,183700.0,78
201200009453,12,9,30,1600,1,1,1,1.0,6,78389,M,4880600.0,181500.0,78
201200009454,12,10,15,1715,1,1,1,1.0,1,78420,M,0.0,0.0,78
201200009455,12,2,23,100,5,2,3,1.0,6,78623,M,4877859.0,188495.0,78
201200009456,12,5,14,1845,1,1,1,1.0,2,78683,M,0.0,0.0,78
201200009457,12,8,6,2245,3,2,1,8.0,6,78321,M,0.0,0.0,78
201200009458,12,9,25,1815,1,2,9,1.0,3,78623,M,0.0,0.0,78
201200009459,12,9,29,1715,1,2,6,1.0,1,78062,M,4885571.0,190526.0,78
201200009460,12,10,17,2030,5,2,1,2.0,3,78321,M,0.0,0.0,78
201200009461,12,11,24,1615,1,2,1,9.0,4,78550,M,0.0,0.0,78
201200009462,12,11,29,2230,5,1,1,9.0,6,78062,M,4885088.0,189350.0,78
201200009463,12,1,13,720,2,1,1,1.0,1,78084,M,0.0,0.0,78
201200009464,12,3,16,700,2,1,1,5.0,5,78616,M,0.0,0.0,78
201200009465,12,4,18,1800,1,2,1,2.0,1,78262,M,4879452.0,179668.0,78
201200009466,12,10,2,1745,1,2,3,1.0,3,78616,M,0.0,0.0,78
201200009467,12,4,8,200,3,1,1,1.0,6,78087,M,0.0,0.0,78
201200009468,12,5,8,1615,1,1,2,1.0,3,78349,M,4856775.0,198749.0,78
201200009469,12,6,9,1945,1,1,1,8.0,6,78601,M,0.0,0.0,78
201200009470,12,7,24,1115,1,2,1,1.0,7,78120,M,4863637.0,200088.0,78
201200009471,12,7,30,700,1,1,1,1.0,1,78087,M,0.0,0.0,78
201200009472,12,8,18,1615,1,1,1,1.0,7,78125,M,0.0,0.0,78
201200009473,12,8,18,1700,1,1,1,1.0,6,78601,M,0.0,0.0,78
201200009474,12,10,10,1315,1,1,1,8.0,2,78349,M,0.0,0.0,78
201200009475,12,10,22,1930,3,1,1,9.0,6,78537,M,0.0,0.0,78
201200009476,12,4,26,1045,1,2,1,8.0,7,91235,M,4864400.0,236900.0,91
201200009477,12,4,29,1900,1,2,1,1.0,3,91235,M,4863600.0,235800.0,91
201200009478,12,5,19,1200,1,2,3,1.0,3,91235,M,0.0,0.0,91
201200009479,12,7,5,1030,1,1,1,1.0,4,91659,M,0.0,0.0,91
201200009480,12,8,2,1345,1,2,1,1.0,1,91659,M,0.0,0.0,91
201200009481,12,9,8,1130,1,1,1,1.0,3,91179,M,0.0,0.0,91
201200009482,12,7,3,1745,1,1,1,1.0,3,91599,M,0.0,0.0,91
201200009483,12,8,12,1145,1,2,1,1.0,1,91195,M,0.0,0.0,91
201200009484,12,9,13,1715,1,1,1,1.0,1,91359,M,4839000.0,235400.0,91
201200009485,12,9,20,1915,1,1,1,1.0,6,91599,M,0.0,0.0,91
201200009486,12,9,29,1900,1,1,2,1.0,3,91195,M,0.0,0.0,91
201200009487,12,11,24,1845,3,1,1,1.0,3,91405,M,0.0,0.0,91
201200009488,12,1,28,1030,1,1,1,2.0,1,91284,M,4851700.0,202100.0,91
201200009489,12,1,31,800,2,2,1,1.0,1,91284,M,4850900.0,202199.0,91
201200009490,12,3,8,1015,1,1,1,1.0,1,91175,M,4851300.0,198000.0,91
201200009491,12,5,26,1515,1,2,9,1.0,3,91200,M,4853100.0,202999.0,91
201200009492,12,9,1,2345,3,1,1,1.0,7,91145,M,0.0,0.0,91
201200009493,12,10,31,2045,5,1,1,1.0,6,91556,M,4844200.0,215700.0,91
201200009494,12,12,2,1630,2,1,1,1.0,3,91200,M,0.0,0.0,91
201200009495,12,4,7,1730,1,2,1,8.0,2,91639,M,4844300.0,235500.0,91
201200009496,12,5,31,1115,1,1,1,1.0,1,91639,M,0.0,0.0,91
201200009497,12,9,16,130,3,1,1,1.0,6,91047,M,0.0,0.0,91
201200009498,12,10,6,1800,3,2,1,2.0,2,91099,M,0.0,0.0,91
201200009499,12,10,15,2145,5,2,1,1.0,6,91129,M,4848500.0,233700.0,91
201200009500,12,11,21,2015,3,2,1,1.0,1,91099,M,0.0,0.0,91
201200009501,12,12,20,1715,5,2,1,8.0,6,91129,M,4848700.0,233000.0,91
201200009502,12,3,22,1730,1,2,1,1.0,6,91079,M,0.0,0.0,91
201200009503,12,7,9,1915,1,1,1,1.0,7,91390,M,0.0,0.0,91
201200009504,12,9,1,1115,1,1,1,1.0,3,91399,M,4834900.0,227700.0,91
201200009505,12,9,7,815,1,1,1,1.0,7,91022,M,4833400.0,215100.0,91
201200009506,12,10,13,715,3,1,1,1.0,4,91079,M,4837900.0,216600.0,91
201200009507,12,10,28,15,5,2,1,1.0,7,91016,M,0.0,0.0,91
201200009508,12,11,10,2245,3,1,1,5.0,7,91001,M,0.0,0.0,91
201200009509,12,12,5,1230,1,1,1,1.0,3,91533,M,0.0,0.0,91
201200009510,12,5,6,2245,3,1,1,1.0,6,91630,M,0.0,0.0,91
201200009511,12,5,31,1030,1,1,1,1.0,1,91546,M,0.0,0.0,91
201200009512,12,6,17,30,3,1,1,1.0,5,91630,M,0.0,0.0,91
201200009513,12,8,12,1515,1,2,6,1.0,7,91593,M,0.0,0.0,91
201200009514,12,8,23,1645,1,2,4,1.0,3,91106,M,0.0,0.0,91
201200009515,12,8,31,1100,1,1,1,1.0,7,91546,M,0.0,0.0,91
201200009516,12,9,1,1330,1,2,3,1.0,6,91540,M,0.0,0.0,91
201200009517,12,12,7,1600,1,2,1,2.0,6,91017,M,0.0,0.0,91
201200009518,12,1,23,800,2,2,1,1.0,6,91661,M,0.0,0.0,91
201200009519,12,2,12,1745,1,1,1,8.0,2,91207,M,4858400.0,222400.0,91
201200009520,12,3,28,1800,1,2,1,1.0,1,91461,M,4859800.0,222500.0,91
201200009521,12,5,13,1545,1,1,1,1.0,2,91041,M,0.0,0.0,91
201200009522,12,6,25,1945,1,1,1,1.0,3,91041,M,0.0,0.0,91
201200009523,12,7,26,1945,1,1,1,1.0,2,91156,M,4854600.0,228400.0,91
201200009524,12,8,30,1330,1,1,6,1.0,2,91207,M,0.0,0.0,91
201200009525,12,9,26,1445,1,1,1,1.0,5,91041,M,0.0,0.0,91
201200009526,12,10,4,730,5,2,1,3.0,6,91207,M,4859000.0,224300.0,91
201200009527,12,10,26,1445,1,2,1,1.0,1,91461,M,4860000.0,222700.0,91
201200009528,12,10,27,800,2,1,1,1.0,1,91461,M,0.0,0.0,91
201200009529,12,11,3,1230,1,1,1,8.0,1,91461,M,0.0,0.0,91
201200009530,12,1,5,930,1,1,6,2.0,2,91579,M,4854500.0,235300.0,91
201200009531,12,4,2,930,1,2,1,1.0,1,91579,M,4854400.0,232000.0,91
201200009532,12,4,16,2200,3,2,1,1.0,6,91376,M,0.0,0.0,91
201200009533,12,5,28,1930,1,1,1,2.0,6,91494,M,4862000.0,235300.0,91
201200009534,12,7,22,1430,1,1,1,1.0,6,91579,M,4854000.0,231400.0,91
201200009535,12,9,14,845,1,1,6,8.0,3,91494,M,4862100.0,235200.0,91
201200009536,12,9,21,1715,1,2,1,2.0,4,91376,M,4856900.0,229200.0,91
201200009537,12,11,14,1815,3,1,1,1.0,6,91579,M,0.0,0.0,91
201200009538,12,1,4,815,2,2,2,1.0,6,91338,M,0.0,0.0,91
201200009539,12,1,24,815,2,1,1,9.0,1,91186,M,0.0,0.0,91
201200009540,12,2,13,1400,1,1,1,1.0,7,91411,M,0.0,0.0,91
201200009541,12,3,12,845,1,1,1,1.0,6,91338,M,0.0,0.0,91
201200009542,12,4,6,2130,3,1,1,1.0,1,91111,M,0.0,0.0,91
201200009543,12,4,26,1045,1,2,1,1.0,6,91338,M,0.0,0.0,91
201200009544,12,6,16,2315,5,2,1,1.0,3,91249,M,0.0,0.0,91
201200009545,12,6,22,1530,1,1,6,1.0,3,91338,M,0.0,0.0,91
201200009546,12,7,1,215,5,1,1,1.0,3,91338,M,0.0,0.0,91
201200009547,12,7,3,1615,1,1,1,1.0,3,91482,M,4865100.0,204500.0,91
201200009548,12,7,7,1915,1,2,1,8.0,5,91111,M,4862500.0,211300.0,91
201200009549,12,7,21,1415,1,1,1,1.0,1,91249,M,0.0,0.0,91
201200009550,12,8,6,1200,1,1,1,1.0,2,91338,M,4863700.0,206400.0,91
201200009551,12,8,21,1900,1,1,1,1.0,1,91249,M,4863300.0,206700.0,91
201200009552,12,10,14,1500,1,1,1,3.0,6,91249,M,4862400.0,207200.0,91
201200009553,12,11,12,1615,1,1,1,1.0,6,91093,M,0.0,0.0,91
201200009554,12,11,30,2015,3,1,1,5.0,7,91338,M,4866300.0,206599.0,91
201200009555,12,12,5,1915,3,1,1,1.0,6,91243,M,4862300.0,214700.0,91
201200009556,12,12,6,1745,2,1,1,2.0,2,91249,M,0.0,0.0,91
201200009557,12,1,23,1230,1,2,1,1.0,6,91587,M,0.0,0.0,91
201200009558,12,10,20,2045,3,1,1,3.0,5,91587,M,0.0,0.0,91
201200009559,12,3,3,1130,1,1,1,1.0,3,91635,M,4873700.0,219600.0,91
201200009560,12,8,27,1700,1,1,1,1.0,5,91534,M,4873000.0,215700.0,91
201200009561,12,10,13,445,3,1,1,1.0,6,91635,M,4872900.0,219100.0,91
201200009562,12,3,22,1615,1,1,6,1.0,1,91275,M,0.0,0.0,91
201200009563,12,3,26,2145,3,1,1,1.0,3,91274,M,0.0,0.0,91
201200009564,12,3,29,2100,5,2,1,1.0,1,91272,M,0.0,0.0,91
201200009565,12,4,21,945,1,2,1,1.0,1,91272,M,0.0,0.0,91
201200009566,12,5,31,1515,1,2,1,1.0,3,91272,M,0.0,0.0,91
201200009567,12,6,16,2215,5,2,1,1.0,6,91272,M,0.0,0.0,91
201200009568,12,6,26,1045,1,1,6,3.0,6,91560,M,0.0,0.0,91
201200009569,12,7,13,1915,1,2,1,2.0,6,91272,M,0.0,0.0,91
201200009570,12,8,29,2000,1,1,1,1.0,3,91274,M,0.0,0.0,91
201200009571,12,9,20,1030,1,1,1,1.0,3,91272,M,0.0,0.0,91
201200009572,12,9,29,845,1,2,1,1.0,3,91272,M,4870800.0,211100.0,91
201200009573,12,9,25,1500,1,2,1,1.0,3,91272,M,0.0,0.0,91
201200009574,12,10,10,1445,1,1,1,1.0,2,91538,M,0.0,0.0,91
201200009575,12,10,15,1800,1,2,1,1.0,6,91272,M,0.0,0.0,91
201200009576,12,10,19,830,1,2,6,2.0,2,91272,M,0.0,0.0,91
201200009577,12,12,3,915,1,2,1,2.0,6,91272,M,0.0,0.0,91
201200009578,12,1,18,1445,1,1,1,8.0,5,95008,M,4908430.0,178510.0,95
201200009579,12,2,2,730,5,2,1,1.0,6,95355,M,4915650.0,178390.0,95
201200009580,12,3,2,1500,1,1,1,1.0,1,95008,M,4907120.0,178050.0,95
201200009581,12,6,8,1400,1,1,1,1.0,1,95355,M,4915110.0,170150.0,95
201200009582,12,7,6,1700,1,1,1,1.0,3,95462,M,4914370.0,174190.0,95
201200009583,12,7,21,1200,1,1,1,1.0,3,95523,M,4908620.0,163880.0,95
201200009584,12,8,6,15,5,2,1,1.0,7,95301,M,4908190.0,166410.0,95
201200009585,12,9,24,615,2,1,1,3.0,6,95554,M,4916780.0,175970.0,95
201200009586,12,10,15,1700,1,1,1,1.0,1,95011,M,4914640.0,168210.0,95
201200009587,12,5,18,1815,1,2,1,1.0,3,95370,M,4914670.0,297490.0,95
201200009588,12,12,6,745,3,1,1,1.0,7,95584,M,4913740.0,195630.0,95
201200009589,12,3,5,2100,5,2,1,2.0,6,95211,M,4907860.0,210960.0,95
201200009590,12,5,12,2245,5,2,1,1.0,7,95039,M,4907410.0,218560.0,95
201200009591,12,7,3,1845,1,2,1,1.0,3,95039,M,4907030.0,215840.0,95
201200009592,12,7,22,1630,1,2,1,1.0,7,95039,M,4907190.0,218170.0,95
201200009593,12,8,13,730,1,1,1,1.0,6,95039,M,4908130.0,215610.0,95
201200009594,12,11,27,800,1,1,1,8.0,3,95211,M,4907530.0,209240.0,95
201200009595,12,12,23,2130,3,1,1,1.0,7,95211,M,4907920.0,209730.0,95
201200009596,12,3,26,1315,1,1,1,1.0,1,95002,M,4907610.0,197120.0,95
201200009597,12,3,28,2200,3,1,1,1.0,7,95658,M,4907320.0,192570.0,95
201200009598,12,5,14,1800,1,1,1,1.0,7,95535,M,4905490.0,194390.0,95
201200009599,12,6,8,1200,1,2,1,8.0,1,95658,M,4908130.0,192380.0,95
201200009600,12,6,10,1845,1,1,1,3.0,3,95040,M,4910790.0,188170.0,95
201200009601,12,6,16,1630,1,1,1,1.0,4,95002,M,4907370.0,196850.0,95
201200009602,12,8,7,915,1,2,1,1.0,3,95253,M,4906310.0,186580.0,95
201200009603,12,8,11,1715,1,2,1,1.0,6,95625,M,4910720.0,197260.0,95
201200009604,12,12,19,700,2,1,1,2.0,2,95535,M,4905920.0,196310.0,95
201200009605,12,3,8,1400,1,1,1,1.0,1,95199,M,4903050.0,234710.0,95
201200009606,12,7,10,1730,1,1,1,1.0,5,95028,M,4906840.0,233910.0,95
201200009607,12,8,16,1445,1,1,1,1.0,3,95489,M,4901810.0,234930.0,95
201200009608,12,8,29,2200,3,1,1,1.0,1,95489,M,4902350.0,235530.0,95