Num_Acc,an,mois,jour,hrmn,lum,agg,int,atm,col,com,gps,lat,long,dep
201200009609,12,9,7,1430,1,2,1,1.0,1,95199,M,4903020.0,233260.0,95
201200009610,12,11,2,1230,1,2,3,3.0,3,95489,M,4900870.0,234630.0,95
201200009611,12,12,16,2200,3,1,1,2.0,6,95028,M,4906170.0,233150.0,95
201200009612,12,1,10,1815,5,2,1,1.0,6,95229,M,4903810.0,234070.0,95
201200009613,12,3,29,1200,1,2,6,1.0,6,95229,M,4903410.0,234840.0,95
201200009614,12,8,1,1600,1,2,1,1.0,3,95229,M,4903410.0,234650.0,95
201200009615,12,10,2,1600,1,2,1,1.0,6,95205,M,4901820.0,238220.0,95
201200009616,12,10,31,1630,1,1,1,1.0,1,95205,M,4902690.0,238750.0,95
201200009617,12,3,29,1945,1,2,1,1.0,3,95241,M,4905090.0,244740.0,95
201200009618,12,10,5,2015,3,1,1,1.0,6,95351,M,4903440.0,250510.0,95
201200009619,12,11,26,945,1,1,6,1.0,2,95351,M,4902910.0,248890.0,95
201200009620,12,3,29,1715,1,1,1,1.0,1,77455,M,0.0,0.0,77
201200009621,12,7,5,1030,1,1,9,1.0,3,77217,M,0.0,0.0,77
201200009622,12,7,22,2030,1,1,6,1.0,3,77253,M,0.0,0.0,77
201200009623,12,9,22,650,2,2,1,5.0,6,77127,M,,,77
201200009624,12,9,22,1915,1,1,3,1.0,3,77127,M,0.0,0.0,77
201200009625,12,10,5,2330,5,2,1,1.0,1,77217,M,0.0,0.0,77
201200009626,12,10,21,30,3,1,1,1.0,6,77127,M,0.0,0.0,77
201200009627,12,11,6,1630,1,1,1,1.0,3,77127,M,0.0,0.0,77
201200009628,12,11,23,745,1,1,1,1.0,3,77455,M,0.0,0.0,77
201200009629,12,12,24,415,5,2,1,9.0,6,77455,M,0.0,0.0,77
201200009630,12,4,1,1645,1,1,1,1.0,1,77165,M,0.0,0.0,77
201200009631,12,5,21,1745,1,2,1,8.0,6,77295,M,0.0,0.0,77
201200009632,12,7,23,1500,1,1,1,1.0,1,77266,M,0.0,0.0,77
201200009633,12,8,20,1815,1,1,1,1.0,7,77103,M,0.0,0.0,77
201200009634,12,10,8,1440,1,2,1,2.0,6,77165,M,,,77
201200009635,12,1,6,745,2,1,3,1.0,5,77145,M,0.0,0.0,77
201200009636,12,3,2,700,2,1,1,5.0,1,77145,M,0.0,0.0,77
201200009637,12,3,31,2330,3,2,1,1.0,6,77007,M,4865754.0,286494.0,77
201200009638,12,4,6,1745,1,1,1,1.0,6,77138,M,0.0,0.0,77
201200009639,12,5,21,1630,1,1,1,2.0,1,77107,M,0.0,0.0,77
201200009640,12,6,27,1630,1,1,1,1.0,2,77352,M,0.0,0.0,77
201200009641,12,7,5,1830,1,2,1,3.0,3,77493,M,4864678.0,283061.0,77
201200009642,12,7,31,230,3,1,3,5.0,6,77010,M,0.0,0.0,77
201200009643,12,10,30,1700,1,2,1,1.0,1,77222,M,0.0,0.0,77
201200009644,12,11,17,615,3,1,1,5.0,1,77192,M,0.0,0.0,77
201200009645,12,1,25,1615,1,2,1,1.0,1,77317,M,0.0,0.0,77
201200009646,12,3,14,1800,1,1,1,1.0,1,77086,M,4854000.0,288000.0,77
201200009647,12,5,31,700,2,1,2,1.0,3,77381,M,0.0,0.0,77
201200009648,12,6,30,900,1,1,1,1.0,7,77119,M,0.0,0.0,77
201200009649,12,8,25,1030,1,1,1,8.0,7,77010,M,0.0,0.0,77
201200009650,12,9,21,1745,1,2,1,2.0,2,77086,M,0.0,0.0,77
201200009651,12,10,23,1945,2,1,2,2.0,3,77428,M,0.0,0.0,77
201200009652,12,12,20,1200,1,1,1,2.0,1,77211,M,0.0,0.0,77
201200009653,12,1,3,1800,3,1,1,3.0,1,77091,M,0.0,0.0,77
201200009654,12,2,7,830,2,1,1,1.0,2,77470,M,0.0,0.0,77
201200009655,12,7,17,345,3,1,1,1.0,2,77104,M,0.0,0.0,77
201200009656,12,2,7,2215,3,1,1,4.0,7,77529,M,0.0,0.0,77
201200009657,12,2,20,1600,1,1,1,1.0,7,77142,M,,,77
201200009658,12,3,29,1545,1,1,1,1.0,5,77225,M,0.0,0.0,77
201200009659,12,5,19,545,2,1,1,2.0,7,77142,M,4886600.0,289800.0,77
201200009660,12,6,27,1215,1,1,1,1.0,6,77142,M,0.0,0.0,77
201200009661,12,7,29,1638,1,1,1,1.0,7,77142,M,,,77
201200009662,12,9,15,1115,1,1,6,1.0,1,77128,M,0.0,0.0,77
201200009663,12,9,24,635,2,1,2,2.0,6,77049,M,,,77
201200009664,12,10,12,915,1,1,3,1.0,3,77142,M,0.0,0.0,77
201200009665,12,10,13,1545,1,1,1,2.0,5,77443,M,0.0,0.0,77
201200009666,12,11,12,1145,1,1,1,1.0,6,77505,M,0.0,0.0,77
201200009667,12,11,24,1730,5,2,1,1.0,6,77142,M,0.0,0.0,77
201200009668,12,3,28,745,1,1,2,1.0,1,77406,M,0.0,0.0,77
201200009669,12,7,13,1315,1,1,1,1.0,1,77432,M,0.0,0.0,77
201200009670,12,7,23,1315,1,1,1,1.0,1,77432,M,0.0,0.0,77
201200009671,12,8,26,630,2,1,1,1.0,7,77113,M,0.0,0.0,77
201200009672,12,9,7,2030,2,1,1,1.0,7,77278,M,0.0,0.0,77
201200009673,12,11,15,1445,1,1,1,1.0,6,77385,M,0.0,0.0,77
201200009674,12,12,2,1500,1,1,1,1.0,7,77002,M,0.0,0.0,77
201200009675,12,9,3,30,5,2,2,1.0,3,77238,M,4894100.0,314700.0,77
201200009676,12,9,22,1930,2,1,3,1.0,5,77078,M,0.0,0.0,77
201200009677,12,5,9,1700,1,1,1,1.0,2,77063,M,4880300.0,298000.0,77
201200009678,12,5,14,2230,3,1,1,1.0,2,77237,M,0.0,0.0,77
201200009679,12,6,23,300,3,1,1,1.0,6,77508,M,0.0,0.0,77
201200009680,12,7,2,715,1,1,1,1.0,5,77508,M,0.0,0.0,77
201200009681,12,7,5,1000,1,2,2,1.0,1,77229,M,0.0,0.0,77
201200009682,12,7,13,1715,1,1,1,3.0,5,77510,M,0.0,0.0,77
201200009683,12,7,28,845,1,1,1,1.0,1,77508,M,0.0,0.0,77
201200009684,12,9,19,1330,1,1,2,1.0,3,77318,M,0.0,0.0,77
201200009685,12,10,21,245,3,1,1,2.0,7,77508,M,0.0,0.0,77
201200009686,12,10,23,545,5,2,1,5.0,6,77229,M,0.0,0.0,77
201200009687,12,10,29,800,2,1,1,1.0,1,77508,M,0.0,0.0,77
201200009688,12,12,5,1700,3,1,1,2.0,5,77318,M,0.0,0.0,77
201200009689,12,4,28,1115,1,1,1,1.0,3,77393,M,0.0,0.0,77
201200009690,12,6,6,1415,1,1,1,1.0,7,77031,M,0.0,0.0,77
201200009691,12,7,20,1,5,2,1,1.0,7,77031,M,0.0,0.0,77
201200009692,12,9,20,800,1,1,1,7.0,5,77277,M,0.0,0.0,77
201200009693,12,10,20,2145,3,1,1,2.0,1,77365,M,0.0,0.0,77
201200009694,12,3,9,1715,1,2,2,1.0,3,77339,M,0.0,0.0,77
201200009695,12,4,14,1700,1,1,1,1.0,1,77339,M,,,77
201200009696,12,5,3,1600,1,1,1,1.0,7,77006,M,0.0,0.0,77
201200009697,12,5,26,1545,1,1,2,1.0,3,77198,M,0.0,0.0,77
201200009698,12,6,25,1830,1,2,2,1.0,3,77088,M,0.0,0.0,77
201200009699,12,6,30,1830,1,1,1,1.0,1,77339,M,0.0,0.0,77
201200009700,12,11,9,830,1,1,1,5.0,1,77060,M,0.0,0.0,77
201200009701,12,11,10,1830,3,1,1,1.0,5,77471,M,0.0,0.0,77
201200009702,12,11,18,1045,1,1,1,2.0,7,77339,M,0.0,0.0,77
201200009703,12,11,10,2100,5,1,1,1.0,7,77099,M,4816558.0,273949.0,77
201200009704,12,12,5,1545,2,1,1,2.0,7,77045,M,0.0,0.0,77
201200009705,12,1,10,2055,3,1,1,1.0,7,77071,M,4819467.0,280789.0,77
201200009706,12,1,19,1445,1,1,1,3.0,7,77158,M,0.0,0.0,77
201200009707,12,3,6,2015,3,1,2,2.0,3,77504,M,0.0,0.0,77
201200009708,12,4,28,1900,2,1,2,8.0,4,77465,M,4830400.0,295000.0,77
201200009709,12,6,12,1130,1,2,2,1.0,6,77261,M,4824200.0,290200.0,77
201200009710,12,7,21,100,3,1,1,1.0,6,77161,M,0.0,0.0,77
201200009711,12,9,2,200,3,1,1,1.0,5,77353,M,0.0,0.0,77
201200009712,12,9,2,1245,1,1,1,1.0,3,77353,M,0.0,0.0,77
201200009713,12,9,11,700,2,1,1,1.0,3,77465,M,0.0,0.0,77
201200009714,12,11,19,600,3,1,1,5.0,3,77387,M,0.0,0.0,77
201200009715,12,1,15,1715,1,2,6,1.0,3,77153,M,0.0,0.0,77
201200009716,12,8,29,2145,3,1,1,1.0,5,77420,M,0.0,0.0,77
201200009717,12,10,8,1215,1,1,1,2.0,1,77322,M,0.0,0.0,77
201200009718,12,10,20,1300,1,2,1,2.0,1,77323,M,0.0,0.0,77
201200009719,12,11,28,2000,3,1,1,1.0,1,77323,M,0.0,0.0,77
201200009720,12,1,16,1300,1,1,9,1.0,2,77094,M,0.0,0.0,77
201200009721,12,6,10,100,5,2,3,1.0,3,77248,M,0.0,0.0,77
201200009722,12,9,7,800,1,2,1,1.0,3,77315,M,0.0,0.0,77
201200009723,12,9,11,515,3,1,1,8.0,1,77234,M,0.0,0.0,77
201200009724,12,11,26,1030,1,1,1,1.0,7,77094,M,4895300.0,275300.0,77
201200009725,12,12,4,1900,3,1,1,2.0,1,77474,M,0.0,0.0,77
201200009726,12,12,13,730,5,2,1,4.0,6,77005,M,0.0,0.0,77
201200009727,12,12,22,2300,3,1,1,2.0,3,77474,M,0.0,0.0,77
201200009728,12,12,27,745,2,2,1,1.0,6,77171,M,0.0,0.0,77
201200009729,12,2,12,1345,1,1,2,1.0,3,77235,M,4898900.0,305900.0,77
201200009730,12,8,12,45,3,1,1,1.0,1,77476,M,0.0,0.0,77
201200009731,12,9,7,930,1,2,1,1.0,6,77490,M,4903090.0,310902.0,77
201200009732,12,1,25,945,1,1,1,5.0,5,77273,M,0.0,0.0,77
201200009733,12,4,9,1900,1,1,1,2.0,5,77476,M,0.0,0.0,77
201200009734,12,8,1,815,1,1,1,1.0,5,77273,M,0.0,0.0,77
201200009735,12,8,5,1915,1,1,1,8.0,6,77515,M,0.0,0.0,77
201200009736,12,8,15,2345,3,1,1,1.0,7,77437,M,0.0,0.0,77
201200009737,12,11,30,1930,3,1,2,1.0,5,77344,M,0.0,0.0,77
201200009738,12,12,2,1915,1,1,1,1.0,5,77173,M,0.0,0.0,77
201200009739,12,12,8,1645,1,2,1,1.0,3,77430,M,4907725.0,279328.0,77
201200009740,12,12,24,1830,3,2,1,1.0,7,77173,M,0.0,0.0,77
201200009741,12,1,5,1400,1,1,1,3.0,5,77109,M,0.0,0.0,77
201200009742,12,2,3,300,3,1,1,1.0,1,77020,M,0.0,0.0,77
201200009743,12,6,19,830,1,1,1,1.0,1,77020,M,0.0,0.0,77
201200009744,12,6,22,1930,1,1,1,1.0,6,77239,M,4864552.0,312061.0,77
201200009745,12,7,5,1230,1,1,1,1.0,1,77020,M,0.0,0.0,77
201200009746,12,7,31,1645,1,1,1,1.0,2,77416,M,0.0,0.0,77
201200009747,12,9,28,345,3,1,1,1.0,1,77032,M,0.0,0.0,77
201200009748,12,12,18,2145,3,1,1,8.0,6,77530,M,0.0,0.0,77
201200009749,12,4,25,1400,1,1,2,2.0,3,77311,M,0.0,0.0,77
201200009750,12,12,2,1545,1,1,1,9.0,7,77347,M,0.0,0.0,77
201200009751,12,1,28,115,3,1,9,1.0,6,77201,M,0.0,0.0,77
201200009752,12,2,26,2330,3,1,1,1.0,6,77272,M,0.0,0.0,77
201200009753,12,6,20,1200,1,1,1,1.0,5,77147,M,0.0,0.0,77
201200009754,12,9,24,1900,2,1,1,6.0,1,77383,M,0.0,0.0,77
201200009755,12,1,17,1000,1,1,1,8.0,6,45093,M,0.0,0.0,45
201200009756,12,5,16,1145,1,2,2,1.0,3,45062,M,4798629.0,188047.0,45
201200009757,12,5,28,1530,1,1,1,7.0,5,45337,M,4802230.0,158640.0,45
201200009758,12,9,30,2130,3,1,1,1.0,6,45154,M,4800343.0,182227.0,45
201200009759,12,2,12,800,1,2,3,1.0,3,45082,M,4786241.0,222671.0,45
201200009760,12,2,15,315,3,1,1,1.0,6,45082,M,4786020.0,218394.0,45
201200009761,12,3,27,1600,1,1,1,1.0,3,45142,M,4792218.0,211811.0,45
201200009762,12,6,27,2115,2,1,1,1.0,6,45101,M,4795589.0,229348.0,45
201200009763,12,8,28,1630,1,1,1,7.0,1,45082,M,4789715.0,227856.0,45
201200009764,12,9,11,1215,1,1,1,1.0,1,45142,M,4792413.0,212497.0,45
201200009765,12,9,17,1530,1,1,1,1.0,5,45316,M,4794373.0,236262.0,45
201200009766,12,11,12,1915,3,1,1,1.0,1,45305,M,4798352.0,227715.0,45
201200009767,12,12,6,1945,5,2,3,1.0,7,45082,M,4786285.0,222455.0,45
201200009768,12,12,30,1800,3,1,1,1.0,6,45316,M,4795054.0,236189.0,45
201200009769,12,4,13,2330,5,2,1,8.0,6,45089,M,4789608.0,200361.0,45
201200009770,12,6,2,930,1,1,1,1.0,6,45126,M,4789759.0,211217.0,45
201200009771,12,6,9,1930,1,1,1,1.0,1,45072,M,4799781.0,194519.0,45
201200009772,12,11,1,145,3,1,1,1.0,6,45089,M,0.0,0.0,45
201200009773,12,2,4,130,3,1,1,1.0,6,45146,M,4773887.0,193401.0,45
201200009774,12,2,20,745,1,2,3,1.0,3,45098,M,4782589.0,176305.0,45
201200009775,12,5,3,800,1,1,1,1.0,6,45146,M,4773592.0,197182.0,45
201200009776,12,6,14,1700,1,1,1,1.0,1,45204,M,4780116.0,183159.0,45
201200009777,12,6,25,1415,1,1,1,1.0,6,45146,M,4773327.0,195717.0,45
201200009778,12,8,4,530,2,2,3,1.0,6,45146,M,4771340.0,194150.0,45
201200009779,12,8,21,800,1,1,1,1.0,3,45146,M,4774753.0,193505.0,45
201200009780,12,10,21,2000,3,1,1,8.0,6,45130,M,4780285.0,173311.0,45
201200009781,12,11,7,1615,1,1,3,7.0,1,45175,M,4775344.0,182186.0,45
201200009782,12,1,6,1700,3,1,1,1.0,6,45273,M,4789491.0,212775.0,45
201200009783,12,1,23,1845,3,1,1,1.0,1,45272,M,4779099.0,199871.0,45
201200009784,12,7,18,1115,1,2,1,7.0,3,45324,M,4779055.0,219867.0,45
201200009785,12,7,20,15,3,1,1,1.0,7,45324,M,4781669.0,221211.0,45
201200009786,12,10,8,1915,2,1,1,1.0,3,45272,M,4786299.0,194792.0,45
201200009787,12,3,27,630,3,1,2,1.0,3,45167,M,4786223.0,169978.0,45
201200009788,12,4,8,530,3,1,1,1.0,7,45167,M,0.0,0.0,45
201200009789,12,5,9,1915,1,2,1,1.0,6,45081,M,4792883.0,158218.0,45
201200009790,12,5,26,1115,1,2,1,7.0,6,45179,M,4775233.0,167079.0,45
201200009791,12,8,3,215,3,1,1,1.0,6,45264,M,4792947.0,169515.0,45
201200009792,12,12,20,1800,5,2,3,2.0,6,45028,M,4778073.0,162265.0,45
201200009793,12,9,28,1745,1,2,1,1.0,6,45289,M,4803759.0,197945.0,45
201200009794,12,10,27,230,3,2,1,1.0,7,45025,M,0.0,0.0,45
201200009795,12,12,13,1745,5,2,1,2.0,6,45095,M,0.0,0.0,45
201200009796,12,3,15,1215,1,1,1,7.0,6,45053,M,4767059.0,267861.0,45
201200009797,12,4,6,1745,1,2,2,1.0,3,45155,M,4769112.0,263899.0,45
201200009798,12,7,31,2045,2,2,1,7.0,6,45155,M,0.0,0.0,45
201200009799,12,8,25,2100,3,1,1,1.0,6,45108,M,4759381.0,249570.0,45
201200009800,12,8,27,1730,1,1,1,7.0,1,45155,M,0.0,0.0,45
201200009801,12,9,11,1700,1,2,1,2.0,3,45155,M,4770591.0,262665.0,45
201200009802,12,10,4,2030,5,2,2,2.0,6,45155,M,4768929.0,264157.0,45
201200009803,12,9,23,1430,1,1,2,1.0,3,45060,M,4773756.0,274284.0,45
201200009804,12,9,30,830,1,1,1,1.0,1,45029,M,4753323.0,276207.0,45
201200009805,12,11,28,1630,1,2,1,8.0,1,45053,M,0.0,0.0,45
201200009806,12,12,17,1545,1,1,1,1.0,6,45053,M,0.0,0.0,45
201200009807,12,3,14,1345,1,1,2,1.0,3,45039,M,4779974.0,241755.0,45
201200009808,12,3,27,1130,1,1,3,1.0,3,45297,M,4777567.0,238579.0,45
201200009809,12,5,7,2000,1,1,1,1.0,6,45063,M,4763643.0,242176.0,45
201200009810,12,6,5,2115,2,1,1,2.0,6,45297,M,4777349.0,235417.0,45
201200009811,12,8,1,15,3,2,1,1.0,7,45270,M,4780476.0,231280.0,45
201200009812,12,8,14,1700,1,1,1,1.0,6,45244,M,4776914.0,244151.0,45
201200009813,12,8,19,1715,1,1,2,1.0,3,45164,M,4778774.0,228455.0,45
201200009814,12,10,11,1715,1,2,3,1.0,3,45039,M,4780226.0,239258.0,45
201200009815,12,11,14,745,1,2,2,1.0,3,45297,M,4778082.0,237464.0,45
201200009816,12,12,5,1145,1,1,2,1.0,3,45270,M,4779532.0,232099.0,45
201200009817,12,7,8,1230,1,1,3,1.0,1,45281,M,4804001.0,303470.0,45
201200009818,12,8,2,830,1,1,1,1.0,2,45211,M,0.0,0.0,45
201200009819,12,1,22,845,1,1,1,2.0,6,45210,M,4783655.0,281166.0,45
201200009820,12,4,13,1315,1,1,1,1.0,7,45321,M,4791390.0,258322.0,45
201200009821,12,5,2,130,4,2,1,1.0,6,45312,M,4790579.0,274176.0,45
201200009822,12,6,16,1900,1,2,1,1.0,6,45278,M,4781629.0,284037.0,45
201200009823,12,6,23,15,4,2,1,1.0,6,45077,M,4787037.0,286036.0,45
201200009824,12,7,21,1530,1,2,1,1.0,6,45210,M,4786440.0,283287.0,45
201200009825,12,8,10,2000,2,2,2,1.0,3,45230,M,4791462.0,252306.0,45
201200009826,12,9,21,2100,2,1,1,2.0,3,45321,M,4791404.0,258359.0,45
201200009827,12,10,3,1920,1,1,1,2.0,5,45230,M,4790283.0,253457.0,45
201200009828,12,10,9,130,3,1,1,2.0,6,45002,M,4780013.0,292270.0,45
201200009829,12,2,9,1930,3,1,1,1.0,3,45104,M,0.0,0.0,45
201200009830,12,3,5,2030,5,2,1,1.0,6,45247,M,4799902.0,270529.0,45
201200009831,12,9,7,2045,2,2,1,1.0,6,45092,M,4797678.0,264948.0,45
201200009832,12,9,27,2100,5,2,1,1.0,6,45092,M,4798122.0,264895.0,45
201200009833,12,10,30,715,2,1,1,1.0,1,45205,M,4803265.0,247032.0,45
201200009834,12,11,20,1800,3,1,1,1.0,7,45027,M,0.0,0.0,45
201200009835,12,11,20,730,2,2,1,5.0,6,45145,M,0.0,0.0,45
201200009836,12,3,25,1245,1,2,1,1.0,6,45119,M,4815780.0,227443.0,45
201200009837,12,6,6,915,1,2,1,1.0,3,45191,M,4828639.0,239828.0,45
201200009838,12,11,10,1730,2,1,1,1.0,7,45065,M,4827763.0,230466.0,45
201200009839,12,5,26,1700,1,1,1,1.0,7,45228,M,4800301.0,230887.0,45
201200009840,12,7,18,1200,1,1,1,1.0,3,45021,M,0.0,0.0,45
201200009841,12,9,5,2200,5,2,2,1.0,3,45258,M,4820309.0,246341.0,45
201200009842,12,9,29,2130,5,2,1,1.0,1,45258,M,0.0,0.0,45
201200009843,12,11,19,1745,5,2,1,1.0,3,45132,M,4810342.0,243747.0,45
201200009844,12,3,12,2030,3,1,1,1.0,6,18049,M,4716720.0,298524.0,18
201200009845,12,3,31,1145,1,1,2,1.0,3,18027,M,4701630.0,271128.0,18
201200009846,12,5,9,1545,1,2,2,1.0,3,18158,M,4710190.0,252519.0,18
201200009847,12,9,20,2000,3,1,1,1.0,7,18075,M,4701240.0,305230.0,18
201200009848,12,11,9,1600,1,2,1,1.0,3,18118,M,4704350.0,297954.0,18
201200009849,12,3,31,345,3,1,1,1.0,7,18272,M,4725770.0,269325.0,18
201200009850,12,4,1,1830,1,2,1,1.0,6,18276,M,4676610.0,271169.0,18
201200009851,12,4,9,1430,4,2,1,1.0,6,18197,M,4672810.0,251017.0,18
201200009852,12,9,10,1215,1,2,1,1.0,3,18197,M,4672620.0,250317.0,18
201200009853,12,10,2,330,3,1,1,1.0,6,18029,M,4675280.0,277957.0,18
201200009854,12,1,13,1215,1,1,1,1.0,5,18010,M,4664440.0,233440.0,18
201200009855,12,1,30,1800,5,2,1,2.0,6,18153,M,4672050.0,230994.0,18
201200009856,12,5,18,1930,2,1,1,8.0,7,18216,M,4676060.0,213222.0,18
201200009857,12,7,2,1615,1,1,1,1.0,6,18059,M,4660160.0,229670.0,18
201200009858,12,9,17,2000,3,1,2,1.0,1,18234,M,4648010.0,222759.0,18
201200009859,12,9,30,530,3,1,1,1.0,6,18083,M,4652600.0,238300.0,18
201200009860,12,2,11,730,2,1,1,1.0,1,18008,M,4694490.0,234900.0,18
201200009861,12,3,8,1815,1,1,1,1.0,1,18218,M,4698440.0,252452.0,18
201200009862,12,4,13,730,1,1,2,1.0,3,18129,M,4696760.0,235256.0,18
201200009863,12,7,31,1715,1,1,1,1.0,1,18126,M,4694800.0,240066.0,18
201200009864,12,10,19,515,3,1,1,1.0,1,18289,M,4694910.0,257195.0,18
201200009865,12,2,29,2100,5,2,1,1.0,6,18015,M,4749800.0,244485.0,18
201200009866,12,5,6,200,3,1,1,2.0,6,18290,M,4728360.0,219040.0,18
201200009867,12,5,25,2300,3,1,1,1.0,6,18219,M,4723190.0,220487.0,18
201200009868,12,8,3,2230,3,1,1,1.0,7,18170,M,4748000.0,253200.0,18
201200009869,12,8,8,2115,1,1,1,1.0,6,18147,M,4748180.0,232034.0,18
201200009870,12,9,17,1,3,1,1,1.0,6,18011,M,0.0,0.0,18
201200009871,12,2,25,1345,1,1,1,1.0,2,18028,M,4713720.0,227032.0,18
201200009872,12,4,10,1630,1,2,2,2.0,3,18141,M,4713290.0,220397.0,18
201200009873,12,8,2,1830,1,2,1,1.0,2,18141,M,4714430.0,222482.0,18
201200009874,12,11,1,915,1,1,1,3.0,1,18036,M,4715740.0,215076.0,18
201200009875,12,11,27,1300,1,1,1,8.0,6,18096,M,4719150.0,213228.0,18
201200009876,12,5,19,145,3,2,1,1.0,7,18181,M,4701130.0,216231.0,18
201200009877,12,9,16,100,5,2,1,1.0,6,18207,M,4698740.0,223889.0,18
201200009878,12,5,21,1515,1,1,1,3.0,7,18271,M,4717410.0,238496.0,18
201200009879,12,5,21,1715,1,1,2,1.0,3,18235,M,4715020.0,251432.0,18
201200009880,12,6,25,1515,1,1,1,1.0,6,18156,M,4726810.0,259547.0,18
201200009881,12,8,23,1430,1,2,1,3.0,6,18271,M,4718440.0,237064.0,18
201200009882,12,9,27,930,1,1,1,8.0,2,18226,M,4715080.0,249122.0,18
201200009883,12,9,28,1700,1,1,2,1.0,3,18004,M,4722570.0,226601.0,18
201200009884,12,1,1,1245,1,1,1,2.0,2,28006,M,4843837.0,143108.0,28
201200009885,12,1,10,1400,1,1,2,8.0,3,28309,M,0.0,0.0,28
201200009886,12,2,2,1445,1,1,1,1.0,2,28122,M,0.0,0.0,28
201200009887,12,2,21,1800,1,1,2,1.0,3,28122,M,0.0,0.0,28
201200009888,12,3,14,800,1,1,1,5.0,1,28358,M,4850500.0,150400.0,28
201200009889,12,5,7,1030,1,1,2,1.0,1,28337,M,0.0,0.0,28
201200009890,12,7,11,1830,1,1,1,1.0,5,28006,M,0.0,0.0,28
201200009891,12,7,29,1600,1,1,1,1.0,6,28358,M,0.0,0.0,28
201200009892,12,10,24,1730,1,1,1,8.0,5,28380,M,0.0,0.0,28
201200009893,12,10,27,800,2,2,8,1.0,4,28006,M,4844200.0,139100.0,28
201200009894,12,11,10,2115,3,1,9,9.0,1,28068,M,0.0,0.0,28
201200009895,12,2,10,1945,3,1,2,4.0,3,28402,M,0.0,0.0,28
201200009896,12,2,17,1830,1,1,1,1.0,3,28351,M,0.0,0.0,28
201200009897,12,4,15,100,3,1,1,1.0,7,28350,M,4844700.0,132900.0,28
201200009898,12,4,20,1845,1,2,1,8.0,7,28089,M,0.0,0.0,28
201200009899,12,5,9,845,1,1,2,1.0,3,28324,M,4849500.0,124200.0,28
201200009900,12,5,30,800,1,1,2,1.0,3,28324,M,4850900.0,124200.0,28
201200009901,12,7,16,145,3,1,1,1.0,6,28386,M,0.0,0.0,28
201200009902,12,7,27,1330,1,1,2,1.0,3,28393,M,0.0,0.0,28
201200009903,12,9,12,545,3,1,1,1.0,1,28350,M,4845700.0,128600.0,28
201200009904,12,9,14,1800,1,2,3,1.0,3,28393,M,4857000.0,133400.0,28
201200009905,12,12,19,1445,3,1,1,1.0,3,28116,M,4845600.0,126300.0,28
201200009906,12,5,24,2045,2,1,2,1.0,3,28021,M,4837800.0,134100.0,28
201200009907,12,5,26,1900,1,1,1,1.0,7,28222,M,4829400.0,138000.0,28
201200009908,12,6,14,1830,1,1,1,1.0,3,28041,M,4832500.0,127900.0,28
201200009909,12,6,20,1745,1,1,1,1.0,7,28222,M,0.0,0.0,28
201200009910,12,9,16,1915,1,1,1,1.0,7,28424,M,0.0,0.0,28
201200009911,12,1,27,1415,1,1,1,1.0,7,28137,M,4856000.0,174100.0,28
201200009912,12,2,19,1530,1,2,1,1.0,4,28227,M,0.0,0.0,28
201200009913,12,3,31,1330,1,1,2,8.0,3,28344,M,4843600.0,174500.0,28
201200009914,12,4,18,1100,1,1,1,2.0,6,28023,M,0.0,0.0,28
201200009915,12,4,19,615,1,1,1,1.0,6,28357,M,0.0,0.0,28
201200009916,12,5,4,2200,5,2,1,8.0,6,28227,M,4859800.0,158800.0,28
201200009917,12,5,21,1215,1,2,1,3.0,6,28042,M,4852400.0,174900.0,28
201200009918,12,6,13,800,1,1,1,8.0,7,28137,M,4852300.0,172200.0,28
201200009919,12,6,29,815,1,1,1,3.0,1,28288,M,4837900.0,193700.0,28
201200009920,12,9,17,1530,1,2,1,1.0,6,28298,M,0.0,0.0,28
201200009921,12,10,12,2030,3,1,1,2.0,6,28023,M,0.0,0.0,28
201200009922,12,10,28,1445,1,2,9,1.0,6,28168,M,0.0,0.0,28
201200009923,12,12,1,1715,2,1,2,1.0,3,28160,M,4840900.0,166100.0,28
201200009924,12,4,8,545,3,1,1,1.0,7,28025,M,0.0,0.0,28
201200009925,12,4,8,830,1,1,1,1.0,6,28391,M,0.0,0.0,28
201200009926,12,4,24,1530,1,2,1,1.0,6,28422,M,0.0,0.0,28
201200009927,12,6,25,2230,2,1,1,2.0,1,28047,M,0.0,0.0,28
201200009928,12,7,2,1200,1,1,2,1.0,3,28304,M,0.0,0.0,28
201200009929,12,8,11,630,1,1,1,1.0,7,28049,M,0.0,0.0,28
201200009930,12,8,28,1200,1,1,1,1.0,6,28367,M,0.0,0.0,28
201200009931,12,9,19,1130,1,1,6,1.0,7,28391,M,0.0,0.0,28
201200009932,12,10,2,1515,1,1,1,1.0,1,28391,M,0.0,0.0,28
201200009933,12,9,24,1945,3,1,1,3.0,7,28320,M,0.0,0.0,28
201200009934,12,10,22,1500,1,1,1,1.0,1,28183,M,0.0,0.0,28
201200009935,12,11,1,1615,1,1,1,1.0,1,28183,M,0.0,0.0,28
201200009936,12,11,9,1800,3,1,2,2.0,3,28258,M,0.0,0.0,28
201200009937,12,11,19,415,3,1,1,5.0,6,28304,M,0.0,0.0,28
201200009938,12,11,29,800,1,1,1,1.0,7,28183,M,0.0,0.0,28
201200009939,12,12,4,600,3,1,1,2.0,6,28049,M,0.0,0.0,28
201200009940,12,12,11,2315,3,1,1,9.0,1,28391,M,0.0,0.0,28
201200009941,12,3,8,1645,1,1,1,7.0,1,28088,M,0.0,0.0,28
201200009942,12,3,27,1715,1,2,1,1.0,3,28088,M,4807900.0,133900.0,28