Num_Acc,an,mois,jour,hrmn,lum,agg,int,atm,col,com,gps,lat,long,dep
201200009943,12,4,10,1245,1,1,2,3.0,1,28295,M,4802200.0,143900.0,28
201200009944,12,7,11,2000,1,2,2,8.0,1,28133,M,0.0,0.0,28
201200009945,12,8,13,1530,1,1,1,1.0,1,28410,M,4805200.0,146100.0,28
201200009946,12,9,24,800,2,2,1,2.0,3,28233,M,0.0,0.0,28
201200009947,12,9,24,745,2,1,1,2.0,1,28083,M,0.0,0.0,28
201200009948,12,10,4,1330,1,1,1,1.0,6,28115,M,0.0,0.0,28
201200009949,12,11,15,745,2,2,1,1.0,6,28088,M,0.0,0.0,28
201200009950,12,12,22,1815,3,1,1,2.0,1,28103,M,4798600.0,124100.0,28
201200009951,12,1,14,1545,1,2,1,7.0,6,28051,M,4818700.0,138600.0,28
201200009952,12,1,30,700,5,1,1,1.0,6,28057,M,0.0,0.0,28
201200009953,12,5,3,1345,1,1,1,1.0,3,28259,M,0.0,0.0,28
201200009954,12,6,20,1530,1,2,1,1.0,6,28305,M,0.0,0.0,28
201200009955,12,6,30,1945,1,1,1,1.0,7,28287,M,0.0,0.0,28
201200009956,12,7,12,1800,1,1,1,3.0,7,28303,M,0.0,0.0,28
201200009957,12,8,5,1245,1,1,2,1.0,3,28153,M,0.0,0.0,28
201200009958,12,8,18,1545,1,1,1,1.0,7,28287,M,0.0,0.0,28
201200009959,12,9,10,1845,1,2,1,1.0,1,28353,M,4816613.0,142525.0,28
201200009960,12,9,27,700,2,2,1,1.0,6,28303,M,0.0,0.0,28
201200009961,12,10,11,2145,3,1,1,1.0,5,28259,M,0.0,0.0,28
201200009962,12,7,3,845,1,2,1,1.0,2,28061,M,0.0,0.0,28
201200009963,12,3,2,1900,3,1,1,1.0,1,28369,M,0.0,0.0,28
201200009964,12,6,8,1230,1,1,1,1.0,7,28082,M,0.0,0.0,28
201200009965,12,7,11,2130,1,1,1,1.0,1,28405,M,0.0,0.0,28
201200009966,12,7,21,1730,1,1,3,1.0,3,28348,M,0.0,0.0,28
201200009967,12,8,27,1800,1,2,1,1.0,6,28394,M,4868000.0,132900.0,28
201200009968,12,8,27,1100,1,1,1,7.0,3,28405,M,4874700.0,129200.0,28
201200009969,12,9,21,1400,1,1,2,3.0,3,28143,M,0.0,0.0,28
201200009970,12,10,11,2215,5,2,1,3.0,6,28394,M,4868000.0,132600.0,28
201200009971,12,11,30,2000,5,2,1,2.0,2,28359,M,0.0,0.0,28
201200009972,12,12,7,900,1,1,1,4.0,1,28251,M,4872700.0,145400.0,28
201200009973,12,12,9,2015,5,2,1,1.0,6,28082,M,4870100.0,143900.0,28
201200009974,12,1,10,800,3,1,1,1.0,2,28377,M,0.0,0.0,28
201200009975,12,2,4,1415,1,2,1,1.0,3,28293,M,0.0,0.0,28
201200009976,12,5,18,1745,1,2,1,1.0,3,28096,M,0.0,0.0,28
201200009977,12,5,24,1700,1,2,1,1.0,3,28096,M,0.0,0.0,28
201200009978,12,5,26,1445,1,2,1,1.0,6,28377,M,0.0,0.0,28
201200009979,12,6,15,1445,1,2,2,1.0,2,28180,M,0.0,0.0,28
201200009980,12,6,27,1815,1,1,2,1.0,3,28001,M,0.0,0.0,28
201200009981,12,7,16,1800,1,2,1,1.0,1,28007,M,0.0,0.0,28
201200009982,12,7,24,1715,1,1,2,1.0,3,28001,M,0.0,0.0,28
201200009983,12,9,21,1745,1,2,1,2.0,7,28247,M,0.0,0.0,28
201200009984,12,1,15,1815,3,1,1,9.0,6,28310,M,4859300.0,96600.0,28
201200009985,12,5,24,1615,1,1,1,1.0,6,28226,M,4865500.0,118600.0,28
201200009986,12,7,1,700,2,1,1,1.0,6,28263,M,0.0,0.0,28
201200009987,12,9,1,1215,1,1,1,1.0,5,28202,M,4863200.0,90600.0,28
201200009988,12,10,12,1730,1,2,1,1.0,6,28059,M,0.0,0.0,28
201200009989,12,12,20,1745,3,1,2,2.0,3,28373,M,0.0,0.0,28
201200009990,12,4,8,1215,1,1,1,1.0,3,28279,M,0.0,0.0,28
201200009991,12,6,15,1030,1,1,2,1.0,1,28372,M,0.0,0.0,28
201200009992,12,10,12,1200,1,2,1,1.0,7,28415,M,0.0,0.0,28
201200009993,12,1,26,745,1,2,1,1.0,2,28027,M,0.0,0.0,28
201200009994,12,5,17,2030,1,1,1,1.0,1,28111,M,4823400.0,86800.0,28
201200009995,12,5,22,1730,1,1,1,1.0,5,28342,M,4829100.0,86500.0,28
201200009996,12,7,16,1145,1,1,1,1.0,6,28395,M,0.0,0.0,28
201200009997,12,7,25,1200,1,2,1,1.0,6,28280,M,0.0,0.0,28
201200009998,12,7,28,2200,5,1,1,1.0,6,28280,M,0.0,0.0,28
201200009999,12,9,25,1700,1,2,1,1.0,3,28236,M,4833400.0,83100.0,28
201200010000,12,11,27,1415,1,1,1,2.0,1,28280,M,0.0,0.0,28
201200010001,12,3,5,1015,1,1,2,8.0,3,28156,M,4850200.0,100000.0,28
201200010002,12,3,27,1430,1,1,1,1.0,1,28335,M,4846400.0,100200.0,28
201200010003,12,8,25,800,1,2,1,1.0,3,28156,M,4851900.0,101699.0,28
201200010004,12,10,22,1745,1,2,1,7.0,1,28214,M,0.0,0.0,28
201200010005,12,10,31,1745,1,1,2,1.0,3,28033,M,4881700.0,108300.0,28
201200010006,12,11,16,630,3,1,1,5.0,7,28166,M,0.0,0.0,28
201200010007,12,2,1,1515,1,1,1,4.0,1,36006,M,4672840.0,154410.0,36
201200010008,12,4,22,915,1,2,1,1.0,3,36182,M,4644230.0,138885.0,36
201200010009,12,5,11,1700,1,1,3,1.0,3,36117,M,4655660.0,155972.0,36
201200010010,12,7,1,1900,1,1,1,1.0,7,36150,M,4643800.0,151439.0,36
201200010011,12,7,1,1745,1,1,2,1.0,6,36150,M,4644430.0,148123.0,36
201200010012,12,7,3,2015,1,1,1,1.0,1,36033,M,4651660.0,150371.0,36
201200010013,12,7,26,1735,1,2,1,1.0,1,36154,M,4657610.0,153999.0,36
201200010014,12,8,16,1845,1,1,1,1.0,6,36032,M,4651720.0,157662.0,36
201200010015,12,9,3,1200,1,2,1,1.0,6,36006,M,4658440.0,152444.0,36
201200010016,12,11,24,1445,1,1,1,1.0,1,36035,M,4643350.0,130381.0,36
201200010017,12,12,10,1500,1,1,1,1.0,6,36231,M,,,36
201200010018,12,1,6,1045,1,2,1,1.0,6,36031,M,4688870.0,143443.0,36
201200010019,12,1,12,2145,3,1,1,1.0,6,36074,M,4701240.0,108691.0,36
201200010020,12,5,19,2000,1,1,1,1.0,7,36069,M,4706600.0,140000.0,36
201200010021,12,5,28,1645,1,1,1,1.0,6,36225,M,4695130.0,124124.0,36
201200010022,12,7,8,1330,1,1,1,1.0,6,36010,M,4685110.0,104221.0,36
201200010023,12,7,30,2215,3,1,1,1.0,7,36050,M,4689780.0,153426.0,36
201200010024,12,12,26,900,1,1,1,8.0,1,36232,M,0.0,0.0,36
201200010025,12,1,21,1715,1,1,1,1.0,6,36191,M,4707350.0,178389.0,36
201200010026,12,1,26,945,1,1,2,1.0,3,36077,M,4720490.0,153851.0,36
201200010027,12,2,14,1905,4,2,1,1.0,6,36230,M,4707160.0,180889.0,36
201200010028,12,3,7,230,3,1,1,5.0,6,36107,M,4721690.0,147502.0,36
201200010029,12,5,5,2100,5,2,5,1.0,3,36230,M,4707330.0,181078.0,36
201200010030,12,5,7,1515,1,1,1,1.0,2,36228,M,4716650.0,159501.0,36
201200010031,12,5,26,800,1,1,1,1.0,6,36093,M,4699970.0,159315.0,36
201200010032,12,6,10,1315,1,1,2,3.0,3,36235,M,4713940.0,149136.0,36
201200010033,12,7,15,1630,1,1,1,1.0,6,36162,M,4712220.0,166261.0,36
201200010034,12,7,15,1930,1,2,2,1.0,1,36093,M,4698110.0,160491.0,36
201200010035,12,8,11,1700,1,2,1,1.0,2,36057,M,4686780.0,171875.0,36
201200010036,12,8,31,815,1,1,2,1.0,3,36077,M,4720490.0,153851.0,36
201200010037,12,11,9,2300,3,1,1,1.0,6,36135,M,4702590.0,160761.0,36
201200010038,12,11,10,1415,1,1,1,8.0,1,36026,M,4695150.0,175764.0,36
201200010039,12,12,12,2100,3,1,1,1.0,6,36093,M,4697860.0,162593.0,36
201200010040,12,3,8,1945,3,1,1,1.0,3,36076,M,4668480.0,97385.0,36
201200010041,12,3,13,1400,1,1,1,1.0,2,36018,M,4662160.0,103260.0,36
201200010042,12,3,15,1545,1,1,1,1.0,6,36192,M,4664030.0,143916.0,36
201200010043,12,3,22,645,1,1,1,1.0,4,36053,M,4663560.0,127441.0,36
201200010044,12,3,24,1145,1,1,1,1.0,6,36105,M,4673700.0,104199.0,36
201200010045,12,3,24,1100,1,2,1,1.0,6,36192,M,4663420.0,141861.0,36
201200010046,12,5,6,1945,1,1,1,1.0,7,36224,M,4673740.0,101688.0,36
201200010047,12,5,25,1045,1,2,1,1.0,6,36018,M,4663390.0,106067.0,36
201200010048,12,7,8,945,1,1,1,2.0,7,36165,M,4669900.0,102699.0,36
201200010049,12,7,12,1155,1,1,3,1.0,3,36178,M,4662370.0,103828.0,36
201200010050,12,8,26,1145,1,1,1,1.0,1,36058,M,4659980.0,99632.0,36
201200010051,12,8,27,815,1,1,1,1.0,7,36018,M,4661040.0,105516.0,36
201200010052,12,9,5,2100,3,1,1,1.0,6,36124,M,4671340.0,133632.0,36
201200010053,12,9,12,1530,1,1,1,1.0,6,36113,M,4681880.0,105186.0,36
201200010054,12,9,17,1800,1,2,1,1.0,3,36018,M,,,36
201200010055,12,10,9,2115,3,1,1,8.0,6,36165,M,4680880.0,145312.0,36
201200010056,12,11,11,845,1,1,1,5.0,6,36165,M,4668730.0,101390.0,36
201200010057,12,11,11,2315,3,2,1,5.0,6,36018,M,4662000.0,104833.0,36
201200010058,12,7,1,1615,1,1,1,1.0,4,36180,M,4671950.0,196671.0,36
201200010059,12,7,27,1845,1,1,1,1.0,1,36143,M,4664890.0,194910.0,36
201200010060,12,9,8,2000,2,1,1,1.0,6,36221,M,4662420.0,205426.0,36
201200010061,12,1,15,1615,1,1,1,1.0,7,36207,M,4642090.0,164430.0,36
201200010062,12,2,21,2145,3,1,1,1.0,6,36005,M,4672180.0,185770.0,36
201200010063,12,2,24,1630,1,1,1,1.0,6,36009,M,4669050.0,169612.0,36
201200010064,12,3,11,1530,1,1,1,1.0,6,36129,M,4662790.0,188012.0,36
201200010065,12,4,8,2015,3,1,1,1.0,6,36071,M,4678140.0,179051.0,36
201200010066,12,4,12,2130,3,1,1,1.0,6,36089,M,4667010.0,179769.0,36
201200010067,12,4,21,530,2,1,1,2.0,7,36141,M,4651430.0,175528.0,36
201200010068,12,5,3,1830,1,2,1,1.0,3,36005,M,4674090.0,182805.0,36
201200010069,12,5,5,1240,1,1,3,1.0,2,36001,M,4644820.0,180403.0,36
201200010070,12,5,26,1145,1,1,1,1.0,1,36078,M,4656290.0,186580.0,36
201200010071,12,5,28,1430,1,2,1,1.0,6,36001,M,4643400.0,183001.0,36
201200010072,12,7,14,2355,3,1,1,1.0,3,36129,M,4666530.0,193161.0,36
201200010073,12,7,24,2030,1,1,1,1.0,1,36210,M,4658430.0,189033.0,36
201200010074,12,7,29,1015,1,1,4,1.0,3,36078,M,4657150.0,185508.0,36
201200010075,12,8,15,45,5,1,1,1.0,6,36056,M,4654960.0,175493.0,36
201200010076,12,8,21,2000,1,1,1,7.0,7,36211,M,4677400.0,186400.0,36
201200010077,12,8,23,545,3,1,1,1.0,6,36108,M,4663380.0,179590.0,36
201200010078,12,10,10,1900,3,1,1,2.0,6,36009,M,4673110.0,173164.0,36
201200010079,12,10,30,2215,3,1,1,1.0,1,36005,M,4675130.0,182136.0,36
201200010080,12,11,15,1730,3,1,1,5.0,6,36009,M,4666850.0,171021.0,36
201200010081,12,2,20,730,1,2,1,7.0,6,36088,M,4694310.0,200325.0,36
201200010082,12,3,29,1200,1,1,1,1.0,7,36021,M,4697570.0,198568.0,36
201200010083,12,4,6,2215,3,1,1,1.0,6,36152,M,4702790.0,187314.0,36
201200010084,12,5,27,1545,1,2,1,1.0,6,36128,M,4686520.0,179448.0,36
201200010085,12,6,10,1630,1,2,1,2.0,6,36128,M,4686270.0,177683.0,36
201200010086,12,8,6,1645,1,2,3,2.0,3,36088,M,4694890.0,199638.0,36
201200010087,12,1,31,1345,1,2,3,1.0,3,37003,M,0.0,0.0,37
201200010088,12,2,25,2345,3,1,1,1.0,6,37171,M,0.0,0.0,37
201200010089,12,3,11,1600,1,1,1,1.0,1,37003,M,0.0,0.0,37
201200010090,12,3,13,1745,1,2,9,1.0,4,37003,M,0.0,0.0,37
201200010091,12,4,19,1400,1,2,3,1.0,3,37163,M,0.0,0.0,37
201200010092,12,4,22,130,3,1,1,2.0,6,37003,M,0.0,0.0,37
201200010093,12,7,4,2015,1,1,1,1.0,3,37003,M,0.0,0.0,37
201200010094,12,8,31,1415,1,2,7,1.0,6,37003,M,0.0,0.0,37
201200010095,12,9,30,1630,1,2,1,1.0,3,37003,M,0.0,0.0,37
201200010096,12,10,9,600,3,1,1,2.0,3,37270,M,0.0,0.0,37
201200010097,12,10,18,945,1,1,1,2.0,7,37003,M,0.0,0.0,37
201200010098,12,10,25,845,1,2,1,1.0,6,37003,M,0.0,0.0,37
201200010099,12,3,15,745,2,1,2,5.0,3,37117,M,0.0,0.0,37
201200010100,12,5,12,1600,1,1,1,1.0,7,37146,M,0.0,0.0,37
201200010101,12,7,7,245,3,2,1,1.0,6,37062,M,0.0,0.0,37
201200010102,12,8,17,1545,1,1,1,1.0,7,37109,M,0.0,0.0,37
201200010103,12,1,10,1445,1,1,1,1.0,3,37021,M,0.0,0.0,37
201200010104,12,2,29,130,3,1,1,1.0,6,37054,M,0.0,0.0,37
201200010105,12,3,9,1530,1,2,6,1.0,1,37172,M,0.0,0.0,37
201200010106,12,5,25,1300,1,1,3,1.0,3,37152,M,0.0,0.0,37
201200010107,12,8,8,1130,1,1,2,7.0,3,37021,M,4757500.0,66600.0,37
201200010108,12,8,11,1830,1,1,1,1.0,1,37041,M,0.0,0.0,37
201200010109,12,9,16,1315,1,1,1,1.0,5,37059,M,0.0,0.0,37
201200010110,12,10,3,900,1,1,2,1.0,1,37249,M,0.0,0.0,37
201200010111,12,10,6,900,1,1,1,1.0,2,37047,M,0.0,0.0,37
201200010112,12,11,2,1200,1,1,1,8.0,3,37054,M,0.0,0.0,37
201200010113,12,11,5,1115,1,2,3,7.0,3,37172,M,0.0,0.0,37
201200010114,12,11,10,1815,3,1,1,1.0,3,37054,M,0.0,0.0,37
201200010115,12,12,7,1500,1,1,1,1.0,3,37249,M,0.0,0.0,37
201200010116,12,11,8,1100,1,1,6,1.0,7,37251,M,0.0,0.0,37
201200010117,12,6,3,1930,1,2,2,1.0,3,37155,M,0.0,0.0,37
201200010118,12,6,8,600,2,2,1,1.0,6,37169,M,0.0,0.0,37
201200010119,12,7,5,1400,1,1,1,2.0,1,37153,M,0.0,0.0,37
201200010120,12,7,30,915,1,1,1,3.0,1,37281,M,4740900.0,80700.0,37
201200010121,12,8,10,915,1,2,1,1.0,6,37063,M,0.0,0.0,37
201200010122,12,8,14,1530,1,1,1,1.0,6,37169,M,0.0,0.0,37
201200010123,12,9,9,1345,1,1,1,1.0,3,37276,M,0.0,0.0,37
201200010124,12,9,28,1900,1,2,1,1.0,6,37203,M,0.0,0.0,37
201200010125,12,10,26,1000,1,2,1,1.0,6,37153,M,0.0,0.0,37
201200010126,12,12,19,2000,3,1,1,2.0,1,37092,M,4751400.0,80300.0,37
201200010127,12,1,11,1600,1,2,2,1.0,3,37031,M,0.0,0.0,37
201200010128,12,1,27,1530,1,1,1,1.0,6,37022,M,0.0,0.0,37
201200010129,12,2,23,2145,5,1,1,1.0,6,37058,M,0.0,0.0,37
201200010130,12,4,15,1045,1,1,1,8.0,5,37031,M,0.0,0.0,37
201200010131,12,4,29,1030,1,1,1,1.0,6,37074,M,0.0,0.0,37
201200010132,12,5,4,1830,1,1,2,8.0,3,37202,M,0.0,0.0,37
201200010133,12,5,11,1300,1,1,1,1.0,1,37210,M,0.0,0.0,37
201200010134,12,6,8,2000,1,1,1,1.0,7,37024,M,0.0,0.0,37
201200010135,12,6,30,1945,1,2,7,1.0,6,37072,M,0.0,0.0,37
201200010136,12,7,3,2230,3,2,1,1.0,6,37072,M,0.0,0.0,37
201200010137,12,7,24,1800,1,1,8,1.0,1,37072,M,0.0,0.0,37
201200010138,12,8,10,1315,1,1,3,1.0,3,37011,M,0.0,0.0,37
201200010139,12,8,22,815,1,1,1,1.0,3,37074,M,0.0,0.0,37
201200010140,12,10,6,1145,1,1,2,2.0,3,37202,M,0.0,0.0,37
201200010141,12,10,13,1245,1,1,1,2.0,3,37074,M,0.0,0.0,37
201200010142,12,11,29,1045,1,2,1,1.0,6,37072,M,0.0,0.0,37
201200010143,12,3,29,1845,1,1,3,7.0,3,37067,M,0.0,0.0,37
201200010144,12,6,11,1330,1,1,1,3.0,6,37014,M,0.0,0.0,37
201200010145,12,6,28,1630,1,1,1,1.0,1,37014,M,0.0,0.0,37
201200010146,12,10,10,1730,1,2,1,1.0,1,37205,M,0.0,0.0,37
201200010147,12,12,7,1500,1,1,1,8.0,6,37014,M,0.0,0.0,37
201200010148,12,12,11,1915,3,1,1,8.0,3,37227,M,0.0,0.0,37
201200010149,12,3,24,1730,1,2,1,1.0,2,37119,M,0.0,0.0,37
201200010150,12,5,1,1745,3,1,1,1.0,6,37051,M,4704900.0,32300.0,37
201200010151,12,7,26,1730,1,2,2,1.0,3,37034,M,4700500.0,39300.0,37
201200010152,12,8,11,930,1,2,1,1.0,3,37119,M,0.0,0.0,37
201200010153,12,9,2,1415,1,1,1,1.0,7,37129,M,0.0,0.0,37
201200010154,12,9,8,515,3,2,1,1.0,1,37216,M,0.0,0.0,37
201200010155,12,9,9,1815,1,2,3,1.0,3,37004,M,0.0,0.0,37
201200010156,12,10,10,1515,1,1,2,1.0,3,37093,M,0.0,0.0,37
201200010157,12,12,28,1730,3,2,1,2.0,3,37089,M,4716800.0,31600.0,37
201200010158,12,2,5,215,3,1,1,1.0,6,37132,M,0.0,0.0,37
201200010159,12,3,11,1730,3,1,1,1.0,6,37234,M,0.0,0.0,37
201200010160,12,7,31,1630,1,2,9,1.0,5,37049,M,0.0,0.0,37
201200010161,12,12,1,1915,3,1,1,8.0,6,37111,M,0.0,0.0,37
201200010162,12,12,16,1345,1,1,1,2.0,7,37019,M,4688700.0,78100.0,37
201200010163,12,6,2,1330,1,2,1,1.0,6,37130,M,0.0,0.0,37
201200010164,12,11,13,1745,2,2,3,1.0,3,37130,M,0.0,0.0,37
201200010165,12,1,19,1845,2,1,1,2.0,1,37254,M,0.0,0.0,37
201200010166,12,2,24,1830,2,1,1,1.0,1,37085,M,0.0,0.0,37
201200010167,12,3,20,1630,1,2,1,1.0,6,37083,M,0.0,0.0,37
201200010168,12,6,10,145,3,1,1,1.0,6,37104,M,0.0,0.0,37
201200010169,12,6,12,1745,1,1,3,1.0,3,37254,M,0.0,0.0,37
201200010170,12,7,25,1815,1,1,1,1.0,3,37266,M,0.0,0.0,37
201200010171,12,8,6,1745,1,2,6,1.0,6,37083,M,0.0,0.0,37
201200010172,12,8,29,1900,1,1,2,1.0,3,37104,M,0.0,0.0,37
201200010173,12,10,6,30,3,1,1,1.0,7,37083,M,0.0,0.0,37
201200010174,12,10,27,1500,1,2,6,1.0,3,37266,M,4729500.0,73500.0,37
201200010175,12,11,4,700,3,1,1,2.0,6,37266,M,4729600.0,75100.0,37
201200010176,12,7,4,1500,1,2,1,1.0,3,41105,M,,,41
201200010177,12,8,29,1500,1,2,1,1.0,6,41243,M,,,41
201200010178,12,11,19,1015,2,2,1,1.0,6,41171,M,,,41
201200010179,12,12,21,1700,2,2,1,8.0,1,41133,M,4798660.0,147023.0,41
201200010180,12,6,14,1730,1,1,1,1.0,2,41069,M,4766090.0,143723.0,41
201200010181,12,8,12,645,2,1,1,1.0,7,41066,M,4771960.0,153926.0,41
201200010182,12,8,24,1730,1,1,1,2.0,1,41129,M,4765190.0,146339.0,41
201200010183,12,11,12,1545,1,1,1,1.0,7,41071,M,4767250.0,162817.0,41
201200010184,12,12,15,1600,1,1,1,6.0,7,41039,M,4770330.0,147185.0,41
201200010185,12,11,22,1745,3,1,1,1.0,7,41267,M,4737740.0,116756.0,41
201200010186,12,1,27,445,5,2,1,1.0,6,41230,M,4760860.0,126828.0,41
201200010187,12,2,3,830,1,1,1,1.0,3,41276,M,4763620.0,132522.0,41
201200010188,12,2,29,1200,1,1,1,1.0,7,41009,M,0.0,0.0,41
201200010189,12,5,23,1315,1,1,1,1.0,5,41009,M,0.0,0.0,41
201200010190,12,6,22,1645,1,1,1,1.0,7,41033,M,4755500.0,120631.0,41
201200010191,12,7,6,1145,1,1,1,1.0,3,41167,M,4758640.0,106422.0,41
201200010192,12,7,25,1900,1,2,1,1.0,5,41093,M,4761750.0,112585.0,41
201200010193,12,8,3,200,4,2,1,1.0,6,41276,M,,,41
201200010194,12,9,17,1015,2,1,3,1.0,5,41055,M,4752210.0,125342.0,41
201200010195,12,9,26,1800,1,2,1,8.0,6,41167,M,4750150.0,117282.0,41
201200010196,12,9,27,1845,1,2,1,7.0,6,41045,M,4748120.0,118772.0,41
201200010197,12,10,19,1045,1,2,1,2.0,6,41009,M,4768210.0,130235.0,41
201200010198,12,12,16,1245,1,2,3,1.0,3,41045,M,4748150.0,118909.0,41
201200010199,12,2,3,1430,1,2,2,1.0,3,41232,M,,,41
201200010200,12,3,2,700,2,1,1,5.0,2,41296,M,4763840.0,205408.0,41
201200010201,12,5,30,2130,2,1,1,2.0,6,41106,M,4760420.0,200464.0,41
201200010202,12,6,30,1615,1,1,1,1.0,1,41296,M,4764120.0,199621.0,41
201200010203,12,7,22,1930,1,2,1,1.0,6,41161,M,,,41
201200010204,12,7,28,245,3,1,1,1.0,1,41232,M,0.0,0.0,41
201200010205,12,8,25,245,3,1,1,1.0,6,41127,M,4757170.0,178493.0,41
201200010206,12,9,26,1045,1,1,1,1.0,6,41036,M,4759800.0,214131.0,41
201200010207,12,10,19,1530,1,2,1,1.0,6,41159,M,4761530.0,171593.0,41
201200010208,12,6,10,345,3,1,1,8.0,6,41097,M,4727200.0,166308.0,41
201200010209,12,9,15,1115,1,2,6,1.0,1,41185,M,4734610.0,172856.0,41
201200010210,12,1,23,1015,1,1,1,1.0,6,41255,M,0.0,0.0,41
201200010211,12,3,4,2030,3,1,1,1.0,6,41263,M,4774900.0,65300.0,41
201200010212,12,3,5,1645,1,1,1,1.0,5,41010,M,4786220.0,98076.0,41
201200010213,12,3,18,1830,2,1,1,3.0,7,41294,M,4781600.0,97700.0,41
201200010214,12,4,10,830,1,1,1,8.0,7,41120,M,4781800.0,86100.0,41
201200010215,12,6,10,1930,1,2,1,1.0,1,41124,M,4777650.0,99687.0,41
201200010216,12,8,6,2330,3,1,1,1.0,6,41259,M,4780780.0,98617.0,41
201200010217,12,10,13,1830,2,1,2,3.0,3,41287,M,4774090.0,103528.0,41
201200010218,12,12,19,1730,3,1,1,3.0,6,41120,M,4779860.0,93669.0,41
201200010219,12,2,21,1900,3,1,3,1.0,3,41088,M,4799400.0,112052.0,41
201200010220,12,4,12,1745,1,1,2,1.0,3,41073,M,4789650.0,98111.0,41
201200010221,12,5,12,1845,1,1,1,1.0,6,41209,M,0.0,0.0,41
201200010222,12,5,19,1930,1,1,1,1.0,3,41235,M,4790750.0,86548.0,41
201200010223,12,5,25,1000,2,1,1,1.0,6,41175,M,4789220.0,118123.0,41
201200010224,12,7,10,1900,1,2,1,1.0,6,41116,M,,,41
201200010225,12,7,13,1145,1,1,1,2.0,6,41214,M,4794100.0,121000.0,41
201200010226,12,7,27,730,1,1,1,1.0,6,41216,M,4796210.0,122091.0,41
201200010227,12,9,2,300,3,2,1,1.0,6,41209,M,4785360.0,108849.0,41
201200010228,12,10,5,1815,1,1,1,1.0,6,41116,M,4785940.0,112648.0,41
201200010229,12,1,3,1930,3,1,1,1.0,1,33214,M,0.0,0.0,33
201200010230,12,8,25,215,4,2,1,1.0,6,33901,M,0.0,0.0,33
201200010231,12,9,17,1400,1,2,1,1.0,2,33097,M,0.0,0.0,33
201200010232,12,1,27,930,1,1,1,1.0,6,29136,M,4791948.0,-349928.0,29
201200010233,12,3,23,2015,3,1,1,1.0,1,29147,M,4789716.0,-359365.0,29
201200010234,12,5,2,1630,1,2,1,1.0,3,29233,M,4788516.0,-355928.0,29
201200010235,12,5,25,2030,1,2,1,1.0,6,29005,M,4785920.0,-360619.0,29
201200010236,12,9,14,1230,1,1,1,1.0,3,29234,M,4784670.0,-350550.0,29
201200010237,12,10,7,315,3,1,1,2.0,6,29071,M,4792684.0,-343532.0,29
201200010238,12,10,25,400,3,1,1,1.0,6,29234,M,4784968.0,-350895.0,29
201200010239,12,11,30,1700,1,1,1,1.0,7,29147,M,4790741.0,-359581.0,29
201200010240,12,12,26,1130,1,1,1,8.0,7,29136,M,4790493.0,-347509.0,29
201200010241,12,1,3,1800,3,1,1,3.0,1,29153,M,4779719.0,-379624.0,29
201200010242,12,1,21,1845,5,1,1,1.0,6,29293,M,4785504.0,-385078.0,29
201200010243,12,6,17,1430,1,1,1,1.0,1,29236,M,4784538.0,-371776.0,29
201200010244,12,1,3,1130,1,1,1,3.0,6,29281,M,4803015.0,-382489.0,29
201200010245,12,6,10,915,1,1,1,1.0,7,29281,M,4803693.0,-382423.0,29
201200010246,12,8,16,1230,1,2,1,1.0,6,29004,M,4793563.0,-370029.0,29
201200010247,12,11,10,1215,1,2,1,2.0,1,29274,M,4802113.0,-370989.0,29
201200010248,12,4,8,1730,1,1,1,1.0,2,13033,M,0.0,0.0,13
201200010249,12,7,19,1300,1,2,1,1.0,1,13088,M,,,13
201200010250,12,9,8,515,1,1,1,1.0,6,13088,M,,,13
201200010251,12,1,25,1615,1,1,1,8.0,6,95352,M,4911620.0,242970.0,95
201200010252,12,4,10,1145,1,1,1,1.0,1,95352,M,4910230.0,240650.0,95
201200010253,12,6,12,2100,1,1,1,8.0,3,95682,M,4907010.0,238320.0,95
201200010254,12,2,27,2115,3,1,1,1.0,6,44020,M,0.0,0.0,44
201200010255,12,5,19,1930,1,2,1,8.0,1,44020,M,0.0,0.0,44
201200010256,12,5,23,1830,1,2,1,1.0,2,44020,M,0.0,0.0,44
201200010257,12,11,4,515,3,1,1,3.0,2,44020,M,0.0,0.0,44
201200010258,12,3,17,200,3,2,1,1.0,3,33199,M,4463700.0,-105200.0,33
201200010259,12,7,16,730,1,1,1,1.0,3,33199,M,4457900.0,-107800.0,33
201200010260,12,7,23,2100,2,2,1,1.0,6,33199,M,0.0,0.0,33
201200010261,12,8,23,215,5,2,1,1.0,6,33199,M,4462100.0,-107400.0,33
201200010262,12,10,24,1930,2,2,6,1.0,2,33199,M,4464000.0,-108600.0,33
201200010263,12,4,4,2015,2,1,1,1.0,4,87169,M,,,87
201200010264,12,4,29,2115,3,1,1,2.0,6,87192,M,0.0,0.0,87
201200010265,12,8,27,800,1,1,1,1.0,1,87063,M,0.0,0.0,87
201200010266,12,9,15,2050,3,1,1,1.0,6,87138,M,0.0,0.0,87
201200010267,12,10,23,1830,2,1,1,1.0,5,87205,M,0.0,0.0,87
201200010268,12,11,12,1645,1,1,1,1.0,1,87205,M,4521800.0,144600.0,87
201200010269,12,1,2,1820,5,2,1,1.0,5,06155,M,,,06
201200010270,12,1,8,420,5,2,1,1.0,6,06004,M,,,06
201200010271,12,1,15,1040,1,2,1,1.0,6,06004,M,,,06
201200010272,12,1,21,1510,1,2,1,1.0,3,06004,M,,,06
201200010273,12,1,27,1500,1,2,7,1.0,5,06004,M,,,06
201200010274,12,2,3,950,1,2,1,1.0,3,06004,M,,,06
201200010275,12,2,7,810,1,2,3,1.0,3,06004,M,,,06