Num_Acc,an,mois,jour,hrmn,lum,agg,int,atm,col,com,gps,lat,long,dep
201200010276,12,2,10,850,1,2,1,1.0,2,06004,M,,,06
201200010277,12,2,11,530,5,2,3,1.0,3,06004,M,,,06
201200010278,12,2,20,1550,1,2,1,1.0,3,06004,M,,,06
201200010279,12,2,23,1330,1,2,1,1.0,3,06004,M,,,06
201200010280,12,3,3,625,5,2,3,1.0,3,06004,M,,,06
201200010281,12,3,8,230,5,2,1,1.0,6,06004,M,,,06
201200010282,12,3,8,2243,5,1,1,1.0,6,06004,M,,,06
201200010283,12,3,23,1035,1,2,6,1.0,3,06004,M,,,06
201200010284,12,3,19,1720,1,2,2,1.0,3,06004,M,,,06
201200010285,12,3,26,1700,1,1,1,1.0,3,06004,M,,,06
201200010286,12,3,28,855,1,2,6,1.0,6,06004,M,,,06
201200010287,12,3,26,4,5,2,1,1.0,6,06004,M,,,06
201200010288,12,3,30,1335,1,2,3,1.0,3,06004,M,,,06
201200010289,12,4,7,945,1,2,1,1.0,6,06004,M,,,06
201200010290,12,4,6,1501,1,2,1,1.0,1,06155,M,,,06
201200010291,12,4,10,1030,1,2,3,1.0,3,06155,M,,,06
201200010292,12,4,20,1120,1,1,1,1.0,3,06004,M,,,06
201200010293,12,5,6,505,3,1,1,1.0,6,06155,M,,,06
201200010294,12,5,13,1850,1,2,1,2.0,6,06004,M,,,06
201200010295,12,5,21,1655,1,2,1,2.0,5,06155,M,,,06
201200010296,12,5,22,1700,1,2,1,1.0,5,06004,M,,,06
201200010297,12,5,23,1735,1,2,3,1.0,3,06004,M,,,06
201200010298,12,5,26,520,2,1,6,1.0,3,06155,M,,,06
201200010299,12,5,31,1710,1,2,1,1.0,1,06004,M,,,06
201200010300,12,6,1,327,5,2,1,1.0,6,06004,M,,,06
201200010301,12,6,1,1020,1,2,1,1.0,5,06004,M,,,06
201200010302,12,6,12,900,1,2,1,1.0,6,06004,M,,,06
201200010303,12,6,16,2340,5,2,1,1.0,6,06004,M,,,06
201200010304,12,6,17,2130,2,2,3,1.0,3,06155,M,,,06
201200010305,12,6,18,1734,1,2,3,1.0,2,06004,M,,,06
201200010306,12,6,13,1200,1,2,1,1.0,2,06004,M,,,06
201200010307,12,6,22,822,1,2,1,1.0,7,06004,M,,,06
201200010308,12,6,26,1040,1,2,1,1.0,3,06004,M,,,06
201200010309,12,6,30,130,5,2,1,1.0,6,06004,M,,,06
201200010310,12,6,30,305,3,2,1,1.0,2,06004,M,,,06
201200010311,12,6,30,2246,5,2,1,1.0,6,06004,M,,,06
201200010312,12,7,2,935,1,2,2,1.0,6,06004,M,,,06
201200010313,12,7,10,2010,1,2,1,1.0,3,06004,M,,,06
201200010314,12,7,12,40,5,2,1,1.0,1,06155,M,,,06
201200010315,12,7,12,1310,1,2,1,1.0,2,06155,M,,,06
201200010316,12,7,14,2304,5,2,1,1.0,3,06004,M,,,06
201200010317,12,7,19,730,1,2,1,7.0,6,06004,M,,,06
201200010318,12,7,19,1250,1,2,3,1.0,6,06004,M,,,06
201200010319,12,7,20,629,1,2,6,1.0,3,06004,M,,,06
201200010320,12,7,21,351,5,2,1,1.0,3,06004,M,,,06
201200010321,12,7,23,1725,1,2,6,1.0,2,06004,M,,,06
201200010322,12,7,24,1120,1,2,1,1.0,3,06004,M,,,06
201200010323,12,7,28,1050,1,2,1,1.0,3,06004,M,,,06
201200010324,12,8,2,40,5,2,1,1.0,6,06155,M,,,06
201200010325,12,8,2,2245,5,2,1,1.0,2,06004,M,,,06
201200010326,12,8,3,1925,1,1,1,1.0,3,06004,M,,,06
201200010327,12,8,12,530,5,2,3,1.0,6,06004,M,,,06
201200010328,12,8,21,930,1,2,1,1.0,2,06004,M,,,06
201200010329,12,8,25,1015,1,2,2,1.0,3,06004,M,,,06
201200010330,12,8,28,1300,1,2,3,1.0,3,06004,M,,,06
201200010331,12,8,28,1805,1,2,1,1.0,3,06004,M,,,06
201200010332,12,8,29,920,1,2,6,9.0,6,06155,M,,,06
201200010333,12,9,4,815,1,2,3,1.0,3,06004,M,,,06
201200010334,12,9,5,1500,1,2,1,1.0,2,06004,M,,,06
201200010335,12,9,6,1045,1,2,3,1.0,6,06155,M,,,06
201200010336,12,9,8,1540,1,2,1,1.0,2,06155,M,,,06
201200010337,12,9,12,2108,5,2,1,1.0,6,06004,M,,,06
201200010338,12,9,13,59,5,2,1,1.0,7,06004,M,,,06
201200010339,12,9,13,1145,1,2,3,1.0,6,06004,M,,,06
201200010340,12,9,13,1735,1,2,1,1.0,2,06004,M,,,06
201200010341,12,9,19,900,1,2,1,1.0,3,06004,M,,,06
201200010342,12,9,24,1330,1,1,1,1.0,6,06004,M,,,06
201200010343,12,9,25,2100,5,2,2,8.0,3,06004,M,,,06
201200010344,12,9,26,900,1,2,1,1.0,1,06004,M,,,06
201200010345,12,9,29,1100,1,2,1,1.0,6,06004,M,,,06
201200010346,12,10,3,1,5,2,1,1.0,1,06004,M,,,06
201200010347,12,10,3,815,1,2,1,1.0,2,06155,M,,,06
201200010348,12,10,4,2301,5,1,3,1.0,3,06004,M,,,06
201200010349,12,10,6,1645,1,2,1,1.0,3,06004,M,,,06
201200010350,12,10,7,10,5,2,2,1.0,1,06004,M,,,06
201200010351,12,10,15,750,1,2,3,2.0,6,06004,M,,,06
201200010352,12,10,15,1710,1,2,6,7.0,6,06004,M,,,06
201200010353,12,10,15,1750,1,2,6,7.0,6,06004,M,,,06
201200010354,12,10,16,1050,1,2,1,1.0,6,06155,M,,,06
201200010355,12,10,16,1730,1,2,2,1.0,6,06155,M,,,06
201200010356,12,10,19,1700,1,2,1,1.0,6,06004,M,,,06
201200010357,12,10,19,1850,2,2,1,1.0,3,06004,M,,,06
201200010358,12,10,24,2040,3,2,2,1.0,6,06004,M,,,06
201200010359,12,10,29,1510,1,2,1,1.0,3,06155,M,,,06
201200010360,12,11,1,2051,5,2,3,1.0,3,06004,M,,,06
201200010361,12,11,2,1720,2,2,1,1.0,3,06004,M,,,06
201200010362,12,11,7,1550,1,2,1,1.0,6,06004,M,,,06
201200010363,12,11,8,2140,5,1,1,1.0,6,06155,M,,,06
201200010364,12,11,9,1220,1,2,1,1.0,6,06004,M,,,06
201200010365,12,11,15,1220,1,2,1,1.0,6,06004,M,,,06
201200010366,12,11,18,2325,5,2,1,1.0,6,06155,M,,,06
201200010367,12,11,25,1310,1,2,1,1.0,6,06004,M,,,06
201200010368,12,11,29,1125,1,2,3,1.0,6,06155,M,,,06
201200010369,12,12,1,1110,1,2,2,1.0,6,06155,M,,,06
201200010370,12,12,3,5,5,2,1,1.0,6,06004,M,,,06
201200010371,12,12,10,1455,1,2,1,1.0,6,06004,M,,,06
201200010372,12,12,16,2015,5,2,3,1.0,3,06004,M,,,06
201200010373,12,12,21,730,5,2,2,1.0,3,06155,M,,,06
201200010374,12,12,25,2039,5,2,1,1.0,6,06004,M,,,06
201200010375,12,12,29,2040,5,2,2,1.0,3,06155,M,,,06
201200010376,12,1,7,550,5,2,2,1.0,3,06027,M,,,06
201200010377,12,1,7,1145,1,2,6,1.0,3,06123,M,,,06
201200010378,12,1,10,840,1,2,1,1.0,2,06027,M,,,06
201200010379,12,1,11,1440,1,2,1,1.0,6,06027,M,,,06
201200010380,12,1,12,1720,1,2,3,1.0,6,06027,M,,,06
201200010381,12,1,7,2330,3,2,1,1.0,7,06027,M,,,06
201200010382,12,1,13,2115,5,2,3,1.0,1,06123,M,,,06
201200010383,12,1,17,1740,1,2,1,1.0,2,06027,M,,,06
201200010384,12,1,20,1510,2,2,1,1.0,6,06027,M,,,06
201200010385,12,1,22,1400,1,2,1,1.0,6,06027,M,,,06
201200010386,12,1,28,1840,5,2,3,1.0,3,06027,M,,,06
201200010387,12,1,30,645,2,2,1,1.0,3,06123,M,,,06
201200010388,12,2,6,710,2,2,2,1.0,2,06123,M,,,06
201200010389,12,2,7,2300,4,2,1,1.0,2,06123,M,,,06
201200010390,12,2,15,1210,1,2,1,1.0,6,06123,M,,,06
201200010391,12,2,22,710,1,2,1,1.0,2,06027,M,,,06
201200010392,12,2,23,1150,1,2,1,1.0,6,06027,M,,,06
201200010393,12,2,24,1205,1,2,1,1.0,6,06123,M,,,06
201200010394,12,2,27,1540,1,2,1,1.0,4,06027,M,,,06
201200010395,12,2,27,1820,5,2,1,1.0,7,06027,M,,,06
201200010396,12,3,1,1110,1,2,1,1.0,6,06027,M,,,06
201200010397,12,3,9,1640,1,2,1,1.0,2,06123,M,,,06
201200010398,12,3,9,1730,1,2,1,1.0,2,06123,M,,,06
201200010399,12,3,13,835,1,2,1,1.0,6,06123,M,,,06
201200010400,12,3,14,1745,1,2,1,1.0,3,06123,M,,,06
201200010401,12,3,16,2310,5,2,3,1.0,3,06027,M,,,06
201200010402,12,3,19,855,1,2,1,1.0,3,06027,M,,,06
201200010403,12,3,21,1815,1,2,3,1.0,6,06123,M,,,06
201200010404,12,3,22,1750,1,2,1,1.0,2,06123,M,,,06
201200010405,12,3,25,1845,1,2,6,1.0,3,06027,M,,,06
201200010406,12,3,28,845,1,2,1,1.0,6,06027,M,,,06
201200010407,12,3,31,2245,5,2,3,1.0,3,06027,M,,,06
201200010408,12,3,30,2130,5,2,1,1.0,2,06027,M,,,06
201200010409,12,4,1,1650,1,2,1,1.0,2,06027,M,,,06
201200010410,12,4,1,1145,1,2,1,1.0,6,06123,M,,,06
201200010411,12,4,6,1530,1,2,1,1.0,6,06123,M,,,06
201200010412,12,4,7,1955,5,2,1,1.0,3,06123,M,,,06
201200010413,12,4,7,2000,2,2,1,1.0,2,06123,M,,,06
201200010414,12,4,8,1730,1,2,1,1.0,4,06027,M,,,06
201200010415,12,4,10,745,1,2,1,1.0,3,06123,M,,,06
201200010416,12,4,11,1030,1,2,3,1.0,3,06027,M,,,06
201200010417,12,4,12,755,1,2,4,1.0,3,06123,M,,,06
201200010418,12,4,15,1115,1,2,1,1.0,3,06123,M,,,06
201200010419,12,4,16,1000,1,2,3,1.0,3,06027,M,,,06
201200010420,12,4,16,1200,1,2,1,1.0,3,06027,M,,,06
201200010421,12,4,16,1815,1,2,3,1.0,3,06123,M,,,06
201200010422,12,4,19,1650,1,2,1,1.0,6,06027,M,,,06
201200010423,12,4,28,1340,1,2,1,1.0,5,06027,M,,,06
201200010424,12,4,30,2110,5,2,1,2.0,2,06027,M,,,06
201200010425,12,5,5,1740,1,2,3,1.0,3,06027,M,,,06
201200010426,12,4,28,1350,1,2,1,1.0,5,06027,M,,,06
201200010427,12,5,9,855,1,2,1,1.0,2,06027,M,,,06
201200010428,12,5,9,1725,1,2,4,1.0,4,06123,M,,,06
201200010429,12,5,10,1305,1,2,1,1.0,1,06027,M,,,06
201200010430,12,5,11,1530,1,2,1,1.0,3,06123,M,,,06
201200010431,12,5,12,1210,1,2,3,1.0,3,06123,M,,,06
201200010432,12,5,14,1950,1,2,3,1.0,2,06027,M,,,06
201200010433,12,5,17,1555,1,2,3,1.0,2,06123,M,,,06
201200010434,12,5,17,2250,5,2,3,1.0,3,06027,M,,,06
201200010435,12,5,18,745,1,2,1,1.0,3,06027,M,,,06
201200010436,12,5,19,1550,1,2,1,1.0,3,06123,M,,,06
201200010437,12,5,19,1700,1,2,1,1.0,4,06123,M,,,06
201200010438,12,5,29,1710,1,2,3,1.0,3,06027,M,,,06
201200010439,12,5,29,1230,1,2,1,1.0,6,06027,M,,,06
201200010440,12,5,30,1300,1,2,1,1.0,6,06027,M,,,06
201200010441,12,5,31,1315,1,2,1,1.0,2,06027,M,,,06
201200010442,12,6,1,1130,1,2,3,1.0,6,06027,M,,,06
201200010443,12,6,4,1220,1,2,1,1.0,3,06123,M,,,06
201200010444,12,6,5,1045,1,2,1,1.0,2,06123,M,,,06
201200010445,12,6,8,845,1,2,1,1.0,4,06027,M,,,06
201200010446,12,6,8,1025,1,2,6,1.0,3,06123,M,,,06
201200010447,12,6,9,1330,1,2,1,1.0,3,06027,M,,,06
201200010448,12,6,12,1410,1,2,1,1.0,6,06027,M,,,06
201200010449,12,6,12,1905,1,2,1,1.0,6,06027,M,,,06
201200010450,12,6,13,1445,1,2,1,1.0,6,06027,M,,,06
201200010451,12,6,16,2250,5,2,1,1.0,4,06123,M,,,06
201200010452,12,6,19,740,1,2,6,1.0,2,06123,M,,,06
201200010453,12,6,22,950,1,2,1,1.0,2,06027,M,,,06
201200010454,12,6,26,1500,1,2,1,1.0,3,06123,M,,,06
201200010455,12,6,27,1630,1,2,3,1.0,3,06027,M,,,06
201200010456,12,6,28,1915,1,2,1,1.0,5,06123,M,,,06
201200010457,12,6,29,1130,1,2,1,1.0,3,06123,M,,,06
201200010458,12,6,29,2015,1,2,3,1.0,3,06123,M,,,06
201200010459,12,6,30,930,1,2,1,1.0,3,06123,M,,,06
201200010460,12,7,2,1450,1,2,3,1.0,2,06027,M,,,06
201200010461,12,7,4,1745,1,2,1,1.0,3,06027,M,,,06
201200010462,12,7,4,2315,5,2,3,1.0,2,06027,M,,,06
201200010463,12,7,5,1330,1,2,1,1.0,3,06123,M,,,06
201200010464,12,7,6,950,1,2,1,1.0,6,06027,M,,,06
201200010465,12,7,9,700,1,2,1,1.0,2,06027,M,,,06
201200010466,12,7,9,1925,1,2,3,1.0,3,06027,M,,,06
201200010467,12,7,10,1020,1,2,1,1.0,6,06027,M,,,06
201200010468,12,7,12,1900,1,2,2,1.0,3,06027,M,,,06
201200010469,12,7,13,2335,5,2,1,1.0,7,06027,M,,,06
201200010470,12,7,14,350,5,2,6,1.0,7,06027,M,,,06
201200010471,12,7,15,140,5,2,1,1.0,2,06123,M,,,06
201200010472,12,7,15,2215,4,2,1,1.0,6,06123,M,,,06
201200010473,12,7,16,735,1,2,1,1.0,2,06123,M,,,06
201200010474,12,7,16,1605,1,2,1,1.0,3,06027,M,,,06
201200010475,12,7,18,30,5,2,1,1.0,7,06027,M,,,06
201200010476,12,7,18,1740,1,2,3,1.0,3,06123,M,,,06
201200010477,12,7,17,1815,1,2,1,1.0,1,06027,M,,,06
201200010478,12,7,21,1720,1,2,1,1.0,3,06123,M,,,06
201200010479,12,7,24,1345,1,2,3,1.0,3,06027,M,,,06
201200010480,12,7,24,2250,5,2,1,1.0,2,06027,M,,,06
201200010481,12,7,25,1000,1,2,6,1.0,2,06123,M,,,06
201200010482,12,7,25,1830,1,2,1,1.0,6,06123,M,,,06
201200010483,12,7,26,1635,1,2,1,1.0,7,06027,M,,,06
201200010484,12,7,27,2215,5,2,3,1.0,3,06027,M,,,06
201200010485,12,7,30,2230,5,2,2,1.0,3,06027,M,,,06
201200010486,12,7,31,1435,1,2,1,1.0,3,06123,M,,,06
201200010487,12,7,31,1520,1,2,1,1.0,3,06027,M,,,06
201200010488,12,7,31,1955,1,2,3,1.0,2,06027,M,,,06
201200010489,12,8,7,600,1,2,1,1.0,6,06027,M,,,06
201200010490,12,8,9,1950,1,2,1,1.0,3,06123,M,,,06
201200010491,12,8,10,1625,1,2,1,1.0,6,06027,M,,,06
201200010492,12,8,10,1930,1,2,1,1.0,3,06027,M,,,06
201200010493,12,8,11,30,5,2,2,1.0,3,06027,M,,,06
201200010494,12,8,14,1335,1,2,3,1.0,2,06027,M,,,06
201200010495,12,8,19,300,5,2,1,1.0,1,06123,M,,,06
201200010496,12,8,19,1645,1,2,4,1.0,6,06027,M,,,06
201200010497,12,8,21,950,1,2,1,1.0,6,06027,M,,,06
201200010498,12,8,21,1635,1,2,1,1.0,3,06027,M,,,06
201200010499,12,8,23,1015,1,2,1,1.0,2,06123,M,,,06
201200010500,12,8,23,1745,1,2,2,1.0,3,06027,M,,,06
201200010501,12,8,24,1620,1,2,1,1.0,2,06123,M,,,06
201200010502,12,8,25,1430,1,2,6,1.0,3,06027,M,,,06
201200010503,12,8,26,2305,5,2,2,1.0,3,06027,M,,,06
201200010504,12,8,28,1855,1,2,2,1.0,6,06027,M,,,06
201200010505,12,8,30,1615,1,2,6,1.0,3,06123,M,,,06
201200010506,12,9,2,1600,1,2,1,1.0,4,06027,M,,,06
201200010507,12,9,3,1615,1,2,1,1.0,2,06123,M,,,06
201200010508,12,9,4,1215,1,2,1,1.0,6,06123,M,,,06
201200010509,12,9,5,1440,1,2,1,1.0,2,06027,M,,,06
201200010510,12,9,6,1420,1,2,1,1.0,6,06123,M,,,06
201200010511,12,9,6,1500,1,2,6,1.0,6,06123,M,,,06
201200010512,12,9,8,1615,1,2,1,1.0,4,06027,M,,,06
201200010513,12,9,10,1505,1,2,1,1.0,3,06027,M,,,06
201200010514,12,9,12,930,1,2,3,1.0,2,06123,M,,,06
201200010515,12,9,12,1330,1,2,3,1.0,2,06027,M,,,06
201200010516,12,9,13,745,1,2,6,1.0,3,06027,M,,,06
201200010517,12,9,14,540,5,2,3,1.0,2,06123,M,,,06
201200010518,12,9,15,1800,1,2,1,1.0,3,06027,M,,,06
201200010519,12,9,18,2100,5,2,1,1.0,3,06123,M,,,06
201200010520,12,9,19,1545,1,2,1,1.0,2,06123,M,,,06
201200010521,12,9,19,2020,2,2,1,1.0,1,06027,M,,,06
201200010522,12,9,20,1705,1,2,6,1.0,3,06027,M,,,06
201200010523,12,9,21,1615,1,2,3,1.0,7,06027,M,,,06
201200010524,12,9,24,900,1,2,1,2.0,2,06027,M,,,06
201200010525,12,9,25,1025,1,2,1,1.0,1,06123,M,,,06
201200010526,12,9,26,825,1,2,1,1.0,3,06027,M,,,06
201200010527,12,9,28,2030,5,2,3,1.0,4,06027,M,,,06
201200010528,12,10,1,755,1,2,1,1.0,6,06123,M,,,06
201200010529,12,10,2,925,1,2,1,1.0,7,06123,M,,,06
201200010530,12,10,2,1205,1,2,1,1.0,4,06027,M,,,06
201200010531,12,10,2,1445,1,2,1,1.0,6,06027,M,,,06
201200010532,12,10,4,1955,2,2,1,1.0,6,06123,M,,,06
201200010533,12,10,4,1445,1,2,1,1.0,3,06027,M,,,06
201200010534,12,10,5,750,1,2,1,1.0,3,06027,M,,,06
201200010535,12,10,5,1235,1,2,1,1.0,2,06027,M,,,06
201200010536,12,10,9,1600,1,2,1,1.0,3,06123,M,,,06
201200010537,12,10,10,1205,1,2,1,1.0,4,06123,M,,,06
201200010538,12,10,10,1810,1,2,6,1.0,3,06027,M,,,06
201200010539,12,10,14,1105,1,2,3,1.0,3,06123,M,,,06
201200010540,12,10,14,745,1,2,1,2.0,6,06123,M,,,06
201200010541,12,10,16,2105,5,2,3,1.0,3,06123,M,,,06
201200010542,12,10,21,10,5,2,1,1.0,1,06123,M,,,06
201200010543,12,10,22,1430,1,2,1,1.0,1,06027,M,,,06
201200010544,12,10,24,1230,1,2,6,1.0,3,06027,M,,,06
201200010545,12,10,25,1020,1,2,3,1.0,6,06027,M,,,06
201200010546,12,10,27,1245,1,1,1,1.0,6,06027,M,,,06
201200010547,12,10,29,845,1,2,1,1.0,6,06123,M,,,06
201200010548,12,10,30,830,1,2,1,1.0,3,06027,M,,,06
201200010549,12,10,30,1330,1,2,3,1.0,3,06027,M,,,06
201200010550,12,10,30,1940,5,2,3,2.0,3,06123,M,,,06
201200010551,12,11,3,1505,1,2,1,1.0,3,06027,M,,,06
201200010552,12,11,6,1200,1,2,1,1.0,3,06027,M,,,06
201200010553,12,11,6,1520,1,2,6,1.0,3,06027,M,,,06
201200010554,12,11,9,1215,1,2,3,1.0,3,06027,M,,,06
201200010555,12,11,13,1655,5,2,1,1.0,6,06027,M,,,06
201200010556,12,11,22,1100,1,2,1,1.0,5,06027,M,,,06
201200010557,12,11,22,1915,5,2,1,1.0,6,06027,M,,,06
201200010558,12,11,24,1100,1,2,1,1.0,6,06027,M,,,06
201200010559,12,11,27,1820,5,2,3,1.0,6,06123,M,,,06
201200010560,12,11,29,945,1,2,6,1.0,3,06123,M,,,06
201200010561,12,12,2,400,5,2,1,1.0,1,06027,M,,,06
201200010562,12,12,2,2045,5,2,3,1.0,3,06123,M,,,06
201200010563,12,12,10,820,1,2,2,1.0,2,06027,M,,,06
201200010564,12,12,10,1000,1,2,2,1.0,6,06027,M,,,06
201200010565,12,12,10,1315,1,2,1,1.0,3,06123,M,,,06
201200010566,12,12,13,1010,1,2,1,1.0,6,06027,M,,,06
201200010567,12,12,17,1810,1,2,1,1.0,1,06027,M,,,06
201200010568,12,12,17,2050,5,2,3,1.0,3,06027,M,,,06
201200010569,12,12,18,1255,1,2,3,1.0,6,06027,M,,,06
201200010570,12,12,19,1215,1,2,1,1.0,3,06123,M,,,06
201200010571,12,12,23,150,5,2,1,1.0,6,06027,M,,,06
201200010572,12,12,23,2015,5,2,1,1.0,6,06027,M,,,06
201200010573,12,12,30,1350,1,2,1,1.0,1,06123,M,,,06
201200010574,12,1,3,1110,1,2,1,1.0,6,06030,M,,,06
201200010575,12,1,7,930,1,2,1,1.0,2,06029,M,,,06
201200010576,12,1,11,1022,1,2,1,1.0,3,06029,M,,,06
201200010577,12,1,15,2130,5,2,1,1.0,6,06029,M,,,06
201200010578,12,1,17,350,5,2,1,1.0,7,06030,M,,,06
201200010579,12,1,17,1220,1,2,1,1.0,2,06030,M,,,06
201200010580,12,1,19,1400,1,2,2,1.0,3,06030,M,,,06
201200010581,12,1,19,1659,1,2,1,1.0,6,06029,M,,,06
201200010582,12,1,20,1620,1,2,1,1.0,3,06030,M,,,06
201200010583,12,1,13,1915,5,2,1,1.0,3,06030,M,,,06
201200010584,12,1,27,2220,5,2,1,1.0,1,06029,M,,,06
201200010585,12,2,2,800,1,2,1,1.0,3,06030,M,,,06
201200010586,12,2,3,1400,1,2,1,1.0,2,06029,M,,,06
201200010587,12,2,3,1420,1,2,1,1.0,6,06030,M,,,06
201200010588,12,2,3,2015,5,2,1,1.0,7,06029,M,,,06
201200010589,12,2,9,1250,1,2,1,1.0,2,06029,M,,,06
201200010590,12,2,10,1851,5,2,1,1.0,6,06029,M,,,06
201200010591,12,2,15,1615,1,2,1,1.0,6,06029,M,,,06
201200010592,12,2,19,1035,1,2,1,1.0,6,06029,M,,,06
201200010593,12,2,22,1545,1,2,1,1.0,7,06029,M,,,06
201200010594,12,2,22,1730,1,2,1,1.0,6,06029,M,,,06
201200010595,12,2,28,1600,1,2,1,1.0,6,06029,M,,,06
201200010596,12,3,4,1405,1,2,1,1.0,2,06029,M,,,06
201200010597,12,3,6,1540,1,2,1,1.0,6,06029,M,,,06
201200010598,12,3,7,1630,1,2,1,1.0,7,06029,M,,,06
201200010599,12,3,10,1640,1,2,1,1.0,7,06029,M,,,06
201200010600,12,3,11,1730,1,2,1,1.0,7,06029,M,,,06
201200010601,12,3,12,1320,1,2,1,1.0,3,06029,M,,,06
201200010602,12,3,12,2000,5,2,1,1.0,3,06030,M,,,06
201200010603,12,3,19,1004,1,2,1,1.0,6,06029,M,,,06
201200010604,12,3,20,1015,1,2,1,1.0,7,06030,M,,,06
201200010605,12,3,21,1425,1,2,1,1.0,6,06029,M,,,06
201200010606,12,3,22,850,1,2,2,1.0,6,06029,M,,,06
201200010607,12,3,23,1015,1,2,1,1.0,7,06029,M,,,06
201200010608,12,3,25,1955,1,2,1,1.0,3,06029,M,,,06
201200010609,12,3,26,2330,5,2,1,1.0,7,06029,M,,,06
201200010610,12,3,27,1042,1,2,1,1.0,3,06029,M,,,06
201200010611,12,3,30,1645,1,2,1,1.0,6,06030,M,,,06
201200010612,12,3,30,1427,1,2,1,1.0,3,06030,M,,,06
201200010613,12,4,10,815,1,2,1,1.0,6,06029,M,,,06
201200010614,12,4,10,1800,1,2,1,1.0,3,06029,M,,,06
201200010615,12,4,15,730,1,2,1,1.0,1,06029,M,,,06
201200010616,12,4,15,1455,1,2,1,1.0,2,06030,M,,,06
201200010617,12,4,16,1320,1,2,1,1.0,6,06029,M,,,06
201200010618,12,4,16,1752,1,2,1,1.0,3,06029,M,,,06
201200010619,12,4,18,810,1,2,1,1.0,2,06029,M,,,06
201200010620,12,4,20,1800,1,2,1,1.0,3,06030,M,,,06
201200010621,12,4,21,1725,1,2,1,1.0,3,06030,M,,,06
201200010622,12,4,22,1930,1,2,1,1.0,2,06029,M,,,06
201200010623,12,4,23,950,1,2,1,1.0,7,06029,M,,,06
201200010624,12,4,25,1405,1,2,2,1.0,5,06029,M,,,06
201200010625,12,4,27,1509,1,2,1,1.0,6,06029,M,,,06
201200010626,12,4,28,1600,1,2,1,1.0,1,06030,M,,,06
201200010627,12,4,26,1415,1,2,1,1.0,3,06029,M,,,06
201200010628,12,5,2,1715,1,2,1,1.0,3,06030,M,,,06
201200010629,12,5,7,1610,1,2,1,1.0,3,06030,M,,,06
201200010630,12,5,9,905,1,2,1,1.0,3,06029,M,,,06
201200010631,12,5,14,1000,1,2,1,1.0,6,06029,M,,,06
201200010632,12,5,15,1515,1,2,1,1.0,3,06029,M,,,06
201200010633,12,5,17,1830,1,2,1,1.0,3,06030,M,,,06
201200010634,12,5,17,1912,1,2,1,1.0,3,06029,M,,,06
201200010635,12,5,16,1705,1,2,1,1.0,3,06029,M,,,06
201200010636,12,5,20,630,2,2,1,1.0,7,06029,M,,,06
201200010637,12,5,18,2010,1,2,1,1.0,3,06029,M,,,06
201200010638,12,5,22,1520,1,2,1,1.0,3,06029,M,,,06
201200010639,12,5,22,1920,1,2,1,1.0,5,06029,M,,,06
201200010640,12,5,23,1230,1,2,1,1.0,7,06029,M,,,06
201200010641,12,5,23,1440,1,2,1,1.0,6,06029,M,,,06
201200010642,12,5,26,2200,5,2,1,1.0,6,06029,M,,,06
201200010643,12,5,31,1755,1,2,1,1.0,7,06029,M,,,06
201200010644,12,5,30,1625,1,2,1,1.0,6,06030,M,,,06
201200010645,12,6,1,1330,1,2,1,1.0,7,06029,M,,,06
201200010646,12,6,2,1445,1,2,2,1.0,3,06029,M,,,06
201200010647,12,6,3,2055,2,2,1,1.0,7,06029,M,,,06
201200010648,12,6,5,815,1,2,1,1.0,2,06030,M,,,06
201200010649,12,6,5,1030,1,2,1,1.0,3,06029,M,,,06
201200010650,12,6,8,1900,1,2,1,1.0,7,06029,M,,,06
201200010651,12,6,12,1750,1,2,1,1.0,3,06029,M,,,06
201200010652,12,6,13,830,1,2,1,1.0,3,06029,M,,,06
201200010653,12,6,13,1230,1,2,1,1.0,3,06030,M,,,06
201200010654,12,6,13,1930,1,2,1,1.0,7,06029,M,,,06
201200010655,12,6,14,1040,1,2,3,1.0,3,06029,M,,,06
201200010656,12,6,15,1120,1,2,1,1.0,6,06030,M,,,06
201200010657,12,6,17,240,3,1,1,1.0,1,06029,M,,,06
201200010658,12,6,18,1515,1,2,1,1.0,7,06029,M,,,06
201200010659,12,6,18,1900,1,2,1,1.0,3,06029,M,,,06
201200010660,12,6,19,1550,1,2,1,1.0,7,06029,M,,,06
201200010661,12,6,20,900,1,2,1,1.0,7,06029,M,,,06
201200010662,12,6,21,615,1,2,1,1.0,3,06029,M,,,06
201200010663,12,6,21,1100,1,2,1,1.0,7,06029,M,,,06
201200010664,12,6,23,950,1,2,1,1.0,7,06029,M,,,06
201200010665,12,6,25,1040,1,2,1,1.0,3,06030,M,,,06
201200010666,12,6,25,1405,1,2,1,1.0,3,06029,M,,,06
201200010667,12,6,26,1255,1,2,1,1.0,1,06029,M,,,06
201200010668,12,6,26,1345,1,2,1,1.0,3,06030,M,,,06
201200010669,12,6,27,1210,1,2,1,1.0,3,06029,M,,,06
201200010670,12,6,27,1545,1,2,1,1.0,3,06029,M,,,06
201200010671,12,6,29,1113,1,2,1,1.0,3,06029,M,,,06
201200010672,12,6,30,1110,1,2,1,1.0,6,06029,M,,,06
201200010673,12,7,3,730,1,2,1,1.0,1,06029,M,,,06
201200010674,12,7,3,1840,1,2,1,1.0,3,06029,M,,,06
201200010675,12,7,4,1151,1,2,1,1.0,6,06029,M,,,06
201200010676,12,7,6,1200,1,2,1,1.0,7,06029,M,,,06
201200010677,12,7,9,1110,1,2,1,1.0,6,06029,M,,,06
201200010678,12,7,9,1915,1,2,1,1.0,3,06029,M,,,06
201200010679,12,7,13,115,5,2,1,1.0,7,06029,M,,,06
201200010680,12,7,13,1900,1,2,6,1.0,2,06029,M,,,06
201200010681,12,7,14,610,1,2,1,1.0,3,06029,M,,,06
201200010682,12,7,15,2040,2,2,1,1.0,6,06029,M,,,06