Num_Acc,an,mois,jour,hrmn,lum,agg,int,atm,col,com,gps,lat,long,dep
201200010683,12,7,16,1830,1,2,1,1.0,6,06029,M,,,06
201200010684,12,7,17,1440,1,2,1,7.0,7,06029,M,,,06
201200010685,12,7,21,1741,1,2,1,1.0,6,06029,M,,,06
201200010686,12,7,23,1040,1,2,1,1.0,3,06029,M,,,06
201200010687,12,7,24,902,1,2,1,7.0,6,06030,M,,,06
201200010688,12,7,27,1000,1,2,1,1.0,7,06029,M,,,06
201200010689,12,7,28,1900,1,2,1,1.0,2,06029,M,,,06
201200010690,12,8,1,745,1,2,1,1.0,6,06029,M,,,06
201200010691,12,8,2,1150,1,2,2,1.0,3,06029,M,,,06
201200010692,12,8,8,840,1,2,1,1.0,6,06029,M,,,06
201200010693,12,8,8,1012,1,2,1,1.0,6,06029,M,,,06
201200010694,12,8,9,1819,1,2,1,1.0,1,06030,M,,,06
201200010695,12,8,12,1515,1,2,1,1.0,6,06029,M,,,06
201200010696,12,8,14,1815,1,2,1,1.0,3,06029,M,,,06
201200010697,12,8,16,1315,1,2,1,1.0,3,06029,M,,,06
201200010698,12,8,18,2030,1,2,1,1.0,6,06029,M,,,06
201200010699,12,8,20,802,1,2,1,1.0,3,06029,M,,,06
201200010700,12,8,21,1005,1,2,1,1.0,6,06029,M,,,06
201200010701,12,8,21,1025,1,2,1,1.0,6,06029,M,,,06
201200010702,12,8,21,1650,1,2,1,1.0,6,06029,M,,,06
201200010703,12,8,23,1020,1,2,1,1.0,6,06029,M,,,06
201200010704,12,9,5,1830,1,2,1,1.0,6,06029,M,,,06
201200010705,12,9,6,1655,1,2,1,1.0,2,06029,M,,,06
201200010706,12,9,10,1730,1,2,1,1.0,3,06030,M,,,06
201200010707,12,9,5,200,5,2,1,1.0,6,06029,M,,,06
201200010708,12,9,10,1211,1,2,1,1.0,6,06029,M,,,06
201200010709,12,9,11,1025,1,2,1,1.0,7,06029,M,,,06
201200010710,12,9,11,1649,1,2,1,1.0,6,06030,M,,,06
201200010711,12,9,13,850,1,2,1,1.0,2,06029,M,,,06
201200010712,12,9,13,1730,1,2,1,1.0,3,06029,M,,,06
201200010713,12,9,13,2112,5,2,1,1.0,3,06030,M,,,06
201200010714,12,9,15,1015,1,2,1,1.0,6,06029,M,,,06
201200010715,12,9,14,2130,5,2,1,1.0,7,06029,M,,,06
201200010716,12,9,19,1030,1,2,1,1.0,6,06029,M,,,06
201200010717,12,9,20,1300,1,2,1,1.0,6,06029,M,,,06
201200010718,12,9,22,312,5,2,2,1.0,6,06029,M,,,06
201200010719,12,9,29,1045,1,2,1,1.0,3,06029,M,,,06
201200010720,12,9,30,830,1,2,1,1.0,1,06029,M,,,06
201200010721,12,10,2,1000,1,2,1,1.0,3,06029,M,,,06
201200010722,12,10,5,1410,1,2,1,1.0,6,06030,M,,,06
201200010723,12,10,6,1025,1,2,1,1.0,6,06029,M,,,06
201200010724,12,10,4,1642,1,2,1,1.0,2,06029,M,,,06
201200010725,12,10,11,1010,1,2,1,1.0,3,06029,M,,,06
201200010726,12,10,11,1330,1,2,1,1.0,6,06029,M,,,06
201200010727,12,10,11,1730,1,2,1,1.0,2,06029,M,,,06
201200010728,12,10,12,740,1,2,1,1.0,3,06030,M,,,06
201200010729,12,10,12,850,1,2,1,1.0,6,06029,M,,,06
201200010730,12,10,14,1525,1,2,1,1.0,6,06029,M,,,06
201200010731,12,10,18,800,1,2,1,1.0,7,06029,M,,,06
201200010732,12,10,18,1200,1,2,1,1.0,6,06029,M,,,06
201200010733,12,10,19,1435,1,2,1,1.0,3,06029,M,,,06
201200010734,12,10,19,1850,5,2,1,1.0,7,06029,M,,,06
201200010735,12,10,24,1445,1,2,1,1.0,7,06029,M,,,06
201200010736,12,10,24,1550,1,2,1,1.0,7,06029,M,,,06
201200010737,12,10,26,1140,1,2,1,1.0,7,06029,M,,,06
201200010738,12,10,26,1850,1,2,1,1.0,6,06029,M,,,06
201200010739,12,10,27,2310,5,2,1,1.0,2,06029,M,,,06
201200010740,12,10,27,1200,1,2,1,1.0,6,06030,M,,,06
201200010741,12,11,3,1540,1,2,1,1.0,6,06029,M,,,06
201200010742,12,11,3,1600,1,2,1,1.0,5,06030,M,,,06
201200010743,12,11,5,1055,1,2,1,1.0,6,06029,M,,,06
201200010744,12,11,9,1722,1,2,9,1.0,6,06030,M,,,06
201200010745,12,11,11,1720,1,2,1,2.0,6,06029,M,,,06
201200010746,12,11,12,1100,1,2,1,1.0,3,06029,M,,,06
201200010747,12,11,12,1000,1,2,1,1.0,3,06029,M,,,06
201200010748,12,11,16,1727,5,2,1,1.0,3,06029,M,,,06
201200010749,12,11,17,1325,1,2,1,1.0,6,06029,M,,,06
201200010750,12,11,8,1850,5,2,1,1.0,3,06030,M,,,06
201200010751,12,11,21,1545,1,2,1,1.0,3,06029,M,,,06
201200010752,12,11,22,2010,5,2,1,1.0,3,06029,M,,,06
201200010753,12,11,24,450,5,2,2,1.0,3,06029,M,,,06
201200010754,12,11,30,1743,5,2,1,1.0,6,06029,M,,,06
201200010755,12,12,3,1750,5,2,1,1.0,6,06030,M,,,06
201200010756,12,12,6,1750,5,2,1,1.0,2,06030,M,,,06
201200010757,12,12,6,1850,5,2,1,1.0,1,06029,M,,,06
201200010758,12,12,7,836,1,2,2,1.0,3,06029,M,,,06
201200010759,12,12,9,1030,1,2,1,1.0,3,06029,M,,,06
201200010760,12,12,11,715,5,2,1,1.0,3,06029,M,,,06
201200010761,12,12,12,805,1,2,1,1.0,3,06029,M,,,06
201200010762,12,12,13,1815,5,2,1,3.0,7,06030,M,,,06
201200010763,12,12,18,1830,5,2,1,1.0,7,06030,M,,,06
201200010764,12,12,21,1520,1,2,1,1.0,1,06029,M,,,06
201200010765,12,12,14,1350,1,2,1,1.0,6,06029,M,,,06
201200010766,12,12,26,1940,5,2,1,1.0,7,06029,M,,,06
201200010767,12,1,1,50,5,2,1,1.0,7,06069,M,,,06
201200010768,12,1,2,700,5,2,1,1.0,7,06069,M,,,06
201200010769,12,1,2,1330,1,2,1,2.0,7,06069,M,,,06
201200010770,12,1,3,1945,5,2,1,1.0,6,06069,M,,,06
201200010771,12,1,16,1330,1,2,1,1.0,2,06069,M,,,06
201200010772,12,1,19,1915,2,2,1,1.0,7,06069,M,,,06
201200010773,12,1,20,1100,1,2,1,1.0,3,06069,M,,,06
201200010774,12,1,20,1630,1,2,1,6.0,6,06069,M,,,06
201200010775,12,1,20,1940,5,2,1,1.0,5,06069,M,,,06
201200010776,12,1,21,1820,1,2,9,1.0,6,06069,M,,,06
201200010777,12,1,22,1820,5,2,1,1.0,1,06069,M,,,06
201200010778,12,1,24,1430,1,2,1,1.0,7,06069,M,,,06
201200010779,12,1,27,625,2,2,1,1.0,6,06069,M,,,06
201200010780,12,1,28,1240,1,2,1,2.0,2,06069,M,,,06
201200010781,12,1,30,1930,2,1,1,2.0,1,06069,M,,,06
201200010782,12,1,31,700,2,2,1,1.0,1,06069,M,,,06
201200010783,12,1,31,730,1,2,1,2.0,6,06069,M,,,06
201200010784,12,1,31,1140,1,2,1,2.0,4,06069,M,,,06
201200010785,12,2,5,1640,1,2,1,1.0,5,06069,M,,,06
201200010786,12,2,6,1420,1,2,1,1.0,7,06069,M,,,06
201200010787,12,2,13,1930,1,2,1,1.0,7,06069,M,,,06
201200010788,12,2,14,1825,2,2,1,1.0,2,06069,M,,,06
201200010789,12,2,16,1750,2,2,1,1.0,7,06069,M,,,06
201200010790,12,2,16,1820,1,2,1,1.0,3,06069,M,,,06
201200010791,12,2,18,1240,1,2,1,1.0,1,06069,M,,,06
201200010792,12,2,19,1130,1,2,1,1.0,2,06069,M,,,06
201200010793,12,2,20,1150,1,2,1,1.0,6,06069,M,,,06
201200010794,12,2,22,1400,1,2,1,1.0,1,06069,M,,,06
201200010795,12,2,27,2230,5,2,1,1.0,7,06069,M,,,06
201200010796,12,3,8,930,1,2,1,1.0,7,06069,M,,,06
201200010797,12,3,13,2310,5,2,1,1.0,7,06069,M,,,06
201200010798,12,3,16,1745,1,2,1,1.0,1,06069,M,,,06
201200010799,12,3,17,1430,1,2,1,1.0,7,06069,M,,,06
201200010800,12,3,19,920,1,2,1,1.0,7,06069,M,,,06
201200010801,12,3,23,1625,1,2,1,1.0,2,06069,M,,,06
201200010802,12,3,23,1905,5,2,1,1.0,3,06069,M,,,06
201200010803,12,3,24,920,1,2,1,1.0,2,06069,M,,,06
201200010804,12,3,24,1315,1,2,1,1.0,3,06069,M,,,06
201200010805,12,3,28,1840,2,2,1,1.0,7,06069,M,,,06
201200010806,12,4,5,1230,1,2,1,1.0,4,06069,M,,,06
201200010807,12,4,9,1130,1,2,1,1.0,7,06069,M,,,06
201200010808,12,4,11,835,1,1,1,1.0,7,06069,M,,,06
201200010809,12,4,12,1300,1,2,1,1.0,6,06069,M,,,06
201200010810,12,4,15,425,5,2,1,1.0,6,06069,M,,,06
201200010811,12,4,17,1120,1,2,1,1.0,6,06069,M,,,06
201200010812,12,4,18,1400,1,2,1,1.0,3,06069,M,,,06
201200010813,12,4,19,820,1,2,1,1.0,2,06069,M,,,06
201200010814,12,4,20,1900,1,2,1,1.0,2,06069,M,,,06
201200010815,12,4,20,1905,1,1,1,1.0,7,06069,M,,,06
201200010816,12,4,22,1300,1,2,1,1.0,3,06069,M,,,06
201200010817,12,4,23,1430,1,2,1,1.0,7,06069,M,,,06
201200010818,12,4,28,1330,1,2,1,1.0,7,06069,M,,,06
201200010819,12,4,29,850,1,2,1,2.0,7,06069,M,,,06
201200010820,12,5,6,1340,1,2,1,1.0,6,06069,M,,,06
201200010821,12,5,7,840,1,2,1,1.0,3,06069,M,,,06
201200010822,12,5,7,2045,2,2,1,1.0,1,06069,M,,,06
201200010823,12,5,11,1840,1,2,1,1.0,7,06069,M,,,06
201200010824,12,5,13,1525,1,2,1,1.0,1,06069,M,,,06
201200010825,12,5,14,2225,5,2,1,1.0,6,06069,M,,,06
201200010826,12,5,17,1345,1,2,1,1.0,1,06069,M,,,06
201200010827,12,5,17,1815,1,2,1,1.0,6,06069,M,,,06
201200010828,12,5,18,2050,5,2,1,1.0,6,06069,M,,,06
201200010829,12,5,19,1440,1,2,1,1.0,6,06069,M,,,06
201200010830,12,5,21,1305,1,1,1,2.0,7,06069,M,,,06
201200010831,12,5,25,915,1,2,1,1.0,6,06069,M,,,06
201200010832,12,5,26,1930,1,2,1,1.0,3,06069,M,,,06
201200010833,12,5,31,900,1,2,1,1.0,6,06069,M,,,06
201200010834,12,6,1,730,1,2,1,1.0,2,06069,M,,,06
201200010835,12,6,5,1655,1,2,1,1.0,6,06069,M,,,06
201200010836,12,6,6,1905,1,2,1,1.0,7,06069,M,,,06
201200010837,12,6,7,715,1,2,1,1.0,6,06069,M,,,06
201200010838,12,6,7,755,1,2,1,1.0,3,06069,M,,,06
201200010839,12,6,7,2145,2,2,6,1.0,3,06069,M,,,06
201200010840,12,6,8,1940,1,2,1,1.0,3,06069,M,,,06
201200010841,12,6,9,1845,1,2,1,1.0,2,06069,M,,,06
201200010842,12,6,11,1345,1,2,3,1.0,3,06069,M,,,06
201200010843,12,6,11,1640,1,2,1,1.0,2,06069,M,,,06
201200010844,12,6,15,1420,1,2,1,1.0,6,06069,M,,,06
201200010845,12,6,16,650,2,2,1,1.0,1,06069,M,,,06
201200010846,12,6,19,700,1,2,1,1.0,7,06069,M,,,06
201200010847,12,6,19,2100,2,2,1,1.0,1,06069,M,,,06
201200010848,12,6,20,1,5,2,1,1.0,6,06069,M,,,06
201200010849,12,6,20,1230,1,2,1,1.0,3,06069,M,,,06
201200010850,12,6,21,2100,1,2,1,1.0,1,06069,M,,,06
201200010851,12,6,23,1205,1,2,1,1.0,2,06069,M,,,06
201200010852,12,6,24,1855,1,2,1,1.0,7,06069,M,,,06
201200010853,12,6,27,1555,1,2,6,1.0,3,06069,M,,,06
201200010854,12,7,4,1210,1,2,1,1.0,3,06069,M,,,06
201200010855,12,7,6,1848,1,2,1,1.0,6,06069,M,,,06
201200010856,12,7,9,1530,1,2,1,1.0,7,06069,M,,,06
201200010857,12,7,9,1825,1,2,3,1.0,3,06069,M,,,06
201200010858,12,7,11,1537,1,2,3,1.0,6,06069,M,,,06
201200010859,12,7,12,1140,1,2,1,1.0,3,06069,M,,,06
201200010860,12,7,13,1456,1,2,3,1.0,3,06069,M,,,06
201200010861,12,7,14,1125,1,2,3,1.0,2,06069,M,,,06
201200010862,12,7,17,630,1,2,1,1.0,1,06069,M,,,06
201200010863,12,7,17,1215,1,2,1,1.0,3,06069,M,,,06
201200010864,12,7,17,1620,1,2,6,1.0,3,06069,M,,,06
201200010865,12,7,21,1220,1,2,1,1.0,2,06069,M,,,06
201200010866,12,7,23,705,1,2,1,1.0,6,06069,M,,,06
201200010867,12,7,24,1721,1,2,1,7.0,1,06069,M,,,06
201200010868,12,7,27,1915,1,2,6,1.0,3,06069,M,,,06
201200010869,12,8,2,750,1,2,1,1.0,3,06069,M,,,06
201200010870,12,8,2,1930,1,2,3,1.0,3,06069,M,,,06
201200010871,12,8,6,1440,1,2,1,1.0,4,06069,M,,,06
201200010872,12,8,6,1800,1,2,1,1.0,6,06069,M,,,06
201200010873,12,8,10,1045,1,2,1,1.0,2,06069,M,,,06
201200010874,12,8,11,955,1,2,1,1.0,7,06069,M,,,06
201200010875,12,8,16,1610,1,2,4,1.0,2,06069,M,,,06
201200010876,12,8,22,930,1,2,1,1.0,6,06069,M,,,06
201200010877,12,8,22,1745,1,2,1,1.0,2,06069,M,,,06
201200010878,12,8,23,910,1,2,3,1.0,3,06069,M,,,06
201200010879,12,8,23,1805,1,2,1,1.0,6,06069,M,,,06
201200010880,12,8,23,1820,1,2,1,1.0,1,06069,M,,,06
201200010881,12,8,25,335,5,2,1,1.0,7,06069,M,,,06
201200010882,12,8,25,1930,1,2,1,1.0,1,06069,M,,,06
201200010883,12,8,26,1135,1,2,1,1.0,7,06069,M,,,06
201200010884,12,8,27,930,1,2,1,1.0,3,06069,M,,,06
201200010885,12,8,31,1225,1,2,1,1.0,6,06069,M,,,06
201200010886,12,9,1,1035,1,2,1,1.0,3,06069,M,,,06
201200010887,12,9,3,755,1,2,1,1.0,7,06069,M,,,06
201200010888,12,9,3,2005,2,2,1,1.0,2,06069,M,,,06
201200010889,12,9,4,1110,1,2,1,1.0,6,06069,M,,,06
201200010890,12,9,5,830,1,2,1,1.0,2,06069,M,,,06
201200010891,12,9,5,1000,1,1,1,1.0,1,06069,M,,,06
201200010892,12,9,10,755,1,2,1,1.0,4,06069,M,,,06
201200010893,12,9,10,1050,1,2,1,1.0,7,06069,M,,,06
201200010894,12,9,11,1345,1,2,1,1.0,2,06069,M,,,06
201200010895,12,9,11,1800,1,2,1,1.0,7,06069,M,,,06
201200010896,12,9,15,1120,1,2,1,1.0,2,06069,M,,,06
201200010897,12,9,18,1210,1,2,1,1.0,7,06069,M,,,06
201200010898,12,9,23,2100,5,2,1,1.0,1,06069,M,,,06
201200010899,12,9,24,1025,1,2,1,3.0,7,06069,M,,,06
201200010900,12,9,24,1440,1,2,1,1.0,7,06069,M,,,06
201200010901,12,9,25,730,1,2,1,2.0,1,06069,M,,,06
201200010902,12,9,26,1625,1,2,1,2.0,1,06069,M,,,06
201200010903,12,9,26,2050,5,2,1,3.0,2,06069,M,,,06
201200010904,12,9,28,1255,1,2,1,1.0,7,06069,M,,,06
201200010905,12,9,29,1415,1,2,1,2.0,1,06069,M,,,06
201200010906,12,10,1,1100,1,2,1,1.0,6,06069,M,,,06
201200010907,12,10,4,1550,1,2,1,1.0,3,06069,M,,,06
201200010908,12,10,4,1820,1,2,1,1.0,2,06069,M,,,06
201200010909,12,10,5,1500,1,2,1,1.0,3,06069,M,,,06
201200010910,12,10,12,1200,1,2,1,1.0,3,06069,M,,,06
201200010911,12,10,12,1215,1,2,1,1.0,2,06069,M,,,06
201200010912,12,10,12,1515,1,2,3,1.0,3,06069,M,,,06
201200010913,12,10,12,1650,1,2,1,1.0,3,06069,M,,,06
201200010914,12,10,13,1300,1,2,1,1.0,7,06069,M,,,06
201200010915,12,10,15,750,1,2,1,1.0,3,06069,M,,,06
201200010916,12,10,15,1325,1,2,3,1.0,3,06069,M,,,06
201200010917,12,10,16,1645,1,2,1,1.0,2,06069,M,,,06
201200010918,12,10,17,1715,1,1,1,1.0,6,06069,M,,,06
201200010919,12,10,20,1650,1,2,1,1.0,2,06069,M,,,06
201200010920,12,10,24,800,1,2,1,1.0,1,06069,M,,,06
201200010921,12,10,26,755,2,2,1,3.0,3,06069,M,,,06
201200010922,12,11,5,2140,3,1,1,1.0,7,06069,M,,,06
201200010923,12,11,8,2215,5,2,3,1.0,3,06069,M,,,06
201200010924,12,11,9,930,1,2,1,7.0,3,06069,M,,,06
201200010925,12,11,9,1920,5,2,1,1.0,7,06069,M,,,06
201200010926,12,11,11,1720,2,2,1,1.0,6,06069,M,,,06
201200010927,12,11,13,1900,2,2,1,1.0,6,06069,M,,,06
201200010928,12,11,14,1345,1,2,1,1.0,4,06069,M,,,06
201200010929,12,11,14,1730,1,2,1,1.0,7,06069,M,,,06
201200010930,12,11,15,1040,1,2,1,1.0,3,06069,M,,,06
201200010931,12,11,16,910,1,2,1,1.0,6,06069,M,,,06
201200010932,12,11,17,1800,5,2,1,1.0,1,06069,M,,,06
201200010933,12,11,18,1420,1,2,1,1.0,7,06069,M,,,06
201200010934,12,11,19,1920,5,2,1,1.0,1,06069,M,,,06
201200010935,12,11,20,830,1,2,1,1.0,2,06069,M,,,06
201200010936,12,11,20,1800,5,2,1,1.0,3,06069,M,,,06
201200010937,12,11,21,1210,1,2,1,1.0,3,06069,M,,,06
201200010938,12,11,25,2230,5,2,1,1.0,7,06069,M,,,06
201200010939,12,11,26,815,1,2,1,1.0,4,06069,M,,,06
201200010940,12,11,26,1005,1,2,1,1.0,6,06069,M,,,06
201200010941,12,11,26,1840,5,2,1,1.0,5,06069,M,,,06
201200010942,12,11,28,1300,1,2,1,1.0,7,06069,M,,,06
201200010943,12,12,1,2335,5,2,1,1.0,7,06069,M,,,06
201200010944,12,12,2,200,5,2,1,1.0,6,06069,M,,,06
201200010945,12,12,3,815,1,2,1,1.0,4,06069,M,,,06
201200010946,12,12,4,1035,1,2,1,1.0,6,06069,M,,,06
201200010947,12,12,5,1015,1,2,1,1.0,6,06069,M,,,06
201200010948,12,12,6,915,1,2,3,1.0,3,06069,M,,,06
201200010949,12,12,6,935,1,2,1,1.0,6,06069,M,,,06
201200010950,12,12,7,2335,5,2,1,1.0,6,06069,M,,,06
201200010951,12,12,8,1000,1,2,3,1.0,3,06069,M,,,06
201200010952,12,12,9,510,5,2,1,1.0,7,06069,M,,,06
201200010953,12,12,14,730,2,2,1,1.0,7,06069,M,,,06
201200010954,12,12,11,825,1,1,1,1.0,7,06069,M,,,06
201200010955,12,12,11,1145,1,2,1,1.0,3,06069,M,,,06
201200010956,12,12,13,835,1,2,3,1.0,1,06069,M,,,06
201200010957,12,12,16,1035,1,2,1,1.0,3,06069,M,,,06
201200010958,12,12,16,1700,1,2,1,1.0,7,06069,M,,,06
201200010959,12,12,20,750,1,2,1,8.0,2,06069,M,,,06
201200010960,12,12,21,2045,5,2,1,8.0,3,06069,M,,,06
201200010961,12,12,22,1240,1,2,1,1.0,6,06069,M,,,06
201200010962,12,12,24,1625,1,2,1,1.0,6,06069,M,,,06
201200010963,12,12,28,2135,5,2,1,1.0,7,06069,M,,,06
201200010964,12,1,1,735,1,2,1,1.0,6,06104,M,,,06
201200010965,12,1,1,250,5,2,1,1.0,6,06083,M,,,06
201200010966,12,1,11,1230,1,2,1,1.0,6,06083,M,,,06
201200010967,12,1,16,2300,3,1,1,1.0,7,06104,M,,,06
201200010968,12,1,17,2025,5,2,1,1.0,6,06083,M,,,06
201200010969,12,1,19,500,5,2,1,1.0,6,06104,M,,,06
201200010970,12,1,28,950,1,2,1,3.0,1,06012,M,,,06
201200010971,12,1,28,1830,4,2,1,2.0,6,06083,M,,,06
201200010972,12,1,28,1930,5,2,1,2.0,7,06083,M,,,06
201200010973,12,2,7,825,1,2,1,1.0,6,06104,M,,,06
201200010974,12,2,15,1000,1,2,1,1.0,1,06083,M,,,06
201200010975,12,2,21,630,5,2,3,1.0,3,06083,M,,,06
201200010976,12,3,3,1120,1,2,1,1.0,3,06083,M,,,06
201200010977,12,2,23,2225,5,2,3,1.0,3,06083,M,,,06
201200010978,12,3,2,2050,5,2,3,1.0,3,06083,M,,,06
201200010979,12,3,3,1105,1,2,1,1.0,6,06083,M,,,06
201200010980,12,3,7,2305,5,2,3,1.0,3,06083,M,,,06
201200010981,12,3,16,1350,1,2,1,1.0,6,06083,M,,,06
201200010982,12,3,22,1845,2,2,1,1.0,3,06083,M,,,06
201200010983,12,4,3,1530,1,2,1,1.0,6,06083,M,,,06
201200010984,12,4,10,1620,1,2,1,2.0,6,06083,M,,,06
201200010985,12,4,19,1834,1,2,1,3.0,6,06083,M,,,06
201200010986,12,4,16,1005,1,2,1,1.0,6,06083,M,,,06
201200010987,12,4,18,1220,1,2,1,1.0,7,06083,M,,,06
201200010988,12,4,21,1340,1,2,3,1.0,6,06012,M,,,06
201200010989,12,4,22,1515,1,2,1,1.0,1,06083,M,,,06
201200010990,12,4,23,2220,5,2,1,2.0,6,06083,M,,,06
201200010991,12,4,27,2200,5,2,3,1.0,1,06012,M,,,06
201200010992,12,4,29,1920,1,2,1,1.0,3,06083,M,,,06
201200010993,12,4,27,1830,1,2,4,1.0,6,06083,M,,,06
201200010994,12,5,9,748,1,2,1,1.0,6,06083,M,,,06
201200010995,12,5,12,205,5,2,1,1.0,6,06104,M,,,06
201200010996,12,5,16,1334,1,2,1,1.0,6,06012,M,,,06
201200010997,12,5,11,930,1,2,1,1.0,6,06104,M,,,06
201200010998,12,5,21,1430,1,2,1,2.0,1,06012,M,,,06
201200010999,12,5,18,1615,1,2,2,1.0,6,06083,M,,,06
201200011000,12,5,23,1350,1,2,6,1.0,6,06083,M,,,06
201200011001,12,5,27,117,5,2,1,1.0,7,06104,M,,,06
201200011002,12,5,31,1510,1,2,6,1.0,6,06083,M,,,06
201200011003,12,6,1,2040,2,2,4,1.0,3,06083,M,,,06
201200011004,12,6,7,1253,1,1,3,7.0,3,06083,M,,,06
201200011005,12,6,5,2105,2,2,3,1.0,3,06012,M,,,06
201200011006,12,6,9,2325,5,2,1,1.0,2,06104,M,,,06
201200011007,12,6,12,10,5,2,1,2.0,7,06012,M,,,06
201200011008,12,6,15,35,5,2,1,1.0,3,06104,M,,,06
201200011009,12,6,19,30,5,2,1,1.0,6,06104,M,,,06
201200011010,12,6,26,2100,2,2,1,1.0,5,06012,M,,,06
201200011011,12,7,5,712,1,2,1,1.0,2,06104,M,,,06
201200011012,12,7,7,1145,1,2,2,1.0,3,06083,M,,,06
201200011013,12,7,9,2035,1,2,3,1.0,3,06104,M,,,06
201200011014,12,7,7,955,1,2,1,1.0,6,06083,M,,,06
201200011015,12,7,11,1004,1,2,4,7.0,3,06012,M,,,06
201200011016,12,7,13,2030,1,2,3,1.0,1,06083,M,,,06
201200011017,12,7,16,1755,1,2,2,1.0,6,06083,M,,,06
201200011018,12,7,17,2040,2,2,1,1.0,6,06083,M,,,06
201200011019,12,7,18,1610,1,1,3,1.0,1,06083,M,,,06
201200011020,12,8,1,1655,1,2,1,1.0,4,06083,M,,,06
201200011021,12,8,7,110,5,2,1,1.0,6,06083,M,,,06
201200011022,12,8,22,1950,2,2,1,1.0,5,06083,M,,,06
201200011023,12,8,22,835,1,2,3,1.0,3,06083,M,,,06
201200011024,12,8,29,1805,1,1,1,1.0,6,06012,M,,,06
201200011025,12,8,8,2014,2,2,6,1.0,3,06104,M,,,06
201200011026,12,8,30,1000,1,2,1,1.0,6,06083,M,,,06
201200011027,12,9,1,2125,5,2,1,1.0,6,06083,M,,,06
201200011028,12,9,3,2025,3,1,1,1.0,1,06012,M,,,06
201200011029,12,9,4,1445,1,2,1,1.0,6,06104,M,,,06
201200011030,12,9,6,2020,2,2,1,1.0,3,06104,M,,,06
201200011031,12,9,11,1645,1,1,1,1.0,1,06083,M,,,06
201200011032,12,9,14,1845,1,2,1,1.0,6,06104,M,,,06
201200011033,12,9,17,2045,5,2,1,1.0,6,06083,M,,,06
201200011034,12,9,16,1520,1,2,3,1.0,5,06083,M,,,06
201200011035,12,9,20,1525,1,2,1,1.0,6,06083,M,,,06
201200011036,12,9,22,1055,1,2,1,1.0,6,06083,M,,,06
201200011037,12,9,26,1045,1,2,1,1.0,6,06083,M,,,06
201200011038,12,9,25,1400,1,2,1,2.0,6,06083,M,,,06
201200011039,12,10,3,750,1,2,1,1.0,7,06104,M,,,06
201200011040,12,10,7,945,1,2,1,1.0,7,06012,M,,,06
201200011041,12,10,12,1054,1,2,1,1.0,6,06104,M,,,06
201200011042,12,10,25,1850,5,2,1,1.0,6,06083,M,,,06
201200011043,12,10,26,103,5,2,1,1.0,1,06104,M,,,06
201200011044,12,11,2,1410,1,2,1,1.0,2,06083,M,,,06
201200011045,12,11,2,1655,1,2,1,1.0,2,06104,M,,,06
201200011046,12,11,6,1940,5,2,3,1.0,3,06012,M,,,06
201200011047,12,10,28,530,5,2,1,2.0,6,06104,M,,,06
201200011048,12,11,9,1745,5,2,2,2.0,6,06104,M,,,06
201200011049,12,11,12,956,1,2,1,1.0,6,06083,M,,,06
201200011050,12,11,11,1400,1,2,1,1.0,6,06083,M,,,06
201200011051,12,11,15,740,1,2,1,1.0,6,06012,M,,,06
201200011052,12,11,15,755,1,2,1,1.0,6,06083,M,,,06
201200011053,12,11,13,1530,1,2,1,1.0,1,06104,M,,,06
201200011054,12,11,16,1532,1,2,1,1.0,2,06083,M,,,06
201200011055,12,11,20,840,1,2,6,1.0,3,06104,M,,,06
201200011056,12,11,23,818,1,2,1,1.0,2,06012,M,,,06
201200011057,12,11,23,1240,1,2,3,1.0,6,06083,M,,,06
201200011058,12,12,2,45,5,2,1,1.0,6,06083,M,,,06
201200011059,12,12,4,1718,5,2,1,1.0,2,06083,M,,,06
201200011060,12,12,9,1200,1,2,2,1.0,3,06083,M,,,06
201200011061,12,12,9,2118,5,2,1,1.0,6,06083,M,,,06
201200011062,12,12,10,1300,1,2,1,1.0,3,06012,M,,,06
201200011063,12,12,24,2040,5,2,1,1.0,5,06083,M,,,06
201200011064,12,1,1,130,5,2,1,1.0,6,06088,M,,,06
201200011065,12,1,2,1030,1,2,1,1.0,3,06088,M,,,06
201200011066,12,1,2,1529,1,2,1,2.0,4,06088,M,,,06
201200011067,12,1,3,730,2,1,1,1.0,6,06088,M,,,06
201200011068,12,1,3,947,1,2,1,1.0,6,06088,M,,,06
201200011069,12,1,3,1410,1,2,1,1.0,6,06088,M,,,06
201200011070,12,1,3,2140,5,2,1,1.0,2,06088,M,,,06
201200011071,12,1,4,1340,1,2,1,1.0,2,06088,M,,,06
201200011072,12,1,6,1325,1,2,1,1.0,3,06088,M,,,06
201200011073,12,1,6,1715,1,2,1,1.0,3,06088,M,,,06
201200011074,12,1,6,1730,5,2,1,1.0,6,06088,M,,,06
201200011075,12,1,6,1930,5,2,1,1.0,3,06088,M,,,06
201200011076,12,1,7,2108,5,2,1,1.0,6,06088,M,,,06
201200011077,12,1,8,1410,1,2,1,1.0,6,06088,M,,,06
201200011078,12,1,9,1230,1,2,1,1.0,4,06088,M,,,06
201200011079,12,1,9,1745,1,2,1,1.0,3,06088,M,,,06
201200011080,12,1,9,1815,5,2,1,1.0,6,06088,M,,,06
201200011081,12,1,10,820,1,2,1,1.0,6,06088,M,,,06
201200011082,12,1,10,946,1,2,6,1.0,2,06088,M,,,06
201200011083,12,1,10,1200,1,2,1,1.0,4,06088,M,,,06
201200011084,12,1,10,1825,5,2,1,1.0,6,06088,M,,,06
201200011085,12,1,11,1205,1,2,1,1.0,6,06088,M,,,06
201200011086,12,1,12,1,5,2,1,1.0,6,06088,M,,,06
201200011087,12,1,12,1755,3,2,1,1.0,6,06088,M,,,06
201200011088,12,1,12,1815,5,2,1,1.0,6,06088,M,,,06
201200011089,12,1,13,50,5,2,1,1.0,6,06088,M,,,06