Num_Acc,an,mois,jour,hrmn,lum,agg,int,atm,col,com,gps,lat,long,dep
201200011090,12,1,13,1740,5,2,2,1.0,3,06088,M,,,06
201200011091,12,1,13,1900,5,2,1,1.0,4,06088,M,,,06
201200011092,12,1,14,1815,5,2,1,1.0,3,06088,M,,,06
201200011093,12,1,14,1835,5,2,1,1.0,3,06088,M,,,06
201200011094,12,1,15,500,5,2,2,1.0,3,06088,M,,,06
201200011095,12,1,15,1130,1,2,2,1.0,3,06088,M,,,06
201200011096,12,1,16,1230,1,1,1,1.0,3,06088,M,,,06
201200011097,12,1,16,1800,5,2,1,1.0,3,06088,M,,,06
201200011098,12,1,16,1855,5,2,1,1.0,6,06088,M,,,06
201200011099,12,1,17,740,1,2,2,1.0,3,06088,M,,,06
201200011100,12,1,17,755,1,2,1,1.0,3,06088,M,,,06
201200011101,12,1,17,945,1,2,2,1.0,3,06088,M,,,06
201200011102,12,1,17,1615,1,2,1,1.0,6,06088,M,,,06
201200011103,12,1,17,2250,5,2,1,1.0,2,06088,M,,,06
201200011104,12,1,18,1800,1,2,1,1.0,6,06088,M,,,06
201200011105,12,1,18,1830,5,2,1,1.0,4,06088,M,,,06
201200011106,12,1,18,1900,5,2,3,1.0,6,06088,M,,,06
201200011107,12,1,18,1900,5,2,1,1.0,2,06088,M,,,06
201200011108,12,1,18,2050,5,2,2,1.0,6,06088,M,,,06
201200011109,12,1,19,1330,1,2,1,1.0,3,06088,M,,,06
201200011110,12,1,19,1640,1,2,3,1.0,6,06088,M,,,06
201200011111,12,1,20,730,1,2,1,1.0,3,06159,M,,,06
201200011112,12,1,20,750,1,2,1,1.0,3,06088,M,,,06
201200011113,12,1,20,1100,1,2,1,1.0,6,06088,M,,,06
201200011114,12,1,20,1355,1,2,1,1.0,4,06088,M,,,06
201200011115,12,1,20,1605,1,2,1,1.0,6,06088,M,,,06
201200011116,12,1,20,2200,5,2,1,1.0,6,06088,M,,,06
201200011117,12,1,21,12,5,2,1,1.0,2,06088,M,,,06
201200011118,12,1,21,1300,1,2,1,1.0,3,06088,M,,,06
201200011119,12,1,21,1515,1,2,1,1.0,3,06088,M,,,06
201200011120,12,1,21,1645,1,2,1,1.0,6,06088,M,,,06
201200011121,12,1,22,745,1,2,1,1.0,6,06088,M,,,06
201200011122,12,1,22,1525,1,2,1,1.0,6,06088,M,,,06
201200011123,12,1,23,1619,1,2,3,1.0,3,06088,M,,,06
201200011124,12,1,23,1545,1,2,1,1.0,6,06121,M,,,06
201200011125,12,1,24,730,2,2,1,1.0,6,06088,M,,,06
201200011126,12,1,24,1345,1,2,3,1.0,3,06088,M,,,06
201200011127,12,1,24,1650,1,2,1,1.0,6,06088,M,,,06
201200011128,12,1,24,1830,5,2,1,1.0,6,06088,M,,,06
201200011129,12,1,25,1630,1,2,1,1.0,6,06088,M,,,06
201200011130,12,1,25,1845,5,2,2,1.0,3,06088,M,,,06
201200011131,12,1,26,815,1,2,1,8.0,3,06088,M,,,06
201200011132,12,1,27,1745,2,2,1,1.0,3,06088,M,,,06
201200011133,12,1,27,2130,5,2,2,1.0,3,06088,M,,,06
201200011134,12,1,28,1240,1,2,1,1.0,7,06088,M,,,06
201200011135,12,1,28,1310,1,2,1,1.0,3,06088,M,,,06
201200011136,12,1,30,1900,2,2,2,2.0,3,06088,M,,,06
201200011137,12,1,31,845,1,2,1,1.0,2,06088,M,,,06
201200011138,12,1,31,1245,1,2,1,1.0,1,06088,M,,,06
201200011139,12,1,31,1815,5,2,2,4.0,3,06088,M,,,06
201200011140,12,2,1,1530,1,2,1,1.0,3,06088,M,,,06
201200011141,12,2,2,30,5,2,2,1.0,3,06088,M,,,06
201200011142,12,2,2,305,5,2,1,1.0,2,06088,M,,,06
201200011143,12,2,2,730,1,2,1,1.0,3,06088,M,,,06
201200011144,12,2,2,800,1,2,1,1.0,6,06088,M,,,06
201200011145,12,2,2,1640,1,2,1,1.0,3,06088,M,,,06
201200011146,12,2,3,1300,1,2,1,1.0,2,06088,M,,,06
201200011147,12,2,3,1315,1,2,1,1.0,4,06088,M,,,06
201200011148,12,2,4,1020,1,2,3,1.0,3,06088,M,,,06
201200011149,12,2,4,1520,1,2,1,1.0,6,06088,M,,,06
201200011150,12,2,6,1350,1,2,1,1.0,5,06088,M,,,06
201200011151,12,2,7,1400,1,2,1,1.0,6,06088,M,,,06
201200011152,12,2,8,1345,1,2,1,1.0,4,06088,M,,,06
201200011153,12,2,8,1915,5,2,1,1.0,6,06088,M,,,06
201200011154,12,2,9,1225,1,2,1,1.0,1,06088,M,,,06
201200011155,12,2,9,2300,5,2,1,1.0,1,06088,M,,,06
201200011156,12,2,11,1100,1,2,2,1.0,3,06088,M,,,06
201200011157,12,2,11,1520,1,2,1,1.0,6,06088,M,,,06
201200011158,12,2,11,1820,5,2,1,2.0,1,06088,M,,,06
201200011159,12,2,11,1945,5,2,1,1.0,1,06088,M,,,06
201200011160,12,2,12,1350,1,2,1,1.0,7,06088,M,,,06
201200011161,12,2,13,820,1,2,2,1.0,3,06088,M,,,06
201200011162,12,2,13,930,1,2,1,1.0,6,06088,M,,,06
201200011163,12,2,13,955,1,2,1,1.0,3,06088,M,,,06
201200011164,12,2,14,1235,1,2,1,1.0,6,06088,M,,,06
201200011165,12,2,14,1500,1,2,1,1.0,2,06088,M,,,06
201200011166,12,2,14,1545,1,2,1,1.0,6,06088,M,,,06
201200011167,12,2,14,1910,5,2,1,1.0,6,06088,M,,,06
201200011168,12,2,15,1000,1,2,1,1.0,2,06088,M,,,06
201200011169,12,2,15,1558,1,2,1,1.0,2,06088,M,,,06
201200011170,12,2,16,900,1,2,1,1.0,6,06088,M,,,06
201200011171,12,2,16,1850,5,2,1,1.0,3,06088,M,,,06
201200011172,12,2,16,2105,5,2,3,1.0,3,06088,M,,,06
201200011173,12,2,17,900,1,2,2,1.0,3,06088,M,,,06
201200011174,12,2,18,1300,1,2,1,1.0,2,06088,M,,,06
201200011175,12,2,18,1530,1,2,1,1.0,2,06088,M,,,06
201200011176,12,2,18,1845,5,2,1,1.0,6,06088,M,,,06
201200011177,12,2,20,755,1,2,1,2.0,3,06088,M,,,06
201200011178,12,2,21,750,1,2,1,1.0,6,06088,M,,,06
201200011179,12,2,21,815,1,2,1,1.0,6,06088,M,,,06
201200011180,12,2,21,1240,1,2,1,1.0,1,06088,M,,,06
201200011181,12,2,21,2330,5,2,2,1.0,3,06088,M,,,06
201200011182,12,2,22,910,1,2,1,1.0,2,06088,M,,,06
201200011183,12,2,22,1050,1,2,1,1.0,3,06088,M,,,06
201200011184,12,2,22,2040,5,2,1,1.0,1,06088,M,,,06
201200011185,12,2,22,2035,5,2,2,1.0,3,06088,M,,,06
201200011186,12,2,23,1450,1,2,1,1.0,6,06088,M,,,06
201200011187,12,2,23,1700,1,2,1,1.0,6,06088,M,,,06
201200011188,12,2,23,1835,2,2,1,1.0,3,06088,M,,,06
201200011189,12,2,23,2315,5,2,2,1.0,3,06088,M,,,06
201200011190,12,2,24,820,1,2,1,1.0,6,06088,M,,,06
201200011191,12,2,24,1040,1,2,1,1.0,2,06088,M,,,06
201200011192,12,2,25,1210,1,2,1,1.0,6,06088,M,,,06
201200011193,12,2,25,1500,1,2,1,1.0,7,06088,M,,,06
201200011194,12,2,25,1835,2,2,1,1.0,6,06088,M,,,06
201200011195,12,2,26,1615,1,2,2,1.0,3,06088,M,,,06
201200011196,12,2,26,1940,5,2,1,1.0,2,06088,M,,,06
201200011197,12,2,27,1115,1,2,1,1.0,3,06088,M,,,06
201200011198,12,2,27,1215,1,2,1,1.0,6,06088,M,,,06
201200011199,12,2,28,710,1,2,3,1.0,3,06088,M,,,06
201200011200,12,2,28,940,1,2,1,1.0,6,06088,M,,,06
201200011201,12,2,28,1210,1,2,1,1.0,3,06088,M,,,06
201200011202,12,2,28,1230,1,2,1,1.0,3,06088,M,,,06
201200011203,12,3,2,55,5,2,2,1.0,3,06088,M,,,06
201200011204,12,3,2,852,1,2,1,1.0,6,06088,M,,,06
201200011205,12,3,2,1315,1,2,1,1.0,6,06088,M,,,06
201200011206,12,3,2,1620,1,2,1,1.0,2,06088,M,,,06
201200011207,12,3,2,2005,5,2,1,1.0,1,06088,M,,,06
201200011208,12,3,5,1220,1,2,1,1.0,2,06088,M,,,06
201200011209,12,3,5,1315,1,2,1,1.0,2,06088,M,,,06
201200011210,12,3,5,1420,1,2,1,1.0,6,06088,M,,,06
201200011211,12,3,5,1500,1,2,1,1.0,2,06088,M,,,06
201200011212,12,3,5,1805,5,2,1,1.0,3,06088,M,,,06
201200011213,12,3,6,1430,1,2,2,1.0,3,06088,M,,,06
201200011214,12,3,6,1500,1,2,1,1.0,6,06088,M,,,06
201200011215,12,3,7,1010,1,2,1,1.0,5,06088,M,,,06
201200011216,12,3,7,1800,5,2,1,1.0,3,06088,M,,,06
201200011217,12,3,7,1800,5,2,1,1.0,2,06088,M,,,06
201200011218,12,3,7,2000,5,2,2,1.0,3,06088,M,,,06
201200011219,12,3,8,1000,1,2,1,1.0,4,06088,M,,,06
201200011220,12,3,8,1240,1,2,2,1.0,3,06088,M,,,06
201200011221,12,3,9,1200,1,2,1,1.0,6,06088,M,,,06
201200011222,12,3,9,1900,5,2,1,1.0,3,06088,M,,,06
201200011223,12,3,10,315,5,2,2,1.0,3,06088,M,,,06
201200011224,12,3,10,1530,1,2,1,1.0,3,06088,M,,,06
201200011225,12,3,12,1225,1,2,1,1.0,6,06088,M,,,06
201200011226,12,3,12,1600,1,2,1,1.0,2,06088,M,,,06
201200011227,12,3,13,1930,5,2,1,1.0,6,06088,M,,,06
201200011228,12,3,13,2125,5,2,1,1.0,3,06088,M,,,06
201200011229,12,3,14,1825,1,2,1,1.0,6,06088,M,,,06
201200011230,12,3,14,2105,5,2,1,1.0,6,06088,M,,,06
201200011231,12,3,15,725,1,2,1,1.0,6,06088,M,,,06
201200011232,12,3,16,1150,1,2,1,1.0,2,06088,M,,,06
201200011233,12,3,17,1710,1,2,1,1.0,6,06088,M,,,06
201200011234,12,3,17,1750,1,2,1,1.0,6,06088,M,,,06
201200011235,12,3,17,1815,2,2,1,1.0,4,06088,M,,,06
201200011236,12,3,17,40,5,2,1,1.0,5,06088,M,,,06
201200011237,12,3,18,1630,1,2,1,1.0,6,06088,M,,,06
201200011238,12,3,19,915,1,2,1,1.0,2,06088,M,,,06
201200011239,12,3,19,1735,1,2,1,1.0,3,06088,M,,,06
201200011240,12,3,19,1740,1,2,1,1.0,4,06088,M,,,06
201200011241,12,3,20,535,5,2,1,1.0,3,06088,M,,,06
201200011242,12,3,20,810,1,2,1,1.0,6,06088,M,,,06
201200011243,12,3,20,1610,1,2,1,1.0,2,06088,M,,,06
201200011244,12,3,21,836,1,2,1,1.0,3,06088,M,,,06
201200011245,12,3,22,1040,1,2,1,1.0,2,06088,M,,,06
201200011246,12,3,22,1414,1,2,1,1.0,6,06088,M,,,06
201200011247,12,3,22,1645,1,2,1,1.0,2,06088,M,,,06
201200011248,12,3,23,1000,1,2,1,1.0,1,06088,M,,,06
201200011249,12,3,23,1645,1,2,1,1.0,2,06088,M,,,06
201200011250,12,3,24,1005,1,2,1,1.0,6,06088,M,,,06
201200011251,12,3,24,2220,5,2,1,1.0,2,06088,M,,,06
201200011252,12,3,26,730,2,2,1,1.0,3,06088,M,,,06
201200011253,12,3,26,1120,1,2,1,1.0,2,06088,M,,,06
201200011254,12,3,26,1955,2,2,1,1.0,3,06088,M,,,06
201200011255,12,3,27,1545,1,2,1,1.0,6,06088,M,,,06
201200011256,12,3,27,1600,1,2,2,1.0,3,06088,M,,,06
201200011257,12,3,27,1815,1,2,1,1.0,4,06088,M,,,06
201200011258,12,3,28,35,5,2,1,1.0,6,06088,M,,,06
201200011259,12,3,28,45,5,2,1,1.0,2,06088,M,,,06
201200011260,12,3,28,1415,1,2,1,1.0,6,06088,M,,,06
201200011261,12,3,28,1525,1,2,1,1.0,6,06088,M,,,06
201200011262,12,3,28,1600,1,2,1,1.0,3,06159,M,,,06
201200011263,12,3,28,1640,1,2,1,1.0,6,06088,M,,,06
201200011264,12,3,29,725,1,2,1,1.0,3,06088,M,,,06
201200011265,12,3,29,800,1,2,1,1.0,3,06088,M,,,06
201200011266,12,3,29,1045,1,2,1,1.0,1,06088,M,,,06
201200011267,12,3,29,1050,1,2,1,1.0,7,06088,M,,,06
201200011268,12,3,29,1310,1,2,1,1.0,3,06088,M,,,06
201200011269,12,3,30,845,1,1,1,1.0,3,06088,M,,,06
201200011270,12,3,31,250,5,2,1,1.0,6,06088,M,,,06
201200011271,12,3,31,1630,1,2,1,1.0,2,06159,M,,,06
201200011272,12,4,2,1500,1,2,3,1.0,3,06088,M,,,06
201200011273,12,4,3,1545,1,2,2,1.0,6,06088,M,,,06
201200011274,12,4,4,315,5,2,1,2.0,6,06088,M,,,06
201200011275,12,4,4,730,1,2,1,1.0,3,06088,M,,,06
201200011276,12,4,4,1715,1,2,1,2.0,2,06088,M,,,06
201200011277,12,4,5,1310,1,2,1,1.0,6,06088,M,,,06
201200011278,12,4,5,2150,5,2,1,1.0,6,06088,M,,,06
201200011279,12,4,6,215,5,2,2,1.0,3,06088,M,,,06
201200011280,12,4,6,730,1,2,1,1.0,2,06088,M,,,06
201200011281,12,4,6,1430,1,2,1,1.0,3,06088,M,,,06
201200011282,12,4,6,1530,1,2,1,1.0,3,06088,M,,,06
201200011283,12,4,7,1630,1,2,1,1.0,2,06088,M,,,06
201200011284,12,4,8,1810,1,2,1,1.0,2,06088,M,,,06
201200011285,12,4,9,1745,1,2,2,1.0,3,06088,M,,,06
201200011286,12,4,10,820,1,2,1,1.0,2,06088,M,,,06
201200011287,12,4,10,1245,5,2,1,1.0,2,06088,M,,,06
201200011288,12,4,10,1400,1,2,1,1.0,6,06088,M,,,06
201200011289,12,4,10,1850,5,2,2,3.0,6,06088,M,,,06
201200011290,12,4,10,2125,5,2,1,3.0,6,06088,M,,,06
201200011291,12,4,11,1710,1,2,1,1.0,6,06088,M,,,06
201200011292,12,4,12,920,1,2,1,1.0,6,06088,M,,,06
201200011293,12,4,12,1750,1,2,1,1.0,3,06088,M,,,06
201200011294,12,4,13,940,1,2,1,2.0,2,06088,M,,,06
201200011295,12,4,13,1145,1,2,1,1.0,3,06088,M,,,06
201200011296,12,4,13,1430,1,2,1,1.0,5,06088,M,,,06
201200011297,12,4,13,1650,1,2,1,1.0,6,06088,M,,,06
201200011298,12,4,13,2200,5,2,1,1.0,6,06088,M,,,06
201200011299,12,4,14,305,5,2,1,1.0,7,06088,M,,,06
201200011300,12,4,14,1615,1,2,1,1.0,3,06088,M,,,06
201200011301,12,4,14,2120,5,2,2,1.0,3,06088,M,,,06
201200011302,12,4,16,800,1,2,1,1.0,3,06088,M,,,06
201200011303,12,4,16,1630,1,2,1,1.0,3,06088,M,,,06
201200011304,12,4,17,1,5,2,2,1.0,3,06088,M,,,06
201200011305,12,4,17,1310,1,2,1,1.0,2,06088,M,,,06
201200011306,12,4,17,1405,1,2,1,1.0,3,06088,M,,,06
201200011307,12,4,17,2100,5,2,1,1.0,3,06088,M,,,06
201200011308,12,4,17,2310,5,2,2,1.0,3,06088,M,,,06
201200011309,12,4,19,1045,1,2,1,1.0,3,06088,M,,,06
201200011310,12,4,19,1650,1,2,1,1.0,6,06088,M,,,06
201200011311,12,4,19,1835,1,2,1,1.0,3,06088,M,,,06
201200011312,12,4,20,940,1,2,1,1.0,6,06088,M,,,06
201200011313,12,4,20,1220,1,2,2,1.0,3,06088,M,,,06
201200011314,12,4,20,1820,1,2,1,1.0,3,06088,M,,,06
201200011315,12,4,21,25,5,2,2,1.0,3,06088,M,,,06
201200011316,12,4,21,815,1,2,1,1.0,2,06088,M,,,06
201200011317,12,4,21,1335,1,2,1,1.0,2,06088,M,,,06
201200011318,12,4,21,1900,1,2,1,1.0,5,06088,M,,,06
201200011319,12,4,21,1950,1,2,1,1.0,6,06088,M,,,06
201200011320,12,4,22,1310,1,2,1,1.0,6,06088,M,,,06
201200011321,12,4,23,1030,1,2,1,1.0,3,06088,M,,,06
201200011322,12,4,23,1205,1,2,1,1.0,6,06088,M,,,06
201200011323,12,4,23,1237,1,2,2,1.0,3,06088,M,,,06
201200011324,12,4,24,1950,1,2,2,1.0,3,06088,M,,,06
201200011325,12,4,24,2030,2,2,1,1.0,3,06088,M,,,06
201200011326,12,4,25,730,1,2,2,1.0,3,06088,M,,,06
201200011327,12,4,25,955,1,2,2,1.0,3,06088,M,,,06
201200011328,12,4,25,1145,1,2,1,1.0,6,06088,M,,,06
201200011329,12,4,25,1510,1,2,1,1.0,6,06088,M,,,06
201200011330,12,4,25,2320,5,2,1,1.0,3,06088,M,,,06
201200011331,12,4,26,1245,1,2,1,1.0,3,06088,M,,,06
201200011332,12,4,26,1714,1,2,1,1.0,6,06088,M,,,06
201200011333,12,4,26,2045,1,2,1,1.0,2,06088,M,,,06
201200011334,12,4,27,1530,1,2,1,1.0,6,06088,M,,,06
201200011335,12,4,27,1620,1,2,3,1.0,3,06088,M,,,06
201200011336,12,4,28,1950,1,2,2,1.0,3,06088,M,,,06
201200011337,12,4,28,2300,5,2,1,2.0,6,06088,M,,,06
201200011338,12,5,1,1230,1,2,1,1.0,6,06088,M,,,06
201200011339,12,5,2,1055,1,2,1,1.0,6,06088,M,,,06
201200011340,12,5,2,1205,1,2,1,1.0,6,06088,M,,,06
201200011341,12,5,2,1230,1,2,1,1.0,5,06088,M,,,06
201200011342,12,5,2,1530,1,2,1,1.0,2,06088,M,,,06
201200011343,12,5,2,1540,1,2,1,1.0,3,06088,M,,,06
201200011344,12,5,2,2015,1,2,1,1.0,2,06088,M,,,06
201200011345,12,5,3,840,1,2,1,1.0,6,06088,M,,,06
201200011346,12,5,3,1520,1,2,2,1.0,3,06088,M,,,06
201200011347,12,5,3,1630,1,2,1,1.0,4,06088,M,,,06
201200011348,12,5,4,200,5,2,1,1.0,6,06088,M,,,06
201200011349,12,5,4,915,1,2,1,1.0,6,06088,M,,,06
201200011350,12,5,4,910,1,2,1,1.0,2,06088,M,,,06
201200011351,12,5,4,1050,1,2,1,1.0,3,06159,M,,,06
201200011352,12,5,5,940,1,2,2,1.0,3,06088,M,,,06
201200011353,12,5,5,1030,1,2,1,1.0,3,06088,M,,,06
201200011354,12,5,5,1535,1,2,1,1.0,4,06088,M,,,06
201200011355,12,5,5,1840,1,2,1,1.0,6,06088,M,,,06
201200011356,12,5,6,15,5,2,1,1.0,1,06088,M,,,06
201200011357,12,5,6,1830,1,2,1,1.0,6,06088,M,,,06
201200011358,12,5,6,2315,5,2,1,1.0,3,06088,M,,,06
201200011359,12,5,7,745,1,2,1,1.0,2,06088,M,,,06
201200011360,12,5,7,1500,1,2,1,1.0,6,06088,M,,,06
201200011361,12,5,9,745,1,2,1,1.0,2,06088,M,,,06
201200011362,12,5,9,840,1,2,1,1.0,6,06088,M,,,06
201200011363,12,5,9,1330,1,2,1,1.0,6,06088,M,,,06
201200011364,12,5,9,1710,1,2,1,1.0,6,06088,M,,,06
201200011365,12,5,9,2320,5,2,1,1.0,6,06088,M,,,06
201200011366,12,5,10,830,1,2,1,1.0,4,06088,M,,,06
201200011367,12,5,10,1430,1,2,1,1.0,6,06088,M,,,06
201200011368,12,5,10,1850,1,2,1,1.0,6,06088,M,,,06
201200011369,12,5,11,1000,1,2,1,1.0,2,06088,M,,,06
201200011370,12,5,11,1030,1,2,1,1.0,6,06088,M,,,06
201200011371,12,5,11,1345,1,2,1,1.0,7,06088,M,,,06
201200011372,12,5,12,1940,1,2,1,1.0,3,06088,M,,,06
201200011373,12,5,12,2150,5,2,1,1.0,3,06088,M,,,06
201200011374,12,5,13,110,5,2,1,1.0,6,06088,M,,,06
201200011375,12,5,13,620,5,2,1,1.0,6,06088,M,,,06
201200011376,12,5,13,1530,1,1,1,1.0,5,06159,M,,,06
201200011377,12,5,13,1700,1,2,1,1.0,6,06088,M,,,06
201200011378,12,5,14,1245,1,2,2,1.0,3,06088,M,,,06
201200011379,12,5,14,1420,1,2,2,1.0,6,06088,M,,,06
201200011380,12,5,15,30,4,2,1,1.0,2,06088,M,,,06
201200011381,12,5,15,1100,1,2,1,1.0,6,06088,M,,,06
201200011382,12,5,16,810,1,2,1,1.0,6,06088,M,,,06
201200011383,12,5,16,1315,1,2,1,1.0,2,06088,M,,,06
201200011384,12,5,16,1400,1,2,2,1.0,3,06088,M,,,06
201200011385,12,5,16,1545,1,2,1,1.0,6,06088,M,,,06
201200011386,12,5,16,1610,1,2,1,1.0,1,06088,M,,,06
201200011387,12,5,17,1900,1,2,1,1.0,6,06088,M,,,06
201200011388,12,5,17,2200,5,2,1,1.0,2,06088,M,,,06
201200011389,12,5,18,240,5,2,2,1.0,3,06088,M,,,06
201200011390,12,5,18,1125,1,2,2,2.0,3,06088,M,,,06
201200011391,12,5,18,1210,1,2,1,1.0,3,06088,M,,,06
201200011392,12,5,18,2010,1,2,1,1.0,4,06088,M,,,06
201200011393,12,5,19,125,5,2,1,1.0,3,06088,M,,,06
201200011394,12,5,19,1145,1,2,3,3.0,3,06088,M,,,06
201200011395,12,5,19,1500,1,2,2,1.0,3,06088,M,,,06
201200011396,12,5,19,1530,1,2,1,1.0,3,06088,M,,,06
201200011397,12,5,21,955,1,2,1,2.0,6,06088,M,,,06
201200011398,12,5,21,1220,1,2,2,2.0,3,06088,M,,,06
201200011399,12,5,21,1430,1,2,3,2.0,3,06088,M,,,06
201200011400,12,5,21,1605,1,2,1,2.0,3,06088,M,,,06
201200011401,12,5,22,1210,1,2,1,1.0,2,06088,M,,,06
201200011402,12,5,22,1900,1,2,1,1.0,3,06088,M,,,06
201200011403,12,5,23,1400,1,2,1,1.0,6,06088,M,,,06
201200011404,12,5,23,1630,1,2,1,1.0,2,06088,M,,,06
201200011405,12,5,24,1100,1,2,1,1.0,6,06088,M,,,06
201200011406,12,5,24,1345,1,2,1,1.0,2,06088,M,,,06
201200011407,12,5,24,1620,1,2,1,1.0,3,06088,M,,,06
201200011408,12,5,24,1700,1,2,3,1.0,3,06159,M,,,06
201200011409,12,5,24,2150,5,2,2,1.0,3,06088,M,,,06
201200011410,12,5,25,820,1,2,1,1.0,3,06088,M,,,06
201200011411,12,5,25,2050,5,2,2,1.0,3,06088,M,,,06
201200011412,12,5,26,145,5,2,1,1.0,3,06088,M,,,06
201200011413,12,5,26,2220,5,2,1,2.0,6,06088,M,,,06
201200011414,12,5,27,1200,1,2,1,1.0,3,06088,M,,,06
201200011415,12,5,28,1325,1,2,1,1.0,1,06088,M,,,06
201200011416,12,5,29,1350,1,2,1,1.0,6,06088,M,,,06
201200011417,12,5,29,1430,1,2,1,1.0,1,06088,M,,,06
201200011418,12,5,29,1435,1,2,1,1.0,3,06088,M,,,06
201200011419,12,5,29,1800,1,2,1,1.0,6,06088,M,,,06
201200011420,12,5,29,1815,1,2,1,1.0,6,06088,M,,,06
201200011421,12,5,30,700,1,2,1,1.0,3,06088,M,,,06
201200011422,12,5,30,1205,1,2,1,1.0,6,06088,M,,,06
201200011423,12,5,30,1355,1,2,1,1.0,3,06088,M,,,06
201200011424,12,5,30,1820,1,2,1,1.0,3,06088,M,,,06
201200011425,12,5,30,2010,1,2,2,1.0,3,06088,M,,,06
201200011426,12,5,30,2125,5,2,1,1.0,3,06088,M,,,06
201200011427,12,5,30,2220,5,2,1,1.0,3,06088,M,,,06
201200011428,12,5,31,325,5,2,1,1.0,6,06088,M,,,06
201200011429,12,5,31,1100,1,2,1,1.0,3,06088,M,,,06
201200011430,12,5,31,1220,1,2,1,1.0,6,06088,M,,,06
201200011431,12,5,31,1745,1,2,1,1.0,2,06088,M,,,06
201200011432,12,6,1,133,5,2,1,1.0,6,06088,M,,,06
201200011433,12,6,1,730,1,2,2,1.0,3,06088,M,,,06
201200011434,12,6,1,1640,1,2,1,1.0,6,06088,M,,,06
201200011435,12,6,1,1700,1,2,1,1.0,6,06088,M,,,06
201200011436,12,6,2,1940,1,2,1,1.0,3,06088,M,,,06
201200011437,12,6,2,2110,5,2,2,1.0,3,06088,M,,,06
201200011438,12,6,4,1400,1,2,1,3.0,2,06088,M,,,06
201200011439,12,6,5,1250,1,2,1,1.0,2,06088,M,,,06
201200011440,12,6,5,1410,1,2,1,1.0,2,06088,M,,,06
201200011441,12,6,5,1520,1,2,1,1.0,6,06088,M,,,06
201200011442,12,6,5,1610,1,2,3,1.0,3,06088,M,,,06
201200011443,12,6,5,2105,5,2,1,1.0,5,06088,M,,,06
201200011444,12,6,6,820,1,2,1,1.0,3,06088,M,,,06
201200011445,12,6,6,1920,1,2,1,1.0,3,06088,M,,,06
201200011446,12,6,8,950,1,1,1,1.0,6,06088,M,,,06
201200011447,12,6,9,205,5,2,1,1.0,5,06088,M,,,06
201200011448,12,6,9,658,1,2,3,1.0,3,06088,M,,,06
201200011449,12,6,9,1515,1,2,1,1.0,2,06088,M,,,06
201200011450,12,6,11,1245,1,2,1,1.0,3,06088,M,,,06
201200011451,12,6,11,1510,1,2,2,1.0,5,06088,M,,,06
201200011452,12,6,11,2001,1,2,1,1.0,6,06088,M,,,06
201200011453,12,6,11,2200,5,2,1,1.0,5,06088,M,,,06
201200011454,12,6,12,810,1,2,1,1.0,3,06088,M,,,06
201200011455,12,6,12,840,1,2,1,1.0,2,06088,M,,,06
201200011456,12,6,12,1620,1,2,1,1.0,6,06088,M,,,06
201200011457,12,6,12,1630,1,2,3,1.0,7,06088,M,,,06
201200011458,12,6,12,1635,1,2,1,1.0,3,06088,M,,,06
201200011459,12,6,14,710,1,2,1,1.0,3,06088,M,,,06
201200011460,12,6,14,815,1,2,1,1.0,2,06088,M,,,06
201200011461,12,6,14,1735,1,2,1,1.0,3,06088,M,,,06
201200011462,12,6,15,1050,1,2,1,1.0,6,06088,M,,,06
201200011463,12,6,15,1100,1,2,1,1.0,6,06088,M,,,06
201200011464,12,6,15,1350,1,2,1,1.0,3,06088,M,,,06
201200011465,12,6,15,2010,1,2,3,1.0,3,06088,M,,,06
201200011466,12,6,16,2220,5,2,1,1.0,2,06088,M,,,06
201200011467,12,6,16,2330,5,2,3,1.0,6,06088,M,,,06
201200011468,12,6,17,1230,1,2,1,1.0,6,06088,M,,,06
201200011469,12,6,17,1905,1,2,1,1.0,6,06088,M,,,06
201200011470,12,6,19,735,1,2,3,1.0,6,06088,M,,,06
201200011471,12,6,19,1710,1,2,1,1.0,3,06088,M,,,06
201200011472,12,6,19,1745,1,2,1,1.0,6,06088,M,,,06
201200011473,12,6,20,325,5,2,2,1.0,3,06088,M,,,06
201200011474,12,6,21,1845,1,2,2,1.0,3,06088,M,,,06
201200011475,12,6,21,2100,5,2,1,1.0,5,06088,M,,,06
201200011476,12,6,21,2125,5,2,1,1.0,6,06088,M,,,06
201200011477,12,6,22,820,1,2,1,1.0,6,06088,M,,,06
201200011478,12,6,22,1650,1,2,1,1.0,3,06088,M,,,06
201200011479,12,6,23,1245,1,2,1,1.0,2,06088,M,,,06
201200011480,12,6,23,1920,1,2,1,1.0,1,06159,M,,,06
201200011481,12,6,23,2050,1,2,1,1.0,3,06088,M,,,06
201200011482,12,6,24,1900,1,2,1,1.0,3,06088,M,,,06
201200011483,12,6,25,715,1,2,1,1.0,6,06088,M,,,06
201200011484,12,6,25,1715,1,2,1,1.0,2,06088,M,,,06
201200011485,12,6,25,2200,5,2,1,1.0,3,06088,M,,,06
201200011486,12,6,26,750,1,2,1,1.0,3,06088,M,,,06
201200011487,12,6,26,1630,1,2,1,1.0,6,06088,M,,,06
201200011488,12,6,26,1820,1,2,1,1.0,2,06088,M,,,06
201200011489,12,6,28,1150,1,2,1,1.0,6,06088,M,,,06
201200011490,12,6,28,1640,1,2,1,1.0,6,06088,M,,,06
201200011491,12,6,29,1030,1,2,1,1.0,6,06088,M,,,06
201200011492,12,6,29,1340,1,1,2,1.0,3,06088,M,,,06
201200011493,12,6,29,1945,1,2,1,1.0,6,06088,M,,,06
201200011494,12,6,30,1240,1,2,1,1.0,2,06088,M,,,06
201200011495,12,7,1,1545,1,2,1,1.0,6,06088,M,,,06
201200011496,12,7,2,520,5,2,2,1.0,3,06088,M,,,06
201200011497,12,7,2,1030,1,2,1,1.0,6,06088,M,,,06
201200011498,12,7,2,1530,1,2,1,1.0,3,06088,M,,,06