Num_Acc,an,mois,jour,hrmn,lum,agg,int,atm,col,com,gps,lat,long,dep
201200012262,12,5,29,1145,1,1,1,1.0,5,27701,M,4923290.0,120386.0,27
201200012263,12,8,17,430,3,1,1,1.0,6,27351,M,4925900.0,115700.0,27
201200012264,12,8,18,1300,1,1,1,1.0,2,27701,M,4922300.0,121300.0,27
201200012265,12,10,7,2345,3,1,1,1.0,2,27701,M,4923500.0,120300.0,27
201200012266,12,10,23,2100,2,1,1,1.0,5,78668,M,4902500.0,157500.0,78
201200012267,12,12,13,1245,1,1,1,8.0,5,27351,M,4924600.0,119400.0,27
201200012268,12,2,24,1115,1,1,1,1.0,4,60100,M,0.0,0.0,60
201200012269,12,3,30,600,2,1,1,1.0,5,60541,M,0.0,0.0,60
201200012270,12,6,22,945,1,1,1,1.0,6,60680,M,0.0,0.0,60
201200012271,12,6,27,915,1,1,1,1.0,6,60424,M,0.0,0.0,60
201200012272,12,7,5,1545,1,1,1,1.0,5,60138,M,0.0,0.0,60
201200012273,12,7,20,1815,1,1,1,1.0,2,60369,M,0.0,0.0,60
201200012274,12,9,18,1900,1,1,1,1.0,2,60138,M,0.0,0.0,60
201200012275,12,11,19,700,3,1,1,1.0,2,60125,M,0.0,0.0,60
201200012276,12,2,23,730,1,1,1,1.0,1,21408,M,4741600.0,504600.0,21
201200012277,12,3,18,1845,1,1,1,8.0,1,21494,M,4750100.0,473400.0,21
201200012278,12,3,21,1200,1,1,1,1.0,6,21085,M,4745000.0,474300.0,21
201200012279,12,4,24,1530,1,1,2,2.0,3,21003,M,4737600.0,503800.0,21
201200012280,12,5,13,1815,1,1,1,1.0,1,21003,M,4737200.0,501100.0,21
201200012281,12,10,21,1715,1,1,1,1.0,1,21408,M,4771700.0,431700.0,21
201200012282,12,11,7,745,2,1,6,8.0,6,21462,M,4240100.0,507000.0,21
201200012283,12,1,21,600,3,1,1,1.0,6,69019,M,0.0,0.0,69
201200012284,12,2,24,1715,1,1,1,1.0,7,69013,M,0.0,0.0,69
201200012285,12,4,7,1415,1,1,1,1.0,7,69013,M,0.0,0.0,69
201200012286,12,4,30,630,2,1,1,1.0,6,69019,M,0.0,0.0,69
201200012287,12,5,8,1600,1,1,1,1.0,2,69242,M,0.0,0.0,69
201200012288,12,6,11,1030,1,1,1,1.0,2,69242,M,0.0,0.0,69
201200012289,12,7,9,1830,1,1,1,1.0,6,69013,M,0.0,0.0,69
201200012290,12,7,14,745,1,1,1,1.0,7,69242,M,0.0,0.0,69
201200012291,12,7,19,1230,1,1,1,1.0,2,69115,M,0.0,0.0,69
201200012292,12,9,11,1530,1,1,1,1.0,5,69264,M,0.0,0.0,69
201200012293,12,11,18,145,3,1,1,1.0,2,69013,M,0.0,0.0,69
201200012294,12,12,1,600,3,1,1,1.0,7,69206,M,0.0,0.0,69
201200012295,12,12,15,900,1,1,1,9.0,6,69264,M,0.0,0.0,69
201200012296,12,1,22,630,2,1,1,1.0,6,59010,M,5015244.0,311356.0,59
201200012297,12,4,28,200,3,1,1,8.0,6,59488,M,5018465.0,319110.0,59
201200012298,12,11,2,730,2,1,1,1.0,6,80695,M,0.0,0.0,80
201200012299,12,1,18,730,2,1,1,5.0,3,38348,M,4558800.0,530900.0,38
201200012300,12,4,9,1445,1,1,1,1.0,7,38481,M,0.0,0.0,38
201200012301,12,5,10,1615,1,1,1,1.0,7,38537,M,4563600.0,515508.0,38
201200012302,12,5,14,1700,1,1,1,1.0,3,38449,M,4565200.0,512500.0,38
201200012303,12,5,29,2000,1,1,1,1.0,5,38357,M,4556600.0,552921.0,38
201200012304,12,5,29,1415,1,1,1,1.0,2,38343,M,4557800.0,565100.0,38
201200012305,12,6,1,930,1,1,1,1.0,1,38341,M,4556030.0,541285.0,38
201200012306,12,7,24,715,2,1,1,1.0,3,38029,M,4557400.0,555400.0,38
201200012307,12,7,30,1645,1,1,1,1.0,7,38509,M,0.0,0.0,38
201200012308,12,8,12,1615,1,1,1,1.0,2,38193,M,4561280.0,521113.0,38
201200012309,12,9,25,215,5,1,1,1.0,6,38193,M,4561240.0,521454.0,38
201200012310,12,10,20,515,1,1,1,1.0,7,38537,M,4563830.0,515146.0,38
201200012311,12,11,2,815,3,1,1,1.0,2,38530,M,4562410.0,517750.0,38
201200012312,12,11,5,630,3,1,1,5.0,2,38377,M,4556360.0,549017.0,38
201200012313,12,12,7,1100,1,1,1,2.0,7,38357,M,4556580.0,552781.0,38
201200012314,12,12,21,1100,1,1,1,1.0,7,38053,M,4559440.0,528707.0,38
201200012315,12,12,29,1045,3,1,1,1.0,2,38343,M,4557840.0,561809.0,38
201200012316,12,1,18,1615,1,2,1,1.0,7,68278,M,4774379.0,741333.0,68
201200012317,12,2,27,1945,5,2,1,1.0,7,68118,M,4772872.0,741750.0,68
201200012318,12,10,20,2145,3,1,3,1.0,3,68278,M,4773023.0,737738.0,68
201200012319,12,11,21,515,5,2,1,1.0,6,68278,M,4774733.0,741110.0,68
201200012320,12,11,21,1515,1,2,1,1.0,6,68278,M,4774766.0,740290.0,68
201200012321,12,1,19,1830,3,1,1,2.0,5,53247,M,0.0,0.0,53
201200012322,12,8,4,845,3,1,1,1.0,7,53129,M,0.0,0.0,53
201200012323,12,3,24,1645,1,1,1,1.0,6,95604,M,4910720.0,253220.0,95
201200012324,12,3,24,2230,5,2,1,1.0,6,95580,M,4908680.0,257290.0,95
201200012325,12,6,29,1930,1,2,1,1.0,2,95250,M,4909910.0,252220.0,95
201200012326,12,8,5,145,5,2,1,3.0,6,95371,M,4908970.0,250790.0,95
201200012327,12,8,12,1545,1,1,1,1.0,7,95371,M,4907690.0,249170.0,95
201200012328,12,8,19,330,5,2,1,1.0,2,95371,M,4908880.0,250090.0,95
201200012329,12,9,11,1745,1,1,1,2.0,6,95580,M,4908760.0,255550.0,95
201200012330,12,10,31,1845,5,2,1,1.0,3,95371,M,4907840.0,249910.0,95
201200012331,12,11,9,445,4,1,1,5.0,6,95580,M,4908810.0,254020.0,95
201200012332,12,7,3,1600,1,1,1,1.0,2,17299,M,0.0,0.0,17
201200012333,12,7,31,1600,1,1,1,1.0,2,17226,M,0.0,0.0,17
201200012334,12,10,28,1915,3,1,1,1.0,2,17040,M,0.0,0.0,17
201200012335,12,11,19,1800,5,1,9,1.0,2,17299,M,0.0,0.0,17
201200012336,12,12,18,730,2,1,1,1.0,2,17440,M,0.0,0.0,17
201200012337,12,1,13,1800,5,2,1,8.0,1,31022,M,4367650.0,142405.0,31
201200012338,12,2,14,730,2,2,6,4.0,3,31364,M,0.0,0.0,31
201200012339,12,4,29,1730,1,2,1,1.0,6,31116,M,4369514.0,143768.0,31
201200012340,12,8,13,2300,5,1,1,1.0,5,31410,M,0.0,0.0,31
201200012341,12,1,12,2000,3,1,1,1.0,3,83023,M,0.0,0.0,83
201200012342,12,1,15,615,2,1,1,1.0,6,83116,M,0.0,0.0,83
201200012343,12,3,16,1115,1,1,1,1.0,3,83140,M,0.0,0.0,83
201200012344,12,3,24,1545,1,1,1,1.0,6,83116,M,0.0,0.0,83
201200012345,12,4,1,945,1,1,1,1.0,1,13087,M,,,13
201200012346,12,4,17,1100,1,1,1,1.0,6,83116,M,0.0,0.0,83
201200012347,12,5,20,2000,3,1,1,3.0,3,83140,M,0.0,0.0,83
201200012348,12,6,4,1730,1,1,1,1.0,2,83140,M,0.0,0.0,83
201200012349,12,7,11,1600,1,1,1,1.0,6,83023,M,0.0,0.0,83
201200012350,12,7,11,1330,1,1,1,1.0,1,83023,M,0.0,0.0,83
201200012351,12,7,30,30,3,1,1,1.0,2,83116,M,0.0,0.0,83
201200012352,12,8,3,2015,1,1,1,1.0,6,83097,M,0.0,0.0,83
201200012353,12,8,6,1800,1,1,1,1.0,2,83116,M,0.0,0.0,83
201200012354,12,8,11,1945,1,1,1,1.0,6,83096,M,0.0,0.0,83
201200012355,12,8,24,1545,1,1,1,1.0,1,83140,M,0.0,0.0,83
201200012356,12,8,30,545,3,1,1,3.0,6,83140,M,0.0,0.0,83
201200012357,12,9,1,1045,1,1,1,1.0,4,13040,M,4348010.0,557782.0,13
201200012358,12,9,5,1300,1,1,1,1.0,2,83140,M,0.0,0.0,83
201200012359,12,9,8,530,3,1,1,1.0,6,83140,M,0.0,0.0,83
201200012360,12,9,23,930,1,1,1,1.0,6,13087,M,0.0,0.0,13
201200012361,12,10,14,1145,1,1,1,1.0,2,83023,M,0.0,0.0,83
201200012362,12,1,16,1700,1,1,1,1.0,2,74197,M,0.0,0.0,74
201200012363,12,1,30,1945,3,1,1,1.0,2,74021,M,0.0,0.0,74
201200012364,12,2,6,845,1,1,1,4.0,6,74159,M,0.0,0.0,74
201200012365,12,2,12,1345,1,1,1,1.0,6,74197,M,0.0,0.0,74
201200012366,12,3,11,1815,1,1,1,1.0,7,74159,M,0.0,0.0,74
201200012367,12,3,15,1400,1,1,1,1.0,2,74262,M,0.0,0.0,74
201200012368,12,3,30,2015,2,1,1,1.0,2,74197,M,4615700.0,629700.0,74
201200012369,12,6,17,645,1,1,1,1.0,6,74250,M,0.0,0.0,74
201200012370,12,8,18,1230,1,1,1,1.0,3,74197,M,0.0,0.0,74
201200012371,12,9,10,2115,3,1,1,1.0,3,74197,M,0.0,0.0,74
201200012372,12,1,28,1100,1,1,1,1.0,2,30189,M,4381495.0,436299.0,30
201200012373,12,1,30,845,1,1,1,1.0,6,30123,M,4372438.0,416064.0,30
201200012374,12,2,26,1630,1,1,1,1.0,2,30145,M,4389723.0,451346.0,30
201200012375,12,3,5,845,1,1,1,1.0,3,34146,M,4369664.0,409367.0,34
201200012376,12,3,11,1800,1,1,1,1.0,3,34294,M,4370728.0,412215.0,34
201200012377,12,3,14,1345,1,1,1,1.0,6,30123,M,4372438.0,416056.0,30
201200012378,12,4,5,1530,1,1,1,1.0,5,30189,M,4383988.0,441330.0,30
201200012379,12,5,12,1430,1,1,1,1.0,5,34022,M,4367202.0,401523.0,34
201200012380,12,5,17,515,3,1,1,1.0,6,34240,M,4365154.0,398809.0,34
201200012381,12,6,15,1945,1,1,1,1.0,3,30123,M,4372324.0,415097.0,30
201200012382,12,6,16,1515,1,1,1,1.0,7,34240,M,4364419.0,397597.0,34
201200012383,12,6,19,945,3,1,1,1.0,7,30156,M,4385300.0,442293.0,30
201200012384,12,6,20,2215,3,1,1,1.0,5,30189,M,4380445.0,432710.0,30
201200012385,12,7,6,830,1,1,1,1.0,6,30189,M,4380913.0,434158.0,30
201200012386,12,7,16,2145,3,1,1,1.0,1,30123,M,4372333.0,415125.0,30
201200012387,12,7,26,845,1,1,1,1.0,1,30189,M,4380982.0,434428.0,30
201200012388,12,8,2,1445,1,1,1,1.0,2,30123,M,4372557.0,417687.0,30
201200012389,12,9,8,2115,3,1,1,1.0,4,30123,M,4372440.0,418060.0,30
201200012390,12,10,10,2315,3,1,1,1.0,2,30189,M,4380292.0,431982.0,30
201200012391,12,10,30,1645,1,1,1,2.0,2,30123,M,4372686.0,418206.0,30
201200012392,12,10,31,815,1,1,1,1.0,1,30123,M,4372438.0,416000.0,30
201200012393,12,12,8,645,3,1,1,1.0,2,30317,M,4390656.0,455867.0,30
201200012394,12,4,5,1515,1,1,1,1.0,2,11262,M,4317600.0,302000.0,11
201200012395,12,5,28,45,3,1,1,1.0,2,11188,M,0.0,0.0,11
201200012396,12,6,3,1815,1,1,1,1.0,7,11285,M,4311100.0,295000.0,11
201200012397,12,7,31,1500,1,1,1,1.0,5,11370,M,4323600.0,312100.0,11
201200012398,12,12,21,2045,3,1,1,2.0,6,11262,M,4315600.0,298400.0,11
201200012399,12,1,26,645,2,1,1,1.0,5,37156,M,0.0,0.0,37
201200012400,12,5,11,1845,1,1,1,1.0,1,37225,M,0.0,0.0,37
201200012401,12,5,23,2230,3,1,1,1.0,6,37008,M,0.0,0.0,37
201200012402,12,6,26,1830,1,1,1,1.0,7,37110,M,0.0,0.0,37
201200012403,12,7,13,730,1,1,1,2.0,3,37110,M,0.0,0.0,37
201200012404,12,8,12,1745,1,1,1,1.0,6,37225,M,0.0,0.0,37
201200012405,12,10,1,1415,1,1,2,1.0,3,37141,M,4728000.0,107900.0,37
201200012406,12,10,22,1700,1,2,1,1.0,6,37273,M,0.0,0.0,37
201200012407,12,12,25,1700,2,1,1,2.0,7,37091,M,4737100.0,99900.0,37
201200012408,12,2,6,630,3,1,1,9.0,1,28392,M,0.0,0.0,28
201200012409,12,2,20,945,1,1,1,1.0,7,28121,M,4810895.0,184884.0,28
201200012410,12,3,1,530,3,1,1,5.0,2,28367,M,0.0,0.0,28
201200012411,12,3,4,1615,1,1,1,2.0,6,28367,M,0.0,0.0,28
201200012412,12,4,8,215,3,1,1,1.0,6,45344,M,4779245.0,160604.0,45
201200012413,12,4,9,2300,3,1,1,1.0,6,45028,M,0.0,0.0,45
201200012414,12,4,14,1730,1,1,1,1.0,2,45154,M,0.0,0.0,45
201200012415,12,4,18,1730,1,1,1,8.0,6,28367,M,0.0,0.0,28
201200012416,12,4,28,1115,1,1,1,8.0,2,45169,M,4790158.0,184719.0,45
201200012417,12,5,17,1800,1,1,1,1.0,6,45313,M,0.0,0.0,45
201200012418,12,5,18,1800,1,1,1,1.0,6,45146,M,4772828.0,188219.0,45
201200012419,12,6,4,1600,1,1,1,8.0,3,45169,M,0.0,0.0,45
201200012420,12,6,5,1445,1,1,1,1.0,6,28303,M,0.0,0.0,28
201200012421,12,6,8,2030,1,1,1,1.0,1,28002,M,0.0,0.0,28
201200012422,12,7,10,1130,1,1,1,1.0,2,45146,M,4771915.0,189245.0,45
201200012423,12,7,25,1145,1,1,1,1.0,5,28029,M,0.0,0.0,28
201200012424,12,7,28,645,1,1,1,2.0,6,28276,M,0.0,0.0,28
201200012425,12,9,17,1130,1,1,1,1.0,3,45169,M,0.0,0.0,45
201200012426,12,9,29,1800,1,1,1,1.0,6,45169,M,0.0,0.0,45
201200012427,12,10,6,830,1,1,1,1.0,6,45154,M,0.0,0.0,45
201200012428,12,11,10,1345,1,1,1,8.0,2,45154,M,0.0,0.0,45
201200012429,12,11,17,1630,1,1,1,1.0,2,45298,M,0.0,0.0,45
201200012430,12,11,18,1500,1,1,1,2.0,6,28029,M,0.0,0.0,28
201200012431,12,11,28,1145,1,1,1,1.0,2,45269,M,0.0,0.0,45
201200012432,12,11,13,1730,3,1,1,1.0,7,73296,M,4547581.0,694914.0,73
201200012433,12,1,7,930,1,1,1,1.0,6,13114,M,,,13
201200012434,12,3,16,830,1,1,1,1.0,7,13032,M,0.0,0.0,13
201200012435,12,5,12,1915,1,1,1,1.0,7,13114,M,,,13
201200012436,12,5,24,1145,1,1,1,1.0,7,13032,M,0.0,0.0,13
201200012437,12,7,6,1515,1,1,1,1.0,7,13032,M,4354800.0,534700.0,13
201200012438,12,7,24,1800,1,2,1,1.0,7,13032,M,0.0,0.0,13
201200012439,12,10,5,1700,1,2,1,1.0,6,13032,M,,,13
201200012440,12,11,29,745,2,1,1,1.0,3,13114,M,4354400.0,526800.0,13
201200012441,12,3,1,1000,1,1,1,1.0,2,31181,M,0.0,0.0,31
201200012442,12,6,5,2115,1,1,1,1.0,2,31334,M,4338770.0,128407.0,31
201200012443,12,7,14,445,3,1,1,1.0,6,31107,M,0.0,0.0,31
201200012444,12,1,12,2115,3,1,1,1.0,6,67356,M,0.0,0.0,67
201200012445,12,1,16,1600,1,2,1,1.0,1,67106,M,0.0,0.0,67
201200012446,12,2,26,1445,1,2,1,1.0,6,67106,M,0.0,0.0,67
201200012447,12,4,28,1800,1,1,1,1.0,3,67194,M,0.0,0.0,67
201200012448,12,4,29,45,5,2,1,1.0,7,67472,M,0.0,0.0,67
201200012449,12,5,10,1115,1,1,1,1.0,6,67356,M,0.0,0.0,67
201200012450,12,7,9,515,2,1,1,1.0,2,67465,M,0.0,0.0,67
201200012451,12,8,31,515,3,1,1,1.0,2,67409,M,0.0,0.0,67
201200012452,12,9,17,1845,1,2,1,1.0,3,67405,M,0.0,0.0,67
201200012453,12,10,17,1345,1,2,1,1.0,6,67465,M,0.0,0.0,67
201200012454,12,10,20,1630,1,2,1,1.0,3,67472,M,0.0,0.0,67
201200012455,12,10,31,1745,2,2,1,1.0,6,67106,M,0.0,0.0,67
201200012456,12,12,15,1700,5,2,1,2.0,1,67106,M,0.0,0.0,67
201200012457,12,1,2,930,1,1,1,3.0,1,21347,M,0.0,0.0,21
201200012458,12,1,18,1230,1,1,1,5.0,3,21606,M,0.0,0.0,21
201200012459,12,1,31,1415,1,1,1,1.0,6,21590,M,4713300.0,426700.0,21
201200012460,12,3,3,815,1,1,1,5.0,4,21054,M,4708000.0,439500.0,21
201200012461,12,3,29,1045,1,1,1,1.0,2,21054,M,4702300.0,444500.0,21
201200012462,12,4,14,700,1,1,1,1.0,2,21295,M,4737800.0,502200.0,21
201200012463,12,5,5,830,1,1,1,1.0,3,21054,M,,,21
201200012464,12,8,28,430,4,1,1,1.0,7,21054,M,,,21
201200012465,12,9,2,1715,1,1,1,1.0,7,21581,M,,,21
201200012466,12,9,4,1330,1,1,1,1.0,4,21086,M,4663300.0,441000.0,21
201200012467,12,9,5,530,3,1,1,1.0,3,21405,M,,,21
201200012468,12,11,7,1915,3,1,1,1.0,4,21267,M,,,21
201200012469,12,5,5,315,3,1,1,3.0,7,73025,M,4556480.0,567735.0,73
201200012470,12,8,25,1530,1,1,1,1.0,4,73104,M,4556000.0,573600.0,73
201200012471,12,8,31,1830,1,1,1,3.0,6,73184,M,4558200.0,579500.0,73
201200012472,12,9,6,1600,1,1,1,1.0,6,73329,M,4562091.0,589891.0,73
201200012473,12,12,15,830,1,1,1,2.0,6,73179,M,4560391.0,588367.0,73
201200012474,12,12,16,1015,1,1,1,1.0,6,73103,M,4564880.0,592210.0,73
201200012475,12,12,31,1630,1,1,1,8.0,6,73184,M,4557810.0,579574.0,73
201200012476,12,6,11,1845,1,1,1,2.0,7,74120,M,4602800.0,622600.0,74
201200012477,12,7,29,1745,1,1,1,1.0,6,74062,M,0.0,0.0,74
201200012478,12,9,11,2345,3,1,1,1.0,1,74233,M,0.0,0.0,74
201200012479,12,10,11,830,1,1,1,8.0,4,74061,M,0.0,0.0,74
201200012480,12,11,11,1300,1,1,1,1.0,6,74002,M,4582900.0,602800.0,74
201200012481,12,12,4,1445,1,1,1,1.0,2,74009,M,,,74
201200012482,12,11,5,400,3,1,1,2.0,6,38464,M,4554660.0,537422.0,38
201200012483,12,8,20,645,2,1,1,1.0,6,55237,M,4911339.0,555657.0,55
201200012484,12,12,27,2040,5,2,1,1.0,6,08105,M,,,08
201200012485,12,2,13,2320,5,2,1,4.0,7,08105,M,,,08
201200012486,12,2,24,1800,2,2,1,1.0,6,08105,M,,,08
201200012487,12,3,9,200,5,2,2,1.0,6,08105,M,,,08
201200012488,12,3,9,1425,1,2,1,1.0,3,08105,M,4976230.0,470080.0,08
201200012489,12,3,20,1305,1,2,3,7.0,3,08105,M,4974825.0,477140.0,08
201200012490,12,3,25,1530,1,2,1,1.0,6,08105,M,4974840.0,472980.0,08
201200012491,12,4,9,1330,1,1,1,2.0,7,08180,M,,,08
201200012492,12,4,12,830,1,2,1,1.0,6,08105,M,4976230.0,470000.0,08
201200012493,12,4,21,1405,1,2,3,1.0,3,08105,M,,,08
201200012494,12,4,20,1430,1,2,3,2.0,3,08105,M,,,08
201200012495,12,4,20,1815,1,2,9,2.0,1,08105,M,4974730.0,472410.0,08
201200012496,12,4,29,2000,1,2,1,1.0,1,08497,M,,,08
201200012497,12,5,31,2255,3,1,1,1.0,6,08105,M,,,08
201200012498,12,6,15,1330,1,2,1,1.0,6,08480,M,4974330.0,474360.0,08
201200012499,12,6,18,1535,1,2,3,1.0,1,08105,M,4976990.0,472800.0,08
201200012500,12,6,21,2320,5,2,1,8.0,6,08105,M,,,08
201200012501,12,6,26,1700,1,2,1,1.0,6,08105,M,4977550.0,472650.0,08
201200012502,12,7,4,1840,1,2,1,1.0,6,08105,M,,,08
201200012503,12,7,8,1545,1,2,3,1.0,3,08105,M,4976060.0,471900.0,08
201200012504,12,7,13,2110,5,2,1,3.0,6,08105,M,4977800.0,471740.0,08
201200012505,12,7,31,1525,1,1,1,1.0,7,08480,M,,,08
201200012506,12,8,13,1520,1,2,1,1.0,6,08105,M,,,08
201200012507,12,8,14,2215,5,2,5,1.0,6,08105,M,4977470.0,473590.0,08
201200012508,12,8,29,1930,1,2,1,1.0,3,08105,M,,,08
201200012509,12,9,6,1040,1,2,7,1.0,6,08105,M,4976080.0,471900.0,08
201200012510,12,9,7,1615,1,2,2,1.0,4,08105,M,4977000.0,471100.0,08
201200012511,12,9,28,750,1,2,1,1.0,6,08105,M,4977100.0,471760.0,08
201200012512,12,10,13,1925,1,2,1,1.0,1,08105,M,4976020.0,473660.0,08
201200012513,12,10,22,1800,1,2,1,1.0,6,08105,M,4977540.0,472630.0,08
201200012514,12,11,18,1810,3,1,1,2.0,2,08105,M,4973500.0,474200.0,08
201200012515,12,11,21,655,5,2,1,1.0,6,08105,M,,,08
201200012516,12,11,24,2050,5,2,2,1.0,6,08480,M,,,08
201200012517,12,12,2,1835,5,2,1,1.0,7,08105,M,,,08
201200012518,12,12,31,2230,3,1,1,3.0,7,14185,M,0.0,0.0,14
201200012519,12,3,9,2346,3,1,1,1.0,7,14712,M,4919330.0,-18656.0,14
201200012520,12,7,23,1115,1,1,1,1.0,5,14555,M,4930970.0,30105.0,14
201200012521,12,8,18,1230,1,1,1,1.0,2,14203,M,4923300.0,-5858.0,14
201200012522,12,8,31,2315,3,1,1,1.0,6,14514,M,4929270.0,20019.0,14
201200012523,12,1,6,1230,1,1,1,1.0,6,13065,M,,,13
201200012524,12,3,20,1600,1,1,1,1.0,3,13011,M,,,13
201200012525,12,6,14,1845,1,1,1,1.0,6,13011,M,0.0,0.0,13
201200012526,12,7,7,1945,1,2,1,1.0,3,13058,M,,,13
201200012527,12,8,16,1830,1,2,1,1.0,3,13058,M,4372100.0,480800.0,13
201200012528,12,10,12,1715,2,2,1,1.0,3,13058,M,,,13
201200012529,12,12,28,2100,3,1,1,1.0,7,13068,M,0.0,0.0,13
201200012530,12,12,28,1500,1,1,1,1.0,6,13065,M,0.0,0.0,13
201200012531,12,1,12,745,2,1,1,1.0,1,28161,M,0.0,0.0,28
201200012532,12,1,22,700,3,1,1,1.0,6,28425,M,0.0,0.0,28
201200012533,12,2,5,2000,3,1,1,4.0,6,28398,M,0.0,0.0,28
201200012534,12,3,19,1815,1,1,1,1.0,6,28139,M,0.0,0.0,28
201200012535,12,3,21,1515,1,1,1,1.0,2,28073,M,4848900.0,165400.0,28
201200012536,12,3,24,630,2,1,1,1.0,3,28085,M,0.0,0.0,28
201200012537,12,5,4,1645,1,1,1,1.0,3,28110,M,0.0,0.0,28
201200012538,12,5,17,645,1,1,1,1.0,6,28085,M,4845100.0,153300.0,28
201200012539,12,6,14,1500,1,1,1,1.0,7,28161,M,0.0,0.0,28
201200012540,12,7,1,1815,1,1,1,1.0,7,28161,M,0.0,0.0,28
201200012541,12,7,7,430,3,1,1,1.0,6,28042,M,0.0,0.0,28
201200012542,12,9,6,1430,1,1,1,1.0,3,28110,M,4841900.0,151000.0,28
201200012543,12,10,12,245,3,1,1,1.0,2,28041,M,0.0,0.0,28
201200012544,12,11,5,830,1,1,1,1.0,6,28018,M,0.0,0.0,28
201200012545,12,11,17,715,1,1,1,1.0,6,28409,M,0.0,0.0,28
201200012546,12,11,20,515,3,1,1,1.0,5,28018,M,0.0,0.0,28
201200012547,12,12,13,1100,1,1,1,1.0,6,28219,M,0.0,0.0,28
201200012548,12,1,5,1415,1,1,1,2.0,1,41032,M,4756700.0,131048.0,41
201200012549,12,1,15,1930,3,2,1,1.0,6,41067,M,4751270.0,145539.0,41
201200012550,12,1,25,1830,2,1,2,1.0,3,41204,M,4761360.0,138616.0,41
201200012551,12,3,23,1615,1,1,1,1.0,1,41262,M,4755620.0,151720.0,41
201200012552,12,3,25,930,1,1,1,1.0,7,41050,M,,,41
201200012553,12,5,3,930,1,1,1,1.0,6,41032,M,4754860.0,130224.0,41
201200012554,12,6,10,1345,1,1,1,2.0,6,41295,M,,,41
201200012555,12,7,16,1100,1,2,1,1.0,1,41086,M,,,41
201200012556,12,8,22,815,1,1,1,7.0,2,41160,M,4755980.0,157790.0,41
201200012557,12,3,10,1000,1,2,9,1.0,1,69027,M,0.0,0.0,69
201200012558,12,4,1,1215,1,2,1,1.0,1,69027,M,0.0,0.0,69
201200012559,12,4,17,1645,1,1,1,1.0,3,69046,M,0.0,0.0,69
201200012560,12,5,13,1645,1,1,1,1.0,6,69027,M,0.0,0.0,69
201200012561,12,6,22,1745,1,2,1,1.0,3,69043,M,0.0,0.0,69
201200012562,12,1,18,1830,3,1,1,5.0,1,29212,M,4840467.0,-461941.0,29
201200012563,12,2,4,1930,5,2,1,3.0,3,29212,M,4836855.0,-458835.0,29
201200012564,12,2,23,1700,1,2,1,1.0,6,29190,M,4834241.0,-472241.0,29
201200012565,12,4,5,715,1,1,6,1.0,3,29069,M,4841995.0,-455890.0,29
201200012566,12,7,18,1745,1,1,1,2.0,2,29212,M,4836181.0,-461585.0,29
201200012567,12,12,20,1800,2,2,1,2.0,3,29212,M,4838055.0,-462254.0,29
201200012568,12,12,2,830,2,1,1,2.0,6,29069,M,4841467.0,-454336.0,29
201200012569,12,1,25,1545,1,1,1,1.0,2,34172,M,4359683.0,391117.0,34
201200012570,12,4,2,815,1,1,1,1.0,2,34031,M,0.0,0.0,34
201200012571,12,5,4,1400,1,1,1,1.0,2,34270,M,4356500.0,383300.0,34
201200012572,12,5,21,15,3,1,1,8.0,3,34166,M,4336000.0,333900.0,34
201200012573,12,5,28,1645,1,1,1,1.0,4,34129,M,0.0,0.0,34
201200012574,12,6,13,1945,1,1,1,1.0,6,34101,M,4339000.0,345500.0,34
201200012575,12,7,8,100,3,1,1,1.0,6,34143,M,4346500.0,362500.0,34
201200012576,12,7,8,1700,1,1,1,1.0,5,34172,M,4359900.0,390800.0,34
201200012577,12,7,13,2200,3,1,1,1.0,6,34095,M,4353100.0,376600.0,34
201200012578,12,8,3,2330,3,1,1,1.0,2,34270,M,4356900.0,384200.0,34
201200012579,12,8,4,715,1,1,1,1.0,3,34336,M,4333600.0,328200.0,34
201200012580,12,8,9,1530,1,1,1,1.0,5,34270,M,4356500.0,383300.0,34
201200012581,12,8,17,1600,1,1,1,1.0,5,34213,M,4348900.0,369700.0,34
201200012582,12,8,25,400,5,1,9,1.0,4,34270,M,4356500.0,383200.0,34
201200012583,12,8,28,1815,1,1,1,1.0,6,34157,M,4344800.0,357500.0,34
201200012584,12,9,7,1800,1,1,1,1.0,4,34270,M,0.0,0.0,34
201200012585,12,10,19,1015,1,1,1,1.0,2,34270,M,0.0,0.0,34
201200012586,12,11,8,700,1,1,1,1.0,6,34129,M,4364100.0,397200.0,34
201200012587,12,11,15,1900,5,1,9,1.0,1,34336,M,4334100.0,328900.0,34
201200012588,12,11,23,2245,3,1,1,1.0,4,34129,M,4357900.0,387800.0,34
201200012589,12,12,13,1745,3,1,1,2.0,3,34113,M,4349400.0,371300.0,34
201200012590,12,12,16,1915,3,1,1,1.0,4,34166,M,4336184.0,335196.0,34
201200012591,12,12,17,1700,2,1,9,1.0,7,34129,M,4358000.0,387600.0,34
201200012592,12,1,2,1000,1,1,9,1.0,1,33452,M,4466400.0,-44900.0,33
201200012593,12,7,11,1100,1,1,1,1.0,5,33508,M,0.0,0.0,33
201200012594,12,7,21,200,3,1,1,1.0,6,33508,M,0.0,0.0,33
201200012595,12,7,21,545,3,1,1,1.0,7,33205,M,0.0,0.0,33
201200012596,12,8,5,1145,1,1,1,2.0,7,33227,M,0.0,0.0,33
201200012597,12,10,1,2100,3,1,1,1.0,6,33552,M,0.0,0.0,33
201200012598,12,10,10,600,3,1,1,5.0,2,33533,M,0.0,0.0,33