Num_Acc,an,mois,jour,hrmn,lum,agg,int,atm,col,com,gps,lat,long,dep
201200012599,12,11,3,1230,1,1,1,1.0,3,33205,M,0.0,0.0,33
201200012600,12,3,7,1245,1,2,1,1.0,7,31506,M,4355884.0,152782.0,31
201200012601,12,3,16,1000,1,2,6,1.0,3,31446,M,4353811.0,148157.0,31
201200012602,12,3,31,2245,5,2,1,1.0,7,31446,M,4354362.0,148113.0,31
201200012603,12,9,8,1830,1,2,1,1.0,7,31446,M,4353529.0,147750.0,31
201200012604,12,9,22,2130,5,2,1,1.0,6,31254,M,4354434.0,151866.0,31
201200012605,12,10,25,1330,1,2,1,1.0,6,31506,M,0.0,0.0,31
201200012606,12,10,26,2015,5,2,1,2.0,6,31254,M,4354645.0,151064.0,31
201200012607,12,11,8,1145,1,2,1,1.0,6,31446,M,4355270.0,147793.0,31
201200012608,12,11,9,2030,5,2,1,1.0,1,31506,M,4355684.0,151916.0,31
201200012609,12,11,22,715,3,1,1,1.0,6,31446,M,0.0,0.0,31
201200012610,12,12,22,900,1,1,2,1.0,6,31036,M,4353203.0,157393.0,31
201200012611,12,3,28,700,2,1,1,1.0,6,63021,M,0.0,0.0,63
201200012612,12,4,21,2015,2,1,1,8.0,3,63113,M,0.0,0.0,63
201200012613,12,5,6,1700,1,1,1,1.0,2,63413,M,0.0,0.0,63
201200012614,12,6,27,745,1,1,1,1.0,2,63126,M,0.0,0.0,63
201200012615,12,7,8,400,3,1,1,3.0,7,63113,M,0.0,0.0,63
201200012616,12,7,31,1100,1,1,1,1.0,3,63302,M,0.0,0.0,63
201200012617,12,8,17,1915,1,1,1,1.0,2,63021,M,0.0,0.0,63
201200012618,12,9,14,1130,1,1,1,1.0,6,63413,M,0.0,0.0,63
201200012619,12,11,11,1815,3,1,9,1.0,2,63193,M,0.0,0.0,63
201200012620,12,3,4,1200,1,1,1,2.0,7,64147,M,0.0,0.0,64
201200012621,12,6,13,2015,1,1,1,1.0,6,64147,M,0.0,0.0,64
201200012622,12,7,25,1145,1,1,1,1.0,7,64496,M,0.0,0.0,64
201200012623,12,9,27,1645,1,1,1,1.0,4,64483,M,0.0,0.0,64
201200012624,12,2,25,530,5,2,1,2.0,7,08043,M,,,08
201200012625,12,4,7,1540,1,2,2,1.0,3,08409,M,,,08
201200012626,12,4,13,1426,1,2,2,1.0,2,08409,M,,,08
201200012627,12,9,29,2200,5,2,1,1.0,6,08043,M,,,08
201200012628,12,12,27,955,1,2,2,2.0,3,08409,M,,,08
201200012629,12,3,3,2100,4,1,1,1.0,6,51172,M,0.0,0.0,51
201200012630,12,3,3,1100,1,1,1,1.0,2,51573,M,0.0,0.0,51
201200012631,12,6,24,1045,1,1,1,1.0,2,51599,M,0.0,0.0,51
201200012632,12,7,9,1600,1,1,1,1.0,4,51102,M,0.0,0.0,51
201200012633,12,10,22,2145,3,1,1,1.0,2,51058,M,0.0,0.0,51
201200012634,12,4,13,1730,1,2,1,1.0,6,91105,M,0.0,0.0,91
201200012635,12,10,24,1545,1,2,6,1.0,3,91105,M,0.0,0.0,91
201200012636,12,11,17,1930,5,2,1,1.0,3,91581,M,0.0,0.0,91
201200012637,12,3,31,1645,1,1,1,1.0,1,38433,M,0.0,0.0,38
201200012638,12,5,4,1000,1,2,1,1.0,6,38485,M,0.0,0.0,38
201200012639,12,5,12,1645,1,2,1,1.0,1,38485,M,0.0,0.0,38
201200012640,12,6,5,630,2,2,1,7.0,1,38485,M,0.0,0.0,38
201200012641,12,6,8,1630,1,2,9,1.0,6,38486,M,0.0,0.0,38
201200012642,12,6,17,1900,1,2,1,1.0,1,38486,M,0.0,0.0,38
201200012643,12,7,24,1800,1,2,2,1.0,1,38485,M,4517300.0,566700.0,38
201200012644,12,10,20,1630,1,2,1,1.0,1,38485,M,4516800.0,566799.0,38
201200012645,12,11,26,1800,5,2,1,3.0,3,38485,M,0.0,0.0,38
201200012646,12,6,10,1015,1,1,1,1.0,3,38527,M,4520900.0,609600.0,38
201200012647,12,6,15,1300,1,1,1,1.0,5,38173,M,4504500.0,612500.0,38
201200012648,12,7,7,545,3,1,1,1.0,6,51097,M,0.0,0.0,51
201200012649,12,10,1,1730,1,1,1,1.0,6,51588,M,0.0,0.0,51
201200012650,12,2,4,745,1,1,1,1.0,2,57208,M,0.0,0.0,57
201200012651,12,6,24,915,1,1,1,1.0,6,57556,M,0.0,0.0,57
201200012652,12,7,31,1415,1,1,1,1.0,7,57413,M,4914000.0,661000.0,57
201200012653,12,8,14,1615,1,1,1,1.0,6,57413,M,0.0,0.0,57
201200012654,12,8,29,1230,1,1,1,1.0,7,57289,M,0.0,0.0,57
201200012655,12,9,12,2045,2,1,1,1.0,5,57155,M,0.0,0.0,57
201200012656,12,10,18,2215,1,1,1,1.0,6,57289,M,0.0,0.0,57
201200012657,12,11,13,1230,1,1,1,1.0,3,57249,M,0.0,0.0,57
201200012658,12,11,22,830,1,1,1,5.0,5,57249,M,0.0,0.0,57
201200012659,12,11,17,115,3,1,9,5.0,6,57606,M,0.0,0.0,57
201200012660,12,12,26,2100,3,1,1,2.0,5,57694,M,0.0,0.0,57
201200012661,12,1,25,1700,1,1,1,1.0,6,86146,M,0.0,0.0,86
201200012662,12,3,31,915,1,1,1,1.0,6,86066,M,4684800.0,52700.0,86
201200012663,12,4,15,945,1,1,1,1.0,6,86062,M,4664500.0,35600.0,86
201200012664,12,4,20,745,1,1,1,1.0,6,86146,M,0.0,0.0,86
201200012665,12,4,22,400,3,1,1,1.0,2,86066,M,4683000.0,52000.0,86
201200012666,12,5,9,30,3,1,1,2.0,4,86066,M,0.0,0.0,86
201200012667,12,8,5,815,1,1,1,1.0,7,86174,M,0.0,0.0,86
201200012668,12,8,7,1145,1,1,1,1.0,2,86062,M,4663500.0,35300.0,86
201200012669,12,8,15,915,1,1,1,1.0,3,86115,M,0.0,0.0,86
201200012670,12,8,31,1645,1,1,1,1.0,4,86007,M,0.0,0.0,86
201200012671,12,10,2,1945,2,1,1,1.0,6,86275,M,0.0,0.0,86
201200012672,12,11,4,1330,1,1,1,1.0,6,86174,M,4678200.0,49700.0,86
201200012673,12,1,22,2100,3,1,1,1.0,6,18124,M,4705660.0,207315.0,18
201200012674,12,2,12,1330,1,1,1,1.0,6,18138,M,4710040.0,222728.0,18
201200012675,12,8,14,1330,1,1,1,1.0,6,18279,M,4724410.0,207062.0,18
201200012676,12,4,29,1700,1,1,1,1.0,6,36230,M,4707250.0,182288.0,36
201200012677,12,7,20,430,3,1,1,1.0,2,36202,M,4683200.0,165271.0,36
201200012678,12,10,7,1600,1,1,1,1.0,4,36057,M,4688170.0,172359.0,36
201200012679,12,11,3,1345,1,1,1,2.0,6,36026,M,4709590.0,186063.0,36
201200012680,12,1,8,630,3,1,1,1.0,6,49129,M,4749972.0,-51463.0,49
201200012681,12,4,3,1100,1,1,1,1.0,7,49129,M,4750318.0,-50338.0,49
201200012682,12,5,29,1300,1,1,1,1.0,7,49266,M,4744118.0,-75233.0,49
201200012683,12,10,27,615,3,1,1,1.0,7,49266,M,4743541.0,-78293.0,49
201200012684,12,12,13,600,3,1,9,9.0,5,49007,M,4749151.0,-54400.0,49
201200012685,12,3,23,1200,1,1,1,1.0,7,02168,M,0.0,0.0,02
201200012686,12,4,12,410,3,1,1,2.0,7,02465,M,0.0,0.0,02
201200012687,12,5,24,630,1,1,9,5.0,6,02290,M,0.0,0.0,02
201200012688,12,9,5,1845,1,1,1,1.0,6,02290,M,0.0,0.0,02
201200012689,12,9,9,1525,1,1,1,1.0,6,02083,M,0.0,0.0,02
201200012690,12,1,12,1815,5,1,1,1.0,4,06088,M,0.0,0.0,06
201200012691,12,1,20,1930,5,1,9,1.0,4,06088,M,0.0,0.0,06
201200012692,12,3,28,815,1,1,1,1.0,2,06088,M,0.0,0.0,06
201200012693,12,4,11,1615,1,1,1,1.0,3,06088,M,0.0,0.0,06
201200012694,12,6,8,130,3,1,1,1.0,2,06149,M,0.0,0.0,06
201200012695,12,8,2,700,1,1,1,1.0,2,06012,M,0.0,0.0,06
201200012696,12,8,15,1615,1,1,1,5.0,6,06150,M,4375300.0,739100.0,06
201200012697,12,9,6,1015,1,1,1,1.0,6,06088,M,0.0,0.0,06
201200012698,12,9,26,815,1,1,9,8.0,6,06059,M,0.0,0.0,06
201200012699,12,10,26,730,2,1,1,2.0,5,06149,M,0.0,0.0,06
201200012700,12,11,16,115,1,1,1,1.0,5,06088,M,0.0,0.0,06
201200012701,12,12,29,1130,1,1,1,1.0,2,06083,M,0.0,0.0,06
201200012702,12,1,8,1700,1,1,1,9.0,6,67488,M,4891700.0,712000.0,67
201200012703,12,5,30,2215,3,1,1,1.0,4,90062,M,0.0,0.0,90
201200012704,12,7,10,746,1,1,1,1.0,4,90001,M,0.0,0.0,90
201200012705,12,11,9,1730,5,1,1,1.0,4,90035,M,0.0,0.0,90
201200012706,12,11,24,1815,3,1,1,1.0,5,90002,M,0.0,0.0,90
201200012707,12,12,4,1345,1,1,1,1.0,6,90010,M,0.0,0.0,90
201200012708,12,4,2,730,2,1,1,1.0,1,66214,M,0.0,0.0,66
201200012709,12,4,8,730,2,1,1,1.0,6,66164,M,0.0,0.0,66
201200012710,12,5,6,1100,1,1,1,1.0,2,66141,M,0.0,0.0,66
201200012711,12,11,12,1030,1,1,1,1.0,5,66136,M,0.0,0.0,66
201200012712,12,11,20,1800,2,1,1,1.0,3,66164,M,0.0,0.0,66
201200012713,12,12,1,1245,1,1,1,1.0,6,66144,M,0.0,0.0,66
201200012714,12,12,5,1300,1,1,1,1.0,2,66190,M,0.0,0.0,66
201200012715,12,12,6,1200,1,1,1,1.0,4,66144,M,0.0,0.0,66
201200012716,12,1,1,1745,3,1,9,2.0,6,67249,M,4874900.0,768700.0,67
201200012717,12,3,1,1700,1,1,1,1.0,2,67033,M,0.0,0.0,67
201200012718,12,4,10,930,1,1,1,1.0,4,67033,M,0.0,0.0,67
201200012719,12,5,2,1945,1,1,1,1.0,7,67067,M,0.0,0.0,67
201200012720,12,5,18,1700,1,1,1,1.0,7,67389,M,0.0,0.0,67
201200012721,12,5,31,745,1,1,1,1.0,4,67033,M,0.0,0.0,67
201200012722,12,6,18,830,1,1,1,1.0,2,67067,M,0.0,0.0,67
201200012723,12,10,9,645,3,1,1,2.0,2,67506,M,4868100.0,773700.0,67
201200012724,12,12,5,845,1,1,1,9.0,6,67506,M,0.0,0.0,67
201200012725,12,2,3,1930,3,1,1,4.0,2,62750,M,5058200.0,237400.0,62
201200012726,12,3,20,800,1,1,1,1.0,4,62224,M,0.0,0.0,62
201200012727,12,5,7,1100,1,1,1,1.0,3,62019,M,0.0,0.0,62
201200012728,12,6,25,1100,1,1,1,1.0,5,62848,M,5050600.0,266000.0,62
201200012729,12,7,3,30,3,1,1,1.0,6,62701,M,5057900.0,237600.0,62
201200012730,12,8,8,515,3,1,1,1.0,6,62516,M,5054900.0,247600.0,62
201200012731,12,3,11,945,1,1,1,1.0,7,62906,M,5086100.0,202199.0,62
201200012732,12,11,1,1615,2,1,1,4.0,5,62906,M,0.0,0.0,62
201200012733,12,11,29,1445,1,1,1,4.0,2,62906,M,0.0,0.0,62
201200012734,12,12,28,845,1,1,1,8.0,6,62423,M,0.0,0.0,62
201200012735,12,1,1,1415,1,1,1,2.0,7,18129,M,4696450.0,242359.0,18
201200012736,12,7,22,1315,1,1,1,1.0,7,18089,M,4654940.0,255029.0,18
201200012737,12,8,17,1700,1,1,1,1.0,6,18093,M,4663780.0,249655.0,18
201200012738,12,9,7,745,1,1,1,1.0,7,18063,M,4684240.0,241685.0,18
201200012739,12,11,2,1415,1,1,1,3.0,1,18172,M,4669800.0,246276.0,18
201200012740,12,4,17,1630,1,2,1,1.0,1,95450,M,4901560.0,207430.0,95
201200012741,12,5,7,1345,1,1,1,1.0,1,95074,M,4901320.0,200159.0,95
201200012742,12,7,20,2000,2,2,2,1.0,1,95450,M,4901560.0,207430.0,95
201200012743,12,9,5,1130,1,2,1,1.0,3,95637,M,4902240.0,202749.0,95
201200012744,12,10,15,2045,5,2,1,8.0,2,95637,M,4902110.0,202190.0,95
201200012745,12,10,19,1200,1,1,3,1.0,3,95323,M,4900790.0,206110.0,95
201200012746,12,10,22,1745,1,1,1,1.0,6,95323,M,4901170.0,205220.0,95
201200012747,12,2,6,1830,3,1,1,1.0,4,38027,M,0.0,0.0,38
201200012748,12,4,30,1545,1,1,1,1.0,2,38039,M,4525700.0,588000.0,38
201200012749,12,6,17,300,5,1,9,1.0,6,38249,M,4521960.0,581878.0,38
201200012750,12,9,14,1900,2,1,1,1.0,7,38062,M,4541780.0,599859.0,38
201200012751,12,1,24,2015,3,1,1,1.0,2,13086,M,0.0,0.0,13
201200012752,12,2,13,15,3,1,1,1.0,2,13001,M,4351330.0,547354.0,13
201200012753,12,3,25,1730,1,1,1,1.0,6,13007,M,0.0,0.0,13
201200012754,12,3,29,1745,1,1,1,1.0,3,13005,M,4333040.0,560290.0,13
201200012755,12,5,30,1815,1,1,1,1.0,3,13001,M,0.0,0.0,13
201200012756,12,6,5,1930,1,1,1,1.0,6,13060,M,0.0,0.0,13
201200012757,12,6,27,1400,1,1,1,1.0,3,13060,M,0.0,0.0,13
201200012758,12,7,1,1345,1,1,1,1.0,5,13001,M,0.0,0.0,13
201200012759,12,7,1,1800,1,1,1,1.0,1,13001,M,0.0,0.0,13
201200012760,12,7,24,2115,3,1,1,1.0,6,13086,M,4333160.0,560373.0,13
201200012761,12,9,8,1015,1,1,1,1.0,3,13073,M,4339110.0,559197.0,13
201200012762,12,9,26,1115,1,1,1,1.0,2,13073,M,4339420.0,558291.0,13
201200012763,12,10,7,2030,3,1,1,1.0,6,13086,M,0.0,0.0,13
201200012764,12,10,6,1215,1,1,1,1.0,4,13001,M,4351160.0,544686.0,13
201200012765,12,10,7,530,3,1,1,1.0,2,13013,M,4341490.0,557812.0,13
201200012766,12,10,20,930,1,1,1,1.0,1,13109,M,4351280.0,548999.0,13
201200012767,12,12,13,815,1,1,1,1.0,1,13073,M,4339060.0,559302.0,13
201200012768,12,3,10,215,3,1,9,9.0,6,83001,M,0.0,0.0,83
201200012769,12,3,22,1915,2,1,1,1.0,4,06161,M,0.0,0.0,06
201200012770,12,4,1,1515,1,1,1,1.0,5,06161,M,0.0,0.0,06
201200012771,12,4,6,1215,1,1,1,5.0,2,83061,M,0.0,0.0,83
201200012772,12,5,14,2215,3,1,1,1.0,1,06030,M,0.0,0.0,06
201200012773,12,5,26,1045,1,1,1,1.0,6,06085,M,0.0,0.0,06
201200012774,12,6,6,900,1,1,1,1.0,2,06079,M,0.0,0.0,06
201200012775,12,7,1,300,3,1,1,1.0,6,06030,M,0.0,0.0,06
201200012776,12,7,6,1900,1,1,1,1.0,3,06004,M,0.0,0.0,06
201200012777,12,7,14,2145,3,1,1,1.0,6,06085,M,0.0,0.0,06
201200012778,12,7,17,2315,3,1,1,1.0,5,06085,M,0.0,0.0,06
201200012779,12,10,16,1915,5,1,1,1.0,5,06027,M,0.0,0.0,06
201200012780,12,10,23,830,1,1,1,1.0,5,06085,M,0.0,0.0,06
201200012781,12,11,6,1115,2,1,1,1.0,2,06079,M,0.0,0.0,06
201200012782,12,12,6,1330,1,1,1,1.0,3,06004,M,0.0,0.0,06
201200012783,12,12,16,1000,1,1,1,1.0,6,06085,M,0.0,0.0,06
201200012784,12,4,20,1245,1,1,1,3.0,6,77130,M,0.0,0.0,77
201200012785,12,9,7,2345,3,1,1,1.0,6,77478,M,,,77
201200012786,12,4,14,815,3,1,1,2.0,4,64335,M,0.0,0.0,64
201200012787,12,6,8,1715,1,1,1,1.0,6,64141,M,0.0,0.0,64
201200012788,12,6,28,1445,1,1,1,1.0,6,64142,M,0.0,0.0,64
201200012789,12,6,29,1300,1,1,1,1.0,7,64445,M,0.0,0.0,64
201200012790,12,12,15,2100,3,1,1,1.0,6,64520,M,0.0,0.0,64
201200012791,12,1,6,530,3,1,1,1.0,2,63430,M,0.0,0.0,63
201200012792,12,10,16,1645,1,1,1,2.0,6,63066,M,0.0,0.0,63
201200012793,12,10,21,630,3,1,1,1.0,6,63430,M,4587800.0,356400.0,63
201200012794,12,1,5,2100,5,2,1,3.0,6,74264,M,0.0,0.0,74
201200012795,12,12,28,1700,2,2,6,1.0,6,74081,M,0.0,0.0,74
201200012796,12,2,24,2315,5,2,1,1.0,6,74081,M,0.0,0.0,74
201200012797,12,2,28,1030,1,2,6,7.0,1,74081,M,0.0,0.0,74
201200012798,12,3,7,1230,1,2,6,1.0,6,74264,M,0.0,0.0,74
201200012799,12,3,20,1745,1,1,1,1.0,1,74159,M,0.0,0.0,74
201200012800,12,4,17,30,3,1,1,1.0,6,74159,M,0.0,0.0,74
201200012801,12,4,18,215,5,2,6,2.0,6,74264,M,0.0,0.0,74
201200012802,12,5,14,2145,5,2,3,1.0,3,74081,M,0.0,0.0,74
201200012803,12,7,10,1730,1,1,1,1.0,5,74264,M,0.0,0.0,74
201200012804,12,8,3,2000,1,2,9,1.0,6,74081,M,0.0,0.0,74
201200012805,12,8,6,900,1,1,1,1.0,1,74014,M,0.0,0.0,74
201200012806,12,8,22,845,1,2,1,1.0,3,74169,M,0.0,0.0,74
201200012807,12,10,25,300,3,2,1,2.0,6,74081,M,0.0,0.0,74
201200012808,12,12,21,1345,1,2,2,1.0,5,74081,M,0.0,0.0,74
201200012809,12,12,21,1845,5,2,1,2.0,1,74014,M,0.0,0.0,74
201200012810,12,4,8,530,3,1,1,3.0,2,11069,M,0.0,0.0,11
201200012811,12,7,7,615,2,1,1,1.0,6,11069,M,0.0,0.0,11
201200012812,12,7,20,545,2,1,1,1.0,2,11254,M,0.0,0.0,11
201200012813,12,8,3,1700,1,1,1,1.0,5,11151,M,0.0,0.0,11
201200012814,12,9,29,830,1,1,1,2.0,2,11068,M,0.0,0.0,11
201200012815,12,2,12,1445,1,1,1,1.0,3,59081,M,5017457.0,339145.0,59
201200012816,12,3,11,1130,1,1,1,1.0,7,59213,M,5015246.0,333173.0,59
201200012817,12,3,26,1800,1,2,7,1.0,6,59037,M,5019661.0,338096.0,59
201200012818,12,8,29,430,3,1,1,1.0,1,47159,M,4440710.0,18391.0,47
201200012819,12,1,3,1130,1,1,1,2.0,6,72067,M,4808000.0,45800.0,72
201200012820,12,1,23,1930,3,1,1,1.0,2,72132,M,0.0,0.0,72
201200012821,12,6,14,1445,1,1,1,1.0,5,72328,M,4806000.0,25400.0,72
201200012822,12,7,13,1900,1,1,1,2.0,2,72090,M,4808000.0,47100.0,72
201200012823,12,7,19,1900,1,1,1,1.0,2,72241,M,0.0,0.0,72
201200012824,12,12,8,1745,3,1,1,2.0,5,72241,M,4806900.0,41200.0,72
201200012825,12,12,25,1930,3,1,1,8.0,2,72031,M,4808400.0,49300.0,72
201200012826,12,1,14,1315,1,1,1,1.0,2,89339,M,4757838.0,393249.0,89
201200012827,12,3,5,2100,3,1,1,1.0,7,89208,M,4762933.0,390683.0,89
201200012828,12,5,7,2315,3,1,1,1.0,6,89208,M,4763844.0,390674.0,89
201200012829,12,7,28,1915,1,1,1,1.0,2,89208,M,4763776.0,390683.0,89
201200012830,12,9,4,600,3,1,1,1.0,6,89339,M,4758482.0,392372.0,89
201200012831,12,11,2,1515,1,1,1,2.0,6,89277,M,4768168.0,385594.0,89
201200012832,12,11,10,1130,1,1,1,3.0,7,89379,M,4750389.0,409646.0,89
201200012833,12,7,4,1805,1,2,1,1.0,2,09122,M,4295583.0,161043.0,09
201200012834,12,9,17,825,1,1,1,1.0,1,09122,M,4295900.0,158980.0,09
201200012835,12,11,10,1820,4,2,1,2.0,7,09122,M,4296444.0,160225.0,09
201200012836,12,11,21,1325,1,2,1,2.0,7,09122,M,4296570.0,159990.0,09
201200012837,12,11,18,1804,5,1,3,2.0,3,09122,M,4298752.0,161576.0,09
201200012838,12,12,21,1940,5,1,3,1.0,7,09122,M,4296540.0,160111.0,09
201200012839,12,11,10,545,3,1,1,2.0,6,56167,M,0.0,0.0,56
201200012840,12,3,1,200,3,2,6,8.0,3,91553,M,0.0,0.0,91
201200012841,12,3,28,1430,1,2,6,1.0,6,91553,M,4863300.0,249200.0,91
201200012842,12,4,22,700,1,2,6,1.0,6,91225,M,4864300.0,246000.0,91
201200012843,12,4,27,1400,1,2,1,2.0,6,91201,M,4866400.0,242900.0,91
201200012844,12,5,7,945,1,2,6,1.0,3,91553,M,4862400.0,250200.0,91
201200012845,12,8,15,1415,1,2,1,1.0,1,91577,M,0.0,0.0,91
201200012846,12,9,11,1630,1,2,1,2.0,6,91553,M,4862100.0,249500.0,91
201200012847,12,8,11,1500,1,1,1,1.0,1,38253,M,0.0,0.0,38
201200012848,12,9,1,45,3,1,1,1.0,1,38253,M,0.0,0.0,38
201200012849,12,9,15,1445,1,1,3,1.0,1,38253,M,4503400.0,609166.0,38
201200012850,12,11,26,845,1,1,1,8.0,6,38253,M,0.0,0.0,38
201200012851,12,12,22,1700,2,1,1,4.0,1,38253,M,0.0,0.0,38
201200012852,12,1,16,815,1,2,1,1.0,6,09225,M,4310441.0,162255.0,09
201200012853,12,1,18,1345,1,2,3,1.0,6,09225,M,4310794.0,161772.0,09
201200012854,12,3,26,1535,1,2,2,1.0,3,09225,M,4310874.0,162071.0,09
201200012855,12,3,30,1600,1,2,1,1.0,2,09225,M,4311182.0,162149.0,09
201200012856,12,4,6,1825,1,1,1,1.0,7,09225,M,4313505.0,162625.0,09
201200012857,12,5,17,215,5,2,3,1.0,3,09225,M,4311713.0,161241.0,09
201200012858,12,8,24,1550,1,2,2,1.0,3,09225,M,4311110.0,161326.0,09
201200012859,12,9,17,1410,1,2,2,1.0,3,09225,M,4310397.0,162442.0,09
201200012860,12,10,18,1110,1,2,1,1.0,6,09225,M,4311115.0,161314.0,09
201200012861,12,10,31,2240,5,2,2,1.0,6,09225,M,4311110.0,161319.0,09
201200012862,12,11,9,1750,5,2,1,1.0,3,09225,M,4311663.0,161885.0,09
201200012863,12,11,12,1730,2,2,1,1.0,3,09225,M,4310358.0,162999.0,09
201200012864,12,11,22,1255,1,2,1,1.0,6,09225,M,4311436.0,161958.0,09
201200012865,12,11,27,710,1,1,1,1.0,7,09225,M,,,09
201200012866,12,11,30,1710,1,2,1,1.0,6,09225,M,4311128.0,161268.0,09
201200012867,12,12,14,755,2,2,1,1.0,6,09225,M,,,09
201200012868,12,1,12,1500,1,1,1,1.0,2,31002,M,0.0,0.0,31
201200012869,12,2,24,700,2,1,1,1.0,2,31035,M,4354010.0,150596.0,31
201200012870,12,3,11,630,2,1,1,1.0,6,31374,M,0.0,0.0,31
201200012871,12,8,18,1200,1,1,1,1.0,6,31161,M,0.0,0.0,31
201200012872,12,9,7,1200,1,1,1,1.0,3,11225,M,0.0,0.0,11
201200012873,12,1,13,1000,1,1,1,1.0,1,33199,M,4462000.0,-109900.0,33
201200012874,12,2,6,2100,5,1,1,1.0,7,33042,M,0.0,0.0,33
201200012875,12,2,8,545,3,1,1,1.0,3,33199,M,4462000.0,-105600.0,33
201200012876,12,5,11,1045,1,1,1,1.0,2,33284,M,0.0,0.0,33
201200012877,12,5,30,815,1,1,1,1.0,7,33284,M,4462800.0,-86900.0,33
201200012878,12,6,26,1130,1,1,1,1.0,4,33199,M,4462100.0,-110100.0,33
201200012879,12,7,1,1445,1,1,6,1.0,2,33199,M,4462100.0,-110200.0,33
201200012880,12,9,29,1945,1,1,1,1.0,7,33284,M,0.0,0.0,33
201200012881,12,10,20,1645,1,1,1,3.0,7,33284,M,4463700.0,-85000.0,33
201200012882,12,6,5,1030,1,1,1,1.0,3,74208,M,0.0,0.0,74
201200012883,12,6,29,1130,1,1,1,1.0,3,74143,M,0.0,0.0,74
201200012884,12,8,29,1230,1,1,1,1.0,2,74056,M,0.0,0.0,74
201200012885,12,3,23,1515,1,1,1,1.0,6,46173,M,4440967.0,179484.0,46
201200012886,12,8,31,315,3,1,1,1.0,7,46328,M,0.0,0.0,46
201200012887,12,4,6,1600,1,1,1,1.0,6,72113,M,0.0,0.0,72
201200012888,12,6,10,2015,1,1,1,1.0,7,72149,M,0.0,0.0,72
201200012889,12,12,5,215,3,1,1,1.0,2,72237,M,0.0,0.0,72
201200012890,12,4,5,1515,1,1,1,1.0,2,68300,M,4777606.0,740830.0,68
201200012891,12,9,11,800,1,1,1,1.0,6,68300,M,4777471.0,738540.0,68
201200012892,12,11,19,630,2,1,1,8.0,6,68300,M,4777840.0,739670.0,68
201200012893,12,11,23,1015,1,1,1,1.0,6,68278,M,4775870.0,741910.0,68
201200012894,12,2,10,1015,1,1,1,1.0,6,53228,M,0.0,0.0,53
201200012895,12,4,13,1530,1,1,1,1.0,7,53007,M,4807523.0,-61024.0,53
201200012896,12,6,30,1345,1,1,1,3.0,6,53034,M,4807444.0,-63361.0,53
201200012897,12,7,21,1700,1,1,1,1.0,7,53140,M,0.0,0.0,53
201200012898,12,3,9,845,1,1,1,1.0,6,44109,M,0.0,0.0,44
201200012899,12,3,22,2015,3,1,1,1.0,2,49068,M,4742947.0,-88286.0,49
201200012900,12,6,3,1030,1,1,1,1.0,2,44213,M,0.0,0.0,44
201200012901,12,8,13,1500,1,1,1,1.0,7,44028,M,0.0,0.0,44
201200012902,12,9,6,1045,3,1,1,1.0,2,44028,M,4734600.0,-137600.0,44
201200012903,12,10,9,1545,1,1,1,3.0,4,44026,M,0.0,0.0,44
201200012904,12,11,18,715,3,1,1,2.0,7,44163,M,0.0,0.0,44
201200012905,12,12,29,930,1,1,1,1.0,6,44048,M,0.0,0.0,44
201200012906,12,7,4,1315,1,1,1,1.0,7,47145,M,0.0,0.0,47
201200012907,12,8,12,1715,1,1,1,1.0,2,47145,M,4414250.0,66033.0,47
201200012908,12,8,29,1230,1,1,1,1.0,5,47169,M,4414380.0,63243.0,47
201200012909,12,2,6,1715,1,1,1,4.0,7,82037,M,0.0,0.0,82
201200012910,12,2,20,630,3,1,1,1.0,2,82037,M,0.0,0.0,82
201200012911,12,3,11,400,3,1,1,1.0,6,82033,M,0.0,0.0,82
201200012912,12,5,22,1745,1,1,1,1.0,5,82033,M,0.0,0.0,82
201200012913,12,8,10,1545,1,1,1,1.0,6,82119,M,0.0,0.0,82
201200012914,12,9,12,600,2,1,1,1.0,2,82169,M,0.0,0.0,82
201200012915,12,12,11,2000,3,1,1,1.0,5,82033,M,0.0,0.0,82
201200012916,12,6,8,1800,1,1,1,1.0,1,20258,M,4221690.0,882277.0,201
201200012917,12,6,16,1800,1,1,1,1.0,6,20065,M,4213600.0,860374.0,201
201200012918,12,8,17,915,1,2,1,1.0,1,20295,M,0.0,0.0,201
201200012919,12,8,30,830,1,2,1,1.0,6,20348,M,0.0,0.0,201
201200012920,12,10,1,1045,1,1,1,1.0,1,20048,M,0.0,0.0,201
201200012921,12,8,4,1045,1,1,1,1.0,6,39233,M,0.0,0.0,39
201200012922,12,8,28,830,1,1,1,1.0,6,39031,M,0.0,0.0,39
201200012923,12,10,10,1430,1,1,1,2.0,6,39121,M,4714200.0,554100.0,39
201200012924,12,1,16,1730,2,2,1,1.0,6,38229,M,0.0,0.0,38
201200012925,12,2,20,815,1,1,1,7.0,1,38397,M,0.0,0.0,38
201200012926,12,4,9,1745,1,1,1,1.0,1,38126,M,0.0,0.0,38
201200012927,12,5,12,845,3,1,4,1.0,1,38249,M,4521910.0,582241.0,38
201200012928,12,7,12,1515,1,1,1,1.0,3,38249,M,4523000.0,580654.0,38
201200012929,12,9,22,1915,1,2,1,1.0,7,38229,M,0.0,0.0,38
201200012930,12,10,4,1830,1,1,1,1.0,3,38249,M,4523000.0,580654.0,38
201200012931,12,10,25,1615,1,2,1,1.0,2,38039,M,0.0,0.0,38
201200012932,12,11,27,915,1,2,6,3.0,6,38140,M,0.0,0.0,38
201200012933,12,12,24,1745,5,2,1,9.0,3,38229,M,0.0,0.0,38
201200012934,12,12,31,945,1,2,1,1.0,3,38229,M,0.0,0.0,38
201200012935,12,1,16,1700,1,2,9,1.0,6,06085,M,0.0,0.0,06
201200012936,12,2,9,1315,1,2,1,1.0,1,06085,M,0.0,0.0,06
201200012937,12,5,18,1200,1,2,1,8.0,5,06085,M,0.0,0.0,06