Num_Acc,an,mois,jour,hrmn,lum,agg,int,atm,col,com,gps,lat,long,dep
201200012938,12,6,20,1930,1,2,1,1.0,7,06085,M,0.0,0.0,06
201200012939,12,7,17,845,1,1,1,1.0,3,06085,M,0.0,0.0,06
201200012940,12,7,21,915,1,1,1,1.0,6,06085,M,0.0,0.0,06
201200012941,12,8,1,1700,1,2,6,1.0,3,06085,M,0.0,0.0,06
201200012942,12,8,2,830,1,2,2,1.0,3,06085,M,,,06
201200012943,12,12,29,1815,3,1,1,1.0,5,06085,M,0.0,0.0,06
201200012944,12,2,16,1130,1,1,2,1.0,3,78431,M,4893420.0,196244.0,78
201200012945,12,3,2,1830,2,1,1,1.0,2,78466,M,4892300.0,200500.0,78
201200012946,12,3,31,1700,1,1,1,1.0,3,78466,M,0.0,0.0,78
201200012947,12,8,16,1645,1,2,1,1.0,3,78466,M,4893100.0,198700.0,78
201200012948,12,8,22,1845,1,1,2,1.0,3,78466,M,4892682.0,198669.0,78
201200012949,12,9,1,1945,1,1,1,1.0,6,78466,M,4893000.0,198400.0,78
201200012950,12,10,26,930,1,1,6,1.0,3,78466,M,0.0,0.0,78
201200012951,12,11,13,1545,1,1,1,1.0,1,78189,M,0.0,0.0,78
201200012952,12,3,2,1915,5,1,1,1.0,3,33122,M,0.0,0.0,33
201200012953,12,8,8,1145,1,1,1,1.0,6,33122,M,0.0,0.0,33
201200012954,12,8,31,1945,1,1,1,1.0,1,33090,M,0.0,0.0,33
201200012955,12,10,4,2300,3,1,1,1.0,6,33122,M,0.0,0.0,33
201200012956,12,10,12,1700,1,2,6,1.0,1,33122,M,0.0,0.0,33
201200012957,12,11,30,815,3,1,3,1.0,5,33122,M,0.0,0.0,33
201200012958,12,12,11,1715,1,1,1,5.0,1,33122,M,0.0,0.0,33
201200012959,12,12,11,1745,5,2,2,1.0,3,33090,M,0.0,0.0,33
201200012960,12,12,14,1100,1,2,7,1.0,6,33122,M,0.0,0.0,33
201200012961,12,9,8,500,3,1,1,1.0,1,66213,M,0.0,0.0,66
201200012962,12,4,19,1000,1,1,1,1.0,2,67462,M,0.0,0.0,67
201200012963,12,5,5,2200,3,1,9,1.0,3,67462,M,0.0,0.0,67
201200012964,12,9,30,1415,1,1,1,1.0,7,67115,M,0.0,0.0,67
201200012965,12,10,21,1945,3,1,1,1.0,2,67073,M,0.0,0.0,67
201200012966,12,11,2,1030,1,1,1,1.0,5,67239,M,0.0,0.0,67
201200012967,12,11,16,1830,3,1,1,1.0,2,67008,M,0.0,0.0,67
201200012968,12,4,18,1245,1,1,1,1.0,6,79078,M,0.0,0.0,79
201200012969,12,7,20,715,1,1,1,1.0,2,79231,M,0.0,0.0,79
201200012970,12,8,6,1045,1,1,1,3.0,2,79355,M,0.0,0.0,79
201200012971,12,5,24,1500,1,1,1,1.0,6,33553,M,0.0,0.0,33
201200012972,12,9,16,30,3,1,1,1.0,7,17050,M,0.0,0.0,17
201200012973,12,9,29,400,5,1,1,1.0,2,33553,M,0.0,0.0,33
201200012974,12,7,28,1915,1,1,1,1.0,6,74118,M,0.0,0.0,74
201200012975,12,9,9,600,2,1,1,1.0,2,74101,M,0.0,0.0,74
201200012976,12,9,12,830,1,1,1,3.0,7,74201,M,0.0,0.0,74
201200012977,12,10,3,730,2,1,1,1.0,5,74016,M,0.0,0.0,74
201200012978,12,10,7,130,3,1,1,3.0,6,74082,M,0.0,0.0,74
201200012979,12,10,8,745,2,1,1,8.0,6,74016,M,0.0,0.0,74
201200012980,12,12,19,2100,5,1,1,8.0,7,74243,M,0.0,0.0,74
201200012981,12,7,16,1945,1,1,1,1.0,1,22372,M,4852229.0,-283146.0,22
201200012982,12,10,4,2000,2,1,1,1.0,3,22206,M,4854200.0,-302000.0,22
201200012983,12,10,31,1100,1,1,2,1.0,3,22182,M,4853883.0,-289296.0,22
201200012984,12,4,11,915,1,1,1,2.0,5,20269,M,0.0,0.0,201
201200012985,12,4,21,800,1,1,1,1.0,3,20269,M,4179639.0,939400.0,201
201200012986,12,4,29,1645,1,1,1,1.0,4,20362,M,0.0,0.0,201
201200012987,12,1,12,415,3,1,1,1.0,1,74268,M,4584200.0,606000.0,74
201200012988,12,3,24,1645,1,2,1,1.0,6,74268,M,0.0,0.0,74
201200012989,12,3,31,1145,1,1,2,1.0,3,74268,M,0.0,0.0,74
201200012990,12,4,27,1815,1,1,1,1.0,5,74268,M,0.0,0.0,74
201200012991,12,5,23,1645,1,1,1,1.0,2,74268,M,0.0,0.0,74
201200012992,12,9,11,915,1,1,4,1.0,3,74268,M,0.0,0.0,74
201200012993,12,9,16,1930,2,2,1,1.0,6,74268,M,0.0,0.0,74
201200012994,12,10,15,1830,1,1,1,1.0,1,74268,M,0.0,0.0,74
201200012995,12,10,21,1500,1,1,1,1.0,1,74219,M,0.0,0.0,74
201200012996,12,11,8,1815,5,2,1,1.0,6,74268,M,0.0,0.0,74
201200012997,12,1,2,1545,1,1,1,1.0,7,69288,M,4567500.0,505000.0,69
201200012998,12,6,15,1815,1,1,1,1.0,6,01089,M,4598490.0,531248.0,01
201200012999,12,6,20,1330,1,1,1,1.0,2,01027,M,4598580.0,531261.0,01
201200013000,12,9,10,615,3,1,1,1.0,2,01276,M,4583400.0,503000.0,01
201200013001,12,12,23,1015,1,1,1,1.0,2,01062,M,4586100.0,511100.0,01
201200013002,12,1,28,1600,1,2,1,1.0,3,42256,M,4549544.0,417842.0,42
201200013003,12,3,6,1630,2,1,1,2.0,6,42279,M,4548430.0,426375.0,42
201200013004,12,3,10,415,5,2,2,1.0,3,42279,M,4550330.0,425999.0,42
201200013005,12,4,2,745,1,2,1,1.0,1,42279,M,4549943.0,424421.0,42
201200013006,12,3,12,1330,1,1,1,1.0,7,42279,M,4549483.0,428021.0,42
201200013007,12,5,12,2030,2,1,1,8.0,7,42279,M,4549861.0,422179.0,42
201200013008,12,5,15,1100,1,2,1,1.0,3,42279,M,4550256.0,426460.0,42
201200013009,12,5,29,1700,1,2,1,1.0,1,42279,M,4549941.0,424039.0,42
201200013010,12,8,12,1345,1,2,6,1.0,1,42279,M,4550330.0,426002.0,42
201200013011,12,10,6,1000,1,1,1,1.0,2,42169,M,4544477.0,417687.0,42
201200013012,12,10,7,1445,1,2,1,1.0,3,42279,M,4550394.0,424966.0,42
201200013013,12,10,13,1400,1,2,1,1.0,1,42279,M,4549496.0,424428.0,42
201200013014,12,12,11,2230,3,1,1,1.0,6,56231,M,0.0,0.0,56
201200013015,12,1,28,1615,1,1,1,1.0,3,91037,M,0.0,0.0,91
201200013016,12,4,7,2245,3,1,1,1.0,6,91045,M,0.0,0.0,91
201200013017,12,7,18,1830,1,1,1,1.0,2,91649,M,0.0,0.0,91
201200013018,12,8,9,130,4,2,1,1.0,6,91135,M,0.0,0.0,91
201200013019,12,12,5,1230,1,2,1,8.0,6,91244,M,4855400.0,240600.0,91
201200013020,12,2,9,645,3,1,1,9.0,7,51629,M,0.0,0.0,51
201200013021,12,3,21,1615,1,2,1,1.0,7,51613,M,0.0,0.0,51
201200013022,12,4,15,700,1,1,1,1.0,6,51333,M,0.0,0.0,51
201200013023,12,4,21,1515,1,1,1,1.0,4,51631,M,0.0,0.0,51
201200013024,12,7,11,330,3,1,1,1.0,6,51530,M,0.0,0.0,51
201200013025,12,8,1,745,1,1,1,1.0,6,51007,M,0.0,0.0,51
201200013026,12,12,14,1145,1,1,9,3.0,1,51613,M,0.0,0.0,51
201200013027,12,12,29,1830,5,1,1,1.0,7,51333,M,0.0,0.0,51
201200013028,12,3,6,1645,1,2,6,7.0,3,31157,M,0.0,0.0,31
201200013029,12,7,3,1730,1,2,1,1.0,1,31157,M,4353817.0,134529.0,31
201200013030,12,8,20,1645,1,2,6,1.0,3,31588,M,4352714.0,133569.0,31
201200013031,12,1,15,1645,1,1,1,1.0,1,06018,M,0.0,0.0,06
201200013032,12,2,22,1315,1,1,1,1.0,2,06152,M,0.0,0.0,06
201200013033,12,1,26,1200,1,1,1,1.0,6,06152,M,0.0,0.0,06
201200013034,12,3,6,815,1,1,3,1.0,3,06152,M,0.0,0.0,06
201200013035,12,4,4,1400,1,1,1,1.0,3,06152,M,0.0,0.0,06
201200013036,12,4,25,1400,1,2,1,1.0,4,06018,M,0.0,0.0,06
201200013037,12,5,7,800,1,1,1,1.0,1,06152,M,0.0,0.0,06
201200013038,12,5,9,2100,3,1,1,1.0,6,06152,M,0.0,0.0,06
201200013039,12,5,20,1145,1,1,1,2.0,6,06152,M,0.0,0.0,06
201200013040,12,6,11,1845,1,1,1,1.0,1,06152,M,0.0,0.0,06
201200013041,12,7,22,2130,3,1,1,9.0,6,06152,M,4361000.0,705000.0,06
201200013042,12,7,26,2145,4,1,1,1.0,3,06155,M,4360200.0,705800.0,06
201200013043,12,8,10,830,1,1,1,1.0,1,06018,M,0.0,0.0,06
201200013044,12,8,18,445,4,1,1,1.0,6,06152,M,0.0,0.0,06
201200013045,12,8,21,1230,1,1,1,1.0,3,06152,M,0.0,0.0,06
201200013046,12,9,21,1515,1,1,3,1.0,1,06152,M,0.0,0.0,06
201200013047,12,11,16,1030,1,1,1,1.0,6,06152,M,0.0,0.0,06
201200013048,12,10,10,1130,1,1,1,1.0,7,06152,M,0.0,0.0,06
201200013049,12,12,16,945,1,2,1,1.0,7,06152,M,0.0,0.0,06
201200013050,12,11,12,700,1,2,1,1.0,1,69063,M,0.0,0.0,69
201200013051,12,1,3,1345,1,2,1,1.0,1,69244,M,0.0,0.0,69
201200013052,12,2,2,1130,1,2,4,1.0,2,69089,M,,,69
201200013053,12,4,10,1700,1,2,1,8.0,3,69244,M,0.0,0.0,69
201200013054,12,7,27,1845,1,1,1,1.0,6,69244,M,0.0,0.0,69
201200013055,12,7,29,2030,2,2,1,1.0,3,69244,M,4576800.0,476900.0,69
201200013056,12,9,5,1445,1,2,1,1.0,7,69244,M,0.0,0.0,69
201200013057,12,9,10,1700,1,2,1,1.0,3,69244,M,0.0,0.0,69
201200013058,12,9,27,1530,1,2,1,2.0,6,69244,M,0.0,0.0,69
201200013059,12,1,4,830,1,2,1,8.0,3,38340,M,0.0,0.0,38
201200013060,12,5,9,1830,1,2,1,1.0,6,38425,M,0.0,0.0,38
201200013061,12,7,13,1645,1,1,1,1.0,1,38353,M,0.0,0.0,38
201200013062,12,9,14,1845,1,2,6,1.0,3,38378,M,0.0,0.0,38
201200013063,12,9,16,1645,1,2,1,1.0,7,38425,M,0.0,0.0,38
201200013064,12,9,19,1415,1,1,1,1.0,3,38448,M,4546000.0,481000.0,38
201200013065,12,9,29,900,1,2,1,2.0,1,38536,M,0.0,0.0,38
201200013066,12,6,16,1315,1,2,1,1.0,1,74299,M,0.0,0.0,74
201200013067,12,6,27,1615,1,2,9,1.0,6,74137,M,0.0,0.0,74
201200013068,12,7,16,2000,1,1,1,1.0,1,74062,M,4598200.0,616500.0,74
201200013069,12,9,15,1915,1,2,1,1.0,3,74282,M,4600100.0,625000.0,74
201200013070,12,11,17,130,2,2,1,5.0,1,74120,M,0.0,0.0,74
201200013071,12,12,22,15,5,2,1,1.0,2,74245,M,0.0,0.0,74
201200013072,12,4,30,1730,1,1,1,1.0,1,34320,M,4366554.0,376051.0,34
201200013073,12,6,2,1200,1,1,1,1.0,6,34320,M,4364061.0,373026.0,34
201200013074,12,8,7,1215,1,2,1,1.0,3,34255,M,4364467.0,380668.0,34
201200013075,12,8,22,15,3,1,1,1.0,6,34255,M,4368719.0,382583.0,34
201200013076,12,1,17,100,3,1,1,1.0,7,01445,M,4635320.0,528728.0,01
201200013077,12,3,4,1630,1,1,1,1.0,2,01451,M,4624440.0,526772.0,01
201200013078,12,3,9,1230,1,1,1,1.0,5,01038,M,4630930.0,525923.0,01
201200013079,12,6,22,445,3,1,1,1.0,7,01451,M,4625460.0,524394.0,01
201200013080,12,8,5,1300,1,1,1,1.0,7,01195,M,0.0,0.0,01
201200013081,12,8,10,1015,1,1,1,1.0,7,01024,M,0.0,0.0,01
201200013082,12,9,24,2245,3,1,1,1.0,7,01038,M,0.0,0.0,01
201200013083,12,10,11,830,1,1,1,1.0,1,01254,M,0.0,0.0,01
201200013084,12,12,19,2230,3,1,1,5.0,6,01147,M,4641500.0,535300.0,01
201200013085,12,2,3,200,3,1,1,1.0,2,02355,M,0.0,0.0,02
201200013086,12,4,2,2330,3,1,1,1.0,2,02303,M,0.0,0.0,02
201200013087,12,8,19,1715,1,1,1,1.0,3,02124,M,0.0,0.0,02
201200013088,12,8,26,225,3,1,1,2.0,2,02124,M,0.0,0.0,02
201200013089,12,10,21,2315,3,1,1,1.0,7,02009,M,0.0,0.0,02
201200013090,12,12,11,730,3,1,1,1.0,2,02355,M,0.0,0.0,02
201200013091,12,1,5,1615,2,2,1,3.0,6,78571,M,0.0,0.0,78
201200013092,12,2,4,1200,1,2,5,1.0,3,78571,M,,,78
201200013093,12,2,15,1800,5,2,2,2.0,6,78571,M,0.0,0.0,78
201200013094,12,6,11,200,3,1,1,9.0,6,78043,M,4884200.0,206100.0,78
201200013095,12,6,15,1015,1,2,1,1.0,6,78043,M,4884018.0,208004.0,78
201200013096,12,6,22,1800,1,1,1,1.0,2,78152,M,0.0,0.0,78
201200013097,12,10,12,1600,1,2,2,8.0,1,78571,M,4885423.0,202548.0,78
201200013098,12,11,10,1000,1,2,1,1.0,6,78455,M,0.0,0.0,78
201200013099,12,11,22,1130,4,1,1,5.0,1,78043,M,0.0,0.0,78
201200013100,12,2,18,1415,1,1,1,1.0,3,13112,M,0.0,0.0,13
201200013101,12,3,14,1930,3,2,4,1.0,3,13114,M,0.0,0.0,13
201200013102,12,3,16,2245,5,2,1,1.0,6,13037,M,4355080.0,518185.0,13
201200013103,12,3,29,830,1,2,1,1.0,3,13112,M,0.0,0.0,13
201200013104,12,7,13,1730,1,1,1,1.0,2,13112,M,0.0,0.0,13
201200013105,12,11,20,1800,3,1,1,1.0,4,13118,M,4355300.0,524200.0,13
201200013106,12,5,17,330,3,1,1,1.0,6,95042,M,4905450.0,233110.0,95
201200013107,12,4,28,1840,1,1,1,2.0,4,95445,M,4909420.0,230020.0,95
201200013108,12,10,31,745,1,1,1,1.0,4,95353,M,4908680.0,231160.0,95
201200013109,12,12,13,1645,2,1,1,2.0,5,95430,M,4906750.0,232820.0,95
201200013110,12,3,7,745,1,1,1,1.0,1,09131,M,4276569.0,174831.0,09
201200013111,12,4,29,1030,1,1,1,1.0,1,09189,M,4266335.0,183526.0,09
201200013112,12,7,14,1300,1,1,1,8.0,5,09189,M,4261089.0,181925.0,09
201200013113,12,9,2,945,1,1,1,2.0,6,09032,M,4268657.0,182322.0,09
201200013114,12,9,9,1300,1,1,1,1.0,6,09070,M,4278521.0,169453.0,09
201200013115,12,11,22,2300,5,2,1,1.0,6,09283,M,4272931.0,181603.0,09
201200013116,12,11,24,1500,1,1,1,1.0,7,09131,M,0.0,0.0,09
201200013117,12,12,13,1330,1,1,1,1.0,5,09032,M,0.0,0.0,09
201200013118,12,4,26,2030,1,1,1,1.0,7,35059,M,4817072.0,-173645.0,35
201200013119,12,5,31,2200,5,2,3,1.0,2,35210,M,4814397.0,-177054.0,35
201200013120,12,7,12,1100,1,2,3,1.0,4,35059,M,4817787.0,-172244.0,35
201200013121,12,12,22,2145,3,1,1,1.0,6,35210,M,0.0,0.0,35
201200013122,12,2,14,1115,1,1,1,1.0,3,56214,M,0.0,0.0,56
201200013123,12,4,29,230,5,2,1,2.0,6,56005,M,4754778.0,-289173.0,56
201200013124,12,6,19,2145,1,1,1,1.0,1,56248,M,4758146.0,-261094.0,56
201200013125,12,7,19,1345,1,1,6,1.0,3,56243,M,4764244.0,-272153.0,56
201200013126,12,8,29,1800,1,2,1,1.0,1,56243,M,4762158.0,-273345.0,56
201200013127,12,11,7,930,1,2,1,1.0,3,56243,M,4765241.0,-273112.0,56
201200013128,12,7,2,45,3,1,1,3.0,7,42155,M,4580861.0,412018.0,42
201200013129,12,11,23,1400,1,1,9,1.0,6,42295,M,4585618.0,381303.0,42
201200013130,12,12,28,1045,1,1,9,1.0,6,42155,M,4582120.0,411352.0,42
201200013131,12,11,29,1715,3,1,1,8.0,6,42066,M,4577089.0,415526.0,42
201200013132,12,2,1,730,2,1,1,1.0,1,88446,M,4820356.0,579721.0,88
201200013133,12,8,15,1700,1,1,1,1.0,5,88062,M,4812858.0,566815.0,88
201200013134,12,9,27,1730,1,2,1,1.0,6,38553,M,4561670.0,514764.0,38
201200013135,12,1,23,730,2,1,1,1.0,3,13113,M,0.0,0.0,13
201200013136,12,3,3,2115,3,1,1,1.0,6,13048,M,,,13
201200013137,12,10,5,145,3,1,1,5.0,2,13113,M,0.0,0.0,13
201200013138,12,12,17,815,1,1,1,1.0,2,13059,M,,,13
201200013139,12,12,18,2045,3,1,1,1.0,3,13113,M,0.0,0.0,13
201200013140,12,10,6,615,3,1,1,1.0,7,18167,M,4711150.0,189043.0,18
201200013141,12,5,1,1615,1,1,9,1.0,3,34337,M,0.0,0.0,34
201200013142,12,6,10,1700,1,1,1,1.0,3,34337,M,0.0,0.0,34
201200013143,12,6,12,1030,1,1,1,1.0,2,34333,M,0.0,0.0,34
201200013144,12,6,20,1830,1,1,1,1.0,7,34333,M,4347000.0,380944.0,34
201200013145,12,6,21,815,1,1,3,1.0,3,34337,M,0.0,0.0,34
201200013146,12,7,9,1845,1,1,1,1.0,5,34333,M,0.0,0.0,34
201200013147,12,10,4,645,3,1,2,1.0,3,34337,M,4354360.0,383848.0,34
201200013148,12,10,6,630,3,1,1,1.0,6,34337,M,0.0,0.0,34
201200013149,12,12,1,1230,1,1,1,7.0,6,34337,M,0.0,0.0,34
201200013150,12,12,18,1800,3,1,1,1.0,6,34337,M,0.0,0.0,34
201200013151,12,5,2,945,1,1,1,2.0,5,01063,M,4616200.0,555497.0,01
201200013152,12,7,5,1715,1,1,1,9.0,6,01373,M,4612890.0,558844.0,01
201200013153,12,8,4,1915,1,1,1,2.0,3,01373,M,0.0,0.0,01
201200013154,12,8,6,1645,1,1,1,1.0,2,01283,M,0.0,0.0,01
201200013155,12,9,30,1600,1,1,1,3.0,6,01373,M,4613400.0,555200.0,01
201200013156,12,7,14,1645,1,1,1,1.0,1,14021,M,4933500.0,-61800.0,14
201200013157,12,1,16,1930,3,1,1,1.0,6,13029,M,0.0,0.0,13
201200013158,12,1,18,1800,3,1,1,1.0,1,13044,M,0.0,0.0,13
201200013159,12,2,2,200,3,1,1,1.0,3,13044,M,0.0,0.0,13
201200013160,12,4,1,630,2,1,1,1.0,7,13069,M,0.0,0.0,13
201200013161,12,4,2,800,1,1,1,1.0,3,13051,M,,,13
201200013162,12,4,12,1645,1,2,3,1.0,3,13069,M,,,13
201200013163,12,4,22,130,3,1,1,1.0,6,13044,M,,,13
201200013164,12,4,29,1645,1,1,1,1.0,6,13044,M,,,13
201200013165,12,5,25,1330,1,1,1,1.0,3,13103,M,0.0,0.0,13
201200013166,12,6,15,1600,1,1,1,1.0,5,13051,M,4358900.0,513600.0,13
201200013167,12,7,3,1645,1,1,1,1.0,1,13044,M,0.0,0.0,13
201200013168,12,9,10,1130,1,2,1,1.0,6,13069,M,,,13
201200013169,12,9,14,1745,1,1,9,1.0,3,13009,M,4363000.0,518700.0,13
201200013170,12,11,20,1615,1,1,1,1.0,3,13069,M,0.0,0.0,13
201200013171,12,8,10,815,1,1,1,1.0,7,05174,M,4491697.0,667539.0,05
201200013172,12,8,29,1630,1,1,1,1.0,1,05085,M,4492439.0,669041.0,05
201200013173,12,10,30,1230,1,1,3,1.0,3,05174,M,4491251.0,667167.0,05
201200013174,12,5,25,730,2,1,1,1.0,3,03118,M,0.0,0.0,03
201200013175,12,6,29,1245,1,1,1,1.0,2,03175,M,0.0,0.0,03
201200013176,12,8,5,1100,1,1,1,1.0,2,03021,M,4612000.0,312000.0,03
201200013177,12,9,9,2230,3,1,1,1.0,6,03277,M,0.0,0.0,03
201200013178,12,11,6,445,3,1,1,1.0,2,03021,M,4611400.0,313800.0,03
201200013179,12,3,2,1945,3,1,1,1.0,5,63113,M,0.0,0.0,63
201200013180,12,5,13,1700,1,1,1,1.0,4,63327,M,0.0,0.0,63
201200013181,12,5,21,1015,1,1,1,3.0,3,63300,M,4589900.0,315300.0,63
201200013182,12,8,10,830,1,1,1,1.0,2,63181,M,4604500.0,311400.0,63
201200013183,12,8,13,1100,1,1,1,1.0,6,63181,M,4603000.0,311900.0,63
201200013184,12,8,14,1545,1,1,1,1.0,6,63135,M,4594900.0,312200.0,63
201200013185,12,8,30,1500,1,1,1,1.0,6,63082,M,4607700.0,312300.0,63
201200013186,12,7,5,2130,3,1,1,1.0,6,06084,M,0.0,0.0,06
201200013187,12,1,17,1640,1,1,1,1.0,6,49110,M,4751767.0,-41132.0,49
201200013188,12,5,29,915,1,1,1,1.0,2,72228,M,0.0,0.0,72
201200013189,12,6,6,1245,1,1,1,1.0,2,72022,M,0.0,0.0,72
201200013190,12,1,12,810,2,1,1,5.0,2,40209,M,4455980.0,-143071.0,40
201200013191,12,3,28,1645,1,1,1,1.0,3,40209,M,4354974.0,-143246.0,40
201200013192,12,3,31,1315,1,1,1,1.0,7,40168,M,4376437.0,-122079.0,40
201200013193,12,5,31,2300,5,1,1,1.0,7,40291,M,4367645.0,-131186.0,40
201200013194,12,7,5,1400,1,1,1,2.0,2,40036,M,4365097.0,-134732.0,40
201200013195,12,7,26,400,3,1,1,1.0,2,40168,M,4376167.0,-122142.0,40
201200013196,12,9,30,100,3,1,1,1.0,6,40004,M,4365329.0,-134011.0,40
201200013197,12,5,23,1430,1,1,1,1.0,6,40156,M,4428644.0,-89073.0,40
201200013198,12,5,29,45,3,1,1,1.0,6,40094,M,4412466.0,-98347.0,40
201200013199,12,5,29,525,3,1,1,1.0,2,40210,M,4400410.0,-102962.0,40
201200013200,12,8,31,545,3,1,1,1.0,2,40152,M,4393594.0,-109284.0,40
201200013201,12,9,18,300,3,1,1,1.0,6,40295,M,4439956.0,-82122.0,40
201200013202,12,4,21,1915,1,2,1,8.0,6,63349,M,4593900.0,284900.0,63
201200013203,12,8,23,1245,1,1,1,1.0,6,63206,M,4594200.0,291500.0,63
201200013204,12,11,26,145,3,1,1,2.0,6,63349,M,4593900.0,288500.0,63
201200013205,12,1,6,1101,1,2,9,1.0,6,10387,M,4830430.0,408963.0,10
201200013206,12,12,29,1000,1,2,1,8.0,6,10387,M,4829891.0,407109.0,10
201200013207,12,1,8,2030,5,2,2,1.0,3,10387,M,4830430.0,408251.0,10
201200013208,12,1,13,1356,1,2,1,1.0,6,10387,M,4830919.0,405459.0,10
201200013209,12,1,11,1214,1,2,1,1.0,6,10387,M,4828003.0,408037.0,10
201200013210,12,1,12,1925,5,2,1,1.0,6,10387,M,4829475.0,407276.0,10
201200013211,12,1,19,1852,5,2,9,1.0,6,10387,M,4829337.0,406875.0,10
201200013212,12,1,21,1750,5,2,1,1.0,2,10297,M,4832609.0,409948.0,10
201200013213,12,1,24,1405,1,2,6,1.0,3,10387,M,4829537.0,408095.0,10
201200013214,12,1,20,1755,2,2,4,1.0,3,10060,M,4826052.0,409348.0,10
201200013215,12,1,4,1625,1,2,2,1.0,1,10387,M,4827274.0,407711.0,10
201200013216,12,1,10,1459,1,2,7,1.0,6,10387,M,4829920.0,407275.0,10
201200013217,12,1,26,1840,2,2,3,1.0,3,10387,M,4829780.0,409505.0,10
201200013218,12,2,13,1515,1,2,6,8.0,3,10387,M,,,10
201200013219,12,2,7,1150,1,2,2,1.0,7,10387,M,4829683.0,406773.0,10
201200013220,12,2,28,1211,1,2,1,1.0,6,10387,M,4829843.0,407830.0,10
201200013221,12,3,1,1800,1,2,1,1.0,3,10297,M,,,10
201200013222,12,2,23,2000,5,2,6,1.0,6,10387,M,4829611.0,409432.0,10
201200013223,12,2,29,1451,1,2,1,1.0,5,10387,M,4831438.0,406112.0,10
201200013224,12,3,10,2055,5,2,2,1.0,3,10387,M,,,10
201200013225,12,3,12,1525,1,2,9,1.0,2,10297,M,4832089.0,410799.0,10
201200013226,12,3,9,1125,1,1,1,1.0,7,10362,M,4829967.0,402693.0,10
201200013227,12,3,14,1810,1,2,1,1.0,6,10387,M,4828730.0,407308.0,10
201200013228,12,2,23,1056,1,2,1,1.0,2,10387,M,4829226.0,407308.0,10
201200013229,12,3,21,805,1,1,1,1.0,2,10081,M,,,10
201200013230,12,3,9,910,1,2,3,1.0,3,10333,M,4827620.0,406213.0,10
201200013231,12,3,18,1600,1,2,3,3.0,3,10081,M,,,10
201200013232,12,3,27,1609,1,2,1,1.0,5,10333,M,,,10
201200013233,12,4,1,1915,1,2,2,1.0,3,10387,M,4830132.0,406419.0,10
201200013234,12,4,7,1050,1,2,1,1.0,6,10387,M,4829893.0,407759.0,10
201200013235,12,4,11,1545,1,2,6,1.0,3,10387,M,4829909.0,406107.0,10
201200013236,12,4,12,1953,2,2,2,1.0,3,10387,M,4829534.0,407627.0,10
201200013237,12,4,25,1653,1,2,1,2.0,7,10081,M,4832412.0,404642.0,10
201200013238,12,5,10,910,1,2,1,1.0,6,10297,M,4831802.0,409829.0,10
201200013239,12,4,30,1750,1,2,2,1.0,3,10357,M,4829751.0,413468.0,10
201200013240,12,5,22,1710,1,2,1,2.0,2,10387,M,4830056.0,407081.0,10
201200013241,12,5,27,1221,1,2,2,1.0,3,10387,M,4828896.0,408420.0,10
201200013242,12,5,11,751,1,2,1,1.0,7,10333,M,4828285.0,403997.0,10
201200013243,12,6,24,125,5,2,6,1.0,3,10387,M,,,10
201200013244,12,7,16,725,1,1,9,1.0,6,10357,M,,,10
201200013245,12,7,19,1419,1,2,3,1.0,3,10387,M,4831306.0,406520.0,10
201200013246,12,7,18,1403,1,2,6,1.0,3,10387,M,4829249.0,407384.0,10
201200013247,12,8,8,1750,1,2,1,1.0,6,10387,M,4830403.0,408098.0,10
201200013248,12,8,17,1110,1,2,1,1.0,6,10357,M,4830305.0,410025.0,10
201200013249,12,8,13,1620,1,2,1,1.0,2,10357,M,,,10
201200013250,12,8,15,915,1,2,1,1.0,3,10387,M,4828145.0,406996.0,10
201200013251,12,8,13,500,5,2,6,1.0,3,10387,M,4829130.0,408771.0,10
201200013252,12,8,25,1820,1,2,1,1.0,2,10387,M,4829488.0,408400.0,10
201200013253,12,9,4,2212,5,2,3,1.0,3,10387,M,4830327.0,407219.0,10
201200013254,12,9,3,1715,1,2,1,1.0,3,10387,M,4828379.0,407861.0,10
201200013255,12,9,14,850,1,2,6,7.0,3,10081,M,4831247.0,404904.0,10
201200013256,12,9,14,1725,1,2,6,8.0,3,10333,M,4828497.0,406101.0,10
201200013257,12,9,16,1000,1,2,6,1.0,3,10387,M,4829106.0,408842.0,10
201200013258,12,9,14,1210,1,2,3,1.0,3,10387,M,4829618.0,406242.0,10
201200013259,12,9,23,150,5,2,1,1.0,2,10387,M,4830504.0,407197.0,10
201200013260,12,9,21,1640,1,2,1,2.0,6,10387,M,4829338.0,407316.0,10
201200013261,12,9,22,1340,1,2,1,1.0,1,10333,M,4828605.0,404938.0,10
201200013262,12,9,22,1815,1,2,1,1.0,3,10387,M,4831591.0,407469.0,10
201200013263,12,9,25,1645,1,2,1,8.0,6,10387,M,4828873.0,408039.0,10
201200013264,12,9,24,1340,1,2,1,1.0,6,10387,M,4829619.0,406686.0,10
201200013265,12,9,8,1900,1,2,1,1.0,6,10343,M,4828074.0,409511.0,10
201200013266,12,10,10,2045,5,2,2,1.0,3,10387,M,4830617.0,406384.0,10
201200013267,12,10,13,2055,5,2,2,2.0,3,10387,M,4829056.0,408222.0,10
201200013268,12,10,1,755,1,2,2,1.0,3,10081,M,4830420.0,403287.0,10
201200013269,12,10,11,1900,1,2,2,1.0,3,10387,M,4830507.0,405314.0,10
201200013270,12,9,22,1722,1,2,3,1.0,6,10387,M,4830454.0,408939.0,10
201200013271,12,10,18,1855,1,2,3,1.0,3,10333,M,4827955.0,406221.0,10