Num_Acc,an,mois,jour,hrmn,lum,agg,int,atm,col,com,gps,lat,long,dep
201200013272,12,10,1,1803,2,2,6,1.0,3,10387,M,4830073.0,407528.0,10
201200013273,12,11,4,1335,1,2,2,2.0,3,10387,M,4827504.0,407629.0,10
201200013274,12,11,2,1432,1,2,3,3.0,3,10387,M,4831017.0,409733.0,10
201200013275,12,10,31,1410,1,2,1,1.0,6,10387,M,4830494.0,409078.0,10
201200013276,12,11,20,740,5,2,3,5.0,3,10387,M,4829213.0,408629.0,10
201200013277,12,11,11,2045,3,1,1,8.0,6,10357,M,,,10
201200013278,12,11,13,1600,1,2,1,1.0,6,10081,M,4831202.0,404853.0,10
201200013279,12,10,18,1840,2,2,1,1.0,3,10387,M,4828485.0,407356.0,10
201200013280,12,10,20,1940,5,2,2,1.0,3,10387,M,,,10
201200013281,12,10,27,1452,1,2,1,1.0,6,10387,M,4826940.0,408376.0,10
201200013282,12,11,22,850,1,2,3,1.0,1,10387,M,4830377.0,407852.0,10
201200013283,12,11,19,835,1,2,1,9.0,2,10387,M,4829474.0,408270.0,10
201200013284,12,11,21,729,2,2,1,1.0,6,10081,M,4831471.0,406092.0,10
201200013285,12,12,16,1838,1,2,2,1.0,3,10081,M,,,10
201200013286,12,12,3,1622,2,2,1,2.0,3,10362,M,4829210.0,403990.0,10
201200013287,12,12,18,920,1,1,1,3.0,2,10081,M,,,10
201200013288,12,12,22,640,5,2,1,2.0,1,10387,M,4830751.0,409579.0,10
201200013289,12,12,22,1720,5,2,1,2.0,6,10387,M,4830522.0,409157.0,10
201200013290,12,12,31,1810,5,2,1,1.0,6,10387,M,4830487.0,409041.0,10
201200013291,12,12,31,1530,1,2,1,1.0,3,10387,M,4829463.0,408240.0,10
201200013292,12,3,25,1715,1,2,1,1.0,3,67152,M,0.0,0.0,67
201200013293,12,6,24,1115,1,2,1,1.0,6,67212,M,4856300.0,764400.0,67
201200013294,12,8,18,1530,1,1,1,1.0,6,67212,M,4856700.0,763700.0,67
201200013295,12,10,30,315,3,1,1,1.0,6,67049,M,0.0,0.0,67
201200013296,12,11,8,2145,5,1,1,1.0,1,67152,M,0.0,0.0,67
201200013297,12,2,20,1715,1,1,1,1.0,1,67389,M,0.0,0.0,67
201200013298,12,3,26,1730,1,2,1,7.0,3,67506,M,4866500.0,772300.0,67
201200013299,12,5,10,1915,1,2,1,7.0,2,67506,M,4867300.0,771200.0,67
201200013300,12,8,20,1430,1,1,1,1.0,7,67256,M,4865700.0,770900.0,67
201200013301,12,9,6,1630,1,1,9,1.0,1,67119,M,4868900.0,770900.0,67
201200013302,12,9,29,2345,5,2,1,1.0,3,67506,M,0.0,0.0,67
201200013303,12,12,16,1630,2,2,9,2.0,6,67256,M,0.0,0.0,67
201200013304,12,4,18,1745,1,2,1,1.0,3,06038,M,4364900.0,697700.0,06
201200013305,12,4,23,1115,1,2,1,1.0,1,06038,M,4367900.0,697900.0,06
201200013306,12,5,14,1645,1,2,1,1.0,3,06105,M,0.0,0.0,06
201200013307,12,7,27,1515,1,1,1,1.0,7,06105,M,4368500.0,705200.0,06
201200013308,12,4,6,1845,1,1,1,4.0,4,65482,M,4310633.0,44025.0,65
201200013309,12,6,25,1315,1,1,1,1.0,6,65251,M,4321600.0,7000.0,65
201200013310,12,10,12,1630,1,1,1,2.0,6,65127,M,4310684.0,33245.0,65
201200013311,12,11,9,1245,1,1,1,1.0,6,65251,M,4321464.0,8689.0,65
201200013312,12,11,13,930,1,1,1,1.0,6,65127,M,4310270.0,33849.0,65
201200013313,12,7,31,955,1,1,1,1.0,6,02559,M,0.0,0.0,02
201200013314,12,3,3,230,5,1,1,1.0,6,38053,M,4560680.0,522946.0,38
201200013315,12,3,23,1700,1,1,1,1.0,3,38530,M,4562110.0,517900.0,38
201200013316,12,7,19,1745,1,2,6,1.0,7,38193,M,0.0,0.0,38
201200013317,12,11,18,1830,5,1,1,1.0,3,38530,M,4561970.0,518138.0,38
201200013318,12,4,11,1030,1,1,1,1.0,2,03186,M,4633200.0,294300.0,03
201200013319,12,5,29,1500,1,1,1,1.0,3,03219,M,4633200.0,291600.0,03
201200013320,12,7,11,1545,1,1,1,1.0,7,03158,M,0.0,0.0,03
201200013321,12,9,19,1815,1,1,1,1.0,7,03158,M,4649400.0,266200.0,03
201200013322,12,5,12,1400,1,1,1,1.0,2,21599,M,0.0,0.0,21
201200013323,12,7,29,1130,1,1,1,1.0,3,21599,M,0.0,0.0,21
201200013324,12,6,13,1530,1,1,1,1.0,6,04112,M,0.0,0.0,04
201200013325,12,7,1,1545,1,1,1,1.0,7,04242,M,0.0,0.0,04
201200013326,12,2,7,715,5,2,1,1.0,6,29019,M,4838318.0,-448646.0,29
201200013327,12,7,6,845,1,1,9,8.0,6,29019,M,4838328.0,-448116.0,29
201200013328,12,10,22,800,5,2,1,2.0,6,29019,M,4838275.0,-448899.0,29
201200013329,12,3,18,645,2,1,1,1.0,6,13080,M,,,13
201200013330,12,5,2,1915,1,1,2,1.0,3,13080,M,,,13
201200013331,12,7,23,1230,1,1,1,1.0,6,13080,M,0.0,0.0,13
201200013332,12,8,16,2015,3,1,1,1.0,6,13080,M,,,13
201200013333,12,9,6,2245,3,1,1,1.0,3,13080,M,0.0,0.0,13
201200013334,12,10,31,1915,3,1,1,3.0,1,13080,M,0.0,0.0,13
201200013335,12,5,2,1715,1,1,1,1.0,6,73151,M,4551289.0,600253.0,73
201200013336,12,11,21,1745,3,1,1,1.0,5,73297,M,4563626.0,633273.0,73
201200013337,12,12,27,1400,1,1,1,1.0,7,73118,M,4548530.0,602323.0,73
201200013338,12,3,9,2030,3,1,1,1.0,6,38410,M,0.0,0.0,38
201200013339,12,9,16,1400,1,1,1,1.0,6,38450,M,4529440.0,555094.0,38
201200013340,12,11,25,1615,1,1,1,1.0,6,26088,M,0.0,0.0,26
201200013341,12,6,13,300,3,1,1,1.0,6,35032,M,4798431.0,-161648.0,35
201200013342,12,6,14,1100,1,2,6,1.0,3,35352,M,4806346.0,-161853.0,35
201200013343,12,6,19,1545,1,2,6,1.0,1,35352,M,0.0,0.0,35
201200013344,12,8,17,1930,1,1,2,1.0,3,35208,M,4797745.0,-165967.0,35
201200013345,12,9,8,945,1,1,1,1.0,3,35266,M,4802320.0,-165485.0,35
201200013346,12,10,31,1815,5,2,1,1.0,6,35352,M,4804900.0,-160100.0,35
201200013347,12,12,4,745,2,1,1,2.0,3,35266,M,0.0,0.0,35
201200013348,12,1,17,1815,3,1,1,1.0,6,67506,M,0.0,0.0,67
201200013349,12,1,31,130,3,1,9,1.0,7,67194,M,4872400.0,787800.0,67
201200013350,12,2,10,445,3,1,1,1.0,7,67519,M,4868900.0,781700.0,67
201200013351,12,2,21,830,1,1,1,1.0,4,67506,M,4867900.0,774100.0,67
201200013352,12,3,18,1315,1,1,1,2.0,7,67506,M,0.0,0.0,67
201200013353,12,8,21,1115,1,1,1,1.0,6,67140,M,0.0,0.0,67
201200013354,12,8,24,1830,1,1,1,1.0,1,67194,M,4872400.0,788000.0,67
201200013355,12,8,29,730,1,1,1,1.0,7,67205,M,4868200.0,777300.0,67
201200013356,12,9,16,1815,1,1,1,1.0,6,67418,M,4882300.0,799500.0,67
201200013357,12,5,20,1145,1,1,1,1.0,7,67063,M,0.0,0.0,67
201200013358,12,1,8,235,5,2,1,1.0,6,11069,M,,,11
201200013359,12,1,11,1815,3,1,3,1.0,1,11069,M,,,11
201200013360,12,1,15,530,3,1,1,1.0,6,11069,M,,,11
201200013361,12,1,19,2030,3,2,1,1.0,6,11069,M,,,11
201200013362,12,2,4,1210,1,1,1,1.0,6,11069,M,,,11
201200013363,12,1,4,647,5,2,1,1.0,6,11069,M,,,11
201200013364,12,3,19,1218,1,2,3,1.0,3,11069,M,,,11
201200013365,12,3,22,2300,5,2,1,1.0,2,11069,M,,,11
201200013366,12,3,26,1834,1,2,3,1.0,3,11069,M,,,11
201200013367,12,4,1,1709,1,2,5,1.0,3,11069,M,,,11
201200013368,12,4,25,218,5,2,1,1.0,6,11069,M,,,11
201200013369,12,4,22,1202,1,2,1,1.0,2,11069,M,,,11
201200013370,12,4,16,1824,1,1,1,1.0,2,11069,M,,,11
201200013371,12,4,29,1625,1,1,1,1.0,3,11069,M,,,11
201200013372,12,5,9,1955,2,2,1,1.0,2,11069,M,,,11
201200013373,12,5,17,110,3,1,1,1.0,6,11069,M,,,11
201200013374,12,5,16,2126,5,2,2,1.0,3,11069,M,,,11
201200013375,12,1,6,2352,3,2,1,1.0,6,11069,M,,,11
201200013376,12,6,1,1446,1,2,3,1.0,3,11069,M,,,11
201200013377,12,6,6,2034,2,2,3,1.0,3,11069,M,,,11
201200013378,12,6,6,1405,1,2,3,1.0,3,11069,M,,,11
201200013379,12,6,9,450,5,2,1,1.0,6,11069,M,,,11
201200013380,12,5,30,1725,1,1,3,1.0,3,11069,M,,,11
201200013381,12,7,2,2100,5,2,1,1.0,2,11069,M,,,11
201200013382,12,1,9,1204,1,1,1,1.0,3,11069,M,,,11
201200013383,12,6,17,1538,1,2,3,1.0,3,11069,M,,,11
201200013384,12,7,22,2016,1,1,1,1.0,2,11069,M,,,11
201200013385,12,1,10,1330,1,1,3,1.0,3,11069,M,,,11
201200013386,12,9,5,1833,1,2,1,1.0,6,11069,M,,,11
201200013387,12,9,10,2142,2,2,3,1.0,3,11069,M,,,11
201200013388,12,9,11,1945,1,1,1,1.0,1,11069,M,,,11
201200013389,12,9,20,1957,1,1,1,1.0,3,11069,M,,,11
201200013390,12,9,24,916,1,2,1,2.0,6,11069,M,,,11
201200013391,12,9,23,1228,1,1,1,1.0,7,11069,M,,,11
201200013392,12,1,12,1121,1,2,1,1.0,1,11069,M,,,11
201200013393,12,9,28,924,1,1,1,1.0,1,11069,M,,,11
201200013394,12,10,6,1428,1,2,1,1.0,6,11069,M,,,11
201200013395,12,10,21,1959,2,2,1,1.0,2,11069,M,,,11
201200013396,12,11,24,2236,3,2,1,1.0,1,11069,M,,,11
201200013397,12,11,27,2145,3,1,1,1.0,6,11069,M,,,11
201200013398,12,12,31,525,3,2,1,1.0,6,11069,M,,,11
201200013399,12,1,19,1416,1,1,3,1.0,5,11069,M,,,11
201200013400,12,1,20,755,2,2,1,1.0,6,11069,M,,,11
201200013401,12,1,25,1726,2,2,3,1.0,3,11069,M,,,11
201200013402,12,1,25,1748,2,2,1,1.0,7,11069,M,,,11
201200013403,12,1,30,1349,1,2,1,1.0,7,11069,M,,,11
201200013404,12,1,30,1432,1,1,1,1.0,2,11069,M,,,11
201200013405,12,2,1,747,2,2,1,1.0,6,11069,M,,,11
201200013406,12,2,2,1920,1,1,6,1.0,3,11069,M,,,11
201200013407,12,2,9,1550,1,2,1,1.0,4,11069,M,,,11
201200013408,12,2,12,2036,2,2,3,1.0,3,11069,M,,,11
201200013409,12,2,16,1538,1,2,1,1.0,2,11069,M,,,11
201200013410,12,2,17,30,3,1,1,1.0,7,11069,M,,,11
201200013411,12,3,11,1900,2,2,1,1.0,7,11069,M,,,11
201200013412,12,3,21,1746,1,1,1,1.0,7,11069,M,,,11
201200013413,12,3,28,1820,1,2,1,1.0,2,11069,M,,,11
201200013414,12,4,10,1505,1,1,1,1.0,3,11069,M,,,11
201200013415,12,4,10,1637,1,1,1,1.0,7,11069,M,,,11
201200013416,12,4,14,1851,1,1,1,1.0,6,11069,M,,,11
201200013417,12,4,24,1223,1,2,1,1.0,6,11069,M,,,11
201200013418,12,4,25,1150,1,2,1,1.0,2,11069,M,,,11
201200013419,12,4,26,2055,2,2,1,1.0,2,11069,M,,,11
201200013420,12,4,26,2308,3,1,3,1.0,3,11069,M,,,11
201200013421,12,4,28,1156,1,2,1,1.0,7,11069,M,,,11
201200013422,12,4,28,1548,1,1,1,6.0,7,11069,M,,,11
201200013423,12,4,30,1719,1,2,3,1.0,3,11069,M,,,11
201200013424,12,4,30,2150,5,2,1,1.0,7,11069,M,,,11
201200013425,12,5,1,226,5,2,1,1.0,2,11069,M,,,11
201200013426,12,5,1,1620,1,1,6,1.0,7,11069,M,,,11
201200013427,12,5,3,1740,1,2,3,1.0,5,11069,M,,,11
201200013428,12,5,10,840,1,2,1,1.0,2,11069,M,,,11
201200013429,12,5,10,1012,1,2,1,2.0,7,11069,M,,,11
201200013430,12,5,12,1250,1,1,1,1.0,2,11069,M,,,11
201200013431,12,5,15,1228,1,2,1,1.0,7,11069,M,,,11
201200013432,12,5,15,2005,1,2,3,1.0,3,11069,M,,,11
201200013433,12,5,16,1026,1,2,3,1.0,6,11069,M,,,11
201200013434,12,5,18,2235,5,2,2,1.0,3,11069,M,,,11
201200013435,12,5,22,831,1,2,3,1.0,7,11069,M,,,11
201200013436,12,5,25,1402,1,1,6,1.0,3,11069,M,,,11
201200013437,12,5,27,3,3,2,1,1.0,7,11069,M,,,11
201200013438,12,5,31,1459,1,2,3,1.0,3,11069,M,,,11
201200013439,12,6,2,1419,1,2,1,1.0,5,11069,M,,,11
201200013440,12,6,2,2355,3,1,1,1.0,7,11069,M,,,11
201200013441,12,6,5,1554,1,2,1,1.0,3,11069,M,,,11
201200013442,12,6,8,733,1,2,2,1.0,3,11069,M,,,11
201200013443,12,6,11,1710,1,1,1,1.0,6,11069,M,,,11
201200013444,12,6,15,1718,1,1,3,1.0,3,11069,M,,,11
201200013445,12,6,17,1058,1,2,3,1.0,3,11069,M,,,11
201200013446,12,6,19,1000,1,2,1,1.0,7,11069,M,,,11
201200013447,12,6,19,1834,1,2,1,1.0,2,11069,M,,,11
201200013448,12,6,19,2005,1,1,9,1.0,1,11069,M,,,11
201200013449,12,6,21,1100,1,2,1,1.0,7,11069,M,,,11
201200013450,12,6,21,1647,1,2,1,1.0,6,11069,M,,,11
201200013451,12,6,22,1915,1,2,1,1.0,2,11069,M,,,11
201200013452,12,6,22,1925,1,2,1,1.0,2,11069,M,,,11
201200013453,12,6,25,1700,1,2,1,1.0,2,11069,M,,,11
201200013454,12,6,26,1630,1,1,3,1.0,7,11069,M,,,11
201200013455,12,7,4,1810,1,2,1,1.0,2,11069,M,,,11
201200013456,12,7,5,748,1,2,3,1.0,3,11069,M,,,11
201200013457,12,7,6,1709,1,2,1,1.0,3,11069,M,,,11
201200013458,12,7,8,1133,1,1,1,1.0,2,11069,M,,,11
201200013459,12,7,9,1830,1,2,1,1.0,7,11069,M,,,11
201200013460,12,7,10,955,1,1,1,1.0,3,11069,M,,,11
201200013461,12,7,13,1853,1,2,1,1.0,2,11069,M,,,11
201200013462,12,7,28,2126,2,2,1,1.0,6,11069,M,,,11
201200013463,12,7,29,1700,1,1,1,1.0,7,11069,M,,,11
201200013464,12,8,26,803,1,1,1,1.0,7,11069,M,,,11
201200013465,12,8,27,1559,1,2,1,1.0,7,11069,M,,,11
201200013466,12,8,29,1059,1,2,1,1.0,2,11069,M,,,11
201200013467,12,8,30,931,1,2,1,2.0,7,11069,M,,,11
201200013468,12,8,30,1701,1,2,3,1.0,6,11069,M,,,11
201200013469,12,9,1,1629,1,1,1,1.0,2,11069,M,,,11
201200013470,12,9,4,1602,1,2,1,1.0,6,11069,M,,,11
201200013471,12,9,21,2120,2,1,1,1.0,7,11069,M,,,11
201200013472,12,9,28,12,5,2,1,1.0,6,11069,M,,,11
201200013473,12,9,29,1012,1,1,3,1.0,2,11069,M,,,11
201200013474,12,10,4,755,1,2,3,1.0,3,11069,M,,,11
201200013475,12,10,8,1333,1,2,1,1.0,6,11069,M,,,11
201200013476,12,10,8,1410,1,2,3,1.0,7,11069,M,,,11
201200013477,12,10,11,1755,1,1,1,1.0,4,11069,M,,,11
201200013478,12,10,18,1531,1,2,1,2.0,6,11069,M,,,11
201200013479,12,10,19,1212,1,2,1,2.0,7,11069,M,,,11
201200013480,12,11,5,1146,1,2,3,1.0,3,11069,M,,,11
201200013481,12,11,10,1836,2,2,9,2.0,5,11069,M,,,11
201200013482,12,11,12,1805,2,1,3,1.0,2,11069,M,,,11
201200013483,12,11,14,736,1,2,3,1.0,6,11069,M,,,11
201200013484,12,11,14,1000,1,2,7,1.0,6,11069,M,,,11
201200013485,12,11,15,1556,1,2,4,1.0,1,11069,M,,,11
201200013486,12,11,15,1630,1,2,6,1.0,3,11069,M,,,11
201200013487,12,11,17,2103,3,1,1,1.0,6,11069,M,,,11
201200013488,12,11,22,721,2,1,1,1.0,7,11069,M,,,11
201200013489,12,11,23,949,5,2,1,1.0,6,11069,M,,,11
201200013490,12,11,24,220,3,1,1,1.0,6,11069,M,,,11
201200013491,12,11,30,5,5,2,6,1.0,6,11069,M,,,11
201200013492,12,11,30,1901,2,2,6,1.0,3,11069,M,,,11
201200013493,12,12,3,1231,1,2,2,1.0,3,11069,M,,,11
201200013494,12,12,6,1017,1,2,1,1.0,3,11069,M,,,11
201200013495,12,12,8,1618,1,2,2,1.0,3,11069,M,,,11
201200013496,12,12,10,1848,2,1,1,1.0,5,11069,M,,,11
201200013497,12,12,12,1753,1,2,2,1.0,3,11069,M,,,11
201200013498,12,12,13,1028,1,2,4,1.0,2,11069,M,,,11
201200013499,12,12,15,1850,2,1,1,1.0,2,11069,M,,,11
201200013500,12,12,17,2050,3,2,1,1.0,3,11069,M,,,11
201200013501,12,12,20,1727,2,2,3,1.0,3,11069,M,,,11
201200013502,12,12,22,1134,1,2,1,1.0,7,11069,M,,,11
201200013503,12,12,28,1736,3,1,1,1.0,6,11069,M,,,11
201200013504,12,12,29,1206,1,2,1,1.0,6,11069,M,,,11
201200013505,12,12,29,1303,1,2,1,1.0,6,11069,M,,,11
201200013506,12,12,29,1309,1,1,1,1.0,6,11069,M,,,11
201200013507,12,1,12,850,2,1,1,5.0,1,11076,M,,,11
201200013508,12,5,29,1645,1,1,1,1.0,1,11076,M,,,11
201200013509,12,8,5,50,3,1,1,1.0,6,11076,M,,,11
201200013510,12,8,23,1950,1,2,1,1.0,6,11076,M,,,11
201200013511,12,9,23,1000,1,2,1,1.0,6,11076,M,,,11
201200013512,12,10,31,1220,1,1,1,2.0,5,11076,M,,,11
201200013513,12,1,9,800,1,1,1,1.0,5,31022,M,0.0,0.0,31
201200013514,12,5,3,830,1,1,1,1.0,5,31091,M,0.0,0.0,31
201200013515,12,6,24,2330,3,1,1,1.0,2,31462,M,4365490.0,153177.0,31
201200013516,12,9,1,1145,1,1,1,1.0,2,31488,M,0.0,0.0,31
201200013517,12,9,23,345,3,1,1,1.0,6,31467,M,4369000.0,141118.0,31
201200013518,12,12,21,1915,3,1,1,3.0,7,31212,M,0.0,0.0,31
201200013519,12,5,26,445,2,2,1,1.0,6,27067,M,4928980.0,171299.0,27
201200013520,12,1,15,545,3,1,1,1.0,6,77194,M,0.0,0.0,77
201200013521,12,2,6,1900,3,1,1,1.0,2,77279,M,0.0,0.0,77
201200013522,12,3,26,1415,1,1,1,1.0,6,77279,M,0.0,0.0,77
201200013523,12,7,9,1630,1,1,9,1.0,1,77194,M,0.0,0.0,77
201200013524,12,7,28,1220,1,1,1,1.0,7,77145,M,,,77
201200013525,12,8,10,2000,2,1,1,7.0,6,77165,M,0.0,0.0,77
201200013526,12,8,21,1400,1,1,1,1.0,7,77034,M,0.0,0.0,77
201200013527,12,9,30,745,1,1,1,5.0,2,77293,M,0.0,0.0,77
201200013528,12,1,10,1402,1,2,1,1.0,6,11262,M,,,11
201200013529,12,1,3,1440,1,2,1,1.0,3,11262,M,,,11
201200013530,12,1,20,1810,2,2,1,1.0,6,11262,M,,,11
201200013531,12,1,5,1840,5,2,7,6.0,5,11262,M,,,11
201200013532,12,2,6,1615,1,2,1,6.0,6,11262,M,,,11
201200013533,12,1,9,1410,1,2,1,1.0,3,11262,M,,,11
201200013534,12,1,9,1845,5,2,2,1.0,7,11262,M,,,11
201200013535,12,2,9,1458,1,2,1,6.0,5,11262,M,,,11
201200013536,12,2,11,725,2,2,1,1.0,6,11262,M,,,11
201200013537,12,1,10,1655,1,2,1,1.0,6,11262,M,,,11
201200013538,12,3,1,550,5,2,3,1.0,3,11262,M,,,11
201200013539,12,3,2,1539,1,2,1,1.0,3,11262,M,,,11
201200013540,12,1,13,2125,5,2,1,1.0,7,11262,M,,,11
201200013541,12,1,14,1530,1,2,1,1.0,4,11262,M,,,11
201200013542,12,3,10,815,1,2,1,1.0,6,11262,M,,,11
201200013543,12,3,14,1635,1,2,1,1.0,6,11262,M,,,11
201200013544,12,1,16,1625,1,2,2,1.0,3,11262,M,,,11
201200013545,12,1,17,750,1,2,1,1.0,6,11262,M,,,11
201200013546,12,6,24,1000,1,2,1,1.0,3,11262,M,,,11
201200013547,12,3,23,1915,3,2,1,1.0,1,11262,M,,,11
201200013548,12,3,26,757,1,2,1,1.0,6,11262,M,,,11
201200013549,12,7,13,1940,1,2,1,1.0,2,11262,M,,,11
201200013550,12,1,19,740,2,1,1,1.0,7,11262,M,,,11
201200013551,12,1,19,900,1,2,1,1.0,7,11262,M,,,11
201200013552,12,7,21,1915,1,2,1,6.0,6,11262,M,,,11
201200013553,12,4,7,1645,1,2,2,1.0,3,11262,M,,,11
201200013554,12,5,8,1930,1,2,6,1.0,3,11262,M,,,11
201200013555,12,5,15,1713,1,2,1,6.0,6,11262,M,,,11
201200013556,12,5,23,1150,1,2,3,1.0,2,11262,M,,,11
201200013557,12,1,31,955,1,2,1,1.0,3,11262,M,,,11
201200013558,12,1,31,1520,1,2,1,1.0,2,11262,M,,,11
201200013559,12,6,18,1410,1,1,3,1.0,3,11262,M,,,11
201200013560,12,6,22,1410,1,2,1,1.0,6,11262,M,,,11
201200013561,12,5,15,1500,1,2,1,1.0,2,11262,M,,,11
201200013562,12,7,14,2245,5,2,2,1.0,3,11262,M,,,11
201200013563,12,2,9,825,2,2,3,1.0,3,11262,M,,,11
201200013564,12,7,21,325,3,2,1,1.0,6,11262,M,,,11
201200013565,12,7,19,1155,1,2,1,1.0,6,11262,M,,,11
201200013566,12,8,9,1820,1,2,1,1.0,6,11262,M,,,11
201200013567,12,9,5,1420,1,2,2,1.0,6,11262,M,,,11
201200013568,12,2,17,1634,1,2,1,1.0,6,11262,M,,,11
201200013569,12,9,11,730,2,2,3,1.0,6,11262,M,,,11
201200013570,12,9,12,1710,1,2,1,1.0,4,11262,M,,,11
201200013571,12,9,12,728,2,2,1,1.0,6,11262,M,,,11
201200013572,12,9,15,1730,1,2,6,1.0,2,11262,M,,,11
201200013573,12,9,22,320,3,1,1,2.0,7,11262,M,,,11
201200013574,12,2,22,1050,1,2,1,1.0,7,11262,M,,,11
201200013575,12,9,27,1110,1,2,1,1.0,6,11262,M,,,11
201200013576,12,8,25,1210,1,2,2,1.0,3,11262,M,,,11
201200013577,12,10,10,1005,1,2,1,1.0,6,11262,M,,,11
201200013578,12,10,11,1730,2,2,1,2.0,7,11262,M,,,11
201200013579,12,10,16,1735,1,2,1,1.0,4,11262,M,,,11
201200013580,12,10,22,1855,1,2,3,1.0,3,11262,M,,,11
201200013581,12,10,22,1250,1,2,1,1.0,6,11262,M,,,11
201200013582,12,2,28,1543,1,2,1,1.0,6,11262,M,,,11
201200013583,12,11,12,755,1,2,1,1.0,6,11262,M,,,11
201200013584,12,11,22,910,1,2,1,1.0,6,11262,M,,,11
201200013585,12,11,27,215,5,2,1,1.0,6,11262,M,,,11
201200013586,12,9,13,1130,1,2,2,1.0,3,11262,M,,,11
201200013587,12,3,5,1340,1,2,1,1.0,2,11262,M,,,11
201200013588,12,11,30,1920,5,2,1,1.0,3,11262,M,,,11
201200013589,12,12,24,1625,1,2,1,1.0,5,11262,M,,,11
201200013590,12,3,9,1900,1,2,6,1.0,3,11262,M,,,11
201200013591,12,3,14,855,1,2,1,1.0,2,11262,M,,,11
201200013592,12,3,15,1445,1,2,1,1.0,2,11262,M,,,11
201200013593,12,3,15,1730,1,2,1,1.0,4,11262,M,,,11
201200013594,12,3,17,1755,1,2,2,1.0,7,11262,M,,,11
201200013595,12,3,19,1840,1,2,6,1.0,3,11262,M,,,11
201200013596,12,3,24,1410,1,2,1,1.0,3,11262,M,,,11
201200013597,12,3,27,1315,1,2,1,1.0,2,11262,M,,,11
201200013598,12,3,28,1220,1,2,1,1.0,6,11262,M,,,11
201200013599,12,4,12,850,1,2,2,1.0,3,11262,M,,,11
201200013600,12,4,13,2330,5,2,1,1.0,7,11262,M,,,11
201200013601,12,4,16,1710,1,2,2,1.0,3,11262,M,,,11
201200013602,12,4,19,405,5,2,1,1.0,7,11262,M,,,11
201200013603,12,4,19,1710,1,1,1,1.0,6,11262,M,,,11
201200013604,12,4,30,950,1,2,2,2.0,3,11262,M,,,11
201200013605,12,5,1,1034,1,2,1,1.0,6,11262,M,,,11
201200013606,12,5,2,945,1,2,2,1.0,3,11262,M,,,11
201200013607,12,5,2,1500,1,2,1,1.0,2,11262,M,,,11
201200013608,12,5,4,1700,1,2,1,1.0,5,11262,M,,,11
201200013609,12,5,7,1412,1,2,3,1.0,3,11262,M,,,11
201200013610,12,5,10,1637,1,2,1,1.0,3,11262,M,,,11
201200013611,12,5,15,1318,1,2,2,1.0,3,11262,M,,,11
201200013612,12,5,16,1915,1,2,3,1.0,6,11262,M,,,11
201200013613,12,5,23,1005,1,2,1,6.0,4,11262,M,,,11
201200013614,12,5,29,950,1,2,2,1.0,3,11262,M,,,11
201200013615,12,6,2,800,1,2,2,1.0,3,11262,M,,,11
201200013616,12,6,2,1120,1,2,6,1.0,7,11262,M,,,11
201200013617,12,6,3,1525,1,2,1,1.0,7,11262,M,,,11
201200013618,12,6,11,1430,1,2,1,1.0,7,11262,M,,,11
201200013619,12,6,14,1100,1,2,1,1.0,6,11262,M,,,11
201200013620,12,6,14,1315,1,2,3,1.0,3,11262,M,,,11
201200013621,12,6,16,1115,1,2,3,1.0,3,11262,M,,,11
201200013622,12,6,18,1644,1,2,2,1.0,3,11262,M,,,11
201200013623,12,6,20,1600,1,2,1,1.0,2,11262,M,,,11
201200013624,12,6,23,1457,1,2,1,1.0,2,11262,M,,,11
201200013625,12,6,24,1930,1,2,1,1.0,7,11262,M,,,11
201200013626,12,6,28,1315,1,2,1,1.0,3,11262,M,,,11
201200013627,12,7,9,1639,1,2,1,1.0,7,11262,M,,,11
201200013628,12,7,10,1230,1,2,1,1.0,6,11262,M,,,11
201200013629,12,7,11,1240,1,2,1,1.0,2,11262,M,,,11
201200013630,12,7,19,1710,1,2,2,1.0,3,11262,M,,,11
201200013631,12,7,29,100,3,1,1,1.0,2,11262,M,,,11
201200013632,12,8,1,2210,5,2,3,1.0,3,11262,M,,,11
201200013633,12,8,3,1745,1,2,3,1.0,5,11262,M,,,11
201200013634,12,8,7,1100,1,2,1,1.0,6,11262,M,,,11
201200013635,12,8,8,812,1,1,1,1.0,7,11262,M,,,11
201200013636,12,8,9,1950,1,2,2,1.0,5,11262,M,,,11
201200013637,12,8,10,1115,1,2,3,1.0,3,11262,M,,,11
201200013638,12,8,11,840,1,2,1,1.0,3,11262,M,,,11
201200013639,12,8,16,2145,5,2,3,1.0,3,11262,M,,,11
201200013640,12,8,24,1509,1,2,2,1.0,2,11262,M,,,11
201200013641,12,8,27,712,1,2,1,1.0,3,11262,M,,,11
201200013642,12,8,27,1410,1,2,1,1.0,2,11262,M,,,11
201200013643,12,8,27,1841,1,2,1,1.0,3,11262,M,,,11
201200013644,12,8,29,635,2,2,1,2.0,6,11262,M,,,11
201200013645,12,8,31,2030,1,2,1,1.0,6,11262,M,,,11
201200013646,12,9,2,2130,2,2,2,1.0,3,11262,M,,,11
201200013647,12,9,4,1345,1,2,1,1.0,3,11262,M,,,11
201200013648,12,9,17,950,1,2,1,1.0,2,11262,M,,,11
201200013649,12,9,17,1740,1,2,1,1.0,3,11262,M,,,11
201200013650,12,9,25,1050,1,2,1,1.0,6,11262,M,,,11
201200013651,12,9,25,1541,1,2,2,1.0,3,11262,M,,,11
201200013652,12,9,27,1816,1,2,1,1.0,3,11262,M,,,11
201200013653,12,10,11,1705,1,2,1,2.0,7,11262,M,,,11
201200013654,12,10,15,1815,2,2,1,1.0,2,11262,M,,,11