Num_Acc,an,mois,jour,hrmn,lum,agg,int,atm,col,com,gps,lat,long,dep
201200013655,12,10,20,1000,1,2,1,1.0,7,11262,M,,,11
201200013656,12,10,29,1520,1,2,1,1.0,2,11262,M,,,11
201200013657,12,11,2,1235,1,2,1,1.0,7,11262,M,,,11
201200013658,12,11,6,1600,1,2,1,1.0,6,11262,M,,,11
201200013659,12,11,7,1515,1,2,1,1.0,2,11262,M,,,11
201200013660,12,11,7,1550,1,2,1,1.0,4,11262,M,,,11
201200013661,12,11,9,1220,1,2,1,1.0,7,11262,M,,,11
201200013662,12,11,10,1230,1,2,1,2.0,6,11262,M,,,11
201200013663,12,11,11,2100,5,2,2,1.0,4,11262,M,,,11
201200013664,12,11,12,650,2,2,1,1.0,2,11262,M,,,11
201200013665,12,11,12,1200,1,2,1,1.0,7,11262,M,,,11
201200013666,12,11,15,1150,1,2,1,1.0,3,11262,M,,,11
201200013667,12,11,19,1025,1,2,1,1.0,6,11262,M,,,11
201200013668,12,11,23,1600,1,2,1,1.0,6,11262,M,,,11
201200013669,12,11,23,1840,5,2,1,1.0,5,11262,M,,,11
201200013670,12,11,22,805,1,2,6,1.0,3,11262,M,,,11
201200013671,12,11,28,1416,1,2,1,1.0,6,11262,M,,,11
201200013672,12,11,28,1838,5,2,1,1.0,6,11262,M,,,11
201200013673,12,11,30,1105,1,2,1,1.0,3,11262,M,,,11
201200013674,12,12,3,1700,1,1,1,1.0,6,11262,M,,,11
201200013675,12,12,3,1847,3,2,3,1.0,3,11262,M,,,11
201200013676,12,12,6,1857,5,2,1,1.0,2,11262,M,,,11
201200013677,12,12,6,1755,2,2,3,1.0,4,11262,M,,,11
201200013678,12,12,7,1620,1,2,1,1.0,3,11262,M,,,11
201200013679,12,12,10,835,1,2,1,1.0,3,11262,M,,,11
201200013680,12,12,11,1020,1,2,3,1.0,6,11262,M,,,11
201200013681,12,12,12,1700,1,2,2,1.0,3,11262,M,,,11
201200013682,12,12,18,1240,1,2,1,1.0,7,11262,M,,,11
201200013683,12,12,19,1409,1,2,1,1.0,3,11262,M,,,11
201200013684,12,12,19,1945,5,2,3,1.0,3,11262,M,,,11
201200013685,12,12,21,1750,5,2,2,1.0,1,11262,M,,,11
201200013686,12,12,22,20,5,2,1,1.0,3,11262,M,,,11
201200013687,12,12,26,1525,1,2,1,1.0,2,11262,M,,,11
201200013688,12,12,28,1145,1,2,1,1.0,6,11262,M,,,11
201200013689,12,1,7,715,3,1,1,2.0,1,60057,M,0.0,0.0,60
201200013690,12,1,10,1700,1,1,1,1.0,2,60009,M,0.0,0.0,60
201200013691,12,8,6,700,1,1,1,1.0,4,95504,M,4911080.0,225570.0,95
201200013692,12,8,17,2345,3,1,1,1.0,7,95504,M,4910660.0,225850.0,95
201200013693,12,8,20,800,1,1,1,8.0,6,60692,M,0.0,0.0,60
201200013694,12,9,2,1030,1,1,1,1.0,2,60010,M,0.0,0.0,60
201200013695,12,1,11,1015,1,2,1,1.0,6,13091,M,,,13
201200013696,12,1,21,1745,2,2,1,1.0,6,13050,M,4364905.0,526321.0,13
201200013697,12,3,2,1300,1,1,1,1.0,6,13050,M,0.0,0.0,13
201200013698,12,6,27,830,1,1,1,1.0,2,13091,M,4361600.0,530500.0,13
201200013699,12,1,8,1900,3,1,1,1.0,1,85244,M,0.0,0.0,85
201200013700,12,5,4,2015,1,1,1,1.0,6,85199,M,0.0,0.0,85
201200013701,12,9,10,1715,1,1,1,1.0,6,85091,M,0.0,0.0,85
201200013702,12,12,21,2045,3,1,1,8.0,2,85223,M,0.0,0.0,85
201200013703,12,8,21,1230,1,1,1,1.0,7,31395,M,4346600.0,131200.0,31
201200013704,12,10,4,230,3,1,1,1.0,6,31399,M,4336000.0,126800.0,31
201200013705,12,11,11,145,3,1,1,2.0,6,31104,M,4334230.0,125619.0,31
201200013706,12,2,5,300,3,1,1,4.0,6,76439,M,4959340.0,45165.0,76
201200013707,12,2,13,700,1,1,1,1.0,6,76657,M,4948555.0,36303.0,76
201200013708,12,3,21,730,1,1,1,1.0,6,76181,M,4962913.0,61344.0,76
201200013709,12,5,6,1030,1,1,1,1.0,6,76181,M,4962465.0,60127.0,76
201200013710,12,5,7,200,3,1,1,5.0,6,76082,M,4960340.0,48433.0,76
201200013711,12,5,29,1400,1,1,1,1.0,7,76533,M,4948142.0,26521.0,76
201200013712,12,7,10,830,1,1,1,1.0,2,76489,M,4949361.0,27429.0,76
201200013713,12,7,26,1400,1,1,1,1.0,2,76489,M,4947620.0,26729.0,76
201200013714,12,9,10,915,1,1,1,1.0,1,76169,M,4949091.0,42176.0,76
201200013715,12,9,28,1415,1,1,1,1.0,6,76593,M,4958515.0,44475.0,76
201200013716,12,10,16,745,2,1,1,1.0,4,76533,M,4949210.0,26544.0,76
201200013717,12,10,25,1445,1,1,9,1.0,3,76660,M,4945013.0,27135.0,76
201200013718,12,11,24,1730,5,1,1,8.0,4,76533,M,4949471.0,26715.0,76
201200013719,12,1,3,800,2,1,1,1.0,6,31390,M,0.0,0.0,31
201200013720,12,3,21,1400,1,1,1,3.0,2,31430,M,0.0,0.0,31
201200013721,12,6,17,800,1,1,1,1.0,6,31147,M,0.0,0.0,31
201200013722,12,4,7,1500,1,1,1,1.0,7,49180,M,4738326.0,-8957.0,49
201200013723,12,5,6,1600,1,1,1,1.0,6,49030,M,4736223.0,-8256.0,49
201200013724,12,5,25,1400,1,1,1,1.0,6,49378,M,4731846.0,-3554.0,49
201200013725,12,7,24,1900,1,1,1,1.0,2,49002,M,4728738.0,67.0,49
201200013726,12,7,29,1745,1,1,1,1.0,6,49138,M,4746979.0,-18899.0,49
201200013727,12,8,29,1345,1,1,1,1.0,6,37228,M,0.0,0.0,37
201200013728,12,10,21,1230,1,1,1,1.0,6,49224,M,4733310.0,-3997.0,49
201200013729,12,1,14,1445,1,1,1,1.0,7,80656,M,0.0,0.0,80
201200013730,12,3,13,200,5,1,1,5.0,1,80131,M,0.0,0.0,80
201200013731,12,5,7,1915,1,1,1,1.0,7,80100,M,0.0,0.0,80
201200013732,12,5,5,1645,1,1,1,1.0,6,80718,M,0.0,0.0,80
201200013733,12,5,13,1330,1,1,1,1.0,7,80100,M,0.0,0.0,80
201200013734,12,6,11,1600,1,1,1,1.0,6,80456,M,0.0,0.0,80
201200013735,12,7,3,1615,1,1,1,1.0,7,80417,M,0.0,0.0,80
201200013736,12,9,10,1030,1,1,1,1.0,7,80718,M,0.0,0.0,80
201200013737,12,10,2,500,3,1,1,1.0,2,80009,M,0.0,0.0,80
201200013738,12,10,16,845,1,1,1,2.0,4,80261,M,0.0,0.0,80
201200013739,12,11,27,645,3,1,1,1.0,1,80485,M,0.0,0.0,80
201200013740,12,1,6,2215,3,1,1,1.0,7,80578,M,0.0,0.0,80
201200013741,12,1,25,815,2,1,1,1.0,6,80001,M,0.0,0.0,80
201200013742,12,4,9,1145,1,1,1,2.0,7,80385,M,0.0,0.0,80
201200013743,12,5,2,2100,1,1,1,3.0,6,80578,M,0.0,0.0,80
201200013744,12,6,21,730,1,1,1,1.0,6,80806,M,0.0,0.0,80
201200013745,12,7,21,630,1,1,1,1.0,6,80692,M,0.0,0.0,80
201200013746,12,8,12,1400,1,1,1,1.0,6,80344,M,0.0,0.0,80
201200013747,12,8,26,1600,1,1,1,1.0,6,80637,M,0.0,0.0,80
201200013748,12,11,8,500,3,1,1,1.0,6,80444,M,0.0,0.0,80
201200013749,12,11,13,745,2,1,1,8.0,5,80385,M,0.0,0.0,80
201200013750,12,4,16,930,1,1,1,1.0,7,73255,M,4533260.0,631421.0,73
201200013751,12,9,18,1400,1,1,1,1.0,6,73278,M,4539107.0,627423.0,73
201200013752,12,12,10,1000,1,1,1,4.0,6,73231,M,4534990.0,629580.0,73
201200013753,12,6,30,530,2,1,1,1.0,2,39508,M,0.0,0.0,39
201200013754,12,8,17,1130,1,1,1,1.0,7,71300,M,0.0,0.0,71
201200013755,12,7,20,1415,1,1,1,1.0,1,12305,M,,,12
201200013756,12,7,26,1100,1,1,3,1.0,3,12305,M,,,12
201200013757,12,8,11,1005,1,1,1,1.0,1,12100,M,4453821.0,345699.0,12
201200013758,12,10,24,1920,5,1,6,1.0,3,12100,M,4454289.0,345699.0,12
201200013759,12,1,10,1140,1,2,8,1.0,6,12145,M,,,12
201200013760,12,2,28,1215,1,2,1,1.0,6,12145,M,,,12
201200013761,12,3,10,1730,1,2,3,1.0,7,12145,M,,,12
201200013762,12,3,8,1405,1,2,1,1.0,3,12145,M,,,12
201200013763,12,6,1,2330,5,2,3,1.0,3,12145,M,,,12
201200013764,12,6,15,1200,1,2,1,1.0,3,12145,M,,,12
201200013765,12,7,18,1950,1,2,1,1.0,2,12145,M,,,12
201200013766,12,8,8,1700,1,2,2,1.0,3,12145,M,,,12
201200013767,12,9,22,1450,1,2,1,1.0,6,12145,M,,,12
201200013768,12,9,22,1855,1,2,1,1.0,3,12145,M,,,12
201200013769,12,9,24,800,2,2,1,8.0,6,12145,M,,,12
201200013770,12,10,28,1645,1,2,1,1.0,6,12145,M,,,12
201200013771,12,1,7,1500,1,2,1,2.0,7,12176,M,,,12
201200013772,12,1,13,845,1,1,1,1.0,1,12176,M,,,12
201200013773,12,2,29,1620,1,1,9,1.0,3,12176,M,,,12
201200013774,12,3,9,1940,5,2,1,1.0,2,12202,M,,,12
201200013775,12,3,11,55,5,2,1,1.0,7,12202,M,,,12
201200013776,12,3,27,1000,1,2,1,1.0,6,12202,M,,,12
201200013777,12,3,28,1735,1,2,1,1.0,3,12176,M,,,12
201200013778,12,4,5,1800,1,2,3,1.0,2,12176,M,,,12
201200013779,12,5,8,2140,5,2,3,2.0,3,12202,M,,,12
201200013780,12,5,9,1720,1,2,1,1.0,4,12202,M,,,12
201200013781,12,5,22,1635,1,1,1,2.0,1,12202,M,,,12
201200013782,12,5,29,1315,1,2,1,1.0,7,12174,M,,,12
201200013783,12,5,31,1810,1,2,3,1.0,3,12202,M,,,12
201200013784,12,6,9,1020,1,2,1,1.0,6,12176,M,,,12
201200013785,12,7,9,1910,1,1,2,7.0,3,12176,M,,,12
201200013786,12,7,11,1615,1,1,1,1.0,2,12174,M,,,12
201200013787,12,8,9,2235,4,2,6,1.0,7,12202,M,,,12
201200013788,12,8,23,1220,1,2,1,1.0,4,12176,M,,,12
201200013789,12,8,30,1650,1,2,2,1.0,1,12176,M,,,12
201200013790,12,9,5,705,1,2,1,1.0,3,12202,M,,,12
201200013791,12,9,16,1750,1,2,1,1.0,6,12202,M,,,12
201200013792,12,9,20,800,1,2,1,1.0,6,12176,M,,,12
201200013793,12,9,22,1345,1,1,1,1.0,1,12176,M,,,12
201200013794,12,9,25,1755,1,1,1,1.0,1,12146,M,,,12
201200013795,12,10,1,1150,1,2,6,1.0,3,12176,M,,,12
201200013796,12,10,5,1630,1,2,1,1.0,6,12202,M,,,12
201200013797,12,10,9,1835,1,2,1,2.0,7,12174,M,,,12
201200013798,12,10,15,1005,1,2,4,1.0,1,12176,M,,,12
201200013799,12,11,1,1417,1,1,1,1.0,6,12176,M,,,12
201200013800,12,11,26,1755,5,2,1,2.0,1,12146,M,,,12
201200013801,12,12,1,1620,1,2,1,1.0,6,12202,M,,,12
201200013802,12,12,14,1705,1,2,1,2.0,7,12202,M,,,12
201200013803,12,12,26,1210,1,2,1,1.0,6,12146,M,,,12
201200013804,12,12,28,915,1,1,1,8.0,1,12202,M,,,12
201200013805,12,10,27,630,3,1,1,1.0,6,46309,M,4503215.0,152699.0,46
201200013806,12,2,19,1500,1,1,1,1.0,6,45115,M,4804739.0,306640.0,45
201200013807,12,2,19,1300,1,1,1,1.0,6,45023,M,0.0,0.0,45
201200013808,12,2,22,1130,1,1,1,1.0,6,45281,M,4804012.0,303176.0,45
201200013809,12,5,10,1715,1,1,1,1.0,6,45332,M,4788942.0,268443.0,45
201200013810,12,7,26,1645,1,1,1,7.0,6,45113,M,4804203.0,293348.0,45
201200013811,12,7,29,1300,1,1,1,1.0,7,45040,M,0.0,0.0,45
201200013812,12,12,2,845,1,1,1,9.0,7,77099,M,0.0,0.0,77
201200013813,12,1,28,1415,1,1,1,1.0,2,24461,M,4492700.0,18700.0,24
201200013814,12,3,24,1545,1,2,1,1.0,3,24226,M,0.0,0.0,24
201200013815,12,4,7,715,3,1,1,1.0,6,24289,M,4485600.0,9700.0,24
201200013816,12,6,18,1700,1,1,1,1.0,6,24584,M,0.0,0.0,24
201200013817,12,6,19,1515,1,1,2,1.0,4,24568,M,0.0,0.0,24
201200013818,12,9,17,615,3,1,1,5.0,6,24568,M,4485400.0,11600.0,24
201200013819,12,9,27,1230,1,1,1,1.0,6,24494,M,0.0,0.0,24
201200013820,12,10,27,1900,3,1,1,1.0,6,24226,M,4485400.0,-1400.0,24
201200013821,12,4,28,2030,3,1,1,1.0,6,63048,M,4564400.0,253700.0,63
201200013822,12,6,22,1945,1,1,1,1.0,6,19136,M,4549380.0,218878.0,19
201200013823,12,7,1,1445,1,1,1,1.0,6,63225,M,0.0,0.0,63
201200013824,12,7,22,1030,1,1,1,1.0,7,19134,M,4562370.0,247555.0,19
201200013825,12,8,14,1630,1,1,3,1.0,3,19002,M,4560000.0,240299.0,19
201200013826,12,9,9,1645,1,1,1,1.0,7,19263,M,4545100.0,206886.0,19
201200013827,12,9,21,2100,3,1,1,1.0,6,19201,M,4553270.0,235155.0,19
201200013828,12,10,5,1100,3,1,1,1.0,1,63399,M,0.0,0.0,63
201200013829,12,4,3,1615,1,1,1,1.0,6,10045,M,4816721.0,448964.0,10
201200013830,12,4,23,1415,1,1,1,3.0,7,10360,M,4823488.0,402650.0,10
201200013831,12,7,28,130,3,1,1,1.0,2,10076,M,0.0,0.0,10
201200013832,12,7,31,1545,1,1,1,1.0,2,10076,M,0.0,0.0,10
201200013833,12,8,1,1615,1,1,1,1.0,6,10357,M,0.0,0.0,10
201200013834,12,8,20,1315,1,1,1,1.0,6,10379,M,0.0,0.0,10
201200013835,12,9,10,1400,1,1,1,1.0,6,10379,M,0.0,0.0,10
201200013836,12,9,19,2315,3,1,1,1.0,6,10084,M,0.0,0.0,10
201200013837,12,12,18,630,3,1,1,3.0,6,10130,M,0.0,0.0,10
201200013838,12,1,6,1500,1,2,1,1.0,6,13001,M,4351940.0,544668.0,13
201200013839,12,1,2,1815,5,2,3,1.0,3,13001,M,4352450.0,543946.0,13
201200013840,12,1,8,630,2,2,1,1.0,6,13001,M,,,13
201200013841,12,1,7,1650,1,2,3,1.0,6,13001,M,4354280.0,544061.0,13
201200013842,12,1,14,1520,1,2,1,1.0,1,13001,M,,,13
201200013843,12,1,13,1630,1,2,1,1.0,3,13001,M,4352960.0,545349.0,13
201200013844,12,1,16,745,2,1,1,1.0,3,13001,M,,,13
201200013845,12,1,22,615,5,2,1,1.0,7,13001,M,,,13
201200013846,12,1,27,630,5,2,1,1.0,6,13001,M,4351000.0,544163.0,13
201200013847,12,1,27,1030,1,2,1,1.0,3,13001,M,,,13
201200013848,12,2,13,1830,5,2,1,1.0,6,13001,M,,,13
201200013849,12,2,23,1530,2,2,1,1.0,1,13001,M,,,13
201200013850,12,1,27,1505,1,2,2,1.0,3,13001,M,4352720.0,544309.0,13
201200013851,12,2,26,1545,1,1,2,1.0,3,13001,M,,,13
201200013852,12,2,15,815,1,2,2,1.0,6,13001,M,,,13
201200013853,12,3,6,950,1,2,1,1.0,6,13001,M,,,13
201200013854,12,2,28,2100,3,1,1,1.0,6,13001,M,4346140.0,533620.0,13
201200013855,12,3,7,1500,1,2,2,1.0,1,13001,M,4353910.0,545677.0,13
201200013856,12,3,10,445,5,2,1,1.0,7,13001,M,,,13
201200013857,12,3,31,30,3,1,1,1.0,7,13001,M,,,13
201200013858,12,4,3,1640,1,2,1,1.0,6,13001,M,,,13
201200013859,12,3,12,700,1,2,1,1.0,1,13001,M,4347550.0,541351.0,13
201200013860,12,3,19,800,1,2,1,1.0,3,13001,M,4352330.0,544092.0,13
201200013861,12,3,25,30,5,2,1,1.0,3,13001,M,,,13
201200013862,12,3,26,1645,1,2,1,1.0,6,13001,M,,,13
201200013863,12,4,29,2150,5,1,6,1.0,2,13001,M,,,13
201200013864,12,5,5,515,3,1,1,1.0,6,13001,M,,,13
201200013865,12,5,12,55,5,2,1,1.0,3,13001,M,4352440.0,544631.0,13
201200013866,12,5,12,2035,3,2,1,1.0,1,13001,M,4353610.0,545735.0,13
201200013867,12,5,14,1645,1,2,1,1.0,6,13001,M,,,13
201200013868,12,5,18,300,5,2,1,1.0,6,13001,M,,,13
201200013869,12,5,15,1300,1,2,1,1.0,3,13001,M,,,13
201200013870,12,5,18,2125,4,1,3,1.0,3,13001,M,,,13
201200013871,12,4,4,1430,1,1,1,3.0,7,13001,M,4348840.0,543545.0,13
201200013872,12,5,26,545,2,1,1,1.0,6,13001,M,,,13
201200013873,12,6,10,1400,1,2,3,1.0,3,13001,M,,,13
201200013874,12,4,19,1335,1,2,1,7.0,6,13001,M,,,13
201200013875,12,4,19,1300,1,2,1,1.0,6,13001,M,,,13
201200013876,12,4,20,220,3,2,1,1.0,6,13001,M,,,13
201200013877,12,6,12,1345,1,2,1,7.0,3,13001,M,,,13
201200013878,12,6,12,930,1,2,1,1.0,6,13001,M,,,13
201200013879,12,6,17,100,5,2,2,1.0,3,13001,M,,,13
201200013880,12,5,26,2130,3,2,1,1.0,2,13001,M,,,13
201200013881,12,7,20,930,1,2,1,1.0,6,13001,M,,,13
201200013882,12,7,18,1245,1,2,1,1.0,6,13001,M,,,13
201200013883,12,7,19,800,1,1,1,1.0,3,13001,M,,,13
201200013884,12,7,26,1700,1,1,3,1.0,3,13001,M,,,13
201200013885,12,7,27,1518,1,2,1,1.0,3,13001,M,,,13
201200013886,12,7,4,1900,1,1,1,1.0,3,13001,M,,,13
201200013887,12,7,31,1315,1,2,1,1.0,6,13001,M,,,13
201200013888,12,8,3,1140,1,2,8,1.0,3,13001,M,,,13
201200013889,12,8,3,950,1,1,9,1.0,3,13001,M,,,13
201200013890,12,8,5,555,5,2,1,1.0,7,13001,M,4352140.0,544234.0,13
201200013891,12,8,3,745,1,2,1,1.0,6,13001,M,,,13
201200013892,12,8,10,415,3,2,1,1.0,6,13001,M,,,13
201200013893,12,8,17,1100,1,1,1,1.0,6,13001,M,,,13
201200013894,12,8,5,2000,1,1,1,1.0,3,13001,M,,,13
201200013895,12,8,14,1800,1,2,2,1.0,6,13001,M,,,13
201200013896,12,8,27,2020,1,1,1,1.0,6,13001,M,4356110.0,538210.0,13
201200013897,12,8,29,1830,1,1,1,1.0,3,13001,M,,,13
201200013898,12,8,28,1855,1,2,1,1.0,6,13001,M,,,13
201200013899,12,9,5,1430,1,2,3,1.0,6,13001,M,,,13
201200013900,12,9,7,2320,3,1,1,1.0,1,13001,M,4358430.0,537255.0,13
201200013901,12,9,6,1550,1,2,1,1.0,3,13001,M,4350770.0,540251.0,13
201200013902,12,8,31,1830,1,2,1,1.0,3,13001,M,,,13
201200013903,12,9,13,1830,1,1,2,1.0,1,13001,M,4350300.0,534779.0,13
201200013904,12,9,6,1450,1,2,1,1.0,6,13001,M,,,13
201200013905,12,8,24,1215,1,2,1,1.0,2,13001,M,,,13
201200013906,12,9,30,550,3,1,1,8.0,6,13001,M,,,13
201200013907,12,10,5,1545,1,2,1,1.0,3,13001,M,,,13
201200013908,12,9,12,1130,1,2,1,1.0,2,13001,M,,,13
201200013909,12,10,14,500,3,1,1,1.0,6,13001,M,4356990.0,539647.0,13
201200013910,12,10,16,1650,1,2,6,1.0,3,13001,M,4353250.0,542623.0,13
201200013911,12,10,16,830,1,1,1,1.0,2,13015,M,4346800.0,540721.0,13
201200013912,12,10,15,1000,1,2,1,1.0,3,13001,M,,,13
201200013913,12,10,16,1800,1,2,1,1.0,6,13001,M,,,13
201200013914,12,10,27,1445,1,2,3,1.0,3,13001,M,4352040.0,545994.0,13
201200013915,12,11,6,1400,1,2,1,1.0,6,13001,M,,,13
201200013916,12,11,18,1745,3,2,1,1.0,5,13001,M,4348330.0,541489.0,13
201200013917,12,9,29,1850,2,2,1,1.0,1,13001,M,4354590.0,542914.0,13
201200013918,12,11,17,1500,1,2,1,1.0,3,13001,M,,,13
201200013919,12,11,30,2100,3,1,1,1.0,6,13001,M,4358030.0,536544.0,13
201200013920,12,12,1,1645,1,2,1,1.0,1,13001,M,4354740.0,541312.0,13
201200013921,12,12,4,1150,1,1,1,1.0,1,13001,M,,,13
201200013922,12,11,26,1350,1,2,1,1.0,3,13001,M,,,13
201200013923,12,12,7,1600,1,1,1,2.0,3,13001,M,,,13
201200013924,12,12,9,300,4,1,1,1.0,6,13001,M,4350670.0,539972.0,13
201200013925,12,11,8,1600,1,2,6,1.0,3,13001,M,4353280.0,542752.0,13
201200013926,12,12,21,1600,1,1,1,1.0,2,13001,M,,,13
201200013927,12,12,24,1345,1,2,2,1.0,2,13001,M,,,13
201200013928,12,12,18,1130,1,2,1,1.0,3,13001,M,,,13
201200013929,12,12,27,1455,1,2,1,1.0,3,13001,M,,,13
201200013930,12,12,28,1130,1,1,8,1.0,6,13001,M,4357690.0,543194.0,13
201200013931,12,12,2,1915,5,2,2,1.0,6,13001,M,4351910.0,543281.0,13
201200013932,12,12,6,1013,1,2,1,1.0,6,13001,M,4353870.0,544610.0,13
201200013933,12,6,5,930,1,2,1,1.0,6,13001,M,,,13
201200013934,12,4,12,1300,1,2,1,1.0,3,13001,M,4355900.0,545170.0,13
201200013935,12,1,11,655,5,2,3,1.0,3,13004,M,,,13
201200013936,12,2,6,700,5,2,1,1.0,7,13004,M,4367950.0,463390.0,13
201200013937,12,3,7,1330,1,1,2,1.0,7,13004,M,,,13
201200013938,12,3,8,1305,1,2,1,6.0,6,13004,M,,,13
201200013939,12,3,9,1750,1,1,1,1.0,3,13004,M,,,13
201200013940,12,3,28,2315,5,2,1,1.0,1,13004,M,,,13
201200013941,12,3,29,1515,1,2,1,1.0,7,13004,M,,,13
201200013942,12,4,3,2100,5,2,3,2.0,1,13004,M,4367313.0,464019.0,13
201200013943,12,4,19,1730,1,2,1,1.0,2,13004,M,4369830.0,464259.0,13
201200013944,12,4,19,2220,4,2,1,1.0,6,13004,M,4369380.0,463960.0,13
201200013945,12,6,1,1525,1,2,1,1.0,3,13004,M,,,13
201200013946,12,6,12,2117,1,2,1,1.0,3,13004,M,,,13
201200013947,12,6,13,1930,1,2,1,1.0,6,13004,M,4366660.0,461254.0,13
201200013948,12,6,14,1200,1,1,1,1.0,3,13004,M,,,13
201200013949,12,7,6,1635,1,1,1,1.0,2,13004,M,,,13
201200013950,12,7,14,2310,5,2,1,1.0,3,13004,M,,,13
201200013951,12,7,18,1930,1,2,9,1.0,7,13004,M,,,13
201200013952,12,7,20,1000,1,1,9,1.0,3,13004,M,,,13
201200013953,12,7,23,1045,1,1,1,1.0,6,13004,M,,,13
201200013954,12,7,25,1730,1,1,1,1.0,1,13004,M,,,13
201200013955,12,8,14,2050,3,1,1,1.0,3,13004,M,,,13
201200013956,12,8,20,1850,1,1,1,1.0,7,13004,M,4365990.0,463909.0,13
201200013957,12,8,25,505,2,1,1,1.0,2,13004,M,,,13
201200013958,12,9,8,1200,1,2,3,1.0,3,13004,M,,,13
201200013959,12,9,22,1215,1,1,1,1.0,1,13004,M,,,13
201200013960,12,10,29,1040,1,2,1,1.0,6,13004,M,,,13
201200013961,12,11,12,1345,1,2,2,1.0,6,13004,M,4367200.0,462504.0,13
201200013962,12,11,19,1820,2,1,1,1.0,4,13004,M,,,13
201200013963,12,11,20,1750,1,2,1,1.0,6,13004,M,,,13
201200013964,12,11,28,2015,3,1,1,2.0,3,13004,M,,,13
201200013965,12,11,30,1400,1,1,1,1.0,6,13004,M,,,13
201200013966,12,12,15,1805,3,2,1,1.0,5,13004,M,,,13
201200013967,12,12,19,2215,4,1,1,1.0,7,13004,M,,,13
201200013968,12,1,2,1720,5,2,6,1.0,1,13005,M,4330550.0,557273.0,13
201200013969,12,1,4,825,1,2,1,8.0,3,13005,M,4329710.0,556581.0,13
201200013970,12,1,4,855,1,2,1,1.0,7,13005,M,4328729.0,554821.0,13
201200013971,12,1,5,1105,1,1,1,1.0,2,13005,M,,,13
201200013972,12,1,11,1240,1,1,1,1.0,1,13005,M,4327920.0,558684.0,13
201200013973,12,1,6,1735,2,2,1,1.0,3,13005,M,4328400.0,552029.0,13
201200013974,12,1,11,1705,2,2,3,1.0,6,13005,M,4329560.0,556665.0,13
201200013975,12,1,13,745,1,2,1,1.0,6,13005,M,4328310.0,555419.0,13
201200013976,12,1,17,1330,1,2,3,1.0,3,13005,M,,,13
201200013977,12,1,21,1717,1,2,1,1.0,6,13005,M,,,13
201200013978,12,1,23,950,1,2,1,1.0,3,13005,M,4329840.0,556912.0,13
201200013979,12,1,27,1550,1,2,1,2.0,7,13005,M,4328820.0,557515.0,13
201200013980,12,1,27,1735,2,2,1,2.0,7,13070,M,4328210.0,552633.0,13
201200013981,12,1,27,1130,1,1,1,2.0,6,13005,M,,,13
201200013982,12,1,26,955,1,2,3,1.0,3,13070,M,,,13
201200013983,12,2,3,1440,1,2,9,1.0,3,13005,M,4329170.0,559009.0,13
201200013984,12,2,8,1420,1,2,1,1.0,6,13005,M,,,13
201200013985,12,2,14,2000,5,2,1,1.0,3,13005,M,,,13
201200013986,12,2,15,700,1,1,3,1.0,3,13005,M,,,13
201200013987,12,2,17,1635,1,1,1,1.0,6,13005,M,,,13
201200013988,12,2,18,1550,1,1,1,1.0,1,13005,M,,,13
201200013989,12,3,1,1200,1,2,3,1.0,3,13005,M,,,13
201200013990,12,3,7,1550,1,1,2,1.0,3,13005,M,,,13
201200013991,12,3,7,1255,1,1,1,1.0,3,13005,M,,,13
201200013992,12,3,12,845,2,2,1,7.0,7,13005,M,,,13
201200013993,12,3,14,1940,5,2,1,1.0,3,13005,M,,,13
201200013994,12,3,17,955,1,2,1,1.0,6,13005,M,,,13
201200013995,12,3,26,955,1,1,6,1.0,3,13005,M,,,13
201200013996,12,3,28,955,1,2,1,1.0,3,13005,M,,,13
201200013997,12,3,29,815,1,2,3,7.0,3,13005,M,,,13
201200013998,12,3,25,10,5,2,1,1.0,6,13005,M,,,13
201200013999,12,3,30,915,1,2,3,1.0,3,13005,M,,,13
201200014000,12,3,30,1220,1,2,4,1.0,3,13005,M,4329270.0,556786.0,13
201200014001,12,4,1,1940,1,2,9,1.0,6,13005,M,,,13
201200014002,12,4,10,740,1,1,1,1.0,2,13005,M,,,13
201200014003,12,4,14,1150,1,2,9,1.0,6,13005,M,,,13
201200014004,12,4,24,1700,1,2,1,1.0,2,13005,M,4329060.0,556022.0,13
201200014005,12,4,25,810,1,1,1,1.0,6,13005,M,,,13
201200014006,12,4,25,1600,1,1,1,1.0,6,13005,M,,,13
201200014007,12,4,26,1635,1,2,1,1.0,7,13005,M,,,13
201200014008,12,4,26,1715,1,2,1,1.0,2,13005,M,,,13
201200014009,12,4,26,1840,1,2,1,1.0,6,13005,M,,,13
201200014010,12,4,28,1600,1,1,6,1.0,2,13005,M,,,13
201200014011,12,5,11,1550,1,1,3,1.0,3,13005,M,,,13
201200014012,12,5,14,1845,1,1,1,1.0,3,13005,M,,,13
201200014013,12,5,18,2345,3,2,1,1.0,2,13005,M,,,13
201200014014,12,5,14,1130,1,1,1,1.0,1,13005,M,,,13
201200014015,12,5,25,530,5,2,1,1.0,6,13005,M,,,13
201200014016,12,5,25,1105,1,2,1,1.0,3,13005,M,,,13
201200014017,12,5,23,1620,1,2,1,1.0,6,13005,M,,,13
201200014018,12,5,26,1615,1,2,1,1.0,6,13005,M,,,13
201200014019,12,5,25,1020,1,2,6,1.0,3,13005,M,,,13
201200014020,12,5,30,1120,1,2,3,1.0,2,13005,M,,,13
201200014021,12,6,6,1440,1,2,1,1.0,3,13005,M,4328310.0,553318.0,13