Num_Acc,an,mois,jour,hrmn,lum,agg,int,atm,col,com,gps,lat,long,dep
201200014022,12,6,6,1815,1,2,1,1.0,2,13005,M,,,13
201200014023,12,6,9,1500,1,2,1,1.0,3,13005,M,4329190.0,558802.0,13
201200014024,12,6,11,1630,1,2,1,1.0,3,13005,M,,,13
201200014025,12,6,12,1800,1,2,1,1.0,3,13070,M,4328680.0,551515.0,13
201200014026,12,6,12,830,1,2,1,1.0,6,13005,M,4329550.0,556079.0,13
201200014027,12,6,13,855,1,2,1,1.0,3,13005,M,4330030.0,556960.0,13
201200014028,12,6,13,1920,1,1,1,1.0,3,13005,M,,,13
201200014029,12,6,16,1510,1,2,1,1.0,6,13005,M,,,13
201200014030,12,6,18,1715,1,2,1,1.0,2,13005,M,,,13
201200014031,12,6,15,1800,1,2,1,1.0,6,13070,M,4328120.0,552091.0,13
201200014032,12,6,28,1310,1,2,3,1.0,5,13005,M,,,13
201200014033,12,7,1,1830,1,1,1,1.0,7,13005,M,,,13
201200014034,12,7,1,1950,1,2,1,2.0,7,13005,M,,,13
201200014035,12,7,2,820,1,1,1,1.0,2,13005,M,,,13
201200014036,12,7,4,1300,1,2,2,1.0,5,13005,M,,,13
201200014037,12,6,29,1745,1,1,6,1.0,5,13005,M,,,13
201200014038,12,7,9,940,1,2,1,1.0,2,13005,M,,,13
201200014039,12,7,19,800,1,1,1,1.0,7,13005,M,,,13
201200014040,12,7,26,1130,1,2,1,1.0,2,13005,M,,,13
201200014041,12,7,26,1210,1,2,1,1.0,7,13005,M,,,13
201200014042,12,7,28,1200,1,2,1,1.0,3,13005,M,,,13
201200014043,12,7,30,1305,1,2,3,1.0,3,13070,M,,,13
201200014044,12,8,7,1430,1,2,1,1.0,2,13005,M,,,13
201200014045,12,7,31,1705,1,2,1,1.0,7,13005,M,,,13
201200014046,12,7,29,1300,1,2,1,1.0,2,13005,M,,,13
201200014047,12,8,6,1915,1,2,3,7.0,3,13005,M,,,13
201200014048,12,8,8,800,1,1,3,1.0,3,13005,M,,,13
201200014049,12,8,8,1330,1,2,2,1.0,3,13005,M,,,13
201200014050,12,8,10,1250,1,2,1,1.0,3,13070,M,,,13
201200014051,12,8,12,1705,1,2,1,1.0,7,13005,M,,,13
201200014052,12,8,14,1030,1,1,3,1.0,3,13005,M,,,13
201200014053,12,8,17,1000,1,1,9,1.0,7,13005,M,,,13
201200014054,12,8,21,1930,1,2,2,1.0,3,13005,M,,,13
201200014055,12,8,22,1720,1,1,2,1.0,2,13005,M,,,13
201200014056,12,8,28,1120,1,1,1,3.0,1,13005,M,,,13
201200014057,12,9,7,1915,2,2,1,7.0,3,13005,M,,,13
201200014058,12,9,11,30,5,2,1,1.0,6,13005,M,,,13
201200014059,12,9,12,905,1,2,1,1.0,6,13005,M,,,13
201200014060,12,9,14,1800,1,2,1,1.0,3,13005,M,,,13
201200014061,12,9,28,1350,1,1,3,1.0,3,13005,M,,,13
201200014062,12,10,11,1115,1,2,1,1.0,3,13005,M,,,13
201200014063,12,10,11,1720,1,2,1,2.0,2,13005,M,,,13
201200014064,12,10,11,2225,5,2,1,9.0,6,13070,M,,,13
201200014065,12,10,8,1135,1,2,1,1.0,2,13005,M,,,13
201200014066,12,10,12,1830,1,2,1,1.0,1,13005,M,,,13
201200014067,12,10,13,1535,1,2,6,1.0,2,13005,M,,,13
201200014068,12,10,16,1710,1,1,1,1.0,3,13005,M,,,13
201200014069,12,10,16,1910,5,2,1,1.0,3,13005,M,,,13
201200014070,12,10,17,1340,1,2,1,1.0,7,13005,M,,,13
201200014071,12,10,18,1930,5,2,1,1.0,5,13005,M,,,13
201200014072,12,10,19,1310,1,2,1,1.0,7,13005,M,,,13
201200014073,12,10,23,705,5,1,6,2.0,7,13005,M,4329130.0,559356.0,13
201200014074,12,10,21,1445,1,2,1,1.0,3,13070,M,4328260.0,553014.0,13
201200014075,12,10,25,1430,1,1,1,1.0,2,13005,M,,,13
201200014076,12,11,10,1950,3,2,1,2.0,3,13042,M,4329970.0,562037.0,13
201200014077,12,10,30,1845,5,2,1,1.0,2,13005,M,,,13
201200014078,12,11,6,1725,1,2,1,1.0,1,13005,M,4329540.0,556843.0,13
201200014079,12,11,7,910,1,1,3,1.0,3,13005,M,4331720.0,559385.0,13
201200014080,12,11,7,1013,1,2,1,1.0,2,13005,M,,,13
201200014081,12,11,2,1330,1,2,9,1.0,3,13005,M,,,13
201200014082,12,11,7,1740,2,1,1,1.0,6,13005,M,,,13
201200014083,12,11,18,1615,1,2,3,1.0,3,13005,M,4330550.0,557273.0,13
201200014084,12,11,20,1620,1,2,1,1.0,6,13005,M,4329610.0,556849.0,13
201200014085,12,11,22,1410,1,1,9,1.0,6,13005,M,,,13
201200014086,12,11,22,1750,5,2,9,1.0,3,13005,M,4329190.0,556899.0,13
201200014087,12,11,23,1610,1,2,1,1.0,3,13005,M,4328450.0,559903.0,13
201200014088,12,11,26,1125,1,2,2,1.0,6,13005,M,4328440.0,557292.0,13
201200014089,12,11,15,1145,1,1,3,1.0,3,13005,M,4351310.0,544235.0,13
201200014090,12,11,27,715,2,2,1,2.0,6,13070,M,4328230.0,550869.0,13
201200014091,12,11,26,1735,5,2,1,2.0,6,13005,M,,,13
201200014092,12,11,26,1820,3,1,1,2.0,6,13005,M,4327360.0,559025.0,13
201200014093,12,11,30,1325,1,2,1,1.0,3,13005,M,,,13
201200014094,12,12,6,805,1,2,1,1.0,4,13005,M,,,13
201200014095,12,12,10,1325,1,2,1,1.0,2,13005,M,,,13
201200014096,12,12,11,710,1,2,9,1.0,2,13005,M,,,13
201200014097,12,12,16,1530,1,1,3,1.0,3,13005,M,4329620.0,558340.0,13
201200014098,12,12,21,1745,5,2,6,1.0,3,13005,M,4329480.0,556335.0,13
201200014099,12,12,21,1125,1,2,1,1.0,4,13070,M,4328130.0,551696.0,13
201200014100,12,12,21,1730,5,2,3,1.0,5,13005,M,4329120.0,556968.0,13
201200014101,12,12,24,1115,1,1,1,1.0,6,13005,M,,,13
201200014102,12,12,26,1555,1,2,1,1.0,6,13005,M,4330100.0,556247.0,13
201200014103,12,5,20,25,3,2,1,1.0,6,13005,M,,,13
201200014104,12,7,5,1220,1,2,1,1.0,6,13005,M,,,13
201200014105,12,7,1,2100,2,2,1,2.0,6,13005,M,,,13
201200014106,12,10,14,1200,1,2,1,1.0,1,13005,M,,,13
201200014107,12,5,1,2215,3,2,1,1.0,6,13005,M,,,13
201200014108,12,1,16,1700,1,2,1,1.0,3,13028,M,4318580.0,560760.0,13
201200014109,12,1,20,900,1,2,2,1.0,2,13028,M,4317450.0,559797.0,13
201200014110,12,1,24,1800,2,1,1,1.0,6,13028,M,,,13
201200014111,12,1,31,1050,1,1,1,8.0,3,13028,M,,,13
201200014112,12,2,20,1500,1,1,1,8.0,7,13028,M,,,13
201200014113,12,2,22,1140,1,2,3,1.0,5,13028,M,,,13
201200014114,12,2,21,1225,1,2,1,1.0,6,13028,M,,,13
201200014115,12,3,2,1900,5,2,1,1.0,6,13028,M,,,13
201200014116,12,3,3,1730,1,2,3,1.0,3,13028,M,,,13
201200014117,12,3,12,1715,1,2,3,1.0,3,13028,M,,,13
201200014118,12,3,19,1455,1,2,2,1.0,3,13028,M,,,13
201200014119,12,4,13,930,1,2,1,2.0,7,13028,M,4319490.0,561161.0,13
201200014120,12,4,28,1900,1,2,2,1.0,3,13028,M,4318740.0,562018.0,13
201200014121,12,5,4,900,1,2,2,8.0,3,13028,M,,,13
201200014122,12,5,10,1530,1,2,1,1.0,6,13028,M,4319190.0,561691.0,13
201200014123,12,6,1,945,1,2,2,1.0,3,13028,M,4318440.0,560467.0,13
201200014124,12,6,3,1645,1,2,1,1.0,3,13028,M,,,13
201200014125,12,6,12,850,1,2,1,1.0,6,13028,M,4317530.0,560522.0,13
201200014126,12,6,26,2124,5,2,1,1.0,6,13028,M,4318890.0,563381.0,13
201200014127,12,6,27,1600,1,2,1,1.0,6,13028,M,,,13
201200014128,12,6,30,1600,1,2,2,1.0,7,13028,M,4318300.0,561257.0,13
201200014129,12,6,28,1125,1,2,3,1.0,3,13028,M,4317590.0,560252.0,13
201200014130,12,7,12,2110,2,2,1,1.0,6,13028,M,4318910.0,563457.0,13
201200014131,12,7,18,1920,1,2,1,1.0,3,13028,M,,,13
201200014132,12,7,19,1655,1,1,1,1.0,6,13028,M,4318350.0,566736.0,13
201200014133,12,7,25,1830,1,2,6,7.0,3,13028,M,,,13
201200014134,12,7,28,2301,5,2,1,1.0,6,13028,M,4317880.0,560837.0,13
201200014135,12,7,31,1110,1,2,1,1.0,6,13028,M,,,13
201200014136,12,8,2,2005,1,2,1,1.0,6,13028,M,4318900.0,560866.0,13
201200014137,12,8,4,1945,1,2,6,1.0,6,13028,M,,,13
201200014138,12,8,9,1015,1,1,1,1.0,1,13028,M,4318640.0,565759.0,13
201200014139,12,8,17,2000,1,2,1,1.0,1,13028,M,4318300.0,561263.0,13
201200014140,12,8,29,1515,1,2,6,1.0,2,13028,M,4319210.0,560893.0,13
201200014141,12,9,14,2300,5,2,1,1.0,3,13028,M,4318840.0,563192.0,13
201200014142,12,9,23,2115,3,1,1,1.0,5,13028,M,4318990.0,564262.0,13
201200014143,12,9,20,645,2,2,6,1.0,3,13028,M,,,13
201200014144,12,10,15,705,5,2,1,8.0,3,13028,M,4319520.0,561866.0,13
201200014145,12,10,12,1700,1,1,1,1.0,3,13028,M,4318070.0,567165.0,13
201200014146,12,11,7,1130,1,2,1,1.0,6,13028,M,4318590.0,560747.0,13
201200014147,12,11,8,1740,2,2,1,1.0,5,13028,M,4318590.0,560748.0,13
201200014148,12,11,16,1800,5,2,1,1.0,3,13022,M,4321650.0,553828.0,13
201200014149,12,12,28,1320,1,2,1,1.0,6,13028,M,4317770.0,560766.0,13
201200014150,12,2,5,110,3,1,1,1.0,1,13098,M,,,13
201200014151,12,3,4,1145,1,1,1,1.0,1,13047,M,,,13
201200014152,12,3,29,1855,1,1,1,1.0,5,13047,M,,,13
201200014153,12,5,11,1230,1,1,1,1.0,1,13047,M,,,13
201200014154,12,6,27,1620,1,1,1,1.0,1,13035,M,4368930.0,503036.0,13
201200014155,12,7,1,2200,3,1,1,2.0,6,13047,M,,,13
201200014156,12,7,10,2220,3,1,1,1.0,6,13047,M,,,13
201200014157,12,7,19,220,5,1,6,1.0,6,13047,M,,,13
201200014158,12,7,17,1,5,2,1,1.0,1,13047,M,,,13
201200014159,12,8,18,2045,5,2,2,1.0,3,13063,M,,,13
201200014160,12,8,25,1640,1,2,3,1.0,3,13063,M,4359940.0,500179.0,13
201200014161,12,8,28,1820,1,2,1,1.0,6,13047,M,,,13
201200014162,12,9,28,1530,1,2,3,1.0,3,13047,M,4352950.0,497529.0,13
201200014163,12,10,15,1325,1,1,1,1.0,5,13047,M,4348150.0,496119.0,13
201200014164,12,10,26,2055,3,1,1,1.0,2,13047,M,,,13
201200014165,12,12,10,730,2,1,9,1.0,3,13047,M,4351560.0,496436.0,13
201200014166,12,1,12,1845,5,2,6,1.0,3,13054,M,4341180.0,520521.0,13
201200014167,12,1,17,1815,5,2,2,1.0,3,13054,M,4341420.0,521210.0,13
201200014168,12,1,21,1730,1,1,8,1.0,2,13054,M,,,13
201200014169,12,1,23,930,1,2,2,1.0,1,13054,M,4341420.0,521210.0,13
201200014170,12,2,2,1840,5,2,1,1.0,6,13054,M,4341490.0,522364.0,13
201200014171,12,2,7,2000,5,2,1,1.0,1,13054,M,,,13
201200014172,12,2,16,855,1,2,3,1.0,6,13054,M,,,13
201200014173,12,3,9,1225,1,2,3,1.0,3,13054,M,,,13
201200014174,12,3,10,1430,1,2,3,1.0,3,13102,M,,,13
201200014175,12,3,12,1630,1,1,1,1.0,3,13054,M,,,13
201200014176,12,3,18,1610,1,2,1,2.0,1,13043,M,,,13
201200014177,12,3,22,1100,1,2,2,1.0,3,13054,M,,,13
201200014178,12,4,2,820,1,2,1,1.0,6,13054,M,,,13
201200014179,12,4,2,1900,1,2,1,1.0,5,13054,M,,,13
201200014180,12,4,10,1210,1,2,2,1.0,3,13054,M,4341680.0,520971.0,13
201200014181,12,4,15,1555,1,1,3,1.0,6,13043,M,,,13
201200014182,12,4,16,1500,1,1,1,1.0,2,13054,M,,,13
201200014183,12,4,17,810,1,2,3,1.0,3,13054,M,4342050.0,520799.0,13
201200014184,12,4,17,1700,1,2,1,1.0,2,13054,M,,,13
201200014185,12,4,19,1540,1,2,1,1.0,3,13054,M,,,13
201200014186,12,5,1,1430,1,2,1,1.0,6,13054,M,,,13
201200014187,12,5,6,1720,1,2,3,1.0,3,13102,M,,,13
201200014188,12,5,11,2145,3,1,2,1.0,3,13043,M,,,13
201200014189,12,5,15,1800,1,2,1,1.0,3,13043,M,,,13
201200014190,12,5,16,730,1,2,1,1.0,3,13054,M,,,13
201200014191,12,5,20,1715,1,2,8,3.0,3,13054,M,,,13
201200014192,12,6,6,1415,1,2,1,1.0,2,13054,M,,,13
201200014193,12,6,12,1540,1,2,1,1.0,3,13055,M,,,13
201200014194,12,6,12,2035,2,2,6,1.0,6,13054,M,,,13
201200014195,12,6,14,1215,1,2,2,1.0,3,13054,M,,,13
201200014196,12,6,15,1220,1,2,1,1.0,6,13054,M,,,13
201200014197,12,6,20,1815,1,2,1,1.0,6,13054,M,,,13
201200014198,12,6,21,1625,1,2,1,1.0,3,13054,M,,,13
201200014199,12,6,26,830,1,2,1,1.0,6,13054,M,,,13
201200014200,12,6,27,550,2,2,1,1.0,2,13043,M,,,13
201200014201,12,6,27,1740,1,1,1,1.0,4,13043,M,,,13
201200014202,12,7,4,2010,2,2,1,1.0,7,13054,M,,,13
201200014203,12,7,16,1915,1,1,1,1.0,2,13054,M,,,13
201200014204,12,7,25,1420,1,2,1,1.0,3,13054,M,,,13
201200014205,12,7,25,1500,1,1,1,1.0,3,13043,M,,,13
201200014206,12,7,29,2145,5,2,1,1.0,6,13043,M,,,13
201200014207,12,8,11,1155,1,2,1,1.0,3,13102,M,,,13
201200014208,12,8,21,1430,1,2,3,1.0,3,13054,M,,,13
201200014209,12,8,23,1515,1,2,1,1.0,1,13043,M,,,13
201200014210,12,8,26,545,3,1,1,1.0,1,13054,M,,,13
201200014211,12,8,28,1045,1,2,1,1.0,6,13054,M,,,13
201200014212,12,9,8,1400,1,2,1,1.0,3,13054,M,,,13
201200014213,12,9,9,1945,2,2,2,1.0,3,13054,M,,,13
201200014214,12,9,10,1600,1,1,1,1.0,3,13043,M,,,13
201200014215,12,9,15,1615,1,2,1,1.0,2,13102,M,,,13
201200014216,12,9,18,2050,5,2,1,1.0,3,13054,M,4341730.0,521455.0,13
201200014217,12,9,28,1050,1,2,1,1.0,2,13054,M,,,13
201200014218,12,10,3,1340,1,2,1,1.0,3,13043,M,,,13
201200014219,12,10,4,2300,5,1,1,1.0,6,13054,M,4340970.0,525314.0,13
201200014220,12,10,8,1430,1,1,1,1.0,2,13054,M,,,13
201200014221,12,10,14,1520,1,1,2,2.0,3,13043,M,,,13
201200014222,12,10,22,1720,1,1,1,1.0,3,13054,M,,,13
201200014223,12,10,25,1320,1,2,1,1.0,2,13043,M,,,13
201200014224,12,10,27,1325,1,2,2,1.0,3,13054,M,,,13
201200014225,12,10,27,2315,5,2,1,6.0,3,13054,M,4341840.0,521828.0,13
201200014226,12,10,27,1900,3,2,1,6.0,3,13054,M,,,13
201200014227,12,11,4,1915,5,2,1,2.0,6,13054,M,,,13
201200014228,12,11,23,1630,1,1,1,1.0,1,13054,M,,,13
201200014229,12,11,27,1750,5,2,1,2.0,2,13054,M,4341830.0,521813.0,13
201200014230,12,12,4,1900,3,1,1,1.0,3,13043,M,,,13
201200014231,12,12,16,1300,1,2,1,1.0,3,13054,M,,,13
201200014232,12,12,17,1900,5,1,1,1.0,3,13043,M,4339790.0,525529.0,13
201200014233,12,12,28,1700,2,2,3,1.0,6,13054,M,4341780.0,522493.0,13
201200014234,12,12,29,1415,1,2,1,1.0,3,13055,M,4331580.0,546149.0,13
201200014235,12,12,9,1700,2,2,1,1.0,6,13055,M,,,13
201200014236,12,1,1,615,5,2,1,1.0,6,13055,M,,,13
201200014237,12,12,16,1405,1,2,1,1.0,2,13055,M,4324650.0,537380.0,13
201200014238,12,1,2,1115,1,1,1,8.0,7,13055,M,4324220.0,544893.0,13
201200014239,12,12,21,1120,1,2,1,1.0,7,13055,M,4333050.0,535910.0,13
201200014240,12,12,12,740,2,2,1,1.0,6,13055,M,,,13
201200014241,12,1,2,2300,3,1,1,1.0,6,13002,M,,,13
201200014242,12,12,20,230,5,2,1,1.0,3,13055,M,4329910.0,538554.0,13
201200014243,12,12,13,1140,1,2,1,1.0,6,13055,M,,,13
201200014244,12,12,19,1445,1,2,1,1.0,3,13055,M,4324570.0,542598.0,13
201200014245,12,12,20,1445,1,2,1,2.0,6,13055,M,4331670.0,544124.0,13
201200014246,12,1,2,1650,1,2,1,1.0,5,13055,M,,,13
201200014247,12,12,9,540,5,2,3,1.0,3,13055,M,4328630.0,539136.0,13
201200014248,12,12,15,1130,1,2,3,1.0,3,13055,M,4326500.0,539528.0,13
201200014249,12,12,3,1200,1,2,2,1.0,1,13073,M,4328930.0,538912.0,13
201200014250,12,12,14,1450,1,2,1,2.0,7,13055,M,4327510.0,538450.0,13
201200014251,12,12,25,1900,5,2,1,1.0,2,13055,M,4328980.0,538374.0,13
201200014252,12,12,20,1400,1,2,1,1.0,3,13055,M,4329170.0,540322.0,13
201200014253,12,10,26,1300,1,2,1,1.0,3,13055,M,,,13
201200014254,12,12,11,1235,1,2,1,1.0,2,13055,M,,,13
201200014255,12,12,12,1350,1,2,1,1.0,6,13055,M,4331510.0,543906.0,13
201200014256,12,12,10,1500,1,2,1,1.0,2,13055,M,,,13
201200014257,12,12,3,1845,5,2,1,1.0,7,13055,M,4329390.0,537559.0,13
201200014258,12,12,22,720,1,2,1,8.0,2,13055,M,4336070.0,533503.0,13
201200014259,12,12,21,945,1,2,3,1.0,3,13055,M,4335720.0,536778.0,13
201200014260,12,9,27,1600,1,2,8,1.0,6,13055,M,4329400.0,540157.0,13
201200014261,12,11,28,915,1,1,1,3.0,1,13022,M,4323680.0,550481.0,13
201200014262,12,12,8,1515,1,2,2,1.0,6,13055,M,4330570.0,538392.0,13
201200014263,12,12,21,1415,1,2,1,1.0,2,13002,M,4333820.0,547513.0,13
201200014264,12,12,22,2230,5,2,1,1.0,7,13075,M,,,13
201200014265,12,10,25,1645,1,2,1,1.0,6,13055,M,,,13
201200014266,12,12,17,815,1,2,1,1.0,6,13055,M,,,13
201200014267,12,12,12,2145,5,2,1,1.0,1,13055,M,,,13
201200014268,12,12,4,840,1,2,1,1.0,6,13055,M,,,13
201200014269,12,12,29,1630,1,2,1,1.0,7,13055,M,4330040.0,540001.0,13
201200014270,12,1,3,1810,5,2,1,1.0,6,13055,M,,,13
201200014271,12,12,8,2015,5,2,1,1.0,6,13055,M,4338520.0,536829.0,13
201200014272,12,12,28,1535,1,2,1,2.0,6,13055,M,4330780.0,540007.0,13
201200014273,12,1,7,2315,5,2,4,1.0,1,13055,M,,,13
201200014274,12,12,7,2130,5,2,2,8.0,3,13055,M,4330400.0,537753.0,13
201200014275,12,1,8,1000,1,2,1,1.0,6,13055,M,,,13
201200014276,12,1,8,1750,5,2,1,1.0,3,13055,M,,,13
201200014277,12,10,2,1410,1,2,1,1.0,2,13002,M,,,13
201200014278,12,12,25,315,5,2,1,1.0,6,13055,M,,,13
201200014279,12,12,19,830,1,2,1,1.0,2,13055,M,4327900.0,538762.0,13
201200014280,12,10,29,2000,5,2,1,1.0,2,13055,M,,,13
201200014281,12,11,29,740,1,2,1,1.0,3,13055,M,4330400.0,541031.0,13
201200014282,12,9,11,1500,1,2,9,1.0,3,13055,M,,,13
201200014283,12,10,4,50,5,2,1,1.0,1,13055,M,,,13
201200014284,12,12,23,1520,1,2,1,1.0,6,13055,M,,,13
201200014285,12,1,3,1455,1,2,1,1.0,7,13055,M,,,13
201200014286,12,12,19,2050,5,2,1,1.0,2,13055,M,,,13
201200014287,12,1,10,1800,5,2,2,1.0,2,13055,M,,,13
201200014288,12,1,5,810,1,2,2,1.0,3,13055,M,,,13
201200014289,12,1,6,600,5,2,1,1.0,3,13055,M,,,13
201200014290,12,1,2,1745,5,2,1,1.0,2,13055,M,,,13
201200014291,12,12,5,720,5,2,3,1.0,7,13055,M,4330800.0,543173.0,13
201200014292,12,1,8,1240,1,2,1,1.0,2,13055,M,,,13
201200014293,12,10,20,1800,2,2,1,1.0,2,13055,M,,,13
201200014294,12,12,21,1045,1,2,1,1.0,6,13055,M,4326650.0,539451.0,13
201200014295,12,1,3,1620,1,2,1,1.0,2,13055,M,,,13
201200014296,12,1,3,730,2,2,1,1.0,3,13055,M,4330803.0,543204.0,13
201200014297,12,12,23,1140,1,2,1,1.0,3,13055,M,4329810.0,549833.0,13
201200014298,12,12,10,1815,2,2,1,1.0,3,13055,M,4331010.0,550010.0,13
201200014299,12,12,26,1400,1,2,1,1.0,6,13055,M,4335740.0,533720.0,13
201200014300,12,12,9,1430,1,2,1,1.0,6,13055,M,,,13
201200014301,12,12,10,1400,1,2,1,1.0,2,13055,M,,,13
201200014302,12,1,11,1345,1,2,1,1.0,6,13055,M,,,13
201200014303,12,1,5,1840,5,2,1,1.0,6,13055,M,,,13
201200014304,12,10,26,15,5,2,1,1.0,1,13055,M,,,13
201200014305,12,1,10,800,1,2,2,1.0,3,13055,M,,,13
201200014306,12,7,31,420,5,2,2,1.0,7,13055,M,,,13
201200014307,12,12,30,1830,5,2,1,1.0,6,13055,M,,,13
201200014308,12,1,8,1505,1,2,1,1.0,2,13055,M,,,13
201200014309,12,12,20,1215,1,2,1,1.0,6,13055,M,,,13
201200014310,12,12,9,1700,2,2,1,1.0,1,13055,M,,,13
201200014311,12,4,5,800,1,2,1,1.0,2,13055,M,,,13
201200014312,12,12,3,1140,1,2,1,1.0,6,13055,M,4329930.0,538082.0,13
201200014313,12,1,7,1515,1,2,1,6.0,7,13055,M,,,13
201200014314,12,11,25,1400,1,2,1,1.0,3,13055,M,4329600.0,540192.0,13
201200014315,12,1,9,1540,1,2,1,7.0,6,13055,M,4331229.0,546531.0,13
201200014316,12,12,7,1655,2,2,1,2.0,6,13055,M,4328850.0,539118.0,13
201200014317,12,12,17,1500,1,2,1,1.0,6,13055,M,,,13
201200014318,12,1,9,1600,1,2,3,1.0,5,13055,M,4329347.0,538230.0,13
201200014319,12,12,23,1530,1,2,1,1.0,1,13055,M,4328750.0,536578.0,13
201200014320,12,1,14,1600,1,2,1,1.0,3,13055,M,,,13
201200014321,12,12,23,1515,1,2,1,1.0,3,13055,M,,,13
201200014322,12,12,17,1900,5,2,1,1.0,6,13055,M,4330710.0,542318.0,13
201200014323,12,1,16,745,1,2,1,1.0,3,13055,M,,,13
201200014324,12,1,12,645,5,2,6,1.0,6,13055,M,,,13
201200014325,12,1,9,1330,1,2,1,1.0,6,13055,M,4333530.0,542070.0,13
201200014326,12,12,26,100,5,2,1,1.0,1,13055,M,4329100.0,541784.0,13
201200014327,12,11,18,600,2,2,1,1.0,2,13055,M,,,13
201200014328,12,12,14,1300,1,1,1,2.0,7,13055,M,,,13
201200014329,12,12,4,845,1,2,1,1.0,7,13055,M,4331760.0,538110.0,13
201200014330,12,1,4,1450,1,2,1,2.0,2,13055,M,,,13
201200014331,12,1,10,800,1,2,1,1.0,3,13055,M,4332920.0,542800.0,13
201200014332,12,12,20,1930,5,2,3,1.0,3,13055,M,,,13
201200014333,12,12,30,1815,1,2,1,1.0,3,13055,M,,,13
201200014334,12,1,3,820,1,2,1,1.0,6,13055,M,,,13
201200014335,12,12,11,2000,5,2,3,1.0,6,13055,M,4338470.0,535859.0,13
201200014336,12,1,2,1000,1,2,1,1.0,2,13055,M,,,13
201200014337,12,1,2,135,5,2,1,1.0,6,13055,M,,,13
201200014338,12,1,11,1550,1,2,1,1.0,4,13055,M,,,13
201200014339,12,1,12,2150,5,2,1,1.0,1,13055,M,,,13
201200014340,12,1,7,1430,1,2,1,1.0,3,13055,M,,,13
201200014341,12,12,28,1035,1,2,1,1.0,2,13055,M,4327090.0,540819.0,13
201200014342,12,12,3,1100,1,2,1,1.0,6,13002,M,4335130.0,548778.0,13
201200014343,12,1,6,930,1,2,1,1.0,6,13055,M,,,13
201200014344,12,1,10,2100,5,2,1,1.0,7,13055,M,,,13
201200014345,12,12,22,1310,1,2,1,1.0,6,13055,M,4330380.0,542890.0,13
201200014346,12,11,23,1830,3,2,1,1.0,6,13055,M,,,13
201200014347,12,5,12,1930,1,2,1,1.0,6,13055,M,,,13
201200014348,12,1,17,1340,1,2,1,1.0,6,13055,M,,,13
201200014349,12,7,21,2012,1,2,3,1.0,3,13055,M,,,13
201200014350,12,11,11,1655,5,2,1,1.0,2,13055,M,4333710.0,539581.0,13
201200014351,12,11,13,800,1,2,1,1.0,3,13055,M,4333520.0,542072.0,13
201200014352,12,12,27,1900,5,2,1,1.0,7,13055,M,4326070.0,540321.0,13
201200014353,12,12,8,1300,1,2,1,1.0,6,13055,M,,,13
201200014354,12,10,6,2300,5,2,1,1.0,1,13055,M,,,13
201200014355,12,1,18,1720,1,1,1,1.0,6,13055,M,,,13
201200014356,12,12,13,1010,1,2,4,1.0,2,13055,M,4338330.0,535836.0,13
201200014357,12,1,18,600,5,2,1,1.0,6,13055,M,,,13
201200014358,12,1,9,1745,3,2,1,1.0,7,13002,M,4335253.0,548158.0,13
201200014359,12,12,21,2135,5,2,3,1.0,3,13055,M,4336250.0,532276.0,13
201200014360,12,8,12,1700,1,2,1,1.0,3,13055,M,,,13
201200014361,12,12,26,1900,5,2,1,1.0,1,13055,M,4327070.0,540772.0,13
201200014362,12,12,14,1500,1,2,1,1.0,6,13055,M,4326850.0,541930.0,13
201200014363,12,11,12,1730,1,2,1,1.0,7,13055,M,4327810.0,537456.0,13
201200014364,12,12,21,1315,1,2,1,1.0,6,13055,M,,,13
201200014365,12,1,10,1600,1,2,1,1.0,6,13055,M,,,13
201200014366,12,1,19,1045,1,2,1,1.0,7,13055,M,,,13
201200014367,12,12,28,1615,5,2,1,1.0,3,13055,M,4324050.0,536280.0,13
201200014368,12,12,10,1115,1,2,1,1.0,2,13055,M,,,13
201200014369,12,1,10,1200,1,2,2,1.0,3,13055,M,,,13
201200014370,12,11,19,2010,5,2,1,1.0,2,13055,M,4333800.0,543660.0,13
201200014371,12,1,10,920,1,2,2,1.0,1,13055,M,,,13
201200014372,12,12,5,1420,1,2,1,1.0,6,13055,M,4332920.0,536598.0,13
201200014373,12,10,29,1810,1,2,1,1.0,3,13055,M,,,13
201200014374,12,1,2,1715,1,2,1,1.0,6,13055,M,,,13
201200014375,12,12,11,850,1,2,1,1.0,6,13055,M,4334260.0,541877.0,13
201200014376,12,1,11,1,5,2,1,1.0,1,13055,M,,,13
201200014377,12,11,15,1735,5,2,1,1.0,4,13055,M,4337010.0,534606.0,13
201200014378,12,12,30,515,5,2,1,1.0,6,13055,M,,,13
201200014379,12,1,16,415,5,2,2,9.0,6,13055,M,0.0,0.0,13
201200014380,12,1,11,805,1,2,1,1.0,3,13055,M,,,13
201200014381,12,1,10,2150,5,2,2,1.0,3,13055,M,,,13
201200014382,12,12,4,1600,1,2,1,2.0,3,13055,M,4333870.0,539310.0,13
201200014383,12,12,18,945,1,2,1,1.0,6,13055,M,4328360.0,539985.0,13