Num_Acc,an,mois,jour,hrmn,lum,agg,int,atm,col,com,gps,lat,long,dep
201200014384,12,1,3,835,1,2,2,1.0,3,13055,M,,,13
201200014385,12,12,11,1145,1,2,1,1.0,6,13055,M,4333300.0,543724.0,13
201200014386,12,11,17,1711,5,2,1,1.0,6,13055,M,4336690.0,533960.0,13
201200014387,12,1,12,1130,1,2,1,1.0,6,13055,M,,,13
201200014388,12,1,11,1010,1,2,1,1.0,6,13055,M,,,13
201200014389,12,12,22,45,5,2,1,1.0,1,13055,M,,,13
201200014390,12,1,15,115,4,2,3,1.0,1,13055,M,,,13
201200014391,12,12,28,1930,5,2,1,1.0,6,13055,M,4328190.0,538634.0,13
201200014392,12,1,5,210,5,2,1,1.0,6,13055,M,,,13
201200014393,12,12,15,1430,1,2,1,1.0,3,13055,M,4328640.0,546850.0,13
201200014394,12,12,20,900,1,2,1,8.0,3,13055,M,4325610.0,540767.0,13
201200014395,12,1,11,1000,1,2,1,1.0,2,13055,M,,,13
201200014396,12,12,14,1050,1,2,1,1.0,2,13055,M,4332440.0,544296.0,13
201200014397,12,11,6,1730,5,2,1,1.0,3,13055,M,4332330.0,544898.0,13
201200014398,12,10,23,1820,1,2,1,1.0,3,13055,M,,,13
201200014399,12,1,13,730,2,2,2,1.0,3,13055,M,,,13
201200014400,12,1,9,1000,1,2,6,1.0,3,13055,M,4332828.0,539802.0,13
201200014401,12,8,31,1240,1,2,2,1.0,1,13055,M,,,13
201200014402,12,1,23,1430,1,2,1,1.0,6,13055,M,,,13
201200014403,12,1,23,1630,1,2,1,1.0,6,13055,M,,,13
201200014404,12,1,13,1135,1,2,1,1.0,7,13055,M,,,13
201200014405,12,11,5,800,1,2,1,1.0,3,13055,M,4325450.0,541263.0,13
201200014406,12,1,23,1330,1,2,1,1.0,6,13055,M,,,13
201200014407,12,1,17,30,5,2,1,1.0,2,13055,M,,,13
201200014408,12,11,12,1800,5,2,3,1.0,3,13055,M,4332910.0,541559.0,13
201200014409,12,9,9,55,5,2,3,1.0,3,13055,M,,,13
201200014410,12,10,29,1245,1,2,1,1.0,3,13055,M,,,13
201200014411,12,1,12,830,1,2,1,1.0,6,13055,M,,,13
201200014412,12,12,4,1730,1,2,1,1.0,3,13055,M,4325480.0,537636.0,13
201200014413,12,1,18,1315,1,2,1,1.0,3,13055,M,,,13
201200014414,12,11,5,830,1,2,1,1.0,6,13055,M,4324730.0,538195.0,13
201200014415,12,1,7,1135,1,2,1,1.0,3,13055,M,,,13
201200014416,12,1,10,740,1,2,9,1.0,6,13055,M,,,13
201200014417,12,12,5,1825,5,2,1,1.0,2,13055,M,4334340.0,542076.0,13
201200014418,12,11,5,1520,1,2,1,1.0,3,13055,M,4334090.0,535252.0,13
201200014419,12,12,29,1800,4,2,1,1.0,2,13055,M,4327650.0,539951.0,13
201200014420,12,1,10,900,1,2,1,1.0,6,13055,M,,,13
201200014421,12,12,14,2115,5,2,1,2.0,7,13055,M,4328910.0,543782.0,13
201200014422,12,1,11,1330,1,2,1,1.0,6,13055,M,,,13
201200014423,12,12,14,645,5,2,3,1.0,3,13055,M,,,13
201200014424,12,12,17,1110,1,2,1,1.0,3,13055,M,4334260.0,543621.0,13
201200014425,12,12,5,1530,1,2,1,8.0,3,13055,M,4334210.0,535996.0,13
201200014426,12,12,21,1255,1,2,1,1.0,6,13055,M,,,13
201200014427,12,12,27,1645,2,2,1,1.0,2,13055,M,,,13
201200014428,12,1,18,1710,5,2,1,1.0,6,13055,M,,,13
201200014429,12,1,19,1810,4,2,2,1.0,3,13055,M,,,13
201200014430,12,1,19,1510,1,2,2,1.0,7,13055,M,,,13
201200014431,12,1,29,1830,5,2,1,1.0,6,13055,M,,,13
201200014432,12,1,16,1010,1,2,1,1.0,6,13055,M,4331900.0,537909.0,13
201200014433,12,10,2,1720,1,2,3,1.0,6,13055,M,,,13
201200014434,12,7,31,930,1,2,1,1.0,2,13055,M,,,13
201200014435,12,1,10,1815,5,2,9,1.0,3,13055,M,,,13
201200014436,12,12,19,1150,1,2,1,1.0,2,13055,M,4331920.0,536867.0,13
201200014437,12,12,31,1220,1,2,9,1.0,3,13055,M,4333150.0,537561.0,13
201200014438,12,12,17,900,1,2,1,1.0,7,13055,M,4328150.0,540472.0,13
201200014439,12,12,20,2105,5,2,1,1.0,6,13055,M,4331470.0,539134.0,13
201200014440,12,12,24,1555,1,2,1,1.0,6,13055,M,4330980.0,537956.0,13
201200014441,12,11,11,1200,1,2,1,1.0,6,13055,M,,,13
201200014442,12,1,5,1730,3,2,1,1.0,3,13055,M,,,13
201200014443,12,1,30,845,1,2,1,1.0,6,13055,M,,,13
201200014444,12,11,10,1830,5,2,1,1.0,2,13055,M,4332400.0,537386.0,13
201200014445,12,1,30,1720,1,2,1,1.0,1,13055,M,,,13
201200014446,12,12,28,1805,5,2,1,1.0,6,13106,M,4338640.0,535897.0,13
201200014447,12,1,11,1000,1,2,1,7.0,3,13055,M,,,13
201200014448,12,1,3,1515,1,2,3,1.0,1,13055,M,,,13
201200014449,12,11,12,745,1,2,3,1.0,3,13055,M,,,13
201200014450,12,1,8,300,5,2,1,1.0,7,13055,M,4327760.0,539885.0,13
201200014451,12,1,13,2130,5,2,1,1.0,3,13055,M,,,13
201200014452,12,1,18,1000,1,2,1,1.0,6,13055,M,,,13
201200014453,12,1,13,2005,5,2,1,1.0,2,13055,M,,,13
201200014454,12,1,14,1420,1,2,6,1.0,3,13055,M,,,13
201200014455,12,1,9,1820,5,2,1,1.0,2,13055,M,,,13
201200014456,12,1,7,1945,5,2,1,1.0,6,13055,M,,,13
201200014457,12,11,17,1105,1,2,1,1.0,2,13055,M,4329350.0,538230.0,13
201200014458,12,1,14,100,5,2,1,1.0,6,13055,M,,,13
201200014459,12,1,24,1710,3,1,1,1.0,6,13002,M,,,13
201200014460,12,12,23,1300,1,2,1,1.0,7,13055,M,,,13
201200014461,12,12,31,600,5,2,1,1.0,6,13055,M,,,13
201200014462,12,1,16,2000,5,2,1,1.0,7,13055,M,,,13
201200014463,12,2,1,1315,1,2,1,1.0,6,13055,M,,,13
201200014464,12,12,24,1820,3,2,1,1.0,3,13055,M,4336720.0,535648.0,13
201200014465,12,12,20,710,2,2,1,8.0,7,13055,M,,,13
201200014466,12,2,2,600,5,2,2,2.0,3,13055,M,4331490.0,538795.0,13
201200014467,12,1,21,1140,1,2,9,1.0,3,13055,M,,,13
201200014468,12,11,10,1700,2,2,1,3.0,6,13055,M,4335210.0,543688.0,13
201200014469,12,12,18,1710,1,2,2,1.0,3,13055,M,4329670.0,540209.0,13
201200014470,12,1,10,1150,1,2,2,1.0,6,13055,M,,,13
201200014471,12,1,27,1700,1,2,1,1.0,3,13055,M,,,13
201200014472,12,10,19,1430,1,2,1,1.0,7,13055,M,,,13
201200014473,12,1,4,1900,3,2,1,1.0,6,13055,M,,,13
201200014474,12,10,9,2130,3,2,1,1.0,6,13055,M,,,13
201200014475,12,1,10,2025,5,2,1,1.0,3,13055,M,,,13
201200014476,12,12,25,1600,1,2,1,1.0,6,13055,M,,,13
201200014477,12,1,18,1740,5,2,1,1.0,3,13055,M,,,13
201200014478,12,1,15,1540,1,2,1,1.0,6,13055,M,,,13
201200014479,12,1,27,1320,1,2,1,8.0,2,13055,M,,,13
201200014480,12,1,12,745,1,2,1,1.0,6,13055,M,,,13
201200014481,12,1,23,1045,1,2,1,1.0,2,13055,M,,,13
201200014482,12,1,21,1830,5,2,2,1.0,3,13055,M,,,13
201200014483,12,1,23,730,1,2,1,1.0,6,13055,M,,,13
201200014484,12,11,8,1800,5,2,9,1.0,3,13055,M,4328630.0,547395.0,13
201200014485,12,1,20,1000,1,2,2,1.0,3,13055,M,,,13
201200014486,12,9,7,915,1,2,1,1.0,2,13055,M,,,13
201200014487,12,12,21,1430,1,2,1,1.0,3,13055,M,4330000.0,547164.0,13
201200014488,12,1,17,1545,1,2,1,1.0,6,13055,M,,,13
201200014489,12,1,15,1000,1,2,1,1.0,6,13055,M,,,13
201200014490,12,12,4,1020,1,2,1,1.0,2,13055,M,4327230.0,539966.0,13
201200014491,12,1,25,1115,1,2,1,1.0,6,13055,M,,,13
201200014492,12,12,6,730,2,2,1,1.0,4,13055,M,,,13
201200014493,12,1,17,745,1,2,2,1.0,3,13055,M,,,13
201200014494,12,1,11,1230,1,2,1,1.0,3,13055,M,,,13
201200014495,12,1,25,1245,1,2,2,1.0,2,13055,M,0.0,0.0,13
201200014496,12,1,7,1630,1,2,1,1.0,2,13055,M,,,13
201200014497,12,1,6,2010,2,2,1,1.0,3,13055,M,,,13
201200014498,12,2,2,1810,5,2,1,1.0,2,13055,M,,,13
201200014499,12,1,24,1650,1,2,1,1.0,4,13055,M,,,13
201200014500,12,1,26,845,1,2,1,1.0,6,13055,M,,,13
201200014501,12,2,6,1400,1,2,1,1.0,3,13055,M,,,13
201200014502,12,2,1,1840,5,2,2,1.0,3,13055,M,,,13
201200014503,12,2,3,950,2,2,1,1.0,2,13055,M,,,13
201200014504,12,12,21,1430,1,1,2,1.0,3,13055,M,,,13
201200014505,12,2,3,1200,1,2,1,1.0,3,13055,M,,,13
201200014506,12,12,20,1215,1,2,1,2.0,6,13055,M,4324640.0,538110.0,13
201200014507,12,1,25,1020,1,2,1,1.0,6,13002,M,,,13
201200014508,12,1,31,800,1,2,1,2.0,1,13002,M,4334020.0,547666.0,13
201200014509,12,2,7,1535,1,2,1,1.0,6,13055,M,,,13
201200014510,12,11,5,1930,5,2,1,1.0,2,13055,M,4327270.0,540106.0,13
201200014511,12,2,1,1900,5,2,2,1.0,3,13055,M,4331540.0,538641.0,13
201200014512,12,2,2,1810,5,2,1,1.0,1,13055,M,,,13
201200014513,12,12,24,1155,1,2,1,8.0,1,13055,M,,,13
201200014514,12,1,20,1745,1,2,1,1.0,6,13055,M,,,13
201200014515,12,1,16,1215,1,2,1,1.0,6,13055,M,,,13
201200014516,12,1,4,1520,1,2,1,1.0,1,13055,M,,,13
201200014517,12,12,17,1915,5,2,1,1.0,6,13055,M,,,13
201200014518,12,1,21,100,5,2,1,1.0,6,13055,M,,,13
201200014519,12,11,21,1400,1,2,2,1.0,1,13055,M,,,13
201200014520,12,1,31,630,5,2,1,1.0,6,13055,M,,,13
201200014521,12,7,1,2300,5,2,1,1.0,6,13055,M,,,13
201200014522,12,1,27,750,1,2,2,1.0,3,13055,M,,,13
201200014523,12,1,27,1845,5,2,2,1.0,5,13055,M,,,13
201200014524,12,9,2,2010,1,2,1,1.0,6,13055,M,,,13
201200014525,12,2,3,1150,1,2,1,1.0,6,13055,M,,,13
201200014526,12,2,1,840,1,2,3,1.0,6,13055,M,,,13
201200014527,12,1,17,730,2,2,1,1.0,3,13055,M,,,13
201200014528,12,11,2,1430,1,2,2,1.0,3,13055,M,,,13
201200014529,12,2,9,2215,5,2,1,1.0,6,13055,M,,,13
201200014530,12,1,7,1100,1,2,1,1.0,6,13055,M,,,13
201200014531,12,1,16,1340,1,2,2,1.0,3,13055,M,,,13
201200014532,12,1,9,630,2,2,1,1.0,6,13055,M,4329751.0,539827.0,13
201200014533,12,1,15,1500,1,2,1,1.0,6,13055,M,,,13
201200014534,12,1,25,820,1,2,1,1.0,3,13055,M,,,13
201200014535,12,1,24,1340,1,2,2,1.0,6,13055,M,,,13
201200014536,12,1,19,1730,2,2,3,1.0,3,13055,M,,,13
201200014537,12,2,6,1535,1,2,2,1.0,3,13055,M,,,13
201200014538,12,2,1,1545,1,2,1,1.0,3,13055,M,,,13
201200014539,12,1,21,900,1,2,3,1.0,3,13055,M,,,13
201200014540,12,11,8,1700,5,2,1,1.0,7,13075,M,4334320.0,546739.0,13
201200014541,12,1,18,1140,1,2,1,1.0,6,13055,M,,,13
201200014542,12,2,7,1740,5,2,2,1.0,6,13055,M,,,13
201200014543,12,1,27,1615,1,2,1,1.0,2,13055,M,,,13
201200014544,12,1,13,16,5,2,2,1.0,6,13055,M,,,13
201200014545,12,1,4,1730,2,2,2,1.0,3,13055,M,,,13
201200014546,12,9,21,2300,5,2,6,1.0,3,13055,M,,,13
201200014547,12,2,7,1640,1,2,1,1.0,6,13055,M,,,13
201200014548,12,1,11,1130,1,2,3,1.0,3,13055,M,,,13
201200014549,12,12,22,1345,1,2,2,1.0,3,13055,M,,,13
201200014550,12,1,31,840,1,2,1,2.0,3,13055,M,,,13
201200014551,12,2,7,1230,1,2,3,1.0,3,13055,M,,,13
201200014552,12,1,18,650,2,2,1,1.0,6,13055,M,4329670.0,548390.0,13
201200014553,12,1,20,1530,1,2,1,1.0,5,13055,M,,,13
201200014554,12,2,7,1145,1,2,1,1.0,6,13055,M,,,13
201200014555,12,1,9,925,1,2,1,1.0,3,13055,M,,,13
201200014556,12,1,21,1545,1,2,1,1.0,3,13055,M,,,13
201200014557,12,2,1,1215,1,2,2,1.0,3,13055,M,,,13
201200014558,12,1,26,1730,2,2,1,1.0,6,13055,M,,,13
201200014559,12,11,19,740,1,2,1,1.0,7,13055,M,,,13
201200014560,12,9,14,1945,2,2,1,1.0,6,13055,M,4332055.0,540905.0,13
201200014561,12,1,25,1045,1,2,1,1.0,6,13055,M,,,13
201200014562,12,1,18,2310,5,2,1,1.0,6,13055,M,,,13
201200014563,12,2,2,645,2,2,1,2.0,3,13055,M,,,13
201200014564,12,11,30,1830,2,2,1,1.0,3,13055,M,,,13
201200014565,12,11,14,2100,5,2,3,1.0,3,13055,M,,,13
201200014566,12,1,25,1810,5,2,1,1.0,6,13055,M,,,13
201200014567,12,1,18,530,2,2,1,1.0,6,13055,M,,,13
201200014568,12,2,3,1610,1,2,3,1.0,5,13055,M,,,13
201200014569,12,2,12,300,5,2,1,1.0,6,13055,M,,,13
201200014570,12,1,19,1745,2,2,1,1.0,6,13055,M,,,13
201200014571,12,1,31,1845,5,2,1,1.0,6,13055,M,,,13
201200014572,12,12,3,820,1,2,1,1.0,6,13055,M,,,13
201200014573,12,11,25,1500,1,2,1,1.0,7,13055,M,,,13
201200014574,12,12,30,1715,1,2,1,1.0,1,13055,M,,,13
201200014575,12,1,22,1530,1,2,1,1.0,6,13055,M,,,13
201200014576,12,2,6,1239,1,2,1,1.0,2,13055,M,,,13
201200014577,12,2,1,1830,5,2,2,1.0,3,13055,M,,,13
201200014578,12,2,2,2100,5,2,2,1.0,6,13055,M,,,13
201200014579,12,1,18,1620,1,2,1,1.0,7,13055,M,,,13
201200014580,12,1,19,1640,1,2,1,1.0,6,13055,M,,,13
201200014581,12,1,15,1000,1,2,1,1.0,2,13055,M,,,13
201200014582,12,1,13,1525,1,2,1,1.0,6,13055,M,,,13
201200014583,12,2,3,1610,1,2,1,1.0,3,13055,M,,,13
201200014584,12,12,27,1200,1,2,1,1.0,6,13055,M,,,13
201200014585,12,1,27,200,3,2,3,2.0,3,13055,M,,,13
201200014586,12,12,31,1330,1,2,1,1.0,3,13055,M,,,13
201200014587,12,2,11,2315,5,2,1,1.0,3,13055,M,,,13
201200014588,12,2,18,1950,3,2,1,1.0,6,13055,M,,,13
201200014589,12,2,2,1340,1,2,1,1.0,4,13055,M,,,13
201200014590,12,12,14,1730,5,2,1,9.0,3,13055,M,,,13
201200014591,12,1,25,1815,5,2,1,1.0,5,13055,M,,,13
201200014592,12,1,23,1355,1,2,2,1.0,3,13055,M,,,13
201200014593,12,2,17,1320,1,2,1,1.0,6,13055,M,4331490.0,538790.0,13
201200014594,12,11,19,1350,1,2,1,1.0,6,13055,M,,,13
201200014595,12,12,11,1610,1,2,1,1.0,7,13055,M,,,13
201200014596,12,1,1,45,5,2,1,1.0,2,13055,M,,,13
201200014597,12,1,24,1705,2,2,1,1.0,3,13055,M,,,13
201200014598,12,2,17,1940,5,2,1,1.0,6,13055,M,,,13
201200014599,12,2,15,1400,1,2,1,1.0,6,13002,M,,,13
201200014600,12,2,22,1930,5,2,1,1.0,3,13055,M,,,13
201200014601,12,11,13,1330,1,2,1,1.0,6,13055,M,,,13
201200014602,12,11,14,1820,2,2,1,1.0,6,13055,M,,,13
201200014603,12,2,11,1850,2,2,3,1.0,6,13055,M,,,13
201200014604,12,2,18,1700,1,2,1,1.0,3,13055,M,4324960.0,542247.0,13
201200014605,12,11,20,1345,1,2,1,1.0,6,13055,M,,,13
201200014606,12,1,19,640,4,2,1,1.0,6,13055,M,,,13
201200014607,12,1,7,1600,1,2,1,1.0,6,13055,M,,,13
201200014608,12,2,16,2050,5,2,2,1.0,6,13055,M,,,13
201200014609,12,2,24,630,3,1,1,1.0,6,13055,M,,,13
201200014610,12,12,12,715,1,2,1,9.0,7,13055,M,,,13
201200014611,12,2,25,135,5,2,1,1.0,3,13055,M,4331490.0,538870.0,13
201200014612,12,2,24,2320,5,2,1,1.0,7,13055,M,,,13
201200014613,12,2,26,1420,1,2,1,1.0,6,13055,M,,,13
201200014614,12,2,26,1910,5,2,1,1.0,6,13055,M,,,13
201200014615,12,2,1,2000,5,2,2,1.0,2,13055,M,,,13
201200014616,12,2,7,1340,1,2,1,1.0,6,13055,M,,,13
201200014617,12,1,13,1800,5,2,1,1.0,1,13055,M,,,13
201200014618,12,1,9,845,1,2,1,1.0,2,13055,M,4328923.0,540012.0,13
201200014619,12,11,13,1400,1,2,1,1.0,6,13055,M,,,13
201200014620,12,2,6,1200,1,2,2,1.0,3,13055,M,,,13
201200014621,12,1,27,1150,1,2,2,2.0,3,13055,M,,,13
201200014622,12,2,10,1845,5,2,1,1.0,5,13055,M,,,13
201200014623,12,2,15,800,1,2,6,8.0,7,13055,M,,,13
201200014624,12,1,27,730,5,2,1,1.0,6,13055,M,,,13
201200014625,12,2,7,905,1,2,2,1.0,3,13055,M,0.0,0.0,13
201200014626,12,2,2,1345,1,2,1,1.0,3,13055,M,,,13
201200014627,12,1,3,1745,5,2,2,1.0,6,13055,M,,,13
201200014628,12,11,15,2100,5,2,3,1.0,3,13055,M,,,13
201200014629,12,2,19,2005,5,2,1,1.0,6,13055,M,,,13
201200014630,12,1,23,1100,1,2,1,1.0,3,13055,M,,,13
201200014631,12,1,18,1115,1,2,2,1.0,2,13055,M,,,13
201200014632,12,12,11,935,1,2,1,1.0,6,13055,M,,,13
201200014633,12,2,5,850,1,2,1,1.0,7,13055,M,,,13
201200014634,12,1,6,1430,1,2,1,1.0,2,13055,M,,,13
201200014635,12,12,21,1030,1,2,1,1.0,6,13055,M,,,13
201200014636,12,2,1,750,1,2,1,1.0,6,13055,M,,,13
201200014637,12,2,6,1530,1,2,1,1.0,6,13055,M,,,13
201200014638,12,1,23,2230,5,2,1,1.0,6,13055,M,,,13
201200014639,12,2,2,1145,1,2,1,1.0,6,13055,M,,,13
201200014640,12,1,23,1645,1,2,3,1.0,2,13055,M,,,13
201200014641,12,1,30,900,1,2,1,1.0,3,13055,M,,,13
201200014642,12,2,17,1905,5,2,1,1.0,6,13055,M,,,13
201200014643,12,2,7,820,1,2,2,1.0,6,13055,M,,,13
201200014644,12,2,19,2050,5,2,1,1.0,3,13055,M,,,13
201200014645,12,2,18,2145,5,2,1,1.0,3,13055,M,,,13
201200014646,12,1,10,1500,1,2,2,1.0,3,13055,M,,,13
201200014647,12,2,5,1950,5,2,1,1.0,3,13055,M,,,13
201200014648,12,1,11,1710,1,2,1,1.0,6,13055,M,,,13
201200014649,12,2,18,1445,1,2,1,1.0,2,13055,M,,,13
201200014650,12,12,18,1630,5,2,1,1.0,3,13055,M,,,13
201200014651,12,1,23,1000,1,2,6,1.0,4,13055,M,,,13
201200014652,12,12,15,2200,5,2,1,1.0,6,13055,M,,,13
201200014653,12,2,9,1545,1,2,3,1.0,3,13055,M,,,13
201200014654,12,1,16,1400,1,2,2,1.0,6,13055,M,,,13
201200014655,12,2,18,2000,5,2,1,1.0,2,13055,M,,,13
201200014656,12,12,20,955,1,2,1,1.0,3,13055,M,,,13
201200014657,12,2,25,1150,1,2,1,1.0,2,13055,M,,,13
201200014658,12,1,23,2150,5,2,3,1.0,3,13055,M,,,13
201200014659,12,2,20,1215,1,2,1,1.0,2,13055,M,,,13
201200014660,12,2,18,1900,5,2,2,1.0,2,13055,M,,,13
201200014661,12,2,17,1620,1,2,2,1.0,6,13055,M,,,13
201200014662,12,1,29,550,5,2,1,1.0,6,13055,M,,,13
201200014663,12,1,28,215,5,2,1,1.0,6,13055,M,,,13
201200014664,12,2,17,1620,1,2,1,1.0,6,13055,M,,,13
201200014665,12,12,25,325,5,2,2,1.0,3,13055,M,,,13
201200014666,12,2,12,1850,5,2,1,1.0,2,13055,M,,,13
201200014667,12,12,11,1130,1,2,3,1.0,4,13055,M,,,13
201200014668,12,2,10,1415,1,2,1,4.0,4,13055,M,,,13
201200014669,12,12,3,1330,1,2,1,1.0,6,13055,M,,,13
201200014670,12,2,14,705,1,2,1,1.0,6,13055,M,,,13
201200014671,12,12,31,1515,1,2,2,1.0,3,13055,M,,,13
201200014672,12,2,14,1200,1,2,2,1.0,6,13055,M,,,13
201200014673,12,2,10,815,1,2,1,1.0,2,13055,M,,,13
201200014674,12,2,8,2010,3,1,1,1.0,6,13002,M,,,13
201200014675,12,1,8,115,5,2,1,1.0,1,13055,M,,,13
201200014676,12,2,15,1700,5,2,1,1.0,6,13055,M,,,13
201200014677,12,2,9,1800,5,2,1,1.0,3,13055,M,,,13
201200014678,12,1,25,40,5,2,2,1.0,3,13055,M,,,13
201200014679,12,2,11,2020,5,2,1,1.0,2,13055,M,,,13
201200014680,12,2,11,30,5,2,1,1.0,2,13055,M,,,13
201200014681,12,2,7,825,1,2,1,1.0,2,13055,M,,,13
201200014682,12,2,15,1555,1,2,1,1.0,2,13055,M,,,13
201200014683,12,12,7,1440,1,2,1,1.0,3,13055,M,,,13
201200014684,12,2,1,1845,5,2,1,1.0,2,13055,M,,,13
201200014685,12,1,20,1600,1,2,1,1.0,2,13055,M,,,13
201200014686,12,1,27,1530,1,2,1,1.0,6,13055,M,,,13
201200014687,12,2,27,750,1,2,1,1.0,1,13055,M,,,13
201200014688,12,3,11,630,2,2,1,1.0,6,13055,M,,,13
201200014689,12,2,15,800,1,2,1,1.0,6,13055,M,,,13
201200014690,12,2,23,1700,1,2,1,1.0,6,13055,M,,,13
201200014691,12,12,27,1210,1,2,1,1.0,2,13055,M,,,13
201200014692,12,3,2,910,1,2,1,1.0,3,13055,M,,,13
201200014693,12,2,12,325,5,2,1,1.0,1,13055,M,,,13
201200014694,12,11,12,2230,5,2,1,1.0,6,13055,M,,,13
201200014695,12,2,8,1205,1,2,3,1.0,1,13055,M,,,13
201200014696,12,2,24,2115,5,2,2,1.0,3,13055,M,,,13
201200014697,12,3,3,500,4,2,2,1.0,3,13055,M,,,13
201200014698,12,2,27,815,1,2,1,1.0,6,13055,M,,,13
201200014699,12,12,21,1720,5,2,1,1.0,3,13075,M,4334630.0,545626.0,13
201200014700,12,12,16,1800,5,2,1,1.0,2,13002,M,4335650.0,548774.0,13
201200014701,12,2,17,1830,5,2,1,1.0,3,13055,M,,,13
201200014702,12,2,14,1330,2,2,1,1.0,6,13055,M,,,13
201200014703,12,11,16,1900,3,2,1,1.0,2,13055,M,,,13
201200014704,12,2,27,645,1,2,1,1.0,5,13055,M,,,13
201200014705,12,1,23,720,2,2,1,1.0,2,13055,M,,,13
201200014706,12,2,8,1800,1,2,1,1.0,2,13055,M,,,13
201200014707,12,2,11,1250,1,2,6,1.0,3,13055,M,,,13
201200014708,12,6,15,1420,1,2,1,1.0,6,13055,M,,,13
201200014709,12,12,14,1100,1,2,1,1.0,1,13055,M,,,13
201200014710,12,2,15,1320,1,2,1,1.0,6,13055,M,,,13
201200014711,12,2,21,1220,1,2,1,1.0,6,13055,M,,,13
201200014712,12,12,19,1200,1,2,1,1.0,2,13055,M,,,13
201200014713,12,1,31,1130,1,2,2,3.0,3,13055,M,,,13
201200014714,12,12,15,600,5,2,1,1.0,2,13055,M,,,13
201200014715,12,2,7,2030,2,2,1,1.0,3,13055,M,,,13
201200014716,12,1,11,1245,1,2,2,1.0,6,13055,M,,,13
201200014717,12,1,25,1400,1,2,2,1.0,3,13055,M,,,13
201200014718,12,2,28,1500,1,2,3,1.0,3,13055,M,,,13
201200014719,12,2,25,25,3,2,1,1.0,7,13055,M,,,13
201200014720,12,2,22,1700,1,2,1,1.0,6,13055,M,,,13
201200014721,12,1,26,940,1,2,1,1.0,3,13055,M,,,13
201200014722,12,1,18,1250,1,2,3,1.0,3,13055,M,,,13
201200014723,12,1,25,1430,1,2,1,8.0,2,13055,M,,,13
201200014724,12,2,2,500,5,1,1,4.0,7,13055,M,,,13
201200014725,12,1,27,1000,1,2,1,1.0,4,13055,M,,,13
201200014726,12,2,7,1620,1,2,1,1.0,3,13055,M,,,13
201200014727,12,1,30,1540,1,2,1,1.0,7,13055,M,,,13
201200014728,12,1,20,1200,1,2,1,1.0,6,13055,M,,,13
201200014729,12,11,30,1920,5,2,3,1.0,3,13055,M,,,13
201200014730,12,2,21,1700,1,2,1,1.0,6,13055,M,,,13
201200014731,12,1,26,1950,5,2,1,1.0,3,13055,M,,,13
201200014732,12,3,27,1110,1,2,1,1.0,2,13055,M,,,13
201200014733,12,3,7,1335,1,2,1,1.0,2,13055,M,,,13
201200014734,12,1,25,2150,5,2,1,1.0,3,13055,M,,,13
201200014735,12,3,3,1845,2,1,1,1.0,6,13055,M,,,13
201200014736,12,2,2,1050,1,2,9,1.0,6,13055,M,,,13
201200014737,12,2,14,1530,1,2,9,1.0,3,13055,M,,,13
201200014738,12,2,21,1800,1,2,1,1.0,6,13055,M,,,13
201200014739,12,4,23,1940,1,2,1,1.0,1,13055,M,,,13
201200014740,12,9,19,1240,1,2,1,1.0,5,13055,M,,,13
201200014741,12,2,3,1445,1,2,1,1.0,2,13055,M,,,13
201200014742,12,3,4,1,5,2,1,1.0,2,13055,M,,,13
201200014743,12,1,30,1510,1,2,2,1.0,3,13055,M,4333040.0,541017.0,13
201200014744,12,2,29,1530,1,2,1,1.0,6,13055,M,,,13
201200014745,12,2,24,1930,5,2,7,1.0,6,13055,M,,,13
201200014746,12,1,19,755,2,2,1,1.0,6,13055,M,,,13
201200014747,12,1,24,810,1,2,1,1.0,2,13075,M,4334400.0,546422.0,13
201200014748,12,2,13,1900,2,2,1,1.0,3,13055,M,,,13
201200014749,12,2,24,1930,5,2,1,1.0,6,13055,M,,,13
201200014750,12,2,28,1930,5,2,1,1.0,6,13055,M,,,13
201200014751,12,3,2,1925,3,2,3,1.0,3,13055,M,,,13
201200014752,12,3,3,510,5,2,1,1.0,6,13055,M,,,13
201200014753,12,2,18,1555,1,2,1,1.0,3,13055,M,,,13
201200014754,12,12,14,1515,1,2,1,2.0,2,13055,M,,,13
201200014755,12,2,28,1455,1,2,2,1.0,6,13055,M,,,13
201200014756,12,2,27,1710,1,2,1,1.0,3,13055,M,,,13
201200014757,12,2,27,1400,1,2,1,1.0,6,13055,M,,,13
201200014758,12,3,3,1930,5,2,1,1.0,2,13055,M,,,13
201200014759,12,2,18,1700,1,2,2,1.0,3,13055,M,,,13
201200014760,12,2,28,1730,1,2,1,1.0,3,13055,M,,,13
201200014761,12,2,29,1930,5,2,1,1.0,6,13055,M,,,13
201200014762,12,2,3,1230,1,2,2,1.0,1,13055,M,,,13
201200014763,12,2,5,2300,5,2,2,8.0,3,13055,M,,,13
201200014764,12,2,26,1015,1,2,6,1.0,6,13002,M,,,13
201200014765,12,9,20,1100,1,2,1,1.0,3,13055,M,,,13
201200014766,12,2,28,1405,1,2,1,1.0,4,13055,M,,,13
201200014767,12,3,8,1917,5,2,1,1.0,3,13055,M,,,13
201200014768,12,3,10,1820,1,2,1,1.0,3,13055,M,,,13
201200014769,12,3,10,130,5,2,1,1.0,6,13055,M,,,13
201200014770,12,3,12,1410,1,2,1,1.0,6,13055,M,,,13
201200014771,12,3,13,1000,1,2,2,1.0,6,13055,M,4331860.0,536782.0,13
201200014772,12,12,5,2120,5,2,2,1.0,3,13055,M,,,13