Num_Acc,an,mois,jour,hrmn,lum,agg,int,atm,col,com,gps,lat,long,dep
201200014773,12,3,2,1710,1,2,1,1.0,2,13055,M,,,13
201200014774,12,3,9,1145,1,2,1,1.0,6,13055,M,,,13
201200014775,12,2,4,1530,1,2,2,1.0,3,13055,M,,,13
201200014776,12,2,6,830,1,2,1,1.0,3,13055,M,,,13
201200014777,12,1,27,2130,5,2,3,1.0,3,13055,M,,,13
201200014778,12,5,12,1630,1,2,1,1.0,1,13055,M,,,13
201200014779,12,1,26,1515,1,2,2,1.0,6,13055,M,,,13
201200014780,12,3,3,2300,5,2,1,1.0,3,13055,M,,,13
201200014781,12,2,29,1645,1,2,3,1.0,3,13055,M,,,13
201200014782,12,11,16,920,1,2,2,1.0,3,13055,M,,,13
201200014783,12,2,23,1320,1,2,3,1.0,6,13055,M,,,13
201200014784,12,11,8,1000,1,2,1,1.0,4,13055,M,,,13
201200014785,12,2,26,1040,1,2,2,1.0,3,13055,M,,,13
201200014786,12,10,7,1124,1,2,1,1.0,6,13055,M,,,13
201200014787,12,2,25,2230,5,2,3,1.0,3,13055,M,,,13
201200014788,12,12,23,1130,1,2,1,1.0,3,13055,M,,,13
201200014789,12,3,6,1330,1,2,1,1.0,6,13055,M,,,13
201200014790,12,3,1,1500,1,2,3,1.0,2,13055,M,,,13
201200014791,12,12,5,1730,2,1,1,1.0,1,13055,M,,,13
201200014792,12,2,22,935,1,2,1,1.0,7,13055,M,,,13
201200014793,12,2,24,1905,5,2,1,1.0,7,13055,M,,,13
201200014794,12,11,17,1515,1,2,1,1.0,6,13055,M,,,13
201200014795,12,2,14,1130,1,2,1,1.0,3,13055,M,,,13
201200014796,12,2,24,820,1,2,1,1.0,7,13055,M,,,13
201200014797,12,2,10,1430,1,2,1,1.0,3,13055,M,,,13
201200014798,12,1,27,1415,1,2,1,2.0,2,13055,M,,,13
201200014799,12,12,14,1100,1,2,1,1.0,6,13055,M,,,13
201200014800,12,2,21,1137,1,2,1,1.0,6,13055,M,,,13
201200014801,12,3,9,1430,1,2,1,1.0,2,13055,M,,,13
201200014802,12,9,14,1545,1,2,1,1.0,3,13055,M,,,13
201200014803,12,3,3,1610,1,2,1,1.0,6,13055,M,,,13
201200014804,12,3,8,1530,1,2,1,1.0,7,13055,M,,,13
201200014805,12,12,6,819,1,2,1,1.0,3,13055,M,,,13
201200014806,12,2,21,645,2,2,1,1.0,6,13055,M,,,13
201200014807,12,12,2,1630,1,2,1,1.0,6,13055,M,,,13
201200014808,12,3,5,1930,4,2,1,1.0,3,13055,M,,,13
201200014809,12,3,6,830,1,2,2,1.0,6,13055,M,,,13
201200014810,12,3,10,1400,1,2,2,1.0,3,13055,M,,,13
201200014811,12,3,10,1900,5,2,1,1.0,6,13055,M,,,13
201200014812,12,3,8,1815,1,2,3,1.0,3,13055,M,,,13
201200014813,12,3,14,1540,1,2,3,1.0,3,13055,M,,,13
201200014814,12,3,12,1745,1,2,1,1.0,5,13055,M,,,13
201200014815,12,3,15,1215,1,2,1,1.0,6,13055,M,,,13
201200014816,12,3,10,2130,5,2,1,1.0,1,13055,M,,,13
201200014817,12,12,30,100,5,2,1,1.0,6,13055,M,,,13
201200014818,12,3,1,930,1,2,1,1.0,7,13055,M,,,13
201200014819,12,1,30,2050,5,2,1,1.0,6,13106,M,4340280.0,535587.0,13
201200014820,12,1,21,50,5,2,2,1.0,3,13055,M,,,13
201200014821,12,2,26,1205,1,2,1,1.0,3,13055,M,,,13
201200014822,12,3,9,1130,1,2,1,1.0,6,13055,M,,,13
201200014823,12,1,19,1820,5,2,1,1.0,6,13055,M,,,13
201200014824,12,3,3,1245,1,2,1,1.0,6,13055,M,,,13
201200014825,12,2,14,1650,1,2,1,1.0,3,13055,M,,,13
201200014826,12,3,11,1615,1,2,1,1.0,6,13055,M,,,13
201200014827,12,2,27,1230,1,2,1,1.0,6,13055,M,,,13
201200014828,12,3,10,1310,1,2,1,1.0,1,13055,M,,,13
201200014829,12,2,20,1500,1,2,1,1.0,5,13055,M,,,13
201200014830,12,3,10,1050,1,2,1,1.0,6,13055,M,,,13
201200014831,12,3,1,1830,2,2,1,1.0,1,13055,M,,,13
201200014832,12,2,9,800,1,2,1,1.0,3,13055,M,,,13
201200014833,12,3,20,600,5,2,3,1.0,1,13055,M,,,13
201200014834,12,3,16,1330,1,2,1,1.0,5,13055,M,,,13
201200014835,12,3,16,1430,1,2,2,1.0,1,13055,M,,,13
201200014836,12,3,13,1945,5,2,1,1.0,6,13055,M,,,13
201200014837,12,1,18,2145,5,2,1,1.0,3,13055,M,,,13
201200014838,12,3,2,1350,1,2,2,1.0,6,13055,M,,,13
201200014839,12,9,3,1730,1,2,3,1.0,6,13055,M,4328996.0,539882.0,13
201200014840,12,3,10,745,1,2,1,1.0,6,13055,M,,,13
201200014841,12,3,13,930,1,2,3,1.0,3,13055,M,,,13
201200014842,12,3,17,2000,5,2,1,1.0,3,13055,M,,,13
201200014843,12,1,26,1815,5,2,3,1.0,1,13055,M,,,13
201200014844,12,2,28,1650,1,2,6,1.0,2,13055,M,,,13
201200014845,12,3,16,2010,5,2,3,1.0,3,13055,M,,,13
201200014846,12,3,13,1615,1,2,1,1.0,6,13055,M,,,13
201200014847,12,3,13,1130,1,2,1,1.0,6,13055,M,,,13
201200014848,12,3,6,1355,1,2,1,1.0,2,13055,M,,,13
201200014849,12,3,9,1600,1,2,1,1.0,2,13055,M,,,13
201200014850,12,1,25,2030,5,2,1,1.0,7,13055,M,,,13
201200014851,12,3,19,1615,1,2,1,1.0,6,13055,M,,,13
201200014852,12,1,13,1440,1,2,1,1.0,6,13055,M,,,13
201200014853,12,3,16,1145,1,2,1,1.0,6,13055,M,,,13
201200014854,12,9,12,1215,1,2,1,1.0,6,13055,M,,,13
201200014855,12,3,15,745,1,2,1,5.0,7,13055,M,,,13
201200014856,12,3,19,1830,5,2,1,1.0,3,13055,M,,,13
201200014857,12,3,17,2050,5,2,1,1.0,2,13055,M,,,13
201200014858,12,2,25,1030,1,2,1,1.0,4,13055,M,,,13
201200014859,12,3,16,1750,2,1,1,1.0,1,13055,M,4324000.0,545741.0,13
201200014860,12,2,26,430,5,2,1,1.0,6,13055,M,,,13
201200014861,12,3,12,2000,5,1,1,1.0,6,13055,M,,,13
201200014862,12,3,14,1715,1,2,1,1.0,6,13055,M,,,13
201200014863,12,3,19,1730,1,2,1,1.0,3,13055,M,,,13
201200014864,12,10,26,1300,1,2,3,3.0,2,13055,M,,,13
201200014865,12,3,9,1050,1,2,1,1.0,2,13055,M,,,13
201200014866,12,3,16,1720,1,2,1,1.0,2,13055,M,,,13
201200014867,12,3,24,1350,1,2,1,1.0,3,13055,M,,,13
201200014868,12,3,26,2035,5,2,1,1.0,2,13055,M,,,13
201200014869,12,3,25,840,1,2,1,1.0,6,13055,M,,,13
201200014870,12,3,2,1615,1,2,1,1.0,6,13055,M,,,13
201200014871,12,2,3,1900,5,2,1,1.0,6,13055,M,,,13
201200014872,12,3,15,1050,1,2,1,1.0,7,13055,M,,,13
201200014873,12,2,29,1945,2,2,1,1.0,6,13055,M,,,13
201200014874,12,3,12,855,1,2,1,1.0,6,13055,M,,,13
201200014875,12,3,24,1615,2,2,2,1.0,3,13055,M,,,13
201200014876,12,2,15,800,1,2,1,1.0,5,13055,M,,,13
201200014877,12,3,1,1030,1,2,3,1.0,3,13055,M,,,13
201200014878,12,3,22,900,1,2,1,1.0,6,13055,M,,,13
201200014879,12,3,12,830,1,2,1,1.0,3,13055,M,,,13
201200014880,12,3,12,1130,1,2,1,1.0,6,13055,M,,,13
201200014881,12,3,11,700,1,2,1,1.0,1,13055,M,,,13
201200014882,12,3,17,640,5,2,2,1.0,3,13055,M,,,13
201200014883,12,2,16,1850,5,2,1,1.0,6,13106,M,,,13
201200014884,12,1,24,1920,2,2,9,1.0,3,13055,M,,,13
201200014885,12,2,3,2000,5,2,4,1.0,3,13055,M,,,13
201200014886,12,2,23,2145,5,2,3,1.0,3,13055,M,,,13
201200014887,12,4,1,1535,1,2,1,1.0,1,13055,M,,,13
201200014888,12,4,2,2305,5,2,1,1.0,4,13055,M,,,13
201200014889,12,12,1,1900,5,2,1,1.0,6,13055,M,4328880.0,546152.0,13
201200014890,12,2,29,1915,5,2,1,1.0,1,13055,M,,,13
201200014891,12,3,2,1150,1,2,1,1.0,6,13055,M,,,13
201200014892,12,2,24,1520,1,2,1,1.0,1,13055,M,,,13
201200014893,12,2,8,1140,1,2,1,1.0,3,13055,M,,,13
201200014894,12,3,27,2020,2,2,1,1.0,3,13055,M,,,13
201200014895,12,3,20,1810,1,2,1,1.0,7,13055,M,,,13
201200014896,12,3,23,1600,1,2,6,1.0,3,13055,M,,,13
201200014897,12,3,14,1500,1,1,1,1.0,6,13055,M,,,13
201200014898,12,1,21,1230,1,2,1,1.0,6,13055,M,,,13
201200014899,12,3,18,1945,5,2,1,1.0,2,13055,M,,,13
201200014900,12,3,7,845,1,2,1,1.0,6,13055,M,,,13
201200014901,12,3,16,1910,4,2,1,1.0,3,13055,M,,,13
201200014902,12,3,13,1050,1,2,1,1.0,6,13002,M,,,13
201200014903,12,3,20,805,2,2,1,1.0,6,13055,M,,,13
201200014904,12,3,10,945,1,2,1,1.0,3,13055,M,,,13
201200014905,12,3,3,2000,3,2,1,1.0,7,13055,M,,,13
201200014906,12,2,25,1710,1,2,1,1.0,4,13055,M,,,13
201200014907,12,3,5,1900,5,2,1,1.0,6,13055,M,,,13
201200014908,12,3,20,1155,1,2,1,1.0,3,13055,M,,,13
201200014909,12,3,28,1000,1,2,1,1.0,6,13055,M,,,13
201200014910,12,3,21,1545,1,2,2,1.0,3,13055,M,,,13
201200014911,12,3,8,1320,1,2,1,1.0,1,13055,M,,,13
201200014912,12,1,9,1620,5,2,1,1.0,1,13055,M,,,13
201200014913,12,2,27,1130,1,2,1,1.0,6,13055,M,,,13
201200014914,12,3,23,800,1,2,1,1.0,2,13055,M,,,13
201200014915,12,3,25,400,5,2,1,1.0,6,13055,M,,,13
201200014916,12,3,19,1755,1,2,1,1.0,6,13055,M,,,13
201200014917,12,4,2,1445,1,2,3,1.0,3,13055,M,,,13
201200014918,12,11,24,724,1,2,2,1.0,3,13055,M,,,13
201200014919,12,4,5,825,1,2,1,1.0,6,13055,M,,,13
201200014920,12,4,1,1330,1,2,1,1.0,3,13055,M,4331900.0,537912.0,13
201200014921,12,4,1,1800,1,2,1,1.0,3,13055,M,,,13
201200014922,12,3,28,2040,5,2,3,1.0,6,13055,M,,,13
201200014923,12,4,1,2040,5,2,2,1.0,3,13055,M,,,13
201200014924,12,3,16,757,1,2,1,1.0,6,13055,M,,,13
201200014925,12,2,4,35,5,2,1,4.0,2,13055,M,,,13
201200014926,12,3,16,1230,1,2,1,1.0,2,13055,M,,,13
201200014927,12,3,22,2345,5,2,1,1.0,6,13055,M,,,13
201200014928,12,2,11,2302,5,2,3,1.0,3,13055,M,,,13
201200014929,12,3,13,1930,5,2,1,1.0,2,13055,M,,,13
201200014930,12,3,19,1540,1,2,1,1.0,3,13055,M,,,13
201200014931,12,2,24,835,1,2,1,1.0,6,13055,M,,,13
201200014932,12,3,25,2030,5,2,1,1.0,3,13055,M,,,13
201200014933,12,3,21,1405,1,2,2,1.0,2,13055,M,,,13
201200014934,12,3,20,1545,1,2,3,1.0,6,13055,M,,,13
201200014935,12,3,15,1300,1,2,1,1.0,6,13055,M,,,13
201200014936,12,3,23,2025,5,2,1,1.0,6,13055,M,,,13
201200014937,12,3,24,1700,1,2,1,1.0,6,13055,M,,,13
201200014938,12,3,22,1600,1,2,1,1.0,6,13055,M,,,13
201200014939,12,3,5,5,5,2,1,1.0,3,13055,M,,,13
201200014940,12,3,20,1945,5,2,1,3.0,3,13055,M,,,13
201200014941,12,2,19,1930,5,2,1,1.0,5,13055,M,,,13
201200014942,12,3,27,915,1,2,2,1.0,3,13055,M,,,13
201200014943,12,3,30,1940,1,2,1,1.0,3,13055,M,,,13
201200014944,12,2,8,855,1,2,2,1.0,3,13055,M,,,13
201200014945,12,2,20,900,1,2,2,1.0,3,13055,M,,,13
201200014946,12,4,1,1715,1,2,1,1.0,2,13055,M,,,13
201200014947,12,11,7,1325,1,2,1,1.0,6,13055,M,,,13
201200014948,12,2,6,2230,5,2,2,1.0,3,13055,M,,,13
201200014949,12,3,31,2310,5,2,1,1.0,2,13055,M,,,13
201200014950,12,3,23,800,1,2,1,1.0,2,13055,M,,,13
201200014951,12,3,13,900,1,2,3,1.0,3,13055,M,,,13
201200014952,12,3,10,600,5,2,1,1.0,6,13055,M,,,13
201200014953,12,3,22,2130,5,2,1,1.0,6,13055,M,,,13
201200014954,12,2,27,700,1,2,1,1.0,3,13055,M,,,13
201200014955,12,3,15,1645,1,2,1,1.0,6,13055,M,,,13
201200014956,12,3,26,1420,1,2,1,1.0,2,13055,M,,,13
201200014957,12,3,21,1010,1,2,1,1.0,1,13055,M,,,13
201200014958,12,3,21,1750,1,2,1,1.0,4,13055,M,,,13
201200014959,12,3,30,1630,1,2,1,1.0,1,13055,M,,,13
201200014960,12,3,9,1130,1,2,1,1.0,2,13055,M,,,13
201200014961,12,3,5,1800,1,2,1,1.0,6,13055,M,,,13
201200014962,12,2,29,1140,1,2,1,1.0,3,13055,M,,,13
201200014963,12,3,27,1900,5,2,1,1.0,6,13055,M,,,13
201200014964,12,2,23,1500,1,2,2,1.0,3,13055,M,,,13
201200014965,12,12,3,1715,3,2,3,1.0,3,13055,M,,,13
201200014966,12,1,3,1825,5,2,1,1.0,2,13055,M,,,13
201200014967,12,3,27,1330,1,2,1,2.0,4,13055,M,,,13
201200014968,12,3,20,805,1,2,1,1.0,7,13055,M,,,13
201200014969,12,3,19,1815,2,2,1,1.0,3,13055,M,4324810.0,542289.0,13
201200014970,12,3,2,1645,1,2,3,1.0,6,13055,M,,,13
201200014971,12,3,3,1805,2,2,1,1.0,1,13055,M,,,13
201200014972,12,11,7,1650,1,2,1,1.0,6,13055,M,4329420.0,538209.0,13
201200014973,12,3,31,1300,1,2,1,1.0,2,13002,M,,,13
201200014974,12,2,27,835,1,2,1,1.0,3,13055,M,,,13
201200014975,12,3,24,1700,1,2,1,1.0,4,13055,M,,,13
201200014976,12,3,31,1930,1,2,1,1.0,3,13055,M,,,13
201200014977,12,3,6,1515,1,2,1,1.0,2,13055,M,,,13
201200014978,12,2,9,910,1,2,2,1.0,7,13055,M,,,13
201200014979,12,4,2,1700,1,2,1,1.0,2,13002,M,,,13
201200014980,12,3,26,900,1,2,1,1.0,2,13055,M,,,13
201200014981,12,3,8,1200,1,2,1,1.0,2,13055,M,,,13
201200014982,12,12,21,900,1,2,1,1.0,6,13055,M,,,13
201200014983,12,3,28,1810,1,2,3,1.0,3,13055,M,,,13
201200014984,12,3,22,2150,5,2,9,1.0,1,13055,M,,,13
201200014985,12,3,28,1800,1,2,3,1.0,1,13055,M,,,13
201200014986,12,3,30,1945,2,2,1,1.0,6,13055,M,,,13
201200014987,12,4,2,1030,1,2,2,1.0,3,13055,M,,,13
201200014988,12,4,3,730,1,2,1,1.0,1,13055,M,,,13
201200014989,12,4,2,1730,1,2,1,1.0,2,13055,M,4334680.0,537915.0,13
201200014990,12,4,1,1825,1,2,1,1.0,6,13055,M,,,13
201200014991,12,3,28,630,5,2,1,1.0,6,13055,M,,,13
201200014992,12,3,8,1530,1,2,1,1.0,3,13055,M,,,13
201200014993,12,4,1,640,1,1,9,1.0,3,13055,M,,,13
201200014994,12,4,7,1700,1,2,1,1.0,6,13055,M,,,13
201200014995,12,4,11,1630,1,2,1,1.0,6,13055,M,,,13
201200014996,12,2,13,2300,5,2,1,1.0,7,13055,M,,,13
201200014997,12,4,12,1350,1,2,1,1.0,6,13055,M,,,13
201200014998,12,4,13,1630,1,2,1,1.0,6,13055,M,,,13
201200014999,12,4,2,1415,1,2,1,1.0,2,13055,M,,,13
201200015000,12,4,6,1300,1,2,1,1.0,2,13055,M,,,13
201200015001,12,4,9,2250,3,2,3,1.0,3,13055,M,,,13
201200015002,12,3,20,1630,1,2,1,1.0,1,13055,M,,,13
201200015003,12,3,27,1750,1,2,1,1.0,3,13055,M,,,13
201200015004,12,4,4,2130,5,2,2,2.0,3,13055,M,,,13
201200015005,12,4,2,730,2,2,1,1.0,6,13055,M,,,13
201200015006,12,1,10,1107,1,2,2,7.0,6,13055,M,,,13
201200015007,12,3,8,1055,1,2,1,1.0,1,13055,M,,,13
201200015008,12,3,31,1115,1,2,1,1.0,6,13055,M,,,13
201200015009,12,4,2,750,1,2,1,1.0,3,13055,M,,,13
201200015010,12,3,29,2010,5,2,3,1.0,3,13055,M,,,13
201200015011,12,3,23,2350,5,2,2,1.0,3,13055,M,,,13
201200015012,12,4,10,910,1,2,2,1.0,3,13055,M,,,13
201200015013,12,4,8,1320,1,2,2,1.0,3,13055,M,,,13
201200015014,12,4,4,820,1,2,1,1.0,7,13055,M,,,13
201200015015,12,4,6,1345,1,2,3,1.0,3,13055,M,,,13
201200015016,12,4,6,1645,1,2,1,1.0,3,13055,M,,,13
201200015017,12,3,23,2200,5,2,1,1.0,6,13055,M,,,13
201200015018,12,3,28,1645,1,2,1,1.0,6,13055,M,,,13
201200015019,12,3,30,1715,1,2,1,1.0,3,13055,M,4331520.0,538714.0,13
201200015020,12,3,7,1020,1,2,1,1.0,3,13055,M,,,13
201200015021,12,3,31,930,1,2,2,1.0,3,13055,M,,,13
201200015022,12,4,6,2125,5,2,4,1.0,2,13055,M,,,13
201200015023,12,4,9,1750,1,2,3,1.0,3,13055,M,,,13
201200015024,12,4,12,2230,5,2,1,8.0,6,13055,M,,,13
201200015025,12,3,22,1820,2,2,1,1.0,6,13055,M,,,13
201200015026,12,10,6,1930,5,2,1,1.0,1,13055,M,,,13
201200015027,12,3,28,910,1,2,6,1.0,3,13055,M,,,13
201200015028,12,11,7,1830,2,2,1,1.0,6,13055,M,,,13
201200015029,12,4,8,205,5,2,1,1.0,7,13055,M,,,13
201200015030,12,3,17,2030,5,2,1,1.0,3,13055,M,,,13
201200015031,12,1,27,1950,5,2,2,1.0,3,13055,M,,,13
201200015032,12,3,19,1050,1,2,3,1.0,3,13055,M,,,13
201200015033,12,4,5,1520,1,2,1,1.0,2,13055,M,,,13
201200015034,12,3,16,15,5,2,2,1.0,3,13055,M,,,13
201200015035,12,4,8,1940,1,2,3,1.0,3,13055,M,,,13
201200015036,12,2,17,1445,1,2,2,1.0,3,13055,M,,,13
201200015037,12,1,19,1200,1,2,1,1.0,2,13055,M,,,13
201200015038,12,4,6,1530,1,2,1,1.0,3,13055,M,4325510.0,540079.0,13
201200015039,12,3,31,1330,1,2,1,1.0,3,13055,M,,,13
201200015040,12,12,19,1900,5,2,1,1.0,3,13055,M,,,13
201200015041,12,4,12,1250,1,2,9,1.0,6,13002,M,,,13
201200015042,12,4,7,1145,1,2,1,1.0,2,13055,M,,,13
201200015043,12,3,13,1320,1,1,1,1.0,3,13055,M,,,13
201200015044,12,4,1,930,1,2,2,1.0,3,13055,M,,,13
201200015045,12,12,24,1146,1,2,1,1.0,6,13055,M,,,13
201200015046,12,4,14,1950,1,2,3,1.0,3,13055,M,,,13
201200015047,12,3,28,645,1,2,1,1.0,3,13055,M,,,13
201200015048,12,3,28,1010,2,2,1,1.0,3,13055,M,,,13
201200015049,12,4,7,1240,1,2,1,1.0,6,13055,M,,,13
201200015050,12,2,22,1545,1,2,1,1.0,7,13055,M,,,13
201200015051,12,4,17,730,1,2,1,1.0,2,13055,M,,,13
201200015052,12,3,31,2030,2,2,1,1.0,1,13055,M,,,13
201200015053,12,4,12,1400,1,2,2,1.0,3,13055,M,,,13
201200015054,12,2,17,2130,5,2,3,1.0,3,13055,M,,,13
201200015055,12,5,6,400,5,2,3,1.0,6,13055,M,,,13
201200015056,12,3,16,1855,5,2,1,1.0,6,13055,M,,,13
201200015057,12,4,6,905,1,2,1,1.0,1,13055,M,,,13
201200015058,12,2,3,2030,5,2,1,1.0,1,13055,M,,,13
201200015059,12,2,27,1600,1,2,1,1.0,3,13055,M,,,13
201200015060,12,3,31,1100,1,2,1,1.0,6,13055,M,,,13
201200015061,12,2,7,500,4,1,3,1.0,3,13055,M,,,13
201200015062,12,2,17,800,1,2,1,1.0,6,13055,M,,,13
201200015063,12,2,27,1245,1,2,7,1.0,2,13055,M,,,13
201200015064,12,2,13,1200,1,1,1,1.0,6,13055,M,,,13
201200015065,12,2,25,855,1,2,1,1.0,7,13055,M,,,13
201200015066,12,4,16,1950,1,2,3,1.0,3,13055,M,,,13
201200015067,12,3,15,1500,1,2,1,1.0,1,13055,M,,,13
201200015068,12,3,31,1430,1,2,1,1.0,2,13055,M,,,13
201200015069,12,9,28,1700,1,2,1,1.0,6,13055,M,,,13
201200015070,12,4,18,1350,1,2,1,1.0,3,13055,M,,,13
201200015071,12,3,19,605,2,2,1,1.0,6,13055,M,,,13
201200015072,12,3,26,1100,1,2,1,1.0,3,13055,M,,,13
201200015073,12,4,11,1715,1,2,1,1.0,2,13055,M,,,13
201200015074,12,4,11,1515,1,2,1,1.0,6,13055,M,,,13
201200015075,12,4,7,1250,1,2,1,1.0,3,13055,M,,,13
201200015076,12,4,4,815,1,2,1,2.0,2,13055,M,,,13
201200015077,12,6,9,2230,5,2,1,1.0,3,13055,M,,,13
201200015078,12,4,7,1430,1,2,1,1.0,2,13055,M,,,13
201200015079,12,3,24,1115,1,2,2,1.0,3,13055,M,,,13
201200015080,12,4,15,1645,1,2,2,1.0,3,13055,M,,,13
201200015081,12,4,15,1530,1,2,1,1.0,3,13055,M,,,13
201200015082,12,2,12,105,5,2,2,1.0,1,13055,M,,,13
201200015083,12,4,4,1240,1,2,3,2.0,3,13055,M,,,13
201200015084,12,4,12,1430,1,2,1,1.0,3,13055,M,,,13
201200015085,12,4,12,1615,1,2,1,2.0,6,13055,M,,,13
201200015086,12,4,14,1025,1,2,1,1.0,6,13055,M,,,13
201200015087,12,3,16,1050,1,2,1,1.0,6,13075,M,,,13
201200015088,12,4,13,900,1,2,1,2.0,6,13055,M,,,13
201200015089,12,4,14,615,2,2,1,1.0,6,13055,M,,,13
201200015090,12,4,14,1640,1,2,1,1.0,6,13055,M,4327860.0,539906.0,13
201200015091,12,4,2,1710,1,2,1,1.0,1,13055,M,,,13
201200015092,12,4,21,5,5,2,1,1.0,7,13055,M,,,13
201200015093,12,4,20,1350,1,2,1,1.0,6,13055,M,4331400.0,540625.0,13
201200015094,12,3,10,1945,5,2,1,1.0,5,13055,M,,,13
201200015095,12,3,8,2330,5,2,1,1.0,6,13055,M,,,13
201200015096,12,4,14,1200,1,2,1,2.0,3,13055,M,,,13
201200015097,12,3,24,1230,1,2,3,1.0,3,13055,M,,,13
201200015098,12,3,13,1640,1,2,1,1.0,6,13055,M,,,13
201200015099,12,3,21,1405,1,2,1,1.0,2,13055,M,,,13
201200015100,12,3,30,830,1,2,1,1.0,6,13055,M,,,13
201200015101,12,10,27,1820,5,2,1,1.0,3,13055,M,,,13
201200015102,12,4,5,1350,1,1,1,1.0,6,13055,M,,,13
201200015103,12,2,18,1830,5,2,1,1.0,1,13055,M,,,13
201200015104,12,4,6,2115,5,2,1,1.0,2,13055,M,4333860.0,539306.0,13
201200015105,12,4,3,1910,1,2,1,1.0,2,13055,M,,,13
201200015106,12,4,22,1710,1,2,2,1.0,3,13055,M,,,13
201200015107,12,4,19,1205,1,2,1,1.0,2,13055,M,,,13
201200015108,12,4,19,1530,1,2,1,1.0,4,13055,M,,,13
201200015109,12,4,24,815,1,2,1,8.0,3,13055,M,,,13
201200015110,12,1,2,1140,1,2,1,1.0,6,13055,M,,,13
201200015111,12,3,30,1700,1,2,1,1.0,3,13055,M,,,13
201200015112,12,3,31,1850,1,1,1,1.0,7,13055,M,,,13
201200015113,12,2,24,2000,5,2,1,1.0,2,13055,M,,,13
201200015114,12,10,14,1930,2,2,3,1.0,6,13055,M,,,13
201200015115,12,3,13,1415,1,2,1,1.0,6,13055,M,,,13
201200015116,12,3,13,1910,5,2,1,1.0,2,13055,M,,,13
201200015117,12,3,26,755,1,2,1,1.0,6,13055,M,,,13
201200015118,12,2,29,1655,1,2,1,1.0,2,13055,M,,,13
201200015119,12,3,18,1930,5,2,1,1.0,2,13055,M,,,13
201200015120,12,1,19,1740,2,2,1,1.0,2,13055,M,,,13
201200015121,12,5,1,1640,1,2,1,1.0,1,13055,M,,,13
201200015122,12,4,17,1020,1,2,1,1.0,6,13002,M,4334020.0,547666.0,13
201200015123,12,1,14,110,5,2,1,1.0,6,13055,M,,,13
201200015124,12,3,30,835,1,2,1,1.0,6,13055,M,,,13
201200015125,12,4,23,1300,1,2,1,1.0,3,13055,M,,,13
201200015126,12,3,12,1030,1,2,1,1.0,2,13055,M,,,13
201200015127,12,4,15,745,1,2,2,1.0,3,13055,M,,,13
201200015128,12,4,12,1640,1,2,1,1.0,1,13055,M,,,13
201200015129,12,3,31,220,5,2,1,1.0,2,13055,M,,,13
201200015130,12,4,2,1800,1,2,1,1.0,1,13075,M,,,13
201200015131,12,12,26,1700,2,2,1,1.0,7,13055,M,,,13
201200015132,12,3,29,1630,1,1,1,1.0,6,13055,M,,,13
201200015133,12,2,26,1430,1,2,1,1.0,1,13055,M,,,13
201200015134,12,4,14,1525,1,2,1,1.0,2,13055,M,,,13
201200015135,12,4,20,1320,1,2,3,1.0,3,13055,M,,,13
201200015136,12,4,10,1550,1,2,1,3.0,3,13055,M,,,13
201200015137,12,1,5,1400,1,2,1,1.0,2,13055,M,,,13
201200015138,12,4,11,1245,1,2,1,1.0,7,13055,M,,,13
201200015139,12,4,9,2305,5,2,2,1.0,6,13055,M,,,13
201200015140,12,3,14,820,1,2,3,1.0,6,13055,M,,,13
201200015141,12,2,24,1130,1,2,3,1.0,3,13055,M,,,13
201200015142,12,4,20,1500,1,2,1,1.0,6,13055,M,,,13
201200015143,12,1,3,930,1,2,3,1.0,3,13055,M,,,13
201200015144,12,3,5,1950,5,2,2,6.0,3,13055,M,,,13
201200015145,12,4,20,1645,1,2,1,1.0,6,13055,M,,,13
201200015146,12,4,19,1530,1,2,1,1.0,3,13055,M,,,13
201200015147,12,4,30,1900,1,2,1,1.0,2,13002,M,,,13
201200015148,12,4,12,855,1,2,1,1.0,6,13055,M,,,13
201200015149,12,3,27,2115,5,2,2,1.0,3,13055,M,,,13
201200015150,12,3,11,1545,5,2,1,1.0,1,13055,M,,,13
201200015151,12,4,16,1640,1,2,1,1.0,6,13055,M,,,13
201200015152,12,4,5,2000,2,2,1,1.0,4,13055,M,,,13
201200015153,12,4,14,1155,1,2,9,1.0,2,13055,M,,,13
201200015154,12,3,25,2130,5,2,1,1.0,5,13055,M,,,13
201200015155,12,4,19,1545,1,2,1,1.0,3,13055,M,,,13
201200015156,12,4,7,1630,1,2,1,1.0,2,13055,M,4329530.0,548149.0,13
201200015157,12,4,18,1445,1,2,3,1.0,3,13073,M,,,13
201200015158,12,4,19,1150,1,2,1,1.0,7,13055,M,,,13
201200015159,12,4,17,1700,1,2,1,1.0,3,13055,M,,,13
201200015160,12,4,20,1130,1,2,9,1.0,3,13055,M,,,13
201200015161,12,4,19,1940,2,2,1,1.0,6,13055,M,,,13
201200015162,12,4,19,1600,1,2,1,1.0,7,13055,M,,,13
201200015163,12,5,2,1530,1,2,1,1.0,7,13055,M,,,13
201200015164,12,5,6,2000,1,2,1,1.0,3,13055,M,,,13
201200015165,12,4,17,1650,1,2,1,1.0,6,13055,M,,,13
201200015166,12,4,18,815,1,2,1,1.0,3,13073,M,,,13
201200015167,12,4,27,1600,1,2,1,1.0,2,13055,M,,,13
201200015168,12,4,17,1745,1,2,3,1.0,3,13055,M,,,13
201200015169,12,4,18,1400,1,2,1,1.0,2,13055,M,,,13
201200015170,12,4,26,535,5,2,1,1.0,6,13055,M,,,13
201200015171,12,5,7,215,5,2,1,1.0,6,13055,M,,,13
201200015172,12,4,3,940,1,2,1,1.0,6,13055,M,4329230.0,540106.0,13
201200015173,12,4,26,1805,1,2,1,1.0,3,13055,M,,,13
201200015174,12,1,4,1040,1,2,1,1.0,3,13055,M,,,13
201200015175,12,4,25,1750,1,2,1,8.0,3,13055,M,,,13