Num_Acc,an,mois,jour,hrmn,lum,agg,int,atm,col,com,gps,lat,long,dep
201200015176,12,3,28,1030,1,2,1,1.0,7,13055,M,,,13
201200015177,12,4,5,2050,5,2,1,1.0,3,13055,M,,,13
201200015178,12,4,4,1230,1,2,1,2.0,3,13055,M,,,13
201200015179,12,3,19,930,1,2,3,1.0,2,13055,M,,,13
201200015180,12,4,24,1845,1,2,1,1.0,7,13055,M,,,13
201200015181,12,4,20,1400,1,2,1,1.0,3,13055,M,,,13
201200015182,12,5,2,1310,1,2,1,1.0,2,13002,M,4335240.0,548120.0,13
201200015183,12,4,13,2000,5,2,1,1.0,2,13055,M,4328690.0,541240.0,13
201200015184,12,3,31,530,5,2,1,1.0,6,13055,M,,,13
201200015185,12,4,26,1230,1,2,1,1.0,4,13055,M,,,13
201200015186,12,4,30,1955,1,2,1,1.0,3,13055,M,,,13
201200015187,12,5,1,1730,1,2,1,1.0,6,13055,M,,,13
201200015188,12,4,21,2115,5,2,1,2.0,3,13055,M,,,13
201200015189,12,4,19,1730,1,2,1,1.0,4,13055,M,,,13
201200015190,12,4,17,930,1,2,1,1.0,2,13055,M,,,13
201200015191,12,4,10,1015,1,2,1,1.0,3,13055,M,,,13
201200015192,12,3,9,2130,5,2,1,1.0,5,13055,M,,,13
201200015193,12,5,2,740,1,2,1,1.0,3,13055,M,,,13
201200015194,12,4,27,1100,1,2,1,1.0,6,13075,M,,,13
201200015195,12,4,11,905,1,2,1,1.0,3,13055,M,4333050.0,541048.0,13
201200015196,12,4,14,2005,1,2,2,1.0,3,13055,M,,,13
201200015197,12,4,27,2155,5,2,1,1.0,1,13055,M,,,13
201200015198,12,4,27,930,1,2,1,1.0,1,13055,M,,,13
201200015199,12,4,27,1150,1,2,1,1.0,6,13055,M,,,13
201200015200,12,4,27,1530,1,2,1,1.0,6,13055,M,,,13
201200015201,12,4,27,1145,1,2,3,1.0,3,13055,M,4331860.0,536782.0,13
201200015202,12,5,5,615,2,2,2,1.0,3,13055,M,,,13
201200015203,12,5,12,1930,1,2,1,1.0,3,13055,M,,,13
201200015204,12,5,3,1530,1,2,1,1.0,6,13055,M,,,13
201200015205,12,4,2,920,1,2,1,1.0,3,13055,M,,,13
201200015206,12,5,2,2040,2,2,2,1.0,3,13055,M,,,13
201200015207,12,4,4,1330,1,2,1,1.0,3,13055,M,,,13
201200015208,12,4,10,1700,1,2,1,3.0,3,13055,M,,,13
201200015209,12,4,12,855,1,2,1,1.0,3,13055,M,,,13
201200015210,12,4,11,1540,1,2,2,1.0,3,13055,M,,,13
201200015211,12,4,10,1500,1,2,6,3.0,7,13055,M,,,13
201200015212,12,4,17,715,1,2,1,1.0,1,13055,M,,,13
201200015213,12,4,25,1715,1,2,1,1.0,2,13055,M,4325870.0,539937.0,13
201200015214,12,4,28,1400,1,2,1,1.0,4,13055,M,4325010.0,540406.0,13
201200015215,12,3,19,1255,1,2,1,1.0,3,13055,M,,,13
201200015216,12,5,3,1845,1,2,1,1.0,3,13055,M,,,13
201200015217,12,4,11,1235,1,2,1,1.0,3,13055,M,,,13
201200015218,12,4,29,1610,1,2,1,1.0,3,13055,M,,,13
201200015219,12,5,16,1300,1,2,1,1.0,6,13055,M,,,13
201200015220,12,5,18,1500,1,2,1,1.0,2,13055,M,,,13
201200015221,12,4,23,1030,1,2,3,1.0,3,13055,M,,,13
201200015222,12,4,7,1845,1,2,2,1.0,3,13055,M,,,13
201200015223,12,4,4,1100,1,2,1,1.0,6,13055,M,,,13
201200015224,12,4,26,1645,1,2,1,1.0,2,13055,M,,,13
201200015225,12,4,23,1650,1,2,1,1.0,5,13055,M,4328200.0,539959.0,13
201200015226,12,5,10,1325,1,2,1,1.0,6,13055,M,4336720.0,534373.0,13
201200015227,12,4,18,1200,1,2,1,1.0,2,13055,M,,,13
201200015228,12,4,20,1600,1,2,1,1.0,3,13055,M,,,13
201200015229,12,5,2,1850,1,2,1,1.0,1,13055,M,,,13
201200015230,12,4,15,2300,5,2,2,1.0,3,13055,M,,,13
201200015231,12,5,7,1400,1,2,1,1.0,2,13055,M,,,13
201200015232,12,5,9,1840,1,2,1,1.0,5,13055,M,,,13
201200015233,12,4,28,1145,1,2,1,1.0,1,13055,M,,,13
201200015234,12,5,2,1515,1,2,1,1.0,4,13055,M,4334880.0,544525.0,13
201200015235,12,4,20,750,1,2,1,1.0,6,13055,M,,,13
201200015236,12,4,18,2010,3,2,1,1.0,3,13055,M,,,13
201200015237,12,4,24,1330,1,2,1,1.0,6,13055,M,,,13
201200015238,12,4,27,1800,1,2,1,1.0,6,13055,M,,,13
201200015239,12,5,11,1230,1,2,1,1.0,2,13055,M,,,13
201200015240,12,4,25,1210,1,2,2,2.0,3,13055,M,,,13
201200015241,12,5,4,1420,1,2,1,1.0,6,13055,M,,,13
201200015242,12,4,4,1230,1,2,1,3.0,3,13055,M,,,13
201200015243,12,4,20,1559,1,2,1,1.0,7,13055,M,,,13
201200015244,12,5,12,2100,5,2,1,1.0,6,13055,M,,,13
201200015245,12,5,11,800,1,2,1,1.0,3,13055,M,,,13
201200015246,12,5,9,2135,5,2,1,1.0,2,13055,M,,,13
201200015247,12,5,13,1720,1,2,1,1.0,2,13055,M,,,13
201200015248,12,5,14,1200,1,2,1,1.0,6,13055,M,,,13
201200015249,12,5,10,2045,5,2,1,1.0,3,13055,M,4328870.0,549926.0,13
201200015250,12,3,23,1740,1,2,1,1.0,6,13055,M,,,13
201200015251,12,5,16,1700,1,2,3,1.0,6,13055,M,,,13
201200015252,12,3,30,1205,1,2,1,1.0,7,13055,M,,,13
201200015253,12,4,19,1500,1,2,1,1.0,6,13055,M,,,13
201200015254,12,5,1,1330,1,2,1,1.0,2,13073,M,,,13
201200015255,12,4,29,1045,1,2,3,1.0,5,13055,M,,,13
201200015256,12,4,29,1900,1,2,1,1.0,6,13055,M,,,13
201200015257,12,4,6,1930,5,2,3,1.0,6,13055,M,,,13
201200015258,12,3,28,1230,1,2,1,1.0,1,13055,M,,,13
201200015259,12,4,29,525,2,2,2,1.0,6,13055,M,,,13
201200015260,12,2,20,905,1,2,2,2.0,3,13055,M,,,13
201200015261,12,4,30,1650,1,2,3,1.0,3,13055,M,,,13
201200015262,12,4,17,1025,1,2,1,1.0,4,13055,M,,,13
201200015263,12,4,23,1340,1,2,1,1.0,7,13055,M,,,13
201200015264,12,5,11,1630,1,2,2,1.0,3,13055,M,,,13
201200015265,12,4,23,1645,1,2,1,1.0,6,13055,M,,,13
201200015266,12,4,26,1200,1,2,1,1.0,3,13055,M,,,13
201200015267,12,5,25,830,1,2,1,1.0,6,13055,M,,,13
201200015268,12,4,28,1630,1,2,1,1.0,3,13055,M,,,13
201200015269,12,5,6,500,5,2,1,1.0,3,13055,M,,,13
201200015270,12,1,21,2200,5,2,1,1.0,1,13055,M,,,13
201200015271,12,5,5,720,1,2,1,2.0,2,13055,M,,,13
201200015272,12,4,4,1830,1,2,1,1.0,6,13055,M,,,13
201200015273,12,3,20,850,1,2,1,1.0,2,13055,M,,,13
201200015274,12,5,11,2320,5,2,1,1.0,4,13055,M,,,13
201200015275,12,4,29,1350,1,2,4,1.0,3,13055,M,,,13
201200015276,12,3,31,1800,1,1,1,1.0,7,13055,M,,,13
201200015277,12,5,14,1920,1,2,1,1.0,7,13055,M,,,13
201200015278,12,4,15,620,2,2,2,1.0,6,13055,M,,,13
201200015279,12,5,22,1400,1,2,1,2.0,4,13055,M,4334700.0,537884.0,13
201200015280,12,5,9,1010,1,2,1,1.0,2,13055,M,,,13
201200015281,12,5,13,20,5,2,1,1.0,1,13055,M,,,13
201200015282,12,5,18,2050,5,2,1,1.0,3,13055,M,,,13
201200015283,12,5,16,800,1,2,2,1.0,5,13075,M,4334740.0,546378.0,13
201200015284,12,5,17,1745,1,2,1,1.0,3,13055,M,4325020.0,542227.0,13
201200015285,12,5,5,1555,1,2,9,1.0,2,13055,M,,,13
201200015286,12,5,19,1240,1,2,1,1.0,6,13075,M,4334740.0,546378.0,13
201200015287,12,4,20,1407,1,2,1,1.0,3,13055,M,,,13
201200015288,12,5,8,1340,1,2,3,1.0,2,13055,M,,,13
201200015289,12,5,24,1840,1,2,3,1.0,3,13055,M,,,13
201200015290,12,5,15,1600,1,2,1,1.0,2,13055,M,,,13
201200015291,12,5,14,1520,1,2,1,1.0,2,13055,M,,,13
201200015292,12,5,10,930,1,2,1,1.0,6,13055,M,4332720.0,542388.0,13
201200015293,12,5,16,915,1,2,1,1.0,3,13055,M,,,13
201200015294,12,5,13,2000,1,2,1,1.0,3,13055,M,4333100.0,540628.0,13
201200015295,12,5,16,800,1,2,1,1.0,6,13055,M,,,13
201200015296,12,5,19,1400,1,2,3,1.0,7,13055,M,,,13
201200015297,12,5,12,700,2,2,1,1.0,6,13055,M,,,13
201200015298,12,5,3,1645,1,2,1,1.0,1,13055,M,4332770.0,542469.0,13
201200015299,12,4,26,1445,1,2,1,1.0,3,13055,M,,,13
201200015300,12,5,15,755,1,2,1,1.0,2,13055,M,,,13
201200015301,12,5,4,1040,1,2,1,1.0,3,13055,M,4332920.0,542786.0,13
201200015302,12,5,27,1330,1,2,1,1.0,6,13055,M,,,13
201200015303,12,5,28,1600,1,2,1,1.0,6,13055,M,,,13
201200015304,12,5,27,600,2,2,1,1.0,7,13055,M,,,13
201200015305,12,5,29,1950,1,2,1,1.0,6,13055,M,,,13
201200015306,12,5,27,745,1,2,1,1.0,7,13055,M,,,13
201200015307,12,5,30,135,3,2,1,1.0,6,13055,M,,,13
201200015308,12,5,31,450,5,2,1,1.0,7,13055,M,,,13
201200015309,12,5,30,1630,1,2,1,1.0,6,13055,M,,,13
201200015310,12,4,26,1500,1,2,1,1.0,5,13055,M,,,13
201200015311,12,4,4,430,5,2,1,2.0,2,13055,M,4331780.0,538075.0,13
201200015312,12,5,9,2239,5,2,1,1.0,3,13055,M,4329600.0,548674.0,13
201200015313,12,5,11,1800,1,2,1,1.0,6,13055,M,,,13
201200015314,12,5,16,1140,1,2,1,1.0,6,13055,M,,,13
201200015315,12,3,30,1130,1,2,1,1.0,6,13055,M,,,13
201200015316,12,5,13,1845,1,2,1,1.0,2,13055,M,,,13
201200015317,12,5,21,1615,1,2,3,3.0,3,13055,M,,,13
201200015318,12,5,18,1900,1,2,2,1.0,3,13055,M,,,13
201200015319,12,5,13,550,2,2,3,1.0,7,13055,M,,,13
201200015320,12,4,11,1030,1,2,1,1.0,6,13055,M,,,13
201200015321,12,5,16,1315,1,2,1,1.0,6,13055,M,,,13
201200015322,12,5,15,930,1,2,1,1.0,6,13055,M,,,13
201200015323,12,4,15,820,1,2,2,1.0,3,13055,M,,,13
201200015324,12,5,20,1120,1,2,1,1.0,6,13055,M,,,13
201200015325,12,3,19,800,1,2,6,1.0,7,13002,M,,,13
201200015326,12,8,23,713,1,2,2,1.0,3,13055,M,,,13
201200015327,12,3,26,1830,1,2,1,1.0,3,13055,M,,,13
201200015328,12,1,24,955,1,2,1,1.0,6,13055,M,,,13
201200015329,12,4,12,30,3,2,1,1.0,1,13055,M,,,13
201200015330,12,5,25,1730,1,2,3,1.0,1,13055,M,,,13
201200015331,12,5,16,2000,1,2,1,1.0,3,13055,M,,,13
201200015332,12,5,6,1345,1,2,1,1.0,6,13055,M,,,13
201200015333,12,4,17,1835,1,2,1,1.0,4,13055,M,4327650.0,539741.0,13
201200015334,12,5,21,1120,1,2,2,2.0,6,13055,M,,,13
201200015335,12,5,24,745,1,2,3,1.0,3,13055,M,,,13
201200015336,12,5,16,1755,1,2,3,1.0,6,13055,M,,,13
201200015337,12,5,23,1645,1,2,1,1.0,3,13055,M,4336200.0,530909.0,13
201200015338,12,4,25,1500,1,2,1,1.0,5,13055,M,,,13
201200015339,12,3,9,1300,1,2,1,1.0,6,13055,M,,,13
201200015340,12,5,4,1030,1,2,1,1.0,3,13055,M,4329810.0,549841.0,13
201200015341,12,6,4,2150,5,2,1,1.0,7,13055,M,4326960.0,539272.0,13
201200015342,12,3,29,1230,1,2,1,1.0,6,13055,M,,,13
201200015343,12,5,23,1005,1,2,1,1.0,6,13055,M,,,13
201200015344,12,6,4,1635,1,2,1,1.0,6,13055,M,,,13
201200015345,12,5,29,1830,1,2,1,1.0,3,13055,M,,,13
201200015346,12,1,3,1145,1,2,1,1.0,6,13055,M,,,13
201200015347,12,5,14,1830,1,2,1,1.0,3,13055,M,,,13
201200015348,12,3,26,2140,5,2,3,1.0,3,13055,M,,,13
201200015349,12,5,8,1420,1,2,1,1.0,4,13055,M,,,13
201200015350,12,5,8,1200,1,2,1,1.0,3,13055,M,,,13
201200015351,12,5,4,1830,1,2,1,1.0,6,13055,M,,,13
201200015352,12,5,4,1600,1,2,1,1.0,3,13055,M,,,13
201200015353,12,5,25,1520,1,2,1,1.0,3,13055,M,,,13
201200015354,12,5,24,1735,1,2,1,1.0,3,13055,M,,,13
201200015355,12,5,24,1150,1,2,1,1.0,3,13055,M,,,13
201200015356,12,5,1,1405,1,2,1,1.0,3,13055,M,,,13
201200015357,12,6,5,1350,1,2,2,1.0,3,13055,M,,,13
201200015358,12,5,22,1200,1,2,1,2.0,2,13055,M,,,13
201200015359,12,5,26,1945,1,2,1,1.0,6,13055,M,,,13
201200015360,12,4,21,2300,5,2,3,2.0,1,13055,M,,,13
201200015361,12,4,21,945,1,2,1,1.0,5,13055,M,,,13
201200015362,12,5,25,1330,1,2,1,1.0,3,13055,M,,,13
201200015363,12,5,22,1730,1,2,1,1.0,3,13055,M,,,13
201200015364,12,4,27,1745,1,2,1,1.0,1,13055,M,,,13
201200015365,12,5,30,1330,1,2,1,1.0,2,13055,M,,,13
201200015366,12,6,9,430,5,2,1,1.0,6,13055,M,4333400.0,544174.0,13
201200015367,12,6,3,1830,1,2,2,1.0,3,13055,M,,,13
201200015368,12,5,24,1226,1,1,1,1.0,7,13055,M,,,13
201200015369,12,4,22,230,5,2,1,2.0,2,13055,M,,,13
201200015370,12,6,1,1200,1,2,3,1.0,5,13055,M,,,13
201200015371,12,6,1,1830,1,2,3,1.0,2,13055,M,,,13
201200015372,12,6,10,520,2,2,1,1.0,6,13055,M,,,13
201200015373,12,3,27,1300,1,2,1,1.0,1,13055,M,,,13
201200015374,12,1,20,1745,2,2,2,1.0,3,13055,M,,,13
201200015375,12,6,5,1000,1,2,1,1.0,3,13055,M,,,13
201200015376,12,5,22,1915,1,2,1,1.0,3,13055,M,,,13
201200015377,12,5,22,200,5,2,3,1.0,3,13055,M,,,13
201200015378,12,4,21,1525,1,2,2,1.0,1,13055,M,,,13
201200015379,12,5,4,1600,1,2,1,1.0,6,13055,M,,,13
201200015380,12,6,9,1440,1,2,1,1.0,7,13055,M,,,13
201200015381,12,5,17,700,1,2,1,2.0,1,13055,M,,,13
201200015382,12,5,29,1330,1,2,1,1.0,6,13055,M,4325440.0,540119.0,13
201200015383,12,5,16,1300,1,2,1,1.0,5,13055,M,,,13
201200015384,12,5,16,1800,1,2,1,1.0,3,13055,M,,,13
201200015385,12,3,14,1445,1,2,1,1.0,3,13055,M,,,13
201200015386,12,5,25,2140,5,2,1,1.0,3,13055,M,,,13
201200015387,12,5,26,1230,1,2,1,1.0,4,13055,M,,,13
201200015388,12,3,11,320,5,2,2,1.0,3,13055,M,,,13
201200015389,12,5,3,1010,1,2,2,1.0,3,13055,M,,,13
201200015390,12,6,2,2015,1,2,1,1.0,6,13055,M,,,13
201200015391,12,6,1,930,1,2,1,1.0,2,13055,M,,,13
201200015392,12,6,1,1930,1,2,1,1.0,7,13055,M,,,13
201200015393,12,6,5,1330,1,2,1,1.0,1,13055,M,,,13
201200015394,12,6,2,110,5,2,1,1.0,1,13055,M,,,13
201200015395,12,5,29,1730,1,2,1,1.0,1,13055,M,,,13
201200015396,12,5,26,1800,1,2,1,1.0,3,13055,M,,,13
201200015397,12,5,15,1108,1,2,9,1.0,3,13055,M,,,13
201200015398,12,3,23,1345,1,2,1,1.0,6,13055,M,,,13
201200015399,12,6,13,1730,1,2,1,1.0,3,13055,M,4332230.0,545689.0,13
201200015400,12,6,14,300,5,2,1,1.0,6,13055,M,,,13
201200015401,12,6,13,1600,1,2,1,1.0,3,13055,M,,,13
201200015402,12,6,8,130,3,2,1,1.0,6,13055,M,,,13
201200015403,12,4,12,745,2,2,1,1.0,3,13055,M,4326830.0,539350.0,13
201200015404,12,4,27,735,1,2,1,1.0,6,13055,M,,,13
201200015405,12,5,10,900,1,2,1,1.0,3,13055,M,4328990.0,544100.0,13
201200015406,12,5,9,930,1,2,1,1.0,2,13055,M,,,13
201200015407,12,2,20,1925,1,2,1,1.0,6,13055,M,,,13
201200015408,12,6,1,1140,1,2,1,1.0,7,13055,M,,,13
201200015409,12,4,22,1820,1,2,2,1.0,3,13055,M,,,13
201200015410,12,5,22,1100,1,2,1,2.0,6,13055,M,,,13
201200015411,12,6,13,2315,5,2,6,1.0,2,13002,M,4333160.0,548653.0,13
201200015412,12,6,6,1730,1,2,1,1.0,6,13055,M,,,13
201200015413,12,5,5,2130,5,2,1,1.0,3,13055,M,,,13
201200015414,12,5,25,1500,1,2,1,1.0,6,13055,M,,,13
201200015415,12,6,5,1210,1,2,2,1.0,3,13055,M,,,13
201200015416,12,5,2,1730,1,2,1,1.0,3,13055,M,,,13
201200015417,12,5,31,1415,1,2,2,1.0,6,13055,M,,,13
201200015418,12,5,31,1745,1,2,1,1.0,2,13055,M,,,13
201200015419,12,4,26,1945,1,2,2,1.0,6,13055,M,,,13
201200015420,12,6,2,530,3,2,1,1.0,6,13055,M,,,13
201200015421,12,4,21,2030,5,2,1,2.0,2,13055,M,4333050.0,541016.0,13
201200015422,12,6,9,500,2,2,1,1.0,6,13055,M,4335970.0,531636.0,13
201200015423,12,6,11,2115,5,2,1,3.0,6,13055,M,4328830.0,550163.0,13
201200015424,12,5,23,1215,1,2,1,1.0,4,13055,M,,,13
201200015425,12,6,7,1240,1,2,1,1.0,3,13055,M,4333595.0,537460.0,13
201200015426,12,6,6,1830,1,2,1,1.0,3,13055,M,,,13
201200015427,12,6,12,1415,1,2,1,1.0,6,13055,M,,,13
201200015428,12,6,15,1100,1,2,1,1.0,6,13055,M,,,13
201200015429,12,5,30,2310,5,2,2,1.0,3,13055,M,,,13
201200015430,12,4,29,1950,1,2,3,1.0,3,13055,M,,,13
201200015431,12,5,10,1200,1,2,2,1.0,3,13055,M,,,13
201200015432,12,5,29,1550,1,2,2,1.0,3,13055,M,,,13
201200015433,12,5,25,950,1,2,1,1.0,6,13055,M,,,13
201200015434,12,5,25,635,1,2,1,1.0,7,13055,M,,,13
201200015435,12,6,6,1220,1,2,1,1.0,6,13055,M,,,13
201200015436,12,6,3,330,5,2,2,1.0,3,13055,M,,,13
201200015437,12,6,1,1630,1,2,1,1.0,7,13002,M,4334160.0,547162.0,13
201200015438,12,6,10,1930,1,2,1,1.0,3,13055,M,,,13
201200015439,12,6,17,45,5,2,1,1.0,2,13055,M,,,13
201200015440,12,5,25,905,1,2,3,2.0,6,13055,M,,,13
201200015441,12,6,7,1655,1,2,1,1.0,6,13055,M,,,13
201200015442,12,4,17,1945,1,2,1,1.0,2,13055,M,,,13
201200015443,12,6,8,815,1,2,3,1.0,1,13075,M,,,13
201200015444,12,6,16,1845,1,2,2,1.0,3,13055,M,,,13
201200015445,12,6,11,1315,1,2,1,1.0,1,13055,M,,,13
201200015446,12,6,1,1940,1,2,1,1.0,6,13055,M,,,13
201200015447,12,5,26,910,1,2,1,1.0,5,13055,M,,,13
201200015448,12,6,19,520,3,2,1,1.0,6,13055,M,,,13
201200015449,12,5,31,1330,1,2,1,1.0,3,13002,M,4334020.0,547666.0,13
201200015450,12,6,14,740,1,2,1,1.0,7,13055,M,,,13
201200015451,12,6,20,1630,1,2,2,1.0,3,13055,M,,,13
201200015452,12,6,8,745,1,2,1,1.0,3,13055,M,,,13
201200015453,12,5,21,1600,1,2,1,3.0,1,13055,M,4334820.0,536264.0,13
201200015454,12,6,9,1400,1,2,1,1.0,3,13002,M,4336340.0,549551.0,13
201200015455,12,6,9,825,1,2,3,1.0,3,13055,M,,,13
201200015456,12,6,8,710,1,2,1,1.0,2,13055,M,,,13
201200015457,12,6,13,2020,1,2,1,1.0,3,13055,M,,,13
201200015458,12,6,15,1730,1,2,1,1.0,6,13055,M,,,13
201200015459,12,6,14,940,1,2,3,1.0,1,13055,M,,,13
201200015460,12,6,14,1930,1,2,1,1.0,7,13055,M,,,13
201200015461,12,6,16,915,1,2,3,1.0,2,13055,M,,,13
201200015462,12,6,7,740,1,2,1,1.0,6,13055,M,,,13
201200015463,12,6,13,5,5,2,1,1.0,1,13055,M,,,13
201200015464,12,5,28,2245,5,2,2,1.0,3,13055,M,4329189.0,538032.0,13
201200015465,12,5,31,1130,1,2,1,1.0,3,13055,M,,,13
201200015466,12,6,2,1330,1,2,1,1.0,6,13055,M,,,13
201200015467,12,6,1,130,5,2,2,1.0,3,13055,M,,,13
201200015468,12,6,21,2040,1,2,1,1.0,5,13055,M,,,13
201200015469,12,6,2,2150,5,2,1,1.0,7,13055,M,,,13
201200015470,12,6,23,1100,1,2,1,1.0,6,13055,M,,,13
201200015471,12,6,22,2055,2,2,1,1.0,6,13055,M,,,13
201200015472,12,6,22,2040,1,2,1,1.0,6,13055,M,,,13
201200015473,12,6,13,1245,1,2,1,1.0,3,13055,M,,,13
201200015474,12,6,2,1230,1,2,1,1.0,3,13055,M,,,13
201200015475,12,6,19,945,1,2,1,1.0,3,13055,M,,,13
201200015476,12,6,18,1230,1,2,1,1.0,3,13055,M,,,13
201200015477,12,6,4,840,1,2,6,1.0,6,13055,M,,,13
201200015478,12,6,12,700,1,2,1,1.0,2,13055,M,4328090.0,539935.0,13
201200015479,12,6,5,1745,1,2,8,1.0,3,13055,M,,,13
201200015480,12,6,9,900,1,2,1,1.0,6,13055,M,,,13
201200015481,12,4,29,530,5,2,6,3.0,7,13055,M,,,13
201200015482,12,5,31,1715,1,2,1,1.0,2,13055,M,4336100.0,531257.0,13
201200015483,12,6,17,930,1,2,1,1.0,4,13055,M,,,13
201200015484,12,6,18,900,1,2,1,1.0,2,13055,M,4329680.0,549317.0,13
201200015485,12,5,31,2210,5,2,1,1.0,2,13055,M,,,13
201200015486,12,6,14,1510,1,2,1,1.0,2,13055,M,,,13
201200015487,12,6,22,1720,1,2,1,1.0,4,13055,M,4324940.0,542265.0,13
201200015488,12,6,16,1050,1,2,1,1.0,6,13055,M,,,13
201200015489,12,6,9,750,1,2,1,1.0,3,13055,M,,,13
201200015490,12,6,22,755,1,2,1,1.0,2,13055,M,,,13
201200015491,12,5,11,1630,1,2,1,1.0,3,13055,M,4326900.0,536803.0,13
201200015492,12,5,23,1330,1,2,1,2.0,6,13055,M,,,13
201200015493,12,6,5,1620,1,2,1,1.0,6,13055,M,,,13
201200015494,12,5,28,1845,1,2,1,1.0,7,13055,M,,,13
201200015495,12,6,6,1210,1,2,1,1.0,6,13075,M,4335120.0,547225.0,13
201200015496,12,6,22,1055,1,2,1,1.0,3,13055,M,,,13
201200015497,12,6,22,1850,1,2,1,1.0,3,13055,M,,,13
201200015498,12,6,7,1740,1,2,1,1.0,1,13055,M,,,13
201200015499,12,5,9,1800,1,2,1,1.0,3,13055,M,,,13
201200015500,12,6,14,1245,1,2,1,1.0,3,13055,M,,,13
201200015501,12,6,16,315,5,2,1,1.0,6,13055,M,4329230.0,540122.0,13
201200015502,12,6,15,650,1,2,2,1.0,2,13055,M,,,13
201200015503,12,5,11,1415,1,2,1,1.0,3,13055,M,,,13
201200015504,12,6,20,1500,1,2,1,1.0,3,13055,M,,,13
201200015505,12,6,17,2245,5,2,2,1.0,3,13055,M,,,13
201200015506,12,6,17,1830,1,2,1,1.0,7,13055,M,,,13
201200015507,12,5,12,15,5,2,1,1.0,6,13055,M,,,13
201200015508,12,6,20,2230,5,2,1,1.0,3,13055,M,,,13
201200015509,12,5,29,1350,1,2,1,1.0,3,13055,M,,,13
201200015510,12,5,29,2000,1,2,3,1.0,1,13055,M,,,13
201200015511,12,6,24,1430,1,2,3,1.0,6,13055,M,,,13
201200015512,12,3,2,1650,1,2,1,1.0,2,13055,M,,,13
201200015513,12,5,24,2215,5,2,3,1.0,3,13055,M,4331860.0,536782.0,13
201200015514,12,2,15,1620,1,2,2,1.0,3,13055,M,,,13
201200015515,12,5,25,1050,1,2,1,1.0,6,13055,M,,,13
201200015516,12,6,29,1000,1,2,1,1.0,3,13055,M,,,13
201200015517,12,6,3,1245,1,2,2,1.0,3,13055,M,,,13
201200015518,12,6,19,1540,1,2,1,1.0,6,13055,M,,,13
201200015519,12,6,29,2140,5,2,1,1.0,7,13055,M,,,13
201200015520,12,6,20,1020,1,2,1,8.0,4,13055,M,,,13
201200015521,12,6,13,1910,1,2,1,1.0,3,13055,M,,,13
201200015522,12,6,16,1500,1,2,1,1.0,7,13055,M,,,13
201200015523,12,6,22,505,3,2,1,1.0,6,13055,M,4331580.0,538521.0,13
201200015524,12,6,20,1515,1,2,3,1.0,6,13055,M,,,13
201200015525,12,6,14,1500,1,2,1,1.0,6,13055,M,,,13
201200015526,12,6,14,1710,1,2,1,1.0,3,13055,M,4333540.0,539958.0,13
201200015527,12,6,6,2015,5,2,3,1.0,3,13055,M,,,13
201200015528,12,6,26,1345,1,2,1,1.0,3,13055,M,,,13
201200015529,12,6,28,1215,1,2,1,1.0,3,13055,M,,,13
201200015530,12,6,12,1520,1,2,1,1.0,2,13055,M,,,13
201200015531,12,6,18,1910,1,2,1,1.0,3,13055,M,,,13
201200015532,12,4,10,900,1,2,1,1.0,6,13055,M,,,13
201200015533,12,7,2,1130,1,2,1,1.0,2,13055,M,,,13
201200015534,12,6,23,2230,5,2,2,1.0,3,13055,M,,,13
201200015535,12,7,2,1620,1,2,1,1.0,4,13055,M,,,13
201200015536,12,6,21,815,1,2,1,1.0,3,13055,M,,,13
201200015537,12,6,19,1719,1,2,1,1.0,3,13055,M,,,13
201200015538,12,6,30,930,1,2,1,1.0,2,13055,M,,,13
201200015539,12,7,2,1345,1,2,1,1.0,2,13055,M,,,13
201200015540,12,6,28,1750,1,2,1,1.0,3,13055,M,,,13
201200015541,12,6,29,1940,1,2,1,1.0,3,13055,M,,,13
201200015542,12,6,13,945,1,2,1,9.0,2,13055,M,,,13
201200015543,12,7,1,1810,1,2,2,2.0,7,13055,M,,,13
201200015544,12,6,30,750,1,2,1,1.0,3,13055,M,,,13
201200015545,12,7,4,2000,1,2,1,1.0,3,13055,M,4328660.0,541450.0,13
201200015546,12,6,22,815,1,2,3,1.0,3,13055,M,,,13
201200015547,12,6,11,2000,2,2,1,3.0,6,13055,M,,,13
201200015548,12,6,29,1300,1,2,2,1.0,3,13055,M,,,13
201200015549,12,7,1,1930,1,2,1,8.0,3,13055,M,4325340.0,540179.0,13
201200015550,12,6,24,2000,1,2,1,1.0,2,13055,M,,,13
201200015551,12,4,25,1230,1,2,1,1.0,3,13055,M,,,13
201200015552,12,4,14,1000,1,2,1,1.0,2,13055,M,,,13
201200015553,12,7,2,1600,1,2,1,1.0,6,13055,M,,,13
201200015554,12,7,2,700,1,2,1,1.0,7,13055,M,,,13
201200015555,12,4,21,1200,1,1,1,1.0,6,13055,M,,,13
201200015556,12,6,28,1525,1,2,1,1.0,2,13055,M,,,13
201200015557,12,7,1,615,2,2,1,1.0,6,13055,M,4329550.0,548808.0,13
201200015558,12,6,9,1700,1,2,1,1.0,6,13055,M,,,13
201200015559,12,6,18,1330,1,2,1,1.0,2,13055,M,,,13
201200015560,12,7,12,2025,1,2,1,1.0,2,13055,M,,,13
201200015561,12,6,30,2250,5,2,1,1.0,2,13055,M,,,13
201200015562,12,7,7,2040,1,2,1,1.0,7,13055,M,,,13
201200015563,12,6,6,1305,1,2,1,1.0,6,13055,M,,,13
201200015564,12,6,28,1535,1,2,3,1.0,3,13055,M,,,13
201200015565,12,6,17,2000,1,2,1,1.0,6,13055,M,,,13
201200015566,12,6,29,1240,1,2,1,1.0,3,13055,M,,,13