Num_Acc,an,mois,jour,hrmn,lum,agg,int,atm,col,com,gps,lat,long,dep
201200015567,12,6,12,50,5,2,1,1.0,3,13055,M,,,13
201200015568,12,1,21,1700,2,2,1,1.0,4,13055,M,,,13
201200015569,12,6,21,1900,1,2,1,1.0,3,13055,M,,,13
201200015570,12,6,5,1900,1,2,1,1.0,5,13055,M,4332530.0,544159.0,13
201200015571,12,6,23,1630,1,2,1,1.0,3,13073,M,,,13
201200015572,12,6,24,2000,1,2,1,1.0,4,13055,M,,,13
201200015573,12,7,7,500,5,2,1,1.0,1,13055,M,,,13
201200015574,12,6,28,520,2,2,1,1.0,3,13055,M,,,13
201200015575,12,6,5,1430,1,2,2,1.0,3,13055,M,,,13
201200015576,12,6,16,1940,1,2,1,1.0,6,13055,M,4324570.0,541811.0,13
201200015577,12,6,12,1150,1,2,3,1.0,3,13055,M,,,13
201200015578,12,6,12,1645,1,2,1,1.0,7,13055,M,,,13
201200015579,12,7,8,2045,1,2,1,1.0,3,13055,M,,,13
201200015580,12,7,16,2115,2,2,1,1.0,2,13055,M,,,13
201200015581,12,6,19,1830,1,2,1,1.0,6,13055,M,,,13
201200015582,12,7,3,900,1,2,2,1.0,6,13055,M,,,13
201200015583,12,6,2,2250,5,2,2,1.0,3,13055,M,,,13
201200015584,12,6,20,2030,5,2,1,1.0,2,13055,M,4333110.0,543273.0,13
201200015585,12,7,11,920,1,2,1,1.0,6,13055,M,,,13
201200015586,12,6,18,930,1,2,1,1.0,3,13055,M,,,13
201200015587,12,6,19,1400,1,2,1,8.0,6,13055,M,,,13
201200015588,12,6,23,650,1,2,1,1.0,6,13055,M,,,13
201200015589,12,7,9,630,1,2,1,1.0,6,13055,M,,,13
201200015590,12,7,12,715,1,2,3,1.0,6,13055,M,,,13
201200015591,12,6,13,1200,1,2,1,1.0,2,13055,M,,,13
201200015592,12,6,18,1340,1,2,1,1.0,3,13055,M,,,13
201200015593,12,7,10,1230,1,2,1,1.0,2,13055,M,4329680.0,549346.0,13
201200015594,12,7,7,1300,1,2,1,1.0,3,13075,M,4333960.0,545533.0,13
201200015595,12,7,9,1320,1,2,1,1.0,2,13002,M,4334020.0,547666.0,13
201200015596,12,7,9,225,5,2,2,1.0,3,13055,M,,,13
201200015597,12,6,2,1530,1,2,2,1.0,3,13055,M,,,13
201200015598,12,7,2,1730,1,2,1,1.0,3,13055,M,,,13
201200015599,12,7,11,1745,1,2,1,1.0,2,13055,M,,,13
201200015600,12,7,7,1645,1,2,1,1.0,3,13055,M,4327300.0,539227.0,13
201200015601,12,7,15,1600,1,2,1,1.0,2,13055,M,,,13
201200015602,12,7,12,1530,1,2,1,1.0,6,13055,M,,,13
201200015603,12,7,4,2000,1,2,1,1.0,6,13055,M,,,13
201200015604,12,6,11,1015,1,2,1,1.0,3,13055,M,4329898.0,538777.0,13
201200015605,12,4,17,2320,5,2,1,1.0,6,13055,M,,,13
201200015606,12,7,18,1805,1,2,1,1.0,7,13055,M,,,13
201200015607,12,7,11,1145,1,2,1,1.0,6,13055,M,,,13
201200015608,12,7,19,650,1,1,1,1.0,6,13002,M,4337100.0,553828.0,13
201200015609,12,7,14,115,5,2,1,1.0,6,13055,M,,,13
201200015610,12,7,14,2345,5,2,2,1.0,6,13055,M,,,13
201200015611,12,7,12,1115,1,2,1,1.0,7,13055,M,,,13
201200015612,12,7,5,1130,1,2,1,1.0,7,13055,M,,,13
201200015613,12,7,3,1630,1,2,1,1.0,6,13055,M,,,13
201200015614,12,7,8,1705,1,2,3,1.0,6,13055,M,,,13
201200015615,12,7,13,1510,1,2,3,1.0,3,13055,M,,,13
201200015616,12,7,10,2030,1,2,2,1.0,3,13055,M,,,13
201200015617,12,5,10,2210,5,2,1,1.0,3,13055,M,,,13
201200015618,12,7,21,1700,1,2,3,1.0,3,13055,M,,,13
201200015619,12,6,28,1810,1,2,1,1.0,3,13055,M,,,13
201200015620,12,4,7,1515,1,2,3,1.0,1,13055,M,,,13
201200015621,12,6,8,1140,1,2,1,1.0,1,13055,M,,,13
201200015622,12,7,13,920,1,2,1,1.0,3,13055,M,,,13
201200015623,12,5,6,1700,1,2,1,1.0,2,13055,M,,,13
201200015624,12,7,13,1230,1,2,1,1.0,3,13055,M,,,13
201200015625,12,7,16,1845,1,2,1,1.0,2,13055,M,,,13
201200015626,12,7,18,1500,1,2,2,1.0,3,13055,M,,,13
201200015627,12,2,23,1630,1,2,1,1.0,6,13055,M,,,13
201200015628,12,3,31,2040,5,2,2,1.0,3,13055,M,,,13
201200015629,12,5,18,2030,1,2,1,1.0,3,13055,M,,,13
201200015630,12,6,8,1700,1,2,1,1.0,2,13055,M,,,13
201200015631,12,5,18,1615,1,2,1,1.0,3,13055,M,,,13
201200015632,12,7,17,1950,1,2,1,1.0,2,13055,M,,,13
201200015633,12,7,19,1440,1,2,2,1.0,5,13055,M,,,13
201200015634,12,5,16,2033,2,2,5,1.0,1,13055,M,,,13
201200015635,12,4,6,1330,1,2,1,1.0,6,13055,M,,,13
201200015636,12,7,21,450,2,2,2,1.0,3,13055,M,,,13
201200015637,12,6,30,830,1,2,1,1.0,7,13075,M,,,13
201200015638,12,7,4,800,1,2,1,1.0,3,13055,M,4332710.0,543680.0,13
201200015639,12,7,16,1525,1,1,1,1.0,3,13055,M,,,13
201200015640,12,7,7,400,5,2,1,1.0,7,13055,M,,,13
201200015641,12,7,21,1630,1,2,1,1.0,3,13055,M,,,13
201200015642,12,7,19,1308,1,2,1,1.0,5,13055,M,,,13
201200015643,12,7,10,700,1,2,1,1.0,3,13055,M,,,13
201200015644,12,6,16,2115,5,2,2,1.0,3,13055,M,4331860.0,536782.0,13
201200015645,12,7,24,1400,1,2,1,1.0,2,13055,M,,,13
201200015646,12,7,6,2345,5,2,2,1.0,3,13055,M,,,13
201200015647,12,7,20,1010,1,2,1,1.0,6,13055,M,,,13
201200015648,12,7,20,1410,1,2,1,2.0,6,13055,M,,,13
201200015649,12,7,20,2330,5,2,1,1.0,3,13055,M,,,13
201200015650,12,7,25,100,5,2,1,1.0,6,13055,M,4332310.0,545454.0,13
201200015651,12,7,8,2240,5,2,1,1.0,1,13055,M,,,13
201200015652,12,7,19,2030,2,2,1,1.0,3,13055,M,,,13
201200015653,12,7,17,1705,1,2,1,1.0,3,13055,M,,,13
201200015654,12,7,12,1100,1,2,1,1.0,4,13055,M,,,13
201200015655,12,7,19,1500,1,2,1,1.0,5,13055,M,,,13
201200015656,12,7,14,950,1,2,1,1.0,3,13055,M,,,13
201200015657,12,6,21,805,2,2,1,1.0,3,13055,M,,,13
201200015658,12,7,18,1830,1,2,1,1.0,6,13055,M,,,13
201200015659,12,7,4,1535,1,2,1,1.0,3,13055,M,,,13
201200015660,12,7,16,355,5,2,1,1.0,2,13055,M,,,13
201200015661,12,6,26,830,1,2,3,1.0,3,13055,M,,,13
201200015662,12,7,25,1240,1,2,1,1.0,7,13055,M,,,13
201200015663,12,6,28,1230,1,2,1,1.0,2,13055,M,,,13
201200015664,12,7,1,1440,1,2,1,1.0,7,13055,M,,,13
201200015665,12,5,31,2130,5,2,2,1.0,3,13055,M,,,13
201200015666,12,7,19,1900,1,2,1,1.0,6,13055,M,,,13
201200015667,12,7,17,1730,1,2,1,1.0,7,13055,M,,,13
201200015668,12,7,7,930,1,2,2,1.0,3,13055,M,,,13
201200015669,12,6,11,1740,1,2,1,1.0,2,13002,M,4333950.0,548429.0,13
201200015670,12,6,27,810,1,2,2,1.0,6,13055,M,,,13
201200015671,12,7,21,1430,1,2,1,1.0,2,13055,M,,,13
201200015672,12,6,20,1230,1,2,1,1.0,3,13055,M,,,13
201200015673,12,7,12,1830,1,2,1,1.0,3,13055,M,4335970.0,531636.0,13
201200015674,12,6,10,1840,1,2,1,1.0,2,13055,M,4333080.0,538869.0,13
201200015675,12,7,23,900,1,2,1,1.0,2,13055,M,,,13
201200015676,12,7,23,1320,1,2,1,1.0,4,13055,M,4328200.0,539959.0,13
201200015677,12,6,29,1700,1,2,1,1.0,6,13055,M,,,13
201200015678,12,6,29,1600,1,2,1,1.0,6,13055,M,,,13
201200015679,12,6,13,830,1,2,1,1.0,7,13055,M,,,13
201200015680,12,6,22,10,5,2,1,1.0,2,13055,M,,,13
201200015681,12,6,20,350,5,2,1,1.0,6,13055,M,,,13
201200015682,12,6,1,1405,1,2,1,1.0,6,13055,M,,,13
201200015683,12,7,18,2145,5,2,1,1.0,2,13055,M,,,13
201200015684,12,5,27,1215,1,2,3,1.0,3,13055,M,,,13
201200015685,12,7,9,1200,1,2,1,1.0,3,13055,M,,,13
201200015686,12,6,29,240,5,2,1,1.0,7,13055,M,,,13
201200015687,12,7,2,1230,1,2,6,8.0,3,13055,M,,,13
201200015688,12,4,22,45,5,2,1,3.0,2,13055,M,,,13
201200015689,12,7,11,1030,1,2,1,1.0,6,13055,M,,,13
201200015690,12,7,9,1100,1,2,1,1.0,5,13055,M,4329700.0,549460.0,13
201200015691,12,6,8,840,1,2,1,1.0,3,13055,M,,,13
201200015692,12,7,23,1355,1,2,1,1.0,6,13055,M,,,13
201200015693,12,7,19,1250,1,2,1,1.0,4,13055,M,,,13
201200015694,12,7,23,1615,1,2,1,1.0,4,13055,M,4331600.0,549688.0,13
201200015695,12,7,24,1350,1,2,1,1.0,3,13055,M,,,13
201200015696,12,6,26,1015,1,2,1,1.0,6,13055,M,,,13
201200015697,12,7,19,700,1,2,2,1.0,6,13055,M,,,13
201200015698,12,7,29,1515,1,2,3,1.0,6,13055,M,,,13
201200015699,12,7,29,1611,1,2,1,1.0,7,13002,M,4336740.0,550174.0,13
201200015700,12,7,29,1510,1,2,1,1.0,6,13055,M,,,13
201200015701,12,7,30,1855,1,2,1,1.0,1,13055,M,,,13
201200015702,12,7,30,1950,1,2,3,1.0,6,13055,M,,,13
201200015703,12,8,1,1200,1,2,1,1.0,1,13055,M,,,13
201200015704,12,7,26,1320,1,2,1,9.0,6,13055,M,,,13
201200015705,12,5,10,1250,1,2,1,1.0,2,13055,M,,,13
201200015706,12,7,23,1900,1,2,1,1.0,7,13055,M,,,13
201200015707,12,7,14,1830,1,2,1,1.0,1,13055,M,,,13
201200015708,12,7,23,1800,1,2,1,1.0,4,13002,M,4334140.0,547199.0,13
201200015709,12,2,23,830,1,1,1,1.0,6,13055,M,,,13
201200015710,12,7,17,1900,1,2,2,1.0,1,13055,M,,,13
201200015711,12,7,10,1345,1,2,1,1.0,7,13055,M,,,13
201200015712,12,6,28,915,1,2,1,1.0,3,13055,M,,,13
201200015713,12,7,16,540,5,2,2,1.0,3,13055,M,,,13
201200015714,12,7,19,1110,1,2,1,1.0,2,13055,M,,,13
201200015715,12,2,3,2039,5,2,1,1.0,7,13055,M,,,13
201200015716,12,7,3,1050,1,2,1,1.0,6,13055,M,,,13
201200015717,12,7,24,1600,1,2,1,1.0,6,13055,M,,,13
201200015718,12,7,4,1330,1,2,1,1.0,6,13055,M,,,13
201200015719,12,5,12,1700,1,2,1,1.0,6,13055,M,,,13
201200015720,12,7,3,1905,1,2,1,7.0,6,13055,M,,,13
201200015721,12,7,26,1100,1,2,1,1.0,6,13055,M,,,13
201200015722,12,7,20,1720,1,2,2,1.0,3,13055,M,,,13
201200015723,12,5,29,1740,1,2,1,1.0,1,13055,M,,,13
201200015724,12,7,20,1230,1,2,1,1.0,7,13055,M,,,13
201200015725,12,7,20,1230,1,2,1,1.0,6,13055,M,,,13
201200015726,12,7,22,1615,1,2,1,1.0,3,13055,M,,,13
201200015727,12,6,20,1900,5,2,1,1.0,3,13055,M,,,13
201200015728,12,7,28,1530,1,2,1,1.0,2,13055,M,,,13
201200015729,12,7,11,1800,1,2,1,1.0,6,13055,M,,,13
201200015730,12,7,13,945,1,2,1,1.0,6,13055,M,,,13
201200015731,12,7,25,1130,1,2,1,1.0,6,13055,M,,,13
201200015732,12,7,13,1130,1,2,1,1.0,2,13055,M,,,13
201200015733,12,7,25,1050,1,2,1,1.0,2,13055,M,,,13
201200015734,12,5,28,425,5,2,2,1.0,2,13055,M,,,13
201200015735,12,4,2,1700,1,2,1,1.0,3,13055,M,,,13
201200015736,12,7,25,1000,1,2,1,1.0,6,13055,M,,,13
201200015737,12,7,30,1715,1,2,1,1.0,6,13055,M,,,13
201200015738,12,6,14,800,1,2,1,1.0,6,13055,M,,,13
201200015739,12,8,3,1530,1,2,1,1.0,1,13055,M,,,13
201200015740,12,7,28,1530,1,2,4,1.0,3,13055,M,,,13
201200015741,12,7,23,1900,1,2,1,1.0,6,13055,M,,,13
201200015742,12,7,17,1800,1,2,1,1.0,3,13055,M,4332630.0,543861.0,13
201200015743,12,8,6,100,5,2,1,1.0,2,13055,M,,,13
201200015744,12,7,30,1445,1,2,1,1.0,2,13055,M,,,13
201200015745,12,7,25,1700,1,2,2,1.0,3,13055,M,,,13
201200015746,12,8,4,1550,1,2,1,1.0,6,13055,M,,,13
201200015747,12,7,31,1845,1,2,3,1.0,3,13055,M,,,13
201200015748,12,8,4,1900,1,2,1,1.0,1,13055,M,,,13
201200015749,12,7,28,900,1,2,2,1.0,1,13055,M,,,13
201200015750,12,8,6,2230,3,2,1,1.0,6,13055,M,,,13
201200015751,12,7,30,1000,1,2,1,1.0,1,13055,M,,,13
201200015752,12,8,8,410,5,2,1,1.0,6,13055,M,,,13
201200015753,12,6,4,1145,1,2,1,1.0,2,13002,M,,,13
201200015754,12,7,2,1505,1,2,1,1.0,3,13055,M,,,13
201200015755,12,2,19,1320,1,2,1,1.0,3,13055,M,,,13
201200015756,12,7,11,1945,1,1,1,1.0,1,13075,M,,,13
201200015757,12,8,1,1620,1,2,1,1.0,3,13055,M,4333530.0,539998.0,13
201200015758,12,8,2,1730,1,2,1,1.0,6,13055,M,,,13
201200015759,12,8,1,1400,1,2,1,1.0,3,13055,M,,,13
201200015760,12,7,28,1615,1,2,1,1.0,3,13055,M,,,13
201200015761,12,7,30,1,5,2,1,1.0,6,13055,M,,,13
201200015762,12,7,15,50,5,2,1,1.0,3,13055,M,,,13
201200015763,12,7,17,1915,1,2,5,1.0,3,13055,M,,,13
201200015764,12,7,17,1525,1,2,1,1.0,4,13055,M,,,13
201200015765,12,7,17,750,1,2,1,1.0,6,13055,M,4325390.0,540154.0,13
201200015766,12,8,2,730,1,2,1,1.0,3,13055,M,,,13
201200015767,12,8,1,1115,1,2,1,1.0,7,13055,M,,,13
201200015768,12,6,21,1650,1,2,1,1.0,6,13055,M,,,13
201200015769,12,8,1,1215,1,2,1,1.0,2,13055,M,,,13
201200015770,12,3,16,2000,5,2,1,1.0,1,13055,M,,,13
201200015771,12,7,18,1800,1,2,1,1.0,3,13055,M,,,13
201200015772,12,8,6,2200,3,1,1,1.0,6,13002,M,4335800.0,549113.0,13
201200015773,12,5,18,1505,1,2,1,1.0,7,13055,M,,,13
201200015774,12,7,9,850,1,2,1,1.0,6,13055,M,,,13
201200015775,12,6,4,1320,1,2,1,1.0,2,13075,M,,,13
201200015776,12,5,3,750,1,2,1,1.0,3,13055,M,,,13
201200015777,12,8,8,1455,1,2,5,1.0,3,13055,M,,,13
201200015778,12,7,4,1600,1,2,6,1.0,3,13055,M,4333020.0,538805.0,13
201200015779,12,8,6,1300,1,2,3,1.0,3,13055,M,,,13
201200015780,12,7,7,1250,1,2,1,1.0,3,13055,M,4331890.0,536878.0,13
201200015781,12,8,8,1645,1,2,1,1.0,6,13055,M,4331520.0,538699.0,13
201200015782,12,8,12,1930,1,2,1,1.0,6,13055,M,,,13
201200015783,12,8,10,1430,1,2,2,1.0,1,13055,M,,,13
201200015784,12,8,11,920,1,2,1,1.0,6,13055,M,,,13
201200015785,12,4,24,710,2,2,1,1.0,7,13055,M,,,13
201200015786,12,7,31,1950,1,2,1,1.0,2,13055,M,,,13
201200015787,12,6,26,1700,1,2,6,1.0,6,13055,M,,,13
201200015788,12,7,28,1620,1,2,1,1.0,4,13055,M,,,13
201200015789,12,4,10,240,5,2,1,1.0,7,13055,M,,,13
201200015790,12,7,3,1540,1,2,3,1.0,2,13055,M,,,13
201200015791,12,5,30,1340,1,2,1,1.0,6,13055,M,,,13
201200015792,12,7,10,1115,1,2,1,1.0,4,13055,M,,,13
201200015793,12,7,30,1450,1,2,1,1.0,6,13055,M,,,13
201200015794,12,8,6,1200,1,2,1,3.0,6,13055,M,,,13
201200015795,12,7,7,1705,1,2,1,1.0,2,13055,M,4334730.0,537810.0,13
201200015796,12,8,15,1800,1,2,1,1.0,7,13055,M,,,13
201200015797,12,8,11,1835,1,2,1,1.0,6,13055,M,,,13
201200015798,12,8,9,1835,1,2,1,1.0,3,13055,M,,,13
201200015799,12,8,16,1200,1,2,1,1.0,2,13055,M,,,13
201200015800,12,7,18,1730,1,2,1,1.0,5,13055,M,,,13
201200015801,12,6,23,2010,1,2,1,1.0,6,13055,M,,,13
201200015802,12,8,19,1125,1,2,1,1.0,5,13055,M,4325200.0,540050.0,13
201200015803,12,8,17,2000,1,2,1,1.0,6,13055,M,,,13
201200015804,12,8,19,613,2,2,1,1.0,6,13055,M,,,13
201200015805,12,6,7,1605,1,2,1,1.0,2,13055,M,,,13
201200015806,12,6,12,1330,1,2,1,1.0,6,13055,M,,,13
201200015807,12,6,26,900,1,2,1,1.0,6,13055,M,,,13
201200015808,12,7,21,1945,1,2,1,1.0,3,13055,M,,,13
201200015809,12,8,10,2020,5,2,3,1.0,3,13055,M,,,13
201200015810,12,8,8,1915,1,2,1,1.0,6,13055,M,,,13
201200015811,12,8,5,1005,1,2,1,1.0,3,13055,M,,,13
201200015812,12,7,25,1515,1,2,1,1.0,6,13055,M,,,13
201200015813,12,6,15,940,1,2,1,1.0,3,13055,M,,,13
201200015814,12,7,9,1205,1,2,1,1.0,5,13055,M,,,13
201200015815,12,8,13,2000,1,2,8,1.0,3,13055,M,,,13
201200015816,12,7,19,1415,1,2,3,1.0,6,13055,M,,,13
201200015817,12,8,2,900,1,2,1,1.0,3,13055,M,,,13
201200015818,12,8,13,1630,1,2,3,1.0,3,13055,M,,,13
201200015819,12,7,11,840,1,2,1,1.0,1,13055,M,,,13
201200015820,12,8,4,1550,1,2,1,1.0,2,13055,M,,,13
201200015821,12,8,6,2130,5,2,1,1.0,6,13055,M,,,13
201200015822,12,8,1,1935,1,2,1,1.0,5,13055,M,4331690.0,546081.0,13
201200015823,12,7,24,1900,2,2,1,1.0,1,13055,M,,,13
201200015824,12,6,21,1415,1,2,1,1.0,2,13055,M,,,13
201200015825,12,8,9,1315,1,2,2,2.0,5,13055,M,,,13
201200015826,12,8,15,315,5,2,1,1.0,7,13055,M,,,13
201200015827,12,8,18,1500,1,2,3,1.0,3,13055,M,,,13
201200015828,12,3,10,2230,5,2,3,1.0,5,13055,M,,,13
201200015829,12,6,28,40,5,2,2,1.0,3,13055,M,,,13
201200015830,12,8,19,950,1,2,6,1.0,6,13055,M,,,13
201200015831,12,7,30,1515,1,2,3,1.0,3,13055,M,,,13
201200015832,12,4,14,1920,1,2,3,1.0,3,13055,M,,,13
201200015833,12,7,20,1145,1,2,1,1.0,3,13055,M,,,13
201200015834,12,8,15,1250,1,2,3,1.0,3,13055,M,,,13
201200015835,12,3,25,1725,1,2,1,1.0,7,13055,M,,,13
201200015836,12,8,22,2150,5,2,1,1.0,6,13055,M,,,13
201200015837,12,8,23,1410,1,2,1,1.0,1,13055,M,,,13
201200015838,12,8,16,1345,1,2,1,1.0,2,13055,M,,,13
201200015839,12,8,22,1150,1,2,2,1.0,3,13055,M,,,13
201200015840,12,8,2,1430,1,2,1,1.0,6,13055,M,,,13
201200015841,12,8,4,2015,1,2,1,1.0,4,13055,M,,,13
201200015842,12,7,16,1600,1,2,1,1.0,3,13002,M,,,13
201200015843,12,3,31,1645,1,2,1,1.0,7,13055,M,,,13
201200015844,12,8,18,10,5,2,1,1.0,2,13055,M,,,13
201200015845,12,8,19,1215,1,2,1,1.0,6,13055,M,,,13
201200015846,12,8,23,1055,1,2,1,1.0,2,13055,M,,,13
201200015847,12,8,9,1420,1,2,1,1.0,1,13055,M,,,13
201200015848,12,8,24,2345,5,2,1,1.0,7,13055,M,,,13
201200015849,12,8,9,1330,1,2,1,1.0,2,13055,M,,,13
201200015850,12,8,9,1820,1,2,2,1.0,3,13055,M,,,13
201200015851,12,8,15,35,5,2,1,1.0,6,13055,M,,,13
201200015852,12,7,24,430,5,2,1,1.0,6,13055,M,,,13
201200015853,12,7,17,1920,1,2,1,1.0,1,13055,M,4324810.0,542287.0,13
201200015854,12,8,5,100,5,2,1,7.0,6,13055,M,,,13
201200015855,12,7,29,1215,1,2,1,1.0,3,13055,M,,,13
201200015856,12,8,19,445,5,2,1,1.0,3,13055,M,,,13
201200015857,12,8,25,105,5,2,1,1.0,6,13055,M,,,13
201200015858,12,8,26,1345,1,2,1,1.0,3,13055,M,,,13
201200015859,12,8,3,1920,1,2,1,1.0,3,13055,M,,,13
201200015860,12,8,24,1745,1,2,1,1.0,6,13055,M,,,13
201200015861,12,8,23,1845,1,2,1,1.0,2,13055,M,,,13
201200015862,12,8,9,1700,1,2,1,1.0,3,13055,M,,,13
201200015863,12,8,27,1815,1,2,1,1.0,3,13055,M,,,13
201200015864,12,8,28,1630,1,2,1,1.0,2,13055,M,,,13
201200015865,12,7,27,30,5,2,1,1.0,3,13055,M,,,13
201200015866,12,8,28,1000,1,2,1,1.0,2,13055,M,,,13
201200015867,12,8,27,1755,1,2,1,1.0,2,13055,M,,,13
201200015868,12,9,2,1930,2,2,1,1.0,1,13055,M,,,13
201200015869,12,9,3,1755,1,2,1,1.0,4,13055,M,,,13
201200015870,12,9,4,1455,1,2,3,1.0,5,13055,M,,,13
201200015871,12,9,5,1720,1,2,1,1.0,3,13055,M,,,13
201200015872,12,7,18,900,1,2,1,1.0,3,13055,M,,,13
201200015873,12,8,12,310,5,2,1,1.0,6,13055,M,,,13
201200015874,12,8,27,1640,1,2,1,1.0,6,13055,M,,,13
201200015875,12,8,29,905,1,2,1,1.0,2,13055,M,,,13
201200015876,12,8,27,1630,1,2,1,1.0,2,13055,M,,,13
201200015877,12,8,30,1930,1,1,1,9.0,7,13055,M,,,13
201200015878,12,8,7,1650,1,2,1,1.0,2,13055,M,,,13
201200015879,12,8,1,1350,1,2,1,1.0,2,13055,M,,,13
201200015880,12,7,28,1310,1,2,1,1.0,2,13055,M,,,13
201200015881,12,8,22,2021,1,2,1,1.0,7,13055,M,,,13
201200015882,12,8,10,1510,1,2,1,1.0,3,13055,M,,,13
201200015883,12,8,20,1430,1,2,3,1.0,3,13055,M,4328860.0,538216.0,13
201200015884,12,8,19,1555,1,2,2,1.0,6,13055,M,,,13
201200015885,12,8,30,1910,1,2,1,1.0,2,13055,M,,,13
201200015886,12,8,23,1320,1,2,1,7.0,2,13055,M,,,13
201200015887,12,8,11,1400,1,2,1,1.0,1,13055,M,,,13
201200015888,12,7,1,400,5,2,1,1.0,6,13055,M,,,13
201200015889,12,9,9,1830,1,2,1,1.0,7,13055,M,,,13
201200015890,12,9,8,1425,1,2,1,1.0,6,13055,M,4333080.0,540758.0,13
201200015891,12,9,8,1510,1,2,1,1.0,6,13055,M,4331820.0,538025.0,13
201200015892,12,9,7,1720,1,2,1,1.0,2,13055,M,4325740.0,539941.0,13
201200015893,12,7,24,945,1,2,2,1.0,3,13055,M,,,13
201200015894,12,7,18,2010,5,2,2,1.0,3,13055,M,,,13
201200015895,12,8,17,1815,1,2,1,1.0,3,13055,M,,,13
201200015896,12,8,15,1045,1,2,3,1.0,2,13207,M,,,13
201200015897,12,8,13,1645,1,2,1,1.0,2,13055,M,,,13
201200015898,12,8,6,710,2,2,2,1.0,3,13055,M,,,13
201200015899,12,8,26,1715,1,2,6,1.0,7,13055,M,,,13
201200015900,12,8,21,1230,1,2,3,1.0,3,13055,M,,,13
201200015901,12,7,27,1515,1,2,1,1.0,3,13055,M,,,13
201200015902,12,8,22,1805,1,2,2,1.0,6,13055,M,,,13
201200015903,12,8,13,1715,1,2,1,1.0,2,13055,M,,,13
201200015904,12,9,2,2210,5,2,1,1.0,2,13055,M,,,13
201200015905,12,6,4,1540,1,1,1,1.0,7,13002,M,4337070.0,550627.0,13
201200015906,12,8,30,2145,5,2,1,1.0,3,13055,M,,,13
201200015907,12,7,24,1945,1,1,1,1.0,7,13055,M,,,13
201200015908,12,9,3,1325,1,2,1,2.0,2,13055,M,4331580.0,546151.0,13
201200015909,12,8,24,1400,1,2,1,1.0,2,13055,M,,,13
201200015910,12,8,23,1635,1,2,1,1.0,3,13055,M,,,13
201200015911,12,6,5,810,2,2,1,1.0,3,13055,M,,,13
201200015912,12,9,2,1825,1,2,2,1.0,6,13055,M,,,13
201200015913,12,7,25,1510,1,2,1,1.0,6,13055,M,,,13
201200015914,12,9,2,1500,1,2,3,1.0,3,13055,M,,,13
201200015915,12,9,3,1925,1,2,1,2.0,1,13055,M,,,13
201200015916,12,8,23,1400,1,2,2,1.0,1,13055,M,,,13
201200015917,12,8,30,15,5,2,1,8.0,7,13055,M,,,13
201200015918,12,8,30,1340,1,2,1,2.0,6,13055,M,,,13
201200015919,12,8,22,1245,1,2,2,1.0,6,13055,M,,,13
201200015920,12,8,31,2045,2,2,1,6.0,3,13055,M,,,13
201200015921,12,9,2,1730,1,1,1,8.0,7,13002,M,,,13
201200015922,12,8,21,1430,1,2,1,1.0,3,13055,M,,,13
201200015923,12,9,10,1300,1,2,1,1.0,6,13055,M,,,13
201200015924,12,8,21,2030,5,2,1,1.0,1,13055,M,,,13
201200015925,12,9,9,900,1,2,1,1.0,2,13055,M,,,13
201200015926,12,8,17,1500,1,2,1,1.0,7,13055,M,,,13
201200015927,12,8,23,1115,1,2,1,1.0,3,13055,M,,,13
201200015928,12,8,29,1415,1,2,1,1.0,7,13055,M,,,13
201200015929,12,9,3,1050,1,2,2,2.0,3,13055,M,,,13
201200015930,12,8,7,930,1,2,1,1.0,3,13055,M,,,13
201200015931,12,7,24,1730,1,1,1,1.0,6,13055,M,4324610.0,543179.0,13
201200015932,12,7,24,1330,1,2,3,1.0,3,13055,M,,,13
201200015933,12,9,4,900,1,2,1,1.0,2,13055,M,,,13
201200015934,12,9,21,2320,5,2,1,1.0,7,13055,M,,,13
201200015935,12,9,13,530,5,2,1,1.0,1,13055,M,,,13
201200015936,12,8,8,1100,1,2,1,1.0,3,13055,M,,,13
201200015937,12,9,6,1200,1,2,1,1.0,4,13055,M,,,13
201200015938,12,7,26,500,2,2,1,1.0,2,13055,M,,,13
201200015939,12,8,27,1150,1,2,1,1.0,2,13055,M,,,13
201200015940,12,8,9,2240,5,2,2,1.0,3,13055,M,,,13
201200015941,12,9,7,1440,1,2,1,1.0,2,13055,M,,,13
201200015942,12,8,23,1030,1,2,1,1.0,3,13055,M,,,13
201200015943,12,8,22,1930,1,2,1,1.0,3,13055,M,,,13
201200015944,12,8,28,1900,1,2,3,1.0,3,13055,M,,,13
201200015945,12,8,17,1840,1,2,1,1.0,6,13055,M,,,13
201200015946,12,8,22,1650,1,2,1,1.0,5,13055,M,,,13
201200015947,12,9,5,2040,5,2,3,1.0,3,13106,M,,,13
201200015948,12,8,16,1340,1,2,1,1.0,3,13055,M,,,13
201200015949,12,8,13,1230,1,2,3,1.0,2,13055,M,4333020.0,538805.0,13
201200015950,12,8,9,1510,1,2,1,1.0,3,13055,M,,,13
201200015951,12,8,16,1705,1,2,1,1.0,6,13055,M,4336470.0,534240.0,13
201200015952,12,5,18,1400,1,2,2,1.0,3,13055,M,,,13
201200015953,12,9,12,1030,1,2,1,1.0,6,13055,M,,,13
201200015954,12,9,6,1630,1,2,1,1.0,6,13055,M,,,13
201200015955,12,9,1,2000,2,2,1,2.0,6,13002,M,4333750.0,546478.0,13
201200015956,12,9,15,1000,1,1,1,1.0,7,13002,M,4337210.0,553536.0,13
201200015957,12,9,15,2140,5,2,1,1.0,6,13055,M,,,13
201200015958,12,9,11,630,2,2,3,1.0,3,13055,M,,,13
201200015959,12,9,4,1520,1,2,1,1.0,6,13055,M,,,13
201200015960,12,8,6,1150,1,2,1,1.0,6,13055,M,,,13
201200015961,12,8,28,535,5,2,1,1.0,4,13055,M,,,13