Num_Acc,an,mois,jour,hrmn,lum,agg,int,atm,col,com,gps,lat,long,dep
201200015962,12,8,25,1057,1,2,2,1.0,3,13055,M,,,13
201200015963,12,9,5,1115,1,2,1,1.0,2,13055,M,,,13
201200015964,12,9,6,1350,1,2,1,1.0,6,13055,M,4328790.0,541121.0,13
201200015965,12,9,6,1400,1,2,1,1.0,2,13055,M,4324530.0,541299.0,13
201200015966,12,8,31,1350,1,2,1,1.0,6,13055,M,,,13
201200015967,12,9,6,1735,1,2,3,1.0,7,13055,M,,,13
201200015968,12,8,27,1745,1,2,2,1.0,3,13055,M,,,13
201200015969,12,8,7,2030,5,2,3,1.0,3,13055,M,,,13
201200015970,12,9,3,1415,1,2,1,1.0,6,13055,M,,,13
201200015971,12,9,9,1245,1,2,1,1.0,6,13055,M,,,13
201200015972,12,9,6,2300,5,2,1,1.0,1,13055,M,,,13
201200015973,12,9,14,1315,1,2,1,1.0,3,13055,M,,,13
201200015974,12,9,14,1500,1,2,1,1.0,7,13055,M,,,13
201200015975,12,4,1,2000,5,2,1,1.0,3,13055,M,,,13
201200015976,12,9,11,900,1,2,1,1.0,4,13055,M,4325790.0,539916.0,13
201200015977,12,9,14,1630,1,2,1,1.0,6,13055,M,,,13
201200015978,12,9,12,1940,2,2,3,1.0,6,13055,M,,,13
201200015979,12,9,11,1610,1,2,1,1.0,6,13055,M,4332890.0,543075.0,13
201200015980,12,9,13,1600,1,2,1,1.0,6,13055,M,,,13
201200015981,12,9,15,1620,1,2,1,1.0,4,13055,M,4330740.0,546821.0,13
201200015982,12,9,11,900,1,2,1,1.0,3,13055,M,,,13
201200015983,12,5,28,1,5,2,2,1.0,3,13055,M,,,13
201200015984,12,9,13,1650,1,2,1,1.0,6,13055,M,,,13
201200015985,12,6,8,2230,5,2,2,1.0,3,13055,M,,,13
201200015986,12,8,17,1130,1,2,1,1.0,3,13055,M,,,13
201200015987,12,9,13,1820,1,2,1,1.0,6,13055,M,,,13
201200015988,12,9,13,945,1,2,1,1.0,6,13055,M,,,13
201200015989,12,6,11,1720,1,2,1,1.0,6,13055,M,,,13
201200015990,12,6,19,1245,1,2,1,1.0,6,13055,M,,,13
201200015991,12,8,4,1740,1,2,1,1.0,6,13055,M,,,13
201200015992,12,9,13,2000,5,2,2,1.0,6,13055,M,,,13
201200015993,12,7,12,1030,1,2,1,1.0,6,13055,M,,,13
201200015994,12,9,21,727,1,2,1,1.0,6,13055,M,,,13
201200015995,12,6,25,800,1,2,2,1.0,6,13055,M,,,13
201200015996,12,9,14,1200,1,2,1,1.0,6,13055,M,,,13
201200015997,12,9,12,1730,1,2,1,1.0,2,13055,M,,,13
201200015998,12,7,5,1400,1,2,1,1.0,6,13055,M,,,13
201200015999,12,7,29,1410,1,2,1,1.0,2,13055,M,,,13
201200016000,12,9,12,1700,1,2,2,1.0,3,13055,M,,,13
201200016001,12,9,5,1800,1,2,1,1.0,6,13055,M,,,13
201200016002,12,7,8,2145,1,2,1,1.0,1,13055,M,,,13
201200016003,12,7,30,1140,1,2,3,1.0,3,13055,M,,,13
201200016004,12,9,18,1235,1,2,3,1.0,3,13055,M,,,13
201200016005,12,9,10,1325,1,2,1,1.0,6,13055,M,,,13
201200016006,12,8,2,1217,1,2,2,1.0,3,13055,M,,,13
201200016007,12,9,17,1645,1,2,1,1.0,2,13055,M,,,13
201200016008,12,9,14,930,1,1,1,1.0,2,13055,M,,,13
201200016009,12,9,3,715,1,2,1,2.0,6,13055,M,,,13
201200016010,12,9,3,950,1,2,1,2.0,6,13055,M,4327340.0,539276.0,13
201200016011,12,8,20,30,5,2,9,1.0,3,13055,M,,,13
201200016012,12,9,11,1715,1,2,1,1.0,1,13055,M,,,13
201200016013,12,9,4,1400,1,2,1,1.0,3,13055,M,,,13
201200016014,12,8,7,1230,1,2,1,1.0,2,13055,M,,,13
201200016015,12,9,17,1250,1,2,1,1.0,3,13055,M,,,13
201200016016,12,9,3,1515,1,2,1,2.0,6,13055,M,,,13
201200016017,12,5,31,2000,1,2,1,1.0,3,13055,M,,,13
201200016018,12,8,30,1530,1,2,1,2.0,3,13055,M,,,13
201200016019,12,9,22,1310,1,2,1,1.0,5,13055,M,4334820.0,536262.0,13
201200016020,12,9,25,1255,1,2,1,1.0,6,13055,M,,,13
201200016021,12,1,20,1700,5,2,1,1.0,5,13055,M,,,13
201200016022,12,9,5,400,5,2,1,1.0,6,13055,M,,,13
201200016023,12,9,5,1430,1,2,1,1.0,1,13055,M,,,13
201200016024,12,9,19,2045,2,2,2,1.0,6,13055,M,,,13
201200016025,12,8,21,1850,1,2,1,1.0,6,13055,M,,,13
201200016026,12,8,31,1230,1,2,3,1.0,3,13055,M,,,13
201200016027,12,9,10,1050,1,2,1,1.0,3,13055,M,4328580.0,541930.0,13
201200016028,12,9,9,1600,1,2,1,1.0,3,13055,M,,,13
201200016029,12,9,10,1910,1,2,3,1.0,1,13055,M,,,13
201200016030,12,9,14,1330,1,2,1,1.0,3,13055,M,4329480.0,548994.0,13
201200016031,12,9,21,1645,1,2,4,1.0,2,13055,M,,,13
201200016032,12,9,19,1645,1,2,1,1.0,4,13055,M,,,13
201200016033,12,9,19,1300,1,2,1,1.0,2,13055,M,,,13
201200016034,12,9,14,1100,1,2,1,1.0,3,13055,M,,,13
201200016035,12,9,19,1555,1,2,1,1.0,2,13055,M,,,13
201200016036,12,9,6,1240,1,2,3,1.0,6,13055,M,,,13
201200016037,12,9,6,1535,1,2,3,1.0,7,13055,M,,,13
201200016038,12,9,19,1700,1,2,1,1.0,2,13055,M,,,13
201200016039,12,9,27,530,5,2,1,1.0,6,13055,M,,,13
201200016040,12,9,21,1530,1,2,1,1.0,6,13055,M,,,13
201200016041,12,9,11,1400,1,2,1,1.0,1,13055,M,,,13
201200016042,12,7,19,2005,1,1,1,1.0,3,13055,M,,,13
201200016043,12,9,22,1040,1,2,1,1.0,3,13055,M,,,13
201200016044,12,7,20,1047,1,2,1,1.0,2,13055,M,,,13
201200016045,12,9,14,1340,1,2,1,1.0,7,13055,M,,,13
201200016046,12,9,19,1530,1,2,1,1.0,6,13055,M,,,13
201200016047,12,8,24,130,5,2,2,1.0,6,13055,M,,,13
201200016048,12,9,19,2230,5,2,1,1.0,6,13055,M,,,13
201200016049,12,9,14,2030,1,2,1,1.0,6,13055,M,,,13
201200016050,12,9,22,1830,1,2,1,1.0,6,13055,M,,,13
201200016051,12,9,22,715,1,2,1,1.0,3,13055,M,,,13
201200016052,12,9,12,930,1,2,1,1.0,7,13055,M,,,13
201200016053,12,9,28,1140,1,2,1,1.0,1,13055,M,4328780.0,550719.0,13
201200016054,12,9,29,1515,1,2,1,1.0,6,13055,M,,,13
201200016055,12,9,17,1415,1,2,1,1.0,7,13002,M,4331900.0,547307.0,13
201200016056,12,9,20,2300,5,2,1,1.0,6,13055,M,,,13
201200016057,12,9,9,700,1,2,1,1.0,7,13075,M,4335130.0,547244.0,13
201200016058,12,6,13,1030,1,2,9,1.0,3,13055,M,,,13
201200016059,12,8,19,1130,1,2,2,1.0,3,13055,M,,,13
201200016060,12,9,7,1715,1,2,1,1.0,3,13055,M,,,13
201200016061,12,9,20,20,5,2,1,1.0,3,13055,M,,,13
201200016062,12,8,9,1935,1,2,3,1.0,3,13055,M,,,13
201200016063,12,9,18,1115,1,2,1,1.0,6,13055,M,,,13
201200016064,12,7,10,1100,1,2,1,1.0,3,13055,M,,,13
201200016065,12,9,23,10,5,2,3,1.0,7,13002,M,,,13
201200016066,12,8,8,30,5,2,9,1.0,2,13055,M,,,13
201200016067,12,9,14,1515,1,2,1,1.0,3,13055,M,4332400.0,545254.0,13
201200016068,12,9,19,910,1,2,1,1.0,6,13055,M,,,13
201200016069,12,9,17,800,1,2,1,1.0,3,13055,M,,,13
201200016070,12,8,27,1825,1,2,3,1.0,3,13055,M,,,13
201200016071,12,9,15,1515,1,2,1,1.0,3,13055,M,4333790.0,539393.0,13
201200016072,12,9,21,545,2,2,3,1.0,3,13055,M,,,13
201200016073,12,8,25,930,1,2,1,1.0,3,13055,M,,,13
201200016074,12,9,26,1415,1,2,1,1.0,2,13055,M,,,13
201200016075,12,9,24,845,1,2,3,2.0,6,13055,M,4328914.0,538743.0,13
201200016076,12,6,26,2300,4,2,1,1.0,6,13055,M,,,13
201200016077,12,10,3,845,1,2,1,1.0,6,13055,M,,,13
201200016078,12,10,4,815,1,2,1,1.0,5,13055,M,,,13
201200016079,12,9,9,1145,1,2,1,1.0,2,13055,M,,,13
201200016080,12,9,22,1810,1,2,2,1.0,3,13055,M,,,13
201200016081,12,10,3,715,1,2,3,1.0,1,13055,M,,,13
201200016082,12,9,21,915,1,2,1,1.0,3,13055,M,4328200.0,539959.0,13
201200016083,12,8,13,1405,1,2,1,1.0,2,13055,M,,,13
201200016084,12,9,19,1430,1,2,1,1.0,2,13055,M,,,13
201200016085,12,9,16,520,5,2,1,1.0,6,13055,M,,,13
201200016086,12,9,16,2030,5,2,1,1.0,6,13055,M,,,13
201200016087,12,3,31,50,5,2,1,1.0,3,13055,M,,,13
201200016088,12,9,22,1235,1,2,6,1.0,3,13055,M,,,13
201200016089,12,9,26,1600,1,2,1,1.0,1,13055,M,,,13
201200016090,12,8,14,2045,5,2,3,1.0,3,13055,M,,,13
201200016091,12,9,2,1530,1,2,5,1.0,3,13055,M,,,13
201200016092,12,9,14,1330,1,2,1,1.0,3,13055,M,,,13
201200016093,12,9,12,1850,1,2,1,1.0,3,13055,M,,,13
201200016094,12,9,29,130,5,2,3,1.0,3,13055,M,,,13
201200016095,12,10,1,1435,1,2,1,1.0,6,13055,M,,,13
201200016096,12,9,25,1825,2,2,3,1.0,2,13055,M,,,13
201200016097,12,9,27,1740,1,2,1,1.0,6,13055,M,,,13
201200016098,12,9,29,130,5,2,1,1.0,2,13055,M,,,13
201200016099,12,9,19,1700,1,2,1,1.0,3,13055,M,,,13
201200016100,12,6,10,130,5,2,1,1.0,2,13055,M,,,13
201200016101,12,9,13,1715,1,2,2,1.0,5,13055,M,,,13
201200016102,12,9,22,1320,1,2,1,1.0,7,13055,M,,,13
201200016103,12,9,13,2230,5,2,1,1.0,3,13055,M,4328970.0,548035.0,13
201200016104,12,9,27,1730,1,2,1,1.0,6,13055,M,,,13
201200016105,12,9,14,2125,5,2,1,1.0,3,13055,M,4326650.0,539450.0,13
201200016106,12,9,15,1900,1,2,1,1.0,6,13055,M,,,13
201200016107,12,9,21,1530,1,2,1,1.0,1,13075,M,,,13
201200016108,12,9,20,1800,1,2,1,1.0,1,13055,M,,,13
201200016109,12,9,19,1720,1,2,1,1.0,2,13002,M,,,13
201200016110,12,9,29,1630,1,2,1,3.0,2,13055,M,,,13
201200016111,12,8,22,1815,1,2,1,1.0,6,13055,M,,,13
201200016112,12,9,24,1130,1,2,1,1.0,3,13055,M,,,13
201200016113,12,9,28,1810,1,2,1,1.0,6,13055,M,,,13
201200016114,12,9,22,1220,1,2,1,1.0,4,13055,M,,,13
201200016115,12,10,8,830,1,2,1,1.0,6,13055,M,,,13
201200016116,12,10,8,1515,1,2,1,1.0,3,13055,M,,,13
201200016117,12,10,6,1315,1,2,1,1.0,3,13055,M,,,13
201200016118,12,9,23,915,1,2,3,1.0,3,13055,M,,,13
201200016119,12,10,6,1600,1,2,1,1.0,3,13055,M,,,13
201200016120,12,10,8,2340,5,2,6,1.0,3,13055,M,,,13
201200016121,12,7,31,850,1,2,2,1.0,3,13055,M,,,13
201200016122,12,10,3,1600,1,2,1,1.0,2,13055,M,,,13
201200016123,12,10,4,1,5,2,1,1.0,3,13055,M,,,13
201200016124,12,9,13,1630,1,2,1,1.0,3,13055,M,,,13
201200016125,12,9,26,1425,1,2,1,1.0,2,13055,M,,,13
201200016126,12,9,20,1500,1,2,1,1.0,6,13055,M,,,13
201200016127,12,9,29,1200,1,2,1,1.0,2,13055,M,,,13
201200016128,12,9,24,1200,1,2,1,1.0,3,13055,M,,,13
201200016129,12,9,24,1020,1,2,1,1.0,6,13055,M,,,13
201200016130,12,9,28,1150,1,2,2,1.0,3,13055,M,,,13
201200016131,12,9,15,1220,1,2,1,1.0,1,13055,M,,,13
201200016132,12,6,17,1020,1,2,1,1.0,2,13055,M,,,13
201200016133,12,10,5,2230,5,2,1,1.0,3,13055,M,,,13
201200016134,12,9,30,830,1,1,1,2.0,7,13002,M,,,13
201200016135,12,10,6,1225,1,2,1,1.0,6,13002,M,4333130.0,546625.0,13
201200016136,12,9,28,1230,1,2,1,1.0,6,13055,M,4328920.0,546639.0,13
201200016137,12,9,28,2100,5,2,1,1.0,3,13055,M,,,13
201200016138,12,8,10,730,1,2,2,1.0,3,13055,M,,,13
201200016139,12,9,27,700,1,2,1,1.0,4,13055,M,,,13
201200016140,12,9,28,1530,1,2,1,1.0,6,13055,M,,,13
201200016141,12,9,27,745,1,2,1,1.0,6,13055,M,,,13
201200016142,12,10,1,1255,1,2,1,1.0,6,13055,M,,,13
201200016143,12,10,1,1715,1,2,1,1.0,6,13055,M,,,13
201200016144,12,9,10,1130,1,2,1,1.0,6,13055,M,,,13
201200016145,12,9,25,2100,5,2,1,1.0,1,13055,M,,,13
201200016146,12,10,5,1840,1,2,1,1.0,3,13055,M,,,13
201200016147,12,9,22,1000,1,2,1,1.0,6,13055,M,,,13
201200016148,12,9,24,1300,1,2,1,1.0,2,13055,M,,,13
201200016149,12,9,28,1325,1,2,1,1.0,6,13055,M,,,13
201200016150,12,10,9,850,1,2,1,1.0,6,13055,M,,,13
201200016151,12,10,7,1700,1,2,1,1.0,6,13055,M,,,13
201200016152,12,10,11,1410,1,2,1,1.0,6,13055,M,,,13
201200016153,12,10,6,1850,2,2,1,1.0,6,13055,M,,,13
201200016154,12,10,11,1720,1,2,1,1.0,1,13055,M,,,13
201200016155,12,10,5,2020,3,2,2,1.0,3,13055,M,,,13
201200016156,12,6,11,1600,1,2,1,1.0,4,13055,M,,,13
201200016157,12,8,26,135,5,2,1,1.0,6,13055,M,,,13
201200016158,12,9,11,805,1,2,6,1.0,2,13055,M,4337350.0,535484.0,13
201200016159,12,10,10,40,5,2,1,1.0,7,13055,M,,,13
201200016160,12,9,19,1525,1,2,3,1.0,5,13075,M,,,13
201200016161,12,10,8,930,1,2,1,1.0,5,13055,M,,,13
201200016162,12,10,3,1235,1,2,1,1.0,6,13055,M,,,13
201200016163,12,9,19,1900,1,2,2,1.0,3,13055,M,,,13
201200016164,12,9,5,1440,1,2,1,1.0,6,13055,M,,,13
201200016165,12,10,14,500,5,2,1,1.0,2,13055,M,,,13
201200016166,12,10,14,245,5,2,2,1.0,3,13055,M,,,13
201200016167,12,10,14,800,2,2,1,1.0,6,13055,M,,,13
201200016168,12,10,12,1745,1,2,4,1.0,3,13075,M,4334030.0,545669.0,13
201200016169,12,10,4,930,1,2,1,1.0,2,13055,M,,,13
201200016170,12,9,24,2030,1,1,1,1.0,6,13055,M,,,13
201200016171,12,10,5,1100,1,2,1,1.0,6,13055,M,,,13
201200016172,12,9,29,400,5,2,1,1.0,3,13055,M,,,13
201200016173,12,9,11,1015,1,2,9,1.0,6,13055,M,,,13
201200016174,12,9,28,130,5,2,1,1.0,6,13055,M,,,13
201200016175,12,9,30,1830,1,2,1,1.0,2,13055,M,,,13
201200016176,12,9,22,2330,5,2,1,1.0,6,13055,M,,,13
201200016177,12,10,2,810,1,2,3,1.0,3,13055,M,,,13
201200016178,12,9,20,1930,1,2,1,1.0,3,13055,M,,,13
201200016179,12,9,25,1450,1,2,1,8.0,3,13055,M,4324570.0,541801.0,13
201200016180,12,10,3,820,1,2,1,1.0,3,13055,M,,,13
201200016181,12,9,28,2050,5,2,1,1.0,3,13055,M,,,13
201200016182,12,8,24,1950,1,2,1,1.0,3,13055,M,,,13
201200016183,12,8,24,1300,1,2,1,1.0,3,13055,M,,,13
201200016184,12,9,27,1240,1,2,1,1.0,7,13055,M,4325520.0,540070.0,13
201200016185,12,10,12,1,5,2,1,3.0,2,13055,M,,,13
201200016186,12,9,11,750,1,2,1,1.0,3,13055,M,,,13
201200016187,12,10,8,1020,1,2,1,1.0,3,13055,M,,,13
201200016188,12,10,10,830,1,2,4,1.0,3,13055,M,,,13
201200016189,12,10,4,1015,1,2,1,1.0,4,13055,M,,,13
201200016190,12,10,2,1445,1,2,1,1.0,6,13055,M,,,13
201200016191,12,9,15,2000,4,2,1,1.0,2,13055,M,,,13
201200016192,12,10,4,830,1,2,1,1.0,3,13055,M,,,13
201200016193,12,10,6,1315,1,2,1,1.0,6,13070,M,4328690.0,551357.0,13
201200016194,12,9,17,1715,1,2,1,1.0,2,13055,M,,,13
201200016195,12,9,18,550,2,2,3,1.0,3,13055,M,,,13
201200016196,12,9,8,1630,1,2,1,1.0,6,13055,M,,,13
201200016197,12,10,2,1630,1,2,1,1.0,6,13055,M,,,13
201200016198,12,10,5,2330,5,2,1,1.0,3,13055,M,4324950.0,540478.0,13
201200016199,12,9,25,2050,5,2,4,1.0,3,13055,M,,,13
201200016200,12,10,12,2200,5,2,1,1.0,6,13055,M,,,13
201200016201,12,6,20,2045,2,2,1,1.0,6,13055,M,,,13
201200016202,12,9,25,1045,1,2,1,1.0,4,13055,M,4325850.0,539878.0,13
201200016203,12,9,3,1100,1,2,1,1.0,3,13055,M,,,13
201200016204,12,9,18,1330,1,2,1,1.0,6,13055,M,,,13
201200016205,12,9,28,1700,1,2,1,2.0,6,13055,M,,,13
201200016206,12,9,22,1830,1,2,1,1.0,1,13055,M,,,13
201200016207,12,10,20,1330,1,2,1,1.0,6,13055,M,,,13
201200016208,12,10,2,1615,1,2,1,1.0,5,13055,M,,,13
201200016209,12,10,12,910,1,2,1,1.0,2,13055,M,4325310.0,540194.0,13
201200016210,12,10,4,1015,1,2,1,1.0,6,13055,M,,,13
201200016211,12,10,15,1650,1,2,6,6.0,3,13055,M,,,13
201200016212,12,10,15,1345,1,2,1,1.0,3,13055,M,,,13
201200016213,12,8,16,1310,1,2,1,1.0,3,13055,M,,,13
201200016214,12,9,22,1822,2,2,2,1.0,6,13055,M,,,13
201200016215,12,9,21,730,1,2,1,1.0,1,13055,M,,,13
201200016216,12,10,14,1610,1,2,1,2.0,6,13055,M,,,13
201200016217,12,9,24,1645,1,2,1,1.0,7,13055,M,,,13
201200016218,12,10,14,2100,5,2,1,2.0,1,13055,M,,,13
201200016219,12,10,21,620,3,2,1,1.0,6,13055,M,,,13
201200016220,12,10,21,1615,1,2,1,1.0,6,13055,M,,,13
201200016221,12,10,11,1830,2,2,1,2.0,3,13055,M,4326740.0,539398.0,13
201200016222,12,10,3,1215,1,2,1,1.0,1,13055,M,,,13
201200016223,12,9,21,1630,1,2,1,1.0,6,13055,M,4326830.0,539351.0,13
201200016224,12,10,11,1200,1,2,1,1.0,1,13055,M,4329170.0,547881.0,13
201200016225,12,10,14,1440,1,2,1,8.0,7,13055,M,,,13
201200016226,12,10,9,1030,1,2,6,1.0,6,13055,M,,,13
201200016227,12,10,20,5,5,2,1,1.0,3,13055,M,,,13
201200016228,12,10,3,1030,2,2,1,1.0,2,13055,M,,,13
201200016229,12,9,22,1145,1,2,1,1.0,3,13055,M,,,13
201200016230,12,10,10,845,1,2,1,1.0,3,13055,M,,,13
201200016231,12,9,27,1030,1,2,1,1.0,6,13055,M,4327580.0,539633.0,13
201200016232,12,9,12,1930,3,2,3,1.0,3,13055,M,,,13
201200016233,12,9,28,1300,1,2,1,1.0,3,13055,M,,,13
201200016234,12,10,3,1750,1,2,3,1.0,3,13055,M,,,13
201200016235,12,9,21,1330,1,2,1,1.0,6,13055,M,,,13
201200016236,12,9,20,1815,1,2,2,1.0,3,13055,M,,,13
201200016237,12,10,4,2030,2,2,1,1.0,1,13055,M,4327400.0,539366.0,13
201200016238,12,9,17,830,1,2,6,1.0,3,13055,M,4333080.0,538866.0,13
201200016239,12,9,24,750,1,2,1,1.0,2,13002,M,4333220.0,548455.0,13
201200016240,12,10,12,1415,1,2,3,1.0,3,13002,M,4335260.0,548202.0,13
201200016241,12,9,22,920,1,2,1,1.0,3,13055,M,,,13
201200016242,12,10,16,450,5,2,1,1.0,6,13055,M,,,13
201200016243,12,9,11,900,1,2,1,1.0,3,13055,M,4333260.0,543569.0,13
201200016244,12,10,2,1130,1,2,1,1.0,3,13075,M,4334070.0,545687.0,13
201200016245,12,10,12,745,1,2,1,1.0,6,13055,M,,,13
201200016246,12,9,24,1650,1,2,1,1.0,2,13002,M,4333810.0,546934.0,13
201200016247,12,9,29,1155,1,2,1,2.0,2,13055,M,,,13
201200016248,12,10,22,2145,5,2,3,2.0,5,13055,M,,,13
201200016249,12,10,22,2030,4,2,1,9.0,6,13055,M,,,13
201200016250,12,8,7,1845,1,2,2,1.0,3,13055,M,,,13
201200016251,12,10,10,1300,1,2,2,1.0,3,13055,M,,,13
201200016252,12,10,16,1545,1,2,1,1.0,3,13055,M,,,13
201200016253,12,10,22,1935,5,2,1,2.0,7,13075,M,4334640.0,546253.0,13
201200016254,12,9,28,1530,1,2,3,1.0,3,13055,M,,,13
201200016255,12,10,17,840,1,2,1,1.0,2,13055,M,,,13
201200016256,12,10,18,720,2,2,1,1.0,3,13055,M,4334820.0,535613.0,13
201200016257,12,10,16,1840,1,2,1,1.0,7,13055,M,,,13
201200016258,12,9,26,1700,1,2,3,1.0,3,13055,M,,,13
201200016259,12,10,10,1520,1,2,1,1.0,2,13055,M,4334730.0,537810.0,13
201200016260,12,10,11,1920,5,2,1,1.0,2,13055,M,4329230.0,540111.0,13
201200016261,12,10,9,1515,1,2,1,1.0,6,13055,M,,,13
201200016262,12,5,19,535,2,2,1,1.0,5,13055,M,,,13
201200016263,12,10,2,2015,5,2,4,1.0,2,13055,M,,,13
201200016264,12,8,15,1515,1,2,1,1.0,3,13055,M,,,13
201200016265,12,10,3,700,1,2,1,1.0,6,13055,M,,,13
201200016266,12,10,10,1815,1,2,1,1.0,6,13055,M,,,13
201200016267,12,10,5,1220,1,2,1,1.0,3,13055,M,,,13
201200016268,12,10,13,2100,5,2,1,1.0,1,13055,M,,,13
201200016269,12,9,14,1450,1,2,9,1.0,2,13055,M,,,13
201200016270,12,10,19,1945,2,2,1,1.0,2,13055,M,,,13
201200016271,12,10,25,2030,5,2,2,1.0,3,13055,M,4332970.0,538797.0,13
201200016272,12,10,10,1305,1,2,1,1.0,3,13055,M,,,13
201200016273,12,10,1,740,1,2,1,1.0,6,13055,M,,,13
201200016274,12,9,23,2245,5,2,2,1.0,5,13055,M,4331910.0,537891.0,13
201200016275,12,9,28,2145,5,2,1,1.0,6,13055,M,,,13
201200016276,12,9,25,830,1,2,1,1.0,2,13055,M,,,13
201200016277,12,10,2,1445,1,2,1,1.0,6,13055,M,,,13
201200016278,12,9,28,1900,1,2,1,1.0,6,13055,M,,,13
201200016279,12,10,9,1730,1,2,1,1.0,3,13055,M,,,13
201200016280,12,9,21,1515,1,2,1,1.0,3,13055,M,,,13
201200016281,12,10,29,45,5,2,1,6.0,6,13055,M,,,13
201200016282,12,10,27,1945,5,2,1,1.0,2,13055,M,,,13
201200016283,12,10,26,2300,5,2,1,8.0,5,13055,M,,,13
201200016284,12,10,22,1740,2,2,1,1.0,7,13055,M,,,13
201200016285,12,10,29,1500,1,2,1,1.0,6,13055,M,,,13
201200016286,12,10,30,43,5,2,1,1.0,7,13055,M,,,13
201200016287,12,10,1,810,1,2,1,1.0,4,13055,M,,,13
201200016288,12,10,19,1130,1,2,1,1.0,6,13055,M,,,13
201200016289,12,10,31,815,1,2,1,3.0,3,13055,M,4333070.0,540824.0,13
201200016290,12,11,2,818,1,2,3,1.0,1,13055,M,4328510.0,538517.0,13
201200016291,12,6,30,1740,1,2,1,1.0,3,13055,M,,,13
201200016292,12,11,4,600,5,2,1,1.0,6,13055,M,4337400.0,535575.0,13
201200016293,12,10,21,2050,5,2,1,9.0,6,13055,M,4327500.0,539648.0,13
201200016294,12,11,3,600,5,2,2,1.0,6,13055,M,4329050.0,538339.0,13
201200016295,12,10,9,1440,1,2,1,7.0,6,13055,M,,,13
201200016296,12,10,22,1920,5,2,1,2.0,2,13055,M,,,13
201200016297,12,10,26,2030,5,2,1,2.0,2,13055,M,,,13
201200016298,12,10,3,1100,1,2,1,1.0,6,13055,M,,,13
201200016299,12,10,20,1415,1,2,1,2.0,3,13055,M,,,13
201200016300,12,10,22,1235,1,2,1,1.0,6,13055,M,,,13
201200016301,12,10,27,2030,5,2,3,6.0,3,13002,M,,,13
201200016302,12,10,23,1845,2,2,1,1.0,6,13055,M,,,13
201200016303,12,10,23,1400,1,1,1,1.0,7,13002,M,4336680.0,550218.0,13
201200016304,12,10,15,1710,1,2,1,1.0,2,13055,M,4331490.0,538788.0,13
201200016305,12,9,11,1000,1,2,1,1.0,3,13055,M,,,13
201200016306,12,10,24,1355,1,2,2,1.0,3,13075,M,4334740.0,546378.0,13
201200016307,12,10,14,1835,5,2,1,3.0,3,13055,M,,,13
201200016308,12,10,17,1700,1,2,1,1.0,5,13055,M,,,13
201200016309,12,10,8,1730,1,2,1,1.0,6,13055,M,,,13
201200016310,12,10,19,1535,1,2,6,1.0,6,13055,M,,,13
201200016311,12,10,9,745,1,2,2,1.0,5,13055,M,,,13
201200016312,12,10,23,550,5,2,4,1.0,3,13055,M,,,13
201200016313,12,10,6,1645,1,2,1,1.0,7,13055,M,,,13
201200016314,12,10,23,830,1,2,1,8.0,3,13055,M,,,13
201200016315,12,10,12,1700,1,2,1,1.0,3,13055,M,4331150.0,546454.0,13
201200016316,12,10,26,1115,1,2,1,3.0,7,13055,M,,,13
201200016317,12,10,25,810,1,2,1,1.0,3,13055,M,,,13
201200016318,12,11,6,1300,1,2,1,1.0,3,13055,M,4330250.0,540062.0,13
201200016319,12,9,28,1150,1,2,1,1.0,5,13055,M,,,13
201200016320,12,10,27,1440,1,2,1,1.0,2,13055,M,,,13
201200016321,12,10,31,720,2,2,1,1.0,2,13055,M,,,13
201200016322,12,10,18,1700,1,2,1,1.0,2,13055,M,,,13
201200016323,12,10,22,550,5,2,1,1.0,3,13002,M,4332030.0,549391.0,13
201200016324,12,7,29,1000,1,2,3,1.0,6,13055,M,,,13
201200016325,12,10,23,840,1,2,1,2.0,2,13055,M,,,13
201200016326,12,10,30,1200,1,2,1,1.0,3,13055,M,,,13
201200016327,12,10,1,1930,2,2,1,1.0,3,13055,M,,,13
201200016328,12,10,26,1720,1,2,1,1.0,7,13055,M,,,13
201200016329,12,10,6,40,5,2,1,1.0,6,13055,M,,,13
201200016330,12,10,17,740,1,2,1,1.0,3,13055,M,,,13
201200016331,12,8,8,900,1,2,1,1.0,3,13055,M,,,13
201200016332,12,10,25,2200,5,2,1,1.0,7,13055,M,,,13
201200016333,12,9,24,910,1,2,3,3.0,3,13055,M,,,13
201200016334,12,10,22,945,1,2,1,2.0,6,13055,M,,,13
201200016335,12,10,12,1200,1,1,1,1.0,7,13055,M,4324650.0,540799.0,13
201200016336,12,11,8,2110,5,2,1,1.0,6,13055,M,4329250.0,539812.0,13
201200016337,12,10,8,850,1,2,1,1.0,6,13055,M,,,13
201200016338,12,10,15,830,2,2,2,1.0,3,13055,M,,,13
201200016339,12,10,15,1830,2,2,1,1.0,1,13055,M,,,13
201200016340,12,10,3,1740,1,2,1,1.0,3,13055,M,,,13
201200016341,12,10,11,1940,5,2,1,1.0,1,13055,M,,,13
201200016342,12,11,1,1715,1,2,1,1.0,7,13055,M,4333850.0,536661.0,13
201200016343,12,10,28,200,5,2,3,1.0,3,13055,M,,,13
201200016344,12,10,27,2200,5,2,2,6.0,3,13055,M,,,13
201200016345,12,8,1,1830,1,2,1,1.0,3,13055,M,,,13
201200016346,12,10,19,810,1,2,3,1.0,3,13055,M,,,13
201200016347,12,10,24,1100,1,2,1,1.0,6,13055,M,,,13