Num_Acc,an,mois,jour,hrmn,lum,agg,int,atm,col,com,gps,lat,long,dep
201200016348,12,10,29,2130,5,2,2,1.0,3,13055,M,,,13
201200016349,12,10,5,1150,1,2,2,1.0,6,13055,M,,,13
201200016350,12,10,21,2045,5,2,1,2.0,3,13055,M,,,13
201200016351,12,10,22,845,1,2,2,1.0,3,13055,M,,,13
201200016352,12,10,27,1430,1,2,4,1.0,7,13055,M,4333310.0,545688.0,13
201200016353,12,10,16,2345,5,2,1,1.0,3,13055,M,,,13
201200016354,12,10,28,500,5,2,1,6.0,6,13055,M,,,13
201200016355,12,10,10,1210,1,2,3,1.0,3,13055,M,,,13
201200016356,12,8,3,1230,1,2,3,1.0,6,13055,M,,,13
201200016357,12,9,28,1915,2,2,1,1.0,3,13055,M,,,13
201200016358,12,9,4,1345,1,2,3,1.0,6,13055,M,,,13
201200016359,12,10,11,1125,1,2,1,1.0,6,13055,M,,,13
201200016360,12,10,31,1530,1,2,2,3.0,6,13055,M,,,13
201200016361,12,10,30,1645,2,2,1,1.0,2,13055,M,,,13
201200016362,12,10,25,1900,2,2,1,1.0,6,13055,M,,,13
201200016363,12,10,26,1130,1,2,1,1.0,2,13055,M,,,13
201200016364,12,10,17,1900,2,2,1,1.0,6,13055,M,,,13
201200016365,12,10,15,835,1,2,1,1.0,6,13055,M,,,13
201200016366,12,10,24,2200,5,2,1,1.0,2,13055,M,,,13
201200016367,12,9,15,2040,2,2,1,1.0,6,13055,M,,,13
201200016368,12,10,14,900,1,1,1,1.0,6,13055,M,,,13
201200016369,12,11,11,620,1,2,1,3.0,3,13055,M,4328200.0,539959.0,13
201200016370,12,10,18,2300,5,2,1,1.0,1,13055,M,,,13
201200016371,12,9,23,100,5,2,1,1.0,2,13055,M,,,13
201200016372,12,10,11,1830,2,2,3,1.0,6,13055,M,,,13
201200016373,12,10,25,740,1,2,1,1.0,6,13055,M,,,13
201200016374,12,10,16,1010,1,2,1,1.0,6,13055,M,,,13
201200016375,12,10,21,1640,1,1,1,2.0,1,13002,M,4338250.0,554685.0,13
201200016376,12,10,25,1200,1,2,1,1.0,6,13055,M,,,13
201200016377,12,10,20,2000,5,2,1,1.0,3,13055,M,,,13
201200016378,12,10,18,1500,1,2,1,1.0,2,13055,M,,,13
201200016379,12,11,2,1145,1,2,1,1.0,2,13055,M,4329860.0,548769.0,13
201200016380,12,11,2,1900,5,2,1,1.0,3,13055,M,,,13
201200016381,12,10,20,2015,5,2,1,1.0,7,13055,M,4328110.0,539938.0,13
201200016382,12,11,8,1500,1,2,1,1.0,2,13055,M,,,13
201200016383,12,11,7,1700,5,2,1,1.0,3,13055,M,4330180.0,540247.0,13
201200016384,12,9,10,830,1,2,1,1.0,6,13002,M,,,13
201200016385,12,11,7,850,1,2,1,1.0,2,13055,M,4329290.0,536875.0,13
201200016386,12,11,3,1232,1,2,1,1.0,2,13055,M,4328670.0,539952.0,13
201200016387,12,10,5,920,1,2,1,1.0,3,13055,M,,,13
201200016388,12,11,6,1820,5,2,1,1.0,2,13055,M,4330590.0,540094.0,13
201200016389,12,10,12,1820,1,2,1,1.0,4,13055,M,,,13
201200016390,12,10,22,1900,2,2,1,3.0,6,13055,M,,,13
201200016391,12,11,2,1455,1,2,1,1.0,4,13055,M,4328670.0,538663.0,13
201200016392,12,10,27,1520,1,2,2,1.0,3,13055,M,,,13
201200016393,12,10,17,1520,1,2,1,1.0,2,13055,M,,,13
201200016394,12,10,26,2200,5,2,1,3.0,6,13055,M,,,13
201200016395,12,3,14,1830,2,2,1,1.0,3,13055,M,,,13
201200016396,12,10,11,845,1,2,1,1.0,3,13055,M,,,13
201200016397,12,10,23,645,2,2,1,1.0,3,13055,M,,,13
201200016398,12,10,18,830,1,2,3,1.0,3,13055,M,,,13
201200016399,12,8,27,1300,1,2,1,1.0,6,13055,M,,,13
201200016400,12,10,13,1200,1,2,1,1.0,6,13055,M,,,13
201200016401,12,8,28,945,1,2,3,2.0,3,13055,M,,,13
201200016402,12,7,13,1730,1,2,1,1.0,6,13055,M,,,13
201200016403,12,10,25,530,5,2,1,1.0,3,13055,M,,,13
201200016404,12,10,27,1330,1,2,1,1.0,6,13055,M,,,13
201200016405,12,11,9,715,1,2,1,1.0,3,13055,M,4338330.0,535833.0,13
201200016406,12,9,27,2340,5,2,1,1.0,7,13055,M,,,13
201200016407,12,10,22,1215,1,2,1,1.0,6,13055,M,,,13
201200016408,12,10,14,1430,1,2,1,1.0,2,13055,M,,,13
201200016409,12,9,22,950,1,2,1,1.0,7,13055,M,,,13
201200016410,12,10,10,900,1,2,1,1.0,3,13055,M,,,13
201200016411,12,10,31,1630,1,2,1,3.0,6,13055,M,,,13
201200016412,12,7,16,938,1,2,1,1.0,3,13055,M,,,13
201200016413,12,10,25,1100,1,2,1,1.0,6,13055,M,,,13
201200016414,12,10,19,2050,5,2,1,1.0,6,13055,M,4333210.0,540407.0,13
201200016415,12,10,21,2245,5,2,3,3.0,2,13055,M,,,13
201200016416,12,10,25,1030,1,2,1,1.0,3,13055,M,,,13
201200016417,12,10,24,1020,1,2,1,1.0,6,13055,M,4334340.0,538524.0,13
201200016418,12,11,10,1345,1,2,1,3.0,6,13055,M,,,13
201200016419,12,7,13,1900,1,2,1,1.0,3,13055,M,,,13
201200016420,12,10,29,815,1,2,1,1.0,3,13055,M,4331860.0,537956.0,13
201200016421,12,11,15,940,1,2,1,1.0,6,13055,M,4329930.0,537430.0,13
201200016422,12,10,1,1000,1,2,2,1.0,3,13055,M,,,13
201200016423,12,9,27,1735,1,2,1,1.0,6,13055,M,,,13
201200016424,12,10,29,1020,1,2,1,1.0,6,13002,M,4335260.0,548181.0,13
201200016425,12,11,8,1330,1,2,1,1.0,6,13055,M,,,13
201200016426,12,11,5,655,2,2,1,1.0,6,13055,M,4329670.0,548387.0,13
201200016427,12,10,31,1830,5,2,1,3.0,1,13055,M,,,13
201200016428,12,11,7,1010,1,2,1,1.0,6,13075,M,4334350.0,546652.0,13
201200016429,12,11,15,1130,1,2,1,1.0,6,13055,M,4335650.0,537266.0,13
201200016430,12,11,16,1420,1,2,3,1.0,6,13055,M,4329660.0,539782.0,13
201200016431,12,11,18,2340,5,2,4,1.0,6,13055,M,,,13
201200016432,12,11,9,1940,5,2,2,1.0,3,13055,M,4330120.0,538793.0,13
201200016433,12,11,5,2200,5,2,2,1.0,3,13055,M,4328880.0,538288.0,13
201200016434,12,11,9,610,2,2,2,1.0,3,13055,M,4329260.0,540115.0,13
201200016435,12,9,6,2350,3,2,1,1.0,6,13055,M,,,13
201200016436,12,11,6,1945,5,2,1,1.0,3,13055,M,4328850.0,539347.0,13
201200016437,12,10,31,1740,2,2,1,2.0,6,13055,M,,,13
201200016438,12,10,26,720,3,2,1,3.0,6,13055,M,,,13
201200016439,12,10,1,1940,5,2,1,1.0,6,13055,M,,,13
201200016440,12,10,19,210,5,2,1,1.0,2,13055,M,,,13
201200016441,12,9,22,1810,1,2,1,1.0,6,13106,M,,,13
201200016442,12,10,30,1000,1,2,1,1.0,6,13055,M,,,13
201200016443,12,10,26,1730,1,2,1,1.0,6,13055,M,,,13
201200016444,12,10,31,1430,1,2,1,1.0,2,13055,M,,,13
201200016445,12,11,19,858,1,2,3,1.0,3,13055,M,4335900.0,536523.0,13
201200016446,12,11,9,1200,1,2,1,2.0,3,13055,M,4329900.0,545272.0,13
201200016447,12,11,4,1500,1,2,1,1.0,3,13055,M,4333040.0,536511.0,13
201200016448,12,8,20,910,1,2,1,1.0,2,13055,M,,,13
201200016449,12,9,22,1545,1,2,3,1.0,3,13106,M,,,13
201200016450,12,6,24,1800,1,2,6,1.0,2,13055,M,,,13
201200016451,12,9,16,1500,1,2,1,1.0,3,13055,M,,,13
201200016452,12,6,3,1130,1,2,1,1.0,2,13002,M,4334180.0,547119.0,13
201200016453,12,9,10,1830,1,2,1,1.0,2,13055,M,,,13
201200016454,12,11,9,750,1,2,1,1.0,7,13055,M,4330440.0,541466.0,13
201200016455,12,10,9,1800,1,2,3,1.0,3,13055,M,,,13
201200016456,12,11,13,1730,2,2,1,1.0,3,13055,M,4331820.0,539028.0,13
201200016457,12,11,6,1230,1,2,1,1.0,6,13055,M,4330550.0,537320.0,13
201200016458,12,10,13,1154,1,2,1,1.0,2,13106,M,4338730.0,535216.0,13
201200016459,12,11,21,745,1,2,1,1.0,2,13055,M,4324620.0,538382.0,13
201200016460,12,11,9,1800,5,2,1,1.0,2,13055,M,,,13
201200016461,12,11,12,2000,4,2,1,1.0,6,13055,M,,,13
201200016462,12,11,21,2330,5,2,1,1.0,7,13055,M,,,13
201200016463,12,11,18,800,1,2,1,1.0,3,13002,M,4333810.0,547692.0,13
201200016464,12,11,14,1510,1,2,3,1.0,3,13055,M,4335200.0,543753.0,13
201200016465,12,11,11,125,5,2,1,2.0,3,13055,M,4329870.0,540101.0,13
201200016466,12,11,16,800,1,2,1,1.0,6,13055,M,4326900.0,538582.0,13
201200016467,12,11,12,1240,1,2,2,1.0,5,13055,M,4328110.0,539938.0,13
201200016468,12,11,19,1840,5,2,1,1.0,6,13055,M,4328280.0,540228.0,13
201200016469,12,11,12,1500,1,2,1,1.0,6,13055,M,4328490.0,538549.0,13
201200016470,12,10,27,1710,1,2,6,1.0,3,13055,M,,,13
201200016471,12,11,21,1040,1,2,1,1.0,2,13055,M,4337380.0,535579.0,13
201200016472,12,8,2,2030,1,1,1,1.0,6,13055,M,,,13
201200016473,12,11,10,1235,1,1,1,3.0,7,13002,M,4336800.0,552458.0,13
201200016474,12,11,16,1300,1,2,1,1.0,6,13055,M,4333170.0,542860.0,13
201200016475,12,11,25,2145,5,2,1,1.0,6,13055,M,4329580.0,538154.0,13
201200016476,12,11,26,530,5,2,1,1.0,3,13055,M,4337190.0,535603.0,13
201200016477,12,11,26,1730,5,2,1,1.0,2,13055,M,4325430.0,538078.0,13
201200016478,12,11,15,1945,3,2,1,1.0,3,13055,M,4327880.0,541744.0,13
201200016479,12,11,13,1845,2,2,1,1.0,6,13055,M,4329170.0,536916.0,13
201200016480,12,11,12,1545,1,2,1,1.0,5,13055,M,4327530.0,536005.0,13
201200016481,12,11,20,1200,1,2,1,1.0,6,13055,M,,,13
201200016482,12,11,12,2150,5,2,1,1.0,1,13055,M,4328630.0,538623.0,13
201200016483,12,11,19,1515,1,2,1,1.0,6,13055,M,4328390.0,535723.0,13
201200016484,12,11,15,1050,1,2,2,1.0,6,13055,M,4329120.0,538075.0,13
201200016485,12,11,14,1425,1,2,1,1.0,6,13055,M,4329200.0,535790.0,13
201200016486,12,8,7,1730,1,2,1,1.0,6,13055,M,,,13
201200016487,12,11,16,1130,1,2,1,1.0,6,13055,M,4329640.0,538136.0,13
201200016488,12,11,21,1330,1,2,1,1.0,3,13055,M,4329580.0,537824.0,13
201200016489,12,11,15,1330,1,2,1,1.0,6,13055,M,4329920.0,538572.0,13
201200016490,12,11,4,2220,5,2,1,2.0,6,13055,M,,,13
201200016491,12,11,8,1200,1,2,1,1.0,6,13055,M,4328990.0,537692.0,13
201200016492,12,11,1,1850,3,2,2,1.0,3,13055,M,4328470.0,538184.0,13
201200016493,12,11,8,800,1,2,5,1.0,3,13055,M,4328110.0,539938.0,13
201200016494,12,11,21,1540,1,2,1,1.0,6,13055,M,,,13
201200016495,12,11,22,1440,1,2,1,1.0,3,13055,M,4332590.0,538355.0,13
201200016496,12,11,21,1145,1,2,1,1.0,2,13055,M,,,13
201200016497,12,11,29,2045,5,2,1,1.0,2,13055,M,4332980.0,542956.0,13
201200016498,12,11,2,1445,1,2,1,1.0,2,13055,M,4336630.0,535676.0,13
201200016499,12,11,14,1400,1,2,1,1.0,6,13055,M,4337960.0,535720.0,13
201200016500,12,11,8,1645,1,2,1,1.0,3,13055,M,4333030.0,537039.0,13
201200016501,12,11,8,1415,1,2,2,1.0,3,13055,M,,,13
201200016502,12,11,22,950,1,2,3,1.0,3,13055,M,4333370.0,543135.0,13
201200016503,12,11,17,1715,2,2,1,1.0,6,13055,M,,,13
201200016504,12,11,17,1750,5,2,1,1.0,6,13055,M,4328890.0,539500.0,13
201200016505,12,11,29,1650,1,2,2,1.0,7,13055,M,4329120.0,538079.0,13
201200016506,12,11,23,2030,5,2,1,1.0,6,13055,M,,,13
201200016507,12,12,2,420,5,2,1,1.0,6,13055,M,4328770.0,535228.0,13
201200016508,12,12,1,1630,1,2,1,1.0,6,13055,M,4328850.0,538798.0,13
201200016509,12,11,15,1335,1,2,1,1.0,1,13055,M,4334010.0,535682.0,13
201200016510,12,12,4,550,5,2,1,1.0,2,13055,M,4328160.0,542551.0,13
201200016511,12,12,4,1600,1,2,1,1.0,3,13055,M,,,13
201200016512,12,11,20,805,1,2,1,1.0,3,13055,M,4329050.0,542196.0,13
201200016513,12,11,13,1930,5,2,1,1.0,2,13055,M,4329040.0,542517.0,13
201200016514,12,11,14,1815,5,2,1,1.0,6,13055,M,4325240.0,539163.0,13
201200016515,12,11,16,1838,5,2,1,1.0,3,13055,M,,,13
201200016516,12,11,28,1015,1,2,1,2.0,5,13055,M,4334230.0,537099.0,13
201200016517,12,11,28,750,2,2,1,1.0,6,13055,M,,,13
201200016518,12,11,5,1130,1,2,1,1.0,6,13055,M,,,13
201200016519,12,11,14,1100,1,2,1,1.0,6,13055,M,,,13
201200016520,12,11,8,1103,1,2,1,1.0,6,13055,M,,,13
201200016521,12,11,20,825,1,2,1,1.0,6,13055,M,,,13
201200016522,12,11,20,1130,1,2,1,1.0,6,13055,M,,,13
201200016523,12,11,21,1920,5,2,1,1.0,6,13055,M,,,13
201200016524,12,11,9,1835,5,2,1,1.0,6,13055,M,4330590.0,538370.0,13
201200016525,12,11,3,2255,5,2,3,1.0,6,13055,M,4336220.0,535728.0,13
201200016526,12,10,20,1000,1,2,1,1.0,6,13055,M,,,13
201200016527,12,11,18,2000,5,2,1,1.0,6,13055,M,,,13
201200016528,12,11,30,1330,1,2,3,1.0,3,13055,M,4336040.0,535754.0,13
201200016529,12,11,30,1720,5,2,1,1.0,3,13055,M,,,13
201200016530,12,11,4,545,5,2,1,1.0,3,13055,M,4332890.0,542727.0,13
201200016531,12,11,8,1230,1,2,3,1.0,3,13055,M,,,13
201200016532,12,11,7,1315,1,2,1,1.0,3,13055,M,4327540.0,539565.0,13
201200016533,12,11,1,1950,5,2,1,1.0,2,13055,M,4327940.0,538739.0,13
201200016534,12,11,29,1330,1,2,1,1.0,7,13055,M,4330440.0,540743.0,13
201200016535,12,11,22,900,1,2,1,8.0,7,13055,M,4336260.0,531577.0,13
201200016536,12,11,26,1750,5,2,1,2.0,7,13055,M,4331020.0,544654.0,13
201200016537,12,11,28,730,2,2,1,3.0,7,13055,M,4323950.0,543816.0,13
201200016538,12,11,2,2130,5,2,1,1.0,6,13055,M,4328930.0,548126.0,13
201200016539,12,11,27,1500,1,2,1,2.0,1,13055,M,4330380.0,544018.0,13
201200016540,12,11,20,1935,5,2,1,1.0,2,13055,M,,,13
201200016541,12,11,22,2025,5,2,1,1.0,1,13055,M,,,13
201200016542,12,11,14,1720,5,2,1,1.0,4,13055,M,4326420.0,539226.0,13
201200016543,12,11,21,830,1,2,1,1.0,3,13055,M,4324000.0,536681.0,13
201200016544,12,11,18,1800,2,2,9,1.0,3,13055,M,,,13
201200016545,12,11,28,745,1,2,1,3.0,6,13055,M,4324140.0,537894.0,13
201200016546,12,11,19,1915,5,2,1,1.0,3,13055,M,4330220.0,543782.0,13
201200016547,12,11,13,1840,5,2,1,1.0,6,13055,M,4331150.0,542539.0,13
201200016548,12,11,27,1815,2,2,1,3.0,6,13055,M,4327560.0,535939.0,13
201200016549,12,11,10,1100,1,2,1,2.0,6,13055,M,,,13
201200016550,12,11,13,730,2,2,3,1.0,6,13055,M,4323500.0,536020.0,13
201200016551,12,11,6,1050,1,2,1,1.0,3,13055,M,4330190.0,543068.0,13
201200016552,12,11,12,1715,2,2,1,1.0,6,13055,M,,,13
201200016553,12,12,6,450,5,2,1,1.0,1,13055,M,4333710.0,538560.0,13
201200016554,12,11,13,1600,1,2,1,1.0,3,13055,M,4331490.0,543909.0,13
201200016555,12,11,29,1745,5,2,1,1.0,2,13055,M,,,13
201200016556,12,11,21,840,1,2,1,1.0,6,13055,M,,,13
201200016557,12,11,20,1130,1,2,1,1.0,2,13055,M,4328640.0,541646.0,13
201200016558,12,11,19,1720,1,2,1,1.0,6,13055,M,4330470.0,539035.0,13
201200016559,12,11,27,2024,5,2,1,3.0,7,13055,M,4327180.0,539025.0,13
201200016560,12,11,27,740,1,2,1,2.0,3,13055,M,4326560.0,539027.0,13
201200016561,12,12,1,1140,1,2,1,1.0,3,13055,M,4328140.0,539948.0,13
201200016562,12,11,27,1900,5,2,1,2.0,1,13055,M,4327080.0,540796.0,13
201200016563,12,10,3,830,1,2,3,1.0,1,13055,M,,,13
201200016564,12,11,26,1030,2,2,1,1.0,6,13055,M,4328740.0,536364.0,13
201200016565,12,12,1,15,5,2,3,1.0,3,13055,M,4328860.0,538793.0,13
201200016566,12,10,20,1115,1,2,1,1.0,6,13055,M,,,13
201200016567,12,11,28,1210,1,2,1,1.0,2,13055,M,,,13
201200016568,12,11,20,1730,5,2,1,1.0,6,13055,M,4328650.0,537891.0,13
201200016569,12,12,3,850,1,2,1,1.0,2,13055,M,4330180.0,540073.0,13
201200016570,12,11,26,1730,1,2,1,2.0,7,13055,M,,,13
201200016571,12,11,19,1300,1,2,1,1.0,6,13055,M,4329030.0,537683.0,13
201200016572,12,12,1,1400,1,2,1,1.0,2,13055,M,4329760.0,538098.0,13
201200016573,12,11,28,800,1,2,1,2.0,6,13055,M,4327990.0,540974.0,13
201200016574,12,8,6,1200,1,2,1,3.0,1,13002,M,,,13
201200016575,12,10,15,1815,1,2,1,1.0,6,13055,M,,,13
201200016576,12,10,15,1600,1,2,1,1.0,3,13055,M,4335970.0,533908.0,13
201200016577,12,12,3,2110,5,2,1,1.0,5,13055,M,,,13
201200016578,12,10,18,740,1,2,1,1.0,6,13055,M,4324980.0,540440.0,13
201200016579,12,11,29,2200,5,2,1,6.0,2,13055,M,4329620.0,538549.0,13
201200016580,12,10,19,2055,3,2,1,1.0,6,13055,M,,,13
201200016581,12,10,6,1915,5,2,9,1.0,6,13055,M,,,13
201200016582,12,11,23,1700,1,2,1,1.0,2,13055,M,,,13
201200016583,12,11,28,745,1,2,3,2.0,6,13055,M,4333170.0,540761.0,13
201200016584,12,11,27,1015,1,2,3,2.0,3,13055,M,4332370.0,538767.0,13
201200016585,12,10,15,725,1,2,1,1.0,3,13055,M,,,13
201200016586,12,11,28,1730,2,2,1,1.0,1,13055,M,4331890.0,543929.0,13
201200016587,12,12,3,1230,1,2,1,1.0,6,13055,M,4328880.0,546153.0,13
201200016588,12,11,26,1725,5,2,3,2.0,7,13055,M,,,13
201200016589,12,11,20,1255,1,2,1,1.0,6,13055,M,4327430.0,539021.0,13
201200016590,12,11,19,1600,1,2,1,1.0,1,13055,M,4328870.0,545707.0,13
201200016591,12,12,1,1115,1,2,1,1.0,6,13055,M,4330620.0,540096.0,13
201200016592,12,10,11,1145,1,2,1,1.0,6,13002,M,4333630.0,547970.0,13
201200016593,12,11,16,1250,1,2,1,1.0,3,13055,M,4325430.0,538023.0,13
201200016594,12,11,28,1340,1,2,1,3.0,7,13002,M,,,13
201200016595,12,11,1,1640,1,2,1,1.0,6,13055,M,4329790.0,538109.0,13
201200016596,12,11,18,1800,3,2,3,1.0,3,13055,M,4328360.0,550242.0,13
201200016597,12,11,30,1400,1,2,1,1.0,2,13055,M,4324710.0,542436.0,13
201200016598,12,12,1,2029,5,2,1,1.0,1,13055,M,4335040.0,544299.0,13
201200016599,12,11,27,1330,1,2,1,2.0,3,13055,M,,,13
201200016600,12,11,6,1740,2,2,3,1.0,3,13055,M,4326810.0,538484.0,13
201200016601,12,11,15,755,2,2,1,9.0,2,13055,M,4327640.0,539734.0,13
201200016602,12,11,2,1510,1,2,3,1.0,2,13055,M,,,13
201200016603,12,12,1,1740,5,2,1,1.0,6,13055,M,4327150.0,540937.0,13
201200016604,12,12,2,1330,1,2,2,1.0,6,13055,M,4330960.0,543754.0,13
201200016605,12,12,1,1830,5,2,1,1.0,6,13055,M,4330510.0,541643.0,13
201200016606,12,12,3,1145,1,2,2,1.0,3,13055,M,4328520.0,539085.0,13
201200016607,12,11,21,200,5,2,1,1.0,3,13055,M,4329410.0,537400.0,13
201200016608,12,10,31,1800,2,2,1,1.0,6,13055,M,,,13
201200016609,12,10,25,1300,1,2,1,1.0,6,13055,M,,,13
201200016610,12,11,30,1615,5,2,1,1.0,6,13055,M,4329100.0,538308.0,13
201200016611,12,12,6,1420,1,2,1,1.0,6,13055,M,4329410.0,540640.0,13
201200016612,12,11,18,1600,1,2,1,1.0,3,13055,M,4329870.0,538089.0,13
201200016613,12,11,11,1800,3,2,1,1.0,3,13055,M,,,13
201200016614,12,12,5,1330,1,2,1,1.0,3,13055,M,4328850.0,539352.0,13
201200016615,12,10,25,1800,1,2,1,1.0,6,13055,M,,,13
201200016616,12,9,18,2015,1,2,1,1.0,3,13055,M,,,13
201200016617,12,10,19,1250,1,2,1,1.0,6,13055,M,,,13
201200016618,12,11,24,1545,1,2,1,1.0,6,13055,M,,,13
201200016619,12,12,6,1205,1,2,1,1.0,6,13055,M,4334700.0,535533.0,13
201200016620,12,11,13,1355,1,2,1,1.0,6,13055,M,4329020.0,537529.0,13
201200016621,12,10,25,900,1,2,1,1.0,3,13055,M,,,13
201200016622,12,11,22,1930,5,2,1,1.0,6,13055,M,,,13
201200016623,12,11,16,1545,1,2,1,1.0,6,13055,M,4327350.0,540039.0,13
201200016624,12,11,29,1600,1,2,1,1.0,6,13055,M,,,13
201200016625,12,11,25,525,5,2,1,1.0,2,13055,M,4325840.0,539888.0,13
201200016626,12,12,1,2355,5,2,1,1.0,6,13055,M,,,13
201200016627,12,11,22,1730,2,2,1,1.0,6,13055,M,,,13
201200016628,12,12,6,2215,5,2,3,1.0,3,13055,M,4329750.0,549658.0,13
201200016629,12,12,3,1220,1,2,1,1.0,2,13055,M,4328500.0,544008.0,13
201200016630,12,11,14,1730,5,2,1,1.0,6,13055,M,4329590.0,538086.0,13
201200016631,12,12,6,1715,5,2,1,1.0,7,13055,M,4331170.0,540118.0,13
201200016632,12,9,9,1910,2,2,1,1.0,6,13055,M,,,13
201200016633,12,12,1,20,5,2,5,1.0,3,13055,M,4329910.0,538529.0,13
201200016634,12,12,7,1815,3,2,3,1.0,3,13002,M,4333460.0,548552.0,13
201200016635,12,9,6,1645,1,2,1,1.0,2,13055,M,,,13
201200016636,12,9,12,1830,1,2,3,1.0,5,13055,M,,,13
201200016637,12,11,20,920,1,2,1,1.0,6,13055,M,4332520.0,538822.0,13
201200016638,12,10,15,1645,1,2,3,2.0,3,13055,M,,,13
201200016639,12,10,23,930,1,2,1,2.0,6,13055,M,,,13
201200016640,12,11,15,815,1,2,3,1.0,7,13055,M,4331080.0,538901.0,13
201200016641,12,12,13,800,1,2,1,2.0,2,13055,M,4329710.0,537972.0,13
201200016642,12,12,12,1630,1,2,1,1.0,6,13055,M,4329460.0,542408.0,13
201200016643,12,12,13,715,5,2,1,2.0,2,13055,M,4327340.0,541290.0,13
201200016644,12,12,16,1,5,2,3,1.0,6,13055,M,4337550.0,536523.0,13
201200016645,12,12,16,1140,1,1,1,2.0,5,13022,M,4323870.0,547875.0,13
201200016646,12,12,16,710,1,2,1,1.0,6,13055,M,,,13
201200016647,12,12,15,2110,5,2,1,1.0,6,13055,M,4329540.0,538325.0,13
201200016648,12,12,14,1940,5,2,1,2.0,2,13055,M,,,13
201200016649,12,12,17,1430,1,2,1,1.0,3,13055,M,4332460.0,541675.0,13
201200016650,12,12,4,720,1,2,4,1.0,1,13055,M,4329320.0,540452.0,13
201200016651,12,12,3,900,1,2,1,1.0,3,13055,M,4330290.0,538473.0,13
201200016652,12,12,6,1600,1,2,2,1.0,3,13055,M,4328180.0,540404.0,13
201200016653,12,12,3,1145,1,2,1,1.0,7,13055,M,4326310.0,539632.0,13
201200016654,12,11,5,1915,5,2,2,1.0,3,13055,M,4326500.0,539528.0,13
201200016655,12,8,19,345,5,2,1,1.0,6,13055,M,,,13
201200016656,12,12,5,1110,1,2,1,1.0,6,13055,M,4328820.0,546317.0,13
201200016657,12,12,6,1645,5,2,1,1.0,3,13055,M,4328160.0,542551.0,13
201200016658,12,11,30,900,1,2,1,1.0,3,13055,M,,,13
201200016659,12,11,29,1845,5,2,1,1.0,2,13055,M,4329380.0,545192.0,13
201200016660,12,11,12,1310,1,2,1,1.0,3,13055,M,4328770.0,537927.0,13
201200016661,12,12,11,1430,1,2,1,1.0,2,13055,M,4330620.0,540096.0,13
201200016662,12,10,5,1400,1,2,3,1.0,3,13055,M,,,13
201200016663,12,12,2,2000,5,2,1,1.0,7,13055,M,4332640.0,542162.0,13
201200016664,12,11,27,700,5,2,1,1.0,6,13055,M,,,13
201200016665,12,11,15,2015,5,2,1,1.0,6,13055,M,,,13
201200016666,12,11,22,1700,1,1,1,1.0,6,13055,M,,,13
201200016667,12,11,29,1655,2,2,1,6.0,6,13055,M,4331030.0,537908.0,13
201200016668,12,11,7,1040,1,2,1,1.0,3,13055,M,4331060.0,538129.0,13
201200016669,12,12,18,1145,1,2,1,1.0,6,13055,M,4329230.0,540105.0,13
201200016670,12,12,19,110,5,2,1,1.0,6,13055,M,4331840.0,539031.0,13
201200016671,12,12,20,25,5,2,1,1.0,6,13055,M,,,13
201200016672,12,12,19,1800,5,2,1,1.0,4,13055,M,4331840.0,539030.0,13
201200016673,12,12,14,745,2,2,3,1.0,6,13055,M,,,13
201200016674,12,12,12,1230,1,2,2,1.0,5,13055,M,4331200.0,541905.0,13
201200016675,12,11,18,2130,5,2,1,1.0,6,13055,M,4334090.0,541988.0,13
201200016676,12,12,13,1500,1,2,1,2.0,4,13055,M,4332860.0,538526.0,13
201200016677,12,12,12,1200,1,2,1,1.0,6,13055,M,4337110.0,535617.0,13
201200016678,12,12,10,800,2,2,1,2.0,7,13055,M,,,13
201200016679,12,12,17,1130,2,2,1,1.0,3,13055,M,,,13
201200016680,12,11,17,1355,1,2,1,1.0,3,13055,M,4331160.0,538914.0,13
201200016681,12,11,9,1315,1,2,3,1.0,3,13055,M,4326010.0,541588.0,13
201200016682,12,4,27,2345,5,2,1,1.0,1,13055,M,4331860.0,536785.0,13
201200016683,12,10,19,940,1,2,2,1.0,6,13055,M,,,13
201200016684,12,11,6,1105,1,2,1,1.0,6,13055,M,4325420.0,538222.0,13
201200016685,12,11,12,710,1,2,1,1.0,1,13055,M,4336340.0,531579.0,13
201200016686,12,12,14,300,5,2,1,2.0,7,13055,M,4329400.0,538476.0,13
201200016687,12,8,4,1130,1,2,2,1.0,3,13055,M,4330150.0,537401.0,13
201200016688,12,11,16,1900,5,2,1,1.0,6,13055,M,4331500.0,537022.0,13