Num_Acc,an,mois,jour,hrmn,lum,agg,int,atm,col,com,gps,lat,long,dep
201200016689,12,12,9,645,2,2,1,1.0,1,13055,M,4332760.0,543572.0,13
201200016690,12,12,7,1200,1,2,1,1.0,6,13055,M,4337080.0,536394.0,13
201200016691,12,11,7,2140,5,2,1,1.0,1,13055,M,4334040.0,542419.0,13
201200016692,12,11,12,1000,1,2,1,1.0,6,13055,M,4331070.0,537861.0,13
201200016693,12,12,3,1500,1,2,1,1.0,1,13055,M,,,13
201200016694,12,12,18,1420,1,2,1,1.0,6,13055,M,4333090.0,543199.0,13
201200016695,12,12,7,740,2,2,1,1.0,4,13055,M,4334600.0,538108.0,13
201200016696,12,12,20,1930,5,2,1,2.0,6,13055,M,4326760.0,541127.0,13
201200016697,12,11,7,5,5,2,3,1.0,1,13055,M,4329600.0,536626.0,13
201200016698,12,12,4,800,1,2,1,1.0,3,13055,M,4329900.0,540099.0,13
201200016699,12,11,28,1730,2,2,1,1.0,6,13075,M,,,13
201200016700,12,10,14,1700,1,2,1,1.0,6,13055,M,,,13
201200016701,12,10,26,600,5,2,1,1.0,2,13055,M,,,13
201200016702,12,11,11,100,5,2,1,1.0,2,13055,M,4328990.0,536654.0,13
201200016703,12,12,17,1630,1,2,1,1.0,1,13055,M,4331350.0,536808.0,13
201200016704,12,12,11,1330,1,2,1,1.0,6,13055,M,,,13
201200016705,12,12,22,1645,1,2,1,1.0,7,13055,M,4330280.0,537943.0,13
201200016706,12,12,14,1345,1,2,1,2.0,2,13055,M,4327750.0,542747.0,13
201200016707,12,12,16,515,5,2,1,1.0,3,13055,M,4326310.0,539632.0,13
201200016708,12,12,7,1745,5,2,1,2.0,3,13055,M,4332840.0,535937.0,13
201200016709,12,11,16,1215,1,2,2,1.0,3,13055,M,4329760.0,539349.0,13
201200016710,12,12,4,1115,1,2,1,1.0,3,13055,M,4329780.0,539052.0,13
201200016711,12,12,18,2000,5,2,2,1.0,3,13055,M,4328890.0,536075.0,13
201200016712,12,12,23,1600,1,2,1,1.0,7,13055,M,,,13
201200016713,12,12,19,1110,1,2,1,1.0,6,13055,M,4327630.0,541810.0,13
201200016714,12,12,4,825,1,2,1,1.0,6,13055,M,4329980.0,543985.0,13
201200016715,12,12,20,1625,3,1,1,2.0,7,13055,M,,,13
201200016716,12,11,21,1530,1,2,1,1.0,5,13055,M,,,13
201200016717,12,10,11,2015,2,2,1,1.0,6,13055,M,,,13
201200016718,12,12,5,930,1,2,3,1.0,3,13055,M,4325890.0,539420.0,13
201200016719,12,12,19,1830,5,2,1,1.0,5,13055,M,4327920.0,541339.0,13
201200016720,12,12,11,1250,1,2,1,1.0,6,13055,M,,,13
201200016721,12,12,4,1045,1,2,1,1.0,6,13055,M,,,13
201200016722,12,11,1,930,1,2,3,1.0,3,13055,M,4328670.0,539035.0,13
201200016723,12,11,20,30,5,2,1,1.0,2,13055,M,,,13
201200016724,12,11,12,1830,5,2,1,1.0,1,13055,M,,,13
201200016725,12,11,29,1045,1,2,1,1.0,6,13055,M,,,13
201200016726,12,12,5,940,1,2,1,1.0,3,13055,M,4330470.0,541566.0,13
201200016727,12,12,15,600,5,2,1,2.0,1,13055,M,4328750.0,544177.0,13
201200016728,12,12,17,2120,5,2,1,1.0,6,13055,M,4328200.0,538597.0,13
201200016729,12,12,10,745,1,2,3,1.0,3,13055,M,4325010.0,539596.0,13
201200016730,12,12,29,2100,5,2,4,1.0,6,13002,M,4323190.0,555529.0,13
201200016731,12,12,30,250,5,2,3,1.0,6,13055,M,4332700.0,535812.0,13
201200016732,12,12,29,600,5,2,1,1.0,2,13055,M,4333030.0,537039.0,13
201200016733,12,5,4,1500,1,2,1,1.0,7,13055,M,,,13
201200016734,12,11,24,1740,5,2,3,1.0,3,13055,M,4328690.0,535255.0,13
201200016735,12,2,28,1230,1,2,1,1.0,3,13055,M,,,13
201200016736,12,2,16,520,5,2,2,1.0,3,13055,M,,,13
201200016737,12,10,10,1350,1,2,1,1.0,2,13055,M,,,13
201200016738,12,7,26,700,2,2,1,1.0,3,13055,M,,,13
201200016739,12,2,28,1405,1,2,1,1.0,6,13055,M,,,13
201200016740,12,5,14,830,2,2,2,1.0,3,13055,M,,,13
201200016741,12,9,17,830,1,2,1,1.0,3,13055,M,,,13
201200016742,12,4,20,1945,1,2,1,1.0,1,13055,M,,,13
201200016743,12,4,22,1930,2,2,3,1.0,2,13055,M,,,13
201200016744,12,6,30,135,5,1,1,1.0,6,13055,M,,,13
201200016745,12,7,21,2315,5,2,3,1.0,3,13055,M,,,13
201200016746,12,9,17,1330,1,2,1,1.0,6,13055,M,,,13
201200016747,12,9,23,1550,1,2,1,1.0,1,13055,M,,,13
201200016748,12,11,10,1300,1,2,1,3.0,2,13055,M,,,13
201200016749,12,12,17,1620,1,2,1,1.0,4,13055,M,,,13
201200016750,12,1,17,1730,2,2,2,1.0,3,13002,M,4333228.0,548464.0,13
201200016751,12,6,30,1930,1,2,3,1.0,3,13055,M,,,13
201200016752,12,1,12,1245,1,2,2,1.0,5,13056,M,,,13
201200016753,12,1,20,1900,3,1,1,1.0,6,13056,M,,,13
201200016754,12,1,24,2225,3,1,1,1.0,6,13039,M,4348790.0,488485.0,13
201200016755,12,1,4,730,1,2,1,1.0,3,13077,M,,,13
201200016756,12,1,5,1700,1,2,1,1.0,3,13056,M,,,13
201200016757,12,1,6,750,1,2,3,1.0,3,13026,M,4338710.0,515142.0,13
201200016758,12,1,14,1555,1,2,1,1.0,2,13026,M,,,13
201200016759,12,1,20,1735,1,2,1,1.0,6,13056,M,,,13
201200016760,12,1,20,1810,5,2,1,1.0,6,13039,M,,,13
201200016761,12,1,23,1750,5,2,1,6.0,3,13056,M,,,13
201200016762,12,2,8,1500,1,1,1,1.0,2,13039,M,,,13
201200016763,12,1,2,1205,1,2,1,3.0,2,13056,M,4341420.0,503826.0,13
201200016764,12,1,16,1655,1,1,1,1.0,3,13026,M,,,13
201200016765,12,2,21,1145,1,2,1,1.0,1,13039,M,,,13
201200016766,12,2,12,1535,1,1,1,1.0,6,13056,M,,,13
201200016767,12,2,25,1220,1,2,1,1.0,2,13077,M,,,13
201200016768,12,2,26,800,1,2,1,1.0,5,13056,M,,,13
201200016769,12,2,23,1600,1,1,1,1.0,2,13039,M,,,13
201200016770,12,2,3,1650,1,2,1,1.0,5,13056,M,,,13
201200016771,12,2,20,1800,2,1,1,1.0,7,13056,M,,,13
201200016772,12,2,23,850,1,2,1,1.0,4,13056,M,,,13
201200016773,12,3,14,1345,1,2,1,1.0,6,13077,M,,,13
201200016774,12,3,21,1300,1,1,1,1.0,3,13056,M,,,13
201200016775,12,3,28,920,1,1,1,1.0,1,13056,M,,,13
201200016776,12,3,2,1725,1,1,1,1.0,2,13039,M,,,13
201200016777,12,3,5,745,1,1,1,6.0,7,13077,M,,,13
201200016778,12,3,9,1935,3,1,1,1.0,2,13039,M,,,13
201200016779,12,3,10,1020,1,2,1,1.0,2,13039,M,4346510.0,494085.0,13
201200016780,12,4,10,816,1,2,1,1.0,5,13056,M,,,13
201200016781,12,2,28,1735,1,1,3,1.0,1,13077,M,,,13
201200016782,12,3,16,650,2,2,1,1.0,3,13056,M,,,13
201200016783,12,3,16,800,1,1,1,1.0,6,13039,M,,,13
201200016784,12,3,17,1300,1,2,2,1.0,3,13056,M,,,13
201200016785,12,3,23,650,1,1,3,1.0,1,13039,M,4344950.0,492661.0,13
201200016786,12,3,21,720,1,2,1,1.0,1,13026,M,,,13
201200016787,12,4,4,1605,1,2,3,1.0,1,13077,M,,,13
201200016788,12,4,11,725,2,1,1,1.0,1,13039,M,,,13
201200016789,12,4,19,1625,1,2,1,1.0,3,13056,M,,,13
201200016790,12,4,12,1700,1,2,1,1.0,2,13056,M,,,13
201200016791,12,4,14,1545,1,2,3,1.0,7,13056,M,,,13
201200016792,12,4,14,1215,1,1,1,1.0,6,13039,M,,,13
201200016793,12,4,20,1130,1,2,2,1.0,2,13039,M,,,13
201200016794,12,4,21,1455,1,2,2,1.0,2,13056,M,,,13
201200016795,12,4,23,2125,5,2,1,1.0,3,13056,M,,,13
201200016796,12,5,24,2120,3,1,1,1.0,7,13056,M,,,13
201200016797,12,5,1,2100,5,1,1,1.0,7,13026,M,,,13
201200016798,12,5,2,815,1,2,3,1.0,2,13056,M,,,13
201200016799,12,5,5,1745,1,1,1,1.0,6,13039,M,,,13
201200016800,12,5,7,1740,1,2,1,1.0,6,13026,M,4339080.0,514441.0,13
201200016801,12,5,9,1410,1,1,1,1.0,3,13026,M,,,13
201200016802,12,5,11,1930,1,1,1,1.0,1,13077,M,,,13
201200016803,12,5,19,1747,1,2,1,1.0,3,13056,M,,,13
201200016804,12,5,20,1630,1,1,1,2.0,1,13056,M,,,13
201200016805,12,5,26,1505,1,2,1,1.0,3,13056,M,,,13
201200016806,12,5,26,2015,2,2,1,1.0,6,13056,M,,,13
201200016807,12,5,28,1202,1,2,9,1.0,2,13077,M,,,13
201200016808,12,5,25,1850,2,2,1,1.0,3,13039,M,,,13
201200016809,12,5,30,1350,1,2,1,1.0,3,13077,M,,,13
201200016810,12,6,4,1012,1,1,1,1.0,2,13077,M,,,13
201200016811,12,6,6,1030,1,2,1,1.0,3,13056,M,,,13
201200016812,12,6,4,1800,1,2,3,1.0,3,13026,M,4338660.0,516173.0,13
201200016813,12,6,5,615,1,2,1,1.0,6,13077,M,,,13
201200016814,12,9,25,1510,1,2,1,1.0,6,13077,M,,,13
201200016815,12,6,12,1200,1,2,3,1.0,3,13056,M,,,13
201200016816,12,6,13,1810,1,2,1,1.0,7,13056,M,,,13
201200016817,12,6,23,845,1,2,1,7.0,6,13056,M,4340750.0,505449.0,13
201200016818,12,6,24,1920,1,2,2,1.0,3,13056,M,,,13
201200016819,12,6,21,850,1,2,1,1.0,3,13056,M,,,13
201200016820,12,6,19,820,1,2,1,1.0,3,13026,M,,,13
201200016821,12,7,1,1815,1,1,1,1.0,7,13039,M,,,13
201200016822,12,6,30,1200,1,2,9,1.0,2,13056,M,,,13
201200016823,12,6,30,1200,1,2,2,1.0,3,13026,M,4338620.0,516934.0,13
201200016824,12,7,2,1715,1,2,3,1.0,3,13056,M,4341350.0,505691.0,13
201200016825,12,7,6,1140,1,1,1,1.0,3,13077,M,,,13
201200016826,12,7,13,745,1,2,1,1.0,3,13026,M,,,13
201200016827,12,7,19,1030,1,1,1,1.0,6,13026,M,,,13
201200016828,12,7,23,1635,1,2,1,1.0,1,13056,M,,,13
201200016829,12,7,24,1845,1,2,1,1.0,3,13056,M,,,13
201200016830,12,7,26,945,1,2,9,1.0,7,13056,M,,,13
201200016831,12,8,5,1415,1,1,1,1.0,6,13026,M,,,13
201200016832,12,8,6,1930,1,2,1,1.0,6,13056,M,,,13
201200016833,12,8,11,1400,1,1,1,1.0,1,13026,M,,,13
201200016834,12,8,11,1120,1,2,2,1.0,3,13056,M,,,13
201200016835,12,8,23,1810,1,1,1,1.0,2,13039,M,,,13
201200016836,12,8,24,2200,5,1,2,1.0,7,13056,M,,,13
201200016837,12,8,26,1800,1,1,1,1.0,1,13026,M,,,13
201200016838,12,8,21,715,2,1,1,5.0,1,13056,M,,,13
201200016839,12,8,28,1930,2,1,1,1.0,1,13077,M,,,13
201200016840,12,8,13,610,2,2,1,1.0,7,13026,M,,,13
201200016841,12,8,16,1640,1,2,1,1.0,3,13056,M,,,13
201200016842,12,8,17,1630,1,2,3,1.0,3,13026,M,,,13
201200016843,12,8,24,1400,1,1,1,1.0,2,13039,M,,,13
201200016844,12,8,31,755,1,2,1,1.0,3,13056,M,,,13
201200016845,12,9,6,710,1,1,1,1.0,3,13039,M,,,13
201200016846,12,8,9,1005,1,2,1,1.0,6,13056,M,,,13
201200016847,12,10,1,525,3,1,1,1.0,6,13039,M,,,13
201200016848,12,10,6,1720,1,2,1,1.0,2,13056,M,,,13
201200016849,12,10,6,1015,1,2,1,1.0,4,13056,M,,,13
201200016850,12,10,10,1725,1,1,1,1.0,2,13026,M,,,13
201200016851,12,10,10,1630,1,2,1,1.0,2,13056,M,4341400.0,505552.0,13
201200016852,12,10,13,1715,1,1,1,1.0,1,13056,M,,,13
201200016853,12,10,16,1730,1,2,4,1.0,3,13056,M,4340440.0,504254.0,13
201200016854,12,10,23,1645,1,2,1,1.0,2,13056,M,,,13
201200016855,12,10,25,840,1,2,9,1.0,1,13056,M,,,13
201200016856,12,10,25,730,2,1,1,1.0,2,13039,M,,,13
201200016857,12,10,27,1600,1,2,1,1.0,6,13056,M,,,13
201200016858,12,11,2,1355,1,1,3,1.0,5,13077,M,4342260.0,500444.0,13
201200016859,12,11,6,1515,1,2,1,1.0,6,13056,M,,,13
201200016860,12,11,6,1030,1,1,1,1.0,2,13039,M,,,13
201200016861,12,11,13,145,3,2,1,1.0,6,13026,M,,,13
201200016862,12,11,13,715,1,1,1,1.0,2,13039,M,4348670.0,488535.0,13
201200016863,12,11,14,1330,1,2,1,1.0,2,13077,M,,,13
201200016864,12,11,15,1135,1,2,1,1.0,3,13056,M,,,13
201200016865,12,11,16,1040,1,2,2,1.0,3,13077,M,,,13
201200016866,12,11,12,1000,1,1,1,1.0,6,13077,M,4342670.0,497110.0,13
201200016867,12,11,19,730,1,1,1,1.0,6,13039,M,,,13
201200016868,12,11,23,1715,1,2,1,1.0,3,13026,M,4338550.0,516883.0,13
201200016869,12,11,29,1120,1,1,1,1.0,3,13039,M,,,13
201200016870,12,11,28,1615,1,1,1,2.0,6,13039,M,4348670.0,488541.0,13
201200016871,12,11,28,1750,1,1,1,1.0,6,13056,M,4341030.0,505366.0,13
201200016872,12,12,6,650,5,2,1,1.0,6,13056,M,,,13
201200016873,12,12,8,2118,4,2,9,1.0,3,13039,M,,,13
201200016874,12,12,13,1615,1,1,1,2.0,1,13026,M,,,13
201200016875,12,12,14,1910,4,1,1,2.0,2,13056,M,,,13
201200016876,12,12,16,1450,1,2,1,1.0,3,13056,M,,,13
201200016877,12,12,20,1840,1,2,1,1.0,6,13056,M,,,13
201200016878,12,12,21,1215,1,2,9,1.0,3,13056,M,,,13
201200016879,12,12,21,1825,5,2,1,1.0,2,13039,M,,,13
201200016880,12,12,29,1720,1,1,1,1.0,1,13039,M,,,13
201200016881,12,12,31,1700,1,1,1,1.0,5,13039,M,4345020.0,493524.0,13
201200016882,12,11,2,200,5,2,1,1.0,6,13056,M,,,13
201200016883,12,12,23,945,1,2,1,1.0,3,13026,M,,,13
201200016884,12,12,26,1015,1,2,1,1.0,2,13056,M,,,13
201200016885,12,1,8,1020,1,1,1,1.0,2,13103,M,,,13
201200016886,12,1,12,1810,2,2,1,1.0,6,13103,M,,,13
201200016887,12,1,23,940,1,2,7,1.0,6,13103,M,4363580.0,509833.0,13
201200016888,12,3,12,1600,1,1,1,1.0,3,13103,M,,,13
201200016889,12,3,16,1740,1,2,1,1.0,6,13103,M,4363760.0,509713.0,13
201200016890,12,3,27,2115,3,1,8,1.0,7,13103,M,,,13
201200016891,12,4,14,1620,1,2,6,1.0,6,13103,M,,,13
201200016892,12,4,17,2138,5,2,1,1.0,6,13103,M,,,13
201200016893,12,4,23,1445,1,1,1,1.0,2,13103,M,4366000.0,509625.0,13
201200016894,12,5,2,1800,1,2,1,1.0,2,13103,M,,,13
201200016895,12,5,10,820,1,2,3,1.0,6,13103,M,,,13
201200016896,12,5,11,1700,1,2,3,1.0,3,13103,M,,,13
201200016897,12,5,26,925,1,2,3,1.0,6,13103,M,,,13
201200016898,12,5,27,355,5,2,2,1.0,3,13103,M,,,13
201200016899,12,7,12,2025,1,2,2,1.0,1,13103,M,4364140.0,510293.0,13
201200016900,12,7,13,1450,1,2,1,1.0,1,13103,M,,,13
201200016901,12,7,18,1320,1,1,3,1.0,3,13103,M,,,13
201200016902,12,8,3,1800,1,2,9,1.0,6,13103,M,,,13
201200016903,12,9,17,1800,1,2,1,1.0,7,13103,M,,,13
201200016904,12,9,20,1,5,2,6,1.0,6,13103,M,4364050.0,507684.0,13
201200016905,12,9,21,1730,1,2,1,1.0,3,13103,M,,,13
201200016906,12,10,16,1120,1,2,3,1.0,6,13103,M,4363820.0,510234.0,13
201200016907,12,12,1,1740,3,1,1,1.0,6,13103,M,4362910.0,513039.0,13
201200016908,12,10,24,1630,1,2,4,1.0,3,13103,M,4363060.0,509783.0,13
201200016909,12,11,14,940,1,2,1,1.0,6,13103,M,4364670.0,509345.0,13
201200016910,12,12,18,1120,1,2,9,1.0,7,13103,M,4365410.0,509846.0,13
201200016911,12,1,10,1815,3,1,1,1.0,7,13108,M,,,13
201200016912,12,1,13,1110,1,1,2,1.0,3,13108,M,,,13
201200016913,12,2,7,800,1,2,2,1.0,3,13108,M,,,13
201200016914,12,2,19,2245,3,1,1,1.0,7,13004,M,4363390.0,454544.0,13
201200016915,12,3,14,900,1,1,1,1.0,2,13108,M,,,13
201200016916,12,3,10,1030,1,2,9,1.0,3,13108,M,,,13
201200016917,12,4,2,2115,5,2,1,1.0,7,13108,M,,,13
201200016918,12,4,12,1830,2,2,3,1.0,3,30032,M,4380725.0,460999.0,30
201200016919,12,4,30,1615,1,2,1,1.0,1,30032,M,,,30
201200016920,12,3,10,2055,3,2,3,1.0,3,13108,M,,,13
201200016921,12,5,31,1700,1,2,1,1.0,2,13108,M,4383580.0,467367.0,13
201200016922,12,5,11,2010,1,2,6,1.0,3,13108,M,4382180.0,502298.0,13
201200016923,12,6,10,1400,1,2,3,1.0,5,13108,M,4380670.0,466331.0,13
201200016924,12,6,16,1520,1,2,1,1.0,6,30032,M,4379243.0,461645.0,30
201200016925,12,6,22,1200,1,2,1,1.0,6,13108,M,,,13
201200016926,12,6,14,1850,1,2,1,1.0,6,30032,M,4380971.0,464101.0,30
201200016927,12,7,23,1200,1,1,3,1.0,2,13108,M,,,13
201200016928,12,8,9,740,2,1,1,1.0,3,13108,M,,,13
201200016929,12,8,24,755,1,1,1,1.0,6,30032,M,4381233.0,462580.0,30
201200016930,12,9,1,2025,3,1,1,1.0,6,13108,M,,,13
201200016931,12,9,18,730,1,2,1,1.0,2,13108,M,,,13
201200016932,12,10,9,843,1,1,2,1.0,3,13108,M,,,13
201200016933,12,11,13,1850,3,1,1,1.0,5,30032,M,4378025.0,454993.0,30
201200016934,12,11,25,1845,3,2,1,1.0,1,13108,M,,,13
201200016935,12,11,10,735,2,1,1,1.0,7,13108,M,,,13
201200016936,12,1,2,1115,1,2,1,2.0,6,13117,M,,,13
201200016937,12,1,2,1225,1,1,1,2.0,2,13071,M,,,13
201200016938,12,1,2,1230,1,1,1,2.0,6,13117,M,,,13
201200016939,12,1,2,1430,1,1,1,2.0,7,13117,M,,,13
201200016940,12,1,2,1830,2,1,1,1.0,7,13117,M,,,13
201200016941,12,1,3,1935,3,2,1,1.0,3,13117,M,,,13
201200016942,12,1,6,950,1,1,3,1.0,3,13071,M,,,13
201200016943,12,1,6,1830,5,2,6,1.0,3,13117,M,4344640.0,524816.0,13
201200016944,12,1,11,1410,1,2,2,1.0,6,13117,M,,,13
201200016945,12,1,11,1750,5,1,1,1.0,3,13117,M,,,13
201200016946,12,1,14,1920,5,2,1,1.0,4,13117,M,,,13
201200016947,12,1,18,1135,1,2,2,1.0,3,13071,M,,,13
201200016948,12,1,26,1440,1,1,1,1.0,7,13071,M,,,13
201200016949,12,1,27,815,1,1,1,1.0,4,13019,M,,,13
201200016950,12,1,28,700,5,1,3,2.0,7,13071,M,,,13
201200016951,12,1,28,1355,1,2,2,1.0,7,13071,M,,,13
201200016952,12,1,28,1900,3,2,3,1.0,3,13071,M,,,13
201200016953,12,1,30,945,1,2,2,8.0,7,13019,M,,,13
201200016954,12,1,31,1730,1,2,2,9.0,4,13117,M,,,13
201200016955,12,2,3,1830,3,1,1,9.0,2,13117,M,,,13
201200016956,12,2,8,1415,1,1,1,1.0,7,13117,M,,,13
201200016957,12,2,9,1740,1,1,1,1.0,3,13019,M,,,13
201200016958,12,2,13,1730,1,2,3,1.0,3,13117,M,,,13
201200016959,12,2,15,1740,1,2,2,6.0,3,13071,M,,,13
201200016960,12,2,17,1230,1,2,6,1.0,2,13117,M,,,13
201200016961,12,2,19,1640,1,1,1,1.0,2,13117,M,,,13
201200016962,12,2,24,840,1,2,1,1.0,2,13117,M,,,13
201200016963,12,2,26,1430,1,1,1,1.0,1,13117,M,,,13
201200016964,12,2,27,920,1,2,1,1.0,7,13117,M,,,13
201200016965,12,2,27,1840,2,1,1,1.0,6,13071,M,,,13
201200016966,12,2,29,815,1,2,1,1.0,3,13071,M,,,13
201200016967,12,3,3,220,5,2,1,1.0,7,13019,M,4344010.0,536665.0,13
201200016968,12,3,3,750,1,1,1,1.0,2,13071,M,,,13
201200016969,12,3,5,1140,1,1,1,1.0,1,13071,M,,,13
201200016970,12,3,5,1920,3,1,1,1.0,3,13117,M,,,13
201200016971,12,3,8,1045,1,1,1,1.0,2,13071,M,,,13
201200016972,12,3,10,2330,5,1,1,1.0,2,13071,M,,,13
201200016973,12,3,10,1115,1,1,9,1.0,3,13019,M,,,13
201200016974,12,3,14,1210,1,2,1,1.0,2,13117,M,,,13
201200016975,12,3,14,1300,1,2,2,1.0,2,13117,M,4342770.0,526241.0,13
201200016976,12,3,14,1800,1,2,3,1.0,3,13117,M,,,13
201200016977,12,3,16,940,1,2,3,1.0,6,13071,M,,,13
201200016978,12,3,23,350,3,1,1,8.0,7,13019,M,,,13
201200016979,12,3,25,1400,1,2,4,1.0,2,13117,M,4343100.0,524054.0,13
201200016980,12,3,27,850,1,2,1,1.0,7,13117,M,4344860.0,524665.0,13
201200016981,12,3,27,1230,1,1,1,1.0,7,13071,M,,,13
201200016982,12,3,28,2100,5,2,2,1.0,3,13117,M,4342610.0,527833.0,13
201200016983,12,3,30,1700,1,2,1,1.0,6,13071,M,,,13
201200016984,12,3,31,1200,1,1,9,1.0,5,13071,M,,,13
201200016985,12,4,1,1730,1,2,1,1.0,7,13071,M,,,13
201200016986,12,4,2,945,1,1,1,1.0,4,13117,M,,,13
201200016987,12,4,2,1015,1,2,1,1.0,3,13117,M,,,13
201200016988,12,4,3,1846,1,2,1,2.0,3,13019,M,,,13
201200016989,12,4,7,1145,1,2,1,1.0,6,13117,M,4343450.0,526078.0,13
201200016990,12,4,8,1320,1,2,4,1.0,2,13019,M,4345250.0,535872.0,13
201200016991,12,4,11,800,1,2,1,1.0,6,13117,M,,,13
201200016992,12,4,11,755,1,1,1,2.0,7,13117,M,,,13
201200016993,12,4,11,1600,1,2,1,1.0,2,13071,M,,,13
201200016994,12,4,14,1315,1,2,1,1.0,7,13117,M,,,13
201200016995,12,4,15,1400,1,2,1,1.0,2,13019,M,,,13
201200016996,12,4,17,1930,1,2,3,1.0,3,13117,M,,,13
201200016997,12,4,18,1650,1,2,2,1.0,2,13071,M,,,13
201200016998,12,4,19,950,1,2,1,8.0,7,13117,M,,,13
201200016999,12,4,20,750,1,2,1,1.0,3,13117,M,,,13
201200017000,12,4,22,310,3,1,1,8.0,7,13117,M,,,13
201200017001,12,4,22,400,3,1,1,2.0,6,13071,M,4341640.0,527621.0,13
201200017002,12,4,22,715,1,2,6,1.0,6,13117,M,,,13
201200017003,12,4,22,1625,1,2,1,1.0,2,13071,M,,,13
201200017004,12,4,23,2050,5,2,1,8.0,6,13117,M,,,13
201200017005,12,4,24,905,1,2,6,1.0,7,13117,M,,,13
201200017006,12,4,24,935,1,1,1,1.0,2,13117,M,,,13
201200017007,12,4,24,1135,1,2,1,1.0,6,13117,M,,,13
201200017008,12,4,27,745,1,1,6,1.0,2,13117,M,,,13
201200017009,12,4,28,1030,1,1,1,1.0,6,13081,M,4350450.0,522118.0,13
201200017010,12,4,29,1155,1,2,1,1.0,2,13071,M,,,13
201200017011,12,4,29,1300,1,2,1,1.0,7,13117,M,,,13
201200017012,12,4,29,1400,1,2,1,1.0,7,13117,M,,,13
201200017013,12,5,16,930,1,1,1,1.0,7,13117,M,,,13
201200017014,12,5,16,1730,1,2,3,1.0,3,13071,M,,,13
201200017015,12,5,19,1315,1,2,3,1.0,3,13071,M,,,13
201200017016,12,5,21,710,2,1,1,2.0,7,13117,M,,,13
201200017017,12,5,21,1300,1,1,1,3.0,6,13117,M,,,13
201200017018,12,5,21,1730,1,2,1,2.0,3,13117,M,,,13
201200017019,12,5,22,850,1,1,1,2.0,1,13071,M,,,13
201200017020,12,5,22,1255,1,1,1,8.0,1,13019,M,,,13
201200017021,12,5,23,1300,1,2,3,1.0,3,13117,M,,,13
201200017022,12,5,24,2210,5,2,1,1.0,6,13071,M,,,13
201200017023,12,5,25,1300,1,2,1,1.0,2,13117,M,,,13
201200017024,12,5,25,1410,1,2,1,1.0,1,13071,M,,,13
201200017025,12,5,25,1720,1,2,1,1.0,2,13117,M,,,13
201200017026,12,5,26,145,3,1,1,1.0,6,13117,M,,,13
201200017027,12,5,29,910,1,1,1,1.0,2,13019,M,,,13
201200017028,12,5,29,925,1,2,1,1.0,2,13071,M,,,13
201200017029,12,5,29,1430,1,1,1,1.0,2,13019,M,,,13
201200017030,12,5,31,1540,1,1,1,1.0,7,13071,M,,,13
201200017031,12,5,31,2000,2,2,1,1.0,7,13071,M,,,13
201200017032,12,6,1,900,1,2,1,1.0,2,13117,M,4345770.0,523287.0,13
201200017033,12,6,1,1910,1,2,1,1.0,7,13071,M,4341600.0,534993.0,13
201200017034,12,6,2,1505,1,1,1,1.0,7,13071,M,,,13
201200017035,12,6,2,1745,1,1,1,1.0,3,13019,M,,,13
201200017036,12,6,3,1810,1,2,6,1.0,5,13117,M,4342190.0,526960.0,13
201200017037,12,6,4,730,1,1,1,1.0,2,13117,M,,,13
201200017038,12,6,4,910,1,1,1,1.0,3,13117,M,,,13
201200017039,12,6,4,1750,1,2,1,1.0,3,13071,M,,,13
201200017040,12,6,4,1850,1,2,1,1.0,4,13019,M,,,13
201200017041,12,6,5,920,1,2,1,1.0,2,13117,M,,,13
201200017042,12,6,7,1430,1,1,1,1.0,2,13001,M,4345650.0,532723.0,13
201200017043,12,6,8,655,1,2,6,1.0,3,13117,M,,,13
201200017044,12,6,8,900,1,2,1,1.0,7,13117,M,,,13
201200017045,12,6,10,1010,1,2,1,1.0,3,13071,M,,,13
201200017046,12,6,10,1205,1,1,1,1.0,3,13117,M,,,13
201200017047,12,6,12,1420,1,2,3,1.0,3,13117,M,,,13
201200017048,12,6,11,1815,1,2,1,1.0,3,13117,M,,,13
201200017049,12,6,12,1930,1,1,1,1.0,2,13071,M,,,13
201200017050,12,6,13,1340,1,2,1,1.0,3,13117,M,,,13
201200017051,12,6,13,1150,1,2,2,1.0,1,13071,M,,,13
201200017052,12,6,14,1105,1,2,1,1.0,7,13117,M,,,13
201200017053,12,6,14,1510,1,1,1,1.0,3,13117,M,,,13
201200017054,12,6,15,1745,1,2,1,1.0,6,13019,M,,,13
201200017055,12,6,16,2215,5,2,6,1.0,6,13117,M,,,13
201200017056,12,6,16,1050,1,1,1,1.0,7,13019,M,,,13
201200017057,12,6,19,1310,1,2,1,1.0,3,13117,M,,,13
201200017058,12,6,20,830,1,2,3,2.0,3,13117,M,,,13
201200017059,12,6,20,745,1,2,1,2.0,6,13117,M,,,13
201200017060,12,6,21,820,1,2,1,1.0,3,13117,M,,,13
201200017061,12,6,21,1250,1,2,1,1.0,2,13117,M,,,13
201200017062,12,6,21,1320,1,1,1,1.0,6,13117,M,,,13
201200017063,12,6,21,1230,1,2,1,1.0,3,13117,M,,,13
201200017064,12,6,21,1600,1,2,1,1.0,6,13071,M,,,13
201200017065,12,6,21,1800,1,1,1,1.0,3,13117,M,,,13
201200017066,12,6,22,1520,1,2,1,1.0,7,13071,M,,,13
201200017067,12,6,23,1150,1,2,1,1.0,3,13117,M,,,13