Num_Acc,an,mois,jour,hrmn,lum,agg,int,atm,col,com,gps,lat,long,dep
201200017068,12,6,28,830,1,1,1,1.0,7,13019,M,,,13
201200017069,12,7,2,30,3,2,1,2.0,7,13117,M,,,13
201200017070,12,7,4,1115,1,2,3,1.0,3,13117,M,4344410.0,525173.0,13
201200017071,12,7,5,1700,1,2,6,1.0,3,13019,M,4342140.0,536398.0,13
201200017072,12,7,5,1800,1,2,1,1.0,3,13117,M,,,13
201200017073,12,7,9,1840,1,2,6,1.0,3,13117,M,,,13
201200017074,12,7,14,630,2,1,6,1.0,7,13071,M,,,13
201200017075,12,7,14,1400,1,2,1,1.0,2,13117,M,,,13
201200017076,12,7,15,1920,1,1,1,1.0,3,13071,M,,,13
201200017077,12,7,18,2000,1,2,1,1.0,2,13117,M,,,13
201200017078,12,7,20,750,1,2,3,1.0,3,13117,M,4342320.0,524109.0,13
201200017079,12,7,20,1845,1,2,6,1.0,3,13019,M,4342180.0,536766.0,13
201200017080,12,7,21,530,2,2,1,1.0,6,13117,M,4342630.0,528915.0,13
201200017081,12,7,23,745,1,1,1,1.0,4,13117,M,,,13
201200017082,12,7,24,810,1,2,1,1.0,4,13117,M,,,13
201200017083,12,7,27,1250,1,2,1,1.0,2,13117,M,,,13
201200017084,12,8,1,1650,1,2,1,1.0,6,13117,M,,,13
201200017085,12,8,2,1250,1,2,3,1.0,3,13117,M,,,13
201200017086,12,8,7,1820,1,1,1,1.0,3,13071,M,,,13
201200017087,12,8,8,930,1,1,1,1.0,2,13071,M,,,13
201200017088,12,8,8,1200,1,1,3,1.0,3,13019,M,,,13
201200017089,12,8,10,1120,1,1,1,1.0,3,13117,M,,,13
201200017090,12,8,12,2310,5,2,6,1.0,7,13117,M,,,13
201200017091,12,8,13,1700,1,2,9,1.0,7,13071,M,,,13
201200017092,12,8,14,2310,5,2,9,1.0,3,13117,M,,,13
201200017093,12,8,15,2130,3,1,1,1.0,6,13019,M,,,13
201200017094,12,8,21,1345,1,2,1,1.0,7,13117,M,,,13
201200017095,12,8,22,220,5,1,1,1.0,6,13071,M,,,13
201200017096,12,8,22,1110,1,1,1,1.0,2,13117,M,,,13
201200017097,12,8,22,2050,1,2,1,1.0,7,13071,M,,,13
201200017098,12,8,24,1625,1,2,1,1.0,3,13117,M,4346840.0,523339.0,13
201200017099,12,8,24,1320,1,1,1,1.0,1,13019,M,,,13
201200017100,12,8,24,1640,1,1,1,1.0,6,13019,M,,,13
201200017101,12,8,27,1000,1,1,1,1.0,7,13117,M,,,13
201200017102,12,8,27,1155,1,2,1,1.0,4,13117,M,,,13
201200017103,12,8,29,1930,1,2,3,1.0,3,13071,M,,,13
201200017104,12,8,30,1210,1,2,1,2.0,7,13117,M,,,13
201200017105,12,8,30,1400,1,2,6,2.0,4,13117,M,,,13
201200017106,12,9,3,1930,2,2,1,8.0,3,13117,M,,,13
201200017107,12,9,4,1610,1,1,1,1.0,7,13117,M,,,13
201200017108,12,9,4,2240,5,2,6,1.0,6,13117,M,,,13
201200017109,12,9,8,1820,1,1,2,1.0,3,13019,M,,,13
201200017110,12,9,9,1650,1,2,1,1.0,3,13071,M,,,13
201200017111,12,9,10,1900,1,2,1,1.0,7,13117,M,,,13
201200017112,12,9,11,1245,1,2,1,1.0,3,13117,M,,,13
201200017113,12,9,12,1645,1,1,1,1.0,2,13117,M,,,13
201200017114,12,9,12,1950,2,2,3,1.0,3,13071,M,,,13
201200017115,12,9,13,1205,1,2,1,1.0,2,13117,M,,,13
201200017116,12,9,13,1805,1,2,2,1.0,3,13117,M,,,13
201200017117,12,9,13,2030,3,2,6,1.0,3,13071,M,,,13
201200017118,12,9,18,1045,1,1,1,1.0,1,13019,M,,,13
201200017119,12,9,19,900,1,1,1,1.0,4,13117,M,,,13
201200017120,12,9,20,1545,1,1,1,1.0,6,13117,M,,,13
201200017121,12,9,22,1730,1,2,1,1.0,3,13055,M,,,13
201200017122,12,9,23,130,3,1,1,1.0,6,13071,M,4340520.0,528322.0,13
201200017123,12,9,26,1430,1,2,2,1.0,7,13117,M,,,13
201200017124,12,9,28,940,1,1,2,1.0,3,13071,M,,,13
201200017125,12,9,28,1735,1,1,1,8.0,7,13117,M,,,13
201200017126,12,9,28,1830,1,1,1,1.0,7,13071,M,,,13
201200017127,12,9,29,1830,1,1,1,1.0,7,13117,M,,,13
201200017128,12,9,30,1700,1,1,1,2.0,7,13019,M,,,13
201200017129,12,9,30,1745,1,1,1,2.0,5,13071,M,,,13
201200017130,12,10,1,850,1,2,1,1.0,6,13071,M,,,13
201200017131,12,10,3,1815,1,2,1,1.0,3,13071,M,,,13
201200017132,12,10,3,820,1,2,1,1.0,2,13071,M,,,13
201200017133,12,10,5,1430,1,1,1,1.0,3,13071,M,,,13
201200017134,12,10,6,1450,1,2,1,1.0,1,13071,M,,,13
201200017135,12,10,7,1713,1,1,1,1.0,6,13019,M,,,13
201200017136,12,10,8,1840,1,2,1,1.0,2,13117,M,,,13
201200017137,12,10,9,1110,1,1,1,1.0,3,13071,M,,,13
201200017138,12,10,13,1820,1,2,1,1.0,1,13071,M,,,13
201200017139,12,10,13,2115,3,1,1,1.0,7,13117,M,,,13
201200017140,12,10,14,935,1,2,9,1.0,3,13117,M,,,13
201200017141,12,10,15,1350,1,1,1,1.0,4,13117,M,,,13
201200017142,12,10,15,1605,1,2,1,1.0,4,13117,M,,,13
201200017143,12,10,18,1700,1,1,1,1.0,3,13071,M,,,13
201200017144,12,10,19,1915,3,2,1,1.0,3,13071,M,,,13
201200017145,12,10,23,1350,1,2,1,1.0,6,13117,M,,,13
201200017146,12,10,25,1230,1,1,1,1.0,7,13019,M,,,13
201200017147,12,10,25,1925,3,1,1,1.0,6,13071,M,,,13
201200017148,12,10,26,1000,1,2,1,2.0,6,13117,M,,,13
201200017149,12,10,27,625,3,1,2,9.0,6,13117,M,,,13
201200017150,12,10,27,1515,1,1,1,6.0,7,13117,M,,,13
201200017151,12,11,1,255,3,1,1,2.0,7,13019,M,,,13
201200017152,12,11,5,1650,1,2,3,1.0,3,13117,M,4343100.0,524054.0,13
201200017153,12,11,8,1840,3,1,1,1.0,2,13117,M,,,13
201200017154,12,11,9,1905,3,1,1,1.0,4,13071,M,,,13
201200017155,12,11,10,2000,3,1,1,2.0,5,13071,M,,,13
201200017156,12,11,17,1710,3,1,2,1.0,2,13071,M,,,13
201200017157,12,11,18,1120,1,2,1,1.0,5,13071,M,4337970.0,535067.0,13
201200017158,12,11,20,1920,3,1,3,1.0,3,13071,M,4340790.0,530416.0,13
201200017159,12,11,21,910,1,2,1,1.0,3,13019,M,,,13
201200017160,12,11,21,1000,1,2,1,1.0,3,13117,M,,,13
201200017161,12,11,21,1850,5,2,1,1.0,2,13071,M,,,13
201200017162,12,11,21,2110,3,1,1,1.0,6,13071,M,,,13
201200017163,12,11,22,830,1,1,1,1.0,7,13054,M,4344680.0,523050.0,13
201200017164,12,11,23,1320,1,2,1,1.0,2,13071,M,4340090.0,526811.0,13
201200017165,12,11,24,1108,1,2,1,1.0,6,13071,M,,,13
201200017166,12,11,24,2205,3,1,1,2.0,1,13071,M,4340870.0,529965.0,13
201200017167,12,11,26,1655,1,2,2,3.0,7,13117,M,,,13
201200017168,12,11,26,1700,5,2,1,2.0,3,13071,M,,,13
201200017169,12,11,26,2045,3,1,1,2.0,6,13117,M,,,13
201200017170,12,11,27,1820,5,1,4,2.0,3,13071,M,4337350.0,535484.0,13
201200017171,12,11,29,940,1,1,2,1.0,2,13117,M,,,13
201200017172,12,12,1,1535,1,2,1,1.0,2,13019,M,,,13
201200017173,12,12,3,1750,3,2,1,1.0,7,13117,M,,,13
201200017174,12,12,4,1800,3,1,1,1.0,4,13117,M,,,13
201200017175,12,11,13,845,1,1,1,1.0,4,13117,M,,,13
201200017176,12,12,6,1330,1,2,2,1.0,7,13071,M,4339410.0,533706.0,13
201200017177,12,12,7,1720,2,1,1,2.0,1,13117,M,,,13
201200017178,12,12,7,2135,5,1,1,9.0,4,13106,M,4339870.0,536573.0,13
201200017179,12,12,8,815,1,1,2,9.0,6,13117,M,,,13
201200017180,12,12,9,240,5,1,1,1.0,6,13117,M,,,13
201200017181,12,12,10,1700,3,1,1,1.0,2,13019,M,,,13
201200017182,12,12,11,930,1,1,2,1.0,7,13071,M,,,13
201200017183,12,12,12,1255,1,1,1,1.0,6,13117,M,,,13
201200017184,12,12,13,1300,1,1,1,2.0,3,13071,M,,,13
201200017185,12,12,14,820,1,1,1,8.0,6,13117,M,,,13
201200017186,12,12,14,2100,5,2,6,2.0,3,13117,M,4342150.0,526909.0,13
201200017187,12,12,15,550,5,1,1,8.0,1,13117,M,4347310.0,523439.0,13
201200017188,12,12,15,1730,3,1,2,1.0,3,13019,M,4344210.0,536136.0,13
201200017189,12,12,16,40,5,2,1,1.0,6,13117,M,,,13
201200017190,12,12,18,1645,2,1,1,1.0,6,13019,M,,,13
201200017191,12,12,19,800,2,2,1,1.0,3,13043,M,4339610.0,524127.0,13
201200017192,12,12,19,1300,1,2,1,1.0,3,13019,M,,,13
201200017193,12,12,20,1620,1,2,1,8.0,4,13117,M,,,13
201200017194,12,12,20,1845,5,2,1,8.0,5,13117,M,,,13
201200017195,12,12,21,1145,1,2,1,1.0,1,13019,M,,,13
201200017196,12,12,22,1155,1,2,9,1.0,3,13071,M,,,13
201200017197,12,12,23,1910,3,2,2,1.0,3,13117,M,,,13
201200017198,12,12,26,730,3,2,1,2.0,7,13117,M,,,13
201200017199,12,12,29,2210,5,1,9,1.0,3,13071,M,,,13
201200017200,12,12,29,2315,4,1,1,1.0,3,13071,M,,,13
201200017201,12,12,31,1600,1,2,1,1.0,6,13117,M,,,13
201200017202,12,4,7,200,3,1,1,1.0,6,68066,M,4806193.0,738140.0,68
201200017203,12,5,1,545,2,1,1,1.0,2,68252,M,4814460.0,736830.0,68
201200017204,12,6,16,945,1,1,1,1.0,3,68113,M,4819350.0,739520.0,68
201200017205,12,7,19,1345,1,1,1,1.0,6,68252,M,4815347.0,737430.0,68
201200017206,12,7,18,1630,1,1,1,1.0,2,68082,M,4784040.0,739450.0,68
201200017207,12,9,10,1200,1,1,1,1.0,1,68066,M,4809165.0,738260.0,68
201200017208,12,9,15,1800,1,1,1,1.0,7,68205,M,4791700.0,736230.0,68
201200017209,12,9,20,2000,3,1,1,1.0,2,68242,M,4797010.0,737160.0,68
201200017210,12,10,17,930,1,1,1,1.0,2,68295,M,4801260.0,737590.0,68
201200017211,12,10,18,2115,3,1,1,1.0,2,68295,M,4802760.0,737200.0,68
201200017212,12,11,2,200,3,1,1,1.0,7,68066,M,4810330.0,738240.0,68
201200017213,12,3,15,1845,5,2,1,1.0,6,78356,M,4871975.0,210371.0,78
201200017214,12,4,17,1715,1,1,1,2.0,1,78356,M,0.0,0.0,78
201200017215,12,5,1,2045,1,2,9,1.0,2,78356,M,4872100.0,209399.0,78
201200017216,12,6,9,1400,1,2,1,1.0,6,78356,M,0.0,0.0,78
201200017217,12,8,19,1745,1,1,1,1.0,7,33174,M,0.0,0.0,33
201200017218,12,3,11,345,3,1,1,1.0,6,72058,M,0.0,0.0,72
201200017219,12,6,15,2200,3,1,1,2.0,1,72386,M,0.0,0.0,72
201200017220,12,7,1,1200,1,1,6,1.0,7,72115,M,0.0,0.0,72
201200017221,12,7,5,945,1,1,1,1.0,3,72217,M,0.0,0.0,72
201200017222,12,7,18,2230,3,1,1,1.0,4,72217,M,0.0,0.0,72
201200017223,12,7,20,1730,1,1,1,1.0,3,72386,M,0.0,0.0,72
201200017224,12,8,24,1615,1,1,1,1.0,7,72058,M,0.0,0.0,72
201200017225,12,8,30,930,1,1,1,1.0,7,72124,M,0.0,0.0,72
201200017226,12,11,2,1630,1,1,1,7.0,7,72320,M,0.0,0.0,72
201200017227,12,12,29,1545,1,1,1,2.0,7,72299,M,0.0,0.0,72
201200017228,12,1,27,700,3,1,2,1.0,3,72320,M,4807200.0,15600.0,72
201200017229,12,2,13,1000,1,1,2,1.0,5,72198,M,0.0,0.0,72
201200017230,12,5,19,1445,1,1,1,2.0,7,72066,M,4810900.0,10400.0,72
201200017231,12,6,24,415,3,2,1,1.0,1,72216,M,4816000.0,0.0,72
201200017232,12,8,4,2130,5,2,1,1.0,1,72065,M,0.0,0.0,72
201200017233,12,10,16,1800,1,1,1,1.0,1,72024,M,4811200.0,15100.0,72
201200017234,12,11,8,1130,1,1,1,1.0,5,72024,M,4812800.0,14400.0,72
201200017235,12,11,7,1545,1,1,1,8.0,6,72089,M,4812500.0,-2900.0,72
201200017236,12,4,20,1045,1,2,1,1.0,6,95394,M,4906510.0,218920.0,95
201200017237,12,6,30,1600,1,1,1,1.0,3,95678,M,4906150.0,222450.0,95
201200017238,12,9,30,1730,1,1,1,1.0,3,95394,M,4904620.0,216340.0,95
201200017239,12,11,14,845,1,2,1,1.0,6,95394,M,4905890.0,218840.0,95
201200017240,12,11,16,1900,2,2,1,1.0,3,95394,M,4905880.0,217090.0,95
201200017241,12,4,16,1800,1,1,1,1.0,6,72289,M,0.0,0.0,72
201200017242,12,4,23,845,1,1,1,3.0,2,72097,M,0.0,0.0,72
201200017243,12,1,2,1330,1,1,1,4.0,6,49099,M,4710854.0,-82720.0,49
201200017244,12,1,20,730,3,1,1,1.0,2,49022,M,4732317.0,-60487.0,49
201200017245,12,5,10,1130,1,1,1,1.0,7,85302,M,0.0,0.0,85
201200017246,12,6,25,1730,1,1,1,3.0,2,49167,M,4741113.0,-50773.0,49
201200017247,12,12,21,1830,3,1,1,8.0,2,49167,M,4740632.0,-50954.0,49
201200017248,12,1,6,1400,1,1,1,1.0,3,24274,M,4436300.0,83000.0,24
201200017249,12,1,12,700,3,1,1,9.0,6,24148,M,4479300.0,37100.0,24
201200017250,12,3,4,130,3,1,1,1.0,6,24168,M,0.0,0.0,24
201200017251,12,3,30,1800,1,1,1,7.0,6,24282,M,4472200.0,56300.0,24
201200017252,12,5,28,1130,1,1,1,1.0,3,24167,M,0.0,0.0,24
201200017253,12,7,24,900,1,1,1,1.0,6,24168,M,4416700.0,93300.0,24
201200017254,12,8,6,1600,1,1,1,1.0,3,24278,M,4477900.0,61400.0,24
201200017255,12,9,1,645,2,1,1,1.0,6,24331,M,,,24
201200017256,12,8,29,1745,1,1,2,1.0,3,24045,M,,,24
201200017257,12,9,14,630,3,1,1,1.0,1,24483,M,4474700.0,54300.0,24
201200017258,12,6,14,1215,1,2,1,1.0,3,68375,M,4778044.0,722438.0,68
201200017259,12,7,27,1700,1,1,1,1.0,7,68375,M,4777219.0,723010.0,68
201200017260,12,8,5,1030,1,1,1,1.0,1,68375,M,4780573.0,721040.0,68
201200017261,12,8,21,1615,1,1,1,1.0,6,68375,M,4777385.0,721684.0,68
201200017262,12,9,30,1015,1,2,1,1.0,3,68375,M,4779244.0,722856.0,68
201200017263,12,10,15,1930,3,1,1,1.0,1,68321,M,4783505.0,725300.0,68
201200017264,12,12,21,1515,1,2,1,8.0,6,68375,M,4778738.0,722510.0,68
201200017265,12,6,6,1730,1,1,1,1.0,7,19227,M,4529160.0,163703.0,19
201200017266,12,9,30,1330,1,1,1,1.0,7,19194,M,4531280.0,171429.0,19
201200017267,12,2,9,1345,1,2,1,1.0,6,67176,M,0.0,0.0,67
201200017268,12,3,8,1500,1,1,1,1.0,4,67291,M,0.0,0.0,67
201200017269,12,9,19,1600,1,2,1,1.0,1,67388,M,0.0,0.0,67
201200017270,12,1,13,415,5,2,1,1.0,6,14437,M,4918160.0,-32374.0,14
201200017271,12,1,15,455,4,2,1,1.0,6,14118,M,4918270.0,-35497.0,14
201200017272,12,1,16,915,1,2,1,1.0,6,14118,M,4918520.0,-35931.0,14
201200017273,12,1,22,1615,1,2,1,1.0,6,14101,M,4916170.0,-42739.0,14
201200017274,12,1,23,1830,5,2,3,1.0,3,14118,M,4918400.0,-35155.0,14
201200017275,12,1,24,815,2,1,1,8.0,6,14327,M,4920660.0,-31457.0,14
201200017276,12,1,27,1755,3,2,6,1.0,3,14118,M,4920350.0,-36109.0,14
201200017277,12,1,28,1820,5,2,2,1.0,3,14341,M,4914850.0,-34526.0,14
201200017278,12,1,31,2205,5,2,3,1.0,3,14437,M,4917940.0,-33431.0,14
201200017279,12,2,17,500,5,2,1,1.0,6,14118,M,4918590.0,-33663.0,14
201200017280,12,2,23,945,1,2,3,1.0,6,14118,M,4919260.0,-39359.0,14
201200017281,12,3,2,245,5,2,1,1.0,6,14118,M,4918640.0,-40125.0,14
201200017282,12,3,9,1833,1,2,3,1.0,3,14118,M,4919400.0,-35987.0,14
201200017283,12,3,15,740,1,1,1,1.0,2,14437,M,4916570.0,-30428.0,14
201200017284,12,3,23,1405,1,2,1,1.0,3,14437,M,4916280.0,-29674.0,14
201200017285,12,3,29,1658,1,2,1,1.0,6,14327,M,4919650.0,-33008.0,14
201200017286,12,3,29,1720,1,2,1,1.0,6,14118,M,4918220.0,-36139.0,14
201200017287,12,4,3,2120,5,2,1,1.0,6,14118,M,4917490.0,-35207.0,14
201200017288,12,4,6,550,5,2,1,1.0,2,14118,M,4918320.0,-38657.0,14
201200017289,12,4,13,820,1,2,1,1.0,3,14118,M,4920210.0,-36084.0,14
201200017290,12,4,14,1625,1,2,2,2.0,3,14118,M,4919440.0,-39525.0,14
201200017291,12,4,18,1835,1,2,1,2.0,2,14118,M,4917630.0,-35798.0,14
201200017292,12,4,25,1050,1,2,3,2.0,3,14118,M,4917890.0,-40252.0,14
201200017293,12,4,28,10,5,2,1,2.0,6,14118,M,,,14
201200017294,12,4,27,1215,1,2,3,1.0,3,14118,M,4920300.0,-38593.0,14
201200017295,12,4,26,1815,1,2,1,1.0,6,14118,M,4918690.0,-38073.0,14
201200017296,12,5,18,1500,1,2,1,1.0,6,14118,M,4919940.0,-38262.0,14
201200017297,12,5,18,1900,1,2,1,1.0,2,14118,M,4917030.0,-35323.0,14
201200017298,12,5,24,1755,1,1,1,1.0,4,14437,M,4916660.0,-30350.0,14
201200017299,12,5,28,1725,1,1,1,1.0,5,14118,M,4919560.0,-38475.0,14
201200017300,12,5,30,714,1,2,1,1.0,6,14327,M,4919480.0,-33504.0,14
201200017301,12,5,25,1540,1,2,1,1.0,6,14118,M,4918720.0,-36021.0,14
201200017302,12,6,5,740,1,2,1,8.0,3,14181,M,4916030.0,-33399.0,14
201200017303,12,6,7,1230,1,2,1,3.0,6,14118,M,4920970.0,-36725.0,14
201200017304,12,6,7,1045,1,2,1,3.0,6,14118,M,4917070.0,-35282.0,14
201200017305,12,6,21,1215,1,1,1,8.0,3,14327,M,4920660.0,-31440.0,14
201200017306,12,6,23,2035,1,2,1,1.0,6,14437,M,4917040.0,-31045.0,14
201200017307,12,6,24,605,1,2,3,1.0,2,14327,M,,,14
201200017308,12,6,27,1425,1,2,3,1.0,3,14118,M,4917460.0,-33831.0,14
201200017309,12,6,27,1315,1,2,1,1.0,6,14118,M,4919360.0,-39445.0,14
201200017310,12,6,29,2340,5,2,3,1.0,3,14118,M,4919070.0,-39188.0,14
201200017311,12,7,9,1645,1,2,1,1.0,6,14221,M,4917870.0,-26514.0,14
201200017312,12,7,5,850,1,2,1,1.0,6,14118,M,4917440.0,-33917.0,14
201200017313,12,7,12,2010,1,2,1,2.0,4,14118,M,4918200.0,-35945.0,14
201200017314,12,7,19,1532,1,2,1,1.0,6,14118,M,4918440.0,-35872.0,14
201200017315,12,7,21,2025,1,1,1,1.0,6,14327,M,4921810.0,-31746.0,14
201200017316,12,7,19,1045,1,2,3,1.0,6,14118,M,4920630.0,-37021.0,14
201200017317,12,7,24,1745,1,2,3,1.0,3,14118,M,4919900.0,-39073.0,14
201200017318,12,7,29,1920,1,2,1,1.0,6,14118,M,4917490.0,-34323.0,14
201200017319,12,8,3,1645,1,2,2,2.0,3,14242,M,4921900.0,-36701.0,14
201200017320,12,8,3,2130,5,2,1,1.0,1,14118,M,4918180.0,-35062.0,14
201200017321,12,8,7,1555,1,2,1,1.0,3,14118,M,4919820.0,-35408.0,14
201200017322,12,8,9,2320,5,2,1,1.0,6,14341,M,,,14
201200017323,12,8,16,1650,1,2,1,1.0,6,14118,M,4918310.0,-36164.0,14
201200017324,12,8,17,735,1,2,2,1.0,3,14118,M,4917250.0,-33698.0,14
201200017325,12,8,21,2015,1,2,1,1.0,2,14327,M,4921570.0,-33862.0,14
201200017326,12,9,6,1625,1,2,1,1.0,2,14437,M,,,14
201200017327,12,9,10,935,1,1,3,1.0,3,14137,M,,,14
201200017328,12,9,5,840,1,2,1,1.0,6,14118,M,,,14
201200017329,12,9,14,400,5,2,1,1.0,6,14327,M,,,14
201200017330,12,9,17,910,1,2,1,1.0,6,14118,M,,,14
201200017331,12,9,24,1030,1,2,2,1.0,3,14101,M,,,14
201200017332,12,9,30,1730,1,2,3,1.0,3,14271,M,,,14
201200017333,12,10,1,550,2,2,1,1.0,2,14118,M,,,14
201200017334,12,10,4,1345,1,2,1,1.0,6,14118,M,,,14
201200017335,12,10,15,200,5,1,1,1.0,7,14118,M,,,14
201200017336,12,10,21,630,5,2,1,2.0,6,14118,M,,,14
201200017337,12,10,25,1630,1,2,1,1.0,6,14118,M,,,14
201200017338,12,10,25,1900,1,2,3,1.0,6,14118,M,,,14
201200017339,12,10,27,1915,5,2,2,2.0,6,14118,M,,,14
201200017340,12,10,27,1115,1,2,1,1.0,6,14118,M,,,14
201200017341,12,10,18,1600,1,2,1,1.0,6,14118,M,,,14
201200017342,12,10,31,1720,1,2,1,1.0,2,14271,M,,,14
201200017343,12,11,2,2025,5,2,1,1.0,6,14118,M,,,14
201200017344,12,11,2,1350,1,2,3,3.0,3,14271,M,,,14
201200017345,12,11,5,1805,5,2,1,2.0,6,14118,M,,,14
201200017346,12,11,21,1205,1,2,1,1.0,6,14118,M,,,14
201200017347,12,11,25,1200,1,2,1,1.0,2,14118,M,,,14
201200017348,12,11,25,1730,3,1,1,1.0,6,14566,M,,,14
201200017349,12,11,27,115,5,2,1,1.0,2,14437,M,,,14
201200017350,12,11,28,1825,3,2,1,2.0,6,14118,M,,,14
201200017351,12,11,28,1825,3,2,1,3.0,6,14118,M,,,14
201200017352,12,11,29,1410,1,2,1,1.0,6,14118,M,,,14
201200017353,12,11,30,1325,1,2,1,1.0,7,14118,M,,,14
201200017354,12,12,6,1350,1,2,1,1.0,1,14118,M,,,14
201200017355,12,11,30,1115,1,2,1,1.0,6,14118,M,,,14
201200017356,12,12,14,2145,5,2,1,1.0,6,14118,M,,,14
201200017357,12,12,10,1815,5,2,1,1.0,2,14118,M,,,14
201200017358,12,12,17,1900,5,2,1,2.0,6,14118,M,,,14
201200017359,12,12,20,1215,1,1,1,8.0,6,14383,M,,,14
201200017360,12,12,27,500,5,2,1,1.0,6,14118,M,,,14
201200017361,12,2,22,1730,1,1,1,7.0,1,31454,M,4341269.0,112408.0,31
201200017362,12,5,3,1900,1,1,1,1.0,6,31454,M,0.0,0.0,31
201200017363,12,5,19,1145,1,2,1,8.0,7,31547,M,4350723.0,130118.0,31
201200017364,12,6,15,1900,1,1,1,1.0,3,31065,M,0.0,0.0,31
201200017365,12,1,28,1835,5,2,3,8.0,2,14225,M,4928130.0,-9604.0,14
201200017366,12,4,6,1225,1,2,3,1.0,6,14225,M,4928680.0,-9899.0,14
201200017367,12,6,4,2110,1,2,1,1.0,2,14117,M,4928620.0,-13304.0,14
201200017368,12,8,5,1800,1,2,3,3.0,3,14225,M,4929280.0,-9386.0,14
201200017369,12,10,8,1755,1,2,3,8.0,2,14117,M,,,14
201200017370,12,9,25,1435,1,2,6,7.0,3,14117,M,,,14
201200017371,12,8,10,1835,1,2,2,7.0,3,14117,M,4928540.0,-13950.0,14
201200017372,12,9,6,715,2,2,2,1.0,3,14117,M,,,14
201200017373,12,11,8,1830,5,2,6,1.0,6,14117,M,,,14
201200017374,12,12,19,1815,5,2,2,3.0,3,14117,M,,,14
201200017375,12,1,22,945,1,2,1,1.0,7,30135,M,4383050.0,455402.0,30
201200017376,12,3,16,1700,1,1,3,1.0,3,30125,M,4377624.0,442757.0,30
201200017377,12,4,28,1245,1,1,1,1.0,5,30117,M,4372282.0,454587.0,30
201200017378,12,7,2,645,2,1,1,1.0,6,30117,M,4371010.0,454950.0,30
201200017379,12,7,15,1445,1,1,1,1.0,2,30356,M,4381328.0,441232.0,30
201200017380,12,11,13,1500,1,1,1,1.0,1,30047,M,4380032.0,440988.0,30
201200017381,12,2,4,1115,1,1,9,7.0,1,88327,M,4831673.0,636912.0,88
201200017382,12,2,24,1415,1,1,1,8.0,1,88454,M,0.0,0.0,88
201200017383,12,3,9,1445,1,2,1,1.0,7,88481,M,4810058.0,640479.0,88
201200017384,12,2,29,740,1,2,1,1.0,6,88270,M,4832150.0,557788.0,88
201200017385,12,4,9,215,3,1,1,1.0,6,88376,M,4834500.0,569800.0,88
201200017386,12,8,15,200,3,1,1,2.0,6,88044,M,4830744.0,566586.0,88
201200017387,12,9,21,1315,1,1,1,1.0,3,88105,M,4804424.0,602765.0,88
201200017388,12,9,22,1230,1,1,1,1.0,1,88061,M,4808130.0,594149.0,88
201200017389,12,10,30,1330,1,1,1,1.0,7,88155,M,4830600.0,607100.0,88
201200017390,12,4,14,245,5,2,1,1.0,6,88114,M,4818265.0,589487.0,88
201200017391,12,5,14,1845,1,2,1,1.0,1,88075,M,4765900.0,642900.0,88
201200017392,12,11,27,830,1,2,1,1.0,3,88470,M,,,88
201200017393,12,6,8,1400,1,2,4,2.0,1,08216,M,4978530.0,461580.0,08
201200017394,12,9,8,1930,2,2,2,7.0,5,08260,M,4981610.0,459040.0,08
201200017395,12,9,5,845,1,1,1,1.0,7,08038,M,0.0,0.0,08
201200017396,12,9,5,715,1,1,1,1.0,7,08039,M,4946200.0,408699.0,08
201200017397,12,10,20,2000,3,2,1,8.0,6,08366,M,4969400.0,424100.0,08
201200017398,12,6,8,1330,1,2,1,7.0,3,08166,M,5002500.0,472700.0,08
201200017399,12,1,1,615,3,1,1,2.0,6,08214,M,5000300.0,479300.0,08
201200017400,12,1,31,1445,1,2,9,8.0,6,08190,M,5013800.0,485400.0,08
201200017401,12,7,22,2030,1,1,1,1.0,1,08342,M,4970400.0,507900.0,08
201200017402,12,5,13,1445,1,1,1,1.0,3,08204,M,0.0,0.0,08
201200017403,12,10,22,800,1,2,1,1.0,1,08025,M,0.0,0.0,08
201200017404,12,11,28,1830,5,2,1,1.0,6,08045,M,0.0,0.0,08
201200017405,12,2,15,800,2,1,1,1.0,7,08446,M,4940400.0,491100.0,08
201200017406,12,4,30,1830,1,1,1,2.0,1,52433,M,4817425.0,551101.0,52
201200017407,12,10,1,1900,2,1,1,1.0,1,52549,M,4814658.0,553054.0,52
201200017408,12,9,23,1400,1,1,1,1.0,3,52058,M,4818778.0,514136.0,52
201200017409,12,3,23,815,1,1,1,1.0,1,52358,M,4806546.0,549124.0,52
201200017410,12,5,1,930,1,1,1,1.0,3,52353,M,4803943.0,530511.0,52
201200017411,12,1,19,815,1,2,1,2.0,7,52332,M,4799182.0,555114.0,52
201200017412,12,4,22,1700,1,1,1,1.0,7,52461,M,4799948.0,544259.0,52
201200017413,12,6,17,1430,1,1,1,1.0,6,52332,M,4797667.0,552935.0,52
201200017414,12,7,4,1915,1,1,1,1.0,1,52544,M,4789372.0,577850.0,52
201200017415,12,8,19,1930,1,1,1,1.0,1,52208,M,4792774.0,583350.0,52
201200017416,12,1,6,555,5,2,2,1.0,3,14536,M,4940950.0,25132.0,14