Num_Acc,an,mois,jour,hrmn,lum,agg,int,atm,col,com,gps,lat,long,dep
201200017417,12,1,7,1500,1,2,1,1.0,3,14333,M,4942030.0,23491.0,14
201200017418,12,1,8,1155,1,2,1,1.0,1,14333,M,4942380.0,22446.0,14
201200017419,12,2,21,1510,1,2,1,8.0,6,14333,M,4941840.0,23391.0,14
201200017420,12,4,1,2005,2,1,1,1.0,6,14536,M,4940220.0,26673.0,14
201200017421,12,6,1,2002,1,1,6,1.0,6,14304,M,4937390.0,22993.0,14
201200017422,12,6,12,1443,1,1,1,2.0,6,14001,M,4938720.0,30006.0,14
201200017423,12,6,25,1635,1,2,1,1.0,6,14536,M,4941260.0,25027.0,14
201200017424,12,7,6,1318,1,2,1,3.0,6,14333,M,,,14
201200017425,12,7,14,115,3,1,6,2.0,6,14304,M,4937120.0,22320.0,14
201200017426,12,7,31,1340,1,1,1,1.0,3,14536,M,,,14
201200017427,12,8,8,1755,1,2,3,7.0,3,14333,M,,,14
201200017428,12,8,24,1340,1,2,3,1.0,7,14536,M,,,14
201200017429,12,9,5,1815,1,1,1,1.0,1,14304,M,,,14
201200017430,12,10,15,800,2,1,2,8.0,3,14304,M,,,14
201200017431,12,10,16,1735,1,2,1,1.0,6,14333,M,,,14
201200017432,12,12,3,1205,1,1,2,8.0,5,14304,M,,,14
201200017433,12,12,15,1040,1,2,1,8.0,6,14333,M,,,14
201200017434,12,12,21,1345,1,1,1,1.0,7,14333,M,,,14
201200017435,12,12,23,710,5,2,1,8.0,6,14333,M,,,14
201200017436,12,12,29,1700,3,1,1,2.0,1,14304,M,,,14
201200017437,12,3,21,1730,1,1,1,1.0,3,52529,M,4774647.0,533732.0,52
201200017438,12,3,23,1730,1,1,1,1.0,7,52070,M,4781180.0,527908.0,52
201200017439,12,5,14,1330,1,2,1,1.0,1,52134,M,4778815.0,534712.0,52
201200017440,12,6,20,1115,1,1,1,1.0,6,52446,M,4772205.0,526411.0,52
201200017441,12,8,12,800,2,1,1,1.0,3,52145,M,4768363.0,541374.0,52
201200017442,12,8,15,845,1,1,1,1.0,6,52292,M,4776138.0,530283.0,52
201200017443,12,2,18,1845,3,1,1,2.0,4,52244,M,4856878.0,491964.0,52
201200017444,12,6,3,1,5,2,1,1.0,6,52226,M,4854337.0,508952.0,52
201200017445,12,6,25,1345,1,2,1,1.0,6,52199,M,4840934.0,508334.0,52
201200017446,12,6,28,1830,1,1,1,7.0,3,52004,M,4846082.0,527117.0,52
201200017447,12,7,7,1930,1,1,1,1.0,6,52288,M,4842612.0,539317.0,52
201200017448,12,2,15,1215,1,1,1,8.0,3,52550,M,4850836.0,494062.0,52
201200017449,12,8,16,1100,1,2,1,1.0,3,52550,M,4849880.0,495477.0,52
201200017450,12,3,2,30,3,1,1,1.0,6,48137,M,0.0,0.0,48
201200017451,12,11,4,1230,1,1,1,2.0,1,48133,M,0.0,0.0,48
201200017452,12,1,23,1630,1,1,1,1.0,6,48070,M,0.0,0.0,48
201200017453,12,3,4,1430,3,1,1,1.0,6,48129,M,0.0,0.0,48
201200017454,12,4,27,115,5,2,1,1.0,6,48080,M,0.0,0.0,48
201200017455,12,7,4,1400,1,1,1,1.0,6,48045,M,0.0,0.0,48
201200017456,12,7,9,2145,3,1,1,1.0,6,48070,M,4478200.0,363100.0,48
201200017457,12,11,16,2030,3,1,1,2.0,6,48086,M,0.0,0.0,48
201200017458,12,11,4,1715,2,1,1,2.0,1,48163,M,0.0,0.0,48
201200017459,12,9,21,1445,1,1,1,1.0,7,48146,M,0.0,0.0,48
201200017460,12,3,4,1315,1,1,1,1.0,1,48039,M,0.0,0.0,48
201200017461,12,8,4,2300,3,1,1,2.0,6,48072,M,4450600.0,335700.0,48
201200017462,12,8,5,930,1,1,1,3.0,6,48049,M,0.0,0.0,48
201200017463,12,2,25,1415,1,1,1,1.0,5,48128,M,0.0,0.0,48
201200017464,12,3,23,1715,1,1,1,1.0,7,48128,M,0.0,0.0,48
201200017465,12,4,27,1215,1,1,1,1.0,6,48009,M,4472600.0,328000.0,48
201200017466,12,4,29,2015,2,1,1,1.0,6,48140,M,4481900.0,328200.0,48
201200017467,12,9,26,2100,2,1,1,8.0,6,48077,M,4494700.0,333200.0,48
201200017468,12,11,20,915,1,2,1,1.0,6,48140,M,0.0,0.0,48
201200017469,12,12,28,1945,5,2,2,2.0,3,48009,M,0.0,0.0,48
201200017470,12,10,8,1945,5,2,1,1.0,3,30259,M,4409739.0,410619.0,30
201200017471,12,4,4,1500,1,1,1,2.0,2,30107,M,,,30
201200017472,12,4,11,815,1,1,1,7.0,3,37243,M,0.0,0.0,37
201200017473,12,5,4,600,2,1,1,8.0,6,37099,M,0.0,0.0,37
201200017474,12,1,14,1630,1,2,2,1.0,3,37109,M,0.0,0.0,37
201200017475,12,5,5,1515,1,1,1,1.0,1,37084,M,0.0,0.0,37
201200017476,12,5,25,1430,1,1,1,1.0,1,37062,M,0.0,0.0,37
201200017477,12,7,25,530,2,1,1,1.0,1,37182,M,0.0,0.0,37
201200017478,12,9,5,1900,1,2,2,1.0,3,37217,M,0.0,0.0,37
201200017479,12,1,28,1200,1,2,1,1.0,7,37027,M,0.0,0.0,37
201200017480,12,4,16,2215,3,1,1,1.0,7,37008,M,0.0,0.0,37
201200017481,12,1,11,1745,2,2,1,1.0,3,37203,M,0.0,0.0,37
201200017482,12,1,14,1545,1,2,1,1.0,2,37194,M,0.0,0.0,37
201200017483,12,1,12,1430,1,2,1,1.0,3,37179,M,0.0,0.0,37
201200017484,12,1,21,530,3,1,1,2.0,7,37010,M,0.0,0.0,37
201200017485,12,3,3,1915,5,1,6,2.0,3,37281,M,0.0,0.0,37
201200017486,12,4,19,1015,1,1,1,2.0,7,37153,M,0.0,0.0,37
201200017487,12,7,30,1045,1,2,1,2.0,1,37169,M,0.0,0.0,37
201200017488,12,8,7,1630,1,1,1,1.0,2,37153,M,0.0,0.0,37
201200017489,12,8,10,1715,1,1,1,1.0,3,37160,M,0.0,0.0,37
201200017490,12,1,4,1635,1,1,1,2.0,3,14574,M,4913940.0,20345.0,14
201200017491,12,1,6,1700,1,2,1,1.0,6,14366,M,4914330.0,25055.0,14
201200017492,12,1,9,745,5,2,1,1.0,3,14366,M,4915280.0,22523.0,14
201200017493,12,1,9,800,2,2,1,2.0,6,14366,M,4915300.0,22767.0,14
201200017494,12,1,11,557,3,1,1,1.0,6,14487,M,4919150.0,22819.0,14
201200017495,12,1,14,500,3,1,1,1.0,7,14574,M,4915380.0,19936.0,14
201200017496,12,1,25,710,5,2,1,2.0,2,14366,M,4914290.0,22887.0,14
201200017497,12,1,25,1640,1,2,1,1.0,6,14366,M,4914140.0,22706.0,14
201200017498,12,1,27,2055,5,2,1,1.0,6,14366,M,4914290.0,21760.0,14
201200017499,12,1,28,1630,1,2,6,2.0,3,14366,M,4914400.0,26360.0,14
201200017500,12,2,2,2140,5,2,1,1.0,6,14069,M,,,14
201200017501,12,2,3,1805,5,1,3,1.0,3,14366,M,4916530.0,21942.0,14
201200017502,12,2,3,2000,5,2,2,1.0,3,14366,M,4914610.0,22820.0,14
201200017503,12,2,13,535,3,1,1,4.0,2,14069,M,4913540.0,25283.0,14
201200017504,12,3,3,1340,1,1,1,3.0,4,14574,M,4915200.0,20114.0,14
201200017505,12,3,6,1800,1,1,1,1.0,3,14366,M,4914890.0,20590.0,14
201200017506,12,3,7,1710,1,2,1,1.0,2,14366,M,4914250.0,22400.0,14
201200017507,12,3,16,945,1,2,3,1.0,6,14366,M,4915690.0,22449.0,14
201200017508,12,3,26,1630,1,2,1,1.0,2,14069,M,4913000.0,26424.0,14
201200017509,12,4,4,845,1,2,1,1.0,1,14069,M,4913790.0,25909.0,14
201200017510,12,4,18,2320,5,2,2,2.0,3,14366,M,4915060.0,22419.0,14
201200017511,12,4,29,2035,1,1,1,1.0,7,14574,M,4913350.0,18064.0,14
201200017512,12,4,30,1900,1,1,1,8.0,6,14574,M,,,14
201200017513,12,5,4,1700,1,2,1,1.0,3,14366,M,4914570.0,26060.0,14
201200017514,12,5,5,1730,1,2,9,1.0,3,14366,M,4914400.0,26771.0,14
201200017515,12,5,6,1555,1,2,1,1.0,6,14366,M,4915150.0,22319.0,14
201200017516,12,5,10,1215,1,1,1,1.0,1,14069,M,4911760.0,25100.0,14
201200017517,12,5,11,1745,1,2,1,1.0,6,14366,M,4914310.0,24632.0,14
201200017518,12,5,14,1735,1,2,1,1.0,6,14366,M,4914550.0,24085.0,14
201200017519,12,5,16,1300,1,2,3,1.0,3,14366,M,4914980.0,25778.0,14
201200017520,12,5,23,1255,1,2,1,1.0,6,14366,M,4914530.0,22845.0,14
201200017521,12,5,23,1335,1,2,1,1.0,6,14366,M,4914400.0,22883.0,14
201200017522,12,5,27,1840,1,1,1,1.0,1,14574,M,4915130.0,20214.0,14
201200017523,12,6,5,2025,1,2,1,8.0,3,14366,M,4914730.0,24959.0,14
201200017524,12,6,7,1520,1,2,1,1.0,3,14366,M,4915800.0,22206.0,14
201200017525,12,6,12,1955,1,2,4,2.0,2,14366,M,4915180.0,22377.0,14
201200017526,12,6,21,1325,1,2,1,1.0,6,14366,M,4913980.0,22354.0,14
201200017527,12,6,30,10,3,1,1,1.0,6,14366,M,4913070.0,23332.0,14
201200017528,12,7,4,1925,1,1,1,2.0,6,14366,M,0.0,0.0,14
201200017529,12,7,5,1510,1,2,3,1.0,6,14366,M,4914610.0,22818.0,14
201200017530,12,7,6,1730,1,2,2,1.0,3,14366,M,4914180.0,22573.0,14
201200017531,12,7,11,1100,1,2,3,2.0,6,14366,M,4914400.0,22856.0,14
201200017532,12,7,11,1330,1,2,2,1.0,3,14366,M,4915510.0,22287.0,14
201200017533,12,7,12,1100,1,2,3,2.0,2,14366,M,4914220.0,24685.0,14
201200017534,12,7,11,1045,1,2,1,8.0,6,14366,M,4914380.0,22496.0,14
201200017535,12,7,13,2025,1,1,1,2.0,6,14069,M,4911880.0,25024.0,14
201200017536,12,7,28,2315,5,2,1,1.0,6,14069,M,4913190.0,25602.0,14
201200017537,12,7,29,1515,1,1,1,1.0,6,14366,M,4915820.0,21406.0,14
201200017538,12,8,1,1330,1,2,3,2.0,6,14366,M,4914330.0,22516.0,14
201200017539,12,8,6,1500,1,2,6,1.0,2,14366,M,4914440.0,26312.0,14
201200017540,12,8,20,1740,1,2,1,1.0,3,14366,M,4914500.0,22339.0,14
201200017541,12,8,22,1600,1,1,1,1.0,6,14487,M,4917570.0,23217.0,14
201200017542,12,8,27,2000,1,2,1,1.0,1,14366,M,,,14
201200017543,12,8,31,1130,1,2,3,1.0,3,14366,M,4915060.0,22418.0,14
201200017544,12,9,8,1100,1,2,1,1.0,6,14069,M,,,14
201200017545,12,9,23,1805,1,2,7,1.0,3,14366,M,,,14
201200017546,12,9,24,2115,5,1,1,8.0,3,14366,M,,,14
201200017547,12,4,7,1950,1,2,1,1.0,7,37072,M,0.0,0.0,37
201200017548,12,9,27,1025,1,2,1,2.0,6,14366,M,,,14
201200017549,12,10,4,1015,1,1,2,1.0,3,14487,M,,,14
201200017550,12,10,5,1505,1,2,2,1.0,3,14366,M,,,14
201200017551,12,10,8,1500,1,2,3,2.0,3,14366,M,,,14
201200017552,12,10,18,1530,1,2,1,3.0,7,14366,M,,,14
201200017553,12,10,23,1600,1,2,1,8.0,6,14366,M,,,14
201200017554,12,10,29,740,4,2,6,1.0,3,14366,M,,,14
201200017555,12,11,3,1255,1,2,3,2.0,3,14366,M,,,14
201200017556,12,11,6,1400,1,2,1,1.0,2,14366,M,,,14
201200017557,12,11,9,1720,1,1,1,1.0,6,14366,M,,,14
201200017558,12,11,12,1800,5,2,3,2.0,3,14366,M,,,14
201200017559,12,11,16,1920,5,2,4,1.0,3,14366,M,,,14
201200017560,12,11,17,100,5,2,1,1.0,3,14069,M,,,14
201200017561,12,11,19,1440,1,2,1,1.0,1,14366,M,,,14
201200017562,12,11,20,900,1,1,3,1.0,2,14366,M,,,14
201200017563,12,11,25,230,5,2,1,6.0,7,14366,M,,,14
201200017564,12,12,1,910,1,2,1,9.0,7,14366,M,,,14
201200017565,12,12,1,1215,1,2,1,7.0,6,14366,M,,,14
201200017566,12,12,3,1200,1,2,3,2.0,6,14366,M,,,14
201200017567,12,12,6,425,3,1,1,9.0,6,14366,M,,,14
201200017568,12,12,6,430,3,1,1,9.0,6,14366,M,,,14
201200017569,12,12,16,150,3,1,1,2.0,2,14366,M,,,14
201200017570,12,12,23,1800,3,1,1,3.0,1,14487,M,,,14
201200017571,12,12,28,1845,5,2,1,2.0,4,14366,M,,,14
201200017572,12,12,29,1430,1,2,1,1.0,3,14366,M,,,14
201200017573,12,7,13,1845,2,1,1,2.0,1,37058,M,0.0,0.0,37
201200017574,12,8,6,1615,1,1,1,1.0,3,37031,M,0.0,0.0,37
201200017575,12,12,6,115,3,1,1,9.0,6,37058,M,0.0,0.0,37
201200017576,12,4,14,1830,1,1,1,8.0,7,37257,M,0.0,0.0,37
201200017577,12,5,29,1930,1,1,1,1.0,7,37227,M,0.0,0.0,37
201200017578,12,8,7,2230,5,1,1,1.0,6,37077,M,0.0,0.0,37
201200017579,12,10,5,1745,1,2,7,1.0,6,37077,M,0.0,0.0,37
201200017580,12,2,23,1015,1,1,2,8.0,3,37216,M,0.0,0.0,37
201200017581,12,3,11,2330,3,1,1,1.0,7,37234,M,4720530.0,103299.0,37
201200017582,12,5,24,1130,1,1,1,1.0,6,37053,M,0.0,0.0,37
201200017583,12,8,28,1515,1,1,1,7.0,3,37183,M,0.0,0.0,37
201200017584,12,9,17,1615,1,2,1,1.0,1,37132,M,4712700.0,99000.0,37
201200017585,12,9,26,1815,1,1,2,8.0,3,37145,M,0.0,0.0,37
201200017586,12,11,13,1915,3,1,1,1.0,1,37028,M,4685500.0,94200.0,37
201200017587,12,3,21,2315,3,2,1,1.0,7,37266,M,0.0,0.0,37
201200017588,12,5,12,1430,1,2,1,1.0,6,37159,M,0.0,0.0,37
201200017589,12,5,12,1630,1,1,1,1.0,2,37159,M,0.0,0.0,37
201200017590,12,5,8,215,3,2,1,1.0,6,37104,M,0.0,0.0,37
201200017591,12,5,27,1130,1,1,1,1.0,1,37211,M,4719400.0,71000.0,37
201200017592,12,8,12,700,2,2,1,1.0,6,37266,M,0.0,0.0,37
201200017593,12,3,28,1830,1,1,2,1.0,3,87105,M,4573070.0,162124.0,87
201200017594,12,3,6,1130,1,1,3,1.0,7,87151,M,4569310.0,134288.0,87
201200017595,12,6,16,15,3,1,1,2.0,6,87176,M,4566250.0,132998.0,87
201200017596,12,6,10,1430,1,1,1,2.0,6,87109,M,4624060.0,105888.0,87
201200017597,12,10,7,1115,1,1,1,1.0,6,87109,M,0.0,0.0,87
201200017598,12,10,7,1415,1,1,1,1.0,7,87109,M,0.0,0.0,87
201200017599,12,12,28,1430,1,1,1,2.0,3,87139,M,0.0,0.0,87
201200017600,12,3,7,900,1,1,1,1.0,7,87033,M,4599000.0,114700.0,87
201200017601,12,3,15,830,1,2,2,1.0,3,87198,M,4603290.0,112922.0,87
201200017602,12,4,23,1845,1,1,1,2.0,6,87181,M,,,87
201200017603,12,10,3,1500,1,1,1,1.0,7,87121,M,4614500.0,120400.0,87
201200017604,12,10,3,1730,1,1,1,1.0,5,87180,M,4617500.0,129800.0,87
201200017605,12,12,28,2030,3,1,1,1.0,4,87089,M,0.0,0.0,87
201200017606,12,9,27,1630,1,1,4,1.0,1,87078,M,4595900.0,99800.0,87
201200017607,12,10,12,1900,2,1,1,1.0,1,87164,M,0.0,0.0,87
201200017608,12,2,26,2030,3,1,1,1.0,7,87073,M,4573520.0,99336.0,87
201200017609,12,2,19,100,3,1,1,1.0,7,87187,M,0.0,0.0,87
201200017610,12,5,13,1445,1,1,1,1.0,7,87106,M,,,87
201200017611,12,6,27,1745,1,1,1,1.0,7,87187,M,4551760.0,119228.0,87
201200017612,12,8,29,1530,1,1,1,2.0,6,87077,M,0.0,0.0,87
201200017613,12,12,25,945,1,1,1,2.0,6,87124,M,0.0,0.0,87
201200017614,12,5,5,1930,1,2,1,1.0,1,23031,M,4635200.0,221600.0,23
201200017615,12,7,6,2200,2,1,1,1.0,7,23174,M,,,23
201200017616,12,8,3,1945,1,1,1,1.0,6,23098,M,0.0,0.0,23
201200017617,12,1,21,1900,5,2,1,2.0,7,23076,M,0.0,0.0,23
201200017618,12,2,26,1500,1,1,1,1.0,6,23100,M,0.0,0.0,23
201200017619,12,6,4,1830,1,2,1,1.0,6,23093,M,,,23
201200017620,12,6,20,2000,1,2,1,1.0,6,23076,M,4618400.0,248700.0,23
201200017621,12,7,15,230,3,1,1,2.0,6,23114,M,4619500.0,232700.0,23
201200017622,12,7,29,2130,3,1,1,1.0,6,23243,M,0.0,0.0,23
201200017623,12,1,29,2130,5,2,1,1.0,6,23008,M,4596200.0,217300.0,23
201200017624,12,11,21,1730,2,1,1,2.0,1,23008,M,4595200.0,218000.0,23
201200017625,12,11,21,1545,1,1,1,2.0,6,23180,M,0.0,0.0,23
201200017626,12,9,5,800,1,2,3,1.0,3,23013,M,0.0,0.0,23
201200017627,12,1,28,1745,1,2,1,1.0,1,17420,M,0.0,0.0,17
201200017628,12,5,23,1745,1,1,2,1.0,3,17315,M,0.0,0.0,17
201200017629,12,6,24,1200,1,1,1,1.0,7,17010,M,0.0,0.0,17
201200017630,12,9,11,1200,1,2,1,1.0,1,17193,M,0.0,0.0,17
201200017631,12,11,15,2030,3,1,1,1.0,6,17010,M,0.0,0.0,17
201200017632,12,12,23,1700,2,2,1,1.0,6,17420,M,0.0,0.0,17
201200017633,12,1,30,745,3,1,1,1.0,3,17218,M,4626200.0,-85400.0,17
201200017634,12,5,11,2200,4,2,1,1.0,7,17132,M,4621700.0,-72700.0,17
201200017635,12,5,24,745,1,1,1,1.0,6,17466,M,0.0,0.0,17
201200017636,12,6,23,930,1,1,3,1.0,3,17218,M,4629500.0,-95700.0,17
201200017637,12,6,29,1200,1,1,1,1.0,3,17127,M,4625700.0,-79800.0,17
201200017638,12,5,30,1330,1,2,1,1.0,2,17197,M,0.0,0.0,17
201200017639,12,9,30,1630,1,1,9,1.0,1,17197,M,0.0,0.0,17
201200017640,12,1,21,1545,1,1,1,1.0,6,17410,M,0.0,0.0,17
201200017641,12,10,9,945,1,1,1,2.0,3,17279,M,4544800.0,-56500.0,17
201200017642,12,11,3,1630,1,1,1,2.0,1,17129,M,4533800.0,-49400.0,17
201200017643,12,3,15,1745,1,1,1,1.0,3,17092,M,4533800.0,-42000.0,17
201200017644,12,7,7,1315,1,1,1,1.0,1,17074,M,4523600.0,-38800.0,17
201200017645,12,12,18,30,3,1,1,3.0,6,17038,M,4520500.0,-30200.0,17
201200017646,12,8,28,230,3,1,1,1.0,3,17167,M,4520600.0,-14700.0,17
201200017647,12,12,1,2100,3,1,1,5.0,6,17110,M,4519900.0,-21600.0,17
201200017648,12,9,10,1,3,1,1,1.0,1,17409,M,0.0,0.0,17
201200017649,12,10,26,1330,1,1,1,1.0,5,17385,M,0.0,0.0,17
201200017650,12,1,16,1515,1,2,1,1.0,7,17003,M,0.0,0.0,17
201200017651,12,3,26,1430,1,1,1,1.0,1,17359,M,0.0,0.0,17
201200017652,12,5,3,1915,1,1,1,1.0,6,17434,M,0.0,0.0,17
201200017653,12,5,12,300,3,1,1,1.0,6,17447,M,0.0,0.0,17
201200017654,12,7,3,1630,1,2,1,1.0,1,17003,M,0.0,0.0,17
201200017655,12,2,18,1945,2,1,1,1.0,3,17179,M,0.0,0.0,17
201200017656,12,2,25,300,3,1,1,1.0,6,17086,M,0.0,0.0,17
201200017657,12,5,26,1500,1,1,1,1.0,1,17102,M,0.0,0.0,17
201200017658,12,5,29,2045,1,1,1,7.0,6,17444,M,4567700.0,-64200.0,17
201200017659,12,7,20,1830,1,1,1,1.0,6,17143,M,0.0,0.0,17
201200017660,12,8,3,1400,1,2,1,1.0,6,17408,M,4580500.0,-80700.0,17
201200017661,12,10,2,2100,3,1,1,1.0,6,17444,M,4567000.0,-64900.0,17
201200017662,12,12,23,1045,1,1,1,1.0,6,17330,M,4580900.0,-87900.0,17
201200017663,12,12,30,1845,2,1,1,1.0,5,17336,M,4578800.0,-71100.0,17
201200017664,12,1,4,745,3,1,1,1.0,3,17172,M,4592900.0,-12300.0,17
201200017665,12,3,26,2045,5,1,2,1.0,3,17441,M,4564900.0,-65100.0,17
201200017666,12,11,5,1600,1,1,1,8.0,3,17283,M,4559600.0,-54900.0,17
201200017667,12,9,11,1945,1,2,1,1.0,7,17068,M,0.0,0.0,17
201200017668,12,3,10,645,3,1,1,1.0,6,17266,M,0.0,0.0,17
201200017669,12,7,28,1115,1,1,1,1.0,6,17381,M,0.0,0.0,17
201200017670,12,10,3,815,1,2,6,1.0,3,17347,M,0.0,0.0,17
201200017671,12,10,8,1645,1,1,1,2.0,3,17465,M,4596800.0,-55300.0,17
201200017672,12,1,10,2115,3,1,1,1.0,3,17025,M,0.0,0.0,17
201200017673,12,6,24,1930,1,2,1,1.0,6,17042,M,4585500.0,-47000.0,17
201200017674,12,7,12,1430,1,1,4,1.0,3,17062,M,4587700.0,-15500.0,17
201200017675,12,8,8,1815,1,1,1,1.0,6,17048,M,4587200.0,-34100.0,17
201200017676,12,9,18,1045,1,1,1,1.0,1,17048,M,0.0,0.0,17
201200017677,12,9,22,1400,1,1,1,1.0,1,17223,M,0.0,0.0,17
201200017678,12,2,13,1800,1,1,1,8.0,1,28406,M,0.0,0.0,28
201200017679,12,2,29,1500,1,1,1,1.0,1,28391,M,0.0,0.0,28
201200017680,12,1,2,1330,1,1,1,2.0,7,27504,M,4907670.0,107141.0,27
201200017681,12,1,18,815,2,1,1,9.0,5,27650,M,4908340.0,98889.0,27
201200017682,12,1,27,800,1,1,1,1.0,1,27217,M,4907340.0,90965.0,27
201200017683,12,1,30,2145,3,1,9,1.0,2,27268,M,4894030.0,97180.0,27
201200017684,12,2,25,1830,2,1,1,1.0,5,27057,M,4905850.0,104309.0,27
201200017685,12,3,25,600,3,1,1,1.0,7,27147,M,4910700.0,117119.0,27
201200017686,12,5,14,1030,1,1,1,1.0,2,27510,M,4900760.0,137599.0,27
201200017687,12,5,23,1945,1,1,2,1.0,3,27165,M,4895620.0,92901.0,27
201200017688,12,7,20,1800,1,1,1,1.0,2,27082,M,4900090.0,104231.0,27
201200017689,12,8,3,2030,1,2,2,1.0,1,27120,M,0.0,0.0,27
201200017690,12,9,8,1745,1,1,1,1.0,3,27618,M,0.0,0.0,27
201200017691,12,9,19,930,1,2,3,1.0,3,27217,M,0.0,0.0,27
201200017692,12,9,19,1830,1,1,3,1.0,5,27165,M,0.0,0.0,27
201200017693,12,9,24,1730,5,2,1,3.0,1,27238,M,0.0,0.0,27
201200017694,12,10,5,1515,1,1,1,1.0,2,27282,M,0.0,0.0,27
201200017695,12,10,14,1715,1,1,1,3.0,6,27652,M,0.0,0.0,27
201200017696,12,12,18,2030,3,1,1,1.0,1,27298,M,0.0,0.0,27
201200017697,12,5,12,1700,1,1,9,1.0,1,27378,M,4878700.0,120494.0,27
201200017698,12,6,6,1730,1,1,1,1.0,1,27390,M,4881250.0,118772.0,27
201200017699,12,2,19,1700,1,1,2,1.0,3,27036,M,4874330.0,97135.0,27
201200017700,12,3,6,745,1,1,1,2.0,3,27457,M,4877550.0,92520.0,27
201200017701,12,3,15,1000,1,1,1,1.0,7,27112,M,4887590.0,88655.0,27
201200017702,12,7,27,2300,5,2,1,8.0,5,27679,M,4874020.0,95218.0,27
201200017703,12,8,27,1715,1,1,2,1.0,3,27195,M,0.0,0.0,27
201200017704,12,9,9,1815,1,1,1,1.0,2,27108,M,0.0,0.0,27
201200017705,12,9,17,1645,1,2,1,1.0,3,27679,M,0.0,0.0,27
201200017706,12,2,20,1700,1,1,1,1.0,6,27516,M,4905230.0,59389.0,27
201200017707,12,3,16,1615,1,1,2,1.0,3,27627,M,4914990.0,53136.0,27
201200017708,12,3,26,1645,1,1,3,1.0,1,27629,M,4912820.0,43635.0,27
201200017709,12,4,6,1415,1,1,1,1.0,3,27056,M,4907140.0,57962.0,27
201200017710,12,4,27,1145,1,2,1,1.0,7,27056,M,4908800.0,60537.0,27
201200017711,12,4,29,1545,1,1,1,1.0,6,27608,M,4906430.0,50404.0,27
201200017712,12,5,13,2200,3,1,1,1.0,6,27514,M,4902430.0,49347.0,27
201200017713,12,6,12,815,1,1,2,2.0,1,27056,M,4907910.0,60857.0,27
201200017714,12,6,26,1045,1,1,1,1.0,1,27295,M,4904920.0,52818.0,27
201200017715,12,7,12,1400,1,2,1,8.0,7,27117,M,4900890.0,52906.0,27
201200017716,12,10,16,1200,1,1,1,1.0,1,27148,M,0.0,0.0,27
201200017717,12,12,2,1730,2,1,2,1.0,3,27547,M,0.0,0.0,27
201200017718,12,12,8,2015,3,1,1,1.0,7,27207,M,0.0,0.0,27
201200017719,12,12,10,1630,1,1,1,1.0,3,27398,M,0.0,0.0,27
201200017720,12,12,13,730,2,2,1,9.0,7,27667,M,0.0,0.0,27
201200017721,12,12,15,1230,1,2,2,2.0,3,27138,M,0.0,0.0,27
201200017722,12,12,19,1530,5,2,1,2.0,3,27414,M,0.0,0.0,27
201200017723,12,1,11,715,3,1,2,8.0,1,27433,M,4919770.0,61449.0,27
201200017724,12,4,20,745,1,1,1,1.0,6,27516,M,4905550.0,63689.0,27
201200017725,12,4,22,2030,1,1,1,1.0,6,27498,M,4914700.0,84501.0,27
201200017726,12,8,12,2330,3,1,1,1.0,1,27074,M,4916000.0,62600.0,27
201200017727,12,8,14,245,3,1,1,1.0,6,27116,M,4915600.0,73000.0,27
201200017728,12,8,12,1930,2,1,1,1.0,7,27425,M,4912800.0,73900.0,27
201200017729,12,9,18,500,2,1,1,2.0,6,27164,M,0.0,0.0,27
201200017730,12,9,16,1800,1,1,1,1.0,1,27536,M,0.0,0.0,27
201200017731,12,10,10,1215,1,1,2,8.0,3,27109,M,0.0,0.0,27
201200017732,12,11,3,1115,1,1,1,9.0,1,27001,M,0.0,0.0,27
201200017733,12,11,4,1545,1,1,1,9.0,3,27113,M,0.0,0.0,27
201200017734,12,11,20,1315,1,1,1,1.0,2,27164,M,0.0,0.0,27
201200017735,12,11,24,2315,3,1,1,1.0,7,27116,M,0.0,0.0,27
201200017736,12,1,26,1515,1,2,1,2.0,7,27453,M,4941100.0,135378.0,27
201200017737,12,2,14,2030,5,2,1,1.0,3,27493,M,4933090.0,125600.0,27
201200017738,12,2,29,1815,5,2,3,1.0,3,27246,M,4936230.0,135315.0,27
201200017739,12,3,16,1745,2,1,1,1.0,7,27377,M,4937910.0,152106.0,27
201200017740,12,4,1,1800,1,1,2,1.0,3,27013,M,4931640.0,123878.0,27
201200017741,12,5,11,2230,5,2,1,1.0,6,27453,M,4941150.0,137068.0,27
201200017742,12,6,9,15,3,1,1,1.0,6,27453,M,4938690.0,137558.0,27
201200017743,12,11,30,1400,1,1,2,1.0,1,27214,M,0.0,0.0,27
201200017744,12,12,7,1200,1,1,2,4.0,3,27214,M,0.0,0.0,27
201200017745,12,3,18,1100,1,2,3,1.0,3,27633,M,4923630.0,161001.0,27
201200017746,12,5,5,2115,3,2,1,1.0,6,27284,M,4928390.0,178536.0,27
201200017747,12,6,28,1330,1,1,3,1.0,6,27226,M,4931420.0,162103.0,27
201200017748,12,6,30,1345,1,1,1,8.0,7,27315,M,4925710.0,151024.0,27
201200017749,12,7,14,1915,1,2,3,1.0,3,27067,M,4929190.0,171025.0,27
201200017750,12,8,11,1115,1,1,1,1.0,1,27690,M,0.0,0.0,27
201200017751,12,8,13,2015,1,2,1,1.0,6,27284,M,0.0,0.0,27
201200017752,12,1,19,1645,1,2,1,2.0,1,27677,M,4917120.0,103672.0,27
201200017753,12,3,29,1630,1,2,1,1.0,1,27428,M,4916040.0,90935.0,27
201200017754,12,5,8,1730,1,1,2,1.0,3,27187,M,4919680.0,100211.0,27
201200017755,12,10,22,700,3,1,1,5.0,1,27616,M,0.0,0.0,27