Num_Acc,an,mois,jour,hrmn,lum,agg,int,atm,col,com,gps,lat,long,dep
201200017756,12,1,14,1800,2,1,1,1.0,2,27549,M,4935500.0,48774.0,27
201200017757,12,6,18,1745,1,1,2,1.0,5,27260,M,4940070.0,42345.0,27
201200017758,12,7,23,1530,1,1,1,1.0,1,27021,M,4918360.0,39333.0,27
201200017759,12,1,12,1345,1,1,1,1.0,2,04122,M,0.0,0.0,04
201200017760,12,5,10,1730,1,1,9,1.0,7,04046,M,0.0,0.0,04
201200017761,12,6,5,1200,1,1,1,1.0,1,04122,M,0.0,0.0,04
201200017762,12,1,14,1845,3,1,1,1.0,6,04230,M,0.0,0.0,04
201200017763,12,3,24,1530,1,1,1,1.0,3,04094,M,0.0,0.0,04
201200017764,12,6,8,1430,1,1,1,1.0,1,04144,M,4378900.0,626700.0,04
201200017765,12,3,3,545,3,1,1,1.0,3,04242,M,0.0,0.0,04
201200017766,12,3,6,1100,1,1,1,1.0,2,04160,M,0.0,0.0,04
201200017767,12,5,11,1415,1,1,1,1.0,6,04192,M,0.0,0.0,04
201200017768,12,7,13,1745,1,1,1,1.0,2,04111,M,0.0,0.0,04
201200017769,12,8,13,935,1,1,1,1.0,3,04160,M,0.0,0.0,04
201200017770,12,10,16,840,1,2,1,1.0,6,04088,M,0.0,0.0,04
201200017771,12,5,8,1445,1,1,1,1.0,6,04162,M,0.0,0.0,04
201200017772,12,6,7,1930,1,1,1,1.0,1,04037,M,0.0,0.0,04
201200017773,12,1,14,1015,1,1,1,1.0,3,24208,M,4590400.0,8700.0,24
201200017774,12,3,4,330,3,1,1,1.0,6,24220,M,4514100.0,37200.0,24
201200017775,12,3,17,2345,3,1,1,2.0,6,24092,M,0.0,0.0,24
201200017776,12,3,27,1315,1,1,1,1.0,7,24026,M,4531900.0,39200.0,24
201200017777,12,8,29,830,3,1,1,1.0,6,24146,M,4510000.0,13000.0,24
201200017778,12,10,7,915,1,1,1,2.0,3,24156,M,0.0,0.0,24
201200017779,12,1,2,1630,1,1,1,8.0,1,24521,M,0.0,0.0,24
201200017780,12,1,2,1545,1,1,1,2.0,1,24429,M,0.0,0.0,24
201200017781,12,1,20,1000,1,1,1,1.0,7,24021,M,0.0,0.0,24
201200017782,12,2,12,1615,1,1,1,1.0,7,24476,M,0.0,0.0,24
201200017783,12,4,6,1800,1,1,1,3.0,7,24540,M,0.0,0.0,24
201200017784,12,4,25,1415,1,2,1,1.0,3,24550,M,0.0,0.0,24
201200017785,12,5,8,1215,1,1,1,8.0,2,24302,M,0.0,0.0,24
201200017786,12,5,29,1915,1,1,1,1.0,1,24540,M,0.0,0.0,24
201200017787,12,6,13,1345,1,1,1,2.0,1,24550,M,4513900.0,103800.0,24
201200017788,12,6,24,1300,1,1,3,1.0,3,24463,M,0.0,0.0,24
201200017789,12,6,25,1445,1,1,1,1.0,6,24540,M,0.0,0.0,24
201200017790,12,8,21,1115,1,1,1,1.0,1,24137,M,0.0,0.0,24
201200017791,12,9,7,915,1,2,1,1.0,2,24164,M,0.0,0.0,24
201200017792,12,9,20,915,1,1,1,1.0,1,24210,M,0.0,0.0,24
201200017793,12,10,26,1715,1,1,1,2.0,6,24009,M,0.0,0.0,24
201200017794,12,11,16,1145,1,1,1,1.0,3,24463,M,0.0,0.0,24
201200017795,12,12,1,1500,1,1,1,1.0,6,24302,M,0.0,0.0,24
201200017796,12,12,14,1200,1,1,1,1.0,6,24521,M,0.0,0.0,24
201200017797,12,1,31,1215,1,1,1,1.0,1,24034,M,0.0,0.0,24
201200017798,12,4,1,1100,1,1,1,1.0,5,24456,M,4558300.0,5000.0,24
201200017799,12,6,26,1015,1,2,1,1.0,1,24155,M,0.0,0.0,24
201200017800,12,7,29,400,3,1,1,1.0,6,24237,M,0.0,0.0,24
201200017801,12,10,27,1615,1,1,1,1.0,1,24237,M,4446700.0,90000.0,24
201200017802,12,11,27,1945,3,1,1,1.0,1,24246,M,0.0,0.0,24
201200017803,12,8,18,415,5,1,1,1.0,6,24223,M,4483300.0,75000.0,24
201200017804,12,1,1,1345,1,2,1,2.0,6,24311,M,4554700.0,67100.0,24
201200017805,12,3,28,1515,1,1,2,1.0,3,24498,M,4553800.0,85200.0,24
201200017806,12,4,7,1100,1,1,1,8.0,6,24565,M,4559500.0,51800.0,24
201200017807,12,7,3,1845,1,2,1,1.0,1,24311,M,0.0,0.0,24
201200017808,12,7,5,1415,1,1,1,2.0,3,24016,M,4556500.0,68900.0,24
201200017809,12,9,8,845,1,1,1,1.0,1,24479,M,4550100.0,73800.0,24
201200017810,12,10,9,1815,1,2,1,2.0,5,24311,M,0.0,0.0,24
201200017811,12,12,15,700,3,1,1,3.0,6,24311,M,,,24
201200017812,12,12,24,1215,1,1,1,1.0,1,24101,M,4553400.0,76400.0,24
201200017813,12,5,22,1530,1,2,1,1.0,6,24253,M,0.0,0.0,24
201200017814,12,6,24,1830,1,1,1,1.0,2,24425,M,4541900.0,83700.0,24
201200017815,12,1,16,1730,2,1,1,1.0,6,24303,M,0.0,0.0,24
201200017816,12,3,9,2115,3,1,1,1.0,6,24352,M,4526800.0,35400.0,24
201200017817,12,6,5,2215,2,1,1,1.0,3,24482,M,4531800.0,27800.0,24
201200017818,12,1,16,1545,1,2,1,1.0,6,24294,M,0.0,0.0,24
201200017819,12,1,24,1145,1,1,1,1.0,6,24264,M,4499200.0,8700.0,24
201200017820,12,2,24,2215,3,1,1,1.0,1,24294,M,4503900.0,17200.0,24
201200017821,12,4,8,2030,3,1,1,1.0,7,24449,M,4500600.0,24000.0,24
201200017822,12,5,3,1745,1,1,1,1.0,1,24543,M,4506200.0,41700.0,24
201200017823,12,6,5,1815,1,1,1,1.0,1,24264,M,4501600.0,11600.0,24
201200017824,12,6,28,845,1,1,1,1.0,3,24294,M,4503300.0,13800.0,24
201200017825,12,7,7,2345,3,1,1,1.0,6,24264,M,0.0,0.0,24
201200017826,12,11,11,230,3,1,1,2.0,7,24059,M,4500300.0,64700.0,24
201200017827,12,12,6,1630,1,2,1,1.0,6,24299,M,0.0,0.0,24
201200017828,12,12,20,1900,5,2,1,3.0,6,24294,M,0.0,0.0,24
201200017829,12,4,24,1730,1,1,1,2.0,1,24366,M,0.0,0.0,24
201200017830,12,5,19,1100,1,1,1,1.0,1,24516,M,4495500.0,133700.0,24
201200017831,12,6,5,1230,1,1,1,1.0,3,24520,M,0.0,0.0,24
201200017832,12,7,2,1000,1,1,1,1.0,3,24082,M,0.0,0.0,24
201200017833,12,7,22,1545,1,1,1,1.0,3,24471,M,4490900.0,128200.0,24
201200017834,12,8,19,1230,1,1,2,1.0,1,24252,M,4495600.0,120700.0,24
201200017835,12,8,21,1900,1,1,9,1.0,5,24587,M,0.0,0.0,24
201200017836,12,9,30,1545,1,1,1,1.0,1,24392,M,0.0,0.0,24
201200017837,12,10,26,1615,1,1,1,2.0,5,24577,M,0.0,0.0,24
201200017838,12,1,12,1500,1,2,1,1.0,6,24067,M,4492300.0,92800.0,24
201200017839,12,3,2,1545,1,1,1,1.0,2,24172,M,4493700.0,105900.0,24
201200017840,12,4,24,1915,1,1,1,2.0,3,24217,M,4495800.0,88600.0,24
201200017841,12,9,1,1045,1,1,1,1.0,7,24356,M,0.0,0.0,24
201200017842,12,9,18,1615,1,1,2,2.0,3,24268,M,4489000.0,104299.0,24
201200017843,12,10,7,1615,1,1,3,8.0,1,24174,M,4517500.0,132600.0,24
201200017844,12,10,23,1815,2,1,1,1.0,6,24491,M,4519200.0,114500.0,24
201200017845,12,12,19,1845,5,2,1,1.0,3,24547,M,0.0,0.0,24
201200017846,12,9,9,1000,1,1,1,1.0,7,40183,M,4366981.0,-96900.0,40
201200017847,12,8,7,730,1,2,1,1.0,3,40071,M,4368174.0,-83298.0,40
201200017848,12,11,22,1715,1,2,1,1.0,3,40002,M,4358156.0,-74209.0,40
201200017849,12,3,13,815,1,2,1,1.0,5,21037,M,,,21
201200017850,12,3,23,230,3,1,1,1.0,6,21036,M,,,21
201200017851,12,6,28,1815,1,2,1,1.0,7,21181,M,4718700.0,447500.0,21
201200017852,12,7,8,630,1,1,1,2.0,6,21251,M,4729800.0,486500.0,21
201200017853,12,7,19,1830,1,1,1,1.0,6,21015,M,4719700.0,492200.0,21
201200017854,12,8,21,1745,1,1,1,1.0,7,21176,M,4746800.0,402700.0,21
201200017855,12,9,22,815,1,1,1,8.0,7,21062,M,4745000.0,490000.0,21
201200017856,12,10,14,300,3,1,1,2.0,6,21382,M,4743300.0,466700.0,21
201200017857,12,4,11,930,1,1,1,2.0,6,21647,M,0.0,0.0,21
201200017858,12,12,10,1730,5,2,1,1.0,6,21607,M,0.0,0.0,21
201200017859,12,9,15,1845,1,1,1,1.0,1,21211,M,4756100.0,513500.0,21
201200017860,12,1,26,1515,1,1,1,1.0,6,21561,M,4743000.0,476900.0,21
201200017861,12,3,1,1300,1,1,1,1.0,1,21027,M,0.0,0.0,21
201200017862,12,5,20,1415,1,1,1,1.0,1,21272,M,0.0,0.0,21
201200017863,12,9,16,1915,1,1,1,1.0,7,21413,M,4752900.0,431500.0,21
201200017864,12,9,25,900,1,1,1,3.0,3,21205,M,4745800.0,429700.0,21
201200017865,12,4,3,1030,1,2,1,1.0,6,21154,M,4785800.0,457600.0,21
201200017866,12,10,4,1300,1,1,1,1.0,6,21024,M,4745800.0,450500.0,21
201200017867,12,3,31,1515,1,2,1,1.0,6,53267,M,4804100.0,-46700.0,53
201200017868,12,4,8,1845,1,1,6,2.0,6,53267,M,4805461.0,-48947.0,53
201200017869,12,10,20,645,3,1,1,2.0,6,53228,M,4803765.0,-41122.0,53
201200017870,12,12,21,1915,5,2,7,1.0,6,53007,M,4808423.0,-64152.0,53
201200017871,12,3,7,1530,1,1,1,2.0,1,53097,M,4815570.0,-35121.0,53
201200017872,12,4,2,2015,1,2,1,1.0,1,53274,M,4820000.0,-21500.0,53
201200017873,12,7,5,1945,1,1,1,1.0,3,53092,M,4818694.0,-54252.0,53
201200017874,12,7,24,1900,1,1,2,7.0,1,53159,M,4820266.0,-52282.0,53
201200017875,12,7,25,1800,1,2,6,1.0,3,53097,M,4815629.0,-39656.0,53
201200017876,12,9,9,730,1,1,1,7.0,6,53276,M,4815112.0,-24431.0,53
201200017877,12,10,15,1400,1,1,1,1.0,7,53153,M,4821960.0,-46552.0,53
201200017878,12,11,14,1445,1,1,1,1.0,6,53205,M,4811250.0,-56316.0,53
201200017879,12,5,24,2130,1,2,1,1.0,1,53039,M,4816739.0,-97385.0,53
201200017880,12,5,27,15,3,1,1,1.0,6,53225,M,0.0,0.0,53
201200017881,12,6,19,2015,1,1,1,1.0,6,53225,M,4820262.0,-81362.0,53
201200017882,12,7,3,1900,1,1,1,1.0,1,53086,M,0.0,0.0,53
201200017883,12,8,23,1315,1,1,1,1.0,3,53243,M,0.0,0.0,53
201200017884,12,9,30,1015,1,2,1,1.0,6,53103,M,4809824.0,-89053.0,53
201200017885,12,10,2,1430,1,1,1,1.0,1,53086,M,4819920.0,-104690.0,53
201200017886,12,11,3,1845,3,1,1,1.0,5,53229,M,4816000.0,-76098.0,53
201200017887,12,11,22,1845,3,1,1,1.0,4,53123,M,4824209.0,-101709.0,53
201200017888,12,3,18,615,2,1,1,2.0,6,53150,M,4776507.0,-70872.0,53
201200017889,12,3,24,445,3,1,1,1.0,7,53110,M,4789319.0,-53029.0,53
201200017890,12,4,10,130,3,1,1,3.0,7,53150,M,4774718.0,-69809.0,53
201200017891,12,7,18,1700,1,2,1,1.0,5,53062,M,4782981.0,-69491.0,53
201200017892,12,9,7,1915,1,2,6,1.0,3,53062,M,4782477.0,-71346.0,53
201200017893,12,11,29,1800,2,1,1,1.0,5,53014,M,4784027.0,-65783.0,53
201200017894,12,2,14,715,3,1,1,1.0,7,53018,M,4789900.0,-107800.0,53
201200017895,12,6,5,1315,1,1,1,2.0,6,53258,M,4782397.0,-104514.0,53
201200017896,12,7,10,1800,1,2,1,1.0,1,53077,M,0.0,0.0,53
201200017897,12,8,8,1515,1,1,1,1.0,6,53084,M,4785574.0,-91160.0,53
201200017898,12,9,25,1400,1,1,1,3.0,6,53077,M,4797679.0,-93088.0,53
201200017899,12,11,5,900,1,1,1,1.0,1,53018,M,4788627.0,-104589.0,53
201200017900,12,2,17,2300,3,2,1,2.0,6,53023,M,4818800.0,-60900.0,53
201200017901,12,9,21,1630,1,1,1,2.0,1,53162,M,4826349.0,-63353.0,53
201200017902,12,1,23,900,1,2,3,1.0,3,53115,M,4841810.0,-85052.0,53
201200017903,12,8,31,800,1,1,1,1.0,1,53238,M,4703200.0,625500.0,53
201200017904,12,10,15,1530,1,1,1,1.0,6,53042,M,4838323.0,-74950.0,53
201200017905,12,1,13,930,1,2,1,7.0,3,53003,M,4840700.0,-62800.0,53
201200017906,12,2,7,1515,1,1,1,1.0,5,53003,M,4838306.0,-61514.0,53
201200017907,12,3,17,1600,1,1,1,3.0,7,53170,M,4837485.0,-64702.0,53
201200017908,12,3,20,615,2,1,6,1.0,7,53216,M,4832708.0,-57057.0,53
201200017909,12,4,8,1345,1,1,1,1.0,1,53230,M,4849563.0,-42240.0,53
201200017910,12,6,24,1115,1,1,2,1.0,3,53112,M,4836574.0,-32554.0,53
201200017911,12,6,25,1330,1,1,2,1.0,3,53127,M,4840796.0,49688.0,53
201200017912,12,6,28,945,1,1,1,1.0,6,53003,M,4840399.0,-60829.0,53
201200017913,12,7,25,730,1,1,1,1.0,7,53263,M,4849247.0,-42305.0,53
201200017914,12,7,25,1415,1,1,1,1.0,6,53144,M,4831476.0,-44348.0,53
201200017915,12,8,5,1200,1,1,1,3.0,7,53263,M,4850157.0,-46466.0,53
201200017916,12,8,8,130,4,2,1,1.0,6,53116,M,4839691.0,-45984.0,53
201200017917,12,8,18,2300,5,1,6,1.0,3,53216,M,4833100.0,-57000.0,53
201200017918,12,9,24,915,1,2,1,2.0,1,53003,M,4839608.0,-62258.0,53
201200017919,12,12,28,1815,5,2,3,2.0,3,53127,M,4844400.0,-49400.0,53
201200017920,12,5,22,945,1,1,1,1.0,2,53121,M,4842343.0,-30915.0,53
201200017921,12,7,4,1900,1,1,1,1.0,1,53223,M,0.0,0.0,53
201200017922,12,11,10,1515,1,1,1,8.0,7,53142,M,4849357.0,-38998.0,53
201200017923,12,12,27,1730,2,2,9,1.0,6,07349,M,0.0,0.0,07
201200017924,12,1,14,2200,3,1,1,1.0,6,07055,M,0.0,0.0,07
201200017925,12,3,13,1045,1,2,1,7.0,6,07181,M,0.0,0.0,07
201200017926,12,6,8,845,1,1,1,8.0,5,07261,M,0.0,0.0,07
201200017927,12,6,9,1900,1,1,1,1.0,6,07261,M,0.0,0.0,07
201200017928,12,6,16,1300,1,1,1,1.0,1,07288,M,0.0,0.0,07
201200017929,12,8,10,1230,1,2,1,1.0,3,07349,M,0.0,0.0,07
201200017930,12,8,12,2030,3,1,1,1.0,3,07260,M,0.0,0.0,07
201200017931,12,8,25,1030,1,2,1,1.0,5,07349,M,0.0,0.0,07
201200017932,12,10,13,300,5,2,1,1.0,1,07255,M,0.0,0.0,07
201200017933,12,10,16,1930,3,1,1,2.0,7,07260,M,0.0,0.0,07
201200017934,12,10,16,2130,3,1,1,2.0,6,07260,M,0.0,0.0,07
201200017935,12,11,15,930,1,1,9,1.0,3,07027,M,0.0,0.0,07
201200017936,12,12,4,1800,5,2,6,2.0,6,07181,M,0.0,0.0,07
201200017937,12,3,5,815,1,1,1,1.0,1,07346,M,0.0,0.0,07
201200017938,12,4,15,1600,3,1,1,2.0,7,07020,M,0.0,0.0,07
201200017939,12,4,28,945,1,1,1,1.0,6,07005,M,0.0,0.0,07
201200017940,12,5,12,1745,1,1,1,1.0,1,07319,M,0.0,0.0,07
201200017941,12,7,28,300,5,1,1,1.0,7,07191,M,0.0,0.0,07
201200017942,12,10,30,1345,1,1,1,1.0,1,07346,M,0.0,0.0,07
201200017943,12,11,25,515,3,1,1,2.0,6,07319,M,0.0,0.0,07
201200017944,12,3,10,1545,1,1,1,1.0,7,07006,M,0.0,0.0,07
201200017945,12,4,11,1500,1,2,9,1.0,6,07167,M,4480900.0,461400.0,07
201200017946,12,1,23,815,1,1,1,1.0,6,07117,M,4445600.0,418700.0,07
201200017947,12,2,1,1600,1,1,1,1.0,1,07117,M,0.0,0.0,07
201200017948,12,4,22,1230,1,1,1,1.0,5,07187,M,0.0,0.0,07
201200017949,12,5,17,1530,1,1,1,1.0,7,07329,M,0.0,0.0,07
201200017950,12,5,26,1615,1,1,1,1.0,3,07132,M,0.0,0.0,07
201200017951,12,8,4,1445,1,1,1,1.0,3,07058,M,0.0,0.0,07
201200017952,12,8,12,445,3,1,1,1.0,6,07343,M,0.0,0.0,07
201200017953,12,11,1,815,2,1,1,8.0,5,07327,M,430900.0,445057.0,07
201200017954,12,11,28,1430,1,1,1,1.0,1,07327,M,0.0,0.0,07
201200017955,12,8,1,1500,1,1,1,1.0,1,07122,M,0.0,0.0,07
201200017956,12,3,23,1300,1,1,1,1.0,3,07050,M,0.0,0.0,07
201200017957,12,4,7,1030,1,1,1,1.0,6,07017,M,0.0,0.0,07
201200017958,12,8,9,2030,2,1,1,1.0,1,07028,M,0.0,0.0,07
201200017959,12,11,20,1330,1,1,1,1.0,7,07280,M,4432800.0,415299.0,07
201200017960,12,2,20,1630,1,1,1,7.0,3,07107,M,4463500.0,425100.0,07
201200017961,12,11,21,2030,3,1,1,1.0,1,07107,M,0.0,0.0,07
201200017962,12,11,28,1400,1,1,1,1.0,6,07282,M,0.0,0.0,07
201200017963,12,8,10,1900,2,1,1,1.0,6,07126,M,4450700.0,441700.0,07
201200017964,12,8,19,900,1,1,1,1.0,7,07126,M,0.0,0.0,07
201200017965,12,8,21,15,3,1,1,1.0,6,07328,M,4436300.0,436700.0,07
201200017966,12,8,31,2315,5,2,1,1.0,1,07201,M,4446400.0,434400.0,07
201200017967,12,9,30,1615,1,1,1,1.0,3,07207,M,0.0,0.0,07
201200017968,12,1,14,1145,1,1,1,1.0,1,07010,M,0.0,0.0,07
201200017969,12,3,15,1500,1,2,1,1.0,5,07010,M,0.0,0.0,07
201200017970,12,3,30,900,1,1,1,7.0,1,07234,M,0.0,0.0,07
201200017971,12,7,4,730,1,1,1,1.0,1,07009,M,4525000.0,480100.0,07
201200017972,12,11,3,400,3,1,1,1.0,6,07010,M,0.0,0.0,07
201200017973,12,11,12,1500,1,1,1,1.0,3,07265,M,0.0,0.0,07
201200017974,12,3,25,1545,1,1,1,1.0,1,07073,M,0.0,0.0,07
201200017975,12,9,9,1330,1,1,1,1.0,7,07073,M,0.0,0.0,07
201200017976,12,9,19,930,1,1,1,1.0,3,07085,M,0.0,0.0,07
201200017977,12,9,28,1830,1,1,1,1.0,1,07274,M,0.0,0.0,07
201200017978,12,6,27,2015,1,1,1,1.0,1,16092,M,4543603.0,18067.0,16
201200017979,12,7,25,1845,1,1,1,1.0,7,16267,M,4540393.0,-1024.0,16
201200017980,12,9,24,1300,1,1,1,8.0,4,16287,M,4557608.0,3413.0,16
201200017981,12,9,27,1000,1,1,1,1.0,1,16125,M,4549200.0,35343.0,16
201200017982,12,10,5,1230,1,1,1,1.0,6,16283,M,4545146.0,21582.0,16
201200017983,12,10,6,1345,1,1,1,8.0,7,16287,M,4559993.0,7319.0,16
201200017984,12,10,18,1300,1,2,1,1.0,1,16418,M,4560630.0,15263.0,16
201200017985,12,10,21,1030,1,2,2,8.0,1,16236,M,4555634.0,13058.0,16
201200017986,12,8,26,45,3,1,1,1.0,7,16223,M,4565306.0,52292.0,16
201200017987,12,9,24,745,2,1,2,2.0,3,16379,M,4576785.0,44780.0,16
201200017988,12,10,6,1400,1,1,3,1.0,1,16280,M,4575942.0,37219.0,16
201200017989,12,12,25,1400,1,1,1,2.0,6,16323,M,4561492.0,42342.0,16
201200017990,12,2,6,1500,1,1,1,4.0,5,16053,M,4533871.0,-21819.0,16
201200017991,12,7,7,1115,1,1,1,8.0,7,16025,M,4534628.0,-20748.0,16
201200017992,12,11,7,1815,2,1,2,1.0,3,16074,M,4543752.0,-8045.0,16
201200017993,12,2,4,1745,1,1,1,1.0,7,16366,M,4560011.0,-21558.0,16
201200017994,12,2,23,700,3,1,1,1.0,3,16340,M,4565241.0,-12331.0,16
201200017995,12,2,26,1715,1,1,2,1.0,3,16088,M,4572623.0,-18327.0,16
201200017996,12,8,2,2145,5,2,1,1.0,6,16090,M,4559715.0,-4703.0,16
201200017997,12,10,31,1900,3,1,1,1.0,6,16386,M,4554935.0,15816.0,16
201200017998,12,5,22,2215,3,2,1,1.0,6,16419,M,4581441.0,7545.0,16
201200017999,12,7,8,915,1,1,1,2.0,6,16023,M,4590478.0,26494.0,16
201200018000,12,9,3,1745,1,2,3,1.0,6,16024,M,4581647.0,22088.0,16
201200018001,12,9,30,1330,1,1,1,1.0,7,16383,M,4578842.0,18924.0,16
201200018002,12,11,1,515,3,1,1,2.0,4,16011,M,4578107.0,19044.0,16
201200018003,12,11,22,2115,3,1,1,1.0,7,16108,M,4583808.0,8980.0,16
201200018004,12,10,6,1445,1,1,1,1.0,1,16081,M,4583258.0,4593.0,16
201200018005,12,10,18,430,3,1,1,1.0,6,16185,M,4592076.0,12214.0,16
201200018006,12,12,21,1915,3,1,1,2.0,6,16286,M,4576239.0,-6625.0,16
201200018007,12,6,18,830,1,1,1,8.0,5,16195,M,4583500.0,47549.0,16
201200018008,12,6,19,1100,1,1,1,1.0,1,16085,M,4583791.0,48346.0,16
201200018009,12,3,30,2130,3,1,1,1.0,6,16098,M,4605265.0,14797.0,16
201200018010,12,4,21,1415,1,1,1,2.0,3,16378,M,4604936.0,22622.0,16
201200018011,12,6,24,1615,1,1,1,1.0,1,16076,M,4599885.0,39513.0,16
201200018012,12,6,30,1200,1,1,1,1.0,6,16410,M,4599922.0,20008.0,16
201200018013,12,8,22,1045,1,1,1,1.0,3,16007,M,4601319.0,53840.0,16
201200018014,12,3,31,2130,3,1,1,1.0,6,36232,M,4680180.0,132129.0,36
201200018015,12,10,24,1415,1,2,1,1.0,3,36055,M,4694130.0,122974.0,36
201200018016,12,10,27,2045,3,1,1,1.0,6,36086,M,4700680.0,136085.0,36
201200018017,12,4,14,830,1,2,1,8.0,6,36046,M,4657970.0,198561.0,36
201200018018,12,8,25,1900,1,1,2,1.0,3,36208,M,4652910.0,206486.0,36
201200018019,12,10,10,1200,1,2,6,3.0,3,36046,M,,,36
201200018020,12,11,12,1815,3,1,1,1.0,6,36109,M,4656400.0,195276.0,36
201200018021,12,5,5,2130,3,1,2,1.0,3,36239,M,4651010.0,149829.0,36
201200018022,12,6,8,1645,1,1,2,1.0,2,36022,M,4661380.0,169124.0,36
201200018023,12,8,28,1615,1,1,1,1.0,6,36219,M,4666420.0,157314.0,36
201200018024,12,9,12,1115,1,2,2,1.0,3,36200,M,4660090.0,151348.0,36
201200018025,12,4,21,2200,3,2,1,2.0,6,10174,M,4852418.0,427181.0,10
201200018026,12,8,3,645,1,1,1,1.0,3,10272,M,4856200.0,413600.0,10
201200018027,12,10,21,1500,1,1,1,1.0,7,10101,M,0.0,0.0,10
201200018028,12,11,18,845,4,1,1,1.0,6,10354,M,4852500.0,421600.0,10
201200018029,12,1,19,2015,3,1,1,2.0,1,10251,M,4811789.0,394261.0,10
201200018030,12,4,29,1800,1,1,1,1.0,7,10051,M,4817533.0,398278.0,10
201200018031,12,6,14,430,2,2,2,2.0,6,10227,M,4793352.0,391131.0,10
201200018032,12,7,5,900,1,1,2,1.0,3,10116,M,4814684.0,401035.0,10
201200018033,12,7,12,1700,1,1,1,1.0,6,10185,M,0.0,0.0,10
201200018034,12,7,20,2100,1,1,1,1.0,7,10104,M,4815940.0,412808.0,10
201200018035,12,8,27,1130,1,2,1,1.0,1,10229,M,0.0,0.0,10
201200018036,12,10,26,1330,1,2,4,1.0,1,10278,M,0.0,0.0,10
201200018037,12,11,13,1615,1,1,1,1.0,6,10104,M,0.0,0.0,10
201200018038,12,3,16,1845,1,1,1,1.0,1,10287,M,4836800.0,432200.0,10
201200018039,12,6,28,1145,1,1,1,1.0,1,10328,M,4834982.0,426897.0,10
201200018040,12,9,9,2015,2,1,1,1.0,3,10332,M,0.0,0.0,10
201200018041,12,6,6,600,1,2,1,1.0,6,10401,M,4823921.0,447910.0,10
201200018042,12,6,18,1630,1,2,1,1.0,3,10150,M,4821403.0,470818.0,10
201200018043,12,6,28,1715,1,1,9,1.0,7,10203,M,4815128.0,480402.0,10
201200018044,12,4,13,500,3,1,1,5.0,6,10262,M,4803997.0,440580.0,10
201200018045,12,7,20,1815,1,2,2,2.0,3,10070,M,4807890.0,439998.0,10
201200018046,12,8,2,430,3,1,1,1.0,6,10158,M,0.0,0.0,10
201200018047,12,9,9,2000,1,1,1,1.0,7,10296,M,4805300.0,437500.0,10
201200018048,12,10,25,2315,5,2,3,1.0,3,10034,M,0.0,0.0,10
201200018049,12,11,5,1045,1,1,1,2.0,6,10331,M,4811300.0,417900.0,10
201200018050,12,11,6,1615,1,2,3,1.0,3,10034,M,4811140.0,437770.0,10
201200018051,12,12,20,845,1,1,1,1.0,6,10025,M,0.0,0.0,10
201200018052,12,12,29,2030,3,1,1,2.0,6,10310,M,0.0,0.0,10
201200018053,12,3,1,1130,1,1,1,1.0,3,10268,M,4848700.0,349400.0,10
201200018054,12,6,13,1245,1,1,3,1.0,1,10131,M,4848519.0,396889.0,10
201200018055,12,7,11,715,1,2,1,1.0,7,10131,M,4846797.0,394426.0,10
201200018056,12,7,21,1315,1,2,1,1.0,2,10323,M,4850800.0,374043.0,10
201200018057,12,8,20,1615,1,1,1,1.0,6,10323,M,0.0,0.0,10
201200018058,12,9,16,700,2,1,1,5.0,7,10351,M,4846000.0,370700.0,10
201200018059,12,9,25,1930,5,2,3,3.0,3,10207,M,4855800.0,391400.0,10
201200018060,12,11,16,2100,3,1,1,5.0,6,10368,M,4842400.0,392300.0,10
201200018061,12,12,7,1645,2,2,1,3.0,6,10323,M,0.0,0.0,10
201200018062,12,12,17,1315,1,2,2,2.0,3,10323,M,4851516.0,372106.0,10
201200018063,12,5,26,2330,3,1,1,9.0,7,43113,M,4500200.0,399300.0,43
201200018064,12,5,27,1645,1,1,1,1.0,7,43071,M,4527000.0,382200.0,43
201200018065,12,9,18,1730,1,1,9,2.0,1,43059,M,4534800.0,366700.0,43
201200018066,12,7,12,900,1,2,1,1.0,6,43132,M,4512900.0,347700.0,43
201200018067,12,3,18,100,3,1,1,1.0,1,43232,M,0.0,0.0,43
201200018068,12,4,8,1500,1,1,1,1.0,7,43264,M,4522200.0,339300.0,43
201200018069,12,4,15,1815,1,1,1,4.0,2,43188,M,0.0,0.0,43
201200018070,12,5,10,1700,1,1,1,1.0,7,43086,M,0.0,0.0,43
201200018071,12,8,17,1400,1,2,1,1.0,3,43232,M,0.0,0.0,43
201200018072,12,2,22,1815,2,2,1,1.0,6,43099,M,0.0,0.0,43
201200018073,12,2,6,845,1,1,1,7.0,6,43268,M,0.0,0.0,43
201200018074,12,5,17,1700,1,2,1,1.0,6,43025,M,4526300.0,413400.0,43
201200018075,12,5,22,1015,1,2,1,1.0,6,43268,M,0.0,0.0,43
201200018076,12,7,21,1745,1,2,1,1.0,3,43268,M,4514600.0,412399.0,43
201200018077,12,8,26,1330,1,2,1,1.0,6,43162,M,0.0,0.0,43
201200018078,12,5,12,1000,1,2,1,1.0,6,43224,M,0.0,0.0,43
201200018079,12,10,19,2330,5,2,1,1.0,6,43224,M,0.0,0.0,43
201200018080,12,12,18,1630,1,1,1,8.0,1,43205,M,0.0,0.0,43
201200018081,12,5,29,730,1,1,1,7.0,3,43114,M,4517300.0,421100.0,43
201200018082,12,7,22,1730,1,1,1,1.0,5,43159,M,4518000.0,429500.0,43