Num_Acc,an,mois,jour,hrmn,lum,agg,int,atm,col,com,gps,lat,long,dep
201200018083,12,1,30,1900,3,1,1,4.0,6,18023,M,4708990.0,271032.0,18
201200018084,12,2,21,2100,3,1,1,1.0,7,18120,M,4712680.0,293395.0,18
201200018085,12,4,11,1800,1,1,1,8.0,3,18247,M,4703990.0,258244.0,18
201200018086,12,4,30,1100,1,1,1,1.0,3,18053,M,4715080.0,286475.0,18
201200018087,12,12,14,1300,1,1,2,2.0,5,18282,M,4712520.0,268620.0,18
201200018088,12,6,2,915,1,1,2,1.0,3,18039,M,4730240.0,279600.0,18
201200018089,12,8,19,915,1,1,3,1.0,3,18258,M,4735820.0,282077.0,18
201200018090,12,5,15,1945,1,1,2,7.0,2,18235,M,4715020.0,251432.0,18
201200018091,12,5,18,1030,1,2,1,2.0,3,18109,M,4730530.0,252224.0,18
201200018092,12,6,24,1730,1,1,1,1.0,6,18162,M,4731430.0,265744.0,18
201200018093,12,7,6,1400,1,1,1,1.0,6,18189,M,4721470.0,243366.0,18
201200018094,12,8,10,115,3,1,1,1.0,7,18109,M,4728070.0,254353.0,18
201200018095,12,9,6,2100,2,1,1,1.0,1,18206,M,4715620.0,231748.0,18
201200018096,12,9,9,200,3,1,1,1.0,1,18004,M,4722830.0,229530.0,18
201200018097,12,12,17,1415,1,1,1,1.0,6,18109,M,4729760.0,254352.0,18
201200018098,12,1,15,1530,1,1,1,1.0,3,18231,M,4673110.0,259808.0,18
201200018099,12,2,17,1915,3,1,1,1.0,6,18169,M,4673230.0,244214.0,18
201200018100,12,4,9,1530,1,1,1,1.0,6,18021,M,4680940.0,273158.0,18
201200018101,12,4,26,2200,3,1,1,2.0,6,18261,M,4680350.0,264839.0,18
201200018102,12,4,27,1630,1,2,3,2.0,3,18197,M,4672360.0,250296.0,18
201200018103,12,5,5,1445,1,2,1,3.0,6,18197,M,4672080.0,250473.0,18
201200018104,12,5,9,1045,1,2,2,1.0,3,18197,M,4672850.0,250898.0,18
201200018105,12,5,15,1630,1,2,1,1.0,6,18197,M,0.0,0.0,18
201200018106,12,5,23,1715,1,1,1,1.0,2,18197,M,4673740.0,253472.0,18
201200018107,12,8,11,330,3,1,1,1.0,6,18197,M,4673880.0,248148.0,18
201200018108,12,8,18,1700,1,1,1,1.0,1,18029,M,4673480.0,279319.0,18
201200018109,12,9,13,2100,1,1,1,1.0,2,18029,M,4674290.0,273848.0,18
201200018110,12,5,29,200,5,2,1,1.0,6,18187,M,4643350.0,225418.0,18
201200018111,12,8,16,1845,1,1,1,1.0,1,18187,M,0.0,0.0,18
201200018112,12,11,9,2000,3,1,1,1.0,1,18057,M,4656200.0,225100.0,18
201200018113,12,11,24,1715,1,1,3,1.0,3,18009,M,4666160.0,243130.0,18
201200018114,12,3,9,915,1,1,2,1.0,1,18204,M,4694230.0,254834.0,18
201200018115,12,9,1,45,3,1,1,1.0,7,18273,M,4682410.0,228219.0,18
201200018116,12,12,12,1445,1,1,1,1.0,6,18201,M,4698320.0,230309.0,18
201200018117,12,2,21,2315,3,2,2,1.0,3,18155,M,4682350.0,303172.0,18
201200018118,12,4,3,315,3,1,1,8.0,6,18155,M,4682520.0,299632.0,18
201200018119,12,4,18,700,2,1,1,1.0,4,18113,M,4697600.0,288148.0,18
201200018120,12,6,29,2115,1,2,1,1.0,6,18031,M,4689540.0,273696.0,18
201200018121,12,7,7,2345,3,1,2,2.0,3,18195,M,4685330.0,284135.0,18
201200018122,12,7,14,1915,1,1,1,2.0,6,18242,M,4684250.0,293648.0,18
201200018123,12,5,17,1145,1,1,1,8.0,6,18290,M,4728300.0,218936.0,18
201200018124,12,9,8,830,1,1,2,1.0,3,18159,M,4732040.0,218314.0,18
201200018125,12,12,19,1245,1,2,1,8.0,7,18015,M,4748300.0,243800.0,18
201200018126,12,1,19,1800,2,1,1,2.0,6,18150,M,4724860.0,196509.0,18
201200018127,12,3,16,1130,1,1,1,1.0,6,18028,M,4712290.0,225605.0,18
201200018128,12,4,3,1715,1,1,1,1.0,3,18124,M,4708870.0,206833.0,18
201200018129,12,6,10,845,1,1,3,1.0,3,18028,M,4711370.0,227333.0,18
201200018130,12,7,10,845,1,1,2,1.0,3,18167,M,4712210.0,192121.0,18
201200018131,12,7,19,700,2,1,1,2.0,7,18028,M,4713660.0,227417.0,18
201200018132,12,8,13,1930,1,2,1,1.0,6,18141,M,4714180.0,224076.0,18
201200018133,12,8,13,2145,3,1,1,1.0,6,18141,M,4715750.0,220914.0,18
201200018134,12,9,24,800,2,1,1,8.0,1,18138,M,4708110.0,224137.0,18
201200018135,12,12,29,1400,1,2,1,1.0,7,18096,M,4719860.0,213034.0,18
201200018136,12,2,11,15,5,1,1,1.0,3,73300,M,4567016.0,589364.0,73
201200018137,12,9,14,1615,1,1,1,1.0,1,73238,M,4577753.0,587567.0,73
201200018138,12,12,14,2045,3,1,1,3.0,6,73155,M,4564805.0,593537.0,73
201200018139,12,12,15,900,1,1,1,1.0,1,73059,M,4573403.0,588074.0,73
201200018140,12,12,21,1600,1,2,1,1.0,6,73010,M,4578891.0,594622.0,73
201200018141,12,5,14,1500,1,2,6,1.0,3,73179,M,4560091.0,587684.0,73
201200018142,12,6,2,1800,1,1,2,1.0,3,73050,M,4567687.0,585166.0,73
201200018143,12,8,10,1145,1,1,3,1.0,3,73051,M,4564793.0,586472.0,73
201200018144,12,10,5,2030,3,1,3,1.0,1,73051,M,4564800.0,586470.0,73
201200018145,12,10,19,2345,5,2,1,1.0,3,73179,M,4559467.0,586824.0,73
201200018146,12,10,26,1830,4,2,1,2.0,3,73330,M,4570297.0,576623.0,73
201200018147,12,12,28,2230,4,1,1,9.0,1,73245,M,4569082.0,582630.0,73
201200018148,12,1,6,1700,2,1,1,1.0,3,73070,M,4564169.0,569118.0,73
201200018149,12,3,10,630,2,1,1,1.0,6,73282,M,4548770.0,583525.0,73
201200018150,12,3,31,1800,1,1,1,1.0,4,73275,M,4545880.0,574665.0,73
201200018151,12,6,11,945,1,2,6,1.0,6,73204,M,4553143.0,568126.0,73
201200018152,12,7,4,740,1,1,1,1.0,6,73028,M,4566522.0,570000.0,73
201200018153,12,7,30,1800,1,1,1,1.0,3,73100,M,4553959.0,569504.0,73
201200018154,12,8,11,1645,1,2,3,1.0,3,73282,M,4550250.0,584534.0,73
201200018155,12,9,20,945,1,1,1,1.0,1,73070,M,4561942.0,566374.0,73
201200018156,12,9,14,1700,1,1,1,1.0,3,73151,M,4549159.0,599839.0,73
201200018157,12,11,7,1700,1,1,3,1.0,3,73018,M,4550474.0,607505.0,73
201200018158,12,2,11,1745,1,1,9,1.0,1,73297,M,4563060.0,632685.0,73
201200018159,12,4,28,1115,1,1,1,1.0,7,73032,M,4559364.0,644785.0,73
201200018160,12,5,21,2245,3,1,1,1.0,6,73063,M,4559620.0,644755.0,73
201200018161,12,6,13,1730,1,2,1,1.0,7,73303,M,4575032.0,641436.0,73
201200018162,12,8,2,1215,1,1,1,1.0,6,73186,M,4579767.0,654215.0,73
201200018163,12,9,22,1415,1,1,1,1.0,2,73196,M,4569008.0,640065.0,73
201200018164,12,12,17,1630,2,1,1,2.0,1,73162,M,4560536.0,628091.0,73
201200018165,12,1,20,1730,1,2,1,2.0,3,73248,M,4527124.0,636344.0,73
201200018166,12,2,19,10,5,2,1,1.0,6,73306,M,4516774.0,643000.0,73
201200018167,12,3,18,1715,1,2,1,4.0,6,73280,M,4520372.0,626609.0,73
201200018168,12,4,28,1815,1,2,1,1.0,1,73255,M,4533867.0,630177.0,73
201200018169,12,7,9,1915,1,1,1,1.0,7,73074,M,4543334.0,627986.0,73
201200018170,12,9,3,1415,1,1,1,1.0,6,73019,M,4549456.0,629940.0,73
201200018171,12,12,3,1500,1,1,1,4.0,5,73083,M,4538170.0,627912.0,73
201200018172,12,3,17,930,1,1,2,1.0,1,64519,M,4339400.0,-38000.0,64
201200018173,12,6,6,800,1,2,1,1.0,3,64519,M,0.0,0.0,64
201200018174,12,6,21,730,1,2,1,1.0,1,64399,M,0.0,0.0,64
201200018175,12,7,20,1500,1,2,7,1.0,6,64519,M,0.0,0.0,64
201200018176,12,8,21,945,1,2,1,1.0,6,64519,M,0.0,0.0,64
201200018177,12,10,27,330,3,1,1,3.0,6,64511,M,0.0,0.0,64
201200018178,12,10,27,1000,1,1,1,2.0,5,64511,M,0.0,0.0,64
201200018179,12,12,24,2045,3,2,1,1.0,6,64387,M,4345400.0,-44600.0,64
201200018180,12,6,10,630,2,1,1,1.0,1,64388,M,0.0,0.0,64
201200018181,12,7,27,2000,2,1,1,3.0,2,64488,M,0.0,0.0,64
201200018182,12,6,29,1645,1,1,1,1.0,6,64058,M,0.0,0.0,64
201200018183,12,4,1,1830,1,1,1,1.0,6,64457,M,0.0,0.0,64
201200018184,12,4,16,20,3,1,1,3.0,6,64070,M,0.0,0.0,64
201200018185,12,9,7,1730,1,1,1,1.0,2,64536,M,0.0,0.0,64
201200018186,12,8,7,1600,1,2,1,1.0,6,64364,M,0.0,0.0,64
201200018187,12,1,23,1215,1,1,1,1.0,1,64547,M,0.0,0.0,64
201200018188,12,5,20,1030,1,1,1,2.0,7,64436,M,0.0,0.0,64
201200018189,12,10,13,1700,1,1,1,1.0,7,64320,M,0.0,0.0,64
201200018190,12,12,2,1645,1,1,1,2.0,3,64353,M,0.0,0.0,64
201200018191,12,9,15,530,5,2,1,1.0,6,64443,M,0.0,0.0,64
201200018192,12,12,5,745,2,1,1,3.0,6,64529,M,0.0,0.0,64
201200018193,12,8,4,815,1,2,1,1.0,1,45028,M,4779721.0,162652.0,45
201200018194,12,4,1,1830,1,2,1,1.0,6,45173,M,4786336.0,213206.0,45
201200018195,12,5,20,1415,1,1,1,1.0,6,45173,M,4784878.0,212848.0,45
201200018196,12,4,11,830,1,1,1,1.0,1,45046,M,4797777.0,174002.0,45
201200018197,12,8,5,245,3,1,1,1.0,6,45341,M,4804093.0,167153.0,45
201200018198,12,9,27,2000,2,1,1,8.0,6,45313,M,4807202.0,183095.0,45
201200018199,12,10,2,900,1,1,1,1.0,6,45266,M,4810706.0,193048.0,45
201200018200,12,2,10,2215,5,2,1,1.0,6,45083,M,4792891.0,292816.0,45
201200018201,12,8,28,2015,1,1,1,1.0,1,45281,M,0.0,0.0,45
201200018202,12,1,25,2130,3,1,1,8.0,6,45187,M,4786334.0,246876.0,45
201200018203,12,4,22,1000,1,2,1,1.0,2,45187,M,4788475.0,250809.0,45
201200018204,12,9,23,1430,1,1,1,1.0,6,45210,M,4786294.0,283621.0,45
201200018205,12,10,31,1500,1,1,2,1.0,3,45230,M,4791495.0,252046.0,45
201200018206,12,1,24,2115,3,1,1,1.0,6,45259,M,0.0,0.0,45
201200018207,12,2,10,2330,4,1,1,1.0,6,45178,M,4801552.0,254241.0,45
201200018208,12,3,2,1415,1,1,1,1.0,6,45061,M,4804619.0,275698.0,45
201200018209,12,4,5,415,3,1,1,1.0,6,45092,M,4796952.0,259347.0,45
201200018210,12,8,19,1115,1,1,2,1.0,3,45030,M,4800624.0,234887.0,45
201200018211,12,4,28,900,1,1,1,1.0,6,45216,M,0.0,0.0,45
201200018212,12,5,25,1630,1,1,1,1.0,3,45255,M,4810297.0,269122.0,45
201200018213,12,7,25,1500,1,2,2,1.0,3,45145,M,4804431.0,273039.0,45
201200018214,12,8,20,1630,1,1,1,1.0,5,45216,M,0.0,0.0,45
201200018215,12,8,7,1900,1,1,2,1.0,3,45223,M,4800624.0,234887.0,45
201200018216,12,1,29,1445,1,1,2,1.0,3,45348,M,4813119.0,233095.0,45
201200018217,12,1,31,1800,3,1,1,1.0,1,45038,M,0.0,0.0,45
201200018218,12,2,24,1700,1,1,1,1.0,7,45137,M,4814202.0,217744.0,45
201200018219,12,3,30,830,1,1,1,1.0,7,45133,M,0.0,0.0,45
201200018220,12,4,15,100,3,1,2,1.0,3,45119,M,4816392.0,227627.0,45
201200018221,12,5,13,2215,5,2,1,1.0,3,45191,M,0.0,0.0,45
201200018222,12,6,13,1230,1,1,1,1.0,1,45133,M,4823354.0,223328.0,45
201200018223,12,6,23,1615,1,1,1,1.0,6,45139,M,4817561.0,230966.0,45
201200018224,12,9,29,1615,1,2,1,1.0,6,45253,M,0.0,0.0,45
201200018225,12,8,2,1045,1,1,3,1.0,2,45056,M,4816824.0,250964.0,45
201200018226,12,9,1,1130,1,1,3,1.0,1,45030,M,4805971.0,243219.0,45
201200018227,12,9,9,1930,2,1,1,1.0,5,45056,M,0.0,0.0,45
201200018228,12,10,13,1900,2,2,1,1.0,6,45021,M,4811184.0,239901.0,45
201200018229,12,9,11,2100,3,1,1,1.0,7,45015,M,0.0,0.0,45
201200018230,12,1,11,1830,3,1,1,1.0,1,60103,M,4942200.0,224400.0,60
201200018231,12,1,15,2230,3,1,6,1.0,7,60009,M,0.0,0.0,60
201200018232,12,3,24,1900,3,1,3,1.0,3,60646,M,0.0,0.0,60
201200018233,12,3,29,800,1,1,1,1.0,2,60009,M,0.0,0.0,60
201200018234,12,4,23,900,1,1,1,1.0,2,60103,M,0.0,0.0,60
201200018235,12,11,28,1445,1,1,1,1.0,5,60542,M,0.0,0.0,60
201200018236,12,12,10,745,4,1,1,1.0,1,60628,M,0.0,0.0,60
201200018237,12,9,22,1300,1,2,1,1.0,6,60477,M,0.0,0.0,60
201200018238,12,11,1,1730,2,2,1,2.0,6,60187,M,0.0,0.0,60
201200018239,12,11,11,1700,2,2,1,1.0,6,60477,M,0.0,0.0,60
201200018240,12,3,30,2230,3,1,1,1.0,1,60365,M,0.0,0.0,60
201200018241,12,5,31,2300,5,2,1,1.0,1,60295,M,0.0,0.0,60
201200018242,12,8,5,1830,1,2,1,1.0,1,60387,M,0.0,0.0,60
201200018243,12,9,11,1045,1,2,7,2.0,6,60286,M,0.0,0.0,60
201200018244,12,10,6,1000,1,1,1,3.0,6,60084,M,0.0,0.0,60
201200018245,12,10,13,1145,1,2,1,3.0,2,60286,M,0.0,0.0,60
201200018246,12,10,30,600,3,1,1,2.0,3,60566,M,0.0,0.0,60
201200018247,12,11,2,1400,1,1,1,1.0,6,60245,M,0.0,0.0,60
201200018248,12,11,15,945,1,1,1,1.0,2,60233,M,0.0,0.0,60
201200018249,12,11,18,1245,1,1,1,1.0,7,60286,M,0.0,0.0,60
201200018250,12,11,25,330,3,1,1,6.0,6,60484,M,0.0,0.0,60
201200018251,12,12,27,1645,2,1,1,3.0,6,60590,M,0.0,0.0,60
201200018252,12,2,3,1830,5,2,1,1.0,2,60185,M,0.0,0.0,60
201200018253,12,5,1,1645,1,2,1,7.0,1,60074,M,0.0,0.0,60
201200018254,12,7,30,1930,1,2,3,1.0,3,60601,M,0.0,0.0,60
201200018255,12,11,4,2130,5,2,1,1.0,6,60513,M,0.0,0.0,60
201200018256,12,12,28,800,5,2,1,2.0,5,60584,M,0.0,0.0,60
201200018257,12,3,6,1715,1,2,1,1.0,6,60104,M,0.0,0.0,60
201200018258,12,3,8,515,3,1,1,1.0,5,60465,M,0.0,0.0,60
201200018259,12,3,30,1130,1,2,1,1.0,1,60573,M,0.0,0.0,60
201200018260,12,5,15,2015,1,1,2,1.0,3,60299,M,0.0,0.0,60
201200018261,12,5,19,1915,1,2,1,1.0,1,60664,M,0.0,0.0,60
201200018262,12,6,16,1900,1,2,1,1.0,6,60104,M,0.0,0.0,60
201200018263,12,7,25,1400,1,1,1,1.0,1,60372,M,0.0,0.0,60
201200018264,12,9,6,1645,1,1,2,1.0,3,60221,M,0.0,0.0,60
201200018265,12,11,12,1745,2,2,1,1.0,1,60265,M,0.0,0.0,60
201200018266,12,2,17,1745,2,2,3,1.0,3,60134,M,0.0,0.0,60
201200018267,12,5,18,915,1,1,1,1.0,1,60342,M,4929100.0,241900.0,60
201200018268,12,6,23,1345,1,1,1,1.0,6,60134,M,4932500.0,243900.0,60
201200018269,12,6,28,820,1,2,1,1.0,6,60360,M,4933100.0,246900.0,60
201200018270,12,7,15,1600,1,1,1,1.0,7,60040,M,4941100.0,260600.0,60
201200018271,12,10,10,1400,1,1,1,1.0,2,60524,M,0.0,0.0,60
201200018272,12,12,26,845,1,2,8,1.0,6,60342,M,0.0,0.0,60
201200018273,12,3,11,1315,1,1,1,1.0,1,60497,M,4949300.0,231000.0,60
201200018274,12,6,3,800,1,2,1,2.0,2,60581,M,0.0,0.0,60
201200018275,12,6,30,930,1,1,1,1.0,6,60222,M,4949700.0,229900.0,60
201200018276,12,7,10,1815,1,1,1,1.0,7,60468,M,4950900.0,234800.0,60
201200018277,12,8,14,1800,1,1,1,1.0,1,60374,M,0.0,0.0,60
201200018278,12,8,16,1930,1,2,1,1.0,6,60643,M,4956400.0,259000.0,60
201200018279,12,9,29,2230,5,1,1,1.0,6,60232,M,0.0,0.0,60
201200018280,12,10,10,815,1,1,1,1.0,3,60468,M,0.0,0.0,60
201200018281,12,10,13,1400,1,1,1,2.0,3,60581,M,4952100.0,242600.0,60
201200018282,12,10,20,1345,1,1,1,2.0,1,60495,M,4954200.0,246400.0,60
201200018283,12,10,10,1830,1,1,2,1.0,3,60374,M,4956600.0,248800.0,60
201200018284,12,11,6,1800,5,2,1,1.0,6,60581,M,0.0,0.0,60
201200018285,12,11,20,800,2,1,1,1.0,1,60701,M,4955300.0,235400.0,60
201200018286,12,12,2,815,1,1,1,7.0,6,60581,M,4952100.0,242600.0,60
201200018287,12,12,20,1930,5,2,1,2.0,3,60581,M,4951300.0,243300.0,60
201200018288,12,5,4,1400,1,2,1,8.0,1,60043,M,4949800.0,296800.0,60
201200018289,12,6,14,1530,1,2,1,1.0,6,60537,M,4951200.0,292500.0,60
201200018290,12,9,6,1215,1,2,1,1.0,6,60025,M,0.0,0.0,60
201200018291,12,9,24,1830,1,2,1,1.0,6,60537,M,4951500.0,292500.0,60
201200018292,12,9,29,15,5,1,1,1.0,6,60156,M,4944500.0,285500.0,60
201200018293,12,10,8,1600,1,2,1,2.0,3,60636,M,4948600.0,288700.0,60
201200018294,12,10,24,1615,1,2,1,1.0,6,60647,M,0.0,0.0,60
201200018295,12,11,11,2330,1,1,9,8.0,1,60064,M,0.0,0.0,60
201200018296,12,11,10,2300,5,1,1,1.0,6,60025,M,0.0,0.0,60
201200018297,12,11,20,1715,2,2,1,1.0,3,60167,M,4940400.0,302700.0,60
201200018298,12,9,28,2015,3,1,1,1.0,6,60471,M,0.0,0.0,60
201200018299,12,6,22,1600,1,2,1,1.0,1,60191,M,0.0,0.0,60
201200018300,12,11,25,245,5,2,1,6.0,6,60531,M,0.0,0.0,60
201200018301,12,4,9,1900,1,2,1,2.0,1,60481,M,0.0,0.0,60
201200018302,12,4,19,1945,2,2,1,1.0,6,60509,M,0.0,0.0,60
201200018303,12,5,4,1330,1,1,1,2.0,4,60203,M,0.0,0.0,60
201200018304,12,12,6,745,5,2,1,8.0,6,60509,M,0.0,0.0,60
201200018305,12,9,15,930,1,1,1,1.0,3,09326,M,0.0,0.0,09
201200018306,12,1,2,1700,2,1,1,1.0,2,09324,M,4305433.0,164951.0,09
201200018307,12,3,8,2015,5,2,1,1.0,1,09264,M,4301322.0,161062.0,09
201200018308,12,7,11,1515,1,1,1,1.0,6,09264,M,4303603.0,162405.0,09
201200018309,12,7,15,1845,1,1,1,1.0,1,09103,M,4302331.0,159159.0,09
201200018310,12,8,8,1045,1,2,3,1.0,3,09265,M,4309076.0,162690.0,09
201200018311,12,11,14,1330,1,2,1,1.0,6,09264,M,4301148.0,161118.0,09
201200018312,12,7,24,2230,3,1,1,1.0,1,09261,M,4296706.0,110235.0,09
201200018313,12,12,9,830,1,1,1,1.0,6,09082,M,0.0,0.0,09
201200018314,12,7,29,1130,1,1,4,1.0,1,09182,M,4288788.0,137131.0,09
201200018315,12,12,1,220,3,1,1,9.0,6,09301,M,,,09
201200018316,12,11,7,1200,1,1,1,1.0,1,83145,M,0.0,0.0,83
201200018317,12,11,25,1230,1,1,1,1.0,1,83051,M,0.0,0.0,83
201200018318,12,10,23,1400,1,1,1,1.0,7,83074,M,0.0,0.0,83
201200018319,12,11,3,30,3,1,1,1.0,6,83056,M,0.0,0.0,83
201200018320,12,6,17,1701,1,2,1,1.0,3,90034,M,0.0,0.0,90
201200018321,12,8,14,831,1,1,1,1.0,7,90104,M,0.0,0.0,90
201200018322,12,12,29,1645,2,2,1,1.0,5,90093,M,0.0,0.0,90
201200018323,12,8,20,2231,3,1,1,1.0,7,90046,M,0.0,0.0,90
201200018324,12,4,8,1245,1,1,3,1.0,4,50444,M,4904680.0,-96303.0,50
201200018325,12,5,11,2300,4,2,1,1.0,6,50034,M,4909450.0,-105204.0,50
201200018326,12,5,13,1845,1,1,3,1.0,5,50444,M,4905970.0,-96979.0,50
201200018327,12,5,16,645,1,1,1,1.0,1,50414,M,4908900.0,-96445.0,50
201200018328,12,8,19,315,1,1,1,5.0,6,50444,M,4905880.0,-95130.0,50
201200018329,12,1,21,1645,1,1,1,1.0,7,50248,M,4919780.0,-119379.0,50
201200018330,12,3,9,1945,1,1,1,1.0,1,50098,M,4907170.0,-124882.0,50
201200018331,12,3,16,800,1,1,1,1.0,1,50409,M,4917350.0,-115535.0,50
201200018332,12,5,6,1930,1,2,3,1.0,6,50046,M,4914380.0,-94129.0,50
201200018333,12,11,2,1630,1,1,3,1.0,5,50455,M,4918190.0,-103810.0,50
201200018334,12,3,17,1845,2,1,1,2.0,1,50074,M,4872210.0,-115285.0,50
201200018335,12,7,4,1500,1,1,1,8.0,5,50185,M,4884410.0,-126994.0,50
201200018336,12,7,17,900,1,1,1,1.0,5,50060,M,4887820.0,-125824.0,50
201200018337,12,9,26,1930,5,2,4,8.0,1,50639,M,0.0,0.0,50
201200018338,12,10,4,1545,1,1,1,1.0,6,50639,M,4884560.0,-122875.0,50
201200018339,12,2,11,1900,3,1,1,1.0,1,50494,M,4860740.0,-89117.0,50
201200018340,12,9,14,2045,5,2,2,1.0,3,50359,M,4864800.0,-94277.0,50
201200018341,12,11,16,830,1,1,1,1.0,6,50029,M,4858200.0,-84046.0,50
201200018342,12,7,7,1530,1,1,1,1.0,5,50410,M,4856150.0,-148336.0,50
201200018343,12,12,31,1845,3,1,2,3.0,5,50293,M,0.0,0.0,50
201200018344,12,3,12,730,1,1,1,1.0,1,50274,M,4855330.0,-109309.0,50
201200018345,12,6,10,915,1,1,2,2.0,3,50245,M,4852510.0,-92293.0,50
201200018346,12,7,24,915,1,1,3,1.0,1,50274,M,4851200.0,-108144.0,50
201200018347,12,8,21,1345,1,1,2,1.0,5,50515,M,4855410.0,-118521.0,50
201200018348,12,11,6,1830,3,1,2,1.0,2,50274,M,4852110.0,-108838.0,50
201200018349,12,8,29,1115,1,1,1,1.0,6,50471,M,4936980.0,-171891.0,50
201200018350,12,7,21,1630,1,1,1,1.0,1,50169,M,0.0,0.0,50
201200018351,12,10,12,1215,1,2,2,2.0,3,50175,M,4948020.0,-139182.0,50
201200018352,12,5,16,1515,1,2,1,1.0,5,50215,M,4909760.0,-160202.0,50
201200018353,12,8,29,1930,1,1,1,1.0,6,50085,M,4891540.0,-156255.0,50
201200018354,12,3,23,1600,1,1,1,1.0,7,50482,M,4921460.0,-139450.0,50
201200018355,12,7,22,615,1,1,1,1.0,1,50078,M,4925640.0,-163959.0,50
201200018356,12,4,27,1730,1,2,1,1.0,6,05040,M,4454405.0,628137.0,05
201200018357,12,5,3,715,1,1,1,1.0,3,05164,M,4453219.0,639480.0,05
201200018358,12,2,28,2000,3,1,3,1.0,3,14138,M,4923710.0,-100340.0,14
201200018359,12,7,27,1600,1,1,1,1.0,1,14298,M,0.0,0.0,14
201200018360,12,7,29,700,1,1,1,1.0,6,14138,M,4922920.0,-102092.0,14
201200018361,12,8,5,1800,1,1,1,1.0,2,14138,M,,,14
201200018362,12,1,5,1730,2,1,3,6.0,1,14400,M,4928600.0,-61281.0,14
201200018363,12,3,18,2000,5,2,2,1.0,3,14191,M,4932990.0,-45257.0,14
201200018364,12,6,5,1650,1,1,2,1.0,3,14430,M,4933820.0,-56994.0,14
201200018365,12,10,20,2015,3,1,1,3.0,6,14191,M,4932100.0,-57600.0,14
201200018366,12,12,28,1545,1,1,1,8.0,2,14400,M,0.0,0.0,14
201200018367,12,5,19,2030,1,2,1,2.0,6,14760,M,4909620.0,-64206.0,14
201200018368,12,7,17,550,3,1,1,1.0,6,14389,M,4906380.0,-68840.0,14
201200018369,12,9,4,1730,1,1,1,1.0,7,14336,M,0.0,0.0,14
201200018370,12,4,28,1600,1,2,2,2.0,3,14514,M,4928320.0,18049.0,14
201200018371,12,6,21,1830,1,1,1,1.0,3,14578,M,4937090.0,13332.0,14
201200018372,12,11,9,1915,3,1,1,3.0,6,14085,M,0.0,0.0,14
201200018373,12,4,9,1145,1,1,1,8.0,6,14231,M,4921360.0,1920.0,14
201200018374,12,4,30,1620,1,1,1,3.0,7,14494,M,4925410.0,-6797.0,14
201200018375,12,6,8,730,1,1,3,1.0,3,14203,M,4923080.0,-8696.0,14
201200018376,12,7,29,245,3,1,1,1.0,6,14494,M,0.0,0.0,14
201200018377,12,8,3,700,1,1,1,1.0,1,14474,M,4912680.0,574.0,14
201200018378,12,8,14,1110,1,1,3,1.0,2,14473,M,4911440.0,4477.0,14
201200018379,12,8,18,930,1,1,2,1.0,1,14474,M,,,14
201200018380,12,11,1,800,1,1,1,1.0,6,14126,M,4913800.0,5700.0,14
201200018381,12,1,1,1215,1,1,1,1.0,6,14546,M,4900500.0,-18376.0,14
201200018382,12,1,5,845,1,1,1,6.0,5,14456,M,4910600.0,-17134.0,14
201200018383,12,1,8,645,3,1,1,2.0,2,14691,M,4911480.0,-32114.0,14
201200018384,12,3,1,645,3,1,6,5.0,7,14277,M,4908320.0,-34314.0,14
201200018385,12,3,23,805,1,1,1,1.0,2,14623,M,4912030.0,-35629.0,14
201200018386,12,4,21,1745,1,2,1,2.0,1,14005,M,4909540.0,-13915.0,14
201200018387,12,7,26,1830,1,1,1,1.0,3,14319,M,4914430.0,-30906.0,14
201200018388,12,8,2,1630,1,2,6,2.0,7,14556,M,4911640.0,-37771.0,14
201200018389,12,8,2,1330,1,2,2,2.0,7,14623,M,4911650.0,-37456.0,14
201200018390,12,8,17,1830,1,2,1,1.0,5,14057,M,4912460.0,-20678.0,14
201200018391,12,10,17,1500,1,2,1,2.0,6,14158,M,0.0,0.0,14
201200018392,12,12,28,715,2,1,1,2.0,5,14603,M,4905600.0,-40700.0,14
201200018393,12,1,15,1115,1,1,1,1.0,7,14599,M,4908800.0,33600.0,14
201200018394,12,3,3,1755,1,1,1,1.0,7,14522,M,4906320.0,25507.0,14
201200018395,12,5,31,830,1,2,1,1.0,3,14740,M,4902320.0,41560.0,14
201200018396,12,7,27,1430,1,1,1,7.0,5,14460,M,4920160.0,32036.0,14
201200018397,12,10,16,1345,1,2,1,1.0,1,14058,M,0.0,0.0,14
201200018398,12,10,26,2200,3,1,1,1.0,3,14571,M,4909400.0,31400.0,14
201200018399,12,12,16,1000,1,1,2,1.0,3,14582,M,4906800.0,18500.0,14
201200018400,12,7,6,1445,1,1,2,1.0,3,14527,M,0.0,0.0,14
201200018401,12,10,11,800,2,1,1,3.0,1,14331,M,0.0,0.0,14
201200018402,12,1,3,1145,1,1,1,6.0,3,14545,M,4882320.0,-84811.0,14
201200018403,12,1,30,1830,5,2,1,1.0,6,14762,M,4884000.0,-89312.0,14
201200018404,12,5,10,1145,1,1,1,8.0,1,14584,M,0.0,0.0,14
201200018405,12,5,24,1615,1,1,1,1.0,6,14762,M,4884300.0,-90861.0,14
201200018406,12,9,22,945,1,2,1,1.0,6,14762,M,0.0,0.0,14