Num_Acc,an,mois,jour,hrmn,lum,agg,int,atm,col,com,gps,lat,long,dep
201200018407,12,11,15,1900,5,2,1,1.0,6,14658,M,0.0,0.0,14
201200018408,12,12,10,1730,5,2,1,1.0,3,14762,M,0.0,0.0,14
201200018409,12,2,17,1600,1,2,1,1.0,1,14174,M,4884700.0,-55240.0,14
201200018410,12,3,16,1700,1,2,1,1.0,3,14174,M,4885530.0,-54201.0,14
201200018411,12,10,27,2115,3,1,1,3.0,6,14726,M,0.0,0.0,14
201200018412,12,11,4,1045,1,2,1,1.0,6,14174,M,0.0,0.0,14
201200018413,12,11,17,815,2,1,1,5.0,1,14686,M,0.0,0.0,14
201200018414,12,1,21,1115,1,1,1,1.0,3,06138,M,0.0,0.0,06
201200018415,12,2,11,230,3,2,1,1.0,6,06007,M,0.0,0.0,06
201200018416,12,2,21,1745,2,1,1,1.0,2,06090,M,0.0,0.0,06
201200018417,12,6,14,1930,2,2,1,1.0,1,06079,M,0.0,0.0,06
201200018418,12,6,26,2200,5,2,1,1.0,3,06079,M,0.0,0.0,06
201200018419,12,7,7,730,1,2,1,1.0,1,06090,M,0.0,0.0,06
201200018420,12,7,31,1100,1,2,1,1.0,1,06090,M,0.0,0.0,06
201200018421,12,5,6,1715,1,2,1,1.0,1,06148,M,4372300.0,707400.0,06
201200018422,12,7,5,730,1,1,1,1.0,1,06038,M,0.0,0.0,06
201200018423,12,10,15,1530,1,2,6,1.0,3,06105,M,4366900.0,704600.0,06
201200018424,12,11,7,1700,2,1,1,1.0,7,06068,M,0.0,0.0,06
201200018425,12,7,1,1000,1,1,1,1.0,3,06062,M,0.0,0.0,06
201200018426,12,7,8,1130,1,1,1,1.0,1,06023,M,0.0,0.0,06
201200018427,12,7,28,1415,1,2,1,1.0,3,06163,M,0.0,0.0,06
201200018428,12,10,6,1615,1,1,1,1.0,6,06163,M,0.0,0.0,06
201200018429,12,4,16,1015,1,1,1,1.0,1,06078,M,0.0,0.0,06
201200018430,12,6,13,1100,1,1,1,1.0,1,06078,M,0.0,0.0,06
201200018431,12,6,17,1015,1,1,1,1.0,3,06158,M,0.0,0.0,06
201200018432,12,6,22,1800,1,1,1,1.0,1,06099,M,0.0,0.0,06
201200018433,12,7,3,1500,1,1,1,1.0,3,06151,M,0.0,0.0,06
201200018434,12,8,11,1000,1,2,3,1.0,3,06099,M,0.0,0.0,06
201200018435,12,8,25,1000,1,1,1,1.0,6,06101,M,0.0,0.0,06
201200018436,12,11,21,730,1,1,1,1.0,6,06101,M,0.0,0.0,06
201200018437,12,1,17,1900,3,1,1,1.0,6,06073,M,0.0,0.0,06
201200018438,12,7,18,1030,1,1,1,1.0,7,06073,M,0.0,0.0,06
201200018439,12,8,17,1315,1,2,1,1.0,1,06120,M,0.0,0.0,06
201200018440,12,9,18,1715,1,1,1,1.0,4,06120,M,0.0,0.0,06
201200018441,12,1,28,1430,1,2,1,1.0,6,72373,M,4806300.0,73700.0,72
201200018442,12,4,28,415,3,1,1,3.0,1,72269,M,0.0,0.0,72
201200018443,12,7,29,1845,1,1,1,1.0,1,72042,M,4798500.0,52100.0,72
201200018444,12,9,15,1845,1,1,1,1.0,1,72361,M,4788000.0,58000.0,72
201200018445,12,9,22,300,3,1,1,2.0,6,72204,M,4794000.0,69400.0,72
201200018446,12,10,6,1100,1,1,1,1.0,1,72269,M,4792000.0,76000.0,72
201200018447,12,12,19,1100,1,2,1,2.0,6,72035,M,4783800.0,75200.0,72
201200018448,12,2,12,715,2,1,1,1.0,6,72300,M,0.0,0.0,72
201200018449,12,2,25,1430,1,1,1,1.0,6,72386,M,0.0,0.0,72
201200018450,12,2,26,600,2,1,1,1.0,7,72386,M,0.0,0.0,72
201200018451,12,3,6,1230,1,1,1,1.0,1,72046,M,0.0,0.0,72
201200018452,12,7,29,600,2,2,6,1.0,6,72386,M,0.0,0.0,72
201200018453,12,8,9,415,5,2,1,1.0,6,72386,M,0.0,0.0,72
201200018454,12,9,2,1615,1,1,1,1.0,6,72386,M,0.0,0.0,72
201200018455,12,9,6,1815,1,1,2,1.0,3,72300,M,0.0,0.0,72
201200018456,12,10,1,1745,1,1,1,1.0,2,72054,M,0.0,0.0,72
201200018457,12,11,13,815,1,2,1,1.0,1,72358,M,0.0,0.0,72
201200018458,12,12,15,500,2,1,1,2.0,6,72224,M,0.0,0.0,72
201200018459,12,8,30,1715,1,1,6,1.0,3,72320,M,4805300.0,17000.0,72
201200018460,12,11,29,1800,3,1,1,1.0,3,72197,M,0.0,0.0,72
201200018461,12,2,17,1800,2,2,1,1.0,3,72071,M,4769300.0,41700.0,72
201200018462,12,3,8,1145,1,1,3,1.0,5,72103,M,4779700.0,54000.0,72
201200018463,12,5,26,1030,1,1,2,1.0,3,72103,M,0.0,0.0,72
201200018464,12,8,19,845,1,2,1,1.0,3,72183,M,4771500.0,51100.0,72
201200018465,12,9,4,1430,1,2,1,1.0,7,72068,M,0.0,0.0,72
201200018466,12,12,9,1445,1,1,1,1.0,7,72161,M,4775100.0,55900.0,72
201200018467,12,4,3,1545,1,1,1,1.0,7,72228,M,0.0,0.0,72
201200018468,12,6,29,2115,1,1,1,1.0,1,72195,M,4784000.0,-1200.0,72
201200018469,12,7,18,200,3,1,1,1.0,6,72021,M,0.0,0.0,72
201200018470,12,2,10,1815,2,1,1,1.0,6,72176,M,4767200.0,10300.0,72
201200018471,12,2,16,1600,1,1,1,1.0,7,72160,M,4772400.0,34500.0,72
201200018472,12,5,20,1800,1,1,1,2.0,2,72051,M,4782900.0,7900.0,72
201200018473,12,11,25,2130,3,1,1,1.0,7,72295,M,0.0,0.0,72
201200018474,12,3,13,1500,1,1,1,1.0,3,72331,M,4810700.0,57900.0,72
201200018475,12,3,14,1400,1,2,1,1.0,3,72267,M,0.0,0.0,72
201200018476,12,3,29,1800,1,1,1,1.0,3,72277,M,0.0,0.0,72
201200018477,12,4,1,1615,1,1,1,1.0,1,72031,M,0.0,0.0,72
201200018478,12,4,7,1745,1,1,1,1.0,6,72132,M,0.0,0.0,72
201200018479,12,4,11,1315,1,1,8,1.0,3,72038,M,0.0,0.0,72
201200018480,12,6,6,745,1,1,1,1.0,1,72040,M,4817500.0,53100.0,72
201200018481,12,7,1,1915,1,2,1,1.0,6,72093,M,0.0,0.0,72
201200018482,12,7,25,630,1,1,1,1.0,6,72122,M,0.0,0.0,72
201200018483,12,9,4,1815,1,1,1,1.0,2,72267,M,0.0,0.0,72
201200018484,12,3,16,830,1,1,1,1.0,3,72305,M,0.0,0.0,72
201200018485,12,4,5,1845,1,1,1,1.0,1,72308,M,4840800.0,10100.0,72
201200018486,12,5,24,1600,1,1,1,1.0,3,72305,M,0.0,0.0,72
201200018487,12,5,30,1600,1,2,1,1.0,1,72380,M,4823700.0,15700.0,72
201200018488,12,6,23,1700,1,2,1,1.0,5,72284,M,0.0,0.0,72
201200018489,12,6,29,1700,1,2,1,1.0,6,72294,M,0.0,0.0,72
201200018490,12,11,12,1445,1,1,1,1.0,6,72297,M,4818500.0,13000.0,72
201200018491,12,12,10,1745,3,2,1,1.0,6,72305,M,4829000.0,3900.0,72
201200018492,12,4,26,530,2,1,1,2.0,6,54588,M,4860589.0,643669.0,54
201200018493,12,3,24,1900,1,2,2,1.0,3,54076,M,4855700.0,639900.0,54
201200018494,12,9,3,1900,1,2,1,1.0,6,54045,M,4855496.0,634543.0,54
201200018495,12,10,10,1645,1,2,1,1.0,6,54076,M,4855900.0,644600.0,54
201200018496,12,10,20,1745,1,1,1,1.0,1,54567,M,0.0,0.0,54
201200018497,12,12,19,1530,1,2,1,7.0,6,54152,M,4855800.0,638700.0,54
201200018498,12,3,31,1300,1,1,1,1.0,7,54044,M,0.0,0.0,54
201200018499,12,6,7,1445,1,1,1,1.0,5,54128,M,4866700.0,585000.0,54
201200018500,12,7,16,1400,1,1,1,1.0,3,54008,M,4853849.0,589558.0,54
201200018501,12,11,5,1815,3,1,1,3.0,2,54392,M,4860100.0,589100.0,54
201200018502,12,7,25,1800,1,2,1,1.0,6,54318,M,4874800.0,607700.0,54
201200018503,12,8,10,1945,1,2,1,7.0,1,54063,M,4884450.0,584114.0,54
201200018504,12,9,15,1700,1,1,1,7.0,1,54208,M,4874900.0,594800.0,54
201200018505,12,11,17,1330,1,1,1,1.0,6,54346,M,0.0,0.0,54
201200018506,12,1,11,1515,1,1,1,1.0,3,66160,M,0.0,0.0,66
201200018507,12,5,31,1145,1,2,1,1.0,3,66009,M,0.0,0.0,66
201200018508,12,8,14,1445,1,2,1,1.0,1,66003,M,0.0,0.0,66
201200018509,12,9,14,1830,1,2,1,1.0,5,66049,M,4249753.0,274823.0,66
201200018510,12,9,15,1430,1,2,1,1.0,3,66003,M,4248091.0,268058.0,66
201200018511,12,12,7,2200,3,1,1,1.0,6,66160,M,0.0,0.0,66
201200018512,12,1,27,1455,1,2,1,1.0,6,14715,M,4936490.0,8235.0,14
201200018513,12,12,7,1750,5,2,1,4.0,3,14715,M,,,14
201200018514,12,1,8,1520,1,1,2,1.0,3,14701,M,4931100.0,8371.0,14
201200018515,12,12,9,1720,5,2,1,3.0,7,14715,M,,,14
201200018516,12,1,10,1330,1,1,1,1.0,6,14699,M,4935340.0,11962.0,14
201200018517,12,2,29,1450,1,2,3,1.0,3,14220,M,4936080.0,7104.0,14
201200018518,12,3,8,1100,1,2,1,1.0,6,66024,M,4252535.0,283318.0,66
201200018519,12,3,13,1700,1,1,1,1.0,7,66106,M,0.0,0.0,66
201200018520,12,3,25,600,3,1,1,1.0,6,14079,M,4932400.0,2789.0,14
201200018521,12,1,27,1700,1,2,2,1.0,3,14220,M,4935420.0,6547.0,14
201200018522,12,5,19,135,3,1,1,1.0,7,14079,M,4932370.0,2760.0,14
201200018523,12,6,3,605,2,2,2,1.0,6,14701,M,4932340.0,6476.0,14
201200018524,12,2,27,900,1,2,2,1.0,3,14220,M,4936070.0,7598.0,14
201200018525,12,3,1,1740,2,2,1,1.0,6,14220,M,4936060.0,7270.0,14
201200018526,12,7,26,815,1,2,1,1.0,6,14715,M,4936180.0,8642.0,14
201200018527,12,6,3,1605,1,2,3,1.0,6,14220,M,4936260.0,7894.0,14
201200018528,12,8,26,1100,1,2,1,1.0,6,14220,M,4935470.0,7121.0,14
201200018529,12,8,24,1010,1,2,2,1.0,3,14220,M,4935300.0,9018.0,14
201200018530,12,9,6,2210,5,2,1,1.0,6,14715,M,,,14
201200018531,12,3,23,1505,1,2,7,1.0,3,14715,M,4936140.0,8623.0,14
201200018532,12,4,5,2030,1,2,1,1.0,6,14699,M,4934860.0,9727.0,14
201200018533,12,10,13,330,5,2,1,2.0,7,14220,M,,,14
201200018534,12,4,7,1035,1,1,2,1.0,3,14079,M,4930710.0,4083.0,14
201200018535,12,4,8,1600,1,2,2,2.0,6,14059,M,4935020.0,5465.0,14
201200018536,12,10,15,1140,1,2,1,1.0,7,14220,M,,,14
201200018537,12,12,6,1900,3,1,1,1.0,1,14557,M,,,14
201200018538,12,4,25,1210,1,2,1,1.0,2,14059,M,4934380.0,3818.0,14
201200018539,12,4,27,1850,1,2,1,1.0,3,14699,M,,,14
201200018540,12,4,30,1845,1,2,2,1.0,3,14220,M,4935720.0,7160.0,14
201200018541,12,8,1,830,1,1,2,1.0,7,14557,M,,,14
201200018542,12,8,23,1720,1,1,2,1.0,7,14715,M,,,14
201200018543,12,8,23,1930,2,2,2,1.0,3,14699,M,,,14
201200018544,12,9,15,1830,1,2,1,1.0,6,14220,M,,,14
201200018545,12,9,23,1210,1,2,1,2.0,7,14699,M,,,14
201200018546,12,9,25,700,5,2,1,1.0,7,14079,M,,,14
201200018547,12,9,25,1710,1,2,1,1.0,7,14220,M,,,14
201200018548,12,10,2,1915,2,2,2,1.0,3,14220,M,,,14
201200018549,12,10,8,1445,1,1,1,1.0,7,14715,M,,,14
201200018550,12,10,28,2255,5,2,1,1.0,7,14220,M,,,14
201200018551,12,11,23,1720,2,2,1,2.0,6,14220,M,,,14
201200018552,12,11,28,1410,1,1,3,2.0,1,14699,M,,,14
201200018553,12,11,30,605,5,2,2,9.0,3,14220,M,,,14
201200018554,12,12,10,905,1,2,1,1.0,6,14715,M,,,14
201200018555,12,12,28,1950,5,2,2,8.0,2,14220,M,,,14
201200018556,12,7,21,1600,1,1,1,1.0,3,66016,M,0.0,0.0,66
201200018557,12,7,25,45,3,1,1,1.0,3,66148,M,0.0,0.0,66
201200018558,12,9,15,1715,1,1,1,1.0,1,66146,M,0.0,0.0,66
201200018559,12,8,29,115,3,1,1,1.0,6,66202,M,0.0,0.0,66
201200018560,12,9,20,1845,1,1,1,1.0,6,66080,M,0.0,0.0,66
201200018561,12,6,5,1215,1,1,1,1.0,7,66070,M,0.0,0.0,66
201200018562,12,5,7,800,1,1,1,1.0,3,66118,M,0.0,0.0,66
201200018563,12,5,20,1800,1,1,1,2.0,1,66096,M,0.0,0.0,66
201200018564,12,6,26,2000,1,1,1,1.0,6,66046,M,0.0,0.0,66
201200018565,12,7,10,900,1,2,7,1.0,6,66071,M,0.0,0.0,66
201200018566,12,9,5,1815,1,2,1,1.0,6,66096,M,4276931.0,265337.0,66
201200018567,12,9,24,300,3,1,1,2.0,6,66205,M,0.0,0.0,66
201200018568,12,2,26,1800,1,2,1,1.0,1,58250,M,4684500.0,344400.0,58
201200018569,12,3,19,815,1,1,1,1.0,6,58095,M,0.0,0.0,58
201200018570,12,7,23,1530,1,1,1,1.0,1,58250,M,4684400.0,342600.0,58
201200018571,12,5,11,1415,1,1,1,1.0,5,58264,M,0.0,0.0,58
201200018572,12,5,14,930,1,1,1,1.0,2,58296,M,0.0,0.0,58
201200018573,12,1,25,1330,1,2,1,1.0,6,58212,M,0.0,0.0,58
201200018574,12,2,9,1330,1,2,1,1.0,3,58131,M,0.0,0.0,58
201200018575,12,3,26,1545,1,1,2,1.0,3,58207,M,4708300.0,313700.0,58
201200018576,12,7,14,1600,1,1,1,1.0,3,58207,M,0.0,0.0,58
201200018577,12,12,28,2200,2,1,1,5.0,6,58303,M,4705000.0,316000.0,58
201200018578,12,8,20,1345,1,2,1,1.0,1,58238,M,0.0,0.0,58
201200018579,12,9,9,1800,1,1,4,1.0,3,58148,M,0.0,0.0,58
201200018580,12,9,16,1730,1,1,1,1.0,7,58113,M,0.0,0.0,58
201200018581,12,9,30,1230,1,2,1,1.0,1,58278,M,0.0,0.0,58
201200018582,12,10,13,1030,1,2,1,1.0,1,58142,M,4696500.0,375900.0,58
201200018583,12,4,20,2345,5,2,1,8.0,1,58047,M,4724500.0,375500.0,58
201200018584,12,6,8,1630,1,1,2,1.0,3,58017,M,0.0,0.0,58
201200018585,12,7,27,1445,1,1,1,1.0,6,58017,M,0.0,0.0,58
201200018586,12,9,24,1000,1,2,1,3.0,6,58017,M,4711100.0,369100.0,58
201200018587,12,9,29,2000,3,2,1,1.0,6,58233,M,0.0,0.0,58
201200018588,12,11,29,1530,1,1,1,1.0,6,58017,M,4715100.0,373400.0,58
201200018589,12,12,7,1615,2,1,1,4.0,6,58076,M,0.0,0.0,58
201200018590,12,6,3,330,3,2,1,3.0,6,58122,M,0.0,0.0,58
201200018591,12,5,12,1215,1,1,1,1.0,3,58085,M,4743300.0,341300.0,58
201200018592,12,7,6,1030,1,1,1,1.0,6,58217,M,4749300.0,353100.0,58
201200018593,12,10,7,1530,1,1,1,1.0,6,58016,M,4739700.0,358400.0,58
201200018594,12,10,26,1900,3,1,1,2.0,6,58312,M,0.0,0.0,58
201200018595,12,11,9,1945,3,1,1,8.0,2,58109,M,4747800.0,326800.0,58
201200018596,12,1,17,1830,3,1,1,1.0,7,26144,M,0.0,0.0,26
201200018597,12,2,13,900,3,1,1,1.0,7,26185,M,0.0,0.0,26
201200018598,12,3,1,615,3,1,1,1.0,1,26124,M,0.0,0.0,26
201200018599,12,3,9,315,5,2,1,1.0,6,26337,M,0.0,0.0,26
201200018600,12,5,1,1945,2,1,1,1.0,6,26124,M,0.0,0.0,26
201200018601,12,6,22,1300,1,2,1,1.0,6,26124,M,0.0,0.0,26
201200018602,12,6,27,615,2,1,1,1.0,6,26144,M,0.0,0.0,26
201200018603,12,6,28,1900,1,1,1,1.0,6,26337,M,0.0,0.0,26
201200018604,12,6,22,2100,1,1,1,1.0,1,26144,M,0.0,0.0,26
201200018605,12,12,16,2115,3,1,1,1.0,7,26124,M,0.0,0.0,26
201200018606,12,1,26,1830,3,1,1,1.0,1,26234,M,0.0,0.0,26
201200018607,12,9,28,745,1,2,1,1.0,6,26108,M,0.0,0.0,26
201200018608,12,12,30,1000,1,1,1,1.0,1,26289,M,4470200.0,515800.0,26
201200018609,12,6,2,1600,1,1,3,1.0,3,26178,M,4467400.0,547400.0,26
201200018610,12,8,28,1345,1,2,1,2.0,2,26167,M,0.0,0.0,26
201200018611,12,1,23,2300,3,1,1,1.0,6,26052,M,0.0,0.0,26
201200018612,12,10,21,2200,3,1,1,3.0,7,26176,M,0.0,0.0,26
201200018613,12,11,22,1700,1,1,1,1.0,1,26338,M,0.0,0.0,26
201200018614,12,5,11,1230,1,1,1,1.0,1,26373,M,0.0,0.0,26
201200018615,12,7,18,1645,1,1,1,1.0,6,26114,M,0.0,0.0,26
201200018616,12,8,16,1515,1,1,1,1.0,3,26045,M,0.0,0.0,26
201200018617,12,9,2,2300,3,1,1,1.0,6,26243,M,0.0,0.0,26
201200018618,12,2,3,1700,1,1,1,1.0,6,26093,M,0.0,0.0,26
201200018619,12,3,28,1215,1,1,2,1.0,3,26342,M,0.0,0.0,26
201200018620,12,5,3,1715,1,2,1,1.0,1,26033,M,0.0,0.0,26
201200018621,12,5,10,1800,1,2,1,1.0,6,26324,M,0.0,0.0,26
201200018622,12,5,14,900,1,2,6,1.0,3,26324,M,4435100.0,477400.0,26
201200018623,12,5,27,515,3,1,1,1.0,6,26033,M,4432200.0,486600.0,26
201200018624,12,9,9,1230,1,1,3,1.0,3,26357,M,4430200.0,494400.0,26
201200018625,12,6,16,1030,1,1,1,1.0,1,26376,M,4444200.0,529500.0,26
201200018626,12,8,13,1530,1,1,1,1.0,7,26112,M,0.0,0.0,26
201200018627,12,3,7,1115,1,1,1,1.0,2,26004,M,0.0,0.0,26
201200018628,12,5,4,1430,1,1,1,1.0,6,26084,M,0.0,0.0,26
201200018629,12,6,22,1415,1,2,1,1.0,3,26301,M,0.0,0.0,26
201200018630,12,7,18,2000,1,1,9,1.0,4,26301,M,0.0,0.0,26
201200018631,12,7,21,2145,2,1,1,1.0,6,26207,M,4516100.0,515700.0,26
201200018632,12,8,6,1030,1,1,1,1.0,1,26172,M,4531600.0,502200.0,26
201200018633,12,12,24,1915,3,1,1,1.0,1,70111,M,0.0,0.0,70
201200018634,12,5,25,1830,1,1,1,1.0,4,70044,M,0.0,0.0,70
201200018635,12,6,14,715,1,1,1,1.0,6,70566,M,0.0,0.0,70
201200018636,12,9,16,2000,5,2,2,1.0,3,70387,M,0.0,0.0,70
201200018637,12,7,30,1930,1,2,3,1.0,3,70438,M,0.0,0.0,70
201200018638,12,8,4,1615,1,1,1,1.0,7,70122,M,0.0,0.0,70
201200018639,12,8,21,1130,1,2,1,1.0,1,70418,M,0.0,0.0,70
201200018640,12,1,14,2015,3,1,3,8.0,3,70075,M,0.0,0.0,70
201200018641,12,3,15,2115,3,1,1,1.0,1,70533,M,0.0,0.0,70
201200018642,12,3,17,2045,3,1,1,1.0,1,70045,M,0.0,0.0,70
201200018643,12,4,24,1315,1,1,1,2.0,7,70334,M,0.0,0.0,70
201200018644,12,5,12,1545,1,2,1,1.0,1,70282,M,0.0,0.0,70
201200018645,12,1,12,1730,3,1,1,5.0,1,70120,M,0.0,0.0,70
201200018646,12,7,18,1530,1,2,1,1.0,3,70063,M,0.0,0.0,70
201200018647,12,1,16,1400,1,2,1,1.0,6,70311,M,0.0,0.0,70
201200018648,12,2,19,1800,5,2,1,1.0,6,70093,M,0.0,0.0,70
201200018649,12,5,24,1945,1,2,1,1.0,6,70216,M,0.0,0.0,70
201200018650,12,8,8,1445,1,1,1,1.0,6,70304,M,0.0,0.0,70
201200018651,12,11,29,1845,3,1,1,4.0,3,70155,M,0.0,0.0,70
201200018652,12,12,3,1745,5,2,1,2.0,6,70311,M,0.0,0.0,70
201200018653,12,2,25,1930,3,1,1,1.0,7,85097,M,0.0,0.0,85
201200018654,12,3,5,1800,1,1,1,4.0,6,85215,M,0.0,0.0,85
201200018655,12,6,9,1915,1,1,1,1.0,2,85108,M,0.0,0.0,85
201200018656,12,6,17,2130,2,1,1,1.0,2,85232,M,0.0,0.0,85
201200018657,12,12,4,1400,1,1,1,1.0,2,85038,M,0.0,0.0,85
201200018658,12,1,10,1415,1,1,2,1.0,3,01408,M,4624650.0,542325.0,01
201200018659,12,2,24,2315,3,1,1,2.0,6,01195,M,4623820.0,529016.0,01
201200018660,12,2,25,2345,3,1,1,1.0,6,01184,M,4615720.0,542727.0,01
201200018661,12,4,19,1730,2,1,1,1.0,7,01127,M,0.0,0.0,01
201200018662,12,5,25,1730,1,1,1,1.0,6,01184,M,4618020.0,543220.0,01
201200018663,12,8,14,2015,2,1,1,1.0,1,01426,M,0.0,0.0,01
201200018664,12,3,22,645,4,1,1,1.0,6,01074,M,4600080.0,517933.0,01
201200018665,12,6,1,1130,1,1,3,1.0,3,01074,M,4601100.0,517807.0,01
201200018666,12,10,12,1030,1,1,3,1.0,3,01074,M,0.0,0.0,01
201200018667,12,12,4,1815,1,2,1,2.0,3,01074,M,0.0,0.0,01
201200018668,12,5,5,530,3,1,1,1.0,1,01272,M,4616460.0,498081.0,01
201200018669,12,5,10,1500,1,2,3,1.0,3,01093,M,4612700.0,495913.0,01
201200018670,12,3,13,1600,1,1,1,1.0,1,01024,M,4626850.0,517113.0,01
201200018671,12,3,19,1,5,2,1,1.0,6,01236,M,0.0,0.0,01
201200018672,12,3,21,1305,1,1,1,1.0,7,01130,M,4630820.0,516182.0,01
201200018673,12,3,22,700,2,1,1,1.0,7,01305,M,4643660.0,493242.0,01
201200018674,12,9,12,1600,1,2,1,1.0,3,01102,M,0.0,0.0,01
201200018675,12,11,16,800,1,1,1,5.0,7,01375,M,0.0,0.0,01
201200018676,12,9,19,1600,1,2,1,1.0,3,01306,M,0.0,0.0,01
201200018677,12,11,22,715,2,2,1,8.0,6,01343,M,0.0,0.0,01
201200018678,12,3,9,845,1,1,1,1.0,6,01454,M,4573770.0,570801.0,01
201200018679,12,3,23,1245,1,1,1,1.0,6,01403,M,4582200.0,544720.0,01
201200018680,12,4,7,515,5,2,1,2.0,7,01064,M,4576340.0,548239.0,01
201200018681,12,4,26,1820,2,1,4,1.0,3,01338,M,4567260.0,560962.0,01
201200018682,12,5,3,1345,1,1,1,1.0,4,01316,M,4582080.0,564285.0,01
201200018683,12,5,13,700,1,1,1,1.0,1,01066,M,4587140.0,553208.0,01
201200018684,12,5,17,215,3,1,1,1.0,6,01442,M,4589790.0,567971.0,01
201200018685,12,12,20,1845,3,1,1,3.0,1,01116,M,0.0,0.0,01
201200018686,12,1,27,750,2,2,6,2.0,7,01004,M,4595960.0,534815.0,01
201200018687,12,2,6,1140,1,2,1,1.0,6,01202,M,0.0,0.0,01
201200018688,12,2,26,45,3,2,1,1.0,6,01411,M,4586890.0,542969.0,01
201200018689,12,2,29,645,3,1,1,1.0,6,01345,M,4595190.0,533168.0,01
201200018690,12,5,30,730,1,1,1,1.0,7,01007,M,4601670.0,537248.0,01
201200018691,12,4,29,1720,1,1,3,1.0,5,01274,M,4615980.0,565205.0,01
201200018692,12,7,10,945,1,2,2,1.0,1,01267,M,4618760.0,552350.0,01
201200018693,12,12,20,1300,1,2,1,2.0,1,01269,M,0.0,0.0,01
201200018694,12,5,10,945,1,2,1,1.0,3,01441,M,4609150.0,554225.0,01
201200018695,12,7,29,1845,1,1,1,1.0,6,01080,M,0.0,0.0,01
201200018696,12,1,16,845,1,1,1,8.0,1,01056,M,4602480.0,544506.0,01
201200018697,12,9,16,1100,1,1,1,1.0,7,01068,M,0.0,0.0,01
201200018698,12,7,2,1300,1,1,2,1.0,1,01075,M,4602220.0,478481.0,01
201200018699,12,7,11,1300,1,2,1,1.0,2,01443,M,0.0,0.0,01
201200018700,12,7,23,1855,1,2,2,1.0,3,01446,M,4601780.0,483888.0,01
201200018701,12,7,27,745,1,1,1,1.0,1,01075,M,4602760.0,478199.0,01
201200018702,12,12,1,145,3,1,1,5.0,6,01262,M,4590600.0,496500.0,01
201200018703,12,12,1,2045,3,1,1,9.0,2,01005,M,4601300.0,490200.0,01
201200018704,12,1,10,2340,3,1,1,1.0,7,01225,M,4606590.0,477190.0,01
201200018705,12,2,14,730,2,1,1,4.0,5,01225,M,4605830.0,476909.0,01
201200018706,12,7,6,1800,1,2,1,1.0,4,01263,M,4607190.0,477020.0,01
201200018707,12,2,29,1245,1,1,1,1.0,3,15140,M,4495100.0,243100.0,15
201200018708,12,4,11,2330,3,1,1,2.0,6,15267,M,4493100.0,235500.0,15
201200018709,12,6,2,930,1,1,1,1.0,1,15135,M,4499900.0,216600.0,15
201200018710,12,8,9,2000,1,1,1,1.0,7,15204,M,0.0,0.0,15
201200018711,12,8,9,1730,1,2,1,7.0,6,15083,M,0.0,0.0,15
201200018712,12,1,12,1245,1,1,1,1.0,3,15166,M,4486100.0,217500.0,15
201200018713,12,5,5,1445,1,1,1,1.0,6,15196,M,0.0,0.0,15
201200018714,12,9,8,1730,1,1,1,1.0,6,15028,M,4490100.0,255600.0,15
201200018715,12,9,16,1400,1,1,1,1.0,7,15215,M,0.0,0.0,15
201200018716,12,9,20,2050,5,1,1,1.0,7,15266,M,4493700.0,253300.0,15
201200018717,12,10,8,1200,1,1,1,1.0,6,15146,M,4494700.0,268400.0,15
201200018718,12,5,24,1530,1,1,1,1.0,1,15040,M,4539100.0,281900.0,15
201200018719,12,7,29,1300,1,1,1,7.0,7,15054,M,0.0,0.0,15
201200018720,12,2,5,130,3,1,1,1.0,6,15250,M,0.0,0.0,15
201200018721,12,3,2,1400,1,1,1,1.0,6,15265,M,0.0,0.0,15
201200018722,12,8,12,1030,1,1,1,1.0,4,15265,M,4538300.0,248600.0,15
201200018723,12,5,31,1745,1,2,1,1.0,6,15187,M,4503900.0,308700.0,15
201200018724,12,8,14,1200,1,1,1,1.0,3,15125,M,4506700.0,313500.0,15
201200018725,12,8,9,1500,1,1,1,1.0,3,15073,M,4491600.0,311100.0,15
201200018726,12,6,21,1815,1,1,1,1.0,1,15248,M,4504800.0,291600.0,15
201200018727,12,6,27,1245,1,2,1,1.0,3,15138,M,0.0,0.0,15
201200018728,12,10,9,1900,2,1,1,1.0,6,15244,M,4508800.0,294600.0,15
201200018729,12,3,3,1630,1,1,1,1.0,7,03234,M,0.0,0.0,03
201200018730,12,8,29,1930,2,1,1,2.0,3,03156,M,4658900.0,348000.0,03
201200018731,12,12,1,1915,5,2,1,1.0,6,03104,M,0.0,0.0,03
201200018732,12,12,25,1815,3,1,1,1.0,6,03130,M,0.0,0.0,03
201200018733,12,12,29,1545,1,1,1,7.0,1,03106,M,0.0,0.0,03
201200018734,12,1,1,300,3,1,1,2.0,7,03110,M,0.0,0.0,03
201200018735,12,3,9,1115,1,1,1,1.0,1,03080,M,0.0,0.0,03
201200018736,12,4,5,1815,1,1,1,1.0,1,03093,M,0.0,0.0,03
201200018737,12,4,9,115,5,2,3,1.0,3,03029,M,0.0,0.0,03
201200018738,12,4,29,1745,1,1,1,1.0,3,03236,M,0.0,0.0,03
201200018739,12,7,5,1930,1,1,1,1.0,1,03258,M,0.0,0.0,03
201200018740,12,7,6,1715,1,1,1,1.0,1,03029,M,0.0,0.0,03
201200018741,12,7,16,2230,5,2,1,1.0,3,03264,M,0.0,0.0,03
201200018742,12,8,9,245,3,1,1,1.0,6,03258,M,0.0,0.0,03
201200018743,12,9,5,1345,1,1,2,1.0,3,03033,M,0.0,0.0,03
201200018744,12,5,28,1245,1,2,1,1.0,6,03021,M,0.0,0.0,03
201200018745,12,6,11,1030,1,2,6,1.0,6,03118,M,0.0,0.0,03
201200018746,12,7,8,1830,1,1,1,1.0,2,03135,M,0.0,0.0,03
201200018747,12,8,3,1800,1,2,2,7.0,3,03118,M,0.0,0.0,03
201200018748,12,8,28,1915,1,2,1,1.0,2,03118,M,0.0,0.0,03