Num_Acc,an,mois,jour,hrmn,lum,agg,int,atm,col,com,gps,lat,long,dep
201200018749,12,9,30,2045,4,2,2,1.0,3,03030,M,0.0,0.0,03
201200018750,12,9,26,915,1,2,7,1.0,6,03118,M,0.0,0.0,03
201200018751,12,10,10,1800,1,2,1,9.0,1,03107,M,0.0,0.0,03
201200018752,12,11,11,2245,3,1,1,1.0,6,03109,M,0.0,0.0,03
201200018753,12,11,29,1345,1,1,1,1.0,6,03252,M,0.0,0.0,03
201200018754,12,5,26,1630,1,1,1,1.0,7,03131,M,4614600.0,365000.0,03
201200018755,12,6,16,145,3,1,1,1.0,6,03250,M,0.0,0.0,03
201200018756,12,9,29,1530,1,2,1,1.0,6,03254,M,4631300.0,329000.0,03
201200018757,12,1,25,1530,1,1,1,1.0,3,84009,M,0.0,0.0,84
201200018758,12,7,6,415,3,1,1,1.0,7,84014,M,0.0,0.0,84
201200018759,12,4,3,1000,1,1,1,1.0,7,84123,M,0.0,0.0,84
201200018760,12,5,12,1930,1,1,1,1.0,6,84072,M,4406500.0,508900.0,84
201200018761,12,6,30,1945,1,1,1,1.0,6,84082,M,0.0,0.0,84
201200018762,12,7,10,1500,1,1,1,1.0,7,84079,M,0.0,0.0,84
201200018763,12,7,28,1330,1,2,1,1.0,7,84107,M,0.0,0.0,84
201200018764,12,9,15,1500,1,1,1,1.0,6,84079,M,0.0,0.0,84
201200018765,12,3,26,1830,1,1,2,7.0,3,02046,M,4962174.0,362188.0,02
201200018766,12,4,30,2045,2,1,1,1.0,7,02261,M,0.0,0.0,02
201200018767,12,6,8,1930,1,2,1,2.0,7,02468,M,4974163.0,377131.0,02
201200018768,12,6,9,230,3,2,1,1.0,6,02238,M,4960375.0,351358.0,02
201200018769,12,7,18,1730,1,1,3,1.0,3,02048,M,0.0,0.0,02
201200018770,12,2,10,600,2,1,1,5.0,1,02336,M,0.0,0.0,02
201200018771,12,4,25,2130,3,1,1,1.0,1,02492,M,0.0,0.0,02
201200018772,12,6,8,800,1,1,1,1.0,1,02173,M,0.0,0.0,02
201200018773,12,6,15,645,2,2,1,3.0,6,02173,M,4961946.0,320616.0,02
201200018774,12,7,20,2330,3,2,1,1.0,6,02335,M,4963397.0,342437.0,02
201200018775,12,8,16,730,1,2,3,1.0,3,02173,M,4963183.0,322315.0,02
201200018776,12,10,2,1600,1,2,1,1.0,3,02173,M,4961913.0,322555.0,02
201200018777,12,10,16,1810,1,1,3,1.0,3,02173,M,0.0,0.0,02
201200018778,12,11,29,1715,2,2,6,1.0,6,02173,M,4962597.0,321263.0,02
201200018779,12,12,18,815,1,2,1,3.0,6,02173,M,4961681.0,322673.0,02
201200018780,12,8,17,2015,1,1,1,1.0,1,02671,M,0.0,0.0,02
201200018781,12,2,6,640,3,1,1,1.0,1,02033,M,0.0,0.0,02
201200018782,12,2,20,1255,1,1,1,1.0,1,02215,M,0.0,0.0,02
201200018783,12,2,20,1420,1,1,3,1.0,1,02475,M,0.0,0.0,02
201200018784,12,6,5,1945,1,1,1,1.0,1,02803,M,0.0,0.0,02
201200018785,12,4,8,1245,1,1,1,1.0,6,02748,M,0.0,0.0,02
201200018786,12,5,31,1530,1,1,3,1.0,3,02228,M,0.0,0.0,02
201200018787,12,1,20,2015,3,1,1,2.0,7,02512,M,0.0,0.0,02
201200018788,12,12,27,1745,5,2,1,2.0,6,02307,M,4917866.0,312487.0,02
201200018789,12,3,23,1230,1,1,1,1.0,7,02303,M,0.0,0.0,02
201200018790,12,4,7,330,3,1,1,1.0,7,02694,M,0.0,0.0,02
201200018791,12,12,6,1945,3,1,1,2.0,1,02382,M,0.0,0.0,02
201200018792,12,12,11,2145,3,1,1,9.0,1,02420,M,0.0,0.0,02
201200018793,12,2,11,1615,1,1,1,1.0,1,02426,M,0.0,0.0,02
201200018794,12,7,31,1500,1,2,1,1.0,3,02057,M,0.0,0.0,02
201200018795,12,8,17,2110,3,1,3,1.0,3,02703,M,0.0,0.0,02
201200018796,12,7,14,1615,1,1,1,1.0,1,02830,M,0.0,0.0,02
201200018797,12,7,19,1300,1,2,6,1.0,7,02361,M,0.0,0.0,02
201200018798,12,4,28,1315,1,1,1,1.0,6,02648,M,0.0,0.0,02
201200018799,12,3,13,905,1,1,1,1.0,1,02665,M,4923053.0,338440.0,02
201200018800,12,5,28,1230,1,1,1,1.0,3,02226,M,0.0,0.0,02
201200018801,12,6,17,1830,1,1,1,1.0,3,02464,M,0.0,0.0,02
201200018802,12,8,3,2215,5,1,1,1.0,6,02610,M,0.0,0.0,02
201200018803,12,8,15,1115,1,1,3,1.0,3,02131,M,0.0,0.0,02
201200018804,12,9,2,1330,1,2,1,1.0,6,02610,M,4939178.0,327469.0,02
201200018805,12,9,30,1730,1,1,1,1.0,7,02464,M,0.0,0.0,02
201200018806,12,10,18,730,3,1,1,1.0,1,02372,M,0.0,0.0,02
201200018807,12,10,23,800,1,1,1,1.0,6,02714,M,0.0,0.0,02
201200018808,12,12,13,745,2,1,1,1.0,3,02195,M,0.0,0.0,02
201200018809,12,1,29,1800,1,1,1,1.0,6,02810,M,0.0,0.0,02
201200018810,12,4,3,1415,1,1,1,1.0,2,02643,M,0.0,0.0,02
201200018811,12,6,13,1350,1,1,1,1.0,5,02232,M,0.0,0.0,02
201200018812,12,7,9,1845,1,1,1,1.0,3,02810,M,0.0,0.0,02
201200018813,12,9,20,1000,1,1,1,1.0,6,02643,M,0.0,0.0,02
201200018814,12,9,25,1830,1,1,1,1.0,5,02643,M,0.0,0.0,02
201200018815,12,12,3,700,3,1,1,3.0,3,02172,M,0.0,0.0,02
201200018816,12,3,1,45,3,1,1,5.0,7,02200,M,0.0,0.0,02
201200018817,12,3,24,1555,1,2,1,1.0,6,02608,M,0.0,0.0,02
201200018818,12,7,28,1130,1,1,1,1.0,7,02264,M,0.0,0.0,02
201200018819,12,8,16,600,2,1,1,1.0,1,02264,M,0.0,0.0,02
201200018820,12,4,7,1905,1,1,1,1.0,6,02381,M,0.0,0.0,02
201200018821,12,6,2,1915,1,2,1,1.0,3,02134,M,4990222.0,405230.0,02
201200018822,12,8,16,1315,1,2,3,1.0,3,02684,M,4991829.0,414248.0,02
201200018823,12,9,2,145,5,2,2,1.0,1,02381,M,4993087.0,407407.0,02
201200018824,12,9,27,2330,5,2,3,8.0,3,02381,M,4991945.0,408525.0,02
201200018825,12,12,19,1515,1,2,1,1.0,1,02381,M,4992492.0,407972.0,02
201200018826,12,1,14,115,3,1,1,1.0,6,02548,M,0.0,0.0,02
201200018827,12,5,25,1945,1,1,1,1.0,7,02308,M,0.0,0.0,02
201200018828,12,6,24,2300,3,2,1,1.0,6,02445,M,0.0,0.0,02
201200018829,12,10,12,2310,3,1,1,1.0,1,02668,M,0.0,0.0,02
201200018830,12,11,14,2130,3,1,1,1.0,6,02135,M,0.0,0.0,02
201200018831,12,12,17,1045,1,1,2,1.0,3,02548,M,0.0,0.0,02
201200018832,12,2,29,1845,5,2,1,1.0,3,13017,M,,,13
201200018833,12,7,11,1615,1,2,3,1.0,3,13010,M,0.0,0.0,13
201200018834,12,7,28,1145,1,2,1,1.0,1,13083,M,0.0,0.0,13
201200018835,12,9,7,645,2,1,1,1.0,3,13036,M,,,13
201200018836,12,10,12,45,3,1,1,1.0,6,13083,M,,,13
201200018837,12,11,23,1615,1,2,1,1.0,6,38158,M,0.0,0.0,38
201200018838,12,7,29,400,3,1,1,1.0,1,38304,M,0.0,0.0,38
201200018839,12,2,9,1900,3,1,1,9.0,1,38445,M,4504500.0,576500.0,38
201200018840,12,4,10,1445,1,2,3,1.0,6,38071,M,4506930.0,573176.0,38
201200018841,12,7,22,1130,1,1,1,1.0,2,38203,M,4504100.0,576800.0,38
201200018842,12,8,14,1230,1,1,1,1.0,3,38200,M,4510600.0,574299.0,38
201200018843,12,9,25,1730,1,1,1,1.0,1,38562,M,4508900.0,575800.0,38
201200018844,12,12,4,745,2,2,1,3.0,6,38562,M,4507700.0,577000.0,38
201200018845,12,4,18,1730,1,2,1,1.0,1,38098,M,0.0,0.0,38
201200018846,12,8,18,1945,1,2,3,1.0,6,38560,M,4548040.0,546980.0,38
201200018847,12,2,10,1000,1,1,2,1.0,3,38139,M,0.0,0.0,38
201200018848,12,5,26,1945,1,1,1,1.0,7,38012,M,0.0,0.0,38
201200018849,12,6,16,1030,1,1,3,1.0,1,38124,M,4560210.0,553521.0,38
201200018850,12,6,21,1130,1,1,1,1.0,3,38012,M,4561020.0,561849.0,38
201200018851,12,6,25,800,1,1,2,2.0,3,38139,M,0.0,0.0,38
201200018852,12,6,26,1500,1,2,1,1.0,5,38261,M,4568490.0,546221.0,38
201200018853,12,6,13,1615,1,1,1,1.0,1,38543,M,4564600.0,550000.0,38
201200018854,12,7,16,1830,1,2,1,1.0,2,38139,M,0.0,0.0,38
201200018855,12,7,28,1100,1,1,1,2.0,5,38541,M,4563430.0,552519.0,38
201200018856,12,8,9,130,3,2,2,1.0,7,38022,M,4562410.0,558854.0,38
201200018857,12,8,21,1900,1,2,1,1.0,3,38022,M,4561890.0,560995.0,38
201200018858,12,8,27,1215,1,1,1,1.0,7,38543,M,0.0,0.0,38
201200018859,12,10,4,815,1,1,2,1.0,3,38297,M,4568980.0,538271.0,38
201200018860,12,12,4,930,1,1,2,8.0,3,38050,M,0.0,0.0,38
201200018861,12,12,12,1730,2,2,1,1.0,6,38140,M,0.0,0.0,38
201200018862,12,2,14,2100,5,1,1,1.0,1,38126,M,0.0,0.0,38
201200018863,12,5,26,1500,1,1,1,1.0,6,38471,M,0.0,0.0,38
201200018864,12,7,20,1745,1,1,1,1.0,3,38249,M,0.0,0.0,38
201200018865,12,11,7,1615,1,2,7,1.0,6,38039,M,0.0,0.0,38
201200018866,12,3,10,1315,1,2,1,1.0,3,38547,M,4526100.0,590600.0,38
201200018867,12,3,14,1430,1,1,3,1.0,1,38538,M,4522990.0,585589.0,38
201200018868,12,3,22,1730,1,1,3,1.0,2,38511,M,4536470.0,595589.0,38
201200018869,12,7,6,1115,1,2,2,1.0,3,38503,M,0.0,0.0,38
201200018870,12,8,25,1745,1,2,1,3.0,1,38181,M,0.0,0.0,38
201200018871,12,11,2,1400,1,1,1,1.0,1,38504,M,0.0,0.0,38
201200018872,12,11,5,1230,1,1,1,2.0,2,38417,M,4538860.0,597336.0,38
201200018873,12,5,25,1730,1,2,1,1.0,3,38453,M,0.0,0.0,38
201200018874,12,8,20,1745,1,1,1,1.0,3,38454,M,0.0,0.0,38
201200018875,12,9,12,645,3,1,1,8.0,2,38095,M,4514000.0,529700.0,38
201200018876,12,11,14,1015,1,1,1,1.0,3,38394,M,0.0,0.0,38
201200018877,12,12,19,1815,3,1,1,1.0,2,38409,M,4509100.0,528000.0,38
201200018878,12,2,11,100,3,1,1,8.0,6,38032,M,4530240.0,506459.0,38
201200018879,12,3,22,2215,3,1,1,1.0,7,38384,M,4533130.0,532887.0,38
201200018880,12,3,23,1700,1,1,1,1.0,3,38058,M,4535500.0,527800.0,38
201200018881,12,5,3,2230,5,2,1,1.0,6,38457,M,4533300.0,526401.0,38
201200018882,12,8,23,2215,5,2,2,1.0,3,38384,M,4534450.0,535815.0,38
201200018883,12,3,30,1030,1,1,1,1.0,1,38117,M,4516220.0,539477.0,38
201200018884,12,1,17,1300,1,2,1,1.0,1,38130,M,4539800.0,526700.0,38
201200018885,12,4,22,245,3,2,1,1.0,6,38274,M,4543520.0,527407.0,38
201200018886,12,5,1,2000,1,1,1,1.0,7,38300,M,4539020.0,518342.0,38
201200018887,12,5,4,1515,1,1,2,1.0,3,38274,M,4543340.0,528117.0,38
201200018888,12,5,18,1045,1,1,1,1.0,3,38180,M,0.0,0.0,38
201200018889,12,5,21,745,1,1,1,2.0,6,38198,M,4533940.0,494479.0,38
201200018890,12,7,2,1615,1,1,2,1.0,3,38130,M,0.0,0.0,38
201200018891,12,9,25,1800,1,1,2,2.0,5,38335,M,0.0,0.0,38
201200018892,12,12,28,1030,1,1,1,1.0,3,38311,M,0.0,0.0,38
201200018893,12,3,17,930,1,1,3,1.0,3,38157,M,4551590.0,494411.0,38
201200018894,12,5,3,2045,3,1,1,1.0,7,38107,M,4545800.0,482400.0,38
201200018895,12,6,1,945,1,2,1,1.0,3,38087,M,0.0,0.0,38
201200018896,12,7,5,1815,1,1,1,1.0,1,38157,M,4552100.0,495300.0,38
201200018897,12,7,11,1115,1,1,1,1.0,5,38157,M,4551400.0,497000.0,38
201200018898,12,7,15,1645,1,2,6,3.0,3,38087,M,4558700.0,480400.0,38
201200018899,12,8,5,730,1,2,6,2.0,7,38131,M,4545700.0,486800.0,38
201200018900,12,8,5,215,3,1,1,2.0,1,38110,M,4555700.0,487700.0,38
201200018901,12,8,7,1730,1,1,1,1.0,1,38157,M,4551000.0,492500.0,38
201200018902,12,9,7,1715,1,2,1,1.0,3,38336,M,4557650.0,485772.0,38
201200018903,12,10,7,1700,4,1,1,8.0,6,38087,M,4556600.0,482300.0,38
201200018904,12,10,19,1000,1,2,1,1.0,3,38087,M,4558500.0,479000.0,38
201200018905,12,10,27,1245,1,1,1,2.0,6,38336,M,4547600.0,484600.0,38
201200018906,12,11,15,1730,2,1,1,1.0,7,38199,M,4549400.0,493400.0,38
201200018907,12,12,9,1545,1,1,1,1.0,7,38459,M,4548700.0,492600.0,38
201200018908,12,12,16,1600,1,1,1,1.0,1,38484,M,4554900.0,492300.0,38
201200018909,12,1,31,645,3,1,1,4.0,3,38144,M,4558040.0,509700.0,38
201200018910,12,3,24,915,1,1,1,1.0,6,38519,M,4560890.0,501694.0,38
201200018911,12,4,21,2130,3,1,1,2.0,1,38094,M,4548500.0,522300.0,38
201200018912,12,5,31,2115,1,1,1,1.0,6,38399,M,0.0,0.0,38
201200018913,12,6,4,1545,1,2,1,1.0,3,38189,M,4564200.0,504700.0,38
201200018914,12,7,6,1630,1,1,1,1.0,7,38389,M,4557300.0,507100.0,38
201200018915,12,10,5,1615,1,1,1,1.0,5,38189,M,4563870.0,506020.0,38
201200018916,12,11,5,1845,3,1,1,1.0,3,38480,M,4556200.0,496200.0,38
201200018917,12,6,2,1100,1,1,2,1.0,3,31407,M,0.0,0.0,31
201200018918,12,1,4,800,2,2,1,2.0,6,31561,M,4365298.0,148479.0,31
201200018919,12,1,29,2015,3,1,1,1.0,6,31033,M,0.0,0.0,31
201200018920,12,3,17,1915,3,1,1,1.0,3,31495,M,0.0,0.0,31
201200018921,12,2,2,1430,1,2,1,1.0,3,31107,M,0.0,0.0,31
201200018922,12,3,24,1800,1,2,1,1.0,7,31135,M,4320800.0,108300.0,31
201200018923,12,3,25,445,5,2,1,1.0,6,31406,M,4320800.0,107500.0,31
201200018924,12,9,9,415,3,1,1,1.0,6,31317,M,0.0,0.0,31
201200018925,12,1,1,545,3,1,1,2.0,6,31499,M,4352945.0,117181.0,31
201200018926,12,6,7,900,1,1,2,1.0,3,31101,M,0.0,0.0,31
201200018927,12,10,11,300,3,2,1,1.0,6,31424,M,4355668.0,127511.0,31
201200018928,12,10,9,945,1,2,1,1.0,3,31424,M,4356323.0,128633.0,31
201200018929,12,10,5,230,3,1,1,8.0,7,31008,M,0.0,0.0,31
201200018930,12,4,22,300,4,1,1,8.0,6,31523,M,4309791.0,95816.0,31
201200018931,12,9,9,1300,1,1,2,8.0,3,29008,M,4806163.0,-452255.0,29
201200018932,12,7,4,830,1,1,1,1.0,1,29165,M,4783829.0,-422748.0,29
201200018933,12,2,23,2315,3,1,1,5.0,6,29061,M,4845226.0,-444886.0,29
201200018934,12,3,9,130,5,2,1,2.0,6,29075,M,4841763.0,-443097.0,29
201200018935,12,3,13,1245,1,1,1,1.0,3,29075,M,4843453.0,-435936.0,29
201200018936,12,4,18,1900,1,2,1,3.0,3,29075,M,4841177.0,-445309.0,29
201200018937,12,7,29,630,2,1,1,1.0,3,29075,M,4843555.0,-439618.0,29
201200018938,12,8,31,1645,1,1,6,1.0,3,29075,M,4841890.0,-443871.0,29
201200018939,12,9,22,2145,5,2,1,1.0,3,29235,M,4840244.0,-440096.0,29
201200018940,12,11,3,1700,1,1,1,1.0,3,29075,M,4842768.0,-437067.0,29
201200018941,12,12,21,1500,1,1,6,8.0,3,29061,M,4844397.0,-445685.0,29
201200018942,12,2,26,915,1,2,6,1.0,3,29117,M,4857929.0,-452219.0,29
201200018943,12,4,7,2245,3,1,1,1.0,6,29160,M,4847587.0,-439425.0,29
201200018944,12,5,11,2230,5,2,2,1.0,3,29117,M,4857080.0,-451410.0,29
201200018945,12,8,15,1445,1,1,1,6.0,2,29195,M,4860514.0,-450022.0,29
201200018946,12,9,19,1930,1,1,1,1.0,1,29209,M,4854535.0,-450466.0,29
201200018947,12,9,24,1630,1,2,1,2.0,3,29101,M,4858589.0,-456786.0,29
201200018948,12,10,28,2300,3,1,1,1.0,1,29117,M,4856862.0,-450653.0,29
201200018949,12,10,28,1515,1,1,2,1.0,3,29100,M,4857131.0,-439807.0,29
201200018950,12,11,8,1615,1,1,1,7.0,6,29047,M,4851572.0,-437590.0,29
201200018951,12,4,15,1330,1,2,1,1.0,3,29177,M,4843371.0,-473103.0,29
201200018952,12,7,16,2215,3,1,1,1.0,1,29240,M,4828509.0,-421494.0,29
201200018953,12,5,18,1630,1,1,1,1.0,1,29152,M,4822895.0,-358735.0,29
201200018954,12,1,1,1045,1,1,1,2.0,6,29102,M,4823518.0,-373004.0,29
201200018955,12,1,14,1100,1,1,1,1.0,6,29162,M,4820432.0,-398214.0,29
201200018956,12,7,8,1430,1,1,1,1.0,1,29016,M,4833693.0,-393892.0,29
201200018957,12,8,30,1845,1,1,1,7.0,1,29062,M,4816919.0,-395392.0,29
201200018958,12,9,2,530,3,1,1,1.0,6,29122,M,4814152.0,-382900.0,29
201200018959,12,8,28,1400,1,1,1,1.0,3,29251,M,4864616.0,-372228.0,29
201200018960,12,1,8,345,5,2,1,1.0,6,29259,M,4867393.0,-398842.0,29
201200018961,12,1,28,1545,1,2,9,1.0,6,29259,M,4868550.0,-398710.0,29
201200018962,12,2,1,1330,1,1,1,6.0,5,29259,M,4868771.0,-399131.0,29
201200018963,12,2,5,100,3,1,1,3.0,6,29030,M,4867666.0,-413888.0,29
201200018964,12,3,25,1745,1,2,1,1.0,7,29273,M,4870973.0,-401847.0,29
201200018965,12,4,4,645,3,2,1,1.0,7,29273,M,4871035.0,-401940.0,29
201200018966,12,6,24,530,3,1,1,3.0,3,29079,M,4864734.0,-394380.0,29
201200018967,12,6,30,30,3,1,1,2.0,1,29068,M,4854376.0,-401728.0,29
201200018968,12,7,5,815,1,2,1,1.0,6,29259,M,4868623.0,-398667.0,29
201200018969,12,12,21,800,3,1,1,2.0,1,29259,M,4870225.0,-398921.0,29
201200018970,12,3,24,1115,1,2,1,1.0,3,29233,M,4786788.0,-353703.0,29
201200018971,12,7,17,1530,1,1,1,1.0,3,29233,M,4786524.0,-351597.0,29
201200018972,12,9,8,1200,1,1,1,1.0,2,29234,M,4784248.0,-349850.0,29
201200018973,12,1,10,1745,3,1,1,1.0,1,29153,M,4783209.0,-380052.0,29
201200018974,12,3,30,1200,1,1,3,1.0,3,29217,M,4787518.0,-377263.0,29
201200018975,12,5,12,1200,1,1,1,1.0,7,29150,M,4778597.0,-363927.0,29
201200018976,12,8,7,1545,1,2,1,1.0,2,29153,M,4782536.0,-379559.0,29
201200018977,12,9,8,1715,1,1,1,1.0,3,29236,M,4784663.0,-371538.0,29
201200018978,12,11,7,1545,1,1,1,1.0,1,29217,M,4783321.0,-368097.0,29
201200018979,12,7,27,1230,1,1,1,1.0,3,29241,M,4794502.0,-377118.0,29
201200018980,12,2,19,1530,1,1,1,1.0,2,34154,M,4355754.0,401978.0,34
201200018981,12,4,14,430,3,1,1,1.0,6,34192,M,4353579.0,394535.0,34
201200018982,12,4,18,1500,1,1,2,1.0,3,34192,M,4353241.0,391901.0,34
201200018983,12,6,4,1700,1,2,3,1.0,3,34192,M,0.0,0.0,34
201200018984,12,6,16,1,3,1,1,1.0,6,34192,M,4354000.0,394400.0,34
201200018985,12,6,28,1630,1,2,1,1.0,6,34926,M,0.0,0.0,34
201200018986,12,7,7,2200,5,2,1,1.0,6,34154,M,4355000.0,397500.0,34
201200018987,12,8,2,1630,1,2,1,1.0,3,34154,M,4354963.0,399582.0,34
201200018988,12,8,3,1915,1,2,1,1.0,3,34192,M,4354098.0,396711.0,34
201200018989,12,9,3,1000,1,1,1,1.0,1,34192,M,4354000.0,391000.0,34
201200018990,12,9,23,1645,1,2,1,1.0,6,34192,M,4353271.0,392726.0,34
201200018991,12,9,25,830,1,2,1,7.0,2,35177,M,4821422.0,-175483.0,35
201200018992,12,12,12,1100,1,2,1,9.0,6,35130,M,0.0,0.0,35
201200018993,12,1,16,2045,3,1,1,1.0,2,35258,M,4830330.0,-182939.0,35
201200018994,12,3,14,1315,1,1,1,7.0,1,35158,M,4821639.0,-197760.0,35
201200018995,12,3,15,1700,1,1,1,1.0,6,35026,M,4811220.0,-210589.0,35
201200018996,12,3,17,2045,3,1,1,1.0,6,35184,M,4820999.0,-207918.0,35
201200018997,12,7,14,1645,1,2,1,1.0,7,35058,M,4827304.0,-185358.0,35
201200018998,12,8,2,1215,1,2,1,1.0,2,35297,M,4819300.0,-220800.0,35
201200018999,12,9,22,2300,3,1,1,1.0,7,35307,M,4827905.0,-197435.0,35
201200019000,12,6,15,1245,1,1,1,1.0,1,35169,M,4798123.0,-197066.0,35
201200019001,12,8,2,630,1,1,1,1.0,6,35223,M,4794652.0,-209860.0,35
201200019002,12,12,17,745,2,1,3,2.0,1,35223,M,4799160.0,-208902.0,35
201200019003,12,12,20,1930,3,1,1,8.0,7,35331,M,4809263.0,-195366.0,35
201200019004,12,9,23,1145,1,1,1,1.0,6,35249,M,4774900.0,-181400.0,35
201200019005,12,1,7,945,1,1,1,1.0,1,35132,M,4858382.0,-178753.0,35
201200019006,12,3,11,1545,1,2,1,1.0,6,35299,M,4864297.0,-189219.0,35
201200019007,12,5,22,1930,1,1,1,1.0,1,35284,M,4860676.0,-195422.0,35
201200019008,12,5,27,845,1,1,1,1.0,1,35263,M,0.0,0.0,35
201200019009,12,6,19,1730,1,1,2,1.0,3,35279,M,4858589.0,-190841.0,35
201200019010,12,7,15,1100,1,2,1,1.0,6,35299,M,4863607.0,-190679.0,35
201200019011,12,8,8,1645,1,1,4,1.0,1,35263,M,4868772.0,-190920.0,35
201200019012,12,9,9,2300,3,1,1,1.0,2,35299,M,4864078.0,-187445.0,35
201200019013,12,9,25,845,1,1,2,1.0,3,35299,M,4863337.0,-195012.0,35
201200019014,12,10,15,1445,1,1,1,1.0,1,35179,M,4854468.0,-191296.0,35
201200019015,12,11,28,1415,1,1,1,1.0,1,35299,M,0.0,0.0,35
201200019016,12,12,29,2245,3,1,1,1.0,2,35284,M,4859952.0,-196767.0,35
201200019017,12,1,16,830,1,2,7,9.0,6,35095,M,4855103.0,-175177.0,35
201200019018,12,5,13,945,1,1,2,1.0,3,35222,M,4850761.0,-158328.0,35
201200019019,12,5,23,1800,1,1,3,1.0,3,35222,M,4853919.0,-154408.0,35
201200019020,12,6,16,1115,1,1,2,1.0,3,35095,M,4855580.0,-172312.0,35
201200019021,12,12,12,1900,3,1,9,1.0,2,35186,M,4854983.0,-177958.0,35
201200019022,12,2,4,600,3,1,1,4.0,6,35072,M,4824524.0,-115044.0,35
201200019023,12,3,23,1030,1,1,1,1.0,6,35006,M,4804263.0,-116831.0,35
201200019024,12,5,23,1830,1,1,3,1.0,2,35006,M,4805520.0,-112661.0,35
201200019025,12,6,7,2345,3,1,3,1.0,6,35347,M,4817208.0,-129339.0,35
201200019026,12,1,17,1145,1,1,1,1.0,6,35068,M,4810129.0,-144009.0,35
201200019027,12,1,30,1200,1,1,1,4.0,6,35283,M,4811740.0,-134219.0,35
201200019028,12,3,27,1800,1,1,3,1.0,3,35327,M,4811786.0,-132805.0,35
201200019029,12,3,31,2115,3,1,1,1.0,6,35099,M,4804017.0,-152853.0,35
201200019030,12,5,22,830,1,1,3,1.0,3,35161,M,4806291.0,-134298.0,35
201200019031,12,6,28,1300,1,2,1,1.0,1,35207,M,0.0,0.0,35
201200019032,12,7,16,1100,1,1,1,1.0,6,35264,M,4808488.0,-134405.0,35
201200019033,12,8,3,1400,1,1,2,3.0,6,35096,M,4806318.0,-136435.0,35
201200019034,12,8,17,1600,1,2,2,1.0,3,35283,M,4811671.0,-136443.0,35
201200019035,12,8,29,1045,1,1,1,1.0,1,35204,M,4804682.0,-157746.0,35
201200019036,12,12,3,1900,3,2,1,3.0,7,35096,M,4807197.0,-139750.0,35
201200019037,12,12,4,1330,1,1,5,1.0,3,35039,M,0.0,0.0,35
201200019038,12,4,20,2015,1,1,2,1.0,3,44158,M,0.0,0.0,44
201200019039,12,8,18,1645,1,1,9,1.0,3,44158,M,0.0,0.0,44
201200019040,12,4,14,1015,1,2,2,1.0,3,44144,M,4752400.0,-129600.0,44
201200019041,12,6,15,2030,1,1,1,1.0,6,44082,M,4743800.0,-136900.0,44
201200019042,12,8,18,2115,2,1,1,1.0,3,44107,M,0.0,0.0,44
201200019043,12,10,6,1630,1,1,1,3.0,6,44144,M,4752200.0,-131500.0,44
201200019044,12,12,6,1745,5,2,6,1.0,1,44077,M,4750000.0,-141700.0,44
201200019045,12,6,22,1815,1,1,1,1.0,7,44099,M,0.0,0.0,44
201200019046,12,10,2,1230,1,2,1,1.0,7,44036,M,0.0,0.0,44
201200019047,12,2,9,2300,3,1,1,1.0,7,44128,M,4754700.0,-190000.0,44
201200019048,12,2,27,1800,1,1,2,1.0,3,44015,M,0.0,0.0,44
201200019049,12,7,21,1045,1,1,1,1.0,6,44067,M,4762000.0,-184700.0,44
201200019050,12,7,23,1100,1,1,1,1.0,3,44015,M,0.0,0.0,44
201200019051,12,6,8,830,1,1,1,2.0,7,44131,M,0.0,0.0,44
201200019052,12,7,19,1745,1,1,1,1.0,3,44126,M,0.0,0.0,44
201200019053,12,10,27,1815,1,1,3,1.0,3,44164,M,0.0,0.0,44
201200019054,12,11,10,1915,3,1,1,2.0,1,44021,M,4706100.0,-189200.0,44
201200019055,12,6,4,2130,1,1,1,1.0,7,44102,M,4706500.0,-144100.0,44
201200019056,12,7,25,1130,1,1,1,1.0,1,44014,M,4713700.0,-180100.0,44
201200019057,12,9,24,1800,1,1,1,8.0,1,44216,M,4697600.0,-138900.0,44
201200019058,12,10,20,1545,1,1,1,2.0,1,44173,M,0.0,0.0,44
201200019059,12,12,21,1145,1,1,1,1.0,3,44173,M,0.0,0.0,44
201200019060,12,4,8,530,3,1,1,1.0,6,44212,M,0.0,0.0,44
201200019061,12,5,10,1115,1,1,2,1.0,3,44029,M,0.0,0.0,44
201200019062,12,7,25,2100,2,1,1,1.0,1,44169,M,0.0,0.0,44
201200019063,12,9,2,1,3,1,1,1.0,1,44212,M,0.0,0.0,44
201200019064,12,9,14,1200,1,1,1,1.0,6,44212,M,0.0,0.0,44
201200019065,12,9,27,2230,3,1,1,1.0,6,44212,M,0.0,0.0,44
201200019066,12,11,24,1000,1,2,1,1.0,3,44169,M,0.0,0.0,44
201200019067,12,1,14,1615,1,2,6,1.0,6,44101,M,0.0,0.0,44
201200019068,12,2,7,1345,1,1,1,1.0,3,44018,M,0.0,0.0,44
201200019069,12,3,24,1515,1,1,1,1.0,6,44024,M,0.0,0.0,44
201200019070,12,6,2,1845,1,1,1,1.0,6,44120,M,0.0,0.0,44
201200019071,12,11,27,745,2,2,1,1.0,3,44074,M,0.0,0.0,44
201200019072,12,12,25,1900,3,1,1,2.0,6,44101,M,0.0,0.0,44
201200019073,12,1,2,845,1,2,1,1.0,6,44188,M,4704100.0,-164200.0,44