Num_Acc,an,mois,jour,hrmn,lum,agg,int,atm,col,com,gps,lat,long,dep
201200019074,12,5,14,1415,1,1,1,1.0,6,44156,M,4696200.0,-162700.0,44
201200019075,12,10,11,745,3,1,1,2.0,3,44188,M,4701400.0,-161700.0,44
201200019076,12,11,4,2100,3,1,1,1.0,1,44041,M,4708100.0,-161800.0,44
201200019077,12,3,10,2230,5,1,1,1.0,6,44069,M,4730800.0,-237700.0,44
201200019078,12,10,13,800,3,1,1,2.0,2,44069,M,4735100.0,-242400.0,44
201200019079,12,10,16,800,3,1,1,8.0,2,44175,M,4739100.0,-232500.0,44
201200019080,12,10,20,1700,1,1,1,2.0,1,44072,M,0.0,0.0,44
201200019081,12,10,31,1245,1,1,1,1.0,1,44069,M,0.0,0.0,44
201200019082,12,10,19,1230,1,1,1,2.0,3,44050,M,0.0,0.0,44
201200019083,12,11,3,1730,2,1,1,1.0,1,44152,M,0.0,0.0,44
201200019084,12,2,22,1915,5,2,1,1.0,6,25532,M,4722800.0,611700.0,25
201200019085,12,5,19,1230,1,1,1,1.0,7,25328,M,4718000.0,597200.0,25
201200019086,12,7,2,1715,1,1,1,1.0,3,25258,M,4721400.0,591500.0,25
201200019087,12,9,24,730,2,1,1,3.0,6,25381,M,4731600.0,599600.0,25
201200019088,12,3,10,600,1,1,1,1.0,6,25305,M,4717700.0,622400.0,25
201200019089,12,3,25,1715,1,1,1,1.0,7,25339,M,4704600.0,626000.0,25
201200019090,12,5,26,1730,1,2,1,1.0,1,25287,M,0.0,0.0,25
201200019091,12,5,29,1830,1,1,1,1.0,5,25195,M,0.0,0.0,25
201200019092,12,1,8,1115,1,1,1,2.0,6,25505,M,4748400.0,635000.0,25
201200019093,12,10,20,1745,1,1,1,7.0,6,25613,M,0.0,0.0,25
201200019094,12,6,14,1900,2,1,1,1.0,7,25372,M,4745200.0,661500.0,25
201200019095,12,7,4,1830,1,2,1,1.0,7,25394,M,4749400.0,667500.0,25
201200019096,12,7,14,2200,5,2,1,8.0,6,25022,M,4752300.0,666300.0,25
201200019097,12,9,15,1630,1,1,1,1.0,1,25480,M,4711157.0,637449.0,25
201200019098,12,3,28,1230,1,1,1,1.0,1,25350,M,0.0,0.0,25
201200019099,12,12,21,1800,5,2,1,2.0,6,25526,M,4750981.0,678005.0,25
201200019100,12,3,14,1830,2,1,1,1.0,6,25314,M,4732800.0,698300.0,25
201200019101,12,7,22,530,2,2,1,1.0,2,25127,M,4721200.0,682400.0,25
201200019102,12,7,21,1700,1,1,1,1.0,6,25449,M,4733400.0,667600.0,25
201200019103,12,8,8,1730,1,2,1,1.0,6,25356,M,4725143.0,679993.0,25
201200019104,12,8,23,1745,1,2,1,1.0,1,25127,M,4722000.0,682000.0,25
201200019105,12,9,23,1615,1,1,1,1.0,7,25256,M,4723000.0,677400.0,25
201200019106,12,10,31,915,1,1,2,8.0,3,25433,M,4727000.0,674400.0,25
201200019107,12,3,3,1500,1,1,9,1.0,5,25370,M,4744800.0,678586.0,25
201200019108,12,3,27,1645,1,2,1,1.0,3,25463,M,4738900.0,676900.0,25
201200019109,12,4,21,1330,1,1,1,8.0,7,25551,M,4734000.0,687300.0,25
201200019110,12,3,18,730,1,2,1,1.0,6,25157,M,4688100.0,637600.0,25
201200019111,12,4,8,615,3,1,1,1.0,6,25634,M,0.0,0.0,25
201200019112,12,5,26,1545,1,2,1,1.0,6,25259,M,4684700.0,616900.0,25
201200019113,12,10,11,1830,1,1,1,1.0,1,25201,M,4692900.0,630700.0,25
201200019114,12,10,16,1845,3,1,1,2.0,1,25634,M,4697100.0,634600.0,25
201200019115,12,6,18,1245,1,1,1,1.0,3,25320,M,0.0,0.0,25
201200019116,12,7,11,2230,3,1,1,1.0,7,25131,M,0.0,0.0,25
201200019117,12,7,14,1700,1,1,1,1.0,3,25263,M,0.0,0.0,25
201200019118,12,9,9,800,3,1,1,1.0,7,25295,M,0.0,0.0,25
201200019119,12,10,17,2100,3,1,1,1.0,6,39177,M,0.0,0.0,39
201200019120,12,5,28,1830,1,1,1,1.0,2,39013,M,4687500.0,580200.0,39
201200019121,12,6,9,1300,1,1,1,1.0,1,39040,M,0.0,0.0,39
201200019122,12,6,27,1145,1,2,1,1.0,6,39434,M,0.0,0.0,39
201200019123,12,7,24,1415,1,2,1,1.0,1,39434,M,0.0,0.0,39
201200019124,12,7,31,1700,1,2,1,1.0,6,39434,M,0.0,0.0,39
201200019125,12,8,8,845,1,1,1,1.0,5,39103,M,4697500.0,584500.0,39
201200019126,12,1,16,1245,1,2,1,1.0,5,39101,M,0.0,0.0,39
201200019127,12,2,29,1445,1,1,1,1.0,7,39220,M,4709700.0,555100.0,39
201200019128,12,8,27,1730,1,1,1,1.0,1,39243,M,4682100.0,548100.0,39
201200019129,12,1,11,1445,1,2,1,1.0,6,39478,M,0.0,0.0,39
201200019130,12,3,21,1345,1,2,1,1.0,3,39184,M,0.0,0.0,39
201200019131,12,4,5,2145,5,2,1,1.0,6,39333,M,0.0,0.0,39
201200019132,12,5,1,1700,1,2,1,1.0,3,39333,M,0.0,0.0,39
201200019133,12,6,16,1815,1,1,1,1.0,1,39157,M,0.0,0.0,39
201200019134,12,8,26,845,1,1,1,1.0,6,39269,M,4637100.0,571900.0,39
201200019135,12,10,25,1915,3,1,1,1.0,6,39453,M,0.0,0.0,39
201200019136,12,10,29,1615,2,1,1,4.0,3,39487,M,0.0,0.0,39
201200019137,12,6,12,215,3,1,1,1.0,7,22325,M,4864999.0,-284912.0,22
201200019138,12,6,30,1615,1,1,1,1.0,1,22065,M,4861474.0,-300540.0,22
201200019139,12,9,15,1130,1,1,3,1.0,3,22222,M,4869900.0,-294250.0,22
201200019140,12,9,19,1215,1,1,2,1.0,2,22065,M,4860838.0,-301857.0,22
201200019141,12,11,10,2300,3,1,1,2.0,7,22057,M,4866843.0,-309157.0,22
201200019142,12,12,5,845,1,1,1,2.0,3,22375,M,0.0,0.0,22
201200019143,12,12,8,1515,1,2,1,1.0,3,22222,M,4868556.0,-293066.0,22
201200019144,12,12,8,1815,3,1,1,1.0,1,22375,M,0.0,0.0,22
201200019145,12,1,1,1100,1,1,1,2.0,3,22300,M,4828655.0,-282432.0,22
201200019146,12,6,21,2030,1,1,2,1.0,3,22279,M,4817791.0,-287647.0,22
201200019147,12,7,7,1715,1,2,6,1.0,3,22136,M,4817709.0,-274718.0,22
201200019148,12,8,15,215,4,2,2,1.0,3,22155,M,0.0,0.0,22
201200019149,12,9,18,715,2,1,6,1.0,3,22136,M,4817358.0,-274788.0,22
201200019150,12,1,2,1430,1,1,1,7.0,6,22255,M,4818461.0,-264398.0,22
201200019151,12,1,7,1745,2,1,1,8.0,7,22133,M,4818460.0,-222438.0,22
201200019152,12,2,21,2045,3,2,3,1.0,1,22046,M,4829824.0,-251748.0,22
201200019153,12,2,25,1630,1,1,1,1.0,3,22241,M,4811684.0,-260646.0,22
201200019154,12,3,26,400,3,2,1,1.0,7,22147,M,4819163.0,-241906.0,22
201200019155,12,3,31,2015,1,2,2,1.0,5,22148,M,4825688.0,-239143.0,22
201200019156,12,9,1,45,3,1,2,1.0,3,22241,M,4809166.0,-258856.0,22
201200019157,12,10,5,2300,5,2,1,1.0,7,22083,M,4814663.0,-234877.0,22
201200019158,12,12,13,2245,3,1,1,5.0,7,22183,M,4816969.0,-260337.0,22
201200019159,12,6,15,1844,1,1,1,2.0,3,22144,M,4851222.0,-285193.0,22
201200019160,12,2,11,1700,1,2,1,1.0,7,22079,M,4838143.0,-268435.0,22
201200019161,12,3,22,545,5,2,1,1.0,3,22165,M,4836896.0,-249741.0,22
201200019162,12,5,3,1915,1,1,2,7.0,1,22258,M,4842165.0,-262719.0,22
201200019163,12,5,5,2045,1,1,1,1.0,7,22165,M,4836311.0,-249282.0,22
201200019164,12,5,20,1330,1,1,1,3.0,7,22080,M,4834638.0,-284065.0,22
201200019165,12,1,31,845,1,1,3,1.0,3,22339,M,4849619.0,-206073.0,22
201200019166,12,4,9,130,3,1,1,1.0,7,22056,M,4837066.0,-197068.0,22
201200019167,12,5,30,1530,1,2,1,1.0,5,22259,M,4845344.0,-206800.0,22
201200019168,12,8,17,1215,1,1,3,1.0,1,22327,M,4849283.0,-204184.0,22
201200019169,12,3,30,1030,1,2,7,1.0,6,22209,M,4857972.0,-214024.0,22
201200019170,12,8,1,1515,1,1,1,1.0,1,22323,M,4853870.0,-229652.0,22
201200019171,12,11,24,130,4,1,6,2.0,1,22357,M,4858000.0,-217400.0,22
201200019172,12,10,25,1130,1,1,1,1.0,1,22248,M,4862200.0,-313700.0,22
201200019173,12,10,26,715,2,1,1,1.0,1,22004,M,4861500.0,-329000.0,22
201200019174,12,10,14,1800,1,1,1,1.0,1,22293,M,4865600.0,-302700.0,22
201200019175,12,3,10,830,1,2,5,1.0,1,22158,M,4819953.0,-298800.0,22
201200019176,12,8,20,1645,1,1,1,1.0,1,22290,M,4823000.0,-309000.0,22
201200019177,12,1,21,230,3,1,1,1.0,3,22229,M,4826800.0,-328400.0,22
201200019178,12,5,10,1415,1,1,1,2.0,1,22229,M,4828880.0,-323643.0,22
201200019179,12,8,7,1100,1,1,1,1.0,3,22029,M,4832300.0,-309200.0,22
201200019180,12,8,11,700,2,1,1,1.0,6,22294,M,4838100.0,-308700.0,22
201200019181,12,9,8,1630,1,1,1,1.0,1,22229,M,0.0,0.0,22
201200019182,12,10,13,1745,1,1,1,1.0,7,22266,M,0.0,0.0,22
201200019183,12,11,16,430,3,1,3,1.0,3,22163,M,4826200.0,-344700.0,22
201200019184,12,7,18,2015,2,1,1,2.0,1,22226,M,4869288.0,-355285.0,22
201200019185,12,2,8,1900,3,1,1,1.0,3,22381,M,4874833.0,335778.0,22
201200019186,12,2,14,2145,3,1,1,1.0,1,22347,M,4878374.0,-321722.0,22
201200019187,12,3,2,815,1,1,1,5.0,1,22101,M,4875762.0,-328892.0,22
201200019188,12,6,4,1845,1,2,1,1.0,1,22221,M,4879972.0,-324639.0,22
201200019189,12,8,8,1445,1,1,1,1.0,2,22383,M,4875422.0,-323626.0,22
201200019190,12,9,6,1445,1,2,1,1.0,3,22362,M,4878800.0,-322900.0,22
201200019191,12,12,15,1745,2,2,1,1.0,7,22362,M,4878666.0,-322373.0,22
201200019192,12,7,27,1850,3,1,1,1.0,6,68338,M,4808128.0,725332.0,68
201200019193,12,10,4,1630,1,1,1,1.0,4,68374,M,4807150.0,725350.0,68
201200019194,12,12,17,1730,5,2,1,3.0,6,68374,M,4805960.0,723670.0,68
201200019195,12,2,10,1845,3,1,1,1.0,7,68139,M,4757620.0,720990.0,68
201200019196,12,3,24,2245,5,2,1,1.0,6,68108,M,4756370.0,730038.0,68
201200019197,12,4,22,1615,1,1,1,1.0,6,68319,M,4767786.0,722058.0,68
201200019198,12,7,28,1800,1,2,2,1.0,3,68191,M,4765475.0,728313.0,68
201200019199,12,10,6,1400,1,1,1,1.0,1,68152,M,4766803.0,725448.0,68
201200019200,12,10,18,1945,3,1,1,1.0,2,68077,M,4765974.0,717857.0,68
201200019201,12,3,22,1400,1,1,6,1.0,2,68070,M,4771634.0,728826.0,68
201200019202,12,4,5,1315,1,2,4,1.0,3,68218,M,4773956.0,728522.0,68
201200019203,12,5,13,2030,2,2,1,1.0,6,68384,M,4769662.0,729697.0,68
201200019204,12,1,17,1720,4,1,4,1.0,1,68264,M,4757121.0,741045.0,68
201200019205,12,3,3,200,3,1,1,5.0,7,68013,M,4756391.0,748252.0,68
201200019206,12,5,20,1245,1,1,1,1.0,7,68027,M,4757336.0,739350.0,68
201200019207,12,12,22,1215,1,1,1,1.0,6,68168,M,4755844.0,742800.0,68
201200019208,12,10,16,1430,1,1,1,1.0,1,68091,M,4791929.0,750561.0,68
201200019209,12,5,8,1245,1,1,1,1.0,7,68343,M,4787364.0,731649.0,68
201200019210,12,11,21,1100,1,2,1,1.0,3,68043,M,4786900.0,725600.0,68
201200019211,12,9,21,1900,1,2,1,1.0,1,68115,M,4775360.0,708220.0,68
201200019212,12,7,4,930,1,1,1,1.0,1,34252,M,0.0,0.0,34
201200019213,12,7,23,1845,1,1,1,1.0,1,34178,M,4344944.0,315588.0,34
201200019214,12,8,4,830,1,1,1,1.0,7,34070,M,4340200.0,298400.0,34
201200019215,12,9,27,1015,1,1,1,1.0,3,34069,M,4340500.0,310400.0,34
201200019216,12,10,10,1715,1,1,1,1.0,6,34178,M,4345680.0,311836.0,34
201200019217,12,10,31,1215,1,2,1,1.0,6,34069,M,4339700.0,310300.0,34
201200019218,12,1,22,1200,1,2,1,1.0,3,34149,M,4348353.0,330450.0,34
201200019219,12,11,7,830,5,2,1,1.0,1,34139,M,4342000.0,324200.0,34
201200019220,12,12,23,2330,3,1,1,1.0,6,34139,M,4341267.0,323976.0,34
201200019221,12,4,1,1530,1,1,1,1.0,7,34293,M,4359496.0,275384.0,34
201200019222,12,5,13,1000,1,1,1,1.0,6,34284,M,4350900.0,274600.0,34
201200019223,12,3,9,2245,3,1,1,1.0,7,34135,M,4325968.0,316022.0,34
201200019224,12,7,15,215,5,2,1,1.0,2,34299,M,0.0,,34
201200019225,12,8,5,15,3,1,1,1.0,1,34209,M,4331311.0,333061.0,34
201200019226,12,2,10,1045,1,1,1,1.0,6,34142,M,4369716.0,333876.0,34
201200019227,12,6,2,1630,3,1,1,1.0,6,34132,M,4327400.0,351600.0,34
201200019228,12,6,14,1800,1,2,1,1.0,6,34142,M,4373310.0,331471.0,34
201200019229,12,4,28,1015,1,2,1,1.0,6,34194,M,4354700.0,346200.0,34
201200019230,12,5,7,1700,1,2,1,1.0,3,34079,M,4362700.0,343700.0,34
201200019231,12,6,23,1630,1,1,1,1.0,2,34194,M,4351976.0,344901.0,34
201200019232,12,8,6,230,3,1,1,1.0,6,34194,M,4354300.0,345800.0,34
201200019233,12,9,9,745,2,1,1,5.0,6,34047,M,4353820.0,348771.0,34
201200019234,12,9,9,1130,1,1,9,1.0,3,34076,M,0.0,0.0,34
201200019235,12,9,12,1615,1,1,1,1.0,6,34175,M,4362000.0,336800.0,34
201200019236,12,9,22,2200,3,1,1,1.0,6,34210,M,4359572.0,350058.0,34
201200019237,12,9,26,2030,5,2,1,2.0,5,34051,M,4360700.0,348900.0,34
201200019238,12,10,3,945,1,2,1,1.0,7,34079,M,4362571.0,343448.0,34
201200019239,12,10,18,1330,1,1,1,8.0,3,34013,M,4356876.0,346548.0,34
201200019240,12,10,31,1345,1,1,1,2.0,3,34175,M,4361100.0,331400.0,34
201200019241,12,11,11,615,3,1,1,1.0,6,34194,M,4354200.0,348300.0,34
201200019242,12,11,19,915,1,1,1,1.0,5,34210,M,4359900.0,349600.0,34
201200019243,12,12,1,1615,1,2,1,1.0,6,34210,M,4359600.0,352700.0,34
201200019244,12,12,25,1115,1,1,1,2.0,1,34204,M,4354100.0,355300.0,34
201200019245,12,12,29,1645,1,1,1,1.0,1,34045,M,4357700.0,335200.0,34
201200019246,12,12,30,2215,1,1,1,1.0,7,34138,M,4359100.0,341900.0,34
201200019247,12,5,25,945,1,1,1,1.0,3,34261,M,4372900.0,355100.0,34
201200019248,12,10,24,945,2,1,1,5.0,7,34239,M,0.0,0.0,34
201200019249,12,11,1,15,2,1,1,1.0,7,34016,M,0.0,0.0,34
201200019250,12,12,8,1145,1,1,1,1.0,5,34239,M,0.0,0.0,34
201200019251,12,1,11,925,1,2,1,9.0,6,15014,M,,,15
201200019252,12,4,10,812,1,2,1,1.0,6,15014,M,,,15
201200019253,12,5,24,1920,1,2,1,1.0,6,15014,M,,,15
201200019254,12,5,31,1330,1,1,1,1.0,6,15014,M,,,15
201200019255,12,7,16,1920,1,2,1,1.0,3,15014,M,,,15
201200019256,12,8,10,1145,1,2,2,1.0,3,15014,M,,,15
201200019257,12,9,26,735,3,2,1,2.0,6,15014,M,,,15
201200019258,12,10,8,1000,1,2,1,1.0,7,15012,M,,,15
201200019259,12,10,26,1915,5,2,1,6.0,6,15014,M,,,15
201200019260,12,11,1,1805,5,2,1,3.0,6,15014,M,,,15
201200019261,12,11,23,1700,3,2,1,2.0,5,15014,M,,,15
201200019262,12,12,13,1815,5,2,1,2.0,6,15014,M,,,15
201200019263,12,12,18,1915,5,2,1,1.0,6,15014,M,,,15
201200019264,12,1,13,1530,1,1,1,1.0,5,34031,M,4337888.0,341990.0,34
201200019265,12,2,3,115,3,1,1,1.0,7,34003,M,4334284.0,350166.0,34
201200019266,12,3,29,1600,1,1,1,1.0,4,34150,M,4339297.0,353804.0,34
201200019267,12,5,24,1415,1,2,1,1.0,6,34101,M,4338800.0,346700.0,34
201200019268,12,7,7,845,1,2,1,1.0,3,34332,M,4352400.0,369500.0,34
201200019269,12,8,1,1530,1,1,1,1.0,3,34332,M,4330920.0,343247.0,34
201200019270,12,8,15,1215,1,1,1,1.0,4,34332,M,0.0,0.0,34
201200019271,12,8,19,330,5,2,1,1.0,6,34150,M,0.0,0.0,34
201200019272,12,9,25,900,1,1,1,1.0,1,34150,M,4332407.0,353108.0,34
201200019273,12,12,15,1000,1,1,1,1.0,6,34031,M,4335600.0,337200.0,34
201200019274,12,1,13,1715,1,1,1,1.0,5,34023,M,4345856.0,369703.0,34
201200019275,12,5,11,1400,1,1,1,1.0,1,34113,M,0.0,0.0,34
201200019276,12,6,26,1530,1,1,1,1.0,6,34088,M,,,34
201200019277,12,9,6,1815,1,1,1,1.0,3,34087,M,0.0,0.0,34
201200019278,12,7,25,315,3,1,1,1.0,7,34056,M,4344400.0,344900.0,34
201200019279,12,8,25,630,1,1,1,1.0,6,34103,M,4353163.0,340642.0,34
201200019280,12,11,28,1245,1,1,1,2.0,5,34017,M,0.0,0.0,34
201200019281,12,12,1,2330,3,1,2,1.0,3,34199,M,4348100.0,345600.0,34
201200019282,12,12,17,930,1,1,1,1.0,1,34199,M,4349800.0,333900.0,34
201200019283,12,2,17,915,1,1,1,1.0,6,86105,M,0.0,0.0,86
201200019284,12,4,1,1930,1,1,1,1.0,7,86180,M,0.0,0.0,86
201200019285,12,6,9,2000,1,1,1,1.0,7,86264,M,0.0,0.0,86
201200019286,12,6,24,245,3,1,1,1.0,6,86235,M,0.0,0.0,86
201200019287,12,7,24,1230,1,1,1,1.0,2,86180,M,0.0,0.0,86
201200019288,12,9,2,615,2,2,1,1.0,7,86178,M,0.0,0.0,86
201200019289,12,1,8,1945,3,1,1,1.0,5,86293,M,0.0,0.0,86
201200019290,12,2,23,1730,2,1,1,2.0,1,86213,M,0.0,0.0,86
201200019291,12,4,2,1530,1,1,1,1.0,4,86145,M,0.0,0.0,86
201200019292,12,4,26,2145,3,1,1,2.0,6,86148,M,0.0,0.0,86
201200019293,12,5,21,1515,1,1,1,3.0,1,86244,M,0.0,0.0,86
201200019294,12,6,23,1015,1,1,1,1.0,6,86145,M,0.0,0.0,86
201200019295,12,8,20,1515,1,1,1,1.0,7,86113,M,0.0,0.0,86
201200019296,12,10,10,1200,1,1,1,8.0,4,86139,M,0.0,0.0,86
201200019297,12,10,18,800,2,1,1,8.0,5,86045,M,0.0,0.0,86
201200019298,12,11,21,1200,1,2,1,1.0,1,86211,M,0.0,0.0,86
201200019299,12,12,6,1815,4,2,1,2.0,3,86211,M,0.0,0.0,86
201200019300,12,12,8,1745,3,2,1,1.0,6,86083,M,0.0,0.0,86
201200019301,12,12,18,1500,1,2,1,1.0,6,86139,M,0.0,0.0,86
201200019302,12,12,31,1845,3,2,2,1.0,3,86281,M,4672800.0,33700.0,86
201200019303,12,4,8,1115,1,1,1,1.0,6,86021,M,0.0,0.0,86
201200019304,12,4,22,1900,1,2,1,1.0,6,86177,M,0.0,0.0,86
201200019305,12,7,21,2015,1,1,1,1.0,7,86002,M,0.0,0.0,86
201200019306,12,7,22,1745,1,1,1,1.0,7,86271,M,0.0,0.0,86
201200019307,12,7,23,800,1,2,1,1.0,7,86294,M,0.0,0.0,86
201200019308,12,8,19,1100,1,1,2,1.0,3,86299,M,0.0,0.0,86
201200019309,12,8,24,1115,1,1,1,1.0,3,86030,M,0.0,0.0,86
201200019310,12,8,28,1300,1,1,1,1.0,1,86024,M,0.0,0.0,86
201200019311,12,9,1,1345,1,1,1,1.0,3,86160,M,0.0,0.0,86
201200019312,12,9,3,700,1,2,3,1.0,3,86073,M,0.0,0.0,86
201200019313,12,9,9,1000,1,1,1,1.0,6,86281,M,4674200.0,29100.0,86
201200019314,12,9,21,2200,3,1,1,1.0,7,86089,M,0.0,0.0,86
201200019315,12,10,5,1000,1,2,6,1.0,3,86177,M,4668900.0,25600.0,86
201200019316,12,10,17,815,1,2,1,1.0,3,86160,M,4678800.0,18100.0,86
201200019317,12,10,29,1845,3,1,1,1.0,6,86294,M,0.0,0.0,86
201200019318,12,11,24,1115,1,1,2,1.0,3,86160,M,0.0,0.0,86
201200019319,12,12,13,1345,1,1,1,2.0,1,86123,M,0.0,0.0,86
201200019320,12,12,17,745,2,2,1,3.0,6,86294,M,0.0,0.0,86
201200019321,12,1,27,1630,1,2,1,1.0,1,86111,M,0.0,0.0,86
201200019322,12,3,18,715,1,2,1,1.0,6,86111,M,0.0,0.0,86
201200019323,12,3,18,1600,1,1,1,2.0,7,86130,M,0.0,0.0,86
201200019324,12,6,22,1645,1,2,6,1.0,3,86174,M,0.0,0.0,86
201200019325,12,12,2,1700,1,2,1,1.0,2,86092,M,0.0,0.0,86
201200019326,12,3,13,215,5,2,1,1.0,6,86137,M,0.0,0.0,86
201200019327,12,4,1,2015,2,1,1,1.0,6,86252,M,0.0,0.0,86
201200019328,12,3,29,1515,1,1,1,1.0,6,86259,M,0.0,0.0,86
201200019329,12,3,18,800,1,1,1,8.0,6,86118,M,4645600.0,101299.0,86
201200019330,12,4,7,500,3,1,1,1.0,6,86175,M,0.0,0.0,86
201200019331,12,5,18,2015,1,1,2,1.0,1,86132,M,4652200.0,102400.0,86
201200019332,12,1,28,915,1,1,1,1.0,2,29078,M,4831067.0,-422790.0,29
201200019333,12,4,2,1930,1,1,1,1.0,7,29140,M,4838550.0,-429921.0,29
201200019334,12,6,16,115,3,1,1,1.0,7,29078,M,4833104.0,-415145.0,29
201200019335,12,8,12,145,3,1,1,1.0,5,29045,M,4842008.0,-425712.0,29
201200019336,12,10,3,1630,1,1,1,8.0,1,29045,M,4842567.0,-426205.0,29
201200019337,12,10,8,300,3,1,1,3.0,6,29043,M,4836028.0,-425393.0,29
201200019338,12,12,11,1800,3,1,1,1.0,5,29045,M,4841989.0,-425698.0,29
201200019339,12,4,6,1630,1,1,2,1.0,1,41061,M,4746890.0,140435.0,41
201200019340,12,5,22,1700,1,2,1,1.0,1,41295,M,,,41
201200019341,12,7,12,1845,1,1,1,2.0,1,41034,M,4760950.0,152030.0,41
201200019342,12,9,18,1730,1,1,1,1.0,1,41160,M,4755950.0,157527.0,41
201200019343,12,11,22,1800,5,2,1,1.0,6,41067,M,4751150.0,145643.0,41
201200019344,12,11,28,1045,1,1,1,1.0,3,41204,M,4762200.0,142772.0,41
201200019345,12,11,30,1800,2,2,1,1.0,6,41031,M,4758590.0,133611.0,41
201200019346,12,12,11,1215,1,1,1,1.0,1,41031,M,4752560.0,138327.0,41
201200019347,12,12,14,830,5,1,1,1.0,7,41262,M,4754320.0,153810.0,41
201200019348,12,5,20,1215,1,2,3,1.0,1,41008,M,4772170.0,156312.0,41
201200019349,12,6,30,1230,1,1,1,1.0,3,41008,M,4772740.0,155104.0,41
201200019350,12,7,17,1545,1,1,1,1.0,3,41156,M,4770290.0,140267.0,41
201200019351,12,8,6,1215,1,2,1,1.0,1,41136,M,4769710.0,150070.0,41
201200019352,12,8,19,1645,1,2,1,7.0,6,41134,M,4764220.0,141248.0,41
201200019353,12,10,5,1745,1,1,1,1.0,3,41252,M,4766900.0,146787.0,41
201200019354,12,2,11,45,3,1,1,8.0,7,41185,M,4738560.0,166655.0,41
201200019355,12,2,18,1145,1,1,1,2.0,6,41185,M,4737900.0,169200.0,41
201200019356,12,2,19,245,3,1,9,1.0,6,41097,M,4729270.0,162256.0,41
201200019357,12,3,30,1115,1,1,1,1.0,5,41185,M,4733870.0,171317.0,41
201200019358,12,5,11,1745,1,1,1,1.0,1,41157,M,4740800.0,162900.0,41
201200019359,12,5,16,2300,3,1,1,1.0,6,41185,M,,,41
201200019360,12,9,7,1315,1,1,1,9.0,6,41185,M,,,41
201200019361,12,9,19,1315,1,1,2,1.0,3,41242,M,4726690.0,155331.0,41
201200019362,12,9,24,1400,1,1,1,1.0,7,41016,M,4730590.0,158061.0,41
201200019363,12,10,30,1645,1,1,2,1.0,3,41242,M,4726690.0,155331.0,41
201200019364,12,11,18,830,2,1,1,1.0,7,41185,M,4734320.0,172288.0,41
201200019365,12,12,9,1630,1,2,1,1.0,3,41044,M,,,41
201200019366,12,1,27,1845,1,1,1,1.0,6,41080,M,4730900.0,118604.0,41
201200019367,12,3,2,2115,3,1,1,1.0,2,41043,M,4728370.0,149757.0,41
201200019368,12,3,9,1630,1,1,2,1.0,4,41257,M,4739100.0,131992.0,41
201200019369,12,3,23,1830,1,1,2,1.0,3,41164,M,4727360.0,139919.0,41
201200019370,12,4,8,900,1,2,1,1.0,1,41059,M,4741640.0,143163.0,41
201200019371,12,5,3,1415,1,1,1,1.0,1,41211,M,4732210.0,113577.0,41
201200019372,12,5,5,1445,1,2,1,2.0,6,41059,M,4743310.0,142763.0,41
201200019373,12,8,7,1415,1,1,1,1.0,6,41049,M,4736250.0,151149.0,41
201200019374,12,8,14,1715,1,1,1,2.0,3,41042,M,4721630.0,133450.0,41
201200019375,12,9,9,1100,1,1,1,1.0,1,41126,M,4728240.0,135472.0,41
201200019376,12,9,15,1245,1,1,1,1.0,1,41082,M,4746180.0,138732.0,41
201200019377,12,10,5,1915,2,2,1,1.0,6,41151,M,4734920.0,119220.0,41
201200019378,12,11,9,1845,5,2,1,2.0,6,41211,M,4732580.0,112768.0,41
201200019379,12,11,3,1330,1,1,1,2.0,7,41080,M,4733210.0,118677.0,41
201200019380,12,11,21,145,3,1,1,1.0,6,41043,M,4730390.0,143637.0,41
201200019381,12,12,5,1015,1,1,1,2.0,5,41059,M,4742400.0,145533.0,41
201200019382,12,12,15,645,2,1,1,2.0,7,41126,M,4728900.0,134600.0,41
201200019383,12,2,23,1100,1,2,1,2.0,6,41232,M,,,41
201200019384,12,3,10,1630,1,1,1,1.0,1,41232,M,4740010.0,205454.0,41
201200019385,12,4,12,1000,1,2,1,1.0,2,41232,M,4742070.0,205367.0,41
201200019386,12,4,14,1345,1,2,1,1.0,7,41231,M,4752540.0,193455.0,41
201200019387,12,8,10,1215,1,1,2,1.0,3,41241,M,4734320.0,189457.0,41
201200019388,12,8,12,1430,1,1,3,1.0,3,41161,M,4758150.0,198391.0,41
201200019389,12,9,6,100,3,1,1,1.0,6,41232,M,0.0,0.0,41
201200019390,12,9,8,1845,1,1,9,1.0,3,41231,M,0.0,0.0,41
201200019391,12,11,9,1915,3,1,1,2.0,5,41231,M,4754660.0,186219.0,41
201200019392,12,8,12,1900,1,2,1,1.0,3,41095,M,4788820.0,120948.0,41
201200019393,12,9,15,1030,1,1,1,1.0,6,47145,M,4414920.0,65886.0,47
201200019394,12,9,22,1615,1,1,1,1.0,4,47069,M,4422140.0,57525.0,47
201200019395,12,6,3,1430,1,2,1,1.0,2,47004,M,0.0,0.0,47
201200019396,12,6,17,1815,1,1,1,1.0,6,47066,M,0.0,0.0,47