Num_Acc,an,mois,jour,hrmn,lum,agg,int,atm,col,com,gps,lat,long,dep
201200019397,12,11,19,1930,2,2,1,1.0,6,47004,M,4430300.0,34100.0,47
201200019398,12,2,18,1615,1,1,2,1.0,1,47051,M,4417240.0,70067.0,47
201200019399,12,3,9,815,1,1,2,1.0,5,47247,M,4469820.0,30077.0,47
201200019400,12,1,19,1730,1,2,2,1.0,6,47310,M,4439100.0,30754.0,47
201200019401,12,3,24,145,4,1,1,1.0,6,47159,M,4439460.0,23037.0,47
201200019402,12,4,5,2015,1,1,9,1.0,1,47310,M,4436640.0,31920.0,47
201200019403,12,5,10,1800,1,1,3,1.0,3,47112,M,4443850.0,38575.0,47
201200019404,12,5,11,1545,1,1,1,1.0,6,47110,M,0.0,0.0,47
201200019405,12,7,1,1530,1,1,1,1.0,6,47054,M,4440480.0,51036.0,47
201200019406,12,6,28,1815,1,1,1,1.0,4,47095,M,4443060.0,27251.0,47
201200019407,12,7,25,45,3,1,1,1.0,7,47135,M,4439670.0,42797.0,47
201200019408,12,8,23,2100,3,1,1,1.0,1,47065,M,4435160.0,36588.0,47
201200019409,12,10,5,2215,3,1,1,1.0,4,47310,M,4440550.0,29675.0,47
201200019410,12,12,2,430,3,1,1,1.0,7,47110,M,4446680.0,24734.0,47
201200019411,12,12,2,2030,5,2,1,2.0,6,47061,M,4443310.0,18783.0,47
201200019412,12,12,2,1815,5,2,1,2.0,6,47310,M,4439150.0,30667.0,47
201200019413,12,12,7,1815,2,1,1,1.0,3,47042,M,0.0,0.0,47
201200019414,12,9,23,1945,2,1,1,1.0,6,47186,M,4419400.0,44083.0,47
201200019415,12,5,1,200,3,1,1,1.0,6,47052,M,4429930.0,9791.0,47
201200019416,12,5,10,2030,1,1,1,1.0,1,47222,M,0.0,0.0,47
201200019417,12,5,13,30,3,1,1,1.0,6,47007,M,4421500.0,-6419.0,47
201200019418,12,12,28,1545,1,2,3,1.0,3,47052,M,4431900.0,8400.0,47
201200019419,12,1,4,745,2,1,1,8.0,1,47297,M,4432750.0,62765.0,47
201200019420,12,10,8,945,1,1,1,1.0,1,47175,M,4451040.0,75616.0,47
201200019421,12,12,3,815,1,2,1,2.0,1,47203,M,4438730.0,80612.0,47
201200019422,12,5,29,1615,1,1,2,1.0,1,47185,M,4445850.0,96194.0,47
201200019423,12,9,23,1615,1,1,1,1.0,6,47312,M,0.0,0.0,47
201200019424,12,1,13,2000,3,1,1,5.0,2,47006,M,4440090.0,62892.0,47
201200019425,12,10,18,715,3,1,1,6.0,7,46031,M,4459100.0,173000.0,46
201200019426,12,11,28,1645,2,1,1,3.0,5,42246,M,4529276.0,461031.0,42
201200019427,12,1,3,745,2,2,1,1.0,6,42302,M,4548734.0,445254.0,42
201200019428,12,11,16,2045,3,1,1,1.0,7,42208,M,4554139.0,445051.0,42
201200019429,12,2,4,1800,2,1,1,1.0,3,42288,M,4576501.0,395066.0,42
201200019430,12,3,20,1900,5,2,1,1.0,6,42019,M,4574431.0,400390.0,42
201200019431,12,7,5,1130,1,2,2,2.0,3,42197,M,4573851.0,403695.0,42
201200019432,12,7,20,1615,1,2,1,1.0,6,42019,M,4574882.0,400053.0,42
201200019433,12,7,6,2030,1,1,1,1.0,1,42155,M,4581337.0,417155.0,42
201200019434,12,7,18,1030,1,1,1,1.0,1,42041,M,4570767.0,416131.0,42
201200019435,12,9,1,1730,1,2,1,1.0,3,42165,M,4578688.0,434097.0,42
201200019436,12,9,12,1815,1,1,1,8.0,1,42296,M,4572660.0,429915.0,42
201200019437,12,2,28,2130,3,1,1,1.0,6,42043,M,4558426.0,428559.0,42
201200019438,12,4,5,1545,1,2,9,1.0,6,42059,M,4563884.0,439187.0,42
201200019439,12,4,28,2000,2,1,1,6.0,7,42102,M,4557515.0,444995.0,42
201200019440,12,8,11,930,1,1,1,1.0,1,42222,M,4560680.0,432119.0,42
201200019441,12,9,14,1715,1,1,1,1.0,3,42038,M,4562805.0,416721.0,42
201200019442,12,9,16,445,3,1,1,1.0,6,42013,M,4564568.0,434408.0,42
201200019443,12,11,17,1230,1,1,1,1.0,5,42206,M,4554826.0,432184.0,42
201200019444,12,11,23,1830,5,1,2,1.0,3,42081,M,4561323.0,426418.0,42
201200019445,12,10,3,1300,1,2,1,1.0,3,42077,M,4591700.0,422738.0,42
201200019446,12,12,26,915,1,1,1,7.0,1,42277,M,4593104.0,410653.0,42
201200019447,12,3,2,1115,1,1,1,1.0,3,42004,M,4588153.0,403911.0,42
201200019448,12,5,27,1445,1,2,1,3.0,7,42230,M,4583154.0,401600.0,42
201200019449,12,8,4,330,3,1,1,1.0,6,42116,M,4588488.0,389025.0,42
201200019450,12,9,10,700,1,1,1,1.0,1,42004,M,4587169.0,403803.0,42
201200019451,12,3,2,1715,1,1,1,1.0,3,12001,M,4434600.0,271000.0,12
201200019452,12,3,7,1100,1,1,1,1.0,3,12050,M,4424900.0,275900.0,12
201200019453,12,6,14,900,1,1,1,1.0,2,12056,M,4428100.0,243200.0,12
201200019454,12,6,22,1330,1,1,1,1.0,6,12102,M,0.0,0.0,12
201200019455,12,6,28,1730,1,1,2,1.0,3,12188,M,4427700.0,275300.0,12
201200019456,12,8,3,1100,1,1,1,1.0,2,12102,M,4429400.0,258200.0,12
201200019457,12,9,25,1800,1,1,1,1.0,7,12297,M,4433300.0,267900.0,12
201200019458,12,10,12,730,2,1,1,2.0,7,12162,M,4432100.0,243900.0,12
201200019459,12,10,21,1600,1,1,3,1.0,3,12182,M,0.0,0.0,12
201200019460,12,6,22,2100,1,1,1,1.0,6,12291,M,0.0,0.0,12
201200019461,12,8,27,930,1,1,1,1.0,1,12266,M,0.0,0.0,12
201200019462,12,9,23,1200,1,2,1,1.0,7,12213,M,0.0,0.0,12
201200019463,12,9,2,745,1,1,1,1.0,7,12247,M,4442700.0,304500.0,12
201200019464,12,7,8,1745,1,1,1,1.0,1,12208,M,4395300.0,291300.0,12
201200019465,12,8,5,1630,1,2,1,1.0,6,12244,M,4405600.0,290000.0,12
201200019466,12,9,8,945,1,2,1,7.0,6,12292,M,4389900.0,294200.0,12
201200019467,12,10,6,1630,1,1,1,1.0,1,12208,M,4397300.0,290000.0,12
201200019468,12,4,29,1945,1,1,1,1.0,6,12044,M,4384200.0,292300.0,12
201200019469,12,2,12,1500,1,2,1,1.0,6,12044,M,4381700.0,288300.0,12
201200019470,12,2,16,1515,1,1,2,1.0,3,12217,M,4441700.0,196800.0,12
201200019471,12,5,20,1815,2,1,1,2.0,5,12030,M,4457900.0,217100.0,12
201200019472,12,5,8,1600,1,1,1,8.0,7,49242,M,4753891.0,-65029.0,49
201200019473,12,6,2,900,1,1,1,1.0,5,49020,M,4747127.0,-61511.0,49
201200019474,12,6,14,2000,1,1,1,1.0,1,49055,M,4755875.0,-55888.0,49
201200019475,12,6,28,230,3,2,1,1.0,6,49035,M,4742470.0,-60942.0,49
201200019476,12,9,1,1945,1,1,6,1.0,7,49020,M,4746779.0,-62034.0,49
201200019477,12,11,15,1715,1,1,1,8.0,6,49055,M,4754038.0,-58209.0,49
201200019478,12,4,25,1700,1,1,3,1.0,3,49317,M,4737360.0,-32086.0,49
201200019479,12,5,27,700,1,2,1,1.0,6,49223,M,4740547.0,-52590.0,49
201200019480,12,9,22,2100,3,1,1,1.0,1,49222,M,4734459.0,-58005.0,49
201200019481,12,3,6,845,1,2,1,7.0,3,49129,M,4749650.0,-51484.0,49
201200019482,12,4,20,115,3,1,2,1.0,3,49323,M,4749386.0,-49963.0,49
201200019483,12,5,12,1430,1,1,1,1.0,7,49004,M,4746871.0,-37606.0,49
201200019484,12,5,17,2115,1,2,1,8.0,6,49323,M,4752007.0,-47124.0,49
201200019485,12,5,31,1615,1,1,1,1.0,4,49117,M,4742903.0,-47146.0,49
201200019486,12,5,31,1700,1,1,1,1.0,3,49241,M,4749128.0,-44264.0,49
201200019487,12,6,4,1330,1,1,1,1.0,1,49129,M,4750697.0,-51673.0,49
201200019488,12,6,27,1815,1,1,1,1.0,3,49377,M,4755689.0,-44323.0,49
201200019489,12,7,5,1730,1,1,2,1.0,3,49004,M,4746523.0,-39968.0,49
201200019490,12,7,15,215,3,1,1,1.0,6,49129,M,4752223.0,-51016.0,49
201200019491,12,7,19,730,1,1,1,1.0,2,49117,M,4742419.0,-46663.0,49
201200019492,12,8,21,900,1,1,3,1.0,3,49377,M,4755156.0,-46380.0,49
201200019493,12,9,30,645,3,1,1,5.0,3,49117,M,4742460.0,-46799.0,49
201200019494,12,10,10,830,1,2,1,1.0,1,49307,M,4741089.0,-33244.0,49
201200019495,12,11,5,815,1,1,1,1.0,6,49377,M,4753310.0,-41524.0,49
201200019496,12,12,5,945,1,1,1,8.0,4,49377,M,4753237.0,-41654.0,49
201200019497,12,1,15,700,2,1,1,1.0,6,49334,M,4752014.0,-21282.0,49
201200019498,12,6,30,1800,1,1,1,1.0,7,49110,M,4753100.0,-39483.0,49
201200019499,12,7,24,1215,1,1,3,1.0,5,49163,M,4755536.0,-22608.0,49
201200019500,12,6,10,1030,1,1,1,3.0,7,49212,M,4736493.0,-82838.0,49
201200019501,12,4,10,1830,1,2,1,1.0,3,49316,M,4727284.0,-107981.0,49
201200019502,12,9,25,1815,1,2,1,1.0,6,49276,M,4736014.0,-101985.0,49
201200019503,12,12,5,1700,4,2,1,2.0,1,49350,M,4703769.0,-111445.0,49
201200019504,12,3,17,1300,1,1,1,3.0,7,49368,M,4761477.0,-94340.0,49
201200019505,12,2,4,2230,3,1,1,1.0,2,49182,M,4723393.0,-31022.0,49
201200019506,12,3,9,1815,1,1,1,1.0,3,49121,M,4728231.0,-25871.0,49
201200019507,12,4,18,1600,1,1,1,3.0,7,49336,M,4703615.0,-64680.0,49
201200019508,12,5,18,2245,3,1,1,1.0,1,49125,M,4718012.0,-26726.0,49
201200019509,12,6,18,745,1,2,1,1.0,1,49104,M,4717431.0,-33991.0,49
201200019510,12,8,15,1845,1,1,1,1.0,7,49365,M,4713786.0,-30610.0,49
201200019511,12,9,30,700,2,1,1,1.0,7,49336,M,4704121.0,-59732.0,49
201200019512,12,10,9,1000,1,1,2,8.0,3,49104,M,4717004.0,-35998.0,49
201200019513,12,10,17,1845,2,1,1,8.0,6,49125,M,4720460.0,-28949.0,49
201200019514,12,10,18,215,3,1,3,3.0,6,49365,M,4715659.0,-30121.0,49
201200019515,12,11,10,1545,1,2,3,1.0,3,49125,M,4718302.0,-26437.0,49
201200019516,12,11,24,900,1,1,1,1.0,2,49003,M,4725764.0,-33348.0,49
201200019517,12,2,2,745,2,1,1,1.0,3,49180,M,4736825.0,-12073.0,49
201200019518,12,3,11,900,1,1,2,1.0,3,49370,M,4727843.0,-22186.0,49
201200019519,12,6,1,1615,1,1,2,7.0,3,49274,M,4718829.0,-4595.0,49
201200019520,12,6,21,830,1,1,1,1.0,6,49215,M,4713434.0,-9692.0,49
201200019521,12,8,9,1645,1,1,3,1.0,3,49215,M,4712501.0,-15845.0,49
201200019522,12,12,18,1845,5,1,1,1.0,6,49046,M,4716405.0,-4156.0,49
201200019523,12,1,24,1400,1,2,1,1.0,3,49054,M,4756043.0,-103548.0,49
201200019524,12,10,18,1430,1,2,1,2.0,6,49088,M,4774807.0,-110823.0,49
201200019525,12,10,31,1830,3,1,1,1.0,1,49144,M,4754466.0,-106327.0,49
201200019526,12,6,10,2330,3,1,1,1.0,7,49249,M,4752708.0,-80517.0,49
201200019527,12,6,29,1730,1,1,1,1.0,7,49026,M,4750493.0,-78480.0,49
201200019528,12,11,17,600,3,1,6,5.0,7,49176,M,4763605.0,-72369.0,49
201200019529,12,12,30,500,3,1,1,2.0,6,49367,M,4760756.0,-79953.0,49
201200019530,12,5,20,1800,1,1,1,2.0,2,49254,M,4765202.0,-61100.0,49
201200019531,12,7,22,2045,1,1,1,1.0,7,49096,M,4772609.0,-56556.0,49
201200019532,12,8,9,1945,1,1,1,1.0,1,49065,M,4766552.0,-55538.0,49
201200019533,12,3,10,1715,1,2,1,1.0,3,55132,M,0.0,0.0,55
201200019534,12,11,24,1845,3,1,9,1.0,7,55010,M,4864500.0,502800.0,55
201200019535,12,12,17,2330,3,1,1,8.0,6,55010,M,4861437.0,503294.0,55
201200019536,12,1,10,615,4,2,1,2.0,6,55463,M,4889500.0,554100.0,55
201200019537,12,6,29,1700,1,1,1,1.0,6,55368,M,4867300.0,555800.0,55
201200019538,12,12,17,1800,3,1,1,3.0,1,55350,M,0.0,0.0,55
201200019539,12,4,21,1015,1,1,1,2.0,7,55497,M,4908400.0,528500.0,55
201200019540,12,4,28,1215,1,1,1,1.0,7,55102,M,0.0,0.0,55
201200019541,12,6,20,1100,1,1,1,1.0,3,55154,M,4908167.0,542300.0,55
201200019542,12,7,15,30,5,2,1,2.0,6,55571,M,4932932.0,523346.0,55
201200019543,12,6,17,1845,1,1,1,1.0,1,55063,M,4930070.0,574738.0,55
201200019544,12,12,16,300,3,1,6,1.0,7,55181,M,4921900.0,564000.0,55
201200019545,12,4,7,1415,1,1,3,1.0,1,55279,M,4947174.0,513419.0,55
201200019546,12,9,27,700,2,1,1,2.0,1,61321,M,0.0,0.0,61
201200019547,12,7,4,1815,1,2,1,3.0,6,61074,M,0.0,0.0,61
201200019548,12,1,29,1930,3,1,2,1.0,3,61202,M,0.0,0.0,61
201200019549,12,9,6,1800,1,1,1,1.0,3,61249,M,4865600.0,2200.0,61
201200019550,12,11,29,1815,5,2,3,1.0,3,61454,M,0.0,0.0,61
201200019551,12,8,1,1730,1,1,2,1.0,3,61170,M,0.0,0.0,61
201200019552,12,11,26,2015,3,1,1,1.0,1,61179,M,0.0,0.0,61
201200019553,12,11,25,1800,2,1,1,1.0,6,61189,M,0.0,0.0,61
201200019554,12,8,3,2115,1,1,1,1.0,6,61040,M,4871800.0,-47400.0,61
201200019555,12,12,14,1800,3,2,1,2.0,6,61486,M,0.0,0.0,61
201200019556,12,1,12,745,3,1,1,1.0,6,61332,M,0.0,0.0,61
201200019557,12,8,28,1845,1,2,1,1.0,6,61483,M,0.0,0.0,61
201200019558,12,11,7,1445,1,2,2,1.0,3,61096,M,0.0,0.0,61
201200019559,12,5,1,1215,1,1,3,1.0,3,61066,M,0.0,0.0,61
201200019560,12,1,18,1615,3,1,2,2.0,3,61151,M,0.0,0.0,61
201200019561,12,6,29,2000,1,2,1,1.0,7,61214,M,0.0,0.0,61
201200019562,12,11,30,930,1,2,1,1.0,6,61456,M,0.0,0.0,61
201200019563,12,12,24,2100,3,1,1,1.0,1,61386,M,0.0,0.0,61
201200019564,12,7,3,1500,1,1,1,1.0,1,61206,M,0.0,0.0,61
201200019565,12,9,8,1145,1,1,1,1.0,1,61050,M,0.0,0.0,61
201200019566,12,11,10,645,3,1,1,2.0,6,61125,M,0.0,0.0,61
201200019567,12,2,23,1430,1,2,1,2.0,2,76711,M,5005982.0,137798.0,76
201200019568,12,3,19,1030,1,2,3,1.0,3,76711,M,5005654.0,138411.0,76
201200019569,12,4,20,2245,5,2,6,2.0,3,80533,M,0.0,0.0,80
201200019570,12,8,2,1900,1,1,1,1.0,1,76337,M,4995620.0,128501.0,76
201200019571,12,8,23,1000,1,1,1,1.0,1,76192,M,5002214.0,137465.0,76
201200019572,12,3,16,1830,1,1,1,1.0,3,76536,M,4946319.0,116999.0,76
201200019573,12,4,14,1530,1,1,1,1.0,7,76560,M,4941282.0,120794.0,76
201200019574,12,5,22,1830,1,1,2,1.0,6,76111,M,4943887.0,126613.0,76
201200019575,12,8,25,1530,1,2,1,1.0,6,76100,M,4950280.0,130121.0,76
201200019576,12,9,9,930,1,1,1,1.0,7,76509,M,4946781.0,122981.0,76
201200019577,12,12,19,730,5,2,1,1.0,1,76146,M,4958533.0,136420.0,76
201200019578,12,4,5,715,1,1,3,1.0,3,63453,M,4579100.0,327400.0,63
201200019579,12,3,20,1500,1,1,1,1.0,6,63425,M,0.0,0.0,63
201200019580,12,5,19,2030,1,2,1,1.0,3,63282,M,0.0,0.0,63
201200019581,12,7,27,2115,2,1,1,1.0,6,63026,M,0.0,0.0,63
201200019582,12,8,1,800,1,1,1,1.0,1,63126,M,0.0,0.0,63
201200019583,12,8,8,1745,1,1,1,1.0,6,63457,M,4565510.0,324006.0,63
201200019584,12,8,22,1745,1,1,1,7.0,6,63455,M,0.0,0.0,63
201200019585,12,5,20,1530,1,1,1,2.0,6,63258,M,0.0,0.0,63
201200019586,12,9,7,1730,1,1,1,1.0,6,63207,M,0.0,0.0,63
201200019587,12,9,24,1045,1,1,1,1.0,6,63258,M,0.0,0.0,63
201200019588,12,1,19,1800,4,2,6,1.0,3,63178,M,4554389.0,325167.0,63
201200019589,12,5,26,1930,1,1,1,1.0,6,63422,M,4551100.0,315200.0,63
201200019590,12,6,11,1045,1,2,1,1.0,1,63080,M,0.0,0.0,63
201200019591,12,6,30,1530,1,1,1,1.0,7,63404,M,4559400.0,323200.0,63
201200019592,12,9,11,1045,1,2,1,1.0,2,63178,M,0.0,0.0,63
201200019593,12,9,8,1630,1,2,1,1.0,6,63178,M,4554800.0,325000.0,63
201200019594,12,11,27,830,1,1,2,1.0,3,63054,M,0.0,0.0,63
201200019595,12,5,25,2015,1,1,1,1.0,3,63352,M,4547300.0,322600.0,63
201200019596,12,7,31,745,1,2,1,7.0,6,63047,M,4559400.0,274700.0,63
201200019597,12,8,4,1245,1,1,1,1.0,6,63397,M,0.0,0.0,63
201200019598,12,1,14,930,1,1,1,1.0,1,63148,M,0.0,0.0,63
201200019599,12,2,19,500,3,2,1,1.0,7,63317,M,4595800.0,331300.0,63
201200019600,12,5,25,1645,1,1,1,1.0,6,63362,M,4592000.0,324900.0,63
201200019601,12,10,26,1715,1,1,1,2.0,3,63362,M,0.0,0.0,63
201200019602,12,11,30,1530,1,1,1,1.0,7,63089,M,0.0,0.0,63
201200019603,12,1,2,1600,1,1,1,3.0,1,63223,M,0.0,0.0,63
201200019604,12,8,11,1515,1,1,1,1.0,5,63286,M,0.0,0.0,63
201200019605,12,11,11,1000,1,1,6,1.0,6,63338,M,0.0,0.0,63
201200019606,12,5,24,1945,1,2,1,1.0,6,63430,M,4585478.0,354617.0,63
201200019607,12,6,7,1645,1,1,1,1.0,7,63066,M,0.0,0.0,63
201200019608,12,7,11,1515,1,2,3,1.0,3,63430,M,4585026.0,353914.0,63
201200019609,12,7,21,115,3,1,1,1.0,6,63276,M,0.0,0.0,63
201200019610,12,8,31,645,2,1,1,2.0,6,63430,M,0.0,0.0,63
201200019611,12,9,27,1700,1,2,1,1.0,6,63276,M,0.0,0.0,63
201200019612,12,9,27,930,1,2,1,2.0,1,63430,M,4586321.0,355747.0,63
201200019613,12,1,6,2015,3,1,1,1.0,1,63265,M,0.0,0.0,63
201200019614,12,6,26,2245,3,1,1,1.0,7,63469,M,4578700.0,360100.0,63
201200019615,12,7,17,2030,1,1,1,1.0,7,63015,M,0.0,0.0,63
201200019616,12,8,13,2030,1,1,1,1.0,7,63195,M,0.0,0.0,63
201200019617,12,1,30,2145,3,1,1,4.0,7,63301,M,0.0,0.0,63
201200019618,12,2,25,1800,2,2,1,1.0,1,63095,M,0.0,0.0,63
201200019619,12,3,24,2015,3,1,1,1.0,6,63291,M,4594500.0,349700.0,63
201200019620,12,4,2,830,1,1,1,7.0,1,63271,M,4593900.0,351600.0,63
201200019621,12,4,8,1930,1,1,2,1.0,3,63210,M,4592800.0,334000.0,63
201200019622,12,5,6,1715,1,2,1,8.0,6,63291,M,0.0,0.0,63
201200019623,12,6,22,1200,1,1,1,1.0,2,63201,M,0.0,0.0,63
201200019624,12,7,4,2345,3,1,1,2.0,7,63128,M,0.0,0.0,63
201200019625,12,7,6,915,1,1,1,1.0,5,63196,M,4596500.0,342000.0,63
201200019626,12,7,30,1900,1,1,1,1.0,7,63102,M,4595300.0,355500.0,63
201200019627,12,10,30,1700,1,2,1,1.0,1,63210,M,4591400.0,333300.0,63
201200019628,12,12,13,1545,2,1,1,1.0,1,63210,M,4592300.0,332200.0,63
201200019629,12,12,14,2200,3,1,1,2.0,6,63291,M,4597700.0,348100.0,63
201200019630,12,7,5,1800,1,2,1,2.0,3,89030,M,4766600.0,366400.0,89
201200019631,12,7,29,1400,1,1,1,1.0,7,89283,M,4767200.0,341100.0,89
201200019632,12,8,2,2045,2,1,1,1.0,3,89001,M,4766588.0,370949.0,89
201200019633,12,5,4,740,1,1,1,1.0,6,89068,M,4780948.0,383287.0,89
201200019634,12,7,10,1630,1,1,1,1.0,3,89201,M,4789985.0,365535.0,89
201200019635,12,9,9,1015,1,2,1,1.0,3,89263,M,4784549.0,356594.0,89
201200019636,12,12,15,1415,1,1,1,1.0,1,89198,M,4787100.0,358200.0,89
201200019637,12,4,6,600,3,1,1,5.0,7,89169,M,4795698.0,384499.0,89
201200019638,12,4,11,1630,1,1,1,2.0,7,89069,M,4809063.0,366364.0,89
201200019639,12,5,3,1730,1,1,1,1.0,6,89345,M,0.0,0.0,89
201200019640,12,5,13,1045,1,1,1,1.0,6,89219,M,4806531.0,381008.0,89
201200019641,12,6,20,45,5,2,1,3.0,6,89439,M,4797107.0,371260.0,89
201200019642,12,6,26,715,2,1,1,2.0,3,89439,M,4797052.0,372998.0,89
201200019643,12,10,3,1800,1,1,1,1.0,3,89061,M,4797436.0,380253.0,89
201200019644,12,11,17,1240,1,1,1,1.0,1,89436,M,4801907.0,371810.0,89
201200019645,12,12,15,1145,1,1,1,8.0,7,89062,M,4792300.0,384000.0,89
201200019646,12,12,24,830,1,1,1,2.0,1,89276,M,4805500.0,378700.0,89
201200019647,12,2,18,430,3,1,1,1.0,6,89273,M,4759659.0,318475.0,89
201200019648,12,3,6,1900,5,2,1,1.0,6,89416,M,4757586.0,332037.0,89
201200019649,12,5,9,1750,1,1,1,1.0,6,89324,M,4773678.0,289475.0,89
201200019650,12,8,15,150,3,1,1,1.0,1,89173,M,4772087.0,324981.0,89
201200019651,12,11,10,15,3,1,1,1.0,6,89324,M,4775558.0,287598.0,89
201200019652,12,1,23,1025,1,1,1,1.0,1,89378,M,4749746.0,393337.0,89
201200019653,12,3,11,1210,1,1,1,1.0,6,89071,M,4745380.0,364083.0,89
201200019654,12,6,7,830,1,1,1,1.0,3,89378,M,0.0,,89
201200019655,12,6,7,1830,1,1,1,1.0,7,89020,M,4748896.0,363614.0,89
201200019656,12,6,16,1200,1,1,1,1.0,7,89235,M,0.0,0.0,89
201200019657,12,4,13,1115,1,1,2,1.0,3,89197,M,4751892.0,410537.0,89
201200019658,12,7,26,1845,1,1,1,1.0,5,89208,M,4759767.0,386489.0,89
201200019659,12,9,20,1430,1,1,9,1.0,3,89134,M,4747324.0,403112.0,89
201200019660,12,1,11,1230,1,1,3,5.0,3,89284,M,4778663.0,410467.0,89
201200019661,12,2,17,820,1,1,1,5.0,5,89168,M,4781700.0,387600.0,89
201200019662,12,2,21,1610,1,1,1,1.0,3,89137,M,4788300.0,396500.0,89
201200019663,12,4,26,2200,3,1,1,3.0,6,89418,M,4786700.0,400300.0,89
201200019664,12,7,7,1000,1,1,1,1.0,1,89153,M,4787378.0,398978.0,89
201200019665,12,7,7,1200,1,2,1,1.0,6,89418,M,4785521.0,397389.0,89
201200019666,12,7,16,1805,1,1,1,1.0,1,89403,M,4777729.0,423698.0,89
201200019667,12,9,27,1730,1,1,1,1.0,7,89280,M,4773646.0,420093.0,89
201200019668,12,2,7,1115,1,1,1,1.0,7,89086,M,4789825.0,309099.0,89
201200019669,12,6,5,2000,1,1,1,1.0,3,89196,M,4789647.0,342771.0,89
201200019670,12,8,3,1400,1,2,1,1.0,1,89304,M,4784081.0,339125.0,89
201200019671,12,9,16,215,3,2,1,1.0,6,89192,M,4780849.0,315989.0,89
201200019672,12,9,26,1100,1,1,1,2.0,6,89192,M,4779578.0,317811.0,89
201200019673,12,9,29,330,3,1,1,1.0,7,89088,M,4785454.0,332986.0,89
201200019674,12,2,21,430,5,2,1,1.0,3,89055,M,4799269.0,361902.0,89
201200019675,12,1,20,545,5,2,1,1.0,6,89309,M,4828950.0,320301.0,89
201200019676,12,4,30,1615,1,1,1,1.0,1,89136,M,4824803.0,328490.0,89
201200019677,12,5,15,1430,1,1,1,3.0,7,89332,M,4829541.0,305054.0,89
201200019678,12,5,19,340,3,1,1,1.0,7,89309,M,4826985.0,318289.0,89
201200019679,12,12,3,1645,2,1,1,2.0,1,89309,M,0.0,0.0,89
201200019680,12,5,26,1730,1,1,1,1.0,5,89459,M,4814484.0,316847.0,89
201200019681,12,8,10,2230,3,1,1,1.0,6,89388,M,4793057.0,324379.0,89
201200019682,12,11,1,1025,1,2,1,3.0,1,89018,M,4804474.0,336657.0,89
201200019683,12,12,7,1530,1,1,1,3.0,5,89388,M,0.0,0.0,89
201200019684,12,1,21,1100,1,1,1,2.0,3,71495,M,0.0,0.0,71
201200019685,12,8,3,1915,1,2,1,1.0,1,71287,M,0.0,0.0,71
201200019686,12,10,17,2030,3,1,1,1.0,1,71264,M,0.0,0.0,71
201200019687,12,11,6,1815,3,1,1,8.0,2,71264,M,0.0,0.0,71
201200019688,12,2,17,1700,1,1,1,1.0,3,71591,M,0.0,0.0,71
201200019689,12,5,9,745,2,2,1,1.0,3,71416,M,0.0,0.0,71
201200019690,12,5,24,1430,1,1,1,1.0,3,71591,M,0.0,0.0,71
201200019691,12,7,21,1300,1,1,1,1.0,1,71135,M,0.0,0.0,71
201200019692,12,7,22,1615,1,1,1,1.0,6,71521,M,0.0,0.0,71
201200019693,12,10,11,1900,3,1,2,2.0,1,71494,M,0.0,0.0,71
201200019694,12,11,25,1800,3,1,1,2.0,6,71381,M,0.0,0.0,71
201200019695,12,1,18,715,2,1,1,1.0,6,71313,M,0.0,0.0,71
201200019696,12,2,3,1100,1,2,1,7.0,6,71190,M,4699700.0,451300.0,71
201200019697,12,7,15,145,3,1,1,1.0,7,71014,M,4694000.0,427000.0,71
201200019698,12,10,1,1145,1,2,1,1.0,1,71014,M,0.0,0.0,71
201200019699,12,10,8,1130,1,1,1,2.0,7,71162,M,4698000.0,438100.0,71
201200019700,12,10,24,1815,2,1,2,1.0,1,71144,M,4705900.0,433600.0,71
201200019701,12,12,22,1845,5,2,1,2.0,6,71014,M,4695000.0,429000.0,71
201200019702,12,9,1,2130,3,1,1,1.0,3,71317,M,4672500.0,409000.0,71
201200019703,12,9,29,500,3,1,1,1.0,6,71046,M,4674300.0,412600.0,71
201200019704,12,4,22,630,1,1,1,2.0,7,71409,M,0.0,0.0,71
201200019705,12,10,27,1815,1,1,1,6.0,7,71183,M,0.0,0.0,71
201200019706,12,11,28,1515,1,2,1,8.0,6,71442,M,0.0,0.0,71
201200019707,12,4,11,1300,1,1,1,1.0,6,71182,M,4680600.0,478400.0,71
201200019708,12,5,1,930,1,2,1,1.0,6,71231,M,4654441.0,445115.0,71
201200019709,12,7,2,1045,1,1,1,1.0,1,71565,M,4662176.0,408299.0,71
201200019710,12,6,30,2330,3,1,1,1.0,6,71200,M,4619100.0,413300.0,71
201200019711,12,4,8,1745,1,2,3,1.0,3,71380,M,0.0,0.0,71
201200019712,12,4,11,1630,1,1,1,1.0,3,71157,M,4650600.0,538400.0,71
201200019713,12,6,5,1845,1,1,1,1.0,1,71506,M,0.0,0.0,71
201200019714,12,7,26,2045,2,1,1,1.0,1,71209,M,4655400.0,532100.0,71
201200019715,12,7,30,2145,3,1,1,1.0,6,71056,M,4666000.0,520100.0,71
201200019716,12,9,29,2115,3,1,1,1.0,6,71064,M,4661800.0,522800.0,71