Num_Acc,an,mois,jour,hrmn,lum,agg,int,atm,col,com,gps,lat,long,dep
201200019717,12,10,26,1845,5,2,1,2.0,6,71263,M,0.0,0.0,71
201200019718,12,10,30,1000,1,1,1,1.0,2,71064,M,4660900.0,524000.0,71
201200019719,12,11,17,1400,1,1,1,1.0,3,71056,M,0.0,0.0,71
201200019720,12,11,26,1500,1,2,1,3.0,6,71263,M,0.0,0.0,71
201200019721,12,12,14,1900,5,1,1,3.0,6,71263,M,0.0,0.0,71
201200019722,12,11,25,2030,5,2,1,1.0,2,71295,M,0.0,0.0,71
201200019723,12,1,19,1045,1,1,1,1.0,1,64301,M,0.0,0.0,64
201200019724,12,4,21,1445,1,1,1,2.0,6,64301,M,0.0,0.0,64
201200019725,12,4,25,1900,2,1,1,1.0,7,64184,M,4341700.0,-49100.0,64
201200019726,12,5,24,1630,1,2,6,1.0,7,64410,M,0.0,0.0,64
201200019727,12,10,25,1515,1,1,1,1.0,6,64491,M,0.0,0.0,64
201200019728,12,11,21,1615,1,1,1,1.0,6,64556,M,0.0,0.0,64
201200019729,12,11,24,1500,1,1,1,1.0,1,64296,M,0.0,0.0,64
201200019730,12,12,15,900,1,2,1,1.0,6,64301,M,0.0,0.0,64
201200019731,12,12,15,915,1,1,1,7.0,6,64288,M,0.0,0.0,64
201200019732,12,5,13,1845,1,1,1,1.0,7,11251,M,0.0,0.0,11
201200019733,12,8,12,1630,1,1,1,1.0,4,11397,M,0.0,0.0,11
201200019734,12,5,11,1845,1,1,2,1.0,2,11049,M,0.0,0.0,11
201200019735,12,9,23,1700,1,1,1,6.0,5,11136,M,0.0,0.0,11
201200019736,12,6,23,1345,1,1,1,1.0,6,11102,M,0.0,0.0,11
201200019737,12,6,17,1330,1,1,1,1.0,6,11263,M,0.0,0.0,11
201200019738,12,1,20,1700,1,1,1,1.0,1,11262,M,0.0,0.0,11
201200019739,12,2,17,1145,1,1,1,1.0,2,11014,M,0.0,0.0,11
201200019740,12,3,9,1800,1,1,1,1.0,5,11217,M,0.0,0.0,11
201200019741,12,3,18,1715,3,1,1,1.0,6,11262,M,0.0,0.0,11
201200019742,12,5,12,1615,1,1,1,1.0,7,11145,M,0.0,0.0,11
201200019743,12,5,29,1,3,1,1,1.0,6,11262,M,0.0,0.0,11
201200019744,12,9,6,1715,1,1,1,1.0,3,11262,M,0.0,0.0,11
201200019745,12,9,12,1545,1,1,1,1.0,5,11170,M,0.0,0.0,11
201200019746,12,6,26,1115,1,1,1,1.0,1,11436,M,0.0,0.0,11
201200019747,12,8,30,1015,1,1,1,2.0,7,11270,M,0.0,0.0,11
201200019748,12,2,8,2010,3,1,1,6.0,6,11379,M,0.0,0.0,11
201200019749,12,4,18,1115,1,1,1,1.0,3,11379,M,0.0,0.0,11
201200019750,12,8,17,515,5,2,1,1.0,2,11266,M,0.0,0.0,11
201200019751,12,7,30,2015,1,2,1,1.0,1,71154,M,0.0,0.0,71
201200019752,12,9,5,1230,1,2,1,1.0,6,71154,M,0.0,0.0,71
201200019753,12,10,29,1600,1,2,2,1.0,3,71269,M,0.0,0.0,71
201200019754,12,11,3,1615,1,2,1,1.0,1,71520,M,0.0,0.0,71
201200019755,12,11,23,1815,5,2,1,5.0,6,71154,M,0.0,0.0,71
201200019756,12,5,23,1400,1,1,2,1.0,3,81104,M,0.0,0.0,81
201200019757,12,10,23,930,1,1,1,1.0,7,81140,M,0.0,0.0,81
201200019758,12,4,9,2100,4,1,1,1.0,1,81238,M,0.0,0.0,81
201200019759,12,5,4,1430,1,2,1,1.0,6,81120,M,0.0,0.0,81
201200019760,12,6,24,1630,1,1,1,1.0,3,81288,M,4345700.0,205100.0,81
201200019761,12,12,3,1830,3,1,1,2.0,6,81288,M,0.0,0.0,81
201200019762,12,3,9,930,1,2,6,1.0,6,69088,M,,,69
201200019763,12,10,25,745,1,2,1,1.0,5,69063,M,0.0,0.0,69
201200019764,12,12,2,430,5,2,6,1.0,7,69088,M,0.0,0.0,69
201200019765,12,12,27,2245,3,1,1,8.0,1,69033,M,0.0,0.0,69
201200019766,12,1,1,215,5,2,1,3.0,1,69018,M,4615100.0,459800.0,69
201200019767,12,1,16,745,1,2,1,5.0,2,69162,M,,,69
201200019768,12,9,8,1700,1,2,1,,7,69135,M,,,69
201200019769,12,6,2,1430,1,2,2,1.0,3,69103,M,0.0,0.0,69
201200019770,12,6,6,2015,1,1,1,1.0,7,69012,M,4619600.0,454300.0,69
201200019771,12,8,15,1100,1,1,1,1.0,6,69035,M,4626800.0,465200.0,69
201200019772,12,9,8,1100,1,1,1,1.0,7,69209,M,0.0,0.0,69
201200019773,12,9,16,330,3,1,1,1.0,6,69053,M,0.0,0.0,69
201200019774,12,9,16,1600,1,1,1,1.0,6,69002,M,0.0,0.0,69
201200019775,12,9,29,1115,1,1,1,3.0,5,69267,M,4617400.0,469000.0,69
201200019776,12,10,8,1600,1,1,1,3.0,1,69012,M,0.0,0.0,69
201200019777,12,12,15,1445,1,2,1,1.0,6,69135,M,0.0,0.0,69
201200019778,12,10,10,800,1,1,1,5.0,3,33093,M,0.0,0.0,33
201200019779,12,8,5,1345,1,1,1,3.0,6,33233,M,4516800.0,-34100.0,33
201200019780,12,10,4,1100,1,2,1,1.0,6,33233,M,4511000.0,-33800.0,33
201200019781,12,10,26,1515,1,1,1,1.0,1,33416,M,4515900.0,-54200.0,33
201200019782,12,3,13,815,1,1,1,1.0,1,33021,M,0.0,0.0,33
201200019783,12,3,19,915,1,1,1,1.0,7,33002,M,4446200.0,-4000.0,33
201200019784,12,5,12,1815,1,2,2,1.0,3,33095,M,0.0,0.0,33
201200019785,12,7,24,1015,1,2,3,1.0,3,33036,M,4443600.0,-20200.0,33
201200019786,12,2,18,545,3,1,1,1.0,6,33440,M,0.0,0.0,33
201200019787,12,4,13,1730,1,1,2,1.0,3,33323,M,0.0,0.0,33
201200019788,12,6,24,1615,1,2,1,1.0,6,33392,M,0.0,0.0,33
201200019789,12,7,8,1315,1,1,1,1.0,7,33323,M,4459100.0,-21100.0,33
201200019790,12,3,13,1630,1,2,1,1.0,3,33175,M,4474300.0,-16300.0,33
201200019791,12,3,17,1045,1,1,1,1.0,2,33087,M,4465000.0,-6200.0,33
201200019792,12,10,19,1500,1,1,1,3.0,1,33057,M,4478600.0,-18400.0,33
201200019793,12,3,23,2100,5,2,1,1.0,7,33203,M,0.0,0.0,33
201200019794,12,11,8,1600,1,1,9,1.0,6,33503,M,0.0,0.0,33
201200019795,12,11,9,1415,1,1,1,8.0,2,33333,M,0.0,0.0,33
201200019796,12,11,18,1430,1,1,1,1.0,7,33214,M,0.0,0.0,33
201200019797,12,2,13,1430,1,1,1,1.0,6,33395,M,0.0,0.0,33
201200019798,12,5,9,1815,1,1,1,1.0,3,33125,M,0.0,0.0,33
201200019799,12,7,13,1600,1,1,1,2.0,3,33423,M,4515800.0,-76600.0,33
201200019800,12,8,2,1845,1,1,1,1.0,6,33424,M,0.0,0.0,33
201200019801,12,2,14,1715,1,2,1,1.0,1,33540,M,0.0,0.0,33
201200019802,12,7,21,1845,1,1,1,7.0,3,33514,M,0.0,0.0,33
201200019803,12,7,25,1045,1,1,1,1.0,3,33540,M,4538300.0,-114900.0,33
201200019804,12,7,24,1945,1,2,1,1.0,2,33540,M,0.0,0.0,33
201200019805,12,8,11,530,5,2,1,1.0,6,33514,M,0.0,0.0,33
201200019806,12,8,23,1015,1,1,1,1.0,3,33544,M,4554500.0,-109500.0,33
201200019807,12,3,11,1115,1,1,1,1.0,3,33157,M,4481000.0,-26200.0,33
201200019808,12,4,15,1445,1,1,1,1.0,6,33028,M,4482800.0,-30400.0,33
201200019809,12,9,16,1430,1,1,1,1.0,3,33028,M,4482800.0,-29900.0,33
201200019810,12,9,15,1730,1,1,7,1.0,1,33394,M,0.0,0.0,33
201200019811,12,9,17,1900,1,2,1,1.0,6,33108,M,0.0,0.0,33
201200019812,12,9,25,1700,1,1,1,3.0,6,33394,M,0.0,0.0,33
201200019813,12,12,10,1300,1,1,1,2.0,4,33437,M,0.0,0.0,33
201200019814,12,12,29,245,5,1,1,2.0,6,33394,M,0.0,0.0,33
201200019815,12,12,23,1045,1,1,1,7.0,2,33261,M,0.0,0.0,33
201200019816,12,10,9,1400,1,2,3,1.0,6,65235,M,4319942.0,2727.0,65
201200019817,12,10,10,1800,1,1,1,1.0,7,65339,M,4311392.0,5016.0,65
201200019818,12,10,28,1545,1,1,1,1.0,1,65002,M,4311856.0,-3102.0,65
201200019819,12,10,29,145,3,1,1,1.0,6,65313,M,4316925.0,8786.0,65
201200019820,12,11,18,615,3,1,1,1.0,1,65440,M,4314514.0,-2518.0,65
201200019821,12,5,10,700,1,1,1,9.0,1,65461,M,4329936.0,34328.0,65
201200019822,12,9,16,1915,1,1,3,1.0,1,65308,M,4335954.0,28403.0,65
201200019823,12,10,6,1830,1,1,1,1.0,6,65026,M,4328646.0,54713.0,65
201200019824,12,10,6,2130,3,1,1,1.0,1,65460,M,4341774.0,5117.0,65
201200019825,12,1,1,300,3,1,1,8.0,1,65029,M,4299908.0,-11231.0,65
201200019826,12,11,21,1715,2,1,1,2.0,5,65164,M,4310072.0,2748.0,65
201200019827,12,12,6,745,2,1,1,1.0,1,65473,M,4293999.0,-5324.0,65
201200019828,12,1,7,615,2,1,1,1.0,6,65258,M,4309119.0,38724.0,65
201200019829,12,5,15,915,1,1,1,1.0,2,41135,M,4729570.0,189024.0,41
201200019830,12,7,11,1100,1,1,1,1.0,1,41044,M,4729540.0,191006.0,41
201200019831,12,8,12,615,2,1,1,1.0,7,41135,M,4729660.0,187714.0,41
201200019832,12,10,3,1700,1,1,1,1.0,6,41229,M,4730540.0,135543.0,41
201200019833,12,1,5,1830,3,1,1,3.0,1,82135,M,4388900.0,144300.0,82
201200019834,12,7,16,1000,1,1,1,1.0,1,82038,M,0.0,0.0,82
201200019835,12,2,24,1730,1,1,2,1.0,3,80774,M,0.0,0.0,80
201200019836,12,5,26,1150,1,2,2,7.0,1,80212,M,0.0,0.0,80
201200019837,12,6,2,800,1,1,1,1.0,7,80458,M,0.0,0.0,80
201200019838,12,6,5,1400,1,1,2,1.0,3,80426,M,0.0,0.0,80
201200019839,12,6,9,2330,3,1,1,1.0,6,80159,M,0.0,0.0,80
201200019840,12,7,20,2145,2,1,1,1.0,2,80036,M,0.0,0.0,80
201200019841,12,8,24,1800,1,2,1,1.0,1,80799,M,0.0,0.0,80
201200019842,12,3,27,945,1,1,2,1.0,3,80142,M,0.0,0.0,80
201200019843,12,5,6,1715,1,1,1,1.0,7,80456,M,4980300.0,178600.0,80
201200019844,12,5,16,1830,1,1,1,1.0,2,80013,M,0.0,0.0,80
201200019845,12,7,28,1200,1,2,1,1.0,6,80703,M,0.0,0.0,80
201200019846,12,8,2,1145,1,1,2,1.0,3,80543,M,0.0,0.0,80
201200019847,12,8,15,1245,1,1,1,1.0,6,80443,M,0.0,0.0,80
201200019848,12,9,3,1030,1,1,2,1.0,3,80800,M,0.0,0.0,80
201200019849,12,9,29,515,3,1,1,2.0,6,80354,M,0.0,0.0,80
201200019850,12,11,21,1945,5,2,4,8.0,3,80013,M,0.0,0.0,80
201200019851,12,12,22,45,3,2,1,1.0,7,80062,M,0.0,0.0,80
201200019852,12,12,26,1800,3,1,1,3.0,6,80591,M,0.0,0.0,80
201200019853,12,1,23,1830,5,2,3,1.0,3,80485,M,0.0,0.0,80
201200019854,12,1,28,845,1,1,1,1.0,1,80761,M,0.0,0.0,80
201200019855,12,3,10,1415,1,2,9,1.0,1,80583,M,0.0,0.0,80
201200019856,12,4,1,1945,3,2,1,1.0,6,80079,M,0.0,0.0,80
201200019857,12,4,26,1815,1,1,1,1.0,1,80630,M,0.0,0.0,80
201200019858,12,5,30,815,1,1,2,5.0,1,80211,M,0.0,0.0,80
201200019859,12,8,19,1245,1,1,1,1.0,7,80050,M,0.0,0.0,80
201200019860,12,9,29,1100,1,2,4,1.0,3,80583,M,0.0,0.0,80
201200019861,12,10,6,1130,1,1,2,2.0,1,80761,M,0.0,0.0,80
201200019862,12,10,23,830,2,2,1,5.0,2,80630,M,0.0,0.0,80
201200019863,12,10,23,1930,3,1,1,5.0,7,80761,M,0.0,0.0,80
201200019864,12,11,17,1315,1,1,2,1.0,1,80786,M,0.0,0.0,80
201200019865,12,11,30,725,4,1,2,8.0,1,80761,M,0.0,0.0,80
201200019866,12,11,30,1845,3,1,4,5.0,1,80583,M,0.0,0.0,80
201200019867,12,12,3,1930,5,2,1,9.0,6,80791,M,0.0,0.0,80
201200019868,12,2,29,830,1,1,2,1.0,3,80202,M,0.0,0.0,80
201200019869,12,3,18,130,3,1,3,2.0,3,80622,M,0.0,0.0,80
201200019870,12,4,4,930,1,2,1,1.0,3,80011,M,0.0,0.0,80
201200019871,12,7,22,1330,1,2,2,1.0,3,80011,M,0.0,0.0,80
201200019872,12,8,19,45,3,1,1,1.0,6,80622,M,0.0,0.0,80
201200019873,12,9,21,1815,1,1,1,1.0,1,80746,M,0.0,0.0,80
201200019874,12,10,6,1745,1,1,2,3.0,3,80639,M,0.0,0.0,80
201200019875,12,1,25,1215,1,1,1,2.0,6,80546,M,0.0,0.0,80
201200019876,12,2,25,1445,1,1,1,2.0,7,80574,M,0.0,0.0,80
201200019877,12,5,5,2130,1,1,1,1.0,1,80546,M,0.0,0.0,80
201200019878,12,6,20,1700,1,2,1,1.0,6,80609,M,0.0,0.0,80
201200019879,12,6,22,1845,1,2,1,1.0,1,80245,M,0.0,0.0,80
201200019880,12,7,7,2040,2,1,1,3.0,6,80716,M,0.0,0.0,80
201200019881,12,9,1,1,3,2,1,1.0,6,80076,M,0.0,0.0,80
201200019882,12,9,6,2015,2,2,1,1.0,6,80779,M,0.0,0.0,80
201200019883,12,9,7,845,1,2,1,1.0,6,80281,M,0.0,0.0,80
201200019884,12,10,1,1345,1,2,1,1.0,2,80171,M,0.0,0.0,80
201200019885,12,10,8,545,3,1,2,1.0,3,80147,M,0.0,0.0,80
201200019886,12,12,6,2000,3,1,4,2.0,6,80716,M,0.0,0.0,80
201200019887,12,12,17,1645,1,1,1,1.0,3,80779,M,0.0,0.0,80
201200019888,12,12,22,1800,3,1,1,3.0,7,80380,M,0.0,0.0,80
201200019889,12,12,24,1800,3,1,1,2.0,1,80537,M,0.0,0.0,80
201200019890,12,12,24,1630,1,1,1,1.0,6,80385,M,0.0,0.0,80
201200019891,12,12,29,2145,3,1,2,9.0,3,80215,M,0.0,0.0,80
201200019892,12,6,12,1515,1,1,2,1.0,2,80597,M,0.0,0.0,80
201200019893,12,6,16,1345,1,2,6,1.0,3,80368,M,0.0,0.0,80
201200019894,12,6,25,1200,1,1,1,1.0,3,80721,M,0.0,0.0,80
201200019895,12,6,29,1215,1,1,2,1.0,3,80308,M,0.0,0.0,80
201200019896,12,7,8,1815,1,2,1,1.0,1,80126,M,0.0,0.0,80
201200019897,12,7,22,1930,1,2,1,1.0,3,80373,M,0.0,0.0,80
201200019898,12,7,23,2330,5,2,1,1.0,6,80063,M,0.0,0.0,80
201200019899,12,8,6,1120,1,2,1,2.0,6,80373,M,0.0,0.0,80
201200019900,12,8,6,1245,1,1,1,1.0,1,80029,M,0.0,0.0,80
201200019901,12,8,12,2145,3,1,1,1.0,6,80663,M,0.0,0.0,80
201200019902,12,8,24,2200,2,2,1,2.0,6,80826,M,0.0,0.0,80
201200019903,12,8,30,1615,1,1,1,1.0,1,80126,M,0.0,0.0,80
201200019904,12,9,4,1830,1,2,1,1.0,6,80654,M,0.0,0.0,80
201200019905,12,9,8,930,1,1,1,1.0,2,80148,M,0.0,0.0,80
201200019906,12,9,21,1445,1,1,2,1.0,3,80527,M,0.0,0.0,80
201200019907,12,9,23,115,5,1,2,1.0,1,80597,M,0.0,0.0,80
201200019908,12,9,28,1030,1,1,2,1.0,3,80721,M,0.0,0.0,80
201200019909,12,9,30,315,3,1,1,1.0,7,80362,M,0.0,0.0,80
201200019910,12,10,3,400,3,1,1,1.0,6,80826,M,0.0,0.0,80
201200019911,12,10,14,1745,1,1,1,1.0,1,80721,M,0.0,0.0,80
201200019912,12,10,23,1800,2,1,2,5.0,3,80161,M,0.0,0.0,80
201200019913,12,11,11,1745,3,1,1,8.0,3,80345,M,0.0,0.0,80
201200019914,12,12,14,1515,1,1,1,6.0,1,80826,M,0.0,0.0,80
201200019915,12,12,16,1830,3,2,1,2.0,2,80182,M,0.0,0.0,80
201200019916,12,4,1,1815,1,2,1,7.0,2,80598,M,0.0,0.0,80
201200019917,12,4,14,1530,1,2,1,1.0,3,80167,M,0.0,0.0,80
201200019918,12,6,1,1745,1,1,6,1.0,6,80649,M,0.0,0.0,80
201200019919,12,6,14,1545,1,1,1,1.0,6,80600,M,0.0,0.0,80
201200019920,12,8,4,1700,1,2,1,8.0,6,80589,M,0.0,0.0,80
201200019921,12,8,12,1245,1,1,1,1.0,3,80228,M,0.0,0.0,80
201200019922,12,9,15,1815,1,1,2,1.0,3,80396,M,0.0,0.0,80
201200019923,12,9,17,1450,1,1,1,1.0,6,80688,M,0.0,0.0,80
201200019924,12,10,26,2015,3,1,6,1.0,7,80688,M,0.0,0.0,80
201200019925,12,11,10,915,1,1,1,1.0,3,80149,M,0.0,0.0,80
201200019926,12,12,7,700,2,1,1,1.0,7,80763,M,0.0,0.0,80
201200019927,12,12,31,2115,3,1,1,3.0,6,80228,M,0.0,0.0,80
201200019928,12,1,8,1745,3,1,1,1.0,1,80377,M,0.0,0.0,80
201200019929,12,1,14,2030,5,2,1,1.0,2,80205,M,0.0,0.0,80
201200019930,12,2,19,1230,1,2,1,1.0,6,80318,M,0.0,0.0,80
201200019931,12,2,22,730,2,1,1,1.0,1,80566,M,0.0,0.0,80
201200019932,12,3,1,1700,1,1,2,1.0,3,80642,M,0.0,0.0,80
201200019933,12,3,2,1730,1,2,1,1.0,6,80318,M,0.0,0.0,80
201200019934,12,3,3,2130,3,1,1,2.0,7,80318,M,0.0,0.0,80
201200019935,12,4,8,2245,3,1,1,2.0,6,80241,M,0.0,0.0,80
201200019936,12,4,29,1230,1,1,1,1.0,5,80793,M,0.0,0.0,80
201200019937,12,5,9,1615,1,1,1,1.0,7,80619,M,0.0,0.0,80
201200019938,12,6,28,415,3,1,1,1.0,6,80706,M,0.0,0.0,80
201200019939,12,7,2,1930,1,2,3,1.0,1,80711,M,0.0,0.0,80
201200019940,12,8,12,1645,1,1,1,1.0,6,80296,M,0.0,0.0,80
201200019941,12,10,24,745,4,2,1,1.0,6,80318,M,5001500.0,208601.0,80
201200019942,12,3,22,1015,1,1,1,1.0,3,80049,M,0.0,0.0,80
201200019943,12,4,26,800,1,1,1,1.0,6,80032,M,0.0,0.0,80
201200019944,12,5,6,845,1,2,1,1.0,6,80685,M,0.0,0.0,80
201200019945,12,5,28,1330,1,1,1,1.0,6,80759,M,0.0,0.0,80
201200019946,12,7,7,1130,1,2,1,1.0,1,80678,M,0.0,0.0,80
201200019947,12,7,9,1,3,2,1,1.0,6,80101,M,4963293.0,276059.0,80
201200019948,12,7,20,1700,1,1,1,1.0,1,80561,M,0.0,0.0,80
201200019949,12,8,1,1715,1,1,2,1.0,3,80230,M,0.0,0.0,80
201200019950,12,8,4,815,1,2,4,1.0,1,80561,M,0.0,0.0,80
201200019951,12,9,8,1200,1,2,1,1.0,2,80561,M,0.0,0.0,80
201200019952,12,10,3,500,5,2,1,1.0,1,80685,M,4970187.0,278328.0,80
201200019953,12,10,14,1845,2,1,1,1.0,7,80678,M,0.0,0.0,80
201200019954,12,11,22,1930,3,1,1,1.0,7,80685,M,0.0,0.0,80
201200019955,12,11,24,915,1,2,6,1.0,1,80561,M,0.0,0.0,80
201200019956,12,12,27,745,5,2,1,8.0,6,80561,M,0.0,0.0,80
201200019957,12,1,1,900,1,1,1,2.0,6,80469,M,0.0,0.0,80
201200019958,12,3,6,945,1,1,1,2.0,7,80237,M,0.0,0.0,80
201200019959,12,3,13,1745,1,1,1,1.0,7,80242,M,0.0,0.0,80
201200019960,12,3,16,1600,1,1,2,1.0,3,80545,M,0.0,0.0,80
201200019961,12,3,27,1745,1,1,1,1.0,1,80628,M,0.0,0.0,80
201200019962,12,4,1,1900,1,2,1,1.0,6,80628,M,0.0,0.0,80
201200019963,12,4,18,815,1,1,1,2.0,7,80570,M,0.0,0.0,80
201200019964,12,6,8,1845,1,1,1,1.0,6,80415,M,0.0,0.0,80
201200019965,12,6,9,2330,3,2,1,1.0,6,80315,M,4973800.0,225600.0,80
201200019966,12,6,10,1800,1,1,2,1.0,1,80452,M,0.0,0.0,80
201200019967,12,7,14,1145,1,1,1,1.0,7,80797,M,0.0,0.0,80
201200019968,12,7,24,1515,1,1,1,1.0,5,80570,M,0.0,0.0,80
201200019969,12,9,5,2200,5,2,1,1.0,7,80405,M,4980246.0,243783.0,80
201200019970,12,11,8,1430,1,2,2,1.0,1,80570,M,0.0,0.0,80
201200019971,12,11,13,1715,2,2,3,5.0,1,80237,M,0.0,0.0,80
201200019972,12,11,17,2045,3,1,1,2.0,6,80668,M,0.0,0.0,80
201200019973,12,12,11,515,3,1,2,1.0,1,80349,M,0.0,0.0,80
201200019974,12,1,20,1915,5,2,1,1.0,6,80620,M,0.0,0.0,80
201200019975,12,5,14,745,1,1,1,1.0,5,80240,M,0.0,0.0,80
201200019976,12,8,4,745,1,1,2,1.0,1,80177,M,0.0,0.0,80
201200019977,12,11,23,1700,5,2,1,2.0,6,80620,M,0.0,0.0,80
201200019978,12,4,3,1300,1,1,6,1.0,6,80288,M,0.0,0.0,80
201200019979,12,4,13,2345,3,2,1,1.0,6,80320,M,0.0,0.0,80
201200019980,12,10,31,2245,3,1,1,1.0,6,80136,M,0.0,0.0,80
201200019981,12,11,20,2215,3,2,1,1.0,6,80572,M,0.0,0.0,80
201200019982,12,12,4,1000,1,1,2,1.0,3,80195,M,0.0,0.0,80
201200019983,12,12,5,1500,1,2,2,2.0,3,80186,M,0.0,0.0,80
201200019984,12,8,1,1600,1,2,1,1.0,6,60539,M,0.0,0.0,60
201200019985,12,6,12,1945,1,1,1,1.0,7,24026,M,0.0,0.0,24
201200019986,12,9,3,800,1,1,1,1.0,6,24324,M,0.0,0.0,24
201200019987,12,1,9,1800,2,1,1,1.0,7,20319,M,0.0,0.0,202
201200019988,12,7,28,630,1,2,1,1.0,1,20286,M,0.0,0.0,202
201200019989,12,8,11,530,4,1,1,1.0,6,20319,M,0.0,0.0,202
201200019990,12,2,4,330,3,1,1,4.0,7,20239,M,0.0,0.0,202
201200019991,12,7,21,1130,3,1,1,1.0,7,20185,M,4267200.0,930300.0,202
201200019992,12,7,23,1830,1,2,1,1.0,1,20298,M,4269900.0,933300.0,202
201200019993,12,8,10,230,3,1,9,1.0,6,20185,M,4265300.0,933200.0,202
201200019994,12,10,19,1130,1,1,1,5.0,2,20029,M,4268400.0,939900.0,202
201200019995,12,10,30,1145,1,1,1,1.0,1,20185,M,4265700.0,932800.0,202
201200019996,12,12,27,1030,1,1,1,7.0,1,20185,M,4264100.0,934600.0,202
201200019997,12,9,1,1400,1,1,1,2.0,5,20150,M,0.0,0.0,202
201200019998,12,6,3,2345,5,2,1,1.0,7,20010,M,0.0,0.0,202
201200019999,12,6,25,745,1,2,1,1.0,6,20134,M,0.0,0.0,202
201200020000,12,7,2,630,1,1,1,1.0,6,20025,M,4256400.0,889800.0,202
201200020001,12,8,3,945,1,1,1,7.0,1,20084,M,4253000.0,890300.0,202
201200020002,12,10,30,600,1,1,1,1.0,7,20020,M,0.0,0.0,202
201200020003,12,12,12,245,4,2,1,1.0,6,20134,M,0.0,0.0,202
201200020004,12,12,20,2115,5,1,1,2.0,6,20251,M,4200800.0,940400.0,202
201200020005,12,1,17,1115,1,1,1,1.0,3,31150,M,4364770.0,133713.0,31
201200020006,12,1,22,1700,1,2,1,8.0,2,31032,M,4368119.0,131893.0,31
201200020007,12,5,3,815,1,1,2,1.0,5,31150,M,4364510.0,133473.0,31
201200020008,12,10,3,1815,1,1,1,1.0,3,31541,M,4367750.0,136415.0,31
201200020009,12,10,5,530,3,1,1,1.0,2,31351,M,4367000.0,129700.0,31
201200020010,12,11,23,2230,5,2,1,1.0,3,31056,M,4366429.0,137537.0,31
201200020011,12,12,4,1830,5,1,1,8.0,6,31150,M,4365120.0,131319.0,31
201200020012,12,8,23,1930,1,2,1,1.0,3,20090,M,4209340.0,870991.0,201
201200020013,12,6,13,1530,1,1,1,1.0,1,20212,M,0.0,0.0,201
201200020014,12,5,13,1245,1,1,1,1.0,4,20085,M,0.0,0.0,201
201200020015,12,5,16,1330,1,2,1,1.0,3,20130,M,0.0,0.0,201
201200020016,12,6,17,15,3,1,1,1.0,7,20085,M,4190900.0,883800.0,201
201200020017,12,7,23,2330,5,2,1,1.0,3,20008,M,4186589.0,879105.0,201
201200020018,12,9,21,2215,5,1,9,1.0,6,20228,M,0.0,0.0,201
201200020019,12,2,10,830,4,2,1,4.0,1,20288,M,4154670.0,920559.0,201
201200020020,12,7,14,630,2,1,1,1.0,1,20041,M,0.0,0.0,201
201200020021,12,7,19,1800,1,1,1,1.0,1,20041,M,4149020.0,897442.0,201
201200020022,12,7,26,830,1,1,9,1.0,1,20041,M,4141249.0,917191.0,201
201200020023,12,7,27,1045,1,1,1,1.0,4,20041,M,4141090.0,917362.0,201
201200020024,12,8,31,1645,1,1,1,1.0,3,20041,M,4147980.0,923552.0,201
201200020025,12,7,13,1900,1,2,1,1.0,3,20139,M,0.0,0.0,201
201200020026,12,7,27,1315,1,1,1,1.0,1,20269,M,4185490.0,936129.0,201
201200020027,12,8,18,1630,1,2,1,1.0,1,20092,M,4175159.0,940416.0,201
201200020028,12,12,13,130,3,1,1,1.0,7,20269,M,0.0,0.0,201
201200020029,12,9,25,1730,1,1,1,2.0,6,20142,M,4185760.0,936614.0,201
201200020030,12,8,11,1300,1,2,1,1.0,1,20071,M,4175439.0,893658.0,201
201200020031,12,6,9,1300,1,1,1,1.0,1,20130,M,4187650.0,894689.0,201
201200020032,12,7,10,1530,1,1,1,7.0,6,20130,M,4188690.0,893356.0,201
201200020033,12,2,15,1800,2,1,2,8.0,3,79066,M,0.0,0.0,79
201200020034,12,7,14,2345,3,1,2,2.0,3,79293,M,0.0,0.0,79
201200020035,12,10,5,1415,1,1,1,1.0,1,79032,M,0.0,0.0,79
201200020036,12,2,14,730,2,2,1,2.0,6,79216,M,0.0,0.0,79
201200020037,12,2,22,1715,1,1,1,1.0,1,79170,M,0.0,0.0,79
201200020038,12,3,5,1945,3,1,1,2.0,6,79130,M,0.0,0.0,79
201200020039,12,3,25,430,3,1,6,1.0,7,79034,M,0.0,0.0,79
201200020040,12,3,25,1845,1,1,1,1.0,6,79219,M,0.0,0.0,79
201200020041,12,3,26,1230,1,1,1,1.0,1,79355,M,0.0,0.0,79
201200020042,12,5,8,200,4,2,9,1.0,6,79144,M,0.0,0.0,79
201200020043,12,7,7,615,2,1,1,1.0,6,79298,M,0.0,0.0,79
201200020044,12,7,28,215,3,1,1,1.0,7,79130,M,0.0,0.0,79
201200020045,12,9,30,1500,1,1,1,1.0,6,79337,M,0.0,0.0,79
201200020046,12,10,28,1130,1,1,2,1.0,3,79058,M,0.0,0.0,79
201200020047,12,12,6,1900,3,1,1,1.0,1,79334,M,0.0,0.0,79
201200020048,12,8,18,1015,1,1,1,1.0,4,79064,M,0.0,0.0,79
201200020049,12,1,11,730,3,1,3,1.0,3,79048,M,0.0,0.0,79
201200020050,12,3,26,1015,1,1,2,1.0,3,79128,M,0.0,0.0,79
201200020051,12,3,31,1445,1,1,1,1.0,1,79201,M,0.0,0.0,79
201200020052,12,4,15,430,5,2,6,1.0,6,79270,M,0.0,0.0,79
201200020053,12,6,7,1315,1,1,1,1.0,1,79246,M,0.0,0.0,79
201200020054,12,7,26,530,3,1,1,1.0,6,79114,M,0.0,0.0,79
201200020055,12,12,31,845,1,2,1,1.0,3,79246,M,0.0,0.0,79
201200020056,12,9,17,2115,5,2,1,1.0,2,79062,M,4682400.0,-66900.0,79
201200020057,12,1,10,1815,5,1,1,1.0,6,79053,M,0.0,0.0,79
201200020058,12,4,24,915,1,1,1,1.0,2,79238,M,0.0,0.0,79
201200020059,12,6,17,445,4,2,1,1.0,6,79013,M,0.0,0.0,79
201200020060,12,5,28,730,1,1,1,1.0,6,79071,M,0.0,0.0,79
201200020061,12,6,2,1045,1,1,1,1.0,6,79225,M,0.0,0.0,79
201200020062,12,7,4,945,1,1,3,1.0,3,79347,M,0.0,0.0,79
201200020063,12,12,25,1215,1,1,2,7.0,3,79322,M,0.0,0.0,79
201200020064,12,11,29,1745,5,2,6,1.0,6,79179,M,0.0,0.0,79
201200020065,12,12,30,945,1,1,1,1.0,6,79190,M,0.0,0.0,79