Num_Acc,an,mois,jour,hrmn,lum,agg,int,atm,col,com,gps,lat,long,dep
201200020066,12,2,11,915,1,2,1,1.0,2,76482,M,4986926.0,103934.0,76
201200020067,12,2,27,1800,1,1,1,1.0,1,76051,M,4980069.0,101709.0,76
201200020068,12,4,10,1130,1,1,1,1.0,6,76697,M,4979382.0,116063.0,76
201200020069,12,5,26,1715,1,1,1,1.0,3,76205,M,4981202.0,106187.0,76
201200020070,12,8,29,1315,1,2,9,2.0,3,76720,M,4990847.0,98057.0,76
201200020071,12,9,9,1200,1,2,1,1.0,6,76112,M,4983288.0,114062.0,76
201200020072,12,10,10,745,2,1,1,8.0,5,76482,M,4986959.0,103670.0,76
201200020073,12,1,12,845,1,2,1,1.0,6,76556,M,4953299.0,47365.0,76
201200020074,12,1,20,1745,2,1,2,1.0,3,76092,M,4957218.0,54819.0,76
201200020075,12,6,29,1930,1,1,2,1.0,1,76543,M,4961099.0,49763.0,76
201200020076,12,8,18,1245,1,1,2,1.0,3,76318,M,4954900.0,59973.0,76
201200020077,12,8,27,1800,3,1,1,3.0,6,76080,M,4964589.0,65347.0,76
201200020078,12,8,30,1830,1,1,2,1.0,3,76531,M,4967106.0,71840.0,76
201200020079,12,8,26,1330,1,1,8,1.0,1,76035,M,4978571.0,175290.0,76
201200020080,12,9,18,1445,1,1,1,1.0,6,76101,M,4991651.0,165306.0,76
201200020081,12,8,2,853,1,1,2,1.0,1,76532,M,4961007.0,129570.0,76
201200020082,12,9,28,1800,1,1,1,1.0,6,76621,M,4965064.0,129564.0,76
201200020083,12,9,11,1730,1,2,1,1.0,3,76445,M,4960603.0,133052.0,76
201200020084,12,11,10,1830,3,1,1,2.0,1,76535,M,4960879.0,151420.0,76
201200020085,12,3,25,1530,1,1,1,1.0,6,76242,M,4945397.0,172388.0,76
201200020086,12,9,11,715,2,2,5,2.0,6,76312,M,4947912.0,172339.0,76
201200020087,12,11,15,645,1,1,1,1.0,6,76263,M,4947238.0,150966.0,76
201200020088,12,12,29,845,2,1,1,2.0,6,76229,M,4948170.0,164322.0,76
201200020089,12,10,24,1715,1,1,1,1.0,3,76057,M,4954449.0,96722.0,76
201200020090,12,10,26,2230,3,1,1,1.0,2,76057,M,4956063.0,93536.0,76
201200020091,12,3,16,1145,1,1,1,1.0,3,76088,M,4947128.0,88856.0,76
201200020092,12,3,25,615,2,1,1,1.0,7,76631,M,4951021.0,86723.0,76
201200020093,12,5,13,1830,1,1,2,1.0,3,76056,M,4945672.0,91152.0,76
201200020094,12,5,27,1600,1,1,1,1.0,1,76659,M,4950644.0,78429.0,76
201200020095,12,7,24,830,1,1,3,1.0,1,76636,M,4948638.0,89831.0,76
201200020096,12,4,10,700,3,1,1,3.0,1,76387,M,4971340.0,88690.0,76
201200020097,12,5,11,2300,3,1,2,1.0,1,76293,M,4976205.0,77190.0,76
201200020098,12,8,19,1200,1,1,2,1.0,3,76653,M,4977311.0,71979.0,76
201200020099,12,9,10,915,1,1,2,1.0,3,76668,M,4962945.0,90323.0,76
201200020100,12,3,31,730,2,1,1,5.0,5,76307,M,4963655.0,20707.0,76
201200020101,12,8,5,1030,1,2,1,1.0,6,76609,M,4966548.0,19733.0,76
201200020102,12,10,13,830,2,1,1,2.0,1,76595,M,4962827.0,17458.0,76
201200020103,12,6,3,1615,1,2,1,1.0,6,76663,M,4980262.0,53003.0,76
201200020104,12,2,18,1115,1,2,1,1.0,6,67066,M,4847500.0,720900.0,67
201200020105,12,2,22,930,1,1,1,1.0,1,67168,M,0.0,0.0,67
201200020106,12,2,23,1745,2,1,1,1.0,5,67325,M,0.0,0.0,67
201200020107,12,5,4,2000,2,1,1,1.0,1,67436,M,0.0,0.0,67
201200020108,12,5,18,1230,1,1,1,1.0,6,67436,M,0.0,0.0,67
201200020109,12,6,16,1300,1,1,1,1.0,1,67325,M,0.0,0.0,67
201200020110,12,7,4,2115,1,2,1,1.0,3,67414,M,0.0,0.0,67
201200020111,12,7,8,1700,1,1,1,8.0,2,67436,M,0.0,0.0,67
201200020112,12,8,13,1730,1,1,1,1.0,3,67325,M,0.0,0.0,67
201200020113,12,10,21,2000,3,1,1,1.0,6,67188,M,0.0,0.0,67
201200020114,12,12,5,1130,1,2,1,1.0,1,67414,M,0.0,0.0,67
201200020115,12,9,22,2300,3,1,1,1.0,6,67538,M,0.0,0.0,67
201200020116,12,2,24,2215,5,2,1,1.0,6,67398,M,0.0,0.0,67
201200020117,12,7,5,745,1,1,1,1.0,6,78185,M,0.0,0.0,78
201200020118,12,10,19,1115,1,1,1,1.0,3,78192,M,0.0,0.0,78
201200020119,12,12,28,1845,5,2,1,2.0,6,77099,M,0.0,0.0,77
201200020120,12,6,22,545,1,1,1,1.0,6,77239,M,4865800.0,313400.0,77
201200020121,12,3,25,1400,1,1,1,1.0,7,77227,M,4849400.0,334600.0,77
201200020122,12,5,16,1200,1,1,1,1.0,3,77467,M,0.0,0.0,77
201200020123,12,7,23,1700,1,1,1,1.0,2,77218,M,4844300.0,333700.0,77
201200020124,12,10,16,1830,1,1,1,1.0,3,77524,M,0.0,0.0,77
201200020125,12,12,22,1830,3,1,1,3.0,6,77167,M,0.0,0.0,77
201200020126,12,2,28,1415,1,1,1,1.0,1,74137,M,4600700.0,618800.0,74
201200020127,12,3,25,330,5,2,6,1.0,6,74011,M,0.0,0.0,74
201200020128,12,4,10,800,1,2,3,7.0,6,74011,M,0.0,0.0,74
201200020129,12,6,10,1445,1,2,1,1.0,3,74299,M,0.0,0.0,74
201200020130,12,7,28,2215,3,1,1,8.0,7,74120,M,0.0,0.0,74
201200020131,12,8,25,900,1,1,1,1.0,5,74137,M,4600800.0,619000.0,74
201200020132,12,9,4,745,1,1,1,1.0,1,74137,M,4600700.0,615100.0,74
201200020133,12,9,11,1930,1,2,4,1.0,3,74299,M,0.0,0.0,74
201200020134,12,9,14,2245,3,1,1,1.0,7,74282,M,0.0,0.0,74
201200020135,12,4,2,1000,1,1,2,1.0,1,74165,M,0.0,0.0,74
201200020136,12,5,29,900,1,1,1,1.0,1,74161,M,0.0,0.0,74
201200020137,12,6,29,2345,5,1,4,1.0,3,74061,M,0.0,0.0,74
201200020138,12,7,8,530,2,2,1,3.0,7,74225,M,0.0,0.0,74
201200020139,12,8,6,1430,1,1,1,8.0,6,74161,M,0.0,0.0,74
201200020140,12,8,26,1800,1,2,3,1.0,1,74165,M,0.0,0.0,74
201200020141,12,3,16,1930,3,1,1,1.0,3,74164,M,0.0,0.0,74
201200020142,12,5,12,330,3,1,1,1.0,1,74241,M,0.0,0.0,74
201200020143,12,7,13,2100,5,2,7,2.0,1,74189,M,0.0,0.0,74
201200020144,12,8,3,1915,1,2,1,1.0,6,74164,M,4609500.0,650300.0,74
201200020145,12,8,10,1915,1,2,3,1.0,1,74164,M,4607800.0,649600.0,74
201200020146,12,9,11,1130,1,2,3,1.0,3,74164,M,0.0,0.0,74
201200020147,12,10,26,1815,2,2,1,2.0,3,74278,M,0.0,0.0,74
201200020148,12,10,31,1845,5,2,1,2.0,5,74164,M,0.0,0.0,74
201200020149,12,11,14,1815,5,2,3,5.0,3,74284,M,4613800.0,643400.0,74
201200020150,12,11,24,1645,1,1,1,1.0,6,74311,M,0.0,0.0,74
201200020151,12,3,24,1600,1,1,1,1.0,3,74128,M,0.0,0.0,74
201200020152,12,4,15,630,2,1,1,2.0,3,74094,M,0.0,0.0,74
201200020153,12,4,17,1100,1,1,1,1.0,6,74128,M,0.0,0.0,74
201200020154,12,4,22,2130,3,2,1,1.0,6,74040,M,0.0,0.0,74
201200020155,12,5,17,300,3,2,1,1.0,6,74220,M,0.0,0.0,74
201200020156,12,5,17,45,3,1,1,1.0,6,74012,M,0.0,0.0,74
201200020157,12,5,26,515,2,2,1,1.0,6,74040,M,0.0,0.0,74
201200020158,12,5,27,215,3,1,1,1.0,1,74211,M,0.0,0.0,74
201200020159,12,6,25,1715,1,1,3,1.0,3,74220,M,0.0,0.0,74
201200020160,12,6,28,1830,1,2,2,1.0,1,74021,M,0.0,0.0,74
201200020161,12,7,1,40,3,1,1,1.0,6,74220,M,0.0,0.0,74
201200020162,12,6,30,1715,1,1,1,1.0,2,74229,M,0.0,0.0,74
201200020163,12,9,8,1715,1,2,4,1.0,1,74094,M,0.0,0.0,74
201200020164,12,10,4,1400,3,1,1,1.0,1,74262,M,0.0,0.0,74
201200020165,12,11,8,715,1,1,1,1.0,6,74193,M,0.0,0.0,74
201200020166,12,2,6,1600,1,1,1,1.0,1,74144,M,0.0,0.0,74
201200020167,12,5,15,1715,1,1,1,1.0,1,74309,M,4612600.0,604100.0,74
201200020168,12,5,27,1100,1,1,1,1.0,1,74009,M,4607200.0,607800.0,74
201200020169,12,6,28,2200,5,2,1,1.0,6,74096,M,4603700.0,610600.0,74
201200020170,12,7,17,1815,1,1,1,1.0,6,74009,M,4606800.0,607500.0,74
201200020171,12,5,28,1915,1,1,1,1.0,3,74269,M,0.0,0.0,74
201200020172,12,11,6,2115,3,1,1,1.0,1,74100,M,0.0,0.0,74
201200020173,12,12,22,1330,1,1,1,1.0,6,74130,M,0.0,0.0,74
201200020174,12,12,23,645,3,1,1,1.0,3,74131,M,0.0,0.0,74
201200020175,12,2,26,1800,2,1,1,1.0,1,74032,M,0.0,0.0,74
201200020176,12,10,6,1750,1,1,1,1.0,1,74226,M,0.0,0.0,74
201200020177,12,10,6,915,1,1,1,1.0,2,74037,M,0.0,0.0,74
201200020178,12,7,27,1115,1,1,1,1.0,7,74099,M,0.0,0.0,74
201200020179,12,8,3,1600,1,1,9,1.0,6,74236,M,0.0,0.0,74
201200020180,12,9,3,1245,1,2,1,1.0,6,74236,M,0.0,0.0,74
201200020181,12,1,24,800,1,2,2,1.0,6,74256,M,0.0,0.0,74
201200020182,12,2,3,1700,1,1,1,1.0,5,74103,M,,,74
201200020183,12,6,2,100,5,2,1,1.0,7,74208,M,0.0,0.0,74
201200020184,12,11,16,1530,1,2,4,1.0,1,74208,M,0.0,0.0,74
201200020185,12,11,16,1800,5,2,1,1.0,6,74256,M,0.0,0.0,74
201200020186,12,11,26,1715,5,2,1,2.0,6,74208,M,0.0,0.0,74
201200020187,12,1,19,1045,1,1,1,2.0,1,25212,M,4728400.0,599200.0,25
201200020188,12,2,27,1700,1,1,3,1.0,5,25381,M,4729000.0,598500.0,25
201200020189,12,3,19,1815,2,1,1,8.0,1,25258,M,4722800.0,592700.0,25
201200020190,12,4,17,1600,1,2,6,1.0,1,25258,M,4724600.0,593000.0,25
201200020191,12,4,22,1045,1,2,1,2.0,6,25200,M,4733200.0,601300.0,25
201200020192,12,10,17,630,2,1,1,1.0,1,25454,M,4725500.0,596800.0,25
201200020193,12,12,18,2030,5,2,1,2.0,1,25454,M,4725293.0,596808.0,25
201200020194,12,5,29,1400,1,1,1,1.0,1,56042,M,0.0,0.0,56
201200020195,12,7,23,1745,1,2,1,1.0,6,56106,M,4759334.0,-289113.0,56
201200020196,12,8,14,1415,1,1,1,1.0,5,56262,M,0.0,0.0,56
201200020197,12,8,22,1815,1,1,1,1.0,3,56157,M,0.0,0.0,56
201200020198,12,12,18,1845,3,1,1,1.0,5,56164,M,0.0,0.0,56
201200020199,12,4,14,700,1,2,1,1.0,3,56216,M,4764766.0,-223590.0,56
201200020200,12,4,7,945,1,1,1,1.0,2,56149,M,0.0,0.0,56
201200020201,12,7,24,2000,1,1,1,1.0,6,56004,M,4752363.0,-239962.0,56
201200020202,12,7,28,1015,1,1,1,1.0,3,56149,M,0.0,0.0,56
201200020203,12,8,22,1215,1,1,1,1.0,5,56002,M,4754246.0,-255681.0,56
201200020204,12,3,23,1915,1,2,1,1.0,6,56224,M,0.0,0.0,56
201200020205,12,4,24,830,1,1,1,1.0,6,56015,M,0.0,0.0,56
201200020206,12,6,3,1300,1,1,1,1.0,3,56171,M,0.0,0.0,56
201200020207,12,2,29,2030,3,1,1,1.0,6,56251,M,0.0,0.0,56
201200020208,12,7,28,1745,1,1,1,1.0,1,56248,M,0.0,0.0,56
201200020209,12,8,10,1045,1,1,1,1.0,5,56214,M,0.0,0.0,56
201200020210,12,6,16,1515,1,2,6,1.0,3,56168,M,4759915.0,-311161.0,56
201200020211,12,10,30,1530,1,1,1,1.0,3,56034,M,0.0,0.0,56
201200020212,12,7,14,2245,3,2,1,8.0,7,56031,M,0.0,0.0,56
201200020213,12,7,23,1600,1,1,1,1.0,3,56031,M,4784140.0,-299142.0,56
201200020214,12,2,29,1500,1,2,1,1.0,3,56078,M,4778759.0,-348619.0,56
201200020215,12,3,5,1415,1,1,9,9.0,5,56166,M,0.0,0.0,56
201200020216,12,6,16,215,3,1,1,8.0,7,56036,M,0.0,0.0,56
201200020217,12,7,4,2045,1,1,1,1.0,3,56185,M,4778170.0,-339980.0,56
201200020218,12,7,8,1815,1,1,1,1.0,7,56185,M,4777651.0,-339018.0,56
201200020219,12,7,11,1945,1,1,1,1.0,1,56078,M,0.0,0.0,56
201200020220,12,9,16,115,3,1,1,1.0,6,56026,M,0.0,0.0,56
201200020221,12,11,17,1930,3,1,1,8.0,7,56166,M,4792547.0,-336990.0,56
201200020222,12,11,23,1215,1,1,1,2.0,3,56036,M,0.0,0.0,56
201200020223,12,12,18,1845,3,1,1,2.0,3,56166,M,0.0,0.0,56
201200020224,12,1,9,1430,1,1,1,1.0,3,56119,M,4768913.0,-312171.0,56
201200020225,12,1,27,1715,1,1,1,1.0,3,56161,M,4764572.0,-309668.0,56
201200020226,12,7,1,1545,1,2,1,1.0,6,56054,M,4765216.0,-315220.0,56
201200020227,12,7,3,1700,1,1,1,2.0,3,56169,M,4771505.0,-324366.0,56
201200020228,12,7,20,1700,1,1,1,1.0,1,56193,M,0.0,0.0,56
201200020229,12,9,8,1500,1,1,1,1.0,2,56119,M,4770841.0,-311583.0,56
201200020230,12,9,18,830,1,1,1,1.0,6,56119,M,4772778.0,-311121.0,56
201200020231,12,10,11,1645,1,1,3,1.0,3,56169,M,4768930.0,-322254.0,56
201200020232,12,12,6,2000,3,1,1,8.0,3,56054,M,0.0,0.0,56
201200020233,12,12,17,1615,2,2,1,3.0,6,56169,M,0.0,0.0,56
201200020234,12,12,17,2030,3,1,1,1.0,6,56119,M,4770302.0,-313454.0,56
201200020235,12,1,28,1645,1,1,1,1.0,1,56032,M,0.0,0.0,56
201200020236,12,2,1,1815,2,1,1,1.0,6,56134,M,0.0,0.0,56
201200020237,12,2,10,845,1,1,1,1.0,3,56127,M,0.0,0.0,56
201200020238,12,2,29,1700,1,1,1,1.0,6,56127,M,0.0,0.0,56
201200020239,12,4,14,1515,1,2,1,1.0,6,56129,M,4814083.0,-246073.0,56
201200020240,12,9,8,1100,1,1,1,1.0,2,56244,M,0.0,0.0,56
201200020241,12,9,29,2100,2,1,1,1.0,6,56145,M,4804377.0,-233831.0,56
201200020242,12,10,22,1315,1,1,1,2.0,6,56134,M,0.0,0.0,56
201200020243,12,11,15,715,2,1,1,5.0,1,56165,M,0.0,0.0,56
201200020244,12,12,4,1045,1,2,1,1.0,6,56127,M,4808350.0,-228406.0,56
201200020245,12,2,13,1115,1,2,1,1.0,6,56124,M,0.0,0.0,56
201200020246,12,6,27,1100,1,1,1,1.0,6,56075,M,0.0,0.0,56
201200020247,12,8,15,1730,1,2,1,1.0,6,56075,M,4790344.0,-211979.0,56
201200020248,12,10,20,1800,1,1,1,2.0,4,56075,M,0.0,0.0,56
201200020249,12,11,21,1000,1,1,1,7.0,3,56200,M,0.0,0.0,56
201200020250,12,12,26,1015,1,1,1,1.0,3,56228,M,0.0,0.0,56
201200020251,12,2,4,315,3,1,1,1.0,6,56047,M,0.0,0.0,56
201200020252,12,8,10,900,1,1,3,1.0,3,56222,M,0.0,0.0,56
201200020253,12,1,30,1830,3,1,1,2.0,6,56178,M,4806903.0,-297432.0,56
201200020254,12,7,30,1830,1,2,1,1.0,3,56041,M,0.0,0.0,56
201200020255,12,8,4,1145,1,1,1,1.0,1,56245,M,0.0,0.0,56
201200020256,12,8,11,1500,1,1,1,1.0,1,56093,M,4815171.0,-293659.0,56
201200020257,12,1,14,1700,2,2,1,1.0,3,56117,M,0.0,0.0,56
201200020258,12,7,14,1845,1,1,1,1.0,7,56173,M,0.0,0.0,56
201200020259,12,7,28,1445,1,1,1,1.0,6,56140,M,0.0,0.0,56
201200020260,12,11,4,2300,3,1,1,2.0,7,56140,M,0.0,0.0,56
201200020261,12,11,30,1730,2,1,1,1.0,1,56140,M,0.0,0.0,56
201200020262,12,7,15,930,1,1,1,1.0,7,56066,M,0.0,0.0,56
201200020263,12,9,2,1030,1,2,1,1.0,6,56057,M,4803214.0,-348961.0,56
201200020264,12,9,26,315,3,1,1,3.0,6,56014,M,0.0,0.0,56
201200020265,12,10,27,15,3,1,1,1.0,6,56057,M,0.0,0.0,56
201200020266,12,1,26,745,3,2,1,1.0,1,95510,M,4905510.0,201569.0,95
201200020267,12,6,21,1830,1,1,1,2.0,4,95510,M,4905910.0,202840.0,95
201200020268,12,6,24,1615,1,1,1,3.0,5,95535,M,4906090.0,199320.0,95
201200020269,12,6,24,1545,1,1,1,3.0,3,95510,M,4905970.0,202420.0,95
201200020270,12,10,2,1915,2,1,1,2.0,3,95510,M,4905490.0,201719.0,95
201200020271,12,10,4,900,2,1,1,3.0,3,95510,M,4905810.0,203379.0,95
201200020272,12,10,10,1230,1,1,1,2.0,4,95510,M,4905670.0,200970.0,95
201200020273,12,10,16,1615,1,1,1,1.0,4,95510,M,4906050.0,201940.0,95
201200020274,12,11,9,1430,1,1,1,1.0,6,95510,M,4905810.0,200930.0,95
201200020275,12,11,26,1845,3,1,1,1.0,1,95510,M,4905860.0,201189.0,95
201200020276,12,12,23,1645,2,2,1,1.0,6,95183,M,4903290.0,200030.0,95
201200020277,12,8,19,45,3,1,1,1.0,5,95134,M,4914610.0,224980.0,95
201200020278,12,11,19,1810,3,1,1,1.0,5,95446,M,4911910.0,215870.0,95
201200020279,12,3,5,800,1,2,1,1.0,6,95527,M,4900290.0,250510.0,95
201200020280,12,4,17,830,1,1,6,1.0,3,95351,M,4902870.0,249940.0,95
201200020281,12,4,19,1315,1,2,1,1.0,6,95612,M,4900890.0,247230.0,95
201200020282,12,7,20,1815,1,1,1,1.0,2,95612,M,4900870.0,246570.0,95
201200020283,12,9,23,730,2,2,6,5.0,6,19010,M,4509220.0,193193.0,19
201200020284,12,6,16,2230,3,1,1,1.0,6,19129,M,4553140.0,153038.0,19
201200020285,12,10,6,1530,1,1,1,1.0,7,19194,M,4533780.0,168186.0,19
201200020286,12,7,2,630,2,1,1,1.0,6,19013,M,4519150.0,166155.0,19
201200020287,12,9,8,1645,1,1,1,1.0,6,19271,M,4505680.0,178923.0,19
201200020288,12,9,3,2015,2,1,1,1.0,3,19005,M,4523300.0,143733.0,19
201200020289,12,4,25,2200,3,1,3,2.0,3,19024,M,4538370.0,140040.0,19
201200020290,12,4,4,1745,1,2,1,1.0,7,19028,M,4540160.0,250023.0,19
201200020291,12,4,10,1445,1,1,1,2.0,1,19284,M,4562530.0,185220.0,19
201200020292,12,5,22,1700,1,2,7,9.0,3,19136,M,4553650.0,214603.0,19
201200020293,12,7,23,730,1,1,1,1.0,6,19160,M,4557370.0,202270.0,19
201200020294,12,8,1,1000,1,1,3,1.0,2,19052,M,4561540.0,210899.0,19
201200020295,12,10,19,1330,1,1,1,1.0,6,19136,M,4546750.0,214354.0,19
201200020296,12,2,5,2115,3,1,1,1.0,7,56094,M,0.0,0.0,56
201200020297,12,4,4,1700,1,2,1,1.0,2,56175,M,0.0,0.0,56
201200020298,12,5,1,1830,1,1,1,1.0,2,56177,M,0.0,0.0,56
201200020299,12,5,21,1315,1,1,1,1.0,3,56097,M,0.0,0.0,56
201200020300,12,6,9,1845,1,2,1,2.0,3,56177,M,4777202.0,-300495.0,56
201200020301,12,6,27,1415,1,1,1,1.0,2,56094,M,0.0,0.0,56
201200020302,12,7,17,1800,1,1,1,1.0,1,56101,M,4785008.0,-319130.0,56
201200020303,12,7,22,1900,1,1,1,1.0,7,56101,M,0.0,0.0,56
201200020304,12,7,25,945,1,1,1,7.0,2,56177,M,4778936.0,-305851.0,56
201200020305,12,7,29,1215,1,1,1,1.0,1,56177,M,0.0,0.0,56
201200020306,12,10,8,1115,1,2,1,2.0,7,56090,M,4783818.0,-326225.0,56
201200020307,12,10,13,1700,1,1,1,1.0,2,56094,M,0.0,0.0,56
201200020308,12,10,31,400,3,1,1,1.0,7,56094,M,0.0,0.0,56
201200020309,12,2,22,2145,3,1,1,8.0,4,59384,M,5013017.0,375514.0,59
201200020310,12,3,17,2015,3,1,1,9.0,3,59439,M,5017053.0,381863.0,59
201200020311,12,8,8,2345,5,2,1,1.0,6,59331,M,5011931.0,369896.0,59
201200020312,12,5,17,1730,1,2,1,1.0,2,59567,M,5012367.0,329167.0,59
201200020313,12,7,7,1545,1,1,1,1.0,5,59213,M,5015556.0,331813.0,59
201200020314,12,9,1,1700,1,2,1,1.0,7,59528,M,5020791.0,341651.0,59
201200020315,12,12,31,15,5,2,1,8.0,6,59545,M,5006415.0,353567.0,59
201200020316,12,7,12,1730,1,1,1,1.0,5,59058,M,5022198.0,394813.0,59
201200020317,12,9,27,1315,1,2,2,1.0,3,59342,M,5017434.0,405959.0,59
201200020318,12,4,14,1330,1,1,1,1.0,7,51617,M,0.0,0.0,51
201200020319,12,3,8,1845,3,1,1,1.0,6,51271,M,0.0,0.0,51
201200020320,12,1,8,745,2,1,1,1.0,6,51237,M,0.0,0.0,51
201200020321,12,7,24,1900,1,1,3,1.0,3,51625,M,0.0,0.0,51
201200020322,12,7,27,1155,1,1,1,1.0,7,51313,M,0.0,0.0,51
201200020323,12,8,3,1515,1,1,1,1.0,1,51492,M,0.0,0.0,51
201200020324,12,2,11,2330,5,1,1,1.0,6,51210,M,0.0,0.0,51
201200020325,12,4,1,1545,1,2,1,1.0,6,51605,M,0.0,0.0,51
201200020326,12,4,10,1930,1,1,1,1.0,6,51153,M,0.0,0.0,51
201200020327,12,8,3,130,5,2,2,1.0,3,51153,M,0.0,0.0,51
201200020328,12,8,18,1830,1,1,1,1.0,1,51119,M,0.0,0.0,51
201200020329,12,8,31,915,1,2,2,1.0,3,51064,M,0.0,,51
201200020330,12,9,27,1815,1,1,1,8.0,4,51210,M,0.0,0.0,51
201200020331,12,10,13,215,5,2,1,2.0,7,51002,M,0.0,0.0,51
201200020332,12,10,13,1715,1,2,2,2.0,3,51002,M,0.0,0.0,51
201200020333,12,10,23,1900,2,1,1,1.0,2,51576,M,0.0,0.0,51
201200020334,12,11,26,1215,1,1,3,1.0,4,51597,M,0.0,0.0,51
201200020335,12,9,9,1230,1,1,1,1.0,4,51631,M,0.0,0.0,51
201200020336,12,8,26,215,3,1,1,1.0,7,51046,M,0.0,0.0,51
201200020337,12,2,19,1515,1,1,1,1.0,7,51567,M,0.0,0.0,51
201200020338,12,9,5,1515,1,1,2,1.0,3,51315,M,0.0,0.0,51
201200020339,12,9,11,745,2,2,1,2.0,7,51122,M,0.0,0.0,51
201200020340,12,9,26,1600,1,1,1,2.0,6,51489,M,0.0,0.0,51
201200020341,12,5,13,1045,1,1,1,1.0,3,62693,M,0.0,0.0,62
201200020342,12,6,2,1245,1,1,1,1.0,3,62314,M,0.0,0.0,62
201200020343,12,3,30,1400,1,1,1,1.0,1,62896,M,5068700.0,175200.0,62
201200020344,12,1,15,1835,3,1,1,1.0,1,51588,M,0.0,0.0,51
201200020345,12,1,30,1900,3,1,1,1.0,7,51197,M,0.0,0.0,51
201200020346,12,2,4,45,3,1,1,1.0,6,51547,M,0.0,0.0,51
201200020347,12,4,6,1015,1,1,1,1.0,1,51027,M,0.0,0.0,51
201200020348,12,9,4,1515,1,2,1,8.0,3,51053,M,0.0,0.0,51
201200020349,12,9,11,1000,1,1,1,1.0,3,51138,M,0.0,0.0,51
201200020350,12,5,11,815,1,2,1,1.0,3,91600,M,0.0,0.0,91
201200020351,12,5,31,2215,2,1,1,1.0,6,91617,M,0.0,0.0,91
201200020352,12,12,22,1730,5,2,1,2.0,6,91573,M,0.0,0.0,91
201200020353,12,5,4,2045,2,2,1,1.0,1,91275,M,4868800.0,214700.0,91
201200020354,12,9,13,2030,3,1,1,1.0,2,95594,M,4912290.0,240170.0,95
201200020355,12,1,23,2000,3,1,1,3.0,1,89239,M,4818400.0,334800.0,89
201200020356,12,9,24,545,2,1,1,1.0,6,89240,M,4817685.0,336486.0,89
201200020357,12,10,13,2230,3,1,1,1.0,6,89261,M,4822440.0,354068.0,89
201200020358,12,8,1,1330,1,1,1,1.0,3,04126,M,0.0,0.0,04
201200020359,12,8,4,1600,1,1,1,1.0,6,04198,M,0.0,0.0,04
201200020360,12,2,12,845,3,1,1,1.0,7,57454,M,0.0,0.0,57
201200020361,12,7,24,1900,2,1,1,1.0,6,57572,M,0.0,0.0,57
201200020362,12,3,13,1200,1,1,2,1.0,4,57575,M,0.0,0.0,57
201200020363,12,6,8,1800,1,1,1,1.0,1,57607,M,0.0,0.0,57
201200020364,12,8,6,1445,1,2,1,1.0,7,57693,M,0.0,0.0,57
201200020365,12,4,17,2030,2,1,1,8.0,7,57555,M,0.0,0.0,57
201200020366,12,9,14,815,1,1,1,1.0,6,57132,M,0.0,0.0,57
201200020367,12,12,14,845,1,1,1,4.0,3,57290,M,0.0,0.0,57
201200020368,12,12,20,1145,1,1,1,2.0,3,57182,M,0.0,0.0,57
201200020369,12,10,10,1330,1,1,1,1.0,1,57297,M,0.0,0.0,57
201200020370,12,3,20,945,1,1,1,1.0,1,57682,M,0.0,0.0,57
201200020371,12,8,23,1515,1,1,1,1.0,1,57342,M,0.0,0.0,57
201200020372,12,9,8,1415,1,1,1,7.0,2,57318,M,0.0,0.0,57
201200020373,12,10,22,1730,1,1,9,1.0,1,57318,M,0.0,0.0,57
201200020374,12,12,5,1415,1,1,1,8.0,1,57509,M,0.0,0.0,57
201200020375,12,3,11,1800,1,2,3,8.0,3,57269,M,4930032.0,620541.0,57
201200020376,12,7,22,700,1,1,1,1.0,7,57602,M,0.0,0.0,57
201200020377,12,10,15,1000,1,1,1,9.0,7,57370,M,0.0,0.0,57
201200020378,12,10,20,815,3,1,1,1.0,6,57464,M,0.0,0.0,57
201200020379,12,11,30,2015,3,1,1,1.0,7,57370,M,0.0,0.0,57
201200020380,12,1,16,1045,1,1,1,1.0,3,35278,M,4818319.0,-172029.0,35
201200020381,12,1,20,800,3,1,1,1.0,1,35024,M,4819526.0,-162496.0,35
201200020382,12,1,20,1815,2,1,1,1.0,3,35173,M,4821580.0,-168352.0,35
201200020383,12,2,1,830,2,1,2,1.0,3,35173,M,4821224.0,-166236.0,35
201200020384,12,4,29,600,2,1,1,5.0,7,35154,M,4823288.0,-135588.0,35
201200020385,12,4,30,1700,1,2,7,1.0,1,35173,M,4821707.0,-169725.0,35
201200020386,12,6,22,1730,1,1,3,1.0,1,35031,M,4817463.0,-145584.0,35
201200020387,12,7,9,1800,1,1,2,1.0,3,35173,M,4819797.0,-171447.0,35
201200020388,12,11,12,1230,1,1,2,2.0,3,35001,M,4814747.0,-151674.0,35
201200020389,12,3,7,915,1,2,1,1.0,6,31588,M,4352404.0,134231.0,31
201200020390,12,6,6,1115,1,2,1,1.0,7,44071,M,0.0,0.0,44
201200020391,12,8,10,2015,1,1,1,1.0,1,44071,M,0.0,0.0,44
201200020392,12,1,3,1715,5,2,1,6.0,3,62807,M,0.0,0.0,62
201200020393,12,1,25,915,1,2,1,8.0,6,62423,M,0.0,0.0,62
201200020394,12,2,18,1745,1,1,1,7.0,3,83087,M,0.0,0.0,83
201200020395,12,3,31,1200,1,1,1,1.0,1,83140,M,0.0,0.0,83
201200020396,12,4,20,1100,1,1,1,1.0,1,83116,M,4347000.0,584300.0,83
201200020397,12,5,2,1530,1,1,1,1.0,4,83116,M,0.0,0.0,83
201200020398,12,6,2,915,1,2,1,1.0,3,83116,M,0.0,0.0,83
201200020399,12,7,15,2030,1,2,1,1.0,1,83021,M,0.0,0.0,83
201200020400,12,8,25,1615,1,1,1,2.0,3,83116,M,0.0,0.0,83