Num_Acc,an,mois,jour,hrmn,lum,agg,int,atm,col,com,gps,lat,long,dep
201200020401,12,8,31,915,1,1,1,6.0,5,83140,M,0.0,0.0,83
201200020402,12,9,9,1545,1,1,1,1.0,2,83140,M,4367500.0,555800.0,83
201200020403,12,9,13,1615,1,1,1,1.0,3,83140,M,0.0,0.0,83
201200020404,12,9,22,830,1,1,1,1.0,6,83110,M,0.0,0.0,83
201200020405,12,1,12,700,2,1,1,4.0,1,83057,M,0.0,0.0,83
201200020406,12,6,1,1030,1,1,1,1.0,4,83031,M,0.0,0.0,83
201200020407,12,7,4,1345,1,2,1,1.0,6,83031,M,0.0,0.0,83
201200020408,12,7,30,1200,1,1,1,1.0,2,83148,M,0.0,0.0,83
201200020409,12,11,14,1230,1,1,1,1.0,1,83067,M,0.0,0.0,83
201200020410,12,2,4,845,1,1,1,1.0,3,74005,M,4635700.0,646900.0,74
201200020411,12,3,24,1915,3,1,1,1.0,1,74210,M,0.0,0.0,74
201200020412,12,3,24,1830,3,1,1,1.0,3,74005,M,4633900.0,647700.0,74
201200020413,12,3,28,2145,3,1,1,1.0,6,74121,M,4635400.0,633500.0,74
201200020414,12,5,25,1945,1,1,1,1.0,7,74157,M,0.0,0.0,74
201200020415,12,6,20,1930,1,2,1,1.0,2,74263,M,4633600.0,638300.0,74
201200020416,12,7,1,2330,3,1,1,1.0,3,74229,M,4625300.0,633400.0,74
201200020417,12,7,6,915,1,1,4,1.0,3,74163,M,4635600.0,644000.0,74
201200020418,12,7,29,300,3,1,1,8.0,6,74070,M,4629000.0,626700.0,74
201200020419,12,7,30,1800,1,2,1,1.0,3,74043,M,4626200.0,634300.0,74
201200020420,12,8,7,1400,1,1,1,1.0,1,74210,M,4630300.0,643500.0,74
201200020421,12,8,8,100,3,1,1,1.0,1,74171,M,4632400.0,633700.0,74
201200020422,12,8,30,1630,1,1,2,2.0,1,74150,M,4627200.0,631600.0,74
201200020423,12,9,15,1030,1,1,4,1.0,3,74043,M,4627700.0,634600.0,74
201200020424,12,10,3,1530,1,2,1,1.0,3,74048,M,4627500.0,639000.0,74
201200020425,12,10,5,1815,1,1,1,1.0,1,74043,M,0.0,0.0,74
201200020426,12,10,5,1530,1,1,1,1.0,1,74043,M,4626700.0,636300.0,74
201200020427,12,10,23,815,1,1,2,1.0,3,74210,M,0.0,0.0,74
201200020428,12,10,30,1900,3,1,1,1.0,5,74293,M,0.0,0.0,74
201200020429,12,12,3,1645,1,2,1,4.0,1,74105,M,0.0,0.0,74
201200020430,12,12,21,1900,5,2,1,1.0,5,74263,M,0.0,0.0,74
201200020431,12,8,31,1700,1,1,3,1.0,3,35101,M,4818923.0,-136087.0,35
201200020432,12,1,25,415,3,1,1,8.0,6,24029,M,4501300.0,46300.0,24
201200020433,12,4,25,1845,1,1,1,8.0,6,24139,M,0.0,0.0,24
201200020434,12,5,11,815,1,1,1,1.0,6,24543,M,0.0,0.0,24
201200020435,12,5,29,700,1,1,1,1.0,6,24294,M,0.0,0.0,24
201200020436,12,6,2,2245,3,1,1,3.0,7,24462,M,0.0,0.0,24
201200020437,12,8,30,715,2,1,1,1.0,2,24234,M,0.0,0.0,24
201200020438,12,2,16,1600,1,2,1,1.0,6,34120,M,0.0,0.0,34
201200020439,12,4,16,815,1,1,1,1.0,6,34217,M,4370151.0,385725.0,34
201200020440,12,5,7,1030,1,1,1,1.0,3,34255,M,0.0,0.0,34
201200020441,12,7,17,1545,1,1,6,1.0,1,34217,M,0.0,0.0,34
201200020442,12,7,30,1015,1,2,1,1.0,1,34118,M,0.0,0.0,34
201200020443,12,11,7,1600,1,1,1,1.0,3,34077,M,0.0,0.0,34
201200020444,12,12,14,730,2,1,1,2.0,1,34120,M,0.0,0.0,34
201200020445,12,12,19,1800,5,2,6,1.0,6,16015,M,4564946.0,13411.0,16
201200020446,12,1,17,930,1,2,1,1.0,6,16291,M,4567988.0,22997.0,16
201200020447,12,1,4,805,2,2,6,2.0,3,16291,M,4567969.0,22923.0,16
201200020448,12,12,22,825,2,2,1,2.0,6,16113,M,4561675.0,10123.0,16
201200020449,12,1,19,1340,1,1,1,1.0,1,16015,M,4563803.0,8992.0,16
201200020450,12,2,1,1225,1,2,6,1.0,3,16341,M,4563714.0,10985.0,16
201200020451,12,3,16,2110,5,2,1,1.0,6,16291,M,4568677.0,25219.0,16
201200020452,12,2,20,830,1,2,1,1.0,6,16015,M,4565730.0,14709.0,16
201200020453,12,2,24,1240,1,2,1,1.0,6,16015,M,4565311.0,16493.0,16
201200020454,12,2,3,1540,1,2,1,1.0,6,16015,M,4565223.0,15267.0,16
201200020455,12,4,25,1015,1,2,3,8.0,3,16015,M,4565049.0,17997.0,16
201200020456,12,4,3,1540,1,2,1,1.0,3,16341,M,4563691.0,11545.0,16
201200020457,12,4,2,2015,2,2,1,1.0,6,16015,M,4565100.0,17129.0,16
201200020458,12,4,12,1205,1,2,1,1.0,6,16015,M,4564949.0,15993.0,16
201200020459,12,5,9,1215,1,2,1,1.0,6,16015,M,4565686.0,17056.0,16
201200020460,12,6,8,1045,1,2,1,1.0,3,16015,M,4564914.0,14937.0,16
201200020461,12,6,5,1620,1,2,1,1.0,3,16015,M,4564479.0,13802.0,16
201200020462,12,6,6,1550,1,2,1,8.0,6,16015,M,4564958.0,15972.0,16
201200020463,12,6,18,1830,1,2,1,1.0,7,16015,M,4565008.0,16577.0,16
201200020464,12,6,17,359,3,1,1,2.0,7,16374,M,4564452.0,22433.0,16
201200020465,12,5,28,10,5,2,1,1.0,2,16015,M,4565138.0,14546.0,16
201200020466,12,6,15,730,2,2,1,1.0,6,16374,M,4564226.0,19046.0,16
201200020467,12,6,22,745,1,2,1,1.0,6,16015,M,4564907.0,17432.0,16
201200020468,12,6,24,1000,1,2,1,1.0,3,16015,M,4565321.0,15043.0,16
201200020469,12,5,27,1030,1,2,1,1.0,2,16271,M,4561585.0,17765.0,16
201200020470,12,5,28,1540,1,1,1,1.0,2,16358,M,4567841.0,14842.0,16
201200020471,12,7,7,2350,5,2,3,1.0,3,16154,M,4567837.0,17526.0,16
201200020472,12,8,14,1115,1,1,1,1.0,6,16113,M,4560671.0,10041.0,16
201200020473,12,8,17,1840,1,1,1,1.0,3,16015,M,4565108.0,11597.0,16
201200020474,12,8,1,1335,1,2,1,1.0,2,16015,M,4565108.0,11597.0,16
201200020475,12,8,22,1125,1,1,2,1.0,3,16271,M,4561275.0,19448.0,16
201200020476,12,9,4,2355,5,2,1,1.0,6,16154,M,4567194.0,17362.0,16
201200020477,12,9,7,1215,1,2,1,1.0,3,16015,M,4564541.0,16660.0,16
201200020478,12,4,7,340,5,2,1,1.0,7,16138,M,4567189.0,11346.0,16
201200020479,12,4,27,1830,1,2,1,1.0,3,16015,M,4567451.0,14154.0,16
201200020480,12,9,13,730,2,2,1,2.0,1,16015,M,4565286.0,10773.0,16
201200020481,12,9,24,1215,1,1,1,2.0,3,16287,M,4557773.0,3612.0,16
201200020482,12,9,29,2203,5,2,1,1.0,6,16015,M,4564192.0,16828.0,16
201200020483,12,10,3,1425,1,1,1,1.0,6,16113,M,4559057.0,9368.0,16
201200020484,12,10,18,2000,5,2,1,2.0,3,16154,M,4566974.0,1727.0,16
201200020485,12,10,29,1620,1,2,1,1.0,2,16113,M,4561416.0,9996.0,16
201200020486,12,11,13,1735,2,2,1,1.0,3,16291,M,4567832.0,19600.0,16
201200020487,12,11,12,1921,5,2,1,1.0,1,16015,M,4565133.0,12276.0,16
201200020488,12,11,18,1747,2,1,1,1.0,7,16113,M,4559570.0,14050.0,16
201200020489,12,11,18,515,5,2,1,1.0,6,16015,M,4564916.0,17310.0,16
201200020490,12,11,30,1800,5,1,1,1.0,6,16015,M,4562897.0,14424.0,16
201200020491,12,11,29,925,1,1,1,1.0,6,16113,M,4561497.0,9761.0,16
201200020492,12,12,8,1355,1,2,3,1.0,3,16015,M,4565184.0,14478.0,16
201200020493,12,12,13,1810,5,2,1,2.0,6,16291,M,4567826.0,22671.0,16
201200020494,12,12,13,822,2,2,1,1.0,6,16015,M,4564786.0,16295.0,16
201200020495,12,12,14,1545,1,2,3,2.0,3,16015,M,4564982.0,16867.0,16
201200020496,12,12,7,1745,2,2,1,1.0,6,16374,M,4564094.0,19588.0,16
201200020497,12,12,23,1353,1,2,9,1.0,6,16154,M,4566678.0,17156.0,16
201200020498,12,12,21,1650,1,2,1,2.0,6,16374,M,4564509.0,18746.0,16
201200020499,12,1,6,830,1,2,1,1.0,3,16102,M,4570030.0,-32714.0,16
201200020500,12,1,29,1805,5,2,2,1.0,3,16102,M,4568876.0,-33670.0,16
201200020501,12,5,10,1325,1,1,3,1.0,2,16089,M,4566490.0,-34365.0,16
201200020502,12,5,16,1310,1,2,1,1.0,6,16102,M,4568825.0,-34586.0,16
201200020503,12,5,23,1450,1,2,3,1.0,3,16102,M,4570072.0,-32749.0,16
201200020504,12,6,8,1600,1,2,2,1.0,3,16102,M,4568999.0,-31934.0,16
201200020505,12,6,20,815,1,1,6,1.0,3,16089,M,4566829.0,-32819.0,16
201200020506,12,7,27,1650,1,2,1,1.0,7,16089,M,4569125.0,-30350.0,16
201200020507,12,8,26,1945,1,2,3,1.0,3,16102,M,4570059.0,-32683.0,16
201200020508,12,9,2,1220,1,2,1,1.0,3,16089,M,4568229.0,-29412.0,16
201200020509,12,10,17,2015,5,2,2,1.0,3,16102,M,4568996.0,-31936.0,16
201200020510,12,10,22,1515,1,2,1,1.0,7,16089,M,4568228.0,-32865.0,16
201200020511,12,11,15,1159,1,2,1,1.0,2,16102,M,4568776.0,-31225.0,16
201200020512,12,12,5,2240,5,2,1,1.0,7,16102,M,4569270.0,-32447.0,16
201200020513,12,12,17,1140,1,2,1,1.0,7,16102,M,4570432.0,-32972.0,16
201200020514,12,12,25,2245,5,2,1,3.0,7,16102,M,4568953.0,-33911.0,16
201200020515,12,12,27,1800,5,2,2,1.0,3,16102,M,4568877.0,-33670.0,16
201200020516,12,1,14,1145,1,1,3,1.0,3,77065,M,4847200.0,253900.0,77
201200020517,12,3,22,1700,1,1,3,1.0,3,77065,M,0.0,0.0,77
201200020518,12,7,5,1450,1,1,1,1.0,5,77359,M,,,77
201200020519,12,3,27,2030,5,2,1,1.0,3,69100,M,0.0,0.0,69
201200020520,12,4,17,700,1,1,6,1.0,3,69100,M,0.0,0.0,69
201200020521,12,5,6,1530,1,2,1,7.0,6,69100,M,0.0,0.0,69
201200020522,12,5,29,1230,1,1,6,1.0,7,69100,M,0.0,0.0,69
201200020523,12,6,23,1900,1,1,1,1.0,6,69260,M,0.0,0.0,69
201200020524,12,7,18,1145,1,2,1,1.0,6,69100,M,0.0,0.0,69
201200020525,12,8,27,1500,1,1,1,1.0,6,69133,M,0.0,0.0,69
201200020526,12,8,31,1615,1,1,1,1.0,7,69133,M,0.0,0.0,69
201200020527,12,9,29,2015,5,2,1,1.0,3,69133,M,0.0,0.0,69
201200020528,12,10,17,830,1,2,1,1.0,1,69100,M,0.0,0.0,69
201200020529,12,12,15,1815,2,2,1,1.0,3,69046,M,0.0,0.0,69
201200020530,12,4,15,1145,1,2,1,1.0,3,59434,M,5046386.0,348929.0,59
201200020531,12,1,10,1205,1,2,1,1.0,7,17299,M,,,17
201200020532,12,1,16,1735,1,2,2,1.0,3,17299,M,,,17
201200020533,12,1,19,1220,1,2,1,1.0,4,17449,M,,,17
201200020534,12,2,7,1000,1,2,2,4.0,3,17299,M,,,17
201200020535,12,2,17,2035,5,2,1,1.0,3,17299,M,,,17
201200020536,12,2,23,940,1,2,1,2.0,7,17299,M,,,17
201200020537,12,2,24,730,2,2,2,2.0,3,17299,M,,,17
201200020538,12,2,26,720,1,2,2,1.0,3,17299,M,,,17
201200020539,12,2,29,1715,1,2,1,1.0,1,17449,M,,,17
201200020540,12,2,29,2010,5,2,1,1.0,3,17299,M,,,17
201200020541,12,3,1,1035,1,1,1,1.0,4,17299,M,,,17
201200020542,12,3,2,2025,5,2,1,1.0,2,17299,M,,,17
201200020543,12,3,8,1920,1,2,1,1.0,7,17299,M,,,17
201200020544,12,3,29,1600,1,2,1,1.0,7,17299,M,,,17
201200020545,12,3,31,630,5,2,1,1.0,7,17299,M,,,17
201200020546,12,3,31,1840,1,1,1,1.0,7,17299,M,,,17
201200020547,12,4,18,1250,1,2,6,1.0,7,17299,M,,,17
201200020548,12,4,19,1635,1,2,1,1.0,3,17299,M,,,17
201200020549,12,5,9,1100,1,2,1,1.0,2,17299,M,,,17
201200020550,12,5,17,1550,1,2,3,1.0,3,17449,M,,,17
201200020551,12,5,21,800,1,2,1,2.0,7,17299,M,,,17
201200020552,12,5,26,1830,1,2,1,1.0,2,17299,M,,,17
201200020553,12,6,17,1820,1,2,2,1.0,3,17299,M,,,17
201200020554,12,6,21,1340,1,2,1,1.0,7,17299,M,,,17
201200020555,12,6,23,1025,1,2,1,1.0,7,17299,M,,,17
201200020556,12,6,25,1835,1,2,1,1.0,7,17299,M,,,17
201200020557,12,7,6,835,1,2,1,1.0,7,17299,M,,,17
201200020558,12,7,7,2200,5,2,2,2.0,3,17299,M,,,17
201200020559,12,7,18,1155,1,2,2,1.0,3,17299,M,,,17
201200020560,12,7,19,2030,1,1,1,1.0,7,17449,M,,,17
201200020561,12,7,21,1430,1,2,1,1.0,7,17449,M,,,17
201200020562,12,7,28,1355,1,2,6,1.0,3,17299,M,,,17
201200020563,12,7,30,425,5,2,1,1.0,7,17299,M,,,17
201200020564,12,7,31,1845,1,2,3,1.0,3,17449,M,,,17
201200020565,12,8,14,1435,1,1,1,2.0,1,17449,M,,,17
201200020566,12,8,17,1100,1,1,1,1.0,4,17299,M,,,17
201200020567,12,8,17,1730,1,1,1,1.0,3,17449,M,,,17
201200020568,12,8,18,1745,1,2,1,1.0,7,17449,M,,,17
201200020569,12,8,21,1415,1,2,6,1.0,3,17299,M,,,17
201200020570,12,8,23,1110,1,2,1,1.0,7,17449,M,,,17
201200020571,12,8,28,1305,1,2,1,1.0,7,17299,M,,,17
201200020572,12,9,2,420,5,2,1,1.0,6,17299,M,,,17
201200020573,12,9,15,1225,1,2,1,1.0,7,17299,M,,,17
201200020574,12,9,25,1640,1,2,2,2.0,3,17299,M,,,17
201200020575,12,9,27,945,1,2,2,1.0,7,17299,M,,,17
201200020576,12,10,19,1215,1,2,1,1.0,7,17449,M,,,17
201200020577,12,10,20,1610,1,2,3,1.0,3,17449,M,,,17
201200020578,12,10,25,800,2,2,2,1.0,3,17299,M,,,17
201200020579,12,10,30,2050,5,2,1,1.0,7,17449,M,,,17
201200020580,12,11,5,1825,5,1,2,2.0,3,17299,M,,,17
201200020581,12,11,9,945,1,2,1,1.0,7,17299,M,,,17
201200020582,12,11,12,1050,1,2,6,1.0,7,17299,M,,,17
201200020583,12,11,15,1530,1,1,1,1.0,3,17299,M,,,17
201200020584,12,11,19,930,1,2,1,1.0,2,17299,M,,,17
201200020585,12,11,19,1750,1,2,1,1.0,2,17299,M,,,17
201200020586,12,11,22,1015,1,2,1,1.0,7,17299,M,,,17
201200020587,12,11,23,1505,1,2,1,1.0,7,17299,M,,,17
201200020588,12,11,27,755,3,2,1,1.0,7,17449,M,,,17
201200020589,12,11,28,1030,1,1,6,1.0,7,17299,M,,,17
201200020590,12,12,7,1515,1,2,6,1.0,7,17299,M,,,17
201200020591,12,12,9,1220,1,2,2,1.0,3,17299,M,,,17
201200020592,12,12,12,1745,5,1,1,1.0,6,17299,M,,,17
201200020593,12,12,18,1110,1,1,1,1.0,7,17299,M,,,17
201200020594,12,1,2,715,5,2,9,1.0,2,17300,M,,,17
201200020595,12,1,3,1201,1,2,1,1.0,7,17300,M,,,17
201200020596,12,1,3,1744,1,2,1,1.0,6,17300,M,,,17
201200020597,12,1,9,1505,1,2,1,1.0,2,17300,M,,,17
201200020598,12,1,9,1713,2,2,1,1.0,6,17300,M,,,17
201200020599,12,1,10,2225,5,2,1,1.0,7,17300,M,,,17
201200020600,12,1,11,1353,1,2,1,1.0,3,17274,M,,,17
201200020601,12,1,11,1729,1,2,2,1.0,3,17300,M,,,17
201200020602,12,1,13,859,1,1,1,1.0,7,17300,M,,,17
201200020603,12,1,13,2155,5,2,1,1.0,3,17300,M,,,17
201200020604,12,1,21,1940,3,2,1,1.0,6,17291,M,,,17
201200020605,12,1,23,1035,1,2,1,1.0,2,17274,M,,,17
201200020606,12,1,26,829,2,2,1,1.0,3,17291,M,,,17
201200020607,12,1,27,1645,1,1,1,1.0,7,17300,M,,,17
201200020608,12,1,27,1705,1,1,1,1.0,3,17300,M,,,17
201200020609,12,1,31,1700,1,2,1,1.0,3,17300,M,,,17
201200020610,12,1,31,1852,5,1,1,1.0,4,17300,M,,,17
201200020611,12,2,1,751,1,2,1,1.0,6,17300,M,,,17
201200020612,12,2,4,615,5,2,1,1.0,7,17028,M,,,17
201200020613,12,2,5,1617,1,2,1,4.0,1,17291,M,,,17
201200020614,12,2,8,1329,1,2,1,4.0,7,17300,M,,,17
201200020615,12,2,12,340,5,2,2,1.0,3,17300,M,,,17
201200020616,12,2,16,20,5,2,1,1.0,6,17300,M,,,17
201200020617,12,2,17,1831,5,2,1,1.0,2,17300,M,,,17
201200020618,12,2,21,904,1,2,1,1.0,7,17300,M,,,17
201200020619,12,2,22,1541,1,1,1,1.0,4,17300,M,,,17
201200020620,12,2,24,1301,1,2,1,1.0,2,17291,M,,,17
201200020621,12,2,24,1330,1,2,1,1.0,6,17300,M,,,17
201200020622,12,2,24,1950,5,2,1,1.0,7,17300,M,,,17
201200020623,12,2,28,1428,1,2,1,1.0,7,17291,M,,,17
201200020624,12,3,2,915,1,2,1,1.0,7,17300,M,,,17
201200020625,12,3,6,1200,1,2,1,1.0,7,17274,M,,,17
201200020626,12,3,6,1357,1,2,3,1.0,3,17200,M,,,17
201200020627,12,3,7,205,5,2,1,1.0,6,17300,M,,,17
201200020628,12,3,9,30,3,2,1,1.0,7,17274,M,,,17
201200020629,12,3,9,1825,1,2,1,1.0,2,17300,M,,,17
201200020630,12,3,12,1411,1,2,1,1.0,6,17300,M,,,17
201200020631,12,3,13,759,1,2,1,1.0,3,17300,M,,,17
201200020632,12,3,14,1143,1,2,1,1.0,2,17300,M,,,17
201200020633,12,3,14,1420,1,2,1,1.0,1,17274,M,,,17
201200020634,12,3,15,1800,1,2,1,1.0,1,17300,M,,,17
201200020635,12,3,16,922,1,2,1,1.0,2,17274,M,,,17
201200020636,12,3,18,1100,1,1,1,1.0,6,17300,M,,,17
201200020637,12,3,18,1235,1,2,1,1.0,7,17300,M,,,17
201200020638,12,3,21,1326,1,2,1,1.0,2,17300,M,,,17
201200020639,12,3,23,1723,1,2,1,7.0,3,17300,M,,,17
201200020640,12,3,24,800,1,2,9,1.0,3,17300,M,,,17
201200020641,12,3,26,1255,1,2,1,1.0,7,17300,M,,,17
201200020642,12,3,27,2115,5,2,1,1.0,1,17300,M,,,17
201200020643,12,3,28,1143,1,2,1,1.0,6,17300,M,,,17
201200020644,12,3,28,1324,1,2,1,1.0,1,17300,M,,,17
201200020645,12,3,31,657,2,2,1,1.0,7,17300,M,,,17
201200020646,12,3,31,1034,1,2,1,1.0,7,17300,M,,,17
201200020647,12,4,1,440,3,2,2,1.0,3,17300,M,,,17
201200020648,12,4,2,847,1,2,1,1.0,1,17291,M,,,17
201200020649,12,4,3,939,1,1,1,1.0,3,17274,M,,,17
201200020650,12,4,3,2330,5,2,1,1.0,7,17300,M,,,17
201200020651,12,4,4,1632,1,1,1,1.0,2,17300,M,,,17
201200020652,12,4,4,1750,1,2,1,1.0,5,17300,M,,,17
201200020653,12,4,6,1524,1,2,3,1.0,3,17300,M,,,17
201200020654,12,4,6,1552,1,2,1,1.0,6,17291,M,,,17
201200020655,12,4,7,2053,2,2,1,1.0,6,17300,M,,,17
201200020656,12,4,9,1245,1,2,1,1.0,2,17300,M,,,17
201200020657,12,4,10,1302,1,2,1,1.0,1,17300,M,,,17
201200020658,12,4,11,1224,1,2,1,1.0,3,17300,M,,,17
201200020659,12,4,12,1204,1,2,1,1.0,4,17300,M,,,17
201200020660,12,4,13,832,1,2,1,1.0,6,17300,M,,,17
201200020661,12,4,13,934,1,1,1,1.0,4,17028,M,,,17
201200020662,12,4,17,940,1,2,1,1.0,7,17300,M,,,17
201200020663,12,4,17,2050,4,2,1,1.0,3,17300,M,,,17
201200020664,12,4,19,120,3,1,1,1.0,6,17274,M,,,17
201200020665,12,4,20,753,2,2,1,1.0,2,17300,M,,,17
201200020666,12,4,20,1158,1,2,1,1.0,3,17300,M,,,17
201200020667,12,4,21,220,3,2,1,1.0,7,17300,M,,,17
201200020668,12,4,23,710,1,1,1,1.0,6,17300,M,,,17
201200020669,12,4,24,2029,2,2,1,1.0,6,17200,M,,,17
201200020670,12,4,26,1920,1,2,1,1.0,3,17300,M,,,17
201200020671,12,4,28,1010,1,1,1,2.0,7,17300,M,,,17
201200020672,12,4,28,1110,1,2,1,1.0,1,17300,M,,,17
201200020673,12,5,3,955,1,2,1,1.0,2,17028,M,,,17
201200020674,12,5,5,609,5,2,1,1.0,6,17300,M,,,17
201200020675,12,5,5,1404,1,2,1,1.0,6,17300,M,,,17
201200020676,12,5,6,45,5,2,1,1.0,1,17300,M,,,17
201200020677,12,5,7,1809,1,2,1,1.0,6,17300,M,,,17
201200020678,12,5,9,100,5,2,2,1.0,3,17300,M,,,17
201200020679,12,5,10,1100,1,2,9,1.0,2,17200,M,,,17
201200020680,12,5,10,1305,1,1,1,1.0,2,17300,M,,,17
201200020681,12,5,10,1523,1,2,1,1.0,7,17300,M,,,17
201200020682,12,5,11,1225,1,2,1,1.0,1,17200,M,,,17
201200020683,12,5,15,1350,1,2,9,1.0,1,17274,M,,,17
201200020684,12,5,15,1815,1,2,1,1.0,4,17300,M,,,17
201200020685,12,5,16,1537,1,2,1,1.0,3,17300,M,,,17
201200020686,12,5,20,1633,1,2,1,1.0,7,17300,M,,,17
201200020687,12,5,21,1354,1,2,1,1.0,2,17300,M,,,17
201200020688,12,5,22,850,1,1,1,1.0,2,17300,M,,,17
201200020689,12,5,22,2320,3,2,1,1.0,1,17028,M,,,17
201200020690,12,5,23,730,1,2,3,1.0,3,17300,M,,,17
201200020691,12,5,23,1351,1,2,1,1.0,2,17028,M,,,17
201200020692,12,5,25,1340,1,2,1,1.0,6,17300,M,,,17
201200020693,12,5,25,1943,1,2,1,1.0,2,17300,M,,,17
201200020694,12,5,27,903,1,2,1,1.0,3,17300,M,,,17
201200020695,12,5,27,1124,1,2,1,1.0,7,17300,M,,,17
201200020696,12,5,27,1150,1,1,1,1.0,4,17300,M,,,17
201200020697,12,5,29,841,1,1,1,1.0,2,17300,M,,,17
201200020698,12,5,29,1421,1,2,1,1.0,7,17300,M,,,17
201200020699,12,5,30,2105,2,2,1,1.0,7,17300,M,,,17
201200020700,12,5,31,610,2,2,9,1.0,2,17300,M,,,17
201200020701,12,6,4,1214,1,2,1,1.0,2,17028,M,,,17
201200020702,12,6,4,1250,1,1,1,1.0,5,17200,M,,,17
201200020703,12,6,6,1609,1,2,1,1.0,7,17200,M,,,17
201200020704,12,6,7,904,1,2,1,3.0,7,17300,M,,,17
201200020705,12,6,7,1144,1,2,1,1.0,4,17300,M,,,17
201200020706,12,6,7,1647,1,1,1,1.0,4,17300,M,,,17
201200020707,12,6,7,1710,1,2,1,1.0,2,17300,M,,,17
201200020708,12,6,7,1750,1,2,1,1.0,5,17300,M,,,17
201200020709,12,6,8,1213,1,2,9,1.0,6,17300,M,,,17
201200020710,12,6,9,640,2,1,1,2.0,7,17300,M,,,17
201200020711,12,6,11,911,1,2,1,1.0,1,17300,M,,,17
201200020712,12,6,12,1351,1,2,1,1.0,7,17274,M,,,17
201200020713,12,6,12,1732,1,2,1,1.0,6,17291,M,,,17
201200020714,12,6,13,951,1,2,1,1.0,3,17300,M,,,17
201200020715,12,6,14,715,1,2,1,1.0,7,17300,M,,,17
201200020716,12,6,14,2030,2,2,1,1.0,2,17300,M,,,17
201200020717,12,6,15,1220,1,2,1,1.0,4,17300,M,,,17
201200020718,12,6,16,1708,1,2,1,1.0,2,17200,M,,,17
201200020719,12,6,18,1900,1,2,1,1.0,2,17291,M,,,17
201200020720,12,6,19,1250,1,2,1,1.0,4,17300,M,,,17
201200020721,12,6,20,830,1,2,1,1.0,7,17291,M,,,17
201200020722,12,6,20,1320,1,1,1,1.0,3,17300,M,,,17
201200020723,12,6,21,743,1,2,1,1.0,2,17200,M,,,17
201200020724,12,6,22,1556,1,2,1,1.0,2,17300,M,,,17
201200020725,12,6,24,2205,5,2,1,1.0,2,17300,M,,,17
201200020726,12,6,24,2225,5,2,1,1.0,7,17300,M,,,17
201200020727,12,6,26,1851,1,2,1,1.0,6,17300,M,,,17
201200020728,12,6,26,2250,3,2,1,1.0,2,17300,M,,,17
201200020729,12,6,28,1225,1,2,1,1.0,4,17300,M,,,17
201200020730,12,6,29,340,5,2,1,1.0,7,17300,M,,,17
201200020731,12,6,29,1418,1,2,1,1.0,7,17274,M,,,17
201200020732,12,6,29,1610,1,2,3,1.0,3,17300,M,,,17
201200020733,12,6,30,1110,1,2,1,1.0,6,17300,M,,,17
201200020734,12,7,3,1100,1,2,1,1.0,7,17300,M,,,17
201200020735,12,7,3,1927,1,2,1,1.0,3,17300,M,,,17
201200020736,12,7,4,2045,1,2,1,1.0,7,17300,M,,,17
201200020737,12,7,7,841,1,2,1,2.0,6,17300,M,,,17
201200020738,12,7,7,1040,1,2,1,1.0,4,17300,M,,,17
201200020739,12,7,10,1828,1,2,1,1.0,6,17300,M,,,17
201200020740,12,7,10,1815,1,2,1,1.0,2,17300,M,,,17
201200020741,12,7,11,1806,1,2,1,1.0,2,17300,M,,,17
201200020742,12,7,13,718,1,2,9,1.0,1,17300,M,,,17
201200020743,12,7,13,1445,1,1,1,3.0,4,17300,M,,,17
201200020744,12,7,14,1631,1,2,1,1.0,3,17300,M,,,17
201200020745,12,7,14,2307,5,2,1,1.0,7,17300,M,,,17
201200020746,12,7,15,1657,1,2,1,1.0,6,17300,M,,,17
201200020747,12,7,16,1418,1,2,1,1.0,2,17300,M,,,17
201200020748,12,7,16,1818,1,1,1,1.0,2,17300,M,,,17
201200020749,12,7,17,1439,1,2,1,1.0,3,17300,M,,,17
201200020750,12,7,18,748,1,2,1,1.0,6,17300,M,,,17
201200020751,12,7,23,718,1,2,2,1.0,3,17300,M,,,17
201200020752,12,7,24,1215,1,2,1,1.0,2,17300,M,,,17
201200020753,12,7,25,1025,1,2,1,1.0,2,17300,M,,,17
201200020754,12,7,26,1003,1,2,1,1.0,6,17291,M,,,17
201200020755,12,7,30,1715,1,2,1,1.0,1,17300,M,,,17
201200020756,12,8,1,100,5,1,1,1.0,3,17291,M,,,17
201200020757,12,8,2,950,1,2,1,1.0,6,17300,M,,,17
201200020758,12,8,5,1356,1,2,1,1.0,6,17300,M,,,17
201200020759,12,8,7,2305,3,1,1,1.0,6,17300,M,,,17
201200020760,12,8,8,1200,1,2,1,1.0,7,17274,M,,,17
201200020761,12,8,8,1739,1,2,1,1.0,7,17300,M,,,17
201200020762,12,8,9,10,5,2,1,1.0,3,17300,M,,,17
201200020763,12,8,14,1759,1,2,1,1.0,1,17300,M,,,17
201200020764,12,8,16,1616,1,2,1,1.0,6,17300,M,,,17
201200020765,12,8,17,1,5,2,1,1.0,6,17300,M,,,17
201200020766,12,8,19,1420,1,1,1,1.0,7,17300,M,,,17
201200020767,12,8,23,1411,1,2,1,1.0,1,17300,M,,,17
201200020768,12,8,20,1910,1,2,1,1.0,3,17028,M,,,17
201200020769,12,8,22,1050,1,2,1,1.0,6,17300,M,,,17
201200020770,12,8,22,1340,1,2,1,1.0,2,17028,M,,,17
201200020771,12,8,23,1411,1,2,1,1.0,1,17300,M,,,17
201200020772,12,8,23,1928,1,2,1,1.0,7,17300,M,,,17
201200020773,12,8,24,340,5,2,1,1.0,6,17300,M,,,17
201200020774,12,8,25,1234,1,1,1,1.0,6,17300,M,,,17