Num_Acc,an,mois,jour,hrmn,lum,agg,int,atm,col,com,gps,lat,long,dep
201200020775,12,8,25,1745,1,2,1,1.0,7,17300,M,,,17
201200020776,12,8,27,855,1,2,1,1.0,6,17300,M,,,17
201200020777,12,8,28,1946,2,2,2,1.0,3,17300,M,,,17
201200020778,12,9,3,1946,2,2,2,1.0,3,17300,M,,,17
201200020779,12,9,5,50,5,2,1,1.0,6,17300,M,,,17
201200020780,12,9,5,1131,1,2,1,1.0,6,17028,M,,,17
201200020781,12,9,6,1725,1,2,1,1.0,6,17300,M,,,17
201200020782,12,9,6,1730,1,2,1,1.0,2,17028,M,,,17
201200020783,12,9,7,740,2,2,1,1.0,3,17300,M,,,17
201200020784,12,9,7,1307,1,2,1,1.0,6,17300,M,,,17
201200020785,12,9,7,1715,1,2,1,1.0,4,17300,M,,,17
201200020786,12,9,8,2018,2,2,1,1.0,3,17300,M,,,17
201200020787,12,9,10,1723,1,2,1,1.0,2,17300,M,,,17
201200020788,12,9,11,1705,1,2,1,1.0,1,17300,M,,,17
201200020789,12,9,12,1105,1,2,1,1.0,6,17200,M,,,17
201200020790,12,9,12,1640,1,2,1,1.0,7,17028,M,,,17
201200020791,12,9,12,1850,1,1,1,1.0,7,17200,M,,,17
201200020792,12,9,12,2055,2,2,1,1.0,7,17300,M,,,17
201200020793,12,9,15,1855,2,2,1,1.0,3,17300,M,,,17
201200020794,12,9,17,1844,1,2,1,1.0,6,17300,M,,,17
201200020795,12,9,18,755,2,2,1,1.0,7,17300,M,,,17
201200020796,12,9,18,1740,1,2,1,1.0,3,17300,M,,,17
201200020797,12,9,19,908,1,2,1,1.0,2,17300,M,,,17
201200020798,12,9,20,905,1,2,1,1.0,2,17300,M,,,17
201200020799,12,9,20,1630,1,2,1,1.0,6,17300,M,,,17
201200020800,12,9,21,1445,1,2,1,1.0,6,17300,M,,,17
201200020801,12,9,23,541,5,2,1,1.0,7,17200,M,,,17
201200020802,12,9,24,1700,1,2,3,1.0,3,17291,M,,,17
201200020803,12,9,24,1800,1,2,1,1.0,7,17300,M,,,17
201200020804,12,9,25,1010,1,2,1,1.0,6,17300,M,,,17
201200020805,12,9,25,1815,1,2,1,2.0,7,17300,M,,,17
201200020806,12,9,25,1856,1,2,1,1.0,7,17300,M,,,17
201200020807,12,9,26,1146,1,2,3,2.0,3,17300,M,,,17
201200020808,12,10,1,1504,1,2,1,1.0,3,17300,M,,,17
201200020809,12,10,1,1614,1,2,9,1.0,6,17300,M,,,17
201200020810,12,10,4,847,1,2,1,2.0,7,17300,M,,,17
201200020811,12,10,4,1350,1,2,1,1.0,4,17300,M,,,17
201200020812,12,10,5,845,1,2,1,1.0,6,17300,M,,,17
201200020813,12,10,5,1305,1,2,1,1.0,7,17300,M,,,17
201200020814,12,10,6,540,3,2,9,1.0,6,17300,M,,,17
201200020815,12,10,8,1050,1,2,1,1.0,7,17274,M,,,17
201200020816,12,10,8,1255,1,1,1,1.0,1,17300,M,,,17
201200020817,12,10,9,858,1,2,3,1.0,3,17300,M,,,17
201200020818,12,10,12,1140,1,2,1,1.0,6,17300,M,,,17
201200020819,12,10,12,1417,1,2,9,1.0,6,17300,M,,,17
201200020820,12,10,12,1755,2,2,3,1.0,3,17300,M,,,17
201200020821,12,10,15,1025,1,2,1,2.0,2,17300,M,,,17
201200020822,12,10,13,1229,1,2,1,1.0,1,17300,M,,,17
201200020823,12,10,15,1815,1,1,1,1.0,2,17300,M,,,17
201200020824,12,10,16,2050,3,2,1,1.0,6,17291,M,,,17
201200020825,12,10,17,1712,2,2,1,1.0,2,17028,M,,,17
201200020826,12,10,19,1225,1,2,1,3.0,3,17200,M,,,17
201200020827,12,10,21,1518,1,2,1,1.0,3,17300,M,,,17
201200020828,12,10,23,1912,2,2,1,1.0,6,17300,M,,,17
201200020829,12,10,23,2225,5,2,1,1.0,6,17300,M,,,17
201200020830,12,10,24,805,1,2,1,1.0,2,17200,M,,,17
201200020831,12,10,24,1915,2,2,1,1.0,6,17300,M,,,17
201200020832,12,10,25,800,1,2,1,1.0,1,17300,M,,,17
201200020833,12,10,26,740,2,2,1,1.0,6,17200,M,,,17
201200020834,12,10,27,1240,1,2,1,1.0,7,17274,M,,,17
201200020835,12,10,27,2140,5,2,1,1.0,6,17200,M,,,17
201200020836,12,10,30,1533,1,2,3,1.0,3,17300,M,,,17
201200020837,12,10,30,1545,1,2,1,1.0,6,17300,M,,,17
201200020838,12,10,31,1105,1,2,1,1.0,1,17300,M,,,17
201200020839,12,10,31,1819,5,2,1,1.0,6,17300,M,,,17
201200020840,12,11,2,1548,1,2,1,2.0,7,17300,M,,,17
201200020841,12,11,7,255,5,1,1,1.0,7,17300,M,,,17
201200020842,12,11,7,1155,1,2,1,1.0,6,17300,M,,,17
201200020843,12,11,7,1825,2,2,1,1.0,7,17028,M,,,17
201200020844,12,11,9,2330,5,2,1,1.0,6,17300,M,,,17
201200020845,12,11,10,725,2,2,1,1.0,6,17300,M,,,17
201200020846,12,11,13,1845,5,2,1,1.0,3,17300,M,,,17
201200020847,12,11,14,1005,1,2,1,1.0,6,17300,M,,,17
201200020848,12,11,17,1808,2,2,1,1.0,1,17300,M,,,17
201200020849,12,11,18,2240,5,2,1,1.0,6,17300,M,,,17
201200020850,12,11,19,1858,5,2,1,1.0,6,17300,M,,,17
201200020851,12,11,19,2012,5,2,3,1.0,3,17300,M,,,17
201200020852,12,11,20,1830,1,2,1,1.0,2,17300,M,,,17
201200020853,12,11,20,1955,5,1,1,1.0,7,17028,M,,,17
201200020854,12,11,21,1410,1,1,1,1.0,4,17300,M,,,17
201200020855,12,11,22,1835,2,2,1,1.0,2,17300,M,,,17
201200020856,12,11,23,1150,1,2,1,1.0,2,17300,M,,,17
201200020857,12,11,26,1718,2,1,1,1.0,1,17291,M,,,17
201200020858,12,11,26,1735,1,2,1,1.0,2,17300,M,,,17
201200020859,12,11,27,720,3,2,1,1.0,6,17200,M,,,17
201200020860,12,11,28,1255,1,2,1,1.0,7,17300,M,,,17
201200020861,12,11,29,944,1,2,3,1.0,3,17028,M,,,17
201200020862,12,11,29,1430,1,2,1,1.0,3,17300,M,,,17
201200020863,12,12,1,2037,5,2,1,2.0,6,17300,M,,,17
201200020864,12,12,3,1700,2,2,1,1.0,2,17300,M,,,17
201200020865,12,12,4,1913,5,2,1,1.0,7,17300,M,,,17
201200020866,12,12,5,2130,5,2,1,1.0,2,17300,M,,,17
201200020867,12,12,5,2205,1,1,1,1.0,6,17300,M,,,17
201200020868,12,12,6,750,5,2,1,1.0,6,17200,M,,,17
201200020869,12,12,6,1000,2,2,1,1.0,6,17300,M,,,17
201200020870,12,12,7,1548,1,2,1,1.0,7,17300,M,,,17
201200020871,12,12,7,2225,5,2,1,1.0,3,17300,M,,,17
201200020872,12,12,8,1435,1,2,1,1.0,3,17300,M,,,17
201200020873,12,12,8,1757,5,2,1,1.0,6,17300,M,,,17
201200020874,12,12,12,1215,1,1,1,1.0,7,17300,M,,,17
201200020875,12,12,13,2100,5,2,1,1.0,1,17300,M,,,17
201200020876,12,12,20,1115,1,1,1,1.0,2,17300,M,,,17
201200020877,12,12,20,1229,1,2,1,1.0,2,17300,M,,,17
201200020878,12,12,20,1244,1,2,1,1.0,2,17300,M,,,17
201200020879,12,12,21,355,1,1,1,1.0,7,17300,M,,,17
201200020880,12,12,24,2040,5,2,1,1.0,7,17300,M,,,17
201200020881,12,12,28,742,2,2,1,2.0,7,17300,M,,,17
201200020882,12,1,13,1300,1,2,1,1.0,6,17306,M,,,17
201200020883,12,1,16,1735,2,2,1,1.0,6,17306,M,,,17
201200020884,12,1,23,1330,1,1,3,1.0,3,17306,M,,,17
201200020885,12,1,28,751,2,2,1,2.0,2,17306,M,,,17
201200020886,12,2,4,1945,5,2,1,1.0,5,17380,M,,,17
201200020887,12,2,23,925,1,2,1,1.0,4,17306,M,,,17
201200020888,12,2,24,2150,3,1,1,1.0,6,17380,M,,,17
201200020889,12,2,28,1657,1,2,1,1.0,3,17306,M,,,17
201200020890,12,3,2,1451,1,2,1,1.0,4,17306,M,,,17
201200020891,12,3,8,1930,5,2,1,1.0,2,17306,M,,,17
201200020892,12,3,19,1505,1,2,1,1.0,7,17306,M,,,17
201200020893,12,3,21,1728,1,2,1,1.0,7,17306,M,,,17
201200020894,12,3,25,1833,2,1,1,1.0,6,17306,M,,,17
201200020895,12,3,27,855,2,2,1,1.0,2,17306,M,,,17
201200020896,12,3,29,2305,5,1,1,1.0,6,17306,M,,,17
201200020897,12,3,31,1150,1,2,1,1.0,2,17306,M,,,17
201200020898,12,3,31,1218,1,2,1,1.0,6,17306,M,,,17
201200020899,12,4,1,1040,1,2,1,1.0,6,17306,M,,,17
201200020900,12,4,10,1530,1,2,1,1.0,1,17461,M,,,17
201200020901,12,4,11,1115,1,2,1,1.0,6,17306,M,,,17
201200020902,12,4,28,930,1,2,1,1.0,6,17306,M,,,17
201200020903,12,4,28,1730,1,2,1,1.0,6,17306,M,,,17
201200020904,12,4,15,230,5,2,1,1.0,7,17306,M,,,17
201200020905,12,5,5,413,3,2,1,1.0,7,17380,M,,,17
201200020906,12,5,10,1919,2,2,1,1.0,1,17306,M,,,17
201200020907,12,5,13,1818,1,1,1,1.0,3,17380,M,,,17
201200020908,12,5,17,1455,1,2,1,1.0,6,17306,M,,,17
201200020909,12,5,18,1020,1,2,1,1.0,6,17306,M,,,17
201200020910,12,5,18,1810,1,2,1,1.0,3,17306,M,,,17
201200020911,12,5,20,1245,1,2,1,1.0,6,17306,M,,,17
201200020912,12,5,21,940,1,2,1,1.0,6,17333,M,,,17
201200020913,12,5,23,1845,1,2,1,1.0,7,17306,M,,,17
201200020914,12,5,31,1730,1,1,1,1.0,6,17380,M,,,17
201200020915,12,6,2,2335,5,2,1,1.0,6,17306,M,,,17
201200020916,12,6,12,1835,1,2,1,1.0,3,17333,M,,,17
201200020917,12,6,17,1300,1,2,1,1.0,3,17333,M,,,17
201200020918,12,6,22,1555,1,1,1,1.0,3,17333,M,,,17
201200020919,12,6,24,1140,1,2,1,1.0,4,17306,M,,,17
201200020920,12,6,24,2040,1,2,1,1.0,7,17306,M,,,17
201200020921,12,6,26,2205,3,1,1,1.0,7,17333,M,,,17
201200020922,12,7,3,1313,1,2,1,1.0,7,17306,M,,,17
201200020923,12,7,8,1055,1,2,1,1.0,6,17306,M,,,17
201200020924,12,7,8,2245,5,2,1,1.0,6,17461,M,,,17
201200020925,12,7,13,1848,1,1,1,1.0,6,17306,M,,,17
201200020926,12,7,14,1515,1,2,3,1.0,3,17306,M,,,17
201200020927,12,7,15,2050,2,2,1,1.0,6,17333,M,,,17
201200020928,12,7,17,1845,1,1,1,1.0,7,17380,M,,,17
201200020929,12,7,18,1700,1,2,1,1.0,4,17306,M,,,17
201200020930,12,7,18,1150,1,2,1,1.0,6,17306,M,,,17
201200020931,12,7,20,1840,2,2,1,1.0,2,17306,M,,,17
201200020932,12,7,21,1445,1,2,3,1.0,3,17306,M,,,17
201200020933,12,7,21,1650,1,2,1,1.0,6,17306,M,,,17
201200020934,12,7,21,1135,1,2,1,1.0,6,17380,M,,,17
201200020935,12,7,23,1500,1,2,1,1.0,6,17306,M,,,17
201200020936,12,7,24,2225,5,2,1,1.0,6,17306,M,,,17
201200020937,12,7,25,1000,1,2,1,1.0,6,17306,M,,,17
201200020938,12,7,25,1230,1,2,1,1.0,6,17306,M,,,17
201200020939,12,7,21,1045,1,2,1,1.0,7,17333,M,,,17
201200020940,12,7,26,1005,1,2,1,1.0,6,17306,M,,,17
201200020941,12,7,28,1350,1,2,1,1.0,6,17306,M,,,17
201200020942,12,7,30,1830,1,2,3,1.0,3,17306,M,,,17
201200020943,12,8,1,1730,1,2,3,1.0,3,17306,M,,,17
201200020944,12,8,11,925,1,2,1,1.0,6,17306,M,,,17
201200020945,12,8,11,1325,1,2,3,1.0,3,17306,M,,,17
201200020946,12,8,12,1404,1,2,1,1.0,6,17306,M,,,17
201200020947,12,8,15,115,5,2,1,2.0,6,17306,M,,,17
201200020948,12,8,15,1825,2,2,1,1.0,7,17333,M,,,17
201200020949,12,8,15,2025,2,2,3,1.0,3,17461,M,,,17
201200020950,12,8,16,1700,1,2,3,1.0,3,17306,M,,,17
201200020951,12,8,17,843,2,2,3,1.0,3,17380,M,,,17
201200020952,12,8,18,1413,1,2,1,1.0,6,17306,M,,,17
201200020953,12,8,19,2310,3,2,1,1.0,6,17306,M,,,17
201200020954,12,8,20,957,1,2,1,1.0,6,17306,M,,,17
201200020955,12,8,20,1914,1,2,1,1.0,6,17306,M,,,17
201200020956,12,8,22,1332,1,2,3,1.0,6,17333,M,,,17
201200020957,12,8,22,1520,1,2,1,1.0,2,17306,M,,,17
201200020958,12,8,23,1744,1,2,1,1.0,6,17461,M,,,17
201200020959,12,8,24,440,5,2,1,1.0,6,17306,M,,,17
201200020960,12,8,29,2300,5,2,3,1.0,3,17333,M,,,17
201200020961,12,9,5,1656,1,2,1,1.0,6,17461,M,,,17
201200020962,12,9,7,1440,1,2,1,1.0,2,17380,M,,,17
201200020963,12,9,9,1910,1,2,1,1.0,6,17380,M,,,17
201200020964,12,9,11,1135,1,2,1,1.0,6,17333,M,,,17
201200020965,12,9,13,1530,1,2,1,1.0,6,17333,M,,,17
201200020966,12,9,17,1422,1,2,3,1.0,3,17306,M,,,17
201200020967,12,9,19,1704,1,2,1,1.0,2,17380,M,,,17
201200020968,12,9,19,1954,2,2,1,1.0,2,17461,M,,,17
201200020969,12,10,5,2140,2,2,3,1.0,3,17306,M,,,17
201200020970,12,10,9,820,1,2,1,1.0,4,17306,M,,,17
201200020971,12,10,12,1755,1,2,1,1.0,6,17380,M,,,17
201200020972,12,10,19,814,1,2,1,3.0,6,17306,M,,,17
201200020973,12,10,20,945,1,2,3,1.0,3,17380,M,,,17
201200020974,12,10,22,1630,1,2,1,1.0,6,17306,M,,,17
201200020975,12,11,17,1214,1,2,9,1.0,6,17306,M,,,17
201200020976,12,11,18,1234,1,2,6,1.0,7,17333,M,,,17
201200020977,12,11,23,1800,3,2,1,1.0,3,17461,M,,,17
201200020978,12,12,2,1,5,2,6,1.0,6,17380,M,,,17
201200020979,12,12,3,1025,1,2,2,2.0,3,17306,M,,,17
201200020980,12,12,13,1645,1,2,1,1.0,1,17461,M,,,17
201200020981,12,12,18,810,5,2,1,1.0,7,17306,M,,,17
201200020982,12,12,31,930,1,2,1,1.0,7,17306,M,,,17
201200020983,12,6,3,930,1,2,1,1.0,1,17380,M,,,17
201200020984,12,1,17,1400,1,1,1,1.0,3,27289,M,4896300.0,43171.0,27
201200020985,12,6,2,900,1,1,1,1.0,6,27130,M,4906280.0,46722.0,27
201200020986,12,6,12,1400,1,1,1,8.0,2,27125,M,4919080.0,76856.0,27
201200020987,12,7,22,1230,1,1,1,1.0,6,27148,M,4894980.0,42112.0,27
201200020988,12,4,22,1415,1,1,1,6.0,7,61301,M,0.0,0.0,61
201200020989,12,8,14,945,1,1,1,1.0,7,61393,M,0.0,0.0,61
201200020990,12,10,12,2145,3,1,1,2.0,6,61349,M,0.0,0.0,61
201200020991,12,1,4,1215,1,2,1,1.0,6,17415,M,,,17
201200020992,12,1,9,1655,1,2,1,1.0,6,17415,M,,,17
201200020993,12,1,23,755,2,2,1,1.0,6,17415,M,,,17
201200020994,12,1,29,500,2,2,1,1.0,6,17415,M,,,17
201200020995,12,2,4,1620,1,2,1,1.0,6,17415,M,,,17
201200020996,12,2,8,1200,1,1,1,9.0,6,17415,M,,,17
201200020997,12,2,8,1745,5,1,1,1.0,6,17415,M,,,17
201200020998,12,2,10,1100,1,2,1,1.0,6,17415,M,,,17
201200020999,12,2,10,1345,1,2,1,1.0,6,17415,M,,,17
201200021000,12,2,11,1955,5,1,1,1.0,6,17415,M,,,17
201200021001,12,2,17,730,2,2,1,1.0,6,17415,M,,,17
201200021002,12,2,17,1545,1,2,1,1.0,6,17415,M,,,17
201200021003,12,2,18,530,3,1,1,1.0,6,17415,M,,,17
201200021004,12,2,25,1150,1,2,1,1.0,7,17415,M,,,17
201200021005,12,2,22,1515,1,2,1,1.0,6,17415,M,,,17
201200021006,12,2,25,1150,1,2,1,1.0,6,17415,M,,,17
201200021007,12,2,28,1800,1,2,1,1.0,6,17415,M,,,17
201200021008,12,2,29,1720,2,2,1,1.0,6,17415,M,,,17
201200021009,12,3,4,15,5,2,1,1.0,6,17415,M,,,17
201200021010,12,3,4,1850,2,2,1,1.0,6,17415,M,,,17
201200021011,12,3,18,1815,2,1,1,1.0,6,17415,M,,,17
201200021012,12,3,20,1450,1,1,1,1.0,7,17415,M,,,17
201200021013,12,3,28,1020,1,2,1,1.0,2,17415,M,,,17
201200021014,12,3,29,850,1,2,1,1.0,3,17415,M,,,17
201200021015,12,4,3,1840,1,1,1,1.0,6,17415,M,,,17
201200021016,12,4,5,730,1,1,1,1.0,6,17415,M,,,17
201200021017,12,4,11,945,1,2,1,1.0,6,17415,M,,,17
201200021018,12,4,30,2230,3,1,1,1.0,7,17415,M,,,17
201200021019,12,5,11,1015,1,2,1,1.0,6,17415,M,,,17
201200021020,12,5,22,1750,1,2,1,1.0,6,17415,M,,,17
201200021021,12,5,24,1750,1,1,1,1.0,6,17415,M,,,17
201200021022,12,5,29,1045,1,2,1,1.0,6,17415,M,,,17
201200021023,12,5,31,900,1,1,1,1.0,6,17415,M,,,17
201200021024,12,6,2,635,2,1,1,1.0,6,17415,M,,,17
201200021025,12,6,11,805,1,2,1,1.0,6,17415,M,,,17
201200021026,12,6,14,2220,5,2,1,1.0,6,17415,M,,,17
201200021027,12,6,18,800,1,1,1,1.0,6,17415,M,,,17
201200021028,12,6,26,800,1,2,1,2.0,6,17415,M,,,17
201200021029,12,6,30,1340,1,2,1,1.0,6,17415,M,,,17
201200021030,12,7,5,1150,1,2,1,1.0,6,17415,M,,,17
201200021031,12,7,6,820,1,2,1,1.0,6,17415,M,,,17
201200021032,12,7,6,1010,1,2,1,1.0,6,17415,M,,,17
201200021033,12,7,16,520,3,1,1,1.0,6,17415,M,,,17
201200021034,12,7,19,945,1,2,1,1.0,7,17415,M,,,17
201200021035,12,7,20,1020,1,2,1,1.0,6,17415,M,,,17
201200021036,12,7,25,900,1,1,1,1.0,6,17415,M,,,17
201200021037,12,7,27,1842,1,2,1,1.0,7,17415,M,,,17
201200021038,12,8,26,1155,1,2,1,1.0,6,17415,M,,,17
201200021039,12,8,29,800,1,2,1,1.0,6,17415,M,,,17
201200021040,12,8,31,1345,1,2,1,1.0,6,17415,M,,,17
201200021041,12,9,5,1900,1,2,1,1.0,6,17415,M,,,17
201200021042,12,9,15,145,5,2,1,1.0,7,17415,M,,,17
201200021043,12,9,19,1745,1,1,1,1.0,6,17415,M,,,17
201200021044,12,9,19,800,4,2,1,1.0,6,17415,M,,,17
201200021045,12,9,29,1530,1,2,1,1.0,6,17415,M,,,17
201200021046,12,10,5,800,1,2,1,1.0,6,17415,M,,,17
201200021047,12,10,13,1215,1,2,1,1.0,6,17415,M,,,17
201200021048,12,10,18,840,1,2,1,1.0,6,17415,M,,,17
201200021049,12,10,22,800,5,2,1,1.0,6,17415,M,,,17
201200021050,12,10,24,1500,1,2,1,1.0,6,17415,M,,,17
201200021051,12,10,24,1900,4,2,1,1.0,6,17415,M,,,17
201200021052,12,10,27,610,5,2,1,1.0,6,17415,M,,,17
201200021053,12,10,28,1735,1,2,1,1.0,6,17415,M,,,17
201200021054,12,10,31,1215,1,1,1,1.0,6,17415,M,,,17
201200021055,12,11,2,1500,1,1,1,1.0,7,17415,M,,,17
201200021056,12,11,3,2020,5,2,1,1.0,7,17415,M,,,17
201200021057,12,11,9,2025,3,1,1,1.0,6,17415,M,,,17
201200021058,12,11,29,745,5,2,1,1.0,6,17415,M,,,17
201200021059,12,12,2,1035,1,2,1,1.0,7,17415,M,,,17
201200021060,12,12,3,800,5,2,1,1.0,6,17415,M,,,17
201200021061,12,12,7,1642,1,2,1,1.0,6,17415,M,,,17
201200021062,12,12,11,1345,1,2,1,1.0,6,17415,M,,,17
201200021063,12,12,12,1355,1,2,1,1.0,6,17415,M,,,17
201200021064,12,12,13,1900,5,2,1,1.0,6,17415,M,,,17
201200021065,12,12,15,1215,1,1,1,2.0,6,17415,M,,,17
201200021066,12,12,17,1730,5,2,1,1.0,6,17415,M,,,17
201200021067,12,12,20,829,1,2,1,2.0,6,17415,M,,,17
201200021068,12,12,22,610,5,1,1,2.0,6,17415,M,,,17
201200021069,12,12,26,1110,1,2,1,1.0,6,17415,M,,,17
201200021070,12,12,28,1445,1,1,1,1.0,6,17415,M,,,17
201200021071,12,12,29,1330,1,2,1,1.0,6,17415,M,,,17
201200021072,12,4,13,345,3,1,9,1.0,6,37179,M,0.0,0.0,37
201200021073,12,4,20,45,3,1,1,2.0,6,37047,M,0.0,0.0,37
201200021074,12,5,10,1745,1,1,1,1.0,5,37166,M,0.0,0.0,37
201200021075,12,5,17,1830,1,1,1,1.0,6,37170,M,0.0,0.0,37
201200021076,12,7,10,45,3,1,1,1.0,4,37153,M,0.0,0.0,37
201200021077,12,11,11,1330,1,1,1,1.0,6,37153,M,0.0,0.0,37
201200021078,12,12,29,930,1,1,1,1.0,6,37166,M,0.0,0.0,37
201200021079,12,3,22,1330,1,1,1,1.0,3,34270,M,4356500.0,385000.0,34
201200021080,12,3,27,330,3,1,1,1.0,6,34095,M,4353980.0,376311.0,34
201200021081,12,5,10,1745,1,1,1,1.0,3,34270,M,0.0,0.0,34
201200021082,12,6,8,2300,5,2,1,1.0,3,34270,M,4357586.0,383111.0,34
201200021083,12,7,5,1430,1,2,1,1.0,3,34270,M,4357900.0,386200.0,34
201200021084,12,7,31,615,1,1,1,1.0,1,34270,M,4358000.0,385000.0,34
201200021085,12,12,28,1415,1,2,1,1.0,1,66141,M,4274394.0,291466.0,66
201200021086,12,3,30,1630,1,2,6,1.0,3,66141,M,4274320.0,291781.0,66
201200021087,12,4,23,300,3,1,1,1.0,6,66021,M,0.0,0.0,66
201200021088,12,8,18,645,1,1,1,1.0,6,66050,M,4275982.0,296145.0,66
201200021089,12,1,28,400,4,1,1,1.0,7,30127,M,4406342.0,457525.0,30
201200021090,12,2,17,715,2,1,1,1.0,6,30302,M,4406044.0,467132.0,30
201200021091,12,2,17,1845,3,2,1,1.0,7,30225,M,4417135.0,454438.0,30
201200021092,12,2,25,1530,1,2,1,1.0,7,30355,M,4407598.0,460934.0,30
201200021093,12,2,24,1845,2,1,1,1.0,3,30191,M,4413807.0,466690.0,30
201200021094,12,3,17,645,1,1,1,1.0,6,30141,M,4408889.0,470490.0,30
201200021095,12,3,20,1215,1,1,1,1.0,1,30331,M,4409941.0,460331.0,30
201200021096,12,4,19,1715,1,1,1,1.0,3,30141,M,4408879.0,470493.0,30
201200021097,12,5,19,1900,1,2,3,1.0,1,30302,M,4406084.0,464204.0,30
201200021098,12,6,16,1400,1,2,2,1.0,3,30141,M,4410715.0,465806.0,30
201200021099,12,6,21,1415,1,2,1,1.0,3,30141,M,4409567.0,470220.0,30
201200021100,12,7,26,1930,1,2,1,1.0,6,30092,M,4409598.0,459916.0,30
201200021101,12,8,3,1800,1,1,1,1.0,6,30141,M,4408899.0,465114.0,30
201200021102,12,8,18,2215,3,1,1,1.0,6,30141,M,4411418.0,461526.0,30
201200021103,12,8,30,145,3,1,1,2.0,7,30127,M,4406611.0,457628.0,30
201200021104,12,10,21,30,3,1,1,1.0,7,30127,M,4407237.0,458183.0,30
201200021105,12,11,25,1000,1,1,1,8.0,7,30331,M,4410503.0,457131.0,30
201200021106,12,12,8,515,3,1,1,2.0,6,30141,M,4410021.0,464102.0,30
201200021107,12,6,6,1530,1,1,1,1.0,3,41098,M,4765000.0,109300.0,41
201200021108,12,7,30,1330,1,1,1,2.0,7,41228,M,4776940.0,91617.0,41
201200021109,12,9,23,1730,1,1,2,1.0,3,41120,M,4779760.0,94182.0,41
201200021110,12,12,21,700,3,1,1,2.0,5,41199,M,4767160.0,97240.0,41
201200021111,12,1,20,1845,3,1,2,2.0,1,77411,M,0.0,0.0,77
201200021112,12,3,11,1600,1,2,2,1.0,3,77106,M,4882202.0,318988.0,77
201200021113,12,8,17,1930,1,1,2,7.0,3,77240,M,0.0,0.0,77
201200021114,12,5,25,1130,1,2,1,1.0,3,62559,M,5021400.0,307700.0,62
201200021115,12,6,27,1445,1,1,1,1.0,6,62392,M,0.0,0.0,62
201200021116,12,7,18,1030,1,2,1,1.0,3,62611,M,0.0,0.0,62
201200021117,12,9,11,145,5,2,1,1.0,6,62718,M,5030400.0,289600.0,62
201200021118,12,10,30,1045,1,2,1,8.0,1,62081,M,0.0,0.0,62
201200021119,12,11,21,1200,1,2,1,2.0,1,62594,M,0.0,0.0,62
201200021120,12,12,8,1145,1,1,1,1.0,7,62414,M,0.0,0.0,62
201200021121,12,1,15,300,3,2,1,1.0,6,62376,M,5055875.0,254465.0,62
201200021122,12,3,15,1745,1,1,1,7.0,6,62750,M,5056500.0,238100.0,62
201200021123,12,7,19,1815,1,2,1,1.0,1,62473,M,0.0,0.0,62
201200021124,12,8,3,1630,1,1,1,2.0,3,62162,M,5057400.0,244500.0,62
201200021125,12,11,9,1215,1,2,1,1.0,3,62620,M,0.0,0.0,62
201200021126,12,11,27,1615,1,1,2,2.0,3,62207,M,0.0,0.0,62
201200021127,12,2,13,1600,1,1,1,1.0,6,62481,M,0.0,0.0,62
201200021128,12,6,30,800,1,2,1,1.0,1,62220,M,5042000.0,201200.0,62
201200021129,12,8,26,1845,1,1,1,2.0,7,62449,M,5047400.0,195100.0,62
201200021130,12,1,23,2200,3,1,1,1.0,6,62719,M,0.0,0.0,62
201200021131,12,3,31,2030,1,1,1,1.0,1,62269,M,5043200.0,243800.0,62
201200021132,12,9,5,1900,1,2,1,1.0,6,62767,M,0.0,0.0,62
201200021133,12,9,29,945,1,2,1,2.0,6,62050,M,0.0,0.0,62
201200021134,12,10,23,1315,1,1,1,1.0,2,62514,M,0.0,0.0,62
201200021135,12,10,31,1345,1,1,1,1.0,6,62850,M,0.0,0.0,62
201200021136,12,11,7,1645,1,2,1,1.0,1,62342,M,0.0,0.0,62
201200021137,12,12,8,1845,3,1,1,9.0,6,62686,M,0.0,0.0,62
201200021138,12,12,17,1445,1,1,1,8.0,6,62468,M,5039500.0,220500.0,62
201200021139,12,1,15,900,3,1,1,9.0,6,62063,M,0.0,0.0,62
201200021140,12,9,13,645,1,2,1,1.0,6,62158,M,0.0,0.0,62
201200021141,12,6,17,1215,1,1,1,1.0,6,63163,M,0.0,0.0,63
201200021142,12,11,5,1600,1,1,1,4.0,1,63370,M,0.0,0.0,63
201200021143,12,1,26,1915,3,1,1,1.0,5,37264,M,0.0,0.0,37
201200021144,12,5,26,2215,3,1,1,1.0,6,37203,M,0.0,0.0,37
201200021145,12,6,11,1515,1,1,1,9.0,1,37193,M,0.0,0.0,37
201200021146,12,7,13,1300,1,1,1,3.0,7,37190,M,0.0,0.0,37
201200021147,12,8,17,1515,1,1,1,1.0,2,37174,M,0.0,0.0,37
201200021148,12,8,25,1515,1,1,1,1.0,2,37250,M,0.0,0.0,37
201200021149,12,8,27,1245,1,1,1,1.0,7,37174,M,0.0,0.0,37
201200021150,12,9,7,1845,1,1,1,1.0,7,37250,M,0.0,0.0,37
201200021151,12,10,1,1000,1,1,1,1.0,6,37227,M,4730600.0,34900.0,37
201200021152,12,10,22,1615,1,1,1,1.0,6,37263,M,0.0,0.0,37
201200021153,12,12,3,1915,5,1,1,3.0,1,37187,M,0.0,0.0,37
201200021154,12,2,13,1615,1,1,1,1.0,1,21485,M,4734200.0,497100.0,21
201200021155,12,2,18,1530,1,1,1,1.0,6,21485,M,4734000.0,494300.0,21
201200021156,12,1,22,1230,1,1,1,6.0,3,83017,M,0.0,0.0,83
201200021157,12,5,17,1700,1,2,1,1.0,2,83132,M,0.0,0.0,83
201200021158,12,7,2,1715,1,1,1,1.0,2,83054,M,0.0,0.0,83
201200021159,12,7,19,1215,1,2,1,1.0,5,83054,M,0.0,0.0,83