Num_Acc,an,mois,jour,hrmn,lum,agg,int,atm,col,com,gps,lat,long,dep
201200021160,12,8,30,1145,1,1,1,1.0,1,83131,M,0.0,0.0,83
201200021161,12,10,2,1430,1,2,2,1.0,3,83130,M,0.0,0.0,83
201200021162,12,11,5,1930,5,2,1,1.0,6,83131,M,0.0,0.0,83
201200021163,12,11,18,1730,2,1,1,1.0,1,83131,M,0.0,0.0,83
201200021164,12,3,2,2145,3,1,1,1.0,7,87075,M,4578070.0,118826.0,87
201200021165,12,3,30,215,5,1,1,1.0,6,87107,M,,,87
201200021166,12,9,25,845,1,1,1,2.0,1,87202,M,0.0,0.0,87
201200021167,12,10,20,1945,5,2,1,2.0,4,87001,M,0.0,0.0,87
201200021168,12,10,25,415,3,1,1,1.0,3,87201,M,4586400.0,113600.0,87
201200021169,12,4,24,1800,1,1,1,1.0,2,20009,M,0.0,0.0,202
201200021170,12,6,13,1900,1,1,1,1.0,1,20320,M,0.0,0.0,202
201200021171,12,6,14,600,1,1,1,1.0,1,20320,M,0.0,0.0,202
201200021172,12,8,5,1715,1,1,1,1.0,2,20009,M,0.0,0.0,202
201200021173,12,11,18,1700,1,1,1,1.0,1,47257,M,4458500.0,10200.0,47
201200021174,12,11,14,200,3,1,1,1.0,6,42106,M,4586614.0,395933.0,42
201200021175,12,2,22,815,1,1,1,1.0,7,50393,M,4893840.0,-117545.0,50
201200021176,12,7,7,1215,1,1,2,1.0,3,50316,M,4900900.0,-109709.0,50
201200021177,12,10,19,1715,1,1,1,8.0,1,50465,M,0.0,0.0,50
201200021178,12,11,30,1415,1,1,2,1.0,3,50214,M,4892020.0,-108531.0,50
201200021179,12,4,6,1800,1,1,2,1.0,3,22341,M,4839353.0,-238978.0,22
201200021180,12,9,25,30,3,1,1,8.0,6,22239,M,4834700.0,-210400.0,22
201200021181,12,12,7,1730,2,1,1,8.0,6,22240,M,4826977.0,-224850.0,22
201200021182,12,5,8,315,3,1,1,1.0,6,08076,M,4969800.0,468200.0,08
201200021183,12,8,30,1600,1,1,1,1.0,1,08492,M,0.0,0.0,08
201200021184,12,10,15,1715,1,1,1,1.0,6,08492,M,0.0,0.0,08
201200021185,12,6,27,1715,1,1,1,1.0,1,38342,M,4487700.0,565100.0,38
201200021186,12,1,1,1548,1,2,6,2.0,7,18033,M,4708390.0,244223.0,18
201200021187,12,1,3,1515,1,2,1,2.0,6,18033,M,4708790.0,240175.0,18
201200021188,12,1,3,1900,5,2,1,2.0,6,18033,M,4707990.0,239927.0,18
201200021189,12,1,9,1745,2,2,3,1.0,3,18033,M,4707700.0,238629.0,18
201200021190,12,1,11,1942,5,2,1,1.0,1,18033,M,4710700.0,239283.0,18
201200021191,12,1,17,1930,5,2,1,1.0,6,18267,M,4705930.0,238281.0,18
201200021192,12,1,18,740,5,2,1,1.0,6,18033,M,4709660.0,241050.0,18
201200021193,12,1,21,1540,1,2,1,8.0,6,18033,M,4708650.0,238849.0,18
201200021194,12,1,26,755,2,2,1,5.0,6,18033,M,4706080.0,240054.0,18
201200021195,12,1,27,1930,5,2,1,1.0,4,18033,M,4709340.0,239815.0,18
201200021196,12,2,2,1610,1,2,3,1.0,7,18033,M,4709940.0,241453.0,18
201200021197,12,2,3,1500,1,2,1,1.0,6,18033,M,4709390.0,239245.0,18
201200021198,12,2,3,1645,1,2,1,1.0,3,18033,M,4706160.0,241331.0,18
201200021199,12,2,4,1945,5,2,2,1.0,3,18033,M,4710590.0,240285.0,18
201200021200,12,2,5,35,5,2,1,9.0,6,18033,M,4708200.0,238406.0,18
201200021201,12,6,22,1830,1,2,1,1.0,1,18033,M,4709620.0,239291.0,18
201200021202,12,2,13,1410,1,2,2,1.0,3,18033,M,4706150.0,240918.0,18
201200021203,12,2,13,1840,5,2,1,2.0,7,18033,M,4710480.0,242501.0,18
201200021204,12,2,15,1715,1,2,1,2.0,3,18033,M,4707230.0,239553.0,18
201200021205,12,2,16,205,5,2,1,1.0,6,18033,M,4706410.0,240176.0,18
201200021206,12,2,21,652,2,1,1,1.0,6,18033,M,4705910.0,243019.0,18
201200021207,12,2,23,1823,2,2,1,2.0,6,18033,M,4711270.0,241571.0,18
201200021208,12,2,25,1900,5,2,1,2.0,6,18033,M,4707720.0,238999.0,18
201200021209,12,2,28,1220,1,2,3,1.0,3,18033,M,4709790.0,239498.0,18
201200021210,12,2,29,1407,1,2,2,1.0,3,18213,M,4710020.0,248757.0,18
201200021211,12,2,29,2120,5,2,1,1.0,3,18033,M,4708370.0,242096.0,18
201200021212,12,3,8,1000,1,2,2,1.0,3,18033,M,4708270.0,238914.0,18
201200021213,12,3,9,2015,5,2,1,1.0,7,18033,M,4708690.0,239835.0,18
201200021214,12,3,14,1344,1,2,1,1.0,5,18033,M,4711540.0,241019.0,18
201200021215,12,3,18,245,5,1,6,2.0,6,18033,M,4708400.0,244422.0,18
201200021216,12,3,19,1850,2,2,3,1.0,3,18033,M,4708100.0,238684.0,18
201200021217,12,3,22,1410,1,1,1,1.0,5,18033,M,4706510.0,234863.0,18
201200021218,12,3,23,1650,1,2,1,1.0,2,18033,M,4708980.0,242145.0,18
201200021219,12,3,29,859,1,2,1,1.0,3,18033,M,4708070.0,239854.0,18
201200021220,12,3,26,2052,5,1,1,1.0,7,18213,M,4708650.0,244293.0,18
201200021221,12,4,1,1945,2,2,3,1.0,6,18033,M,4709510.0,242051.0,18
201200021222,12,4,2,755,1,2,1,1.0,6,18033,M,4708830.0,239004.0,18
201200021223,12,4,2,2355,3,1,1,1.0,1,18033,M,4706500.0,236943.0,18
201200021224,12,4,3,750,1,1,1,1.0,2,18033,M,4711300.0,244772.0,18
201200021225,12,4,3,1658,1,2,1,1.0,6,18033,M,4710280.0,241334.0,18
201200021226,12,4,3,1730,1,1,6,1.0,6,18213,M,4709630.0,244350.0,18
201200021227,12,4,5,725,1,2,1,1.0,6,18033,M,4710060.0,240742.0,18
201200021228,12,4,6,1520,1,1,2,1.0,3,18267,M,4701010.0,236264.0,18
201200021229,12,4,10,1423,1,2,1,8.0,2,18033,M,4708300.0,241522.0,18
201200021230,12,4,13,1120,1,2,1,1.0,6,18033,M,4710030.0,239662.0,18
201200021231,12,4,15,1941,1,2,5,1.0,3,18033,M,4707130.0,238833.0,18
201200021232,12,4,20,1427,1,2,1,1.0,4,18033,M,4708370.0,242819.0,18
201200021233,12,4,24,855,1,2,6,2.0,5,18033,M,4708080.0,240617.0,18
201200021234,12,4,24,1105,1,2,2,2.0,3,18033,M,4707160.0,239037.0,18
201200021235,12,5,1,1845,1,2,3,1.0,3,18033,M,4707710.0,240329.0,18
201200021236,12,5,2,1510,1,2,6,1.0,3,18213,M,4709610.0,244079.0,18
201200021237,12,5,3,850,1,2,2,1.0,3,18033,M,4708870.0,239464.0,18
201200021238,12,5,3,1604,1,2,1,1.0,3,18033,M,4708140.0,240380.0,18
201200021239,12,5,5,1515,1,1,9,3.0,7,18033,M,4704990.0,234482.0,18
201200021240,12,5,7,1135,1,2,1,1.0,6,18033,M,4708930.0,238305.0,18
201200021241,12,5,7,1340,1,2,3,1.0,3,18033,M,4708150.0,240866.0,18
201200021242,12,5,10,115,3,1,1,1.0,6,18033,M,4705040.0,234573.0,18
201200021243,12,5,10,1733,1,2,1,1.0,3,18205,M,4710590.0,238924.0,18
201200021244,12,5,11,745,1,2,1,1.0,2,18205,M,4709400.0,236049.0,18
201200021245,12,5,12,830,1,2,6,1.0,3,18033,M,4705790.0,241660.0,18
201200021246,12,4,4,1743,1,1,1,1.0,3,18255,M,4702720.0,230151.0,18
201200021247,12,5,17,1937,1,1,1,1.0,7,18033,M,4711680.0,244344.0,18
201200021248,12,5,21,1300,1,2,3,2.0,3,18033,M,4708160.0,240304.0,18
201200021249,12,5,22,1235,1,2,4,1.0,3,18033,M,4709630.0,239290.0,18
201200021250,12,5,24,230,5,2,1,1.0,6,18033,M,4708060.0,240557.0,18
201200021251,12,5,27,2330,3,1,1,1.0,6,18033,M,4712360.0,242043.0,18
201200021252,12,5,29,830,1,2,1,1.0,6,18033,M,4708110.0,240531.0,18
201200021253,12,5,30,1620,1,1,1,1.0,2,18213,M,4711560.0,244583.0,18
201200021254,12,5,31,750,1,1,1,1.0,1,18050,M,4705010.0,232084.0,18
201200021255,12,6,1,2147,1,2,1,1.0,2,18033,M,4707970.0,239019.0,18
201200021256,12,6,7,1700,1,2,1,1.0,2,18033,M,4708210.0,236293.0,18
201200021257,12,6,7,2158,5,2,1,1.0,3,18033,M,4709960.0,240997.0,18
201200021258,12,6,8,12,5,2,1,1.0,7,18033,M,4708730.0,238883.0,18
201200021259,12,6,13,740,1,2,5,1.0,1,18033,M,4707570.0,238459.0,18
201200021260,12,6,13,740,1,2,1,1.0,3,18033,M,4708260.0,238655.0,18
201200021261,12,6,20,1615,1,2,1,1.0,6,18033,M,4709490.0,241796.0,18
201200021262,12,6,21,2250,5,2,1,1.0,6,18033,M,4709380.0,239581.0,18
201200021263,12,6,26,1555,1,2,1,1.0,3,18033,M,4708630.0,239905.0,18
201200021264,12,6,27,2127,1,2,1,1.0,6,18033,M,4708370.0,242623.0,18
201200021265,12,6,28,735,1,1,1,1.0,6,18205,M,4712300.0,235938.0,18
201200021266,12,6,28,1100,1,2,1,1.0,1,18033,M,4709780.0,239499.0,18
201200021267,12,6,29,1405,1,2,3,1.0,1,18033,M,4707770.0,239776.0,18
201200021268,12,6,30,1745,1,2,1,1.0,6,18033,M,4708230.0,238819.0,18
201200021269,12,7,2,1043,1,2,3,1.0,6,18033,M,4708160.0,240302.0,18
201200021270,12,7,4,1005,1,2,3,1.0,2,18213,M,4709890.0,248052.0,18
201200021271,12,7,5,2220,5,2,5,1.0,3,18033,M,4707130.0,238834.0,18
201200021272,12,7,7,715,1,2,2,1.0,3,18033,M,4709410.0,240114.0,18
201200021273,12,7,9,1925,2,1,2,7.0,3,18205,M,4712500.0,234674.0,18
201200021274,12,7,13,600,2,2,2,1.0,1,18033,M,4707460.0,238579.0,18
201200021275,12,7,13,2217,2,2,2,1.0,3,18033,M,4708080.0,238942.0,18
201200021276,12,7,17,1255,1,2,1,1.0,6,18205,M,4711420.0,238078.0,18
201200021277,12,7,22,640,1,2,3,1.0,6,18033,M,4708130.0,237323.0,18
201200021278,12,7,24,1600,1,2,2,1.0,3,18033,M,4710390.0,240978.0,18
201200021279,12,7,25,925,1,2,3,1.0,5,18033,M,4705950.0,238615.0,18
201200021280,12,7,25,1835,1,2,3,1.0,1,18033,M,4710090.0,240464.0,18
201200021281,12,7,26,1110,1,2,2,1.0,3,18033,M,4707840.0,240136.0,18
201200021282,12,7,26,1115,1,2,5,1.0,1,18033,M,4707860.0,240918.0,18
201200021283,12,7,26,1815,1,2,5,1.0,3,18033,M,4707860.0,240918.0,18
201200021284,12,8,3,950,1,2,1,1.0,6,18033,M,4706310.0,240500.0,18
201200021285,12,8,14,1400,1,1,3,1.0,3,18033,M,4711760.0,244157.0,18
201200021286,12,8,16,850,1,2,7,1.0,3,18033,M,4707820.0,240974.0,18
201200021287,12,8,18,1055,1,2,3,1.0,1,18205,M,4712130.0,236974.0,18
201200021288,12,8,19,1000,1,2,2,1.0,3,18033,M,4709870.0,241672.0,18
201200021289,12,8,20,1330,1,2,1,1.0,2,18033,M,4710230.0,240862.0,18
201200021290,12,8,24,1500,1,2,9,1.0,3,18033,M,4709140.0,242153.0,18
201200021291,12,8,28,1030,1,2,3,1.0,2,18213,M,4710100.0,248329.0,18
201200021292,12,8,28,1450,1,2,1,1.0,2,18205,M,4709400.0,235969.0,18
201200021293,12,8,29,1755,1,2,1,1.0,3,18205,M,4709490.0,235563.0,18
201200021294,12,8,31,1910,1,2,1,1.0,6,18033,M,4711790.0,240314.0,18
201200021295,12,9,3,1555,1,2,3,1.0,3,18205,M,4712130.0,236974.0,18
201200021296,12,9,5,925,1,2,2,1.0,3,18033,M,4708990.0,240108.0,18
201200021297,12,9,5,2005,2,1,1,1.0,7,18050,M,4707230.0,233946.0,18
201200021298,12,9,5,1115,1,1,1,1.0,5,18033,M,4702740.0,239015.0,18
201200021299,12,9,7,1830,1,2,1,1.0,6,18033,M,4709930.0,240972.0,18
201200021300,12,9,7,1917,1,2,1,1.0,5,18033,M,4709050.0,239272.0,18
201200021301,12,9,10,1320,1,2,1,1.0,3,18033,M,4709250.0,239382.0,18
201200021302,12,9,11,1325,1,2,6,1.0,3,18213,M,4710010.0,249746.0,18
201200021303,12,9,11,1810,1,2,1,1.0,6,18033,M,4708480.0,240239.0,18
201200021304,12,9,15,1330,1,1,1,1.0,1,18033,M,4704800.0,243951.0,18
201200021305,12,9,17,800,1,2,3,1.0,2,18033,M,4710950.0,241791.0,18
201200021306,12,9,17,1752,1,2,1,1.0,6,18033,M,4707100.0,240842.0,18
201200021307,12,9,20,730,2,1,3,1.0,3,18267,M,4702120.0,239092.0,18
201200021308,12,9,20,1210,1,2,1,1.0,2,18033,M,4711010.0,240028.0,18
201200021309,12,9,22,1835,1,2,1,1.0,3,18033,M,4711930.0,243609.0,18
201200021310,12,9,23,1730,1,2,1,1.0,6,18033,M,4708860.0,242115.0,18
201200021311,12,10,3,1650,1,2,1,1.0,5,18033,M,4709210.0,239375.0,18
201200021312,12,10,3,1621,1,2,1,1.0,3,18033,M,4708620.0,239355.0,18
201200021313,12,10,3,1838,2,2,1,1.0,1,18213,M,4709540.0,244098.0,18
201200021314,12,10,5,1210,1,2,1,1.0,2,18033,M,4707830.0,240883.0,18
201200021315,12,10,5,1604,1,2,2,1.0,3,18033,M,4708340.0,238896.0,18
201200021316,12,10,5,1745,1,2,1,1.0,3,18033,M,4709800.0,241730.0,18
201200021317,12,10,6,2130,5,2,1,3.0,6,18033,M,4707480.0,241518.0,18
201200021318,12,10,8,1415,1,2,6,2.0,4,18033,M,4709120.0,242171.0,18
201200021319,12,10,10,1705,1,2,1,1.0,1,18033,M,4706780.0,239852.0,18
201200021320,12,10,11,1400,1,2,1,3.0,2,18033,M,4708570.0,238855.0,18
201200021321,12,10,11,1930,3,2,1,2.0,2,18033,M,4709400.0,242309.0,18
201200021322,12,10,12,1325,1,2,1,1.0,5,18033,M,4709390.0,239106.0,18
201200021323,12,10,13,2020,5,2,2,2.0,3,18033,M,4707280.0,239827.0,18
201200021324,12,10,18,1242,1,2,1,1.0,6,18033,M,4710000.0,242275.0,18
201200021325,12,10,20,330,5,2,2,2.0,3,18033,M,4708120.0,238340.0,18
201200021326,12,10,23,940,1,2,7,1.0,3,18033,M,4710350.0,241060.0,18
201200021327,12,10,23,1225,1,2,7,1.0,6,18033,M,4709270.0,241942.0,18
201200021328,12,10,23,1515,1,1,1,1.0,6,18033,M,4708580.0,242047.0,18
201200021329,12,10,26,2310,5,2,3,1.0,3,18033,M,4709760.0,241355.0,18
201200021330,12,10,27,200,5,2,1,1.0,6,18033,M,4707690.0,238616.0,18
201200021331,12,10,28,2015,3,2,6,1.0,3,18033,M,4710080.0,241650.0,18
201200021332,12,10,29,2030,5,2,2,1.0,3,18033,M,4707880.0,238923.0,18
201200021333,12,10,30,1500,1,2,1,1.0,2,18033,M,4709570.0,243530.0,18
201200021334,12,10,31,1430,1,2,1,1.0,4,18033,M,4708810.0,242105.0,18
201200021335,12,11,1,1220,1,1,1,2.0,6,18033,M,4708480.0,242049.0,18
201200021336,12,11,2,1628,1,2,1,2.0,4,18033,M,4708290.0,241461.0,18
201200021337,12,11,4,710,5,2,6,1.0,6,18033,M,4707990.0,239928.0,18
201200021338,12,11,7,1333,1,2,2,1.0,3,18033,M,4707860.0,240916.0,18
201200021339,12,11,7,1845,5,2,1,1.0,4,18033,M,4708190.0,235484.0,18
201200021340,12,11,14,1650,1,2,1,1.0,6,18033,M,4708490.0,238868.0,18
201200021341,12,11,14,1614,1,2,3,1.0,3,18033,M,4708370.0,242229.0,18
201200021342,12,11,14,1645,1,2,1,1.0,2,18033,M,4707180.0,239025.0,18
201200021343,12,11,15,1130,1,2,9,5.0,6,18033,M,4708410.0,240278.0,18
201200021344,12,11,15,2049,3,1,1,5.0,1,18205,M,4713030.0,236641.0,18
201200021345,12,11,16,2015,3,1,1,5.0,6,18033,M,4703490.0,237116.0,18
201200021346,12,11,17,1715,1,2,1,1.0,3,18213,M,4710410.0,245421.0,18
201200021347,12,11,18,310,5,2,2,8.0,6,18033,M,4708230.0,238914.0,18
201200021348,12,11,23,1336,1,2,1,1.0,3,18205,M,4710810.0,237397.0,18
201200021349,12,11,26,1910,2,2,1,1.0,3,18033,M,4709440.0,242327.0,18
201200021350,12,11,27,2040,5,2,3,1.0,3,18033,M,4708310.0,241571.0,18
201200021351,12,11,28,1944,5,2,1,1.0,3,18033,M,4708100.0,240575.0,18
201200021352,12,12,1,1535,1,1,1,5.0,4,18033,M,4711770.0,244118.0,18
201200021353,12,12,3,750,2,2,3,2.0,6,18033,M,4708680.0,238857.0,18
201200021354,12,12,3,1430,1,1,1,2.0,6,18267,M,4703500.0,237764.0,18
201200021355,12,12,4,805,1,2,1,9.0,6,18033,M,4708160.0,238159.0,18
201200021356,12,12,6,1900,5,2,2,1.0,3,18033,M,4710630.0,241131.0,18
201200021357,12,12,9,705,3,1,1,5.0,1,18033,M,4709200.0,244326.0,18
201200021358,12,12,11,815,1,2,1,1.0,2,18033,M,4706490.0,238666.0,18
201200021359,12,12,11,1715,1,2,1,1.0,6,18033,M,4706490.0,241496.0,18
201200021360,12,12,12,2125,5,2,1,1.0,4,18033,M,4709560.0,240745.0,18
201200021361,12,12,13,1120,1,2,1,2.0,2,18033,M,4708970.0,239174.0,18
201200021362,12,12,13,1210,1,2,6,1.0,3,18205,M,4709930.0,237317.0,18
201200021363,12,12,14,1707,5,2,3,2.0,6,18205,M,4709490.0,235629.0,18
201200021364,12,12,15,50,5,2,1,8.0,6,18033,M,4706640.0,238707.0,18
201200021365,12,12,17,745,2,1,2,1.0,3,18050,M,4705120.0,230487.0,18
201200021366,12,12,17,1145,1,2,3,1.0,1,18033,M,4707660.0,241840.0,18
201200021367,12,12,17,1345,1,2,1,1.0,3,18033,M,4708410.0,239930.0,18
201200021368,12,12,17,2015,4,2,1,1.0,2,18033,M,4706650.0,238711.0,18
201200021369,12,12,19,2015,5,2,5,1.0,1,18033,M,4707130.0,238834.0,18
201200021370,12,12,20,1555,1,2,1,2.0,6,18050,M,4705070.0,230211.0,18
201200021371,12,12,21,1835,5,2,3,2.0,3,18033,M,4708690.0,238821.0,18
201200021372,12,12,22,1025,1,2,1,3.0,6,18033,M,4708540.0,239298.0,18
201200021373,12,12,18,1500,1,2,1,8.0,6,18033,M,4708690.0,239833.0,18
201200021374,12,12,24,1140,1,1,6,1.0,7,18213,M,4709710.0,245502.0,18
201200021375,12,12,26,2329,3,2,2,2.0,3,18033,M,4706300.0,239927.0,18
201200021376,12,12,28,2221,5,2,2,2.0,3,18033,M,4708510.0,240197.0,18
201200021377,12,12,31,510,5,2,1,1.0,6,18033,M,4709400.0,240338.0,18
201200021378,12,2,18,1830,2,1,1,1.0,1,83100,M,0.0,0.0,83
201200021379,12,3,23,1930,1,1,1,1.0,1,83100,M,0.0,0.0,83
201200021380,12,3,28,1445,1,1,1,1.0,3,83043,M,0.0,0.0,83
201200021381,12,3,28,1600,1,1,1,1.0,1,83091,M,0.0,0.0,83
201200021382,12,4,13,1200,1,1,1,2.0,1,83091,M,0.0,0.0,83
201200021383,12,5,8,1645,1,1,1,1.0,6,83043,M,0.0,0.0,83
201200021384,12,6,29,1500,1,1,1,1.0,3,83100,M,0.0,0.0,83
201200021385,12,9,29,2300,3,1,1,1.0,6,83033,M,0.0,0.0,83
201200021386,12,10,5,2100,3,1,1,1.0,6,83100,M,0.0,0.0,83
201200021387,12,10,12,645,2,1,2,5.0,3,83049,M,0.0,0.0,83
201200021388,12,11,30,2100,3,1,1,3.0,1,83049,M,0.0,0.0,83
201200021389,12,12,23,1800,3,1,1,1.0,6,83091,M,0.0,0.0,83
201200021390,12,6,2,800,1,1,1,1.0,7,41245,M,4776680.0,150711.0,41
201200021391,12,6,8,1800,1,1,1,1.0,3,41119,M,4802930.0,87196.0,41
201200021392,12,9,9,1200,1,2,1,1.0,7,41171,M,,,41
201200021393,12,10,1,500,3,1,1,1.0,1,41283,M,4770490.0,117228.0,41
201200021394,12,12,18,1430,1,1,1,1.0,2,41284,M,4778780.0,131167.0,41
201200021395,12,3,21,615,3,1,1,2.0,2,12063,M,4400300.0,313800.0,12
201200021396,12,6,30,730,1,1,1,1.0,6,12145,M,4411300.0,306600.0,12
201200021397,12,7,27,1145,1,1,1,1.0,1,12084,M,0.0,0.0,12
201200021398,12,9,9,1030,1,1,9,1.0,7,12063,M,4398700.0,318600.0,12
201200021399,12,11,11,1500,1,1,1,1.0,4,12063,M,4399900.0,317300.0,12
201200021400,12,4,8,130,3,1,1,1.0,2,58059,M,4720400.0,301900.0,58
201200021401,12,6,4,1815,1,1,1,1.0,2,58155,M,4717100.0,305100.0,58
201200021402,12,9,29,1600,1,1,1,1.0,6,58067,M,0.0,0.0,58
201200021403,12,10,12,1630,1,1,1,1.0,6,58193,M,0.0,0.0,58
201200021404,12,10,10,1545,1,1,1,3.0,6,58215,M,0.0,0.0,58
201200021405,12,11,9,845,1,1,1,1.0,6,58044,M,0.0,0.0,58
201200021406,12,6,12,2200,3,1,1,8.0,3,71023,M,0.0,0.0,71
201200021407,12,4,21,215,3,1,1,1.0,6,36006,M,0.0,0.0,36
201200021408,12,8,8,520,3,1,1,1.0,6,36033,M,4652260.0,151433.0,36
201200021409,12,8,7,615,1,1,1,8.0,7,15187,M,4494300.0,320100.0,15
201200021410,12,9,19,1330,1,1,1,1.0,2,43123,M,4533900.0,327400.0,43
201200021411,12,5,20,2130,3,1,1,2.0,6,63404,M,4559200.0,324700.0,63
201200021412,12,5,22,745,1,1,9,3.0,3,43120,M,4538300.0,328400.0,43
201200021413,12,6,8,2245,3,1,1,8.0,6,63178,M,4553600.0,325700.0,63
201200021414,12,7,2,1515,1,1,1,1.0,6,63178,M,4554000.0,326000.0,63
201200021415,12,9,29,1530,1,1,1,1.0,6,63404,M,4559100.0,324700.0,63
201200021416,12,10,12,1930,3,1,1,1.0,7,63054,M,4552900.0,325700.0,63
201200021417,12,10,26,1745,2,1,1,2.0,7,63178,M,4557100.0,325000.0,63
201200021418,12,8,17,2030,1,1,1,1.0,1,87122,M,0.0,0.0,87
201200021419,12,9,17,1915,1,1,1,1.0,6,87003,M,0.0,0.0,87
201200021420,12,10,8,1630,3,1,1,2.0,6,87014,M,0.0,0.0,87
201200021421,12,11,23,1845,3,1,9,1.0,5,87014,M,0.0,0.0,87
201200021422,12,12,16,1415,1,1,1,3.0,7,87014,M,0.0,0.0,87
201200021423,12,1,9,1130,1,1,1,1.0,7,34259,M,4363388.0,375689.0,34
201200021424,12,2,21,1630,1,1,1,1.0,3,34064,M,4387924.0,331155.0,34
201200021425,12,3,9,300,3,1,1,1.0,3,34123,M,4360807.0,380674.0,34
201200021426,12,4,29,515,3,1,1,1.0,2,34114,M,4363118.0,358925.0,34
201200021427,12,5,30,1845,1,1,1,1.0,6,34013,M,0.0,0.0,34
201200021428,12,6,27,745,1,1,1,1.0,6,34114,M,4364800.0,355700.0,34
201200021429,12,7,21,215,3,1,1,1.0,6,34259,M,4362908.0,378000.0,34
201200021430,12,7,29,230,3,1,1,1.0,2,34166,M,4340350.0,334562.0,34
201200021431,12,8,23,1345,1,1,1,1.0,7,34325,M,0.0,0.0,34
201200021432,12,9,22,930,1,1,1,1.0,6,34239,M,4366600.0,351000.0,34
201200021433,12,10,5,1045,1,1,1,1.0,5,34064,M,4386800.0,331300.0,34
201200021434,12,10,20,1615,1,1,1,2.0,6,34196,M,4382800.0,332100.0,34
201200021435,12,10,22,620,3,1,1,2.0,6,34036,M,4368003.0,338964.0,34
201200021436,12,10,28,445,3,1,1,1.0,6,34123,M,4361200.0,380900.0,34
201200021437,12,11,1,1100,1,1,1,1.0,1,34194,M,4353901.0,344406.0,34
201200021438,12,11,11,245,3,1,1,2.0,6,34079,M,4363965.0,344635.0,34
201200021439,12,11,20,900,1,1,1,1.0,6,34064,M,4385679.0,330916.0,34
201200021440,12,11,23,1830,3,1,1,1.0,3,34282,M,4363000.0,366300.0,34
201200021441,12,12,12,2215,3,1,1,1.0,1,34079,M,4361274.0,346089.0,34
201200021442,12,12,25,1745,3,1,1,2.0,2,34079,M,4341100.0,335000.0,34
201200021443,12,1,27,2030,3,1,1,2.0,6,48191,M,0.0,0.0,48
201200021444,12,6,29,2015,3,1,1,1.0,6,48032,M,0.0,0.0,48
201200021445,12,7,14,730,1,1,1,1.0,7,48140,M,0.0,0.0,48
201200021446,12,7,25,1630,1,1,1,1.0,7,48049,M,0.0,0.0,48
201200021447,12,12,19,1345,1,1,1,1.0,2,48099,M,0.0,0.0,48
201200021448,12,3,4,1445,1,1,1,3.0,6,44051,M,0.0,0.0,44
201200021449,12,10,20,530,3,1,1,1.0,5,44209,M,0.0,0.0,44
201200021450,12,11,1,230,3,1,9,2.0,6,44149,M,0.0,0.0,44
201200021451,12,11,20,1030,1,1,1,1.0,2,44105,M,0.0,0.0,44
201200021452,12,2,20,845,1,1,1,1.0,2,44194,M,0.0,0.0,44
201200021453,12,2,22,1915,5,1,1,1.0,2,44103,M,0.0,0.0,44
201200021454,12,3,3,1445,1,1,1,1.0,2,44103,M,0.0,0.0,44
201200021455,12,3,4,1615,1,1,1,1.0,1,44195,M,0.0,0.0,44
201200021456,12,4,1,200,3,1,1,1.0,1,44103,M,0.0,0.0,44
201200021457,12,4,18,715,2,1,1,8.0,2,44052,M,0.0,0.0,44
201200021458,12,5,27,2000,1,1,1,1.0,4,44158,M,0.0,0.0,44
201200021459,12,6,17,745,2,1,1,1.0,7,44152,M,0.0,0.0,44
201200021460,12,7,8,1615,1,1,1,1.0,7,44052,M,0.0,0.0,44
201200021461,12,8,17,545,3,1,1,1.0,2,44089,M,0.0,0.0,44
201200021462,12,8,17,1815,1,1,9,1.0,7,44103,M,0.0,0.0,44
201200021463,12,10,6,1545,1,1,1,3.0,6,44137,M,0.0,0.0,44
201200021464,12,10,15,1400,1,1,1,1.0,5,44089,M,0.0,0.0,44
201200021465,12,11,23,1815,3,1,1,1.0,2,44089,M,0.0,0.0,44
201200021466,12,11,30,1830,3,1,1,1.0,4,44089,M,0.0,0.0,44
201200021467,12,12,11,2000,3,1,1,1.0,2,44033,M,0.0,0.0,44
201200021468,12,12,14,800,3,1,1,3.0,2,44210,M,0.0,0.0,44
201200021469,12,12,16,230,3,1,1,4.0,7,44129,M,0.0,0.0,44
201200021470,12,12,22,915,1,1,1,3.0,6,44129,M,0.0,0.0,44
201200021471,12,3,18,1245,1,1,1,4.0,1,14475,M,4913120.0,-56620.0,14
201200021472,12,4,27,730,1,1,1,7.0,4,14738,M,4916410.0,-43752.0,14
201200021473,12,5,19,1200,1,1,1,1.0,7,14475,M,4913640.0,-55586.0,14
201200021474,12,4,18,1530,1,1,1,4.0,5,50407,M,4861750.0,-133462.0,50