Num_Acc,an,mois,jour,hrmn,lum,agg,int,atm,col,com,gps,lat,long,dep
201200021475,12,5,7,1445,1,1,1,8.0,7,50535,M,4877150.0,-127635.0,50
201200021476,12,9,16,1845,1,1,1,1.0,3,50185,M,4883840.0,-124828.0,50
201200021477,12,11,11,1015,1,1,1,1.0,7,50214,M,4891460.0,-109390.0,50
201200021478,12,11,29,1900,3,1,1,2.0,2,14513,M,0.0,0.0,14
201200021479,12,12,25,1600,1,1,1,1.0,3,50185,M,4883510.0,-124609.0,50
201200021480,12,5,8,1200,1,1,1,1.0,7,50087,M,4956470.0,-156941.0,50
201200021481,12,11,25,2100,3,1,1,8.0,6,50534,M,4930280.0,-118868.0,50
201200021482,12,1,23,1900,5,2,2,1.0,5,18279,M,4722220.0,206802.0,18
201200021483,12,1,28,1130,1,2,1,2.0,7,18279,M,4722230.0,206581.0,18
201200021484,12,2,18,1830,5,2,3,6.0,3,18279,M,4724020.0,206073.0,18
201200021485,12,2,20,835,1,2,1,1.0,3,18279,M,4722460.0,205447.0,18
201200021486,12,2,22,1520,1,2,3,1.0,3,18279,M,4722600.0,206942.0,18
201200021487,12,2,28,745,1,2,1,1.0,3,18279,M,4722620.0,205926.0,18
201200021488,12,3,7,1950,5,2,1,2.0,3,18279,M,4722480.0,206246.0,18
201200021489,12,3,15,950,1,2,3,1.0,3,18279,M,4722390.0,207345.0,18
201200021490,12,3,24,1930,2,2,3,1.0,3,18279,M,4722150.0,206771.0,18
201200021491,12,4,24,2120,5,2,1,1.0,7,18279,M,,,18
201200021492,12,5,4,1555,1,2,1,1.0,2,18279,M,4723480.0,208531.0,18
201200021493,12,5,11,1210,1,2,1,1.0,3,18279,M,4723610.0,203399.0,18
201200021494,12,5,26,1650,1,2,1,1.0,2,18279,M,4723030.0,203440.0,18
201200021495,12,5,28,220,5,2,1,1.0,6,18279,M,4723710.0,205869.0,18
201200021496,12,6,22,1800,1,2,6,1.0,3,18279,M,4721400.0,205730.0,18
201200021497,12,6,20,1945,1,2,1,1.0,1,18279,M,4723430.0,205250.0,18
201200021498,12,6,28,1435,1,2,1,1.0,6,18279,M,4722460.0,207568.0,18
201200021499,12,7,23,1900,1,2,3,7.0,3,18279,M,4722450.0,206488.0,18
201200021500,12,6,30,135,5,2,5,1.0,3,18279,M,4721220.0,210049.0,18
201200021501,12,7,18,240,5,2,1,1.0,7,18279,M,4722790.0,205914.0,18
201200021502,12,7,24,835,1,2,1,1.0,6,18279,M,4722310.0,206779.0,18
201200021503,12,9,17,1930,1,2,1,1.0,3,18279,M,4722690.0,205499.0,18
201200021504,12,7,25,1720,1,2,2,1.0,1,18279,M,4723120.0,208077.0,18
201200021505,12,9,1,1235,1,2,3,1.0,1,18279,M,4722220.0,206802.0,18
201200021506,12,9,26,1715,1,2,1,1.0,4,18279,M,4722080.0,206094.0,18
201200021507,12,9,2,1430,1,1,1,1.0,6,18279,M,4724900.0,209827.0,18
201200021508,12,10,7,2050,5,2,1,1.0,1,18279,M,4721540.0,210931.0,18
201200021509,12,10,8,810,1,2,3,2.0,1,18279,M,4719880.0,208628.0,18
201200021510,12,10,10,1830,1,2,9,1.0,6,18279,M,4721580.0,210210.0,18
201200021511,12,10,11,715,5,2,1,5.0,3,18279,M,4720730.0,210696.0,18
201200021512,12,10,17,1810,1,2,1,1.0,6,18279,M,4722550.0,206185.0,18
201200021513,12,11,8,1750,5,2,3,1.0,3,18279,M,4722330.0,207080.0,18
201200021514,12,11,10,1040,1,2,3,2.0,3,18279,M,4722060.0,206565.0,18
201200021515,12,11,15,1815,5,2,1,1.0,6,18279,M,4723530.0,206090.0,18
201200021516,12,12,3,1040,1,2,1,2.0,3,18279,M,4720530.0,211234.0,18
201200021517,12,12,14,2055,5,2,1,2.0,1,18279,M,4722260.0,206517.0,18
201200021518,12,12,20,840,1,2,3,1.0,6,18279,M,4722450.0,206299.0,18
201200021519,12,2,18,2115,1,1,1,2.0,7,44149,M,0.0,0.0,44
201200021520,12,5,12,1000,1,1,1,1.0,6,44001,M,4756800.0,-152200.0,44
201200021521,12,6,7,1330,1,1,1,1.0,3,44197,M,0.0,0.0,44
201200021522,12,8,6,900,1,1,1,1.0,7,44113,M,4756000.0,-165700.0,44
201200021523,12,9,10,1745,1,1,1,1.0,1,44208,M,4763100.0,-151300.0,44
201200021524,12,9,12,1230,1,1,2,1.0,3,44051,M,4765700.0,-164200.0,44
201200021525,12,10,12,930,1,1,1,1.0,6,44221,M,4747200.0,-166000.0,44
201200021526,12,3,31,500,3,1,1,5.0,6,72306,M,0.0,0.0,72
201200021527,12,6,17,630,1,1,1,1.0,6,72287,M,0.0,0.0,72
201200021528,12,7,6,2200,2,2,1,1.0,3,72124,M,0.0,0.0,72
201200021529,12,1,8,1200,1,1,1,1.0,1,72008,M,4792500.0,21700.0,72
201200021530,12,2,17,1330,1,1,1,8.0,3,72058,M,4801100.0,30100.0,72
201200021531,12,3,8,1000,1,1,1,1.0,5,72231,M,4794500.0,36200.0,72
201200021532,12,3,10,1430,1,1,1,1.0,3,72008,M,4794700.0,18400.0,72
201200021533,12,3,27,845,1,1,1,9.0,6,72187,M,0.0,0.0,72
201200021534,12,4,10,1345,1,1,1,3.0,1,72155,M,4786600.0,25400.0,72
201200021535,12,5,11,1145,1,1,1,1.0,2,72299,M,0.0,0.0,72
201200021536,12,5,18,1015,1,1,1,1.0,7,72187,M,4780600.0,32700.0,72
201200021537,12,5,30,1000,1,1,1,1.0,3,72231,M,0.0,0.0,72
201200021538,12,6,18,1745,1,1,1,1.0,1,72008,M,0.0,0.0,72
201200021539,12,6,29,745,1,1,1,2.0,3,72058,M,0.0,0.0,72
201200021540,12,9,25,1800,1,1,1,8.0,7,72231,M,4794700.0,29300.0,72
201200021541,12,10,20,1945,3,1,1,2.0,1,72260,M,0.0,0.0,72
201200021542,12,11,17,1830,3,1,1,2.0,7,72231,M,4795600.0,33300.0,72
201200021543,12,5,2,1245,1,1,2,1.0,3,65337,M,4323206.0,29482.0,65
201200021544,12,8,5,345,3,1,1,2.0,6,65418,M,4336034.0,17039.0,65
201200021545,12,9,9,400,3,1,1,1.0,6,65242,M,4335524.0,13856.0,65
201200021546,12,10,19,730,4,1,1,2.0,1,65375,M,4337680.0,14681.0,65
201200021547,12,1,18,1315,1,1,1,1.0,5,83019,M,0.0,0.0,83
201200021548,12,2,24,1730,1,2,1,1.0,2,83070,M,0.0,0.0,83
201200021549,12,4,1,1545,1,1,1,1.0,3,83019,M,0.0,0.0,83
201200021550,12,4,28,2345,5,2,1,2.0,6,83019,M,4314865.0,634710.0,83
201200021551,12,4,29,1730,1,1,1,1.0,2,83019,M,0.0,0.0,83
201200021552,12,5,14,1145,1,2,1,1.0,6,83019,M,0.0,0.0,83
201200021553,12,5,29,1030,1,1,1,1.0,3,83019,M,0.0,0.0,83
201200021554,12,6,10,2000,1,1,1,1.0,1,83019,M,0.0,0.0,83
201200021555,12,6,20,1115,1,1,1,1.0,2,83019,M,0.0,0.0,83
201200021556,12,7,1,945,1,1,1,1.0,1,83019,M,0.0,0.0,83
201200021557,12,7,29,1500,1,1,1,1.0,5,83019,M,0.0,0.0,83
201200021558,12,8,11,1745,1,2,1,1.0,6,83019,M,0.0,0.0,83
201200021559,12,8,23,930,1,2,1,1.0,6,83019,M,0.0,0.0,83
201200021560,12,10,20,2215,5,2,1,1.0,6,83019,M,0.0,0.0,83
201200021561,12,10,21,1000,1,1,1,1.0,1,83019,M,0.0,0.0,83
201200021562,12,11,17,1645,1,1,1,1.0,3,83019,M,0.0,0.0,83
201200021563,12,1,5,745,2,1,1,2.0,1,60069,M,0.0,0.0,60
201200021564,12,2,16,1945,3,1,1,8.0,6,60005,M,0.0,0.0,60
201200021565,12,3,10,415,3,1,1,1.0,5,60658,M,0.0,0.0,60
201200021566,12,5,16,1700,1,1,1,1.0,4,60176,M,0.0,0.0,60
201200021567,12,5,29,1945,1,1,1,1.0,2,60203,M,0.0,0.0,60
201200021568,12,6,16,715,1,1,1,2.0,1,60091,M,0.0,0.0,60
201200021569,12,8,11,1700,1,1,1,1.0,7,60176,M,0.0,0.0,60
201200021570,12,8,18,1145,1,2,6,1.0,1,60176,M,0.0,0.0,60
201200021571,12,8,24,1200,1,1,1,1.0,1,60260,M,0.0,0.0,60
201200021572,12,9,5,1900,1,2,7,1.0,6,60176,M,0.0,0.0,60
201200021573,12,9,13,1245,1,2,2,1.0,3,60661,M,0.0,0.0,60
201200021574,12,9,27,2100,3,1,3,1.0,3,60176,M,0.0,0.0,60
201200021575,12,10,2,1400,1,1,1,1.0,1,60661,M,0.0,0.0,60
201200021576,12,10,10,730,1,2,1,2.0,3,60176,M,0.0,0.0,60
201200021577,12,10,26,1715,1,2,1,1.0,7,60176,M,0.0,0.0,60
201200021578,12,11,22,2300,3,1,1,8.0,6,60101,M,0.0,0.0,60
201200021579,12,12,8,1245,1,1,1,8.0,1,60083,M,0.0,0.0,60
201200021580,12,12,12,1000,1,1,1,1.0,3,60279,M,0.0,0.0,60
201200021581,12,1,27,1530,1,2,1,1.0,3,91340,M,0.0,0.0,91
201200021582,12,2,28,1740,1,2,1,1.0,1,91340,M,0.0,0.0,91
201200021583,12,3,1,1700,1,2,6,1.0,7,91340,M,4859700.0,243400.0,91
201200021584,12,3,6,1715,2,2,1,1.0,2,91340,M,0.0,0.0,91
201200021585,12,5,7,1915,1,2,1,1.0,6,91086,M,4862000.0,237200.0,91
201200021586,12,7,4,1445,2,2,1,1.0,2,91086,M,4862500.0,239000.0,91
201200021587,12,7,25,1245,1,1,1,1.0,1,91340,M,0.0,0.0,91
201200021588,12,8,23,945,1,1,1,1.0,1,91648,M,4856900.0,236300.0,91
201200021589,12,11,30,1330,1,2,1,1.0,6,91086,M,0.0,0.0,91
201200021590,12,1,5,2045,5,2,3,2.0,3,19031,M,4516360.0,154051.0,19
201200021591,12,1,9,1510,1,2,3,1.0,3,19031,M,4515780.0,154939.0,19
201200021592,12,1,9,2000,5,2,3,1.0,3,19031,M,4515810.0,155739.0,19
201200021593,12,1,10,2004,5,2,3,1.0,3,19031,M,4515600.0,153121.0,19
201200021594,12,1,10,805,5,2,1,1.0,2,19031,M,4516640.0,154289.0,19
201200021595,12,1,11,740,5,2,1,1.0,6,19031,M,4515080.0,153152.0,19
201200021596,12,1,11,1505,1,2,2,1.0,6,19031,M,4516260.0,153278.0,19
201200021597,12,1,11,1905,5,2,1,1.0,4,19031,M,4516120.0,153284.0,19
201200021598,12,1,12,1820,5,2,2,1.0,2,19031,M,4515960.0,152333.0,19
201200021599,12,1,25,1130,1,2,1,1.0,6,19031,M,4515520.0,151524.0,19
201200021600,12,1,30,1355,1,2,1,1.0,7,19031,M,4514630.0,154469.0,19
201200021601,12,2,7,1645,1,2,3,1.0,3,19031,M,4516720.0,152550.0,19
201200021602,12,2,9,1210,1,2,1,1.0,6,19031,M,4515980.0,153105.0,19
201200021603,12,2,29,1820,2,2,1,1.0,2,19031,M,4516770.0,153522.0,19
201200021604,12,3,3,1735,1,2,2,1.0,3,19031,M,4516820.0,153728.0,19
201200021605,12,3,10,1800,1,2,1,1.0,4,19031,M,4516480.0,151062.0,19
201200021606,12,3,13,740,1,2,2,1.0,3,19031,M,4515410.0,152980.0,19
201200021607,12,3,16,1250,1,2,3,1.0,3,19031,M,4515430.0,153820.0,19
201200021608,12,3,19,1410,1,2,3,1.0,3,19031,M,4515770.0,154574.0,19
201200021609,12,3,20,1100,1,2,1,1.0,6,19031,M,4516510.0,151872.0,19
201200021610,12,3,20,1810,1,2,6,1.0,2,19031,M,4514340.0,147066.0,19
201200021611,12,3,22,1650,1,2,1,1.0,6,19031,M,4514370.0,153900.0,19
201200021612,12,3,22,2315,5,2,1,1.0,6,19031,M,4516170.0,151489.0,19
201200021613,12,3,24,1620,1,2,3,1.0,2,19031,M,4516200.0,153124.0,19
201200021614,12,3,29,1330,1,1,3,1.0,6,19031,M,4515240.0,155907.0,19
201200021615,12,3,31,1930,1,2,3,1.0,6,19031,M,4516500.0,151783.0,19
201200021616,12,4,2,1820,1,2,1,1.0,4,19031,M,4514400.0,147286.0,19
201200021617,12,4,2,1835,1,2,1,1.0,6,19031,M,4515870.0,152857.0,19
201200021618,12,4,3,1210,1,2,1,3.0,6,19031,M,4515900.0,153588.0,19
201200021619,12,4,4,945,1,2,3,1.0,3,19031,M,4515910.0,153916.0,19
201200021620,12,4,4,1735,1,2,2,1.0,3,19031,M,4515740.0,152371.0,19
201200021621,12,4,7,920,1,2,3,2.0,3,19031,M,4516310.0,150279.0,19
201200021622,12,4,7,1820,1,2,3,1.0,3,19031,M,4516320.0,153750.0,19
201200021623,12,4,13,1850,1,2,3,1.0,3,19031,M,4516320.0,153750.0,19
201200021624,12,4,19,750,1,2,1,2.0,1,19031,M,4514880.0,152467.0,19
201200021625,12,4,24,1355,1,2,9,2.0,2,19031,M,4516460.0,149450.0,19
201200021626,12,4,30,1415,1,2,1,2.0,1,19031,M,4514660.0,148296.0,19
201200021627,12,6,1,1655,1,2,3,1.0,3,19031,M,4516130.0,150319.0,19
201200021628,12,6,5,1730,1,2,3,1.0,6,19031,M,4515930.0,153055.0,19
201200021629,12,6,7,1005,1,2,3,1.0,3,19031,M,4515330.0,151915.0,19
201200021630,12,6,13,1210,1,2,1,1.0,4,19031,M,4515590.0,150212.0,19
201200021631,12,6,17,1620,1,2,1,1.0,6,19031,M,4515810.0,152937.0,19
201200021632,12,6,24,5,3,2,1,1.0,6,19031,M,4513120.0,149325.0,19
201200021633,12,6,25,955,1,2,1,1.0,2,19031,M,4515830.0,152359.0,19
201200021634,12,7,2,1840,1,2,1,1.0,6,19031,M,4515530.0,152741.0,19
201200021635,12,7,3,955,1,2,3,1.0,6,19031,M,4516730.0,153129.0,19
201200021636,12,7,5,1700,1,2,1,1.0,3,19031,M,4515490.0,151427.0,19
201200021637,12,7,16,2345,5,2,1,1.0,6,19031,M,4516390.0,153227.0,19
201200021638,12,7,18,730,1,2,1,1.0,3,19031,M,4516460.0,149827.0,19
201200021639,12,7,26,1920,1,2,1,1.0,2,19031,M,4514990.0,149559.0,19
201200021640,12,7,31,1635,1,2,1,1.0,1,19031,M,4515650.0,151980.0,19
201200021641,12,8,3,1550,1,2,1,7.0,6,19031,M,4515650.0,152651.0,19
201200021642,12,8,8,1225,1,2,1,1.0,3,19031,M,4516350.0,154142.0,19
201200021643,12,8,11,45,5,2,1,1.0,6,19031,M,4515650.0,152042.0,19
201200021644,12,8,11,1550,1,2,1,1.0,6,19031,M,4515760.0,156308.0,19
201200021645,12,8,11,1625,1,1,1,1.0,3,19031,M,4514070.0,151981.0,19
201200021646,12,8,17,445,5,2,1,1.0,6,19031,M,4517050.0,152446.0,19
201200021647,12,8,17,2050,1,2,1,1.0,3,19031,M,4515710.0,152259.0,19
201200021648,12,8,19,510,5,2,3,1.0,3,19031,M,4516300.0,154042.0,19
201200021649,12,9,3,1400,1,2,3,1.0,6,19031,M,4516090.0,153289.0,19
201200021650,12,9,7,1110,1,2,3,1.0,1,19031,M,4516470.0,150238.0,19
201200021651,12,9,11,1650,1,2,1,1.0,2,19031,M,4516140.0,150320.0,19
201200021652,12,9,13,1800,1,2,1,1.0,3,19031,M,4514540.0,149042.0,19
201200021653,12,9,14,1805,1,2,3,1.0,3,19031,M,4516380.0,151555.0,19
201200021654,12,9,15,1705,1,2,3,1.0,3,19031,M,4516130.0,150322.0,19
201200021655,12,9,18,1800,1,2,1,1.0,7,19031,M,4516470.0,150644.0,19
201200021656,12,9,19,1350,1,2,1,1.0,3,19031,M,4515500.0,151439.0,19
201200021657,12,9,19,1805,1,2,1,1.0,6,19031,M,4515500.0,151439.0,19
201200021658,12,9,21,1050,1,2,2,1.0,3,19031,M,4516090.0,152001.0,19
201200021659,12,9,21,1615,1,2,3,1.0,6,19031,M,4515680.0,153267.0,19
201200021660,12,9,24,1720,1,2,2,1.0,6,19031,M,4515040.0,153165.0,19
201200021661,12,9,25,1815,1,2,1,1.0,6,19031,M,4515660.0,152412.0,19
201200021662,12,9,26,1425,1,2,1,2.0,5,19031,M,4515220.0,151389.0,19
201200021663,12,9,26,1430,1,2,3,2.0,6,19031,M,4515770.0,154365.0,19
201200021664,12,9,27,1825,1,2,1,1.0,5,19031,M,4515380.0,153731.0,19
201200021665,12,10,8,725,2,2,1,2.0,6,19031,M,4515710.0,152264.0,19
201200021666,12,10,8,745,2,2,1,2.0,6,19031,M,4515470.0,152155.0,19
201200021667,12,10,9,1005,1,2,2,2.0,3,19031,M,4515500.0,152791.0,19
201200021668,12,10,9,1135,1,2,2,2.0,3,19031,M,4516590.0,151819.0,19
201200021669,12,10,9,1133,1,2,1,2.0,4,19031,M,4515180.0,151761.0,19
201200021670,12,10,9,1845,1,2,1,2.0,4,19031,M,4515860.0,152354.0,19
201200021671,12,10,12,1840,1,2,1,1.0,4,19031,M,4515010.0,149635.0,19
201200021672,12,10,16,1145,1,2,1,1.0,6,19031,M,4516190.0,153106.0,19
201200021673,12,10,16,1510,1,2,1,3.0,6,19031,M,4515910.0,153150.0,19
201200021674,12,10,18,955,1,2,1,1.0,2,19031,M,4515210.0,153260.0,19
201200021675,12,10,22,1255,1,2,6,1.0,3,19031,M,4514600.0,147012.0,19
201200021676,12,10,23,1100,1,2,1,1.0,3,19031,M,4516480.0,150869.0,19
201200021677,12,10,24,1600,1,2,2,1.0,3,19031,M,4515610.0,150672.0,19
201200021678,12,10,25,755,2,2,3,1.0,3,19031,M,4515360.0,153666.0,19
201200021679,12,10,26,815,2,2,3,2.0,3,19031,M,4515740.0,150624.0,19
201200021680,12,10,27,1105,1,2,1,1.0,6,19031,M,4515910.0,153852.0,19
201200021681,12,10,28,1140,1,2,1,1.0,6,19031,M,4515920.0,153479.0,19
201200021682,12,10,29,1240,1,2,1,1.0,6,19031,M,4515910.0,153150.0,19
201200021683,12,10,31,845,1,2,1,1.0,2,19031,M,4516660.0,154379.0,19
201200021684,12,11,14,1800,2,2,3,1.0,3,19031,M,4516270.0,153886.0,19
201200021685,12,11,15,1810,2,2,1,1.0,6,19031,M,4515550.0,153460.0,19
201200021686,12,11,16,800,1,2,1,1.0,2,19031,M,4514890.0,153064.0,19
201200021687,12,11,16,1040,1,2,1,1.0,4,19031,M,4515500.0,150448.0,19
201200021688,12,11,22,305,5,2,1,1.0,6,19031,M,4515420.0,153828.0,19
201200021689,12,11,22,1330,1,2,3,1.0,3,19031,M,4515460.0,152137.0,19
201200021690,12,11,22,1900,5,2,1,1.0,2,19031,M,4515270.0,150532.0,19
201200021691,12,11,27,730,5,2,1,1.0,3,19031,M,4516520.0,153183.0,19
201200021692,12,12,2,1115,1,2,3,2.0,3,19031,M,4515405.0,151104.0,19
201200021693,12,12,4,810,5,2,9,2.0,6,19031,M,4516075.0,150330.0,19
201200021694,12,12,7,745,5,2,9,2.0,6,19031,M,4516322.0,152255.0,19
201200021695,12,12,7,1655,2,2,1,2.0,2,19031,M,4515299.0,154781.0,19
201200021696,12,12,7,1705,2,2,1,2.0,6,19031,M,4514922.0,149287.0,19
201200021697,12,12,16,500,5,2,2,1.0,2,19031,M,4516298.0,154057.0,19
201200021698,12,12,17,800,2,2,1,2.0,3,19031,M,4515304.0,153543.0,19
201200021699,12,12,18,1830,5,2,1,1.0,4,19031,M,4516631.0,154272.0,19
201200021700,12,12,29,1505,1,2,1,1.0,6,19031,M,4515682.0,454027.0,19
201200021701,12,2,18,15,3,1,1,1.0,2,68156,M,4792002.0,726690.0,68
201200021702,12,3,13,745,1,1,1,1.0,3,68315,M,4787445.0,724524.0,68
201200021703,12,10,9,1245,1,1,1,1.0,2,68315,M,4788740.0,725590.0,68
201200021704,12,12,26,100,5,1,1,1.0,7,68058,M,4793900.0,718300.0,68
201200021705,12,2,1,615,3,1,1,1.0,1,59404,M,5100767.0,254918.0,59
201200021706,12,3,29,1730,1,2,1,1.0,6,59326,M,5095844.0,256608.0,59
201200021707,12,5,10,1045,1,1,2,1.0,1,59404,M,5103459.0,254033.0,59
201200021708,12,5,17,1730,1,1,1,1.0,7,59326,M,5096532.0,255706.0,59
201200021709,12,7,26,115,3,2,1,1.0,3,59326,M,5095774.0,255977.0,59
201200021710,12,11,7,1415,1,2,1,1.0,1,59499,M,5093984.0,253904.0,59
201200021711,12,12,28,830,1,2,1,1.0,6,19272,M,,,19
201200021712,12,1,13,725,5,2,1,1.0,6,19272,M,4525160.0,176519.0,19
201200021713,12,1,21,1815,5,2,9,2.0,6,19272,M,4525240.0,176239.0,19
201200021714,12,2,22,830,1,2,1,1.0,6,19272,M,4525270.0,176176.0,19
201200021715,12,3,5,1200,1,2,1,1.0,6,19272,M,4526030.0,175320.0,19
201200021716,12,3,16,1715,1,2,1,1.0,1,19272,M,4526270.0,176814.0,19
201200021717,12,4,14,5,5,2,1,2.0,3,19272,M,4526570.0,176993.0,19
201200021718,12,5,9,1755,1,2,1,7.0,7,19272,M,4526570.0,176702.0,19
201200021719,12,5,17,10,5,2,1,1.0,6,19272,M,4527440.0,177716.0,19
201200021720,12,5,26,850,1,2,1,1.0,7,19272,M,4525820.0,176544.0,19
201200021721,12,5,26,455,2,2,1,1.0,6,19272,M,4527310.0,177428.0,19
201200021722,12,9,10,1700,1,2,9,1.0,6,19272,M,4526959.0,177424.0,19
201200021723,12,9,17,1850,1,2,4,1.0,6,19272,M,4527740.0,176258.0,19
201200021724,12,9,19,1930,1,2,1,2.0,7,19272,M,4525400.0,376030.0,19
201200021725,12,9,25,1615,1,1,1,8.0,6,19272,M,4527310.0,178399.0,19
201200021726,12,9,28,140,5,2,1,1.0,6,19272,M,4527240.0,177722.0,19
201200021727,12,1,10,1830,5,2,3,1.0,3,19275,M,4554290.0,230145.0,19
201200021728,12,2,27,1555,1,2,1,7.0,3,19275,M,4554290.0,230145.0,19
201200021729,12,4,11,1225,1,1,1,2.0,2,19275,M,4557551.0,529524.0,19
201200021730,12,5,31,1035,1,1,1,1.0,7,19275,M,4553550.0,233030.0,19
201200021731,12,6,10,1600,1,1,3,3.0,3,19275,M,4553770.0,229994.0,19
201200021732,12,9,11,810,1,2,1,1.0,7,19275,M,4554950.0,231759.0,19
201200021733,12,10,27,1825,1,2,1,1.0,7,19275,M,4555150.0,231342.0,19
201200021734,12,11,19,1700,1,2,1,1.0,4,19275,M,4554340.0,230203.0,19
201200021735,12,12,3,1145,1,2,1,2.0,3,19275,M,0.0,0.0,19
201200021736,12,1,21,1900,5,2,1,2.0,6,68022,M,0.0,0.0,68
201200021737,12,4,29,830,1,1,1,1.0,6,68300,M,4778015.0,736272.0,68
201200021738,12,5,25,300,3,1,1,1.0,6,68020,M,4781668.0,782073.0,68
201200021739,12,8,1,1345,1,1,6,1.0,3,68300,M,4779577.0,737298.0,68
201200021740,12,10,16,1200,1,2,1,1.0,3,68300,M,4779100.0,737000.0,68
201200021741,12,10,29,1500,1,1,3,1.0,3,68020,M,4781733.0,753340.0,68
201200021742,12,2,6,1130,1,2,1,1.0,1,21054,M,,,21
201200021743,12,3,17,900,1,1,3,1.0,3,21054,M,,,21
201200021744,12,3,17,1215,1,2,1,1.0,3,21054,M,,,21
201200021745,12,5,7,2010,1,2,1,1.0,3,21054,M,,,21
201200021746,12,5,11,1720,1,2,1,1.0,3,21054,M,,,21
201200021747,12,5,11,1235,1,2,1,1.0,3,21054,M,,,21
201200021748,12,5,30,1715,1,2,1,1.0,3,21054,M,,,21
201200021749,12,6,4,1847,1,2,3,1.0,3,21054,M,,,21
201200021750,12,7,4,1707,1,2,3,1.0,3,21054,M,,,21
201200021751,12,8,3,1750,1,2,1,1.0,6,21054,M,,,21
201200021752,12,10,15,910,1,2,1,7.0,3,21054,M,,,21
201200021753,12,10,22,1055,1,2,1,1.0,2,21054,M,,,21
201200021754,12,10,26,700,5,1,1,1.0,6,21054,M,,,21
201200021755,12,10,27,1905,3,2,1,1.0,6,21054,M,,,21
201200021756,12,12,12,1210,1,2,1,1.0,3,21054,M,,,21
201200021757,12,1,4,1120,1,2,1,1.0,6,21231,M,,,21
201200021758,12,1,13,1413,1,2,1,8.0,6,21231,M,,,21
201200021759,12,1,13,1726,2,2,1,1.0,6,21231,M,,,21
201200021760,12,1,26,1254,1,2,2,8.0,3,21166,M,,,21
201200021761,12,2,5,800,1,2,2,1.0,3,21231,M,,,21
201200021762,12,2,11,1943,5,2,2,1.0,2,21231,M,,,21
201200021763,12,2,14,751,1,2,1,4.0,1,21617,M,,,21
201200021764,12,2,17,1901,5,2,1,1.0,6,21166,M,,,21
201200021765,12,2,21,2058,5,2,1,1.0,7,21231,M,,,21
201200021766,12,3,9,1248,1,2,4,1.0,3,21231,M,,,21
201200021767,12,3,21,1515,1,2,1,1.0,3,21166,M,,,21
201200021768,12,4,3,1029,1,2,1,8.0,6,21231,M,,,21
201200021769,12,4,6,2017,2,2,9,1.0,1,21231,M,,,21
201200021770,12,4,7,335,5,2,2,1.0,6,21231,M,,,21
201200021771,12,4,10,726,1,2,2,1.0,3,21166,M,,,21
201200021772,12,4,11,1100,1,2,1,8.0,6,21231,M,,,21
201200021773,12,4,15,1427,1,2,1,2.0,3,21231,M,,,21
201200021774,12,4,16,1251,1,2,1,1.0,4,21231,M,,,21
201200021775,12,4,21,519,5,2,2,1.0,1,21231,M,,,21
201200021776,12,4,25,1625,1,2,1,2.0,2,21231,M,,,21
201200021777,12,4,30,442,5,2,1,8.0,6,21355,M,,,21
201200021778,12,5,10,1515,1,2,1,1.0,6,21166,M,,,21
201200021779,12,5,11,1409,1,2,6,1.0,2,21231,M,,,21
201200021780,12,5,12,950,1,2,1,1.0,6,21231,M,,,21
201200021781,12,5,15,743,1,2,2,1.0,3,21231,M,,,21
201200021782,12,5,17,1521,1,2,3,1.0,3,21231,M,,,21
201200021783,12,5,19,2357,5,2,2,8.0,3,21617,M,,,21
201200021784,12,5,25,1205,1,2,3,1.0,6,21231,M,,,21
201200021785,12,6,10,1023,1,2,2,1.0,5,21231,M,,,21
201200021786,12,6,11,1045,1,2,4,1.0,2,21231,M,,,21
201200021787,12,6,13,1220,1,2,3,1.0,3,21355,M,,,21
201200021788,12,6,18,1837,1,2,3,1.0,6,21617,M,,,21
201200021789,12,6,22,2209,5,2,1,1.0,6,21231,M,,,21
201200021790,12,6,23,1958,1,2,2,1.0,3,21231,M,,,21
201200021791,12,6,27,1208,1,2,2,1.0,3,21231,M,,,21
201200021792,12,6,27,1726,1,2,1,1.0,2,21231,M,,,21
201200021793,12,7,2,1614,1,2,4,1.0,1,21355,M,,,21
201200021794,12,7,14,2317,5,2,1,1.0,6,21231,M,,,21
201200021795,12,7,24,1952,1,2,1,1.0,6,21166,M,,,21
201200021796,12,7,25,1830,1,2,2,1.0,6,21231,M,,,21
201200021797,12,8,2,2305,5,2,1,1.0,1,21231,M,,,21
201200021798,12,8,3,2144,5,2,1,1.0,1,21231,M,,,21
201200021799,12,8,4,1410,1,2,1,1.0,6,21231,M,,,21
201200021800,12,8,9,1107,1,2,1,1.0,6,21231,M,,,21
201200021801,12,8,29,1547,1,2,3,1.0,6,21355,M,,,21
201200021802,12,8,29,1820,1,2,3,1.0,2,21166,M,,,21
201200021803,12,9,11,1535,1,2,4,8.0,3,21231,M,,,21
201200021804,12,9,14,500,5,2,1,1.0,6,21231,M,,,21