Num_Acc,an,mois,jour,hrmn,lum,agg,int,atm,col,com,gps,lat,long,dep
201200021805,12,9,18,2005,5,2,6,1.0,3,21231,M,,,21
201200021806,12,9,23,402,5,2,1,1.0,6,21231,M,,,21
201200021807,12,9,28,1430,1,2,1,1.0,4,21355,M,,,21
201200021808,12,10,1,1218,1,2,1,1.0,3,21231,M,,,21
201200021809,12,10,4,1757,1,1,9,1.0,1,21231,M,,,21
201200021810,12,10,4,841,1,2,1,8.0,6,21231,M,,,21
201200021811,12,10,6,1442,1,2,2,8.0,1,21231,M,,,21
201200021812,12,10,6,2259,5,2,1,3.0,6,21231,M,,,21
201200021813,12,10,9,1715,1,2,2,1.0,5,21231,M,,,21
201200021814,12,10,17,840,1,1,1,1.0,1,21231,M,,,21
201200021815,12,10,23,1333,1,2,1,5.0,3,21231,M,,,21
201200021816,12,10,24,2110,5,2,2,1.0,1,21231,M,,,21
201200021817,12,10,25,2047,5,2,2,1.0,3,21231,M,,,21
201200021818,12,10,29,1355,1,2,1,1.0,4,21355,M,,,21
201200021819,12,10,30,1715,5,2,1,1.0,1,21231,M,,,21
201200021820,12,11,5,1419,1,2,1,2.0,1,21231,M,,,21
201200021821,12,11,6,1702,1,2,3,1.0,2,21231,M,,,21
201200021822,12,11,10,59,5,2,1,2.0,6,21231,M,,,21
201200021823,12,11,10,2015,5,2,2,8.0,5,21166,M,,,21
201200021824,12,11,9,915,1,2,2,1.0,6,21231,M,,,21
201200021825,12,11,13,1545,1,2,7,1.0,3,21231,M,,,21
201200021826,12,11,20,1806,5,2,7,5.0,6,21231,M,,,21
201200021827,12,11,21,1814,5,2,7,5.0,6,21231,M,,,21
201200021828,12,11,23,1633,1,2,1,5.0,6,21231,M,,,21
201200021829,12,11,26,1835,5,2,2,2.0,6,21231,M,,,21
201200021830,12,12,4,1915,5,2,1,1.0,6,21231,M,,,21
201200021831,12,12,14,1815,5,2,7,2.0,6,21231,M,,,21
201200021832,12,12,16,743,5,2,7,2.0,6,21231,M,,,21
201200021833,12,12,17,1647,1,2,1,2.0,6,21231,M,,,21
201200021834,12,12,22,523,5,2,3,8.0,6,21231,M,,,21
201200021835,12,5,2,1400,1,1,1,1.0,3,42320,M,4552677.0,448996.0,42
201200021836,12,7,7,1100,1,1,1,1.0,2,42271,M,4545166.0,461109.0,42
201200021837,12,10,5,1530,1,1,1,1.0,3,42307,M,4554400.0,466230.0,42
201200021838,12,11,28,1230,1,1,1,3.0,6,42032,M,4552147.0,454044.0,42
201200021839,12,12,19,815,1,1,1,9.0,7,42271,M,4545468.0,461847.0,42
201200021840,12,1,9,1020,1,2,2,1.0,3,22050,M,4845150.0,-205598.0,22
201200021841,12,1,31,1610,1,2,1,1.0,1,22050,M,4845104.0,-204722.0,22
201200021842,12,1,24,1257,1,2,1,1.0,6,22050,M,4845643.0,-205094.0,22
201200021843,12,1,31,1545,1,2,8,1.0,3,22050,M,,,22
201200021844,12,2,22,1915,5,2,3,2.0,3,22050,M,4845439.0,-204550.0,22
201200021845,12,2,26,1900,5,2,1,1.0,5,22050,M,4845959.0,-205660.0,22
201200021846,12,3,15,1355,1,2,1,1.0,7,22050,M,4846507.0,-204209.0,22
201200021847,12,6,13,1805,1,2,1,1.0,6,22050,M,4845315.0,-204513.0,22
201200021848,12,7,20,1145,1,2,2,1.0,3,22050,M,4845295.0,-205661.0,22
201200021849,12,7,24,1630,1,2,1,1.0,3,22050,M,4845411.0,-204676.0,22
201200021850,12,9,3,2040,5,2,3,1.0,7,22050,M,4846335.0,-204507.0,22
201200021851,12,10,6,152,5,2,2,1.0,3,22050,M,4845295.0,-205661.0,22
201200021852,12,9,24,1645,1,2,1,2.0,6,22050,M,4845634.0,-205404.0,22
201200021853,12,11,3,450,5,2,1,1.0,6,22050,M,4845547.0,-203905.0,22
201200021854,12,11,20,1955,5,2,1,1.0,1,22050,M,,,22
201200021855,12,12,1,925,1,2,9,8.0,6,22050,M,4845672.0,-205214.0,22
201200021856,12,12,7,1047,1,2,9,2.0,6,22050,M,4845416.0,-205043.0,22
201200021857,12,12,21,1830,5,2,1,1.0,6,22050,M,4845345.0,-204554.0,22
201200021858,12,1,2,1740,2,2,1,1.0,7,22113,M,4875070.0,-345904.0,22
201200021859,12,1,12,1915,3,1,1,2.0,7,22113,M,4874056.0,-342753.0,22
201200021860,12,1,10,755,2,2,6,1.0,3,22113,M,4874635.0,-346662.0,22
201200021861,12,2,10,1644,1,2,1,1.0,6,22113,M,4873063.0,-345989.0,22
201200021862,12,2,23,910,1,2,6,1.0,7,22113,M,4875298.0,-345768.0,22
201200021863,12,2,28,1757,1,1,1,1.0,5,22113,M,4875171.0,-349629.0,22
201200021864,12,3,19,935,1,2,1,7.0,6,22113,M,4872613.0,-344951.0,22
201200021865,12,3,25,925,1,1,1,8.0,7,22113,M,4875674.0,-343842.0,22
201200021866,12,3,21,1752,1,2,1,1.0,3,22113,M,4873047.0,-346941.0,22
201200021867,12,3,31,1,3,1,1,1.0,6,22113,M,4873550.0,-343202.0,22
201200021868,12,4,6,1158,1,2,6,1.0,7,22113,M,4875800.0,-345394.0,22
201200021869,12,4,22,315,3,1,1,2.0,7,22113,M,4876138.0,-343400.0,22
201200021870,12,4,23,1115,1,2,1,3.0,6,22113,M,4873581.0,-346786.0,22
201200021871,12,4,23,1200,1,2,1,1.0,3,22113,M,4872679.0,-347721.0,22
201200021872,12,4,6,1525,1,2,9,1.0,6,22113,M,4872654.0,-346017.0,22
201200021873,12,4,20,1155,1,2,1,2.0,7,22113,M,4872732.0,-344690.0,22
201200021874,12,5,29,1216,1,2,4,1.0,3,22113,M,4873561.0,-346852.0,22
201200021875,12,5,29,1545,1,2,3,1.0,2,22113,M,4873264.0,-346079.0,22
201200021876,12,5,13,840,1,2,1,1.0,6,22113,M,4873160.0,-346494.0,22
201200021877,12,6,7,745,1,2,1,1.0,6,22113,M,4873116.0,-344662.0,22
201200021878,12,6,13,1750,1,2,4,1.0,7,22113,M,4874518.0,-345151.0,22
201200021879,12,6,29,1650,1,2,1,1.0,6,22113,M,4875545.0,-346801.0,22
201200021880,12,7,26,1358,1,2,1,1.0,1,22113,M,4872849.0,-347972.0,22
201200021881,12,9,6,810,1,2,6,7.0,2,22113,M,4875289.0,-345777.0,22
201200021882,12,9,8,1400,1,1,1,1.0,3,22113,M,4875054.0,-352271.0,22
201200021883,12,9,14,755,1,2,3,1.0,3,22113,M,4873110.0,-344661.0,22
201200021884,12,9,19,1800,1,1,2,1.0,3,22113,M,4874871.0,-348611.0,22
201200021885,12,9,20,905,1,2,2,1.0,3,22113,M,4872922.0,-347554.0,22
201200021886,12,9,15,1325,1,2,1,1.0,7,22113,M,,,22
201200021887,12,10,5,1230,1,2,6,1.0,3,22113,M,4873417.0,-344502.0,22
201200021888,12,10,5,2035,2,2,1,1.0,7,22113,M,4874815.0,-345648.0,22
201200021889,12,11,20,1810,3,1,1,2.0,4,22113,M,4871912.0,-341598.0,22
201200021890,12,12,1,1745,5,2,1,3.0,3,22113,M,4874773.0,-345704.0,22
201200021891,12,12,15,1530,1,2,1,1.0,3,22113,M,4875361.0,-346026.0,22
201200021892,12,12,31,1505,1,2,6,3.0,2,22113,M,4872384.0,-343052.0,22
201200021893,12,5,7,240,3,1,1,1.0,7,22113,M,4875811.0,-344743.0,22
201200021894,12,5,20,200,3,1,1,1.0,3,22113,M,4875341.0,-351740.0,22
201200021895,12,6,29,425,5,2,6,1.0,7,22113,M,4875316.0,-345768.0,22
201200021896,12,7,17,2120,1,2,1,1.0,6,22113,M,4874289.0,-346292.0,22
201200021897,12,8,4,2345,5,1,6,1.0,7,22113,M,,,22
201200021898,12,1,3,750,2,2,1,6.0,3,22278,M,4851896.0,-279310.0,22
201200021899,12,1,3,1830,2,2,1,1.0,4,22278,M,4852045.0,-276416.0,22
201200021900,12,1,4,930,1,2,1,1.0,2,22278,M,4850976.0,-275967.0,22
201200021901,12,1,9,1830,3,2,6,1.0,2,22360,M,4849343.0,-276149.0,22
201200021902,12,1,11,2035,3,1,1,1.0,1,22106,M,4848512.0,-267883.0,22
201200021903,12,1,11,1800,5,2,1,1.0,3,22278,M,4851802.0,-278101.0,22
201200021904,12,1,14,1830,3,1,1,1.0,4,22360,M,4849081.0,-276303.0,22
201200021905,12,1,18,1250,1,2,6,1.0,6,22278,M,4850752.0,-276039.0,22
201200021906,12,1,18,2340,5,1,1,1.0,7,22215,M,4846554.0,-278809.0,22
201200021907,12,1,21,1550,1,1,1,2.0,7,22215,M,4852564.0,-282281.0,22
201200021908,12,1,25,950,1,1,1,1.0,7,22360,M,4847640.0,-272143.0,22
201200021909,12,1,26,2050,5,2,2,1.0,3,22278,M,4850881.0,-275377.0,22
201200021910,12,1,28,910,1,1,1,2.0,7,22106,M,4850779.0,-271684.0,22
201200021911,12,1,28,1812,2,2,6,1.0,7,22106,M,4849687.0,-273218.0,22
201200021912,12,2,3,1240,1,2,3,1.0,3,22360,M,4847272.0,-275648.0,22
201200021913,12,2,13,935,1,2,1,1.0,3,22278,M,4851964.0,-276391.0,22
201200021914,12,2,13,1640,1,2,6,1.0,6,22278,M,4851243.0,-275535.0,22
201200021915,12,2,13,1850,3,2,1,1.0,7,22106,M,4850089.0,-273188.0,22
201200021916,12,2,19,1915,5,2,3,1.0,3,22278,M,4850965.0,-274706.0,22
201200021917,12,2,20,1545,1,1,1,1.0,6,22106,M,4849840.0,-269006.0,22
201200021918,12,2,21,1320,1,1,3,1.0,3,22360,M,4847651.0,-273263.0,22
201200021919,12,2,21,1410,1,2,1,1.0,4,22278,M,4851071.0,-275699.0,22
201200021920,12,2,27,800,1,2,1,1.0,7,22278,M,4850278.0,-273840.0,22
201200021921,12,3,2,745,1,2,3,5.0,7,22215,M,4851623.0,-281357.0,22
201200021922,12,3,3,2025,5,2,9,1.0,3,22278,M,4850458.0,-274236.0,22
201200021923,12,3,5,1600,1,2,2,1.0,7,22278,M,4850162.0,-276932.0,22
201200021924,12,3,6,1810,1,2,6,1.0,3,22360,M,4846154.0,-278404.0,22
201200021925,12,3,12,1445,1,2,3,1.0,1,22278,M,4852099.0,-278235.0,22
201200021926,12,3,11,530,5,2,2,1.0,6,22278,M,4851739.0,-277865.0,22
201200021927,12,3,13,945,1,1,1,5.0,7,22215,M,4850337.0,-280275.0,22
201200021928,12,3,15,2230,3,2,6,1.0,7,22278,M,4851123.0,-278268.0,22
201200021929,12,3,18,400,5,2,1,1.0,6,22278,M,4851702.0,-276531.0,22
201200021930,12,3,18,1820,2,2,1,1.0,7,22278,M,4851351.0,-274694.0,22
201200021931,12,3,19,1810,2,2,1,1.0,7,22278,M,4852160.0,-276451.0,22
201200021932,12,3,20,940,1,1,1,8.0,2,22360,M,4846400.0,-277992.0,22
201200021933,12,3,21,1210,1,2,1,1.0,6,22278,M,4849991.0,-275616.0,22
201200021934,12,3,21,2000,3,1,1,1.0,2,22215,M,4848966.0,-281649.0,22
201200021935,12,3,22,815,1,2,1,8.0,7,22278,M,4850926.0,-277205.0,22
201200021936,12,3,28,2025,2,2,4,1.0,3,22278,M,4851354.0,-276205.0,22
201200021937,12,3,29,1030,1,2,6,1.0,3,22360,M,4849347.0,-276312.0,22
201200021938,12,4,3,1445,1,2,6,1.0,7,22278,M,4852408.0,-274059.0,22
201200021939,12,4,4,1530,1,2,1,1.0,6,22278,M,4851288.0,-274576.0,22
201200021940,12,4,10,445,5,2,6,1.0,7,22106,M,4849286.0,-270890.0,22
201200021941,12,4,6,1610,1,2,1,1.0,2,22278,M,4851190.0,-274329.0,22
201200021942,12,4,13,1100,1,2,9,1.0,1,22278,M,4851669.0,-278838.0,22
201200021943,12,4,17,550,5,2,2,1.0,3,22278,M,4850567.0,-274514.0,22
201200021944,12,4,18,1205,1,2,1,1.0,7,22106,M,4850695.0,-270227.0,22
201200021945,12,4,18,1215,1,2,6,3.0,3,22278,M,4850994.0,-278297.0,22
201200021946,12,4,20,1105,1,2,6,1.0,2,22278,M,4849715.0,-274706.0,22
201200021947,12,4,24,1550,1,2,1,1.0,3,22278,M,4851403.0,-274043.0,22
201200021948,12,4,24,1715,1,1,3,1.0,1,22215,M,4849002.0,-278247.0,22
201200021949,12,4,25,1215,1,1,1,6.0,7,22215,M,4851829.0,-281365.0,22
201200021950,12,4,25,1425,1,2,2,3.0,2,22278,M,4850242.0,-273819.0,22
201200021951,12,4,26,910,1,1,3,1.0,3,22360,M,4847651.0,-273263.0,22
201200021952,12,4,27,1020,1,1,1,1.0,7,22215,M,4851812.0,-281200.0,22
201200021953,12,5,2,930,1,2,6,1.0,7,22106,M,4849668.0,-272359.0,22
201200021954,12,5,9,1815,1,1,1,1.0,2,22106,M,4848560.0,-271314.0,22
201200021955,12,5,12,1110,1,2,1,1.0,7,22278,M,4851203.0,-276202.0,22
201200021956,12,5,12,1409,1,2,3,1.0,2,22215,M,4850000.0,-278257.0,22
201200021957,12,5,12,315,5,2,1,1.0,7,22278,M,4851214.0,-274852.0,22
201200021958,12,5,18,1530,1,2,3,1.0,7,22278,M,4850006.0,-275632.0,22
201200021959,12,5,18,930,1,2,1,1.0,6,22360,M,4849207.0,-274034.0,22
201200021960,12,5,19,1355,1,1,3,2.0,3,22360,M,4847666.0,-274058.0,22
201200021961,12,5,22,1730,1,2,6,1.0,3,22278,M,4851190.0,-276605.0,22
201200021962,12,5,23,1200,1,2,1,1.0,6,22278,M,4851322.0,-275861.0,22
201200021963,12,5,25,1855,1,2,6,1.0,7,22106,M,4849832.0,-272342.0,22
201200021964,12,5,29,1815,1,1,1,1.0,2,22360,M,4848176.0,-269398.0,22
201200021965,12,5,31,1540,1,2,1,1.0,6,22278,M,4851568.0,-274216.0,22
201200021966,12,6,6,1710,1,2,1,1.0,1,22106,M,4849688.0,-273283.0,22
201200021967,12,6,8,1045,1,2,1,1.0,2,22278,M,4852290.0,-276092.0,22
201200021968,12,6,8,1240,1,2,3,1.0,3,22278,M,4850585.0,-276768.0,22
201200021969,12,6,10,1555,1,1,1,1.0,7,22278,M,4851152.0,-274122.0,22
201200021970,12,6,11,1955,1,2,1,1.0,3,22106,M,4849537.0,-272698.0,22
201200021971,12,6,12,1510,1,2,1,1.0,2,22278,M,4850562.0,-276151.0,22
201200021972,12,6,13,2220,4,2,2,2.0,3,22360,M,4849113.0,-274282.0,22
201200021973,12,6,14,1650,1,2,1,1.0,3,22278,M,4851938.0,-279068.0,22
201200021974,12,6,21,1900,1,2,3,1.0,7,22360,M,4849059.0,-273261.0,22
201200021975,12,6,15,1630,1,2,1,1.0,2,22278,M,4850448.0,-278391.0,22
201200021976,12,6,20,1455,1,1,1,1.0,2,22215,M,4848987.0,-281395.0,22
201200021977,12,6,21,1620,1,2,2,1.0,2,22278,M,4851250.0,-277551.0,22
201200021978,12,6,21,2100,1,2,4,1.0,6,22278,M,4850635.0,-276594.0,22
201200021979,12,7,6,2220,5,1,1,1.0,7,22215,M,4851760.0,-282503.0,22
201200021980,12,7,11,1510,1,2,1,1.0,2,22278,M,4850020.0,-275115.0,22
201200021981,12,7,13,1655,1,2,6,2.0,1,22360,M,4848782.0,-273147.0,22
201200021982,12,7,15,1840,1,2,3,1.0,3,22278,M,4850786.0,-275193.0,22
201200021983,12,7,17,915,1,2,2,1.0,7,22278,M,4851731.0,-277845.0,22
201200021984,12,7,20,2015,2,2,2,1.0,3,22278,M,4851555.0,-277362.0,22
201200021985,12,7,23,1750,1,2,1,1.0,4,22278,M,4851938.0,-278806.0,22
201200021986,12,7,27,440,5,2,3,1.0,3,22278,M,4849302.0,-274885.0,22
201200021987,12,7,28,945,1,2,1,1.0,2,22278,M,4850939.0,-275481.0,22
201200021988,12,8,1,1730,1,2,1,1.0,2,22360,M,4848743.0,-275196.0,22
201200021989,12,8,10,1000,1,1,1,1.0,4,22278,M,4851637.0,-274415.0,22
201200021990,12,8,10,2005,1,1,1,1.0,2,22360,M,4848292.0,-269454.0,22
201200021991,12,8,19,745,1,2,1,5.0,7,22215,M,4848565.0,-283504.0,22
201200021992,12,8,22,1750,1,2,3,1.0,6,22360,M,4846943.0,-276690.0,22
201200021993,12,9,3,1755,1,2,1,1.0,2,22215,M,4852393.0,-282498.0,22
201200021994,12,9,6,1720,1,2,1,1.0,6,22360,M,4848985.0,-275492.0,22
201200021995,12,9,7,2150,5,2,1,1.0,7,22278,M,4850400.0,-277048.0,22
201200021996,12,9,7,2225,3,2,1,1.0,7,22360,M,4849496.0,-276074.0,22
201200021997,12,9,7,1715,1,2,2,2.0,3,22278,M,4850858.0,-276111.0,22
201200021998,12,9,8,740,3,1,1,1.0,7,22106,M,4849866.0,-269840.0,22
201200021999,12,9,12,740,2,2,6,3.0,3,22278,M,4851121.0,-276238.0,22
201200022000,12,9,17,1455,1,2,6,1.0,3,22278,M,4850871.0,-277165.0,22
201200022001,12,9,17,1800,1,2,4,1.0,3,22360,M,4848316.0,-273136.0,22
201200022002,12,9,22,600,2,2,1,1.0,7,22278,M,4851203.0,-274267.0,22
201200022003,12,9,23,1040,1,2,1,1.0,7,22278,M,4851804.0,-279974.0,22
201200022004,12,9,24,2005,3,1,6,1.0,7,22360,M,4847784.0,-276816.0,22
201200022005,12,9,24,1555,1,2,1,3.0,7,22278,M,4851304.0,-279128.0,22
201200022006,12,9,25,1100,1,2,4,1.0,7,22278,M,4852426.0,-273252.0,22
201200022007,12,9,27,720,2,2,6,1.0,3,22278,M,4851121.0,-276234.0,22
201200022008,12,9,27,1810,1,2,1,1.0,3,22278,M,4850343.0,-273975.0,22
201200022009,12,10,2,1150,1,2,3,1.0,7,22278,M,4850716.0,-275098.0,22
201200022010,12,10,3,1255,1,2,6,2.0,6,22278,M,4851242.0,-275536.0,22
201200022011,12,10,5,815,1,2,6,1.0,2,22278,M,4851128.0,-278258.0,22
201200022012,12,10,8,500,3,2,3,2.0,7,22360,M,4848468.0,-274922.0,22
201200022013,12,10,6,1115,1,1,1,2.0,6,22215,M,4849898.0,-277832.0,22
201200022014,12,10,6,1130,1,1,3,1.0,3,22106,M,4849668.0,-273371.0,22
201200022015,12,10,8,1130,1,1,6,2.0,3,22278,M,4851101.0,-276241.0,22
201200022016,12,10,9,830,1,1,1,2.0,1,22215,M,4852554.0,-282230.0,22
201200022017,12,10,10,1755,1,1,1,2.0,7,22106,M,4848256.0,-268969.0,22
201200022018,12,10,11,1600,1,2,1,1.0,6,22278,M,4851404.0,-274792.0,22
201200022019,12,10,13,1750,1,2,1,1.0,6,22106,M,4849719.0,-270899.0,22
201200022020,12,10,13,1435,1,2,2,1.0,3,22215,M,4848958.0,-281692.0,22
201200022021,12,10,17,615,3,2,1,2.0,7,22215,M,4849651.0,-276803.0,22
201200022022,12,10,17,745,2,2,1,1.0,7,22360,M,4848380.0,-271827.0,22
201200022023,12,10,18,1755,2,2,6,3.0,3,22278,M,4850378.0,-274063.0,22
201200022024,12,10,22,1450,1,2,2,1.0,3,22278,M,4851556.0,-277361.0,22
201200022025,12,10,26,1240,1,2,3,1.0,3,22278,M,4849307.0,-274886.0,22
201200022026,12,11,2,1200,1,1,3,1.0,3,22360,M,4848175.0,-269325.0,22
201200022027,12,11,3,1705,1,2,1,1.0,2,22215,M,4849613.0,-279362.0,22
201200022028,12,11,5,1400,1,1,1,1.0,4,22360,M,4849090.0,-276299.0,22
201200022029,12,11,6,1700,1,1,3,1.0,3,22360,M,4849272.0,-272774.0,22
201200022030,12,11,6,1855,5,2,1,1.0,6,22278,M,4851261.0,-275917.0,22
201200022031,12,11,9,50,3,1,1,1.0,7,22278,M,4852233.0,-274939.0,22
201200022032,12,11,9,1530,1,1,3,1.0,3,22215,M,4846558.0,-282646.0,22
201200022033,12,11,9,1720,3,2,4,1.0,3,22278,M,4850254.0,-274828.0,22
201200022034,12,11,12,810,2,2,5,1.0,3,22278,M,4851557.0,-277361.0,22
201200022035,12,11,13,735,2,2,1,1.0,6,22278,M,4851417.0,-274777.0,22
201200022036,12,11,14,750,2,2,3,1.0,3,22360,M,4848379.0,-274705.0,22
201200022037,12,11,15,1645,1,2,9,1.0,3,22278,M,4850995.0,-273947.0,22
201200022038,12,11,18,1940,5,2,1,1.0,7,22278,M,4850951.0,-277250.0,22
201200022039,12,11,17,1415,1,1,1,3.0,7,22360,M,4848276.0,-269349.0,22
201200022040,12,11,17,1410,1,2,2,1.0,3,22215,M,4849737.0,-279016.0,22
201200022041,12,11,17,1336,1,2,6,3.0,7,22360,M,4849408.0,-276254.0,22
201200022042,12,11,21,950,1,2,1,1.0,6,22278,M,4850498.0,-276697.0,22
201200022043,12,11,21,1700,1,2,1,7.0,2,22278,M,4849572.0,-275029.0,22
201200022044,12,11,22,2325,4,2,1,2.0,7,22278,M,4850413.0,-275630.0,22
201200022045,12,11,24,2020,5,2,6,1.0,6,22278,M,4850799.0,-276585.0,22
201200022046,12,11,28,1420,1,2,3,2.0,3,22278,M,4851211.0,-277659.0,22
201200022047,12,11,29,2000,5,2,4,2.0,6,22278,M,4851314.0,-276277.0,22
201200022048,12,11,28,1745,3,2,3,9.0,3,22278,M,4850122.0,-273411.0,22
201200022049,12,11,30,1000,1,2,6,1.0,3,22278,M,4850379.0,-274065.0,22
201200022050,12,11,30,1150,1,2,1,8.0,6,22278,M,4851912.0,-278843.0,22
201200022051,12,12,2,1800,3,1,1,2.0,4,22360,M,4848256.0,-269283.0,22
201200022052,12,12,3,1920,5,2,3,1.0,3,22278,M,4851846.0,-278264.0,22
201200022053,12,12,5,1030,1,2,1,1.0,7,22106,M,4849855.0,-272441.0,22
201200022054,12,12,6,1825,5,2,1,1.0,2,22278,M,4850465.0,-274310.0,22
201200022055,12,12,7,815,3,1,1,1.0,7,22106,M,4849036.0,-272190.0,22
201200022056,12,12,8,715,5,2,1,1.0,7,22106,M,4850057.0,-273043.0,22
201200022057,12,12,10,1620,1,2,6,1.0,3,22360,M,4848405.0,-271997.0,22
201200022058,12,12,11,2300,3,1,1,1.0,7,22106,M,4849067.0,-272237.0,22
201200022059,12,12,14,830,2,2,1,2.0,6,22278,M,4850726.0,-278359.0,22
201200022060,12,12,17,900,1,2,1,1.0,6,22278,M,4851763.0,-274353.0,22
201200022061,12,12,20,745,5,2,1,2.0,6,22215,M,4849945.0,-278375.0,22
201200022062,12,12,22,1150,1,1,3,1.0,2,22360,M,4848052.0,-270044.0,22
201200022063,12,12,23,2115,3,1,1,1.0,5,22360,M,4848283.0,-269440.0,22
201200022064,12,12,27,115,5,2,2,1.0,7,22278,M,4850570.0,-274523.0,22
201200022065,12,12,27,1520,1,2,1,1.0,5,22278,M,4850326.0,-273067.0,22
201200022066,12,12,27,1710,1,1,6,1.0,3,22106,M,4849672.0,-272485.0,22
201200022067,12,12,29,1326,1,1,6,2.0,3,22360,M,4848616.0,-275063.0,22
201200022068,12,1,15,1400,1,2,1,1.0,6,23096,M,,,23
201200022069,12,1,20,1820,3,1,3,1.0,3,23096,M,,,23
201200022070,12,1,26,1800,3,2,3,1.0,3,23096,M,,,23
201200022071,12,3,14,1330,1,2,2,1.0,3,23096,M,,,23
201200022072,12,4,5,1730,1,2,1,1.0,6,23096,M,,,23
201200022073,12,4,4,1210,1,2,3,1.0,3,23096,M,,,23
201200022074,12,4,3,1110,1,1,1,1.0,3,23096,M,,,23
201200022075,12,1,15,720,3,2,1,1.0,6,24437,M,,,24
201200022076,12,1,15,1555,1,2,1,1.0,1,24037,M,,,24
201200022077,12,3,7,1005,1,2,1,1.0,6,24037,M,,,24
201200022078,12,3,16,1540,1,2,1,1.0,6,24037,M,,,24
201200022079,12,4,17,1815,1,2,3,1.0,2,24037,M,,,24
201200022080,12,6,10,840,1,2,1,2.0,7,24037,M,,,24
201200022081,12,6,30,2025,1,2,1,1.0,6,24037,M,,,24
201200022082,12,7,14,410,5,1,1,1.0,7,24037,M,,,24
201200022083,12,8,12,1210,1,2,2,1.0,6,24037,M,,,24
201200022084,12,9,13,830,1,1,1,9.0,3,24437,M,,,24
201200022085,12,10,14,1200,1,1,1,1.0,6,24140,M,,,24
201200022086,12,12,20,2345,3,1,1,9.0,7,24037,M,,,24
201200022087,12,12,8,745,2,1,1,1.0,1,24437,M,,,24
201200022088,12,1,23,1400,1,2,3,1.0,6,24256,M,,,24
201200022089,12,2,25,1615,1,2,6,1.0,2,24557,M,,,24
201200022090,12,3,5,1740,1,1,3,1.0,3,24053,M,,,24
201200022091,12,3,20,1042,1,2,1,1.0,6,24322,M,,,24
201200022092,12,3,30,930,1,2,6,7.0,6,24322,M,,,24
201200022093,12,3,31,150,3,2,1,1.0,7,24138,M,,,24
201200022094,12,4,17,1745,1,1,1,3.0,1,24053,M,,,24
201200022095,12,4,22,2315,3,1,1,2.0,5,24053,M,,,24
201200022096,12,4,24,1335,1,2,2,2.0,6,24322,M,,,24
201200022097,12,4,26,1535,1,2,1,2.0,6,24322,M,,,24
201200022098,12,5,26,1825,1,2,1,1.0,3,24256,M,,,24
201200022099,12,5,31,1506,1,2,9,1.0,7,24053,M,,,24
201200022100,12,6,27,1800,1,2,1,1.0,6,24557,M,,,24
201200022101,12,7,5,1921,1,1,1,1.0,6,24053,M,,,24
201200022102,12,7,14,540,5,2,6,1.0,6,24138,M,,,24
201200022103,12,7,16,1522,1,2,1,1.0,3,24053,M,,,24
201200022104,12,8,9,1950,1,2,1,7.0,6,24322,M,,,24
201200022105,12,8,9,1900,1,1,1,1.0,3,24102,M,,,24
201200022106,12,9,7,1020,1,1,1,1.0,6,24138,M,,,24
201200022107,12,9,25,1710,1,2,1,2.0,6,24322,M,,,24
201200022108,12,9,27,810,1,2,1,8.0,6,24557,M,,,24
201200022109,12,10,10,1830,1,1,1,8.0,3,24102,M,,,24
201200022110,12,10,12,525,5,2,1,1.0,6,24322,M,,,24
201200022111,12,10,28,2005,3,2,3,1.0,3,24053,M,,,24
201200022112,12,11,8,1025,1,2,1,1.0,6,24322,M,,,24
201200022113,12,12,1,240,3,1,1,1.0,6,24138,M,,,24
201200022114,12,12,3,2210,5,2,2,2.0,3,24322,M,,,24
201200022115,12,12,11,400,5,2,1,1.0,7,24322,M,,,24
201200022116,12,12,16,2220,5,2,2,1.0,3,24322,M,,,24
201200022117,12,12,24,320,5,2,1,1.0,6,24322,M,,,24
201200022118,12,1,3,1757,5,2,1,1.0,2,25056,M,,,25
201200022119,12,1,3,1828,5,2,1,1.0,6,25056,M,4722242.0,596197.0,25
201200022120,12,1,5,1306,1,2,1,3.0,6,25056,M,4721490.0,595295.0,25
201200022121,12,1,6,437,3,2,1,1.0,6,25056,M,,,25
201200022122,12,1,9,1552,1,2,1,1.0,6,25056,M,4723782.0,602405.0,25
201200022123,12,1,12,1729,5,2,1,1.0,7,25056,M,4723633.0,599855.0,25
201200022124,12,1,14,750,2,2,1,9.0,1,25056,M,4723290.0,601979.0,25
201200022125,12,1,16,1357,1,2,1,1.0,3,25056,M,4722901.0,598394.0,25
201200022126,12,1,17,1855,3,2,1,1.0,6,25056,M,4722155.0,598128.0,25