Num_Acc,an,mois,jour,hrmn,lum,agg,int,atm,col,com,gps,lat,long,dep
201200022127,12,1,21,1542,1,2,1,2.0,3,25056,M,4725434.0,603434.0,25
201200022128,12,1,21,1900,5,2,1,3.0,6,25056,M,4724740.0,599906.0,25
201200022129,12,1,22,1052,1,2,3,8.0,4,25056,M,4724521.0,602351.0,25
201200022130,12,1,23,1345,1,2,1,1.0,5,25056,M,4723650.0,598595.0,25
201200022131,12,1,25,1454,1,2,2,2.0,3,25056,M,4721454.0,595100.0,25
201200022132,12,1,26,250,5,1,1,1.0,6,25056,M,4722765.0,603889.0,25
201200022133,12,2,1,1337,1,2,1,1.0,2,25056,M,4724683.0,602624.0,25
201200022134,12,2,1,1508,1,2,3,1.0,3,25056,M,4721471.0,595126.0,25
201200022135,12,2,2,1801,5,2,1,1.0,6,25056,M,4722146.0,597008.0,25
201200022136,12,2,3,1306,1,2,1,1.0,6,25056,M,4722996.0,600956.0,25
201200022137,12,2,12,1601,1,2,1,1.0,6,25056,M,4725696.0,603134.0,25
201200022138,12,2,20,1649,1,2,1,1.0,6,25056,M,4722005.0,596704.0,25
201200022139,12,2,20,1215,1,2,2,1.0,3,25056,M,,,25
201200022140,12,2,24,752,1,2,1,1.0,6,25056,M,4723707.0,600687.0,25
201200022141,12,2,29,1743,1,2,1,1.0,6,25056,M,4721422.0,598746.0,25
201200022142,12,3,3,1026,1,2,1,1.0,6,25056,M,4723316.0,602615.0,25
201200022143,12,3,3,1759,1,2,1,1.0,7,25056,M,4725440.0,598748.0,25
201200022144,12,3,13,2127,5,2,3,1.0,3,25056,M,4725725.0,604290.0,25
201200022145,12,3,14,1209,1,2,1,1.0,4,25056,M,4723053.0,601626.0,25
201200022146,12,3,17,740,1,2,1,1.0,7,25056,M,4722157.0,597697.0,25
201200022147,12,3,21,1840,1,2,1,1.0,3,25056,M,4723782.0,602405.0,25
201200022148,12,3,22,1500,1,2,1,1.0,6,25056,M,4723378.0,602028.0,25
201200022149,12,3,23,1318,1,2,1,1.0,3,25056,M,4723996.0,601515.0,25
201200022150,12,3,23,1515,1,2,3,1.0,3,25056,M,4725709.0,602838.0,25
201200022151,12,3,25,556,5,2,1,1.0,3,25056,M,4725550.0,604067.0,25
201200022152,12,3,25,1317,1,2,3,1.0,3,25056,M,4726168.0,603674.0,25
201200022153,12,3,26,1131,1,2,1,1.0,1,25056,M,4726168.0,603674.0,25
201200022154,12,3,27,1830,1,2,1,1.0,6,25056,M,4725963.0,604522.0,25
201200022155,12,4,2,932,1,2,3,1.0,3,25056,M,4724401.0,600948.0,25
201200022156,12,4,14,1322,1,2,1,2.0,2,25056,M,4722921.0,600904.0,25
201200022157,12,4,18,11,5,2,2,2.0,3,25056,M,4725351.0,602953.0,25
201200022158,12,4,19,1618,1,2,1,1.0,6,25056,M,4724218.0,601353.0,25
201200022159,12,4,20,1305,1,2,1,2.0,6,25056,M,4724668.0,603067.0,25
201200022160,12,4,20,1600,1,2,1,1.0,1,25056,M,4723081.0,602772.0,25
201200022161,12,4,22,1515,1,2,1,4.0,2,25056,M,,,25
201200022162,12,4,22,600,5,2,1,1.0,2,25056,M,4724522.0,601898.0,25
201200022163,12,5,3,2247,5,2,2,1.0,3,25056,M,4725045.0,600611.0,25
201200022164,12,5,11,2217,5,2,1,1.0,3,25056,M,4725722.0,601195.0,25
201200022165,12,5,12,540,5,2,1,1.0,1,25056,M,4723633.0,603305.0,25
201200022166,12,5,15,1720,1,2,1,1.0,1,25056,M,4725427.0,601518.0,25
201200022167,12,5,16,2158,5,2,1,1.0,3,25056,M,4722839.0,598593.0,25
201200022168,12,5,19,1705,1,2,1,2.0,6,25056,M,4725440.0,598748.0,25
201200022169,12,5,23,1359,1,2,1,8.0,6,25056,M,4725916.0,601559.0,25
201200022170,12,5,23,1723,1,2,1,1.0,6,25056,M,4724522.0,601898.0,25
201200022171,12,5,24,816,1,2,1,1.0,4,25056,M,4724479.0,602360.0,25
201200022172,12,5,24,1141,1,2,1,1.0,6,25056,M,4723650.0,598595.0,25
201200022173,12,5,26,1605,1,2,1,1.0,3,25056,M,4723707.0,600453.0,25
201200022174,12,5,29,316,5,2,1,1.0,6,25056,M,,,25
201200022175,12,6,2,1157,1,2,1,1.0,7,25056,M,4723192.0,598274.0,25
201200022176,12,6,2,1330,1,2,2,1.0,3,25056,M,4724522.0,601898.0,25
201200022177,12,6,10,412,5,2,1,1.0,7,25056,M,4723053.0,601626.0,25
201200022178,12,6,14,2149,5,2,1,1.0,6,25056,M,4724598.0,601390.0,25
201200022179,12,6,19,1002,1,2,1,1.0,6,25056,M,4724101.0,603310.0,25
201200022180,12,6,21,839,1,2,1,1.0,5,25056,M,4725102.0,603454.0,25
201200022181,12,6,22,608,1,2,1,1.0,6,25056,M,4723199.0,605750.0,25
201200022182,12,6,22,748,1,2,1,1.0,6,25056,M,4722070.0,596159.0,25
201200022183,12,6,22,1426,1,2,1,1.0,2,25056,M,4723782.0,602405.0,25
201200022184,12,6,22,1455,1,2,1,1.0,6,25056,M,4721959.0,597404.0,25
201200022185,12,6,23,1416,1,2,1,1.0,6,25056,M,4722225.0,596340.0,25
201200022186,12,6,23,1430,1,2,1,2.0,3,25056,M,4722073.0,596578.0,25
201200022187,12,6,27,1640,1,2,1,1.0,6,25056,M,4724547.0,602846.0,25
201200022188,12,7,6,1816,1,2,1,1.0,6,25056,M,4725422.0,601696.0,25
201200022189,12,7,6,2317,5,2,1,1.0,7,25056,M,4724608.0,601870.0,25
201200022190,12,7,7,1420,1,2,1,1.0,6,25056,M,4723682.0,603274.0,25
201200022191,12,7,7,1421,1,2,1,1.0,6,25056,M,4723452.0,598407.0,25
201200022192,12,7,8,700,1,2,5,1.0,5,25056,M,4723781.0,601477.0,25
201200022193,12,7,11,2231,5,2,2,1.0,3,25056,M,4725603.0,602040.0,25
201200022194,12,7,23,2141,1,2,1,1.0,3,25056,M,4721757.0,594978.0,25
201200022195,12,7,28,1950,1,2,1,1.0,3,25056,M,4724540.0,602844.0,25
201200022196,12,7,30,1629,1,2,1,1.0,6,25056,M,4722293.0,597563.0,25
201200022197,12,8,2,27,5,2,3,8.0,7,25056,M,4724735.0,602054.0,25
201200022198,12,8,7,1730,1,2,1,1.0,6,25056,M,4724843.0,603791.0,25
201200022199,12,8,8,1720,1,2,1,1.0,2,25056,M,4723782.0,602405.0,25
201200022200,12,8,9,11,5,2,1,1.0,3,25056,M,4723953.0,602637.0,25
201200022201,12,8,12,1650,1,2,1,1.0,6,25056,M,4723203.0,599973.0,25
201200022202,12,8,13,1737,1,2,3,1.0,3,25056,M,4723141.0,599185.0,25
201200022203,12,8,15,1025,1,2,1,1.0,2,25056,M,4724877.0,600100.0,25
201200022204,12,8,15,1610,1,2,2,1.0,6,25056,M,4721614.0,599696.0,25
201200022205,12,8,21,1305,1,2,3,1.0,3,25056,M,4723159.0,601009.0,25
201200022206,12,8,22,2019,1,2,3,1.0,6,25056,M,4722262.0,597342.0,25
201200022207,12,8,29,953,1,2,1,1.0,5,25056,M,4721765.0,596609.0,25
201200022208,12,8,29,2154,5,2,1,3.0,7,25056,M,4724431.0,609163.0,25
201200022209,12,9,4,1041,1,2,1,1.0,4,25056,M,4721765.0,596609.0,25
201200022210,12,9,7,1634,1,2,1,1.0,2,25056,M,4723650.0,598595.0,25
201200022211,12,9,8,838,1,2,1,1.0,3,25056,M,4723816.0,598806.0,25
201200022212,12,9,11,455,5,2,1,1.0,2,25056,M,4723028.0,600972.0,25
201200022213,12,9,13,1335,1,2,1,1.0,6,25056,M,4725490.0,601641.0,25
201200022214,12,9,17,1828,1,2,1,1.0,2,25056,M,,,25
201200022215,12,9,18,2250,5,2,5,2.0,3,25056,M,4724409.0,601310.0,25
201200022216,12,9,19,800,1,1,1,2.0,6,25056,M,,,25
201200022217,12,9,20,2318,5,2,1,1.0,6,25056,M,4722183.0,598186.0,25
201200022218,12,9,21,1517,1,2,1,1.0,3,25056,M,4724616.0,602144.0,25
201200022219,12,9,21,1709,1,2,1,1.0,3,25056,M,4724935.0,600545.0,25
201200022220,12,9,23,1855,1,2,1,1.0,6,25056,M,4723612.0,602644.0,25
201200022221,12,9,24,724,1,2,1,3.0,6,25056,M,4722553.0,596601.0,25
201200022222,12,9,27,1020,1,2,1,1.0,3,25056,M,4721789.0,600624.0,25
201200022223,12,9,27,2120,5,1,1,1.0,6,25056,M,,,25
201200022224,12,9,28,1547,1,2,1,1.0,2,25056,M,4722467.0,597094.0,25
201200022225,12,9,28,2116,5,2,1,1.0,7,25056,M,4724669.0,602608.0,25
201200022226,12,9,29,32,5,2,1,1.0,1,25056,M,4725545.0,603286.0,25
201200022227,12,9,29,1057,1,2,1,1.0,6,25056,M,4721859.0,595306.0,25
201200022228,12,10,5,2120,5,2,1,1.0,3,25056,M,4722085.0,601554.0,25
201200022229,12,10,9,1731,2,2,1,1.0,6,25056,M,4722071.0,596160.0,25
201200022230,12,10,10,1744,1,2,2,1.0,3,25056,M,4724584.0,602947.0,25
201200022231,12,10,16,759,1,2,3,1.0,3,25056,M,4721944.0,597555.0,25
201200022232,12,10,16,1352,1,2,1,2.0,3,25056,M,,,25
201200022233,12,10,17,752,1,2,1,8.0,2,25056,M,,,25
201200022234,12,10,18,1930,5,2,2,1.0,3,25056,M,4725813.0,604676.0,25
201200022235,12,10,19,1350,1,2,1,1.0,1,25056,M,4726946.0,604690.0,25
201200022236,12,10,23,755,2,2,1,5.0,3,25056,M,,,25
201200022237,12,10,27,124,5,2,1,2.0,6,25056,M,,,25
201200022238,12,10,27,1618,1,2,1,1.0,1,25056,M,4724810.0,598986.0,25
201200022239,12,10,29,818,1,2,1,1.0,6,25056,M,4724837.0,602660.0,25
201200022240,12,10,29,732,2,2,1,1.0,6,25056,M,4724943.0,601969.0,25
201200022241,12,10,30,1420,1,2,1,1.0,2,25056,M,4723023.0,599329.0,25
201200022242,12,10,31,1600,1,2,1,1.0,6,25056,M,4723691.0,602534.0,25
201200022243,12,11,2,2103,5,2,2,3.0,3,25056,M,4723553.0,598271.0,25
201200022244,12,11,4,831,1,2,1,1.0,7,25056,M,,,25
201200022245,12,11,7,1952,5,2,1,1.0,6,25056,M,4725725.0,602846.0,25
201200022246,12,11,8,833,1,2,1,1.0,2,25056,M,4725877.0,602891.0,25
201200022247,12,11,8,1754,5,2,2,1.0,3,25056,M,4725190.0,603833.0,25
201200022248,12,11,9,1846,5,2,1,1.0,2,25056,M,4723704.0,601450.0,25
201200022249,12,11,10,628,5,2,1,2.0,6,25056,M,4721544.0,596197.0,25
201200022250,12,11,13,825,1,2,1,1.0,6,25056,M,4723509.0,600310.0,25
201200022251,12,11,13,1000,1,2,1,1.0,2,25056,M,4725739.0,602900.0,25
201200022252,12,11,13,1645,1,2,1,1.0,6,25056,M,4723811.0,602429.0,25
201200022253,12,11,13,1743,4,2,1,1.0,6,25056,M,4725076.0,599615.0,25
201200022254,12,11,16,623,5,2,1,5.0,6,25056,M,4722030.0,597793.0,25
201200022255,12,11,19,1740,2,2,1,1.0,1,25056,M,4724847.0,600080.0,25
201200022256,12,11,19,1255,1,2,3,1.0,1,25056,M,4725681.0,603318.0,25
201200022257,12,11,19,1546,1,2,1,1.0,2,25056,M,4722760.0,600264.0,25
201200022258,12,11,20,1019,1,2,1,1.0,2,25056,M,4724581.0,600948.0,25
201200022259,12,11,21,1809,5,2,1,1.0,2,25056,M,4723055.0,602907.0,25
201200022260,12,11,22,743,1,2,1,5.0,6,25056,M,4725353.0,601574.0,25
201200022261,12,11,23,1415,1,1,1,1.0,1,25056,M,,,25
201200022262,12,11,26,747,2,2,1,2.0,6,25056,M,4722394.0,597372.0,25
201200022263,12,11,28,1910,5,2,1,2.0,6,25056,M,4725156.0,601763.0,25
201200022264,12,12,1,1506,1,2,1,1.0,6,25056,M,4724948.0,605033.0,25
201200022265,12,12,6,1323,1,2,1,1.0,2,25056,M,4723811.0,601497.0,25
201200022266,12,12,7,131,5,2,1,1.0,6,25056,M,4723391.0,603730.0,25
201200022267,12,12,10,1640,1,2,4,1.0,1,25056,M,4722910.0,598900.0,25
201200022268,12,12,14,2137,5,2,3,2.0,1,25056,M,4724416.0,599591.0,25
201200022269,12,12,16,247,5,2,1,2.0,6,25056,M,,,25
201200022270,12,12,17,1815,5,2,1,2.0,2,25056,M,4725762.0,599827.0,25
201200022271,12,12,17,1906,3,1,1,2.0,1,25056,M,,,25
201200022272,12,12,18,740,5,2,1,2.0,6,25056,M,4723596.0,599563.0,25
201200022273,12,12,20,2159,5,1,1,2.0,6,25056,M,,,25
201200022274,12,12,20,1740,2,2,1,2.0,6,25056,M,4724101.0,603310.0,25
201200022275,12,1,1,450,5,2,1,1.0,6,25031,M,4747979.0,684053.0,25
201200022276,12,1,5,1755,5,2,1,3.0,6,25388,M,4751248.0,679908.0,25
201200022277,12,1,20,800,1,2,1,2.0,1,25031,M,4749032.0,682825.0,25
201200022278,12,1,22,1900,5,2,1,2.0,3,25580,M,4745856.0,682541.0,25
201200022279,12,6,16,1510,1,2,1,1.0,6,25388,M,4751035.0,679846.0,25
201200022280,12,6,26,1740,1,2,1,1.0,6,25388,M,4750873.0,679329.0,25
201200022281,12,9,14,1745,1,2,1,1.0,6,25031,M,4723291.0,600059.0,25
201200022282,12,9,25,2015,5,2,3,1.0,3,25614,M,4752343.0,683152.0,25
201200022283,12,10,1,1815,1,2,1,1.0,6,25547,M,4751410.0,682901.0,25
201200022284,12,10,1,1920,2,2,1,1.0,6,25547,M,4751662.0,682935.0,25
201200022285,12,10,31,1340,1,2,1,1.0,6,25388,M,4751717.0,679394.0,25
201200022286,12,12,1,1840,5,2,1,1.0,6,25388,M,4751852.0,679302.0,25
201200022287,12,12,1,2253,5,2,1,1.0,6,25031,M,,,25
201200022288,12,12,14,1910,5,2,1,1.0,6,25388,M,,,25
201200022289,12,1,4,750,2,2,1,4.0,6,25462,M,4690276.0,635360.0,25
201200022290,12,2,1,1808,5,2,1,1.0,6,25462,M,4690410.0,635424.0,25
201200022291,12,3,12,1230,1,2,3,1.0,6,25462,M,4691068.0,634463.0,25
201200022292,12,4,7,1940,2,2,1,1.0,6,25462,M,4690645.0,635400.0,25
201200022293,12,4,23,1820,1,2,1,2.0,2,25462,M,4790336.0,635554.0,25
201200022294,12,5,4,1440,1,2,1,1.0,3,25462,M,4690410.0,635424.0,25
201200022295,12,5,15,1655,1,2,1,4.0,3,25462,M,4690001.0,636011.0,25
201200022296,12,5,24,1005,1,2,1,7.0,6,25462,M,4690306.0,635154.0,25
201200022297,12,6,29,1040,1,2,1,1.0,6,25462,M,4690114.0,636029.0,25
201200022298,12,7,4,710,1,2,1,1.0,1,25462,M,4690847.0,634947.0,25
201200022299,12,7,10,910,1,2,1,1.0,3,25462,M,4654500.0,620550.0,25
201200022300,12,7,29,1600,1,2,1,1.0,3,25462,M,4690812.0,634989.0,25
201200022301,12,8,8,1630,1,2,1,1.0,6,25462,M,4689841.0,634994.0,25
201200022302,12,9,28,1225,1,2,3,1.0,3,25462,M,4690582.0,634983.0,25
201200022303,12,10,11,1105,1,2,7,1.0,6,25462,M,4690469.0,635237.0,25
201200022304,12,10,17,1805,1,2,3,1.0,3,25462,M,4691017.0,635289.0,25
201200022305,12,11,15,1935,5,2,1,1.0,2,25462,M,4690708.0,635046.0,25
201200022306,12,11,19,1850,5,2,1,1.0,6,25462,M,4690870.0,633888.0,25
201200022307,12,12,21,1330,1,2,1,1.0,3,25462,M,4690410.0,635424.0,25
201200022308,12,1,16,2245,5,1,1,1.0,6,26333,M,4517800.0,481600.0,26
201200022309,12,3,12,1145,1,2,1,1.0,6,26341,M,0.0,0.0,26
201200022310,12,9,27,500,3,1,1,1.0,1,26325,M,4528400.0,482200.0,26
201200022311,12,1,18,1315,1,2,4,7.0,1,84099,M,0.0,0.0,84
201200022312,12,4,1,730,2,1,1,1.0,6,84099,M,0.0,0.0,84
201200022313,12,5,18,245,3,1,1,2.0,7,84025,M,0.0,0.0,84
201200022314,12,7,8,1330,1,1,1,1.0,3,84131,M,0.0,0.0,84
201200022315,12,7,17,900,1,1,1,1.0,1,84025,M,0.0,0.0,84
201200022316,12,8,28,1,3,1,1,1.0,7,84062,M,0.0,0.0,84
201200022317,12,9,30,1930,5,2,2,8.0,3,84038,M,0.0,0.0,84
201200022318,12,10,15,1530,1,1,1,1.0,3,84099,M,0.0,0.0,84
201200022319,12,11,4,1600,1,2,1,2.0,3,84038,M,0.0,0.0,84
201200022320,12,12,3,2030,3,1,1,1.0,6,84038,M,0.0,0.0,84
201200022321,12,1,4,1830,3,1,1,2.0,3,59478,M,5095656.0,246531.0,59
201200022322,12,7,22,2000,1,2,1,1.0,6,59067,M,5097095.0,242869.0,59
201200022323,12,8,7,1815,1,1,6,1.0,3,59641,M,5096101.0,247577.0,59
201200022324,12,10,4,500,3,1,1,3.0,7,59016,M,5100044.0,233748.0,59
201200022325,12,10,27,1115,1,1,1,4.0,4,59082,M,5099323.0,239614.0,59
201200022326,12,11,2,715,2,1,1,3.0,1,59478,M,5094892.0,243146.0,59
201200022327,12,2,16,1500,1,2,9,1.0,1,62571,M,0.0,0.0,62
201200022328,12,5,13,1715,1,2,1,1.0,3,62261,M,0.0,0.0,62
201200022329,12,6,4,2015,1,2,1,1.0,6,62752,M,0.0,0.0,62
201200022330,12,7,11,1730,1,2,1,8.0,6,62261,M,0.0,0.0,62
201200022331,12,7,25,800,1,2,1,1.0,1,62752,M,0.0,0.0,62
201200022332,12,8,8,1030,1,1,1,1.0,3,62752,M,5048300.0,164200.0,62
201200022333,12,8,22,1645,1,1,2,1.0,3,62815,M,0.0,0.0,62
201200022334,12,8,17,1045,1,2,1,1.0,1,62849,M,0.0,0.0,62
201200022335,12,9,2,1330,1,1,1,8.0,6,62233,M,0.0,0.0,62
201200022336,12,10,11,1800,1,2,3,1.0,1,62261,M,0.0,0.0,62
201200022337,12,12,15,1715,4,2,1,2.0,6,62571,M,0.0,0.0,62
201200022338,12,12,26,1815,5,2,1,3.0,6,62261,M,5048370.0,162397.0,62
201200022339,12,3,22,800,1,2,1,1.0,6,59202,M,5067917.0,285754.0,59
201200022340,12,4,5,2045,2,2,1,1.0,1,59653,M,5055646.0,292265.0,59
201200022341,12,10,19,2300,5,2,1,1.0,6,59278,M,5061330.0,295648.0,59
201200022342,12,11,22,1715,4,2,1,6.0,6,59056,M,5059948.0,292241.0,59
201200022343,12,11,25,545,3,1,1,2.0,2,59278,M,5060379.0,294527.0,59
201200022344,12,2,26,1615,1,1,1,1.0,1,74217,M,0.0,0.0,74
201200022345,12,3,4,515,4,1,1,1.0,7,74112,M,0.0,0.0,74
201200022346,12,3,7,1630,1,1,1,1.0,5,74213,M,0.0,0.0,74
201200022347,12,7,13,1830,1,1,1,1.0,1,74026,M,0.0,0.0,74
201200022348,12,3,12,1330,1,1,1,1.0,1,01033,M,4610260.0,584232.0,01
201200022349,12,4,2,1130,1,2,6,1.0,6,01033,M,4611830.0,581501.0,01
201200022350,12,6,17,1730,1,1,1,2.0,1,01033,M,4610110.0,584367.0,01
201200022351,12,4,8,1200,1,2,1,1.0,3,01033,M,4610730.0,582264.0,01
201200022352,12,9,12,1845,1,1,3,1.0,3,01091,M,0.0,0.0,01
201200022353,12,10,6,430,3,1,1,1.0,6,01205,M,0.0,0.0,01
201200022354,12,10,17,645,5,1,3,1.0,3,01091,M,0.0,0.0,01
201200022355,12,10,23,1030,1,2,9,1.0,6,01033,M,0.0,0.0,01
201200022356,12,6,30,615,2,1,1,1.0,7,83100,M,0.0,0.0,83
201200022357,12,12,30,1645,1,1,1,1.0,6,83091,M,0.0,0.0,83
201200022358,12,8,12,1645,1,1,1,1.0,5,54477,M,4902400.0,592100.0,54
201200022359,12,1,8,725,5,1,2,1.0,3,26198,M,,,26
201200022360,12,11,14,1330,1,2,6,1.0,3,26198,M,,,26
201200022361,12,1,6,2250,5,2,1,1.0,2,26198,M,,,26
201200022362,12,1,4,1750,5,2,1,1.0,2,26198,M,4456810.0,475280.0,26
201200022363,12,11,24,945,1,2,1,1.0,4,26198,M,4457260.0,476210.0,26
201200022364,12,2,20,1340,1,1,1,1.0,5,26198,M,,,26
201200022365,12,2,23,2130,3,1,1,6.0,6,26198,M,,,26
201200022366,12,2,26,1415,1,2,1,1.0,6,26198,M,,,26
201200022367,12,3,21,150,3,2,1,2.0,3,26198,M,,,26
201200022368,12,4,7,2140,5,1,1,8.0,3,26198,M,,,26
201200022369,12,4,18,2010,1,1,3,1.0,6,26198,M,,,26
201200022370,12,4,20,1400,1,2,1,1.0,6,26198,M,,,26
201200022371,12,5,7,1915,1,2,2,1.0,5,26198,M,,,26
201200022372,12,5,10,1550,1,2,1,1.0,6,26198,M,4455370.0,472160.0,26
201200022373,12,5,23,2114,5,2,1,1.0,2,26198,M,,,26
201200022374,12,6,1,2145,5,2,1,1.0,1,26198,M,4455440.0,472390.0,26
201200022375,12,6,20,1705,1,1,3,1.0,1,26008,M,,,26
201200022376,12,6,27,1050,1,2,2,1.0,3,26198,M,,,26
201200022377,12,6,26,1835,1,2,1,1.0,6,26198,M,,,26
201200022378,12,7,24,640,1,1,1,1.0,1,26198,M,,,26
201200022379,12,8,3,1310,1,2,1,1.0,3,26198,M,,,26
201200022380,12,8,4,1825,1,2,6,1.0,3,26198,M,,,26
201200022381,12,8,11,915,1,2,1,1.0,3,26198,M,,,26
201200022382,12,8,28,1001,1,1,1,1.0,3,26198,M,,,26
201200022383,12,8,31,1900,1,2,1,1.0,6,26198,M,,,26
201200022384,12,9,13,950,1,2,1,1.0,6,26198,M,,,26
201200022385,12,9,22,2150,5,2,2,1.0,3,26198,M,,,26
201200022386,12,9,25,1705,1,1,1,1.0,3,26198,M,,,26
201200022387,12,9,27,2000,2,2,1,1.0,6,26198,M,,,26
201200022388,12,9,29,1410,1,2,1,3.0,4,26198,M,,,26
201200022389,12,10,7,1020,1,2,1,1.0,6,26198,M,,,26
201200022390,12,10,4,900,1,2,1,1.0,6,26198,M,4456340.0,474720.0,26
201200022391,12,9,28,1035,1,1,1,1.0,3,26198,M,,,26
201200022392,12,10,16,2020,5,2,1,1.0,3,26198,M,,,26
201200022393,12,10,26,905,1,2,1,8.0,6,26198,M,,,26
201200022394,12,10,28,2015,5,1,1,6.0,1,26198,M,,,26
201200022395,12,10,12,1755,1,1,4,1.0,3,26198,M,,,26
201200022396,12,11,1,1105,1,2,1,1.0,1,26198,M,,,26
201200022397,12,12,25,1925,5,2,1,2.0,1,26198,M,,,26
201200022398,12,12,22,325,5,2,6,1.0,7,26198,M,4455520.0,474980.0,26
201200022399,12,12,25,1100,1,1,1,1.0,6,26198,M,,,26
201200022400,12,1,3,1555,1,2,1,1.0,6,26281,M,,,26
201200022401,12,1,9,1956,5,2,2,1.0,6,26281,M,,,26
201200022402,12,1,11,1230,1,2,1,1.0,2,26057,M,,,26
201200022403,12,1,18,1625,1,2,1,1.0,6,26281,M,,,26
201200022404,12,1,19,745,1,2,1,1.0,3,26057,M,,,26
201200022405,12,1,20,755,2,2,1,2.0,6,26281,M,4504630.0,504660.0,26
201200022406,12,1,20,1055,1,2,2,2.0,3,26281,M,4505160.0,505160.0,26
201200022407,12,1,23,854,1,2,3,1.0,1,26281,M,4504770.0,504210.0,26
201200022408,12,1,25,1850,1,2,2,1.0,6,26057,M,,,26
201200022409,12,2,10,830,1,2,3,1.0,1,26281,M,4504230.0,504970.0,26
201200022410,12,2,13,1655,1,2,7,2.0,6,26281,M,4504870.0,507500.0,26
201200022411,12,3,3,1130,1,2,3,1.0,2,26281,M,4504800.0,506500.0,26
201200022412,12,3,3,1905,2,2,2,1.0,3,26281,M,,,26
201200022413,12,3,5,1630,1,2,2,1.0,3,26281,M,,,26
201200022414,12,3,7,1830,2,2,1,1.0,5,26281,M,,,26
201200022415,12,3,8,655,2,2,1,2.0,1,26281,M,,,26
201200022416,12,3,9,1630,1,2,2,1.0,1,26281,M,,,26
201200022417,12,3,11,1640,1,2,3,1.0,3,26281,M,,,26
201200022418,12,3,27,2055,5,2,1,1.0,6,26281,M,4504400.0,506270.0,26
201200022419,12,3,28,1125,1,2,3,1.0,2,26281,M,,,26
201200022420,12,4,2,1400,1,2,3,1.0,1,26281,M,4505554.0,506320.0,26
201200022421,12,3,28,1400,1,2,3,1.0,1,26281,M,4505550.0,506320.0,26
201200022422,12,4,4,1700,1,2,1,1.0,3,26281,M,,,26
201200022423,12,4,5,1720,1,2,2,1.0,3,26057,M,,,26
201200022424,12,4,6,1550,1,2,1,1.0,2,26281,M,,,26
201200022425,12,4,17,730,2,2,2,1.0,3,26281,M,,,26
201200022426,12,4,24,1310,1,2,2,2.0,3,26281,M,,,26
201200022427,12,4,25,1515,1,2,1,1.0,6,26281,M,,,26
201200022428,12,5,16,1210,1,2,4,1.0,3,26281,M,,,26
201200022429,12,5,17,1525,1,1,1,1.0,1,26057,M,,,26
201200022430,12,5,24,1825,1,2,3,1.0,6,26281,M,,,26
201200022431,12,5,27,40,5,2,1,1.0,1,26057,M,,,26
201200022432,12,6,6,1800,1,2,2,1.0,2,26281,M,,,26
201200022433,12,6,11,1920,1,2,3,1.0,3,26281,M,,,26
201200022434,12,6,14,1800,1,2,1,1.0,6,26057,M,,,26
201200022435,12,6,15,1840,1,2,1,1.0,6,26281,M,4504468.0,504860.0,26
201200022436,12,6,21,1505,1,1,3,2.0,3,26281,M,,,26
201200022437,12,6,23,1815,1,2,2,1.0,3,26057,M,,,26
201200022438,12,7,11,1435,1,2,6,1.0,3,26281,M,,,26
201200022439,12,7,13,830,1,2,2,1.0,3,26281,M,,,26
201200022440,12,7,17,1715,1,2,6,1.0,2,26281,M,,,26
201200022441,12,7,18,1150,1,2,3,1.0,7,26057,M,,,26
201200022442,12,7,24,1355,1,1,2,1.0,3,26057,M,,,26
201200022443,12,7,24,1850,1,2,3,1.0,3,26057,M,,,26
201200022444,12,7,25,848,1,2,1,1.0,2,26057,M,,,26
201200022445,12,7,25,1225,1,1,2,1.0,3,26057,M,,,26
201200022446,12,8,3,1720,1,2,1,1.0,1,26281,M,,,26
201200022447,12,8,4,1350,1,2,3,1.0,3,26281,M,,,26
201200022448,12,8,6,1130,1,2,1,8.0,6,26057,M,,,26
201200022449,12,8,9,1830,1,2,6,1.0,3,26281,M,,,26
201200022450,12,8,13,2125,5,2,3,1.0,3,26281,M,,,26
201200022451,12,8,14,930,1,2,3,1.0,2,26281,M,,,26
201200022452,12,8,21,10,5,2,5,1.0,3,26057,M,,,26
201200022453,12,8,25,1045,1,2,1,1.0,6,26281,M,,,26
201200022454,12,8,28,1410,1,2,6,1.0,6,26281,M,,,26
201200022455,12,8,31,905,1,2,1,1.0,2,26281,M,4504830.0,505600.0,26
201200022456,12,9,3,1514,1,2,3,1.0,3,26057,M,,,26
201200022457,12,9,5,1745,1,2,2,1.0,1,26281,M,,,26
201200022458,12,9,7,1450,1,2,2,1.0,3,26281,M,,,26
201200022459,12,9,13,50,5,2,1,1.0,7,26281,M,,,26
201200022460,12,9,14,910,1,2,6,1.0,3,26281,M,,,26
201200022461,12,9,14,934,1,2,1,1.0,6,26281,M,,,26
201200022462,12,9,14,2010,3,2,1,1.0,6,26057,M,,,26