Num_Acc,an,mois,jour,hrmn,lum,agg,int,atm,col,com,gps,lat,long,dep
201200023137,12,5,29,915,1,2,2,1.0,3,29019,M,4839765.0,-448893.0,29
201200023138,12,6,1,1830,1,2,1,1.0,4,29019,M,4839304.0,-449869.0,29
201200023139,12,6,3,1125,1,2,3,1.0,7,29019,M,4839431.0,-447830.0,29
201200023140,12,6,5,1855,1,2,2,2.0,3,29019,M,4839700.0,-445394.0,29
201200023141,12,6,12,1740,1,2,9,1.0,3,29019,M,4840027.0,-446911.0,29
201200023142,12,6,15,810,1,2,1,1.0,3,29019,M,4840775.0,-448832.0,29
201200023143,12,6,16,2240,5,2,2,2.0,3,29019,M,4839269.0,-448224.0,29
201200023144,12,6,18,710,1,2,3,1.0,3,29019,M,4838977.0,-447383.0,29
201200023145,12,6,18,1820,1,2,1,1.0,3,29019,M,4837696.0,-451671.0,29
201200023146,12,6,19,1605,1,2,1,1.0,3,29019,M,4838867.0,-450642.0,29
201200023147,12,6,19,1630,1,2,1,1.0,6,29019,M,4838243.0,-450207.0,29
201200023148,12,6,22,1645,1,2,1,1.0,6,29019,M,4839429.0,-452919.0,29
201200023149,12,6,28,1035,1,2,2,1.0,3,29019,M,4840341.0,-444877.0,29
201200023150,12,6,29,1000,1,2,1,2.0,6,29019,M,4841560.0,-447455.0,29
201200023151,12,6,29,1735,1,2,1,1.0,3,29019,M,4838411.0,-450228.0,29
201200023152,12,7,3,1345,1,2,1,2.0,6,29019,M,4842219.0,-450005.0,29
201200023153,12,7,5,145,5,2,2,2.0,2,29019,M,4841321.0,-448714.0,29
201200023154,12,7,5,835,1,2,1,2.0,4,29019,M,4838518.0,-447759.0,29
201200023155,12,7,5,1310,1,2,3,2.0,3,29019,M,4840082.0,-447134.0,29
201200023156,12,7,6,1700,1,2,2,1.0,6,29019,M,4838253.0,-450354.0,29
201200023157,12,7,12,1210,1,2,1,1.0,2,29019,M,4838042.0,-453273.0,29
201200023158,12,7,16,750,1,2,2,1.0,3,29019,M,4839153.0,-448398.0,29
201200023159,12,7,13,1755,1,2,2,3.0,6,29019,M,4837939.0,-452148.0,29
201200023160,12,7,21,1400,1,2,1,1.0,6,29019,M,4840076.0,-450016.0,29
201200023161,12,7,23,950,1,2,2,1.0,3,29019,M,4840539.0,-447779.0,29
201200023162,12,7,28,450,5,2,2,1.0,3,29019,M,4841560.0,-447455.0,29
201200023163,12,7,28,1830,1,2,7,1.0,3,29019,M,4841505.0,-447949.0,29
201200023164,12,7,31,1455,1,2,2,1.0,6,29019,M,4841148.0,-445713.0,29
201200023165,12,7,31,2145,1,2,1,1.0,2,29019,M,4837482.0,-455720.0,29
201200023166,12,8,2,1320,1,2,9,1.0,6,29019,M,4842665.0,-446730.0,29
201200023167,12,8,7,1900,1,2,6,1.0,3,29019,M,4838456.0,-448343.0,29
201200023168,12,8,20,1350,1,2,2,1.0,3,29019,M,4840077.0,-446847.0,29
201200023169,12,8,26,2230,4,2,2,1.0,3,29019,M,4840077.0,-446847.0,29
201200023170,12,8,29,1445,1,2,6,1.0,7,29019,M,4838657.0,-447096.0,29
201200023171,12,9,1,2120,5,2,2,1.0,3,29019,M,4839548.0,-447685.0,29
201200023172,12,9,6,1640,1,2,2,1.0,2,29019,M,4841045.0,-451593.0,29
201200023173,12,9,6,1740,1,2,6,1.0,2,29019,M,4839355.0,-452483.0,29
201200023174,12,9,6,1920,1,1,1,1.0,2,29019,M,4839800.0,-449137.0,29
201200023175,12,9,10,1105,1,2,1,1.0,6,29019,M,4838732.0,-452358.0,29
201200023176,12,9,10,1520,1,2,1,1.0,6,29019,M,4837785.0,-452668.0,29
201200023177,12,9,12,1555,1,2,1,1.0,3,29019,M,4841701.0,-448327.0,29
201200023178,12,9,18,545,5,2,1,2.0,6,29019,M,,,29
201200023179,12,9,18,925,1,2,1,1.0,6,29019,M,4840451.0,-447911.0,29
201200023180,12,9,18,1720,1,2,3,1.0,3,29019,M,4838814.0,-448276.0,29
201200023181,12,9,19,2030,5,2,1,1.0,2,29019,M,4840650.0,-448487.0,29
201200023182,12,9,23,115,5,2,2,1.0,3,29019,M,4838550.0,-449022.0,29
201200023183,12,9,25,1310,1,2,1,1.0,6,29019,M,4842006.0,-449113.0,29
201200023184,12,9,26,1950,2,2,1,2.0,1,29019,M,4844878.0,-451132.0,29
201200023185,12,9,26,2045,2,2,1,1.0,6,29019,M,4840170.0,-445799.0,29
201200023186,12,9,29,1520,1,2,1,1.0,2,29019,M,4839069.0,-447846.0,29
201200023187,12,10,1,1950,1,2,3,1.0,3,29019,M,4839548.0,-447685.0,29
201200023188,12,10,2,1510,1,2,3,1.0,3,29019,M,4841043.0,-446130.0,29
201200023189,12,10,2,1830,1,2,1,2.0,6,29019,M,4840024.0,-450886.0,29
201200023190,12,10,7,1430,1,2,1,2.0,2,29019,M,4842109.0,-449726.0,29
201200023191,12,10,13,1605,1,2,2,1.0,3,29019,M,4839613.0,-445894.0,29
201200023192,12,10,16,745,5,2,1,1.0,6,29019,M,4840530.0,-451410.0,29
201200023193,12,10,18,1330,1,2,3,1.0,1,29019,M,4840421.0,-446193.0,29
201200023194,12,10,19,1715,1,2,1,2.0,6,29019,M,4837188.0,-453129.0,29
201200023195,12,10,19,1930,1,2,1,1.0,3,29019,M,4842741.0,-446480.0,29
201200023196,12,10,26,1725,1,2,3,1.0,3,29019,M,4839799.0,-447245.0,29
201200023197,12,10,27,1720,1,2,2,1.0,6,29019,M,4841649.0,-446552.0,29
201200023198,12,10,29,720,1,2,2,1.0,3,29019,M,4841416.0,-447272.0,29
201200023199,12,10,31,1950,5,2,1,2.0,6,29019,M,4840653.0,-450864.0,29
201200023200,12,11,1,2220,5,2,2,1.0,3,29019,M,4839146.0,-448074.0,29
201200023201,12,11,2,900,1,2,1,2.0,6,29019,M,4839507.0,-453958.0,29
201200023202,12,11,2,920,1,2,1,2.0,3,29019,M,4838349.0,-448371.0,29
201200023203,12,11,2,1135,1,2,2,2.0,3,29019,M,4841242.0,-449353.0,29
201200023204,12,11,3,1520,1,2,3,1.0,3,29019,M,4839146.0,-448074.0,29
201200023205,12,11,9,910,1,2,1,1.0,2,29019,M,4839700.0,-447054.0,29
201200023206,12,11,9,945,1,2,9,1.0,6,29019,M,4841108.0,-448635.0,29
201200023207,12,11,11,1525,1,2,1,1.0,6,29019,M,4839646.0,-453358.0,29
201200023208,12,11,11,1815,2,2,1,1.0,3,29019,M,4838928.0,-447711.0,29
201200023209,12,11,14,1650,1,2,4,1.0,2,29019,M,4841472.0,-448678.0,29
201200023210,12,11,17,1430,1,2,1,1.0,6,29019,M,4837359.0,-452575.0,29
201200023211,12,11,18,1850,3,2,1,1.0,4,29019,M,4841505.0,-447955.0,29
201200023212,12,11,24,1230,1,2,2,2.0,3,29019,M,4839898.0,-445042.0,29
201200023213,12,11,27,1115,1,2,2,2.0,3,29019,M,4839702.0,-447913.0,29
201200023214,12,11,29,45,3,2,1,3.0,6,29019,M,4839461.0,-453523.0,29
201200023215,12,12,1,530,5,2,3,1.0,3,29019,M,4841114.0,-449924.0,29
201200023216,12,12,1,1330,1,2,1,1.0,6,29019,M,4839482.0,-449271.0,29
201200023217,12,12,7,1340,1,2,9,1.0,6,29019,M,4840879.0,-446807.0,29
201200023218,12,12,8,2110,5,2,1,1.0,7,29019,M,4839976.0,-449698.0,29
201200023219,12,12,10,800,2,2,1,2.0,1,29019,M,4839888.0,-444924.0,29
201200023220,12,12,13,1510,1,2,1,1.0,6,29019,M,4839556.0,-448522.0,29
201200023221,12,12,5,1540,1,2,7,1.0,6,29019,M,4841737.0,-449385.0,29
201200023222,12,12,14,845,5,2,6,3.0,6,29019,M,4839091.0,-448894.0,29
201200023223,12,12,17,1115,1,2,1,1.0,6,29019,M,4841313.0,-449273.0,29
201200023224,12,12,19,2030,5,2,2,2.0,1,29019,M,4839802.0,-447750.0,29
201200023225,12,12,21,530,5,2,1,2.0,6,29019,M,4839190.0,-449649.0,29
201200023226,12,12,21,850,1,2,1,1.0,6,29019,M,4838583.0,-452011.0,29
201200023227,12,12,21,1740,5,2,9,2.0,2,29019,M,4841505.0,-447955.0,29
201200023228,12,12,23,545,5,2,3,1.0,6,29019,M,4840041.0,-447042.0,29
201200023229,12,12,28,1415,1,2,1,1.0,4,29019,M,4841390.0,-448217.0,29
201200023230,12,12,29,2355,5,2,2,8.0,6,29019,M,4841611.0,-447032.0,29
201200023231,12,7,20,900,1,1,1,1.0,6,40238,M,4386507.0,-35779.0,40
201200023232,12,8,13,1600,1,1,1,1.0,6,40185,M,4362026.0,-29709.0,40
201200023233,12,1,6,2055,3,1,1,2.0,6,29039,M,4791175.0,-394683.0,29
201200023234,12,1,6,2110,5,2,6,2.0,3,29039,M,4787741.0,-391047.0,29
201200023235,12,1,29,2015,5,2,1,2.0,7,29039,M,4787482.0,-391704.0,29
201200023236,12,2,11,1830,1,2,1,1.0,7,29039,M,4787500.0,-388907.0,29
201200023237,12,2,14,950,1,1,2,1.0,3,29039,M,4792590.0,-391697.0,29
201200023238,12,2,29,1850,1,2,2,1.0,6,29039,M,4787812.0,-391540.0,29
201200023239,12,3,6,1250,1,2,6,1.0,6,29039,M,4788250.0,-392410.0,29
201200023240,12,3,14,1330,1,2,7,1.0,6,29039,M,4785549.0,-390450.0,29
201200023241,12,3,16,1945,5,2,2,1.0,3,29039,M,4787339.0,-391758.0,29
201200023242,12,3,27,1550,1,1,1,1.0,7,29039,M,4792502.0,-389900.0,29
201200023243,12,4,7,1138,1,2,3,1.0,3,29039,M,4788210.0,-391940.0,29
201200023244,12,4,14,1115,1,2,2,1.0,3,29039,M,4787172.0,-391846.0,29
201200023245,12,4,20,1045,1,2,3,1.0,6,29039,M,4787269.0,-392749.0,29
201200023246,12,4,26,1800,1,1,1,1.0,2,29039,M,4787551.0,-389867.0,29
201200023247,12,5,5,1420,1,2,6,1.0,3,29039,M,4787980.0,-390658.0,29
201200023248,12,5,11,1215,1,2,6,1.0,4,29039,M,4788860.0,-391513.0,29
201200023249,12,5,25,1515,1,2,1,1.0,2,29039,M,4787292.0,-391790.0,29
201200023250,12,6,4,1110,1,2,1,8.0,3,29039,M,4787452.0,-392427.0,29
201200023251,12,6,5,1740,1,2,1,2.0,2,29039,M,4788102.0,-390933.0,29
201200023252,12,6,15,1055,1,2,1,2.0,6,29039,M,4787316.0,-391802.0,29
201200023253,12,6,22,2120,1,2,1,1.0,7,29039,M,4787187.0,-391800.0,29
201200023254,12,6,27,2105,1,1,1,1.0,7,29039,M,4792076.0,-392832.0,29
201200023255,12,7,6,1410,1,2,3,1.0,6,29039,M,4787460.0,-391871.0,29
201200023256,12,7,15,1750,1,1,1,1.0,7,29039,M,4790081.0,-394364.0,29
201200023257,12,7,23,335,3,1,1,1.0,7,29039,M,4787838.0,-390225.0,29
201200023258,12,7,28,1807,1,2,6,1.0,1,29039,M,4787590.0,-391585.0,29
201200023259,12,7,28,2100,1,2,1,1.0,7,29039,M,4790754.0,-390524.0,29
201200023260,12,8,6,1920,1,1,1,1.0,2,29039,M,4788625.0,-391359.0,29
201200023261,12,8,7,1130,1,1,1,1.0,2,29039,M,4786149.0,-389037.0,29
201200023262,12,8,28,1738,1,2,1,1.0,7,29039,M,4787506.0,-391652.0,29
201200023263,12,8,29,1103,1,2,3,1.0,3,29039,M,4788805.0,-390914.0,29
201200023264,12,9,3,2220,5,2,1,1.0,7,29039,M,4787801.0,-391461.0,29
201200023265,12,9,10,800,1,1,1,8.0,6,29039,M,4792119.0,-389328.0,29
201200023266,12,9,17,1655,1,2,1,1.0,3,29039,M,4788266.0,-392944.0,29
201200023267,12,9,18,1915,1,2,1,1.0,4,29039,M,4788449.0,-391245.0,29
201200023268,12,9,20,1635,1,1,3,1.0,3,29039,M,4791747.0,-393489.0,29
201200023269,12,9,26,1740,1,2,3,1.0,3,29039,M,4787772.0,-391963.0,29
201200023270,12,10,2,1725,1,1,1,1.0,3,29039,M,4791232.0,-392213.0,29
201200023271,12,10,4,855,1,1,1,1.0,7,29039,M,4790409.0,-394514.0,29
201200023272,12,10,9,1730,1,2,1,1.0,6,29039,M,4787190.0,-391891.0,29
201200023273,12,10,10,2320,5,2,1,3.0,6,29039,M,4785706.0,-389864.0,29
201200023274,12,10,23,1530,1,2,1,1.0,3,29039,M,4787820.0,-391984.0,29
201200023275,12,10,28,115,5,2,1,1.0,6,29039,M,4787525.0,-391608.0,29
201200023276,12,11,2,1210,1,1,1,1.0,3,29039,M,4792544.0,-389546.0,29
201200023277,12,11,2,1625,1,2,1,1.0,3,29039,M,4787065.0,-391945.0,29
201200023278,12,11,3,1920,4,2,1,8.0,3,29039,M,4787547.0,-389269.0,29
201200023279,12,11,14,1440,1,1,1,1.0,3,29039,M,4791747.0,-393489.0,29
201200023280,12,11,14,1720,1,2,1,1.0,6,29039,M,4787084.0,-392792.0,29
201200023281,12,11,15,1220,1,1,1,1.0,7,29039,M,4788121.0,-388384.0,29
201200023282,12,11,23,1428,1,1,1,2.0,7,29039,M,4790377.0,-391786.0,29
201200023283,12,11,29,1225,1,1,1,1.0,7,29039,M,4791945.0,-393077.0,29
201200023284,12,12,5,1850,5,2,1,8.0,7,29039,M,4788992.0,-392389.0,29
201200023285,12,12,6,2055,3,1,1,2.0,6,29039,M,4792802.0,-389965.0,29
201200023286,12,12,8,940,1,2,1,8.0,6,29039,M,4787535.0,-392334.0,29
201200023287,12,12,12,1400,1,2,1,1.0,7,29039,M,4788209.0,-393312.0,29
201200023288,12,12,29,1230,1,1,1,1.0,7,29039,M,4793584.0,-391098.0,29
201200023289,12,1,2,2000,3,1,1,2.0,2,29151,M,4859336.0,-383617.0,29
201200023290,12,12,29,1825,5,1,2,2.0,3,29151,M,4858761.0,-381044.0,29
201200023291,12,1,11,1740,1,2,1,1.0,6,29151,M,4857702.0,-383539.0,29
201200023292,12,1,13,1100,1,2,1,1.0,3,29254,M,4856916.0,-383779.0,29
201200023293,12,1,18,135,5,2,1,1.0,6,29151,M,4857332.0,-381608.0,29
201200023294,12,2,1,1820,2,1,1,1.0,3,29254,M,4858051.0,-385235.0,29
201200023295,12,2,10,1705,1,2,1,1.0,6,29151,M,4857762.0,-382754.0,29
201200023296,12,2,21,1230,1,2,1,1.0,1,29254,M,4857515.0,-384681.0,29
201200023297,12,3,13,1750,1,2,9,1.0,2,29254,M,4856672.0,-385040.0,29
201200023298,12,3,24,1650,1,2,1,1.0,5,29151,M,4857475.0,-383115.0,29
201200023299,12,3,31,1810,1,1,9,1.0,3,29254,M,4855479.0,-385332.0,29
201200023300,12,4,8,635,3,1,1,1.0,6,29254,M,4855491.0,-385336.0,29
201200023301,12,4,21,430,3,1,1,3.0,6,29151,M,4859407.0,-382220.0,29
201200023302,12,4,23,1700,1,2,1,2.0,7,29151,M,4858607.0,-381893.0,29
201200023303,12,5,7,1910,1,2,1,8.0,1,29151,M,4859040.0,-382368.0,29
201200023304,12,5,16,1435,1,1,1,1.0,2,29254,M,4859341.0,-383589.0,29
201200023305,12,6,11,1415,1,2,1,3.0,6,29254,M,4857690.0,-383341.0,29
201200023306,12,6,15,1000,1,2,1,1.0,3,29151,M,4857222.0,-383587.0,29
201200023307,12,6,21,1120,1,2,1,2.0,6,29151,M,4857751.0,-382726.0,29
201200023308,12,7,18,1229,1,2,6,1.0,3,29254,M,4857206.0,-385724.0,29
201200023309,12,7,23,1530,1,2,1,1.0,3,29254,M,4858424.0,-384490.0,29
201200023310,12,7,25,2115,1,2,1,1.0,1,29151,M,4857605.0,-382076.0,29
201200023311,12,8,21,2045,2,2,3,1.0,6,29151,M,4858330.0,-380663.0,29
201200023312,12,8,31,2120,5,2,1,1.0,7,29151,M,4858144.0,-382016.0,29
201200023313,12,9,6,1800,1,1,1,1.0,2,29151,M,4858598.0,-382541.0,29
201200023314,12,9,15,1815,1,2,1,1.0,1,29254,M,4858094.0,-384500.0,29
201200023315,12,10,9,1830,1,2,1,1.0,2,29151,M,4857865.0,-382902.0,29
201200023316,12,10,19,1630,1,2,3,8.0,3,29151,M,4858146.0,-381877.0,29
201200023317,12,11,5,815,1,1,1,2.0,6,29254,M,4858853.0,-384561.0,29
201200023318,12,11,10,1100,1,2,9,1.0,7,29151,M,4857414.0,-383271.0,29
201200023319,12,11,17,1315,1,1,1,2.0,2,29254,M,4856437.0,-386121.0,29
201200023320,12,11,20,1330,1,1,1,2.0,2,29151,M,4858840.0,-384597.0,29
201200023321,12,11,21,755,5,2,1,2.0,2,29151,M,4858212.0,-381176.0,29
201200023322,12,12,19,1950,5,2,1,2.0,7,29151,M,4857431.0,-384504.0,29
201200023323,12,12,20,745,5,2,1,2.0,6,29254,M,4856411.0,-385334.0,29
201200023324,12,12,21,1120,1,1,1,2.0,7,29151,M,,,29
201200023325,12,12,22,1530,1,2,1,8.0,7,29151,M,4857628.0,-382487.0,29
201200023326,12,1,23,1330,1,1,1,1.0,6,52111,M,4795319.0,536049.0,52
201200023327,12,3,4,1115,1,1,1,1.0,1,52366,M,4790035.0,522349.0,52
201200023328,12,4,4,1445,1,1,1,1.0,6,52283,M,4803444.0,555316.0,52
201200023329,12,4,15,600,2,1,1,1.0,6,52163,M,4795599.0,541430.0,52
201200023330,12,6,5,1430,1,1,1,1.0,6,52027,M,4773536.0,519440.0,52
201200023331,12,6,12,1400,1,1,1,2.0,1,52320,M,4806965.0,559488.0,52
201200023332,12,7,17,1400,1,1,1,1.0,7,52432,M,4794851.0,532412.0,52
201200023333,12,8,18,1630,1,1,1,1.0,7,52384,M,4780094.0,522481.0,52
201200023334,12,9,21,2200,3,1,1,3.0,6,52312,M,4790358.0,522340.0,52
201200023335,12,10,8,1245,1,1,1,2.0,6,52312,M,4787408.0,521948.0,52
201200023336,12,12,21,1945,3,1,1,2.0,6,52332,M,4800213.0,551590.0,52
201200023337,12,12,29,430,3,1,1,1.0,2,52147,M,4786093.0,522437.0,52
201200023338,12,2,10,645,2,1,1,1.0,1,57224,M,0.0,0.0,57
201200023339,12,6,23,300,3,2,1,1.0,6,57224,M,4908170.0,668096.0,57
201200023340,12,2,1,1945,3,2,1,1.0,6,76238,M,4956252.0,23053.0,76
201200023341,12,8,2,1315,1,1,1,1.0,6,76616,M,4954675.0,23483.0,76
201200023342,12,8,28,2015,2,2,1,1.0,1,76275,M,4956649.0,18834.0,76
201200023343,12,9,17,1000,1,1,6,8.0,6,76404,M,4957762.0,24001.0,76
201200023344,12,9,26,1900,1,1,1,1.0,6,76238,M,4956317.0,24849.0,76
201200023345,12,1,21,1645,1,1,1,2.0,5,41232,M,4739880.0,203636.0,41
201200023346,12,1,28,645,3,1,1,4.0,4,41256,M,4735680.0,205135.0,41
201200023347,12,5,20,15,3,1,1,1.0,5,41106,M,4759590.0,198266.0,41
201200023348,12,7,18,730,1,1,1,1.0,2,41046,M,4766800.0,192357.0,41
201200023349,12,8,12,815,1,1,9,1.0,6,41161,M,4758140.0,199541.0,41
201200023350,12,8,27,945,1,1,1,1.0,5,41161,M,4749460.0,200619.0,41
201200023351,12,10,31,1600,1,1,1,1.0,7,41046,M,4762320.0,196074.0,41
201200023352,12,12,28,1830,3,1,1,1.0,2,41046,M,4760980.0,196743.0,41
201200023353,12,1,1,350,3,2,1,1.0,6,29232,M,4799230.0,-408502.0,29
201200023354,12,1,1,745,1,2,7,1.0,7,29232,M,4799195.0,-407703.0,29
201200023355,12,1,1,1630,1,1,1,2.0,6,29232,M,4798056.0,-401321.0,29
201200023356,12,1,3,1245,1,2,3,2.0,3,29232,M,4798576.0,-406735.0,29
201200023357,12,1,8,2000,3,1,1,2.0,7,29232,M,4803359.0,-411061.0,29
201200023358,12,1,11,800,5,2,1,1.0,6,29232,M,4798818.0,-409120.0,29
201200023359,12,1,14,1850,5,2,3,1.0,1,29232,M,4800810.0,-409660.0,29
201200023360,12,1,16,1520,1,2,6,1.0,2,29232,M,4799468.0,-407303.0,29
201200023361,12,1,18,908,1,1,1,1.0,7,29232,M,4798165.0,-406094.0,29
201200023362,12,1,19,1815,1,2,1,1.0,6,29232,M,4800279.0,-408664.0,29
201200023363,12,1,20,1110,1,2,1,1.0,7,29232,M,4799321.0,-409368.0,29
201200023364,12,1,20,1654,1,1,1,1.0,2,29232,M,4798065.0,-407888.0,29
201200023365,12,1,22,1035,1,2,1,1.0,6,29232,M,4797997.0,-412170.0,29
201200023366,12,1,25,1910,3,2,1,2.0,7,29232,M,4797307.0,-408801.0,29
201200023367,12,1,27,845,1,1,1,9.0,7,29232,M,4799041.0,-406514.0,29
201200023368,12,1,29,1207,1,2,9,1.0,3,29232,M,4801065.0,-410217.0,29
201200023369,12,2,1,1653,1,1,1,1.0,2,29232,M,4798881.0,-411938.0,29
201200023370,12,2,3,955,1,1,1,1.0,7,29232,M,4797465.0,-409154.0,29
201200023371,12,2,6,1415,1,2,1,1.0,4,29232,M,4799518.0,-410058.0,29
201200023372,12,2,7,1341,1,1,1,1.0,7,29232,M,4798901.0,-406147.0,29
201200023373,12,2,7,1638,1,1,1,1.0,6,29232,M,4798250.0,-411968.0,29
201200023374,12,2,7,1850,1,1,1,1.0,3,29051,M,4799392.0,-404818.0,29
201200023375,12,2,11,1555,1,2,1,1.0,3,29232,M,4797769.0,-410239.0,29
201200023376,12,2,12,1430,1,2,6,1.0,3,29232,M,4797996.0,-412261.0,29
201200023377,12,2,23,430,5,1,1,1.0,6,29232,M,4798001.0,-409835.0,29
201200023378,12,2,25,520,1,1,1,1.0,6,29232,M,4797515.0,-409195.0,29
201200023379,12,3,2,1355,1,1,1,1.0,7,29051,M,4802687.0,-397168.0,29
201200023380,12,3,5,653,2,1,6,1.0,7,29232,M,4801631.0,-410040.0,29
201200023381,12,3,6,834,1,2,1,1.0,3,29232,M,4799682.0,-411249.0,29
201200023382,12,3,8,1100,1,2,1,1.0,6,29232,M,4800148.0,-411344.0,29
201200023383,12,3,15,1200,1,1,1,1.0,6,29232,M,4798355.0,-409870.0,29
201200023384,12,3,16,530,5,2,2,1.0,1,29232,M,4799381.0,-410676.0,29
201200023385,12,3,17,1430,1,2,6,5.0,3,29232,M,4801438.0,-407812.0,29
201200023386,12,3,20,830,1,2,1,7.0,6,29232,M,4800212.0,-409419.0,29
201200023387,12,3,20,925,1,1,1,1.0,7,29232,M,4799245.0,-407993.0,29
201200023388,12,3,23,1625,1,2,1,1.0,4,29232,M,4801057.0,-410261.0,29
201200023389,12,3,24,1530,1,2,1,1.0,3,29232,M,4799108.0,-410974.0,29
201200023390,12,3,24,2200,5,1,1,1.0,7,29232,M,4798832.0,-411954.0,29
201200023391,12,3,25,1130,1,2,1,1.0,2,29232,M,4799489.0,-410021.0,29
201200023392,12,3,28,1200,1,2,1,1.0,7,29232,M,4799711.0,-410015.0,29
201200023393,12,3,31,1600,1,2,1,1.0,2,29232,M,4800117.0,-407777.0,29
201200023394,12,4,1,1610,1,2,1,1.0,7,29232,M,4797625.0,-406849.0,29
201200023395,12,4,11,1335,1,2,1,1.0,6,29232,M,4801684.0,-409598.0,29
201200023396,12,4,14,235,5,2,1,1.0,6,29232,M,4800532.0,-410565.0,29
201200023397,12,4,17,708,1,1,1,1.0,6,29232,M,4798073.0,-412643.0,29
201200023398,12,4,18,1410,1,2,1,2.0,2,29232,M,4799041.0,-407401.0,29
201200023399,12,4,20,2050,1,2,1,2.0,6,29232,M,4799109.0,-411447.0,29
201200023400,12,4,22,1236,1,1,1,8.0,6,29232,M,4801248.0,-407318.0,29
201200023401,12,4,28,1107,1,2,1,1.0,4,29232,M,4800346.0,-409847.0,29
201200023402,12,4,28,1647,1,2,2,1.0,3,29232,M,4799807.0,-412219.0,29
201200023403,12,4,29,2227,3,1,1,2.0,7,29232,M,4803292.0,-410904.0,29
201200023404,12,5,1,2315,5,2,1,1.0,6,29232,M,4797683.0,-407078.0,29
201200023405,12,5,3,2100,1,1,1,1.0,7,29232,M,4801696.0,-409489.0,29
201200023406,12,5,5,1400,1,1,3,2.0,1,29232,M,4801836.0,-407508.0,29
201200023407,12,5,9,1849,1,1,1,3.0,7,29232,M,4799687.0,-404807.0,29
201200023408,12,5,12,1730,1,1,1,1.0,7,29232,M,4797923.0,-406740.0,29
201200023409,12,5,14,843,1,1,1,1.0,6,29232,M,4801069.0,-409775.0,29
201200023410,12,5,15,2022,1,2,1,1.0,7,29232,M,4799581.0,-410838.0,29
201200023411,12,5,19,100,5,2,1,1.0,6,29232,M,4799269.0,-408886.0,29
201200023412,12,5,22,2230,5,2,1,1.0,6,29232,M,4798686.0,-412005.0,29
201200023413,12,5,24,1108,1,2,6,1.0,2,29232,M,4797992.0,-412272.0,29
201200023414,12,5,25,1915,1,2,1,1.0,6,29232,M,4799069.0,-412993.0,29
201200023415,12,5,26,630,1,2,1,1.0,7,29232,M,4799347.0,-410693.0,29
201200023416,12,5,25,1930,1,1,1,1.0,3,29232,M,4800636.0,-410746.0,29
201200023417,12,5,31,2145,5,1,1,1.0,7,29232,M,4798953.0,-411893.0,29
201200023418,12,6,1,1355,1,1,1,1.0,7,29232,M,4798981.0,-411078.0,29
201200023419,12,6,1,2140,1,1,1,1.0,6,29232,M,4797922.0,-406703.0,29
201200023420,12,6,5,1030,1,1,1,3.0,3,29232,M,4798893.0,-406059.0,29
201200023421,12,6,6,1810,1,2,1,1.0,3,29232,M,4804798.0,-406792.0,29
201200023422,12,6,6,2100,2,2,1,1.0,7,29232,M,4799059.0,-407289.0,29
201200023423,12,6,10,1830,1,2,1,1.0,7,29051,M,4802584.0,-403127.0,29
201200023424,12,6,11,1430,1,1,1,3.0,7,29051,M,4799411.0,-406844.0,29
201200023425,12,6,12,1812,1,2,1,1.0,3,29232,M,4801356.0,-407832.0,29
201200023426,12,6,13,1030,1,1,1,8.0,6,29051,M,4799431.0,-407051.0,29
201200023427,12,6,14,1145,1,2,1,1.0,3,29051,M,4799605.0,-406333.0,29
201200023428,12,6,14,1210,1,2,1,1.0,2,29232,M,4797955.0,-409435.0,29
201200023429,12,6,14,2000,1,2,1,1.0,7,29232,M,4797886.0,-410121.0,29
201200023430,12,6,17,715,1,2,1,1.0,7,29232,M,4798071.0,-412642.0,29
201200023431,12,6,17,1143,1,1,3,1.0,3,29232,M,4797517.0,-406716.0,29
201200023432,12,6,17,1050,1,2,1,1.0,7,29232,M,4800401.0,-409782.0,29
201200023433,12,6,19,1230,1,2,1,1.0,3,29232,M,4801572.0,-408220.0,29
201200023434,12,6,19,1810,1,1,1,1.0,7,29051,M,4800592.0,-398153.0,29
201200023435,12,6,20,1845,1,1,6,2.0,7,29232,M,4801907.0,-408403.0,29
201200023436,12,6,20,2135,2,2,2,1.0,3,29232,M,4798821.0,-411958.0,29
201200023437,12,6,21,1715,1,2,1,1.0,7,29232,M,4799524.0,-410820.0,29
201200023438,12,6,23,1745,1,1,1,1.0,7,29232,M,4801183.0,-407176.0,29