Num_Acc,an,mois,jour,hrmn,lum,agg,int,atm,col,com,gps,lat,long,dep
201200023439,12,6,23,2203,5,2,1,2.0,7,29232,M,4799933.0,-411482.0,29
201200023440,12,6,25,1338,1,1,1,2.0,7,29232,M,4800130.0,-415493.0,29
201200023441,12,6,27,1431,1,2,1,1.0,3,29232,M,4801824.0,-408549.0,29
201200023442,12,6,29,1820,1,2,3,1.0,3,29232,M,4799020.0,-411113.0,29
201200023443,12,6,30,1000,1,2,1,1.0,7,29232,M,4798438.0,-410814.0,29
201200023444,12,6,30,1905,1,2,1,1.0,2,29232,M,4798905.0,-411924.0,29
201200023445,12,7,2,1514,1,1,1,1.0,7,29232,M,,,29
201200023446,12,7,4,1900,1,1,1,1.0,7,29051,M,4802591.0,-404567.0,29
201200023447,12,7,6,809,1,2,1,1.0,2,29232,M,4799498.0,-407323.0,29
201200023448,12,7,6,1344,1,2,3,2.0,1,29232,M,4800194.0,-408507.0,29
201200023449,12,7,12,1900,1,2,1,3.0,6,29232,M,4799828.0,-413635.0,29
201200023450,12,7,14,1245,1,1,1,1.0,3,29232,M,4798152.0,-412745.0,29
201200023451,12,7,14,700,3,1,1,2.0,7,29232,M,4797540.0,-409213.0,29
201200023452,12,7,17,2330,3,1,1,1.0,2,29232,M,4795838.0,-406554.0,29
201200023453,12,7,23,1655,1,1,1,1.0,4,29232,M,4800817.0,-406518.0,29
201200023454,12,7,25,2225,1,1,1,1.0,7,29232,M,4798911.0,-406005.0,29
201200023455,12,7,27,1920,1,2,2,1.0,3,29232,M,4797833.0,-409410.0,29
201200023456,12,7,31,732,1,1,1,1.0,7,29232,M,4797612.0,-409885.0,29
201200023457,12,8,1,1300,1,2,1,2.0,7,29232,M,,,29
201200023458,12,8,2,420,5,2,1,1.0,3,29232,M,4798372.0,-411723.0,29
201200023459,12,8,13,1545,1,2,1,1.0,6,29232,M,4799579.0,-411083.0,29
201200023460,12,8,22,1840,1,1,1,1.0,3,29232,M,4804235.0,-406485.0,29
201200023461,12,8,25,410,5,2,1,2.0,6,29232,M,4798845.0,-411982.0,29
201200023462,12,8,25,2345,5,2,1,1.0,2,29232,M,4799859.0,-410989.0,29
201200023463,12,8,29,1055,1,1,1,1.0,7,29232,M,4804695.0,-406922.0,29
201200023464,12,9,7,1935,1,1,1,1.0,7,29232,M,4800189.0,-415665.0,29
201200023465,12,9,10,915,1,1,1,1.0,7,29051,M,4800351.0,-403717.0,29
201200023466,12,9,17,1835,1,1,1,1.0,2,29232,M,4801158.0,-409049.0,29
201200023467,12,9,18,840,1,1,1,1.0,2,29232,M,4801333.0,-409522.0,29
201200023468,12,9,19,840,1,2,1,1.0,2,29232,M,4801366.0,-413034.0,29
201200023469,12,9,20,735,2,2,1,1.0,3,29232,M,4798026.0,-407941.0,29
201200023470,12,9,22,1915,1,2,1,2.0,7,29051,M,4801376.0,-400950.0,29
201200023471,12,9,24,950,1,2,1,1.0,7,29232,M,4799897.0,-410423.0,29
201200023472,12,9,30,615,5,2,1,1.0,7,29232,M,4797270.0,-412695.0,29
201200023473,12,10,4,730,2,1,1,1.0,3,29232,M,4801214.0,-407237.0,29
201200023474,12,10,7,1320,1,1,1,2.0,7,29232,M,4798370.0,-411756.0,29
201200023475,12,10,6,2115,5,2,1,1.0,7,29232,M,4799397.0,-409982.0,29
201200023476,12,10,6,1836,2,1,1,2.0,1,29232,M,4798893.0,-406074.0,29
201200023477,12,10,10,10,5,2,6,2.0,6,29232,M,4799081.0,-412923.0,29
201200023478,12,10,10,1420,1,2,1,2.0,7,29232,M,4798547.0,-412565.0,29
201200023479,12,10,11,615,5,2,1,1.0,7,29232,M,4798568.0,-406386.0,29
201200023480,12,10,11,1010,1,2,1,1.0,6,29232,M,4798782.0,-410906.0,29
201200023481,12,10,11,2121,5,2,3,2.0,7,29232,M,4799487.0,-410052.0,29
201200023482,12,10,18,1806,1,2,1,1.0,3,29232,M,4799518.0,-407286.0,29
201200023483,12,10,19,1545,1,2,1,1.0,7,29232,M,4797233.0,-408948.0,29
201200023484,12,10,20,2000,1,2,1,1.0,7,29232,M,4799484.0,-409656.0,29
201200023485,12,10,26,614,5,2,1,1.0,7,29232,M,4797996.0,-410711.0,29
201200023486,12,10,29,1545,1,1,2,1.0,1,29232,M,4800183.0,-409336.0,29
201200023487,12,10,29,1840,5,2,1,1.0,4,29232,M,4798015.0,-410268.0,29
201200023488,12,11,1,1153,1,2,1,1.0,7,29232,M,4798195.0,-410240.0,29
201200023489,12,11,3,1100,1,2,1,7.0,6,29232,M,4798749.0,-408531.0,29
201200023490,12,11,7,1840,3,1,1,1.0,7,29232,M,4801116.0,-407034.0,29
201200023491,12,11,8,1555,1,2,1,1.0,7,29232,M,4798229.0,-410278.0,29
201200023492,12,11,10,123,5,2,1,2.0,6,29232,M,4798583.0,-406526.0,29
201200023493,12,11,13,1149,1,2,1,1.0,7,29232,M,4798619.0,-408139.0,29
201200023494,12,11,16,800,2,2,6,1.0,7,29232,M,4798314.0,-408812.0,29
201200023495,12,11,16,810,2,2,1,1.0,6,29232,M,4799367.0,-410556.0,29
201200023496,12,11,16,1130,1,2,3,1.0,6,29232,M,4798370.0,-411756.0,29
201200023497,12,11,16,1840,5,2,6,1.0,6,29232,M,4800209.0,-411235.0,29
201200023498,12,11,17,1020,1,2,1,2.0,6,29232,M,4799489.0,-410804.0,29
201200023499,12,11,18,1215,1,1,6,1.0,3,29051,M,4801973.0,-402203.0,29
201200023500,12,11,20,757,5,2,1,8.0,7,29232,M,4798396.0,-413028.0,29
201200023501,12,11,23,1450,1,1,1,2.0,7,29232,M,4803707.0,-407990.0,29
201200023502,12,11,25,330,3,1,1,6.0,7,29232,M,4803968.0,-409256.0,29
201200023503,12,11,26,1815,3,1,1,3.0,2,29232,M,4803534.0,-408196.0,29
201200023504,12,11,27,820,2,2,1,2.0,7,29232,M,4799453.0,-410456.0,29
201200023505,12,11,29,1235,1,2,3,1.0,6,29232,M,4799450.0,-410681.0,29
201200023506,12,11,29,1840,4,2,1,1.0,3,29232,M,4798629.0,-410731.0,29
201200023507,12,12,5,752,5,2,1,3.0,3,29232,M,4798589.0,-408912.0,29
201200023508,12,12,5,1150,1,2,1,1.0,3,29232,M,4798787.0,-406672.0,29
201200023509,12,12,8,2329,5,2,1,1.0,7,29232,M,4799421.0,-410737.0,29
201200023510,12,12,11,2043,5,2,1,1.0,7,29232,M,4799439.0,-409414.0,29
201200023511,12,12,14,750,2,2,1,3.0,3,29232,M,4797453.0,-412961.0,29
201200023512,12,12,14,810,2,2,6,2.0,5,29232,M,4797540.0,-409821.0,29
201200023513,12,12,15,630,4,1,1,2.0,7,29232,M,4801214.0,-407240.0,29
201200023514,12,12,15,1810,3,2,1,2.0,7,29232,M,4797902.0,-409425.0,29
201200023515,12,12,17,1412,1,2,1,1.0,6,29232,M,4799519.0,-411693.0,29
201200023516,12,12,19,1540,1,2,1,2.0,6,29232,M,4800376.0,-409838.0,29
201200023517,12,12,21,520,5,2,1,1.0,1,29232,M,4799315.0,-408688.0,29
201200023518,12,12,22,1730,2,2,6,2.0,7,29232,M,4797545.0,-409818.0,29
201200023519,12,12,25,2000,5,2,1,2.0,1,29232,M,4797156.0,-408681.0,29
201200023520,12,12,28,1445,1,2,1,8.0,6,29232,M,4798972.0,-406445.0,29
201200023521,12,12,29,940,1,1,1,3.0,7,29232,M,4799428.0,-407024.0,29
201200023522,12,12,30,1320,1,2,1,2.0,7,29232,M,4798239.0,-410673.0,29
201200023523,12,12,31,748,2,2,1,2.0,6,29232,M,4800376.0,-409838.0,29
201200023524,12,1,31,1245,1,1,1,1.0,6,57620,M,0.0,0.0,57
201200023525,12,4,30,2330,3,1,1,3.0,7,54002,M,4919544.0,586601.0,54
201200023526,12,6,27,115,3,1,1,1.0,7,55242,M,4913118.0,567066.0,55
201200023527,12,12,1,815,1,1,1,1.0,6,57111,M,0.0,0.0,57
201200023528,12,1,20,1100,1,2,7,2.0,3,60395,M,0.0,0.0,60
201200023529,12,1,22,230,4,2,1,1.0,6,60012,M,0.0,0.0,60
201200023530,12,4,14,1430,1,2,1,1.0,3,60395,M,0.0,0.0,60
201200023531,12,6,17,815,1,2,1,1.0,6,60010,M,0.0,0.0,60
201200023532,12,7,28,1200,1,1,1,1.0,1,60570,M,0.0,0.0,60
201200023533,12,10,14,800,1,1,1,1.0,7,60532,M,4930500.0,208500.0,60
201200023534,12,1,5,1910,5,2,1,1.0,2,30007,M,,,30
201200023535,12,1,17,1420,1,2,1,1.0,3,30007,M,4421500.0,463313.0,30
201200023536,12,1,17,2055,5,2,1,1.0,3,30007,M,,,30
201200023537,12,1,11,1115,1,2,1,1.0,6,30007,M,,,30
201200023538,12,2,17,1115,1,2,1,1.0,6,30007,M,,,30
201200023539,12,2,17,1540,1,2,1,1.0,2,30007,M,,,30
201200023540,12,2,20,1505,1,2,1,1.0,3,30007,M,4410825.0,408115.0,30
201200023541,12,2,29,1420,1,2,1,1.0,5,30243,M,,,30
201200023542,12,3,2,1310,1,2,1,1.0,2,30243,M,,,30
201200023543,12,3,11,1710,1,2,6,1.0,3,30007,M,,,30
201200023544,12,3,14,1000,1,2,1,1.0,6,30007,M,4412734.0,407812.0,30
201200023545,12,4,1,1450,1,2,1,1.0,6,30007,M,4413415.0,408901.0,30
201200023546,12,4,1,1055,1,2,1,1.0,2,30007,M,4410784.0,409898.0,30
201200023547,12,4,4,730,1,2,1,2.0,7,30007,M,,,30
201200023548,12,4,6,1755,1,2,1,1.0,3,30007,M,,,30
201200023549,12,4,21,1155,1,2,2,1.0,3,30007,M,,,30
201200023550,12,5,1,1515,1,2,1,1.0,7,30007,M,4414861.0,409823.0,30
201200023551,12,5,11,1005,1,2,1,1.0,2,30007,M,,,30
201200023552,12,5,11,1150,1,2,1,1.0,3,30007,M,,,30
201200023553,12,5,15,745,1,2,6,1.0,3,30007,M,4410797.0,409862.0,30
201200023554,12,5,25,1335,1,2,1,1.0,6,30007,M,,,30
201200023555,12,6,9,927,1,2,1,1.0,3,30007,M,4413987.0,408871.0,30
201200023556,12,6,15,1018,1,2,1,1.0,1,30007,M,4414509.0,409940.0,30
201200023557,12,7,2,1810,1,2,1,7.0,6,30007,M,4412676.0,407395.0,30
201200023558,12,7,9,1330,1,2,1,1.0,4,30007,M,,,30
201200023559,12,7,13,1250,1,2,1,1.0,4,30007,M,,,30
201200023560,12,7,10,750,1,2,1,1.0,3,30007,M,,,30
201200023561,12,7,24,1905,1,2,2,1.0,4,30007,M,,,30
201200023562,12,7,30,831,1,2,1,1.0,6,30007,M,4412733.0,407813.0,30
201200023563,12,8,4,900,1,2,1,1.0,3,30007,M,,,30
201200023564,12,8,10,1020,1,2,1,1.0,2,30007,M,,,30
201200023565,12,8,10,1630,1,2,2,1.0,3,30007,M,4412019.0,410899.0,30
201200023566,12,8,11,1129,1,2,2,1.0,3,30243,M,4408820.0,407801.0,30
201200023567,12,8,11,2145,5,2,1,1.0,2,30007,M,4412548.0,407923.0,30
201200023568,12,8,12,1515,1,2,1,1.0,3,30007,M,4411350.0,410705.0,30
201200023569,12,8,14,1910,1,2,1,1.0,4,30007,M,,,30
201200023570,12,8,24,1735,1,2,1,1.0,3,30007,M,,,30
201200023571,12,9,13,1600,1,2,1,1.0,2,30007,M,4413086.0,407245.0,30
201200023572,12,9,24,1830,1,2,1,1.0,3,30007,M,4414060.0,408871.0,30
201200023573,12,9,20,1145,1,2,1,1.0,6,30243,M,4408490.0,407712.0,30
201200023574,12,10,13,215,5,2,1,1.0,1,30243,M,4407543.0,408017.0,30
201200023575,12,10,19,2240,3,2,1,1.0,3,30007,M,,,30
201200023576,12,10,20,1330,1,2,1,2.0,1,30007,M,,,30
201200023577,12,10,21,255,5,2,1,1.0,7,30007,M,,,30
201200023578,12,10,25,1630,1,2,1,1.0,6,30007,M,,,30
201200023579,12,9,13,1445,1,2,1,1.0,3,30007,M,,,30
201200023580,12,10,23,1535,1,2,1,1.0,3,30007,M,,,30
201200023581,12,11,10,240,5,2,1,3.0,3,30007,M,,,30
201200023582,12,11,12,1720,2,2,1,1.0,2,30007,M,4414416.0,409483.0,30
201200023583,12,12,12,1810,4,2,1,1.0,3,30007,M,,,30
201200023584,12,12,14,1305,1,2,2,1.0,3,30243,M,4408556.0,407734.0,30
201200023585,12,12,14,1835,2,1,1,3.0,6,30007,M,,,30
201200023586,12,12,14,1915,3,2,1,2.0,1,30007,M,,,30
201200023587,12,1,6,1805,5,2,1,1.0,6,30028,M,,,30
201200023588,12,2,2,1215,1,2,1,1.0,2,30028,M,,,30
201200023589,12,2,5,315,5,2,1,1.0,6,30028,M,,,30
201200023590,12,2,9,2140,5,2,1,1.0,6,30028,M,4417179.0,462012.0,30
201200023591,12,2,13,1945,5,2,1,1.0,3,30028,M,,,30
201200023592,12,2,13,2110,5,2,1,1.0,6,30028,M,4416728.0,461164.0,30
201200023593,12,2,21,1155,1,2,3,1.0,3,30028,M,,,30
201200023594,12,3,8,1130,1,2,1,1.0,6,30028,M,4416193.0,462265.0,30
201200023595,12,3,8,1215,1,2,1,1.0,2,30028,M,4415278.0,461624.0,30
201200023596,12,3,8,1805,1,2,1,1.0,6,30028,M,4415976.0,461398.0,30
201200023597,12,3,5,1835,1,2,1,1.0,1,30028,M,4414339.0,461189.0,30
201200023598,12,3,15,1700,1,2,1,1.0,2,30028,M,4415655.0,461697.0,30
201200023599,12,3,15,1337,1,2,1,1.0,6,30028,M,4416484.0,462092.0,30
201200023600,12,3,15,1140,1,2,3,1.0,3,30028,M,4416735.0,461928.0,30
201200023601,12,3,29,1700,1,2,1,1.0,6,30028,M,,,30
201200023602,12,4,8,1725,1,2,1,1.0,4,30028,M,,,30
201200023603,12,4,25,1125,1,2,1,1.0,6,30028,M,4415976.0,461400.0,30
201200023604,12,5,16,1510,1,2,1,1.0,6,30028,M,4415802.0,462358.0,30
201200023605,12,5,29,1530,1,2,1,1.0,6,30028,M,4416173.0,461419.0,30
201200023606,12,6,7,750,1,2,1,1.0,6,30028,M,4415755.0,463228.0,30
201200023607,12,6,22,850,1,2,1,1.0,3,30028,M,4415549.0,463989.0,30
201200023608,12,6,27,1425,1,2,1,1.0,6,30028,M,4416182.0,462230.0,30
201200023609,12,7,1,1600,1,2,1,3.0,6,30028,M,,,30
201200023610,12,7,10,1130,1,2,1,1.0,6,30028,M,4416533.0,461936.0,30
201200023611,12,11,2,1840,5,2,1,1.0,4,30028,M,4416378.0,461759.0,30
201200023612,12,11,8,1150,1,2,1,1.0,4,30028,M,4417168.0,462012.0,30
201200023613,12,11,5,1715,2,2,1,1.0,6,30028,M,4415632.0,462236.0,30
201200023614,12,7,23,1210,1,2,1,1.0,6,30028,M,,,30
201200023615,12,7,27,1530,1,1,1,1.0,4,30028,M,,,30
201200023616,12,7,26,1710,1,2,1,1.0,1,30028,M,,,30
201200023617,12,8,7,1000,1,2,1,1.0,6,30028,M,4416167.0,462363.0,30
201200023618,12,8,12,850,1,2,1,1.0,4,30028,M,4416709.0,461930.0,30
201200023619,12,8,12,1820,1,2,1,1.0,4,30028,M,,,30
201200023620,12,9,13,1225,1,2,1,1.0,3,30028,M,4415561.0,463747.0,30
201200023621,12,9,22,1850,1,2,1,1.0,2,30028,M,4414818.0,461552.0,30
201200023622,12,10,3,2030,3,1,3,1.0,5,30028,M,4417886.0,461950.0,30
201200023623,12,10,17,1800,1,2,1,1.0,6,30028,M,4416412.0,461190.0,30
201200023624,12,11,29,1130,5,2,1,2.0,6,30028,M,4415909.0,462434.0,30
201200023625,12,12,19,1100,1,2,1,1.0,6,30028,M,4415662.0,462258.0,30
201200023626,12,12,6,1415,1,2,1,1.0,6,30028,M,4416570.0,461203.0,30
201200023627,12,12,15,630,5,2,1,1.0,2,30028,M,4415967.0,462482.0,30
201200023628,12,12,5,600,5,2,1,1.0,3,30028,M,,,30
201200023629,12,7,18,1245,1,1,3,1.0,3,30032,M,4373821.0,463114.0,30
201200023630,12,1,1,1615,1,2,1,1.0,6,30189,M,4383028.0,432334.0,30
201200023631,12,1,1,1430,1,2,1,1.0,2,30189,M,4388111.0,430945.0,30
201200023632,12,1,3,1641,1,2,1,1.0,3,30189,M,4383654.0,439182.0,30
201200023633,12,1,3,1225,1,2,3,1.0,3,30189,M,4383340.0,435165.0,30
201200023634,12,1,8,604,2,2,1,1.0,7,30189,M,4378370.0,435488.0,30
201200023635,12,1,9,1402,1,2,1,1.0,3,30189,M,4383266.0,436593.0,30
201200023636,12,1,9,1439,1,2,3,1.0,3,30189,M,4383924.0,436342.0,30
201200023637,12,1,9,2020,5,2,1,1.0,3,30189,M,4384569.0,437169.0,30
201200023638,12,1,10,1541,1,2,3,1.0,3,30189,M,4384038.0,435638.0,30
201200023639,12,1,10,1630,1,2,1,1.0,3,30189,M,4385055.0,434551.0,30
201200023640,12,1,11,1630,1,2,1,1.0,7,30189,M,,,30
201200023641,12,1,12,1804,5,1,1,1.0,3,30189,M,4388112.0,430946.0,30
201200023642,12,1,13,1105,1,2,1,1.0,6,30189,M,4384042.0,435677.0,30
201200023643,12,1,13,1559,1,2,1,1.0,2,30189,M,4384702.0,439606.0,30
201200023644,12,1,13,1830,2,2,1,1.0,6,30189,M,4383266.0,436593.0,30
201200023645,12,1,14,2006,5,2,2,2.0,3,30189,M,4383401.0,435123.0,30
201200023646,12,1,15,20,5,2,6,1.0,1,30189,M,4381418.0,433475.0,30
201200023647,12,1,15,1834,5,2,1,1.0,6,30189,M,4386383.0,440046.0,30
201200023648,12,1,18,1800,5,2,3,1.0,2,30189,M,4382735.0,437478.0,30
201200023649,12,1,18,2147,3,1,1,1.0,7,30189,M,4389201.0,441885.0,30
201200023650,12,1,19,745,1,2,2,1.0,6,30189,M,4383881.0,437204.0,30
201200023651,12,1,20,802,1,2,1,1.0,3,30189,M,4382430.0,436962.0,30
201200023652,12,1,21,225,5,2,1,1.0,6,30189,M,,,30
201200023653,12,1,22,1101,1,2,2,1.0,3,30189,M,4383210.0,435201.0,30
201200023654,12,1,24,850,1,2,1,1.0,6,30189,M,0.0,0.0,30
201200023655,12,1,24,1810,3,2,1,1.0,2,30189,M,4384114.0,437416.0,30
201200023656,12,1,26,1855,3,2,2,1.0,3,30189,M,4385856.0,432422.0,30
201200023657,12,1,28,1219,1,2,3,1.0,1,30189,M,4381429.0,431514.0,30
201200023658,12,1,30,1407,1,2,2,1.0,6,30189,M,4384039.0,437130.0,30
201200023659,12,1,30,1622,1,2,2,1.0,6,30189,M,4384466.0,436783.0,30
201200023660,12,2,1,1405,1,2,1,1.0,2,30189,M,4383950.0,433208.0,30
201200023661,12,2,2,146,5,2,1,1.0,6,30189,M,4384307.0,436962.0,30
201200023662,12,2,5,1935,5,2,2,1.0,3,30189,M,4382170.0,435945.0,30
201200023663,12,2,6,1405,1,2,1,1.0,6,30189,M,4383804.0,437551.0,30
201200023664,12,2,7,658,5,2,3,1.0,2,30189,M,4382479.0,437920.0,30
201200023665,12,2,10,50,5,2,2,1.0,2,30189,M,4381065.0,437155.0,30
201200023666,12,2,14,600,5,2,3,1.0,3,30189,M,4382979.0,436217.0,30
201200023667,12,2,14,1035,1,2,2,1.0,3,30189,M,4384654.0,438639.0,30
201200023668,12,2,14,1500,1,2,3,1.0,6,30189,M,4383270.0,438450.0,30
201200023669,12,2,15,1055,1,2,3,1.0,2,30189,M,4382351.0,432793.0,30
201200023670,12,2,16,1055,1,2,1,1.0,2,30189,M,,,30
201200023671,12,2,19,554,5,2,1,1.0,7,30189,M,4381632.0,433736.0,30
201200023672,12,2,20,1730,1,1,1,1.0,3,30189,M,4382958.0,436184.0,30
201200023673,12,2,21,1755,2,2,2,1.0,3,30189,M,4381660.0,435012.0,30
201200023674,12,2,22,1210,1,2,2,1.0,6,30189,M,4383485.0,435820.0,30
201200023675,12,2,23,1745,2,2,3,1.0,3,30189,M,4381330.0,432369.0,30
201200023676,12,2,24,800,2,2,1,1.0,7,30189,M,,,30
201200023677,12,2,24,1037,1,2,2,1.0,2,30189,M,4383077.0,432345.0,30
201200023678,12,2,24,1707,1,2,1,1.0,3,30189,M,4384025.0,436533.0,30
201200023679,12,2,25,1320,1,2,1,1.0,6,30189,M,4384018.0,436546.0,30
201200023680,12,2,27,1038,1,2,2,1.0,3,30189,M,4387168.0,432027.0,30
201200023681,12,2,29,1330,1,2,2,1.0,2,30189,M,4384113.0,438032.0,30
201200023682,12,2,29,1905,1,2,1,1.0,3,30189,M,,,30
201200023683,12,2,29,1905,2,2,2,1.0,3,30189,M,4382757.0,435579.0,30
201200023684,12,3,2,700,2,2,1,9.0,3,30189,M,,,30
201200023685,12,3,3,815,1,2,1,1.0,7,30189,M,4380724.0,432464.0,30
201200023686,12,3,3,1105,1,2,1,1.0,5,30189,M,,,30
201200023687,12,3,4,520,5,2,1,1.0,7,30189,M,,,30
201200023688,12,3,4,2200,5,2,1,2.0,7,30189,M,4385182.0,437681.0,30
201200023689,12,3,4,2200,5,2,1,2.0,3,30189,M,4388958.0,429301.0,30
201200023690,12,3,7,1735,1,2,1,1.0,3,30189,M,4381418.0,435268.0,30
201200023691,12,3,8,835,1,2,1,1.0,7,30189,M,4385985.0,433536.0,30
201200023692,12,3,8,1245,1,2,2,1.0,3,30189,M,4383599.0,438019.0,30
201200023693,12,3,10,1750,1,2,1,1.0,6,30189,M,,,30
201200023694,12,3,10,2135,5,2,2,1.0,3,30189,M,4383210.0,435201.0,30
201200023695,12,3,12,1905,3,2,1,1.0,7,30189,M,4381371.0,430782.0,30
201200023696,12,3,14,1105,1,2,1,1.0,6,30189,M,4383228.0,436274.0,30
201200023697,12,3,14,2240,5,2,1,1.0,3,30189,M,,,30
201200023698,12,3,15,1755,1,2,1,1.0,4,30189,M,,,30
201200023699,12,3,16,2035,3,2,1,1.0,6,30189,M,4377857.0,434352.0,30
201200023700,12,3,18,1818,1,1,1,1.0,5,30189,M,4388692.0,429727.0,30
201200023701,12,3,19,845,1,2,1,1.0,6,30189,M,,,30
201200023702,12,3,20,735,1,2,1,1.0,2,30189,M,4381359.0,433497.0,30
201200023703,12,3,20,825,1,2,2,1.0,2,30189,M,4381118.0,433024.0,30
201200023704,12,3,21,855,1,2,1,2.0,1,30189,M,4386445.0,434724.0,30
201200023705,12,3,22,755,1,2,1,1.0,6,30189,M,4383021.0,435233.0,30
201200023706,12,3,24,1930,5,2,1,1.0,6,30189,M,4382475.0,437921.0,30
201200023707,12,3,25,800,1,2,1,1.0,2,30189,M,4381633.0,433737.0,30
201200023708,12,3,27,905,1,2,1,1.0,2,30189,M,4377924.0,434616.0,30
201200023709,12,3,27,1150,1,2,1,1.0,2,30189,M,4381559.0,434090.0,30
201200023710,12,3,28,1202,1,2,1,1.0,6,30189,M,4380959.0,432807.0,30
201200023711,12,3,30,1417,1,1,1,1.0,5,30189,M,4386129.0,433483.0,30
201200023712,12,3,30,1607,1,2,3,1.0,3,30189,M,4381934.0,434345.0,30
201200023713,12,3,31,1529,1,2,3,1.0,3,30189,M,4385312.0,438604.0,30
201200023714,12,4,1,1000,1,2,1,1.0,3,30189,M,4362611.0,437695.0,30
201200023715,12,4,1,1718,1,2,1,1.0,2,30189,M,4381925.0,435246.0,30
201200023716,12,4,2,1205,1,2,1,1.0,6,30189,M,4382646.0,437636.0,30
201200023717,12,4,2,1351,1,2,1,1.0,6,30189,M,4384987.0,437921.0,30
201200023718,12,4,2,1715,1,2,1,1.0,4,30189,M,4382303.0,433588.0,30
201200023719,12,4,2,1744,1,2,3,1.0,3,30189,M,4381536.0,435251.0,30
201200023720,12,4,2,1940,1,2,2,1.0,3,30189,M,4384107.0,435602.0,30
201200023721,12,4,5,1640,1,1,1,1.0,3,30189,M,4385021.0,434758.0,30
201200023722,12,4,6,1540,1,2,1,1.0,7,30189,M,,,30
201200023723,12,4,6,1735,1,2,2,1.0,2,30189,M,4385629.0,440394.0,30
201200023724,12,4,13,1606,1,2,3,1.0,3,30189,M,4384988.0,440360.0,30
201200023725,12,4,14,1134,1,2,1,1.0,3,30189,M,4383378.0,436733.0,30
201200023726,12,4,15,1120,1,2,2,1.0,3,30189,M,4380721.0,432469.0,30
201200023727,12,4,19,1035,1,2,3,1.0,3,30189,M,4381416.0,434054.0,30
201200023728,12,4,20,2333,3,2,1,1.0,7,30189,M,4382841.0,435485.0,30
201200023729,12,4,22,19,5,2,1,1.0,6,30189,M,4384319.0,430976.0,30
201200023730,12,4,22,35,5,2,1,1.0,6,30189,M,4383284.0,434330.0,30
201200023731,12,4,23,1345,1,2,1,1.0,6,30189,M,4384321.0,430976.0,30
201200023732,12,4,28,2245,5,2,1,3.0,6,30189,M,4384175.0,436730.0,30
201200023733,12,4,30,1805,1,2,3,1.0,2,30189,M,4384003.0,431967.0,30
201200023734,12,5,2,1820,1,2,1,1.0,6,30189,M,4382754.0,435583.0,30
201200023735,12,5,3,917,1,2,1,1.0,6,30189,M,4381564.0,434086.0,30
201200023736,12,5,5,2340,5,2,2,1.0,3,30189,M,4383976.0,435299.0,30
201200023737,12,5,6,704,1,2,1,1.0,6,30189,M,4386261.0,437697.0,30
201200023738,12,5,12,1700,1,2,6,1.0,2,30189,M,4381783.0,434749.0,30
201200023739,12,5,13,2147,5,2,1,1.0,6,30189,M,4383793.0,435614.0,30
201200023740,12,5,14,1744,1,2,1,1.0,5,30189,M,4381249.0,433209.0,30
201200023741,12,5,14,2348,5,2,1,1.0,6,30189,M,4382328.0,435465.0,30
201200023742,12,5,16,1503,1,2,1,1.0,6,30189,M,4385461.0,436706.0,30
201200023743,12,5,18,45,3,2,1,2.0,7,30189,M,4383304.0,442780.0,30
201200023744,12,5,18,714,1,2,1,1.0,3,30189,M,4382746.0,437492.0,30
201200023745,12,5,18,2258,5,2,1,1.0,6,30189,M,4380736.0,432495.0,30
201200023746,12,5,19,20,5,2,1,1.0,6,30189,M,4381956.0,435473.0,30
201200023747,12,5,19,448,5,2,1,1.0,6,30189,M,4380762.0,432521.0,30
201200023748,12,5,23,1650,1,2,2,1.0,1,30189,M,4381694.0,434489.0,30
201200023749,12,5,24,2226,3,1,1,1.0,6,30189,M,4387586.0,426595.0,30
201200023750,12,5,25,1710,1,2,1,1.0,7,30189,M,,,30
201200023751,12,5,26,433,5,2,1,1.0,6,30189,M,4382949.0,436169.0,30
201200023752,12,5,26,1434,1,2,1,1.0,7,30189,M,4387473.0,441428.0,30
201200023753,12,5,28,610,2,2,1,1.0,2,30189,M,4384293.0,438147.0,30
201200023754,12,5,29,30,5,2,1,1.0,6,30189,M,4383941.0,436432.0,30
201200023755,12,5,29,1611,1,2,1,1.0,6,30189,M,4383191.0,434551.0,30
201200023756,12,5,29,1630,1,2,1,1.0,4,30189,M,,,30
201200023757,12,5,31,1239,1,2,6,1.0,3,30189,M,4381972.0,436008.0,30
201200023758,12,5,31,2007,1,2,3,1.0,2,30189,M,4382507.0,437870.0,30