Num_Acc,an,mois,jour,hrmn,lum,agg,int,atm,col,com,gps,lat,long,dep
201200023759,12,6,1,1628,1,2,1,1.0,6,30189,M,4384068.0,436588.0,30
201200023760,12,6,1,2207,5,2,1,1.0,6,30189,M,4382474.0,437920.0,30
201200023761,12,6,2,750,1,1,1,1.0,3,30189,M,,,30
201200023762,12,6,2,1519,1,2,1,1.0,6,30189,M,4386541.0,433006.0,30
201200023763,12,6,4,2051,1,2,1,1.0,6,30189,M,4383380.0,436363.0,30
201200023764,12,6,5,816,1,2,1,1.0,2,30189,M,,,30
201200023765,12,6,5,1840,1,2,1,1.0,3,30189,M,4381439.0,433341.0,30
201200023766,12,6,6,1142,1,2,1,1.0,2,30189,M,,,30
201200023767,12,6,6,1605,1,2,3,1.0,3,30189,M,4384748.0,437297.0,30
201200023768,12,6,6,1841,1,2,1,1.0,3,30189,M,4387106.0,437455.0,30
201200023769,12,6,6,1803,1,2,1,1.0,6,30189,M,,,30
201200023770,12,6,6,1920,1,2,1,1.0,3,30189,M,4385963.0,434817.0,30
201200023771,12,6,7,1355,1,2,1,1.0,6,30189,M,4384176.0,436041.0,30
201200023772,12,6,9,828,1,2,1,1.0,6,30189,M,4382504.0,437871.0,30
201200023773,12,6,11,1702,1,2,1,1.0,6,30189,M,,,30
201200023774,12,6,11,1945,2,2,1,3.0,3,30189,M,4383944.0,432166.0,30
201200023775,12,6,12,821,1,1,1,1.0,3,30189,M,4381495.0,436866.0,30
201200023776,12,6,13,1403,1,2,1,1.0,5,30189,M,4387621.0,431426.0,30
201200023777,12,6,15,1111,1,2,1,1.0,4,30189,M,4381681.0,436141.0,30
201200023778,12,6,16,1912,1,2,1,1.0,6,30189,M,,,30
201200023779,12,6,18,2128,2,2,2,1.0,3,30189,M,4383486.0,432786.0,30
201200023780,12,6,21,1425,1,2,1,1.0,6,30189,M,4382882.0,435434.0,30
201200023781,12,6,22,1337,1,2,1,1.0,7,30189,M,,,30
201200023782,12,6,23,1620,1,2,1,1.0,6,30189,M,,,30
201200023783,12,6,24,1045,1,2,1,1.0,3,30189,M,,,30
201200023784,12,6,25,740,1,2,1,1.0,6,30189,M,4381749.0,435877.0,30
201200023785,12,6,25,1756,1,2,1,1.0,6,30189,M,4381444.0,433412.0,30
201200023786,12,6,27,658,1,2,1,1.0,6,30189,M,4387170.0,432019.0,30
201200023787,12,6,28,1415,1,1,1,1.0,6,30189,M,4392001.0,439118.0,30
201200023788,12,6,28,2345,3,2,1,1.0,7,30189,M,4382758.0,433028.0,30
201200023789,12,6,30,1321,1,2,1,1.0,3,30189,M,,,30
201200023790,12,6,30,1448,1,2,1,1.0,6,30189,M,,,30
201200023791,12,7,2,1853,1,1,1,1.0,6,30189,M,,,30
201200023792,12,7,2,2207,5,1,1,1.0,6,30189,M,4383786.0,435038.0,30
201200023793,12,7,3,2119,1,2,1,1.0,6,30189,M,4383963.0,439016.0,30
201200023794,12,7,5,914,1,1,1,2.0,4,30189,M,,,30
201200023795,12,7,6,2115,2,2,1,1.0,2,30189,M,4382830.0,436352.0,30
201200023796,12,7,6,2206,5,2,1,1.0,6,30189,M,4382594.0,435013.0,30
201200023797,12,7,8,2010,1,2,3,1.0,3,30189,M,4384569.0,437169.0,30
201200023798,12,7,13,1120,1,2,1,1.0,4,30189,M,4380654.0,432377.0,30
201200023799,12,7,15,500,5,2,1,1.0,6,30189,M,4384415.0,437041.0,30
201200023800,12,7,18,1235,1,2,1,1.0,4,30189,M,4380717.0,431527.0,30
201200023801,12,7,18,1430,1,2,1,1.0,3,30189,M,4380359.0,433837.0,30
201200023802,12,7,20,2102,1,2,1,1.0,6,30189,M,4384045.0,436115.0,30
201200023803,12,7,21,932,1,2,1,1.0,6,30189,M,4384955.0,433633.0,30
201200023804,12,7,21,1600,1,2,1,1.0,6,30189,M,4383533.0,436916.0,30
201200023805,12,7,22,45,5,2,1,1.0,6,30189,M,4384840.0,438521.0,30
201200023806,12,7,25,743,1,2,1,1.0,6,30189,M,4383156.0,436190.0,30
201200023807,12,7,25,1206,1,2,1,1.0,6,30189,M,4387190.0,431996.0,30
201200023808,12,7,25,1954,1,2,1,1.0,6,30189,M,,,30
201200023809,12,7,26,850,1,2,1,1.0,6,30189,M,4383199.0,435829.0,30
201200023810,12,7,30,1112,1,1,1,1.0,6,30189,M,4382634.0,438614.0,30
201200023811,12,8,1,850,1,2,1,1.0,6,30189,M,4383547.0,438120.0,30
201200023812,12,8,4,1555,1,2,2,1.0,3,30189,M,4384175.0,436041.0,30
201200023813,12,8,6,1235,1,2,6,2.0,6,30189,M,4381624.0,434873.0,30
201200023814,12,8,6,1840,1,2,2,1.0,3,30189,M,4383974.0,436008.0,30
201200023815,12,8,7,45,5,2,1,1.0,7,30189,M,,,30
201200023816,12,8,7,1750,1,2,1,1.0,2,30189,M,4384397.0,437139.0,30
201200023817,12,8,8,2030,1,2,6,1.0,3,30189,M,4382429.0,436961.0,30
201200023818,12,8,9,1820,1,1,6,1.0,2,30189,M,4383317.0,442632.0,30
201200023819,12,8,10,1645,1,2,1,1.0,2,30189,M,4382354.0,432789.0,30
201200023820,12,8,10,1938,1,2,1,1.0,6,30189,M,4381221.0,436879.0,30
201200023821,12,8,13,1030,1,1,1,1.0,3,30189,M,4383634.0,439424.0,30
201200023822,12,8,14,35,5,2,1,1.0,6,30189,M,4384127.0,437164.0,30
201200023823,12,8,15,1730,1,2,2,1.0,3,30189,M,4382840.0,435993.0,30
201200023824,12,8,18,1750,1,1,3,1.0,3,30189,M,4376446.0,440563.0,30
201200023825,12,8,19,455,3,1,1,1.0,7,30189,M,4388366.0,430551.0,30
201200023826,12,8,19,1900,1,2,1,1.0,1,30189,M,,,30
201200023827,12,8,20,200,5,2,1,1.0,6,30189,M,4381564.0,434086.0,30
201200023828,12,8,23,2200,3,1,1,1.0,6,30189,M,4383443.0,441321.0,30
201200023829,12,8,24,2130,2,2,2,1.0,6,30189,M,4383014.0,435904.0,30
201200023830,12,8,25,1852,1,2,2,1.0,3,30189,M,4384160.0,436308.0,30
201200023831,12,8,25,2139,5,2,1,1.0,4,30189,M,4381916.0,436590.0,30
201200023832,12,8,31,1004,1,1,1,1.0,6,30189,M,4383051.0,434089.0,30
201200023833,12,8,31,2300,5,2,1,1.0,3,30189,M,,,30
201200023834,12,9,1,44,3,2,1,1.0,6,30189,M,,,30
201200023835,12,9,2,1815,1,1,1,1.0,6,30189,M,,,30
201200023836,12,9,5,2007,1,2,2,1.0,3,30189,M,4382841.0,435485.0,30
201200023837,12,9,6,1102,1,1,1,1.0,6,30189,M,4381282.0,437057.0,30
201200023838,12,9,6,2056,5,1,1,1.0,6,30189,M,,,30
201200023839,12,9,7,740,1,2,1,1.0,3,30189,M,4382351.0,432793.0,30
201200023840,12,9,8,1520,1,1,1,1.0,6,30189,M,4381043.0,432925.0,30
201200023841,12,9,8,1542,1,1,1,1.0,6,30189,M,4384485.0,437102.0,30
201200023842,12,9,9,1750,1,2,1,1.0,7,30189,M,4382125.0,433890.0,30
201200023843,12,9,13,1826,1,1,1,1.0,6,30189,M,4382829.0,435268.0,30
201200023844,12,9,14,1208,1,1,6,1.0,6,30189,M,,,30
201200023845,12,9,15,1714,1,2,1,1.0,2,30189,M,,,30
201200023846,12,9,15,1809,1,2,1,1.0,2,30189,M,4381695.0,434837.0,30
201200023847,12,9,18,743,1,2,1,1.0,6,30189,M,4385748.0,437824.0,30
201200023848,12,9,18,2040,5,2,2,1.0,3,30189,M,4383545.0,434974.0,30
201200023849,12,9,19,1724,1,1,1,1.0,6,30189,M,4382168.0,433792.0,30
201200023850,12,9,19,1744,1,1,1,1.0,6,30189,M,,,30
201200023851,12,9,20,1720,1,1,1,1.0,6,30189,M,,,30
201200023852,12,9,22,1730,1,1,1,1.0,6,30189,M,,,30
201200023853,12,9,23,1139,1,1,1,1.0,6,30189,M,4384278.0,436889.0,30
201200023854,12,9,24,833,1,1,1,1.0,6,30189,M,4382431.0,433684.0,30
201200023855,12,9,24,1715,1,1,2,1.0,3,30189,M,4385856.0,432418.0,30
201200023856,12,9,26,1612,1,1,1,2.0,6,30189,M,4383751.0,435045.0,30
201200023857,12,9,26,1931,5,2,1,2.0,6,30189,M,4381775.0,431738.0,30
201200023858,12,9,30,235,5,2,1,2.0,3,30189,M,,,30
201200023859,12,9,30,1613,1,1,1,2.0,6,30189,M,,,30
201200023860,12,10,2,1600,1,2,1,1.0,7,30189,M,4384048.0,436563.0,30
201200023861,12,10,3,822,1,1,1,1.0,6,30189,M,,,30
201200023862,12,10,6,1401,1,1,1,1.0,3,30189,M,,,30
201200023863,12,10,6,2149,5,2,1,1.0,7,30189,M,,,30
201200023864,12,10,7,850,1,2,1,1.0,6,30189,M,,,30
201200023865,12,10,9,1340,1,2,6,1.0,6,30189,M,4381387.0,434011.0,30
201200023866,12,10,10,1310,1,2,6,1.0,2,30189,M,,,30
201200023867,12,10,11,858,1,2,3,1.0,3,30189,M,4376500.0,440559.0,30
201200023868,12,10,11,1707,1,2,3,1.0,3,30189,M,4381995.0,434478.0,30
201200023869,12,10,11,1817,2,2,6,8.0,2,30189,M,4384317.0,436959.0,30
201200023870,12,10,12,750,1,2,1,1.0,3,30189,M,,,30
201200023871,12,10,13,2243,5,2,2,1.0,3,30189,M,4381691.0,435302.0,30
201200023872,12,10,14,1830,1,1,1,1.0,3,30189,M,4388398.0,430390.0,30
201200023873,12,10,18,1138,1,2,2,1.0,2,30189,M,,,30
201200023874,12,10,18,1900,5,2,2,1.0,3,30189,M,4384018.0,431910.0,30
201200023875,12,10,19,725,2,2,1,1.0,3,30189,M,4383296.0,436758.0,30
201200023876,12,10,19,2028,5,2,1,1.0,7,30189,M,4383112.0,438137.0,30
201200023877,12,10,20,830,1,2,1,1.0,2,30189,M,4381600.0,433694.0,30
201200023878,12,10,22,1415,1,2,1,1.0,6,30189,M,,,30
201200023879,12,10,24,1335,1,2,1,1.0,7,30189,M,4385700.0,440320.0,30
201200023880,12,10,24,1800,1,2,1,1.0,3,30189,M,,,30
201200023881,12,10,27,1015,1,2,3,1.0,3,30189,M,4383812.0,434707.0,30
201200023882,12,10,27,1720,1,2,1,1.0,6,30189,M,4384292.0,438144.0,30
201200023883,12,10,28,530,3,1,1,6.0,6,30189,M,,,30
201200023884,12,10,30,1512,1,2,3,1.0,3,30189,M,,,30
201200023885,12,11,1,1,5,2,1,1.0,6,30189,M,,,30
201200023886,12,11,1,1801,5,2,4,9.0,2,30189,M,4383397.0,435103.0,30
201200023887,12,11,2,1641,1,2,1,7.0,7,30189,M,,,30
201200023888,12,11,2,2140,5,2,1,1.0,1,30189,M,4383865.0,437464.0,30
201200023889,12,11,5,851,1,2,3,7.0,3,30189,M,4384624.0,429576.0,30
201200023890,12,11,5,1530,1,2,1,1.0,4,30189,M,,,30
201200023891,12,11,5,1635,1,2,1,1.0,6,30189,M,,,30
201200023892,12,11,9,1030,1,2,1,1.0,2,30189,M,4381757.0,434793.0,30
201200023893,12,11,10,352,5,2,1,2.0,6,30189,M,4383917.0,432234.0,30
201200023894,12,11,10,1210,1,1,1,2.0,7,30189,M,,,30
201200023895,12,11,14,1935,5,2,1,1.0,6,30189,M,4382348.0,435070.0,30
201200023896,12,11,16,1310,1,2,3,1.0,2,30189,M,4383218.0,434988.0,30
201200023897,12,11,16,1945,5,2,1,1.0,4,30189,M,4382328.0,432776.0,30
201200023898,12,11,17,136,5,2,3,2.0,3,30189,M,4382306.0,435491.0,30
201200023899,12,11,17,1314,1,2,1,8.0,6,30189,M,4383916.0,436582.0,30
201200023900,12,11,20,1822,5,2,1,1.0,2,30189,M,4383720.0,432066.0,30
201200023901,12,11,20,1902,5,2,2,1.0,2,30189,M,4382693.0,435357.0,30
201200023902,12,11,21,1209,1,2,1,1.0,6,30189,M,,,30
201200023903,12,11,22,1155,1,2,1,1.0,6,30189,M,,,30
201200023904,12,11,23,1140,1,2,3,1.0,3,30189,M,4382602.0,436330.0,30
201200023905,12,11,23,2114,5,2,2,1.0,3,30189,M,4381832.0,436622.0,30
201200023906,12,11,26,756,1,2,1,8.0,7,30189,M,4384302.0,436928.0,30
201200023907,12,12,3,1000,1,2,2,1.0,2,30189,M,4382737.0,437478.0,30
201200023908,12,12,4,904,1,2,1,1.0,3,30189,M,4381697.0,430195.0,30
201200023909,12,12,4,922,1,2,2,1.0,6,30189,M,4383607.0,435351.0,30
201200023910,12,12,4,1610,1,2,3,1.0,3,30189,M,4382559.0,435261.0,30
201200023911,12,12,5,845,1,2,1,1.0,2,30189,M,4382520.0,437113.0,30
201200023912,12,12,8,1300,1,2,6,1.0,2,30189,M,4384107.0,439092.0,30
201200023913,12,12,8,1400,1,2,1,1.0,6,30189,M,,,30
201200023914,12,12,8,1851,3,2,1,1.0,7,30189,M,4389278.0,441942.0,30
201200023915,12,12,9,2139,3,2,1,1.0,7,30189,M,,,30
201200023916,12,12,10,1250,1,2,3,1.0,6,30189,M,4384018.0,435556.0,30
201200023917,12,12,12,1543,1,2,1,1.0,7,30189,M,4381588.0,434892.0,30
201200023918,12,12,12,1743,5,2,6,1.0,6,30189,M,4383689.0,438830.0,30
201200023919,12,12,13,1730,5,2,1,2.0,6,30189,M,,,30
201200023920,12,12,14,655,3,1,1,2.0,7,30189,M,4378884.0,435162.0,30
201200023921,12,12,14,1700,3,2,3,2.0,4,30189,M,4385583.0,433715.0,30
201200023922,12,12,14,1730,3,1,2,2.0,3,30189,M,4380519.0,433651.0,30
201200023923,12,12,15,1505,1,2,1,1.0,4,30189,M,,,30
201200023924,12,12,16,937,1,2,1,1.0,7,30189,M,,,30
201200023925,12,12,17,1115,1,2,3,1.0,1,30189,M,4381971.0,434665.0,30
201200023926,12,12,17,1502,1,2,2,1.0,3,30189,M,4384083.0,437107.0,30
201200023927,12,12,20,1332,1,2,1,3.0,6,30189,M,4383819.0,434749.0,30
201200023928,12,12,20,1650,3,2,2,1.0,7,30189,M,4384159.0,436308.0,30
201200023929,12,12,21,648,5,2,1,1.0,6,30189,M,4384020.0,441672.0,30
201200023930,12,12,21,1335,1,2,3,1.0,6,30189,M,4383030.0,436994.0,30
201200023931,12,12,21,2055,3,1,1,5.0,7,30189,M,4388045.0,425597.0,30
201200023932,12,12,22,159,5,1,1,1.0,6,30189,M,4383311.0,442726.0,30
201200023933,12,12,22,750,1,2,1,1.0,3,30189,M,4384474.0,430083.0,30
201200023934,12,12,25,1910,3,1,1,1.0,6,30189,M,4385443.0,425768.0,30
201200023935,12,12,26,1630,1,2,1,1.0,7,30189,M,4384048.0,436563.0,30
201200023936,12,12,28,1200,1,2,1,1.0,3,30189,M,4381344.0,437023.0,30
201200023937,12,12,28,1927,5,2,3,1.0,3,30189,M,4384629.0,439300.0,30
201200023938,12,12,29,112,3,2,3,1.0,3,30189,M,4380525.0,433644.0,30
201200023939,12,12,30,2222,5,2,6,1.0,6,30189,M,4381194.0,433970.0,30
201200023940,12,12,31,1330,1,2,2,1.0,3,30189,M,4383223.0,436074.0,30
201200023941,12,12,31,1420,1,2,1,1.0,2,30189,M,4382088.0,435365.0,30
201200023942,12,12,31,1707,3,2,1,1.0,6,30189,M,4382883.0,432827.0,30
201200023943,12,1,11,1740,2,1,2,1.0,3,30011,M,4394065.0,477416.0,30
201200023944,12,1,28,1850,2,1,1,1.0,7,30011,M,4393947.0,416054.0,30
201200023945,12,2,4,1145,1,2,3,1.0,3,30011,M,,,30
201200023946,12,4,23,1815,1,2,1,1.0,2,30011,M,,,30
201200023947,12,5,9,1250,1,1,1,1.0,2,30011,M,,,30
201200023948,12,6,12,1500,1,2,1,1.0,6,30011,M,4395808.0,476553.0,30
201200023949,12,6,22,455,2,1,1,1.0,6,30011,M,,,30
201200023950,12,6,28,1615,1,2,6,1.0,6,30351,M,,,30
201200023951,12,5,19,1545,1,1,1,1.0,3,63203,M,0.0,0.0,63
201200023952,12,6,20,2100,1,1,1,1.0,6,63470,M,0.0,0.0,63
201200023953,12,6,23,1330,1,2,1,1.0,6,63150,M,4588935.0,306940.0,63
201200023954,12,4,16,630,2,1,1,2.0,6,63035,M,0.0,0.0,63
201200023955,12,7,16,1645,1,1,1,1.0,3,63013,M,0.0,0.0,63
201200023956,12,7,18,345,5,2,1,1.0,7,63001,M,4602399.0,320835.0,63
201200023957,12,9,7,2000,1,2,1,7.0,1,63001,M,0.0,0.0,63
201200023958,12,12,15,2345,3,1,3,6.0,3,63278,M,0.0,0.0,63
201200023959,12,3,10,1830,1,2,1,1.0,6,63206,M,4596253.0,294216.0,63
201200023960,12,1,28,1630,1,1,1,4.0,1,63248,M,0.0,0.0,63
201200023961,12,2,15,2345,3,1,1,4.0,3,63248,M,0.0,0.0,63
201200023962,12,10,27,1500,1,1,1,1.0,7,63175,M,4575100.0,257700.0,63
201200023963,12,11,6,1115,1,1,1,3.0,7,63248,M,4573500.0,291200.0,63
201200023964,12,3,30,840,1,1,4,1.0,1,23193,M,,,23
201200023965,12,5,13,1530,1,1,1,1.0,6,23138,M,4608400.0,206900.0,23
201200023966,12,7,19,1535,1,1,1,1.0,7,23092,M,,,23
201200023967,12,1,8,800,2,1,1,8.0,6,23193,M,0.0,0.0,23
201200023968,12,2,26,600,3,1,1,2.0,7,23068,M,4613200.0,212700.0,23
201200023969,12,6,10,800,1,1,1,1.0,6,23068,M,4614500.0,208500.0,23
201200023970,12,7,9,915,1,1,1,1.0,6,23138,M,0.0,0.0,23
201200023971,12,9,14,1900,1,1,1,1.0,6,23001,M,4610600.0,200500.0,23
201200023972,12,12,13,815,2,2,1,4.0,6,23247,M,4620900.0,175600.0,23
201200023973,12,12,27,2115,3,1,1,2.0,6,23101,M,4627100.0,194200.0,23
201200023974,12,12,30,1215,1,1,1,1.0,6,23201,M,4610800.0,200400.0,23
201200023975,12,2,20,2100,1,1,1,1.0,1,26138,M,0.0,0.0,26
201200023976,12,3,16,2330,3,1,1,1.0,5,26324,M,0.0,0.0,26
201200023977,12,4,16,945,1,1,1,1.0,6,26169,M,4446900.0,476200.0,26
201200023978,12,4,29,1745,1,1,1,1.0,7,26339,M,0.0,0.0,26
201200023979,12,5,8,445,3,1,1,1.0,5,26312,M,4461300.0,479300.0,26
201200023980,12,5,24,930,1,1,1,1.0,3,26339,M,4461300.0,479300.0,26
201200023981,12,7,7,2045,1,1,1,1.0,6,26166,M,4475400.0,479200.0,26
201200023982,12,8,8,1915,1,1,1,1.0,1,26169,M,0.0,0.0,26
201200023983,12,9,24,800,1,1,1,3.0,6,26169,M,4448300.0,476800.0,26
201200023984,12,10,1,500,3,1,1,1.0,1,26339,M,0.0,0.0,26
201200023985,12,9,27,815,1,1,1,8.0,6,26169,M,4448400.0,476800.0,26
201200023986,12,5,13,1330,1,1,1,1.0,7,84127,M,0.0,0.0,84
201200023987,12,8,14,2245,3,1,1,1.0,3,84091,M,0.0,0.0,84
201200023988,12,9,6,730,1,1,1,1.0,2,84083,M,0.0,0.0,84
201200023989,12,4,11,1145,1,1,1,1.0,6,11098,M,0.0,0.0,11
201200023990,12,5,4,1100,1,1,2,1.0,3,11324,M,4323500.0,279500.0,11
201200023991,12,5,9,645,1,1,1,1.0,2,11067,M,0.0,0.0,11
201200023992,12,6,10,1000,1,1,1,1.0,6,11077,M,0.0,0.0,11
201200023993,12,6,14,1230,1,1,1,1.0,3,11148,M,4318300.0,267100.0,11
201200023994,12,9,13,1645,1,1,1,1.0,6,35092,M,4845167.0,-165778.0,35
201200023995,12,12,5,1100,1,1,1,2.0,3,35225,M,0.0,0.0,35
201200023996,12,3,8,915,1,1,1,1.0,6,27193,M,4883570.0,136005.0,27
201200023997,12,6,9,1800,1,2,1,1.0,7,27301,M,4894460.0,118080.0,27
201200023998,12,6,10,200,3,1,2,2.0,3,27301,M,4894640.0,116321.0,27
201200023999,12,6,30,45,3,2,1,1.0,6,27507,M,4890040.0,127187.0,27
201200024000,12,9,6,1015,1,1,1,1.0,7,27621,M,4893900.0,137200.0,27
201200024001,12,12,25,1215,1,1,1,1.0,4,27183,M,4891100.0,138300.0,27
201200024002,12,6,16,515,2,1,1,1.0,1,84122,M,0.0,0.0,84
201200024003,12,7,3,1800,1,1,1,1.0,1,84012,M,0.0,0.0,84
201200024004,12,2,5,1345,1,1,1,4.0,6,62645,M,0.0,0.0,62
201200024005,12,3,8,745,1,1,1,1.0,3,62904,M,5082700.0,206500.0,62
201200024006,12,5,1,1715,1,2,6,1.0,1,62038,M,5088500.0,197300.0,62
201200024007,12,6,13,1445,1,2,1,1.0,6,62748,M,0.0,0.0,62
201200024008,12,8,5,45,5,2,1,1.0,6,62621,M,5088500.0,204800.0,62
201200024009,12,9,7,815,2,1,1,1.0,1,62756,M,0.0,0.0,62
201200024010,12,9,14,1830,1,1,1,1.0,6,62614,M,0.0,0.0,62
201200024011,12,9,24,2130,4,2,1,6.0,6,62057,M,0.0,0.0,62
201200024012,12,10,10,1600,1,2,1,1.0,1,62057,M,0.0,0.0,62
201200024013,12,1,19,1900,5,2,1,1.0,6,83148,M,0.0,0.0,83
201200024014,12,5,8,1600,1,1,1,1.0,1,83001,M,0.0,0.0,83
201200024015,12,8,21,1400,1,1,1,1.0,1,83004,M,0.0,0.0,83
201200024016,12,9,7,1400,1,1,1,1.0,1,83148,M,0.0,0.0,83
201200024017,12,12,22,1845,3,1,1,1.0,5,83004,M,0.0,0.0,83
201200024018,12,6,29,1045,1,1,1,1.0,6,05027,M,4482791.0,673186.0,05
201200024019,12,7,7,1000,1,1,1,1.0,1,67477,M,4836800.0,725600.0,67
201200024020,12,7,23,1900,1,1,1,1.0,1,67115,M,0.0,0.0,67
201200024021,12,11,5,445,5,2,1,1.0,6,67073,M,4828400.0,738900.0,67
201200024022,12,11,9,1230,1,2,1,1.0,6,67445,M,4829200.0,741400.0,67
201200024023,12,1,3,1610,1,2,1,1.0,6,31483,M,4310493.0,72640.0,31
201200024024,12,1,21,1930,2,2,9,1.0,3,31483,M,4311017.0,71859.0,31
201200024025,12,1,20,1920,5,2,1,1.0,6,31483,M,4311194.0,71334.0,31
201200024026,12,2,27,1325,1,2,1,1.0,6,31483,M,4310657.0,72485.0,31
201200024027,12,2,28,1940,3,1,1,1.0,6,31565,M,0.0,0.0,31
201200024028,12,3,9,1030,1,1,1,1.0,7,31483,M,4316076.0,74989.0,31
201200024029,12,3,15,1515,1,1,1,1.0,3,31247,M,4308850.0,66818.0,31
201200024030,12,4,19,1800,1,2,3,2.0,1,31483,M,4310749.0,72654.0,31
201200024031,12,4,12,1730,1,2,1,1.0,4,31483,M,4311140.0,74098.0,31
201200024032,12,5,24,900,1,1,1,1.0,6,31483,M,4313160.0,70613.0,31
201200024033,12,5,3,1135,1,2,1,1.0,1,31565,M,4309725.0,70573.0,31
201200024034,12,6,12,1345,1,2,1,1.0,5,31483,M,4311259.0,74820.0,31
201200024035,12,5,31,1815,1,2,1,1.0,2,31483,M,4311157.0,73982.0,31
201200024036,12,6,28,1710,1,2,1,1.0,2,31483,M,4311599.0,72667.0,31
201200024037,12,7,3,1205,1,2,1,1.0,6,31483,M,4310630.0,72268.0,31
201200024038,12,7,11,655,2,2,6,1.0,3,31483,M,,,31
201200024039,12,7,17,1445,1,2,1,1.0,2,31344,M,4309201.0,74032.0,31
201200024040,12,8,16,1830,1,2,1,1.0,4,31483,M,4311176.0,74307.0,31
201200024041,12,8,29,1110,1,2,3,1.0,2,31483,M,4312198.0,72594.0,31
201200024042,12,9,15,1650,1,2,2,1.0,3,31483,M,4311025.0,71869.0,31
201200024043,12,9,14,1835,1,2,1,1.0,3,31565,M,4308594.0,70726.0,31
201200024044,12,10,30,1215,1,2,1,1.0,2,31483,M,4311617.0,71864.0,31
201200024045,12,11,29,950,1,1,1,2.0,7,31483,M,4312898.0,72415.0,31
201200024046,12,11,29,1800,2,1,1,2.0,7,31483,M,4313158.0,72387.0,31
201200024047,12,12,5,1725,2,2,1,2.0,2,31483,M,4310615.0,72219.0,31
201200024048,12,12,4,1305,1,1,1,2.0,7,31483,M,4312357.0,71099.0,31
201200024049,12,12,28,1430,1,2,7,1.0,3,31483,M,4310717.0,72388.0,31
201200024050,12,2,24,2345,5,2,1,2.0,4,69279,M,0.0,0.0,69
201200024051,12,3,3,645,2,2,6,1.0,3,69277,M,0.0,0.0,69
201200024052,12,9,6,1400,1,1,3,1.0,1,69280,M,0.0,0.0,69
201200024053,12,9,24,1730,1,1,2,1.0,3,69279,M,0.0,0.0,69
201200024054,12,1,21,1245,1,2,1,2.0,1,69279,M,0.0,0.0,69
201200024055,12,6,8,1915,1,2,1,1.0,3,69279,M,0.0,0.0,69
201200024056,12,6,15,1300,1,2,6,1.0,3,69277,M,0.0,0.0,69
201200024057,12,1,1,125,5,2,1,2.0,6,31557,M,4358305.0,134033.0,31
201200024058,12,1,1,30,5,2,6,2.0,3,31555,M,,,31
201200024059,12,1,1,240,5,2,1,2.0,6,31555,M,,,31
201200024060,12,1,3,715,5,2,3,1.0,1,31555,M,,,31
201200024061,12,1,3,1945,5,2,1,1.0,6,31555,M,,,31
201200024062,12,1,4,1005,1,1,1,2.0,2,31555,M,4360500.0,140373.0,31
201200024063,12,1,6,1500,1,2,1,1.0,6,31149,M,4360111.0,133176.0,31
201200024064,12,1,8,540,5,2,1,2.0,3,31555,M,,,31
201200024065,12,1,6,1830,5,2,1,1.0,3,31555,M,,,31
201200024066,12,1,6,2225,5,2,1,1.0,3,31555,M,,,31
201200024067,12,1,9,2205,5,2,1,1.0,2,31555,M,,,31
201200024068,12,1,11,240,5,2,1,1.0,6,31555,M,,,31
201200024069,12,1,10,830,1,2,1,1.0,3,31555,M,,,31
201200024070,12,1,11,130,5,2,1,1.0,2,31555,M,,,31
201200024071,12,1,10,1815,5,2,3,1.0,5,31555,M,,,31
201200024072,12,1,11,700,5,2,1,1.0,3,31555,M,,,31
201200024073,12,1,11,900,1,1,1,1.0,2,31555,M,4358060.0,140535.0,31
201200024074,12,1,11,2010,5,2,1,1.0,3,31555,M,,,31
201200024075,12,1,12,1150,1,2,1,1.0,4,31555,M,,,31
201200024076,12,1,16,700,5,2,3,1.0,3,31555,M,,,31
201200024077,12,1,18,1245,1,2,1,1.0,6,31555,M,,,31
201200024078,12,1,18,1715,1,2,1,1.0,6,31555,M,,,31
201200024079,12,1,16,1255,1,2,1,1.0,2,31557,M,4357795.0,134191.0,31
201200024080,12,1,19,745,1,2,1,1.0,3,31555,M,,,31
201200024081,12,1,10,1800,5,2,3,1.0,3,31069,M,4362715.0,139248.0,31
201200024082,12,1,25,730,5,2,1,8.0,3,31555,M,,,31
201200024083,12,1,19,1220,1,2,1,1.0,1,31069,M,4364881.0,136712.0,31
201200024084,12,1,20,1535,1,2,1,1.0,6,31149,M,4361054.0,133551.0,31
201200024085,12,1,28,1900,5,2,3,1.0,3,31555,M,,,31
201200024086,12,1,25,1900,5,2,1,1.0,4,31555,M,,,31
201200024087,12,1,26,815,5,2,1,1.0,7,31557,M,4358474.0,134436.0,31
201200024088,12,1,30,1310,1,1,3,1.0,3,31149,M,4361816.0,133401.0,31
201200024089,12,2,1,2100,5,2,3,1.0,3,31555,M,,,31
201200024090,12,1,30,815,1,2,1,1.0,1,31149,M,4361452.0,135046.0,31
201200024091,12,2,3,940,1,2,1,8.0,5,31555,M,,,31