Num_Acc,an,mois,jour,hrmn,lum,agg,int,atm,col,com,gps,lat,long,dep
201200024092,12,2,3,750,5,2,1,1.0,3,31555,M,,,31
201200024093,12,2,3,1715,1,2,1,1.0,3,31555,M,,,31
201200024094,12,2,4,2335,5,2,1,1.0,3,31555,M,,,31
201200024095,12,1,31,1435,1,2,3,2.0,5,31555,M,,,31
201200024096,12,2,11,2350,5,2,3,1.0,3,31555,M,,,31
201200024097,12,2,12,310,5,2,1,1.0,6,31555,M,,,31
201200024098,12,2,12,2005,5,2,6,1.0,6,31555,M,,,31
201200024099,12,2,13,1520,1,1,1,1.0,2,31555,M,4360970.0,137020.0,31
201200024100,12,2,15,1550,1,2,1,1.0,6,31555,M,,,31
201200024101,12,2,15,350,5,2,1,1.0,7,31069,M,,,31
201200024102,12,2,16,1130,1,2,1,1.0,6,31555,M,,,31
201200024103,12,2,16,1300,1,2,1,1.0,3,31555,M,,,31
201200024104,12,2,17,1440,1,2,1,1.0,3,31069,M,4363657.0,138900.0,31
201200024105,12,2,17,1440,1,2,1,1.0,2,31555,M,,,31
201200024106,12,2,17,1750,5,2,1,1.0,6,31555,M,,,31
201200024107,12,2,17,1840,5,2,1,1.0,6,31555,M,,,31
201200024108,12,2,20,1050,1,1,1,1.0,3,31555,M,,,31
201200024109,12,2,20,1730,1,2,1,1.0,6,31555,M,,,31
201200024110,12,2,21,1622,1,2,1,1.0,3,31555,M,,,31
201200024111,12,2,22,1740,1,2,1,1.0,6,31555,M,,,31
201200024112,12,2,23,2,5,2,1,1.0,3,31555,M,,,31
201200024113,12,2,18,420,5,2,1,1.0,6,31555,M,,,31
201200024114,12,2,23,1535,1,2,1,1.0,3,31555,M,,,31
201200024115,12,2,23,2210,5,2,1,1.0,3,31555,M,,,31
201200024116,12,2,24,1650,1,2,1,1.0,4,31555,M,,,31
201200024117,12,2,25,10,5,2,1,1.0,6,31555,M,,,31
201200024118,12,2,25,820,1,2,1,1.0,6,31555,M,,,31
201200024119,12,2,29,2050,5,2,1,1.0,6,31555,M,,,31
201200024120,12,2,16,1150,1,2,1,1.0,6,31555,M,,,31
201200024121,12,2,27,1930,5,2,1,1.0,3,31149,M,4361031.0,135215.0,31
201200024122,12,3,1,1720,1,2,1,1.0,1,31555,M,,,31
201200024123,12,3,1,1745,1,2,1,1.0,3,31555,M,,,31
201200024124,12,3,4,435,5,2,1,1.0,4,31555,M,,,31
201200024125,12,2,29,1820,1,2,1,1.0,6,31149,M,4362293.0,132880.0,31
201200024126,12,3,5,1010,1,1,1,1.0,5,31555,M,,,31
201200024127,12,3,6,1550,1,2,1,1.0,6,31555,M,,,31
201200024128,12,3,6,1730,1,1,1,1.0,3,31555,M,4356550.0,148427.0,31
201200024129,12,3,4,2120,5,2,1,1.0,6,31555,M,,,31
201200024130,12,3,7,1420,1,2,1,1.0,2,31555,M,,,31
201200024131,12,3,7,1345,1,2,1,1.0,6,31555,M,,,31
201200024132,12,3,7,1920,5,2,3,1.0,5,31557,M,4358185.0,133227.0,31
201200024133,12,3,8,900,1,2,2,1.0,3,31555,M,,,31
201200024134,12,3,7,1820,2,2,1,1.0,2,31555,M,,,31
201200024135,12,3,8,1615,1,2,1,1.0,1,31555,M,,,31
201200024136,12,3,8,905,1,2,1,1.0,1,31555,M,,,31
201200024137,12,3,5,1935,5,2,1,1.0,1,31555,M,,,31
201200024138,12,3,2,1740,1,2,3,1.0,3,31555,M,,,31
201200024139,12,3,8,905,1,2,1,1.0,3,31557,M,4358726.0,134934.0,31
201200024140,12,3,13,1940,5,2,1,1.0,6,31149,M,4360610.0,132949.0,31
201200024141,12,3,9,1200,1,2,1,1.0,2,31149,M,4361451.0,135044.0,31
201200024142,12,3,14,1750,1,2,1,1.0,6,31555,M,,,31
201200024143,12,3,14,830,1,2,1,1.0,6,31555,M,,,31
201200024144,12,3,15,2045,5,1,1,1.0,4,31149,M,,,31
201200024145,12,3,15,2115,1,2,1,1.0,2,31555,M,,,31
201200024146,12,3,16,2030,5,2,1,1.0,3,31555,M,,,31
201200024147,12,3,17,1520,1,2,3,1.0,1,31555,M,,,31
201200024148,12,3,17,600,5,1,1,1.0,2,31555,M,4360480.0,140332.0,31
201200024149,12,3,20,1455,1,2,2,1.0,3,31555,M,,,31
201200024150,12,3,20,1800,1,2,3,1.0,3,31555,M,,,31
201200024151,12,3,21,1500,1,1,1,1.0,1,31555,M,,,31
201200024152,12,3,23,2235,5,2,1,1.0,2,31555,M,,,31
201200024153,12,3,25,430,5,2,1,1.0,7,31555,M,,,31
201200024154,12,3,23,1240,1,2,3,1.0,3,31555,M,,,31
201200024155,12,3,18,1700,1,2,1,1.0,3,31555,M,,,31
201200024156,12,3,26,805,1,2,3,1.0,3,31149,M,4360952.0,133641.0,31
201200024157,12,3,26,1130,1,2,3,1.0,3,31555,M,,,31
201200024158,12,3,26,2145,1,2,3,1.0,3,31555,M,,,31
201200024159,12,3,29,50,5,2,1,1.0,6,31555,M,,,31
201200024160,12,3,28,1015,1,2,1,1.0,6,31555,M,,,31
201200024161,12,3,29,1805,1,2,3,1.0,3,31555,M,,,31
201200024162,12,3,28,1130,1,2,1,1.0,1,31555,M,,,31
201200024163,12,3,30,835,1,1,1,1.0,3,31555,M,,,31
201200024164,12,3,30,1910,1,2,1,1.0,6,31555,M,,,31
201200024165,12,3,31,340,5,2,2,1.0,3,31555,M,,,31
201200024166,12,4,1,310,5,2,1,1.0,6,31555,M,,,31
201200024167,12,4,1,1920,1,2,1,1.0,3,31555,M,,,31
201200024168,12,3,30,1418,1,2,1,1.0,2,31557,M,4358999.0,136952.0,31
201200024169,12,3,29,1735,1,2,1,1.0,6,31555,M,,,31
201200024170,12,4,2,2230,5,2,1,1.0,7,31555,M,,,31
201200024171,12,4,3,1624,1,2,1,1.0,4,31555,M,,,31
201200024172,12,4,3,2305,5,2,3,1.0,3,31555,M,,,31
201200024173,12,4,2,1340,1,2,1,1.0,2,31149,M,4361390.0,133848.0,31
201200024174,12,4,2,1700,1,2,1,1.0,7,31555,M,,,31
201200024175,12,4,5,1805,1,2,1,1.0,4,31555,M,,,31
201200024176,12,4,7,1020,1,2,1,1.0,3,31555,M,,,31
201200024177,12,4,7,1405,1,2,6,1.0,3,31149,M,4360515.0,131257.0,31
201200024178,12,4,5,1125,1,2,3,1.0,3,31069,M,4363883.0,138853.0,31
201200024179,12,4,9,1920,1,2,1,1.0,2,31555,M,,,31
201200024180,12,4,13,940,1,2,1,1.0,3,31555,M,,,31
201200024181,12,4,13,1950,1,1,1,1.0,3,31555,M,,,31
201200024182,12,4,14,830,1,2,1,1.0,3,31555,M,,,31
201200024183,12,4,16,25,5,2,3,1.0,3,31555,M,,,31
201200024184,12,4,16,910,1,1,1,1.0,4,31555,M,,,31
201200024185,12,4,17,1225,1,2,1,1.0,3,31555,M,,,31
201200024186,12,4,17,1730,1,2,1,1.0,6,31555,M,,,31
201200024187,12,4,17,2340,5,1,1,1.0,2,31555,M,,,31
201200024188,12,4,18,1715,1,1,1,1.0,6,31555,M,,,31
201200024189,12,4,18,845,1,2,3,1.0,3,31555,M,,,31
201200024190,12,4,20,105,5,2,1,1.0,4,31555,M,,,31
201200024191,12,4,19,1734,1,1,1,1.0,4,31149,M,,,31
201200024192,12,4,21,2300,5,1,1,1.0,6,31555,M,,,31
201200024193,12,4,24,2305,5,1,1,2.0,7,31555,M,,,31
201200024194,12,4,25,855,1,2,1,6.0,5,31555,M,,,31
201200024195,12,4,25,1345,1,2,1,1.0,2,31555,M,,,31
201200024196,12,4,25,2345,5,1,1,1.0,3,31149,M,0.0,0.0,31
201200024197,12,4,26,1450,1,2,1,1.0,3,31555,M,,,31
201200024198,12,4,27,231,5,2,1,1.0,6,31555,M,,,31
201200024199,12,4,28,40,5,2,1,1.0,6,31555,M,,,31
201200024200,12,4,26,1949,1,2,1,1.0,6,31555,M,,,31
201200024201,12,4,27,1850,1,2,1,1.0,3,31555,M,,,31
201200024202,12,4,27,2130,5,1,1,1.0,2,31555,M,,,31
201200024203,12,4,27,2325,5,2,1,1.0,3,31555,M,,,31
201200024204,12,4,30,35,5,2,1,1.0,6,31555,M,,,31
201200024205,12,4,26,1228,1,2,1,1.0,3,31557,M,4356765.0,132845.0,31
201200024206,12,5,1,650,2,2,1,1.0,6,31555,M,,,31
201200024207,12,5,3,2150,1,2,1,1.0,1,31555,M,,,31
201200024208,12,5,4,235,5,2,1,1.0,3,31555,M,,,31
201200024209,12,5,2,930,1,2,1,1.0,6,31557,M,4356823.0,133003.0,31
201200024210,12,5,4,700,1,2,1,1.0,6,31555,M,,,31
201200024211,12,5,4,2100,5,1,1,1.0,4,31555,M,4360490.0,140359.0,31
201200024212,12,5,8,1740,1,2,1,1.0,3,31555,M,,,31
201200024213,12,5,9,1725,1,1,3,1.0,3,31555,M,,,31
201200024214,12,4,27,1920,1,2,1,1.0,5,31555,M,,,31
201200024215,12,5,10,1355,1,2,1,1.0,4,31555,M,,,31
201200024216,12,5,10,1640,1,1,1,1.0,5,31555,M,,,31
201200024217,12,5,10,2310,5,2,3,1.0,3,31555,M,,,31
201200024218,12,5,11,1955,1,2,3,1.0,3,31555,M,,,31
201200024219,12,5,12,1340,1,2,1,1.0,3,31149,M,4360864.0,134043.0,31
201200024220,12,5,12,2200,5,1,1,1.0,1,31555,M,,,31
201200024221,12,5,12,2342,5,2,1,1.0,6,31555,M,,,31
201200024222,12,5,9,1625,1,2,1,1.0,3,31149,M,4361231.0,131118.0,31
201200024223,12,5,9,1900,1,2,1,1.0,6,31555,M,,,31
201200024224,12,5,14,800,1,2,1,1.0,2,31555,M,,,31
201200024225,12,5,14,940,1,2,1,1.0,6,31555,M,,,31
201200024226,12,5,16,1010,1,2,1,1.0,7,31555,M,,,31
201200024227,12,5,16,1530,1,2,1,1.0,6,31555,M,,,31
201200024228,12,5,11,1100,1,1,1,1.0,5,31555,M,4362380.0,141777.0,31
201200024229,12,5,15,1630,1,2,3,1.0,3,31555,M,,,31
201200024230,12,5,16,1710,1,2,3,1.0,3,31555,M,,,31
201200024231,12,5,22,1145,1,2,1,1.0,4,31555,M,,,31
201200024232,12,5,22,2121,5,2,1,1.0,6,31149,M,4361844.0,133694.0,31
201200024233,12,5,23,2305,5,2,3,1.0,3,31555,M,,,31
201200024234,12,5,24,1705,1,1,1,1.0,3,31555,M,4358570.0,140208.0,31
201200024235,12,5,24,1930,1,2,1,1.0,2,31555,M,,,31
201200024236,12,5,25,1840,1,2,1,1.0,6,31555,M,,,31
201200024237,12,5,27,1645,1,1,6,1.0,3,31555,M,,,31
201200024238,12,5,20,400,5,2,1,1.0,6,31555,M,,,31
201200024239,12,5,11,1815,1,2,1,1.0,6,31555,M,,,31
201200024240,12,5,25,1140,1,2,1,1.0,3,31069,M,4363769.0,138569.0,31
201200024241,12,5,29,1720,1,2,1,1.0,2,31069,M,4362177.0,139507.0,31
201200024242,12,5,30,2320,5,2,1,1.0,6,31555,M,,,31
201200024243,12,5,25,855,1,2,1,1.0,6,31557,M,4358699.0,134896.0,31
201200024244,12,5,27,1410,1,2,1,1.0,3,31555,M,,,31
201200024245,12,5,10,1230,1,2,1,1.0,3,31555,M,,,31
201200024246,12,6,1,725,1,2,3,1.0,3,31557,M,4357513.0,134562.0,31
201200024247,12,6,1,2000,1,2,1,1.0,6,31555,M,,,31
201200024248,12,6,1,2130,2,2,1,1.0,2,31555,M,,,31
201200024249,12,6,1,2155,5,2,1,1.0,3,31555,M,,,31
201200024250,12,6,3,200,5,2,1,1.0,3,31555,M,,,31
201200024251,12,6,3,2100,1,2,1,1.0,5,31555,M,,,31
201200024252,12,6,4,845,1,2,1,1.0,6,31555,M,,,31
201200024253,12,5,31,1005,1,2,1,1.0,6,31555,M,,,31
201200024254,12,5,31,1415,1,2,1,1.0,3,31149,M,4360473.0,131842.0,31
201200024255,12,5,31,1650,1,1,1,1.0,3,31149,M,,,31
201200024256,12,5,31,1940,1,2,1,1.0,3,31069,M,4363435.0,139683.0,31
201200024257,12,6,5,1417,1,2,1,1.0,6,31149,M,4361021.0,132844.0,31
201200024258,12,6,8,1600,1,2,1,1.0,6,31557,M,4358273.0,134762.0,31
201200024259,12,6,9,2350,5,2,1,1.0,6,31555,M,,,31
201200024260,12,6,10,245,5,2,3,2.0,3,31555,M,,,31
201200024261,12,6,10,1520,1,1,1,1.0,3,31555,M,,,31
201200024262,12,6,11,1745,1,2,1,2.0,4,31555,M,,,31
201200024263,12,6,12,830,1,2,1,2.0,4,31555,M,,,31
201200024264,12,6,14,200,4,2,2,1.0,3,31555,M,,,31
201200024265,12,6,12,1645,1,1,1,2.0,2,31555,M,,,31
201200024266,12,6,15,1215,1,2,1,1.0,4,31555,M,,,31
201200024267,12,6,11,1915,1,1,1,3.0,4,31555,M,4362410.0,141785.0,31
201200024268,12,6,17,2115,5,2,1,1.0,7,31555,M,,,31
201200024269,12,6,19,1555,1,2,1,1.0,2,31555,M,,,31
201200024270,12,6,21,1725,1,2,1,1.0,6,31555,M,,,31
201200024271,12,6,21,1845,1,1,1,1.0,3,31555,M,,,31
201200024272,12,6,21,2115,2,2,1,1.0,3,31555,M,,,31
201200024273,12,6,22,450,3,2,1,1.0,3,31555,M,,,31
201200024274,12,6,12,1432,1,2,1,1.0,3,31555,M,,,31
201200024275,12,6,19,930,1,2,1,2.0,6,31557,M,4358443.0,134365.0,31
201200024276,12,6,23,1410,1,2,1,1.0,2,31555,M,,,31
201200024277,12,6,24,530,2,1,1,1.0,6,31555,M,,,31
201200024278,12,6,22,1825,1,1,1,1.0,2,31555,M,4361150.0,138087.0,31
201200024279,12,6,25,1400,1,2,1,1.0,3,31555,M,4361548.0,147126.0,31
201200024280,12,6,25,1655,1,2,3,1.0,3,31555,M,,,31
201200024281,12,6,26,2250,5,1,1,1.0,4,31555,M,,,31
201200024282,12,6,27,2110,1,2,1,1.0,7,31555,M,,,31
201200024283,12,6,28,110,3,2,2,1.0,3,31555,M,,,31
201200024284,12,6,25,1930,1,2,1,1.0,6,31555,M,,,31
201200024285,12,6,29,845,1,2,4,2.0,3,31557,M,4358365.0,133602.0,31
201200024286,12,6,30,1600,1,2,1,1.0,2,31555,M,,,31
201200024287,12,7,1,440,5,2,1,1.0,3,31555,M,,,31
201200024288,12,6,27,1240,1,1,1,1.0,2,31069,M,,,31
201200024289,12,6,28,1725,1,1,1,1.0,4,31149,M,4360890.0,136657.0,31
201200024290,12,7,3,630,1,2,1,1.0,3,31555,M,,,31
201200024291,12,7,3,1710,1,2,1,1.0,4,31555,M,,,31
201200024292,12,7,3,1750,1,1,1,1.0,3,31555,M,,,31
201200024293,12,7,5,850,1,2,1,1.0,6,31555,M,,,31
201200024294,12,7,4,827,1,1,1,1.0,2,31069,M,,,31
201200024295,12,7,6,1300,1,1,1,1.0,3,31555,M,,,31
201200024296,12,7,6,2040,5,2,3,1.0,4,31149,M,4361751.0,131966.0,31
201200024297,12,7,6,1530,1,2,1,1.0,2,31555,M,,,31
201200024298,12,7,5,1450,1,2,1,2.0,4,31149,M,4360951.0,130918.0,31
201200024299,12,7,5,1615,1,2,1,1.0,6,31555,M,,,31
201200024300,12,7,2,940,1,2,1,1.0,3,31149,M,4360536.0,133471.0,31
201200024301,12,7,8,750,1,2,3,1.0,3,31555,M,,,31
201200024302,12,7,10,2215,5,2,1,1.0,3,31555,M,,,31
201200024303,12,7,11,1855,1,2,1,1.0,7,31069,M,,,31
201200024304,12,7,13,915,1,2,1,1.0,3,31555,M,,,31
201200024305,12,7,13,850,1,2,1,1.0,3,31555,M,,,31
201200024306,12,7,15,230,5,2,1,1.0,3,31555,M,,,31
201200024307,12,7,13,2245,5,2,1,1.0,6,31149,M,4361560.0,132668.0,31
201200024308,12,7,11,1500,1,2,3,1.0,3,31555,M,,,31
201200024309,12,7,16,1025,1,2,1,1.0,7,31149,M,4359476.0,133262.0,31
201200024310,12,7,16,1715,1,2,1,1.0,6,31555,M,,,31
201200024311,12,7,16,1700,1,2,1,1.0,2,31555,M,,,31
201200024312,12,7,17,2200,5,1,1,1.0,6,31149,M,4361010.0,138559.0,31
201200024313,12,7,17,2000,1,2,3,1.0,2,31069,M,4365399.0,136853.0,31
201200024314,12,7,18,1140,1,2,1,1.0,6,31555,M,,,31
201200024315,12,7,18,1800,1,1,1,1.0,6,31555,M,,,31
201200024316,12,7,18,1530,1,2,1,1.0,3,31069,M,4362910.0,139644.0,31
201200024317,12,7,23,1455,1,2,1,1.0,6,31555,M,,,31
201200024318,12,7,23,2015,1,2,1,1.0,7,31555,M,,,31
201200024319,12,7,24,655,1,1,1,1.0,4,31555,M,,,31
201200024320,12,7,24,1220,1,2,1,1.0,3,31555,M,,,31
201200024321,12,7,24,2330,5,2,1,1.0,3,31555,M,,,31
201200024322,12,7,25,1850,1,2,1,1.0,5,31555,M,,,31
201200024323,12,7,25,1645,1,1,1,1.0,2,31555,M,,,31
201200024324,12,7,20,930,1,2,1,1.0,6,31555,M,,,31
201200024325,12,7,28,140,1,1,1,1.0,7,31555,M,,,31
201200024326,12,7,30,1415,1,2,1,1.0,3,31555,M,,,31
201200024327,12,7,27,820,1,2,1,1.0,3,31555,M,,,31
201200024328,12,7,31,1845,1,2,1,2.0,3,31555,M,,,31
201200024329,12,7,30,1530,1,2,1,1.0,2,31555,M,,,31
201200024330,12,8,1,1445,1,2,2,1.0,3,31555,M,,,31
201200024331,12,8,2,1750,1,2,1,1.0,3,31555,M,,,31
201200024332,12,8,4,30,5,1,1,1.0,7,31555,M,,,31
201200024333,12,8,5,1650,1,2,1,1.0,6,31557,M,4356807.0,132946.0,31
201200024334,12,8,1,2235,5,2,6,1.0,3,31555,M,,,31
201200024335,12,8,5,1615,1,1,1,1.0,2,31555,M,,,31
201200024336,12,8,6,1725,1,2,1,1.0,6,31555,M,,,31
201200024337,12,8,7,1035,1,2,1,1.0,3,31555,M,,,31
201200024338,12,8,8,1730,1,2,3,1.0,3,31555,M,,,31
201200024339,12,8,7,1050,1,2,1,1.0,2,31149,M,4360480.0,131882.0,31
201200024340,12,8,13,2125,5,2,1,1.0,3,31555,M,,,31
201200024341,12,8,17,1645,1,2,1,1.0,2,31555,M,,,31
201200024342,12,8,17,2250,5,2,1,1.0,6,31555,M,,,31
201200024343,12,8,20,800,1,2,1,1.0,3,31069,M,4362489.0,139921.0,31
201200024344,12,8,13,830,1,2,1,1.0,6,31555,M,,,31
201200024345,12,8,24,20,5,2,1,1.0,3,31555,M,,,31
201200024346,12,8,22,1900,1,2,1,1.0,3,31149,M,4360989.0,134554.0,31
201200024347,12,8,24,1915,1,2,3,1.0,3,31555,M,,,31
201200024348,12,8,25,2230,5,1,1,1.0,1,31555,M,,,31
201200024349,12,8,26,430,5,2,1,1.0,5,31555,M,,,31
201200024350,12,8,23,1700,1,2,1,1.0,3,31149,M,4361323.0,135259.0,31
201200024351,12,8,28,2150,5,2,3,1.0,3,31555,M,,,31
201200024352,12,8,25,1130,1,2,1,1.0,6,31555,M,,,31
201200024353,12,8,30,250,5,2,1,2.0,1,31555,M,,,31
201200024354,12,8,31,1720,1,2,1,1.0,6,31555,M,,,31
201200024355,12,9,5,635,5,2,1,1.0,1,31555,M,,,31
201200024356,12,8,30,750,1,2,1,1.0,2,31555,M,,,31
201200024357,12,9,5,1740,1,2,1,1.0,1,31555,M,,,31
201200024358,12,9,6,528,2,2,3,1.0,3,31555,M,,,31
201200024359,12,9,6,1615,1,2,1,1.0,6,31555,M,,,31
201200024360,12,9,7,345,5,1,1,1.0,7,31555,M,4364990.0,142179.0,31
201200024361,12,9,7,2233,5,2,2,1.0,1,31149,M,4361221.0,133409.0,31
201200024362,12,9,7,2330,5,2,1,1.0,3,31555,M,,,31
201200024363,12,9,8,1120,1,2,1,1.0,7,31555,M,,,31
201200024364,12,9,8,1450,1,2,1,1.0,2,31149,M,4361086.0,130751.0,31
201200024365,12,9,5,915,1,2,1,1.0,6,31149,M,4361502.0,132855.0,31
201200024366,12,9,10,2325,5,2,1,1.0,1,31555,M,,,31
201200024367,12,9,7,810,1,2,1,1.0,3,31149,M,4361141.0,134554.0,31
201200024368,12,9,10,825,1,2,1,1.0,2,31149,M,4361637.0,134640.0,31
201200024369,12,9,13,830,1,2,1,1.0,3,31555,M,,,31
201200024370,12,9,13,1905,1,2,1,1.0,3,31555,M,,,31
201200024371,12,9,14,755,1,2,1,1.0,2,31555,M,,,31
201200024372,12,9,14,1545,1,2,1,1.0,1,31555,M,,,31
201200024373,12,9,17,1910,1,2,3,1.0,6,31555,M,,,31
201200024374,12,9,15,1140,1,1,1,1.0,4,31555,M,,,31
201200024375,12,9,16,10,5,2,1,1.0,3,31555,M,,,31
201200024376,12,9,16,1910,1,2,1,1.0,6,31555,M,,,31
201200024377,12,9,18,1830,1,2,1,1.0,6,31555,M,,,31
201200024378,12,9,18,810,1,2,3,1.0,3,31555,M,,,31
201200024379,12,9,18,2030,2,2,1,1.0,6,31555,M,,,31
201200024380,12,9,20,900,1,2,1,1.0,6,31149,M,4361010.0,135083.0,31
201200024381,12,9,20,1130,1,2,3,1.0,3,31555,M,,,31
201200024382,12,9,20,1640,1,2,1,1.0,3,31555,M,,,31
201200024383,12,9,21,1245,1,2,1,1.0,2,31557,M,4355895.0,135046.0,31
201200024384,12,9,21,1600,1,2,1,1.0,3,31149,M,4362010.0,134378.0,31
201200024385,12,9,21,1845,1,1,1,1.0,5,31555,M,,,31
201200024386,12,9,25,715,5,2,1,1.0,2,31555,M,,,31
201200024387,12,9,25,2115,5,2,1,1.0,3,31555,M,,,31
201200024388,12,9,26,215,5,2,1,1.0,2,31555,M,,,31
201200024389,12,9,21,1715,1,2,1,1.0,6,31555,M,,,31
201200024390,12,9,24,1110,1,1,1,1.0,7,31555,M,,,31
201200024391,12,9,26,1200,1,2,1,2.0,3,31557,M,4356064.0,135402.0,31
201200024392,12,9,28,140,5,2,1,1.0,6,31555,M,,,31
201200024393,12,9,29,1015,1,2,1,1.0,3,31555,M,,,31
201200024394,12,9,28,1000,1,2,1,1.0,6,31555,M,,,31
201200024395,12,9,28,1355,1,2,1,1.0,6,31555,M,,,31
201200024396,12,9,28,2110,5,2,1,1.0,2,31555,M,,,31
201200024397,12,9,29,258,5,2,1,2.0,3,31555,M,,,31
201200024398,12,9,29,837,1,1,1,1.0,1,31555,M,,,31
201200024399,12,9,29,1403,1,2,1,1.0,1,31555,M,,,31
201200024400,12,9,29,5,5,2,1,1.0,5,31555,M,,,31
201200024401,12,10,1,735,2,2,1,1.0,6,31149,M,4361037.0,132863.0,31
201200024402,12,9,26,1830,1,2,1,1.0,6,31555,M,,,31
201200024403,12,9,27,1700,1,2,1,1.0,2,31555,M,,,31
201200024404,12,10,1,810,1,1,1,1.0,2,31555,M,,,31
201200024405,12,10,2,1215,1,2,1,1.0,6,31555,M,,,31
201200024406,12,10,2,1315,1,2,1,1.0,6,31555,M,,,31
201200024407,12,10,2,1740,1,2,1,1.0,6,31555,M,,,31
201200024408,12,10,2,2105,5,2,3,1.0,3,31555,M,,,31
201200024409,12,10,2,1955,2,2,1,1.0,5,31557,M,4358371.0,134196.0,31
201200024410,12,10,2,1800,1,2,1,1.0,1,31069,M,4365125.0,137350.0,31
201200024411,12,10,3,2330,5,2,1,1.0,6,31555,M,,,31
201200024412,12,10,4,230,5,2,1,1.0,6,31555,M,,,31
201200024413,12,10,2,1706,1,2,3,1.0,3,31555,M,,,31
201200024414,12,10,4,1605,1,2,1,1.0,3,31555,M,,,31
201200024415,12,10,4,2140,5,2,1,2.0,3,31555,M,,,31
201200024416,12,10,4,2210,5,2,3,1.0,3,31555,M,,,31
201200024417,12,10,6,245,5,2,1,1.0,6,31555,M,,,31
201200024418,12,10,5,2000,5,2,4,1.0,5,31555,M,,,31
201200024419,12,10,8,2140,5,2,1,1.0,2,31555,M,,,31
201200024420,12,10,5,1305,1,1,1,1.0,2,31555,M,,,31
201200024421,12,10,5,1510,1,2,1,1.0,2,31555,M,,,31
201200024422,12,10,8,1235,1,2,1,1.0,3,31555,M,,,31
201200024423,12,10,5,1800,1,2,1,1.0,6,31555,M,,,31
201200024424,12,10,10,1015,1,2,1,1.0,5,31555,M,,,31
201200024425,12,10,1,2010,5,2,1,1.0,6,31555,M,,,31
201200024426,12,10,11,625,5,1,1,1.0,5,31555,M,,,31
201200024427,12,10,11,700,5,2,1,1.0,1,31555,M,,,31
201200024428,12,10,11,810,1,2,1,1.0,1,31555,M,,,31
201200024429,12,10,11,930,1,2,1,1.0,2,31555,M,,,31
201200024430,12,10,11,1025,1,1,1,1.0,6,31149,M,,,31
201200024431,12,10,11,755,5,2,1,1.0,1,31555,M,,,31
201200024432,12,10,12,545,2,2,1,1.0,1,31555,M,,,31
201200024433,12,10,12,700,1,2,1,1.0,1,31555,M,,,31
201200024434,12,10,13,1810,1,2,3,1.0,3,31555,M,,,31
201200024435,12,10,12,940,1,2,2,1.0,6,31555,M,,,31
201200024436,12,10,12,1645,1,2,1,1.0,6,31555,M,,,31
201200024437,12,10,13,2245,5,2,1,1.0,1,31555,M,,,31
201200024438,12,10,14,1300,1,2,1,1.0,5,31555,M,,,31
201200024439,12,10,15,545,5,1,1,1.0,6,31555,M,,,31
201200024440,12,10,15,1332,1,1,1,1.0,3,31069,M,,,31
201200024441,12,10,16,810,1,2,1,1.0,2,31557,M,4358558.0,133993.0,31
201200024442,12,10,16,1715,1,2,1,1.0,3,31555,M,,,31
201200024443,12,10,18,2145,5,2,1,6.0,3,31555,M,,,31
201200024444,12,10,19,400,5,1,1,1.0,7,31555,M,4360490.0,140346.0,31
201200024445,12,10,19,1630,1,2,1,2.0,6,31555,M,,,31
201200024446,12,10,21,500,5,2,1,2.0,6,31555,M,,,31
201200024447,12,10,17,1810,1,2,1,1.0,3,31149,M,4361192.0,133516.0,31
201200024448,12,10,22,800,5,1,1,1.0,2,31555,M,4361010.0,138568.0,31
201200024449,12,10,22,1750,1,2,1,1.0,6,31555,M,,,31
201200024450,12,10,22,1945,5,2,1,1.0,6,31555,M,,,31
201200024451,12,10,23,1330,1,2,1,1.0,3,31555,M,,,31
201200024452,12,10,24,750,5,2,1,1.0,3,31555,M,,,31
201200024453,12,10,24,1415,1,2,1,1.0,6,31555,M,,,31
201200024454,12,10,25,1830,1,1,1,1.0,7,31149,M,,,31
201200024455,12,10,23,2050,1,2,1,1.0,6,31555,M,,,31
201200024456,12,10,25,1235,1,2,1,1.0,3,31555,M,,,31
201200024457,12,10,25,1610,1,2,1,1.0,3,31555,M,,,31
201200024458,12,10,24,1730,1,2,1,1.0,1,31555,M,,,31
201200024459,12,10,26,1615,1,2,1,1.0,3,31555,M,,,31
201200024460,12,10,27,340,5,2,1,2.0,1,31555,M,,,31
201200024461,12,10,27,700,5,2,1,2.0,3,31555,M,,,31
201200024462,12,10,23,1830,1,2,1,1.0,3,31555,M,,,31
201200024463,12,10,23,1945,1,2,2,1.0,1,31555,M,,,31
201200024464,12,10,29,1547,1,2,1,1.0,6,31555,M,,,31
201200024465,12,10,29,1830,5,2,3,1.0,3,31069,M,,,31
201200024466,12,11,1,632,5,1,1,1.0,2,31149,M,4360623.0,130638.0,31
201200024467,12,10,31,1035,1,2,1,2.0,1,31555,M,,,31
201200024468,12,10,31,1650,1,2,1,1.0,3,31555,M,,,31
201200024469,12,10,31,1845,5,1,1,1.0,4,31555,M,,,31
201200024470,12,10,29,1550,1,2,1,1.0,3,31149,M,4361445.0,135068.0,31
201200024471,12,10,30,1120,1,2,1,1.0,2,31149,M,4360549.0,133475.0,31
201200024472,12,11,3,525,5,2,1,1.0,3,31555,M,,,31
201200024473,12,11,4,2150,5,2,1,1.0,6,31555,M,,,31
201200024474,12,11,4,2315,5,2,1,2.0,3,31555,M,,,31
201200024475,12,11,5,120,5,2,1,1.0,6,31555,M,,,31