Num_Acc,an,mois,jour,hrmn,lum,agg,int,atm,col,com,gps,lat,long,dep
201200024476,12,11,5,1935,5,2,1,1.0,3,31555,M,,,31
201200024477,12,10,30,945,1,1,1,2.0,4,31555,M,,,31
201200024478,12,11,6,1035,1,1,1,1.0,2,31555,M,,,31
201200024479,12,11,6,1305,1,2,1,1.0,6,31555,M,,,31
201200024480,12,11,5,430,5,1,1,1.0,4,31069,M,,,31
201200024481,12,11,7,2330,5,2,1,1.0,2,31555,M,,,31
201200024482,12,11,8,1050,1,2,1,1.0,6,31555,M,,,31
201200024483,12,11,8,2110,5,1,1,1.0,6,31555,M,,,31
201200024484,12,11,8,2300,5,2,1,1.0,6,31555,M,,,31
201200024485,12,11,12,10,5,2,1,1.0,2,31555,M,,,31
201200024486,12,11,8,830,1,2,1,1.0,3,31557,M,4359092.0,131642.0,31
201200024487,12,11,12,815,1,2,3,1.0,3,31555,M,,,31
201200024488,12,11,8,1135,1,2,1,1.0,2,31555,M,,,31
201200024489,12,11,10,2040,5,1,1,2.0,3,31555,M,,,31
201200024490,12,11,13,1840,5,2,1,1.0,3,31555,M,,,31
201200024491,12,11,14,2015,5,2,1,1.0,6,31555,M,,,31
201200024492,12,11,10,1830,5,2,3,1.0,3,31555,M,,,31
201200024493,12,11,15,1810,5,2,1,1.0,1,31555,M,,,31
201200024494,12,11,16,1400,1,2,6,1.0,2,31555,M,,,31
201200024495,12,11,16,1700,1,2,1,1.0,6,31555,M,,,31
201200024496,12,11,16,1700,1,2,1,1.0,3,31555,M,,,31
201200024497,12,11,18,750,5,1,1,1.0,7,31555,M,,,31
201200024498,12,11,20,1345,1,2,2,1.0,6,31555,M,,,31
201200024499,12,11,20,1920,5,1,1,1.0,5,31149,M,,,31
201200024500,12,11,22,720,5,1,1,1.0,2,31149,M,,,31
201200024501,12,11,26,1545,1,2,1,3.0,5,31557,M,4358383.0,134227.0,31
201200024502,12,11,26,2000,5,1,1,1.0,5,31555,M,,,31
201200024503,12,11,27,820,1,2,1,1.0,1,31555,M,,,31
201200024504,12,11,27,1925,5,2,1,1.0,1,31555,M,,,31
201200024505,12,11,25,1650,2,2,1,1.0,2,31555,M,,,31
201200024506,12,11,28,755,1,2,2,1.0,1,31555,M,,,31
201200024507,12,11,29,316,5,2,1,1.0,7,31555,M,,,31
201200024508,12,11,27,1900,4,2,1,2.0,1,31555,M,,,31
201200024509,12,11,28,1430,1,2,1,1.0,1,31555,M,,,31
201200024510,12,11,30,2000,5,1,1,1.0,5,31555,M,,,31
201200024511,12,12,2,1550,1,2,1,1.0,6,31555,M,,,31
201200024512,12,12,1,2205,5,2,3,1.0,3,31555,M,,,31
201200024513,12,11,26,1720,5,2,1,3.0,6,31555,M,,,31
201200024514,12,12,3,2050,5,2,1,2.0,3,31149,M,,,31
201200024515,12,12,3,1300,1,1,1,2.0,5,31555,M,,,31
201200024516,12,12,4,750,2,2,1,3.0,6,31555,M,,,31
201200024517,12,12,4,1645,2,2,1,2.0,2,31555,M,,,31
201200024518,12,12,4,1810,5,2,1,2.0,2,31555,M,,,31
201200024519,12,12,5,2057,5,2,1,2.0,6,31555,M,,,31
201200024520,12,12,4,800,1,2,1,1.0,2,31555,M,,,31
201200024521,12,12,6,2030,5,2,1,1.0,6,31555,M,,,31
201200024522,12,12,6,1850,5,2,1,1.0,6,31555,M,,,31
201200024523,12,12,8,245,5,2,1,1.0,6,31555,M,,,31
201200024524,12,12,8,1213,1,2,1,1.0,6,31557,M,4357813.0,132020.0,31
201200024525,12,12,8,1430,1,1,1,1.0,3,31555,M,,,31
201200024526,12,12,8,1600,1,2,1,1.0,4,31555,M,,,31
201200024527,12,12,9,325,5,2,1,1.0,7,31555,M,,,31
201200024528,12,12,6,900,1,2,1,1.0,2,31555,M,,,31
201200024529,12,12,10,1322,1,2,1,1.0,6,31555,M,,,31
201200024530,12,12,11,735,5,1,1,1.0,5,31555,M,,,31
201200024531,12,12,12,1400,1,2,3,1.0,6,31555,M,,,31
201200024532,12,12,12,1415,1,2,1,1.0,6,31555,M,,,31
201200024533,12,12,12,2050,5,2,1,1.0,2,31555,M,,,31
201200024534,12,12,10,1830,5,2,1,1.0,6,31069,M,,,31
201200024535,12,12,11,1010,1,1,1,2.0,6,31555,M,,,31
201200024536,12,12,14,1210,1,1,1,9.0,4,31555,M,,,31
201200024537,12,12,14,1750,5,2,1,2.0,1,31555,M,,,31
201200024538,12,12,15,425,5,1,1,2.0,6,31555,M,,,31
201200024539,12,12,15,733,5,1,1,1.0,7,31555,M,,,31
201200024540,12,12,15,1130,1,1,1,1.0,5,31555,M,,,31
201200024541,12,12,16,1825,1,1,1,1.0,5,31555,M,,,31
201200024542,12,12,14,1820,5,2,1,1.0,6,31555,M,,,31
201200024543,12,12,17,1810,5,2,1,2.0,6,31555,M,,,31
201200024544,12,12,13,1215,1,2,1,2.0,3,31555,M,,,31
201200024545,12,12,18,750,1,1,1,1.0,3,31555,M,,,31
201200024546,12,12,17,2120,5,2,1,1.0,3,31069,M,4364430.0,136936.0,31
201200024547,12,12,17,814,1,2,1,1.0,1,31557,M,4358379.0,133008.0,31
201200024548,12,12,19,1822,5,2,1,1.0,6,31149,M,4361279.0,133818.0,31
201200024549,12,12,19,1820,5,2,1,1.0,3,31555,M,,,31
201200024550,12,12,17,1401,1,2,1,1.0,3,31149,M,4360139.0,132592.0,31
201200024551,12,12,21,1753,5,2,2,2.0,3,31555,M,,,31
201200024552,12,12,23,705,1,1,1,1.0,4,31555,M,,,31
201200024553,12,12,23,1715,1,2,1,1.0,2,31555,M,,,31
201200024554,12,12,24,305,5,2,1,1.0,1,31557,M,4375876.0,135492.0,31
201200024555,12,12,28,1405,1,2,1,1.0,3,31555,M,,,31
201200024556,12,12,30,715,1,2,1,1.0,6,31555,M,,,31
201200024557,12,12,31,1535,1,2,1,1.0,6,31069,M,4364893.0,137510.0,31
201200024558,12,12,31,2045,5,2,1,1.0,3,31069,M,4362551.0,138599.0,31
201200024559,12,12,28,1350,1,2,1,1.0,6,31149,M,,,31
201200024560,12,12,31,1800,2,2,1,2.0,6,31555,M,,,31
201200024561,12,1,28,1830,5,1,1,1.0,5,10030,M,4833376.0,402074.0,10
201200024562,12,2,18,1645,1,2,1,1.0,3,10412,M,4829977.0,415195.0,10
201200024563,12,9,23,715,2,1,1,1.0,1,10363,M,0.0,0.0,10
201200024564,12,11,1,1445,1,1,1,1.0,6,10030,M,4832766.0,411465.0,10
201200024565,12,3,10,530,2,1,1,1.0,6,68367,M,4804161.0,747351.0,68
201200024566,12,4,23,1230,1,1,3,1.0,3,68019,M,4808895.0,755755.0,68
201200024567,12,2,27,1645,1,2,3,1.0,6,68005,M,4812804.0,728875.0,68
201200024568,12,5,24,1630,1,2,1,1.0,1,68097,M,4817447.0,719151.0,68
201200024569,12,6,10,430,3,1,1,1.0,7,68277,M,4815464.0,730488.0,68
201200024570,12,7,1,700,2,1,1,1.0,3,68005,M,4812083.0,730940.0,68
201200024571,12,10,18,1845,2,2,1,1.0,6,68310,M,4813453.0,730011.0,68
201200024572,12,12,7,1600,1,1,1,2.0,4,68005,M,4811950.0,730750.0,68
201200024573,12,12,7,1030,1,1,1,4.0,5,71543,M,0.0,0.0,71
201200024574,12,12,10,100,3,1,1,1.0,1,71494,M,0.0,0.0,71
201200024575,12,12,21,330,5,1,1,2.0,7,71270,M,0.0,0.0,71
201200024576,12,12,23,1800,3,1,1,1.0,6,71105,M,0.0,0.0,71
201200024577,12,12,26,545,3,1,1,8.0,5,71105,M,0.0,0.0,71
201200024578,12,12,27,1530,1,1,1,3.0,4,71550,M,0.0,0.0,71
201200024579,12,10,6,2030,1,1,1,1.0,6,54146,M,4859500.0,588800.0,54
201200024580,12,10,10,900,3,1,1,1.0,6,83023,M,0.0,0.0,83
201200024581,12,10,8,2315,3,1,1,1.0,6,83107,M,0.0,0.0,83
201200024582,12,12,12,1215,1,1,1,1.0,7,83130,M,0.0,0.0,83
201200024583,12,4,14,200,5,2,1,1.0,6,13078,M,,,13
201200024584,12,8,3,1000,1,2,1,1.0,6,13078,M,,,13
201200024585,12,3,29,1945,1,1,1,1.0,3,81088,M,4382400.0,224200.0,81
201200024586,12,6,27,1400,1,2,1,1.0,3,81052,M,4392000.0,221100.0,81
201200024587,12,3,6,1815,1,1,1,1.0,1,81109,M,0.0,0.0,81
201200024588,12,10,4,715,2,1,1,1.0,5,81139,M,4369300.0,214900.0,81
201200024589,12,1,22,1415,1,1,1,2.0,6,81238,M,4349000.0,246800.0,81
201200024590,12,4,13,2315,3,1,1,2.0,6,81278,M,0.0,0.0,81
201200024591,12,1,6,1320,1,2,1,1.0,7,32013,M,4364880.0,59306.0,32
201200024592,12,1,18,1641,1,2,1,7.0,6,32013,M,4364940.0,59803.0,32
201200024593,12,1,19,1920,5,2,1,9.0,6,32013,M,4366450.0,59498.0,32
201200024594,12,1,21,1210,1,2,1,1.0,6,32013,M,4366540.0,59306.0,32
201200024595,12,1,23,1030,1,1,1,8.0,6,32013,M,4366420.0,60065.0,32
201200024596,12,1,23,1340,1,1,1,8.0,1,32013,M,4368400.0,60303.0,32
201200024597,12,2,11,1615,1,2,1,1.0,7,32013,M,4365550.0,59646.0,32
201200024598,12,3,10,1539,1,1,1,1.0,3,32013,M,4365320.0,61359.0,32
201200024599,12,3,24,1020,1,1,1,1.0,7,32013,M,4370210.0,61460.0,32
201200024600,12,3,30,1247,1,2,1,1.0,1,32013,M,4362880.0,58450.0,32
201200024601,12,3,30,1735,1,2,1,1.0,2,32013,M,4366450.0,59492.0,32
201200024602,12,5,5,2215,5,2,1,1.0,6,32013,M,4363850.0,59588.0,32
201200024603,12,5,13,1745,1,2,1,1.0,2,32013,M,4365410.0,62262.0,32
201200024604,12,5,17,1750,1,1,1,1.0,5,32013,M,4369410.0,60789.0,32
201200024605,12,5,22,1610,1,2,1,8.0,3,32013,M,4365250.0,59698.0,32
201200024606,12,6,16,1110,1,2,1,1.0,7,32013,M,4364760.0,58259.0,32
201200024607,12,7,13,955,1,2,1,1.0,3,32013,M,4363800.0,60196.0,32
201200024608,12,10,2,755,1,2,1,1.0,3,32013,M,4365490.0,59615.0,32
201200024609,12,10,5,800,1,2,1,1.0,3,32013,M,4365060.0,60113.0,32
201200024610,12,12,4,1540,1,1,1,3.0,1,32013,M,4367980.0,60233.0,32
201200024611,12,12,18,1750,2,2,3,1.0,3,32013,M,4363190.0,58880.0,32
201200024612,12,1,9,1500,1,2,1,2.0,1,57071,M,4880400.0,702400.0,57
201200024613,12,2,20,1700,1,2,9,7.0,6,57177,M,4881600.0,671900.0,57
201200024614,12,6,9,815,1,1,1,1.0,6,57587,M,0.0,0.0,57
201200024615,12,7,24,1800,1,2,1,1.0,7,57629,M,0.0,0.0,57
201200024616,12,9,13,2215,3,1,1,1.0,2,76347,M,4963942.0,71873.0,76
201200024617,12,4,30,1700,1,1,2,1.0,3,42120,M,4599226.0,399703.0,42
201200024618,12,6,9,500,3,2,1,1.0,6,42074,M,4607381.0,421154.0,42
201200024619,12,7,18,1445,1,1,1,1.0,5,42332,M,4601484.0,403518.0,42
201200024620,12,8,3,1000,1,1,1,7.0,1,42145,M,4603466.0,424245.0,42
201200024621,12,8,12,330,3,1,1,1.0,6,42162,M,4601896.0,399984.0,42
201200024622,12,9,2,1630,1,1,1,1.0,6,42187,M,4603187.0,418999.0,42
201200024623,12,9,23,315,3,1,1,1.0,6,42162,M,4601001.0,400372.0,42
201200024624,12,10,28,815,1,2,1,1.0,6,42331,M,4598053.0,395158.0,42
201200024625,12,12,14,715,3,1,2,1.0,3,42338,M,4607293.0,411885.0,42
201200024626,12,12,21,1745,3,1,1,3.0,1,42338,M,4608559.0,411163.0,42
201200024627,12,1,27,800,1,2,1,1.0,6,76472,M,4985637.0,128264.0,76
201200024628,12,12,19,1430,1,1,2,2.0,3,76562,M,4985872.0,116979.0,76
201200024629,12,1,18,1140,1,2,1,1.0,3,33009,M,,,33
201200024630,12,1,27,1200,1,2,1,2.0,6,33009,M,,,33
201200024631,12,2,1,430,3,1,1,1.0,3,33529,M,,,33
201200024632,12,2,3,915,1,2,2,1.0,3,33529,M,,,33
201200024633,12,2,3,1850,5,1,1,1.0,1,33529,M,,,33
201200024634,12,2,6,1120,1,2,1,1.0,6,33009,M,,,33
201200024635,12,2,22,1825,1,2,1,1.0,6,33529,M,,,33
201200024636,12,2,27,1530,1,1,1,1.0,7,33529,M,,,33
201200024637,12,3,7,730,1,1,1,1.0,4,33529,M,,,33
201200024638,12,3,13,2030,3,1,1,1.0,6,33529,M,,,33
201200024639,12,3,15,1645,1,2,2,1.0,3,33529,M,,,33
201200024640,12,3,31,1820,1,2,3,1.0,6,33529,M,,,33
201200024641,12,4,12,945,1,2,1,1.0,6,33529,M,,,33
201200024642,12,4,13,1730,1,1,1,1.0,3,33529,M,,,33
201200024643,12,4,14,1805,1,1,1,1.0,2,33529,M,,,33
201200024644,12,4,16,1720,1,2,1,1.0,3,33529,M,,,33
201200024645,12,4,25,1205,1,2,1,1.0,2,33529,M,,,33
201200024646,12,4,28,1920,2,2,6,2.0,3,33529,M,,,33
201200024647,12,4,30,1610,1,2,1,1.0,6,33009,M,,,33
201200024648,12,5,2,830,1,2,1,1.0,6,33529,M,,,33
201200024649,12,5,7,813,1,2,1,1.0,6,33529,M,,,33
201200024650,12,5,14,1000,1,2,1,1.0,6,33529,M,,,33
201200024651,12,5,22,905,1,1,1,1.0,1,33529,M,,,33
201200024652,12,5,27,1520,1,1,1,1.0,6,33529,M,,,33
201200024653,12,5,16,1145,1,2,1,1.0,2,33009,M,,,33
201200024654,12,6,5,1425,1,1,1,1.0,6,33529,M,,,33
201200024655,12,6,6,1340,1,2,1,1.0,6,33529,M,,,33
201200024656,12,6,6,1705,1,2,1,1.0,4,33529,M,,,33
201200024657,12,6,7,2020,1,2,1,1.0,6,33529,M,,,33
201200024658,12,6,9,2130,2,2,1,2.0,2,33529,M,,,33
201200024659,12,6,12,1755,1,1,1,1.0,4,33529,M,,,33
201200024660,12,6,17,500,5,2,1,1.0,6,33009,M,,,33
201200024661,12,6,19,2250,5,2,3,1.0,3,33009,M,,,33
201200024662,12,6,20,920,1,2,1,1.0,6,33009,M,,,33
201200024663,12,6,24,1442,1,2,1,1.0,6,33529,M,,,33
201200024664,12,6,23,620,2,2,1,1.0,6,33529,M,,,33
201200024665,12,6,27,943,1,2,1,1.0,2,33529,M,,,33
201200024666,12,6,27,1320,1,1,1,1.0,3,33529,M,,,33
201200024667,12,7,4,1745,1,2,1,1.0,6,33529,M,,,33
201200024668,12,6,30,105,5,2,1,1.0,1,33009,M,,,33
201200024669,12,7,14,150,3,1,1,1.0,7,33529,M,,,33
201200024670,12,7,17,1600,1,2,1,1.0,2,33009,M,,,33
201200024671,12,7,24,1745,1,1,1,1.0,3,33529,M,,,33
201200024672,12,7,25,1930,1,1,1,1.0,6,33529,M,,,33
201200024673,12,8,4,1745,1,2,1,1.0,6,33009,M,,,33
201200024674,12,11,25,625,3,1,1,1.0,7,33529,M,,,33
201200024675,12,8,20,1955,1,1,1,1.0,6,33529,M,,,33
201200024676,12,8,19,2030,1,1,1,1.0,6,33529,M,,,33
201200024677,12,9,3,1600,1,2,2,1.0,3,33529,M,,,33
201200024678,12,9,10,1445,1,2,2,1.0,3,33009,M,,,33
201200024679,12,9,6,945,1,2,1,1.0,2,33529,M,,,33
201200024680,12,9,15,1925,1,1,1,1.0,4,33529,M,,,33
201200024681,12,9,13,1210,1,1,1,1.0,2,33529,M,,,33
201200024682,12,9,21,1410,1,2,2,1.0,3,33529,M,,,33
201200024683,12,8,16,1300,1,1,1,1.0,6,33529,M,,,33
201200024684,12,8,15,1105,1,2,1,1.0,6,33529,M,,,33
201200024685,12,9,26,1120,1,1,1,1.0,2,33529,M,,,33
201200024686,12,10,16,1630,1,2,1,1.0,6,33529,M,,,33
201200024687,12,10,12,1445,1,2,1,1.0,6,33529,M,,,33
201200024688,12,10,21,2100,5,2,1,3.0,1,33529,M,,,33
201200024689,12,10,5,1710,1,2,1,1.0,6,33529,M,,,33
201200024690,12,10,29,810,1,2,1,1.0,6,33009,M,,,33
201200024691,12,10,31,1050,1,1,1,1.0,6,33529,M,,,33
201200024692,12,10,31,1615,1,2,1,1.0,6,33529,M,,,33
201200024693,12,11,10,2335,3,1,1,1.0,1,33529,M,,,33
201200024694,12,7,17,1030,1,2,1,1.0,3,33529,M,,,33
201200024695,12,7,18,1730,1,2,1,1.0,2,33009,M,,,33
201200024696,12,11,13,1630,1,2,2,1.0,3,33009,M,,,33
201200024697,12,11,21,1500,1,2,1,1.0,6,33009,M,,,33
201200024698,12,9,25,1800,1,1,1,3.0,4,33529,M,,,33
201200024699,12,11,30,1815,5,2,1,1.0,6,33009,M,,,33
201200024700,12,12,10,1530,1,1,1,1.0,4,33529,M,,,33
201200024701,12,12,24,1109,1,2,1,1.0,6,33009,M,,,33
201200024702,12,12,25,1034,1,2,1,2.0,6,33529,M,,,33
201200024703,12,4,22,345,5,2,6,4.0,6,74191,M,4617200.0,670600.0,74
201200024704,12,6,5,2330,3,1,1,1.0,7,74238,M,0.0,0.0,74
201200024705,12,6,17,1030,1,1,1,1.0,7,74295,M,0.0,0.0,74
201200024706,12,8,1,1830,1,2,1,1.0,1,74191,M,4618700.0,670300.0,74
201200024707,12,9,2,1915,1,1,1,1.0,7,74114,M,4620000.0,667700.0,74
201200024708,12,9,8,130,5,2,1,8.0,6,74191,M,4616700.0,672300.0,74
201200024709,12,12,31,1531,1,2,6,1.0,7,33119,M,,,33
201200024710,12,12,31,1845,5,2,1,1.0,3,33063,M,,,33
201200024711,12,12,31,1025,1,2,1,1.0,6,33063,M,,,33
201200024712,12,12,18,1100,1,2,6,1.0,6,33522,M,,,33
201200024713,12,12,18,830,1,2,6,2.0,6,33192,M,,,33
201200024714,12,12,21,1825,5,2,1,1.0,5,33550,M,,,33
201200024715,12,12,22,1930,5,2,1,1.0,6,33318,M,,,33
201200024716,12,12,22,1745,5,2,1,1.0,6,33039,M,,,33
201200024717,12,12,26,830,1,2,2,1.0,3,33075,M,,,33
201200024718,12,12,27,1200,1,2,1,2.0,6,33119,M,,,33
201200024719,12,1,1,355,5,2,2,2.0,6,33063,M,,,33
201200024720,12,1,2,1440,1,2,5,2.0,3,33063,M,,,33
201200024721,12,1,2,1800,2,2,1,1.0,6,33063,M,,,33
201200024722,12,1,2,1430,1,2,1,8.0,2,33063,M,,,33
201200024723,12,12,29,1905,5,2,2,1.0,3,33039,M,,,33
201200024724,12,1,2,2000,5,2,2,1.0,3,33013,M,,,33
201200024725,12,12,31,1215,1,2,1,1.0,3,33249,M,,,33
201200024726,12,12,30,1615,1,2,2,2.0,6,33032,M,,,33
201200024727,12,12,29,1415,1,2,6,1.0,6,33249,M,,,33
201200024728,12,12,27,1930,5,2,2,1.0,3,33318,M,,,33
201200024729,12,1,3,1630,1,2,3,8.0,6,33318,M,,,33
201200024730,12,1,3,905,1,2,2,2.0,3,33281,M,,,33
201200024731,12,1,4,1815,5,2,3,2.0,6,33063,M,,,33
201200024732,12,1,7,2025,5,2,2,1.0,3,33063,M,,,33
201200024733,12,1,8,2000,5,2,3,1.0,2,33063,M,,,33
201200024734,12,1,9,1645,1,2,2,1.0,6,33063,M,,,33
201200024735,12,1,9,1145,1,2,1,1.0,2,33063,M,,,33
201200024736,12,1,9,1258,1,2,2,1.0,1,33063,M,,,33
201200024737,12,1,10,1330,1,2,3,1.0,3,33063,M,,,33
201200024738,12,1,10,2130,5,2,3,1.0,2,33063,M,,,33
201200024739,12,1,11,840,1,2,3,1.0,6,33063,M,,,33
201200024740,12,1,11,1830,5,2,3,5.0,3,33063,M,,,33
201200024741,12,1,11,1325,1,2,1,1.0,3,33063,M,,,33
201200024742,12,1,1,210,5,2,2,2.0,7,33039,M,,,33
201200024743,12,1,5,1820,5,2,3,2.0,6,33522,M,,,33
201200024744,12,1,5,1800,5,2,1,2.0,6,33200,M,,,33
201200024745,12,1,13,410,5,2,2,1.0,6,33063,M,,,33
201200024746,12,1,3,1820,5,2,6,1.0,3,33039,M,,,33
201200024747,12,1,4,1210,1,2,3,1.0,3,33550,M,,,33
201200024748,12,1,12,1840,5,2,3,5.0,3,33449,M,,,33
201200024749,12,1,4,1630,1,2,6,8.0,3,33039,M,,,33
201200024750,12,1,9,1715,1,2,1,1.0,2,33318,M,,,33
201200024751,12,1,5,1730,5,2,3,2.0,6,33522,M,,,33
201200024752,12,1,6,1645,1,2,1,1.0,6,33281,M,,,33
201200024753,12,1,12,1925,5,2,2,5.0,3,33063,M,,,33
201200024754,12,1,15,615,5,2,2,1.0,3,33063,M,,,33
201200024755,12,1,15,2050,5,2,1,1.0,3,33063,M,,,33
201200024756,12,1,10,2040,5,2,2,1.0,3,33318,M,,,33
201200024757,12,1,15,525,5,2,1,1.0,6,33069,M,,,33
201200024758,12,1,14,1530,1,2,1,1.0,4,33063,M,,,33
201200024759,12,1,17,1820,2,2,1,1.0,4,33063,M,,,33
201200024760,12,1,12,715,5,2,6,5.0,3,33065,M,,,33
201200024761,12,1,10,1720,1,2,3,1.0,3,33281,M,,,33
201200024762,12,1,11,1800,5,2,3,5.0,2,33162,M,,,33
201200024763,12,1,12,755,2,1,1,5.0,2,33249,M,,,33
201200024764,12,1,15,1445,1,2,1,1.0,2,33119,M,,,33
201200024765,12,1,18,1400,1,2,2,1.0,2,33063,M,,,33
201200024766,12,1,12,1215,1,2,1,1.0,2,33119,M,,,33
201200024767,12,1,13,1800,5,2,5,8.0,3,33281,M,,,33
201200024768,12,1,15,2115,5,2,1,1.0,6,33281,M,,,33
201200024769,12,1,20,250,5,2,1,8.0,7,33063,M,,,33
201200024770,12,1,19,800,1,2,6,2.0,6,33063,M,,,33
201200024771,12,1,16,1905,5,2,1,1.0,6,33318,M,,,33
201200024772,12,1,18,730,5,2,2,1.0,6,33281,M,,,33
201200024773,12,1,21,955,1,2,3,1.0,3,33063,M,,,33
201200024774,12,1,18,1540,1,2,1,1.0,3,33281,M,,,33
201200024775,12,1,20,900,1,2,3,2.0,6,33063,M,,,33
201200024776,12,1,17,1315,1,2,2,1.0,6,33281,M,,,33
201200024777,12,1,13,2250,5,2,1,1.0,7,33281,M,,,33
201200024778,12,1,21,1310,1,2,1,2.0,6,33063,M,,,33
201200024779,12,1,17,1830,5,2,1,1.0,6,33281,M,,,33
201200024780,12,1,22,1050,1,2,3,2.0,4,33063,M,,,33
201200024781,12,1,16,945,1,2,2,1.0,6,33063,M,,,33
201200024782,12,1,23,1710,1,2,2,1.0,3,33063,M,,,33
201200024783,12,1,23,2000,5,2,1,1.0,6,33063,M,,,33
201200024784,12,1,25,1525,1,2,1,1.0,6,33318,M,,,33
201200024785,12,1,22,2100,5,2,1,1.0,4,33013,M,,,33
201200024786,12,1,17,2010,5,2,3,1.0,6,33522,M,,,33
201200024787,12,1,25,1935,5,2,2,1.0,6,33063,M,,,33
201200024788,12,1,19,950,2,2,1,2.0,2,33013,M,,,33
201200024789,12,1,22,2235,5,2,1,1.0,6,33318,M,,,33
201200024790,12,1,18,1415,1,2,3,1.0,3,33318,M,,,33
201200024791,12,1,22,1310,1,2,2,2.0,3,33281,M,,,33
201200024792,12,1,15,935,1,2,2,1.0,3,33069,M,,,33
201200024793,12,1,24,1945,3,2,1,1.0,2,33249,M,,,33
201200024794,12,1,26,1450,1,2,1,1.0,3,33063,M,,,33
201200024795,12,1,26,1450,1,2,1,1.0,4,33063,M,,,33
201200024796,12,1,28,1745,5,2,3,1.0,7,33063,M,,,33
201200024797,12,1,28,1430,1,2,3,1.0,3,33063,M,,,33
201200024798,12,1,28,2310,5,2,1,1.0,3,33063,M,,,33
201200024799,12,1,29,900,1,2,1,1.0,6,33063,M,,,33
201200024800,12,1,27,2145,5,2,2,1.0,3,33063,M,,,33
201200024801,12,1,29,211,5,2,2,1.0,3,33063,M,,,33
201200024802,12,1,24,850,1,2,2,1.0,3,33069,M,,,33
201200024803,12,1,26,1345,1,2,1,8.0,2,33167,M,,,33
201200024804,12,1,30,800,1,2,3,1.0,5,33063,M,,,33
201200024805,12,1,29,515,5,2,2,1.0,6,33069,M,,,33
201200024806,12,1,27,815,1,2,5,1.0,6,33063,M,,,33
201200024807,12,1,30,1215,1,2,8,1.0,2,33063,M,,,33
201200024808,12,1,25,1643,2,2,6,1.0,3,33522,M,,,33
201200024809,12,1,31,1505,1,2,3,1.0,6,33063,M,,,33
201200024810,12,2,1,2030,3,2,6,1.0,6,33063,M,,,33
201200024811,12,2,1,1410,1,2,2,1.0,6,33063,M,,,33
201200024812,12,1,25,1030,1,2,2,1.0,3,33162,M,,,33
201200024813,12,2,3,1010,1,2,2,1.0,2,33063,M,,,33
201200024814,12,2,3,2000,5,2,1,1.0,1,33063,M,,,33
201200024815,12,2,2,1922,5,2,3,1.0,6,33063,M,,,33
201200024816,12,2,4,1310,1,2,1,1.0,6,33063,M,,,33
201200024817,12,2,4,1510,1,2,3,1.0,3,33063,M,,,33
201200024818,12,2,4,1845,5,2,3,1.0,2,33063,M,,,33
201200024819,12,2,5,126,5,2,1,1.0,6,33063,M,,,33
201200024820,12,1,31,1255,1,2,2,1.0,6,33167,M,,,33
201200024821,12,1,30,1235,1,2,3,1.0,3,33162,M,,,33
201200024822,12,1,27,805,5,2,2,1.0,6,33069,M,,,33
201200024823,12,1,28,1545,1,2,3,1.0,4,33281,M,,,33
201200024824,12,1,27,1900,5,2,6,1.0,3,33281,M,,,33
201200024825,12,1,30,945,1,2,2,1.0,3,33522,M,,,33
201200024826,12,2,6,2100,4,2,1,8.0,6,33063,M,,,33
201200024827,12,2,7,1050,1,2,3,1.0,6,33063,M,,,33
201200024828,12,2,7,1840,5,2,2,1.0,3,33063,M,,,33
201200024829,12,2,3,850,1,2,2,1.0,6,33281,M,,,33
201200024830,12,2,2,2040,5,2,1,1.0,1,33550,M,,,33
201200024831,12,1,27,1905,5,2,4,1.0,6,33318,M,,,33
201200024832,12,2,8,2205,5,2,2,1.0,3,33200,M,,,33
201200024833,12,2,7,1855,5,2,1,1.0,6,33063,M,,,33
201200024834,12,2,4,640,3,2,1,1.0,2,33013,M,,,33
201200024835,12,2,3,925,1,2,1,1.0,5,33281,M,,,33
201200024836,12,2,3,1810,5,2,2,1.0,1,33281,M,,,33
201200024837,12,2,9,1430,1,2,2,1.0,6,33063,M,,,33
201200024838,12,2,9,1915,5,2,2,1.0,4,33063,M,,,33
201200024839,12,2,9,2030,5,2,6,1.0,3,33063,M,,,33
201200024840,12,2,13,1854,5,2,1,1.0,3,33063,M,,,33
201200024841,12,2,5,125,5,2,2,1.0,3,33063,M,,,33
201200024842,12,2,3,1705,1,2,1,1.0,6,33281,M,,,33
201200024843,12,2,3,1640,1,2,1,1.0,6,33200,M,,,33
201200024844,12,2,3,1830,5,2,3,1.0,3,33069,M,,,33
201200024845,12,2,9,930,1,2,1,1.0,6,33318,M,,,33
201200024846,12,2,9,1535,1,2,2,1.0,1,33318,M,,,33
201200024847,12,2,14,855,1,2,3,1.0,6,33063,M,,,33
201200024848,12,2,14,2320,5,2,2,1.0,6,33063,M,,,33
201200024849,12,2,15,310,5,2,3,1.0,6,33063,M,,,33
201200024850,12,2,15,1340,1,2,3,1.0,2,33063,M,,,33
201200024851,12,2,15,912,1,2,1,1.0,2,33063,M,,,33
201200024852,12,2,9,2115,5,2,2,1.0,2,33162,M,,,33
201200024853,12,2,15,1550,1,2,3,1.0,3,33063,M,,,33
201200024854,12,2,14,2215,5,2,2,1.0,6,33167,M,,,33
201200024855,12,2,18,1246,1,2,1,1.0,6,33162,M,,,33
201200024856,12,2,19,510,5,2,2,2.0,6,33063,M,,,33
201200024857,12,2,20,1925,5,2,1,1.0,2,33063,M,,,33
201200024858,12,2,20,1240,1,2,2,1.0,1,33063,M,,,33