Num_Acc,an,mois,jour,hrmn,lum,agg,int,atm,col,com,gps,lat,long,dep
201200024859,12,2,15,800,2,2,1,1.0,3,33318,M,,,33
201200024860,12,2,14,1935,5,2,1,1.0,3,33318,M,,,33
201200024861,12,2,8,755,1,2,4,1.0,6,33550,M,,,33
201200024862,12,2,21,2100,5,2,2,1.0,3,33063,M,,,33
201200024863,12,2,21,1700,1,2,1,1.0,6,33249,M,,,33
201200024864,12,2,14,745,1,2,1,1.0,5,33318,M,,,33
201200024865,12,2,22,1310,1,2,2,1.0,2,33063,M,,,33
201200024866,12,2,19,1915,2,2,1,1.0,6,33167,M,,,33
201200024867,12,2,18,1445,1,2,3,1.0,3,33167,M,,,33
201200024868,12,2,16,745,1,2,2,1.0,3,33281,M,,,33
201200024869,12,2,21,1420,1,2,3,1.0,3,33013,M,,,33
201200024870,12,2,24,2350,5,2,2,1.0,1,33063,M,,,33
201200024871,12,2,19,1600,1,2,4,1.0,2,33069,M,,,33
201200024872,12,2,27,2020,5,2,1,1.0,2,33063,M,,,33
201200024873,12,2,23,1850,5,2,2,1.0,3,33281,M,,,33
201200024874,12,2,21,1700,1,2,1,1.0,4,33281,M,,,33
201200024875,12,2,21,1750,1,2,2,1.0,3,33281,M,,,33
201200024876,12,2,29,1550,1,2,2,1.0,3,33063,M,,,33
201200024877,12,2,23,1100,1,2,1,1.0,6,33522,M,,,33
201200024878,12,2,29,1810,1,2,1,1.0,6,33063,M,,,33
201200024879,12,3,2,2120,5,2,1,1.0,7,33318,M,,,33
201200024880,12,3,4,1025,1,2,1,2.0,6,33063,M,,,33
201200024881,12,3,2,1255,1,2,2,1.0,2,33063,M,,,33
201200024882,12,3,2,1600,1,2,2,1.0,4,33063,M,,,33
201200024883,12,3,2,2100,5,2,1,1.0,6,33063,M,,,33
201200024884,12,3,1,1000,1,2,1,1.0,6,33063,M,,,33
201200024885,12,2,29,1505,1,2,1,1.0,3,33119,M,,,33
201200024886,12,2,25,2025,5,2,3,1.0,6,33281,M,,,33
201200024887,12,3,2,1305,1,1,2,1.0,3,33063,M,,,33
201200024888,12,2,22,1220,1,2,2,1.0,3,33522,M,,,33
201200024889,12,3,8,1754,1,2,2,1.0,6,33063,M,,,33
201200024890,12,2,21,1230,1,2,2,1.0,3,33069,M,,,33
201200024891,12,3,9,835,1,2,2,1.0,3,33550,M,,,33
201200024892,12,3,11,415,5,2,5,1.0,3,33063,M,,,33
201200024893,12,3,8,1200,1,2,3,1.0,3,33063,M,,,33
201200024894,12,3,7,710,1,2,3,1.0,6,33200,M,,,33
201200024895,12,3,4,1710,1,2,1,1.0,2,33162,M,,,33
201200024896,12,3,4,2120,5,2,1,1.0,7,33522,M,,,33
201200024897,12,3,12,1630,1,2,1,1.0,4,33063,M,,,33
201200024898,12,3,1,1205,1,2,1,1.0,3,33318,M,,,33
201200024899,12,3,4,1420,1,2,1,2.0,3,33039,M,,,33
201200024900,12,2,29,1630,1,2,3,1.0,3,33192,M,,,33
201200024901,12,3,12,1745,1,2,2,1.0,3,33063,M,,,33
201200024902,12,3,6,825,1,2,3,1.0,6,33039,M,,,33
201200024903,12,3,7,2025,2,2,1,1.0,6,33318,M,,,33
201200024904,12,3,6,1750,1,2,6,1.0,4,33281,M,,,33
201200024905,12,3,13,1150,1,2,2,1.0,3,33063,M,,,33
201200024906,12,3,6,1645,1,2,1,1.0,6,33318,M,,,33
201200024907,12,3,13,950,1,2,1,1.0,3,33063,M,,,33
201200024908,12,3,13,1540,1,2,2,1.0,6,33063,M,,,33
201200024909,12,3,14,1257,1,2,2,1.0,3,33063,M,,,33
201200024910,12,3,13,1250,1,2,1,1.0,3,33063,M,,,33
201200024911,12,3,12,650,1,2,1,1.0,3,33249,M,,,33
201200024912,12,3,9,730,1,2,1,1.0,2,33318,M,,,33
201200024913,12,3,10,2020,5,2,1,1.0,6,33318,M,,,33
201200024914,12,3,14,948,1,2,2,1.0,3,33063,M,,,33
201200024915,12,3,15,130,5,2,1,1.0,3,33063,M,,,33
201200024916,12,3,16,400,5,2,2,1.0,3,33063,M,,,33
201200024917,12,3,15,1615,1,2,1,1.0,6,33063,M,,,33
201200024918,12,3,15,1705,1,2,3,1.0,3,33063,M,,,33
201200024919,12,3,16,1620,1,2,2,1.0,3,33063,M,,,33
201200024920,12,3,16,1810,1,2,1,1.0,2,33063,M,,,33
201200024921,12,3,13,1425,1,2,2,1.0,6,33550,M,,,33
201200024922,12,3,9,805,1,2,3,1.0,3,33522,M,,,33
201200024923,12,3,9,2130,5,2,1,1.0,4,33522,M,,,33
201200024924,12,3,17,1040,1,2,2,1.0,3,33063,M,,,33
201200024925,12,3,18,1815,1,2,3,2.0,2,33063,M,,,33
201200024926,12,3,19,720,1,2,6,1.0,6,33063,M,,,33
201200024927,12,3,19,855,1,2,3,1.0,2,33063,M,,,33
201200024928,12,3,21,150,5,2,1,1.0,6,33063,M,,,33
201200024929,12,3,14,1350,1,2,3,1.0,2,33281,M,,,33
201200024930,12,3,12,730,1,2,2,1.0,3,33522,M,,,33
201200024931,12,3,20,2100,3,2,2,1.0,3,33063,M,,,33
201200024932,12,3,20,1035,1,2,1,1.0,6,33063,M,,,33
201200024933,12,3,14,1710,1,2,1,1.0,6,33069,M,,,33
201200024934,12,3,15,1750,1,2,1,1.0,3,33281,M,,,33
201200024935,12,3,20,1720,1,2,3,1.0,6,33063,M,,,33
201200024936,12,3,9,1450,1,2,6,1.0,4,33281,M,,,33
201200024937,12,3,16,1240,1,2,1,1.0,3,33281,M,,,33
201200024938,12,3,16,1605,1,2,2,1.0,3,33281,M,,,33
201200024939,12,3,22,1130,1,2,1,2.0,2,33063,M,,,33
201200024940,12,3,19,1800,1,2,2,1.0,6,33039,M,,,33
201200024941,12,3,24,650,1,2,1,1.0,6,33063,M,,,33
201200024942,12,3,23,915,1,2,1,1.0,3,33063,M,,,33
201200024943,12,3,24,2140,5,2,1,1.0,6,33167,M,,,33
201200024944,12,3,25,133,5,2,1,1.0,7,33249,M,,,33
201200024945,12,3,25,700,5,2,3,1.0,3,33063,M,,,33
201200024946,12,3,27,1130,1,2,3,1.0,6,33063,M,,,33
201200024947,12,3,26,1923,1,2,3,1.0,6,33063,M,,,33
201200024948,12,3,27,1015,1,2,2,1.0,3,33063,M,,,33
201200024949,12,3,27,1440,1,2,5,1.0,6,33063,M,,,33
201200024950,12,3,22,1120,1,2,2,1.0,3,33318,M,,,33
201200024951,12,3,22,550,5,2,5,8.0,1,33119,M,,,33
201200024952,12,3,19,905,1,2,1,1.0,3,33063,M,,,33
201200024953,12,3,23,730,1,2,3,1.0,2,33096,M,,,33
201200024954,12,3,23,1930,5,2,3,1.0,3,33013,M,,,33
201200024955,12,3,24,1700,1,2,1,1.0,2,33249,M,,,33
201200024956,12,3,28,1840,1,2,1,1.0,6,33063,M,,,33
201200024957,12,3,29,1430,1,2,2,1.0,6,33063,M,,,33
201200024958,12,3,29,835,1,2,1,1.0,2,33063,M,,,33
201200024959,12,3,29,740,1,2,1,1.0,6,33063,M,,,33
201200024960,12,3,29,2325,5,2,1,1.0,7,33063,M,,,33
201200024961,12,3,23,1615,1,2,1,1.0,3,33281,M,,,33
201200024962,12,3,20,1730,1,2,3,1.0,6,33522,M,,,33
201200024963,12,3,22,1610,1,2,1,1.0,6,33162,M,,,33
201200024964,12,3,26,920,1,2,1,1.0,3,33318,M,,,33
201200024965,12,4,2,830,1,2,2,1.0,6,33063,M,,,33
201200024966,12,4,2,1105,1,2,2,1.0,3,33063,M,,,33
201200024967,12,3,26,915,1,2,6,1.0,6,33192,M,,,33
201200024968,12,3,27,1645,1,1,6,7.0,6,33281,M,,,33
201200024969,12,3,29,2100,5,2,1,1.0,6,33318,M,,,33
201200024970,12,3,29,747,1,2,6,1.0,6,33318,M,,,33
201200024971,12,3,27,730,2,2,3,1.0,3,33522,M,,,33
201200024972,12,3,26,1730,1,2,3,1.0,4,33162,M,,,33
201200024973,12,3,28,1318,1,2,1,1.0,3,33281,M,,,33
201200024974,12,3,28,1800,1,2,2,1.0,6,33075,M,,,33
201200024975,12,3,27,1650,1,2,1,1.0,4,33013,M,,,33
201200024976,12,4,3,1628,1,2,2,1.0,6,33063,M,,,33
201200024977,12,4,4,1800,1,2,3,1.0,3,33063,M,,,33
201200024978,12,4,4,1255,1,2,3,1.0,3,33063,M,,,33
201200024979,12,4,1,1850,1,2,6,1.0,3,33075,M,,,33
201200024980,12,4,5,1120,1,2,1,1.0,6,33063,M,,,33
201200024981,12,4,4,826,1,2,2,1.0,3,33119,M,,,33
201200024982,12,4,7,1245,1,2,1,2.0,4,33063,M,,,33
201200024983,12,4,3,1020,1,2,2,1.0,3,33318,M,,,33
201200024984,12,4,7,2110,5,2,3,1.0,3,33063,M,,,33
201200024985,12,4,1,1500,1,2,1,1.0,3,33069,M,,,33
201200024986,12,4,7,800,1,2,2,2.0,3,33063,M,,,33
201200024987,12,3,23,2020,5,2,1,1.0,2,33039,M,,,33
201200024988,12,4,3,1800,1,2,3,1.0,4,33192,M,,,33
201200024989,12,4,12,330,5,2,2,2.0,6,33063,M,,,33
201200024990,12,4,10,902,1,2,1,1.0,3,33013,M,,,33
201200024991,12,4,4,1655,1,2,3,2.0,6,33550,M,,,33
201200024992,12,3,27,1650,1,2,1,1.0,6,33162,M,,,33
201200024993,12,4,10,1655,1,2,1,1.0,6,33119,M,,,33
201200024994,12,4,4,1816,1,2,2,1.0,5,33162,M,,,33
201200024995,12,4,6,755,1,2,3,2.0,6,33281,M,,,33
201200024996,12,4,7,1717,1,2,1,1.0,3,33162,M,,,33
201200024997,12,4,13,815,1,2,1,1.0,3,33063,M,,,33
201200024998,12,4,15,1840,1,2,3,1.0,6,33063,M,,,33
201200024999,12,4,13,1640,1,2,2,1.0,3,33063,M,,,33
201200025000,12,4,16,1342,1,2,1,1.0,3,33063,M,,,33
201200025001,12,4,16,905,1,2,5,1.0,3,33063,M,,,33
201200025002,12,4,16,625,5,2,2,1.0,6,33063,M,,,33
201200025003,12,4,16,2040,2,2,1,1.0,2,33063,M,,,33
201200025004,12,4,11,1800,1,2,2,2.0,6,33119,M,,,33
201200025005,12,4,10,1750,1,2,1,3.0,2,33013,M,,,33
201200025006,12,4,17,1845,1,2,1,1.0,6,33063,M,,,33
201200025007,12,4,13,1445,1,2,1,1.0,5,33281,M,,,33
201200025008,12,4,5,1825,1,2,1,1.0,5,33318,M,,,33
201200025009,12,4,10,715,2,2,6,2.0,3,33522,M,,,33
201200025010,12,4,10,1605,1,2,1,3.0,2,33192,M,,,33
201200025011,12,4,18,930,1,2,6,2.0,3,33063,M,,,33
201200025012,12,4,14,1900,1,2,2,1.0,6,33119,M,,,33
201200025013,12,4,19,2140,5,2,3,2.0,6,33063,M,,,33
201200025014,12,4,20,540,5,2,3,2.0,6,33063,M,,,33
201200025015,12,4,21,2020,1,2,1,2.0,6,33063,M,,,33
201200025016,12,4,17,1235,1,2,1,1.0,3,33119,M,,,33
201200025017,12,4,23,1415,1,2,1,1.0,3,33063,M,,,33
201200025018,12,4,19,1240,1,2,3,1.0,6,33249,M,,,33
201200025019,12,4,24,630,2,2,1,2.0,2,33063,M,,,33
201200025020,12,4,20,1405,1,2,3,1.0,5,33013,M,,,33
201200025021,12,4,25,1000,1,2,1,1.0,3,33063,M,,,33
201200025022,12,4,25,745,2,1,1,1.0,6,33119,M,,,33
201200025023,12,4,26,2327,5,2,1,3.0,6,33063,M,,,33
201200025024,12,4,26,1818,1,2,5,1.0,6,33063,M,,,33
201200025025,12,4,21,1350,1,2,2,1.0,3,33318,M,,,33
201200025026,12,4,19,1830,1,2,2,1.0,3,33318,M,,,33
201200025027,12,4,29,1910,1,2,3,1.0,7,33063,M,,,33
201200025028,12,4,18,1122,1,2,2,2.0,6,33162,M,,,33
201200025029,12,4,29,1055,1,2,1,2.0,6,33063,M,,,33
201200025030,12,4,16,1215,1,2,2,1.0,3,33522,M,,,33
201200025031,12,4,19,2350,5,2,6,2.0,6,33318,M,,,33
201200025032,12,4,21,1825,1,2,6,1.0,4,33281,M,,,33
201200025033,12,5,3,1635,1,2,3,1.0,2,33063,M,,,33
201200025034,12,5,5,430,5,2,1,1.0,3,33063,M,,,33
201200025035,12,5,6,1645,1,2,1,1.0,6,33063,M,,,33
201200025036,12,4,24,2020,1,2,1,1.0,6,33550,M,,,33
201200025037,12,4,28,1800,1,2,5,3.0,2,33522,M,,,33
201200025038,12,4,28,1540,1,2,1,2.0,4,33162,M,,,33
201200025039,12,4,28,1045,1,2,1,2.0,3,33522,M,,,33
201200025040,12,4,24,1435,1,2,2,2.0,6,33550,M,,,33
201200025041,12,5,4,1440,1,2,1,1.0,2,33063,M,,,33
201200025042,12,5,4,1710,1,2,1,1.0,6,33063,M,,,33
201200025043,12,5,6,1600,1,2,1,1.0,6,33063,M,,,33
201200025044,12,4,30,2100,1,2,6,1.0,3,33522,M,,,33
201200025045,12,5,1,445,5,2,1,1.0,7,33249,M,,,33
201200025046,12,5,1,1130,1,2,6,1.0,3,33119,M,,,33
201200025047,12,5,3,830,1,2,1,1.0,3,33281,M,,,33
201200025048,12,5,9,1450,1,2,1,1.0,2,33063,M,,,33
201200025049,12,5,9,1610,1,2,3,1.0,3,33063,M,,,33
201200025050,12,5,9,1835,1,2,1,1.0,3,33063,M,,,33
201200025051,12,5,11,1540,1,2,5,1.0,3,33069,M,,,33
201200025052,12,5,11,910,1,2,1,1.0,3,33063,M,,,33
201200025053,12,5,11,837,1,2,3,1.0,3,33063,M,,,33
201200025054,12,5,10,800,1,2,1,1.0,2,33063,M,,,33
201200025055,12,5,11,1345,1,2,2,2.0,3,33063,M,,,33
201200025056,12,5,11,1030,1,2,1,1.0,3,33063,M,,,33
201200025057,12,5,14,1630,1,2,3,1.0,2,33063,M,,,33
201200025058,12,5,4,2050,1,2,2,1.0,3,33162,M,,,33
201200025059,12,5,7,1415,1,2,2,1.0,2,33281,M,,,33
201200025060,12,5,4,830,1,2,1,1.0,3,33550,M,,,33
201200025061,12,5,14,1900,1,2,1,1.0,6,33063,M,,,33
201200025062,12,5,10,1645,1,2,3,1.0,6,33032,M,,,33
201200025063,12,5,10,750,1,2,1,1.0,3,33281,M,,,33
201200025064,12,5,8,615,5,2,2,2.0,2,33075,M,,,33
201200025065,12,5,8,1120,1,2,2,2.0,3,33281,M,,,33
201200025066,12,5,8,2155,5,2,3,2.0,6,33522,M,,,33
201200025067,12,5,14,1834,1,2,3,1.0,2,33063,M,,,33
201200025068,12,5,15,1145,1,2,1,1.0,6,33063,M,,,33
201200025069,12,5,11,1100,1,2,3,1.0,3,33281,M,,,33
201200025070,12,5,11,1815,1,2,1,1.0,3,33013,M,,,33
201200025071,12,5,11,715,1,2,3,1.0,3,33069,M,,,33
201200025072,12,5,9,830,1,2,1,2.0,6,33162,M,,,33
201200025073,12,5,15,1430,1,2,1,1.0,2,33063,M,,,33
201200025074,12,5,15,1920,1,2,2,1.0,3,33063,M,,,33
201200025075,12,5,16,2050,1,2,2,1.0,3,33063,M,,,33
201200025076,12,5,17,1430,1,2,1,1.0,6,33063,M,,,33
201200025077,12,5,16,1910,1,2,2,1.0,4,33063,M,,,33
201200025078,12,5,16,840,1,2,2,1.0,3,33063,M,,,33
201200025079,12,5,16,1000,1,2,2,1.0,3,33063,M,,,33
201200025080,12,5,16,1155,1,2,1,1.0,6,33063,M,,,33
201200025081,12,5,12,1935,1,2,5,1.0,3,33281,M,,,33
201200025082,12,5,19,325,5,2,3,1.0,6,33063,M,,,33
201200025083,12,5,20,230,5,2,2,1.0,3,33063,M,,,33
201200025084,12,5,11,2040,1,2,1,1.0,6,33281,M,,,33
201200025085,12,5,15,1420,1,2,3,1.0,3,33063,M,,,33
201200025086,12,5,15,1820,1,2,1,1.0,3,33550,M,,,33
201200025087,12,5,20,400,5,2,3,1.0,7,33063,M,,,33
201200025088,12,5,21,1,5,2,4,2.0,6,33039,M,,,33
201200025089,12,5,15,730,1,2,3,1.0,2,33013,M,,,33
201200025090,12,5,14,1100,1,2,1,1.0,7,33069,M,,,33
201200025091,12,5,15,1325,1,2,1,1.0,2,33069,M,,,33
201200025092,12,5,14,1830,1,2,2,1.0,3,33522,M,,,33
201200025093,12,5,20,2125,5,2,1,3.0,6,33119,M,,,33
201200025094,12,5,23,820,1,2,1,1.0,3,33063,M,,,33
201200025095,12,5,21,1200,1,2,1,2.0,2,33013,M,,,33
201200025096,12,5,23,750,1,2,3,1.0,1,33063,M,,,33
201200025097,12,5,15,1710,1,2,2,1.0,2,33318,M,,,33
201200025098,12,5,17,1025,1,2,2,1.0,3,33281,M,,,33
201200025099,12,5,16,1310,1,2,3,1.0,3,33069,M,,,33
201200025100,12,5,17,1650,1,2,1,1.0,3,33200,M,,,33
201200025101,12,5,18,2035,1,2,2,1.0,6,33281,M,,,33
201200025102,12,5,23,1210,1,2,3,1.0,3,33063,M,,,33
201200025103,12,5,24,1405,1,2,3,1.0,2,33063,M,,,33
201200025104,12,5,24,950,1,2,5,1.0,3,33063,M,,,33
201200025105,12,5,24,1245,1,2,5,1.0,3,33063,M,,,33
201200025106,12,5,24,857,1,2,1,1.0,3,33063,M,,,33
201200025107,12,5,19,1905,1,2,1,1.0,6,33192,M,,,33
201200025108,12,5,25,805,1,2,5,1.0,6,33063,M,,,33
201200025109,12,5,25,1904,1,2,1,1.0,6,33522,M,,,33
201200025110,12,5,27,140,5,2,1,1.0,2,33063,M,,,33
201200025111,12,5,25,1337,1,2,3,1.0,3,33063,M,,,33
201200025112,12,5,27,1945,1,2,1,1.0,6,33519,M,,,33
201200025113,12,5,25,945,1,2,1,1.0,6,33281,M,,,33
201200025114,12,5,28,1815,1,2,2,1.0,3,33063,M,,,33
201200025115,12,5,22,1600,1,2,1,1.0,6,33318,M,,,33
201200025116,12,5,30,750,1,2,2,1.0,6,33063,M,,,33
201200025117,12,5,24,840,1,2,2,1.0,6,33069,M,,,33
201200025118,12,5,30,850,1,2,5,1.0,6,33063,M,,,33
201200025119,12,5,25,850,1,2,3,1.0,3,33167,M,,,33
201200025120,12,5,21,1210,1,2,1,2.0,6,33119,M,,,33
201200025121,12,5,15,1705,1,2,1,1.0,3,33281,M,,,33
201200025122,12,5,22,830,1,2,1,1.0,5,33162,M,,,33
201200025123,12,5,25,1645,1,2,1,1.0,3,33249,M,,,33
201200025124,12,5,30,1714,1,2,1,1.0,6,33063,M,,,33
201200025125,12,5,25,147,5,2,3,1.0,3,33039,M,,,33
201200025126,12,5,31,850,1,2,3,1.0,3,33063,M,,,33
201200025127,12,5,31,2056,1,2,3,1.0,3,33063,M,,,33
201200025128,12,6,4,930,1,2,2,2.0,3,33063,M,,,33
201200025129,12,5,30,1650,1,2,2,1.0,3,33063,M,,,33
201200025130,12,6,1,950,1,2,5,1.0,3,33063,M,,,33
201200025131,12,6,3,555,5,2,1,2.0,2,33063,M,,,33
201200025132,12,6,3,1609,1,2,1,1.0,3,33063,M,,,33
201200025133,12,5,26,1935,1,2,1,1.0,6,33318,M,,,33
201200025134,12,5,25,1430,1,2,1,1.0,3,33069,M,,,33
201200025135,12,6,4,1835,1,2,2,1.0,3,33063,M,,,33
201200025136,12,5,29,805,1,2,2,1.0,1,33075,M,,,33
201200025137,12,5,25,2225,5,2,1,1.0,6,33281,M,,,33
201200025138,12,6,4,1705,1,2,1,1.0,4,33063,M,,,33
201200025139,12,5,30,835,1,2,1,1.0,4,33281,M,,,33
201200025140,12,5,28,1415,1,2,5,1.0,3,33318,M,,,33
201200025141,12,6,5,1230,1,2,1,1.0,6,33200,M,,,33
201200025142,12,6,5,1700,1,2,2,1.0,6,33063,M,,,33
201200025143,12,6,5,905,1,2,2,1.0,3,33063,M,,,33
201200025144,12,5,30,2105,1,2,6,1.0,2,33119,M,,,33
201200025145,12,6,2,1040,1,2,3,1.0,2,33119,M,,,33
201200025146,12,6,1,1845,1,2,2,1.0,1,33192,M,,,33
201200025147,12,6,7,1725,1,2,1,1.0,6,33063,M,,,33
201200025148,12,5,30,805,1,2,6,1.0,2,33162,M,,,33
201200025149,12,6,1,1950,2,2,1,1.0,2,33200,M,,,33
201200025150,12,6,7,1715,1,2,3,1.0,6,33281,M,,,33
201200025151,12,6,1,745,1,2,2,1.0,1,33162,M,,,33
201200025152,12,5,29,2150,5,2,2,1.0,6,33550,M,,,33
201200025153,12,6,1,2300,5,2,1,1.0,3,33522,M,,,33
201200025154,12,6,9,555,5,2,3,1.0,3,33063,M,,,33
201200025155,12,6,8,2305,5,2,2,1.0,6,33063,M,,,33
201200025156,12,6,9,1430,1,2,3,1.0,3,33063,M,,,33
201200025157,12,6,9,155,5,2,2,1.0,6,33063,M,,,33
201200025158,12,6,10,420,5,2,1,2.0,6,33063,M,,,33
201200025159,12,6,10,625,2,2,1,2.0,6,33063,M,,,33
201200025160,12,6,10,1143,1,2,5,2.0,3,33063,M,,,33
201200025161,12,6,11,2110,1,2,2,2.0,3,33063,M,,,33
201200025162,12,6,11,850,1,2,1,1.0,3,33063,M,,,33
201200025163,12,6,5,905,1,2,2,1.0,3,33039,M,,,33
201200025164,12,6,13,1555,1,2,1,1.0,2,33063,M,,,33
201200025165,12,6,12,910,1,2,1,2.0,3,33063,M,,,33
201200025166,12,6,13,845,1,2,3,1.0,3,33063,M,,,33
201200025167,12,6,13,750,1,2,1,1.0,3,33063,M,,,33
201200025168,12,6,8,1955,1,2,3,1.0,6,33281,M,,,33
201200025169,12,6,14,645,1,2,1,1.0,6,33318,M,,,33
201200025170,12,6,14,2130,2,2,1,1.0,6,33063,M,,,33
201200025171,12,6,14,830,1,2,6,1.0,3,33063,M,,,33
201200025172,12,6,14,1100,1,2,3,1.0,6,33063,M,,,33
201200025173,12,6,15,1142,1,2,1,1.0,6,33063,M,,,33
201200025174,12,6,15,739,1,2,2,1.0,3,33063,M,,,33
201200025175,12,6,12,1920,1,2,2,1.0,3,33281,M,,,33
201200025176,12,5,25,1030,1,2,4,1.0,3,33522,M,,,33
201200025177,12,6,15,1515,1,2,1,1.0,3,33063,M,,,33
201200025178,12,6,7,1845,1,2,2,1.0,3,33522,M,,,33
201200025179,12,6,17,1000,1,2,1,1.0,6,33063,M,,,33
201200025180,12,6,15,915,1,2,3,1.0,6,33063,M,,,33
201200025181,12,6,18,907,1,2,8,1.0,3,33063,M,,,33
201200025182,12,6,16,1900,1,2,2,1.0,3,33281,M,,,33
201200025183,12,6,12,1720,1,2,3,1.0,3,33162,M,,,33
201200025184,12,6,17,630,1,2,1,1.0,7,33162,M,,,33
201200025185,12,6,8,715,1,2,1,1.0,6,33522,M,,,33
201200025186,12,6,19,910,1,2,3,2.0,3,33063,M,,,33
201200025187,12,6,19,855,1,2,3,2.0,3,33063,M,,,33
201200025188,12,6,10,635,1,2,3,1.0,6,33192,M,,,33
201200025189,12,6,15,20,5,2,2,1.0,3,33318,M,,,33
201200025190,12,6,14,1645,1,2,1,1.0,3,33318,M,,,33
201200025191,12,6,15,1900,1,2,1,1.0,2,33167,M,,,33
201200025192,12,6,14,2238,5,2,1,1.0,6,33318,M,,,33
201200025193,12,6,19,2235,3,2,2,1.0,3,33162,M,,,33
201200025194,12,6,13,1900,1,2,1,1.0,6,33522,M,,,33
201200025195,12,6,17,300,4,2,1,1.0,6,33075,M,,,33
201200025196,12,6,15,1705,1,2,2,1.0,3,33281,M,,,33
201200025197,12,6,21,2045,1,2,2,1.0,6,33063,M,,,33
201200025198,12,6,25,500,2,2,2,1.0,3,33063,M,,,33
201200025199,12,6,24,1900,1,2,3,1.0,1,33063,M,,,33
201200025200,12,6,23,1815,1,2,1,1.0,1,33063,M,,,33
201200025201,12,6,21,1810,1,2,3,1.0,2,33063,M,,,33
201200025202,12,6,23,1030,1,2,2,1.0,3,33063,M,,,33
201200025203,12,6,26,1350,1,2,2,1.0,2,33063,M,,,33
201200025204,12,6,26,1720,1,2,3,1.0,3,33249,M,,,33
201200025205,12,6,26,1112,1,2,4,1.0,6,33063,M,,,33
201200025206,12,6,21,1255,1,2,1,1.0,3,33013,M,,,33
201200025207,12,6,27,1933,1,2,2,1.0,3,33063,M,,,33
201200025208,12,6,27,1651,1,2,1,1.0,6,33063,M,,,33
201200025209,12,6,26,1820,1,2,2,1.0,3,33063,M,,,33
201200025210,12,6,22,1335,1,2,3,1.0,6,33013,M,,,33
201200025211,12,6,21,1905,1,2,2,1.0,3,33167,M,,,33
201200025212,12,6,23,1948,1,2,2,1.0,6,33249,M,,,33
201200025213,12,6,27,1800,1,2,2,1.0,6,33063,M,,,33
201200025214,12,6,21,1744,1,2,1,1.0,1,33281,M,,,33
201200025215,12,6,22,1750,1,2,2,1.0,3,33281,M,,,33
201200025216,12,6,22,740,1,2,6,1.0,3,33522,M,,,33
201200025217,12,6,24,1,5,2,2,1.0,3,33281,M,,,33
201200025218,12,6,28,915,1,2,5,1.0,3,33063,M,,,33
201200025219,12,6,28,930,1,1,1,1.0,3,33063,M,,,33
201200025220,12,6,29,1406,1,2,3,1.0,6,33063,M,,,33
201200025221,12,7,2,135,5,2,2,1.0,6,33063,M,,,33
201200025222,12,7,2,55,5,2,4,1.0,3,33063,M,,,33
201200025223,12,6,30,2130,1,2,1,1.0,2,33063,M,,,33
201200025224,12,6,30,155,4,2,1,1.0,6,33063,M,,,33
201200025225,12,6,28,1845,1,2,1,1.0,3,33063,M,,,33
201200025226,12,7,1,2210,2,2,2,1.0,3,33063,M,,,33
201200025227,12,7,3,10,5,2,3,1.0,6,33063,M,,,33
201200025228,12,7,1,1800,1,2,4,1.0,3,33063,M,,,33
201200025229,12,7,2,1820,1,2,5,1.0,3,33063,M,,,33
201200025230,12,6,26,2245,5,2,3,1.0,1,33318,M,,,33
201200025231,12,6,26,1700,1,2,1,1.0,6,33281,M,,,33
201200025232,12,6,29,1330,1,2,1,1.0,6,33249,M,,,33
201200025233,12,6,29,1115,1,2,6,1.0,3,33063,M,,,33
201200025234,12,6,30,2040,1,2,1,1.0,3,33069,M,,,33
201200025235,12,6,24,1845,1,2,2,1.0,3,33522,M,,,33
201200025236,12,7,5,1355,1,2,3,1.0,3,33039,M,,,33
201200025237,12,7,1,1926,1,1,1,1.0,2,33013,M,,,33
201200025238,12,7,5,1840,1,2,2,1.0,6,33063,M,,,33
201200025239,12,7,5,1955,1,2,1,1.0,1,33063,M,,,33
201200025240,12,7,6,645,1,2,3,2.0,4,33063,M,,,33
201200025241,12,7,5,740,1,2,1,3.0,3,33550,M,,,33
201200025242,12,7,4,210,5,2,1,1.0,6,33281,M,,,33
201200025243,12,7,7,2315,5,1,1,2.0,6,33075,M,,,33
201200025244,12,7,6,2230,5,2,1,1.0,6,33063,M,,,33
201200025245,12,7,7,2020,2,2,2,1.0,7,33063,M,,,33
201200025246,12,7,3,830,1,2,4,1.0,3,33167,M,,,33
201200025247,12,7,6,1405,1,2,2,1.0,2,33063,M,,,33
201200025248,12,7,3,1625,1,2,1,1.0,3,33162,M,,,33
201200025249,12,7,3,835,1,2,2,1.0,3,33192,M,,,33
201200025250,12,7,6,1500,1,2,3,1.0,3,33281,M,,,33
201200025251,12,7,5,1815,1,2,1,2.0,5,33318,M,,,33
201200025252,12,7,3,1815,1,2,1,1.0,4,33522,M,,,33
201200025253,12,7,9,850,1,2,3,1.0,3,33167,M,,,33
201200025254,12,7,6,2030,1,2,1,1.0,7,33167,M,,,33
201200025255,12,7,10,1430,1,2,1,1.0,3,33063,M,,,33
201200025256,12,7,11,1100,1,2,1,1.0,6,33063,M,,,33
201200025257,12,7,12,248,5,2,1,1.0,7,33063,M,,,33
201200025258,12,7,12,2250,5,2,3,1.0,2,33063,M,,,33
201200025259,12,7,12,1938,1,2,6,1.0,2,33119,M,,,33
201200025260,12,7,13,1545,1,2,2,1.0,3,33063,M,,,33
201200025261,12,7,13,720,1,2,1,1.0,3,33063,M,,,33
201200025262,12,7,15,1620,1,2,3,1.0,1,33063,M,,,33
201200025263,12,7,13,2040,1,1,4,3.0,6,33063,M,,,33
201200025264,12,6,28,1650,1,2,2,1.0,3,33249,M,,,33
201200025265,12,7,13,1430,1,2,1,1.0,6,33063,M,,,33
201200025266,12,7,16,1012,1,2,2,1.0,3,33063,M,,,33
201200025267,12,7,16,1715,1,2,2,1.0,3,33063,M,,,33