Num_Acc,an,mois,jour,hrmn,lum,agg,int,atm,col,com,gps,lat,long,dep
201200025268,12,7,17,210,5,2,2,1.0,6,33063,M,,,33
201200025269,12,7,16,1915,1,2,3,1.0,3,33063,M,,,33
201200025270,12,7,17,1700,1,2,2,1.0,2,33063,M,,,33
201200025271,12,7,12,1510,1,2,1,1.0,4,33281,M,,,33
201200025272,12,7,11,910,1,2,3,1.0,6,33281,M,,,33
201200025273,12,7,16,120,5,2,1,1.0,6,33550,M,,,33
201200025274,12,7,14,1535,1,2,1,1.0,6,33039,M,,,33
201200025275,12,7,12,1810,1,2,1,1.0,3,33200,M,,,33
201200025276,12,7,19,1030,1,2,3,1.0,1,33063,M,,,33
201200025277,12,7,17,1025,1,2,1,1.0,3,33281,M,,,33
201200025278,12,7,18,1420,1,2,1,1.0,2,33032,M,,,33
201200025279,12,7,21,310,5,2,4,1.0,7,33063,M,,,33
201200025280,12,7,22,1930,1,2,1,1.0,6,33063,M,,,33
201200025281,12,7,23,929,1,2,1,1.0,3,33063,M,,,33
201200025282,12,7,14,1950,1,2,1,1.0,5,33522,M,,,33
201200025283,12,7,15,2000,1,2,2,1.0,3,33522,M,,,33
201200025284,12,7,18,1700,1,2,2,1.0,1,33075,M,,,33
201200025285,12,7,23,1450,1,2,3,1.0,3,33069,M,,,33
201200025286,12,7,23,1345,1,2,1,1.0,6,33063,M,,,33
201200025287,12,7,23,1545,1,2,1,1.0,3,33063,M,,,33
201200025288,12,7,20,1535,1,2,1,1.0,6,33069,M,,,33
201200025289,12,7,16,1220,1,2,2,1.0,2,33119,M,,,33
201200025290,12,7,16,855,1,2,3,1.0,3,33281,M,,,33
201200025291,12,7,26,1815,1,2,3,1.0,3,33063,M,,,33
201200025292,12,7,27,1640,1,2,1,1.0,3,33063,M,,,33
201200025293,12,7,24,1927,1,2,6,1.0,6,33069,M,,,33
201200025294,12,7,25,1605,1,2,3,1.0,3,33281,M,,,33
201200025295,12,7,25,755,1,2,3,1.0,2,33281,M,,,33
201200025296,12,7,22,445,5,2,2,1.0,3,33192,M,,,33
201200025297,12,7,24,1750,1,2,2,1.0,3,33318,M,,,33
201200025298,12,7,27,2220,4,2,6,1.0,7,33281,M,,,33
201200025299,12,7,31,2048,1,2,1,1.0,6,33249,M,,,33
201200025300,12,7,31,1850,1,2,1,1.0,2,33281,M,,,33
201200025301,12,8,1,815,1,2,2,1.0,3,33281,M,,,33
201200025302,12,7,31,35,5,2,6,1.0,3,33249,M,,,33
201200025303,12,8,4,1830,1,2,2,1.0,3,33522,M,,,33
201200025304,12,7,29,45,5,2,1,1.0,3,33281,M,,,33
201200025305,12,7,31,1805,1,2,3,1.0,3,33281,M,,,33
201200025306,12,8,7,1945,1,2,1,1.0,6,33063,M,,,33
201200025307,12,8,7,2315,5,2,6,1.0,7,33063,M,,,33
201200025308,12,8,7,1430,1,2,1,1.0,3,33063,M,,,33
201200025309,12,8,8,1950,1,2,2,1.0,3,33063,M,,,33
201200025310,12,8,6,2035,1,2,4,1.0,2,33013,M,,,33
201200025311,12,8,3,1310,1,2,4,1.0,3,33013,M,,,33
201200025312,12,8,4,1550,1,2,1,1.0,2,33192,M,,,33
201200025313,12,8,14,905,1,2,1,1.0,5,33281,M,,,33
201200025314,12,8,15,230,5,2,1,1.0,6,33063,M,,,33
201200025315,12,8,10,1720,1,2,2,1.0,3,33281,M,,,33
201200025316,12,8,9,1835,1,2,4,1.0,3,33281,M,,,33
201200025317,12,8,12,1630,1,2,1,1.0,6,33281,M,,,33
201200025318,12,8,17,1740,1,2,4,1.0,3,33063,M,,,33
201200025319,12,8,19,240,5,2,1,1.0,6,33063,M,,,33
201200025320,12,8,18,1425,1,2,3,1.0,6,33063,M,,,33
201200025321,12,8,17,1220,1,2,2,1.0,3,33063,M,,,33
201200025322,12,8,18,1940,1,2,2,1.0,3,33063,M,,,33
201200025323,12,8,13,1058,1,2,2,1.0,3,33200,M,,,33
201200025324,12,8,20,2025,1,2,3,1.0,3,33063,M,,,33
201200025325,12,8,20,830,1,2,1,1.0,3,33063,M,,,33
201200025326,12,8,20,2235,5,2,7,1.0,6,33063,M,,,33
201200025327,12,8,10,815,1,2,4,1.0,3,33522,M,,,33
201200025328,12,8,22,35,5,2,3,1.0,2,33075,M,,,33
201200025329,12,8,22,2220,5,2,1,1.0,7,33063,M,,,33
201200025330,12,8,16,1740,1,2,6,1.0,3,33281,M,,,33
201200025331,12,8,14,1000,1,2,6,1.0,6,33192,M,,,33
201200025332,12,8,17,2050,1,2,1,1.0,3,33281,M,,,33
201200025333,12,8,23,1030,1,2,3,1.0,3,33063,M,,,33
201200025334,12,8,21,1540,1,2,3,1.0,3,33318,M,,,33
201200025335,12,8,22,1130,1,2,3,1.0,3,33550,M,,,33
201200025336,12,8,27,1440,1,2,3,1.0,3,33249,M,,,33
201200025337,12,8,28,2000,1,2,3,1.0,3,33063,M,,,33
201200025338,12,8,27,2035,1,2,2,1.0,3,33063,M,,,33
201200025339,12,8,27,1710,1,2,6,1.0,2,33281,M,,,33
201200025340,12,8,24,1510,1,2,2,1.0,3,33318,M,,,33
201200025341,12,8,23,1910,1,2,6,1.0,6,33318,M,,,33
201200025342,12,8,30,420,5,2,2,1.0,3,33063,M,,,33
201200025343,12,8,22,915,1,2,3,1.0,3,33522,M,,,33
201200025344,12,8,29,1610,1,2,2,1.0,6,33063,M,,,33
201200025345,12,8,13,800,1,2,3,1.0,6,33119,M,,,33
201200025346,12,8,16,1825,1,2,6,1.0,7,33249,M,,,33
201200025347,12,8,28,1810,1,2,6,1.0,6,33069,M,,,33
201200025348,12,8,25,1800,1,2,3,1.0,3,33318,M,,,33
201200025349,12,8,23,1840,1,2,1,1.0,7,33522,M,,,33
201200025350,12,8,31,750,1,2,1,1.0,6,33063,M,,,33
201200025351,12,8,31,1145,1,2,1,1.0,1,33063,M,,,33
201200025352,12,8,31,1750,1,2,1,1.0,6,33063,M,,,33
201200025353,12,8,31,1535,1,2,2,1.0,3,33063,M,,,33
201200025354,12,9,1,1737,1,2,6,1.0,3,33063,M,,,33
201200025355,12,8,30,1636,1,2,1,1.0,6,33167,M,,,33
201200025356,12,9,3,1435,1,2,2,1.0,2,33063,M,,,33
201200025357,12,9,1,1930,1,2,2,1.0,3,33281,M,,,33
201200025358,12,8,24,2324,5,2,2,1.0,3,33550,M,,,33
201200025359,12,9,1,1340,1,2,2,2.0,3,33281,M,,,33
201200025360,12,9,1,120,5,2,3,1.0,6,33318,M,,,33
201200025361,12,9,1,1700,1,2,5,1.0,6,33318,M,,,33
201200025362,12,9,5,2350,5,2,1,1.0,7,33063,M,,,33
201200025363,12,9,6,1715,1,2,5,1.0,6,33063,M,,,33
201200025364,12,9,7,1245,1,2,1,1.0,3,33063,M,,,33
201200025365,12,9,9,310,5,2,2,1.0,1,33063,M,,,33
201200025366,12,9,7,745,1,2,1,1.0,3,33063,M,,,33
201200025367,12,9,8,445,5,2,4,1.0,6,33063,M,,,33
201200025368,12,9,3,250,3,2,1,1.0,6,33192,M,,,33
201200025369,12,9,6,1240,1,2,2,1.0,6,33281,M,,,33
201200025370,12,9,10,800,1,2,5,2.0,3,33063,M,,,33
201200025371,12,9,5,1735,1,2,3,1.0,3,33249,M,,,33
201200025372,12,9,6,1610,1,2,2,1.0,2,33550,M,,,33
201200025373,12,9,5,800,1,2,3,1.0,3,33318,M,,,33
201200025374,12,9,4,1655,1,2,1,1.0,2,33318,M,,,33
201200025375,12,9,6,1815,1,2,9,1.0,2,33069,M,,,33
201200025376,12,9,11,1125,1,2,1,1.0,6,33550,M,,,33
201200025377,12,9,11,1620,1,2,1,1.0,6,33069,M,,,33
201200025378,12,9,12,645,5,2,5,1.0,3,33063,M,,,33
201200025379,12,9,13,725,1,2,1,2.0,3,33281,M,,,33
201200025380,12,9,8,900,1,2,1,1.0,6,33249,M,,,33
201200025381,12,9,12,1810,1,2,1,1.0,2,33063,M,,,33
201200025382,12,9,4,1915,1,2,3,1.0,4,33522,M,,,33
201200025383,12,9,13,1630,1,2,1,1.0,2,33063,M,,,33
201200025384,12,9,13,1700,1,2,1,1.0,6,33063,M,,,33
201200025385,12,9,13,845,1,2,3,1.0,6,33522,M,,,33
201200025386,12,9,13,1225,1,2,4,1.0,3,33119,M,,,33
201200025387,12,9,16,1830,1,2,2,1.0,3,33063,M,,,33
201200025388,12,9,10,1100,1,2,1,1.0,3,33119,M,,,33
201200025389,12,9,14,2115,5,2,3,1.0,1,33063,M,,,33
201200025390,12,9,9,105,5,2,1,1.0,7,33550,M,,,33
201200025391,12,9,11,1930,1,2,2,1.0,3,33039,M,,,33
201200025392,12,9,17,1010,1,2,2,1.0,3,33063,M,,,33
201200025393,12,9,17,1145,1,2,1,1.0,2,33063,M,,,33
201200025394,12,9,18,945,1,2,5,1.0,3,33063,M,,,33
201200025395,12,9,12,1900,1,2,1,1.0,3,33039,M,,,33
201200025396,12,9,18,1215,1,2,3,2.0,3,33063,M,,,33
201200025397,12,9,14,705,5,2,2,1.0,3,33119,M,,,33
201200025398,12,9,18,1710,1,2,2,2.0,3,33063,M,,,33
201200025399,12,9,14,1635,1,2,2,1.0,6,33318,M,,,33
201200025400,12,9,13,840,1,2,1,1.0,2,33281,M,,,33
201200025401,12,9,19,1125,1,2,3,1.0,6,33063,M,,,33
201200025402,12,9,19,1340,1,2,5,1.0,2,33063,M,,,33
201200025403,12,9,17,1715,1,2,6,1.0,6,33318,M,,,33
201200025404,12,9,13,840,1,2,2,1.0,3,33522,M,,,33
201200025405,12,9,19,1715,1,2,1,1.0,6,33162,M,,,33
201200025406,12,9,23,620,1,2,1,1.0,5,33063,M,,,33
201200025407,12,9,23,715,1,2,1,1.0,2,33063,M,,,33
201200025408,12,9,22,1840,1,2,3,1.0,6,33063,M,,,33
201200025409,12,9,21,2200,5,2,2,1.0,3,33063,M,,,33
201200025410,12,9,19,1411,1,2,1,1.0,3,33069,M,,,33
201200025411,12,9,18,1920,1,2,1,1.0,2,33069,M,,,33
201200025412,12,9,18,1800,1,2,1,1.0,3,33318,M,,,33
201200025413,12,9,24,1315,1,2,1,1.0,6,33063,M,,,33
201200025414,12,9,25,1130,1,2,2,2.0,3,33063,M,,,33
201200025415,12,9,25,1430,1,2,3,2.0,3,33063,M,,,33
201200025416,12,9,25,1745,1,2,1,2.0,4,33063,M,,,33
201200025417,12,9,22,1655,1,2,1,1.0,7,33281,M,,,33
201200025418,12,9,20,1640,1,2,2,1.0,6,33281,M,,,33
201200025419,12,9,22,1820,1,2,1,1.0,3,33281,M,,,33
201200025420,12,9,26,515,5,2,3,2.0,6,33063,M,,,33
201200025421,12,9,26,1730,1,2,1,2.0,3,33063,M,,,33
201200025422,12,9,21,745,1,2,2,1.0,3,33162,M,,,33
201200025423,12,9,27,1400,1,2,1,1.0,1,33281,M,,,33
201200025424,12,9,26,1750,1,2,3,3.0,3,33063,M,,,33
201200025425,12,9,26,2110,5,2,2,3.0,3,33162,M,,,33
201200025426,12,9,26,1800,1,2,1,3.0,2,33281,M,,,33
201200025427,12,9,24,1535,1,2,1,1.0,6,33119,M,,,33
201200025428,12,9,19,1240,1,2,3,1.0,7,33522,M,,,33
201200025429,12,9,19,1900,1,2,1,1.0,3,33318,M,,,33
201200025430,12,9,27,1620,1,2,1,1.0,6,33063,M,,,33
201200025431,12,9,27,1530,1,2,2,1.0,3,33063,M,,,33
201200025432,12,9,24,1615,1,2,3,1.0,6,33281,M,,,33
201200025433,12,9,26,1235,1,2,1,1.0,6,33063,M,,,33
201200025434,12,9,24,1325,1,2,1,2.0,1,33039,M,,,33
201200025435,12,9,22,802,1,2,2,1.0,3,33192,M,,,33
201200025436,12,9,22,1505,1,2,3,1.0,5,33522,M,,,33
201200025437,12,9,21,1626,1,2,1,1.0,3,33522,M,,,33
201200025438,12,9,20,755,1,2,1,1.0,6,33192,M,,,33
201200025439,12,9,20,2035,5,2,3,1.0,3,33318,M,,,33
201200025440,12,9,29,230,5,2,2,1.0,7,33063,M,,,33
201200025441,12,9,30,340,5,2,1,1.0,6,33063,M,,,33
201200025442,12,9,22,1130,1,2,3,1.0,6,33039,M,,,33
201200025443,12,9,30,2135,5,2,1,1.0,7,33550,M,,,33
201200025444,12,9,27,1830,1,2,2,1.0,6,33318,M,,,33
201200025445,12,10,1,1753,1,2,5,1.0,6,33063,M,,,33
201200025446,12,10,1,1535,1,2,3,1.0,6,33063,M,,,33
201200025447,12,9,26,1300,1,2,3,1.0,3,33063,M,,,33
201200025448,12,10,1,1800,1,2,1,1.0,2,33063,M,,,33
201200025449,12,10,2,1805,1,2,1,8.0,3,33063,M,,,33
201200025450,12,10,2,750,1,2,2,1.0,3,33063,M,,,33
201200025451,12,10,2,1540,1,2,1,8.0,4,33063,M,,,33
201200025452,12,10,2,1950,5,2,2,2.0,1,33063,M,,,33
201200025453,12,10,3,2130,5,2,1,1.0,2,33063,M,,,33
201200025454,12,9,30,1520,1,2,3,1.0,2,33281,M,,,33
201200025455,12,10,1,1710,1,2,2,1.0,4,33063,M,,,33
201200025456,12,9,29,135,5,2,1,1.0,7,33200,M,,,33
201200025457,12,9,28,1215,1,2,3,1.0,3,33162,M,,,33
201200025458,12,9,26,1430,1,2,6,1.0,6,33065,M,,,33
201200025459,12,9,27,1725,1,2,2,1.0,6,33318,M,,,33
201200025460,12,9,28,850,1,2,5,1.0,3,33318,M,,,33
201200025461,12,10,5,2245,5,2,2,1.0,6,33063,M,,,33
201200025462,12,10,5,2250,5,2,1,1.0,6,33063,M,,,33
201200025463,12,9,30,1110,1,2,1,1.0,4,33013,M,,,33
201200025464,12,9,30,1225,1,2,3,7.0,3,33192,M,,,33
201200025465,12,10,5,2115,5,2,3,1.0,3,33063,M,,,33
201200025466,12,10,1,914,1,2,6,1.0,3,33032,M,,,33
201200025467,12,10,8,200,5,2,2,2.0,3,33063,M,,,33
201200025468,12,9,28,1515,1,2,1,1.0,3,33249,M,,,33
201200025469,12,10,2,1820,1,2,3,1.0,5,33318,M,,,33
201200025470,12,10,7,800,2,2,2,1.0,6,33063,M,,,33
201200025471,12,10,5,1630,1,2,2,1.0,3,33281,M,,,33
201200025472,12,10,4,1930,5,2,1,1.0,2,33281,M,,,33
201200025473,12,10,3,1259,1,2,3,1.0,3,33318,M,,,33
201200025474,12,10,3,800,1,2,2,1.0,3,33550,M,,,33
201200025475,12,10,2,1110,1,2,2,1.0,3,33318,M,,,33
201200025476,12,10,3,735,2,2,1,1.0,6,33522,M,,,33
201200025477,12,10,4,1710,1,2,1,1.0,1,33119,M,,,33
201200025478,12,10,4,1100,1,2,2,1.0,2,33318,M,,,33
201200025479,12,10,6,1055,1,2,3,1.0,3,33318,M,,,33
201200025480,12,10,9,1500,1,2,2,1.0,3,33063,M,,,33
201200025481,12,10,9,735,2,2,1,2.0,6,33063,M,,,33
201200025482,12,10,5,730,2,2,6,1.0,6,33075,M,,,33
201200025483,12,10,9,900,1,2,1,2.0,4,33550,M,,,33
201200025484,12,10,11,1800,1,2,1,1.0,4,33063,M,,,33
201200025485,12,10,4,747,1,2,3,1.0,2,33032,M,,,33
201200025486,12,10,9,2150,5,2,2,1.0,3,33192,M,,,33
201200025487,12,10,5,800,1,2,6,1.0,3,33162,M,,,33
201200025488,12,10,3,725,2,2,4,2.0,4,33192,M,,,33
201200025489,12,10,11,1325,1,2,1,1.0,6,33249,M,,,33
201200025490,12,10,13,1258,1,2,1,1.0,6,33063,M,,,33
201200025491,12,10,13,20,5,2,1,1.0,6,33063,M,,,33
201200025492,12,10,9,1110,1,2,2,1.0,6,33281,M,,,33
201200025493,12,10,9,1100,1,2,1,1.0,6,33063,M,,,33
201200025494,12,10,9,930,1,2,5,1.0,5,33063,M,,,33
201200025495,12,10,5,1555,1,2,1,1.0,2,33550,M,,,33
201200025496,12,10,12,1910,5,2,2,1.0,3,33192,M,,,33
201200025497,12,10,12,2019,5,2,3,1.0,3,33063,M,,,33
201200025498,12,10,15,1950,5,2,1,1.0,3,33063,M,,,33
201200025499,12,10,15,1650,1,2,1,1.0,2,33063,M,,,33
201200025500,12,10,13,1000,1,2,1,1.0,6,33281,M,,,33
201200025501,12,10,11,750,2,2,1,8.0,6,33249,M,,,33
201200025502,12,10,17,1210,1,2,1,8.0,5,33063,M,,,33
201200025503,12,10,11,730,2,2,3,1.0,6,33318,M,,,33
201200025504,12,10,11,1255,1,2,1,1.0,3,33318,M,,,33
201200025505,12,10,13,1330,1,2,1,1.0,6,33069,M,,,33
201200025506,12,10,23,1315,1,2,2,1.0,2,33063,M,,,33
201200025507,12,10,18,1630,1,2,4,1.0,6,33063,M,,,33
201200025508,12,10,18,1150,1,2,6,1.0,3,33063,M,,,33
201200025509,12,10,16,850,1,2,1,1.0,3,33281,M,,,33
201200025510,12,10,9,1755,1,2,3,1.0,3,33162,M,,,33
201200025511,12,10,17,1700,1,2,6,1.0,2,33281,M,,,33
201200025512,12,10,12,1150,1,2,1,1.0,6,33522,M,,,33
201200025513,12,10,19,2200,5,2,4,3.0,6,33063,M,,,33
201200025514,12,10,16,1700,1,2,2,1.0,3,33065,M,,,33
201200025515,12,10,19,810,2,2,3,3.0,6,33063,M,,,33
201200025516,12,10,19,2010,5,2,3,2.0,6,33063,M,,,33
201200025517,12,10,18,610,5,2,2,1.0,3,33281,M,,,33
201200025518,12,10,19,2300,5,2,3,3.0,3,33063,M,,,33
201200025519,12,10,20,325,5,2,5,1.0,6,33039,M,,,33
201200025520,12,10,21,915,1,2,3,2.0,5,33063,M,,,33
201200025521,12,10,22,2115,5,2,2,1.0,3,33063,M,,,33
201200025522,12,10,22,715,5,2,5,2.0,2,33063,M,,,33
201200025523,12,10,22,740,5,2,3,2.0,3,33063,M,,,33
201200025524,12,10,18,1925,3,2,2,1.0,3,33281,M,,,33
201200025525,12,10,19,1130,1,2,5,2.0,6,33281,M,,,33
201200025526,12,10,22,1530,1,2,1,1.0,3,33063,M,,,33
201200025527,12,10,22,810,1,2,6,2.0,6,33281,M,,,33
201200025528,12,10,22,1615,1,2,2,1.0,3,33281,M,,,33
201200025529,12,10,20,1330,1,2,3,2.0,3,33200,M,,,33
201200025530,12,10,23,1845,5,2,2,1.0,3,33063,M,,,33
201200025531,12,10,24,1412,1,2,2,1.0,3,33063,M,,,33
201200025532,12,10,26,235,5,2,3,1.0,6,33063,M,,,33
201200025533,12,10,18,705,5,2,1,1.0,6,33013,M,,,33
201200025534,12,10,19,1210,1,2,2,2.0,3,33281,M,,,33
201200025535,12,10,20,135,5,2,1,2.0,6,33550,M,,,33
201200025536,12,10,25,2010,5,2,2,1.0,3,33063,M,,,33
201200025537,12,10,26,205,5,2,1,1.0,6,33063,M,,,33
201200025538,12,10,23,1120,1,2,3,1.0,4,33063,M,,,33
201200025539,12,10,27,1205,1,2,3,1.0,3,33063,M,,,33
201200025540,12,10,26,1550,1,2,2,1.0,3,33063,M,,,33
201200025541,12,10,26,1945,5,2,3,1.0,3,33063,M,,,33
201200025542,12,10,26,1635,1,2,1,1.0,6,33063,M,,,33
201200025543,12,10,22,1235,1,2,1,2.0,3,33550,M,,,33
201200025544,12,10,22,1800,2,2,2,1.0,6,33318,M,,,33
201200025545,12,10,29,2255,5,2,2,1.0,3,33063,M,,,33
201200025546,12,10,23,2115,5,2,1,1.0,3,33162,M,,,33
201200025547,12,10,23,1415,1,2,2,1.0,3,33162,M,,,33
201200025548,12,10,25,1245,1,2,1,2.0,3,33281,M,,,33
201200025549,12,10,29,1815,5,2,2,1.0,6,33063,M,,,33
201200025550,12,10,18,804,1,2,2,2.0,3,33069,M,,,33
201200025551,12,10,27,1120,1,2,1,1.0,2,33063,M,,,33
201200025552,12,10,26,1600,1,2,5,1.0,3,33281,M,,,33
201200025553,12,10,31,1435,1,2,1,1.0,6,33069,M,,,33
201200025554,12,10,31,1605,1,1,6,1.0,6,33281,M,,,33
201200025555,12,10,29,700,1,2,2,1.0,3,33281,M,,,33
201200025556,12,10,29,1543,1,2,3,1.0,5,33013,M,,,33
201200025557,12,10,31,1700,1,2,2,1.0,3,33063,M,,,33
201200025558,12,11,1,1800,5,2,1,2.0,6,33063,M,,,33
201200025559,12,10,23,800,2,2,6,5.0,7,33522,M,,,33
201200025560,12,11,4,635,5,2,1,1.0,6,33063,M,,,33
201200025561,12,11,3,1605,1,2,2,2.0,3,33063,M,,,33
201200025562,12,11,2,1700,1,2,1,2.0,3,33063,M,,,33
201200025563,12,10,30,1425,1,2,1,1.0,6,33063,M,,,33
201200025564,12,10,19,1140,1,2,6,2.0,3,33192,M,,,33
201200025565,12,11,5,1015,1,2,2,3.0,3,33063,M,,,33
201200025566,12,11,6,820,1,2,3,8.0,3,33063,M,,,33
201200025567,12,11,5,850,1,2,3,2.0,5,33063,M,,,33
201200025568,12,10,30,1215,1,2,1,1.0,3,33039,M,,,33
201200025569,12,11,6,1450,1,2,1,1.0,6,33063,M,,,33
201200025570,12,11,1,2145,5,2,3,2.0,7,33119,M,,,33
201200025571,12,11,7,2220,5,2,2,1.0,3,33063,M,,,33
201200025572,12,11,7,1715,2,2,1,1.0,3,33063,M,,,33
201200025573,12,11,7,1900,5,2,4,1.0,3,33063,M,,,33
201200025574,12,11,7,1405,1,2,3,1.0,6,33063,M,,,33
201200025575,12,11,7,1100,1,2,2,1.0,6,33063,M,,,33
201200025576,12,11,7,1930,5,2,2,1.0,6,33063,M,,,33
201200025577,12,11,2,1545,1,2,1,1.0,3,33069,M,,,33
201200025578,12,11,9,110,5,2,2,1.0,6,33063,M,,,33
201200025579,12,11,8,2330,5,2,5,1.0,3,33063,M,,,33
201200025580,12,11,6,1735,2,2,1,1.0,3,33162,M,,,33
201200025581,12,11,4,1910,5,2,1,1.0,4,33013,M,,,33
201200025582,12,11,1,1945,5,2,2,2.0,3,33281,M,,,33
201200025583,12,11,11,1200,1,2,2,1.0,3,33063,M,,,33
201200025584,12,10,30,1625,1,2,2,1.0,6,33069,M,,,33
201200025585,12,11,11,2000,5,2,2,1.0,6,33063,M,,,33
201200025586,12,11,8,1220,1,2,1,1.0,2,33281,M,,,33
201200025587,12,11,12,740,2,2,4,5.0,5,33063,M,,,33
201200025588,12,11,6,1600,1,2,2,1.0,3,33281,M,,,33
201200025589,12,11,9,825,1,2,6,1.0,2,33063,M,,,33
201200025590,12,11,11,2100,5,2,1,1.0,6,33550,M,,,33
201200025591,12,11,8,1630,1,2,1,1.0,5,33281,M,,,33
201200025592,12,11,4,2320,5,2,2,2.0,3,33249,M,,,33
201200025593,12,11,2,520,5,2,4,3.0,6,33318,M,,,33
201200025594,12,11,4,508,3,2,1,1.0,6,33039,M,,,33
201200025595,12,11,4,2050,5,2,3,2.0,7,33550,M,,,33
201200025596,12,11,9,2330,5,2,6,1.0,3,33063,M,,,33
201200025597,12,11,12,1830,5,2,1,1.0,5,33069,M,,,33
201200025598,12,11,7,1200,1,2,3,1.0,6,33039,M,,,33
201200025599,12,11,5,1910,5,2,3,2.0,2,33119,M,,,33
201200025600,12,11,9,815,2,2,1,1.0,6,33281,M,,,33
201200025601,12,11,10,2355,5,2,6,1.0,7,33069,M,,,33
201200025602,12,11,14,1800,5,2,6,1.0,3,33063,M,,,33
201200025603,12,11,14,1310,1,2,6,1.0,6,33063,M,,,33
201200025604,12,11,10,1029,1,2,3,2.0,6,33522,M,,,33
201200025605,12,11,9,107,5,2,1,1.0,6,33522,M,,,33
201200025606,12,11,15,1100,1,2,2,1.0,5,33063,M,,,33
201200025607,12,11,12,1830,3,2,1,1.0,5,33200,M,,,33
201200025608,12,11,15,1905,5,2,3,1.0,3,33063,M,,,33
201200025609,12,11,16,1005,1,2,3,1.0,2,33063,M,,,33
201200025610,12,11,17,2115,5,2,3,1.0,2,33063,M,,,33
201200025611,12,11,18,600,5,2,1,1.0,6,33063,M,,,33
201200025612,12,11,18,2005,5,2,3,1.0,6,33063,M,,,33
201200025613,12,11,18,745,2,2,6,1.0,7,33318,M,,,33
201200025614,12,11,19,945,1,2,3,1.0,3,33063,M,,,33
201200025615,12,11,14,1845,5,2,1,1.0,3,33075,M,,,33
201200025616,12,11,13,740,2,2,1,1.0,3,33281,M,,,33
201200025617,12,11,14,820,1,2,3,1.0,3,33162,M,,,33
201200025618,12,11,15,1010,1,2,1,1.0,2,33281,M,,,33
201200025619,12,11,13,1225,1,2,6,1.0,2,33249,M,,,33
201200025620,12,11,15,750,1,2,3,1.0,3,33249,M,,,33
201200025621,12,11,14,1925,3,2,1,1.0,7,33065,M,,,33
201200025622,12,11,20,750,1,2,2,1.0,3,33063,M,,,33
201200025623,12,11,20,947,1,2,2,1.0,2,33063,M,,,33
201200025624,12,11,20,1315,1,2,3,1.0,6,33063,M,,,33
201200025625,12,11,20,835,1,2,2,1.0,3,33063,M,,,33
201200025626,12,11,21,1838,2,2,1,2.0,6,33063,M,,,33
201200025627,12,11,21,1150,1,2,1,2.0,4,33063,M,,,33
201200025628,12,11,10,830,1,2,1,1.0,2,33281,M,,,33
201200025629,12,11,19,1700,1,2,1,1.0,6,33318,M,,,33
201200025630,12,11,20,730,2,2,3,1.0,6,33281,M,,,33
201200025631,12,11,23,130,5,2,3,1.0,6,33063,M,,,33
201200025632,12,11,19,1730,5,2,2,1.0,3,33167,M,,,33
201200025633,12,11,23,1945,4,2,3,1.0,1,33063,M,,,33
201200025634,12,11,26,1050,1,2,2,2.0,7,33063,M,,,33
201200025635,12,11,26,700,5,2,3,2.0,6,33063,M,,,33
201200025636,12,11,26,1025,1,2,2,1.0,3,33063,M,,,33
201200025637,12,11,21,1620,1,2,1,2.0,6,33119,M,,,33
201200025638,12,11,16,1545,1,2,3,1.0,3,33192,M,,,33
201200025639,12,11,26,1800,5,2,6,2.0,6,33075,M,,,33
201200025640,12,11,27,1045,1,2,4,1.0,3,33063,M,,,33
201200025641,12,11,23,700,5,2,2,1.0,3,33281,M,,,33
201200025642,12,11,21,720,1,2,3,2.0,3,33069,M,,,33
201200025643,12,11,25,248,5,2,2,2.0,3,33318,M,,,33
201200025644,12,11,29,740,5,2,1,1.0,6,33063,M,,,33
201200025645,12,11,23,730,2,2,6,1.0,3,33550,M,,,33
201200025646,12,11,24,1540,1,2,1,1.0,4,33550,M,,,33
201200025647,12,11,21,1750,5,2,3,1.0,3,33281,M,,,33
201200025648,12,11,27,1930,5,2,2,1.0,3,33281,M,,,33
201200025649,12,11,26,730,2,2,2,2.0,3,33075,M,,,33
201200025650,12,11,30,740,1,2,2,1.0,6,33069,M,,,33
201200025651,12,11,30,830,2,2,3,1.0,3,33063,M,,,33
201200025652,12,12,1,540,5,2,1,1.0,6,33039,M,,,33
201200025653,12,11,26,1442,1,2,2,1.0,6,33039,M,,,33
201200025654,12,11,24,2025,5,1,3,1.0,3,33192,M,,,33
201200025655,12,11,29,730,2,2,6,8.0,1,33281,M,,,33
201200025656,12,11,26,1900,5,2,6,2.0,1,33522,M,,,33
201200025657,12,11,29,1825,5,2,3,1.0,5,33281,M,,,33
201200025658,12,11,28,1000,1,2,2,1.0,3,33318,M,,,33
201200025659,12,12,3,800,1,2,2,2.0,6,33281,M,,,33
201200025660,12,12,1,1215,1,2,1,1.0,2,33318,M,,,33
201200025661,12,11,30,755,2,2,2,1.0,6,33318,M,,,33
201200025662,12,11,30,1000,1,2,1,1.0,6,33119,M,,,33
201200025663,12,12,4,1730,3,2,1,3.0,5,33063,M,,,33
201200025664,12,12,4,2100,5,2,3,2.0,2,33063,M,,,33
201200025665,12,12,4,1910,5,2,3,2.0,3,33063,M,,,33
201200025666,12,12,4,1750,5,2,1,2.0,6,33063,M,,,33
201200025667,12,12,4,1800,5,2,3,2.0,3,33063,M,,,33
201200025668,12,12,5,2120,3,2,1,2.0,3,33063,M,,,33
201200025669,12,12,5,1420,1,2,6,1.0,7,33550,M,,,33
201200025670,12,12,4,1835,5,2,2,3.0,3,33063,M,,,33
201200025671,12,12,6,1425,1,2,5,1.0,3,33063,M,,,33
201200025672,12,11,30,1859,5,2,1,1.0,6,33550,M,,,33