Num_Acc,an,mois,jour,hrmn,lum,agg,int,atm,col,com,gps,lat,long,dep
201200025673,12,11,29,816,1,2,1,1.0,3,33192,M,,,33
201200025674,12,11,30,1247,1,2,1,1.0,3,33039,M,,,33
201200025675,12,12,6,910,1,2,2,1.0,6,33063,M,,,33
201200025676,12,11,30,1340,1,2,1,1.0,4,33522,M,,,33
201200025677,12,12,6,618,5,2,8,5.0,6,33063,M,,,33
201200025678,12,12,6,1704,1,2,1,1.0,3,33063,M,,,33
201200025679,12,12,7,830,1,2,2,1.0,2,33063,M,,,33
201200025680,12,12,3,1500,1,2,6,1.0,3,33522,M,,,33
201200025681,12,12,7,815,1,2,1,1.0,3,33063,M,,,33
201200025682,12,12,8,2320,5,2,4,1.0,2,33063,M,,,33
201200025683,12,12,1,55,5,2,1,1.0,2,33039,M,,,33
201200025684,12,12,7,1655,1,2,2,1.0,6,33063,M,,,33
201200025685,12,12,8,305,5,2,4,1.0,6,33063,M,,,33
201200025686,12,12,7,1830,5,2,1,1.0,6,33063,M,,,33
201200025687,12,12,9,330,5,2,4,1.0,7,33063,M,,,33
201200025688,12,12,7,1700,2,2,1,1.0,3,33550,M,,,33
201200025689,12,12,8,2030,5,2,6,1.0,7,33063,M,,,33
201200025690,12,12,4,1620,1,2,1,2.0,4,33069,M,,,33
201200025691,12,12,10,1720,5,2,1,2.0,6,33063,M,,,33
201200025692,12,12,5,1735,5,2,6,2.0,7,33281,M,,,33
201200025693,12,12,11,1645,1,2,3,1.0,3,33063,M,,,33
201200025694,12,12,12,1525,1,2,1,1.0,6,33063,M,,,33
201200025695,12,12,12,1100,1,2,3,1.0,3,33063,M,,,33
201200025696,12,12,6,1710,2,2,2,1.0,3,33249,M,,,33
201200025697,12,12,7,1810,1,2,2,2.0,3,33069,M,,,33
201200025698,12,12,7,545,5,2,3,1.0,3,33032,M,,,33
201200025699,12,12,5,1,5,2,2,2.0,7,33522,M,,,33
201200025700,12,12,8,1600,1,2,4,1.0,2,33200,M,,,33
201200025701,12,12,13,1330,1,2,5,8.0,3,33063,M,,,33
201200025702,12,12,13,1705,5,2,3,2.0,3,33063,M,,,33
201200025703,12,12,14,1710,5,2,2,2.0,6,33249,M,,,33
201200025704,12,12,15,2125,5,2,2,2.0,3,33063,M,,,33
201200025705,12,12,14,749,2,2,3,2.0,6,33063,M,,,33
201200025706,12,12,15,1828,5,2,1,2.0,2,33063,M,,,33
201200025707,12,12,15,2300,5,2,1,1.0,3,33167,M,,,33
201200025708,12,12,16,1440,1,2,3,1.0,3,33063,M,,,33
201200025709,12,12,15,13,5,2,1,3.0,6,33069,M,,,33
201200025710,12,12,10,1428,1,2,1,1.0,3,33318,M,,,33
201200025711,12,12,11,1634,1,2,2,1.0,3,33039,M,,,33
201200025712,12,12,17,1530,1,2,3,1.0,4,33063,M,,,33
201200025713,12,12,14,1755,5,2,1,3.0,3,33281,M,,,33
201200025714,12,12,13,800,5,2,2,2.0,3,33162,M,,,33
201200025715,12,12,11,715,5,2,1,9.0,5,33013,M,,,33
201200025716,12,12,11,830,1,2,1,1.0,5,33192,M,,,33
201200025717,12,12,12,1825,5,2,2,1.0,5,33550,M,,,33
201200025718,12,12,17,1827,5,2,2,3.0,6,33063,M,,,33
201200025719,12,12,18,1740,1,2,2,1.0,3,33063,M,,,33
201200025720,12,12,18,1240,1,2,3,1.0,3,33063,M,,,33
201200025721,12,12,18,1700,5,2,2,1.0,3,33063,M,,,33
201200025722,12,12,19,1430,1,2,1,1.0,3,33063,M,,,33
201200025723,12,12,19,1400,1,2,1,1.0,3,33063,M,,,33
201200025724,12,12,19,625,5,2,3,2.0,6,33063,M,,,33
201200025725,12,12,19,1805,5,2,1,1.0,3,33063,M,,,33
201200025726,12,12,13,840,1,1,2,2.0,3,33162,M,,,33
201200025727,12,12,18,945,1,2,3,1.0,4,33281,M,,,33
201200025728,12,12,13,1150,1,2,4,2.0,6,33318,M,,,33
201200025729,12,12,19,2255,5,2,3,1.0,4,33063,M,,,33
201200025730,12,12,21,810,5,2,3,3.0,3,33063,M,,,33
201200025731,12,12,20,2020,5,2,2,2.0,3,33063,M,,,33
201200025732,12,12,20,2034,5,2,1,3.0,2,33063,M,,,33
201200025733,12,12,15,1415,1,2,6,2.0,2,33119,M,,,33
201200025734,12,12,19,2035,5,2,2,1.0,3,33063,M,,,33
201200025735,12,12,19,730,5,2,1,2.0,1,33281,M,,,33
201200025736,12,12,14,800,1,2,6,1.0,3,33063,M,,,33
201200025737,12,12,22,230,4,2,2,2.0,6,33063,M,,,33
201200025738,12,12,21,2020,5,2,3,1.0,2,33063,M,,,33
201200025739,12,12,20,1255,1,2,1,2.0,6,33281,M,,,33
201200025740,12,12,21,1520,1,2,1,1.0,6,33063,M,,,33
201200025741,12,12,24,1910,5,2,3,1.0,6,33249,M,,,33
201200025742,12,12,24,1230,1,2,3,1.0,6,33063,M,,,33
201200025743,12,12,17,930,1,2,6,1.0,6,33318,M,,,33
201200025744,12,12,25,1257,1,2,3,2.0,6,33063,M,,,33
201200025745,12,12,18,1845,5,2,1,1.0,6,33281,M,,,33
201200025746,12,12,26,1650,1,2,1,1.0,6,33063,M,,,33
201200025747,12,12,26,1415,1,2,2,2.0,6,33069,M,,,33
201200025748,12,12,20,820,1,2,6,3.0,6,33318,M,,,33
201200025749,12,12,21,2325,5,2,1,2.0,6,33075,M,,,33
201200025750,12,12,22,1820,5,2,6,1.0,1,33167,M,,,33
201200025751,12,12,18,1825,5,2,1,1.0,4,33039,M,,,33
201200025752,12,12,18,720,5,2,5,2.0,3,33192,M,,,33
201200025753,12,12,14,1840,3,2,1,3.0,3,33065,M,,,33
201200025754,12,12,18,1550,1,2,1,1.0,6,33039,M,,,33
201200025755,12,12,24,1855,5,2,5,1.0,6,33281,M,,,33
201200025756,12,12,27,1055,1,2,1,2.0,6,33063,M,,,33
201200025757,12,12,29,1900,4,2,1,2.0,3,33063,M,,,33
201200025758,12,3,17,525,5,2,1,1.0,7,33281,M,,,33
201200025759,12,5,26,225,5,2,2,1.0,6,33063,M,,,33
201200025760,12,3,3,200,5,2,1,8.0,7,49351,M,4714850.0,-70000.0,49
201200025761,12,3,9,1430,1,1,1,1.0,3,49195,M,4705083.0,-81247.0,49
201200025762,12,3,24,1330,1,1,1,1.0,1,49092,M,4720667.0,-74748.0,49
201200025763,12,5,25,1945,1,1,1,1.0,7,49192,M,4700462.0,-74332.0,49
201200025764,12,6,29,845,1,2,1,1.0,6,49092,M,4721533.0,-72898.0,49
201200025765,12,10,28,2030,3,1,1,1.0,3,18200,M,0.0,0.0,18
201200025766,12,12,23,1930,3,1,1,8.0,6,18246,M,4745560.0,281417.0,18
201200025767,12,6,8,1230,1,2,1,1.0,3,06161,M,0.0,0.0,06
201200025768,12,6,26,830,1,2,1,1.0,3,06161,M,0.0,0.0,06
201200025769,12,7,22,1130,1,2,1,1.0,2,06161,M,0.0,0.0,06
201200025770,12,7,31,2045,2,2,1,1.0,6,06044,M,0.0,0.0,06
201200025771,12,9,4,430,5,1,1,2.0,2,06161,M,4362600.0,713300.0,06
201200025772,12,10,12,1945,5,2,1,1.0,3,06161,M,0.0,0.0,06
201200025773,12,10,20,1845,1,2,1,1.0,4,06161,M,0.0,0.0,06
201200025774,12,10,22,1730,1,2,1,1.0,6,06161,M,0.0,0.0,06
201200025775,12,11,17,1715,2,2,1,1.0,1,06161,M,0.0,0.0,06
201200025776,12,3,10,1140,1,2,1,1.0,6,34003,M,4328628.0,351190.0,34
201200025777,12,3,14,1400,1,2,9,1.0,3,34003,M,4330572.0,348980.0,34
201200025778,12,3,16,1730,1,2,1,1.0,6,34003,M,4331258.0,346941.0,34
201200025779,12,5,26,15,3,1,1,1.0,1,34003,M,,,34
201200025780,12,7,3,1235,1,1,1,1.0,3,34003,M,4329170.0,350618.0,34
201200025781,12,6,23,1110,1,2,2,1.0,3,34003,M,4328695.0,344703.0,34
201200025782,12,7,23,2105,2,1,1,1.0,2,34003,M,,,34
201200025783,12,7,28,1050,1,1,6,1.0,3,34003,M,4328282.0,349764.0,34
201200025784,12,8,6,2210,3,2,1,1.0,6,34003,M,,,34
201200025785,12,8,8,1515,1,2,1,1.0,3,34003,M,,,34
201200025786,12,8,10,145,3,1,1,1.0,6,34003,M,4333787.0,348383.0,34
201200025787,12,8,23,1945,1,2,2,1.0,3,34003,M,,,34
201200025788,12,8,26,2010,2,1,1,1.0,3,34003,M,,,34
201200025789,12,10,3,955,1,1,1,1.0,2,34003,M,,,34
201200025790,12,10,5,1635,1,2,1,1.0,3,34003,M,,,34
201200025791,12,9,18,1730,1,2,1,1.0,6,34003,M,,,34
201200025792,12,10,12,1155,1,2,1,1.0,1,34003,M,,,34
201200025793,12,11,26,1845,2,2,3,9.0,3,34003,M,,,34
201200025794,12,11,5,1900,5,2,2,1.0,3,34003,M,,,34
201200025795,12,1,3,2225,3,1,1,9.0,6,34336,M,4330539.0,327646.0,34
201200025796,12,12,31,1335,1,2,1,9.0,7,34032,M,4333647.0,322516.0,34
201200025797,12,1,3,1545,1,2,1,1.0,7,34032,M,4358821.0,389240.0,34
201200025798,12,1,13,1850,5,2,2,9.0,6,34032,M,4334553.0,322291.0,34
201200025799,12,1,25,2325,3,1,1,1.0,2,34032,M,4333320.0,315619.0,34
201200025800,12,1,29,1905,5,2,2,1.0,3,34032,M,4334763.0,323277.0,34
201200025801,12,2,8,1835,2,2,1,1.0,7,34032,M,4335180.0,323113.0,34
201200025802,12,2,15,1140,1,2,1,1.0,7,34032,M,4334785.0,324532.0,34
201200025803,12,3,2,1655,1,2,4,1.0,7,34336,M,4331505.0,328054.0,34
201200025804,12,3,4,2225,3,1,1,1.0,7,34032,M,4336078.0,322449.0,34
201200025805,12,3,9,1600,1,2,1,1.0,2,34032,M,4334513.0,321038.0,34
201200025806,12,3,15,525,3,1,6,5.0,7,34336,M,4332135.0,329217.0,34
201200025807,12,3,16,1445,1,1,1,9.0,2,34032,M,4336654.0,322346.0,34
201200025808,12,3,20,2315,3,1,1,1.0,2,34032,M,4334557.0,325697.0,34
201200025809,12,3,26,125,3,1,1,2.0,7,34336,M,4332588.0,329098.0,34
201200025810,12,4,4,1415,1,2,2,1.0,1,34032,M,4334437.0,324833.0,34
201200025811,12,4,7,2135,3,2,6,2.0,3,34032,M,4333636.0,328156.0,34
201200025812,12,4,8,425,3,2,1,1.0,7,34032,M,4333096.0,327128.0,34
201200025813,12,4,11,640,5,2,6,1.0,7,34032,M,4333905.0,325301.0,34
201200025814,12,4,23,1625,1,1,1,1.0,7,34032,M,4334542.0,321832.0,34
201200025815,12,5,10,1325,1,1,1,7.0,1,34336,M,,,34
201200025816,12,5,29,1910,1,2,4,1.0,3,34032,M,4333876.0,321169.0,34
201200025817,12,5,30,945,1,2,1,1.0,2,34032,M,,,34
201200025818,12,6,1,1125,1,2,1,1.0,7,34032,M,4334824.0,0.0,34
201200025819,12,6,2,100,3,1,6,1.0,7,34032,M,,,34
201200025820,12,6,5,1700,1,2,1,1.0,3,34032,M,,,34
201200025821,12,6,8,2215,3,1,1,9.0,2,34032,M,,,34
201200025822,12,6,13,720,1,1,1,1.0,7,34032,M,,,34
201200025823,12,6,13,1620,1,2,2,1.0,7,34032,M,,,34
201200025824,12,6,15,2125,3,1,1,1.0,7,34032,M,,,34
201200025825,12,6,20,1800,1,2,1,9.0,7,34032,M,,,34
201200025826,12,6,21,1520,1,1,6,1.0,3,34336,M,,,34
201200025827,12,6,21,925,1,2,1,9.0,7,34032,M,,,34
201200025828,12,6,29,1305,1,2,6,9.0,2,34032,M,,,34
201200025829,12,7,7,1340,1,2,1,1.0,2,34032,M,,,34
201200025830,12,7,19,1640,1,1,9,9.0,2,34032,M,,,34
201200025831,12,7,28,1145,1,1,1,1.0,7,34336,M,,,34
201200025832,12,7,27,1020,1,2,1,1.0,1,34032,M,,,34
201200025833,12,8,4,2015,1,2,3,1.0,3,34032,M,,,34
201200025834,12,8,7,1940,1,1,1,1.0,1,34032,M,,,34
201200025835,12,8,10,1645,1,2,2,1.0,3,34032,M,,,34
201200025836,12,8,14,2030,3,1,1,1.0,6,34032,M,4336507.0,323257.0,34
201200025837,12,8,31,1530,1,1,9,9.0,5,34032,M,4332110.0,320050.0,34
201200025838,12,9,7,1940,1,2,1,1.0,2,34032,M,,,34
201200025839,12,9,10,1800,1,2,2,1.0,3,34032,M,,,34
201200025840,12,9,16,205,3,1,1,1.0,7,34032,M,4331447.0,331436.0,34
201200025841,12,9,14,1440,1,1,9,1.0,3,34032,M,,,34
201200025842,12,9,18,1840,1,2,3,1.0,3,34032,M,,,34
201200025843,12,9,26,1510,1,2,1,1.0,3,34032,M,,,34
201200025844,12,9,27,1035,1,2,1,1.0,7,34032,M,4334325.0,321692.0,34
201200025845,12,9,26,1605,1,2,1,2.0,7,34032,M,,,34
201200025846,12,10,4,1700,1,2,9,1.0,7,34032,M,,,34
201200025847,12,10,4,945,1,2,1,1.0,7,34032,M,4333958.0,322410.0,34
201200025848,12,10,20,2040,5,2,2,1.0,3,34032,M,,,34
201200025849,12,10,23,1030,1,2,1,2.0,7,34032,M,4335350.0,322562.0,34
201200025850,12,10,23,1230,1,2,1,1.0,7,34032,M,,,34
201200025851,12,11,8,1010,1,1,9,1.0,3,34032,M,4333750.0,317974.0,34
201200025852,12,11,19,910,1,2,1,1.0,7,34032,M,,,34
201200025853,12,11,22,1455,1,2,1,1.0,1,34336,M,,,34
201200025854,12,12,12,1700,2,1,1,1.0,2,34032,M,,,34
201200025855,12,12,12,1805,5,2,1,1.0,2,34032,M,4333128.0,324194.0,34
201200025856,12,12,17,1655,2,2,1,1.0,7,34032,M,,,34
201200025857,12,12,18,500,3,1,1,1.0,2,34032,M,,,34
201200025858,12,12,21,1835,5,2,1,2.0,7,34032,M,,,34
201200025859,12,1,2,940,1,2,1,1.0,3,34172,M,4360417.0,385829.0,34
201200025860,12,1,2,1145,1,2,1,1.0,7,34172,M,4358821.0,389240.0,34
201200025861,12,1,3,835,1,1,1,1.0,3,34172,M,4359942.0,392612.0,34
201200025862,12,1,6,930,1,2,1,1.0,7,34172,M,4360522.0,385460.0,34
201200025863,12,1,6,1240,1,2,1,1.0,2,34270,M,4358415.0,384794.0,34
201200025864,12,1,6,1825,5,2,1,1.0,6,34172,M,4361054.0,386865.0,34
201200025865,12,1,7,445,5,2,1,1.0,6,34129,M,4357252.0,389301.0,34
201200025866,12,1,7,1350,1,2,2,1.0,3,34172,M,4362693.0,388966.0,34
201200025867,12,1,7,2105,5,2,2,1.0,3,34172,M,4360722.0,388856.0,34
201200025868,12,1,10,1945,5,2,1,1.0,6,34172,M,4361449.0,385193.0,34
201200025869,12,1,14,5,5,2,1,1.0,2,34172,M,4359813.0,389324.0,34
201200025870,12,1,14,30,5,2,1,1.0,6,34172,M,4361664.0,387408.0,34
201200025871,12,1,14,1100,1,2,1,1.0,2,34172,M,4359581.0,390480.0,34
201200025872,12,1,14,1416,1,2,1,1.0,4,34172,M,4361169.0,383894.0,34
201200025873,12,1,14,1945,5,2,1,1.0,6,34172,M,4362181.0,381904.0,34
201200025874,12,1,16,1730,5,2,1,1.0,2,34172,M,4364631.0,384232.0,34
201200025875,12,1,16,2030,5,2,2,1.0,3,34172,M,4361757.0,388179.0,34
201200025876,12,1,10,1700,1,2,3,1.0,3,34172,M,4361664.0,391423.0,34
201200025877,12,1,17,1515,1,2,1,1.0,1,34172,M,4362612.0,387727.0,34
201200025878,12,1,17,1810,5,2,1,1.0,6,34172,M,4364278.0,384530.0,34
201200025879,12,1,18,720,5,2,1,1.0,3,34172,M,4357847.0,387671.0,34
201200025880,12,1,18,1120,1,2,3,1.0,2,34172,M,4363544.0,387854.0,34
201200025881,12,1,18,1615,1,2,1,1.0,1,34172,M,4359700.0,388495.0,34
201200025882,12,1,20,1315,1,2,3,1.0,3,34172,M,4361471.0,383438.0,34
201200025883,12,1,20,1710,2,2,1,1.0,6,34172,M,4358447.0,388808.0,34
201200025884,12,1,20,1735,2,2,1,1.0,3,34172,M,4360233.0,387020.0,34
201200025885,12,1,21,2120,5,2,1,1.0,7,34172,M,4361636.0,382011.0,34
201200025886,12,1,22,1515,1,2,1,1.0,3,34172,M,4363225.0,388266.0,34
201200025887,12,1,23,2009,5,2,1,1.0,6,34129,M,4359056.0,390972.0,34
201200025888,12,1,23,2030,5,2,3,1.0,2,34172,M,4361825.0,388242.0,34
201200025889,12,1,25,1100,1,2,2,1.0,3,34172,M,4358906.0,388476.0,34
201200025890,12,1,26,1235,1,2,1,1.0,6,34172,M,4364236.0,381417.0,34
201200025891,12,1,27,1515,1,2,1,8.0,7,34129,M,4357554.0,387521.0,34
201200025892,12,1,28,650,5,2,3,1.0,3,34172,M,4360660.0,386517.0,34
201200025893,12,1,28,1030,1,2,1,1.0,3,34172,M,4362715.0,387208.0,34
201200025894,12,1,28,1920,5,2,1,1.0,2,34129,M,4357354.0,391346.0,34
201200025895,12,1,31,1140,1,2,1,2.0,7,34172,M,4364902.0,385623.0,34
201200025896,12,1,31,1330,1,2,1,2.0,7,34172,M,4364220.0,387132.0,34
201200025897,12,2,1,655,5,2,3,1.0,3,34172,M,4362437.0,386273.0,34
201200025898,12,2,1,2100,5,2,1,1.0,5,34172,M,4360031.0,389617.0,34
201200025899,12,2,2,1715,1,2,3,8.0,7,34172,M,4360153.0,385215.0,34
201200025900,12,2,5,140,5,2,2,1.0,3,34172,M,4360668.0,388198.0,34
201200025901,12,2,5,2040,5,2,1,1.0,7,34172,M,4362469.0,382738.0,34
201200025902,12,2,6,1555,1,2,1,1.0,6,34172,M,4360802.0,392758.0,34
201200025903,12,2,6,1710,1,2,1,1.0,3,34172,M,4359131.0,388982.0,34
201200025904,12,2,6,1720,1,2,4,1.0,7,34172,M,4360377.0,386773.0,34
201200025905,12,2,7,1930,5,2,1,1.0,3,34172,M,4362308.0,388560.0,34
201200025906,12,2,8,815,1,2,2,1.0,3,34172,M,4361478.0,385953.0,34
201200025907,12,2,8,815,1,2,1,1.0,3,34172,M,4361470.0,385968.0,34
201200025908,12,2,8,1150,1,2,3,1.0,3,34172,M,4360699.0,387833.0,34
201200025909,12,2,8,1820,5,2,1,1.0,4,34172,M,4361688.0,388537.0,34
201200025910,12,2,8,1900,5,2,2,1.0,3,34172,M,4360698.0,389237.0,34
201200025911,12,2,10,1625,1,2,1,1.0,3,34172,M,4359507.0,383602.0,34
201200025912,12,2,10,2210,5,2,1,1.0,3,34172,M,4362524.0,385049.0,34
201200025913,12,2,11,15,5,2,2,1.0,7,34172,M,4362005.0,385113.0,34
201200025914,12,2,11,1915,5,2,1,1.0,5,34172,M,4363413.0,387982.0,34
201200025915,12,2,12,610,5,2,1,1.0,7,34129,M,4359099.0,390865.0,34
201200025916,12,2,13,1210,1,2,1,8.0,6,34172,M,4362870.0,389442.0,34
201200025917,12,2,11,1100,1,2,1,1.0,7,34172,M,4364558.0,385331.0,34
201200025918,12,2,16,645,5,2,1,1.0,7,34172,M,4360654.0,387607.0,34
201200025919,12,2,16,1930,5,2,1,1.0,1,34172,M,4361283.0,385944.0,34
201200025920,12,2,17,120,5,2,2,1.0,1,34172,M,4360170.0,387396.0,34
201200025921,12,2,17,1520,1,2,1,1.0,3,34172,M,4359381.0,386039.0,34
201200025922,12,2,18,1700,1,2,1,1.0,3,34129,M,4356454.0,390232.0,34
201200025923,12,2,18,1730,2,2,1,1.0,2,34172,M,4358000.0,387655.0,34
201200025924,12,2,20,1610,1,2,1,1.0,7,34172,M,4361013.0,390670.0,34
201200025925,12,2,20,1430,1,2,1,1.0,7,34172,M,4361205.0,383881.0,34
201200025926,12,2,22,1940,5,2,1,1.0,3,34172,M,4362279.0,385452.0,34
201200025927,12,2,22,2325,5,2,1,1.0,7,34172,M,4360803.0,386708.0,34
201200025928,12,2,22,915,1,2,2,1.0,3,34172,M,4360171.0,387397.0,34
201200025929,12,2,22,1135,1,2,4,1.0,7,34172,M,4361753.0,388598.0,34
201200025930,12,2,25,1630,1,2,1,1.0,7,34172,M,4363832.0,382100.0,34
201200025931,12,2,26,410,3,2,1,1.0,7,34172,M,4361137.0,384484.0,34
201200025932,12,2,29,1005,1,2,1,1.0,3,34172,M,4361479.0,383154.0,34
201200025933,12,2,26,2025,5,2,1,1.0,6,34172,M,4362488.0,386496.0,34
201200025934,12,2,28,830,1,2,1,1.0,3,34172,M,4359980.0,386007.0,34
201200025935,12,2,28,935,1,2,1,1.0,2,34172,M,4361029.0,388749.0,34
201200025936,12,2,28,1530,1,2,1,1.0,2,34172,M,4362624.0,388397.0,34
201200025937,12,2,28,1720,1,2,1,1.0,6,34172,M,4359764.0,387499.0,34
201200025938,12,3,1,1230,1,2,3,1.0,3,34172,M,4362472.0,386723.0,34
201200025939,12,3,1,1545,1,2,3,1.0,2,34172,M,4361519.0,387873.0,34
201200025940,12,3,2,740,1,2,1,1.0,6,34172,M,4358446.0,388168.0,34
201200025941,12,3,3,1515,1,2,2,1.0,3,34172,M,4362500.0,388795.0,34
201200025942,12,3,4,200,5,2,2,1.0,3,34172,M,4359747.0,386417.0,34
201200025943,12,3,5,1540,1,2,1,1.0,3,34129,M,4356987.0,388786.0,34
201200025944,12,3,5,1650,1,2,1,1.0,6,34172,M,4362191.0,385321.0,34
201200025945,12,3,5,1900,5,2,1,1.0,3,34172,M,4362435.0,387751.0,34
201200025946,12,3,6,815,1,2,1,1.0,1,34172,M,4360149.0,385663.0,34
201200025947,12,3,6,1840,5,2,1,8.0,7,34172,M,4361941.0,386430.0,34
201200025948,12,3,7,435,3,2,1,1.0,6,34172,M,4360806.0,392567.0,34
201200025949,12,3,7,1645,1,2,1,1.0,6,34172,M,4359239.0,388495.0,34
201200025950,12,3,7,1730,1,2,1,1.0,2,34172,M,4359627.0,389216.0,34
201200025951,12,3,8,1715,1,2,1,1.0,6,34172,M,4359193.0,384045.0,34
201200025952,12,3,8,1850,1,2,1,1.0,6,34129,M,4357777.0,389757.0,34
201200025953,12,3,10,100,5,2,1,1.0,7,34129,M,4357427.0,392200.0,34
201200025954,12,3,10,1105,1,2,1,1.0,6,34172,M,4364119.0,384725.0,34
201200025955,12,3,11,1620,1,2,1,1.0,7,34172,M,4359189.0,387836.0,34
201200025956,12,3,12,1825,1,2,1,1.0,7,34172,M,4364188.0,381300.0,34
201200025957,12,3,12,1905,2,2,1,1.0,6,34172,M,4358877.0,389024.0,34
201200025958,12,3,13,900,1,2,1,1.0,3,34172,M,4358695.0,388325.0,34
201200025959,12,3,13,935,1,2,1,1.0,3,34172,M,4362356.0,387194.0,34
201200025960,12,3,13,1515,1,2,9,1.0,6,34198,M,4357118.0,395561.0,34
201200025961,12,3,14,1645,1,2,1,1.0,6,34172,M,4360243.0,385414.0,34
201200025962,12,3,14,1810,1,2,6,1.0,6,34129,M,4357081.0,389954.0,34
201200025963,12,3,15,530,5,2,1,5.0,6,34172,M,4362391.0,386338.0,34
201200025964,12,3,15,730,2,2,1,5.0,6,34172,M,4364373.0,387118.0,34
201200025965,12,3,16,1715,1,2,1,8.0,7,34172,M,4361651.0,384157.0,34
201200025966,12,3,17,1625,1,2,1,8.0,7,34172,M,4360075.0,384931.0,34
201200025967,12,3,17,2000,5,2,1,8.0,7,34172,M,4359665.0,384466.0,34
201200025968,12,3,17,2145,5,2,1,1.0,7,34172,M,4360689.0,389042.0,34
201200025969,12,3,18,745,1,2,3,8.0,1,34172,M,4361946.0,388962.0,34
201200025970,12,3,19,740,1,2,1,1.0,7,34172,M,4359832.0,392795.0,34
201200025971,12,3,10,1125,1,2,1,1.0,3,34172,M,4362730.0,386155.0,34
201200025972,12,3,19,1900,5,2,1,2.0,6,34172,M,4362706.0,386950.0,34
201200025973,12,3,19,2110,5,2,1,1.0,7,34172,M,4362100.0,385829.0,34
201200025974,12,3,20,1200,1,2,1,1.0,3,34172,M,4359306.0,385941.0,34
201200025975,12,3,20,1245,1,2,1,1.0,7,34172,M,4359979.0,383101.0,34
201200025976,12,3,20,1725,1,2,1,1.0,3,34172,M,4360440.0,384372.0,34
201200025977,12,3,20,1315,1,2,3,1.0,3,34172,M,4360654.0,387223.0,34
201200025978,12,3,21,900,1,2,1,8.0,6,34172,M,4362039.0,381804.0,34
201200025979,12,3,24,1540,1,2,1,1.0,6,34172,M,4360233.0,385393.0,34
201200025980,12,3,24,2105,5,2,3,1.0,3,34172,M,4362570.0,382482.0,34
201200025981,12,3,25,1700,1,2,1,1.0,6,34129,M,4355736.0,389282.0,34
201200025982,12,3,24,1220,1,2,2,1.0,3,34172,M,4361195.0,393005.0,34
201200025983,12,3,27,1805,1,1,1,1.0,3,34270,M,4359272.0,382781.0,34
201200025984,12,3,28,1620,1,2,1,1.0,7,34172,M,4359356.0,388928.0,34
201200025985,12,3,28,1800,1,2,4,1.0,1,34172,M,4361140.0,390073.0,34
201200025986,12,3,29,1540,1,2,1,1.0,3,34172,M,4361917.0,386151.0,34
201200025987,12,3,29,855,1,2,1,1.0,2,34172,M,4363140.0,384275.0,34
201200025988,12,3,31,1600,1,2,3,1.0,3,34172,M,4359699.0,388060.0,34
201200025989,12,4,3,900,1,2,1,1.0,6,34129,M,4356384.0,386804.0,34
201200025990,12,4,4,405,5,1,1,1.0,7,34172,M,4360740.0,391753.0,34
201200025991,12,4,4,720,5,1,1,1.0,7,34129,M,4357567.0,389683.0,34
201200025992,12,4,3,2015,5,2,2,8.0,7,34172,M,4362161.0,386845.0,34
201200025993,12,4,5,825,1,2,3,8.0,3,34172,M,4359952.0,387423.0,34
201200025994,12,4,6,920,1,2,1,8.0,3,34172,M,4360517.0,388085.0,34
201200025995,12,4,6,1415,1,2,2,1.0,1,34172,M,4360681.0,389397.0,34
201200025996,12,4,6,1300,1,2,2,1.0,6,34172,M,4359534.0,388808.0,34
201200025997,12,4,6,1800,1,2,1,1.0,6,34172,M,4361492.0,386433.0,34
201200025998,12,4,8,335,5,2,2,1.0,2,34172,M,4359661.0,384489.0,34
201200025999,12,4,8,1840,1,2,2,1.0,2,34172,M,4363413.0,382264.0,34
201200026000,12,4,9,1530,1,2,1,1.0,3,34172,M,4357855.0,387678.0,34
201200026001,12,4,9,2245,5,2,3,1.0,3,34172,M,4360183.0,385243.0,34
201200026002,12,4,10,1250,1,2,1,2.0,3,34172,M,4360729.0,388854.0,34
201200026003,12,4,10,1505,1,2,1,8.0,3,34172,M,4359618.0,386562.0,34
201200026004,12,4,12,1730,1,2,1,1.0,2,34172,M,4360348.0,391012.0,34
201200026005,12,4,13,1715,1,2,1,8.0,6,34129,M,4357219.0,389450.0,34
201200026006,12,4,18,625,1,2,1,1.0,6,34172,M,4360625.0,385189.0,34
201200026007,12,4,18,1425,1,2,1,1.0,6,34198,M,4356586.0,395718.0,34
201200026008,12,4,18,1555,1,2,1,1.0,4,34172,M,4357634.0,387272.0,34
201200026009,12,4,18,1615,1,2,1,1.0,2,34172,M,4360074.0,386763.0,34
201200026010,12,4,20,1850,1,2,3,1.0,3,34172,M,4362173.0,387453.0,34
201200026011,12,4,24,750,1,2,1,8.0,6,34172,M,4360200.0,385294.0,34
201200026012,12,4,24,1900,1,2,2,1.0,3,34172,M,4362253.0,383500.0,34