Num_Acc,an,mois,jour,hrmn,lum,agg,int,atm,col,com,gps,lat,long,dep
201200026013,12,4,25,920,1,2,1,1.0,3,34172,M,4359695.0,387777.0,34
201200026014,12,4,26,700,2,1,1,8.0,6,34198,M,4356472.0,395825.0,34
201200026015,12,4,27,20,5,2,1,1.0,7,34172,M,4358698.0,387261.0,34
201200026016,12,4,27,1230,1,2,3,1.0,3,34172,M,4361614.0,391033.0,34
201200026017,12,4,26,1645,1,2,1,1.0,3,34172,M,4362322.0,386129.0,34
201200026018,12,4,30,1050,1,2,1,8.0,3,34172,M,4362607.0,388236.0,34
201200026019,12,4,30,1200,1,2,9,8.0,6,34172,M,4360523.0,385092.0,34
201200026020,12,5,1,1445,1,2,1,1.0,3,34172,M,4359657.0,388722.0,34
201200026021,12,5,1,1615,1,2,1,1.0,2,34172,M,4362598.0,388229.0,34
201200026022,12,5,2,1925,1,2,2,1.0,3,34172,M,4361272.0,386572.0,34
201200026023,12,5,3,1000,1,2,2,1.0,3,34172,M,4360751.0,388470.0,34
201200026024,12,5,3,1500,1,2,1,1.0,7,34172,M,4364661.0,385405.0,34
201200026025,12,5,4,30,5,1,1,1.0,7,34172,M,4364141.0,384761.0,34
201200026026,12,5,3,2005,1,2,3,1.0,3,34172,M,4362172.0,387727.0,34
201200026027,12,5,3,1705,1,2,3,1.0,1,34172,M,4359934.0,388890.0,34
201200026028,12,5,4,1835,1,2,1,8.0,7,34172,M,4359355.0,388993.0,34
201200026029,12,5,4,2025,2,2,1,8.0,1,34172,M,4359515.0,386174.0,34
201200026030,12,5,5,150,5,2,2,1.0,3,34172,M,4360903.0,389065.0,34
201200026031,12,5,4,1220,1,2,1,1.0,3,34172,M,4363857.0,386555.0,34
201200026032,12,5,5,1930,1,2,1,1.0,6,34129,M,4358448.0,392192.0,34
201200026033,12,5,5,2055,2,2,1,1.0,7,34172,M,4360657.0,387791.0,34
201200026034,12,5,5,1945,1,2,1,1.0,7,34172,M,4360330.0,389567.0,34
201200026035,12,5,7,925,1,2,1,1.0,3,34129,M,4358483.0,393074.0,34
201200026036,12,5,7,1330,1,2,1,1.0,6,34172,M,4362984.0,388588.0,34
201200026037,12,5,8,355,3,2,1,1.0,7,34129,M,4357726.0,389732.0,34
201200026038,12,5,9,2245,3,2,1,1.0,2,34198,M,4359717.0,394009.0,34
201200026039,12,5,10,1300,1,2,1,1.0,3,34172,M,4360853.0,384771.0,34
201200026040,12,5,10,1515,1,2,1,1.0,6,34172,M,4362039.0,386882.0,34
201200026041,12,5,10,1710,1,2,1,1.0,7,34172,M,4360899.0,385521.0,34
201200026042,12,5,5,1210,1,2,1,1.0,3,34172,M,4360538.0,389875.0,34
201200026043,12,5,11,1410,1,2,1,1.0,3,34172,M,4359480.0,382019.0,34
201200026044,12,5,11,1640,1,2,1,1.0,3,34172,M,4359739.0,386424.0,34
201200026045,12,5,11,2020,2,2,1,1.0,2,34172,M,4359585.0,386249.0,34
201200026046,12,5,12,540,5,2,1,1.0,6,34172,M,4359387.0,384604.0,34
201200026047,12,5,12,1300,1,2,1,1.0,6,34172,M,4360369.0,389137.0,34
201200026048,12,5,12,2250,3,2,1,1.0,7,34129,M,4356019.0,392397.0,34
201200026049,12,5,25,1900,1,2,9,1.0,6,34172,M,4362369.0,386231.0,34
201200026050,12,5,14,120,5,2,3,1.0,6,34172,M,4360702.0,385068.0,34
201200026051,12,5,14,235,5,2,3,1.0,3,34172,M,4360659.0,387608.0,34
201200026052,12,5,15,1210,1,2,9,1.0,3,34172,M,4359699.0,387779.0,34
201200026053,12,5,15,1400,1,2,1,1.0,3,34172,M,4363329.0,386023.0,34
201200026054,12,5,15,1715,1,2,6,1.0,3,34172,M,4360607.0,389844.0,34
201200026055,12,5,16,1520,1,2,1,1.0,2,34129,M,4358290.0,392528.0,34
201200026056,12,5,16,1730,1,2,1,1.0,3,34172,M,4364152.0,382028.0,34
201200026057,12,5,17,130,5,2,1,1.0,6,34172,M,4363741.0,384572.0,34
201200026058,12,5,17,1920,1,2,1,2.0,3,34172,M,4361103.0,390042.0,34
201200026059,12,5,20,620,2,1,1,2.0,6,34129,M,4359158.0,390797.0,34
201200026060,12,5,21,35,5,2,7,1.0,3,34172,M,4360134.0,386855.0,34
201200026061,12,5,21,1940,2,1,1,3.0,5,34172,M,4360772.0,382084.0,34
201200026062,12,5,21,1200,1,2,1,2.0,3,34172,M,4364151.0,382022.0,34
201200026063,12,5,22,1820,1,2,1,2.0,3,34172,M,4361491.0,382592.0,34
201200026064,12,5,22,1200,1,2,1,8.0,7,34172,M,4364254.0,384774.0,34
201200026065,12,5,23,720,1,1,1,1.0,7,34172,M,4360859.0,382194.0,34
201200026066,12,5,23,900,1,2,3,1.0,3,34172,M,4361816.0,384401.0,34
201200026067,12,5,23,1750,1,2,1,1.0,4,34172,M,4360210.0,386710.0,34
201200026068,12,5,23,2330,5,2,1,1.0,3,34172,M,4361920.0,386157.0,34
201200026069,12,5,25,100,5,2,1,1.0,7,34172,M,4360968.0,388205.0,34
201200026070,12,5,25,2015,1,2,1,1.0,6,34172,M,4361781.0,389259.0,34
201200026071,12,5,28,1130,1,2,1,1.0,7,34172,M,4364422.0,384101.0,34
201200026072,12,5,28,2010,1,2,1,1.0,6,34172,M,4360209.0,391604.0,34
201200026073,12,5,29,1735,1,2,1,1.0,7,34129,M,4358029.0,389808.0,34
201200026074,12,5,29,1845,1,2,1,1.0,4,34172,M,4361502.0,382388.0,34
201200026075,12,5,30,805,1,2,1,1.0,2,34172,M,4362665.0,386757.0,34
201200026076,12,5,31,945,1,2,1,1.0,6,34172,M,4362265.0,385449.0,34
201200026077,12,5,31,1015,1,2,1,1.0,6,34172,M,4359854.0,387270.0,34
201200026078,12,5,31,1230,1,2,1,1.0,6,34172,M,4362476.0,383642.0,34
201200026079,12,5,31,2100,2,2,1,1.0,7,34172,M,4361653.0,382013.0,34
201200026080,12,6,1,900,1,2,1,1.0,6,34172,M,4362473.0,382627.0,34
201200026081,12,5,29,950,1,2,3,1.0,3,34172,M,4361671.0,388503.0,34
201200026082,12,5,29,820,1,2,1,1.0,3,34172,M,4359773.0,387476.0,34
201200026083,12,6,1,1545,1,2,1,1.0,3,34172,M,4359634.0,388740.0,34
201200026084,12,6,1,1520,1,2,1,1.0,3,34172,M,4361023.0,389876.0,34
201200026085,12,5,29,1029,1,2,1,1.0,3,34129,M,4357025.0,390502.0,34
201200026086,12,6,1,1405,1,2,1,1.0,2,34172,M,4362620.0,388441.0,34
201200026087,12,6,2,2340,5,2,2,1.0,3,34172,M,4358902.0,388482.0,34
201200026088,12,6,2,2340,3,2,3,1.0,3,34172,M,4362002.0,386527.0,34
201200026089,12,6,4,1415,1,2,1,1.0,1,34172,M,4360139.0,386272.0,34
201200026090,12,6,4,1715,1,2,1,1.0,1,34172,M,4360492.0,386491.0,34
201200026091,12,6,4,2140,2,2,2,1.0,3,34172,M,4362696.0,382165.0,34
201200026092,12,6,5,1013,1,2,1,1.0,2,34172,M,4359237.0,385290.0,34
201200026093,12,6,6,1125,1,2,1,1.0,7,34172,M,4363466.0,386813.0,34
201200026094,12,6,6,1825,1,2,9,1.0,6,34172,M,4359402.0,388557.0,34
201200026095,12,5,1,125,5,2,3,1.0,5,34172,M,4360352.0,387477.0,34
201200026096,12,6,7,550,2,2,2,8.0,5,34172,M,4361422.0,385100.0,34
201200026097,12,6,8,850,1,2,9,8.0,6,34172,M,4360598.0,388602.0,34
201200026098,12,6,8,1033,1,2,9,1.0,6,34172,M,4362692.0,388957.0,34
201200026099,12,6,8,1140,1,2,9,1.0,6,34172,M,4361857.0,384581.0,34
201200026100,12,6,9,1830,1,1,1,8.0,6,34172,M,4364277.0,384550.0,34
201200026101,12,6,11,1210,1,2,1,1.0,2,34172,M,4362568.0,387903.0,34
201200026102,12,6,11,1820,1,2,1,3.0,3,34172,M,4361481.0,388128.0,34
201200026103,12,6,11,2020,1,2,1,3.0,7,34172,M,4360352.0,389038.0,34
201200026104,12,6,12,1345,1,2,1,1.0,6,34172,M,4361003.0,386216.0,34
201200026105,12,6,13,1325,1,2,1,1.0,7,34172,M,4361758.0,388170.0,34
201200026106,12,6,14,1130,1,2,9,1.0,2,34172,M,4361200.0,384600.0,34
201200026107,12,6,15,1345,1,2,1,1.0,2,34172,M,4360763.0,386978.0,34
201200026108,12,6,15,406,5,2,1,1.0,3,34172,M,4360698.0,388214.0,34
201200026109,12,6,15,1210,1,2,6,1.0,3,34172,M,4363680.0,383073.0,34
201200026110,12,6,16,1127,1,2,1,1.0,7,34172,M,4361488.0,387729.0,34
201200026111,12,6,20,440,4,2,9,1.0,7,34172,M,4360430.0,383440.0,34
201200026112,12,6,19,1605,1,1,2,1.0,3,34198,M,4357767.0,393559.0,34
201200026113,12,6,19,1910,1,2,3,1.0,7,34172,M,4358166.0,386442.0,34
201200026114,12,6,21,2300,5,2,1,1.0,7,34172,M,4362623.0,381565.0,34
201200026115,12,6,22,220,5,2,1,1.0,7,34172,M,4360729.0,387451.0,34
201200026116,12,6,22,1820,1,2,2,1.0,3,34198,M,4357710.0,393300.0,34
201200026117,12,6,23,1045,1,2,1,1.0,2,34172,M,4360344.0,390951.0,34
201200026118,12,6,24,1410,1,2,9,1.0,3,34172,M,4360081.0,389752.0,34
201200026119,12,6,24,1645,1,2,2,1.0,3,34172,M,4360095.0,386789.0,34
201200026120,12,6,25,1215,1,2,9,1.0,3,34172,M,4360872.0,384154.0,34
201200026121,12,6,25,1645,1,2,1,1.0,2,34172,M,4360082.0,386810.0,34
201200026122,12,6,25,1800,1,2,2,1.0,3,34172,M,4360336.0,388791.0,34
201200026123,12,6,26,1650,1,2,3,1.0,1,34172,M,4362604.0,388200.0,34
201200026124,12,6,26,2105,2,2,1,1.0,1,34172,M,4365034.0,386045.0,34
201200026125,12,6,26,1855,1,2,1,1.0,1,34172,M,4361165.0,383896.0,34
201200026126,12,6,26,1945,1,2,1,1.0,3,34172,M,4359066.0,385645.0,34
201200026127,12,6,27,1820,1,2,1,1.0,6,34172,M,4362250.0,384516.0,34
201200026128,12,6,28,1410,1,2,1,1.0,6,34172,M,4362172.0,384746.0,34
201200026129,12,6,29,1055,1,2,1,1.0,4,34129,M,4358396.0,392620.0,34
201200026130,12,6,29,1845,1,2,9,1.0,7,34172,M,4357888.0,387748.0,34
201200026131,12,6,30,20,5,2,1,1.0,3,34172,M,4359263.0,388970.0,34
201200026132,12,6,30,2015,1,2,3,8.0,1,34172,M,4362879.0,384546.0,34
201200026133,12,7,2,1230,1,2,9,1.0,6,34129,M,4358521.0,388813.0,34
201200026134,12,7,2,1525,1,2,1,1.0,7,34172,M,4364579.0,384261.0,34
201200026135,12,7,3,2030,1,2,1,1.0,3,34129,M,4359092.0,390877.0,34
201200026136,12,7,4,535,2,1,1,1.0,7,34129,M,4356488.0,386876.0,34
201200026137,12,7,4,940,1,2,1,1.0,3,34172,M,4360163.0,386760.0,34
201200026138,12,7,4,1635,2,2,1,1.0,3,34172,M,4357857.0,386636.0,34
201200026139,12,7,4,1745,1,2,1,1.0,3,34172,M,4361108.0,391237.0,34
201200026140,12,7,4,1829,1,2,1,1.0,6,34172,M,4361265.0,385984.0,34
201200026141,12,7,5,630,1,2,1,3.0,6,34172,M,4360768.0,391562.0,34
201200026142,12,7,4,1635,1,1,3,1.0,3,34129,M,4358518.0,392045.0,34
201200026143,12,7,6,1235,1,2,1,1.0,3,34172,M,4361374.0,383924.0,34
201200026144,12,7,6,1625,1,2,3,1.0,3,34172,M,4359290.0,387463.0,34
201200026145,12,7,6,1827,1,2,3,1.0,2,34172,M,4361675.0,383635.0,34
201200026146,12,7,7,1220,1,2,1,1.0,2,34172,M,4361519.0,388332.0,34
201200026147,12,7,7,2135,2,2,1,1.0,2,34172,M,4361686.0,387341.0,34
201200026148,12,7,9,1025,1,1,1,1.0,7,34172,M,4361279.0,382379.0,34
201200026149,12,7,9,1720,1,2,1,1.0,6,34172,M,4361424.0,385080.0,34
201200026150,12,7,9,2335,5,2,2,1.0,3,34172,M,4362405.0,386199.0,34
201200026151,12,7,10,1025,1,2,1,1.0,7,34172,M,4359337.0,385179.0,34
201200026152,12,7,11,1815,1,2,1,1.0,4,34172,M,4361408.0,388454.0,34
201200026153,12,7,11,1845,1,2,3,1.0,2,34172,M,4359817.0,383541.0,34
201200026154,12,7,11,2220,5,2,1,1.0,7,34172,M,4361303.0,390686.0,34
201200026155,12,7,11,2235,5,2,1,1.0,2,34172,M,4359228.0,385865.0,34
201200026156,12,7,12,1500,1,2,3,1.0,3,34198,M,4356890.0,394549.0,34
201200026157,12,7,12,1930,1,2,1,1.0,2,34172,M,4360935.0,390883.0,34
201200026158,12,7,14,320,5,2,2,1.0,3,34172,M,4360579.0,387140.0,34
201200026159,12,7,13,1935,1,2,1,1.0,7,34172,M,4359149.0,387339.0,34
201200026160,12,7,10,1220,2,2,2,1.0,1,34172,M,4363055.0,382426.0,34
201200026161,12,7,14,2345,5,2,2,1.0,1,34172,M,4362602.0,388251.0,34
201200026162,12,7,16,1010,1,1,1,1.0,6,34129,M,4358891.0,391282.0,34
201200026163,12,7,16,1610,1,2,1,1.0,3,34172,M,4360949.0,389991.0,34
201200026164,12,7,16,2015,1,2,1,1.0,2,34172,M,4359338.0,385978.0,34
201200026165,12,7,17,1155,1,2,1,1.0,3,34129,M,4357193.0,389507.0,34
201200026166,12,7,18,1140,1,2,1,1.0,3,34172,M,4360024.0,390189.0,34
201200026167,12,7,18,2325,5,2,1,1.0,7,34129,M,4358088.0,389822.0,34
201200026168,12,7,20,1720,1,2,1,1.0,3,34172,M,4361990.0,388437.0,34
201200026169,12,7,21,140,5,2,3,1.0,3,34172,M,4361474.0,383291.0,34
201200026170,12,7,23,1955,1,2,9,1.0,6,34172,M,4360149.0,386873.0,34
201200026171,12,7,23,1635,1,2,2,1.0,3,34172,M,4360186.0,388468.0,34
201200026172,12,7,24,1745,1,2,6,1.0,3,34172,M,4363170.0,384218.0,34
201200026173,12,7,23,1610,1,2,1,1.0,3,34172,M,4361687.0,383406.0,34
201200026174,12,7,23,1700,1,2,9,1.0,3,34172,M,4357900.0,387700.0,34
201200026175,12,7,23,1410,1,2,2,1.0,3,34172,M,4358910.0,388470.0,34
201200026176,12,7,25,1100,1,2,2,1.0,3,34172,M,4362828.0,386833.0,34
201200026177,12,7,25,2149,2,1,1,1.0,1,34129,M,4354758.0,389734.0,34
201200026178,12,7,27,1400,1,2,1,1.0,7,34172,M,4360137.0,390154.0,34
201200026179,12,7,27,1550,1,2,1,1.0,6,34172,M,4360756.0,386984.0,34
201200026180,12,7,28,1035,1,2,1,1.0,7,34172,M,4361436.0,388249.0,34
201200026181,12,7,30,1210,1,2,1,1.0,7,34172,M,4359700.0,388059.0,34
201200026182,12,7,30,1845,1,2,1,1.0,6,34172,M,4358198.0,387726.0,34
201200026183,12,7,30,2055,2,2,2,1.0,2,34172,M,4362922.0,382233.0,34
201200026184,12,7,31,1830,1,2,2,1.0,2,34172,M,4359649.0,384529.0,34
201200026185,12,8,1,35,3,1,1,1.0,7,34129,M,4356207.0,386714.0,34
201200026186,12,8,2,1750,1,2,3,1.0,3,34172,M,4360183.0,386918.0,34
201200026187,12,8,3,2330,5,1,2,1.0,3,34129,M,4358308.0,392543.0,34
201200026188,12,8,4,100,5,2,1,1.0,7,34172,M,4360660.0,389667.0,34
201200026189,12,8,5,1615,1,1,3,1.0,6,34172,M,4359665.0,384511.0,34
201200026190,12,8,6,800,1,2,1,8.0,3,34172,M,4360299.0,386308.0,34
201200026191,12,8,7,105,5,2,1,1.0,1,34172,M,4358964.0,389016.0,34
201200026192,12,8,7,1750,1,1,1,1.0,3,34198,M,4357819.0,393669.0,34
201200026193,12,8,9,1515,1,2,3,1.0,7,34172,M,4360031.0,385943.0,34
201200026194,12,8,9,1810,1,2,1,1.0,7,34172,M,4362082.0,385784.0,34
201200026195,12,8,10,45,5,2,1,1.0,7,34172,M,4362545.0,382130.0,34
201200026196,12,8,10,745,1,2,1,1.0,2,34172,M,4362304.0,383319.0,34
201200026197,12,8,10,1700,1,2,3,1.0,3,34172,M,4362157.0,386843.0,34
201200026198,12,8,10,1840,1,2,9,1.0,3,34129,M,4358297.0,392539.0,34
201200026199,12,8,11,1400,1,2,1,1.0,6,34172,M,4359023.0,385538.0,34
201200026200,12,8,9,1200,1,2,2,1.0,1,34172,M,4359694.0,387781.0,34
201200026201,12,8,17,1615,1,2,9,1.0,1,34129,M,4357280.0,389310.0,34
201200026202,12,8,19,1430,1,2,3,1.0,1,34172,M,4362879.0,384552.0,34
201200026203,12,8,19,1910,1,2,1,1.0,4,34172,M,4361623.0,389758.0,34
201200026204,12,8,20,1251,1,2,1,1.0,7,34172,M,4358416.0,384851.0,34
201200026205,12,8,20,1030,1,2,1,1.0,7,34198,M,4354980.0,396906.0,34
201200026206,12,8,21,1655,1,2,1,1.0,3,34129,M,4358290.0,392527.0,34
201200026207,12,8,21,1905,1,2,1,1.0,3,34172,M,4358521.0,386001.0,34
201200026208,12,8,22,1400,1,2,1,1.0,5,34172,M,4359711.0,388586.0,34
201200026209,12,8,24,1825,1,2,1,1.0,7,34172,M,4360183.0,386930.0,34
201200026210,12,8,23,510,5,2,1,1.0,2,34172,M,4361170.0,386650.0,34
201200026211,12,8,23,1945,1,2,2,1.0,1,34172,M,4360833.0,390661.0,34
201200026212,12,8,23,2305,5,1,1,1.0,2,34129,M,4357120.0,389622.0,34
201200026213,12,8,24,2315,5,2,2,1.0,7,34172,M,4360838.0,387576.0,34
201200026214,12,8,27,950,1,1,3,1.0,3,34172,M,4361299.0,393689.0,34
201200026215,12,8,27,2320,5,2,1,1.0,3,34172,M,4361997.0,385125.0,34
201200026216,12,8,28,1500,1,2,1,1.0,6,34172,M,4361603.0,383490.0,34
201200026217,12,8,29,50,5,2,1,1.0,6,34172,M,4362697.0,387019.0,34
201200026218,12,8,29,1700,1,2,1,1.0,6,34172,M,4361119.0,383019.0,34
201200026219,12,8,30,630,5,2,1,2.0,6,34172,M,4360785.0,389870.0,34
201200026220,12,8,31,1530,1,2,3,1.0,1,34172,M,4361887.0,388658.0,34
201200026221,12,9,12,2130,5,2,1,1.0,2,34172,M,4361997.0,385125.0,34
201200026222,12,9,4,1740,1,2,3,1.0,6,34172,M,4361470.0,383270.0,34
201200026223,12,9,4,1815,1,2,3,1.0,3,34172,M,4361186.0,386457.0,34
201200026224,12,9,4,2045,5,2,2,1.0,5,34172,M,4362956.0,382240.0,34
201200026225,12,9,6,1735,1,2,1,1.0,6,34172,M,4364449.0,385165.0,34
201200026226,12,9,6,2145,5,2,5,1.0,7,34172,M,4360876.0,389450.0,34
201200026227,12,9,7,1310,1,2,1,1.0,3,34172,M,4361943.0,388787.0,34
201200026228,12,9,7,1635,1,2,1,1.0,3,34172,M,4357619.0,387358.0,34
201200026229,12,9,7,1855,1,2,1,1.0,3,34172,M,4360902.0,385544.0,34
201200026230,12,9,7,950,1,2,1,1.0,6,34172,M,4361193.0,389832.0,34
201200026231,12,9,7,1210,1,2,1,1.0,2,34172,M,4359478.0,386728.0,34
201200026232,12,9,8,1720,1,2,1,1.0,1,34172,M,4360739.0,382095.0,34
201200026233,12,9,13,1415,1,2,6,1.0,7,34172,M,4360807.0,391169.0,34
201200026234,12,9,14,235,5,2,3,1.0,7,34172,M,4362727.0,389167.0,34
201200026235,12,9,14,930,1,2,4,1.0,1,34172,M,4362116.0,386631.0,34
201200026236,12,9,14,1510,1,2,1,1.0,6,34172,M,4360723.0,382097.0,34
201200026237,12,9,15,1,5,2,1,1.0,3,34172,M,4361528.0,383989.0,34
201200026238,12,9,15,135,5,2,2,1.0,3,34172,M,4362147.0,386853.0,34
201200026239,12,9,15,940,1,2,1,1.0,6,34172,M,4360703.0,385044.0,34
201200026240,12,9,16,1430,1,2,2,1.0,3,34172,M,4362000.0,385140.0,34
201200026241,12,9,17,900,1,2,1,1.0,6,34172,M,4361235.0,389821.0,34
201200026242,12,9,13,1100,1,2,1,1.0,7,34172,M,4360224.0,386706.0,34
201200026243,12,9,14,1040,1,2,3,1.0,3,34172,M,4358378.0,387215.0,34
201200026244,12,9,14,1515,1,2,7,1.0,3,34172,M,4360314.0,388252.0,34
201200026245,12,9,18,845,1,2,9,1.0,6,34172,M,4362175.0,387249.0,34
201200026246,12,9,18,1030,1,2,3,1.0,3,34198,M,4356040.0,395550.0,34
201200026247,12,9,18,1440,1,2,3,1.0,3,34172,M,4362250.0,386392.0,34
201200026248,12,9,18,1920,1,2,2,1.0,2,34129,M,,,34
201200026249,12,9,19,1605,1,2,1,1.0,7,34198,M,4357384.0,395272.0,34
201200026250,12,9,19,1900,1,2,1,1.0,3,34172,M,4357508.0,385826.0,34
201200026251,12,9,19,1940,1,2,1,1.0,6,34172,M,4359047.0,385558.0,34
201200026252,12,9,20,1105,1,2,1,1.0,7,34129,M,4357688.0,390732.0,34
201200026253,12,9,20,1345,1,2,1,1.0,3,34172,M,4358450.0,388407.0,34
201200026254,12,9,24,830,1,2,9,1.0,6,34172,M,4363080.0,386110.0,34
201200026255,12,9,24,1015,1,2,1,1.0,3,34172,M,4361886.0,384717.0,34
201200026256,12,9,24,2240,5,2,9,1.0,1,34172,M,4361008.0,388312.0,34
201200026257,12,9,26,1545,1,2,1,2.0,7,34172,M,4362544.0,381239.0,34
201200026258,12,9,26,1650,1,2,1,3.0,3,34172,M,4361746.0,382042.0,34
201200026259,12,9,27,720,2,2,1,1.0,3,34172,M,4359524.0,386195.0,34
201200026260,12,9,27,800,1,2,3,1.0,6,34172,M,4363810.0,383246.0,34
201200026261,12,9,27,1245,1,2,1,1.0,6,34172,M,4361982.0,388679.0,34
201200026262,12,9,27,1600,1,2,2,1.0,6,34172,M,4359920.0,389380.0,34
201200026263,12,9,29,515,5,2,9,1.0,6,34172,M,4360190.0,390031.0,34
201200026264,12,9,29,1335,1,2,1,3.0,7,34172,M,4360873.0,387346.0,34
201200026265,12,9,29,1730,1,2,1,2.0,1,34172,M,4361495.0,386431.0,34
201200026266,12,9,30,2050,5,2,3,1.0,3,34172,M,4360977.0,389277.0,34
201200026267,12,10,1,854,1,2,1,1.0,3,34172,M,4360468.0,386676.0,34
201200026268,12,10,1,845,1,2,1,1.0,7,34172,M,4362019.0,385399.0,34
201200026269,12,10,1,1115,1,2,1,1.0,2,34172,M,4362677.0,383890.0,34
201200026270,12,10,1,1040,1,2,1,1.0,3,34172,M,4361703.0,384217.0,34
201200026271,12,10,2,1430,1,2,1,1.0,7,34172,M,4358949.0,385679.0,34
201200026272,12,10,3,5,5,2,1,1.0,7,34172,M,4360793.0,389421.0,34
201200026273,12,10,3,1040,1,2,3,1.0,3,34172,M,4358078.0,388220.0,34
201200026274,12,10,3,1430,1,2,1,1.0,6,34172,M,4360830.0,386850.0,34
201200026275,12,10,3,1504,1,2,1,1.0,3,34172,M,4362413.0,385298.0,34
201200026276,12,10,3,1705,1,2,9,1.0,6,34172,M,4360370.0,390716.0,34
201200026277,12,10,3,1700,1,2,3,1.0,3,34172,M,4360926.0,389442.0,34
201200026278,12,10,4,1725,1,2,2,1.0,3,34172,M,4359809.0,388824.0,34
201200026279,12,10,5,1220,1,2,1,8.0,7,34172,M,4357537.0,386021.0,34
201200026280,12,10,5,1424,1,2,1,8.0,1,34172,M,4360244.0,386676.0,34
201200026281,12,10,5,1640,1,2,1,8.0,3,34172,M,4360304.0,388132.0,34
201200026282,12,10,5,1200,1,2,1,8.0,7,34172,M,4361014.0,388295.0,34
201200026283,12,10,6,545,3,2,1,1.0,6,34172,M,4364676.0,385425.0,34
201200026284,12,10,6,645,5,2,1,1.0,6,34172,M,4359493.0,390561.0,34
201200026285,12,10,6,1500,1,2,1,8.0,4,34172,M,4357516.0,385636.0,34
201200026286,12,10,7,610,5,2,1,1.0,7,34129,M,4357225.0,389267.0,34
201200026287,12,10,5,1920,5,2,1,1.0,7,34172,M,4360611.0,388988.0,34
201200026288,12,10,9,1200,1,2,1,1.0,3,34172,M,4361978.0,383243.0,34
201200026289,12,10,9,1435,1,2,9,1.0,3,34172,M,4363268.0,385186.0,34
201200026290,12,10,9,1615,1,2,2,1.0,1,34172,M,4360833.0,390661.0,34
201200026291,12,10,9,2240,5,2,1,1.0,5,34172,M,4361447.0,385176.0,34
201200026292,12,10,10,625,5,2,1,1.0,7,34172,M,4361125.0,392342.0,34
201200026293,12,10,10,935,1,2,1,1.0,1,34172,M,4362525.0,383738.0,34
201200026294,12,10,10,1820,1,2,9,1.0,5,34172,M,4359741.0,386416.0,34
201200026295,12,10,11,830,1,2,9,1.0,3,34172,M,4361935.0,383806.0,34
201200026296,12,10,11,905,1,2,9,1.0,3,34172,M,4360103.0,385021.0,34
201200026297,12,10,11,1135,1,2,1,1.0,6,34172,M,4360020.0,389630.0,34
201200026298,12,10,11,1535,1,2,3,1.0,2,34172,M,4362722.0,382204.0,34
201200026299,12,10,11,1845,2,2,3,8.0,3,34172,M,4361188.0,382978.0,34
201200026300,12,10,12,815,1,2,9,8.0,6,34172,M,4360529.0,387524.0,34
201200026301,12,10,12,1340,1,2,1,1.0,1,34129,M,4356930.0,391649.0,34
201200026302,12,10,12,1705,1,2,1,1.0,7,34172,M,4361457.0,382823.0,34
201200026303,12,10,12,2025,5,2,1,1.0,7,34172,M,4362511.0,382108.0,34
201200026304,12,10,13,145,5,2,1,1.0,7,34172,M,4362945.0,385678.0,34
201200026305,12,10,13,1135,1,2,1,1.0,3,34172,M,4360968.0,390154.0,34
201200026306,12,10,14,630,5,2,1,1.0,7,34172,M,4360031.0,389620.0,34
201200026307,12,10,14,1650,1,2,1,1.0,6,34172,M,4361820.0,384401.0,34
201200026308,12,10,15,1345,1,2,1,1.0,6,34172,M,4361874.0,391370.0,34
201200026309,12,10,15,1800,2,2,3,1.0,6,34198,M,4357309.0,394488.0,34
201200026310,12,10,15,1700,1,2,1,1.0,3,34172,M,4358620.0,388907.0,34
201200026311,12,10,15,2000,5,2,1,1.0,6,34172,M,4363852.0,384722.0,34
201200026312,12,10,16,1300,1,2,2,1.0,3,34172,M,4360020.0,389455.0,34
201200026313,12,10,16,2025,5,2,2,1.0,3,34172,M,4363425.0,384946.0,34
201200026314,12,10,4,1700,1,2,1,1.0,1,34172,M,4362581.0,392805.0,34
201200026315,12,10,17,1325,1,2,1,1.0,1,34172,M,4360986.0,390973.0,34
201200026316,12,10,17,1850,1,2,1,1.0,3,34172,M,4359756.0,387485.0,34
201200026317,12,10,18,100,5,2,2,1.0,3,34172,M,4361195.0,393029.0,34