Num_Acc,an,mois,jour,hrmn,lum,agg,int,atm,col,com,gps,lat,long,dep
201200026318,12,10,19,1710,1,2,1,1.0,7,34172,M,4361821.0,383919.0,34
201200026319,12,10,22,700,5,2,1,2.0,7,34172,M,4361047.0,391490.0,34
201200026320,12,10,22,1520,1,2,2,1.0,3,34198,M,4355633.0,395677.0,34
201200026321,12,10,23,725,2,2,1,8.0,1,34172,M,4359695.0,388340.0,34
201200026322,12,10,23,2120,5,2,2,1.0,3,34172,M,4359246.0,385289.0,34
201200026323,12,10,24,800,1,2,1,1.0,6,34172,M,4359606.0,387772.0,34
201200026324,12,10,24,1030,1,2,1,1.0,3,34172,M,4359520.0,386768.0,34
201200026325,12,10,24,1020,1,2,1,1.0,2,34172,M,4359340.0,385140.0,34
201200026326,12,10,24,1830,2,2,1,1.0,7,34172,M,4362683.0,387780.0,34
201200026327,12,10,25,1405,1,2,1,1.0,3,34172,M,4361469.0,388345.0,34
201200026328,12,10,25,1950,5,2,1,1.0,2,34129,M,4357879.0,387733.0,34
201200026329,12,10,26,750,3,2,1,3.0,7,34172,M,4362099.0,384882.0,34
201200026330,12,10,26,1305,1,2,1,2.0,2,34172,M,4360496.0,386480.0,34
201200026331,12,10,26,1655,1,2,1,1.0,7,34172,M,4361467.0,382922.0,34
201200026332,12,10,27,130,4,1,1,2.0,3,34129,M,4354976.0,389354.0,34
201200026333,12,10,27,2225,5,2,1,1.0,3,34172,M,4359944.0,389274.0,34
201200026334,12,10,28,220,3,2,1,1.0,7,34172,M,4361251.0,393581.0,34
201200026335,12,10,25,1500,1,2,2,1.0,3,34172,M,4360467.0,388312.0,34
201200026336,12,10,28,2015,3,2,2,1.0,3,34172,M,4362680.0,386980.0,34
201200026337,12,10,29,1135,1,2,1,1.0,6,34172,M,4360680.0,388130.0,34
201200026338,12,10,29,1405,1,2,3,1.0,1,34172,M,4361689.0,388103.0,34
201200026339,12,11,1,1445,1,2,2,1.0,2,34172,M,4361775.0,382063.0,34
201200026340,12,10,31,1800,5,2,1,1.0,6,34172,M,4361775.0,382063.0,34
201200026341,12,11,3,415,5,2,1,1.0,7,34172,M,4357181.0,388715.0,34
201200026342,12,11,5,1655,2,1,2,1.0,3,34129,M,4359106.0,390859.0,34
201200026343,12,11,5,1900,5,2,3,1.0,3,34172,M,4360645.0,385213.0,34
201200026344,12,11,6,1640,1,2,1,1.0,2,34172,M,4361287.0,382385.0,34
201200026345,12,11,6,1245,1,2,1,1.0,7,34172,M,4363909.0,387347.0,34
201200026346,12,11,7,805,1,2,3,1.0,3,34172,M,4364109.0,385826.0,34
201200026347,12,11,7,1130,1,2,1,1.0,7,34172,M,4361102.0,387367.0,34
201200026348,12,11,7,1340,1,2,1,1.0,3,34172,M,4360179.0,390044.0,34
201200026349,12,11,7,1715,2,2,3,1.0,3,34172,M,4361397.0,387044.0,34
201200026350,12,11,9,1115,1,2,1,2.0,6,34172,M,4364133.0,381802.0,34
201200026351,12,11,9,1915,4,2,2,2.0,3,34172,M,4359833.0,387986.0,34
201200026352,12,11,10,1500,1,1,1,1.0,2,34198,M,4357580.0,394962.0,34
201200026353,12,11,10,1620,1,2,1,8.0,6,34172,M,4360735.0,386533.0,34
201200026354,12,11,10,2300,5,2,2,2.0,3,34172,M,4362238.0,388292.0,34
201200026355,12,11,11,610,5,2,9,1.0,6,34172,M,4359560.0,388790.0,34
201200026356,12,11,10,1355,1,2,1,8.0,1,34172,M,4359595.0,386601.0,34
201200026357,12,11,12,1610,1,2,1,1.0,6,34172,M,4360012.0,384825.0,34
201200026358,12,11,12,940,1,2,1,1.0,7,34172,M,4358970.0,385575.0,34
201200026359,12,11,12,905,1,2,3,1.0,3,34172,M,4358841.0,386989.0,34
201200026360,12,11,13,1600,1,2,1,1.0,7,34172,M,4360742.0,388449.0,34
201200026361,12,11,14,1130,1,2,1,1.0,6,34172,M,4359705.0,387236.0,34
201200026362,12,11,14,1830,5,2,1,1.0,6,34172,M,4362585.0,382441.0,34
201200026363,12,11,16,915,1,2,1,1.0,6,34172,M,4361603.0,387165.0,34
201200026364,12,11,13,1215,1,1,3,1.0,3,34129,M,4358511.0,392056.0,34
201200026365,12,11,17,1500,1,2,3,2.0,3,34172,M,4363317.0,387546.0,34
201200026366,12,11,17,1705,2,2,1,2.0,6,34172,M,4361000.0,388278.0,34
201200026367,12,11,18,1220,1,2,1,8.0,3,34172,M,4361782.0,388589.0,34
201200026368,12,11,19,912,1,2,1,1.0,3,34172,M,4361594.0,386278.0,34
201200026369,12,11,19,750,1,2,2,1.0,6,34172,M,4361143.0,382858.0,34
201200026370,12,11,19,930,1,1,1,1.0,3,34172,M,4360805.0,392983.0,34
201200026371,12,11,20,1330,1,2,2,1.0,6,34172,M,4360178.0,389519.0,34
201200026372,12,11,20,1605,1,2,9,1.0,6,34172,M,4360930.0,390980.0,34
201200026373,12,11,22,1355,1,2,1,1.0,3,34172,M,4360959.0,389407.0,34
201200026374,12,11,22,1410,1,2,2,1.0,3,34172,M,4361963.0,381957.0,34
201200026375,12,11,23,1300,1,2,1,1.0,3,34172,M,4362653.0,387597.0,34
201200026376,12,11,23,2230,5,2,1,1.0,7,34172,M,4362064.0,385762.0,34
201200026377,12,11,24,240,5,1,1,1.0,7,34172,M,4362477.0,382712.0,34
201200026378,12,11,25,600,5,2,1,8.0,7,34172,M,4363148.0,388440.0,34
201200026379,12,11,25,650,5,2,1,8.0,7,34172,M,4361847.0,391371.0,34
201200026380,12,11,25,1416,1,2,1,1.0,3,34129,M,4356935.0,391072.0,34
201200026381,12,11,27,800,1,2,1,1.0,3,34172,M,4362555.0,386451.0,34
201200026382,12,11,28,930,1,2,9,2.0,6,34198,M,4359369.0,393932.0,34
201200026383,12,12,1,1035,1,2,2,1.0,3,34172,M,4362678.0,388960.0,34
201200026384,12,12,3,1345,1,2,1,1.0,3,34172,M,4362700.0,387170.0,34
201200026385,12,12,3,1800,5,2,2,1.0,3,34172,M,4360876.0,384147.0,34
201200026386,12,12,4,235,5,2,1,1.0,7,34198,M,4357294.0,394528.0,34
201200026387,12,12,5,1250,1,2,1,1.0,3,34129,M,4357681.0,390722.0,34
201200026388,12,12,6,955,1,2,2,1.0,1,34172,M,4360878.0,384164.0,34
201200026389,12,12,6,1135,1,2,1,1.0,7,34172,M,4359701.0,388017.0,34
201200026390,12,12,6,2129,5,2,2,1.0,3,34172,M,4363442.0,386267.0,34
201200026391,12,12,10,1215,1,2,9,1.0,3,34172,M,4362417.0,387748.0,34
201200026392,12,12,10,1645,1,2,1,1.0,1,34172,M,4359701.0,388017.0,34
201200026393,12,12,10,2100,5,2,1,1.0,2,34172,M,4361160.0,391468.0,34
201200026394,12,12,11,1640,1,2,1,1.0,2,34172,M,4359274.0,385218.0,34
201200026395,12,12,12,935,1,2,6,1.0,6,34172,M,,,34
201200026396,12,12,12,1905,5,2,1,1.0,4,34172,M,4360470.0,389473.0,34
201200026397,12,12,12,2040,5,2,2,1.0,3,34172,M,4360466.0,389505.0,34
201200026398,12,12,13,1410,1,2,1,2.0,6,34172,M,4358990.0,386301.0,34
201200026399,12,12,18,349,5,2,1,1.0,6,34172,M,4361944.0,381807.0,34
201200026400,12,12,13,1750,5,2,1,1.0,2,34172,M,4362577.0,386560.0,34
201200026401,12,12,14,1420,1,2,1,2.0,1,34172,M,4361408.0,383782.0,34
201200026402,12,12,14,1720,5,2,1,2.0,3,34172,M,4361350.0,390491.0,34
201200026403,12,12,14,1755,5,2,1,2.0,6,34172,M,4362676.0,387485.0,34
201200026404,12,12,14,1910,5,2,1,2.0,3,34172,M,4361345.0,390496.0,34
201200026405,12,12,15,210,5,2,1,2.0,1,34172,M,4359694.0,387986.0,34
201200026406,12,12,19,1125,1,2,1,1.0,7,34172,M,4363521.0,387115.0,34
201200026407,12,12,18,1745,5,2,1,1.0,6,34172,M,4360427.0,383437.0,34
201200026408,12,12,19,2125,5,2,1,1.0,2,34172,M,4361609.0,384077.0,34
201200026409,12,12,10,909,1,2,3,1.0,7,34172,M,4362004.0,385114.0,34
201200026410,12,12,20,2155,5,2,3,2.0,3,34172,M,4358911.0,388476.0,34
201200026411,12,12,21,830,1,2,1,1.0,2,34172,M,4363366.0,384325.0,34
201200026412,12,12,21,935,1,2,1,1.0,3,34172,M,4361858.0,384548.0,34
201200026413,12,12,21,1800,5,2,9,2.0,7,34172,M,4361664.0,382000.0,34
201200026414,12,12,22,540,5,2,1,8.0,6,34172,M,4362282.0,386042.0,34
201200026415,12,12,24,1530,1,2,1,2.0,3,34172,M,4364846.0,385530.0,34
201200026416,12,12,28,2018,5,2,3,1.0,3,34172,M,4359861.0,386555.0,34
201200026417,12,12,29,1325,1,2,1,1.0,2,34172,M,4360546.0,388859.0,34
201200026418,12,12,30,1935,5,2,1,1.0,3,34172,M,4358904.0,388486.0,34
201200026419,12,1,10,1630,1,1,2,1.0,3,34108,M,4342126.0,372361.0,34
201200026420,12,1,14,1215,1,1,1,1.0,5,34301,M,4333943.0,357366.0,34
201200026421,12,1,28,150,4,2,3,2.0,7,34301,M,4341986.0,371576.0,34
201200026422,12,2,3,2055,5,2,3,1.0,3,34301,M,4340433.0,369731.0,34
201200026423,12,2,5,1510,1,1,1,1.0,1,34108,M,4342557.0,374926.0,34
201200026424,12,2,20,1420,1,2,3,1.0,3,34108,M,4344158.0,374668.0,34
201200026425,12,2,21,1530,1,1,1,1.0,1,34301,M,4342296.0,370853.0,34
201200026426,12,3,7,1050,1,2,1,1.0,6,34301,M,4339729.0,369596.0,34
201200026427,12,3,10,1730,1,2,3,1.0,6,34108,M,4344633.0,375619.0,34
201200026428,12,3,25,1800,1,2,2,1.0,3,34301,M,4340909.0,369386.0,34
201200026429,12,4,1,850,1,2,1,1.0,2,34301,M,,,34
201200026430,12,4,7,2325,3,1,1,2.0,1,34301,M,4333528.0,357636.0,34
201200026431,12,4,20,1620,1,2,3,1.0,3,34301,M,,,34
201200026432,12,4,27,1750,1,2,2,1.0,3,34108,M,4345082.0,374844.0,34
201200026433,12,5,2,124,5,2,1,1.0,7,34301,M,4341152.0,369229.0,34
201200026434,12,5,15,1355,1,2,1,1.0,3,34301,M,,,34
201200026435,12,5,16,1550,1,2,1,1.0,6,34301,M,,,34
201200026436,12,5,21,840,1,2,1,2.0,1,34108,M,,,34
201200026437,12,6,3,2315,5,2,1,1.0,7,34301,M,,,34
201200026438,12,6,7,1805,1,2,3,1.0,3,34301,M,4341550.0,370353.0,34
201200026439,12,6,27,630,1,2,1,1.0,6,34301,M,4340742.0,370396.0,34
201200026440,12,6,27,950,1,2,1,1.0,6,34301,M,,,34
201200026441,12,7,1,20,5,2,2,1.0,3,34301,M,,,34
201200026442,12,7,2,1850,1,1,1,1.0,2,34108,M,,,34
201200026443,12,7,3,1200,1,2,1,1.0,6,34108,M,,,34
201200026444,12,7,15,45,5,2,1,1.0,3,34301,M,,,34
201200026445,12,7,16,1300,1,2,1,1.0,6,34301,M,,,34
201200026446,12,8,5,110,5,2,3,1.0,3,34108,M,4345624.0,375851.0,34
201200026447,12,8,12,620,2,1,1,1.0,1,34108,M,,,34
201200026448,12,8,5,915,1,2,1,1.0,6,34301,M,,,34
201200026449,12,8,14,1525,1,2,1,1.0,1,34301,M,,,34
201200026450,12,8,16,1015,1,2,1,1.0,6,34108,M,,,34
201200026451,12,8,16,2210,5,2,1,1.0,7,34301,M,,,34
201200026452,12,8,26,700,1,2,3,1.0,3,34301,M,,,34
201200026453,12,8,31,300,5,2,1,1.0,1,34301,M,,,34
201200026454,12,8,31,1605,1,2,1,1.0,6,34108,M,,,34
201200026455,12,9,3,645,1,1,1,1.0,5,34301,M,,,34
201200026456,12,9,6,332,5,2,1,1.0,7,34301,M,,,34
201200026457,12,9,7,1925,1,2,1,1.0,6,34301,M,,,34
201200026458,12,9,13,900,1,2,1,1.0,6,34108,M,,,34
201200026459,12,9,14,1140,1,2,1,1.0,3,34108,M,,,34
201200026460,12,9,14,1330,1,1,1,1.0,1,34108,M,,,34
201200026461,12,9,14,2130,3,1,3,6.0,3,34108,M,,,34
201200026462,12,9,20,905,1,2,2,1.0,3,34108,M,,,34
201200026463,12,9,21,2100,5,2,1,1.0,6,34301,M,,,34
201200026464,12,10,2,120,3,1,1,1.0,7,34108,M,,,34
201200026465,12,10,8,1145,1,2,2,1.0,3,34108,M,,,34
201200026466,12,11,16,2200,5,2,1,2.0,7,34301,M,,,34
201200026467,12,11,23,1820,5,2,1,1.0,6,34301,M,,,34
201200026468,12,12,12,2155,5,2,1,1.0,3,34301,M,,,34
201200026469,12,1,3,830,2,2,1,2.0,6,35115,M,,,35
201200026470,12,1,13,1910,5,2,2,1.0,6,35115,M,4835359.0,-120329.0,35
201200026471,12,6,7,2320,5,2,1,1.0,6,35115,M,,,35
201200026472,12,1,19,1700,1,2,1,2.0,3,35115,M,4835072.0,-120123.0,35
201200026473,12,1,25,1630,1,2,1,1.0,7,35115,M,4835262.0,-119742.0,35
201200026474,12,1,27,806,2,2,9,1.0,6,35115,M,4835241.0,-119974.0,35
201200026475,12,1,27,1310,1,2,1,1.0,6,35115,M,,,35
201200026476,12,1,24,910,1,2,1,2.0,6,35115,M,,,35
201200026477,12,2,4,1215,1,2,5,7.0,6,35115,M,4834933.0,-120216.0,35
201200026478,12,2,11,1805,1,1,2,1.0,3,35150,M,4835500.0,-123033.0,35
201200026479,12,3,2,1310,1,2,2,1.0,3,35115,M,0.0,-118932.0,35
201200026480,12,3,2,1840,1,2,2,1.0,6,35115,M,4834784.0,-119070.0,35
201200026481,12,3,14,1830,1,2,6,1.0,1,35150,M,4836734.0,-120871.0,35
201200026482,12,3,23,1525,1,2,6,1.0,6,35115,M,4834768.0,-119312.0,35
201200026483,12,5,30,1745,1,2,9,1.0,2,35115,M,4835795.0,-118707.0,35
201200026484,12,3,29,1410,1,2,3,7.0,7,35150,M,4836873.0,-120250.0,35
201200026485,12,4,6,1330,1,2,1,1.0,6,35115,M,,,35
201200026486,12,4,5,855,1,2,6,1.0,3,35115,M,4835695.0,-120435.0,35
201200026487,12,8,22,1130,1,2,1,1.0,7,35115,M,,,35
201200026488,12,9,8,1440,1,2,6,1.0,3,35115,M,4834792.0,-119344.0,35
201200026489,12,9,20,1715,1,2,2,1.0,3,35115,M,4835036.0,-118930.0,35
201200026490,12,9,25,1757,1,2,1,3.0,6,35115,M,4835223.0,-119988.0,35
201200026491,12,9,29,2130,5,2,6,1.0,3,35115,M,,,35
201200026492,12,11,9,950,1,2,1,1.0,6,35115,M,,,35
201200026493,12,11,23,557,5,2,6,3.0,3,35115,M,,,35
201200026494,12,12,12,1210,1,2,1,1.0,3,35115,M,4833983.0,-119264.0,35
201200026495,12,12,27,1850,5,2,3,1.0,6,35115,M,4836347.0,-118810.0,35
201200026496,12,1,3,1335,1,2,2,2.0,3,35238,M,4808835.0,-167213.0,35
201200026497,12,1,4,1210,1,2,6,1.0,3,35238,M,4810373.0,-169969.0,35
201200026498,12,1,4,1325,1,2,1,1.0,6,35238,M,4810521.0,-170202.0,35
201200026499,12,1,5,755,5,2,5,8.0,3,35238,M,4809727.0,-165781.0,35
201200026500,12,1,5,1900,5,2,2,2.0,6,35238,M,4810566.0,-167396.0,35
201200026501,12,1,6,1305,1,2,1,1.0,6,35238,M,4811468.0,-165444.0,35
201200026502,12,1,7,240,5,2,1,1.0,6,35238,M,4811453.0,-168756.0,35
201200026503,12,1,7,1840,5,2,2,8.0,6,35238,M,4810743.0,-167773.0,35
201200026504,12,1,7,2010,5,2,2,1.0,3,35238,M,4810937.0,-167386.0,35
201200026505,12,1,9,1815,5,2,4,1.0,2,35238,M,4810908.0,-169744.0,35
201200026506,12,1,11,2240,5,2,6,1.0,3,35238,M,4812764.0,-165149.0,35
201200026507,12,1,12,2040,5,2,3,1.0,3,35238,M,4810576.0,-167293.0,35
201200026508,12,1,13,610,3,1,1,1.0,2,35278,M,,,35
201200026509,12,1,16,1605,1,2,9,1.0,7,35238,M,,,35
201200026510,12,1,17,930,1,2,2,1.0,3,35238,M,4811719.0,-168085.0,35
201200026511,12,1,18,1325,1,2,6,8.0,3,35238,M,4809034.0,-166911.0,35
201200026512,12,1,19,1840,5,2,3,2.0,6,35238,M,4812137.0,-171349.0,35
201200026513,12,1,20,1415,1,2,1,8.0,4,35238,M,,,35
201200026514,12,1,21,1530,1,2,1,1.0,7,35238,M,,,35
201200026515,12,1,21,1850,5,2,4,1.0,3,35238,M,4810486.0,-166613.0,35
201200026516,12,1,22,1450,1,2,1,1.0,3,35238,M,4810227.0,-170499.0,35
201200026517,12,1,23,1645,1,2,1,1.0,6,35055,M,4807595.0,-163878.0,35
201200026518,12,1,24,1705,1,2,1,1.0,3,35281,M,,,35
201200026519,12,1,24,1935,5,2,3,1.0,3,35055,M,4809121.0,-161859.0,35
201200026520,12,1,25,1355,1,2,2,1.0,6,35238,M,4808661.0,-167187.0,35
201200026521,12,1,25,1415,1,2,1,1.0,2,35238,M,,,35
201200026522,12,1,26,424,5,2,2,1.0,7,35238,M,4810185.0,-168425.0,35
201200026523,12,1,26,1125,1,2,2,7.0,6,35238,M,4811027.0,-166563.0,35
201200026524,12,1,26,1900,5,2,1,8.0,3,35238,M,4809692.0,-167184.0,35
201200026525,12,1,26,1845,5,2,6,1.0,3,35281,M,4808697.0,-170759.0,35
201200026526,12,1,26,2300,5,2,2,1.0,3,35238,M,4811020.0,-167419.0,35
201200026527,12,1,27,830,1,2,1,1.0,6,35238,M,4812214.0,-168376.0,35
201200026528,12,1,27,1125,1,2,2,1.0,3,35238,M,,,35
201200026529,12,1,28,30,5,2,2,2.0,3,35238,M,4812632.0,-169266.0,35
201200026530,12,1,28,1325,1,2,1,1.0,6,35278,M,,,35
201200026531,12,1,28,2235,5,2,2,2.0,3,35238,M,,,35
201200026532,12,1,29,1950,3,1,1,1.0,2,35238,M,4808172.0,-164864.0,35
201200026533,12,1,30,800,1,2,9,3.0,6,35238,M,,,35
201200026534,12,1,30,830,1,2,2,2.0,6,35238,M,4811274.0,-169340.0,35
201200026535,12,2,1,750,5,2,2,1.0,7,35238,M,4810041.0,-164987.0,35
201200026536,12,2,1,835,1,2,9,8.0,3,35238,M,,,35
201200026537,12,2,1,1330,1,2,2,1.0,2,35238,M,,,35
201200026538,12,2,1,1740,1,2,1,1.0,6,35238,M,4812319.0,-171198.0,35
201200026539,12,2,2,930,1,2,2,1.0,3,35238,M,4812790.0,-168339.0,35
201200026540,12,2,2,1130,1,2,1,1.0,3,35281,M,,,35
201200026541,12,2,3,20,5,2,1,1.0,7,35238,M,,,35
201200026542,12,2,3,830,1,1,1,1.0,2,35278,M,,,35
201200026543,12,2,3,1540,1,2,1,1.0,2,35278,M,,,35
201200026544,12,2,7,940,1,2,1,8.0,5,35281,M,,,35
201200026545,12,2,7,2015,5,2,3,8.0,3,35055,M,4809043.0,-162500.0,35
201200026546,12,2,9,1500,1,2,1,1.0,3,35238,M,4810524.0,-167220.0,35
201200026547,12,2,9,2050,5,2,1,1.0,7,35238,M,,,35
201200026548,12,2,9,2020,5,2,3,1.0,2,35238,M,4811292.0,-166293.0,35
201200026549,12,2,13,1635,1,2,1,2.0,6,35238,M,4812110.0,-167152.0,35
201200026550,12,2,14,1215,1,2,3,1.0,4,35238,M,4810492.0,-164418.0,35
201200026551,12,2,14,1515,1,2,6,1.0,3,35278,M,4814012.0,-168656.0,35
201200026552,12,2,14,2000,5,2,1,1.0,6,35238,M,4812867.0,-169803.0,35
201200026553,12,2,15,2020,5,2,6,1.0,3,35238,M,4813241.0,-169130.0,35
201200026554,12,2,16,1455,1,2,1,1.0,4,35238,M,,,35
201200026555,12,2,16,2120,5,2,3,1.0,6,35238,M,4809746.0,-165840.0,35
201200026556,12,2,17,1730,1,2,1,2.0,6,35278,M,,,35
201200026557,12,2,19,650,5,2,2,1.0,3,35238,M,4809215.0,-167450.0,35
201200026558,12,2,20,850,1,2,3,1.0,6,35238,M,4808957.0,-164467.0,35
201200026559,12,2,20,1100,1,2,1,1.0,3,35238,M,4808518.0,-163965.0,35
201200026560,12,2,20,445,5,2,1,1.0,7,35238,M,,,35
201200026561,12,2,22,1100,1,2,3,1.0,4,35238,M,4810672.0,-172956.0,35
201200026562,12,2,22,2345,3,1,1,8.0,2,35238,M,4808148.0,-165376.0,35
201200026563,12,2,24,1820,1,2,1,8.0,6,35238,M,,,35
201200026564,12,2,25,500,5,2,2,2.0,6,35238,M,4809823.0,-168145.0,35
201200026565,12,2,29,1400,1,1,1,1.0,2,35238,M,4814175.0,-166389.0,35
201200026566,12,2,29,1745,1,2,9,1.0,6,35238,M,4811407.0,-167831.0,35
201200026567,12,2,29,1735,1,2,2,1.0,3,35238,M,4809828.0,-166900.0,35
201200026568,12,3,1,1040,1,2,3,1.0,3,35238,M,4812600.0,-166577.0,35
201200026569,12,3,1,1435,1,2,1,1.0,2,35238,M,4810010.0,-165827.0,35
201200026570,12,3,2,800,1,2,1,1.0,2,35238,M,4811610.0,-164855.0,35
201200026571,12,3,3,840,1,2,1,8.0,6,35238,M,4811010.0,-168564.0,35
201200026572,12,3,3,1455,1,2,1,8.0,6,35238,M,4810050.0,-169453.0,35
201200026573,12,3,4,1530,1,2,1,1.0,2,35278,M,4813998.0,-169578.0,35
201200026574,12,3,5,755,1,2,9,1.0,3,35055,M,,,35
201200026575,12,3,5,843,1,2,1,1.0,6,35281,M,4806742.0,-171974.0,35
201200026576,12,3,5,800,1,2,6,8.0,3,35238,M,4813260.0,-167296.0,35
201200026577,12,3,6,850,1,2,5,1.0,2,35238,M,4812020.0,-172229.0,35
201200026578,12,3,7,540,5,2,1,1.0,7,35238,M,4810800.0,-169305.0,35
201200026579,12,3,7,1150,1,2,6,1.0,6,35238,M,4810360.0,-171229.0,35
201200026580,12,3,7,1650,1,2,1,2.0,7,35238,M,4810200.0,-167322.0,35
201200026581,12,3,8,1255,1,2,1,8.0,3,35238,M,4810730.0,-167174.0,35
201200026582,12,3,8,1330,1,2,1,8.0,3,35238,M,4810530.0,-165054.0,35
201200026583,12,3,9,830,1,2,6,1.0,3,35238,M,4813240.0,-169134.0,35
201200026584,12,3,11,1705,1,2,6,1.0,6,35238,M,4808990.0,-168194.0,35
201200026585,12,3,12,745,1,2,9,1.0,6,35281,M,4809573.0,-169452.0,35
201200026586,12,3,12,900,1,2,1,7.0,3,35238,M,4808320.0,-165069.0,35
201200026587,12,3,12,1440,1,2,3,1.0,3,35238,M,4811630.0,-171189.0,35
201200026588,12,3,13,2120,5,2,3,1.0,3,35238,M,4811470.0,-165260.0,35
201200026589,12,3,15,1605,1,2,2,7.0,7,35238,M,4809380.0,-167446.0,35
201200026590,12,3,16,1740,1,2,1,1.0,2,35238,M,4812160.0,-170384.0,35
201200026591,12,3,18,945,1,2,2,3.0,3,35238,M,4809990.0,-167217.0,35
201200026592,12,3,18,1650,1,2,9,1.0,6,35278,M,4813994.0,-169568.0,35
201200026593,12,3,19,1830,1,2,1,1.0,7,35238,M,4813650.0,-166514.0,35
201200026594,12,3,20,40,5,2,1,1.0,3,35238,M,4810690.0,-172723.0,35
201200026595,12,3,20,2015,5,2,3,1.0,3,35238,M,4810690.0,-167436.0,35
201200026596,12,3,21,2045,3,2,1,1.0,2,35278,M,,,35
201200026597,12,3,22,1800,1,2,2,2.0,3,35238,M,4811090.0,-169270.0,35
201200026598,12,3,23,845,1,2,1,1.0,3,35238,M,4810690.0,-167033.0,35
201200026599,12,3,24,715,1,2,1,1.0,6,35238,M,4811390.0,-168807.0,35
201200026600,12,3,24,1430,1,2,1,1.0,6,35238,M,4808820.0,-165555.0,35
201200026601,12,3,24,1650,1,2,9,1.0,6,35278,M,,,35
201200026602,12,3,24,1750,1,2,3,1.0,3,35238,M,4810610.0,-166727.0,35
201200026603,12,3,25,1800,1,2,1,1.0,6,35238,M,4813030.0,-164032.0,35
201200026604,12,3,26,1655,1,2,2,1.0,6,35238,M,4811620.0,-166127.0,35
201200026605,12,3,27,1625,1,2,3,1.0,2,35238,M,4808370.0,-167540.0,35
201200026606,12,3,27,1700,1,2,1,1.0,7,35238,M,4812690.0,-166109.0,35
201200026607,12,3,29,335,5,2,1,1.0,6,35238,M,4811580.0,-170884.0,35
201200026608,12,3,30,1130,1,2,3,1.0,2,35238,M,4810840.0,-169600.0,35
201200026609,12,3,30,2135,3,2,9,1.0,5,35278,M,4817390.0,-171645.0,35
201200026610,12,3,31,330,5,2,1,1.0,6,35238,M,4811780.0,-168524.0,35
201200026611,12,3,31,420,5,2,3,5.0,6,35238,M,4811920.0,-163526.0,35
201200026612,12,3,31,1330,1,2,5,1.0,3,35238,M,4808190.0,-164664.0,35
201200026613,12,3,31,1550,1,2,1,1.0,3,35238,M,4810010.0,-167223.0,35
201200026614,12,4,1,1934,1,2,1,1.0,6,35238,M,4812480.0,-165166.0,35
201200026615,12,4,2,1230,1,2,1,1.0,6,35238,M,4811530.0,-163676.0,35
201200026616,12,4,2,1600,1,2,1,1.0,2,35238,M,4810510.0,-171701.0,35
201200026617,12,4,2,1720,1,2,9,1.0,2,35238,M,4808400.0,-169874.0,35
201200026618,12,4,3,1645,1,2,3,1.0,3,35238,M,4808470.0,-166092.0,35
201200026619,12,4,4,1910,1,2,1,1.0,4,35281,M,,,35
201200026620,12,4,5,1720,1,2,5,1.0,3,35238,M,4810630.0,-169328.0,35
201200026621,12,4,6,805,1,2,9,1.0,3,35281,M,,,35
201200026622,12,4,6,1630,1,2,1,1.0,3,35238,M,4809930.0,-165245.0,35
201200026623,12,4,6,1700,1,2,2,1.0,3,35238,M,4809380.0,-167446.0,35
201200026624,12,4,8,1025,1,2,2,1.0,6,35238,M,4811260.0,-168482.0,35
201200026625,12,4,10,410,3,2,4,3.0,3,35281,M,,,35
201200026626,12,4,10,1410,1,2,2,1.0,3,35238,M,4812790.0,-168341.0,35
201200026627,12,4,11,50,5,2,1,1.0,7,35238,M,4810700.0,-168450.0,35
201200026628,12,4,11,530,5,2,2,1.0,3,35238,M,4812850.0,-166419.0,35
201200026629,12,4,11,900,1,2,2,1.0,6,35238,M,4808660.0,-167194.0,35
201200026630,12,4,12,1820,1,2,2,1.0,2,35238,M,4812850.0,-166419.0,35
201200026631,12,4,13,445,3,2,1,8.0,3,35281,M,4808890.0,-170294.0,35
201200026632,12,4,13,2010,2,2,3,2.0,7,35238,M,4809410.0,-168000.0,35
201200026633,12,4,16,500,5,2,2,1.0,3,35238,M,4810990.0,-167405.0,35
201200026634,12,4,16,1209,1,2,1,1.0,3,35238,M,4810830.0,-168529.0,35
201200026635,12,4,16,1500,1,2,2,1.0,6,35238,M,4811710.0,-168084.0,35
201200026636,12,4,16,1810,1,2,2,1.0,3,35238,M,4812790.0,-165748.0,35
201200026637,12,4,17,1820,1,2,2,1.0,3,35238,M,4810620.0,-168800.0,35
201200026638,12,4,17,1650,1,2,6,8.0,3,35238,M,4810360.0,-171229.0,35