Num_Acc,an,mois,jour,hrmn,lum,agg,int,atm,col,com,gps,lat,long,dep
201200026639,12,4,18,940,1,2,2,2.0,6,35238,M,4809540.0,-168988.0,35
201200026640,12,4,18,1135,1,2,1,2.0,7,35278,M,4814073.0,-168956.0,35
201200026641,12,4,20,1857,1,2,5,8.0,2,35238,M,4809040.0,-162982.0,35
201200026642,12,4,20,2011,1,2,1,1.0,7,35238,M,4814230.0,-165663.0,35
201200026643,12,4,22,1505,1,2,6,3.0,6,35281,M,,,35
201200026644,12,4,23,1000,1,2,1,2.0,7,35278,M,4813997.0,-169518.0,35
201200026645,12,4,25,102,5,2,1,2.0,6,35238,M,4812200.0,-166998.0,35
201200026646,12,4,25,725,1,2,3,3.0,4,35281,M,,,35
201200026647,12,4,25,1035,1,2,6,1.0,3,35238,M,4808750.0,-164492.0,35
201200026648,12,4,26,1115,1,2,2,3.0,7,35238,M,4811030.0,-168628.0,35
201200026649,12,4,26,1435,1,2,1,1.0,2,35238,M,4810360.0,-168437.0,35
201200026650,12,4,27,735,1,2,1,1.0,6,35238,M,4810610.0,-167897.0,35
201200026651,12,4,27,1345,1,2,3,8.0,3,35278,M,4814019.0,-169987.0,35
201200026652,12,4,30,855,1,2,2,1.0,2,35238,M,4810990.0,-167405.0,35
201200026653,12,5,2,807,1,2,6,1.0,7,35281,M,4807424.0,-171266.0,35
201200026654,12,5,2,1045,1,2,1,1.0,6,35238,M,4810610.0,-168004.0,35
201200026655,12,5,2,1825,1,2,1,1.0,3,35238,M,4810310.0,-168284.0,35
201200026656,12,5,3,1200,1,2,5,1.0,3,35238,M,4809150.0,-162682.0,35
201200026657,12,5,3,1645,1,2,3,1.0,2,35238,M,4810590.0,-173283.0,35
201200026658,12,5,4,1345,1,2,1,1.0,6,35238,M,4810297.0,-166172.0,35
201200026659,12,5,5,1430,1,2,3,1.0,6,35238,M,4810990.0,-167186.0,35
201200026660,12,5,9,825,1,2,3,8.0,3,35055,M,4809338.0,-160818.0,35
201200026661,12,5,9,1800,1,2,3,1.0,6,35238,M,4810740.0,-167607.0,35
201200026662,12,5,10,900,1,2,2,1.0,6,35238,M,4809410.0,-163435.0,35
201200026663,12,5,11,1745,1,2,1,1.0,6,35238,M,4808610.0,-168078.0,35
201200026664,12,5,11,2230,3,2,1,1.0,3,35278,M,4814123.0,-167929.0,35
201200026665,12,5,13,635,1,2,5,1.0,3,35238,M,4811450.0,-170009.0,35
201200026666,12,5,14,1715,1,2,3,1.0,3,35238,M,4811400.0,-169847.0,35
201200026667,12,5,14,1320,1,2,1,1.0,6,35238,M,4811399.0,-163625.0,35
201200026668,12,5,15,1830,1,2,2,1.0,6,35238,M,4810930.0,-168201.0,35
201200026669,12,5,16,1330,1,2,1,1.0,2,35238,M,4812570.0,-166052.0,35
201200026670,12,5,16,1935,1,2,3,1.0,3,35238,M,4812140.0,-171345.0,35
201200026671,12,5,17,245,5,2,2,1.0,2,35238,M,4809990.0,-167217.0,35
201200026672,12,5,17,130,5,2,2,1.0,3,35238,M,4811350.0,-167511.0,35
201200026673,12,5,17,510,5,2,2,1.0,7,35238,M,4809120.0,-164548.0,35
201200026674,12,5,17,1055,1,2,5,2.0,4,35238,M,4812520.0,-171628.0,35
201200026675,12,5,18,1535,1,2,3,1.0,6,35238,M,4811520.0,-170279.0,35
201200026676,12,5,19,605,5,2,2,1.0,3,35238,M,4811450.0,-170009.0,35
201200026677,12,5,21,350,5,2,1,2.0,6,35238,M,4810920.0,-168606.0,35
201200026678,12,5,21,1825,1,2,1,1.0,5,35238,M,4809919.0,-168664.0,35
201200026679,12,5,22,1127,1,2,3,1.0,6,35238,M,4810740.0,-167607.0,35
201200026680,12,5,23,1310,1,2,4,1.0,3,35238,M,4811560.0,-167689.0,35
201200026681,12,5,23,1750,1,2,1,1.0,2,35238,M,4808440.0,-169904.0,35
201200026682,12,5,24,1830,1,2,3,1.0,3,35238,M,4810690.0,-167436.0,35
201200026683,12,5,26,145,4,2,3,1.0,6,35238,M,4810420.0,-167250.0,35
201200026684,12,5,26,230,5,2,3,1.0,6,35238,M,4812750.0,-168485.0,35
201200026685,12,5,26,1550,1,2,2,1.0,3,35238,M,4809450.0,-168562.0,35
201200026686,12,5,28,1815,1,2,2,1.0,3,35238,M,4812140.0,-168299.0,35
201200026687,12,5,29,800,1,2,6,7.0,3,35238,M,4812710.0,-162886.0,35
201200026688,12,5,29,750,1,2,6,1.0,7,35238,M,0.0,0.0,35
201200026689,12,5,29,1525,1,2,1,1.0,3,35238,M,0.0,0.0,35
201200026690,12,5,29,1515,1,2,1,1.0,6,35238,M,4813060.0,-163547.0,35
201200026691,12,5,29,1805,1,2,5,1.0,6,35238,M,4809040.0,-162982.0,35
201200026692,12,5,30,745,1,2,1,1.0,7,35238,M,4810639.0,-167826.0,35
201200026693,12,5,30,2218,5,2,1,1.0,7,35238,M,4808770.0,-163943.0,35
201200026694,12,5,30,900,1,2,1,1.0,7,35238,M,4812850.0,-164712.0,35
201200026695,12,5,31,1345,1,2,9,1.0,2,35238,M,,,35
201200026696,12,5,31,1950,1,2,1,1.0,7,35055,M,,,35
201200026697,12,6,1,1315,1,2,3,1.0,3,35238,M,4810380.0,-167711.0,35
201200026698,12,6,1,1415,1,2,1,1.0,7,35238,M,4810240.0,-168431.0,35
201200026699,12,6,1,1935,1,2,6,7.0,3,35238,M,4810490.0,-170845.0,35
201200026700,12,6,3,1445,1,2,1,1.0,6,35238,M,4809320.0,-165578.0,35
201200026701,12,6,3,1600,1,2,3,1.0,6,35238,M,4810670.0,-172960.0,35
201200026702,12,6,3,1750,1,2,5,1.0,6,35238,M,4810750.0,-171643.0,35
201200026703,12,6,5,1905,1,2,1,8.0,1,35238,M,4811520.0,-169892.0,35
201200026704,12,6,6,1755,1,2,6,8.0,3,35238,M,4810490.0,-170845.0,35
201200026705,12,6,6,2150,5,2,2,8.0,3,35238,M,4809940.0,-167574.0,35
201200026706,12,6,7,1345,1,2,1,8.0,2,35238,M,4808560.0,-169975.0,35
201200026707,12,6,7,1350,1,2,1,8.0,2,35238,M,4807881.0,-169309.0,35
201200026708,12,6,7,1705,1,2,3,8.0,6,35238,M,4810670.0,-172960.0,35
201200026709,12,6,8,815,1,2,1,1.0,3,35238,M,4809450.0,-163423.0,35
201200026710,12,6,8,1310,1,2,3,8.0,6,35238,M,4810450.0,-168450.0,35
201200026711,12,6,8,1510,1,2,1,1.0,2,35238,M,4810560.0,-166590.0,35
201200026712,12,6,10,130,5,2,5,2.0,6,35238,M,4810180.0,-168403.0,35
201200026713,12,6,11,850,1,2,1,1.0,3,35055,M,,,35
201200026714,12,6,11,1635,1,2,6,2.0,3,35238,M,4809290.0,-164007.0,35
201200026715,12,6,11,1705,1,2,3,1.0,3,35238,M,4810670.0,-165090.0,35
201200026716,12,6,15,710,1,2,2,1.0,3,35238,M,4811020.0,-167414.0,35
201200026717,12,6,15,1420,1,2,3,1.0,7,35238,M,,,35
201200026718,12,6,15,2025,1,2,2,1.0,3,35238,M,4813510.0,-165963.0,35
201200026719,12,6,16,2005,1,2,1,1.0,4,35238,M,4810580.0,-168257.0,35
201200026720,12,6,17,815,1,2,3,1.0,3,35238,M,4812360.0,-170911.0,35
201200026721,12,6,17,1420,1,2,3,1.0,3,35238,M,4808460.0,-165395.0,35
201200026722,12,6,18,1545,1,2,1,1.0,6,35238,M,4810820.0,-165261.0,35
201200026723,12,6,19,1730,1,2,1,1.0,6,35238,M,,,35
201200026724,12,6,20,855,1,2,5,1.0,3,35238,M,4810570.0,-166601.0,35
201200026725,12,6,22,1710,1,2,1,1.0,2,35281,M,,,35
201200026726,12,6,23,1310,1,2,2,1.0,2,35238,M,4809410.0,-163435.0,35
201200026727,12,6,24,1543,1,2,2,2.0,3,35238,M,4810350.0,-169401.0,35
201200026728,12,6,25,920,1,2,5,8.0,4,35238,M,4812350.0,-171850.0,35
201200026729,12,6,26,2025,1,2,3,1.0,6,35238,M,4810590.0,-167777.0,35
201200026730,12,6,27,1150,1,2,1,1.0,6,35238,M,4812930.0,-169941.0,35
201200026731,12,6,27,1200,1,2,2,1.0,3,35238,M,4809210.0,-167485.0,35
201200026732,12,6,27,1715,1,2,5,1.0,5,35238,M,4811460.0,-165706.0,35
201200026733,12,6,27,2355,5,2,1,1.0,2,35238,M,4812210.0,-168020.0,35
201200026734,12,6,28,850,1,2,2,1.0,3,35238,M,4810740.0,-167201.0,35
201200026735,12,6,29,1720,1,2,1,1.0,3,35281,M,,,35
201200026736,12,6,30,1415,1,2,2,2.0,3,35238,M,4809140.0,-166896.0,35
201200026737,12,6,30,1900,1,2,2,1.0,3,35238,M,4811620.0,-166465.0,35
201200026738,12,7,1,1818,1,2,3,1.0,1,35055,M,,,35
201200026739,12,7,3,1830,1,2,3,1.0,2,35238,M,4811480.0,-167440.0,35
201200026740,12,7,4,1330,1,2,2,3.0,2,35238,M,4812060.0,-168182.0,35
201200026741,12,7,5,912,1,2,1,1.0,3,35238,M,4811000.0,-165986.0,35
201200026742,12,7,5,1710,1,2,1,1.0,6,35238,M,4809120.0,-168209.0,35
201200026743,12,7,5,1815,1,2,5,1.0,4,35238,M,4812490.0,-171864.0,35
201200026744,12,7,6,1000,1,2,6,1.0,6,35238,M,4810400.0,-165003.0,35
201200026745,12,7,6,1815,1,2,6,1.0,3,35238,M,4812230.0,-163872.0,35
201200026746,12,7,9,915,1,2,1,2.0,6,35238,M,4811950.0,-165023.0,35
201200026747,12,7,9,1730,1,2,1,1.0,3,35238,M,4812570.0,-163818.0,35
201200026748,12,7,9,2025,1,2,2,1.0,3,35238,M,4808370.0,-167451.0,35
201200026749,12,7,10,1730,1,2,3,1.0,3,35238,M,4810980.0,-169851.0,35
201200026750,12,7,11,1455,1,2,5,8.0,2,35238,M,4810720.0,-171882.0,35
201200026751,12,7,11,1945,1,2,2,1.0,3,35238,M,4811500.0,-166585.0,35
201200026752,12,7,13,850,1,2,1,1.0,6,35238,M,4810960.0,-170709.0,35
201200026753,12,7,13,1610,1,2,3,8.0,2,35238,M,4810450.0,-168450.0,35
201200026754,12,7,14,1315,1,2,1,1.0,2,35238,M,4810960.0,-168510.0,35
201200026755,12,7,14,1925,1,2,1,1.0,6,35238,M,4810990.0,-166370.0,35
201200026756,12,7,16,850,1,2,2,1.0,3,35238,M,4809810.0,-165565.0,35
201200026757,12,7,16,1245,1,2,5,1.0,7,35238,M,4807750.0,-169559.0,35
201200026758,12,7,16,1745,1,2,1,1.0,3,35238,M,4809690.0,-168905.0,35
201200026759,12,7,18,1200,1,2,2,1.0,3,35238,M,4812480.0,-166712.0,35
201200026760,12,7,19,1330,1,2,1,1.0,7,35238,M,4813030.0,-166366.0,35
201200026761,12,7,19,1610,1,2,2,1.0,3,35238,M,4811090.0,-168023.0,35
201200026762,12,7,23,740,1,2,1,1.0,3,35238,M,4812410.0,-166610.0,35
201200026763,12,7,25,900,1,2,2,1.0,6,35238,M,4810700.0,-167329.0,35
201200026764,12,7,25,1945,1,2,5,1.0,7,35238,M,4811030.0,-168628.0,35
201200026765,12,7,26,1400,1,2,6,1.0,3,35238,M,4808640.0,-166099.0,35
201200026766,12,7,27,1300,1,2,4,1.0,3,35055,M,,,35
201200026767,12,7,27,1600,1,2,5,1.0,2,35238,M,4807870.0,-169201.0,35
201200026768,12,7,27,1830,1,2,1,1.0,6,35238,M,4808700.0,-165092.0,35
201200026769,12,7,28,520,5,2,1,1.0,6,35238,M,4812900.0,-164536.0,35
201200026770,12,7,28,745,1,2,1,1.0,6,35238,M,4811170.0,-163762.0,35
201200026771,12,7,28,1515,1,2,1,1.0,6,35055,M,4808858.0,-162758.0,35
201200026772,12,8,1,145,5,2,1,1.0,6,35238,M,4811720.0,-168046.0,35
201200026773,12,8,1,852,1,2,1,1.0,7,35278,M,,,35
201200026774,12,8,2,800,1,2,9,1.0,6,35278,M,,,35
201200026775,12,8,2,1830,1,2,2,1.0,6,35238,M,4810930.0,-167632.0,35
201200026776,12,8,3,935,1,2,3,1.0,6,35238,M,4808969.0,-168457.0,35
201200026777,12,8,3,1222,1,2,5,1.0,7,35238,M,4811100.0,-167783.0,35
201200026778,12,8,3,2105,1,2,1,1.0,7,35238,M,4811980.0,-171585.0,35
201200026779,12,8,4,1300,1,2,1,1.0,2,35238,M,4814130.0,-162551.0,35
201200026780,12,8,4,1255,1,2,1,1.0,6,35278,M,,,35
201200026781,12,8,6,1235,1,2,3,1.0,3,35238,M,4812420.0,-170023.0,35
201200026782,12,8,6,1915,1,2,2,1.0,6,35238,M,4812350.0,-165962.0,35
201200026783,12,8,10,1030,1,2,9,1.0,7,35238,M,4808360.0,-168424.0,35
201200026784,12,8,13,1915,1,2,1,2.0,6,35206,M,4807880.0,-169316.0,35
201200026785,12,8,14,1525,1,2,1,1.0,3,35238,M,4809040.0,-168220.0,35
201200026786,12,8,14,1808,1,2,6,1.0,7,35278,M,4814432.0,-165695.0,35
201200026787,12,8,14,2305,5,2,2,1.0,3,35238,M,4810930.0,-167784.0,35
201200026788,12,8,14,2245,3,2,1,1.0,6,35238,M,4814230.0,-165345.0,35
201200026789,12,8,16,2335,5,2,1,1.0,2,35238,M,4811020.0,-167883.0,35
201200026790,12,8,18,1719,1,2,2,1.0,2,35238,M,4810980.0,-166565.0,35
201200026791,12,8,20,1425,1,2,2,1.0,2,35238,M,4810980.0,-166565.0,35
201200026792,12,8,21,140,5,2,1,1.0,6,35238,M,4812230.0,-168401.0,35
201200026793,12,8,21,1215,1,2,3,1.0,3,35238,M,4808130.0,-167858.0,35
201200026794,12,8,21,1520,1,2,2,1.0,6,35238,M,4809030.0,-169276.0,35
201200026795,12,8,21,1700,1,2,9,1.0,4,35238,M,4809040.0,-162982.0,35
201200026796,12,8,22,1158,1,2,5,1.0,3,35238,M,4812180.0,-166273.0,35
201200026797,12,8,22,1735,1,2,3,1.0,2,35238,M,4810190.0,-172762.0,35
201200026798,12,8,23,1,3,1,1,1.0,6,35278,M,,,35
201200026799,12,8,23,850,1,2,1,7.0,3,35238,M,4811030.0,-165658.0,35
201200026800,12,8,23,1800,1,2,1,1.0,2,35281,M,,,35
201200026801,12,8,25,1215,1,2,5,1.0,6,35238,M,4811980.0,-172024.0,35
201200026802,12,8,29,630,5,2,6,1.0,6,35238,M,4812710.0,-162886.0,35
201200026803,12,8,29,2220,5,2,1,1.0,7,35238,M,4810840.0,-168381.0,35
201200026804,12,8,30,1615,1,2,2,8.0,2,35238,M,4809210.0,-167485.0,35
201200026805,12,8,31,830,1,2,2,1.0,7,35238,M,4812890.0,-170338.0,35
201200026806,12,8,31,1950,1,2,1,1.0,7,35238,M,4807591.0,-167528.0,35
201200026807,12,9,1,1535,1,2,3,2.0,2,35238,M,4810910.0,-169733.0,35
201200026808,12,9,2,520,3,2,5,1.0,6,35238,M,4811009.0,-171828.0,35
201200026809,12,9,2,1400,1,2,1,1.0,7,35238,M,4812220.0,-165693.0,35
201200026810,12,9,3,1700,1,2,1,1.0,7,35238,M,4812840.0,-170326.0,35
201200026811,12,9,3,1815,1,2,1,1.0,3,35238,M,4810840.0,-167578.0,35
201200026812,12,9,3,1700,1,2,1,1.0,4,35238,M,4812330.0,-168174.0,35
201200026813,12,9,3,1815,1,2,2,1.0,3,35238,M,4808890.0,-167495.0,35
201200026814,12,9,4,915,1,2,6,1.0,7,35238,M,4812230.0,-163872.0,35
201200026815,12,9,4,1339,1,2,2,1.0,2,35238,M,4813140.0,-167262.0,35
201200026816,12,9,5,1450,1,2,2,1.0,3,35238,M,4812790.0,-165748.0,35
201200026817,12,9,5,1645,1,2,1,1.0,6,35238,M,4810410.0,-171454.0,35
201200026818,12,9,6,1150,1,2,2,1.0,3,35238,M,4810000.0,-168662.0,35
201200026819,12,9,6,1700,1,2,1,1.0,7,35238,M,4811090.0,-167944.0,35
201200026820,12,9,7,1715,1,2,3,1.0,3,35238,M,4810720.0,-172068.0,35
201200026821,12,9,7,2115,5,2,1,1.0,3,35238,M,4810060.0,-165061.0,35
201200026822,12,9,8,1420,1,2,3,1.0,3,35238,M,4810390.0,-167342.0,35
201200026823,12,9,8,2005,1,2,6,1.0,6,35238,M,4808750.0,-164492.0,35
201200026824,12,9,10,1920,1,2,1,1.0,4,35278,M,,,35
201200026825,12,9,10,1647,1,2,1,1.0,7,35281,M,,,35
201200026826,12,9,11,810,1,2,3,3.0,2,35238,M,4808570.0,-169302.0,35
201200026827,12,9,11,1045,1,2,5,1.0,3,35206,M,4807910.0,-169487.0,35
201200026828,12,9,12,946,1,2,3,2.0,7,35238,M,4810670.0,-165090.0,35
201200026829,12,9,12,1125,1,2,3,1.0,3,35238,M,4809350.0,-166771.0,35
201200026830,12,9,12,1640,1,2,6,2.0,2,35278,M,,,35
201200026831,12,9,14,1840,1,2,6,1.0,3,35238,M,4811390.0,-164089.0,35
201200026832,12,9,15,5,4,2,2,1.0,2,35238,M,4812260.0,-168421.0,35
201200026833,12,9,19,1735,1,2,5,1.0,3,35238,M,4811360.0,-167732.0,35
201200026834,12,9,20,830,1,2,5,1.0,3,35238,M,4808430.0,-164330.0,35
201200026835,12,9,20,1720,1,2,2,7.0,6,35238,M,4810740.0,-168037.0,35
201200026836,12,9,20,1904,1,2,3,1.0,3,35238,M,4811150.0,-170143.0,35
201200026837,12,9,20,1850,1,2,2,1.0,6,35238,M,4809740.0,-167515.0,35
201200026838,12,9,21,110,5,2,2,1.0,3,35238,M,4811450.0,-170009.0,35
201200026839,12,9,21,2025,5,2,1,1.0,7,35238,M,4811010.0,-166686.0,35
201200026840,12,9,21,2015,3,2,5,1.0,6,35238,M,4812020.0,-172229.0,35
201200026841,12,9,22,1700,1,2,1,1.0,6,35278,M,,,35
201200026842,12,9,24,915,1,2,1,8.0,2,35278,M,,,35
201200026843,12,9,24,810,1,2,2,8.0,3,35238,M,4811620.0,-166465.0,35
201200026844,12,9,24,1730,1,2,3,3.0,6,35238,M,4812450.0,-170926.0,35
201200026845,12,9,25,800,1,2,2,1.0,3,35238,M,4812320.0,-166279.0,35
201200026846,12,9,26,705,3,2,1,2.0,6,35278,M,4817193.0,-171479.0,35
201200026847,12,9,26,1700,1,2,1,2.0,4,35278,M,4814155.0,-166920.0,35
201200026848,12,9,27,1220,1,2,2,1.0,3,35238,M,4808130.0,-167858.0,35
201200026849,12,9,29,615,5,2,6,1.0,3,35238,M,4808990.0,-168194.0,35
201200026850,12,9,29,604,5,2,6,1.0,7,35238,M,4811620.0,-171648.0,35
201200026851,12,9,29,2155,5,2,2,1.0,3,35238,M,4809120.0,-164548.0,35
201200026852,12,10,2,1705,1,2,2,2.0,6,35238,M,4810510.0,-169225.0,35
201200026853,12,10,2,1650,1,2,1,2.0,6,35055,M,,,35
201200026854,12,10,2,1725,1,2,5,2.0,2,35238,M,4807880.0,-169290.0,35
201200026855,12,10,2,1830,1,2,1,2.0,3,35238,M,4813137.0,-169032.0,35
201200026856,12,10,2,2135,5,2,3,2.0,1,35238,M,4809770.0,-165937.0,35
201200026857,12,10,3,800,2,2,2,2.0,2,35238,M,4812850.0,-166419.0,35
201200026858,12,10,3,820,1,2,6,2.0,7,35238,M,4808380.0,-164300.0,35
201200026859,12,10,3,1245,1,2,2,8.0,3,35238,M,4811270.0,-169388.0,35
201200026860,12,10,3,2210,5,2,3,1.0,7,35238,M,4811510.0,-168795.0,35
201200026861,12,10,6,1305,1,2,3,2.0,1,35055,M,4808781.0,-162491.0,35
201200026862,12,10,7,1320,1,2,1,1.0,6,35238,M,4810170.0,-165550.0,35
201200026863,12,10,7,1625,1,2,2,1.0,6,35238,M,4810740.0,-167548.0,35
201200026864,12,10,7,2245,5,2,5,2.0,1,35238,M,4810240.0,-171512.0,35
201200026865,12,10,8,1520,1,2,2,3.0,3,35238,M,4809960.0,-171120.0,35
201200026866,12,10,8,1745,1,2,5,3.0,6,35238,M,4812180.0,-166273.0,35
201200026867,12,10,9,700,3,2,5,2.0,3,35238,M,4808010.0,-169497.0,35
201200026868,12,10,9,930,1,2,6,2.0,6,35055,M,,,35
201200026869,12,10,9,1715,1,2,1,8.0,3,35238,M,4808840.0,-163356.0,35
201200026870,12,10,11,955,1,2,6,2.0,3,35238,M,4809140.0,-166896.0,35
201200026871,12,10,11,1350,1,2,3,1.0,4,35238,M,4811230.0,-164353.0,35
201200026872,12,10,12,1555,1,2,3,2.0,3,35238,M,4810980.0,-169851.0,35
201200026873,12,10,12,1812,5,2,5,1.0,6,35238,M,4811640.0,-167416.0,35
201200026874,12,10,13,144,5,2,1,1.0,7,35238,M,4812140.0,-168650.0,35
201200026875,12,10,13,1130,1,2,6,2.0,3,35055,M,4807805.0,-163241.0,35
201200026876,12,10,13,2310,5,2,2,1.0,3,35238,M,4809360.0,-167109.0,35
201200026877,12,10,14,1135,1,2,6,7.0,3,35238,M,4809030.0,-166912.0,35
201200026878,12,10,15,800,3,2,1,1.0,4,35278,M,4815974.0,-170586.0,35
201200026879,12,10,17,605,5,2,2,2.0,3,35238,M,4809680.0,-168158.0,35
201200026880,12,10,17,820,1,2,1,2.0,7,35238,M,4809240.0,-165839.0,35
201200026881,12,10,17,830,1,2,1,8.0,6,35278,M,4813750.0,-170195.0,35
201200026882,12,10,18,1615,1,2,6,2.0,3,35238,M,4811750.0,-170466.0,35
201200026883,12,10,18,1735,1,2,1,2.0,4,35238,M,4808170.0,-164934.0,35
201200026884,12,10,19,415,5,2,2,2.0,3,35278,M,4814580.0,-168633.0,35
201200026885,12,10,19,747,5,2,2,2.0,6,35238,M,4812260.0,-168542.0,35
201200026886,12,10,19,920,1,2,3,2.0,3,35238,M,4812500.0,-170018.0,35
201200026887,12,10,19,1405,1,2,1,2.0,3,35238,M,4812803.0,-171248.0,35
201200026888,12,10,20,1125,1,2,2,1.0,6,35238,M,4808660.0,-167194.0,35
201200026889,12,10,20,1815,2,2,3,2.0,7,35238,M,4810500.0,-167754.0,35
201200026890,12,10,22,755,5,2,1,2.0,7,35238,M,4812620.0,-166562.0,35
201200026891,12,10,22,1710,1,2,2,8.0,6,35238,M,4812420.0,-168490.0,35
201200026892,12,10,23,1127,1,2,1,1.0,4,35278,M,4813536.0,-169170.0,35
201200026893,12,10,23,1010,1,2,1,1.0,6,35278,M,4814079.0,-168531.0,35
201200026894,12,10,24,930,1,2,1,1.0,3,35238,M,4811640.0,-169669.0,35
201200026895,12,10,24,1055,1,2,1,1.0,3,35238,M,4810620.0,-169311.0,35
201200026896,12,10,25,740,4,2,1,1.0,6,35238,M,4810320.0,-169412.0,35
201200026897,12,10,25,815,1,2,1,1.0,4,35278,M,4816740.0,-171154.0,35
201200026898,12,10,27,1730,1,2,3,7.0,6,35238,M,4812060.0,-167206.0,35
201200026899,12,10,27,2205,5,2,6,1.0,6,35278,M,4813611.0,-169277.0,35
201200026900,12,10,29,115,3,2,1,1.0,6,35281,M,,,35
201200026901,12,10,29,1015,1,2,1,1.0,3,35238,M,4809014.0,-170471.0,35
201200026902,12,10,30,1030,1,2,3,1.0,6,35238,M,4810610.0,-166727.0,35
201200026903,12,10,30,1450,1,2,5,1.0,4,35238,M,4808050.0,-167927.0,35
201200026904,12,11,2,1555,1,2,1,1.0,4,35238,M,4813196.0,-170844.0,35
201200026905,12,11,2,1900,5,2,2,8.0,5,35055,M,,,35
201200026906,12,11,4,715,5,2,2,1.0,3,35238,M,4809120.0,-164548.0,35
201200026907,12,11,5,1010,1,2,1,1.0,4,35238,M,4808010.0,-168077.0,35
201200026908,12,11,5,1950,5,2,1,1.0,7,35281,M,4808933.0,-169333.0,35
201200026909,12,11,8,1050,1,2,1,1.0,6,35238,M,4810784.0,-168175.0,35
201200026910,12,11,8,1035,1,2,1,1.0,3,35238,M,4810870.0,-169399.0,35
201200026911,12,11,11,125,5,2,1,1.0,3,35238,M,4809370.0,-163329.0,35
201200026912,12,11,12,1150,1,1,1,3.0,7,35278,M,,,35
201200026913,12,11,13,1220,1,2,6,1.0,3,35238,M,4809900.0,-168427.0,35
201200026914,12,11,13,1530,1,2,1,1.0,6,35238,M,4811460.0,-165026.0,35
201200026915,12,11,13,1800,5,2,1,1.0,6,35278,M,,,35
201200026916,12,11,14,1110,1,2,3,1.0,2,35238,M,4810790.0,-168201.0,35
201200026917,12,11,14,1315,1,2,3,1.0,6,35238,M,4810455.0,-168447.0,35
201200026918,12,11,14,1430,1,2,6,1.0,4,35278,M,,,35
201200026919,12,11,14,1540,1,2,1,1.0,6,35238,M,4811510.0,-165751.0,35
201200026920,12,11,15,1250,1,2,4,1.0,2,35238,M,4812140.0,-168299.0,35
201200026921,12,11,17,1020,1,2,5,1.0,3,35238,M,4810570.0,-166601.0,35
201200026922,12,11,17,1115,1,2,5,1.0,6,35238,M,4808120.0,-166721.0,35
201200026923,12,11,17,1624,1,2,1,2.0,3,35238,M,4810490.0,-165042.0,35
201200026924,12,11,19,1535,1,2,2,1.0,3,35238,M,4813460.0,-165907.0,35
201200026925,12,11,19,1800,3,1,1,1.0,2,35281,M,4810140.0,-171558.0,35
201200026926,12,11,20,1715,5,2,2,1.0,3,35238,M,4811090.0,-169270.0,35
201200026927,12,11,21,830,2,2,2,1.0,3,35238,M,4810290.0,-165321.0,35
201200026928,12,11,21,2100,5,2,1,1.0,6,35238,M,4808190.0,-167627.0,35
201200026929,12,11,22,1225,1,2,1,1.0,6,35238,M,4812040.0,-169980.0,35
201200026930,12,11,22,1800,5,2,3,1.0,3,35238,M,4810350.0,-165157.0,35
201200026931,12,11,23,425,5,2,3,2.0,6,35238,M,4810820.0,-168013.0,35
201200026932,12,11,23,1625,1,2,3,2.0,6,35238,M,4808940.0,-164236.0,35
201200026933,12,11,23,1925,5,2,3,3.0,3,35238,M,4811170.0,-165605.0,35
201200026934,12,11,24,110,5,2,1,1.0,6,35238,M,4810520.0,-167282.0,35
201200026935,12,11,24,1150,1,2,3,2.0,6,35238,M,4811680.0,-169052.0,35
201200026936,12,11,24,2140,5,2,3,2.0,3,35055,M,,,35
201200026937,12,11,24,2250,5,2,3,2.0,6,35238,M,4808360.0,-167197.0,35
201200026938,12,11,25,610,5,2,2,1.0,6,35238,M,4810740.0,-167201.0,35
201200026939,12,11,26,735,3,2,1,2.0,7,35278,M,4813931.0,-169832.0,35
201200026940,12,11,26,1410,1,2,1,8.0,2,35278,M,4813886.0,-169902.0,35
201200026941,12,11,26,1845,3,2,5,1.0,4,35238,M,4810940.0,-171783.0,35
201200026942,12,11,27,810,2,2,1,2.0,2,35238,M,4808120.0,-166707.0,35
201200026943,12,11,27,1640,1,2,1,8.0,7,35238,M,4812820.0,-163917.0,35
201200026944,12,11,28,1100,1,2,3,8.0,3,35238,M,4813330.0,-169293.0,35
201200026945,12,11,30,45,3,2,1,6.0,6,35278,M,4812681.0,-171371.0,35
201200026946,12,11,30,900,1,2,3,1.0,7,35238,M,4812830.0,-163629.0,35