Num_Acc,an,mois,jour,hrmn,lum,agg,int,atm,col,com,gps,lat,long,dep
201200026947,12,12,1,550,3,2,4,5.0,6,35238,M,4809080.0,-173891.0,35
201200026948,12,12,2,230,5,2,1,2.0,7,35238,M,4811410.0,-168228.0,35
201200026949,12,12,2,1020,1,2,1,1.0,6,35278,M,,,35
201200026950,12,12,2,1320,1,2,1,1.0,6,35278,M,4814068.0,-169029.0,35
201200026951,12,12,3,1845,5,2,2,3.0,6,35238,M,4808890.0,-167431.0,35
201200026952,12,12,3,2212,5,2,1,3.0,7,35278,M,,,35
201200026953,12,12,4,800,1,2,2,2.0,3,35055,M,,,35
201200026954,12,12,4,1140,1,2,1,8.0,6,35238,M,4808820.0,-164467.0,35
201200026955,12,12,5,1400,1,2,3,1.0,3,35238,M,4808950.0,-163529.0,35
201200026956,12,12,5,1350,1,2,3,3.0,3,35238,M,,,35
201200026957,12,12,5,1815,5,2,3,2.0,6,35238,M,4812980.0,-168887.0,35
201200026958,12,12,6,1430,1,2,2,1.0,4,35238,M,4809470.0,-169023.0,35
201200026959,12,12,7,445,5,2,2,8.0,3,35238,M,4810890.0,-169294.0,35
201200026960,12,12,7,1815,3,2,5,1.0,3,35238,M,4808060.0,-169513.0,35
201200026961,12,12,7,1827,5,2,1,2.0,2,35238,M,4809900.0,-167561.0,35
201200026962,12,12,8,650,4,2,2,2.0,6,35238,M,4811230.0,-168725.0,35
201200026963,12,12,8,1240,1,2,3,1.0,3,35238,M,4809950.0,-168647.0,35
201200026964,12,12,8,1647,2,2,9,8.0,6,35055,M,,,35
201200026965,12,12,8,1930,5,2,1,1.0,4,35238,M,4810510.0,-169962.0,35
201200026966,12,12,10,1240,1,2,1,1.0,2,35278,M,,,35
201200026967,12,12,10,1340,1,2,1,7.0,6,35238,M,4810414.0,-168431.0,35
201200026968,12,12,10,1315,1,2,1,1.0,7,35278,M,4815480.0,-169666.0,35
201200026969,12,12,13,825,3,2,6,8.0,6,35281,M,,,35
201200026970,12,12,13,1150,1,2,1,8.0,2,35238,M,4811400.0,-165961.0,35
201200026971,12,12,13,1805,5,2,3,8.0,6,35238,M,4809290.0,-166841.0,35
201200026972,12,12,14,1310,1,2,3,8.0,3,35238,M,4810090.0,-171158.0,35
201200026973,12,12,15,1150,1,2,5,7.0,6,35238,M,4807890.0,-169390.0,35
201200026974,12,12,15,1300,1,2,1,3.0,7,35278,M,,,35
201200026975,12,12,15,1620,1,2,1,1.0,4,35278,M,4813155.0,-170882.0,35
201200026976,12,12,16,1830,5,2,1,1.0,3,35281,M,,,35
201200026977,12,12,17,745,5,2,2,8.0,3,35238,M,4811010.0,-168622.0,35
201200026978,12,12,18,825,4,2,1,1.0,4,35281,M,,,35
201200026979,12,12,18,950,1,2,5,1.0,6,35238,M,4812180.0,-166273.0,35
201200026980,12,12,19,710,5,2,1,2.0,6,35238,M,4808750.0,-164352.0,35
201200026981,12,12,19,820,5,2,1,2.0,6,35238,M,4810840.0,-165316.0,35
201200026982,12,12,19,1035,1,2,1,2.0,6,35238,M,4811830.0,-168925.0,35
201200026983,12,12,20,1935,5,2,1,1.0,6,35278,M,,,35
201200026984,12,12,20,2010,5,2,3,1.0,6,35238,M,4810740.0,-167608.0,35
201200026985,12,12,21,1950,5,2,2,1.0,3,35238,M,4808660.0,-167193.0,35
201200026986,12,12,23,1225,1,2,6,2.0,7,35238,M,4810400.0,-165002.0,35
201200026987,12,12,24,1755,5,2,3,1.0,7,35238,M,4811050.0,-169274.0,35
201200026988,12,12,26,1426,1,2,6,1.0,7,35238,M,4813250.0,-169079.0,35
201200026989,12,12,28,1915,5,2,1,1.0,6,35281,M,,,35
201200026990,12,12,31,800,4,2,5,1.0,7,35238,M,4808040.0,-169684.0,35
201200026991,12,12,27,805,2,2,1,1.0,6,35238,M,4808720.0,-167497.0,35
201200026992,12,1,10,1825,5,2,1,1.0,3,35288,M,4861513.0,-195884.0,35
201200026993,12,2,26,1145,1,2,9,1.0,6,35288,M,4865108.0,-202107.0,35
201200026994,12,3,14,1915,1,1,1,1.0,7,35093,M,,,35
201200026995,12,3,26,2045,5,2,1,1.0,7,35093,M,,,35
201200026996,12,4,25,1205,1,2,3,1.0,3,35288,M,4865092.0,-200824.0,35
201200026997,12,5,5,640,2,2,1,1.0,6,35043,M,,,35
201200026998,12,5,12,1516,1,1,3,1.0,3,35288,M,4865418.0,-195263.0,35
201200026999,12,5,30,1804,1,2,3,1.0,3,35241,M,4860501.0,-203325.0,35
201200027000,12,4,20,745,1,2,3,1.0,3,35288,M,4864926.0,-199158.0,35
201200027001,12,6,18,1612,1,2,1,1.0,3,35288,M,4863627.0,-200909.0,35
201200027002,12,6,6,1500,1,2,1,1.0,6,35288,M,4863662.0,-201512.0,35
201200027003,12,7,1,2256,3,2,3,1.0,3,35093,M,4862680.0,-205596.0,35
201200027004,12,7,17,810,1,2,6,1.0,3,35288,M,,,35
201200027005,12,7,24,1030,1,2,6,1.0,6,35288,M,4864732.0,-200868.0,35
201200027006,12,7,30,1325,1,2,6,1.0,3,35288,M,4864187.0,-199400.0,35
201200027007,12,8,8,2145,2,2,1,1.0,7,35288,M,4864932.0,-200731.0,35
201200027008,12,8,19,1145,1,2,1,1.0,7,35288,M,,,35
201200027009,12,8,3,2255,3,1,9,1.0,5,35288,M,4861715.0,-200771.0,35
201200027010,12,9,12,1305,1,2,2,1.0,6,35288,M,4865409.0,-200948.0,35
201200027011,12,9,16,1721,1,1,1,1.0,4,35093,M,,,35
201200027012,12,9,18,1700,1,2,6,1.0,3,35288,M,4863992.0,-200870.0,35
201200027013,12,9,29,1055,1,2,2,1.0,3,35093,M,4863061.0,-206378.0,35
201200027014,12,10,3,1217,1,2,2,3.0,6,35288,M,4865882.0,-197588.0,35
201200027015,12,10,11,1230,1,2,1,1.0,6,35093,M,4863163.0,-205890.0,35
201200027016,12,10,16,1315,1,2,1,1.0,2,35288,M,4864617.0,-199492.0,35
201200027017,12,10,21,1911,5,2,1,1.0,6,35288,M,4865681.0,-199919.0,35
201200027018,12,11,4,1553,1,2,1,3.0,6,35288,M,4864819.0,-199097.0,35
201200027019,12,11,9,1619,1,2,6,1.0,2,35288,M,4864090.0,-199022.0,35
201200027020,12,11,28,1400,1,2,6,1.0,6,35288,M,,,35
201200027021,12,11,30,2344,5,2,9,1.0,3,35288,M,4863488.0,-200827.0,35
201200027022,12,12,11,1235,1,2,3,1.0,2,35288,M,4864875.0,-199226.0,35
201200027023,12,12,28,1828,5,2,6,1.0,2,35288,M,,,35
201200027024,12,11,17,2220,5,2,1,2.0,7,36202,M,,,36
201200027025,12,12,27,1345,1,1,1,8.0,1,36202,M,4676280.0,163557.0,36
201200027026,12,1,1,720,2,2,1,2.0,7,36044,M,4681080.0,169127.0,36
201200027027,12,1,2,1200,1,2,6,1.0,2,36202,M,4677570.0,164841.0,36
201200027028,12,1,17,1620,1,2,1,1.0,6,36044,M,4681010.0,172435.0,36
201200027029,12,1,13,2130,5,2,3,1.0,3,36159,M,4676480.0,172626.0,36
201200027030,12,1,11,105,5,2,1,1.0,7,36044,M,4681220.0,169419.0,36
201200027031,12,2,22,1237,1,2,1,1.0,3,36044,M,4681760.0,169704.0,36
201200027032,12,1,20,1330,1,1,3,1.0,7,36159,M,4671590.0,174208.0,36
201200027033,12,1,14,1326,1,1,1,1.0,7,36202,M,4677150.0,166131.0,36
201200027034,12,1,16,905,1,2,1,1.0,2,36044,M,4680520.0,171229.0,36
201200027035,12,3,16,1430,1,2,3,1.0,3,36044,M,4680310.0,170622.0,36
201200027036,12,1,16,1540,1,2,3,1.0,3,36044,M,4680350.0,167690.0,36
201200027037,12,1,16,1742,5,2,1,1.0,6,36044,M,4680670.0,170916.0,36
201200027038,12,1,21,1610,1,1,1,1.0,2,36202,M,4677150.0,166125.0,36
201200027039,12,1,23,854,1,2,3,8.0,3,36044,M,4680730.0,170789.0,36
201200027040,12,4,21,1520,1,1,1,4.0,6,36063,M,4683270.0,171969.0,36
201200027041,12,5,7,1255,1,2,2,1.0,3,36044,M,4680720.0,168573.0,36
201200027042,12,1,27,1229,1,2,2,1.0,3,36044,M,4680070.0,171619.0,36
201200027043,12,1,28,1750,5,2,1,1.0,5,36202,M,4678930.0,165870.0,36
201200027044,12,1,30,630,5,2,3,1.0,2,36044,M,4681170.0,170651.0,36
201200027045,12,2,1,1057,1,2,1,1.0,6,36044,M,4680780.0,167705.0,36
201200027046,12,6,22,425,3,2,1,1.0,1,36044,M,4679550.0,172400.0,36
201200027047,12,7,12,1547,1,2,2,1.0,2,36044,M,4680420.0,169103.0,36
201200027048,12,7,17,115,5,2,1,1.0,7,36044,M,4680290.0,166410.0,36
201200027049,12,7,28,2121,3,1,1,1.0,7,36202,M,4681450.0,160890.0,36
201200027050,12,8,7,1615,1,2,2,1.0,1,36044,M,4680340.0,165269.0,36
201200027051,12,8,6,900,1,2,6,8.0,6,36044,M,4681080.0,170081.0,36
201200027052,12,8,4,27,5,2,2,1.0,3,36044,M,4679310.0,171053.0,36
201200027053,12,9,7,735,1,2,4,1.0,3,36159,M,4676670.0,171641.0,36
201200027054,12,8,10,2140,5,2,1,1.0,1,36044,M,4680920.0,171266.0,36
201200027055,12,9,16,1615,1,1,6,1.0,6,36063,M,4685150.0,170119.0,36
201200027056,12,9,8,1800,1,2,6,1.0,3,36044,M,4681420.0,169588.0,36
201200027057,12,9,25,750,1,2,2,8.0,3,36044,M,4680510.0,169770.0,36
201200027058,12,9,19,1500,1,2,1,1.0,3,36044,M,4680780.0,167602.0,36
201200027059,12,8,18,2110,5,2,1,1.0,7,36044,M,4680640.0,169284.0,36
201200027060,12,9,7,1755,1,2,1,1.0,3,36044,M,4681600.0,168714.0,36
201200027061,12,2,23,815,1,2,6,8.0,3,36044,M,4679310.0,171117.0,36
201200027062,12,2,23,1905,3,1,1,1.0,7,36159,M,4676620.0,170606.0,36
201200027063,12,10,4,845,1,1,1,1.0,3,36202,M,4678060.0,165285.0,36
201200027064,12,2,24,445,5,2,1,1.0,6,36044,M,4682010.0,169737.0,36
201200027065,12,2,24,2215,3,1,1,8.0,7,36202,M,4677140.0,166174.0,36
201200027066,12,2,25,805,1,2,3,1.0,2,36044,M,4678800.0,170369.0,36
201200027067,12,2,27,1752,1,1,1,1.0,3,36202,M,4679050.0,160983.0,36
201200027068,12,11,6,2045,3,1,1,1.0,6,36044,M,4680250.0,174098.0,36
201200027069,12,10,13,20,3,1,1,2.0,7,36202,M,,,36
201200027070,12,2,29,1612,1,2,1,1.0,6,36044,M,4681350.0,169680.0,36
201200027071,12,11,17,140,3,1,1,1.0,7,36044,M,4682000.0,172653.0,36
201200027072,12,12,17,1655,2,1,3,8.0,3,36044,M,4678570.0,169052.0,36
201200027073,12,3,8,605,5,2,2,1.0,3,36044,M,4680430.0,169179.0,36
201200027074,12,12,21,1900,3,1,1,2.0,1,36202,M,4677190.0,165673.0,36
201200027075,12,3,13,1250,1,2,1,1.0,3,36159,M,4679860.0,173943.0,36
201200027076,12,3,14,1010,1,2,1,1.0,4,36044,M,4680260.0,171790.0,36
201200027077,12,3,16,1130,1,2,1,1.0,7,36044,M,4680310.0,169511.0,36
201200027078,12,3,17,915,1,2,1,8.0,6,36063,M,4685210.0,170736.0,36
201200027079,12,3,17,1726,1,2,2,1.0,3,36044,M,4680540.0,168572.0,36
201200027080,12,3,18,335,5,2,1,1.0,6,36044,M,4681810.0,169696.0,36
201200027081,12,3,24,1624,1,2,1,1.0,6,36044,M,4681000.0,170238.0,36
201200027082,12,3,28,908,1,2,1,1.0,3,36044,M,4680950.0,170330.0,36
201200027083,12,3,31,1935,1,2,3,1.0,3,36044,M,4681670.0,170924.0,36
201200027084,12,4,4,1407,1,1,2,1.0,3,36159,M,4677940.0,170720.0,36
201200027085,12,4,10,2015,2,1,1,8.0,7,36159,M,4676250.0,168021.0,36
201200027086,12,4,16,1146,1,2,7,1.0,6,36044,M,4681660.0,168407.0,36
201200027087,12,4,17,1323,1,1,1,8.0,6,36202,M,4679160.0,159612.0,36
201200027088,12,4,18,1303,1,1,1,1.0,7,36044,M,4679880.0,173123.0,36
201200027089,12,4,18,1710,1,2,2,8.0,3,36159,M,4676350.0,171485.0,36
201200027090,12,4,25,1447,1,2,4,1.0,1,36063,M,4683200.0,170213.0,36
201200027091,12,4,26,534,5,2,1,2.0,3,36063,M,4682860.0,170071.0,36
201200027092,12,4,29,1402,1,2,3,1.0,3,36044,M,4681670.0,170856.0,36
201200027093,12,5,2,1430,1,2,1,1.0,6,36044,M,4680270.0,171661.0,36
201200027094,12,5,5,1516,1,2,2,2.0,3,36044,M,4678870.0,169131.0,36
201200027095,12,5,12,350,3,2,2,1.0,3,36044,M,4680240.0,165476.0,36
201200027096,12,5,14,1532,1,1,1,1.0,7,36159,M,4673610.0,172889.0,36
201200027097,12,5,15,1152,1,2,2,1.0,1,36044,M,4680670.0,169378.0,36
201200027098,12,5,24,1918,1,2,1,1.0,6,36044,M,4680560.0,168336.0,36
201200027099,12,5,26,1117,1,2,1,1.0,2,36044,M,4681830.0,168793.0,36
201200027100,12,5,28,355,3,2,1,1.0,7,36044,M,4680980.0,169209.0,36
201200027101,12,5,30,1656,1,1,6,1.0,7,36063,M,4682040.0,173602.0,36
201200027102,12,5,30,1745,1,2,1,1.0,6,36044,M,4679860.0,169739.0,36
201200027103,12,5,30,1750,1,2,2,1.0,3,36159,M,4676350.0,171486.0,36
201200027104,12,6,2,2150,2,2,1,1.0,2,36044,M,4682070.0,170021.0,36
201200027105,12,6,7,1855,1,1,1,1.0,3,36063,M,4681150.0,174335.0,36
201200027106,12,6,8,1640,1,2,3,8.0,2,36044,M,4680330.0,169917.0,36
201200027107,12,6,9,911,1,2,2,1.0,6,36159,M,4676350.0,169589.0,36
201200027108,12,6,11,1758,1,2,1,1.0,2,36044,M,4681770.0,168392.0,36
201200027109,12,6,13,1857,1,2,6,1.0,7,36202,M,4678870.0,165987.0,36
201200027110,12,6,17,420,5,2,2,1.0,3,36044,M,4680870.0,170409.0,36
201200027111,12,6,17,1535,1,2,1,1.0,3,36063,M,4682670.0,170043.0,36
201200027112,12,6,23,1945,1,1,1,1.0,5,36063,M,4682270.0,173278.0,36
201200027113,12,6,27,1735,1,2,1,1.0,3,36044,M,4679850.0,166795.0,36
201200027114,12,6,28,1600,1,2,3,1.0,3,36044,M,4681030.0,170511.0,36
201200027115,12,6,28,2055,1,2,1,1.0,7,36202,M,4680330.0,163447.0,36
201200027116,12,6,29,938,1,2,1,1.0,6,36044,M,4681540.0,169610.0,36
201200027117,12,7,2,1930,1,1,3,1.0,2,36159,M,4677110.0,168523.0,36
201200027118,12,7,5,1630,1,2,1,1.0,4,36044,M,4680600.0,170989.0,36
201200027119,12,7,7,1820,1,2,1,1.0,6,36063,M,4685990.0,167632.0,36
201200027120,12,7,14,949,1,2,2,1.0,3,36044,M,4679310.0,171053.0,36
201200027121,12,7,14,2055,1,2,1,1.0,2,36044,M,4681870.0,167528.0,36
201200027122,12,7,24,841,1,1,1,1.0,3,36063,M,4680790.0,174543.0,36
201200027123,12,7,25,1447,1,2,1,1.0,7,36063,M,4682740.0,170507.0,36
201200027124,12,7,25,1500,1,1,1,1.0,7,36202,M,4677900.0,165136.0,36
201200027125,12,7,28,1812,1,2,3,1.0,3,36044,M,4679580.0,169476.0,36
201200027126,12,8,8,1959,1,2,2,1.0,7,36044,M,4681970.0,171011.0,36
201200027127,12,8,17,1850,1,2,1,1.0,3,36044,M,4680650.0,167484.0,36
201200027128,12,8,18,1535,1,1,1,1.0,6,36202,M,,,36
201200027129,12,8,19,315,5,1,1,1.0,7,36202,M,,,36
201200027130,12,8,30,1414,1,1,6,1.0,6,36063,M,4685220.0,170065.0,36
201200027131,12,8,30,2010,3,2,1,1.0,6,36044,M,4681650.0,168002.0,36
201200027132,12,9,6,1504,1,2,6,1.0,3,36159,M,4679680.0,173002.0,36
201200027133,12,9,9,730,2,2,6,1.0,7,36063,M,4685150.0,170119.0,36
201200027134,12,9,10,924,1,2,1,1.0,6,36044,M,4681210.0,169786.0,36
201200027135,12,9,10,1712,1,2,1,1.0,7,36044,M,4680260.0,167554.0,36
201200027136,12,9,11,2100,2,2,1,1.0,7,36044,M,4678470.0,167614.0,36
201200027137,12,9,15,640,2,2,1,1.0,7,36063,M,4682570.0,169964.0,36
201200027138,12,9,15,2235,5,2,1,1.0,6,36202,M,,,36
201200027139,12,9,20,1805,1,2,1,1.0,2,36044,M,4681190.0,168472.0,36
201200027140,12,9,23,1328,1,2,1,1.0,6,36044,M,4679910.0,168888.0,36
201200027141,12,9,25,1026,1,1,1,1.0,3,36063,M,4685220.0,170072.0,36
201200027142,12,9,25,1215,1,2,1,1.0,7,36044,M,4680820.0,169425.0,36
201200027143,12,9,26,1641,1,2,1,1.0,7,36044,M,4682000.0,171256.0,36
201200027144,12,9,27,1803,1,2,1,1.0,3,36044,M,4681970.0,169644.0,36
201200027145,12,9,28,1922,1,2,1,1.0,3,36044,M,4680180.0,169590.0,36
201200027146,12,10,3,855,1,1,1,1.0,2,36063,M,4682050.0,173672.0,36
201200027147,12,10,5,1101,1,2,1,1.0,3,36044,M,4680890.0,170500.0,36
201200027148,12,10,5,2300,5,2,3,1.0,3,36063,M,4683190.0,170279.0,36
201200027149,12,10,8,1036,1,2,1,2.0,6,36044,M,4679940.0,171472.0,36
201200027150,12,10,8,1610,1,1,1,2.0,6,36044,M,4679170.0,171201.0,36
201200027151,12,10,10,1912,5,2,3,2.0,3,36044,M,4681670.0,170916.0,36
201200027152,12,10,11,1508,1,2,1,2.0,6,36044,M,4680440.0,167389.0,36
201200027153,12,10,12,1610,1,2,3,1.0,3,36044,M,4680780.0,170722.0,36
201200027154,12,10,13,1520,1,2,6,8.0,3,36044,M,4679310.0,171111.0,36
201200027155,12,10,19,1254,1,2,1,1.0,7,36044,M,4681110.0,168361.0,36
201200027156,12,10,19,1313,1,2,1,8.0,3,36044,M,4680580.0,168862.0,36
201200027157,12,10,22,1528,1,2,1,1.0,6,36044,M,4679640.0,170750.0,36
201200027158,12,10,22,1620,1,2,3,1.0,3,36063,M,4682690.0,170444.0,36
201200027159,12,10,22,2245,3,1,1,1.0,7,36159,M,4676260.0,167888.0,36
201200027160,12,10,23,855,1,2,1,1.0,3,36044,M,4680970.0,169528.0,36
201200027161,12,10,23,1340,1,2,1,1.0,2,36044,M,4679310.0,169972.0,36
201200027162,12,10,24,305,5,2,1,1.0,7,36044,M,4681640.0,171472.0,36
201200027163,12,10,25,750,1,2,1,8.0,2,36044,M,4681280.0,171999.0,36
201200027164,12,10,27,1615,1,2,6,1.0,5,36044,M,4680810.0,167694.0,36
201200027165,12,10,28,1517,1,1,1,1.0,3,36063,M,4684810.0,167132.0,36
201200027166,12,11,2,1500,1,1,1,3.0,7,36044,M,4679710.0,163606.0,36
201200027167,12,11,3,1750,1,2,1,1.0,1,36044,M,4679530.0,166444.0,36
201200027168,12,11,3,2245,5,2,1,1.0,7,36044,M,4680080.0,167015.0,36
201200027169,12,11,6,315,3,1,1,1.0,7,36202,M,4678130.0,165340.0,36
201200027170,12,11,13,1819,3,1,6,1.0,4,36063,M,4682040.0,173602.0,36
201200027171,12,11,14,1200,1,1,1,1.0,7,36202,M,,,36
201200027172,12,11,15,1840,3,1,1,5.0,6,36202,M,4682900.0,162614.0,36
201200027173,12,11,16,1553,1,2,1,1.0,2,36044,M,4681360.0,169594.0,36
201200027174,12,11,22,1450,1,2,1,1.0,7,36044,M,4680620.0,167481.0,36
201200027175,12,11,27,1700,1,2,1,1.0,3,36044,M,4681400.0,170186.0,36
201200027176,12,12,3,415,5,2,1,1.0,7,36044,M,4681820.0,169752.0,36
201200027177,12,12,3,1829,5,2,1,1.0,2,36044,M,4678870.0,166012.0,36
201200027178,12,12,6,1145,1,2,1,1.0,3,36044,M,4679590.0,169620.0,36
201200027179,12,12,6,1740,4,1,1,1.0,4,36063,M,4682040.0,173590.0,36
201200027180,12,12,13,855,1,2,1,8.0,6,36044,M,4680310.0,170272.0,36
201200027181,12,12,14,1329,1,2,2,2.0,3,36044,M,4681290.0,168808.0,36
201200027182,12,12,18,620,2,2,1,2.0,7,36044,M,4681810.0,168768.0,36
201200027183,12,12,19,1818,2,2,1,1.0,7,36044,M,4681010.0,168588.0,36
201200027184,12,12,20,1115,1,2,1,1.0,7,36044,M,4679780.0,171054.0,36
201200027185,12,12,21,1844,2,2,1,1.0,7,36044,M,4681520.0,168588.0,36
201200027186,12,12,26,2335,3,1,1,2.0,7,36159,M,4673840.0,171564.0,36
201200027187,12,12,28,1355,1,1,1,8.0,1,36202,M,4677190.0,165673.0,36
201200027188,12,12,28,1738,5,2,1,1.0,7,36044,M,4680350.0,170239.0,36
201200027189,12,12,28,1746,2,2,1,1.0,6,36044,M,4681230.0,169700.0,36
201200027190,12,12,29,445,4,2,1,1.0,7,36044,M,4680830.0,168839.0,36
201200027191,12,12,31,1431,1,2,1,1.0,7,36044,M,4680540.0,169685.0,36
201200027192,12,1,6,234,5,2,1,1.0,7,37261,M,,,37
201200027193,12,1,12,2235,5,2,3,1.0,3,37261,M,,,37
201200027194,12,1,21,225,3,2,1,2.0,7,37122,M,,,37
201200027195,12,1,21,2155,5,2,2,8.0,2,37261,M,,,37
201200027196,12,1,22,2030,3,2,1,1.0,6,37122,M,,,37
201200027197,12,2,16,145,5,2,1,1.0,6,37261,M,,,37
201200027198,12,2,28,2240,5,2,2,1.0,3,37261,M,,,37
201200027199,12,2,29,235,5,2,1,1.0,7,37261,M,,,37
201200027200,12,3,3,25,5,2,2,1.0,3,37261,M,,,37
201200027201,12,3,13,130,5,2,1,1.0,6,37261,M,,,37
201200027202,12,3,23,345,5,2,1,1.0,7,37122,M,,,37
201200027203,12,3,29,2300,5,2,2,1.0,3,37261,M,,,37
201200027204,12,3,30,2100,2,2,1,1.0,2,37261,M,,,37
201200027205,12,4,1,2247,5,2,2,1.0,3,37261,M,,,37
201200027206,12,4,5,5,5,2,1,1.0,7,37261,M,,,37
201200027207,12,4,14,2330,5,2,1,2.0,7,37261,M,,,37
201200027208,12,4,21,2211,5,2,2,1.0,3,37261,M,,,37
201200027209,12,4,25,2320,5,2,1,8.0,7,37122,M,,,37
201200027210,12,4,29,2340,5,2,5,1.0,3,37122,M,,,37
201200027211,12,5,6,250,5,2,1,2.0,1,37261,M,,,37
201200027212,12,5,18,2150,5,2,1,1.0,6,37261,M,,,37
201200027213,12,5,20,15,5,2,1,1.0,7,37261,M,,,37
201200027214,12,5,20,2145,5,2,6,8.0,7,37261,M,,,37
201200027215,12,5,21,2135,5,2,2,2.0,3,37261,M,,,37
201200027216,12,5,27,2050,1,2,1,1.0,7,37261,M,,,37
201200027217,12,6,2,435,5,2,1,1.0,6,37214,M,,,37
201200027218,12,6,3,2320,5,2,1,1.0,6,37261,M,,,37
201200027219,12,6,14,1024,1,2,1,1.0,6,37233,M,,,37
201200027220,12,6,9,415,5,2,2,1.0,1,37261,M,,,37
201200027221,12,6,9,2300,5,2,1,1.0,6,37261,M,,,37
201200027222,12,6,15,2135,5,2,3,2.0,2,37233,M,,,37
201200027223,12,6,22,425,2,2,1,1.0,2,37261,M,,,37
201200027224,12,1,2,1250,1,2,3,1.0,2,37233,M,,,37
201200027225,12,1,3,1915,5,2,3,2.0,6,37261,M,,,37
201200027226,12,1,4,1140,1,2,2,1.0,3,37233,M,,,37
201200027227,12,1,10,800,5,2,1,1.0,3,37195,M,,,37
201200027228,12,1,11,800,5,2,1,1.0,6,37261,M,,,37
201200027229,12,1,16,850,1,2,2,1.0,3,37261,M,,,37
201200027230,12,1,17,1200,1,2,2,1.0,7,37261,M,,,37
201200027231,12,1,20,2020,5,2,2,1.0,3,37261,M,,,37
201200027232,12,1,21,1825,5,2,2,1.0,2,37208,M,,,37
201200027233,12,1,27,1650,1,2,3,1.0,6,37261,M,,,37
201200027234,12,1,27,1750,2,2,1,1.0,3,37214,M,,,37
201200027235,12,2,1,1500,1,2,1,1.0,7,37261,M,,,37
201200027236,12,2,1,1640,1,2,2,1.0,6,37261,M,,,37
201200027237,12,2,1,1835,5,2,3,1.0,3,37261,M,,,37
201200027238,12,2,3,725,5,2,2,1.0,3,37233,M,,,37
201200027239,12,2,3,955,1,2,1,1.0,2,37233,M,,,37
201200027240,12,2,10,1005,1,2,2,4.0,6,37261,M,,,37
201200027241,12,1,4,1305,1,2,3,1.0,7,37261,M,,,37
201200027242,12,1,18,735,5,2,1,1.0,7,37261,M,,,37
201200027243,12,1,19,818,4,2,2,2.0,6,37214,M,,,37
201200027244,12,1,25,745,3,2,6,2.0,3,37261,M,,,37
201200027245,12,1,23,1922,5,2,2,1.0,2,37233,M,,,37
201200027246,12,1,24,1143,1,2,1,1.0,6,37122,M,,,37
201200027247,12,1,30,815,2,2,1,1.0,6,37261,M,,,37
201200027248,12,1,31,814,2,2,3,8.0,3,37261,M,,,37
201200027249,12,1,4,1812,5,2,3,8.0,6,37233,M,,,37
201200027250,12,2,24,755,1,2,1,2.0,6,37261,M,,,37
201200027251,12,1,25,1114,1,1,2,1.0,1,37261,M,,,37
201200027252,12,2,21,1457,1,2,1,1.0,6,37261,M,,,37
201200027253,12,2,27,1930,5,2,1,1.0,7,37261,M,,,37
201200027254,12,2,28,1855,2,1,1,1.0,2,37261,M,,,37
201200027255,12,2,29,1150,1,2,1,1.0,6,37261,M,,,37
201200027256,12,2,15,1445,1,2,1,1.0,6,37261,M,,,37
201200027257,12,1,13,1500,1,2,2,1.0,3,37261,M,,,37
201200027258,12,1,14,900,1,2,2,1.0,5,37261,M,,,37
201200027259,12,1,14,1109,1,2,2,1.0,3,37261,M,,,37
201200027260,12,1,14,1125,1,2,3,1.0,3,37261,M,,,37
201200027261,12,1,20,1210,1,2,1,1.0,2,37261,M,,,37
201200027262,12,1,15,1215,1,2,2,1.0,5,37261,M,,,37
201200027263,12,1,19,1815,5,2,1,8.0,6,37261,M,,,37
201200027264,12,1,20,955,1,2,2,1.0,3,37122,M,,,37
201200027265,12,1,24,1930,5,2,3,1.0,3,37261,M,,,37
201200027266,12,1,26,630,5,2,2,8.0,3,37261,M,,,37
201200027267,12,1,26,755,2,2,9,8.0,3,37261,M,,,37
201200027268,12,1,27,745,1,2,1,1.0,7,37261,M,,,37
201200027269,12,2,6,1515,1,2,1,1.0,7,37122,M,,,37
201200027270,12,2,13,1135,1,2,1,1.0,7,37122,M,,,37
201200027271,12,2,23,1720,1,2,1,8.0,3,37261,M,,,37
201200027272,12,2,29,1635,1,2,1,1.0,6,37261,M,,,37
201200027273,12,3,1,1445,1,2,3,1.0,3,37208,M,,,37
201200027274,12,3,12,1420,1,2,1,1.0,6,37261,M,,,37
201200027275,12,3,13,1450,1,2,6,1.0,3,37261,M,,,37
201200027276,12,3,15,1000,1,2,3,1.0,3,37261,M,,,37
201200027277,12,3,18,1900,5,2,1,3.0,4,37208,M,,,37
201200027278,12,3,24,1545,1,2,3,1.0,3,37261,M,,,37