Num_Acc,an,mois,jour,hrmn,lum,agg,int,atm,col,com,gps,lat,long,dep
201200027279,12,3,24,1730,1,2,2,1.0,3,37233,M,,,37
201200027280,12,3,26,840,1,2,6,7.0,2,37122,M,,,37
201200027281,12,4,2,820,1,2,1,1.0,3,37261,M,,,37
201200027282,12,4,5,1640,1,2,1,1.0,6,37261,M,,,37
201200027283,12,1,17,1740,2,1,1,1.0,6,37208,M,,,37
201200027284,12,12,18,750,5,2,2,1.0,3,37261,M,,,37
201200027285,12,1,6,1615,1,2,3,1.0,3,37261,M,,,37
201200027286,12,1,16,1105,1,2,1,1.0,6,37208,M,,,37
201200027287,12,12,11,1500,1,2,1,1.0,6,37261,M,,,37
201200027288,12,12,8,815,2,2,1,1.0,3,37122,M,,,37
201200027289,12,12,6,2040,2,1,1,1.0,6,37122,M,,,37
201200027290,12,12,7,1520,1,2,1,1.0,6,37261,M,,,37
201200027291,12,12,7,950,1,2,1,1.0,6,37122,M,,,37
201200027292,12,12,3,1755,2,1,6,1.0,7,37122,M,,,37
201200027293,12,12,13,750,2,1,1,1.0,7,37208,M,,,37
201200027294,12,1,19,1511,1,2,1,1.0,6,37122,M,,,37
201200027295,12,2,3,1605,1,2,1,1.0,2,37261,M,,,37
201200027296,12,12,27,800,2,2,1,2.0,6,37261,M,,,37
201200027297,12,2,21,1155,1,2,3,1.0,3,37261,M,,,37
201200027298,12,3,2,1650,1,2,1,1.0,2,37261,M,,,37
201200027299,12,3,3,1930,5,2,3,1.0,6,37261,M,,,37
201200027300,12,3,9,1655,1,2,3,1.0,3,37122,M,,,37
201200027301,12,3,15,1850,2,2,3,1.0,5,37208,M,,,37
201200027302,12,3,20,1735,1,2,1,1.0,6,37261,M,,,37
201200027303,12,3,21,1315,1,2,1,1.0,3,37122,M,,,37
201200027304,12,3,21,1456,1,2,1,1.0,6,37195,M,,,37
201200027305,12,3,22,915,1,1,1,1.0,4,37214,M,,,37
201200027306,12,3,26,1840,1,2,1,1.0,3,37261,M,,,37
201200027307,12,3,29,940,1,2,1,1.0,2,37261,M,,,37
201200027308,12,3,29,945,1,2,2,1.0,3,37261,M,,,37
201200027309,12,4,2,1330,1,2,3,1.0,3,37122,M,,,37
201200027310,12,4,3,1155,1,2,2,1.0,3,37261,M,,,37
201200027311,12,4,4,825,1,2,1,1.0,3,37261,M,,,37
201200027312,12,4,14,1755,1,2,2,1.0,3,37261,M,,,37
201200027313,12,4,16,740,2,2,2,1.0,3,37261,M,,,37
201200027314,12,4,19,1735,1,2,2,2.0,3,37261,M,,,37
201200027315,12,4,19,1730,1,1,3,2.0,3,37122,M,,,37
201200027316,12,4,20,1300,1,2,3,2.0,3,37122,M,,,37
201200027317,12,4,20,1800,1,1,1,2.0,7,37122,M,,,37
201200027318,12,4,21,535,5,2,1,1.0,6,37261,M,,,37
201200027319,12,5,8,1930,1,1,1,1.0,3,37208,M,,,37
201200027320,12,5,10,950,1,2,4,1.0,3,37122,M,,,37
201200027321,12,5,14,1405,1,2,1,1.0,7,37261,M,,,37
201200027322,12,5,19,2030,1,2,3,1.0,7,37261,M,,,37
201200027323,12,5,20,1520,1,2,2,2.0,3,37261,M,,,37
201200027324,12,2,16,2014,5,2,9,1.0,3,37261,M,,,37
201200027325,12,2,21,1410,1,2,3,1.0,2,37261,M,,,37
201200027326,12,2,23,818,1,2,1,1.0,6,37261,M,,,37
201200027327,12,2,23,835,2,2,1,2.0,7,37261,M,,,37
201200027328,12,3,17,1949,5,2,2,2.0,3,37261,M,,,37
201200027329,12,3,5,1355,1,2,1,2.0,1,37122,M,,,37
201200027330,12,3,24,1557,1,2,3,1.0,3,37233,M,,,37
201200027331,12,3,24,1035,1,2,6,1.0,3,37214,M,,,37
201200027332,12,3,24,1350,1,2,9,1.0,6,37122,M,,,37
201200027333,12,3,29,1338,1,2,3,1.0,5,37261,M,,,37
201200027334,12,3,30,935,1,2,1,1.0,6,37261,M,,,37
201200027335,12,3,29,2009,2,2,2,1.0,3,37195,M,,,37
201200027336,12,4,4,1738,1,2,1,3.0,6,37261,M,,,37
201200027337,12,4,6,856,1,2,1,1.0,3,37261,M,,,37
201200027338,12,4,6,719,2,2,1,1.0,2,37208,M,,,37
201200027339,12,4,6,1100,1,2,3,1.0,3,37261,M,,,37
201200027340,12,4,9,2026,2,2,2,1.0,6,37261,M,,,37
201200027341,12,4,11,758,1,2,3,1.0,3,37261,M,,,37
201200027342,12,4,11,840,1,2,6,1.0,3,37261,M,,,37
201200027343,12,4,15,1425,1,2,1,1.0,1,37122,M,,,37
201200027344,12,4,12,656,2,2,3,1.0,3,37261,M,,,37
201200027345,12,4,12,800,1,2,1,1.0,2,37261,M,,,37
201200027346,12,4,16,1425,1,2,3,1.0,7,37261,M,,,37
201200027347,12,4,23,1010,1,2,6,3.0,7,37261,M,,,37
201200027348,12,4,24,1230,1,2,1,1.0,1,37261,M,,,37
201200027349,12,4,29,925,1,2,2,2.0,3,37261,M,,,37
201200027350,12,5,6,634,2,2,1,8.0,6,37261,M,,,37
201200027351,12,1,12,745,5,2,1,1.0,1,37233,M,,,37
201200027352,12,1,2,2005,2,2,2,1.0,6,37208,M,,,37
201200027353,12,2,9,2035,2,2,1,4.0,7,37261,M,,,37
201200027354,12,2,10,1553,1,2,1,4.0,7,37261,M,,,37
201200027355,12,2,15,1911,2,2,1,1.0,6,37261,M,,,37
201200027356,12,1,19,1930,5,2,2,8.0,1,37261,M,,,37
201200027357,12,4,17,2035,1,2,1,8.0,6,37261,M,,,37
201200027358,12,4,19,1700,1,2,2,2.0,3,37261,M,,,37
201200027359,12,4,19,600,2,2,3,1.0,2,37233,M,,,37
201200027360,12,4,20,750,1,2,1,1.0,7,37261,M,,,37
201200027361,12,5,2,1100,1,2,1,1.0,2,37195,M,,,37
201200027362,12,5,6,1645,1,2,2,1.0,3,37261,M,,,37
201200027363,12,5,11,1645,1,2,1,1.0,2,37261,M,,,37
201200027364,12,5,20,1225,1,2,1,8.0,3,37208,M,,,37
201200027365,12,6,4,1300,1,2,1,1.0,3,37261,M,,,37
201200027366,12,6,4,1735,1,2,4,1.0,6,37261,M,,,37
201200027367,12,5,29,1545,1,1,3,1.0,6,37261,M,,,37
201200027368,12,6,5,1945,1,2,1,1.0,3,37261,M,,,37
201200027369,12,6,5,1700,1,2,2,1.0,3,37261,M,,,37
201200027370,12,6,11,1540,1,2,2,1.0,3,37261,M,,,37
201200027371,12,6,12,920,1,1,1,1.0,2,37122,M,,,37
201200027372,12,6,13,1220,1,2,1,1.0,2,37195,M,,,37
201200027373,12,1,5,725,5,2,1,2.0,2,37261,M,,,37
201200027374,12,6,17,1800,1,2,1,1.0,2,37233,M,,,37
201200027375,12,6,29,1830,1,2,2,1.0,7,37261,M,,,37
201200027376,12,6,29,1915,1,2,2,1.0,3,37261,M,,,37
201200027377,12,6,30,940,1,2,2,1.0,3,37261,M,,,37
201200027378,12,7,5,1740,1,2,1,1.0,2,37208,M,,,37
201200027379,12,3,27,2155,5,2,1,1.0,5,37261,M,,,37
201200027380,12,3,30,2250,5,2,1,1.0,6,37261,M,,,37
201200027381,12,5,9,1903,1,2,1,1.0,6,37261,M,,,37
201200027382,12,5,10,1630,1,2,1,1.0,2,37233,M,,,37
201200027383,12,5,15,1411,1,2,4,1.0,3,37261,M,,,37
201200027384,12,5,18,1100,1,1,2,1.0,3,37261,M,,,37
201200027385,12,5,15,1925,1,2,1,1.0,6,37261,M,,,37
201200027386,12,5,21,1820,1,2,2,3.0,3,37208,M,,,37
201200027387,12,5,15,1800,1,2,2,1.0,6,37122,M,,,37
201200027388,12,5,24,1125,1,2,1,1.0,2,37261,M,,,37
201200027389,12,5,27,1730,1,2,1,1.0,7,37261,M,,,37
201200027390,12,5,28,1920,1,2,1,1.0,6,37208,M,,,37
201200027391,12,5,29,753,1,2,1,1.0,3,37261,M,,,37
201200027392,12,6,2,1435,1,2,1,1.0,2,37261,M,,,37
201200027393,12,6,4,950,1,2,2,1.0,2,37261,M,,,37
201200027394,12,6,5,1020,1,2,2,1.0,3,37214,M,,,37
201200027395,12,6,14,1715,1,2,1,1.0,6,37261,M,,,37
201200027396,12,6,14,1514,1,1,1,1.0,6,37122,M,,,37
201200027397,12,6,15,1250,1,2,6,1.0,2,37261,M,,,37
201200027398,12,6,26,1730,1,2,1,1.0,6,37261,M,,,37
201200027399,12,6,26,1920,1,2,1,1.0,3,37214,M,,,37
201200027400,12,6,21,2021,2,2,1,1.0,7,37208,M,,,37
201200027401,12,7,2,1450,1,2,6,1.0,3,37261,M,,,37
201200027402,12,7,2,1710,1,2,2,1.0,6,37261,M,,,37
201200027403,12,7,2,1515,1,2,1,1.0,3,37261,M,,,37
201200027404,12,7,3,1455,1,2,3,1.0,3,37261,M,,,37
201200027405,12,6,27,1339,1,2,1,1.0,2,37261,M,,,37
201200027406,12,7,3,1510,1,2,1,1.0,3,37261,M,,,37
201200027407,12,7,4,1019,1,2,2,1.0,3,37208,M,,,37
201200027408,12,7,9,1955,1,2,1,1.0,6,37261,M,,,37
201200027409,12,7,29,1145,1,2,3,1.0,7,37122,M,,,37
201200027410,12,8,2,1503,1,2,6,1.0,3,37122,M,,,37
201200027411,12,8,9,840,1,2,6,1.0,2,37261,M,,,37
201200027412,12,8,9,1040,1,2,1,1.0,6,37261,M,,,37
201200027413,12,8,3,1130,1,2,4,1.0,6,37261,M,,,37
201200027414,12,8,13,1900,1,2,1,1.0,7,37208,M,,,37
201200027415,12,8,7,1735,1,2,2,1.0,3,37261,M,,,37
201200027416,12,8,14,1855,1,2,1,1.0,6,37233,M,,,37
201200027417,12,2,24,817,1,2,1,1.0,6,37261,M,,,37
201200027418,12,2,20,810,2,1,1,1.0,4,37122,M,,,37
201200027419,12,2,20,825,1,2,1,1.0,6,37261,M,,,37
201200027420,12,5,4,1950,1,2,1,2.0,7,37261,M,,,37
201200027421,12,5,20,1855,1,2,2,2.0,3,37261,M,,,37
201200027422,12,5,21,1045,1,2,3,1.0,2,37261,M,,,37
201200027423,12,5,25,1805,1,2,2,1.0,3,37261,M,,,37
201200027424,12,6,6,1440,1,2,1,1.0,7,37261,M,,,37
201200027425,12,6,6,1715,1,2,3,1.0,6,37261,M,,,37
201200027426,12,6,8,1555,1,2,2,1.0,3,37214,M,,,37
201200027427,12,4,21,1105,1,2,1,2.0,2,37261,M,,,37
201200027428,12,6,12,1815,1,2,1,2.0,5,37261,M,,,37
201200027429,12,6,14,905,1,2,3,1.0,6,37122,M,,,37
201200027430,12,6,20,825,1,2,1,1.0,6,37261,M,,,37
201200027431,12,6,9,700,1,2,1,1.0,7,37214,M,,,37
201200027432,12,6,25,1830,1,2,3,2.0,7,37195,M,,,37
201200027433,12,6,26,1200,1,2,3,1.0,3,37261,M,,,37
201200027434,12,7,2,1225,1,2,1,1.0,3,37261,M,,,37
201200027435,12,7,3,820,1,1,1,1.0,3,37261,M,,,37
201200027436,12,7,6,1305,1,2,3,1.0,3,37261,M,,,37
201200027437,12,7,9,1225,1,2,2,1.0,3,37261,M,,,37
201200027438,12,7,12,2045,1,2,1,1.0,6,37261,M,,,37
201200027439,12,7,12,1815,1,2,1,7.0,4,37122,M,,,37
201200027440,12,7,13,1800,1,1,1,2.0,6,37122,M,,,37
201200027441,12,7,13,1930,1,2,2,2.0,3,37261,M,,,37
201200027442,12,7,14,955,1,2,1,1.0,1,37122,M,,,37
201200027443,12,7,14,1220,1,2,1,1.0,3,37261,M,,,37
201200027444,12,7,18,1715,1,1,6,1.0,3,37261,M,,,37
201200027445,12,7,19,1340,1,2,1,1.0,6,37208,M,,,37
201200027446,12,7,19,2020,1,1,2,1.0,7,37261,M,,,37
201200027447,12,7,20,1105,1,1,1,2.0,7,37233,M,,,37
201200027448,12,7,21,1005,1,2,6,1.0,3,37261,M,,,37
201200027449,12,1,6,1545,1,2,1,1.0,2,37261,M,,,37
201200027450,12,5,12,1400,1,2,1,1.0,7,37261,M,,,37
201200027451,12,3,26,849,1,2,1,1.0,6,37208,M,,,37
201200027452,12,4,5,1033,1,2,3,1.0,1,37122,M,,,37
201200027453,12,6,14,935,1,2,1,1.0,3,37261,M,,,37
201200027454,12,4,12,2020,2,1,1,1.0,7,37261,M,,,37
201200027455,12,4,18,1450,1,2,1,1.0,3,37261,M,,,37
201200027456,12,6,26,2315,5,2,1,1.0,3,37261,M,,,37
201200027457,12,6,22,2229,5,2,7,1.0,6,37261,M,,,37
201200027458,12,6,24,2055,2,2,2,2.0,6,37261,M,,,37
201200027459,12,7,22,2220,5,2,3,1.0,3,37261,M,,,37
201200027460,12,7,28,30,5,2,2,8.0,7,37122,M,,,37
201200027461,12,7,28,2045,1,2,1,1.0,6,37233,M,,,37
201200027462,12,7,29,340,5,2,2,1.0,6,37261,M,,,37
201200027463,12,7,30,2145,5,2,3,2.0,3,37233,M,,,37
201200027464,12,8,31,2140,5,2,1,1.0,7,37261,M,,,37
201200027465,12,9,23,2140,5,2,1,2.0,7,37261,M,,,37
201200027466,12,9,24,2300,5,2,6,3.0,1,37122,M,,,37
201200027467,12,9,28,2225,5,2,1,1.0,7,37261,M,,,37
201200027468,12,10,2,200,5,2,1,1.0,7,37261,M,,,37
201200027469,12,10,8,2100,5,2,1,2.0,3,37261,M,,,37
201200027470,12,10,21,20,5,2,1,2.0,7,37208,M,,,37
201200027471,12,11,4,2230,5,2,6,8.0,3,37261,M,,,37
201200027472,12,11,6,2055,5,2,1,1.0,6,37261,M,,,37
201200027473,12,11,18,350,5,2,1,1.0,6,37233,M,,,37
201200027474,12,12,18,100,3,2,1,6.0,7,37261,M,,,37
201200027475,12,12,22,2325,3,2,1,2.0,7,37122,M,,,37
201200027476,12,12,22,2115,5,2,6,2.0,7,37208,M,,,37
201200027477,12,12,26,2145,5,2,3,2.0,3,37261,M,,,37
201200027478,12,12,31,2300,5,2,2,3.0,3,37261,M,,,37
201200027479,12,12,31,2350,3,1,1,2.0,6,37122,M,,,37
201200027480,12,7,5,1815,1,2,1,1.0,7,37261,M,,,37
201200027481,12,7,6,910,1,2,3,1.0,2,37233,M,,,37
201200027482,12,7,12,820,1,2,3,1.0,2,37261,M,,,37
201200027483,12,7,18,645,1,2,1,1.0,2,37261,M,,,37
201200027484,12,7,24,720,1,2,1,1.0,2,37261,M,,,37
201200027485,12,7,31,1046,1,2,1,1.0,6,37214,M,,,37
201200027486,12,8,5,1215,1,2,2,2.0,3,37261,M,,,37
201200027487,12,8,9,1720,1,2,1,1.0,6,37195,M,,,37
201200027488,12,8,16,1445,1,2,3,1.0,4,37122,M,,,37
201200027489,12,8,21,1515,1,2,2,1.0,3,37261,M,,,37
201200027490,12,8,24,1230,1,2,1,1.0,2,37261,M,,,37
201200027491,12,8,27,1745,1,2,1,1.0,4,37261,M,,,37
201200027492,12,8,29,920,1,1,6,1.0,2,37214,M,,,37
201200027493,12,8,28,1850,1,2,1,1.0,7,37261,M,,,37
201200027494,12,8,30,1245,1,1,3,1.0,3,37261,M,,,37
201200027495,12,9,4,1238,1,2,1,1.0,3,37261,M,,,37
201200027496,12,9,20,2000,2,2,2,1.0,3,37261,M,,,37
201200027497,12,9,20,1330,1,2,1,1.0,3,37261,M,,,37
201200027498,12,9,20,1400,1,2,1,1.0,6,37261,M,,,37
201200027499,12,9,21,1500,1,2,1,2.0,1,37261,M,,,37
201200027500,12,9,22,1000,1,2,2,1.0,3,37261,M,,,37
201200027501,12,9,28,940,1,2,1,1.0,1,37208,M,,,37
201200027502,12,5,22,1800,1,2,1,1.0,2,37233,M,,,37
201200027503,12,1,3,2145,5,2,1,3.0,2,37261,M,,,37
201200027504,12,7,24,1710,1,2,3,1.0,3,37122,M,,,37
201200027505,12,7,26,900,1,2,1,1.0,6,37261,M,,,37
201200027506,12,7,26,1210,1,2,1,1.0,3,37261,M,,,37
201200027507,12,7,30,1900,1,2,3,2.0,5,37195,M,,,37
201200027508,12,7,31,1650,1,2,1,1.0,6,37261,M,,,37
201200027509,12,7,31,2000,1,2,3,1.0,3,37214,M,,,37
201200027510,12,8,6,1530,1,2,2,1.0,3,37261,M,,,37
201200027511,12,8,6,1830,1,2,1,1.0,6,37195,M,,,37
201200027512,12,8,6,1920,1,2,2,1.0,2,37122,M,,,37
201200027513,12,8,8,1130,1,2,4,1.0,7,37261,M,,,37
201200027514,12,8,17,1700,1,2,1,1.0,7,37261,M,,,37
201200027515,12,8,17,1730,1,1,1,1.0,6,37261,M,,,37
201200027516,12,8,23,1830,1,2,3,1.0,3,37261,M,,,37
201200027517,12,9,4,2032,5,1,1,1.0,6,37261,M,,,37
201200027518,12,9,5,1650,1,2,1,1.0,7,37261,M,,,37
201200027519,12,8,24,1555,1,2,1,1.0,7,37122,M,,,37
201200027520,12,9,6,815,1,2,1,1.0,6,37261,M,,,37
201200027521,12,9,10,1820,1,2,1,1.0,6,37208,M,,,37
201200027522,12,9,10,2025,5,1,6,1.0,7,37214,M,,,37
201200027523,12,9,13,750,2,2,1,1.0,3,37261,M,,,37
201200027524,12,9,23,1805,1,2,3,1.0,7,37261,M,,,37
201200027525,12,9,22,1935,2,2,1,1.0,6,37261,M,,,37
201200027526,12,9,23,2030,3,1,1,2.0,6,37122,M,,,37
201200027527,12,9,25,735,5,2,1,2.0,6,37261,M,,,37
201200027528,12,9,25,850,1,2,1,1.0,6,37122,M,,,37
201200027529,12,9,30,620,5,2,2,1.0,3,37261,M,,,37
201200027530,12,10,1,1200,1,2,1,1.0,7,37261,M,,,37
201200027531,12,10,5,1500,1,2,2,1.0,3,37261,M,,,37
201200027532,12,10,6,1100,1,2,3,1.0,3,37261,M,,,37
201200027533,12,10,7,1230,1,2,1,1.0,6,37195,M,,,37
201200027534,12,10,11,1645,1,1,3,1.0,2,37233,M,,,37
201200027535,12,10,11,1750,1,2,2,2.0,3,37122,M,,,37
201200027536,12,10,11,1815,5,2,1,1.0,3,37214,M,,,37
201200027537,12,10,12,915,1,2,9,1.0,2,37261,M,,,37
201200027538,12,10,16,1745,1,2,2,1.0,3,37233,M,,,37
201200027539,12,10,22,1340,1,2,1,1.0,5,37261,M,,,37
201200027540,12,10,22,1835,2,2,1,1.0,6,37261,M,,,37
201200027541,12,10,23,1615,1,2,1,1.0,6,37261,M,,,37
201200027542,12,10,23,1630,1,2,2,1.0,6,37261,M,,,37
201200027543,12,10,30,900,1,1,1,1.0,5,37261,M,,,37
201200027544,12,8,31,2031,1,2,6,1.0,7,37261,M,,,37
201200027545,12,8,19,1440,1,2,7,1.0,6,37261,M,,,37
201200027546,12,8,25,2020,1,2,8,1.0,7,37122,M,,,37
201200027547,12,8,31,1945,1,2,1,1.0,3,37261,M,,,37
201200027548,12,8,31,1330,1,2,1,1.0,7,37122,M,,,37
201200027549,12,9,3,1210,1,2,6,1.0,2,37261,M,,,37
201200027550,12,9,1,1625,1,2,1,1.0,2,37122,M,,,37
201200027551,12,9,6,1355,1,2,6,1.0,3,37261,M,,,37
201200027552,12,9,14,930,1,2,1,1.0,7,37261,M,,,37
201200027553,12,9,14,1235,1,1,2,1.0,3,37122,M,,,37
201200027554,12,9,7,1300,1,2,1,1.0,6,37261,M,,,37
201200027555,12,9,21,740,1,2,1,1.0,7,37195,M,,,37
201200027556,12,9,12,1350,1,2,1,1.0,7,37261,M,,,37
201200027557,12,8,21,1140,1,2,1,1.0,7,37261,M,,,37
201200027558,12,9,24,1920,1,2,2,2.0,5,37261,M,,,37
201200027559,12,9,25,1740,1,2,2,8.0,3,37261,M,,,37
201200027560,12,9,27,800,1,1,1,1.0,2,37122,M,,,37
201200027561,12,10,2,1121,1,2,2,8.0,3,37261,M,,,37
201200027562,12,10,3,754,1,2,1,1.0,6,37261,M,,,37
201200027563,12,10,2,750,2,2,1,1.0,6,37261,M,,,37
201200027564,12,10,2,800,2,2,1,2.0,6,37261,M,,,37
201200027565,12,10,9,800,2,1,1,2.0,6,37261,M,,,37
201200027566,12,10,8,906,1,2,1,1.0,6,37261,M,,,37
201200027567,12,10,12,2011,5,2,1,1.0,1,37208,M,,,37
201200027568,12,10,2,830,1,2,1,1.0,6,37261,M,,,37
201200027569,12,10,13,1923,5,2,1,1.0,2,37261,M,,,37
201200027570,12,10,26,1230,1,1,2,1.0,2,37122,M,,,37
201200027571,12,10,31,2014,4,2,2,1.0,3,37261,M,,,37
201200027572,12,11,5,1610,1,2,1,1.0,2,37261,M,,,37
201200027573,12,10,15,1047,1,2,1,1.0,6,37261,M,,,37
201200027574,12,11,6,1740,4,2,1,1.0,6,37214,M,,,37
201200027575,12,11,12,1745,4,2,1,1.0,6,37261,M,,,37
201200027576,12,11,13,1215,1,2,1,1.0,3,37233,M,,,37
201200027577,12,12,8,720,5,2,3,8.0,6,37122,M,,,37
201200027578,12,11,20,821,1,2,1,1.0,4,37214,M,,,37
201200027579,12,11,2,855,1,2,6,2.0,7,37261,M,,,37
201200027580,12,2,17,2000,5,2,2,1.0,6,37261,M,,,37
201200027581,12,7,9,1750,1,2,1,1.0,7,37122,M,,,37
201200027582,12,7,6,1405,1,2,1,1.0,2,37261,M,,,37
201200027583,12,7,9,900,1,2,1,1.0,7,37122,M,,,37
201200027584,12,7,10,1007,2,2,1,1.0,7,37122,M,,,37
201200027585,12,7,9,1825,1,2,1,1.0,6,37122,M,,,37
201200027586,12,10,2,1855,1,2,1,1.0,2,37261,M,,,37
201200027587,12,10,5,805,1,2,1,1.0,1,37261,M,,,37
201200027588,12,10,9,2040,5,2,3,2.0,3,37233,M,,,37
201200027589,12,10,9,1920,1,2,1,1.0,2,37261,M,,,37
201200027590,12,10,17,900,1,2,1,1.0,2,37261,M,,,37
201200027591,12,10,17,940,1,2,1,2.0,1,37261,M,,,37
201200027592,12,10,15,1700,1,2,1,1.0,7,37214,M,,,37
201200027593,12,10,20,1730,1,2,1,1.0,6,37261,M,,,37
201200027594,12,10,22,710,2,2,1,1.0,2,37122,M,,,37
201200027595,12,10,23,745,2,2,6,8.0,5,37261,M,,,37
201200027596,12,10,23,900,1,2,6,1.0,3,37208,M,,,37
201200027597,12,11,8,1325,1,2,2,1.0,3,37261,M,,,37
201200027598,12,11,13,1545,1,2,1,1.0,2,37261,M,,,37
201200027599,12,11,22,610,5,2,3,1.0,2,37261,M,,,37
201200027600,12,11,16,1238,1,1,1,1.0,2,37214,M,,,37
201200027601,12,11,19,1255,1,2,1,1.0,2,37214,M,,,37
201200027602,12,11,20,1910,5,2,1,1.0,3,37261,M,,,37
201200027603,12,11,20,1245,1,2,1,1.0,3,37261,M,,,37
201200027604,12,11,20,1710,1,2,1,1.0,6,37261,M,,,37
201200027605,12,11,21,1040,1,2,9,1.0,3,37261,M,,,37
201200027606,12,11,22,845,1,2,1,1.0,6,37261,M,,,37
201200027607,12,11,28,925,1,2,1,1.0,3,37208,M,,,37
201200027608,12,12,1,1555,1,2,1,1.0,7,37214,M,,,37
201200027609,12,12,4,830,1,2,3,1.0,1,37261,M,,,37
201200027610,12,12,13,1834,5,2,1,2.0,6,37261,M,,,37
201200027611,12,12,13,1834,5,2,1,2.0,4,37261,M,,,37
201200027612,12,12,14,2008,4,2,6,2.0,6,37261,M,,,37
201200027613,12,12,15,720,3,1,1,2.0,6,37122,M,,,37
201200027614,12,8,30,1105,1,2,2,1.0,3,37261,M,,,37
201200027615,12,8,29,2140,2,2,1,1.0,6,37122,M,,,37
201200027616,12,10,4,2245,3,2,2,2.0,3,37261,M,,,37
201200027617,12,10,31,900,1,2,3,1.0,3,37233,M,,,37
201200027618,12,11,11,820,1,1,1,5.0,7,37261,M,,,37
201200027619,12,11,12,755,2,2,1,5.0,7,37261,M,,,37
201200027620,12,11,16,1355,1,2,1,1.0,3,37261,M,,,37
201200027621,12,11,21,1715,5,2,1,8.0,6,37261,M,,,37
201200027622,12,11,22,1435,1,2,3,1.0,3,37208,M,,,37
201200027623,12,11,22,1710,1,2,3,1.0,7,37261,M,,,37
201200027624,12,11,23,915,1,2,2,1.0,3,37261,M,,,37
201200027625,12,11,24,1120,1,2,2,1.0,3,37208,M,,,37
201200027626,12,11,28,1920,5,2,2,1.0,3,37261,M,,,37
201200027627,12,11,29,800,1,2,3,1.0,3,37261,M,,,37
201200027628,12,11,29,1210,2,2,3,1.0,6,37261,M,,,37
201200027629,12,12,3,1300,1,2,6,2.0,3,37122,M,,,37
201200027630,12,12,3,1750,5,2,6,2.0,7,37261,M,,,37
201200027631,12,12,3,1810,5,2,1,2.0,6,37261,M,,,37
201200027632,12,12,4,1840,5,2,1,2.0,7,37261,M,,,37
201200027633,12,12,9,1325,1,2,2,1.0,3,37122,M,,,37
201200027634,12,12,10,1910,5,2,1,1.0,3,37233,M,,,37
201200027635,12,12,16,1830,5,1,1,1.0,7,37122,M,,,37
201200027636,12,12,18,745,5,2,1,1.0,6,37261,M,,,37
201200027637,12,12,18,1215,1,2,1,1.0,7,37122,M,,,37
201200027638,12,10,11,1330,1,2,1,1.0,7,37261,M,,,37
201200027639,12,3,3,325,5,2,1,5.0,7,37261,M,,,37
201200027640,12,10,31,1835,5,2,2,1.0,3,37208,M,,,37
201200027641,12,9,2,910,1,2,1,1.0,2,37122,M,,,37
201200027642,12,9,2,2330,5,2,1,1.0,7,37122,M,,,37
201200027643,12,9,3,900,1,2,2,1.0,6,37261,M,,,37
201200027644,12,9,10,1203,1,2,2,1.0,6,37122,M,,,37
201200027645,12,11,17,1830,5,2,1,1.0,2,37261,M,,,37
201200027646,12,9,28,1630,1,2,1,1.0,7,37261,M,,,37
201200027647,12,9,22,2000,2,2,1,1.0,7,37261,M,,,37
201200027648,12,9,25,815,2,2,1,1.0,7,37122,M,,,37
201200027649,12,9,25,1512,1,2,6,1.0,7,37122,M,,,37
201200027650,12,9,28,1345,1,2,1,1.0,4,37214,M,,,37
201200027651,12,2,16,1400,1,2,2,1.0,3,37214,M,,,37
201200027652,12,11,22,550,3,1,1,8.0,7,37122,M,,,37
201200027653,12,10,15,1244,1,2,2,1.0,3,37261,M,,,37
201200027654,12,10,15,907,1,2,1,1.0,7,37261,M,,,37
201200027655,12,10,13,1700,1,2,2,1.0,6,37122,M,,,37
201200027656,12,10,14,1840,2,2,1,2.0,7,37261,M,,,37
201200027657,12,12,7,905,1,2,1,1.0,3,37122,M,,,37
201200027658,12,12,2,951,1,2,6,8.0,6,37214,M,,,37
201200027659,12,12,14,850,2,2,2,3.0,3,37261,M,,,37
201200027660,12,12,23,1520,1,2,1,1.0,7,37195,M,,,37
201200027661,12,12,19,1217,1,2,1,8.0,1,37261,M,,,37
201200027662,12,12,25,500,5,2,1,3.0,2,37233,M,,,37
201200027663,12,12,29,1820,5,2,3,2.0,7,37233,M,,,37
201200027664,12,12,30,1853,3,2,1,2.0,6,37122,M,,,37
201200027665,12,12,31,1225,1,2,1,2.0,4,37261,M,,,37
201200027666,12,3,9,925,1,2,9,1.0,7,37261,M,,,37
201200027667,12,10,18,1749,2,2,1,1.0,7,37122,M,,,37
201200027668,12,10,27,1733,2,2,1,1.0,6,37122,M,,,37
201200027669,12,12,15,940,1,1,1,1.0,7,37122,M,,,37
201200027670,12,12,20,2040,5,2,3,8.0,3,37214,M,,,37
201200027671,12,12,21,1205,1,2,1,1.0,7,37261,M,,,37
201200027672,12,12,25,1905,3,1,1,8.0,6,37261,M,,,37
201200027673,12,12,26,1515,1,2,6,1.0,3,37122,M,,,37
201200027674,12,11,3,1940,2,2,1,1.0,6,37261,M,,,37
201200027675,12,11,13,1925,2,2,1,1.0,6,37261,M,,,37
201200027676,12,3,24,1810,1,2,1,1.0,7,37122,M,,,37
201200027677,12,3,24,1610,1,2,1,1.0,6,37261,M,,,37
201200027678,12,3,14,1945,5,2,4,1.0,6,37261,M,,,37
201200027679,12,6,28,1135,1,2,1,1.0,6,37261,M,,,37
201200027680,12,3,18,928,1,1,2,1.0,3,37261,M,,,37
201200027681,12,3,13,650,2,2,1,1.0,1,37261,M,,,37
201200027682,12,3,29,1637,1,2,1,1.0,6,37261,M,,,37
201200027683,12,4,17,1150,1,2,6,1.0,7,37214,M,,,37
201200027684,12,4,18,1032,1,2,9,1.0,3,37261,M,,,37
201200027685,12,4,17,1940,1,2,1,8.0,6,37261,M,,,37