Num_Acc,an,mois,jour,hrmn,lum,agg,int,atm,col,com,gps,lat,long,dep
201200027686,12,4,19,1005,1,2,2,1.0,3,37233,M,,,37
201200027687,12,4,27,1425,1,2,1,2.0,4,37261,M,,,37
201200027688,12,5,11,1240,1,2,1,1.0,3,37233,M,,,37
201200027689,12,5,16,1859,1,2,1,1.0,2,37233,M,,,37
201200027690,12,10,24,1736,1,2,1,1.0,7,37261,M,,,37
201200027691,12,6,1,2045,1,2,6,1.0,7,37122,M,,,37
201200027692,12,6,3,1935,1,2,3,1.0,3,37261,M,,,37
201200027693,12,5,24,1745,1,2,1,1.0,3,37261,M,,,37
201200027694,12,6,6,745,1,2,3,1.0,1,37261,M,,,37
201200027695,12,6,9,1950,1,2,1,1.0,6,37261,M,,,37
201200027696,12,6,17,1915,1,2,3,1.0,6,37261,M,,,37
201200027697,12,11,25,1630,1,2,3,1.0,3,37208,M,,,37
201200027698,12,6,29,2030,1,2,2,1.0,3,37261,M,,,37
201200027699,12,7,4,1800,1,2,9,1.0,6,37261,M,,,37
201200027700,12,7,9,655,1,1,1,1.0,7,37122,M,,,37
201200027701,12,7,11,1715,1,2,1,2.0,3,37195,M,,,37
201200027702,12,7,22,520,5,2,1,1.0,7,37261,M,,,37
201200027703,12,8,3,1740,1,2,2,1.0,1,37122,M,,,37
201200027704,12,8,8,1355,1,2,1,1.0,1,37261,M,,,37
201200027705,12,9,9,1930,1,2,2,1.0,3,37261,M,,,37
201200027706,12,9,10,1030,1,2,1,1.0,7,37261,M,,,37
201200027707,12,9,4,940,1,2,6,1.0,3,37208,M,,,37
201200027708,12,9,19,1545,1,2,1,1.0,4,37208,M,,,37
201200027709,12,9,19,1653,1,2,1,1.0,6,37261,M,,,37
201200027710,12,9,14,1445,1,1,6,1.0,3,37122,M,,,37
201200027711,12,9,21,945,1,2,1,1.0,6,37122,M,,,37
201200027712,12,10,4,735,2,2,1,2.0,6,37261,M,,,37
201200027713,12,10,12,1920,4,2,2,1.0,3,37261,M,,,37
201200027714,12,10,12,1635,1,2,2,1.0,6,37122,M,,,37
201200027715,12,10,6,1740,1,2,3,1.0,6,37122,M,,,37
201200027716,12,10,18,2041,5,2,2,2.0,3,37261,M,,,37
201200027717,12,10,16,800,1,2,2,1.0,3,37261,M,,,37
201200027718,12,11,21,815,2,2,3,2.0,6,37261,M,,,37
201200027719,12,1,18,1700,1,2,4,1.0,6,37261,M,,,37
201200027720,12,11,29,2038,5,2,2,1.0,3,37261,M,,,37
201200027721,12,12,13,850,2,2,2,2.0,6,37261,M,,,37
201200027722,12,12,19,823,2,2,2,2.0,3,37261,M,,,37
201200027723,12,12,20,905,2,2,1,3.0,6,37261,M,,,37
201200027724,12,12,19,1545,1,2,2,3.0,7,37261,M,,,37
201200027725,12,12,20,1340,1,2,1,2.0,2,37261,M,,,37
201200027726,12,12,23,1525,1,2,9,1.0,6,37261,M,,,37
201200027727,12,7,9,1824,1,1,2,1.0,6,37208,M,,,37
201200027728,12,1,17,1802,5,2,9,5.0,7,38053,M,,,38
201200027729,12,1,27,800,2,2,6,2.0,6,38053,M,,,38
201200027730,12,4,10,310,3,1,1,6.0,6,38053,M,4561810.0,527170.0,38
201200027731,12,6,2,1735,1,2,3,1.0,3,38053,M,,,38
201200027732,12,6,6,1125,1,2,1,1.0,6,38053,M,,,38
201200027733,12,6,29,1840,1,2,1,1.0,1,38053,M,,,38
201200027734,12,7,3,1223,1,2,2,1.0,3,38053,M,,,38
201200027735,12,7,10,2315,5,2,1,1.0,7,38053,M,4559740.0,527423.0,38
201200027736,12,7,23,1107,1,2,3,1.0,3,38053,M,,,38
201200027737,12,7,26,1645,1,2,1,1.0,7,38053,M,,,38
201200027738,12,7,29,1200,1,2,6,1.0,6,38053,M,,,38
201200027739,12,7,31,905,1,2,1,1.0,2,38053,M,,,38
201200027740,12,9,8,1820,1,2,1,1.0,3,38053,M,,,38
201200027741,12,9,13,1910,2,2,6,1.0,3,38053,M,,,38
201200027742,12,9,9,1445,1,2,6,1.0,7,38053,M,,,38
201200027743,12,9,12,1120,1,2,1,1.0,6,38053,M,,,38
201200027744,12,9,19,2115,5,2,3,1.0,3,38053,M,,,38
201200027745,12,2,4,1725,1,2,1,1.0,6,38053,M,,,38
201200027746,12,9,20,920,1,2,1,1.0,6,38053,M,,,38
201200027747,12,10,3,1705,1,2,2,1.0,3,38053,M,,,38
201200027748,12,10,9,1000,1,2,2,2.0,6,38053,M,,,38
201200027749,12,10,4,1935,5,2,1,1.0,1,38053,M,,,38
201200027750,12,11,3,1215,1,2,1,1.0,3,38053,M,,,38
201200027751,12,11,5,1605,2,2,1,1.0,6,38053,M,,,38
201200027752,12,11,12,50,5,2,1,1.0,6,38053,M,,,38
201200027753,12,11,12,1735,5,2,3,1.0,6,38053,M,,,38
201200027754,12,11,21,905,1,2,1,1.0,6,38053,M,,,38
201200027755,12,12,3,1745,5,2,2,2.0,6,38053,M,4558510.0,527069.0,38
201200027756,12,11,10,1450,1,2,1,3.0,6,38053,M,,,38
201200027757,12,12,20,1505,1,2,1,2.0,6,38053,M,,,38
201200027758,12,12,22,1905,5,2,1,2.0,3,38053,M,,,38
201200027759,12,12,15,1425,1,2,1,1.0,6,38053,M,,,38
201200027760,12,1,3,1530,1,2,1,1.0,1,38185,M,,,38
201200027761,12,1,8,630,5,2,2,2.0,3,38185,M,,,38
201200027762,12,1,13,205,3,1,1,1.0,5,38185,M,4516730.0,570185.0,38
201200027763,12,1,13,1505,1,2,2,1.0,3,38169,M,4518810.0,568323.0,38
201200027764,12,1,13,1930,5,2,1,1.0,6,38185,M,4518520.0,571054.0,38
201200027765,12,1,19,2045,3,1,1,2.0,3,38382,M,4521980.0,567380.0,38
201200027766,12,1,20,945,1,2,2,2.0,2,38421,M,,,38
201200027767,12,1,20,1900,5,2,4,2.0,6,38185,M,,,38
201200027768,12,1,20,1757,2,2,1,2.0,6,38421,M,4516520.0,575453.0,38
201200027769,12,1,21,2330,3,1,1,3.0,6,38229,M,4520360.0,577767.0,38
201200027770,12,1,26,1625,1,2,3,1.0,6,38185,M,4519350.0,571958.0,38
201200027771,12,1,27,750,1,2,2,2.0,3,38185,M,4518610.0,571700.0,38
201200027772,12,1,27,1850,5,2,3,1.0,6,38169,M,4519350.0,568138.0,38
201200027773,12,1,29,250,3,1,1,1.0,6,38229,M,4520570.0,579021.0,38
201200027774,12,2,5,1645,1,2,1,1.0,3,38421,M,4517580.0,576428.0,38
201200027775,12,2,8,20,5,2,2,1.0,3,38185,M,,,38
201200027776,12,2,14,1635,1,2,3,1.0,3,38185,M,,,38
201200027777,12,2,14,2335,5,2,2,1.0,6,38185,M,4518810.0,571907.0,38
201200027778,12,2,22,245,3,1,1,1.0,2,38185,M,4516730.0,570183.0,38
201200027779,12,2,22,1842,5,2,7,1.0,6,38169,M,4518930.0,569340.0,38
201200027780,12,2,23,1400,1,2,1,1.0,6,38185,M,4515640.0,573353.0,38
201200027781,12,2,26,2120,5,2,1,1.0,6,38421,M,,,38
201200027782,12,2,28,1230,1,2,1,1.0,2,38185,M,,,38
201200027783,12,2,28,1310,1,2,1,1.0,6,38151,M,4515720.0,571956.0,38
201200027784,12,3,2,900,1,1,1,1.0,6,38185,M,4516730.0,570183.0,38
201200027785,12,3,3,1600,1,2,1,1.0,6,38185,M,4518160.0,572538.0,38
201200027786,12,3,5,1400,1,2,1,1.0,6,38185,M,4518160.0,572540.0,38
201200027787,12,3,10,930,1,2,1,1.0,6,38185,M,,,38
201200027788,12,3,12,1650,1,2,2,1.0,6,38185,M,,,38
201200027789,12,3,12,1420,1,2,1,1.0,6,38185,M,4516290.0,572853.0,38
201200027790,12,3,20,830,1,1,1,1.0,6,38229,M,4520160.0,576514.0,38
201200027791,12,3,20,1920,5,2,1,1.0,6,38169,M,4520310.0,567884.0,38
201200027792,12,3,24,1,5,2,1,1.0,6,38151,M,4514510.0,570081.0,38
201200027793,12,3,24,1635,1,2,1,1.0,6,38151,M,4514330.0,569093.0,38
201200027794,12,3,26,1155,1,2,3,1.0,6,38185,M,4516890.0,571256.0,38
201200027795,12,3,26,1330,1,2,1,1.0,6,38151,M,4515780.0,571972.0,38
201200027796,12,3,29,1630,1,2,9,1.0,6,38185,M,,,38
201200027797,12,4,5,1140,1,2,1,1.0,6,38185,M,,,38
201200027798,12,4,5,1440,1,1,1,1.0,6,38151,M,4515840.0,570124.0,38
201200027799,12,4,5,1700,1,2,2,1.0,3,38421,M,4518440.0,576821.0,38
201200027800,12,4,7,225,3,1,1,2.0,6,38382,M,,,38
201200027801,12,4,7,2310,5,2,2,2.0,3,38185,M,4518600.0,574279.0,38
201200027802,12,4,12,1105,1,2,1,1.0,6,38185,M,,,38
201200027803,12,4,15,620,5,2,2,2.0,2,38185,M,,,38
201200027804,12,4,19,1930,1,2,1,2.0,2,38179,M,,,38
201200027805,12,4,24,2330,3,1,1,2.0,6,38229,M,4520320.0,577554.0,38
201200027806,12,4,25,2200,5,2,1,1.0,1,38185,M,,,38
201200027807,12,4,26,1800,1,2,1,1.0,6,38185,M,,,38
201200027808,12,4,27,1340,1,2,1,1.0,2,38185,M,,,38
201200027809,12,4,28,1405,1,2,1,1.0,6,38185,M,,,38
201200027810,12,4,29,700,1,1,1,1.0,6,38421,M,4519570.0,578174.0,38
201200027811,12,5,2,2320,5,2,1,2.0,6,38185,M,,,38
201200027812,12,5,4,1400,1,2,1,1.0,6,38151,M,4515640.0,570835.0,38
201200027813,12,5,5,2230,5,1,1,2.0,6,38185,M,4517630.0,570215.0,38
201200027814,12,5,11,735,1,2,3,1.0,3,38151,M,4515080.0,571519.0,38
201200027815,12,5,11,2250,5,2,3,1.0,6,38151,M,4514870.0,571007.0,38
201200027816,12,5,14,1100,1,2,3,1.0,6,38179,M,4518300.0,579176.0,38
201200027817,12,5,15,1715,1,2,3,1.0,2,38421,M,4518200.0,576144.0,38
201200027818,12,5,17,145,5,2,1,1.0,6,38185,M,4518140.0,572465.0,38
201200027819,12,5,18,1620,1,2,1,1.0,6,38185,M,,,38
201200027820,12,5,22,905,1,2,2,2.0,3,38185,M,4518070.0,571957.0,38
201200027821,12,5,24,110,5,2,2,1.0,6,38185,M,,,38
201200027822,12,5,25,900,1,2,2,1.0,6,38169,M,4518960.0,568822.0,38
201200027823,12,5,25,1230,1,2,2,1.0,6,38151,M,,,38
201200027824,12,5,26,2119,5,2,1,1.0,7,38185,M,4519900.0,571098.0,38
201200027825,12,5,30,1830,1,2,2,1.0,3,38185,M,4518670.0,574396.0,38
201200027826,12,5,31,835,1,2,1,1.0,6,38185,M,,,38
201200027827,12,5,31,1540,1,2,1,1.0,6,38185,M,,,38
201200027828,12,5,31,2140,5,2,1,1.0,6,38516,M,4519700.0,574840.0,38
201200027829,12,6,1,835,1,2,2,1.0,3,38185,M,4515990.0,571375.0,38
201200027830,12,6,2,1500,1,2,3,1.0,6,38185,M,,,38
201200027831,12,6,4,1420,1,2,2,1.0,3,38151,M,4515190.0,570686.0,38
201200027832,12,6,5,1705,1,2,1,1.0,6,38185,M,,,38
201200027833,12,6,8,230,5,2,2,2.0,3,38185,M,,,38
201200027834,12,6,8,820,1,2,1,2.0,6,38185,M,,,38
201200027835,12,6,11,1108,1,2,2,1.0,6,38169,M,4519250.0,569473.0,38
201200027836,12,6,12,1715,1,2,2,2.0,3,38185,M,4518370.0,573356.0,38
201200027837,12,6,16,15,5,2,1,1.0,6,38185,M,,,38
201200027838,12,6,16,2310,3,1,1,1.0,6,38382,M,,,38
201200027839,12,6,18,1315,1,2,3,1.0,2,38179,M,4518650.0,580535.0,38
201200027840,12,6,18,1905,1,2,2,1.0,3,38185,M,,,38
201200027841,12,6,19,1640,1,2,5,1.0,6,38185,M,4518390.0,573156.0,38
201200027842,12,6,20,2010,1,2,2,1.0,3,38169,M,,,38
201200027843,12,6,21,840,1,2,1,1.0,2,38185,M,,,38
201200027844,12,6,21,1455,1,2,2,1.0,3,38185,M,,,38
201200027845,12,6,22,1330,1,2,1,1.0,6,38185,M,,,38
201200027846,12,6,26,1600,1,2,1,1.0,6,38185,M,,,38
201200027847,12,7,2,1150,1,2,1,2.0,6,38151,M,,,38
201200027848,12,7,5,2330,4,2,2,2.0,3,38185,M,,,38
201200027849,12,7,8,1830,1,2,2,1.0,3,38185,M,,,38
201200027850,12,7,10,1740,1,2,5,1.0,6,38185,M,4518670.0,574396.0,38
201200027851,12,7,13,1815,1,2,1,1.0,5,38185,M,,,38
201200027852,12,7,11,230,3,1,1,1.0,6,38421,M,4516600.0,575744.0,38
201200027853,12,7,13,1845,1,2,1,1.0,3,38185,M,,,38
201200027854,12,7,15,1500,1,2,1,1.0,6,38421,M,,,38
201200027855,12,7,23,2040,1,2,2,1.0,3,38185,M,,,38
201200027856,12,7,26,1345,1,2,1,1.0,6,38185,M,4519630.0,573532.0,38
201200027857,12,7,26,2146,5,2,2,1.0,6,38169,M,4519440.0,569450.0,38
201200027858,12,7,27,1915,1,2,1,1.0,4,38185,M,,,38
201200027859,12,7,31,1915,1,2,2,1.0,6,38185,M,4519130.0,571519.0,38
201200027860,12,8,2,730,1,2,2,1.0,3,38185,M,,,38
201200027861,12,8,2,1645,1,2,1,1.0,2,38185,M,,,38
201200027862,12,8,7,1245,1,1,1,1.0,2,38229,M,4520260.0,577141.0,38
201200027863,12,8,8,1645,1,2,1,1.0,1,38185,M,,,38
201200027864,12,8,9,1105,1,2,2,1.0,6,38185,M,,,38
201200027865,12,8,13,1700,1,2,1,1.0,6,38185,M,,,38
201200027866,12,8,14,1700,1,2,2,1.0,3,38185,M,,,38
201200027867,12,8,14,1840,1,2,2,1.0,3,38185,M,,,38
201200027868,12,8,16,950,1,2,2,1.0,3,38185,M,,,38
201200027869,12,8,23,945,1,2,1,1.0,6,38185,M,,,38
201200027870,12,8,23,1410,1,2,3,1.0,2,38185,M,4518710.0,572396.0,38
201200027871,12,8,31,1311,1,1,1,2.0,6,38179,M,,,38
201200027872,12,9,1,1540,1,2,1,2.0,6,38185,M,,,38
201200027873,12,9,2,1954,1,2,1,1.0,1,38185,M,,,38
201200027874,12,9,7,1345,1,1,1,1.0,2,38151,M,4515520.0,569916.0,38
201200027875,12,9,7,1545,1,1,6,1.0,3,38229,M,4520060.0,575921.0,38
201200027876,12,9,7,1940,1,2,2,1.0,3,38185,M,,,38
201200027877,12,9,10,1035,1,2,1,1.0,6,38421,M,,,38
201200027878,12,9,14,1240,1,2,1,1.0,6,38421,M,,,38
201200027879,12,9,19,940,1,2,2,1.0,6,38185,M,,,38
201200027880,12,9,20,1800,1,2,1,1.0,7,38185,M,,,38
201200027881,12,9,22,1419,1,2,1,1.0,6,38185,M,,,38
201200027882,12,9,28,545,5,1,1,1.0,6,38158,M,,,38
201200027883,12,9,28,1815,1,2,1,1.0,6,38185,M,,,38
201200027884,12,10,5,915,1,2,2,1.0,6,38185,M,,,38
201200027885,12,10,7,445,5,2,1,1.0,2,38229,M,4520930.0,577079.0,38
201200027886,12,10,8,50,5,2,1,1.0,3,38185,M,,,38
201200027887,12,10,12,1615,1,1,1,1.0,2,38185,M,4518520.0,570270.0,38
201200027888,12,10,13,1550,1,2,1,1.0,6,38185,M,,,38
201200027889,12,10,13,2100,5,2,2,1.0,3,38185,M,,,38
201200027890,12,10,15,625,5,2,2,2.0,3,38185,M,,,38
201200027891,12,10,16,1515,1,2,2,1.0,3,38185,M,,,38
201200027892,12,10,17,845,1,2,1,1.0,6,38185,M,,,38
201200027893,12,10,17,1155,1,2,1,1.0,3,38185,M,,,38
201200027894,12,10,18,1830,1,2,2,1.0,6,38185,M,,,38
201200027895,12,10,20,1645,1,2,2,1.0,3,38185,M,,,38
201200027896,12,11,6,1755,5,2,1,2.0,6,38185,M,,,38
201200027897,12,11,7,1445,1,2,1,1.0,6,38185,M,,,38
201200027898,12,11,8,750,1,1,1,1.0,6,38421,M,,,38
201200027899,12,11,12,1400,1,2,1,1.0,6,38185,M,,,38
201200027900,12,11,13,1817,3,1,1,1.0,2,38421,M,,,38
201200027901,12,11,14,1815,5,2,1,1.0,3,38185,M,,,38
201200027902,12,11,17,1555,1,2,1,1.0,6,38151,M,,,38
201200027903,12,11,18,350,5,2,2,1.0,3,38185,M,,,38
201200027904,12,11,21,1430,1,2,1,1.0,3,38185,M,,,38
201200027905,12,11,23,1810,5,2,1,1.0,6,38185,M,,,38
201200027906,12,11,26,1705,5,2,1,2.0,6,38185,M,,,38
201200027907,12,11,27,1755,5,2,1,2.0,6,38185,M,,,38
201200027908,12,11,28,1000,1,2,2,2.0,3,38185,M,,,38
201200027909,12,12,3,1205,1,2,1,3.0,6,38185,M,,,38
201200027910,12,12,4,1930,5,2,2,2.0,6,38185,M,,,38
201200027911,12,12,7,1420,1,2,1,4.0,2,38185,M,,,38
201200027912,12,12,9,1745,5,1,1,1.0,2,38516,M,,,38
201200027913,12,12,12,1155,1,2,1,1.0,6,38421,M,,,38
201200027914,12,12,12,1600,1,2,2,1.0,3,38169,M,,,38
201200027915,12,12,18,1015,1,2,1,1.0,6,38185,M,,,38
201200027916,12,12,19,2218,5,2,2,2.0,3,38151,M,,,38
201200027917,12,12,20,850,1,1,1,2.0,6,38185,M,,,38
201200027918,12,12,21,1830,5,2,1,1.0,6,38169,M,,,38
201200027919,12,12,27,750,1,2,9,1.0,3,38185,M,,,38
201200027920,12,1,24,1200,1,2,1,1.0,6,38544,M,,,38
201200027921,12,1,27,1440,1,2,1,1.0,3,38544,M,,,38
201200027922,12,2,2,1325,1,2,1,1.0,6,38318,M,,,38
201200027923,12,2,4,635,1,2,1,1.0,3,38544,M,,,38
201200027924,12,2,12,540,5,2,1,1.0,6,38318,M,,,38
201200027925,12,3,7,742,1,2,1,1.0,1,38544,M,,,38
201200027926,12,3,11,2300,5,2,1,1.0,6,38318,M,,,38
201200027927,12,3,28,1215,1,2,1,1.0,2,38544,M,,,38
201200027928,12,4,9,1835,1,2,2,1.0,6,38544,M,4550870.0,485809.0,38
201200027929,12,5,5,800,1,2,1,1.0,6,38544,M,,,38
201200027930,12,7,3,1715,1,2,1,1.0,3,38318,M,,,38
201200027931,12,10,7,700,1,1,1,1.0,3,38544,M,,,38
201200027932,12,10,27,1642,1,1,1,2.0,1,38318,M,,,38
201200027933,12,11,20,1415,1,2,1,1.0,6,38544,M,,,38
201200027934,12,1,4,1945,5,2,1,1.0,6,38563,M,,,38
201200027935,12,1,27,1657,1,1,1,1.0,6,38563,M,,,38
201200027936,12,1,30,803,1,2,1,8.0,6,38563,M,,,38
201200027937,12,2,6,1154,1,2,1,1.0,2,38563,M,,,38
201200027938,12,2,26,20,5,1,1,8.0,6,38563,M,,,38
201200027939,12,3,2,1159,1,2,1,1.0,2,38563,M,,,38
201200027940,12,3,8,1607,1,1,1,1.0,6,38563,M,,,38
201200027941,12,4,2,1730,1,1,1,7.0,4,38563,M,,,38
201200027942,12,4,20,830,1,2,1,1.0,6,38563,M,,,38
201200027943,12,4,25,1142,1,2,1,7.0,6,38563,M,,,38
201200027944,12,5,5,1920,1,2,1,1.0,3,38563,M,,,38
201200027945,12,5,28,1903,1,2,1,1.0,4,38563,M,,,38
201200027946,12,7,5,1800,1,2,1,1.0,6,38563,M,,,38
201200027947,12,8,29,1145,1,2,1,1.0,6,38563,M,,,38
201200027948,12,9,1,1817,1,2,7,2.0,3,38563,M,,,38
201200027949,12,10,5,1524,1,2,3,1.0,6,38563,M,4537000.0,558545.0,38
201200027950,12,10,29,45,3,2,1,4.0,6,38563,M,,,38
201200027951,12,12,11,2335,5,2,1,1.0,1,38563,M,,,38
201200027952,12,3,11,1510,1,2,2,1.0,3,39198,M,,,39
201200027953,12,4,19,815,1,2,1,2.0,7,39198,M,,,39
201200027954,12,6,2,2140,3,1,1,1.0,3,39198,M,,,39
201200027955,12,6,12,1105,1,2,1,1.0,6,39198,M,,,39
201200027956,12,9,11,1720,2,1,1,3.0,1,39150,M,,,39
201200027957,12,10,16,815,1,2,1,1.0,6,39198,M,,,39
201200027958,12,10,22,1110,1,2,1,7.0,6,39198,M,,,39
201200027959,12,11,27,1125,1,1,1,1.0,6,39198,M,,,39
201200027960,12,1,19,1850,5,2,1,2.0,6,39300,M,,,39
201200027961,12,2,7,1220,1,1,1,1.0,1,39411,M,,,39
201200027962,12,4,5,2059,2,2,1,1.0,6,39300,M,,,39
201200027963,12,5,31,1044,1,2,1,1.0,6,39300,M,,,39
201200027964,12,5,31,945,1,2,1,1.0,6,39300,M,,,39
201200027965,12,6,20,755,1,1,1,2.0,1,39300,M,,,39
201200027966,12,10,29,1625,1,2,1,1.0,6,39300,M,,,39
201200027967,12,1,7,1915,5,2,1,2.0,2,40088,M,4371720.0,-105344.0,40
201200027968,12,1,11,825,2,2,1,1.0,6,40088,M,4371280.0,-104937.0,40
201200027969,12,2,6,1950,5,1,8,1.0,3,40279,M,4371864.0,-108672.0,40
201200027970,12,3,25,1940,1,2,3,1.0,3,40279,M,4374081.0,-105354.0,40
201200027971,12,4,24,2310,3,1,1,1.0,6,40123,M,4377080.0,-109465.0,40
201200027972,12,4,26,650,2,2,3,2.0,3,40088,M,4338331.0,-104345.0,40
201200027973,12,4,28,840,1,2,1,2.0,6,40088,M,4371117.0,-105279.0,40
201200027974,12,4,28,1100,1,2,2,2.0,3,40088,M,4370212.0,-104704.0,40
201200027975,12,5,6,235,5,2,1,1.0,6,40088,M,4370404.0,-103939.0,40
201200027976,12,6,2,1930,1,2,1,1.0,6,40279,M,4373186.0,-106190.0,40
201200027977,12,6,6,1055,1,2,1,1.0,6,40088,M,4371174.0,-104894.0,40
201200027978,12,6,10,240,5,2,6,2.0,6,40088,M,4369721.0,-103822.0,40
201200027979,12,6,27,1215,1,2,6,1.0,3,40279,M,4372731.0,-106314.0,40
201200027980,12,7,27,915,1,2,1,1.0,6,40088,M,4370529.0,-105261.0,40
201200027981,12,8,9,2355,5,2,2,1.0,3,40088,M,4371590.0,-105385.0,40
201200027982,12,8,13,1050,1,2,2,7.0,6,40088,M,4370739.0,-104404.0,40
201200027983,12,8,15,630,5,2,1,1.0,1,40088,M,4369814.0,-107374.0,40
201200027984,12,9,20,908,1,2,1,1.0,6,40088,M,4371174.0,-104895.0,40
201200027985,12,9,29,1935,2,2,2,1.0,3,40279,M,4372680.0,-104451.0,40
201200027986,12,10,2,850,1,2,8,1.0,6,40088,M,4369914.0,-105429.0,40
201200027987,12,10,19,1240,1,2,1,3.0,6,40088,M,4371151.0,-104991.0,40
201200027988,12,10,30,1835,5,2,1,1.0,5,40088,M,4371802.0,-105310.0,40
201200027989,12,11,17,240,5,2,3,1.0,3,40088,M,4369417.0,-106947.0,40
201200027990,12,11,17,1925,3,2,1,1.0,1,40279,M,4373467.0,-104745.0,40
201200027991,12,1,27,1358,1,1,9,1.0,3,40192,M,4387670.0,-46421.0,40
201200027992,12,2,3,1640,1,1,1,1.0,5,40281,M,4386600.0,-49831.0,40
201200027993,12,2,11,900,1,1,1,1.0,7,40192,M,4392390.0,-49204.0,40
201200027994,12,3,1,630,3,2,1,1.0,3,40192,M,4390961.0,-44990.0,40
201200027995,12,3,8,2125,3,1,1,1.0,1,40281,M,4386789.0,-48313.0,40
201200027996,12,3,30,745,1,2,2,1.0,6,40192,M,4389502.0,-50537.0,40
201200027997,12,3,23,1400,1,2,1,1.0,3,40192,M,4388604.0,-49924.0,40
201200027998,12,3,25,525,5,2,1,1.0,2,40192,M,4388264.0,-49738.0,40
201200027999,12,4,16,1715,1,1,1,1.0,1,40192,M,4390892.0,-48634.0,40
201200028000,12,5,28,1105,1,2,3,1.0,2,40192,M,4388057.0,-48366.0,40
201200028001,12,5,31,1848,1,2,1,1.0,3,40281,M,4388150.0,-51885.0,40
201200028002,12,6,13,1150,1,2,6,2.0,2,40192,M,4390256.0,-47983.0,40
201200028003,12,6,22,1640,1,2,3,1.0,3,40281,M,4388092.0,-50354.0,40
201200028004,12,6,26,1710,1,2,3,1.0,2,40192,M,4387871.0,-47859.0,40
201200028005,12,6,26,2225,5,2,1,1.0,7,40192,M,4388153.0,-48600.0,40
201200028006,12,6,28,2155,1,2,3,1.0,6,40192,M,4390176.0,-50446.0,40
201200028007,12,6,29,1100,1,1,9,1.0,3,40281,M,4387517.0,-49238.0,40
201200028008,12,7,3,1745,1,2,1,1.0,6,40281,M,4388222.0,-50935.0,40
201200028009,12,7,27,1110,1,2,1,1.0,3,40192,M,4389854.0,-51146.0,40
201200028010,12,8,23,630,3,1,1,1.0,2,40281,M,4386201.0,-50417.0,40
201200028011,12,9,7,1710,1,2,2,1.0,3,40192,M,4388058.0,-48363.0,40
201200028012,12,9,11,750,1,2,4,1.0,3,40192,M,4388072.0,-50365.0,40
201200028013,12,9,17,850,1,2,6,8.0,3,40192,M,4388484.0,-47855.0,40
201200028014,12,10,16,1300,1,2,3,1.0,4,40192,M,4388693.0,-48826.0,40
201200028015,12,10,24,1125,1,2,1,1.0,6,40192,M,4390353.0,-50264.0,40
201200028016,12,11,8,1522,1,2,3,1.0,6,40192,M,4389353.0,-50132.0,40
201200028017,12,11,20,1725,1,2,3,1.0,3,40192,M,4388401.0,-49138.0,40
201200028018,12,12,18,1840,5,2,1,1.0,6,40281,M,4388162.0,-51893.0,40
201200028019,12,12,31,1400,1,2,1,1.0,3,40281,M,4387243.0,-51414.0,40
201200028020,12,2,23,1745,1,1,3,2.0,3,41018,M,4758940.0,135196.0,41
201200028021,12,3,2,2020,5,2,2,1.0,3,41018,M,,,41
201200028022,12,3,6,1630,1,2,1,2.0,7,41018,M,,,41
201200028023,12,3,16,835,1,1,1,1.0,5,41018,M,4760740.0,134229.0,41
201200028024,12,3,19,1650,1,2,1,1.0,6,41018,M,,,41
201200028025,12,3,18,1655,1,2,1,1.0,3,41212,M,4756150.0,137295.0,41
201200028026,12,4,3,1430,1,2,2,1.0,3,41018,M,4758400.0,133906.0,41
201200028027,12,4,5,800,1,2,1,1.0,2,41018,M,,,41
201200028028,12,4,5,1515,1,2,1,1.0,6,41018,M,,,41
201200028029,12,4,5,1755,1,2,2,1.0,3,41018,M,4758980.0,134193.0,41
201200028030,12,4,9,1925,1,1,1,1.0,6,41018,M,4757580.0,134614.0,41
201200028031,12,4,13,1643,1,2,1,1.0,4,41018,M,4758380.0,133949.0,41
201200028032,12,4,18,1709,1,2,1,3.0,2,41018,M,,,41
201200028033,12,4,25,1410,1,2,1,2.0,3,41018,M,,,41
201200028034,12,5,4,1220,1,2,1,1.0,4,41018,M,4759130.0,135766.0,41
201200028035,12,5,18,1048,1,2,1,1.0,2,41018,M,,,41
201200028036,12,5,23,1729,1,2,1,1.0,6,41018,M,,,41
201200028037,12,5,25,1535,1,1,1,1.0,4,41212,M,4756630.0,136554.0,41
201200028038,12,5,26,25,5,2,1,1.0,6,41018,M,,,41
201200028039,12,5,27,40,5,2,3,1.0,3,41018,M,,,41
201200028040,12,6,1,2350,3,1,1,1.0,2,41018,M,4757140.0,134375.0,41
201200028041,12,6,7,715,1,2,1,2.0,7,41018,M,,,41
201200028042,12,6,13,855,1,1,1,2.0,7,41018,M,4757230.0,134514.0,41
201200028043,12,6,15,1400,1,2,3,1.0,3,41018,M,,,41
201200028044,12,6,20,1340,1,2,1,1.0,1,41018,M,,,41
201200028045,12,6,20,2045,1,2,1,1.0,2,41018,M,,,41
201200028046,12,6,21,1330,1,2,3,1.0,3,41018,M,,,41
201200028047,12,6,23,1700,1,2,9,1.0,3,41018,M,4758330.0,134023.0,41
201200028048,12,6,24,550,5,2,1,1.0,7,41212,M,4756200.0,137275.0,41