Num_Acc,an,mois,jour,hrmn,lum,agg,int,atm,col,com,gps,lat,long,dep
201200028049,12,6,26,930,1,2,2,8.0,3,41018,M,,,41
201200028050,12,6,27,914,1,2,1,1.0,2,41018,M,,,41
201200028051,12,6,29,1315,1,1,1,1.0,7,41018,M,4761080.0,133797.0,41
201200028052,12,6,30,20,5,1,6,1.0,3,41018,M,4761110.0,133826.0,41
201200028053,12,7,2,1025,1,2,3,1.0,3,41018,M,,,41
201200028054,12,7,3,1513,1,2,1,1.0,7,41018,M,4757960.0,134576.0,41
201200028055,12,7,6,1432,1,2,1,2.0,2,41018,M,,,41
201200028056,12,7,13,1730,1,2,1,3.0,6,41047,M,,,41
201200028057,12,7,16,1300,1,2,1,1.0,7,41018,M,,,41
201200028058,12,7,25,1725,1,2,3,1.0,3,41018,M,,,41
201200028059,12,7,28,1613,1,2,2,1.0,3,41018,M,4758140.0,134309.0,41
201200028060,12,8,3,2020,1,2,1,1.0,7,41212,M,4756410.0,136897.0,41
201200028061,12,8,4,1540,1,2,1,1.0,7,41018,M,,,41
201200028062,12,8,8,1135,1,2,1,1.0,6,41018,M,,,41
201200028063,12,8,17,2015,1,2,2,1.0,3,41018,M,,,41
201200028064,12,8,28,1505,1,2,3,1.0,3,41018,M,,,41
201200028065,12,8,29,20,5,2,1,1.0,3,41018,M,,,41
201200028066,12,9,4,455,3,1,1,1.0,2,41212,M,4756810.0,136269.0,41
201200028067,12,9,4,840,1,2,1,1.0,6,41047,M,,,41
201200028068,12,9,5,1636,1,1,1,1.0,2,41018,M,4756240.0,137259.0,41
201200028069,12,9,6,1519,1,2,1,1.0,3,41018,M,,,41
201200028070,12,9,13,1635,1,2,1,1.0,7,41018,M,,,41
201200028071,12,9,24,755,2,2,1,3.0,7,41018,M,,,41
201200028072,12,9,22,1145,1,2,1,1.0,2,41018,M,,,41
201200028073,12,9,26,1845,1,2,1,3.0,5,41018,M,4757800.0,132101.0,41
201200028074,12,9,27,1730,1,2,1,1.0,5,41018,M,4759410.0,135375.0,41
201200028075,12,10,1,935,1,2,1,1.0,2,41018,M,,,41
201200028076,12,10,2,817,2,2,1,2.0,2,41018,M,,,41
201200028077,12,10,2,1215,1,2,1,1.0,2,41018,M,,,41
201200028078,12,10,3,1029,1,2,9,1.0,3,41018,M,4758240.0,134155.0,41
201200028079,12,10,8,1720,1,2,1,2.0,5,41018,M,,,41
201200028080,12,10,8,1750,1,2,1,2.0,2,41018,M,4760610.0,134389.0,41
201200028081,12,10,8,1633,1,2,1,2.0,7,41018,M,4759750.0,134927.0,41
201200028082,12,10,12,1120,1,2,1,1.0,3,41018,M,4758400.0,133908.0,41
201200028083,12,10,13,1535,1,2,1,1.0,2,41047,M,4760480.0,135149.0,41
201200028084,12,10,15,940,1,1,1,1.0,6,41018,M,,,41
201200028085,12,10,16,757,2,2,1,1.0,3,41018,M,,,41
201200028086,12,10,16,1525,1,2,1,1.0,6,41018,M,,,41
201200028087,12,10,18,1756,1,2,1,2.0,5,41018,M,,,41
201200028088,12,10,19,1825,5,2,1,2.0,4,41018,M,,,41
201200028089,12,10,22,730,3,1,1,1.0,3,41018,M,4759550.0,135199.0,41
201200028090,12,10,26,2015,5,2,1,2.0,3,41018,M,,,41
201200028091,12,10,30,1835,5,2,1,1.0,2,41018,M,,,41
201200028092,12,10,30,1340,1,2,2,1.0,3,41018,M,,,41
201200028093,12,10,31,1750,2,1,1,1.0,2,41018,M,4761520.0,133299.0,41
201200028094,12,11,6,1005,1,2,1,1.0,3,41018,M,,,41
201200028095,12,11,9,1619,1,2,1,1.0,5,41018,M,,,41
201200028096,12,11,13,845,1,2,1,1.0,6,41018,M,,,41
201200028097,12,11,13,1611,1,2,2,1.0,3,41018,M,,,41
201200028098,12,11,16,1724,5,2,1,5.0,2,41018,M,,,41
201200028099,12,11,21,824,1,1,1,2.0,7,41018,M,,,41
201200028100,12,11,22,1100,1,2,3,1.0,3,41018,M,,,41
201200028101,12,11,26,1613,1,1,1,1.0,7,41018,M,,,41
201200028102,12,11,27,1820,3,1,6,1.0,3,41047,M,,,41
201200028103,12,11,29,1749,5,2,1,1.0,1,41018,M,,,41
201200028104,12,12,1,1700,2,1,1,1.0,4,41018,M,4754690.0,128823.0,41
201200028105,12,12,1,1606,1,2,3,1.0,3,41018,M,,,41
201200028106,12,12,2,1457,1,2,1,1.0,7,41212,M,4756150.0,137564.0,41
201200028107,12,12,3,1110,1,2,1,2.0,7,41018,M,,,41
201200028108,12,12,3,1610,5,2,1,3.0,6,41018,M,,,41
201200028109,12,12,4,1805,5,1,1,1.0,3,41018,M,,,41
201200028110,12,12,5,1016,1,2,1,1.0,2,41212,M,,,41
201200028111,12,12,10,1228,1,2,1,1.0,6,41018,M,,,41
201200028112,12,12,11,738,2,2,6,1.0,3,41018,M,4758470.0,131836.0,41
201200028113,12,12,11,751,2,2,1,1.0,3,41047,M,4760940.0,133979.0,41
201200028114,12,12,12,1046,1,2,1,1.0,2,41047,M,4760790.0,135503.0,41
201200028115,12,12,13,1315,1,2,1,1.0,7,41018,M,,,41
201200028116,12,12,15,750,5,2,1,2.0,7,41047,M,,,41
201200028117,12,12,15,1750,3,1,1,2.0,2,41018,M,,,41
201200028118,12,12,16,130,3,2,1,2.0,6,41018,M,,,41
201200028119,12,12,20,928,1,1,1,3.0,6,41018,M,4759390.0,135403.0,41
201200028120,12,12,19,1630,1,2,1,1.0,6,41018,M,,,41
201200028121,12,12,21,1241,1,1,1,1.0,2,41018,M,4759550.0,135199.0,41
201200028122,12,12,22,1151,1,1,1,3.0,4,41212,M,4756040.0,137316.0,41
201200028123,12,12,25,1650,1,2,1,3.0,7,41018,M,,,41
201200028124,12,12,27,205,5,2,1,3.0,6,41018,M,,,41
201200028125,12,12,26,1700,1,1,1,1.0,3,41018,M,4759610.0,135112.0,41
201200028126,12,12,30,1335,1,2,1,1.0,3,41018,M,,,41
201200028127,12,12,29,945,1,2,1,1.0,4,41018,M,4757780.0,134847.0,41
201200028128,12,12,29,1030,1,2,1,7.0,7,41018,M,,,41
201200028129,12,7,1,925,1,2,3,1.0,3,41018,M,,,41
201200028130,12,1,6,1650,1,2,1,1.0,2,41212,M,4757780.0,137170.0,41
201200028131,12,1,10,1715,2,2,1,1.0,3,41018,M,4758250.0,134144.0,41
201200028132,12,1,11,1230,1,2,1,1.0,3,41047,M,4760800.0,135521.0,41
201200028133,12,1,12,1526,1,2,1,1.0,6,41018,M,,,41
201200028134,12,1,17,1349,1,2,2,1.0,3,41018,M,4757800.0,132101.0,41
201200028135,12,1,19,1800,5,2,1,1.0,2,41018,M,4759290.0,135538.0,41
201200028136,12,1,24,754,5,2,1,2.0,6,41018,M,,,41
201200028137,12,1,28,2150,3,2,1,2.0,3,41018,M,,,41
201200028138,12,1,30,1617,1,2,1,2.0,3,41018,M,,,41
201200028139,12,2,16,1500,1,2,1,1.0,3,41047,M,4761220.0,136012.0,41
201200028140,12,2,17,2020,5,2,1,1.0,2,41018,M,,,41
201200028141,12,3,6,530,5,2,1,1.0,6,41018,M,4757010.0,132446.0,41
201200028142,12,3,19,1704,1,2,1,1.0,6,41018,M,4757970.0,134556.0,41
201200028143,12,4,12,825,1,2,1,1.0,3,41018,M,,,41
201200028144,12,5,3,1640,1,2,1,1.0,6,41018,M,,,41
201200028145,12,5,6,2240,5,2,1,1.0,3,41018,M,,,41
201200028146,12,5,9,851,1,2,2,2.0,3,41018,M,4757800.0,132101.0,41
201200028147,12,5,11,1351,1,2,1,7.0,3,41018,M,,,41
201200028148,12,5,13,540,2,2,3,1.0,3,41018,M,4758940.0,135196.0,41
201200028149,12,5,29,1600,1,1,1,1.0,7,41018,M,4755550.0,129472.0,41
201200028150,12,6,15,310,5,2,1,2.0,6,41018,M,4757300.0,131175.0,41
201200028151,12,6,17,1640,1,2,1,1.0,3,41018,M,,,41
201200028152,12,7,7,1730,1,2,1,1.0,6,41018,M,,,41
201200028153,12,7,13,1315,1,2,6,3.0,6,41018,M,4761420.0,133414.0,41
201200028154,12,7,22,535,2,1,1,1.0,2,41212,M,4756120.0,137344.0,41
201200028155,12,9,3,1411,1,2,1,1.0,5,41018,M,4759110.0,135787.0,41
201200028156,12,9,6,1205,1,2,1,1.0,3,41018,M,,,41
201200028157,12,9,15,1720,1,2,1,1.0,3,41212,M,,,41
201200028158,12,9,21,1744,1,2,2,3.0,1,41018,M,,,41
201200028159,12,9,29,1505,1,2,1,1.0,6,41018,M,,,41
201200028160,12,9,28,1135,1,2,1,1.0,2,41018,M,4759590.0,135137.0,41
201200028161,12,10,4,1957,2,2,2,1.0,3,41018,M,,,41
201200028162,12,9,19,1125,1,2,1,1.0,6,41018,M,,,41
201200028163,12,11,8,1450,1,2,1,1.0,4,41018,M,,,41
201200028164,12,11,28,1710,1,2,1,8.0,5,41018,M,,,41
201200028165,12,12,21,1241,1,2,1,1.0,3,41018,M,,,41
201200028166,12,11,21,1145,1,2,1,2.0,1,41047,M,,,41
201200028167,12,1,22,400,5,2,6,1.0,6,41194,M,4734230.0,174904.0,41
201200028168,12,1,24,750,5,2,3,8.0,1,41194,M,,,41
201200028169,12,1,24,1800,5,2,2,2.0,1,41194,M,,,41
201200028170,12,2,2,1700,1,2,1,1.0,6,41194,M,,,41
201200028171,12,3,3,2040,5,2,2,2.0,3,41194,M,4738370.0,172857.0,41
201200028172,12,5,25,710,1,2,3,1.0,3,41194,M,,,41
201200028173,12,6,26,1825,1,2,1,1.0,6,41194,M,,,41
201200028174,12,7,16,2015,2,2,1,1.0,2,41194,M,,,41
201200028175,12,8,26,310,3,1,1,1.0,7,41194,M,,,41
201200028176,12,12,3,1755,5,2,1,2.0,6,41194,M,,,41
201200028177,12,1,13,1800,5,2,3,1.0,3,41269,M,,,41
201200028178,12,3,3,1230,1,2,2,1.0,3,41269,M,,,41
201200028179,12,3,9,1330,1,2,3,1.0,3,41269,M,,,41
201200028180,12,3,25,1350,1,1,1,1.0,3,41269,M,,,41
201200028181,12,3,28,1625,1,2,1,1.0,6,41269,M,,,41
201200028182,12,3,24,1625,1,1,1,1.0,7,41269,M,,,41
201200028183,12,4,5,1915,1,2,2,1.0,3,41269,M,,,41
201200028184,12,5,4,830,1,2,1,2.0,7,41269,M,,,41
201200028185,12,5,15,2010,1,1,1,1.0,3,41226,M,4782100.0,106810.0,41
201200028186,12,5,21,1235,1,2,2,2.0,3,41269,M,,,41
201200028187,12,5,30,735,1,2,3,1.0,3,41269,M,,,41
201200028188,12,7,6,1740,1,2,2,2.0,2,41269,M,,,41
201200028189,12,8,9,1705,1,2,7,1.0,7,41269,M,,,41
201200028190,12,8,10,1155,1,2,1,1.0,7,41158,M,,,41
201200028191,12,8,3,625,1,2,6,1.0,7,41226,M,4781820.0,107586.0,41
201200028192,12,8,24,1435,1,2,2,1.0,3,41269,M,4779750.0,107377.0,41
201200028193,12,8,30,1400,1,1,1,1.0,1,41269,M,4779860.0,106729.0,41
201200028194,12,9,7,810,1,2,1,1.0,1,41269,M,,,41
201200028195,12,9,23,1600,1,2,2,1.0,3,41269,M,4779360.0,107616.0,41
201200028196,12,9,25,1835,1,2,6,1.0,6,41269,M,,,41
201200028197,12,10,7,1510,1,2,1,1.0,6,41269,M,,,41
201200028198,12,10,30,2345,5,2,1,1.0,7,41269,M,,,41
201200028199,12,11,13,1810,5,2,2,1.0,3,41269,M,,,41
201200028200,12,11,19,950,1,2,2,1.0,3,41269,M,,,41
201200028201,12,12,1,1825,5,2,2,1.0,3,41269,M,,,41
201200028202,12,1,19,1645,1,1,1,1.0,1,42095,M,4540748.0,429373.0,42
201200028203,12,2,5,1740,2,2,1,1.0,6,42316,M,4539411.0,426589.0,42
201200028204,12,2,7,940,1,2,1,1.0,6,42044,M,4539296.0,432165.0,42
201200028205,12,2,28,1125,1,2,1,1.0,6,42044,M,4539694.0,432354.0,42
201200028206,12,3,11,330,5,2,1,1.0,6,42183,M,4540807.0,437342.0,42
201200028207,12,3,11,1845,1,2,1,1.0,1,42316,M,4539330.0,427042.0,42
201200028208,12,3,14,1830,2,1,1,1.0,7,42095,M,4537340.0,430682.0,42
201200028209,12,3,24,1700,1,1,1,1.0,2,42270,M,4538906.0,422837.0,42
201200028210,12,3,29,715,1,2,1,1.0,3,42095,M,4538819.0,429625.0,42
201200028211,12,4,20,2214,5,1,1,2.0,6,42095,M,4537758.0,427303.0,42
201200028212,12,5,14,640,2,2,1,7.0,3,42095,M,4539149.0,428418.0,42
201200028213,12,5,14,820,1,1,3,1.0,1,42031,M,4540826.0,424568.0,42
201200028214,12,5,17,2000,1,1,1,1.0,3,42031,M,4540392.0,423581.0,42
201200028215,12,5,18,2315,5,2,1,1.0,6,42183,M,4540348.0,435868.0,42
201200028216,12,5,22,1730,1,2,1,2.0,6,42095,M,4539704.0,428972.0,42
201200028217,12,5,19,1620,1,2,1,1.0,6,42316,M,4559780.0,428236.0,42
201200028218,12,5,15,1025,1,2,1,1.0,4,42095,M,4539263.0,429159.0,42
201200028219,12,6,4,1840,1,2,1,1.0,6,42044,M,4539584.0,432204.0,42
201200028220,12,6,5,1910,1,1,1,1.0,6,42031,M,4540705.0,423698.0,42
201200028221,12,6,10,1905,1,1,1,1.0,7,42316,M,4540100.0,425565.0,42
201200028222,12,7,20,2055,2,2,1,8.0,1,42031,M,4540539.0,423897.0,42
201200028223,12,7,27,1800,1,2,1,1.0,6,42183,M,4540441.0,436571.0,42
201200028224,12,8,10,1810,1,1,3,1.0,3,42099,M,4539684.0,425869.0,42
201200028225,12,7,27,1420,1,2,1,1.0,3,42316,M,4539263.0,426950.0,42
201200028226,12,8,23,1940,1,2,1,1.0,6,42183,M,4540504.0,437191.0,42
201200028227,12,8,26,1820,1,2,1,1.0,3,42044,M,4539467.0,430853.0,42
201200028228,12,10,2,1420,1,1,1,1.0,1,42031,M,4540432.0,423201.0,42
201200028229,12,10,4,1425,1,1,9,1.0,3,42270,M,4539611.0,423285.0,42
201200028230,12,10,29,1545,1,2,3,1.0,3,42095,M,4538986.0,429438.0,42
201200028231,12,12,10,1800,5,2,1,1.0,1,42316,M,4539481.0,428035.0,42
201200028232,12,12,14,1340,1,2,1,1.0,4,42044,M,4539579.0,431788.0,42
201200028233,12,12,23,345,5,2,2,1.0,3,42044,M,4539599.0,432200.0,42
201200028234,12,1,8,1600,1,2,9,1.0,2,42103,M,4550020.0,456651.0,42
201200028235,12,1,16,1430,1,1,1,1.0,3,42103,M,4550173.0,456388.0,42
201200028236,12,3,15,1805,1,2,1,1.0,5,42186,M,4552521.0,460923.0,42
201200028237,12,3,26,845,1,2,1,7.0,6,42186,M,4553223.0,462750.0,42
201200028238,12,5,16,2040,1,2,1,1.0,1,42186,M,4553058.0,461669.0,42
201200028239,12,5,26,2107,2,2,1,1.0,1,42259,M,4554217.0,459432.0,42
201200028240,12,8,24,1845,1,2,1,3.0,6,42123,M,4551727.0,459183.0,42
201200028241,12,8,31,1750,1,2,1,1.0,6,42186,M,4552885.0,461730.0,42
201200028242,12,9,13,1755,1,2,1,1.0,6,42123,M,4550387.0,457915.0,42
201200028243,12,7,11,1300,1,2,1,1.0,3,42186,M,4551907.0,459465.0,42
201200028244,12,9,28,1133,1,2,1,1.0,6,42186,M,4553037.0,461937.0,42
201200028245,12,11,2,1600,1,2,1,1.0,2,42103,M,4549440.0,456120.0,42
201200028246,12,12,8,1850,5,2,1,1.0,6,42103,M,4549891.0,456568.0,42
201200028247,12,12,13,950,1,1,1,1.0,6,42225,M,4550299.0,454868.0,42
201200028248,12,4,13,1200,1,2,3,1.0,3,42186,M,4553261.0,462724.0,42
201200028249,12,7,29,1712,1,2,1,1.0,3,42186,M,4552500.0,460950.0,42
201200028250,12,12,26,1910,5,2,1,1.0,6,42207,M,4547609.0,452097.0,42
201200028251,12,1,11,1100,1,2,1,1.0,6,42187,M,4603945.0,407970.0,42
201200028252,12,2,12,450,5,2,3,1.0,3,42187,M,4603879.0,405668.0,42
201200028253,12,2,9,845,1,1,1,1.0,5,42170,M,4603733.0,413910.0,42
201200028254,12,2,25,450,5,2,1,2.0,6,42184,M,4603729.0,404562.0,42
201200028255,12,1,10,1205,1,2,4,1.0,5,42187,M,4603217.0,406463.0,42
201200028256,12,1,31,1820,5,2,1,1.0,6,42187,M,4604366.0,406116.0,42
201200028257,12,2,2,1115,1,2,1,4.0,6,42187,M,4604167.0,407282.0,42
201200028258,12,2,17,1920,5,2,1,1.0,2,42187,M,4602691.0,406283.0,42
201200028259,12,2,21,1719,1,2,3,1.0,3,42184,M,4605308.0,406487.0,42
201200028260,12,2,28,1754,2,2,1,1.0,2,42184,M,4603981.0,405175.0,42
201200028261,12,2,29,1235,1,2,1,1.0,1,42187,M,4605036.0,406686.0,42
201200028262,12,3,4,1750,1,2,1,2.0,1,42187,M,4603026.0,405036.0,42
201200028263,12,3,6,900,1,2,2,2.0,3,42184,M,4605543.0,404793.0,42
201200028264,12,3,7,1330,1,2,3,1.0,3,42187,M,4606292.0,407584.0,42
201200028265,12,3,15,841,1,2,1,1.0,7,42184,M,4603013.0,404333.0,42
201200028266,12,3,15,1220,1,1,1,1.0,3,42071,M,4600986.0,409734.0,42
201200028267,12,3,20,2352,5,2,2,1.0,3,42184,M,4605066.0,406661.0,42
201200028268,12,3,22,2045,5,2,3,1.0,2,42071,M,4602309.0,408784.0,42
201200028269,12,5,29,1250,1,2,1,1.0,4,42187,M,4603958.0,407449.0,42
201200028270,12,3,26,945,1,2,1,1.0,6,42187,M,4603847.0,407280.0,42
201200028271,12,3,27,1640,1,2,1,1.0,2,42187,M,4603251.0,408018.0,42
201200028272,12,3,30,1130,1,2,2,1.0,3,42187,M,4604076.0,405638.0,42
201200028273,12,3,30,1530,1,2,1,1.0,4,42187,M,4603160.0,406764.0,42
201200028274,12,3,30,1634,1,2,1,1.0,3,42187,M,4603981.0,406137.0,42
201200028275,12,3,31,1755,1,2,2,1.0,7,42187,M,4603727.0,407543.0,42
201200028276,12,4,2,1310,1,2,3,1.0,5,42187,M,4602690.0,406285.0,42
201200028277,12,4,3,1445,1,1,1,2.0,6,42127,M,4608615.0,407477.0,42
201200028278,12,4,5,1800,1,2,3,1.0,2,42187,M,4603941.0,406527.0,42
201200028279,12,4,12,1250,1,2,3,2.0,3,42187,M,4604371.0,406119.0,42
201200028280,12,4,15,2235,5,2,2,2.0,3,42187,M,4603448.0,406961.0,42
201200028281,12,4,20,1320,1,2,2,1.0,3,42071,M,4603085.0,408619.0,42
201200028282,12,4,25,438,5,2,2,1.0,3,42187,M,4605990.0,408796.0,42
201200028283,12,4,25,1210,1,2,3,1.0,3,42187,M,4605006.0,408390.0,42
201200028284,12,4,26,1200,1,2,1,1.0,6,42187,M,4603993.0,407249.0,42
201200028285,12,5,3,1100,1,2,1,1.0,2,42187,M,4603857.0,405842.0,42
201200028286,12,5,4,1800,1,2,3,2.0,2,42187,M,4604076.0,405728.0,42
201200028287,12,5,5,1110,1,2,1,1.0,4,42187,M,4605066.0,406588.0,42
201200028288,12,5,5,1625,1,2,1,2.0,3,42187,M,4602146.0,405028.0,42
201200028289,12,5,7,1655,1,2,1,1.0,2,42127,M,4606572.0,405562.0,42
201200028290,12,6,7,1835,1,1,1,2.0,1,42170,M,4606346.0,412321.0,42
201200028291,12,6,16,50,5,2,1,1.0,6,42187,M,4603853.0,405854.0,42
201200028292,12,6,27,755,1,2,1,1.0,3,42071,M,4602321.0,409368.0,42
201200028293,12,5,9,1115,1,2,1,1.0,6,42184,M,4605149.0,404471.0,42
201200028294,12,5,11,1710,1,2,1,1.0,2,42187,M,4604270.0,406665.0,42
201200028295,12,5,24,1630,1,2,2,1.0,1,42071,M,4601774.0,409124.0,42
201200028296,12,5,26,1030,1,1,1,1.0,7,42170,M,4604696.0,413009.0,42
201200028297,12,6,2,920,1,2,6,1.0,3,42184,M,4604750.0,405192.0,42
201200028298,12,6,2,1644,1,1,1,1.0,6,42184,M,4604290.0,405279.0,42
201200028299,12,6,5,1710,1,1,1,1.0,4,42127,M,4605613.0,407321.0,42
201200028300,12,6,6,745,1,1,1,2.0,5,42170,M,4603177.0,409948.0,42
201200028301,12,6,7,1705,1,2,1,2.0,3,42187,M,4604566.0,407453.0,42
201200028302,12,6,8,1400,1,2,2,1.0,3,42127,M,4606563.0,406822.0,42
201200028303,12,6,28,1120,1,2,1,1.0,5,42184,M,4603945.0,403881.0,42
201200028304,12,6,12,1030,1,2,1,2.0,6,42187,M,4606709.0,407814.0,42
201200028305,12,6,13,811,1,2,2,1.0,3,42184,M,4604765.0,403817.0,42
201200028306,12,6,22,1925,1,2,1,1.0,2,42187,M,4603497.0,407866.0,42
201200028307,12,6,23,1050,1,2,1,1.0,2,42184,M,4603961.0,404607.0,42
201200028308,12,6,23,1556,1,2,1,1.0,3,42127,M,4606695.0,406324.0,42
201200028309,12,7,7,1713,1,2,6,1.0,3,42187,M,4605352.0,407346.0,42
201200028310,12,7,9,1030,1,2,1,1.0,4,42187,M,4603795.0,407735.0,42
201200028311,12,7,9,1800,1,1,2,1.0,1,42127,M,4611212.0,408024.0,42
201200028312,12,7,10,2030,3,1,1,1.0,7,42127,M,4607832.0,408596.0,42
201200028313,12,7,13,2030,2,2,2,2.0,3,42187,M,4604240.0,405821.0,42
201200028314,12,7,29,1734,1,2,3,1.0,3,42071,M,4603160.0,408256.0,42
201200028315,12,8,6,1935,1,2,6,1.0,3,42127,M,4606323.0,406234.0,42
201200028316,12,8,23,2235,5,2,2,2.0,3,42187,M,4604895.0,408690.0,42
201200028317,12,7,16,1900,1,2,3,1.0,3,42071,M,4603628.0,408612.0,42
201200028318,12,7,18,1712,1,2,4,1.0,3,42187,M,4605997.0,407627.0,42
201200028319,12,7,23,1625,1,2,1,1.0,1,42187,M,4604268.0,408136.0,42
201200028320,12,7,27,1025,1,2,1,1.0,3,42187,M,4603461.0,407854.0,42
201200028321,12,7,27,1455,1,2,3,1.0,3,42187,M,4603051.0,407533.0,42
201200028322,12,7,30,1610,1,2,1,1.0,7,42187,M,4602445.0,406826.0,42
201200028323,12,7,30,1800,1,2,2,1.0,3,42187,M,4604107.0,406871.0,42
201200028324,12,8,1,1500,1,2,4,1.0,3,42127,M,4606598.0,405724.0,42
201200028325,12,8,12,2008,2,1,1,1.0,7,42170,M,4603737.0,411252.0,42
201200028326,12,8,13,1740,1,2,1,1.0,3,42187,M,4605029.0,406416.0,42
201200028327,12,9,7,1935,1,2,1,1.0,7,42127,M,4605830.0,406829.0,42
201200028328,12,8,17,940,1,2,1,1.0,4,42187,M,4604306.0,407224.0,42
201200028329,12,8,19,315,5,2,1,1.0,7,42071,M,4601198.0,409211.0,42
201200028330,12,8,19,2215,5,2,4,1.0,3,42071,M,4601243.0,409448.0,42
201200028331,12,8,22,1340,1,2,4,1.0,3,42187,M,4604505.0,406033.0,42
201200028332,12,8,26,25,5,2,2,1.0,3,42187,M,4604626.0,408500.0,42
201200028333,12,8,29,1055,1,2,5,1.0,6,42187,M,4604355.0,406763.0,42
201200028334,12,9,4,1350,1,2,1,1.0,2,42187,M,4603075.0,406703.0,42
201200028335,12,9,4,2110,5,2,1,1.0,6,42187,M,4604131.0,407099.0,42
201200028336,12,9,6,1350,1,2,4,1.0,3,42187,M,4602654.0,406999.0,42
201200028337,12,9,6,1345,1,2,1,1.0,6,42071,M,4602429.0,409087.0,42
201200028338,12,9,9,105,5,2,1,1.0,6,42187,M,4603639.0,406355.0,42
201200028339,12,9,6,1005,1,2,1,1.0,6,42187,M,4604023.0,406325.0,42
201200028340,12,10,19,150,5,2,1,1.0,2,42187,M,4603664.0,407540.0,42
201200028341,12,10,29,1710,5,2,2,1.0,3,42184,M,4604737.0,403601.0,42
201200028342,12,11,24,655,3,1,1,1.0,7,42127,M,4608316.0,407704.0,42
201200028343,12,10,21,1930,5,2,4,1.0,3,42184,M,4603935.0,404213.0,42
201200028344,12,9,21,1420,1,2,2,1.0,3,42187,M,4603950.0,406362.0,42
201200028345,12,9,21,1610,1,2,1,1.0,3,42187,M,4604430.0,407122.0,42
201200028346,12,9,21,1335,1,2,1,1.0,7,42187,M,4602481.0,407277.0,42
201200028347,12,10,2,1010,1,1,1,1.0,2,42187,M,4604248.0,409572.0,42
201200028348,12,10,3,1645,1,2,2,1.0,3,42187,M,4604240.0,405821.0,42
201200028349,12,10,3,1710,1,2,1,1.0,3,42071,M,4601660.0,409628.0,42
201200028350,12,10,5,1553,1,2,1,1.0,2,42184,M,4604304.0,404544.0,42
201200028351,12,10,10,1030,1,2,1,1.0,6,42071,M,4602694.0,408537.0,42
201200028352,12,10,12,2320,3,2,1,1.0,7,42170,M,4603585.0,417762.0,42
201200028353,12,10,15,1350,1,2,1,1.0,5,42187,M,4603302.0,407881.0,42
201200028354,12,11,11,23,5,2,1,2.0,4,42187,M,4604816.0,407420.0,42
201200028355,12,11,11,1834,5,2,6,1.0,3,42187,M,4603208.0,406806.0,42
201200028356,12,10,19,1850,3,2,2,1.0,3,42187,M,4604102.0,406855.0,42
201200028357,12,10,24,645,5,2,4,1.0,3,42071,M,4602952.0,408605.0,42
201200028358,12,11,3,1855,5,2,4,1.0,4,42187,M,4605732.0,408730.0,42
201200028359,12,11,3,2230,5,2,1,1.0,3,42187,M,4604225.0,407955.0,42
201200028360,12,11,5,820,1,2,1,1.0,3,42187,M,4605605.0,407422.0,42
201200028361,12,11,7,820,1,2,1,1.0,3,42187,M,4605420.0,409248.0,42
201200028362,12,11,7,1405,1,2,1,1.0,3,42187,M,4605411.0,407942.0,42
201200028363,12,11,21,1935,5,2,1,2.0,6,42187,M,4603256.0,405755.0,42
201200028364,12,11,22,1630,1,2,1,1.0,6,42184,M,4604775.0,405119.0,42
201200028365,12,11,24,1615,1,2,2,1.0,3,42187,M,4604078.0,405800.0,42
201200028366,12,12,1,1810,5,2,4,1.0,3,42187,M,4603268.0,407949.0,42
201200028367,12,12,27,1630,2,2,1,2.0,3,42127,M,4606359.0,405732.0,42
201200028368,12,12,27,845,1,2,1,1.0,6,42071,M,4602498.0,408670.0,42
201200028369,12,11,26,1645,2,2,1,2.0,6,42187,M,4603116.0,406735.0,42
201200028370,12,11,29,913,1,2,1,1.0,6,42187,M,4603491.0,406654.0,42
201200028371,12,12,5,1810,5,2,1,2.0,6,42187,M,4604209.0,407301.0,42
201200028372,12,12,7,1205,1,2,1,2.0,2,42187,M,4604851.0,408624.0,42
201200028373,12,12,9,1337,1,2,1,1.0,2,42187,M,4602708.0,406806.0,42
201200028374,12,12,15,1955,5,2,1,1.0,6,42187,M,4605918.0,408777.0,42
201200028375,12,12,16,1150,1,2,3,1.0,5,42187,M,4603587.0,407956.0,42
201200028376,12,12,21,745,4,2,1,1.0,3,42187,M,4603269.0,407687.0,42
201200028377,12,12,21,1345,1,1,1,1.0,7,42127,M,4608409.0,406466.0,42
201200028378,12,12,21,1640,3,1,1,2.0,3,42127,M,4607490.0,403986.0,42