Num_Acc,an,mois,jour,hrmn,lum,agg,int,atm,col,com,gps,lat,long,dep
201200028379,12,12,22,2100,3,1,1,1.0,7,42170,M,4603666.0,410432.0,42
201200028380,12,12,29,1040,1,2,3,1.0,3,42071,M,4602501.0,408656.0,42
201200028381,12,2,21,1600,1,2,1,1.0,2,42207,M,4548242.0,451573.0,42
201200028382,12,2,18,1900,5,2,1,1.0,1,42207,M,4547092.0,451004.0,42
201200028383,12,3,17,2035,5,2,2,1.0,3,42207,M,4547871.0,452515.0,42
201200028384,12,4,2,1815,1,1,4,1.0,3,42207,M,4545492.0,447856.0,42
201200028385,12,4,21,2125,5,2,2,1.0,3,42207,M,4549207.0,452505.0,42
201200028386,12,5,11,2351,5,2,2,1.0,6,42207,M,4547098.0,451611.0,42
201200028387,12,5,30,1015,1,1,1,1.0,2,42207,M,4547392.0,447938.0,42
201200028388,12,8,11,2100,2,2,4,1.0,2,42207,M,4547493.0,451984.0,42
201200028389,12,8,18,400,5,2,1,1.0,3,42207,M,4545923.0,450556.0,42
201200028390,12,10,1,1925,2,2,1,1.0,7,42207,M,4546436.0,450467.0,42
201200028391,12,1,1,251,3,2,1,1.0,6,42218,M,4543041.0,443429.0,42
201200028392,12,12,31,1035,1,2,1,1.0,3,42218,M,4524711.0,423225.0,42
201200028393,12,1,2,1920,5,2,6,3.0,6,42218,M,4542096.0,441279.0,42
201200028394,12,1,5,825,1,2,1,2.0,6,42218,M,4542053.0,439609.0,42
201200028395,12,1,5,1350,1,2,1,3.0,1,42218,M,4541510.0,439197.0,42
201200028396,12,1,3,1350,1,2,2,1.0,3,42218,M,4541700.0,439963.0,42
201200028397,12,1,3,1830,5,2,1,1.0,2,42223,M,4543304.0,434509.0,42
201200028398,12,1,4,1345,1,2,3,8.0,2,42189,M,4543233.0,432433.0,42
201200028399,12,1,3,848,1,2,1,1.0,3,42218,M,4545123.0,441536.0,42
201200028400,12,1,7,2305,5,2,1,1.0,5,42218,M,4542936.0,441143.0,42
201200028401,12,1,11,1120,1,2,1,1.0,6,42218,M,4541600.0,439405.0,42
201200028402,12,1,16,1735,2,2,1,1.0,3,42218,M,4544473.0,439856.0,42
201200028403,12,1,15,1405,1,2,2,1.0,6,42218,M,4544168.0,437891.0,42
201200028404,12,1,15,1415,1,2,1,1.0,1,42218,M,4542840.0,440506.0,42
201200028405,12,1,16,1645,1,2,1,1.0,6,42218,M,4542489.0,438880.0,42
201200028406,12,1,20,1125,1,2,2,2.0,3,42218,M,4542397.0,437518.0,42
201200028407,12,1,23,725,3,2,1,8.0,2,42218,M,4545731.0,440459.0,42
201200028408,12,1,25,845,1,2,1,1.0,6,42218,M,4544260.0,437915.0,42
201200028409,12,1,26,1630,1,2,2,1.0,3,42218,M,4545346.0,440006.0,42
201200028410,12,1,26,1820,3,2,1,1.0,4,42218,M,4542015.0,436872.0,42
201200028411,12,1,28,1835,5,2,2,1.0,6,42218,M,4544217.0,437904.0,42
201200028412,12,1,26,1512,1,2,1,1.0,6,42275,M,4544727.0,436326.0,42
201200028413,12,1,25,1732,2,2,1,1.0,6,42218,M,4544234.0,438234.0,42
201200028414,12,2,4,1000,1,2,1,1.0,2,42189,M,4543259.0,432892.0,42
201200028415,12,2,4,1423,1,1,1,1.0,2,42189,M,4542612.0,435874.0,42
201200028416,12,2,7,1000,1,2,4,1.0,3,42223,M,4543753.0,435920.0,42
201200028417,12,2,9,1246,1,2,1,1.0,6,42218,M,4544554.0,438686.0,42
201200028418,12,2,9,1731,2,2,1,1.0,6,42218,M,4544811.0,438603.0,42
201200028419,12,2,9,1919,5,2,1,1.0,5,42275,M,4547835.0,438132.0,42
201200028420,12,2,9,1930,5,1,6,1.0,2,42223,M,4543349.0,435021.0,42
201200028421,12,2,11,2225,5,2,1,9.0,7,42330,M,4547100.0,436163.0,42
201200028422,12,2,14,1210,1,2,2,1.0,5,42218,M,4546421.0,438203.0,42
201200028423,12,2,15,1725,1,2,1,2.0,6,42218,M,4544119.0,441716.0,42
201200028424,12,2,17,1615,1,2,1,1.0,6,42218,M,4542379.0,439164.0,42
201200028425,12,2,17,904,1,2,1,1.0,6,42218,M,4543434.0,441716.0,42
201200028426,12,2,23,2028,5,2,2,1.0,3,42218,M,4544016.0,438256.0,42
201200028427,12,2,2,1140,1,2,2,8.0,3,42275,M,4547659.0,436460.0,42
201200028428,12,2,27,1003,1,2,1,1.0,6,42218,M,4543789.0,438746.0,42
201200028429,12,2,28,759,2,2,9,1.0,6,42218,M,4544650.0,439868.0,42
201200028430,12,2,29,745,1,2,2,1.0,3,42218,M,4542848.0,439427.0,42
201200028431,12,2,28,1500,1,2,2,1.0,3,42218,M,4546495.0,439869.0,42
201200028432,12,3,2,22,5,2,1,1.0,6,42218,M,4542377.0,439523.0,42
201200028433,12,3,6,1255,1,2,2,1.0,2,42189,M,4543436.0,433890.0,42
201200028434,12,8,3,445,5,2,1,1.0,6,42218,M,4544506.0,438627.0,42
201200028435,12,3,6,1630,1,2,1,1.0,6,42218,M,4543980.0,440297.0,42
201200028436,12,3,7,1224,1,2,1,1.0,3,42218,M,4544070.0,438002.0,42
201200028437,12,3,6,2230,5,2,6,1.0,3,42218,M,4542111.0,441105.0,42
201200028438,12,3,5,945,1,2,1,1.0,2,42218,M,4541997.0,439304.0,42
201200028439,12,3,8,1540,1,2,1,1.0,1,42218,M,4542279.0,438295.0,42
201200028440,12,3,8,1025,1,2,1,1.0,3,42237,M,4544979.0,444528.0,42
201200028441,12,3,12,1600,1,2,1,1.0,6,42218,M,4543647.0,443677.0,42
201200028442,12,3,10,1545,1,2,1,1.0,6,42218,M,4545395.0,441120.0,42
201200028443,12,3,10,1505,1,2,9,1.0,6,42218,M,4541978.0,439909.0,42
201200028444,12,3,13,2354,3,1,1,1.0,1,42189,M,4541521.0,430662.0,42
201200028445,12,3,15,1310,1,2,1,1.0,6,42218,M,4543504.0,438185.0,42
201200028446,12,3,16,1820,2,2,1,1.0,6,42218,M,4544784.0,438124.0,42
201200028447,12,3,15,1630,1,2,1,1.0,6,42305,M,4548036.0,443278.0,42
201200028448,12,3,22,1416,1,2,2,1.0,3,42218,M,4543395.0,439251.0,42
201200028449,12,3,24,2223,5,2,2,1.0,3,42218,M,4544666.0,439794.0,42
201200028450,12,3,21,1721,1,2,1,1.0,7,42237,M,4544862.0,444426.0,42
201200028451,12,3,28,924,1,2,1,1.0,6,42218,M,4546143.0,441691.0,42
201200028452,12,3,29,1530,1,2,1,1.0,6,42218,M,4542394.0,439650.0,42
201200028453,12,4,1,440,5,2,1,1.0,7,42218,M,4543733.0,441151.0,42
201200028454,12,4,4,1558,1,2,2,1.0,3,42218,M,4544007.0,439969.0,42
201200028455,12,4,10,756,1,2,3,1.0,3,42218,M,4541596.0,441607.0,42
201200028456,12,4,14,1955,1,2,2,1.0,3,42218,M,4543242.0,439034.0,42
201200028457,12,4,14,825,1,2,1,1.0,3,42218,M,4544722.0,436397.0,42
201200028458,12,4,14,1421,1,2,3,1.0,1,42218,M,4544040.0,445538.0,42
201200028459,12,3,23,1229,1,1,1,1.0,7,42223,M,4543330.0,435101.0,42
201200028460,12,3,2,1520,1,2,1,1.0,6,42218,M,4544674.0,438572.0,42
201200028461,12,4,18,2200,1,2,1,1.0,3,42218,M,4543440.0,439503.0,42
201200028462,12,4,19,1431,1,1,1,1.0,2,42218,M,4542326.0,436535.0,42
201200028463,12,4,19,1341,1,2,1,1.0,3,42218,M,4543983.0,440318.0,42
201200028464,12,4,20,2145,5,2,1,1.0,6,42218,M,4543789.0,443642.0,42
201200028465,12,4,20,1426,1,2,1,1.0,6,42218,M,4543773.0,439245.0,42
201200028466,12,4,22,15,5,2,3,2.0,7,42218,M,4545025.0,437959.0,42
201200028467,12,4,26,637,5,2,1,1.0,6,42218,M,4544357.0,437879.0,42
201200028468,12,4,26,1635,1,2,4,1.0,6,42218,M,4544454.0,438562.0,42
201200028469,12,4,21,1557,1,2,1,1.0,3,42218,M,4542362.0,437600.0,42
201200028470,12,4,29,1351,1,2,2,1.0,6,42218,M,4544386.0,438461.0,42
201200028471,12,5,4,745,1,2,2,1.0,3,42218,M,4543454.0,441521.0,42
201200028472,12,5,6,651,1,2,3,1.0,7,42218,M,4545262.0,439875.0,42
201200028473,12,5,6,1610,1,2,3,1.0,3,42218,M,4544686.0,438375.0,42
201200028474,12,5,8,212,5,2,1,9.0,7,42223,M,4543772.0,435994.0,42
201200028475,12,5,10,2240,5,2,1,1.0,5,42218,M,4544245.0,439794.0,42
201200028476,12,5,9,1030,1,2,1,1.0,3,42218,M,4544230.0,438640.0,42
201200028477,12,5,11,1545,1,2,3,1.0,6,42237,M,4544594.0,443943.0,42
201200028478,12,5,16,1145,1,2,3,1.0,6,42223,M,4544279.0,433853.0,42
201200028479,12,5,16,1645,1,2,1,1.0,6,42218,M,4542216.0,441443.0,42
201200028480,12,5,16,1251,1,2,1,1.0,6,42218,M,4544516.0,440277.0,42
201200028481,12,5,17,1930,1,2,5,1.0,3,42218,M,4542932.0,440968.0,42
201200028482,12,5,21,1805,1,2,1,1.0,6,42218,M,4541725.0,439467.0,42
201200028483,12,5,22,1400,1,2,1,1.0,2,42218,M,4544118.0,439921.0,42
201200028484,12,5,25,1800,1,2,1,1.0,6,42218,M,4543424.0,441535.0,42
201200028485,12,5,26,1830,1,2,2,1.0,3,42218,M,4544152.0,438792.0,42
201200028486,12,5,27,1615,1,2,1,1.0,1,42305,M,4547938.0,442349.0,42
201200028487,12,5,29,745,1,2,1,1.0,6,42305,M,4548079.0,443377.0,42
201200028488,12,6,5,1052,1,2,1,1.0,6,42218,M,4545306.0,438367.0,42
201200028489,12,6,6,945,1,2,1,1.0,6,42218,M,4543142.0,438935.0,42
201200028490,12,6,9,1830,1,1,3,1.0,3,42305,M,4548117.0,443484.0,42
201200028491,12,6,7,1530,1,2,1,1.0,7,42218,M,4542068.0,441217.0,42
201200028492,12,6,9,1945,1,1,1,1.0,3,42189,M,4543421.0,434120.0,42
201200028493,12,6,11,915,1,2,2,1.0,3,42218,M,4543084.0,439425.0,42
201200028494,12,6,8,525,5,2,1,1.0,6,42218,M,4542191.0,439223.0,42
201200028495,12,6,12,1350,1,2,1,1.0,6,42218,M,4541668.0,439350.0,42
201200028496,12,6,15,715,1,2,3,1.0,3,42275,M,4547936.0,436377.0,42
201200028497,12,6,15,1750,1,2,1,1.0,6,42218,M,4545558.0,438254.0,42
201200028498,12,6,17,1851,1,2,1,1.0,6,42218,M,4542499.0,439566.0,42
201200028499,12,6,18,1209,1,2,1,1.0,6,42218,M,4541912.0,440282.0,42
201200028500,12,6,20,1010,1,2,6,1.0,6,42218,M,4542709.0,440503.0,42
201200028501,12,6,20,1600,1,2,3,1.0,2,42218,M,4544797.0,440812.0,42
201200028502,12,6,21,2015,1,2,1,1.0,6,42218,M,4542714.0,441827.0,42
201200028503,12,6,20,1910,1,2,1,1.0,6,42218,M,4543616.0,443720.0,42
201200028504,12,6,23,937,1,2,1,1.0,2,42218,M,4544070.0,443088.0,42
201200028505,12,6,24,2130,5,2,1,1.0,6,42218,M,4543782.0,437551.0,42
201200028506,12,6,23,1144,1,2,1,1.0,6,42305,M,4547965.0,443108.0,42
201200028507,12,6,27,840,1,2,2,1.0,3,42218,M,4543098.0,439587.0,42
201200028508,12,6,29,1716,1,2,1,1.0,6,42218,M,4543327.0,438833.0,42
201200028509,12,7,2,841,1,2,4,2.0,3,42223,M,4543748.0,435907.0,42
201200028510,12,6,29,1541,1,2,3,1.0,2,42218,M,4543332.0,439543.0,42
201200028511,12,7,10,830,1,1,3,1.0,1,42218,M,4545155.0,427038.0,42
201200028512,12,7,4,856,1,2,3,1.0,2,42218,M,4545436.0,437891.0,42
201200028513,12,7,9,2130,2,2,2,1.0,3,42218,M,4544720.0,439321.0,42
201200028514,12,5,19,1432,1,2,1,1.0,3,42218,M,,,42
201200028515,12,7,17,2115,5,2,1,1.0,2,42275,M,4546792.0,437930.0,42
201200028516,12,7,17,1245,1,2,2,1.0,3,42218,M,4542397.0,437521.0,42
201200028517,12,7,20,1300,1,2,5,1.0,6,42218,M,4542144.0,439735.0,42
201200028518,12,7,19,1208,1,1,1,1.0,7,42223,M,4546686.0,431803.0,42
201200028519,12,7,20,1530,1,2,4,1.0,1,42305,M,4546901.0,442227.0,42
201200028520,12,7,22,1640,1,2,9,1.0,6,42330,M,4547472.0,435105.0,42
201200028521,12,7,23,1720,1,2,1,1.0,3,42218,M,4544667.0,437088.0,42
201200028522,12,7,26,1110,1,2,1,1.0,6,42330,M,4546251.0,436591.0,42
201200028523,12,7,25,1327,1,2,3,1.0,6,42218,M,4545343.0,440142.0,42
201200028524,12,7,26,1526,1,2,1,1.0,3,42218,M,4542494.0,440513.0,42
201200028525,12,7,28,520,2,2,1,1.0,6,42218,M,4543952.0,439849.0,42
201200028526,12,7,27,2015,2,2,2,1.0,3,42218,M,4544957.0,440259.0,42
201200028527,12,7,28,2230,5,2,2,1.0,6,42218,M,4544958.0,440259.0,42
201200028528,12,7,27,1421,1,2,3,1.0,3,42218,M,4544208.0,439619.0,42
201200028529,12,7,30,1810,1,2,1,1.0,5,42218,M,4544669.0,440741.0,42
201200028530,12,7,31,1955,1,2,1,1.0,6,42218,M,4543166.0,444380.0,42
201200028531,12,7,31,1141,1,2,2,1.0,3,42218,M,4544600.0,438598.0,42
201200028532,12,8,3,900,1,2,1,1.0,6,42218,M,4542952.0,438860.0,42
201200028533,12,8,7,1850,1,2,2,7.0,3,42218,M,4545359.0,439069.0,42
201200028534,12,8,14,35,5,2,5,1.0,3,42218,M,4546504.0,439873.0,42
201200028535,12,8,11,1140,1,2,1,1.0,2,42189,M,4543159.0,432151.0,42
201200028536,12,8,21,1703,1,2,1,1.0,6,42218,M,4543392.0,444000.0,42
201200028537,12,8,21,705,1,2,6,1.0,3,42218,M,4545784.0,440393.0,42
201200028538,12,8,24,2145,3,1,1,1.0,1,42218,M,4543755.0,429870.0,42
201200028539,12,8,24,1646,1,2,3,1.0,6,42218,M,4543526.0,438048.0,42
201200028540,12,8,25,1959,1,2,1,1.0,6,42218,M,4544380.0,441804.0,42
201200028541,12,8,26,1935,1,2,1,1.0,6,42218,M,4544862.0,438863.0,42
201200028542,12,8,27,2045,5,2,2,1.0,3,42218,M,4544560.0,438296.0,42
201200028543,12,8,28,2148,5,2,2,1.0,3,42218,M,4543097.0,439547.0,42
201200028544,12,8,30,1830,1,2,1,1.0,6,42218,M,4544695.0,438446.0,42
201200028545,12,8,30,1850,1,2,1,1.0,6,42218,M,4542070.0,442525.0,42
201200028546,12,8,31,1135,1,2,3,1.0,3,42218,M,4543988.0,439587.0,42
201200028547,12,9,4,805,1,2,1,1.0,6,42218,M,4542865.0,439966.0,42
201200028548,12,9,6,1113,1,2,1,1.0,2,42218,M,4543215.0,439279.0,42
201200028549,12,9,7,1350,1,2,1,1.0,3,42218,M,4541394.0,439246.0,42
201200028550,12,9,9,125,3,1,1,1.0,7,42330,M,4547187.0,434546.0,42
201200028551,12,9,8,1940,1,2,1,1.0,3,42218,M,4542068.0,441217.0,42
201200028552,12,9,10,1800,1,2,1,1.0,3,42218,M,4544668.0,438197.0,42
201200028553,12,9,10,2010,5,2,1,1.0,2,42189,M,4543236.0,432508.0,42
201200028554,12,9,12,729,1,2,3,2.0,3,42218,M,4546487.0,439880.0,42
201200028555,12,9,13,1950,2,2,1,1.0,6,42218,M,4544041.0,437703.0,42
201200028556,12,9,14,1710,1,2,1,1.0,6,42218,M,4547401.0,439460.0,42
201200028557,12,9,19,1555,1,2,3,1.0,3,42218,M,4541530.0,437495.0,42
201200028558,12,9,9,1425,1,2,1,1.0,6,42218,M,4544742.0,441113.0,42
201200028559,12,9,20,1935,2,2,1,1.0,3,42218,M,4540990.0,438116.0,42
201200028560,12,9,23,2330,5,2,3,1.0,3,42218,M,4544207.0,439624.0,42
201200028561,12,9,24,825,1,2,1,8.0,3,42218,M,4543154.0,437459.0,42
201200028562,12,9,20,1242,1,2,9,1.0,2,42330,M,4547798.0,434713.0,42
201200028563,12,9,26,1635,1,2,1,3.0,4,42330,M,4547587.0,434682.0,42
201200028564,12,9,28,1006,1,2,3,1.0,6,42218,M,4543498.0,441618.0,42
201200028565,12,9,29,1119,1,2,1,2.0,1,42218,M,4544351.0,442861.0,42
201200028566,12,9,30,1240,1,2,1,1.0,6,42218,M,4543888.0,443610.0,42
201200028567,12,9,26,1535,1,2,1,3.0,2,42218,M,4544670.0,438244.0,42
201200028568,12,9,17,740,1,2,1,1.0,6,42218,M,4543545.0,438741.0,42
201200028569,12,10,1,1400,1,2,2,1.0,3,42218,M,4542464.0,443734.0,42
201200028570,12,11,3,1200,1,2,1,1.0,6,42218,M,4540735.0,438055.0,42
201200028571,12,10,4,1115,1,2,3,1.0,3,42218,M,4544676.0,440559.0,42
201200028572,12,10,9,1042,1,2,2,8.0,5,42218,M,4545365.0,438835.0,42
201200028573,12,10,10,2110,5,2,3,2.0,3,42218,M,4544957.0,440260.0,42
201200028574,12,9,27,1300,1,2,6,1.0,7,42218,M,4546182.0,441708.0,42
201200028575,12,10,1,1635,1,2,1,2.0,7,42218,M,4543516.0,436895.0,42
201200028576,12,10,12,1320,1,2,1,1.0,6,42218,M,4545126.0,439004.0,42
201200028577,12,10,12,1221,1,2,3,1.0,6,42218,M,4544628.0,436230.0,42
201200028578,12,10,18,720,5,2,1,6.0,6,42218,M,4542776.0,441718.0,42
201200028579,12,10,17,1942,5,2,1,8.0,6,42218,M,4546002.0,440916.0,42
201200028580,12,10,18,1610,1,2,1,6.0,3,42218,M,4544335.0,439686.0,42
201200028581,12,10,20,2105,5,2,9,1.0,1,42218,M,4545304.0,436670.0,42
201200028582,12,10,20,2312,5,2,1,1.0,6,42218,M,4543928.0,439756.0,42
201200028583,12,10,22,1051,1,2,1,1.0,6,42218,M,4542034.0,439262.0,42
201200028584,12,10,22,1807,1,1,1,1.0,2,42223,M,,,42
201200028585,12,10,24,1630,1,2,1,1.0,2,42189,M,4543453.0,434014.0,42
201200028586,12,10,28,1210,1,2,1,6.0,7,42218,M,4542343.0,440004.0,42
201200028587,12,10,29,1607,1,2,1,1.0,6,42218,M,4543358.0,439230.0,42
201200028588,12,10,31,820,1,2,3,1.0,3,42218,M,4543789.0,440685.0,42
201200028589,12,10,29,1537,1,2,1,1.0,6,42218,M,4541795.0,439455.0,42
201200028590,12,11,5,1920,5,2,1,1.0,3,42218,M,4541722.0,440048.0,42
201200028591,12,11,7,1038,1,1,1,1.0,7,42218,M,4542051.0,441049.0,42
201200028592,12,11,7,1000,1,2,1,1.0,2,42218,M,4543408.0,442990.0,42
201200028593,12,11,6,1915,5,2,1,2.0,6,42218,M,4541848.0,442242.0,42
201200028594,12,11,9,1420,1,2,1,1.0,2,42218,M,4544665.0,438378.0,42
201200028595,12,11,12,725,1,2,1,1.0,1,42218,M,4542147.0,442766.0,42
201200028596,12,11,14,2352,5,2,3,1.0,3,42218,M,4544225.0,438239.0,42
201200028597,12,11,12,1421,1,2,2,1.0,3,42218,M,4544262.0,437915.0,42
201200028598,12,11,16,1352,1,2,1,1.0,3,42218,M,4543823.0,439742.0,42
201200028599,12,11,18,957,1,2,1,1.0,6,42218,M,4543814.0,443632.0,42
201200028600,12,11,19,957,1,1,1,1.0,4,42223,M,4543234.0,434665.0,42
201200028601,12,11,16,1130,1,2,1,1.0,6,42218,M,4542960.0,439385.0,42
201200028602,12,11,20,1450,1,2,1,1.0,7,42218,M,4541685.0,438359.0,42
201200028603,12,11,21,1905,5,2,1,5.0,6,42218,M,4543867.0,443620.0,42
201200028604,12,11,22,1415,1,2,1,1.0,6,42218,M,4541377.0,439607.0,42
201200028605,12,11,22,950,1,2,2,1.0,6,42218,M,4541563.0,439501.0,42
201200028606,12,11,22,1124,1,2,1,1.0,7,42223,M,4546218.0,433651.0,42
201200028607,12,11,23,2152,5,2,2,1.0,3,42218,M,4544702.0,438494.0,42
201200028608,12,11,23,2040,5,2,3,1.0,3,42218,M,4546050.0,439656.0,42
201200028609,12,11,22,2013,5,2,1,1.0,3,42218,M,4545255.0,439036.0,42
201200028610,12,11,26,839,1,1,1,3.0,4,42330,M,4544839.0,433754.0,42
201200028611,12,11,26,1355,1,2,1,3.0,2,42218,M,4544158.0,437894.0,42
201200028612,12,11,28,1820,5,2,3,3.0,6,42218,M,4545920.0,438200.0,42
201200028613,12,11,30,1805,3,1,1,1.0,2,42330,M,4547180.0,434551.0,42
201200028614,12,11,26,840,1,2,1,2.0,6,42218,M,4543789.0,438853.0,42
201200028615,12,12,1,100,5,2,1,8.0,1,42218,M,4543835.0,436607.0,42
201200028616,12,12,2,1112,1,1,1,4.0,3,42305,M,4547583.0,441102.0,42
201200028617,12,12,5,1733,4,2,1,1.0,6,42330,M,4546610.0,435211.0,42
201200028618,12,12,10,1025,1,2,1,4.0,6,42218,M,4541430.0,439540.0,42
201200028619,12,12,10,1020,1,2,1,2.0,6,42218,M,4542787.0,440020.0,42
201200028620,12,12,10,1604,1,2,1,4.0,6,42218,M,4540860.0,444667.0,42
201200028621,12,12,10,1240,1,2,2,1.0,3,42218,M,4543896.0,438291.0,42
201200028622,12,12,13,715,5,2,1,1.0,3,42218,M,4543849.0,439648.0,42
201200028623,12,12,13,1115,1,2,1,1.0,4,42218,M,4541330.0,439341.0,42
201200028624,12,12,19,2000,5,2,1,1.0,6,42218,M,4542782.0,438408.0,42
201200028625,12,12,26,1435,1,2,2,1.0,3,42218,M,4546493.0,439866.0,42
201200028626,12,12,27,1900,5,2,1,2.0,6,42218,M,,,42
201200028627,12,12,28,1450,1,2,1,1.0,6,42218,M,4542914.0,440918.0,42
201200028628,12,1,6,745,5,2,1,2.0,6,43157,M,,,43
201200028629,12,1,6,1545,1,2,1,1.0,6,43157,M,,,43
201200028630,12,1,10,1405,1,2,1,1.0,6,43157,M,,,43
201200028631,12,1,10,1950,5,2,3,1.0,3,43157,M,,,43
201200028632,12,1,14,1937,5,2,1,1.0,6,43157,M,,,43
201200028633,12,1,25,1500,1,2,1,1.0,6,43157,M,,,43
201200028634,12,2,3,1520,1,2,1,1.0,6,43251,M,,,43
201200028635,12,2,3,1320,1,2,1,1.0,6,43089,M,,,43
201200028636,12,2,10,1525,1,2,1,1.0,6,43157,M,,,43
201200028637,12,2,22,2025,5,2,1,1.0,6,43157,M,,,43
201200028638,12,2,24,1832,5,2,1,1.0,6,43157,M,,,43
201200028639,12,2,25,1110,1,2,1,1.0,6,43002,M,,,43
201200028640,12,3,1,1150,1,2,1,1.0,6,43157,M,,,43
201200028641,12,3,1,1015,1,2,1,1.0,6,43041,M,,,43
201200028642,12,3,15,1740,1,2,1,1.0,6,43041,M,,,43
201200028643,12,3,23,1235,1,2,1,1.0,6,43157,M,,,43
201200028644,12,3,31,1440,1,2,1,1.0,6,43157,M,,,43
201200028645,12,4,13,2115,5,2,1,1.0,6,43157,M,,,43
201200028646,12,5,3,1255,1,2,1,1.0,6,43002,M,,,43
201200028647,12,5,4,730,1,2,1,1.0,6,43157,M,,,43
201200028648,12,5,29,2000,1,2,9,1.0,3,43089,M,,,43
201200028649,12,6,5,1915,1,2,1,1.0,2,43157,M,,,43
201200028650,12,6,18,1050,1,2,1,1.0,6,43041,M,,,43
201200028651,12,6,27,1110,1,2,1,1.0,2,43041,M,,,43
201200028652,12,7,3,1215,1,2,1,1.0,6,43157,M,,,43
201200028653,12,7,9,1020,1,2,1,1.0,2,43157,M,,,43
201200028654,12,7,12,757,1,2,1,1.0,3,43157,M,,,43
201200028655,12,7,12,1715,1,2,1,1.0,3,43157,M,,,43
201200028656,12,7,13,1745,1,2,1,1.0,6,43046,M,,,43
201200028657,12,7,25,1835,1,2,1,1.0,3,43157,M,,,43
201200028658,12,8,2,1347,1,2,1,1.0,6,43157,M,,,43
201200028659,12,8,12,1515,1,1,1,1.0,6,43157,M,,,43
201200028660,12,8,28,1050,1,2,1,2.0,6,43157,M,,,43
201200028661,12,9,4,1420,1,2,1,1.0,6,43157,M,,,43
201200028662,12,9,13,1350,1,2,1,1.0,6,43157,M,,,43
201200028663,12,9,19,1530,1,2,1,1.0,1,43041,M,,,43
201200028664,12,9,20,1805,1,2,1,1.0,6,43157,M,,,43
201200028665,12,10,4,723,3,2,1,1.0,6,43251,M,,,43
201200028666,12,10,5,1730,1,2,1,1.0,3,43157,M,,,43
201200028667,12,10,14,1,5,2,1,1.0,6,43157,M,,,43
201200028668,12,10,19,1210,1,2,1,1.0,3,43041,M,,,43
201200028669,12,10,22,1135,1,2,1,1.0,2,43251,M,,,43
201200028670,12,10,22,1450,1,2,1,1.0,6,43041,M,,,43
201200028671,12,10,27,2145,5,2,2,1.0,3,43157,M,,,43
201200028672,12,11,9,1730,5,2,1,1.0,2,43157,M,,,43
201200028673,12,11,14,1855,5,2,1,1.0,1,43046,M,,,43
201200028674,12,12,6,1715,2,2,1,1.0,6,43157,M,,,43
201200028675,12,12,6,1355,1,2,1,1.0,6,43157,M,,,43
201200028676,12,12,17,915,1,2,1,1.0,6,43089,M,,,43
201200028677,12,12,17,1800,5,2,1,1.0,2,43251,M,,,43
201200028678,12,12,19,1330,1,2,1,1.0,6,43157,M,,,43
201200028679,12,12,22,525,5,2,1,1.0,6,43157,M,,,43
201200028680,12,12,23,1200,1,2,1,1.0,6,43157,M,,,43
201200028681,12,1,1,1705,3,2,3,3.0,3,44132,M,,,44
201200028682,12,1,3,1915,5,2,9,3.0,3,44055,M,,,44
201200028683,12,1,3,2015,5,2,3,3.0,3,44132,M,,,44
201200028684,12,1,10,1700,1,1,1,1.0,6,44055,M,,,44
201200028685,12,1,27,1920,5,1,3,1.0,6,44055,M,,,44
201200028686,12,3,2,1820,1,2,1,1.0,3,44055,M,,,44
201200028687,12,3,11,240,5,2,6,1.0,7,44132,M,,,44
201200028688,12,3,13,900,1,2,1,1.0,6,44055,M,,,44
201200028689,12,3,18,1450,1,2,1,1.0,2,44055,M,,,44
201200028690,12,3,25,450,3,1,1,1.0,7,44055,M,,,44
201200028691,12,4,1,1650,1,2,1,1.0,3,44132,M,,,44
201200028692,12,4,2,1335,1,2,1,1.0,6,44132,M,,,44
201200028693,12,4,18,1125,1,2,3,2.0,3,44135,M,,,44
201200028694,12,4,19,2000,2,2,2,1.0,5,44132,M,,,44
201200028695,12,5,10,1835,1,2,1,1.0,6,44055,M,,,44
201200028696,12,5,11,1140,1,2,1,1.0,7,44055,M,,,44
201200028697,12,5,11,1700,1,2,3,1.0,3,44132,M,,,44
201200028698,12,5,13,1127,1,2,1,1.0,6,44055,M,,,44
201200028699,12,5,13,1820,1,1,1,1.0,4,44055,M,,,44
201200028700,12,5,14,1540,1,2,1,1.0,7,44132,M,,,44
201200028701,12,5,19,1250,1,2,1,3.0,6,44135,M,,,44
201200028702,12,6,6,650,1,2,3,1.0,3,44055,M,,,44