Num_Acc,an,mois,jour,hrmn,lum,agg,int,atm,col,com,gps,lat,long,dep
201200028703,12,6,22,1920,1,2,3,1.0,3,44055,M,,,44
201200028704,12,7,2,1849,1,2,2,2.0,3,44132,M,,,44
201200028705,12,7,7,50,5,2,1,1.0,6,44055,M,,,44
201200028706,12,7,15,2335,3,1,4,1.0,7,44132,M,,,44
201200028707,12,7,18,1805,1,2,1,1.0,3,44055,M,,,44
201200028708,12,7,21,1000,1,2,1,1.0,6,44132,M,,,44
201200028709,12,7,23,1800,1,2,1,1.0,6,44055,M,,,44
201200028710,12,7,24,240,5,2,1,1.0,7,44132,M,,,44
201200028711,12,7,24,1605,1,2,6,1.0,6,44055,M,,,44
201200028712,12,8,17,1925,1,2,2,1.0,3,44055,M,,,44
201200028713,12,8,17,1315,1,2,1,1.0,6,44055,M,,,44
201200028714,12,8,28,1345,1,2,1,1.0,1,44135,M,,,44
201200028715,12,9,11,1805,1,2,1,1.0,6,44055,M,,,44
201200028716,12,10,14,330,5,2,2,3.0,2,44055,M,,,44
201200028717,12,10,31,2015,5,2,2,8.0,3,44055,M,,,44
201200028718,12,10,31,2030,5,2,6,2.0,3,44055,M,,,44
201200028719,12,11,2,1945,5,2,3,2.0,3,44132,M,,,44
201200028720,12,11,12,2140,3,1,1,1.0,6,44055,M,,,44
201200028721,12,12,23,355,5,2,1,1.0,1,44055,M,,,44
201200028722,12,1,3,1725,5,2,2,2.0,3,44109,M,,,44
201200028723,12,12,22,705,5,2,3,9.0,3,44162,M,,,44
201200028724,12,1,4,2025,3,1,1,1.0,6,44162,M,,,44
201200028725,12,1,6,720,3,2,1,1.0,6,44162,M,,,44
201200028726,12,1,6,725,5,2,1,1.0,6,44109,M,,,44
201200028727,12,1,6,810,1,2,3,1.0,6,44109,M,,,44
201200028728,12,1,5,1045,1,2,1,1.0,6,44114,M,,,44
201200028729,12,1,9,1855,5,2,6,1.0,3,44109,M,,,44
201200028730,12,1,10,1800,5,2,1,1.0,6,44109,M,,,44
201200028731,12,1,10,916,1,2,1,1.0,6,44162,M,,,44
201200028732,12,3,29,925,1,2,3,1.0,3,44109,M,,,44
201200028733,12,1,13,830,1,2,1,1.0,6,44109,M,,,44
201200028734,12,1,11,1800,3,1,1,1.0,3,44162,M,,,44
201200028735,12,1,12,1455,1,1,1,1.0,6,44162,M,,,44
201200028736,12,1,12,805,2,2,1,9.0,7,44109,M,,,44
201200028737,12,1,12,930,1,2,1,1.0,6,44109,M,,,44
201200028738,12,1,15,2015,5,2,2,1.0,3,44109,M,,,44
201200028739,12,1,16,815,2,2,1,1.0,6,44109,M,,,44
201200028740,12,1,17,1100,1,2,2,1.0,3,44109,M,,,44
201200028741,12,1,18,800,5,2,1,1.0,6,44162,M,,,44
201200028742,12,1,19,1115,1,2,1,1.0,6,44143,M,,,44
201200028743,12,1,20,2054,5,2,1,1.0,6,44109,M,,,44
201200028744,12,1,21,1940,5,2,1,1.0,6,44109,M,,,44
201200028745,12,1,24,1240,1,1,1,1.0,6,44162,M,,,44
201200028746,12,1,23,1834,5,2,9,1.0,6,44109,M,,,44
201200028747,12,1,24,900,1,2,1,1.0,6,44190,M,,,44
201200028748,12,1,24,1830,5,2,1,1.0,3,44162,M,,,44
201200028749,12,1,24,850,1,1,1,1.0,5,44172,M,,,44
201200028750,12,1,26,1800,5,2,1,1.0,6,44109,M,,,44
201200028751,12,1,13,1540,1,2,1,1.0,3,44162,M,,,44
201200028752,12,1,26,740,5,2,1,3.0,6,44162,M,,,44
201200028753,12,1,27,1835,5,2,2,1.0,3,44109,M,,,44
201200028754,12,1,31,1355,1,2,1,1.0,6,44109,M,,,44
201200028755,12,1,26,830,2,2,1,9.0,6,44114,M,,,44
201200028756,12,1,22,1030,1,2,1,1.0,7,44109,M,,,44
201200028757,12,2,3,1345,1,2,1,1.0,3,44109,M,,,44
201200028758,12,2,4,800,5,2,1,2.0,6,44109,M,,,44
201200028759,12,2,5,15,5,2,1,4.0,5,44109,M,,,44
201200028760,12,2,6,830,1,2,1,8.0,6,44109,M,,,44
201200028761,12,2,9,2005,5,1,3,1.0,3,44109,M,,,44
201200028762,12,2,7,755,2,2,1,4.0,2,44162,M,,,44
201200028763,12,2,9,2010,5,2,1,1.0,3,44109,M,,,44
201200028764,12,2,10,2005,5,2,1,1.0,6,44109,M,,,44
201200028765,12,2,13,945,1,2,1,1.0,6,44109,M,,,44
201200028766,12,2,15,1415,1,2,6,1.0,3,44109,M,,,44
201200028767,12,2,15,1000,1,2,1,1.0,6,44109,M,,,44
201200028768,12,2,16,720,3,2,6,1.0,3,44190,M,,,44
201200028769,12,2,17,655,5,2,1,1.0,6,44109,M,,,44
201200028770,12,2,17,230,5,2,1,1.0,2,44109,M,,,44
201200028771,12,2,17,1545,1,2,1,1.0,6,44162,M,,,44
201200028772,12,2,22,940,1,2,1,1.0,3,44109,M,,,44
201200028773,12,2,22,2240,5,2,1,1.0,3,44109,M,,,44
201200028774,12,2,23,1350,1,2,1,8.0,1,44109,M,,,44
201200028775,12,2,27,715,3,1,1,1.0,2,44143,M,,,44
201200028776,12,2,27,1747,1,2,1,1.0,5,44109,M,,,44
201200028777,12,2,26,1935,5,2,3,1.0,3,44114,M,,,44
201200028778,12,2,16,1850,3,1,1,1.0,6,44009,M,,,44
201200028779,12,2,28,2050,5,2,1,1.0,6,44109,M,,,44
201200028780,12,2,29,1605,1,2,1,1.0,6,44109,M,,,44
201200028781,12,3,3,1340,1,2,8,1.0,3,44109,M,,,44
201200028782,12,1,30,1930,5,2,6,2.0,7,44190,M,,,44
201200028783,12,3,16,1250,1,2,1,1.0,2,44109,M,,,44
201200028784,12,2,9,2035,5,2,1,2.0,6,44109,M,,,44
201200028785,12,3,10,1310,1,2,1,1.0,2,44109,M,,,44
201200028786,12,3,14,1333,1,2,1,1.0,3,44109,M,,,44
201200028787,12,1,15,2000,5,2,1,1.0,6,44109,M,,,44
201200028788,12,3,15,610,5,2,2,9.0,6,44109,M,,,44
201200028789,12,3,16,1900,1,2,1,1.0,6,44109,M,,,44
201200028790,12,1,16,1900,1,2,1,1.0,6,44109,M,,,44
201200028791,12,3,22,540,5,2,1,1.0,5,44109,M,,,44
201200028792,12,1,22,540,5,2,1,1.0,5,44109,M,,,44
201200028793,12,3,25,600,5,2,3,1.0,3,44109,M,,,44
201200028794,12,1,23,2030,5,2,1,1.0,5,44109,M,,,44
201200028795,12,3,23,2030,5,2,1,1.0,5,44109,M,,,44
201200028796,12,3,25,745,3,1,1,1.0,7,44143,M,,,44
201200028797,12,3,17,1730,1,2,1,1.0,2,44162,M,,,44
201200028798,12,3,28,1320,1,2,1,1.0,3,44109,M,,,44
201200028799,12,1,28,1320,1,2,1,1.0,3,44109,M,,,44
201200028800,12,3,24,1700,1,1,1,1.0,6,44162,M,,,44
201200028801,12,3,27,1820,1,1,1,1.0,6,44109,M,,,44
201200028802,12,1,29,1520,1,2,1,1.0,6,44109,M,,,44
201200028803,12,1,30,1200,1,1,1,1.0,6,44026,M,,,44
201200028804,12,3,30,830,1,1,1,1.0,6,44162,M,,,44
201200028805,12,4,1,2000,5,2,1,1.0,6,44109,M,,,44
201200028806,12,4,1,2000,5,2,1,1.0,6,44109,M,,,44
201200028807,12,4,2,800,2,2,1,1.0,6,44109,M,,,44
201200028808,12,4,2,1000,1,2,1,1.0,6,44162,M,,,44
201200028809,12,4,2,1500,1,2,1,1.0,6,44109,M,,,44
201200028810,12,4,3,1800,1,2,1,1.0,6,44109,M,,,44
201200028811,12,4,3,2100,5,2,1,1.0,7,44109,M,,,44
201200028812,12,4,3,1600,1,2,1,1.0,6,44109,M,,,44
201200028813,12,4,3,1000,1,2,1,1.0,6,44109,M,,,44
201200028814,12,4,3,2000,5,2,1,1.0,6,44109,M,,,44
201200028815,12,4,3,1255,1,2,5,1.0,6,44109,M,,,44
201200028816,12,4,4,720,2,2,3,1.0,3,44109,M,,,44
201200028817,12,4,4,1000,1,2,1,2.0,1,44143,M,,,44
201200028818,12,4,5,1225,1,2,1,1.0,6,44109,M,,,44
201200028819,12,4,6,1600,1,2,3,1.0,3,44109,M,,,44
201200028820,12,4,8,1615,1,2,1,1.0,6,44109,M,,,44
201200028821,12,4,6,1325,1,2,1,1.0,3,44109,M,,,44
201200028822,12,4,11,830,1,2,1,2.0,6,44109,M,,,44
201200028823,12,4,10,2000,5,2,1,1.0,6,44162,M,,,44
201200028824,12,4,10,850,1,2,1,3.0,2,44162,M,,,44
201200028825,12,4,11,1220,1,2,1,1.0,2,44109,M,,,44
201200028826,12,4,14,830,1,2,2,1.0,3,44109,M,,,44
201200028827,12,4,16,1000,1,2,1,1.0,1,44109,M,,,44
201200028828,12,4,16,1035,1,2,1,1.0,6,44114,M,,,44
201200028829,12,4,15,1910,1,2,1,1.0,6,44162,M,,,44
201200028830,12,4,19,1625,1,2,3,1.0,7,44109,M,,,44
201200028831,12,4,19,5,5,2,6,1.0,3,44162,M,,,44
201200028832,12,4,23,2240,5,2,1,3.0,6,44109,M,,,44
201200028833,12,4,21,1925,1,2,1,1.0,6,44109,M,,,44
201200028834,12,4,20,1640,1,2,6,1.0,3,44109,M,,,44
201200028835,12,4,24,1500,1,2,1,1.0,6,44109,M,,,44
201200028836,12,4,24,1850,1,2,1,1.0,2,44109,M,,,44
201200028837,12,4,26,1755,1,2,1,1.0,6,44109,M,,,44
201200028838,12,4,28,945,1,2,1,1.0,6,44109,M,,,44
201200028839,12,4,30,1650,1,2,1,1.0,6,44109,M,,,44
201200028840,12,5,2,810,1,2,6,1.0,7,44109,M,,,44
201200028841,12,5,3,1715,1,1,1,2.0,6,44114,M,,,44
201200028842,12,5,5,230,3,1,1,1.0,2,44109,M,,,44
201200028843,12,5,6,500,5,2,1,1.0,4,44109,M,,,44
201200028844,12,5,4,730,1,1,1,2.0,5,44162,M,,,44
201200028845,12,5,7,1700,1,2,1,9.0,6,44109,M,,,44
201200028846,12,5,2,2030,2,2,1,9.0,2,44109,M,,,44
201200028847,12,5,11,930,1,2,1,1.0,6,44109,M,,,44
201200028848,12,5,10,1730,1,2,1,1.0,6,44109,M,,,44
201200028849,12,5,10,1720,1,2,3,1.0,3,44109,M,,,44
201200028850,12,5,11,1505,1,2,1,1.0,2,44109,M,,,44
201200028851,12,5,14,1715,1,2,1,1.0,1,44109,M,,,44
201200028852,12,5,12,1130,1,2,1,1.0,6,44109,M,,,44
201200028853,12,5,12,1530,1,2,1,1.0,7,44109,M,,,44
201200028854,12,5,11,1645,1,2,1,1.0,6,44162,M,,,44
201200028855,12,5,15,1835,1,2,1,1.0,3,44109,M,,,44
201200028856,12,5,16,800,1,2,1,1.0,2,44109,M,,,44
201200028857,12,5,15,1910,1,2,1,1.0,3,44109,M,,,44
201200028858,12,5,19,345,5,2,1,8.0,2,44109,M,,,44
201200028859,12,5,18,1655,1,2,1,1.0,6,44109,M,,,44
201200028860,12,5,16,1900,1,2,1,1.0,6,44109,M,,,44
201200028861,12,5,10,810,1,2,1,1.0,6,44190,M,,,44
201200028862,12,5,22,1625,1,2,1,1.0,2,44109,M,,,44
201200028863,12,5,22,1845,1,2,3,1.0,6,44143,M,,,44
201200028864,12,5,23,745,1,1,1,1.0,2,44143,M,,,44
201200028865,12,5,23,930,1,2,1,1.0,3,44109,M,,,44
201200028866,12,5,25,800,1,2,1,1.0,6,44109,M,,,44
201200028867,12,5,16,900,1,1,1,9.0,2,44162,M,,,44
201200028868,12,5,29,1400,1,2,1,1.0,6,44109,M,,,44
201200028869,12,5,26,1600,1,1,1,1.0,7,44109,M,,,44
201200028870,12,5,29,1747,1,2,1,1.0,5,44162,M,,,44
201200028871,12,5,25,1500,1,2,1,1.0,3,44109,M,,,44
201200028872,12,6,1,115,5,2,1,1.0,6,44109,M,,,44
201200028873,12,5,29,1840,1,2,1,1.0,6,44162,M,,,44
201200028874,12,5,30,1700,1,2,1,1.0,2,44109,M,,,44
201200028875,12,6,1,1710,1,2,3,1.0,3,44109,M,,,44
201200028876,12,6,1,1500,1,2,1,1.0,3,44109,M,,,44
201200028877,12,6,4,1800,1,1,1,1.0,7,44109,M,,,44
201200028878,12,6,6,1355,1,2,6,1.0,3,44109,M,,,44
201200028879,12,6,5,1000,1,2,1,1.0,6,44109,M,,,44
201200028880,12,6,6,1045,1,2,3,1.0,3,44109,M,,,44
201200028881,12,6,7,1530,1,2,1,6.0,1,44114,M,,,44
201200028882,12,6,8,1830,1,2,1,1.0,3,44109,M,,,44
201200028883,12,6,8,1640,1,2,1,1.0,2,44109,M,,,44
201200028884,12,6,8,1600,1,2,1,1.0,3,44109,M,,,44
201200028885,12,6,8,1625,2,2,5,1.0,1,44109,M,,,44
201200028886,12,7,6,1815,1,2,1,9.0,6,44109,M,,,44
201200028887,12,6,8,1555,1,2,1,1.0,6,44162,M,,,44
201200028888,12,6,9,2000,5,2,1,1.0,6,44109,M,,,44
201200028889,12,6,7,1200,1,2,1,1.0,3,44109,M,,,44
201200028890,12,6,16,1500,1,2,1,1.0,4,44109,M,,,44
201200028891,12,6,14,1920,1,2,1,1.0,6,44143,M,,,44
201200028892,12,6,16,405,5,2,1,1.0,7,44109,M,,,44
201200028893,12,6,15,1922,1,2,6,9.0,3,44162,M,,,44
201200028894,12,6,12,1500,1,2,1,1.0,3,44109,M,,,44
201200028895,12,6,18,1830,1,1,1,1.0,6,44020,M,,,44
201200028896,12,6,21,1900,1,2,1,1.0,6,44143,M,,,44
201200028897,12,6,21,1130,1,2,1,1.0,6,44109,M,,,44
201200028898,12,6,21,1935,1,2,1,1.0,6,44162,M,,,44
201200028899,12,3,8,1600,1,2,1,9.0,6,44109,M,,,44
201200028900,12,6,18,1800,1,2,1,9.0,6,44109,M,,,44
201200028901,12,6,25,735,1,2,1,8.0,6,44109,M,,,44
201200028902,12,6,21,900,1,2,1,1.0,3,44109,M,,,44
201200028903,12,6,22,1715,1,2,1,1.0,6,44162,M,,,44
201200028904,12,6,26,1300,1,2,1,1.0,2,44109,M,,,44
201200028905,12,6,26,1025,1,2,1,1.0,1,44162,M,,,44
201200028906,12,6,26,1250,1,2,1,1.0,5,44162,M,,,44
201200028907,12,6,28,1740,1,2,1,1.0,2,44162,M,,,44
201200028908,12,7,2,1700,1,2,1,1.0,3,44109,M,,,44
201200028909,12,7,3,1800,1,2,1,1.0,6,44109,M,,,44
201200028910,12,6,30,1500,1,2,1,1.0,6,44109,M,,,44
201200028911,12,7,4,1200,1,2,3,1.0,3,44162,M,,,44
201200028912,12,7,9,1826,1,2,1,1.0,6,44109,M,,,44
201200028913,12,7,11,610,2,2,1,1.0,6,44109,M,,,44
201200028914,12,7,12,1450,1,2,1,2.0,7,44114,M,,,44
201200028915,12,7,15,1620,1,2,1,1.0,6,44109,M,,,44
201200028916,12,7,13,1400,1,2,1,1.0,6,44114,M,,,44
201200028917,12,7,16,1040,1,2,1,1.0,6,44162,M,,,44
201200028918,12,7,16,800,1,2,1,1.0,6,44109,M,,,44
201200028919,12,7,21,1038,1,2,1,1.0,6,44109,M,,,44
201200028920,12,7,23,1225,1,2,1,1.0,3,44109,M,,,44
201200028921,12,7,23,910,1,2,1,1.0,6,44109,M,,,44
201200028922,12,7,26,2010,1,2,2,1.0,6,44109,M,,,44
201200028923,12,7,22,1255,1,2,1,1.0,6,44109,M,,,44
201200028924,12,7,29,2035,1,2,1,1.0,6,44109,M,,,44
201200028925,12,7,28,1730,1,2,1,1.0,6,44109,M,,,44
201200028926,12,8,1,1055,1,2,1,1.0,6,44109,M,,,44
201200028927,12,7,30,2125,1,2,1,1.0,6,44143,M,,,44
201200028928,12,7,31,1305,1,2,2,1.0,3,44109,M,,,44
201200028929,12,8,1,1350,1,2,1,1.0,1,44109,M,,,44
201200028930,12,8,1,1535,1,2,1,1.0,3,44109,M,,,44
201200028931,12,7,31,2130,1,1,6,1.0,3,44109,M,,,44
201200028932,12,8,2,1800,1,2,1,1.0,6,44109,M,,,44
201200028933,12,8,3,1555,1,2,3,1.0,3,44109,M,,,44
201200028934,12,8,6,245,5,2,1,1.0,1,44109,M,,,44
201200028935,12,7,31,1600,1,1,1,1.0,7,44018,M,,,44
201200028936,12,8,4,1530,1,2,9,9.0,2,44109,M,,,44
201200028937,12,8,6,1410,1,2,1,1.0,6,44114,M,,,44
201200028938,12,8,9,1215,1,2,6,1.0,3,44143,M,,,44
201200028939,12,8,10,1715,1,2,1,1.0,6,44109,M,,,44
201200028940,12,8,13,1850,1,2,8,1.0,6,44109,M,,,44
201200028941,12,8,7,1630,1,2,1,1.0,6,44143,M,,,44
201200028942,12,8,6,1700,1,2,1,1.0,3,44109,M,,,44
201200028943,12,8,16,815,1,2,3,1.0,3,44109,M,,,44
201200028944,12,8,15,1740,1,2,1,1.0,6,44143,M,,,44
201200028945,12,8,17,525,5,2,1,1.0,3,44109,M,,,44
201200028946,12,8,9,1320,1,1,1,1.0,6,44114,M,,,44
201200028947,12,9,13,840,1,2,2,1.0,3,44109,M,,,44
201200028948,12,8,20,1240,1,2,3,1.0,3,44109,M,,,44
201200028949,12,7,30,1416,1,2,2,1.0,3,44109,M,,,44
201200028950,12,8,27,1310,1,2,1,1.0,3,44109,M,,,44
201200028951,12,8,31,825,1,2,1,1.0,6,44109,M,,,44
201200028952,12,8,30,1825,1,2,1,1.0,3,44109,M,,,44
201200028953,12,9,2,1740,1,2,3,1.0,3,44109,M,,,44
201200028954,12,9,2,600,5,2,1,1.0,3,44109,M,,,44
201200028955,12,9,5,1115,1,2,3,1.0,3,44109,M,,,44
201200028956,12,9,5,1815,1,2,3,1.0,3,44109,M,,,44
201200028957,12,9,6,1,5,2,6,1.0,3,44109,M,,,44
201200028958,12,9,4,1300,1,1,1,1.0,7,44109,M,,,44
201200028959,12,9,6,1345,1,2,1,1.0,6,44109,M,,,44
201200028960,12,9,9,30,5,2,1,1.0,3,44109,M,,,44
201200028961,12,9,9,255,5,2,1,1.0,6,44109,M,,,44
201200028962,12,9,8,1030,1,2,3,1.0,6,44109,M,,,44
201200028963,12,9,7,1640,1,2,1,9.0,6,44109,M,,,44
201200028964,12,9,11,1655,1,1,1,1.0,6,44114,M,,,44
201200028965,12,9,6,1015,1,2,1,1.0,6,44162,M,,,44
201200028966,12,9,12,1215,1,2,2,1.0,3,44109,M,,,44
201200028967,12,9,12,1730,1,2,1,9.0,6,44109,M,,,44
201200028968,12,9,13,1755,1,2,1,1.0,3,44109,M,,,44
201200028969,12,9,15,1830,1,2,1,1.0,6,44109,M,,,44
201200028970,12,9,17,905,1,2,1,1.0,3,44114,M,,,44
201200028971,12,9,19,1435,1,2,1,1.0,7,44109,M,,,44
201200028972,12,9,20,740,2,2,1,1.0,6,44109,M,,,44
201200028973,12,9,17,1425,1,2,1,1.0,6,44109,M,,,44
201200028974,12,9,19,1900,1,2,1,1.0,6,44162,M,,,44
201200028975,12,9,23,600,5,2,1,1.0,5,44109,M,,,44
201200028976,12,9,22,1922,1,2,1,1.0,1,44190,M,,,44
201200028977,12,9,21,1715,1,2,1,1.0,6,44109,M,,,44
201200028978,12,9,23,1819,1,2,1,1.0,6,44109,M,,,44
201200028979,12,9,19,1700,1,2,1,9.0,6,44109,M,,,44
201200028980,12,9,24,1915,1,2,3,1.0,2,44109,M,,,44
201200028981,12,9,22,1305,1,2,1,9.0,6,44109,M,,,44
201200028982,12,9,23,2017,3,1,1,6.0,2,44114,M,,,44
201200028983,12,9,25,2115,5,2,1,3.0,6,44109,M,,,44
201200028984,12,9,28,845,1,2,1,1.0,6,44109,M,,,44
201200028985,12,9,26,1630,1,2,1,8.0,6,44109,M,,,44
201200028986,12,9,29,1500,1,2,1,1.0,3,44109,M,,,44
201200028987,12,9,28,1750,1,2,1,1.0,3,44109,M,,,44
201200028988,12,9,30,1500,1,2,1,1.0,6,44114,M,,,44
201200028989,12,10,1,1605,1,2,1,1.0,6,44109,M,,,44
201200028990,12,6,22,1815,1,2,1,1.0,6,44109,M,,,44
201200028991,12,9,30,1435,1,2,1,1.0,6,44109,M,,,44
201200028992,12,10,7,600,5,1,1,1.0,6,44143,M,,,44
201200028993,12,10,9,1655,1,2,1,2.0,6,44109,M,,,44
201200028994,12,10,7,830,1,1,1,1.0,6,44109,M,,,44
201200028995,12,10,11,15,5,2,1,2.0,6,44109,M,,,44
201200028996,12,10,11,145,5,2,1,1.0,6,44109,M,,,44
201200028997,12,10,8,1900,2,2,1,1.0,6,44109,M,,,44
201200028998,12,10,8,1730,1,2,1,2.0,6,44162,M,,,44
201200028999,12,10,11,2155,5,2,2,1.0,6,44109,M,,,44
201200029000,12,10,12,1500,1,2,6,1.0,3,44109,M,,,44
201200029001,12,10,12,1900,2,2,1,2.0,6,44109,M,,,44
201200029002,12,10,15,1500,1,2,1,1.0,6,44109,M,,,44
201200029003,12,10,12,1935,5,2,2,2.0,3,44109,M,,,44
201200029004,12,10,14,1155,1,1,1,1.0,6,44109,M,,,44
201200029005,12,10,16,1622,1,2,1,1.0,6,44162,M,,,44
201200029006,12,10,17,1950,5,2,1,2.0,6,44109,M,,,44
201200029007,12,10,26,830,2,2,1,3.0,3,44109,M,,,44
201200029008,12,10,9,1420,1,2,1,1.0,6,44109,M,,,44
201200029009,12,10,18,800,5,2,1,2.0,6,44109,M,,,44
201200029010,12,10,18,750,2,2,1,2.0,7,44109,M,,,44
201200029011,12,10,18,740,5,2,1,2.0,6,44114,M,,,44
201200029012,12,10,22,2115,5,2,1,1.0,2,44109,M,,,44
201200029013,12,10,19,845,2,2,1,2.0,6,44114,M,,,44
201200029014,12,10,19,725,5,2,3,2.0,3,44109,M,,,44
201200029015,12,10,18,1625,1,2,1,2.0,3,44109,M,,,44
201200029016,12,10,16,1555,1,1,1,1.0,6,44162,M,,,44
201200029017,12,10,24,2325,5,2,1,1.0,3,44109,M,,,44
201200029018,12,10,24,1705,1,1,1,1.0,6,44114,M,,,44
201200029019,12,10,26,745,5,2,3,1.0,6,44162,M,,,44
201200029020,12,10,25,1740,1,2,2,1.0,3,44109,M,,,44
201200029021,12,9,28,1115,1,2,1,1.0,6,44109,M,,,44
201200029022,12,10,26,1250,1,2,1,1.0,6,44143,M,,,44
201200029023,12,10,30,1420,1,2,1,1.0,6,44109,M,,,44
201200029024,12,11,2,1345,1,2,1,1.0,6,44109,M,,,44
201200029025,12,6,27,2350,5,2,1,1.0,7,44109,M,,,44
201200029026,12,11,3,620,5,2,1,1.0,3,44109,M,,,44
201200029027,12,11,1,30,5,2,1,1.0,6,44109,M,,,44
201200029028,12,11,5,540,5,2,1,2.0,6,44109,M,,,44
201200029029,12,11,4,1125,1,1,1,1.0,6,44162,M,,,44
201200029030,12,10,31,4,3,1,1,1.0,6,44114,M,,,44
201200029031,12,11,11,1650,1,1,1,1.0,2,44114,M,,,44
201200029032,12,11,9,1910,3,1,1,2.0,4,44114,M,,,44
201200029033,12,11,3,1205,1,2,1,1.0,6,44109,M,,,44
201200029034,12,11,7,1814,5,2,1,1.0,6,44162,M,,,44
201200029035,12,11,6,1925,3,1,1,1.0,4,44162,M,,,44
201200029036,12,11,9,1315,1,2,1,3.0,6,44162,M,,,44
201200029037,12,11,7,1600,1,2,1,1.0,2,44162,M,,,44
201200029038,12,11,12,850,1,2,1,1.0,6,44109,M,,,44
201200029039,12,11,9,1920,3,1,1,1.0,3,44026,M,,,44
201200029040,12,11,15,2005,5,2,1,1.0,6,44109,M,,,44
201200029041,12,11,14,1330,1,2,1,1.0,6,44190,M,,,44
201200029042,12,11,21,1635,1,2,6,1.0,7,44109,M,,,44
201200029043,12,11,28,1405,1,2,3,1.0,6,44109,M,,,44
201200029044,12,11,27,850,2,2,1,1.0,6,44109,M,,,44
201200029045,12,11,29,900,1,2,1,1.0,7,44109,M,,,44
201200029046,12,11,30,1345,1,2,1,1.0,6,44109,M,,,44
201200029047,12,11,29,1925,5,2,3,1.0,7,44109,M,,,44
201200029048,12,11,29,1325,1,2,1,1.0,4,44109,M,,,44
201200029049,12,11,19,1435,1,2,6,1.0,6,44109,M,,,44
201200029050,12,11,28,2020,5,2,1,1.0,7,44109,M,,,44
201200029051,12,11,29,1755,5,2,1,1.0,6,44114,M,,,44
201200029052,12,12,2,437,3,1,1,1.0,6,44215,M,,,44
201200029053,12,12,2,1915,3,1,1,2.0,2,44194,M,,,44
201200029054,12,12,2,945,2,2,1,1.0,2,44109,M,,,44
201200029055,12,12,2,735,2,2,1,1.0,3,44109,M,,,44
201200029056,12,11,28,710,5,2,3,1.0,6,44109,M,,,44
201200029057,12,12,5,1700,1,2,1,1.0,6,44109,M,,,44
201200029058,12,12,6,1340,1,2,1,1.0,6,44109,M,,,44
201200029059,12,11,15,1805,3,2,1,1.0,4,44162,M,,,44
201200029060,12,12,10,820,1,2,1,2.0,6,44162,M,,,44
201200029061,12,12,7,1325,1,2,1,1.0,6,44109,M,,,44
201200029062,12,12,11,700,3,1,1,1.0,6,44114,M,,,44
201200029063,12,12,12,1330,1,2,1,1.0,2,44109,M,,,44
201200029064,12,12,12,1115,1,2,1,1.0,6,44109,M,,,44
201200029065,12,12,14,530,5,2,6,3.0,6,44109,M,,,44
201200029066,12,12,14,820,5,1,1,3.0,7,44020,M,,,44
201200029067,12,12,15,1445,1,2,2,2.0,3,44109,M,,,44
201200029068,12,12,15,2030,5,2,1,1.0,6,44109,M,,,44
201200029069,12,12,18,855,1,2,1,8.0,2,44109,M,,,44
201200029070,12,12,16,1820,5,1,1,1.0,3,44026,M,,,44
201200029071,12,12,18,2100,4,1,1,1.0,2,44114,M,,,44
201200029072,12,12,20,1003,1,1,1,2.0,2,44109,M,,,44
201200029073,12,12,11,730,3,1,1,9.0,2,44114,M,,,44
201200029074,12,12,19,840,2,2,1,1.0,6,44109,M,,,44
201200029075,12,12,19,740,5,2,1,2.0,6,44109,M,,,44
201200029076,12,12,19,700,3,2,6,2.0,6,44109,M,,,44
201200029077,12,12,21,1805,5,2,1,1.0,6,44109,M,,,44
201200029078,12,12,22,2210,5,2,1,1.0,2,44109,M,,,44
201200029079,12,12,22,1600,1,1,1,1.0,6,44114,M,,,44
201200029080,12,12,20,1910,3,1,1,8.0,3,44109,M,,,44
201200029081,12,12,10,1030,1,2,1,1.0,6,44109,M,,,44
201200029082,12,12,25,1300,1,2,1,1.0,6,44109,M,,,44
201200029083,12,1,10,745,2,2,6,1.0,3,44184,M,,,44
201200029084,12,1,14,1855,5,2,2,1.0,3,44184,M,,,44
201200029085,12,1,20,2015,5,2,1,1.0,3,44184,M,,,44
201200029086,12,1,25,1705,1,2,3,2.0,3,44184,M,,,44
201200029087,12,1,27,1330,1,2,2,1.0,4,44184,M,,,44
201200029088,12,1,28,1220,1,2,2,1.0,3,44184,M,,,44
201200029089,12,2,1,1430,1,2,1,1.0,2,44184,M,,,44
201200029090,12,2,1,1550,1,2,2,1.0,3,44184,M,,,44
201200029091,12,2,3,1855,3,2,1,1.0,2,44184,M,,,44
201200029092,12,2,4,2006,5,2,2,2.0,3,44184,M,,,44
201200029093,12,2,15,715,2,2,1,1.0,3,44184,M,,,44
201200029094,12,2,15,1120,1,2,2,1.0,6,44184,M,,,44
201200029095,12,2,16,1210,1,2,2,1.0,3,44184,M,,,44
201200029096,12,2,20,1610,1,2,1,1.0,7,44184,M,,,44
201200029097,12,3,2,950,1,2,6,1.0,3,44184,M,,,44
201200029098,12,3,5,2340,4,2,1,1.0,6,44184,M,,,44
201200029099,12,3,6,840,1,2,6,1.0,3,44184,M,,,44
201200029100,12,3,13,1040,1,2,2,1.0,3,44184,M,,,44
201200029101,12,3,14,1012,1,2,1,1.0,7,44184,M,,,44
201200029102,12,3,14,1655,1,2,3,1.0,3,44184,M,,,44
201200029103,12,3,21,1240,1,2,1,2.0,3,44184,M,,,44
201200029104,12,3,27,1015,1,2,2,1.0,3,44184,M,,,44
201200029105,12,4,3,945,1,2,1,1.0,3,44184,M,,,44
201200029106,12,4,5,1450,1,2,1,1.0,3,44184,M,,,44
201200029107,12,4,20,1255,1,2,2,1.0,3,44184,M,,,44
201200029108,12,4,20,2020,1,2,2,1.0,3,44184,M,,,44
201200029109,12,5,7,1535,1,2,1,1.0,1,44184,M,,,44
201200029110,12,5,12,1320,1,2,1,1.0,3,44184,M,,,44