Num_Acc,an,mois,jour,hrmn,lum,agg,int,atm,col,com,gps,lat,long,dep
201200029111,12,5,14,1720,1,2,3,1.0,3,44184,M,,,44
201200029112,12,5,20,620,1,2,2,2.0,3,44184,M,,,44
201200029113,12,5,22,615,2,1,3,1.0,3,44184,M,,,44
201200029114,12,5,25,1400,1,2,2,1.0,3,44184,M,,,44
201200029115,12,6,1,2000,1,2,2,1.0,1,44184,M,,,44
201200029116,12,6,4,810,1,1,1,1.0,4,44184,M,,,44
201200029117,12,6,17,1630,1,2,1,1.0,3,44184,M,,,44
201200029118,12,6,25,1255,1,2,2,1.0,3,44184,M,,,44
201200029119,12,6,27,1555,1,2,1,1.0,7,44184,M,,,44
201200029120,12,6,28,1350,1,2,1,1.0,2,44184,M,,,44
201200029121,12,7,1,1115,1,2,3,1.0,3,44184,M,,,44
201200029122,12,7,21,1825,1,2,1,1.0,7,44184,M,,,44
201200029123,12,7,23,1245,1,2,2,1.0,3,44184,M,,,44
201200029124,12,7,23,1845,1,2,1,1.0,2,44184,M,,,44
201200029125,12,7,31,2110,1,2,3,1.0,3,44184,M,,,44
201200029126,12,8,9,1330,1,2,1,1.0,7,44184,M,,,44
201200029127,12,8,21,1950,2,2,6,7.0,7,44184,M,,,44
201200029128,12,9,6,1850,1,2,2,1.0,3,44184,M,,,44
201200029129,12,9,14,1925,1,2,2,1.0,3,44184,M,,,44
201200029130,12,9,15,2150,5,2,1,1.0,7,44184,M,,,44
201200029131,12,9,20,900,1,2,2,1.0,6,44184,M,,,44
201200029132,12,9,22,1445,1,2,3,1.0,2,44184,M,,,44
201200029133,12,9,28,850,1,2,2,1.0,3,44184,M,,,44
201200029134,12,9,28,835,1,2,1,1.0,6,44184,M,,,44
201200029135,12,9,28,2155,5,2,2,1.0,3,44184,M,,,44
201200029136,12,10,5,2255,5,2,1,1.0,1,44184,M,,,44
201200029137,12,10,10,410,5,2,1,2.0,7,44184,M,,,44
201200029138,12,10,12,905,1,2,2,1.0,3,44184,M,,,44
201200029139,12,10,14,2055,5,2,1,1.0,7,44184,M,,,44
201200029140,12,10,15,706,5,2,6,1.0,3,44184,M,,,44
201200029141,12,10,18,1950,5,2,2,2.0,3,44184,M,,,44
201200029142,12,10,19,1220,1,2,3,2.0,3,44184,M,,,44
201200029143,12,11,3,1325,1,2,2,1.0,6,44184,M,,,44
201200029144,12,11,5,2050,3,2,2,3.0,3,44184,M,,,44
201200029145,12,11,10,720,2,2,1,3.0,1,44184,M,,,44
201200029146,12,11,10,1705,1,2,6,1.0,2,44184,M,,,44
201200029147,12,11,14,1510,1,2,2,1.0,3,44184,M,,,44
201200029148,12,11,12,1010,1,2,1,2.0,6,44184,M,,,44
201200029149,12,11,12,1020,1,2,1,1.0,7,44184,M,,,44
201200029150,12,11,12,1030,1,2,1,2.0,6,44184,M,,,44
201200029151,12,11,12,850,1,2,1,1.0,6,44184,M,,,44
201200029152,12,11,16,1230,1,2,1,1.0,7,44184,M,,,44
201200029153,12,11,22,755,2,2,2,1.0,3,44184,M,,,44
201200029154,12,11,22,1615,1,2,2,1.0,3,44184,M,,,44
201200029155,12,11,23,1140,1,2,2,2.0,3,44184,M,,,44
201200029156,12,11,23,1140,1,2,2,1.0,3,44184,M,,,44
201200029157,12,11,25,1625,1,2,1,1.0,1,44184,M,,,44
201200029158,12,12,2,1145,1,2,6,1.0,3,44184,M,,,44
201200029159,12,12,13,720,2,2,3,2.0,3,44184,M,,,44
201200029160,12,12,17,825,1,2,1,1.0,3,44184,M,,,44
201200029161,12,12,17,1845,3,2,1,2.0,1,44184,M,,,44
201200029162,12,12,18,1510,1,2,1,1.0,4,44184,M,,,44
201200029163,12,12,21,2315,5,2,2,2.0,3,44184,M,,,44
201200029164,12,12,24,1440,1,2,3,1.0,5,44184,M,,,44
201200029165,12,12,27,1415,1,2,1,1.0,2,44184,M,,,44
201200029166,12,12,28,1920,5,2,2,1.0,3,44184,M,,,44
201200029167,12,1,4,2040,3,1,1,1.0,6,45068,M,4802275.0,274017.0,45
201200029168,12,1,10,800,2,2,2,1.0,3,45068,M,4801305.0,273126.0,45
201200029169,12,1,10,631,5,2,3,5.0,3,45004,M,4798567.0,276934.0,45
201200029170,12,1,11,1905,5,2,1,8.0,2,45004,M,4797712.0,273712.0,45
201200029171,12,1,11,1735,5,1,1,1.0,7,45338,M,4798724.0,269493.0,45
201200029172,12,1,13,1215,1,2,1,1.0,3,45208,M,4798996.0,273228.0,45
201200029173,12,1,22,555,3,2,1,2.0,6,45004,M,4796637.0,277036.0,45
201200029174,12,1,27,910,1,2,1,1.0,2,45338,M,4798781.0,270664.0,45
201200029175,12,2,9,2118,5,2,1,1.0,3,45068,M,4801562.0,273627.0,45
201200029176,12,2,15,1920,5,2,1,1.0,6,45208,M,4800007.0,273143.0,45
201200029177,12,2,19,1730,1,2,1,1.0,6,45208,M,4800088.0,272160.0,45
201200029178,12,2,19,1750,1,2,3,1.0,3,45068,M,4800433.0,271146.0,45
201200029179,12,2,21,1945,5,2,2,1.0,3,45208,M,4800135.0,272431.0,45
201200029180,12,1,19,1628,1,2,1,1.0,2,45068,M,4800961.0,274031.0,45
201200029181,12,3,13,1725,1,2,1,1.0,6,45338,M,4798170.0,269066.0,45
201200029182,12,3,20,1126,1,2,1,1.0,6,45208,M,4799787.0,272897.0,45
201200029183,12,3,13,1952,5,2,1,1.0,6,45004,M,4796977.0,273473.0,45
201200029184,12,3,23,2135,5,2,1,1.0,2,45068,M,4800227.0,271775.0,45
201200029185,12,3,28,829,1,2,1,7.0,3,45004,M,4799419.0,277024.0,45
201200029186,12,3,28,1352,1,2,1,1.0,2,45208,M,4799032.0,273225.0,45
201200029187,12,3,28,1550,1,2,1,1.0,4,45004,M,4797176.0,275214.0,45
201200029188,12,3,29,745,1,2,1,1.0,2,45338,M,4797386.0,271907.0,45
201200029189,12,3,29,2000,2,2,1,1.0,1,45208,M,4799651.0,272749.0,45
201200029190,12,4,1,445,3,2,1,1.0,6,45004,M,4800457.0,277008.0,45
201200029191,12,4,1,1210,1,2,1,1.0,3,45208,M,4800223.0,273808.0,45
201200029192,12,4,10,1455,1,2,1,1.0,3,45004,M,4800177.0,277485.0,45
201200029193,12,4,11,830,1,2,1,1.0,3,45004,M,4796745.0,277514.0,45
201200029194,12,4,11,1530,1,2,4,2.0,2,45208,M,4799671.0,273997.0,45
201200029195,12,4,13,1230,1,2,1,1.0,6,45068,M,4801485.0,273883.0,45
201200029196,12,4,15,613,5,2,1,1.0,6,45068,M,4800851.0,274048.0,45
201200029197,12,4,16,750,1,2,1,1.0,3,45338,M,4799084.0,271195.0,45
201200029198,12,4,16,800,1,2,2,1.0,3,45068,M,4801948.0,271522.0,45
201200029199,12,4,22,1939,1,2,2,1.0,3,45068,M,4801866.0,271108.0,45
201200029200,12,4,20,1207,1,2,1,1.0,3,45004,M,4797708.0,273712.0,45
201200029201,12,6,5,2150,5,2,1,2.0,6,45068,M,4800309.0,271712.0,45
201200029202,12,6,21,1653,1,2,1,1.0,3,45208,M,4800302.0,274059.0,45
201200029203,12,12,29,300,5,2,4,1.0,6,45338,M,4799933.0,270952.0,45
201200029204,12,6,16,1220,1,1,4,2.0,3,45004,M,4798372.0,274255.0,45
201200029205,12,6,29,1805,1,1,1,8.0,6,45004,M,4798415.0,274132.0,45
201200029206,12,7,8,1630,1,2,6,8.0,6,45338,M,4797508.0,271445.0,45
201200029207,12,5,25,1550,1,2,2,1.0,3,45068,M,4801948.0,271522.0,45
201200029208,12,8,14,528,3,1,1,1.0,6,45004,M,4798504.0,276317.0,45
201200029209,12,8,14,1155,1,2,3,1.0,5,45004,M,4798566.0,276937.0,45
201200029210,12,9,7,29,3,1,1,1.0,6,45004,M,4800371.0,279199.0,45
201200029211,12,9,8,1804,1,2,1,1.0,3,45004,M,4797713.0,273725.0,45
201200029212,12,9,27,1325,1,2,3,2.0,3,45068,M,4801614.0,273856.0,45
201200029213,12,10,5,1035,1,2,6,1.0,3,45004,M,4797817.0,272903.0,45
201200029214,12,10,9,1645,1,2,3,3.0,2,45208,M,4799409.0,272516.0,45
201200029215,12,11,16,2010,5,2,1,5.0,3,45068,M,4801638.0,273854.0,45
201200029216,12,10,30,1605,1,2,1,1.0,3,45004,M,4798130.0,279797.0,45
201200029217,12,11,8,1515,1,2,1,1.0,6,45004,M,4796572.0,277768.0,45
201200029218,12,11,10,1830,5,2,1,2.0,6,45068,M,4801313.0,273044.0,45
201200029219,12,11,13,1753,5,2,1,1.0,6,45068,M,4801440.0,273748.0,45
201200029220,12,11,17,2005,5,2,1,1.0,3,45068,M,,,45
201200029221,12,11,7,2101,3,1,9,1.0,6,45004,M,4797684.0,273995.0,45
201200029222,12,11,28,1215,1,2,1,8.0,3,45068,M,4802490.0,273281.0,45
201200029223,12,12,3,1453,1,2,3,2.0,6,45208,M,4799893.0,272901.0,45
201200029224,12,11,30,1810,5,2,3,1.0,3,45004,M,4798445.0,274978.0,45
201200029225,12,12,15,517,5,2,2,9.0,6,45004,M,4797984.0,273302.0,45
201200029226,12,12,15,1740,5,1,1,1.0,3,45208,M,4800897.0,275376.0,45
201200029227,12,12,10,1130,1,2,3,1.0,6,45338,M,4798837.0,270739.0,45
201200029228,12,12,15,1322,1,1,1,1.0,7,45338,M,4797486.0,271316.0,45
201200029229,12,12,17,1315,1,1,1,2.0,6,45004,M,4798090.0,274267.0,45
201200029230,12,12,10,1807,5,2,1,1.0,3,45004,M,4800183.0,277497.0,45
201200029231,12,12,21,1426,1,2,1,2.0,6,45068,M,4801216.0,273055.0,45
201200029232,12,12,22,1544,1,2,1,2.0,3,45004,M,4797305.0,273365.0,45
201200029233,12,12,28,1310,1,1,4,2.0,3,45004,M,4796742.0,273399.0,45
201200029234,12,12,29,1620,1,2,4,1.0,2,45208,M,4800385.0,274227.0,45
201200029235,12,1,4,815,2,2,1,1.0,3,45169,M,4792637.0,183156.0,45
201200029236,12,1,4,1715,2,2,2,1.0,1,45234,M,4791350.0,190985.0,45
201200029237,12,12,28,1540,1,2,1,2.0,6,45285,M,4790315.0,186214.0,45
201200029238,12,1,4,825,2,2,3,1.0,3,45234,M,4785007.0,192960.0,45
201200029239,12,1,6,1325,1,2,1,1.0,3,45284,M,4791221.0,197801.0,45
201200029240,12,1,10,800,5,2,1,1.0,3,45234,M,4790372.0,189551.0,45
201200029241,12,1,13,1115,1,2,2,1.0,3,45284,M,4791417.0,196425.0,45
201200029242,12,1,18,1845,1,2,2,1.0,3,45234,M,4791763.0,189872.0,45
201200029243,12,1,31,1340,1,2,1,1.0,6,45285,M,4790724.0,187301.0,45
201200029244,12,1,31,1820,5,2,1,1.0,2,45284,M,4790381.0,193383.0,45
201200029245,12,2,2,825,1,2,1,1.0,6,45234,M,4790377.0,191926.0,45
201200029246,12,2,8,2240,5,2,2,1.0,3,45147,M,4793402.0,189624.0,45
201200029247,12,2,10,32,5,2,3,1.0,3,45234,M,4791057.0,190052.0,45
201200029248,12,2,10,755,1,2,2,1.0,3,45169,M,4792075.0,183729.0,45
201200029249,12,2,14,820,1,2,3,1.0,3,45235,M,4794375.0,183494.0,45
201200029250,12,2,15,800,1,2,3,1.0,6,45234,M,4788810.0,190853.0,45
201200029251,12,2,15,1705,1,2,2,1.0,3,45234,M,4791803.0,192242.0,45
201200029252,12,2,21,1650,1,2,1,1.0,5,45169,M,4790333.0,185214.0,45
201200029253,12,2,24,750,1,2,2,1.0,3,45286,M,4788467.0,192451.0,45
201200029254,12,2,24,1255,1,2,3,1.0,3,45234,M,4789818.0,191606.0,45
201200029255,12,2,25,2050,5,2,1,1.0,6,45234,M,4790659.0,190414.0,45
201200029256,12,2,26,2047,5,2,1,1.0,6,45234,M,4791505.0,190067.0,45
201200029257,12,2,28,1745,1,2,1,1.0,6,45284,M,4790652.0,194351.0,45
201200029258,12,3,1,1605,1,2,1,1.0,1,45234,M,4789240.0,189272.0,45
201200029259,12,3,3,1140,1,2,2,1.0,3,45284,M,4791098.0,195928.0,45
201200029260,12,3,3,2235,5,1,4,1.0,6,45285,M,4791389.0,186814.0,45
201200029261,12,3,8,1435,1,2,1,1.0,3,45302,M,4796521.0,188507.0,45
201200029262,12,3,10,1830,1,2,3,1.0,6,45234,M,4790057.0,190476.0,45
201200029263,12,3,14,1610,1,2,1,1.0,6,45234,M,4788375.0,189844.0,45
201200029264,12,3,18,2030,5,2,1,2.0,6,45234,M,4789793.0,189265.0,45
201200029265,12,3,18,1940,1,2,1,1.0,3,45169,M,4792952.0,183822.0,45
201200029266,12,3,22,1920,5,2,2,1.0,3,45147,M,4793278.0,190823.0,45
201200029267,12,4,2,845,1,2,1,1.0,3,45284,M,4791461.0,198988.0,45
201200029268,12,4,4,1815,1,2,1,1.0,6,45234,M,4784602.0,192962.0,45
201200029269,12,4,6,955,1,2,6,1.0,3,45234,M,4791159.0,193583.0,45
201200029270,12,4,13,1445,1,2,1,1.0,3,45147,M,4794348.0,192408.0,45
201200029271,12,4,12,1325,1,2,3,1.0,3,45234,M,4790885.0,188393.0,45
201200029272,12,4,18,1654,1,2,1,1.0,3,45234,M,4790024.0,191060.0,45
201200029273,12,4,20,1525,1,2,1,1.0,6,45234,M,4790659.0,190404.0,45
201200029274,12,4,24,1130,1,2,1,1.0,6,45234,M,4790444.0,191683.0,45
201200029275,12,4,30,1020,1,2,1,1.0,6,45147,M,4792725.0,192482.0,45
201200029276,12,5,1,1630,1,2,3,1.0,3,45147,M,4794067.0,191968.0,45
201200029277,12,5,10,410,5,2,6,1.0,7,45147,M,4792363.0,190116.0,45
201200029278,12,5,11,940,1,2,2,1.0,5,45234,M,4791249.0,191565.0,45
201200029279,12,5,15,1331,1,2,3,1.0,2,45298,M,4788164.0,186887.0,45
201200029280,12,5,16,1500,1,2,1,1.0,3,45234,M,4789794.0,190931.0,45
201200029281,12,5,19,1615,1,2,3,1.0,2,45302,M,4796428.0,188861.0,45
201200029282,12,5,20,1445,1,2,1,1.0,5,45234,M,4789794.0,188655.0,45
201200029283,12,5,24,842,1,2,1,1.0,3,45234,M,4790858.0,191079.0,45
201200029284,12,5,25,925,1,2,1,1.0,6,45234,M,4788851.0,190539.0,45
201200029285,12,5,25,1340,1,2,3,1.0,3,45234,M,4788117.0,190338.0,45
201200029286,12,5,28,1920,1,2,1,1.0,2,45286,M,4788373.0,193062.0,45
201200029287,12,5,29,1156,1,2,3,1.0,6,45234,M,4790665.0,190059.0,45
201200029288,12,6,6,840,1,2,2,1.0,3,45232,M,4786841.0,191177.0,45
201200029289,12,6,8,1305,1,2,2,1.0,3,45234,M,4791886.0,189732.0,45
201200029290,12,6,8,1540,1,2,1,1.0,6,45234,M,4783004.0,193140.0,45
201200029291,12,6,11,715,1,2,1,1.0,1,45169,M,4793135.0,183459.0,45
201200029292,12,6,18,800,1,2,2,1.0,4,45147,M,4793407.0,189621.0,45
201200029293,12,6,26,1455,1,2,1,1.0,3,45234,M,4790685.0,190075.0,45
201200029294,12,6,28,2017,1,2,6,1.0,3,45234,M,4783389.0,194017.0,45
201200029295,12,7,1,2045,1,2,1,1.0,6,45147,M,4792474.0,191411.0,45
201200029296,12,7,13,2240,5,2,3,2.0,1,45234,M,4790283.0,192972.0,45
201200029297,12,7,16,1550,1,2,1,1.0,3,45234,M,4791120.0,191210.0,45
201200029298,12,7,13,1835,1,2,1,2.0,6,45234,M,4790930.0,192975.0,45
201200029299,12,7,20,1810,1,2,3,1.0,2,45234,M,4789449.0,189572.0,45
201200029300,12,7,21,1800,1,2,3,1.0,2,45284,M,4790864.0,197617.0,45
201200029301,12,7,29,1920,1,1,6,2.0,3,45234,M,4792423.0,194126.0,45
201200029302,12,8,1,1635,1,2,2,1.0,2,45147,M,4792123.0,190667.0,45
201200029303,12,8,3,1230,1,1,1,1.0,3,45302,M,4795339.0,185266.0,45
201200029304,12,8,9,2310,3,2,1,1.0,6,45234,M,4789451.0,189384.0,45
201200029305,12,9,21,2125,4,2,2,1.0,3,45234,M,4789814.0,190428.0,45
201200029306,12,8,22,1650,1,2,2,1.0,6,45234,M,4790143.0,190458.0,45
201200029307,12,8,28,1505,1,2,1,1.0,6,45234,M,4790729.0,188757.0,45
201200029308,12,9,6,1735,1,2,1,1.0,3,45232,M,4784757.0,191616.0,45
201200029309,12,9,10,1403,1,2,2,1.0,3,45234,M,4789802.0,190419.0,45
201200029310,12,9,11,930,1,2,1,1.0,6,45284,M,4790488.0,194391.0,45
201200029311,12,9,12,1237,1,2,1,1.0,6,45234,M,4791866.0,192512.0,45
201200029312,12,9,14,1407,1,1,1,1.0,5,45274,M,4785936.0,198479.0,45
201200029313,12,9,16,2000,2,2,2,1.0,5,45147,M,4793402.0,189634.0,45
201200029314,12,9,19,810,1,2,3,1.0,3,45234,M,4788251.0,190377.0,45
201200029315,12,9,20,2025,5,2,1,1.0,6,45235,M,4794012.0,182243.0,45
201200029316,12,9,22,1955,5,2,2,1.0,3,45308,M,4793435.0,195221.0,45
201200029317,12,9,23,2135,5,2,2,1.0,6,45234,M,4792128.0,188810.0,45
201200029318,12,9,24,750,2,2,1,3.0,3,45234,M,4790733.0,190099.0,45
201200029319,12,9,29,1550,1,2,2,1.0,3,45298,M,4787829.0,185753.0,45
201200029320,12,9,18,1845,1,2,1,7.0,6,45234,M,4790443.0,191683.0,45
201200029321,12,10,2,915,1,2,3,2.0,3,45302,M,4795588.0,190780.0,45
201200029322,12,10,3,825,1,2,1,1.0,3,45169,M,4792105.0,185419.0,45
201200029323,12,10,7,500,5,1,1,1.0,6,45302,M,4793416.0,188451.0,45
201200029324,12,10,5,2110,2,2,1,1.0,6,45285,M,4790189.0,186507.0,45
201200029325,12,10,7,1645,1,2,1,1.0,1,45147,M,4792259.0,190172.0,45
201200029326,12,10,9,1310,1,2,1,1.0,2,45285,M,4791277.0,188188.0,45
201200029327,12,10,9,1810,1,2,1,2.0,6,45234,M,4788896.0,190564.0,45
201200029328,12,10,19,1730,1,2,1,1.0,6,45234,M,,,45
201200029329,12,10,15,1900,2,2,3,1.0,3,45286,M,4789366.0,191469.0,45
201200029330,12,10,16,906,1,2,1,1.0,1,45232,M,4784624.0,191643.0,45
201200029331,12,10,21,1910,5,2,3,1.0,1,45274,M,4787953.0,193568.0,45
201200029332,12,10,23,810,1,2,3,1.0,3,45285,M,4790992.0,185770.0,45
201200029333,12,10,25,2000,5,2,1,2.0,6,45234,M,4790519.0,190995.0,45
201200029334,12,10,30,1510,1,2,1,1.0,2,45284,M,4790391.0,193562.0,45
201200029335,12,10,30,1808,5,2,1,1.0,6,45147,M,4793348.0,192152.0,45
201200029336,12,10,30,1645,1,2,1,7.0,6,45234,M,4788741.0,189176.0,45
201200029337,12,11,1,535,5,1,1,2.0,1,45286,M,4788915.0,192382.0,45
201200029338,12,11,2,2325,5,2,1,2.0,1,45234,M,4789818.0,191576.0,45
201200029339,12,11,4,620,5,2,1,8.0,3,45234,M,4789592.0,190434.0,45
201200029340,12,11,4,520,5,1,1,2.0,6,45274,M,4786029.0,198175.0,45
201200029341,12,11,7,155,5,2,1,1.0,1,45302,M,4795001.0,184337.0,45
201200029342,12,11,9,1810,5,2,1,2.0,6,45234,M,4791145.0,192856.0,45
201200029343,12,11,14,1330,1,2,1,1.0,3,45234,M,4790494.0,189289.0,45
201200029344,12,11,13,1010,1,2,1,1.0,3,45232,M,4787242.0,189804.0,45
201200029345,12,11,22,1519,1,2,1,1.0,3,45234,M,4790645.0,189275.0,45
201200029346,12,11,21,1842,4,2,1,1.0,6,45232,M,4786231.0,189729.0,45
201200029347,12,11,22,1640,2,2,6,1.0,3,45169,M,,,45
201200029348,12,11,27,730,2,2,3,1.0,6,45234,M,4791076.0,190781.0,45
201200029349,12,11,28,815,2,1,1,1.0,4,45302,M,4794908.0,186003.0,45
201200029350,12,11,30,1735,4,2,1,1.0,3,45286,M,,,45
201200029351,12,12,3,1735,5,2,2,2.0,3,45234,M,4790204.0,193122.0,45
201200029352,12,12,5,1825,5,2,1,1.0,6,45285,M,,,45
201200029353,12,12,6,810,1,2,1,1.0,6,45234,M,4791861.0,192427.0,45
201200029354,12,12,13,1341,1,2,1,1.0,6,45234,M,4792357.0,189731.0,45
201200029355,12,12,14,2130,5,2,6,2.0,6,45234,M,4790086.0,191977.0,45
201200029356,12,12,15,1210,1,2,1,1.0,3,45232,M,4786401.0,190192.0,45
201200029357,12,12,19,1656,2,2,6,1.0,3,45234,M,4781892.0,193827.0,45
201200029358,12,12,20,1935,5,2,1,2.0,3,45286,M,4788774.0,192605.0,45
201200029359,12,1,6,1515,1,2,9,1.0,3,46042,M,4444760.0,143430.0,46
201200029360,12,1,18,1135,1,1,1,1.0,6,46042,M,4445590.0,149497.0,46
201200029361,12,1,18,1645,1,2,1,1.0,6,46042,M,4443840.0,145267.0,46
201200029362,12,2,9,1800,2,2,3,1.0,2,46042,M,4445030.0,143166.0,46
201200029363,12,2,11,825,1,1,1,1.0,7,46095,M,4451630.0,135742.0,46
201200029364,12,2,27,1230,1,2,2,1.0,3,46042,M,4446490.0,144990.0,46
201200029365,12,3,14,1950,5,2,2,1.0,1,46042,M,4444520.0,144137.0,46
201200029366,12,3,15,1800,1,2,1,1.0,6,46042,M,4446050.0,145497.0,46
201200029367,12,3,22,1925,5,2,2,2.0,3,46042,M,4446480.0,144996.0,46
201200029368,12,4,12,1955,1,1,1,8.0,7,46042,M,,,46
201200029369,12,4,17,1715,1,2,1,1.0,7,46095,M,4449378.0,140104.0,46
201200029370,12,4,21,1540,1,1,1,8.0,3,46042,M,,,46
201200029371,12,5,27,1015,1,2,1,1.0,6,46042,M,4444471.0,143050.0,46
201200029372,12,6,10,1055,1,2,2,2.0,2,46042,M,4446198.0,145663.0,46
201200029373,12,7,19,1705,1,1,2,1.0,3,46042,M,,,46
201200029374,12,8,14,1120,1,2,1,1.0,3,46042,M,4443537.0,144253.0,46
201200029375,12,8,21,1845,1,1,1,1.0,5,46224,M,4447539.0,138541.0,46
201200029376,12,9,21,1020,1,1,1,1.0,6,46042,M,4447175.0,145076.0,46
201200029377,12,9,26,1015,1,2,2,2.0,3,46224,M,4446672.0,141741.0,46
201200029378,12,10,2,1801,1,1,1,1.0,1,46042,M,4447224.0,145224.0,46
201200029379,12,11,7,1545,1,2,3,1.0,3,46042,M,4444773.0,143271.0,46
201200029380,12,12,5,1140,1,1,1,1.0,5,46042,M,4443494.0,142607.0,46
201200029381,12,1,14,1130,1,2,3,1.0,6,47001,M,,,47
201200029382,12,1,19,1840,4,2,1,2.0,6,47001,M,,,47
201200029383,12,2,17,730,2,2,1,1.0,6,47001,M,,,47
201200029384,12,3,13,1820,1,2,1,1.0,5,47001,M,4420730.0,61599.0,47
201200029385,12,3,14,1535,1,2,1,1.0,6,47001,M,4420490.0,62556.0,47
201200029386,12,4,24,1720,1,2,3,2.0,2,47201,M,4419370.0,59536.0,47
201200029387,12,4,26,1105,1,2,1,1.0,6,47001,M,4419490.0,62626.0,47
201200029388,12,4,28,1100,1,2,2,2.0,3,47001,M,4418800.0,63092.0,47
201200029389,12,6,14,1625,1,2,2,1.0,3,47001,M,4419410.0,64097.0,47
201200029390,12,6,18,1245,1,2,2,1.0,3,47001,M,,,47
201200029391,12,6,20,1350,1,2,1,1.0,3,47031,M,,,47
201200029392,12,7,4,1445,1,2,1,1.0,6,47001,M,,,47
201200029393,12,7,8,1755,1,2,1,1.0,3,47001,M,,,47
201200029394,12,7,20,2150,5,2,1,1.0,2,47001,M,,,47
201200029395,12,7,25,1050,1,2,1,1.0,1,47031,M,,,47
201200029396,12,7,27,920,1,2,1,1.0,6,47201,M,,,47
201200029397,12,8,14,625,2,2,1,1.0,6,47001,M,,,47
201200029398,12,8,24,1320,1,2,2,1.0,3,47001,M,,,47
201200029399,12,8,29,1045,1,2,1,1.0,6,47001,M,,,47
201200029400,12,9,1,1025,1,2,1,1.0,3,47001,M,,,47
201200029401,12,9,1,1750,1,2,3,1.0,3,47001,M,,,47
201200029402,12,9,25,1520,1,2,1,1.0,1,47001,M,,,47
201200029403,12,9,25,1520,1,2,1,1.0,6,47001,M,,,47
201200029404,12,10,13,1353,1,2,6,1.0,3,47001,M,,,47
201200029405,12,10,14,640,5,2,1,1.0,2,47001,M,,,47
201200029406,12,10,30,2045,5,2,1,1.0,3,47201,M,,,47
201200029407,12,11,13,750,2,2,3,1.0,1,47001,M,,,47
201200029408,12,11,13,1935,2,2,1,1.0,3,47201,M,,,47
201200029409,12,11,21,1720,2,2,2,1.0,6,47001,M,,,47
201200029410,12,11,26,1710,2,2,1,2.0,6,47001,M,,,47
201200029411,12,12,6,1800,5,2,1,2.0,6,47031,M,,,47
201200029412,12,12,14,1105,1,2,1,2.0,6,47001,M,,,47
201200029413,12,12,14,2005,5,2,1,2.0,3,47001,M,,,47
201200029414,12,1,20,1045,1,2,3,1.0,7,47323,M,,,47
201200029415,12,2,29,812,1,1,3,7.0,1,47323,M,,,47
201200029416,12,3,12,2005,3,1,2,1.0,7,47323,M,4446120.0,75421.0,47
201200029417,12,5,31,1210,1,2,3,1.0,6,47323,M,,,47
201200029418,12,7,25,805,1,2,2,1.0,3,47323,M,,,47
201200029419,12,8,19,240,3,1,1,1.0,6,47027,M,,,47
201200029420,12,8,29,2200,5,2,3,1.0,1,47323,M,,,47
201200029421,12,9,21,1245,1,1,5,1.0,3,47323,M,,,47
201200029422,12,10,24,1945,3,1,1,1.0,5,47323,M,,,47
201200029423,12,10,30,1410,1,2,1,1.0,6,47323,M,4441800.0,70057.0,47
201200029424,12,11,14,1920,5,2,3,1.0,1,47323,M,,,47
201200029425,12,11,16,740,2,2,2,1.0,1,47323,M,,,47
201200029426,12,12,2,635,3,1,1,1.0,7,47323,M,,,47
201200029427,12,1,23,1805,5,2,1,1.0,6,48095,M,,,48
201200029428,12,2,25,1830,1,2,1,1.0,3,48095,M,,,48
201200029429,12,6,21,1650,1,2,1,1.0,3,48095,M,4453031.0,347027.0,48
201200029430,12,8,10,2150,5,2,1,1.0,6,48095,M,4451900.0,345699.0,48
201200029431,12,9,29,1110,1,1,1,2.0,7,48095,M,4451145.0,350655.0,48
201200029432,12,10,15,1557,1,2,1,1.0,6,48095,M,,,48
201200029433,12,12,21,1930,5,2,1,1.0,6,48095,M,4452303.0,349606.0,48
201200029434,12,1,1,1015,1,1,1,2.0,7,49007,M,4746494.0,-57641.0,49
201200029435,12,1,3,845,1,2,1,1.0,2,49007,M,4745320.0,-56568.0,49
201200029436,12,1,3,742,5,2,6,2.0,6,49007,M,4745830.0,-54497.0,49
201200029437,12,1,4,1016,1,2,1,1.0,6,49015,M,4750593.0,-58883.0,49
201200029438,12,1,5,2318,5,2,1,1.0,6,49007,M,4747375.0,-53855.0,49
201200029439,12,1,8,1125,1,2,1,1.0,7,49267,M,4748124.0,-48039.0,49
201200029440,12,1,6,1304,1,2,1,1.0,6,49007,M,4746025.0,-52574.0,49