Num_Acc,an,mois,jour,hrmn,lum,agg,int,atm,col,com,gps,lat,long,dep
201200029441,12,1,6,1303,1,2,2,1.0,3,49007,M,4748667.0,-53269.0,49
201200029442,12,1,6,1943,5,2,3,1.0,6,49246,M,4743202.0,-52888.0,49
201200029443,12,1,8,1920,5,2,2,1.0,3,49007,M,4747436.0,-55240.0,49
201200029444,12,1,11,1920,4,2,1,1.0,1,49007,M,4747283.0,-60714.0,49
201200029445,12,1,10,2034,5,2,1,1.0,3,49007,M,4747949.0,-54175.0,49
201200029446,12,1,10,1409,1,2,1,1.0,6,49007,M,4746836.0,-55424.0,49
201200029447,12,1,11,1218,1,2,1,1.0,3,49007,M,4747371.0,-58089.0,49
201200029448,12,1,12,1537,1,2,6,1.0,2,49267,M,4748247.0,-49794.0,49
201200029449,12,1,13,1123,1,2,6,1.0,3,49007,M,4744888.0,-57327.0,49
201200029450,12,1,14,1835,5,2,1,1.0,6,49007,M,4744139.0,-54383.0,49
201200029451,12,1,13,806,2,2,3,8.0,3,49267,M,4748665.0,-48315.0,49
201200029452,12,1,13,821,2,1,1,1.0,2,49007,M,4747125.0,-56016.0,49
201200029453,12,1,16,1720,1,2,6,1.0,2,49007,M,4746457.0,-54873.0,49
201200029454,12,1,17,1906,5,2,2,1.0,1,49007,M,4747716.0,-55335.0,49
201200029455,12,1,17,825,1,2,3,1.0,1,49007,M,4746184.0,-53940.0,49
201200029456,12,1,13,838,2,1,1,5.0,1,49267,M,4747381.0,-48377.0,49
201200029457,12,1,19,756,2,2,3,2.0,3,49007,M,4746454.0,-55207.0,49
201200029458,12,1,21,1918,5,2,2,1.0,3,49007,M,4744438.0,-55161.0,49
201200029459,12,1,20,2050,5,2,1,1.0,6,49007,M,4747534.0,-55524.0,49
201200029460,12,1,20,1925,5,2,1,1.0,6,49007,M,4745862.0,-55433.0,49
201200029461,12,1,23,232,3,2,1,1.0,6,49007,M,4747427.0,-55906.0,49
201200029462,12,1,23,1704,1,2,2,1.0,1,49007,M,4748169.0,-57575.0,49
201200029463,12,1,23,1640,1,2,1,1.0,4,49353,M,4744653.0,-49850.0,49
201200029464,12,1,24,1000,1,2,3,1.0,6,49007,M,4747504.0,-54626.0,49
201200029465,12,1,24,921,1,2,1,1.0,7,49246,M,4743711.0,-50745.0,49
201200029466,12,1,25,847,1,2,1,1.0,7,49007,M,4747112.0,-57291.0,49
201200029467,12,1,25,834,1,2,3,1.0,7,49007,M,4747338.0,-54414.0,49
201200029468,12,1,25,1945,5,2,2,1.0,3,49007,M,4748275.0,-52246.0,49
201200029469,12,1,25,2003,5,2,1,1.0,6,49007,M,4746950.0,-55578.0,49
201200029470,12,1,25,1420,1,2,1,1.0,3,49007,M,4744827.0,-56037.0,49
201200029471,12,1,26,750,2,2,3,1.0,3,49007,M,4747865.0,-60603.0,49
201200029472,12,1,27,1438,1,2,1,1.0,4,49015,M,4751155.0,-57283.0,49
201200029473,12,1,27,1342,1,2,1,1.0,6,49007,M,4747711.0,-57497.0,49
201200029474,12,1,27,915,1,2,6,1.0,7,49007,M,4744840.0,-53828.0,49
201200029475,12,1,31,1528,1,2,6,1.0,3,49007,M,4745831.0,-54500.0,49
201200029476,12,1,31,1645,1,2,1,1.0,6,49007,M,4745348.0,-52586.0,49
201200029477,12,2,1,1720,1,2,1,1.0,6,49007,M,4746813.0,-55083.0,49
201200029478,12,2,2,1905,5,2,1,1.0,6,49007,M,4745472.0,-56856.0,49
201200029479,12,2,2,1157,1,2,1,1.0,7,49267,M,4746938.0,-51003.0,49
201200029480,12,2,6,807,1,2,1,9.0,7,49007,M,4745712.0,-54277.0,49
201200029481,12,2,4,803,1,2,1,1.0,7,49007,M,4745743.0,-55409.0,49
201200029482,12,2,4,1934,5,2,1,1.0,7,49007,M,4747306.0,-57079.0,49
201200029483,12,2,3,2032,5,2,1,1.0,2,49007,M,4747423.0,-54624.0,49
201200029484,12,2,3,1537,1,2,6,1.0,2,49246,M,4744350.0,-52707.0,49
201200029485,12,2,5,2042,2,2,1,1.0,7,49007,M,4744961.0,-51546.0,49
201200029486,12,1,26,1535,1,2,1,1.0,7,49007,M,4746491.0,-54899.0,49
201200029487,12,2,8,1328,1,2,1,1.0,7,49007,M,4745842.0,-54300.0,49
201200029488,12,2,10,818,1,2,1,1.0,7,49007,M,4745942.0,-56871.0,49
201200029489,12,1,6,1810,2,2,1,1.0,7,49353,M,4745321.0,-48315.0,49
201200029490,12,2,10,1645,1,2,1,1.0,7,49246,M,4743589.0,-53926.0,49
201200029491,12,2,12,1816,1,2,1,1.0,7,49007,M,4747653.0,-53623.0,49
201200029492,12,2,13,651,3,2,1,1.0,7,49353,M,4744819.0,-44940.0,49
201200029493,12,2,13,716,2,2,1,1.0,2,49007,M,4748876.0,-52689.0,49
201200029494,12,2,13,1100,1,2,1,1.0,7,49007,M,4747492.0,-54783.0,49
201200029495,12,2,14,2105,5,2,1,1.0,2,49007,M,4747329.0,-59541.0,49
201200029496,12,2,14,1019,1,2,2,1.0,3,49007,M,4745305.0,-53881.0,49
201200029497,12,2,14,827,1,2,1,1.0,7,49015,M,4750305.0,-61074.0,49
201200029498,12,2,16,744,1,2,1,1.0,7,49246,M,4743014.0,-52813.0,49
201200029499,12,2,20,905,1,2,1,1.0,3,49353,M,4745280.0,-50727.0,49
201200029500,12,2,18,2210,5,2,2,1.0,1,49007,M,4748554.0,-53330.0,49
201200029501,12,2,17,1820,2,2,6,1.0,7,49007,M,4746478.0,-59371.0,49
201200029502,12,2,21,1327,1,2,1,1.0,7,49007,M,4747218.0,-54856.0,49
201200029503,12,2,21,1537,1,2,1,1.0,7,49007,M,4745167.0,-54539.0,49
201200029504,12,2,25,1429,1,2,1,1.0,6,49007,M,4746918.0,-53175.0,49
201200029505,12,2,27,1214,1,2,1,1.0,6,49007,M,4744880.0,-53370.0,49
201200029506,12,2,29,2016,5,2,1,1.0,6,49007,M,4747364.0,-58756.0,49
201200029507,12,3,1,1527,1,2,1,1.0,4,49007,M,4748989.0,-52174.0,49
201200029508,12,3,1,751,1,2,6,1.0,3,49007,M,4747811.0,-59864.0,49
201200029509,12,3,1,525,2,2,1,1.0,7,49007,M,4745709.0,-53236.0,49
201200029510,12,3,3,449,5,2,1,1.0,6,49007,M,4747901.0,-52805.0,49
201200029511,12,3,7,1700,1,2,2,2.0,3,49007,M,4746884.0,-53211.0,49
201200029512,12,3,6,810,1,2,1,2.0,7,49007,M,4749224.0,-55525.0,49
201200029513,12,3,6,1156,1,2,1,1.0,6,49007,M,4746534.0,-55035.0,49
201200029514,12,3,6,1210,1,2,1,1.0,3,49007,M,4745231.0,-54222.0,49
201200029515,12,3,8,1514,1,2,1,1.0,7,49007,M,4746953.0,-54892.0,49
201200029516,12,3,10,1245,1,2,1,1.0,6,49007,M,4746652.0,-55311.0,49
201200029517,12,3,10,231,5,2,1,1.0,6,49007,M,4748755.0,-53621.0,49
201200029518,12,3,9,1805,1,2,1,1.0,6,49007,M,4747339.0,-59197.0,49
201200029519,12,3,11,1754,1,2,3,1.0,6,49007,M,4744975.0,-56651.0,49
201200029520,12,3,12,1647,1,2,9,1.0,3,49007,M,4745879.0,-52990.0,49
201200029521,12,3,9,1340,1,2,3,1.0,2,49007,M,4748905.0,-55300.0,49
201200029522,12,3,9,844,1,2,3,1.0,3,49015,M,4750171.0,-59244.0,49
201200029523,12,3,12,905,1,2,3,1.0,3,49007,M,4747605.0,-53838.0,49
201200029524,12,3,9,910,1,2,3,1.0,6,49007,M,4747320.0,-56207.0,49
201200029525,12,3,14,812,1,2,1,1.0,7,49007,M,4744613.0,-54414.0,49
201200029526,12,3,12,1728,1,2,1,1.0,6,49246,M,4743664.0,-54219.0,49
201200029527,12,3,14,1130,1,2,1,1.0,6,49007,M,4747282.0,-54303.0,49
201200029528,12,3,15,1408,1,2,1,1.0,7,49015,M,4750345.0,-58617.0,49
201200029529,12,3,18,1943,3,1,1,1.0,6,49007,M,4749159.0,-56288.0,49
201200029530,12,3,18,2050,5,2,1,1.0,7,49007,M,4747626.0,-52039.0,49
201200029531,12,3,19,908,1,2,9,1.0,6,49007,M,4746472.0,-54879.0,49
201200029532,12,3,20,1838,1,2,1,1.0,5,49007,M,4747086.0,-54750.0,49
201200029533,12,3,22,1528,1,2,2,1.0,3,49007,M,4747603.0,-53839.0,49
201200029534,12,3,22,904,1,2,1,1.0,6,49007,M,4745704.0,-53205.0,49
201200029535,12,3,23,937,1,2,2,1.0,6,49007,M,4747441.0,-51954.0,49
201200029536,12,3,26,1542,1,2,1,1.0,7,49007,M,4744955.0,-54776.0,49
201200029537,12,3,26,1752,1,2,1,1.0,2,49007,M,4746714.0,-55496.0,49
201200029538,12,3,26,1850,1,2,3,1.0,6,49007,M,4746865.0,-55856.0,49
201200029539,12,3,27,817,1,2,3,1.0,6,49007,M,4747450.0,-54671.0,49
201200029540,12,3,27,1003,1,2,6,1.0,7,49007,M,4744890.0,-57282.0,49
201200029541,12,3,28,1020,1,2,1,1.0,6,49007,M,4745366.0,-52578.0,49
201200029542,12,3,28,1750,1,2,1,1.0,6,49007,M,4747689.0,-57442.0,49
201200029543,12,3,29,1900,1,2,1,1.0,7,49007,M,4747368.0,-57082.0,49
201200029544,12,4,1,1810,1,2,2,1.0,3,49015,M,4750502.0,-59541.0,49
201200029545,12,3,30,1922,1,2,1,1.0,6,49246,M,4742269.0,-49588.0,49
201200029546,12,3,30,1930,1,2,1,1.0,6,49007,M,4747907.0,-54894.0,49
201200029547,12,3,31,1827,1,2,6,1.0,3,49246,M,4744397.0,-51100.0,49
201200029548,12,4,3,1733,1,2,2,1.0,6,49007,M,4745561.0,-52999.0,49
201200029549,12,4,4,1743,1,2,1,1.0,7,49007,M,4746376.0,-53184.0,49
201200029550,12,4,4,1716,1,2,2,1.0,3,49007,M,4744470.0,-57675.0,49
201200029551,12,4,6,1737,1,2,1,1.0,7,49246,M,4743707.0,-50754.0,49
201200029552,12,4,10,1345,1,1,1,2.0,7,49007,M,4746822.0,-58607.0,49
201200029553,12,4,11,1630,1,2,1,1.0,6,49007,M,4748280.0,-52672.0,49
201200029554,12,4,11,1112,1,2,3,1.0,3,49007,M,4746421.0,-56482.0,49
201200029555,12,4,12,1814,1,1,1,1.0,2,49246,M,4742609.0,-50410.0,49
201200029556,12,4,18,1745,1,2,1,1.0,3,49007,M,4745284.0,-57314.0,49
201200029557,12,4,17,1709,1,2,3,2.0,7,49246,M,4743663.0,-50396.0,49
201200029558,12,4,18,1820,1,2,1,2.0,7,49007,M,4747924.0,-58813.0,49
201200029559,12,4,20,217,5,2,3,2.0,6,49007,M,4747135.0,-54712.0,49
201200029560,12,4,20,1405,1,1,2,8.0,3,49267,M,4746682.0,-49300.0,49
201200029561,12,4,23,1405,1,2,9,9.0,4,49007,M,4747040.0,-54829.0,49
201200029562,12,4,23,1455,1,2,1,2.0,2,49007,M,4748465.0,-57439.0,49
201200029563,12,4,20,1515,1,2,1,2.0,3,49007,M,4745978.0,-57322.0,49
201200029564,12,4,16,1222,1,2,3,1.0,3,49007,M,4747231.0,-53059.0,49
201200029565,12,4,25,837,1,2,1,1.0,6,49007,M,4749108.0,-52820.0,49
201200029566,12,4,26,1213,1,2,1,1.0,3,49007,M,4747952.0,-55551.0,49
201200029567,12,4,27,719,1,1,1,1.0,6,49007,M,4746880.0,-58835.0,49
201200029568,12,4,28,1305,1,2,1,2.0,7,49007,M,4745466.0,-56862.0,49
201200029569,12,4,29,1200,1,2,1,2.0,7,49007,M,4746159.0,-53254.0,49
201200029570,12,4,27,1740,1,2,1,2.0,5,49007,M,4745812.0,-53379.0,49
201200029571,12,4,30,1208,1,2,6,1.0,3,49007,M,4745337.0,-52586.0,49
201200029572,12,5,5,1830,1,2,1,2.0,2,49007,M,4747040.0,-56959.0,49
201200029573,12,4,18,2302,5,2,1,2.0,6,49007,M,4747316.0,-55827.0,49
201200029574,12,4,16,1552,1,2,1,1.0,3,49007,M,4746511.0,-55663.0,49
201200029575,12,5,4,1836,1,2,1,1.0,7,49007,M,4747573.0,-55299.0,49
201200029576,12,5,4,1600,1,2,1,2.0,2,49007,M,4748620.0,-53557.0,49
201200029577,12,5,9,1224,1,2,2,1.0,3,49007,M,4748088.0,-52745.0,49
201200029578,12,5,11,342,5,2,1,1.0,7,49015,M,4750685.0,-58972.0,49
201200029579,12,5,11,1310,1,2,1,1.0,6,49015,M,4749361.0,-58126.0,49
201200029580,12,5,15,1610,1,2,6,1.0,3,49267,M,4747045.0,-51587.0,49
201200029581,12,5,14,1650,1,2,6,1.0,3,49007,M,4746497.0,-55878.0,49
201200029582,12,5,14,2245,5,2,2,1.0,3,49007,M,4748960.0,-56283.0,49
201200029583,12,5,15,750,1,2,2,1.0,1,49007,M,4746529.0,-55033.0,49
201200029584,12,5,15,2130,2,2,1,1.0,7,49246,M,4743960.0,-50372.0,49
201200029585,12,5,15,1000,1,2,2,1.0,3,49007,M,4746180.0,-54147.0,49
201200029586,12,5,16,1505,1,2,1,1.0,7,49007,M,4746965.0,-54758.0,49
201200029587,12,5,16,1829,1,2,1,1.0,7,49007,M,4746093.0,-59647.0,49
201200029588,12,5,21,916,1,1,1,2.0,3,49353,M,4744666.0,-45307.0,49
201200029589,12,5,22,2013,1,2,2,1.0,3,49007,M,4745567.0,-53002.0,49
201200029590,12,5,22,1630,1,2,1,1.0,6,49007,M,4744730.0,-56140.0,49
201200029591,12,5,23,1702,1,2,1,1.0,3,49007,M,4747151.0,-52305.0,49
201200029592,12,5,23,1230,1,2,1,1.0,2,49007,M,4746893.0,-54579.0,49
201200029593,12,5,26,1920,1,2,1,1.0,7,49267,M,4747076.0,-50461.0,49
201200029594,12,5,25,2244,5,2,1,1.0,7,49007,M,4748315.0,-56394.0,49
201200029595,12,5,25,2056,1,2,2,1.0,3,49353,M,4745157.0,-50538.0,49
201200029596,12,5,27,1345,1,2,2,1.0,3,49007,M,4748335.0,-52680.0,49
201200029597,12,5,28,1528,1,2,2,1.0,3,49007,M,4747616.0,-54510.0,49
201200029598,12,5,27,1605,1,2,2,1.0,3,49007,M,4745052.0,-55278.0,49
201200029599,12,5,29,846,1,2,1,1.0,6,49007,M,4748047.0,-56631.0,49
201200029600,12,5,29,1752,1,2,1,1.0,6,49007,M,4745266.0,-56232.0,49
201200029601,12,5,30,1956,1,2,1,1.0,7,49007,M,4746264.0,-54052.0,49
201200029602,12,5,31,1222,1,2,1,1.0,3,49015,M,4750881.0,-57949.0,49
201200029603,12,5,31,1250,1,2,3,1.0,2,49007,M,4747669.0,-54460.0,49
201200029604,12,6,2,949,1,2,1,1.0,6,49007,M,4747817.0,-56327.0,49
201200029605,12,6,3,1338,1,2,2,1.0,1,49007,M,4748331.0,-52675.0,49
201200029606,12,6,4,249,5,2,1,1.0,6,49007,M,4747076.0,-56086.0,49
201200029607,12,6,4,1730,1,2,1,1.0,3,49007,M,4746394.0,-53179.0,49
201200029608,12,6,4,1341,1,2,1,1.0,6,49007,M,4747302.0,-56489.0,49
201200029609,12,6,5,949,1,2,2,1.0,2,49007,M,4745258.0,-52405.0,49
201200029610,12,6,5,1129,1,2,1,1.0,2,49007,M,4748736.0,-54070.0,49
201200029611,12,6,6,1524,1,2,1,1.0,2,49007,M,4747352.0,-58641.0,49
201200029612,12,6,6,1741,1,1,1,1.0,2,49007,M,4747156.0,-52198.0,49
201200029613,12,6,7,751,1,2,1,1.0,7,49007,M,4748599.0,-51318.0,49
201200029614,12,6,8,1322,1,2,1,1.0,6,49007,M,4746190.0,-54845.0,49
201200029615,12,6,8,1850,1,2,1,1.0,2,49007,M,4747487.0,-54773.0,49
201200029616,12,6,9,1500,1,2,1,1.0,6,49246,M,4741518.0,-52317.0,49
201200029617,12,6,9,1705,1,2,1,1.0,7,49007,M,4745490.0,-55361.0,49
201200029618,12,6,10,1631,1,2,6,1.0,4,49015,M,4749957.0,-62118.0,49
201200029619,12,6,11,1528,1,2,1,1.0,6,49007,M,4748053.0,-52756.0,49
201200029620,12,6,12,858,1,2,1,1.0,2,49007,M,4746157.0,-53201.0,49
201200029621,12,6,16,640,1,2,1,1.0,1,49007,M,4745286.0,-57315.0,49
201200029622,12,6,18,1325,1,2,3,1.0,7,49267,M,4748663.0,-48313.0,49
201200029623,12,6,19,900,1,2,2,1.0,3,49007,M,4747642.0,-56651.0,49
201200029624,12,6,15,950,1,2,1,1.0,6,49007,M,4746734.0,-54992.0,49
201200029625,12,6,21,812,1,2,2,1.0,3,49246,M,4744274.0,-53505.0,49
201200029626,12,6,25,1224,1,2,1,1.0,2,49007,M,4745361.0,-52672.0,49
201200029627,12,6,25,837,1,2,2,2.0,1,49007,M,4745943.0,-56026.0,49
201200029628,12,6,27,1610,1,2,3,1.0,2,49007,M,4747546.0,-53487.0,49
201200029629,12,6,26,1842,1,2,1,1.0,7,49015,M,4750265.0,-58559.0,49
201200029630,12,6,28,910,1,2,1,1.0,6,49007,M,4744808.0,-56331.0,49
201200029631,12,6,29,2105,1,2,1,1.0,2,49007,M,4746720.0,-55512.0,49
201200029632,12,7,4,1325,1,2,1,1.0,2,49007,M,4744964.0,-51552.0,49
201200029633,12,7,5,1251,1,2,1,1.0,2,49007,M,4748385.0,-56380.0,49
201200029634,12,7,5,1746,1,2,3,1.0,3,49246,M,4743205.0,-52882.0,49
201200029635,12,7,5,1600,1,2,6,1.0,6,49267,M,4746876.0,-50771.0,49
201200029636,12,7,6,805,1,2,6,1.0,7,49353,M,4745074.0,-47261.0,49
201200029637,12,7,6,1822,1,2,1,1.0,2,49007,M,4748268.0,-56394.0,49
201200029638,12,7,9,1018,1,1,1,1.0,6,49007,M,4747397.0,-56091.0,49
201200029639,12,7,9,728,1,2,1,1.0,6,49007,M,4747939.0,-57621.0,49
201200029640,12,7,10,2147,1,1,1,1.0,6,49007,M,4748208.0,-54996.0,49
201200029641,12,7,11,1015,1,2,1,1.0,7,49015,M,4750207.0,-58831.0,49
201200029642,12,7,12,1419,1,2,2,1.0,3,49007,M,4747508.0,-54984.0,49
201200029643,12,6,30,1100,1,2,1,2.0,1,49007,M,4747896.0,-51909.0,49
201200029644,12,7,15,1920,1,2,1,1.0,2,49007,M,4747570.0,-55236.0,49
201200029645,12,7,11,1330,1,1,1,1.0,6,49267,M,4746033.0,-48745.0,49
201200029646,12,7,15,1330,1,2,1,1.0,7,49007,M,4747211.0,-54132.0,49
201200029647,12,7,16,1838,1,2,1,1.0,7,49007,M,4745152.0,-52644.0,49
201200029648,12,7,19,720,1,2,3,1.0,3,49353,M,4744079.0,-48980.0,49
201200029649,12,7,19,1715,1,1,1,1.0,2,49267,M,4747168.0,-50958.0,49
201200029650,12,7,21,450,4,1,1,1.0,7,49267,M,4747400.0,-50594.0,49
201200029651,12,7,20,1842,1,2,3,1.0,6,49007,M,4747824.0,-52963.0,49
201200029652,12,7,23,2325,5,2,2,1.0,3,49007,M,4747928.0,-55559.0,49
201200029653,12,7,26,1335,1,2,2,1.0,1,49007,M,4748025.0,-53938.0,49
201200029654,12,7,27,2058,2,2,1,2.0,2,49007,M,4747296.0,-54570.0,49
201200029655,12,7,28,1658,1,2,1,1.0,7,49007,M,4745719.0,-52747.0,49
201200029656,12,7,29,227,5,2,1,1.0,6,49007,M,4746348.0,-52953.0,49
201200029657,12,7,28,2250,2,2,1,1.0,7,49015,M,4748469.0,-58476.0,49
201200029658,12,7,30,802,1,2,2,2.0,3,49007,M,4748185.0,-54347.0,49
201200029659,12,7,31,1226,1,2,1,2.0,7,49246,M,4743728.0,-50712.0,49
201200029660,12,7,30,1750,1,2,1,2.0,7,49007,M,4745348.0,-57240.0,49
201200029661,12,7,30,1754,1,2,3,1.0,3,49007,M,4749070.0,-53209.0,49
201200029662,12,8,2,1805,1,2,6,1.0,7,49007,M,4747045.0,-58827.0,49
201200029663,12,8,2,1620,1,2,1,1.0,6,49007,M,4746143.0,-54036.0,49
201200029664,12,8,3,1708,1,2,3,1.0,3,49015,M,4751121.0,-58841.0,49
201200029665,12,8,3,1338,1,2,1,1.0,7,49015,M,4750759.0,-59038.0,49
201200029666,12,8,9,1830,1,2,1,1.0,7,49007,M,4746039.0,-54105.0,49
201200029667,12,8,9,2254,5,2,6,1.0,1,49007,M,4746669.0,-55740.0,49
201200029668,12,8,10,1155,1,2,1,1.0,4,49007,M,4746971.0,-56154.0,49
201200029669,12,8,11,1509,1,2,1,1.0,7,49007,M,4744504.0,-56103.0,49
201200029670,12,8,12,1152,1,2,1,1.0,7,49007,M,4747700.0,-55275.0,49
201200029671,12,8,13,1452,1,2,2,1.0,3,49007,M,4746354.0,-56393.0,49
201200029672,12,8,14,857,1,2,1,1.0,7,49007,M,4747693.0,-52826.0,49
201200029673,12,8,15,1632,1,2,1,1.0,7,49015,M,4750260.0,-58560.0,49
201200029674,12,8,15,1010,1,1,1,3.0,3,49246,M,4743622.0,-50964.0,49
201200029675,12,8,17,1750,1,2,1,1.0,6,49007,M,4746386.0,-55386.0,49
201200029676,12,8,19,2140,2,2,2,1.0,3,49015,M,4749820.0,-58595.0,49
201200029677,12,8,21,1255,1,2,2,1.0,1,49007,M,4747440.0,-56145.0,49
201200029678,12,8,23,1845,1,2,2,1.0,3,49007,M,4747852.0,-55620.0,49
201200029679,12,8,23,1137,1,2,2,1.0,3,49007,M,4746636.0,-54771.0,49
201200029680,12,8,22,2146,5,2,1,1.0,2,49007,M,4747046.0,-56911.0,49
201200029681,12,8,25,1255,1,1,1,1.0,7,49267,M,4747765.0,-50166.0,49
201200029682,12,8,26,1255,1,2,1,1.0,6,49007,M,4746656.0,-55706.0,49
201200029683,12,8,24,1702,1,2,1,1.0,2,49007,M,4748615.0,-56351.0,49
201200029684,12,8,25,1553,1,1,1,1.0,6,49267,M,4748613.0,-49777.0,49
201200029685,12,8,27,1231,1,2,1,1.0,3,49007,M,4747296.0,-54249.0,49
201200029686,12,8,28,1902,1,2,2,1.0,2,49007,M,4748556.0,-53331.0,49
201200029687,12,8,29,1246,1,1,1,1.0,7,49267,M,4747043.0,-51808.0,49
201200029688,12,8,30,1730,1,2,2,1.0,3,49007,M,4747400.0,-56089.0,49
201200029689,12,8,30,641,5,2,2,1.0,3,49007,M,4745099.0,-54945.0,49
201200029690,12,8,30,1908,1,2,2,1.0,3,49007,M,4746636.0,-54770.0,49
201200029691,12,8,31,945,1,2,2,1.0,5,49007,M,4744879.0,-55249.0,49
201200029692,12,9,3,1600,1,2,1,1.0,7,49007,M,4746617.0,-55250.0,49
201200029693,12,9,3,1822,1,2,6,1.0,3,49267,M,4747038.0,-51590.0,49
201200029694,12,9,3,846,1,2,1,1.0,2,49246,M,4743899.0,-52425.0,49
201200029695,12,9,3,1258,1,2,1,1.0,2,49007,M,4747358.0,-58674.0,49
201200029696,12,9,4,1435,1,2,2,1.0,3,49007,M,4745699.0,-55395.0,49
201200029697,12,9,6,1910,1,2,1,1.0,7,49007,M,4747287.0,-56790.0,49
201200029698,12,9,6,847,1,1,1,1.0,3,49267,M,4748049.0,-48130.0,49
201200029699,12,9,9,1947,1,2,1,1.0,7,49007,M,4746271.0,-55508.0,49
201200029700,12,9,11,1730,1,2,1,1.0,4,49007,M,4747328.0,-59504.0,49
201200029701,12,9,13,1014,1,2,1,1.0,4,49246,M,4743388.0,-52799.0,49
201200029702,12,9,12,1851,1,2,1,1.0,3,49007,M,4745859.0,-54603.0,49
201200029703,12,9,13,1221,1,2,6,9.0,2,49007,M,4747695.0,-59896.0,49
201200029704,12,9,16,803,1,2,1,1.0,6,49246,M,4742441.0,-52610.0,49
201200029705,12,9,15,300,5,2,1,1.0,7,49007,M,4744483.0,-53757.0,49
201200029706,12,9,14,1405,1,2,1,1.0,3,49007,M,4748543.0,-54665.0,49
201200029707,12,9,19,1941,1,2,1,1.0,7,49015,M,4750265.0,-58559.0,49
201200029708,12,9,19,821,1,2,1,1.0,7,49007,M,4747923.0,-54221.0,49
201200029709,12,9,18,1245,1,2,3,1.0,3,49007,M,4746040.0,-53816.0,49
201200029710,12,9,20,1115,1,2,1,1.0,6,49007,M,4748297.0,-58075.0,49
201200029711,12,9,25,50,5,2,1,1.0,2,49007,M,4748878.0,-51873.0,49
201200029712,12,9,22,624,5,2,1,1.0,6,49007,M,4746510.0,-54952.0,49
201200029713,12,9,21,2348,4,2,1,1.0,6,49007,M,4746482.0,-57650.0,49
201200029714,12,9,24,808,1,2,1,1.0,7,49007,M,4750994.0,-57670.0,49
201200029715,12,9,25,758,1,1,1,3.0,7,49267,M,4747151.0,-50943.0,49
201200029716,12,9,24,1053,1,2,1,6.0,7,49007,M,4746641.0,-58230.0,49
201200029717,12,9,23,1432,1,2,1,1.0,6,49007,M,4746500.0,-55729.0,49
201200029718,12,9,25,1244,1,2,1,1.0,7,49007,M,4746649.0,-59429.0,49
201200029719,12,9,21,1730,1,2,1,1.0,7,49007,M,4745368.0,-52263.0,49
201200029720,12,9,22,426,5,2,1,1.0,7,49007,M,4744653.0,-53647.0,49
201200029721,12,9,27,815,1,2,1,1.0,7,49007,M,4747231.0,-56674.0,49
201200029722,12,9,27,1548,1,2,2,1.0,3,49007,M,4746797.0,-54652.0,49
201200029723,12,9,29,931,1,2,6,1.0,4,49007,M,4747188.0,-56675.0,49
201200029724,12,9,27,1704,1,1,1,1.0,3,49007,M,4747484.0,-60392.0,49
201200029725,12,9,28,757,1,2,1,1.0,7,49015,M,4749366.0,-59145.0,49
201200029726,12,9,30,28,5,2,6,1.0,3,49007,M,4746856.0,-55868.0,49
201200029727,12,9,28,1742,1,2,1,1.0,3,49007,M,4746901.0,-53239.0,49
201200029728,12,10,1,2140,5,2,1,1.0,7,49007,M,4744386.0,-57512.0,49
201200029729,12,9,30,903,1,2,1,1.0,6,49007,M,4744139.0,-54383.0,49
201200029730,12,10,1,800,2,2,2,1.0,3,49007,M,4745062.0,-55282.0,49
201200029731,12,10,2,1751,1,1,1,1.0,4,49246,M,4750406.0,-50325.0,49
201200029732,12,10,2,1400,1,2,2,1.0,3,49007,M,4745259.0,-52406.0,49
201200029733,12,10,3,1829,1,2,1,2.0,3,49007,M,4748737.0,-53801.0,49
201200029734,12,10,3,1754,1,2,3,1.0,3,49007,M,4745458.0,-54043.0,49
201200029735,12,10,2,1636,1,2,1,1.0,3,49007,M,4747353.0,-58653.0,49
201200029736,12,9,12,1730,1,2,1,1.0,2,49007,M,4747865.0,-56513.0,49
201200029737,12,10,4,1811,1,1,1,1.0,4,49015,M,4751638.0,-60365.0,49
201200029738,12,10,7,1748,1,1,1,2.0,6,49267,M,4746451.0,-51689.0,49
201200029739,12,9,7,1315,1,2,2,1.0,3,49007,M,4744819.0,-52954.0,49
201200029740,12,10,5,1655,1,2,1,1.0,6,49007,M,4747335.0,-59253.0,49
201200029741,12,10,6,1933,1,1,1,2.0,7,49246,M,4743711.0,-50744.0,49
201200029742,12,10,8,732,5,1,1,2.0,7,49007,M,4745980.0,-57317.0,49
201200029743,12,10,8,1309,1,2,1,2.0,7,49007,M,4748667.0,-54696.0,49
201200029744,12,10,9,1211,1,2,1,1.0,3,49007,M,4746732.0,-54995.0,49
201200029745,12,10,9,1803,1,2,2,2.0,6,49007,M,4745879.0,-55865.0,49
201200029746,12,10,6,1545,1,2,1,1.0,1,49007,M,4748314.0,-56950.0,49