Num_Acc,an,mois,jour,hrmn,lum,agg,int,atm,col,com,gps,lat,long,dep
201200029747,12,10,11,1740,1,2,1,1.0,3,49007,M,4748663.0,-57284.0,49
201200029748,12,10,10,1200,1,2,1,2.0,7,49007,M,4747407.0,-55610.0,49
201200029749,12,10,14,250,5,2,2,8.0,3,49007,M,4747447.0,-54677.0,49
201200029750,12,10,12,1438,1,2,2,1.0,3,49007,M,4747587.0,-55261.0,49
201200029751,12,10,14,1047,1,2,1,3.0,7,49007,M,4746980.0,-54955.0,49
201200029752,12,10,11,829,2,2,1,2.0,6,49007,M,4743891.0,-52399.0,49
201200029753,12,10,11,849,2,2,1,3.0,6,49015,M,4749361.0,-58126.0,49
201200029754,12,10,16,755,1,2,1,2.0,4,49007,M,4748617.0,-54757.0,49
201200029755,12,10,15,1145,1,2,1,1.0,3,49007,M,4746774.0,-55655.0,49
201200029756,12,10,16,1050,1,2,6,1.0,6,49007,M,4746478.0,-54865.0,49
201200029757,12,10,16,1020,1,2,1,2.0,7,49007,M,4746759.0,-54191.0,49
201200029758,12,10,16,820,1,2,1,2.0,4,49007,M,4747938.0,-55208.0,49
201200029759,12,10,20,1629,1,2,1,1.0,7,49007,M,4746005.0,-53723.0,49
201200029760,12,10,19,1214,1,2,1,2.0,2,49007,M,4749167.0,-55162.0,49
201200029761,12,10,19,1352,1,2,1,2.0,2,49015,M,4751820.0,-60995.0,49
201200029762,12,10,19,1110,1,2,6,1.0,6,49015,M,4749403.0,-58610.0,49
201200029763,12,10,19,1819,1,1,1,2.0,6,49007,M,4747955.0,-55186.0,49
201200029764,12,10,23,1447,1,2,2,1.0,5,49007,M,4744824.0,-56633.0,49
201200029765,12,10,24,1145,1,2,1,1.0,7,49353,M,4744705.0,-49350.0,49
201200029766,12,10,22,1550,1,2,1,1.0,6,49007,M,4745514.0,-53541.0,49
201200029767,12,10,23,1357,1,2,1,1.0,6,49007,M,4746722.0,-55522.0,49
201200029768,12,10,21,1301,1,1,1,1.0,7,49007,M,4746814.0,-51934.0,49
201200029769,12,10,19,1630,1,1,1,1.0,7,49007,M,4746651.0,-58269.0,49
201200029770,12,10,26,1017,1,2,7,1.0,7,49007,M,4747505.0,-58583.0,49
201200029771,12,10,27,2312,5,2,1,1.0,7,49246,M,4743125.0,-53760.0,49
201200029772,12,10,25,2250,5,2,1,1.0,6,49007,M,4747354.0,-54164.0,49
201200029773,12,10,30,1408,1,2,1,1.0,6,49007,M,4747203.0,-54651.0,49
201200029774,12,10,30,755,2,2,1,1.0,6,49007,M,4748595.0,-51496.0,49
201200029775,12,10,31,1915,2,2,6,1.0,3,49015,M,4749395.0,-58620.0,49
201200029776,12,11,2,1526,1,2,4,1.0,3,49007,M,4746776.0,-55905.0,49
201200029777,12,11,2,636,2,1,1,1.0,5,49007,M,4746487.0,-57648.0,49
201200029778,12,11,6,935,1,2,3,1.0,6,49007,M,4746825.0,-52043.0,49
201200029779,12,11,4,1856,3,2,1,2.0,7,49007,M,4747894.0,-54992.0,49
201200029780,12,11,5,1345,1,2,2,1.0,5,49007,M,4747353.0,-58609.0,49
201200029781,12,11,6,1557,1,2,1,1.0,7,49015,M,4749209.0,-59254.0,49
201200029782,12,11,8,930,1,2,1,1.0,6,49007,M,4745042.0,-53714.0,49
201200029783,12,11,10,1250,1,2,6,2.0,7,49007,M,4747035.0,-56918.0,49
201200029784,12,11,14,2000,5,2,2,1.0,3,49007,M,4748767.0,-56336.0,49
201200029785,12,11,17,1725,5,2,3,2.0,3,49007,M,4747587.0,-55259.0,49
201200029786,12,11,21,1225,1,2,1,1.0,6,49007,M,4747425.0,-56716.0,49
201200029787,12,11,21,730,2,2,3,1.0,3,49267,M,4746865.0,-49266.0,49
201200029788,12,11,17,1730,3,1,1,2.0,6,49353,M,4745048.0,-49169.0,49
201200029789,12,11,19,1250,1,2,1,1.0,2,49007,M,4748099.0,-55072.0,49
201200029790,12,11,22,948,1,2,1,2.0,7,49007,M,4746440.0,-60066.0,49
201200029791,12,11,19,1250,1,2,1,1.0,2,49007,M,4745987.0,-54587.0,49
201200029792,12,11,21,944,1,2,3,1.0,3,49353,M,4745214.0,-51301.0,49
201200029793,12,11,19,1230,1,2,1,1.0,2,49007,M,4748759.0,-54647.0,49
201200029794,12,11,19,1500,1,1,1,1.0,4,49007,M,4748733.0,-54689.0,49
201200029795,12,11,16,1120,1,2,6,5.0,3,49015,M,4750499.0,-56984.0,49
201200029796,12,11,18,1212,1,2,1,1.0,7,49246,M,4742455.0,-52501.0,49
201200029797,12,11,22,1348,1,1,1,1.0,7,49007,M,4745367.0,-57226.0,49
201200029798,12,11,21,1407,1,2,6,1.0,3,49007,M,4747437.0,-51582.0,49
201200029799,12,11,25,338,5,2,3,1.0,7,49015,M,4750472.0,-60367.0,49
201200029800,12,11,26,1540,1,2,1,1.0,2,49007,M,4746084.0,-52803.0,49
201200029801,12,11,27,2240,5,2,2,1.0,1,49007,M,4745945.0,-56027.0,49
201200029802,12,11,16,339,5,2,1,1.0,6,49007,M,4745224.0,-52308.0,49
201200029803,12,11,29,1540,1,1,1,1.0,4,49267,M,4746451.0,-51689.0,49
201200029804,12,11,29,1558,1,2,1,1.0,3,49007,M,4747376.0,-58026.0,49
201200029805,12,11,30,450,5,1,1,1.0,7,49007,M,4748663.0,-57284.0,49
201200029806,12,11,30,854,1,2,2,1.0,3,49007,M,4746436.0,-55404.0,49
201200029807,12,12,3,630,5,2,6,2.0,7,49267,M,4746558.0,-49268.0,49
201200029808,12,12,3,1915,5,2,6,3.0,7,49007,M,4746549.0,-59510.0,49
201200029809,12,12,4,900,5,2,2,1.0,6,49007,M,4745173.0,-53579.0,49
201200029810,12,12,5,929,1,2,1,1.0,6,49007,M,4751060.0,-57512.0,49
201200029811,12,12,6,856,2,2,6,1.0,3,49007,M,4747695.0,-59909.0,49
201200029812,12,12,7,1956,5,2,1,1.0,3,49007,M,4748393.0,-52684.0,49
201200029813,12,12,7,1409,1,2,1,1.0,7,49007,M,4747317.0,-59898.0,49
201200029814,12,12,10,1224,1,2,3,1.0,3,49007,M,4747508.0,-55912.0,49
201200029815,12,12,10,1649,1,2,1,1.0,3,49007,M,4747635.0,-55111.0,49
201200029816,12,12,10,1221,1,2,1,1.0,4,49007,M,4749223.0,-55524.0,49
201200029817,12,12,12,815,1,2,6,1.0,3,49007,M,4745837.0,-54507.0,49
201200029818,12,12,12,1424,1,2,1,1.0,3,49007,M,4746074.0,-53313.0,49
201200029819,12,11,12,1332,1,2,1,1.0,3,49007,M,4745130.0,-56180.0,49
201200029820,12,12,13,1420,1,2,2,2.0,6,49007,M,4747906.0,-54402.0,49
201200029821,12,12,14,1331,1,2,1,1.0,6,49007,M,4747354.0,-54164.0,49
201200029822,12,12,15,906,1,1,1,1.0,3,49007,M,4746781.0,-58477.0,49
201200029823,12,12,14,1652,1,2,2,1.0,3,49007,M,4747742.0,-55364.0,49
201200029824,12,12,14,1841,5,2,1,1.0,7,49007,M,4745169.0,-56303.0,49
201200029825,12,12,16,2050,5,1,1,1.0,6,49007,M,4745468.0,-56851.0,49
201200029826,12,12,18,1826,1,2,1,1.0,3,49007,M,4747924.0,-58810.0,49
201200029827,12,12,18,1400,1,1,1,1.0,4,49007,M,4746916.0,-60958.0,49
201200029828,12,12,19,1600,1,2,1,2.0,2,49007,M,4748744.0,-53788.0,49
201200029829,12,12,19,720,5,1,1,2.0,6,49015,M,4751724.0,-62518.0,49
201200029830,12,12,21,402,4,1,1,2.0,6,49007,M,4744473.0,-52396.0,49
201200029831,12,12,20,1758,5,2,1,2.0,3,49353,M,4745255.0,-48344.0,49
201200029832,12,12,20,1807,3,2,1,2.0,6,49007,M,4747613.0,-59929.0,49
201200029833,12,12,21,1221,1,2,1,1.0,6,49007,M,4745653.0,-53026.0,49
201200029834,12,12,21,832,5,2,2,1.0,3,49007,M,4746253.0,-54330.0,49
201200029835,12,12,22,1002,1,2,1,2.0,3,49246,M,4743627.0,-53100.0,49
201200029836,12,12,22,1051,1,2,2,2.0,3,49007,M,4745705.0,-55405.0,49
201200029837,12,12,21,931,1,2,1,1.0,7,49007,M,4746233.0,-54279.0,49
201200029838,12,12,21,1410,1,2,2,1.0,3,49007,M,4747908.0,-54404.0,49
201200029839,12,12,22,1635,1,1,1,1.0,7,49267,M,4747150.0,-50954.0,49
201200029840,12,12,27,1858,5,2,1,1.0,7,49007,M,4744533.0,-56702.0,49
201200029841,12,12,30,1654,1,2,1,2.0,6,49007,M,4746991.0,-54813.0,49
201200029842,12,12,29,1805,2,2,3,2.0,3,49007,M,4745505.0,-53416.0,49
201200029843,12,12,30,1219,1,2,1,2.0,3,49007,M,4747878.0,-51795.0,49
201200029844,12,12,28,1915,5,2,1,2.0,6,49007,M,4748598.0,-52032.0,49
201200029845,12,1,5,800,2,2,3,1.0,3,49099,M,4704408.0,-88554.0,49
201200029846,12,1,5,1610,1,2,1,8.0,2,49099,M,4706083.0,-89083.0,49
201200029847,12,1,6,750,5,2,6,1.0,6,49099,M,4704626.0,-87657.0,49
201200029848,12,1,12,2010,5,2,2,1.0,3,49099,M,4705243.0,-86927.0,49
201200029849,12,1,12,1620,1,2,9,5.0,5,49099,M,4708130.0,-82741.0,49
201200029850,12,1,15,1540,1,2,1,1.0,5,49099,M,4704415.0,-89086.0,49
201200029851,12,2,4,1850,3,2,1,1.0,6,49099,M,4707353.0,-84331.0,49
201200029852,12,2,16,1000,1,2,1,1.0,6,49099,M,4705301.0,-89740.0,49
201200029853,12,2,16,1345,1,2,1,1.0,3,49099,M,4706740.0,-88529.0,49
201200029854,12,2,18,1605,1,2,1,1.0,7,49099,M,4706653.0,-89694.0,49
201200029855,12,2,20,1245,1,2,1,1.0,3,49099,M,4707321.0,-90017.0,49
201200029856,12,2,23,2015,2,2,6,1.0,3,49099,M,4705002.0,-90735.0,49
201200029857,12,3,10,320,5,2,1,1.0,6,49099,M,4706251.0,-86575.0,49
201200029858,12,3,10,2300,5,2,4,1.0,3,49099,M,4706297.0,-87524.0,49
201200029859,12,3,16,200,3,2,1,5.0,6,49099,M,4702300.0,-91270.0,49
201200029860,12,3,22,1350,1,2,1,1.0,2,49099,M,4703631.0,-90379.0,49
201200029861,12,3,28,1725,1,2,1,1.0,4,49099,M,4705494.0,-86048.0,49
201200029862,12,4,1,1220,1,2,1,1.0,6,49099,M,4706314.0,-88564.0,49
201200029863,12,4,2,1200,1,1,1,1.0,2,49099,M,4708467.0,-90643.0,49
201200029864,12,4,13,2210,3,1,1,1.0,6,49099,M,4703436.0,-88464.0,49
201200029865,12,4,16,2340,5,2,1,1.0,6,49099,M,4707146.0,-84837.0,49
201200029866,12,4,19,1230,1,2,1,1.0,1,49099,M,4707549.0,-89108.0,49
201200029867,12,4,21,5,5,2,1,1.0,6,49099,M,4705910.0,-88716.0,49
201200029868,12,4,21,1720,1,2,6,1.0,4,49099,M,4703711.0,-90469.0,49
201200029869,12,4,29,130,5,2,2,3.0,6,49099,M,4705145.0,-88142.0,49
201200029870,12,5,4,1810,1,2,1,1.0,2,49099,M,4706806.0,-85561.0,49
201200029871,12,5,12,900,1,2,1,1.0,2,49099,M,4705658.0,-86173.0,49
201200029872,12,5,16,1608,1,2,2,1.0,6,49099,M,4705796.0,-87929.0,49
201200029873,12,5,18,2220,5,2,6,1.0,3,49099,M,4706304.0,-86598.0,49
201200029874,12,5,19,1120,1,2,2,1.0,3,49099,M,4706403.0,-88013.0,49
201200029875,12,5,22,1135,1,2,2,1.0,6,49099,M,4705949.0,-87409.0,49
201200029876,12,5,27,210,5,2,1,1.0,7,49099,M,4707717.0,-83575.0,49
201200029877,12,5,29,1832,1,2,6,1.0,3,49099,M,4706520.0,-87012.0,49
201200029878,12,6,1,1942,1,2,1,1.0,6,49099,M,4706350.0,-87311.0,49
201200029879,12,6,3,125,5,2,6,2.0,6,49099,M,4706871.0,-90421.0,49
201200029880,12,6,9,1605,1,2,3,1.0,3,49099,M,4706508.0,-87037.0,49
201200029881,12,6,16,235,5,2,1,1.0,6,49099,M,4705546.0,-87646.0,49
201200029882,12,6,16,1620,1,2,3,1.0,3,49099,M,4706008.0,-89891.0,49
201200029883,12,6,27,1200,1,2,1,1.0,4,49099,M,4706736.0,-88531.0,49
201200029884,12,7,2,1915,1,2,1,1.0,6,49099,M,4705699.0,-86644.0,49
201200029885,12,7,12,1205,1,2,9,1.0,3,49099,M,4705451.0,-87590.0,49
201200029886,12,7,26,500,5,2,1,1.0,7,49099,M,4706663.0,-85878.0,49
201200029887,12,7,29,700,2,2,1,1.0,6,49099,M,4707060.0,-85820.0,49
201200029888,12,7,30,1620,1,2,6,3.0,6,49099,M,4705084.0,-85109.0,49
201200029889,12,8,2,415,3,2,1,1.0,1,49099,M,4706152.0,-86974.0,49
201200029890,12,8,3,1953,1,2,1,1.0,3,49099,M,4707796.0,-83460.0,49
201200029891,12,8,4,715,1,2,1,1.0,1,49099,M,4704510.0,-87831.0,49
201200029892,12,8,11,1930,1,2,1,1.0,6,49099,M,4699040.0,-89039.0,49
201200029893,12,8,22,1500,1,2,2,1.0,5,49099,M,4705720.0,-86286.0,49
201200029894,12,8,31,35,5,2,2,1.0,3,49099,M,4705679.0,-87284.0,49
201200029895,12,8,31,1725,1,2,1,1.0,3,49099,M,4707406.0,-90341.0,49
201200029896,12,9,1,1255,1,2,9,1.0,4,49099,M,4705947.0,-91775.0,49
201200029897,12,9,11,900,1,2,3,8.0,3,49099,M,4704360.0,-88538.0,49
201200029898,12,9,11,1545,1,2,2,1.0,3,49099,M,4705659.0,-87758.0,49
201200029899,12,9,12,1800,1,2,2,1.0,3,49099,M,4705114.0,-85508.0,49
201200029900,12,9,13,1645,1,2,1,1.0,6,49099,M,4706694.0,-87267.0,49
201200029901,12,9,16,2250,5,2,2,1.0,3,49099,M,4705883.0,-86625.0,49
201200029902,12,10,9,840,1,2,2,2.0,3,49099,M,4706303.0,-89242.0,49
201200029903,12,10,10,750,2,2,1,2.0,2,49099,M,4706618.0,-87164.0,49
201200029904,12,10,10,1915,5,2,2,8.0,3,49099,M,4706741.0,-88493.0,49
201200029905,12,10,14,1135,1,2,6,1.0,6,49099,M,4705015.0,-87255.0,49
201200029906,12,10,17,1600,1,2,2,2.0,6,49099,M,4707313.0,-86202.0,49
201200029907,12,10,19,1530,1,2,6,8.0,6,49099,M,4705944.0,-90430.0,49
201200029908,12,10,20,1410,1,2,1,8.0,3,49099,M,4706627.0,-90583.0,49
201200029909,12,10,25,1850,2,2,6,1.0,7,49099,M,4703718.0,-90525.0,49
201200029910,12,10,21,110,5,2,1,1.0,6,49099,M,4704923.0,-86151.0,49
201200029911,12,10,31,1540,1,2,3,1.0,6,49099,M,4705284.0,-88258.0,49
201200029912,12,11,1,1800,5,2,2,8.0,3,49099,M,4706894.0,-88217.0,49
201200029913,12,11,2,1200,1,2,6,1.0,3,49099,M,4705041.0,-87239.0,49
201200029914,12,11,7,2040,5,2,6,1.0,6,49099,M,4705010.0,-87199.0,49
201200029915,12,11,10,1630,1,2,1,2.0,3,49099,M,4707768.0,-83935.0,49
201200029916,12,11,13,2000,5,2,1,1.0,3,49099,M,4707162.0,-84831.0,49
201200029917,12,11,14,1440,1,2,1,1.0,3,49099,M,4706022.0,-89745.0,49
201200029918,12,11,14,1740,5,2,1,1.0,3,49099,M,4706678.0,-86630.0,49
201200029919,12,11,16,2020,3,2,1,1.0,1,49099,M,4702340.0,-88528.0,49
201200029920,12,11,25,1940,5,2,1,1.0,6,49099,M,4705889.0,-87024.0,49
201200029921,12,11,27,1755,5,2,6,8.0,3,49099,M,4705541.0,-85984.0,49
201200029922,12,11,30,1140,1,2,1,1.0,6,49099,M,4705204.0,-84966.0,49
201200029923,12,12,1,1045,1,2,1,1.0,6,49099,M,4706324.0,-90534.0,49
201200029924,12,12,7,1115,1,2,1,1.0,6,49099,M,4706199.0,-88275.0,49
201200029925,12,12,16,410,5,2,1,1.0,6,49099,M,4703743.0,-91617.0,49
201200029926,12,12,19,1720,2,2,1,2.0,4,49099,M,4704697.0,-87709.0,49
201200029927,12,12,21,1645,1,2,2,1.0,6,49099,M,4706126.0,-87312.0,49
201200029928,12,12,21,1745,5,2,6,2.0,6,49099,M,4705767.0,-88795.0,49
201200029929,12,12,27,1130,1,1,1,2.0,6,49099,M,4699660.0,-88187.0,49
201200029930,12,12,29,1310,1,1,1,1.0,3,49099,M,4707375.0,-90014.0,49
201200029931,12,1,11,1330,1,2,6,1.0,3,49328,M,4725204.0,-8729.0,49
201200029932,12,1,17,800,1,2,6,1.0,3,49328,M,4726718.0,-6989.0,49
201200029933,12,1,19,940,1,2,1,2.0,6,49328,M,4726498.0,-9955.0,49
201200029934,12,2,1,1720,1,2,2,1.0,6,49328,M,4727188.0,-6456.0,49
201200029935,12,2,4,20,5,2,2,1.0,3,49328,M,4726035.0,-8162.0,49
201200029936,12,2,7,830,1,2,1,1.0,7,49328,M,4725579.0,-7429.0,49
201200029937,12,2,21,1130,1,2,5,1.0,7,49328,M,4723543.0,-10171.0,49
201200029938,12,2,21,1740,1,2,1,1.0,7,49328,M,4724998.0,-9066.0,49
201200029939,12,2,22,955,1,2,3,1.0,6,49328,M,4724308.0,-7467.0,49
201200029940,12,2,28,850,1,2,2,1.0,3,49328,M,4726137.0,-7840.0,49
201200029941,12,3,5,1930,2,1,1,1.0,5,49328,M,4726328.0,-9514.0,49
201200029942,12,3,12,830,1,2,1,1.0,6,49328,M,4724439.0,-7156.0,49
201200029943,12,3,12,1715,1,2,2,1.0,2,49328,M,4727191.0,-6460.0,49
201200029944,12,3,14,1640,1,2,1,1.0,7,49328,M,4726704.0,-8883.0,49
201200029945,12,3,16,800,1,2,1,5.0,6,49328,M,4725328.0,-8471.0,49
201200029946,12,3,26,710,2,1,1,1.0,7,49328,M,4727582.0,-13138.0,49
201200029947,12,3,29,830,1,2,1,1.0,3,49328,M,4725556.0,-7967.0,49
201200029948,12,3,29,1315,1,2,2,1.0,3,49328,M,4726039.0,-8162.0,49
201200029949,12,4,2,1145,1,2,1,1.0,4,49328,M,4725918.0,-8879.0,49
201200029950,12,3,2,1800,1,2,1,1.0,7,49328,M,4727788.0,-6416.0,49
201200029951,12,4,14,1035,1,2,2,1.0,3,49328,M,4727337.0,-6937.0,49
201200029952,12,4,29,1935,1,1,1,1.0,6,49328,M,4727071.0,-8483.0,49
201200029953,12,5,2,720,1,2,1,1.0,3,49328,M,4723598.0,-7086.0,49
201200029954,12,5,3,1230,1,2,6,1.0,5,49328,M,4726281.0,-9034.0,49
201200029955,12,5,7,1405,1,2,1,1.0,3,49328,M,4726230.0,-5297.0,49
201200029956,12,5,7,1355,1,2,2,1.0,3,49328,M,4724932.0,-7731.0,49
201200029957,12,5,7,1915,1,2,1,1.0,5,49328,M,4724216.0,-2708.0,49
201200029958,12,5,11,1850,1,2,1,1.0,2,49328,M,4726489.0,-9911.0,49
201200029959,12,5,17,2320,3,2,1,1.0,2,49328,M,4726235.0,-7548.0,49
201200029960,12,5,18,1050,1,2,1,1.0,6,49328,M,4727342.0,-11569.0,49
201200029961,12,5,22,1035,1,2,1,1.0,6,49328,M,4724992.0,-7728.0,49
201200029962,12,5,23,1620,1,2,1,1.0,4,49328,M,4726093.0,-8948.0,49
201200029963,12,5,28,1635,1,2,1,1.0,6,49328,M,4726352.0,-12701.0,49
201200029964,12,5,29,1720,1,2,6,1.0,6,49328,M,4726773.0,-6929.0,49
201200029965,12,5,31,1515,1,2,3,1.0,3,49328,M,4727609.0,-7438.0,49
201200029966,12,6,11,1010,1,2,6,1.0,3,49328,M,4724960.0,-6799.0,49
201200029967,12,6,20,745,1,1,1,1.0,6,49328,M,4724508.0,-10764.0,49
201200029968,12,6,21,1600,1,2,2,1.0,3,49328,M,4725544.0,-8337.0,49
201200029969,12,6,28,1350,1,1,1,1.0,6,49328,M,4724529.0,-10742.0,49
201200029970,12,6,28,1635,1,2,2,1.0,3,49328,M,4726489.0,-7247.0,49
201200029971,12,7,2,1540,1,1,1,1.0,1,49328,M,4727918.0,-7115.0,49
201200029972,12,7,6,1115,1,1,1,1.0,7,49328,M,4727860.0,-11756.0,49
201200029973,12,7,12,1505,1,2,1,1.0,2,49328,M,4725889.0,-7241.0,49
201200029974,12,7,20,1215,1,2,6,1.0,7,49328,M,4725021.0,-7907.0,49
201200029975,12,7,22,1735,1,1,1,1.0,3,49328,M,4728797.0,-13135.0,49
201200029976,12,7,25,1345,1,2,6,1.0,2,49328,M,4726282.0,-9034.0,49
201200029977,12,7,28,250,3,2,1,1.0,7,49328,M,4726321.0,-9174.0,49
201200029978,12,7,28,1555,1,2,1,1.0,2,49328,M,4725579.0,-8714.0,49
201200029979,12,7,30,1325,1,2,1,2.0,7,49328,M,4724663.0,-9347.0,49
201200029980,12,8,3,1445,1,2,6,1.0,1,49328,M,4727498.0,-6130.0,49
201200029981,12,8,11,2205,5,2,1,1.0,6,49328,M,4726326.0,-7441.0,49
201200029982,12,9,5,555,2,2,1,1.0,7,49328,M,4725761.0,-7789.0,49
201200029983,12,9,8,110,3,1,1,1.0,1,49328,M,4727091.0,-8455.0,49
201200029984,12,9,11,850,1,2,1,1.0,2,49328,M,4725522.0,-8361.0,49
201200029985,12,9,7,2215,5,2,1,1.0,7,49328,M,4724931.0,-5489.0,49
201200029986,12,9,1,605,2,1,1,1.0,6,49328,M,4727018.0,-8572.0,49
201200029987,12,9,14,1213,1,2,6,1.0,3,49328,M,4725358.0,-8562.0,49
201200029988,12,9,15,1000,1,2,1,1.0,7,49328,M,4726049.0,-10127.0,49
201200029989,12,9,22,1810,1,2,2,1.0,3,49328,M,4726137.0,-7838.0,49
201200029990,12,9,30,1505,1,2,1,1.0,7,49328,M,4726356.0,-12667.0,49
201200029991,12,10,1,955,1,2,1,1.0,6,49328,M,4726504.0,-9965.0,49
201200029992,12,10,2,755,1,2,3,1.0,6,49328,M,4725692.0,-8020.0,49
201200029993,12,10,2,1225,1,2,1,1.0,7,49328,M,4725011.0,-7188.0,49
201200029994,12,10,3,2205,5,2,1,1.0,7,49328,M,4727525.0,-6066.0,49
201200029995,12,10,4,820,1,2,6,2.0,7,49328,M,4724659.0,-9347.0,49
201200029996,12,10,7,1545,1,2,1,2.0,6,49328,M,4725524.0,-8359.0,49
201200029997,12,10,10,1300,1,2,3,2.0,1,49328,M,4725342.0,-10433.0,49
201200029998,12,10,10,1715,1,2,3,1.0,6,49328,M,4726021.0,-8108.0,49
201200029999,12,10,10,1815,1,1,1,1.0,6,49328,M,4726304.0,-9526.0,49
201200030000,12,10,11,1345,1,2,2,1.0,6,49328,M,4726409.0,-7203.0,49
201200030001,12,10,11,2320,5,2,1,1.0,7,49328,M,4725579.0,-7429.0,49
201200030002,12,10,13,135,3,2,1,2.0,7,49328,M,4725168.0,-8776.0,49
201200030003,12,10,13,140,4,2,1,1.0,7,49328,M,4724930.0,-9048.0,49
201200030004,12,10,19,755,2,2,1,1.0,2,49328,M,4725647.0,-7834.0,49
201200030005,12,10,24,2000,2,2,1,1.0,7,49328,M,4726436.0,-7320.0,49
201200030006,12,11,3,1830,3,1,1,2.0,5,49328,M,4727998.0,-11996.0,49
201200030007,12,11,6,1515,1,2,3,1.0,6,49328,M,4725557.0,-6666.0,49
201200030008,12,11,14,1440,1,2,1,1.0,2,49328,M,4725330.0,-8470.0,49
201200030009,12,11,17,2010,3,1,1,1.0,6,49328,M,4724609.0,-5215.0,49
201200030010,12,11,21,1315,1,2,1,1.0,7,49328,M,4725330.0,-8470.0,49
201200030011,12,11,22,925,1,2,1,1.0,2,49328,M,4724549.0,-7300.0,49
201200030012,12,11,24,400,3,2,1,1.0,6,49328,M,4727306.0,-8097.0,49
201200030013,12,12,2,50,5,2,1,2.0,6,49328,M,4726006.0,-7799.0,49
201200030014,12,12,13,245,3,1,1,1.0,6,49328,M,4727309.0,-8092.0,49
201200030015,12,12,14,1010,1,2,1,1.0,6,49328,M,4726189.0,-9135.0,49
201200030016,12,12,22,1445,1,2,1,1.0,6,49328,M,4726101.0,-7875.0,49
201200030017,12,12,22,1905,4,2,1,1.0,7,49328,M,4725556.0,-8579.0,49
201200030018,12,12,23,1825,4,2,1,1.0,2,49328,M,4727988.0,-5529.0,49
201200030019,12,12,23,2010,5,2,1,1.0,7,49328,M,4725307.0,-9467.0,49
201200030020,12,1,4,1940,5,2,2,2.0,2,50129,M,4963230.0,-162374.0,50
201200030021,12,1,4,1210,1,2,1,1.0,2,50129,M,4962620.0,-162831.0,50
201200030022,12,1,10,1800,5,2,3,1.0,3,50173,M,4964640.0,-164721.0,50
201200030023,12,1,9,1355,1,2,1,1.0,6,50129,M,4963920.0,-162786.0,50
201200030024,12,1,12,2010,5,2,1,1.0,6,50129,M,4964150.0,-162574.0,50
201200030025,12,1,13,745,5,2,2,1.0,3,50129,M,4963340.0,-161738.0,50
201200030026,12,1,14,1450,1,2,2,1.0,1,50602,M,4964430.0,-158157.0,50
201200030027,12,1,15,1940,5,2,1,1.0,7,50129,M,4962990.0,-163101.0,50
201200030028,12,1,16,710,5,2,1,1.0,7,50203,M,4962310.0,-161248.0,50
201200030029,12,1,16,740,5,2,2,1.0,3,50129,M,4962910.0,-164110.0,50
201200030030,12,1,16,1120,1,2,1,1.0,6,50129,M,4963650.0,-163409.0,50
201200030031,12,1,16,1725,1,2,1,1.0,4,50129,M,4962940.0,-161813.0,50
201200030032,12,1,18,1000,1,2,1,8.0,6,50129,M,4964250.0,-161531.0,50
201200030033,12,1,24,1355,1,2,1,2.0,2,50129,M,4963460.0,-162541.0,50
201200030034,12,1,25,1045,1,2,1,1.0,2,50129,M,4963320.0,-164852.0,50
201200030035,12,1,27,1340,1,2,1,1.0,6,50129,M,4962890.0,-163428.0,50
201200030036,12,1,27,2025,5,2,2,2.0,3,50129,M,4963340.0,-161738.0,50
201200030037,12,1,29,1750,2,1,1,1.0,1,50203,M,4960900.0,-162000.0,50
201200030038,12,1,31,1845,5,2,3,1.0,6,50173,M,4964440.0,-164764.0,50
201200030039,12,2,2,750,5,2,1,1.0,6,50129,M,4963940.0,-163550.0,50
201200030040,12,2,3,1750,1,2,1,1.0,7,50129,M,4964130.0,-162354.0,50
201200030041,12,2,5,1530,1,2,1,1.0,6,50129,M,4964280.0,-162472.0,50
201200030042,12,2,6,1445,1,2,2,1.0,1,50173,M,4964740.0,-165095.0,50
201200030043,12,2,11,1,5,2,1,1.0,6,50129,M,4963460.0,-161108.0,50
201200030044,12,2,11,715,5,2,2,1.0,2,50173,M,4965860.0,-169090.0,50
201200030045,12,2,15,820,1,2,3,1.0,3,50129,M,4964250.0,-163979.0,50
201200030046,12,2,15,1120,1,2,1,1.0,2,50173,M,4965100.0,-164629.0,50
201200030047,12,2,20,920,1,2,1,1.0,2,50129,M,4962910.0,-164123.0,50
201200030048,12,2,24,2230,5,2,1,1.0,7,50129,M,4963360.0,-161860.0,50
201200030049,12,2,25,1700,1,2,1,1.0,6,50602,M,4963180.0,-158225.0,50
201200030050,12,2,25,2235,5,1,1,1.0,7,50602,M,4964210.0,-157119.0,50