Num_Acc,an,mois,jour,hrmn,lum,agg,int,atm,col,com,gps,lat,long,dep
201200030051,12,2,26,725,5,2,1,1.0,6,50602,M,4964380.0,-157780.0,50
201200030052,12,2,29,1205,1,2,1,1.0,6,50129,M,4963840.0,-162805.0,50
201200030053,12,3,2,740,2,1,1,5.0,7,50602,M,4963580.0,-157597.0,50
201200030054,12,3,6,1035,1,2,1,1.0,7,50602,M,4964140.0,-157955.0,50
201200030055,12,3,6,1315,1,2,1,1.0,1,50129,M,4964230.0,-161305.0,50
201200030056,12,3,7,900,1,2,2,1.0,3,50129,M,4963870.0,-161434.0,50
201200030057,12,3,11,1500,1,2,1,5.0,3,50129,M,4964270.0,-160842.0,50
201200030058,12,3,16,830,1,2,1,1.0,1,50173,M,4965790.0,-169363.0,50
201200030059,12,3,17,1525,1,2,1,2.0,4,50203,M,4960950.0,-160034.0,50
201200030060,12,3,17,2000,5,2,1,2.0,7,50203,M,4962180.0,-158401.0,50
201200030061,12,3,18,940,1,2,6,1.0,3,50173,M,4965750.0,-166874.0,50
201200030062,12,3,22,1620,1,2,1,1.0,6,50129,M,4963750.0,-162547.0,50
201200030063,12,3,23,1205,1,2,3,1.0,6,50129,M,4963460.0,-161083.0,50
201200030064,12,3,27,1145,1,2,3,1.0,7,50602,M,4963620.0,-158977.0,50
201200030065,12,3,29,1205,1,2,2,1.0,2,50602,M,4963510.0,-158643.0,50
201200030066,12,4,6,830,1,2,1,1.0,3,50602,M,4964790.0,-157873.0,50
201200030067,12,4,7,400,5,2,1,1.0,6,50129,M,4963020.0,-162485.0,50
201200030068,12,4,7,2020,2,2,1,1.0,6,50129,M,4962810.0,-164426.0,50
201200030069,12,4,9,1335,1,2,1,2.0,6,50129,M,4962960.0,-161808.0,50
201200030070,12,4,9,1515,1,2,1,2.0,2,50203,M,4961110.0,-160088.0,50
201200030071,12,4,10,635,5,2,1,1.0,6,50129,M,4962930.0,-162597.0,50
201200030072,12,4,13,2150,5,2,3,1.0,3,50602,M,4964220.0,-158830.0,50
201200030073,12,4,20,1125,1,2,6,2.0,6,50602,M,4963530.0,-159191.0,50
201200030074,12,4,20,2017,2,2,1,1.0,1,50203,M,4962420.0,-161664.0,50
201200030075,12,4,21,1500,1,2,1,1.0,3,50203,M,4960410.0,-159972.0,50
201200030076,12,4,23,825,1,2,3,2.0,1,50173,M,4965310.0,-166437.0,50
201200030077,12,4,23,1825,1,2,2,1.0,3,50602,M,4964600.0,-158324.0,50
201200030078,12,4,26,820,1,2,4,1.0,2,50173,M,4965630.0,-165306.0,50
201200030079,12,4,29,1905,1,2,1,2.0,1,50129,M,4963460.0,-162235.0,50
201200030080,12,5,5,1955,1,2,1,2.0,6,50602,M,4964000.0,-160122.0,50
201200030081,12,5,6,1840,1,2,1,1.0,3,50416,M,4966200.0,-169443.0,50
201200030082,12,5,8,1100,1,2,3,8.0,2,50602,M,4964260.0,-158051.0,50
201200030083,12,5,12,805,1,2,1,1.0,6,50173,M,4963560.0,-165835.0,50
201200030084,12,5,12,1518,1,2,6,1.0,7,50602,M,4963530.0,-159191.0,50
201200030085,12,5,13,655,1,2,1,1.0,1,50129,M,4962720.0,-165938.0,50
201200030086,12,5,13,1715,1,2,3,1.0,3,50129,M,4963910.0,-160631.0,50
201200030087,12,5,14,1350,1,2,1,1.0,2,50203,M,4962200.0,-158401.0,50
201200030088,12,5,15,1925,1,2,4,1.0,7,50129,M,4963180.0,-161083.0,50
201200030089,12,5,16,945,1,2,3,1.0,3,50129,M,4964300.0,-162449.0,50
201200030090,12,5,16,1730,1,2,1,1.0,3,50129,M,4962330.0,-164669.0,50
201200030091,12,5,18,1125,1,2,1,1.0,6,50173,M,4966170.0,-168064.0,50
201200030092,12,5,19,1845,1,2,2,3.0,3,50602,M,4964160.0,-158027.0,50
201200030093,12,5,20,430,4,2,2,2.0,3,50129,M,4964380.0,-162605.0,50
201200030094,12,5,20,2005,2,2,1,2.0,7,50129,M,4964500.0,-162884.0,50
201200030095,12,5,22,1510,1,2,1,1.0,6,50203,M,4960120.0,-159475.0,50
201200030096,12,5,23,2020,1,2,1,1.0,6,50129,M,4962410.0,-162784.0,50
201200030097,12,5,25,715,1,2,6,1.0,3,50203,M,4960550.0,-159871.0,50
201200030098,12,5,25,1620,1,2,2,1.0,3,50602,M,4963110.0,-158589.0,50
201200030099,12,5,25,1855,1,2,1,1.0,6,50416,M,4966180.0,-169021.0,50
201200030100,12,5,27,1755,1,2,3,1.0,3,50602,M,4964250.0,-158486.0,50
201200030101,12,5,28,1640,1,2,1,1.0,6,50129,M,4964210.0,-164075.0,50
201200030102,12,6,2,1510,1,2,1,1.0,1,50129,M,4962320.0,-160179.0,50
201200030103,12,6,5,905,1,2,1,1.0,6,50129,M,4963380.0,-162105.0,50
201200030104,12,6,6,1130,1,2,1,1.0,3,50602,M,4964960.0,-158075.0,50
201200030105,12,6,7,1710,1,2,1,1.0,6,50129,M,4963440.0,-162439.0,50
201200030106,12,6,12,1220,1,2,3,2.0,3,50602,M,4963400.0,-159648.0,50
201200030107,12,6,12,1745,1,2,2,1.0,3,50416,M,4966490.0,-168606.0,50
201200030108,12,6,14,1645,1,2,4,1.0,3,50129,M,4962260.0,-162767.0,50
201200030109,12,6,15,1230,1,2,1,1.0,6,50162,M,4964160.0,-153652.0,50
201200030110,12,6,15,1330,1,2,1,2.0,3,50416,M,4966050.0,-169274.0,50
201200030111,12,6,15,1410,1,2,2,1.0,6,50129,M,4963650.0,-162687.0,50
201200030112,12,6,18,1000,1,2,2,1.0,2,50129,M,4963590.0,-163136.0,50
201200030113,12,6,19,1435,1,2,3,1.0,7,50129,M,4963460.0,-161084.0,50
201200030114,12,6,21,1105,1,2,2,2.0,7,50129,M,4963820.0,-162315.0,50
201200030115,12,6,21,1625,1,2,2,1.0,7,50129,M,4964350.0,-164438.0,50
201200030116,12,6,25,1315,1,2,1,1.0,2,50129,M,4963460.0,-161069.0,50
201200030117,12,6,30,1050,1,2,1,1.0,7,50129,M,4963830.0,-162379.0,50
201200030118,12,6,30,1340,1,2,6,1.0,6,50129,M,4963840.0,-162807.0,50
201200030119,12,7,1,1820,1,2,1,1.0,2,50129,M,4963530.0,-162217.0,50
201200030120,12,7,2,1135,1,2,3,2.0,7,50129,M,4963630.0,-160329.0,50
201200030121,12,7,3,1800,1,2,1,8.0,6,50416,M,4966540.0,-168992.0,50
201200030122,12,7,4,1645,1,2,2,1.0,2,50173,M,4965380.0,-164901.0,50
201200030123,12,7,6,2015,1,2,6,1.0,7,50203,M,4959960.0,-159733.0,50
201200030124,12,7,11,1710,1,2,1,1.0,7,50173,M,4965720.0,-165671.0,50
201200030125,12,7,11,2130,1,2,1,1.0,6,50162,M,4964170.0,-153625.0,50
201200030126,12,7,12,1300,1,2,3,3.0,6,50129,M,4964300.0,-162448.0,50
201200030127,12,7,13,1500,1,2,2,1.0,3,50129,M,4963940.0,-161424.0,50
201200030128,12,7,14,1200,1,2,1,1.0,3,50129,M,4964250.0,-162473.0,50
201200030129,12,7,20,2130,1,2,1,1.0,6,50173,M,4964860.0,-164392.0,50
201200030130,12,7,24,1945,1,2,7,1.0,3,50129,M,4963400.0,-162250.0,50
201200030131,12,7,25,1550,1,2,1,1.0,6,50129,M,4962880.0,-162821.0,50
201200030132,12,7,26,1135,1,2,2,1.0,2,50173,M,4965390.0,-164909.0,50
201200030133,12,7,26,1300,1,2,2,1.0,2,50173,M,4965390.0,-164909.0,50
201200030134,12,7,28,2340,5,2,2,1.0,1,50129,M,4962960.0,-164237.0,50
201200030135,12,8,3,940,1,2,1,1.0,6,50129,M,4963850.0,-161162.0,50
201200030136,12,8,7,1540,1,2,1,1.0,1,50129,M,4963650.0,-160517.0,50
201200030137,12,8,10,1800,1,2,1,1.0,3,50129,M,4963910.0,-161937.0,50
201200030138,12,8,21,1810,1,2,1,1.0,7,50129,M,4963410.0,-162249.0,50
201200030139,12,8,23,810,1,2,3,1.0,7,50602,M,4963240.0,-156416.0,50
201200030140,12,8,24,1630,1,2,2,3.0,3,50203,M,4960250.0,-160255.0,50
201200030141,12,8,26,1757,1,2,1,1.0,7,50129,M,4963210.0,-162782.0,50
201200030142,12,8,27,710,2,2,3,1.0,1,50602,M,4964220.0,-158831.0,50
201200030143,12,7,20,1015,1,2,1,1.0,7,50173,M,4965800.0,-166726.0,50
201200030144,12,9,4,1500,1,2,3,1.0,3,50129,M,4963560.0,-162580.0,50
201200030145,12,9,5,1400,1,2,6,1.0,3,50602,M,4964870.0,-159192.0,50
201200030146,12,9,5,1755,1,2,1,7.0,2,50602,M,4963630.0,-159863.0,50
201200030147,12,9,6,1220,1,1,1,1.0,2,50602,M,4962680.0,-158183.0,50
201200030148,12,9,9,1940,1,2,2,1.0,3,50129,M,4963600.0,-160461.0,50
201200030149,12,9,10,1755,1,2,2,1.0,1,50173,M,4963570.0,-166567.0,50
201200030150,12,9,12,1655,1,2,1,1.0,2,50129,M,4964440.0,-163342.0,50
201200030151,12,9,13,1240,1,2,1,1.0,2,50129,M,4963580.0,-162582.0,50
201200030152,12,9,13,1745,1,2,1,1.0,3,50129,M,4964210.0,-159305.0,50
201200030153,12,9,14,1330,1,2,3,1.0,7,50129,M,4964020.0,-162611.0,50
201200030154,12,9,14,1645,1,2,1,1.0,6,50602,M,4963730.0,-157959.0,50
201200030155,12,9,17,1300,1,2,2,1.0,3,50173,M,4963570.0,-166570.0,50
201200030156,12,9,19,705,3,2,2,1.0,2,50173,M,4965400.0,-164915.0,50
201200030157,12,9,21,740,1,2,2,1.0,3,50602,M,4963110.0,-158589.0,50
201200030158,12,9,21,2325,5,2,6,1.0,3,50602,M,,,50
201200030159,12,9,23,340,5,2,2,2.0,3,50129,M,4963590.0,-163136.0,50
201200030160,12,9,25,1240,1,2,1,1.0,7,50129,M,4962220.0,-162794.0,50
201200030161,12,9,25,730,4,2,1,3.0,6,50173,M,4963640.0,-166560.0,50
201200030162,12,9,26,1605,1,2,1,1.0,6,50129,M,4963860.0,-161305.0,50
201200030163,12,9,27,540,3,2,6,8.0,3,50602,M,4964860.0,-159209.0,50
201200030164,12,9,27,835,1,2,1,8.0,6,50602,M,4964340.0,-160275.0,50
201200030165,12,9,29,1720,1,2,1,1.0,5,50129,M,4963630.0,-162579.0,50
201200030166,12,10,2,1910,1,2,1,1.0,7,50129,M,4963110.0,-162770.0,50
201200030167,12,10,6,1720,1,2,3,3.0,4,50203,M,4960890.0,-160021.0,50
201200030168,12,10,8,1700,1,2,1,2.0,2,50129,M,4963540.0,-163169.0,50
201200030169,12,10,11,1455,1,2,1,3.0,7,50203,M,4962140.0,-161531.0,50
201200030170,12,10,13,1620,1,2,3,2.0,3,50129,M,4964300.0,-162449.0,50
201200030171,12,10,16,1650,1,2,4,1.0,2,50129,M,4963900.0,-162156.0,50
201200030172,12,10,19,1710,2,2,2,2.0,6,50129,M,4962710.0,-163783.0,50
201200030173,12,10,21,200,5,2,4,1.0,7,50129,M,4963920.0,-162087.0,50
201200030174,12,10,24,1625,1,2,1,1.0,6,50129,M,4963590.0,-162569.0,50
201200030175,12,10,25,1915,5,2,1,1.0,1,50173,M,4965280.0,-166338.0,50
201200030176,12,10,24,1945,5,1,4,1.0,6,50129,M,4962620.0,-161721.0,50
201200030177,12,10,26,1250,1,1,1,1.0,7,50129,M,4962130.0,-162917.0,50
201200030178,12,10,26,1700,1,1,2,6.0,7,50129,M,4962910.0,-164106.0,50
201200030179,12,10,28,1700,5,2,3,1.0,7,50129,M,4964220.0,-162546.0,50
201200030180,12,10,30,1430,1,2,1,1.0,4,50129,M,4962950.0,-161809.0,50
201200030181,12,11,5,1325,1,2,3,2.0,3,50129,M,4963460.0,-162717.0,50
201200030182,12,11,5,1410,1,2,1,2.0,2,50129,M,4963580.0,-162355.0,50
201200030183,12,11,8,2255,5,2,3,1.0,7,50129,M,4963240.0,-161200.0,50
201200030184,12,11,9,955,1,2,3,1.0,6,50129,M,4964170.0,-161793.0,50
201200030185,12,11,9,1310,1,1,1,1.0,7,50416,M,4964530.0,-172934.0,50
201200030186,12,11,9,2230,5,2,3,1.0,3,50129,M,4964160.0,-162572.0,50
201200030187,12,11,10,1440,1,2,1,1.0,7,50602,M,4963480.0,-159024.0,50
201200030188,12,11,13,1110,1,1,1,1.0,5,50602,M,4963020.0,-158039.0,50
201200030189,12,11,14,1400,1,2,2,1.0,3,50129,M,4964220.0,-163728.0,50
201200030190,12,11,14,1545,1,2,1,1.0,3,50602,M,4964730.0,-159312.0,50
201200030191,12,11,15,825,1,2,1,1.0,1,50129,M,4962920.0,-164775.0,50
201200030192,12,11,16,1825,3,2,1,1.0,6,50129,M,4961860.0,-164625.0,50
201200030193,12,11,16,2145,5,2,1,1.0,7,50173,M,4963550.0,-166529.0,50
201200030194,12,11,17,1410,1,2,6,2.0,7,50203,M,4960490.0,-159891.0,50
201200030195,12,11,21,1420,1,2,2,1.0,1,50129,M,4964250.0,-163741.0,50
201200030196,12,11,19,1320,1,2,3,1.0,7,50602,M,4964540.0,-159311.0,50
201200030197,12,11,21,1800,5,2,3,1.0,7,50129,M,4963800.0,-162174.0,50
201200030198,12,11,22,1100,1,2,2,1.0,6,50129,M,4963640.0,-162577.0,50
201200030199,12,11,23,1800,5,2,3,1.0,1,50129,M,4963130.0,-160762.0,50
201200030200,12,11,28,1725,5,2,2,1.0,3,50129,M,4964450.0,-162730.0,50
201200030201,12,12,1,1200,1,2,2,1.0,1,50129,M,4962570.0,-164449.0,50
201200030202,12,12,8,1315,1,2,1,1.0,2,50129,M,4963820.0,-162517.0,50
201200030203,12,12,10,1820,5,2,2,1.0,1,50129,M,4962690.0,-163681.0,50
201200030204,12,12,8,1800,5,2,2,1.0,2,50129,M,4963330.0,-164856.0,50
201200030205,12,12,11,1805,5,2,2,1.0,7,50129,M,4963400.0,-162250.0,50
201200030206,12,12,11,1810,5,2,3,1.0,3,50173,M,4965070.0,-165250.0,50
201200030207,12,12,14,1305,1,2,3,3.0,3,50129,M,4961610.0,-163840.0,50
201200030208,12,12,14,2030,5,2,2,6.0,3,50173,M,4964490.0,-167089.0,50
201200030209,12,12,19,755,5,2,3,2.0,3,50129,M,4962240.0,-162723.0,50
201200030210,12,12,19,1140,1,2,1,3.0,6,50129,M,4963980.0,-162560.0,50
201200030211,12,12,19,1700,5,2,6,2.0,7,50203,M,4960540.0,-159905.0,50
201200030212,12,12,20,820,5,2,1,2.0,2,50602,M,4964860.0,-159205.0,50
201200030213,12,12,20,1150,1,2,2,2.0,4,50129,M,4963450.0,-160272.0,50
201200030214,12,12,24,1730,5,2,1,2.0,6,50129,M,4963590.0,-162566.0,50
201200030215,12,12,20,1800,5,2,1,1.0,7,50129,M,4962670.0,-163412.0,50
201200030216,12,12,30,1605,1,1,1,1.0,2,50602,M,4963510.0,-154853.0,50
201200030217,12,1,18,1800,5,2,6,5.0,6,50147,M,4904990.0,-144122.0,50
201200030218,12,1,26,1850,5,2,1,1.0,6,50147,M,4905460.0,-143885.0,50
201200030219,12,2,11,1510,1,2,1,1.0,2,50147,M,4904850.0,-144867.0,50
201200030220,12,3,4,1925,5,2,3,8.0,3,50147,M,4905340.0,-144189.0,50
201200030221,12,3,20,825,1,1,1,5.0,2,50147,M,4906810.0,-142045.0,50
201200030222,12,4,16,1815,1,2,1,1.0,1,50537,M,4903540.0,-143446.0,50
201200030223,12,4,27,1750,1,2,1,8.0,4,50147,M,4906920.0,-142983.0,50
201200030224,12,5,18,430,3,1,1,2.0,6,50147,M,4904500.0,-143228.0,50
201200030225,12,5,25,2100,1,2,1,1.0,7,50147,M,4905270.0,-143482.0,50
201200030226,12,6,6,1455,1,2,1,1.0,7,50147,M,4904850.0,-144482.0,50
201200030227,12,6,8,1325,1,2,1,1.0,7,50147,M,4903900.0,-144470.0,50
201200030228,12,6,9,1645,1,2,1,1.0,6,50147,M,4906980.0,-142353.0,50
201200030229,12,6,18,1830,1,1,1,1.0,7,50147,M,4906470.0,-144441.0,50
201200030230,12,9,26,2330,5,2,1,3.0,2,50145,M,4905750.0,-143027.0,50
201200030231,12,11,29,1115,1,2,3,1.0,2,50147,M,4905540.0,-143453.0,50
201200030232,12,11,30,715,2,1,1,8.0,5,50147,M,4903520.0,-144143.0,50
201200030233,12,11,30,820,2,2,9,1.0,3,50147,M,4904260.0,-143619.0,50
201200030234,12,12,8,915,2,2,1,1.0,6,50147,M,,,50
201200030235,12,1,4,815,2,1,1,1.0,4,50532,M,4882360.0,-155685.0,50
201200030236,12,1,15,1500,1,2,1,1.0,6,50218,M,4884180.0,-159185.0,50
201200030237,12,1,23,630,5,2,1,1.0,2,50218,M,4884250.0,-158943.0,50
201200030238,12,2,4,1745,1,2,1,1.0,3,50218,M,4882840.0,-156784.0,50
201200030239,12,2,5,1800,1,2,1,1.0,2,50218,M,4883770.0,-158461.0,50
201200030240,12,2,22,1730,1,1,1,1.0,6,50218,M,,,50
201200030241,12,3,16,1100,1,2,1,1.0,6,50647,M,4883770.0,-155825.0,50
201200030242,12,4,14,1640,1,2,1,1.0,6,50218,M,4883800.0,-158286.0,50
201200030243,12,4,24,1230,1,2,1,1.0,6,50218,M,4883570.0,-158018.0,50
201200030244,12,4,28,1015,1,1,2,8.0,6,50218,M,4882850.0,-154314.0,50
201200030245,12,4,28,1655,1,2,2,8.0,3,50218,M,4883750.0,-154670.0,50
201200030246,12,5,19,1740,1,2,1,3.0,7,50647,M,4883960.0,-154895.0,50
201200030247,12,5,23,1825,1,2,1,1.0,7,50218,M,4883780.0,-157380.0,50
201200030248,12,5,26,1705,1,2,9,1.0,7,50647,M,4883720.0,-155902.0,50
201200030249,12,5,29,1024,1,2,1,1.0,6,50218,M,4883780.0,-157111.0,50
201200030250,12,6,2,1315,1,1,6,1.0,3,50532,M,,,50
201200030251,12,6,6,1430,1,2,1,1.0,6,50218,M,4883700.0,-159822.0,50
201200030252,12,6,8,830,1,2,1,1.0,6,50218,M,,,50
201200030253,12,6,13,755,1,1,1,2.0,7,50218,M,4883800.0,-157849.0,50
201200030254,12,6,17,1640,1,2,1,1.0,2,50532,M,,,50
201200030255,12,6,19,1345,1,2,1,1.0,7,50218,M,4884120.0,-159103.0,50
201200030256,12,7,16,2235,5,1,1,8.0,7,50532,M,4881260.0,-154138.0,50
201200030257,12,7,20,15,5,2,1,1.0,6,50218,M,4883660.0,-158220.0,50
201200030258,12,7,24,1610,1,1,1,1.0,1,50532,M,4879470.0,-153927.0,50
201200030259,12,7,31,1100,1,2,1,1.0,7,50532,M,4881480.0,-156830.0,50
201200030260,12,8,3,1455,1,1,1,2.0,7,50218,M,4883780.0,-158509.0,50
201200030261,12,8,6,1610,1,2,1,1.0,2,50165,M,4884180.0,-159086.0,50
201200030262,12,8,7,1445,1,2,1,1.0,6,50647,M,4883770.0,-156055.0,50
201200030263,12,8,9,1910,1,2,3,1.0,3,50218,M,4883440.0,-155670.0,50
201200030264,12,8,14,945,1,2,3,2.0,6,50165,M,4883710.0,-158318.0,50
201200030265,12,8,15,2115,1,2,4,1.0,6,50218,M,4883830.0,-159901.0,50
201200030266,12,8,16,1335,1,2,1,1.0,2,50218,M,4883790.0,-157416.0,50
201200030267,12,8,17,1100,1,2,1,1.0,1,50218,M,4883790.0,-158624.0,50
201200030268,12,8,19,1235,1,1,6,1.0,3,50532,M,4880950.0,-153695.0,50
201200030269,12,8,22,1620,1,1,6,1.0,6,50532,M,4880960.0,-153702.0,50
201200030270,12,8,25,1620,1,2,1,1.0,3,50218,M,4883760.0,-155647.0,50
201200030271,12,8,26,1845,1,2,1,1.0,3,50218,M,4883790.0,-157260.0,50
201200030272,12,8,31,1740,1,2,1,1.0,7,50165,M,4884100.0,-159246.0,50
201200030273,12,9,1,15,5,2,1,1.0,7,50532,M,,,50
201200030274,12,9,3,1655,1,1,1,1.0,7,50532,M,,,50
201200030275,12,9,17,1715,1,1,2,1.0,3,50532,M,,,50
201200030276,12,9,18,1925,2,2,1,1.0,6,50218,M,,,50
201200030277,12,9,28,1730,1,2,1,1.0,6,50218,M,4883580.0,-160510.0,50
201200030278,12,10,12,1925,5,2,3,2.0,3,50532,M,,,50
201200030279,12,10,20,635,2,2,1,8.0,6,50218,M,,,50
201200030280,12,10,26,810,2,2,3,1.0,3,50218,M,,,50
201200030281,12,11,3,1555,1,2,1,7.0,6,50218,M,4883680.0,-160323.0,50
201200030282,12,11,6,1905,5,2,1,1.0,6,50218,M,4883830.0,-159902.0,50
201200030283,12,11,7,1340,1,2,1,1.0,3,50218,M,,,50
201200030284,12,11,10,1900,5,2,1,2.0,2,50218,M,,,50
201200030285,12,11,11,1830,2,2,1,1.0,6,50218,M,4883430.0,-157727.0,50
201200030286,12,11,16,1600,1,1,1,1.0,2,50218,M,,,50
201200030287,12,11,29,1600,1,2,1,1.0,1,50218,M,4884080.0,-157672.0,50
201200030288,12,11,29,1802,5,2,1,1.0,7,50218,M,,,50
201200030289,12,12,14,1114,1,2,1,8.0,1,50165,M,4884770.0,-157831.0,50
201200030290,12,12,17,850,1,1,3,2.0,5,50532,M,4882030.0,-155216.0,50
201200030291,12,12,18,550,2,2,1,2.0,6,50218,M,4883800.0,-158894.0,50
201200030292,12,12,17,1610,1,2,1,1.0,3,50218,M,,,50
201200030293,12,12,21,1600,1,2,1,8.0,3,50165,M,4885360.0,-156566.0,50
201200030294,12,1,3,900,1,2,3,1.0,3,50502,M,4911440.0,-109067.0,50
201200030295,12,1,9,1540,1,1,1,1.0,6,50502,M,4909280.0,-111751.0,50
201200030296,12,2,14,1555,1,2,3,1.0,3,50002,M,,,50
201200030297,12,3,26,2005,1,2,6,1.0,3,50502,M,4909970.0,-109379.0,50
201200030298,12,3,29,1030,1,1,1,1.0,6,50502,M,4910410.0,-111685.0,50
201200030299,12,5,2,1035,1,2,1,1.0,6,50502,M,4911020.0,-109425.0,50
201200030300,12,5,9,1745,1,2,1,1.0,2,50502,M,4909980.0,-108088.0,50
201200030301,12,6,22,1150,1,2,2,1.0,3,50502,M,,,50
201200030302,12,7,13,1830,1,2,6,2.0,3,50502,M,4911180.0,-106988.0,50
201200030303,12,7,27,1225,1,2,2,1.0,3,50502,M,,,50
201200030304,12,8,10,915,1,2,3,7.0,3,50502,M,4911350.0,-108430.0,50
201200030305,12,8,24,1550,1,1,1,8.0,7,50034,M,4909350.0,-109274.0,50
201200030306,12,8,28,1530,1,2,1,1.0,6,50502,M,4909980.0,-108082.0,50
201200030307,12,10,4,930,1,2,1,2.0,6,50002,M,4911630.0,-109002.0,50
201200030308,12,10,16,945,1,1,1,8.0,6,50502,M,,,50
201200030309,12,10,22,1550,1,1,1,1.0,6,50502,M,4911890.0,-108034.0,50
201200030310,12,10,23,1245,1,1,1,1.0,7,50502,M,4909840.0,-108686.0,50
201200030311,12,11,24,145,5,2,1,2.0,6,50502,M,,,50
201200030312,12,11,27,1730,5,2,1,3.0,6,50002,M,4911610.0,-110145.0,50
201200030313,12,12,13,900,2,1,1,8.0,2,50502,M,4909860.0,-106155.0,50
201200030314,12,12,15,1800,5,2,3,2.0,3,50002,M,4911340.0,-109970.0,50
201200030315,12,12,28,1650,1,1,1,2.0,7,50502,M,4910130.0,-111605.0,50
201200030316,12,12,31,1235,1,2,1,1.0,6,50502,M,4911100.0,-108263.0,50
201200030317,12,1,4,945,1,2,2,1.0,6,51108,M,,,51
201200030318,12,1,10,1120,1,2,6,1.0,3,51506,M,,,51
201200030319,12,1,30,1820,5,1,1,1.0,6,51108,M,,,51
201200030320,12,3,3,2147,5,2,1,1.0,1,51108,M,,,51
201200030321,12,3,26,2330,5,2,1,1.0,6,51108,M,,,51
201200030322,12,4,16,15,3,1,1,1.0,2,51108,M,,,51
201200030323,12,6,4,1327,1,2,2,8.0,3,51506,M,,,51
201200030324,12,6,23,520,1,1,1,1.0,6,51453,M,,,51
201200030325,12,7,3,1715,1,2,1,1.0,3,51525,M,,,51
201200030326,12,7,31,1912,1,1,1,1.0,6,51453,M,,,51
201200030327,12,8,27,1230,1,2,3,1.0,3,51108,M,,,51
201200030328,12,9,11,1405,1,2,2,2.0,3,51108,M,,,51
201200030329,12,10,2,831,1,1,2,1.0,3,51525,M,,,51
201200030330,12,10,30,1544,1,2,1,1.0,6,51108,M,,,51
201200030331,12,11,24,2150,5,1,6,6.0,6,51242,M,,,51
201200030332,12,11,29,1944,5,2,3,1.0,3,51108,M,,,51
201200030333,12,12,9,52,5,2,2,1.0,1,51108,M,,,51
201200030334,12,12,17,1105,1,2,1,2.0,6,51108,M,,,51
201200030335,12,12,26,1615,1,2,3,1.0,2,51108,M,,,51
201200030336,12,2,4,439,3,2,1,4.0,6,51230,M,,,51
201200030337,12,3,14,1500,1,2,2,1.0,3,51230,M,,,51
201200030338,12,4,20,1601,1,2,1,1.0,6,51230,M,,,51
201200030339,12,5,9,725,1,2,1,2.0,3,51230,M,,,51
201200030340,12,5,23,1830,1,2,1,1.0,2,51431,M,,,51
201200030341,12,6,9,1550,1,1,1,1.0,2,51344,M,,,51
201200030342,12,7,3,1218,1,2,9,1.0,1,51202,M,,,51
201200030343,12,7,12,1940,1,2,1,2.0,6,51230,M,,,51
201200030344,12,8,3,1530,1,2,1,1.0,6,51230,M,,,51
201200030345,12,8,12,2213,3,2,2,1.0,3,51230,M,,,51
201200030346,12,10,15,740,5,2,1,2.0,3,51230,M,,,51
201200030347,12,11,8,1737,5,2,1,1.0,2,51431,M,,,51
201200030348,12,1,13,820,1,2,1,1.0,6,51454,M,,,51
201200030349,12,1,15,5,5,2,1,8.0,7,51454,M,,,51
201200030350,12,1,17,1325,1,2,1,1.0,3,51454,M,,,51
201200030351,12,1,18,1845,2,2,1,2.0,6,51573,M,,,51
201200030352,12,1,18,2000,5,2,2,2.0,3,51454,M,,,51
201200030353,12,1,9,1045,1,2,1,1.0,2,51172,M,,,51
201200030354,12,1,21,1750,5,2,1,2.0,2,51454,M,,,51
201200030355,12,1,24,1820,5,2,2,2.0,6,51454,M,,,51
201200030356,12,1,31,750,1,2,1,1.0,4,51454,M,,,51
201200030357,12,2,2,1550,1,2,3,1.0,3,51454,M,,,51
201200030358,12,2,2,1155,1,2,1,1.0,2,51454,M,,,51
201200030359,12,2,3,1000,1,2,1,1.0,6,51454,M,,,51
201200030360,12,2,6,940,1,2,2,1.0,3,51454,M,,,51
201200030361,12,2,17,2000,5,2,6,2.0,6,51454,M,,,51
201200030362,12,2,18,1020,1,2,1,2.0,3,51454,M,,,51
201200030363,12,3,4,1015,1,2,2,1.0,3,51454,M,,,51
201200030364,12,3,5,1115,1,2,1,3.0,6,51454,M,,,51
201200030365,12,3,6,1800,1,2,2,1.0,6,51454,M,,,51
201200030366,12,3,8,1815,2,2,1,1.0,3,51454,M,,,51
201200030367,12,3,10,2130,5,2,2,1.0,3,51454,M,,,51
201200030368,12,3,12,1355,1,2,1,1.0,6,51454,M,,,51
201200030369,12,3,13,1140,1,2,2,1.0,3,51454,M,,,51
201200030370,12,3,14,1915,5,2,1,1.0,3,51454,M,,,51