Num_Acc,an,mois,jour,hrmn,lum,agg,int,atm,col,com,gps,lat,long,dep
201200030371,12,3,16,1310,1,2,1,1.0,6,51454,M,,,51
201200030372,12,3,19,1020,1,2,1,8.0,3,51454,M,,,51
201200030373,12,3,26,1610,1,2,1,1.0,6,51454,M,,,51
201200030374,12,3,30,1155,1,2,2,1.0,6,51454,M,,,51
201200030375,12,3,30,1640,1,2,1,1.0,6,51454,M,,,51
201200030376,12,4,1,1945,1,2,1,1.0,1,51454,M,,,51
201200030377,12,4,13,245,5,2,1,1.0,6,51454,M,,,51
201200030378,12,4,13,1620,1,2,1,1.0,2,51454,M,,,51
201200030379,12,4,17,910,1,2,3,1.0,3,51454,M,,,51
201200030380,12,4,17,1630,1,2,9,2.0,6,51454,M,,,51
201200030381,12,4,20,1536,1,2,3,2.0,6,51454,M,,,51
201200030382,12,4,21,1545,1,2,2,1.0,3,51454,M,,,51
201200030383,12,4,30,1050,1,2,1,1.0,3,51454,M,,,51
201200030384,12,5,1,1625,1,2,1,1.0,3,51454,M,,,51
201200030385,12,5,2,115,5,2,1,1.0,6,51454,M,,,51
201200030386,12,5,3,1135,1,2,1,1.0,3,51454,M,,,51
201200030387,12,5,23,1535,1,2,2,1.0,6,51454,M,,,51
201200030388,12,5,24,1400,1,2,1,1.0,6,51454,M,,,51
201200030389,12,5,30,845,1,2,1,1.0,3,51454,M,,,51
201200030390,12,5,25,1350,1,2,1,1.0,2,51454,M,,,51
201200030391,12,6,2,1945,1,2,1,1.0,6,51454,M,,,51
201200030392,12,6,13,1730,1,2,2,1.0,3,51454,M,,,51
201200030393,12,6,16,1240,1,2,1,2.0,2,51454,M,,,51
201200030394,12,6,23,1100,1,2,1,1.0,5,51474,M,,,51
201200030395,12,6,28,1710,1,2,1,1.0,1,51454,M,,,51
201200030396,12,7,2,1145,1,1,1,1.0,3,51454,M,,,51
201200030397,12,7,4,1810,1,2,1,3.0,4,51454,M,,,51
201200030398,12,7,4,1835,1,2,1,2.0,6,51454,M,,,51
201200030399,12,7,6,820,1,2,1,2.0,2,51454,M,,,51
201200030400,12,7,7,150,5,2,1,8.0,7,51454,M,,,51
201200030401,12,7,14,235,3,2,1,3.0,6,51454,M,,,51
201200030402,12,7,25,1945,1,2,3,1.0,1,51454,M,,,51
201200030403,12,7,27,1425,1,2,1,1.0,6,51454,M,,,51
201200030404,12,7,28,1115,1,2,1,1.0,3,51454,M,,,51
201200030405,12,7,30,1530,1,2,1,1.0,5,51055,M,,,51
201200030406,12,8,4,1305,1,2,1,1.0,6,51454,M,,,51
201200030407,12,8,5,1420,1,2,1,1.0,2,51454,M,,,51
201200030408,12,8,22,1215,1,2,2,1.0,2,51454,M,,,51
201200030409,12,8,22,1600,1,2,3,1.0,6,51454,M,,,51
201200030410,12,8,25,1530,1,2,3,1.0,3,51454,M,,,51
201200030411,12,8,27,2105,1,2,3,1.0,3,51454,M,,,51
201200030412,12,9,4,2230,5,2,3,1.0,1,51454,M,,,51
201200030413,12,9,14,845,1,2,3,1.0,6,51454,M,,,51
201200030414,12,9,25,1205,1,2,1,1.0,6,51454,M,,,51
201200030415,12,9,28,935,1,2,2,1.0,3,51454,M,,,51
201200030416,12,9,28,1345,1,2,6,1.0,3,51172,M,,,51
201200030417,12,9,29,1430,1,2,2,1.0,3,51454,M,,,51
201200030418,12,10,6,1340,1,2,2,2.0,1,51454,M,,,51
201200030419,12,10,10,1750,1,2,2,1.0,3,51454,M,,,51
201200030420,12,10,15,1725,1,2,1,1.0,3,51454,M,,,51
201200030421,12,10,17,1425,1,2,2,2.0,1,51454,M,,,51
201200030422,12,10,27,1230,1,2,6,7.0,6,51454,M,,,51
201200030423,12,11,7,1740,5,2,6,1.0,6,51454,M,,,51
201200030424,12,11,9,1535,1,2,1,1.0,6,51454,M,,,51
201200030425,12,11,19,1700,5,2,3,1.0,3,51573,M,,,51
201200030426,12,11,27,1700,2,2,3,8.0,3,51474,M,,,51
201200030427,12,12,5,1755,5,2,6,3.0,6,51573,M,,,51
201200030428,12,12,6,1750,5,2,1,1.0,3,51454,M,,,51
201200030429,12,12,2,850,1,2,1,9.0,1,51055,M,,,51
201200030430,12,12,21,2050,5,2,2,1.0,1,51454,M,,,51
201200030431,12,12,23,150,5,2,3,8.0,3,51454,M,,,51
201200030432,12,12,22,1145,1,2,3,3.0,6,51454,M,,,51
201200030433,12,12,22,1800,5,2,1,2.0,6,51454,M,,,51
201200030434,12,12,29,2250,3,2,7,1.0,6,51454,M,,,51
201200030435,12,12,30,1530,1,2,3,1.0,3,51454,M,,,51
201200030436,12,1,9,1830,5,2,2,2.0,3,52121,M,4810450.0,512990.0,52
201200030437,12,1,14,1055,1,1,1,9.0,6,52121,M,4810545.0,512114.0,52
201200030438,12,2,7,750,2,2,2,1.0,6,52121,M,4810891.0,514056.0,52
201200030439,12,2,24,1840,5,2,1,2.0,6,52121,M,4810534.0,513557.0,52
201200030440,12,2,24,2010,5,2,2,1.0,3,52121,M,4811022.0,514241.0,52
201200030441,12,4,9,2050,5,2,6,1.0,6,52121,M,4811101.0,513480.0,52
201200030442,12,4,18,1345,1,1,3,1.0,3,52121,M,,,52
201200030443,12,4,26,1655,1,2,2,3.0,6,52121,M,4810944.0,514035.0,52
201200030444,12,4,29,905,1,2,1,2.0,6,52121,M,4811068.0,513572.0,52
201200030445,12,6,24,1750,1,2,2,1.0,6,52121,M,4811015.0,514242.0,52
201200030446,12,6,30,1755,1,2,1,1.0,7,52121,M,4811764.0,515497.0,52
201200030447,12,7,6,2155,2,1,6,1.0,7,52121,M,4812566.0,511462.0,52
201200030448,12,8,19,2115,5,2,3,1.0,3,52121,M,4809894.0,514374.0,52
201200030449,12,8,4,2145,3,2,3,2.0,7,52125,M,4810853.0,517228.0,52
201200030450,12,8,17,2320,3,1,1,1.0,7,52121,M,4812966.0,519495.0,52
201200030451,12,8,17,1618,1,2,2,1.0,6,52121,M,4811475.0,514349.0,52
201200030452,12,9,7,1225,1,2,1,1.0,6,52121,M,4811713.0,514030.0,52
201200030453,12,9,30,1158,1,2,1,1.0,1,52121,M,4809826.0,513437.0,52
201200030454,12,10,5,950,1,2,4,1.0,6,52121,M,4811320.0,514121.0,52
201200030455,12,11,11,1435,1,2,3,1.0,1,52121,M,4812631.0,513586.0,52
201200030456,12,11,17,1400,1,2,1,1.0,6,52121,M,4811665.0,514115.0,52
201200030457,12,11,16,1558,1,2,1,1.0,6,52121,M,4810052.0,514107.0,52
201200030458,12,12,3,1835,5,2,2,3.0,6,52121,M,4810945.0,514024.0,52
201200030459,12,12,3,1815,5,2,2,2.0,6,52121,M,4811683.0,515437.0,52
201200030460,12,12,22,1007,1,2,3,1.0,6,52121,M,4811072.0,514116.0,52
201200030461,12,1,16,1920,5,2,1,1.0,3,52448,M,4864197.0,497398.0,52
201200030462,12,3,4,335,3,2,1,2.0,6,52448,M,4862917.0,499112.0,52
201200030463,12,3,4,1125,1,2,1,1.0,6,52448,M,4863793.0,493808.0,52
201200030464,12,3,16,835,1,2,1,1.0,6,52448,M,4863793.0,497947.0,52
201200030465,12,4,17,1525,1,2,1,1.0,1,52448,M,4863381.0,496205.0,52
201200030466,12,7,19,1400,1,2,1,1.0,6,52448,M,4863812.0,495015.0,52
201200030467,12,8,28,1630,1,2,9,1.0,7,52448,M,4864285.0,495400.0,52
201200030468,12,9,5,1000,1,2,1,1.0,3,52448,M,4863585.0,496505.0,52
201200030469,12,9,12,1520,1,2,1,1.0,6,52448,M,4863816.0,495196.0,52
201200030470,12,9,27,1600,1,1,1,1.0,6,52448,M,4866171.0,494465.0,52
201200030471,12,9,26,755,1,2,1,1.0,6,52448,M,4864625.0,495990.0,52
201200030472,12,9,14,2115,2,2,1,1.0,3,52448,M,4864451.0,496805.0,52
201200030473,12,10,27,1520,1,2,1,1.0,6,52448,M,4864506.0,496409.0,52
201200030474,12,11,26,1300,1,1,1,1.0,6,52448,M,4863992.0,491628.0,52
201200030475,12,12,20,1840,5,2,1,3.0,6,52448,M,4864875.0,496026.0,52
201200030476,12,12,31,1835,3,1,1,3.0,3,53034,M,4808508.0,-70050.0,53
201200030477,12,2,6,1500,1,2,1,4.0,6,53130,M,4806309.0,-75230.0,53
201200030478,12,2,22,1710,1,2,1,1.0,6,53130,M,4807983.0,-75269.0,53
201200030479,12,2,28,1535,1,2,2,1.0,7,53130,M,4806463.0,-78764.0,53
201200030480,12,3,1,1200,1,2,3,1.0,3,53130,M,4807499.0,-77023.0,53
201200030481,12,3,2,2000,5,2,3,1.0,3,53130,M,4806871.0,-76207.0,53
201200030482,12,3,14,1455,1,2,2,1.0,6,53130,M,4806850.0,-75438.0,53
201200030483,12,3,23,1455,1,1,9,1.0,6,53054,M,4812716.0,-85481.0,53
201200030484,12,5,13,1535,1,2,1,1.0,6,53130,M,4805791.0,-76184.0,53
201200030485,12,7,1,555,2,2,1,1.0,6,53130,M,,,53
201200030486,12,7,7,1215,1,1,1,1.0,1,53034,M,4807426.0,-72927.0,53
201200030487,12,8,3,2125,1,2,3,1.0,3,53130,M,4805985.0,-77613.0,53
201200030488,12,8,20,2325,3,1,1,1.0,6,53054,M,4809007.0,-78100.0,53
201200030489,12,8,30,1100,1,2,1,1.0,6,53130,M,4807620.0,-77638.0,53
201200030490,12,10,2,1530,1,2,9,1.0,1,53130,M,4807722.0,-79583.0,53
201200030491,12,11,15,1700,2,1,1,1.0,2,53130,M,4808953.0,-77706.0,53
201200030492,12,12,4,1835,3,2,3,3.0,3,53034,M,4807018.0,-69763.0,53
201200030493,12,12,7,1510,1,1,1,7.0,6,53130,M,4808084.0,-79624.0,53
201200030494,12,12,15,1750,5,2,1,2.0,6,53130,M,4808038.0,-79499.0,53
201200030495,12,5,7,1520,1,2,1,1.0,5,54099,M,4924394.0,594121.0,54
201200030496,12,4,10,1720,1,2,1,2.0,1,54136,M,4916377.0,583766.0,54
201200030497,12,7,21,1115,1,2,1,1.0,6,54273,M,4915831.0,587934.0,54
201200030498,12,10,22,1927,5,2,1,1.0,6,54253,M,4919315.0,591142.0,54
201200030499,12,4,4,2020,5,2,3,1.0,3,54483,M,4863413.0,630111.0,54
201200030500,12,4,20,1210,1,2,1,1.0,3,54483,M,4863077.0,630110.0,54
201200030501,12,5,9,1600,1,2,1,1.0,6,54549,M,4863599.0,631434.0,54
201200030502,12,5,24,1000,1,2,1,1.0,7,54159,M,4862739.0,634329.0,54
201200030503,12,6,9,1405,1,2,3,1.0,3,54159,M,4863088.0,635513.0,54
201200030504,12,6,22,1120,1,2,1,1.0,7,54159,M,4861550.0,635077.0,54
201200030505,12,6,22,1200,1,1,3,1.0,3,54483,M,4863603.0,630108.0,54
201200030506,12,7,31,415,5,2,1,2.0,7,54549,M,4838310.0,617560.0,54
201200030507,12,8,6,740,2,1,3,8.0,1,54159,M,4861323.0,636933.0,54
201200030508,12,8,16,1100,1,2,9,1.0,6,54483,M,4862605.0,629408.0,54
201200030509,12,9,7,1300,1,2,1,1.0,3,54159,M,4862575.0,634730.0,54
201200030510,12,9,25,1320,1,2,1,2.0,7,54549,M,4863640.0,631306.0,54
201200030511,12,10,19,1855,5,2,1,1.0,7,54483,M,4863155.0,630477.0,54
201200030512,12,11,11,537,3,1,1,1.0,6,54254,M,4948761.0,581352.0,54
201200030513,12,11,29,1346,1,2,1,1.0,6,54261,M,4951995.0,578822.0,54
201200030514,12,1,14,1125,1,2,1,1.0,6,54323,M,4952504.0,576088.0,54
201200030515,12,11,26,2120,3,1,9,1.0,1,54367,M,4950569.0,578237.0,54
201200030516,12,2,8,1450,1,2,1,1.0,5,54493,M,4952643.0,581118.0,54
201200030517,12,3,4,1345,1,2,1,1.0,6,54261,M,,,54
201200030518,12,1,5,1745,1,2,1,6.0,3,54323,M,4952417.0,575987.0,54
201200030519,12,10,9,1640,1,2,1,1.0,6,54323,M,4952302.0,576442.0,54
201200030520,12,6,3,1935,2,1,1,2.0,1,54254,M,,,54
201200030521,12,6,20,1600,1,2,9,1.0,6,54382,M,,,54
201200030522,12,7,1,2025,3,2,1,1.0,6,54321,M,,,54
201200030523,12,5,30,1210,1,1,1,1.0,4,54323,M,4952169.0,575275.0,54
201200030524,12,4,20,1655,2,1,1,1.0,1,54323,M,4954290.0,576464.0,54
201200030525,12,5,6,635,2,1,1,1.0,6,54321,M,,,54
201200030526,12,10,7,2145,5,2,1,1.0,6,54321,M,,,54
201200030527,12,10,19,2223,5,1,1,1.0,2,54382,M,,,54
201200030528,12,10,24,1601,1,2,3,1.0,3,54493,M,,,54
201200030529,12,9,20,1915,2,2,1,1.0,3,54261,M,4952415.0,580304.0,54
201200030530,12,11,28,1500,1,2,1,1.0,6,54493,M,4952440.0,580617.0,54
201200030531,12,12,5,1454,1,2,9,1.0,3,54382,M,4954518.0,578419.0,54
201200030532,12,10,30,1415,1,1,1,1.0,1,54382,M,4953384.0,575716.0,54
201200030533,12,12,18,1812,3,2,1,2.0,6,54321,M,4954047.0,581373.0,54
201200030534,12,12,22,1912,1,2,8,1.0,6,54382,M,,,54
201200030535,12,3,23,1045,1,2,1,1.0,7,54329,M,4858666.0,651014.0,54
201200030536,12,12,5,1725,5,2,1,1.0,6,54329,M,4859389.0,648963.0,54
201200030537,12,10,2,1210,1,2,9,1.0,6,54329,M,,,54
201200030538,12,1,3,1615,1,2,2,2.0,6,54482,M,4870193.0,621255.0,54
201200030539,12,1,3,2000,5,2,2,2.0,2,54395,M,4867567.0,618207.0,54
201200030540,12,1,3,2035,5,2,4,3.0,3,54395,M,4868589.0,618089.0,54
201200030541,12,1,3,2040,5,2,2,3.0,1,54578,M,4867030.0,615825.0,54
201200030542,12,1,4,1810,5,2,6,1.0,6,54257,M,4864352.0,618241.0,54
201200030543,12,1,5,710,5,2,2,3.0,7,54257,M,4865617.0,619952.0,54
201200030544,12,1,5,750,5,2,5,3.0,3,54547,M,4866705.0,619031.0,54
201200030545,12,1,6,1600,1,2,1,1.0,2,54304,M,4868461.0,613359.0,54
201200030546,12,1,6,1720,2,1,1,2.0,2,54395,M,4868140.0,621527.0,54
201200030547,12,1,6,1915,5,2,1,1.0,2,54395,M,4869227.0,618806.0,54
201200030548,12,1,7,205,5,2,3,1.0,6,54395,M,4868517.0,617220.0,54
201200030549,12,1,7,1637,2,2,1,3.0,2,54395,M,4870619.0,616225.0,54
201200030550,12,1,9,1920,5,2,2,2.0,3,54526,M,4868935.0,621554.0,54
201200030551,12,1,9,1945,5,2,2,2.0,3,54300,M,4865437.0,622919.0,54
201200030552,12,1,10,1650,1,2,1,1.0,6,54339,M,4872337.0,618080.0,54
201200030553,12,1,10,1145,1,2,2,1.0,6,54482,M,4870189.0,621244.0,54
201200030554,12,1,10,1800,5,2,3,1.0,2,54184,M,4870639.0,622106.0,54
201200030555,12,1,11,1310,1,2,1,1.0,3,54395,M,,,54
201200030556,12,1,12,730,2,1,1,5.0,3,54578,M,4865825.0,613845.0,54
201200030557,12,1,12,1400,1,2,9,1.0,2,54547,M,4865459.0,617862.0,54
201200030558,12,1,12,1815,5,2,1,1.0,2,54547,M,4865992.0,618362.0,54
201200030559,12,1,13,710,5,2,4,5.0,3,54025,M,4865947.0,625885.0,54
201200030560,12,1,14,1028,1,2,2,7.0,6,54395,M,4869002.0,617173.0,54
201200030561,12,1,14,1215,1,2,2,1.0,3,54395,M,4867886.0,619734.0,54
201200030562,12,1,18,750,2,2,1,1.0,2,54257,M,4865289.0,618504.0,54
201200030563,12,1,18,1240,1,2,1,8.0,4,54547,M,4865891.0,615801.0,54
201200030564,12,1,19,1500,1,1,2,2.0,6,54547,M,4865815.0,617770.0,54
201200030565,12,1,19,1750,3,1,6,3.0,6,54395,M,4870106.0,614227.0,54
201200030566,12,1,20,1435,1,2,1,1.0,3,54547,M,4865036.0,614780.0,54
201200030567,12,1,20,1550,1,2,3,3.0,3,54197,M,4863765.0,621118.0,54
201200030568,12,1,20,1636,1,2,2,2.0,6,54395,M,4868949.0,617845.0,54
201200030569,12,1,20,1800,5,2,1,3.0,6,54547,M,4866027.0,617475.0,54
201200030570,12,1,20,1845,5,2,1,9.0,6,54547,M,4865151.0,617600.0,54
201200030571,12,1,19,815,1,2,1,9.0,6,54274,M,4867132.0,620575.0,54
201200030572,12,1,22,2030,5,2,6,2.0,3,54395,M,4869325.0,616546.0,54
201200030573,12,1,24,1430,1,2,3,5.0,6,54547,M,,,54
201200030574,12,1,24,1325,1,2,1,1.0,3,54395,M,,,54
201200030575,12,1,25,1005,1,2,2,8.0,6,54395,M,4868853.0,617318.0,54
201200030576,12,1,26,745,5,2,1,9.0,7,54257,M,4864798.0,620885.0,54
201200030577,12,1,26,1200,1,2,3,1.0,1,54439,M,,,54
201200030578,12,1,29,1853,5,2,4,9.0,6,54547,M,,,54
201200030579,12,1,31,1735,2,2,1,1.0,2,54526,M,4869010.0,621494.0,54
201200030580,12,2,1,1525,1,2,1,1.0,6,54300,M,4865916.0,622549.0,54
201200030581,12,2,1,2258,5,2,1,9.0,6,54395,M,,,54
201200030582,12,2,3,1020,1,2,1,9.0,6,54578,M,4867891.0,616111.0,54
201200030583,12,2,3,1415,1,2,2,1.0,2,54304,M,4869272.0,613053.0,54
201200030584,12,2,3,1515,1,2,1,1.0,4,54184,M,4870400.0,624623.0,54
201200030585,12,2,6,1020,1,2,3,1.0,1,54025,M,4866168.0,624065.0,54
201200030586,12,2,6,1212,1,1,1,1.0,1,54300,M,4864077.0,626779.0,54
201200030587,12,2,8,1445,1,2,1,1.0,2,54395,M,4869650.0,615166.0,54
201200030588,12,2,9,745,1,2,1,9.0,4,54304,M,4867837.0,614533.0,54
201200030589,12,2,9,825,1,2,1,9.0,7,54357,M,4870990.0,614637.0,54
201200030590,12,2,11,1530,1,2,5,1.0,3,54547,M,4867273.0,618356.0,54
201200030591,12,2,12,1205,1,2,3,1.0,1,54357,M,4871275.0,616815.0,54
201200030592,12,2,15,730,1,2,1,1.0,6,54547,M,4864875.0,614477.0,54
201200030593,12,2,15,2005,5,2,1,2.0,1,54547,M,4866210.0,617046.0,54
201200030594,12,2,21,1215,1,2,1,1.0,2,54300,M,4866609.0,621507.0,54
201200030595,12,2,21,1255,1,2,1,1.0,2,54395,M,4868495.0,617950.0,54
201200030596,12,2,23,1850,5,2,3,2.0,6,54357,M,4870779.0,616649.0,54
201200030597,12,2,24,1150,1,2,4,2.0,2,54395,M,4870115.0,618602.0,54
201200030598,12,2,27,850,1,2,1,1.0,6,54578,M,,,54
201200030599,12,3,1,1500,1,2,3,1.0,3,54547,M,4866345.0,616659.0,54
201200030600,12,3,1,1820,2,2,2,1.0,1,54304,M,4868004.0,615392.0,54
201200030601,12,3,2,335,5,2,1,5.0,6,54395,M,4869638.0,616728.0,54
201200030602,12,3,2,1618,1,2,1,1.0,6,54395,M,,,54
201200030603,12,3,9,1710,1,2,9,1.0,6,54395,M,4868066.0,617894.0,54
201200030604,12,3,7,1545,1,1,1,1.0,2,54357,M,,,54
201200030605,12,3,9,1024,1,2,1,9.0,6,54395,M,,,54
201200030606,12,3,10,210,3,1,1,1.0,6,54395,M,4869624.0,618056.0,54
201200030607,12,3,10,1820,2,2,4,1.0,6,54482,M,4870383.0,620556.0,54
201200030608,12,3,13,2100,5,2,2,1.0,3,54395,M,4869852.0,616678.0,54
201200030609,12,3,15,735,1,2,2,1.0,6,54395,M,4868261.0,618436.0,54
201200030610,12,3,20,1410,1,2,1,1.0,6,54274,M,4867034.0,620647.0,54
201200030611,12,3,21,1145,1,2,1,1.0,4,54395,M,4869698.0,615362.0,54
201200030612,12,3,21,1710,1,2,1,1.0,2,54395,M,4869045.0,617287.0,54
201200030613,12,3,23,1817,1,2,3,1.0,1,54495,M,4867604.0,623553.0,54
201200030614,12,3,25,120,3,2,2,1.0,3,54578,M,4867030.0,615829.0,54
201200030615,12,3,25,1850,1,2,2,1.0,3,54395,M,4868487.0,617072.0,54
201200030616,12,3,26,700,2,2,2,1.0,3,54395,M,,,54
201200030617,12,3,26,1541,1,2,2,1.0,2,54304,M,4867722.0,614675.0,54
201200030618,12,3,27,755,1,2,1,7.0,6,54482,M,4870677.0,621391.0,54
201200030619,12,3,27,1630,1,2,1,1.0,2,54357,M,,,54
201200030620,12,3,28,315,5,2,1,1.0,4,54395,M,4869649.0,619695.0,54
201200030621,12,3,28,650,1,2,2,1.0,6,54395,M,4868799.0,619976.0,54
201200030622,12,3,28,1200,1,2,3,1.0,3,54395,M,,,54
201200030623,12,3,28,1703,1,2,1,1.0,7,54274,M,4866540.0,620803.0,54
201200030624,12,3,28,2040,1,2,2,1.0,6,54395,M,4869014.0,618065.0,54
201200030625,12,3,28,1100,1,2,2,1.0,1,54395,M,4868495.0,617457.0,54
201200030626,12,3,30,1645,1,2,2,1.0,6,54395,M,4870170.0,617153.0,54
201200030627,12,3,29,1508,1,2,1,1.0,6,54547,M,,,54
201200030628,12,4,1,340,5,2,1,1.0,6,54547,M,4866671.0,616663.0,54
201200030629,12,4,2,830,1,2,3,1.0,2,54304,M,4869880.0,613351.0,54
201200030630,12,4,4,1750,1,2,1,1.0,6,54395,M,4868906.0,617534.0,54
201200030631,12,4,7,1525,1,2,2,1.0,3,54339,M,4870757.0,618906.0,54
201200030632,12,4,11,1242,1,2,2,1.0,3,54395,M,4867500.0,617221.0,54
201200030633,12,4,12,1735,1,2,1,1.0,1,54265,M,4864413.0,618720.0,54
201200030634,12,4,21,456,5,2,1,2.0,2,54395,M,4868026.0,619535.0,54
201200030635,12,4,23,730,1,2,1,1.0,4,54184,M,4868526.0,622711.0,54
201200030636,12,4,24,1700,1,2,1,2.0,3,54526,M,,,54
201200030637,12,4,25,1647,1,2,1,2.0,6,54395,M,4869142.0,619298.0,54
201200030638,12,4,25,1825,1,1,1,2.0,6,54184,M,,,54
201200030639,12,4,26,1045,1,2,1,2.0,3,54395,M,,,54
201200030640,12,4,28,2040,2,2,1,1.0,6,54395,M,4868792.0,617189.0,54
201200030641,12,4,28,2130,5,2,1,1.0,3,54395,M,4869810.0,614296.0,54
201200030642,12,4,29,1700,1,2,1,1.0,6,54395,M,4868574.0,618098.0,54
201200030643,12,5,3,1335,1,2,1,1.0,6,54547,M,4865473.0,617880.0,54
201200030644,12,5,5,1601,1,2,1,2.0,4,54265,M,,,54
201200030645,12,5,6,308,5,2,2,1.0,3,54395,M,4869113.0,617522.0,54
201200030646,12,5,8,920,1,2,1,1.0,6,54395,M,4867904.0,619683.0,54
201200030647,12,5,8,1300,1,1,1,1.0,7,54547,M,,,54
201200030648,12,5,8,1646,1,2,1,2.0,6,54395,M,,,54
201200030649,12,5,8,1830,1,2,1,2.0,6,54547,M,,,54
201200030650,12,5,9,1545,1,2,1,1.0,6,54357,M,4871338.0,616359.0,54
201200030651,12,5,10,1515,1,1,1,1.0,6,54395,M,,,54
201200030652,12,5,9,1015,1,2,1,1.0,2,54578,M,4866887.0,616094.0,54
201200030653,12,5,10,1620,1,2,1,1.0,4,54498,M,4871948.0,626508.0,54
201200030654,12,5,11,730,1,2,1,1.0,2,54357,M,4870149.0,613323.0,54
201200030655,12,5,11,1420,1,2,1,1.0,3,54304,M,,,54
201200030656,12,5,14,750,1,2,2,1.0,6,54395,M,,,54
201200030657,12,5,14,1810,1,2,1,1.0,2,54395,M,4868761.0,616386.0,54
201200030658,12,5,15,1520,1,2,1,1.0,7,54395,M,4868545.0,617832.0,54
201200030659,12,5,15,1845,1,2,1,2.0,3,54274,M,4867323.0,620245.0,54
201200030660,12,5,16,1915,1,2,1,1.0,6,54547,M,,,54
201200030661,12,5,20,1415,1,2,1,1.0,6,54395,M,,,54
201200030662,12,5,19,2015,1,2,2,1.0,3,54274,M,4866543.0,619747.0,54
201200030663,12,5,21,850,1,2,1,1.0,4,54395,M,,,54
201200030664,12,5,22,1740,1,1,1,1.0,4,54184,M,4870083.0,622487.0,54
201200030665,12,5,23,1815,1,1,6,1.0,3,54357,M,4870562.0,613560.0,54
201200030666,12,5,22,715,1,2,2,1.0,3,54395,M,4867342.0,617403.0,54
201200030667,12,5,25,920,1,2,1,7.0,4,54395,M,,,54
201200030668,12,5,27,10,5,2,1,1.0,2,54395,M,,,54
201200030669,12,5,27,1100,1,2,3,1.0,2,54257,M,4865342.0,620291.0,54
201200030670,12,5,29,2150,5,2,2,1.0,3,54395,M,4869248.0,616774.0,54
201200030671,12,5,30,1530,1,2,3,1.0,7,54304,M,,,54
201200030672,12,5,31,1120,1,2,3,1.0,6,54395,M,4868438.0,617795.0,54
201200030673,12,5,31,2305,5,2,2,1.0,3,54395,M,4869229.0,618703.0,54
201200030674,12,6,3,1345,1,2,1,2.0,4,54547,M,,,54
201200030675,12,6,3,2002,1,2,2,1.0,6,54395,M,4867343.0,617406.0,54
201200030676,12,6,4,1505,1,2,1,1.0,7,54547,M,,,54
201200030677,12,6,1,745,1,2,1,1.0,6,54395,M,4868556.0,616774.0,54
201200030678,12,6,6,540,2,2,1,1.0,7,54547,M,,,54
201200030679,12,6,6,1050,1,2,2,2.0,4,54395,M,4867484.0,618049.0,54
201200030680,12,6,6,1630,1,1,1,1.0,3,54526,M,,,54
201200030681,12,6,7,1634,1,2,1,3.0,6,54395,M,,,54
201200030682,12,6,10,1420,1,2,1,1.0,6,54395,M,4869008.0,617475.0,54
201200030683,12,6,11,1210,1,2,1,1.0,6,54578,M,,,54
201200030684,12,6,12,745,1,2,1,3.0,6,54547,M,4865461.0,617897.0,54
201200030685,12,6,12,1637,1,2,1,2.0,6,54395,M,4868895.0,617692.0,54
201200030686,12,6,13,1640,1,2,3,1.0,6,54395,M,4867863.0,616764.0,54
201200030687,12,6,13,1820,1,2,1,1.0,1,54257,M,,,54
201200030688,12,6,13,650,1,1,1,1.0,2,54526,M,,,54
201200030689,12,6,14,1235,1,2,2,1.0,3,54526,M,4869167.0,621362.0,54
201200030690,12,6,17,417,5,2,3,2.0,6,54395,M,4867961.0,619884.0,54
201200030691,12,6,17,1538,1,2,1,1.0,6,54578,M,4866712.0,614131.0,54
201200030692,12,6,18,2020,1,2,3,1.0,3,54395,M,4870106.0,614803.0,54
201200030693,12,6,19,1515,1,2,1,1.0,7,54578,M,4867458.0,615122.0,54
201200030694,12,6,22,1750,1,2,2,9.0,1,54526,M,4867577.0,622741.0,54
201200030695,12,6,23,1520,1,2,2,1.0,3,54395,M,4869708.0,617565.0,54
201200030696,12,6,24,110,5,2,3,9.0,4,54395,M,4868123.0,617497.0,54
201200030697,12,6,24,1750,1,2,3,1.0,6,54395,M,4868688.0,616834.0,54
201200030698,12,6,25,1644,1,2,1,1.0,6,54395,M,,,54
201200030699,12,6,25,1800,1,2,1,1.0,6,54395,M,4867933.0,617815.0,54
201200030700,12,6,26,755,1,2,1,1.0,6,54304,M,,,54
201200030701,12,6,26,2005,1,2,1,1.0,6,54395,M,,,54
201200030702,12,6,27,330,5,2,1,1.0,7,54357,M,4871267.0,616807.0,54
201200030703,12,6,27,1715,1,2,1,1.0,4,54184,M,4869896.0,622258.0,54
201200030704,12,6,30,1110,1,2,2,1.0,1,54395,M,4869499.0,619407.0,54
201200030705,12,7,1,1430,1,2,3,1.0,3,54300,M,4866597.0,621524.0,54