Num_Acc,an,mois,jour,hrmn,lum,agg,int,atm,col,com,gps,lat,long,dep
201200030706,12,7,3,1040,1,2,3,1.0,2,54274,M,4867191.0,620505.0,54
201200030707,12,7,3,1230,1,2,2,1.0,3,54257,M,4864755.0,618238.0,54
201200030708,12,7,4,1050,1,2,3,1.0,6,54395,M,4867888.0,619740.0,54
201200030709,12,7,4,1830,1,2,3,1.0,3,54304,M,4867987.0,616226.0,54
201200030710,12,7,4,1930,1,2,1,1.0,3,54526,M,4868514.0,621958.0,54
201200030711,12,7,5,730,1,2,1,2.0,3,54526,M,4868157.0,621599.0,54
201200030712,12,7,6,1708,1,2,1,9.0,4,54339,M,4870565.0,619070.0,54
201200030713,12,7,6,2150,2,2,1,1.0,6,54395,M,4868788.0,620536.0,54
201200030714,12,7,7,1123,1,2,1,1.0,3,54304,M,4868010.0,615125.0,54
201200030715,12,7,7,1510,1,2,1,1.0,6,54274,M,4866858.0,620911.0,54
201200030716,12,7,9,1725,1,1,2,1.0,3,54328,M,,,54
201200030717,12,7,9,1435,1,2,3,1.0,3,54304,M,4869506.0,612434.0,54
201200030718,12,7,11,1255,1,2,1,1.0,6,54395,M,4868659.0,617337.0,54
201200030719,12,7,12,1045,1,2,1,1.0,6,54395,M,4867071.0,616717.0,54
201200030720,12,7,12,1115,1,2,1,1.0,2,54395,M,4868004.0,619564.0,54
201200030721,12,7,13,1305,1,2,1,1.0,6,54547,M,,,54
201200030722,12,7,14,1005,1,2,3,1.0,1,54395,M,4867726.0,619914.0,54
201200030723,12,7,16,1015,1,2,6,1.0,6,54357,M,4870859.0,616571.0,54
201200030724,12,7,16,1030,1,2,1,1.0,4,54395,M,4869430.0,619153.0,54
201200030725,12,7,16,1953,1,2,3,1.0,3,54395,M,4867722.0,619909.0,54
201200030726,12,7,20,845,1,2,1,9.0,3,54395,M,4868438.0,618040.0,54
201200030727,12,7,24,1550,1,2,2,7.0,3,54304,M,4868893.0,613445.0,54
201200030728,12,7,24,1645,1,2,1,1.0,7,54498,M,4871882.0,626607.0,54
201200030729,12,7,26,859,1,2,2,1.0,3,54184,M,4870065.0,622470.0,54
201200030730,12,7,25,725,1,2,1,1.0,3,54395,M,4868133.0,619360.0,54
201200030731,12,7,27,1040,1,2,2,1.0,1,54526,M,4868836.0,620979.0,54
201200030732,12,7,30,1620,1,2,1,1.0,6,54395,M,,,54
201200030733,12,7,30,1653,1,1,1,9.0,6,54184,M,,,54
201200030734,12,7,30,1800,1,2,3,2.0,6,54395,M,4868562.0,619573.0,54
201200030735,12,7,30,1820,1,2,2,2.0,3,54395,M,4867341.0,617403.0,54
201200030736,12,7,31,900,1,2,1,8.0,3,54439,M,4870853.0,625870.0,54
201200030737,12,8,1,2245,5,2,1,1.0,3,54395,M,,,54
201200030738,12,8,1,730,1,2,1,1.0,3,54357,M,4870618.0,616210.0,54
201200030739,12,8,1,1530,1,1,1,1.0,2,54304,M,4868021.0,614189.0,54
201200030740,12,8,1,1700,1,1,1,9.0,1,54578,M,,,54
201200030741,12,8,1,1730,1,2,3,1.0,2,54184,M,4871224.0,624830.0,54
201200030742,12,8,1,1800,1,2,1,1.0,3,54395,M,4868730.0,617900.0,54
201200030743,12,8,6,1815,1,2,1,1.0,4,54395,M,,,54
201200030744,12,8,6,1830,1,2,3,1.0,3,54395,M,4867723.0,619903.0,54
201200030745,12,8,7,1435,1,2,1,1.0,3,54304,M,4869399.0,613337.0,54
201200030746,12,8,8,1650,1,2,1,1.0,2,54395,M,4868771.0,618803.0,54
201200030747,12,8,8,1745,1,1,3,1.0,3,54357,M,,,54
201200030748,12,8,9,13,4,2,2,1.0,3,54395,M,4868567.0,619582.0,54
201200030749,12,8,11,814,1,2,3,1.0,7,54395,M,4867254.0,616529.0,54
201200030750,12,8,11,910,1,2,6,1.0,2,54395,M,,,54
201200030751,12,8,14,1745,1,2,1,1.0,6,54395,M,,,54
201200030752,12,8,14,1755,1,2,1,1.0,4,54547,M,4866919.0,618856.0,54
201200030753,12,8,15,1405,1,2,2,1.0,1,54304,M,4869428.0,613155.0,54
201200030754,12,8,16,130,5,2,3,1.0,3,54395,M,4866827.0,616235.0,54
201200030755,12,8,16,2045,1,2,2,1.0,3,54395,M,4868313.0,617149.0,54
201200030756,12,8,18,1745,1,2,1,1.0,3,54526,M,4869318.0,621234.0,54
201200030757,12,8,19,1440,1,2,5,1.0,3,54547,M,4866260.0,617279.0,54
201200030758,12,8,19,1920,1,2,1,1.0,7,54395,M,4868317.0,618502.0,54
201200030759,12,8,20,1630,1,2,1,1.0,2,54395,M,4869714.0,618904.0,54
201200030760,12,8,20,1752,1,2,1,1.0,2,54547,M,4866391.0,617061.0,54
201200030761,12,8,22,136,5,2,1,1.0,6,54526,M,4869294.0,621161.0,54
201200030762,12,8,21,1827,1,2,1,1.0,3,54395,M,4868421.0,618622.0,54
201200030763,12,8,23,1010,1,2,3,1.0,3,54304,M,4869460.0,612800.0,54
201200030764,12,8,23,1039,1,2,1,1.0,1,54395,M,4869216.0,618540.0,54
201200030765,12,8,25,1200,1,2,2,1.0,3,54304,M,,,54
201200030766,12,8,25,1500,1,2,1,1.0,3,54547,M,4865903.0,618044.0,54
201200030767,12,8,29,1830,1,2,4,1.0,4,54395,M,4869706.0,615795.0,54
201200030768,12,8,30,1400,1,2,3,1.0,6,54257,M,4865307.0,620738.0,54
201200030769,12,8,31,1640,1,1,3,1.0,2,54300,M,4863588.0,628427.0,54
201200030770,12,9,4,1515,1,2,1,1.0,6,54339,M,,,54
201200030771,12,9,4,1949,1,2,1,1.0,6,54300,M,4865368.0,623281.0,54
201200030772,12,9,4,2310,5,2,2,1.0,3,54395,M,,,54
201200030773,12,9,5,1542,1,2,6,1.0,2,54197,M,4861992.0,620382.0,54
201200030774,12,9,6,1303,1,2,1,1.0,6,54395,M,4869038.0,619136.0,54
201200030775,12,9,9,1600,1,2,1,1.0,6,54357,M,4870224.0,613387.0,54
201200030776,12,9,10,815,1,2,1,1.0,6,54395,M,4869658.0,617403.0,54
201200030777,12,9,11,1000,1,2,1,1.0,6,54578,M,4867617.0,615577.0,54
201200030778,12,9,10,1550,1,2,3,1.0,6,54395,M,4868857.0,617915.0,54
201200030779,12,9,11,1435,1,2,2,1.0,3,54395,M,4868754.0,617072.0,54
201200030780,12,9,7,650,1,2,1,1.0,3,54395,M,,,54
201200030781,12,9,8,1335,1,2,3,1.0,6,54395,M,4868960.0,618488.0,54
201200030782,12,9,8,1955,2,1,1,1.0,6,54578,M,,,54
201200030783,12,9,9,2050,5,2,3,1.0,2,54547,M,4866786.0,617767.0,54
201200030784,12,9,12,1335,1,2,3,1.0,1,54304,M,,,54
201200030785,12,9,13,1310,1,2,1,1.0,2,54395,M,4869311.0,616476.0,54
201200030786,12,9,15,1330,1,2,1,1.0,3,54395,M,,,54
201200030787,12,9,14,1815,1,2,2,1.0,6,54578,M,4866830.0,614752.0,54
201200030788,12,9,14,1735,1,2,1,1.0,4,54357,M,4872027.0,617163.0,54
201200030789,12,9,17,1815,2,2,1,1.0,6,54395,M,4869151.0,616186.0,54
201200030790,12,9,17,1820,1,2,1,1.0,6,54395,M,,,54
201200030791,12,9,18,1340,1,2,3,1.0,3,54578,M,4865682.0,613157.0,54
201200030792,12,9,18,1450,1,2,1,1.0,2,54578,M,4865691.0,613176.0,54
201200030793,12,9,19,1802,1,2,1,1.0,3,54184,M,,,54
201200030794,12,9,19,1830,1,2,3,1.0,3,54395,M,4870352.0,617024.0,54
201200030795,12,9,20,1315,1,2,1,1.0,2,54357,M,,,54
201200030796,12,9,20,1745,1,2,1,1.0,2,54395,M,4869611.0,616302.0,54
201200030797,12,9,21,815,1,2,3,1.0,4,54395,M,4869607.0,614165.0,54
201200030798,12,9,21,1740,1,2,1,1.0,6,54274,M,4867103.0,620596.0,54
201200030799,12,9,24,1735,1,2,1,1.0,2,54395,M,4868716.0,618836.0,54
201200030800,12,9,24,1720,1,2,2,1.0,5,54395,M,,,54
201200030801,12,9,25,1145,1,2,2,2.0,3,54395,M,4868293.0,617965.0,54
201200030802,12,9,25,1510,1,2,1,2.0,6,54395,M,4869617.0,616313.0,54
201200030803,12,9,26,1345,1,2,3,2.0,3,54395,M,4868158.0,617619.0,54
201200030804,12,9,26,1455,1,2,2,3.0,3,54304,M,4869420.0,613163.0,54
201200030805,12,9,26,1730,1,2,2,2.0,2,54395,M,4869005.0,620302.0,54
201200030806,12,9,26,1735,1,2,1,2.0,2,54547,M,4866199.0,617416.0,54
201200030807,12,9,15,1300,1,2,1,1.0,6,54395,M,4869336.0,617841.0,54
201200030808,12,9,27,1530,1,2,1,2.0,3,54395,M,4869603.0,617487.0,54
201200030809,12,9,27,1715,1,2,1,2.0,2,54274,M,4867339.0,620225.0,54
201200030810,12,9,27,1805,1,2,1,2.0,6,54395,M,4868149.0,618301.0,54
201200030811,12,9,28,520,5,2,1,9.0,6,54395,M,4869668.0,616058.0,54
201200030812,12,9,28,755,2,2,1,1.0,6,54439,M,4870442.0,625434.0,54
201200030813,12,9,28,830,1,2,3,1.0,3,54025,M,4866165.0,624062.0,54
201200030814,12,9,28,1830,1,2,1,1.0,4,54184,M,,,54
201200030815,12,9,28,1915,1,2,1,1.0,2,54339,M,4871354.0,618434.0,54
201200030816,12,9,29,10,5,2,1,1.0,5,54339,M,,,54
201200030817,12,9,30,945,1,2,1,1.0,4,54395,M,,,54
201200030818,12,10,1,805,1,2,3,1.0,6,54395,M,4869062.0,617362.0,54
201200030819,12,10,1,2300,5,2,1,1.0,2,54357,M,4870145.0,617170.0,54
201200030820,12,10,2,1610,1,2,3,1.0,6,54495,M,4867813.0,624219.0,54
201200030821,12,10,4,1810,1,2,3,1.0,4,54357,M,4870620.0,616773.0,54
201200030822,12,10,3,1225,1,2,1,1.0,1,54357,M,4870665.0,616718.0,54
201200030823,12,10,5,1735,1,2,1,1.0,3,54304,M,,,54
201200030824,12,10,5,1840,1,2,1,1.0,2,54328,M,4862577.0,615999.0,54
201200030825,12,10,6,1240,1,2,1,1.0,6,54526,M,4867781.0,621592.0,54
201200030826,12,10,8,2110,5,2,1,2.0,6,54304,M,4868442.0,615279.0,54
201200030827,12,10,9,840,1,2,2,2.0,3,54395,M,,,54
201200030828,12,10,9,1830,2,2,1,1.0,4,54395,M,4868708.0,618516.0,54
201200030829,12,10,10,806,1,2,1,1.0,2,54395,M,,,54
201200030830,12,10,10,1000,1,2,1,2.0,2,54547,M,4866223.0,617307.0,54
201200030831,12,10,10,1450,1,2,1,1.0,6,54274,M,4867193.0,620419.0,54
201200030832,12,10,12,745,1,2,1,2.0,6,54547,M,4866818.0,616250.0,54
201200030833,12,10,13,1535,1,2,1,1.0,4,54547,M,,,54
201200030834,12,10,13,2100,5,2,2,3.0,1,54304,M,4868396.0,615089.0,54
201200030835,12,10,15,1730,1,2,2,1.0,6,54395,M,4868494.0,617590.0,54
201200030836,12,10,16,800,1,2,6,1.0,6,54547,M,4866635.0,616698.0,54
201200030837,12,10,16,1010,1,2,2,1.0,6,54395,M,4868345.0,617345.0,54
201200030838,12,10,17,1200,1,2,2,1.0,2,54395,M,4869932.0,616601.0,54
201200030839,12,10,17,1635,1,2,6,1.0,4,54265,M,4863662.0,618287.0,54
201200030840,12,10,18,1113,1,2,1,1.0,3,54395,M,,,54
201200030841,12,10,19,1600,1,2,1,1.0,6,54357,M,4871177.0,616787.0,54
201200030842,12,10,24,630,5,2,7,1.0,2,54482,M,4869973.0,620421.0,54
201200030843,12,10,25,1350,1,2,1,1.0,2,54526,M,,,54
201200030844,12,10,25,1655,1,2,1,1.0,6,54395,M,4867224.0,617295.0,54
201200030845,12,10,25,1817,1,2,3,8.0,6,54395,M,4868475.0,617371.0,54
201200030846,12,10,29,1355,1,2,2,1.0,6,54395,M,4868820.0,616605.0,54
201200030847,12,10,29,1800,5,2,1,1.0,2,54357,M,4870708.0,616187.0,54
201200030848,12,10,29,1850,3,2,1,1.0,3,54498,M,4872081.0,626850.0,54
201200030849,12,10,29,1855,5,2,1,1.0,5,54498,M,4871692.0,625862.0,54
201200030850,12,10,30,1310,1,2,3,1.0,3,54482,M,4870120.0,620088.0,54
201200030851,12,10,30,1930,5,2,1,1.0,6,54395,M,4869666.0,616728.0,54
201200030852,12,11,2,1710,5,2,2,3.0,3,54304,M,,,54
201200030853,12,11,3,340,5,2,1,2.0,6,54395,M,4868955.0,618342.0,54
201200030854,12,11,5,907,1,2,1,2.0,6,54547,M,4868181.0,618340.0,54
201200030855,12,11,5,1500,1,2,1,1.0,2,54395,M,,,54
201200030856,12,11,6,1420,1,2,1,1.0,2,54578,M,,,54
201200030857,12,11,2,2010,5,2,1,2.0,6,54184,M,4870536.0,622991.0,54
201200030858,12,11,8,1850,5,2,3,1.0,3,54547,M,4866763.0,616773.0,54
201200030859,12,11,9,1245,1,2,2,1.0,3,54395,M,4869003.0,620279.0,54
201200030860,12,11,16,1145,1,2,3,2.0,3,54025,M,4865599.0,626452.0,54
201200030861,12,11,16,1800,5,2,1,2.0,4,54395,M,,,54
201200030862,12,11,19,1945,5,2,1,5.0,2,54395,M,4868378.0,619663.0,54
201200030863,12,11,20,745,1,2,1,1.0,6,54304,M,4868078.0,615679.0,54
201200030864,12,11,21,2027,5,2,1,1.0,6,54304,M,,,54
201200030865,12,11,23,1045,1,2,1,1.0,6,54257,M,4864835.0,618185.0,54
201200030866,12,11,23,1600,1,2,1,1.0,6,54547,M,4866154.0,617481.0,54
201200030867,12,11,24,1140,1,2,1,1.0,6,54395,M,4869661.0,617252.0,54
201200030868,12,11,24,1435,1,2,1,1.0,2,54274,M,4867447.0,620654.0,54
201200030869,12,11,27,725,5,2,1,2.0,6,54395,M,4869799.0,617438.0,54
201200030870,12,11,28,1015,1,2,3,1.0,6,54339,M,4871562.0,618920.0,54
201200030871,12,11,28,1915,5,2,2,1.0,6,54395,M,4868485.0,617069.0,54
201200030872,12,11,29,1725,5,2,3,2.0,1,54304,M,4869607.0,612610.0,54
201200030873,12,11,29,1800,5,2,1,1.0,2,54578,M,4866184.0,614196.0,54
201200030874,12,11,30,1515,1,2,2,1.0,3,54395,M,4869290.0,618459.0,54
201200030875,12,12,1,530,5,2,1,1.0,6,54395,M,4868920.0,617554.0,54
201200030876,12,12,1,535,5,2,1,1.0,6,54395,M,4869858.0,617376.0,54
201200030877,12,12,3,1720,5,2,3,2.0,6,54304,M,4869462.0,612793.0,54
201200030878,12,12,3,1810,5,2,2,2.0,3,54395,M,4867615.0,617710.0,54
201200030879,12,12,4,1740,5,2,1,2.0,3,54547,M,4866801.0,616806.0,54
201200030880,12,12,5,1215,1,2,2,1.0,6,54547,M,4866516.0,616495.0,54
201200030881,12,12,5,1805,5,2,2,2.0,6,54395,M,4868934.0,616980.0,54
201200030882,12,12,6,910,1,2,1,1.0,6,54395,M,4868134.0,618161.0,54
201200030883,12,12,6,1805,5,2,3,1.0,4,54526,M,4869331.0,621150.0,54
201200030884,12,12,8,1035,1,2,2,1.0,3,54395,M,4868751.0,617062.0,54
201200030885,12,12,10,945,1,2,1,4.0,6,54547,M,,,54
201200030886,12,12,10,1827,5,2,1,1.0,6,54395,M,,,54
201200030887,12,12,11,1705,4,2,3,1.0,3,54395,M,4869484.0,613802.0,54
201200030888,12,12,12,1725,5,2,1,1.0,2,54395,M,,,54
201200030889,12,12,12,1735,5,2,1,1.0,6,54547,M,4865936.0,615901.0,54
201200030890,12,12,13,1237,1,2,1,1.0,2,54578,M,,,54
201200030891,12,12,13,1710,5,2,3,2.0,6,54578,M,4866762.0,614675.0,54
201200030892,12,12,13,1940,5,2,1,2.0,2,54395,M,4869012.0,615733.0,54
201200030893,12,12,14,845,1,2,3,1.0,2,54547,M,4866742.0,617730.0,54
201200030894,12,12,14,1900,5,2,2,2.0,6,54395,M,4868973.0,617917.0,54
201200030895,12,12,15,100,5,2,2,1.0,3,54357,M,4870852.0,617180.0,54
201200030896,12,12,17,1955,5,2,3,2.0,3,54578,M,4865687.0,613162.0,54
201200030897,12,12,18,741,1,2,2,2.0,3,54300,M,4865316.0,622590.0,54
201200030898,12,12,18,730,2,2,1,2.0,6,54304,M,,,54
201200030899,12,12,18,1110,1,2,1,2.0,2,54025,M,,,54
201200030900,12,12,19,1840,5,2,1,1.0,2,54547,M,4865995.0,617663.0,54
201200030901,12,12,20,2100,3,2,1,3.0,6,54547,M,,,54
201200030902,12,12,21,20,5,2,2,9.0,3,54395,M,4868702.0,619518.0,54
201200030903,12,12,19,1825,5,2,1,1.0,6,54357,M,4870862.0,616696.0,54
201200030904,12,12,21,1130,1,2,2,1.0,3,54547,M,4866749.0,619010.0,54
201200030905,12,12,22,1515,1,2,4,3.0,2,54395,M,,,54
201200030906,12,12,23,1300,1,2,1,1.0,2,54395,M,,,54
201200030907,12,12,26,2140,5,2,1,1.0,6,54495,M,4868856.0,624770.0,54
201200030908,12,12,27,900,1,2,3,3.0,3,54547,M,4865341.0,613548.0,54
201200030909,12,12,21,1450,1,2,1,1.0,6,54395,M,4870117.0,617702.0,54
201200030910,12,12,29,1525,1,2,2,1.0,6,54526,M,4868157.0,621579.0,54
201200030911,12,12,29,2215,5,2,2,1.0,3,54395,M,4868845.0,618419.0,54
201200030912,12,1,2,1830,5,2,1,1.0,6,54079,M,4888883.0,605033.0,54
201200030913,12,2,8,1345,1,1,1,1.0,1,54079,M,4886155.0,607483.0,54
201200030914,12,5,16,1830,1,1,9,1.0,5,54431,M,,,54
201200030915,12,6,2,1415,1,1,9,1.0,3,54431,M,4893187.0,606370.0,54
201200030916,12,6,8,1826,1,2,1,1.0,6,54431,M,4890865.0,604028.0,54
201200030917,12,9,2,1330,1,2,1,1.0,1,54332,M,,,54
201200030918,12,12,12,1800,5,2,1,9.0,6,54431,M,4890514.0,606155.0,54
201200030919,12,1,7,1120,1,2,2,2.0,6,54528,M,4867267.0,589048.0,54
201200030920,12,1,14,1145,1,2,1,1.0,6,54528,M,4867041.0,588238.0,54
201200030921,12,3,27,1300,1,1,3,1.0,7,54174,M,4866637.0,584969.0,54
201200030922,12,4,6,1730,1,2,1,1.0,6,54528,M,4869006.0,590107.0,54
201200030923,12,4,14,1205,1,2,1,1.0,6,54528,M,,,54
201200030924,12,5,17,925,1,1,3,1.0,3,54174,M,4866642.0,584982.0,54
201200030925,12,5,19,1805,1,2,1,1.0,4,54167,M,,,54
201200030926,12,5,25,1950,1,2,1,1.0,6,54528,M,4867270.0,588696.0,54
201200030927,12,5,27,935,1,1,2,1.0,6,54167,M,4867737.0,593100.0,54
201200030928,12,5,26,1050,1,1,4,1.0,2,54167,M,,,54
201200030929,12,6,6,1025,1,2,5,2.0,7,54528,M,4867797.0,588232.0,54
201200030930,12,7,2,1310,1,1,1,8.0,6,54528,M,4864686.0,589076.0,54
201200030931,12,7,19,1920,1,2,1,1.0,6,54167,M,4867136.0,590242.0,54
201200030932,12,7,23,2125,2,2,3,1.0,3,54167,M,4867063.0,590793.0,54
201200030933,12,8,3,1115,1,2,1,1.0,2,54174,M,,,54
201200030934,12,10,14,755,2,2,1,2.0,6,54167,M,,,54
201200030935,12,10,12,1635,1,2,1,1.0,2,54167,M,4867172.0,591145.0,54
201200030936,12,9,25,1420,1,2,1,3.0,3,54528,M,4867079.0,588244.0,54
201200030937,12,10,23,1615,1,2,3,1.0,3,54528,M,4868503.0,589798.0,54
201200030938,12,11,25,420,3,1,1,1.0,6,54528,M,4865312.0,587240.0,54
201200030939,12,11,26,1840,3,2,1,2.0,5,54528,M,,,54
201200030940,12,11,26,1635,2,2,3,2.0,3,54528,M,4866452.0,588872.0,54
201200030941,12,11,30,915,1,2,3,1.0,3,54174,M,4867864.0,585120.0,54
201200030942,12,12,17,1715,5,1,1,2.0,6,54528,M,4868771.0,589948.0,54
201200030943,12,5,20,2251,3,1,1,1.0,6,54575,M,4947165.0,583623.0,54
201200030944,12,5,27,1415,1,2,9,1.0,6,54580,M,4946875.0,593308.0,54
201200030945,12,6,8,2220,5,2,1,1.0,3,54580,M,,,54
201200030946,12,6,5,1650,1,2,1,1.0,6,54580,M,,,54
201200030947,12,8,20,1515,1,1,1,1.0,7,54575,M,4947887.0,582260.0,54
201200030948,12,8,28,1855,1,2,4,1.0,3,54580,M,4946489.0,593346.0,54
201200030949,12,1,26,500,3,1,1,1.0,7,55302,M,,,55
201200030950,12,2,24,1420,1,2,1,1.0,7,55029,M,,,55
201200030951,12,3,12,1520,1,2,2,1.0,7,55029,M,,,55
201200030952,12,3,22,1140,1,2,6,1.0,3,55029,M,,,55
201200030953,12,3,30,1045,1,2,1,1.0,2,55029,M,,,55
201200030954,12,4,4,1540,1,2,1,1.0,6,55029,M,,,55
201200030955,12,4,6,2030,2,1,1,1.0,7,55476,M,,,55
201200030956,12,4,25,1535,1,1,8,2.0,2,55029,M,,,55
201200030957,12,4,28,1030,1,1,1,1.0,7,55029,M,,,55
201200030958,12,5,14,1735,1,1,1,1.0,3,55476,M,,,55
201200030959,12,6,30,1915,1,2,9,1.0,1,55029,M,,,55
201200030960,12,7,7,1940,1,2,6,1.0,6,55029,M,4877557.0,516332.0,55
201200030961,12,7,24,1940,1,2,1,1.0,3,55029,M,,,55
201200030962,12,9,20,1715,1,2,1,1.0,2,55029,M,,,55
201200030963,12,10,6,1455,1,2,1,1.0,3,55029,M,,,55
201200030964,12,10,25,1210,1,2,1,1.0,6,55029,M,,,55
201200030965,12,11,9,1910,5,1,1,2.0,6,55476,M,,,55
201200030966,12,11,11,230,5,2,1,2.0,1,55186,M,,,55
201200030967,12,12,14,1020,1,2,9,2.0,6,55029,M,,,55
201200030968,12,12,16,1740,5,2,1,3.0,7,55029,M,,,55
201200030969,12,12,22,1520,1,2,1,3.0,4,55476,M,,,55
201200030970,12,12,29,1042,1,2,8,1.0,6,55029,M,,,55
201200030971,12,1,4,715,5,2,3,2.0,3,55545,M,4916768.0,539247.0,55
201200030972,12,1,16,1840,5,2,1,1.0,6,55545,M,4915777.0,539535.0,55
201200030973,12,2,15,1545,1,2,6,2.0,6,55545,M,4916136.0,539268.0,55
201200030974,12,1,20,1000,1,2,6,1.0,6,55545,M,,,55
201200030975,12,2,27,1000,1,1,6,1.0,5,55545,M,4914427.0,539051.0,55
201200030976,12,2,21,1215,1,2,1,1.0,3,55545,M,4916362.0,537837.0,55
201200030977,12,4,2,1240,1,2,1,1.0,5,55505,M,4916821.0,535405.0,55
201200030978,12,5,12,2130,2,1,1,1.0,6,55545,M,4914091.0,539855.0,55
201200030979,12,5,27,1040,1,2,2,1.0,3,55545,M,,,55
201200030980,12,6,21,1720,1,2,2,1.0,3,55043,M,4916064.0,539923.0,55
201200030981,12,8,11,2100,2,2,6,1.0,3,55545,M,4914795.0,540261.0,55
201200030982,12,8,22,1700,1,2,1,1.0,2,55545,M,,,55
201200030983,12,8,22,2230,5,2,1,1.0,7,55043,M,4917566.0,537992.0,55
201200030984,12,8,28,1750,1,2,1,1.0,3,55545,M,,,55
201200030985,12,9,6,1640,1,2,1,1.0,6,55545,M,4916466.0,538400.0,55
201200030986,12,9,28,1655,1,2,1,1.0,3,55043,M,,,55
201200030987,12,9,26,1220,1,2,1,3.0,7,55545,M,,,55
201200030988,12,10,4,1845,2,1,1,1.0,3,55236,M,4913358.0,541898.0,55
201200030989,12,1,2,1515,1,2,1,1.0,3,56121,M,4774666.0,-336531.0,56
201200030990,12,1,3,1815,5,2,1,3.0,7,56121,M,4774422.0,-336785.0,56
201200030991,12,1,4,756,5,2,1,1.0,7,56121,M,4774518.0,-337339.0,56
201200030992,12,1,5,1540,1,2,1,2.0,5,56083,M,4780092.0,-328393.0,56
201200030993,12,1,5,1835,3,1,1,8.0,7,56162,M,4772400.0,-343907.0,56
201200030994,12,1,7,1215,1,2,1,1.0,7,56121,M,4774940.0,-336581.0,56
201200030995,12,1,6,1430,1,2,1,1.0,7,56121,M,4774307.0,-336534.0,56
201200030996,12,1,7,1816,5,2,1,1.0,7,56121,M,4773924.0,-338008.0,56
201200030997,12,1,8,859,1,2,1,1.0,3,56098,M,4776831.0,-334398.0,56
201200030998,12,1,14,25,5,2,1,1.0,7,56121,M,4774861.0,-337188.0,56
201200030999,12,1,18,2025,5,2,2,2.0,3,56162,M,4773378.0,-343293.0,56
201200031000,12,1,19,755,4,1,1,8.0,7,56083,M,,,56
201200031001,12,1,19,1050,1,2,1,1.0,7,56121,M,4774611.0,-336224.0,56
201200031002,12,1,19,1747,1,2,1,2.0,7,56121,M,4774976.0,-335777.0,56
201200031003,12,1,19,1904,5,2,1,3.0,7,56121,M,4775030.0,-336690.0,56
201200031004,12,1,21,1220,1,2,2,1.0,3,56121,M,4774664.0,-339164.0,56
201200031005,12,1,21,1400,1,2,1,1.0,2,56121,M,4775742.0,-337136.0,56
201200031006,12,1,25,1325,1,2,3,1.0,3,56121,M,4773599.0,-336608.0,56
201200031007,12,1,27,1340,1,1,1,1.0,1,56083,M,,,56
201200031008,12,1,28,2035,5,2,6,1.0,7,56098,M,4777777.0,-334525.0,56
201200031009,12,2,1,1321,1,2,2,1.0,3,56098,M,4776861.0,-334452.0,56
201200031010,12,2,1,1421,1,2,2,1.0,6,56121,M,4773667.0,-339006.0,56
201200031011,12,2,2,1857,2,2,1,1.0,6,56162,M,4770289.0,-345301.0,56
201200031012,12,2,3,920,1,2,1,1.0,2,56121,M,4774669.0,-336568.0,56
201200031013,12,2,3,1715,1,2,2,1.0,7,56162,M,4773237.0,-343140.0,56
201200031014,12,2,11,904,1,2,2,1.0,3,56162,M,4773855.0,-341981.0,56
201200031015,12,2,17,1230,1,2,1,2.0,7,56098,M,4776659.0,-335990.0,56
201200031016,12,2,18,802,1,2,1,2.0,7,56121,M,4775710.0,-336677.0,56
201200031017,12,2,19,1816,1,2,1,1.0,2,56121,M,4774714.0,-336561.0,56
201200031018,12,2,21,800,1,2,1,1.0,7,56121,M,4774509.0,-337550.0,56
201200031019,12,2,22,1014,1,2,4,1.0,3,56121,M,4776416.0,-336758.0,56
201200031020,12,2,23,1657,1,2,2,1.0,2,56098,M,4775991.0,-333769.0,56
201200031021,12,2,25,1128,1,1,1,1.0,7,56162,M,,,56
201200031022,12,2,28,1115,1,2,2,1.0,7,56121,M,4774545.0,-336783.0,56
201200031023,12,2,29,1015,1,2,1,1.0,7,56121,M,4775616.0,-335728.0,56
201200031024,12,3,2,847,1,2,2,1.0,3,56121,M,4776039.0,-338354.0,56
201200031025,12,3,2,2010,5,1,1,1.0,7,56107,M,,,56
201200031026,12,3,3,1210,1,2,1,1.0,7,56083,M,4780266.0,-326547.0,56
201200031027,12,3,3,1315,1,1,1,1.0,7,56098,M,4777682.0,-331010.0,56
201200031028,12,3,5,1253,1,2,1,1.0,7,56121,M,4775335.0,-336642.0,56
201200031029,12,3,6,855,1,1,1,1.0,4,56083,M,,,56
201200031030,12,3,6,1844,1,2,1,1.0,2,56098,M,4776174.0,-334684.0,56