Num_Acc,an,mois,jour,hrmn,lum,agg,int,atm,col,com,gps,lat,long,dep
201200031031,12,3,10,350,5,2,1,1.0,7,56098,M,4776920.0,-335191.0,56
201200031032,12,3,10,1835,2,2,1,1.0,5,56083,M,4780427.0,-327594.0,56
201200031033,12,3,8,1417,1,2,2,1.0,2,56121,M,4775757.0,-337138.0,56
201200031034,12,3,12,1846,1,2,1,1.0,2,56121,M,4776350.0,-338054.0,56
201200031035,12,3,13,1829,1,2,2,1.0,3,56098,M,4777009.0,-335032.0,56
201200031036,12,3,14,1745,1,2,2,1.0,3,56098,M,4777318.0,-334169.0,56
201200031037,12,3,15,1310,1,2,2,1.0,3,56098,M,4777512.0,-334628.0,56
201200031038,12,3,17,1120,1,2,1,1.0,2,56121,M,4775355.0,-336978.0,56
201200031039,12,3,17,1446,1,2,2,1.0,3,56121,M,4775348.0,-336542.0,56
201200031040,12,3,17,1700,1,2,1,1.0,7,56121,M,4775300.0,-337057.0,56
201200031041,12,3,20,858,1,2,1,1.0,3,56121,M,4775015.0,-336183.0,56
201200031042,12,3,28,1031,1,2,1,1.0,7,56121,M,4774148.0,-335332.0,56
201200031043,12,3,28,1040,1,1,1,1.0,2,56083,M,,,56
201200031044,12,3,28,1143,1,2,1,1.0,2,56121,M,4773894.0,-338067.0,56
201200031045,12,3,30,1710,1,2,1,1.0,7,56098,M,4776904.0,-334647.0,56
201200031046,12,3,30,1930,1,2,2,1.0,7,56098,M,4776425.0,-335065.0,56
201200031047,12,3,31,1443,1,2,2,1.0,3,56121,M,4776685.0,-336802.0,56
201200031048,12,4,1,1515,1,2,1,1.0,3,56098,M,4777434.0,-333815.0,56
201200031049,12,4,1,1640,1,2,1,1.0,7,56107,M,4771883.0,-338963.0,56
201200031050,12,4,2,756,1,2,1,1.0,7,56098,M,4776550.0,-335362.0,56
201200031051,12,4,4,1105,1,2,2,1.0,3,56121,M,4774583.0,-338031.0,56
201200031052,12,4,6,740,1,2,1,1.0,7,56083,M,4780853.0,-326191.0,56
201200031053,12,4,8,1550,1,2,1,1.0,7,56121,M,4774654.0,-336805.0,56
201200031054,12,4,8,1814,1,2,1,1.0,7,56121,M,4775636.0,-336569.0,56
201200031055,12,4,10,1535,1,2,1,1.0,7,56121,M,4775761.0,-337163.0,56
201200031056,12,4,10,1625,1,2,1,1.0,7,56121,M,4775473.0,-336371.0,56
201200031057,12,4,11,1601,1,2,1,1.0,4,56121,M,4774330.0,-338222.0,56
201200031058,12,4,12,1837,1,2,1,1.0,7,56098,M,4776594.0,-335290.0,56
201200031059,12,4,12,1910,1,1,9,1.0,3,56162,M,,,56
201200031060,12,4,13,1812,1,2,2,1.0,7,56121,M,4775048.0,-336300.0,56
201200031061,12,4,13,1914,1,2,1,1.0,3,56098,M,4777722.0,-334365.0,56
201200031062,12,4,14,225,5,2,1,1.0,7,56098,M,4776195.0,-334018.0,56
201200031063,12,4,14,1445,1,1,1,1.0,1,56083,M,4781970.0,-329588.0,56
201200031064,12,4,14,2040,2,2,1,1.0,7,56098,M,4776233.0,-334458.0,56
201200031065,12,4,16,1425,1,2,1,1.0,7,56162,M,4773557.0,-343433.0,56
201200031066,12,4,19,1845,1,2,4,1.0,3,56121,M,4775252.0,-337729.0,56
201200031067,12,4,21,815,1,2,1,7.0,2,56121,M,4775351.0,-337017.0,56
201200031068,12,4,23,1851,1,2,3,2.0,3,56121,M,4774826.0,-336346.0,56
201200031069,12,4,26,1030,1,2,1,2.0,7,56121,M,4776398.0,-338101.0,56
201200031070,12,4,26,1742,1,2,1,1.0,6,56083,M,4780206.0,-328063.0,56
201200031071,12,4,27,1600,1,1,1,2.0,2,56098,M,,,56
201200031072,12,4,30,1332,1,2,2,1.0,7,56098,M,4776927.0,-334706.0,56
201200031073,12,4,30,1555,1,1,1,1.0,7,56162,M,4773221.0,-340453.0,56
201200031074,12,5,3,1715,1,2,1,1.0,3,56098,M,,,56
201200031075,12,5,3,1745,1,2,1,1.0,3,56121,M,4773579.0,-337479.0,56
201200031076,12,5,4,824,1,2,1,3.0,5,56083,M,4779696.0,-330045.0,56
201200031077,12,5,4,1820,1,2,2,1.0,1,56098,M,4776320.0,-331901.0,56
201200031078,12,5,7,1728,1,2,1,1.0,7,56162,M,4773219.0,-345926.0,56
201200031079,12,5,9,1810,1,2,6,3.0,3,56121,M,4776112.0,-336590.0,56
201200031080,12,5,11,1517,1,2,1,1.0,7,56083,M,,,56
201200031081,12,5,13,1701,1,1,1,1.0,7,56121,M,4773636.0,-337616.0,56
201200031082,12,5,13,1854,1,2,1,1.0,7,56121,M,4774547.0,-336076.0,56
201200031083,12,5,14,742,1,2,1,7.0,3,56098,M,4775719.0,-334622.0,56
201200031084,12,5,14,1136,1,2,1,1.0,7,56121,M,4774338.0,-337304.0,56
201200031085,12,5,15,1100,1,1,1,2.0,7,56121,M,4774150.0,-338362.0,56
201200031086,12,5,15,1825,1,2,1,1.0,7,56083,M,4779985.0,-326052.0,56
201200031087,12,5,16,840,1,2,1,1.0,1,56098,M,4775779.0,-334816.0,56
201200031088,12,5,18,1810,1,2,1,1.0,6,56098,M,4776953.0,-335117.0,56
201200031089,12,5,19,1858,1,1,1,8.0,7,56107,M,4770801.0,-341477.0,56
201200031090,12,5,19,1932,1,1,1,2.0,7,56083,M,4779641.0,-330028.0,56
201200031091,12,5,20,1355,1,2,2,1.0,3,56121,M,4774272.0,-336834.0,56
201200031092,12,5,21,1420,1,2,6,1.0,3,56162,M,4773989.0,-342761.0,56
201200031093,12,5,22,905,1,2,1,1.0,7,56098,M,4775892.0,-333660.0,56
201200031094,12,5,23,2200,3,1,1,1.0,7,56162,M,,,56
201200031095,12,5,24,1433,1,2,2,1.0,3,56121,M,4776074.0,-336498.0,56
201200031096,12,5,24,1751,1,2,1,1.0,7,56083,M,4780331.0,-326668.0,56
201200031097,12,5,25,1647,1,1,1,1.0,7,56162,M,,,56
201200031098,12,5,29,1710,1,2,1,1.0,7,56121,M,4775701.0,-337093.0,56
201200031099,12,5,29,1700,1,2,1,1.0,7,56098,M,4776745.0,-334071.0,56
201200031100,12,5,10,1430,1,2,1,1.0,2,56121,M,4776008.0,-336577.0,56
201200031101,12,6,1,1440,1,2,1,1.0,1,56162,M,,,56
201200031102,12,6,4,905,1,2,1,1.0,7,56121,M,4776018.0,-337420.0,56
201200031103,12,6,4,815,1,2,6,1.0,3,56107,M,4772711.0,-338168.0,56
201200031104,12,6,5,1652,1,2,6,1.0,3,56121,M,4775158.0,-336503.0,56
201200031105,12,6,7,1033,1,2,1,1.0,7,56121,M,4774681.0,-335952.0,56
201200031106,12,6,8,1420,1,2,2,1.0,2,56121,M,4775970.0,-338149.0,56
201200031107,12,6,11,1819,1,2,2,3.0,3,56098,M,4775998.0,-333765.0,56
201200031108,12,6,15,110,5,2,1,1.0,6,56121,M,4774296.0,-336412.0,56
201200031109,12,6,15,1505,1,2,1,1.0,7,56121,M,4776272.0,-337662.0,56
201200031110,12,6,16,1110,1,2,1,1.0,7,56098,M,,,56
201200031111,12,6,17,1631,1,2,2,1.0,1,56121,M,4775469.0,-336168.0,56
201200031112,12,6,18,1739,1,1,1,1.0,5,56098,M,,,56
201200031113,12,6,19,1523,1,2,2,1.0,7,56121,M,4775373.0,-338935.0,56
201200031114,12,6,24,435,5,2,6,2.0,7,56083,M,4780435.0,-327318.0,56
201200031115,12,6,24,2200,5,2,1,2.0,2,56121,M,4775771.0,-337337.0,56
201200031116,12,6,25,1455,1,2,1,2.0,7,56098,M,4776531.0,-334782.0,56
201200031117,12,6,26,1150,1,2,6,1.0,6,56121,M,4773737.0,-339359.0,56
201200031118,12,6,27,240,5,2,1,1.0,7,56121,M,4775676.0,-336455.0,56
201200031119,12,6,27,1215,1,2,1,1.0,7,56121,M,4775216.0,-337027.0,56
201200031120,12,7,2,1705,1,2,1,8.0,7,56121,M,4774671.0,-338127.0,56
201200031121,12,7,4,1050,1,2,1,8.0,6,56121,M,4773410.0,-338260.0,56
201200031122,12,7,5,1119,1,2,2,2.0,3,56121,M,4774298.0,-336557.0,56
201200031123,12,7,10,1000,1,1,6,1.0,3,56162,M,,,56
201200031124,12,7,12,1635,1,2,1,8.0,7,56121,M,4774745.0,-336420.0,56
201200031125,12,7,12,1935,1,2,1,8.0,1,56098,M,,,56
201200031126,12,7,15,2310,5,2,2,1.0,3,56098,M,4776846.0,-335318.0,56
201200031127,12,7,16,1447,1,2,2,1.0,3,56121,M,4775759.0,-337135.0,56
201200031128,12,7,17,745,1,2,1,8.0,7,56083,M,4782394.0,-324691.0,56
201200031129,12,7,17,800,1,2,1,8.0,7,56083,M,4781513.0,-324500.0,56
201200031130,12,7,22,1550,1,2,1,1.0,7,56162,M,4773422.0,-347444.0,56
201200031131,12,7,22,1850,1,1,1,1.0,4,56098,M,,,56
201200031132,12,7,24,1,5,2,1,1.0,7,56121,M,4774043.0,-339347.0,56
201200031133,12,7,24,1115,1,1,1,1.0,3,56083,M,,,56
201200031134,12,7,25,954,1,2,6,1.0,2,56121,M,4775173.0,-336905.0,56
201200031135,12,7,25,1610,1,2,1,1.0,7,56121,M,4773399.0,-336509.0,56
201200031136,12,7,25,1820,1,2,1,1.0,5,56121,M,4773255.0,-338059.0,56
201200031137,12,7,26,1914,1,2,2,1.0,7,56121,M,4774085.0,-336626.0,56
201200031138,12,7,26,1530,1,1,1,1.0,1,56107,M,4771920.0,-340865.0,56
201200031139,12,7,28,1820,1,2,2,1.0,7,56121,M,4775477.0,-337519.0,56
201200031140,12,7,30,1945,1,2,2,1.0,7,56121,M,4775481.0,-336346.0,56
201200031141,12,7,30,2236,5,2,1,1.0,2,56121,M,4774512.0,-337476.0,56
201200031142,12,8,3,1856,1,2,1,1.0,7,56121,M,4773996.0,-339309.0,56
201200031143,12,8,7,425,5,1,1,1.0,7,56162,M,4771240.0,-342072.0,56
201200031144,12,8,7,2135,5,2,1,1.0,7,56121,M,4774624.0,-336126.0,56
201200031145,12,8,8,2120,5,2,1,1.0,7,56121,M,4774547.0,-336076.0,56
201200031146,12,8,9,1251,1,2,1,1.0,2,56121,M,4774682.0,-338602.0,56
201200031147,12,8,10,1958,1,2,1,1.0,7,56107,M,,,56
201200031148,12,8,10,2140,2,2,6,1.0,3,56098,M,4776176.0,-334673.0,56
201200031149,12,8,11,1026,1,2,1,1.0,7,56121,M,4775976.0,-336631.0,56
201200031150,12,8,17,1127,1,2,1,7.0,7,56121,M,4774655.0,-338706.0,56
201200031151,12,8,17,2000,1,2,6,1.0,2,56121,M,4773596.0,-336528.0,56
201200031152,12,8,18,1200,1,2,1,1.0,3,56121,M,4776169.0,-339564.0,56
201200031153,12,8,18,1330,1,2,1,1.0,7,56162,M,4770542.0,-342680.0,56
201200031154,12,8,18,1816,1,2,1,1.0,7,56098,M,4777529.0,-334605.0,56
201200031155,12,8,23,1232,1,2,2,1.0,1,56121,M,4775026.0,-335907.0,56
201200031156,12,8,23,1753,1,2,2,1.0,3,56098,M,4776454.0,-336106.0,56
201200031157,12,8,24,919,1,2,1,1.0,7,56083,M,4780351.0,-327902.0,56
201200031158,12,8,25,250,5,2,1,1.0,7,56121,M,4775687.0,-336527.0,56
201200031159,12,8,27,805,1,1,1,1.0,7,56162,M,,,56
201200031160,12,8,27,1900,1,1,6,1.0,3,56162,M,4770990.0,-343852.0,56
201200031161,12,8,31,1745,1,2,6,1.0,3,56121,M,4773614.0,-336482.0,56
201200031162,12,9,1,1125,1,2,2,1.0,3,56121,M,4774346.0,-336005.0,56
201200031163,12,9,3,309,4,2,1,1.0,2,56121,M,4776032.0,-338365.0,56
201200031164,12,9,4,1507,1,1,1,1.0,7,56083,M,,,56
201200031165,12,9,5,1102,1,2,1,1.0,7,56121,M,4774628.0,-336679.0,56
201200031166,12,9,5,1315,1,2,6,1.0,3,56121,M,4773733.0,-338234.0,56
201200031167,12,9,5,1920,1,2,1,7.0,6,56098,M,4776839.0,-335325.0,56
201200031168,12,9,6,930,1,2,2,1.0,3,56121,M,4774517.0,-337326.0,56
201200031169,12,9,6,1500,1,2,2,1.0,3,56121,M,4775021.0,-337262.0,56
201200031170,12,9,3,940,1,2,1,1.0,7,56121,M,4774825.0,-336348.0,56
201200031171,12,9,6,2225,5,2,1,1.0,7,56121,M,4774460.0,-336806.0,56
201200031172,12,9,7,1340,1,2,1,1.0,7,56121,M,4775305.0,-336561.0,56
201200031173,12,9,7,1455,1,2,1,1.0,3,56098,M,4777249.0,-334889.0,56
201200031174,12,9,8,1510,1,2,1,1.0,7,56098,M,4776155.0,-334677.0,56
201200031175,12,9,9,1235,1,1,1,1.0,3,56098,M,,,56
201200031176,12,9,10,1357,1,2,2,1.0,3,56121,M,4774696.0,-336120.0,56
201200031177,12,9,10,1600,1,2,1,1.0,7,56121,M,4774763.0,-337554.0,56
201200031178,12,9,10,1820,1,2,1,1.0,7,56098,M,4776935.0,-335146.0,56
201200031179,12,9,12,1835,1,2,1,1.0,7,56121,M,4775561.0,-337746.0,56
201200031180,12,9,13,1700,1,2,1,1.0,5,56121,M,4774788.0,-339176.0,56
201200031181,12,9,13,1820,1,2,1,1.0,6,56121,M,4775313.0,-337493.0,56
201200031182,12,9,14,10,5,2,1,1.0,7,56121,M,4776370.0,-338130.0,56
201200031183,12,9,14,1010,1,2,1,1.0,7,56121,M,4774592.0,-336719.0,56
201200031184,12,9,15,2235,5,2,6,1.0,3,56121,M,4774765.0,-336498.0,56
201200031185,12,9,17,50,5,1,1,1.0,7,56107,M,,,56
201200031186,12,9,17,1856,1,2,1,1.0,6,56121,M,4774379.0,-339108.0,56
201200031187,12,9,20,1035,1,2,1,1.0,7,56121,M,4774659.0,-338689.0,56
201200031188,12,9,20,1723,1,2,1,1.0,7,56083,M,4780582.0,-328216.0,56
201200031189,12,9,23,128,5,2,2,1.0,7,56098,M,4775721.0,-334630.0,56
201200031190,12,9,23,1922,1,1,1,3.0,7,56098,M,,,56
201200031191,12,9,24,838,1,2,1,2.0,7,56083,M,4781604.0,-324405.0,56
201200031192,12,9,25,1820,1,1,1,2.0,7,56083,M,,,56
201200031193,12,9,27,740,1,2,2,1.0,3,56098,M,4776192.0,-334223.0,56
201200031194,12,9,29,1545,1,2,1,1.0,7,56162,M,,,56
201200031195,12,9,30,1545,1,2,1,1.0,7,56162,M,,,56
201200031196,12,10,1,835,1,2,1,1.0,7,56098,M,4777191.0,-333816.0,56
201200031197,12,10,3,1822,1,1,1,2.0,7,56083,M,,,56
201200031198,12,10,6,2155,5,2,2,2.0,7,56121,M,4775184.0,-337070.0,56
201200031199,12,10,8,2037,5,1,1,2.0,2,56083,M,,,56
201200031200,12,10,8,2050,5,1,1,2.0,7,56083,M,4779692.0,-330038.0,56
201200031201,12,10,10,2026,3,2,2,2.0,3,56162,M,4773778.0,-345797.0,56
201200031202,12,10,11,1714,1,1,6,1.0,3,56162,M,4770986.0,-343866.0,56
201200031203,12,10,12,1135,1,2,1,1.0,3,56121,M,4774463.0,-336801.0,56
201200031204,12,10,12,1820,2,2,1,1.0,3,56098,M,,,56
201200031205,12,10,12,2005,2,2,1,1.0,7,56083,M,4781096.0,-326747.0,56
201200031206,12,10,12,1240,1,2,1,1.0,7,56121,M,4774156.0,-336425.0,56
201200031207,12,10,14,330,5,2,1,1.0,1,56121,M,,,56
201200031208,12,10,14,655,2,1,1,1.0,7,56162,M,,,56
201200031209,12,10,15,920,1,2,1,1.0,7,56121,M,4775784.0,-337133.0,56
201200031210,12,10,15,1215,1,2,1,1.0,2,56121,M,4774535.0,-336734.0,56
201200031211,12,10,17,704,5,2,6,8.0,3,56121,M,4776364.0,-337935.0,56
201200031212,12,10,18,950,1,2,3,1.0,5,56121,M,4776166.0,-338831.0,56
201200031213,12,10,19,1008,1,2,1,2.0,7,56098,M,,,56
201200031214,12,10,19,1845,1,2,2,1.0,3,56083,M,4779992.0,-328865.0,56
201200031215,12,10,21,1850,1,2,1,1.0,7,56121,M,4773942.0,-337903.0,56
201200031216,12,10,22,812,4,2,1,1.0,3,56162,M,,,56
201200031217,12,10,24,1735,1,2,2,1.0,3,56162,M,4773536.0,-343265.0,56
201200031218,12,10,27,1105,1,2,1,2.0,7,56098,M,,,56
201200031219,12,10,28,2007,5,2,2,1.0,6,56121,M,4774449.0,-336595.0,56
201200031220,12,10,30,1355,1,2,1,1.0,2,56098,M,,,56
201200031221,12,10,31,1107,1,2,2,1.0,3,56083,M,4779989.0,-328868.0,56
201200031222,12,10,31,1221,1,2,2,1.0,3,56121,M,4776499.0,-338719.0,56
201200031223,12,11,5,1400,1,2,6,2.0,2,56121,M,4773645.0,-338293.0,56
201200031224,12,11,8,1945,5,2,1,1.0,3,56121,M,4775107.0,-335855.0,56
201200031225,12,11,10,1000,1,2,1,2.0,7,56121,M,4775671.0,-337184.0,56
201200031226,12,11,11,1950,5,2,2,1.0,2,56121,M,4775254.0,-337724.0,56
201200031227,12,11,12,1005,1,2,3,1.0,3,56098,M,4776255.0,-336064.0,56
201200031228,12,11,13,750,5,2,1,1.0,7,56098,M,4776340.0,-336156.0,56
201200031229,12,11,13,1330,1,2,1,1.0,7,56098,M,,,56
201200031230,12,11,13,1925,5,2,1,1.0,7,56121,M,4774265.0,-338396.0,56
201200031231,12,11,13,1145,1,2,1,1.0,4,56121,M,4774987.0,-336625.0,56
201200031232,12,11,14,1800,1,1,1,1.0,7,56083,M,,,56
201200031233,12,11,17,1745,4,1,1,3.0,1,56083,M,,,56
201200031234,12,11,18,1934,5,2,1,1.0,1,56083,M,4780375.0,-326782.0,56
201200031235,12,11,20,1951,5,2,2,1.0,2,56121,M,4774408.0,-337981.0,56
201200031236,12,11,21,1551,1,2,1,1.0,2,56121,M,4776873.0,-340554.0,56
201200031237,12,11,23,1745,5,2,3,3.0,7,56121,M,4774591.0,-336373.0,56
201200031238,12,11,23,1830,5,2,1,3.0,7,56121,M,4774178.0,-337345.0,56
201200031239,12,11,27,1215,1,2,1,1.0,1,56121,M,4776052.0,-336972.0,56
201200031240,12,11,27,1330,1,2,2,1.0,3,56162,M,4773382.0,-343274.0,56
201200031241,12,11,27,1600,1,2,1,1.0,7,56121,M,4776771.0,-339432.0,56
201200031242,12,11,28,1212,1,2,1,1.0,2,56121,M,4774853.0,-337223.0,56
201200031243,12,11,30,1238,1,1,3,1.0,3,56162,M,,,56
201200031244,12,12,1,1533,1,2,1,1.0,7,56162,M,,,56
201200031245,12,12,3,1359,1,2,1,2.0,7,56162,M,,,56
201200031246,12,12,4,817,5,2,6,3.0,3,56121,M,4775001.0,-336635.0,56
201200031247,12,12,4,2025,5,1,1,1.0,7,56162,M,,,56
201200031248,12,12,5,1202,1,2,6,1.0,3,56121,M,4774719.0,-337650.0,56
201200031249,12,12,6,1710,1,2,3,1.0,3,56121,M,4775515.0,-337126.0,56
201200031250,12,12,6,1710,1,2,1,2.0,7,56098,M,,,56
201200031251,12,12,7,1240,1,2,1,1.0,2,56121,M,4775540.0,-336609.0,56
201200031252,12,12,8,1354,1,2,1,1.0,7,56098,M,4775712.0,-334605.0,56
201200031253,12,12,12,1855,5,2,1,1.0,3,56121,M,4774788.0,-337513.0,56
201200031254,12,12,12,2120,5,1,1,1.0,2,56098,M,,,56
201200031255,12,12,13,1005,1,2,1,1.0,7,56121,M,4771913.0,-336419.0,56
201200031256,12,12,17,755,5,2,1,2.0,2,56121,M,,,56
201200031257,12,12,18,720,5,2,2,1.0,3,56098,M,4776854.0,-334485.0,56
201200031258,12,12,19,1318,1,2,2,3.0,1,56121,M,4775275.0,-336176.0,56
201200031259,12,12,20,625,2,2,2,1.0,3,56083,M,4780213.0,-327900.0,56
201200031260,12,12,24,810,5,2,1,1.0,7,56121,M,,,56
201200031261,12,12,26,145,5,2,1,6.0,7,56121,M,,,56
201200031262,12,12,27,1415,1,2,1,6.0,7,56098,M,,,56
201200031263,12,12,31,1730,5,2,3,3.0,2,56083,M,,,56
201200031264,12,5,27,1245,1,1,1,1.0,6,34185,M,4383500.0,374600.0,34
201200031265,12,6,17,1030,1,1,1,1.0,7,34111,M,4394300.0,369100.0,34
201200031266,12,8,5,1645,1,1,1,1.0,1,34274,M,4379600.0,373400.0,34
201200031267,12,9,7,1715,1,2,1,1.0,3,34042,M,4387195.0,374238.0,34
201200031268,12,11,11,900,1,1,1,1.0,7,34042,M,4384500.0,369100.0,34
201200031269,12,12,22,1115,1,1,1,8.0,5,34042,M,4386146.0,374311.0,34
201200031270,12,1,2,1415,1,2,6,1.0,1,56260,M,4765590.0,-279158.0,56
201200031271,12,1,2,1445,1,2,1,1.0,3,56260,M,4765762.0,-274641.0,56
201200031272,12,1,17,1800,2,2,1,1.0,2,56260,M,4765949.0,-271894.0,56
201200031273,12,1,17,1610,1,2,1,1.0,6,56260,M,4768157.0,-276504.0,56
201200031274,12,1,20,754,5,2,1,1.0,2,56260,M,4766368.0,-276661.0,56
201200031275,12,1,20,745,5,2,3,1.0,3,56260,M,4766751.0,-275693.0,56
201200031276,12,1,24,820,2,2,1,2.0,4,56260,M,4768070.0,-276980.0,56
201200031277,12,2,18,1540,1,2,3,1.0,6,56260,M,4765412.0,-275794.0,56
201200031278,12,2,19,1305,1,2,1,1.0,2,56260,M,4765923.0,-277501.0,56
201200031279,12,2,20,1130,1,2,3,1.0,3,56260,M,4766233.0,-277864.0,56
201200031280,12,2,11,1130,1,2,1,1.0,6,56260,M,4766635.0,-275650.0,56
201200031281,12,2,6,1535,1,2,3,1.0,3,56260,M,4765327.0,-274087.0,56
201200031282,12,3,3,2005,5,2,1,1.0,6,56260,M,4766301.0,-276307.0,56
201200031283,12,3,5,1116,1,2,2,1.0,6,56260,M,4766340.0,-276534.0,56
201200031284,12,2,4,1600,1,2,3,1.0,4,56260,M,4765993.0,-278690.0,56
201200031285,12,3,9,335,5,2,3,1.0,6,56260,M,4765872.0,-274826.0,56
201200031286,12,3,13,1630,2,2,3,1.0,6,56260,M,4765878.0,-275521.0,56
201200031287,12,3,21,1945,3,2,2,1.0,6,56260,M,4763875.0,-275114.0,56
201200031288,12,1,29,2155,3,2,1,8.0,6,56260,M,,,56
201200031289,12,4,5,1905,1,2,1,1.0,2,56260,M,4765643.0,-278232.0,56
201200031290,12,4,6,315,5,2,1,1.0,3,56260,M,4765184.0,-278805.0,56
201200031291,12,4,19,1024,1,2,1,2.0,6,56260,M,4765562.0,-276654.0,56
201200031292,12,4,20,1540,1,2,5,1.0,3,56260,M,4766127.0,-275695.0,56
201200031293,12,5,18,1818,1,2,1,1.0,3,56260,M,4767558.0,-275996.0,56
201200031294,12,5,29,2037,1,2,1,1.0,3,56260,M,4764551.0,-275353.0,56
201200031295,12,5,25,1910,1,2,2,1.0,6,56260,M,4765621.0,-275969.0,56
201200031296,12,5,5,1115,1,2,6,1.0,3,56260,M,4766313.0,-275113.0,56
201200031297,12,6,15,750,1,2,1,8.0,1,56260,M,4764370.0,-277122.0,56
201200031298,12,6,16,2320,5,2,1,1.0,1,56260,M,4765185.0,-275948.0,56
201200031299,12,7,14,1920,1,2,1,1.0,2,56260,M,,,56
201200031300,12,7,23,150,4,2,3,1.0,3,56260,M,4765750.0,-274645.0,56
201200031301,12,8,2,1532,1,2,1,1.0,3,56260,M,4766304.0,-276317.0,56
201200031302,12,8,28,1928,1,2,1,1.0,6,56260,M,4765218.0,-275713.0,56
201200031303,12,8,18,1115,1,2,1,1.0,3,56260,M,4765726.0,-274577.0,56
201200031304,12,8,30,1505,1,2,1,1.0,3,56260,M,4765814.0,-276483.0,56
201200031305,12,9,4,1935,1,2,3,1.0,3,56260,M,4766706.0,-274474.0,56
201200031306,12,9,7,1525,1,2,1,1.0,2,56260,M,4765980.0,-278452.0,56
201200031307,12,9,16,756,2,2,1,1.0,7,56260,M,4764215.0,-276267.0,56
201200031308,12,9,18,750,1,2,3,1.0,3,56260,M,4766324.0,-273645.0,56
201200031309,12,9,18,855,1,2,1,1.0,2,56260,M,4765928.0,-275028.0,56
201200031310,12,9,18,1705,1,2,1,8.0,2,56260,M,4766120.0,-275536.0,56
201200031311,12,9,28,1015,1,2,5,1.0,3,56260,M,4766092.0,-275446.0,56
201200031312,12,10,3,1220,1,2,3,2.0,6,56260,M,4765766.0,-275988.0,56
201200031313,12,10,6,1005,1,2,1,1.0,3,56260,M,,,56
201200031314,12,10,31,1340,1,2,1,1.0,1,56260,M,,,56
201200031315,12,11,6,700,2,2,2,1.0,6,56260,M,4766343.0,-276528.0,56
201200031316,12,11,6,1155,1,2,3,1.0,6,56260,M,4766038.0,-276524.0,56
201200031317,12,11,6,1145,1,2,1,1.0,6,56260,M,,,56
201200031318,12,11,9,1815,5,2,3,1.0,6,56260,M,4765055.0,-277671.0,56
201200031319,12,11,13,1800,5,2,1,1.0,3,56260,M,,,56
201200031320,12,11,24,1225,1,2,1,1.0,4,56260,M,,,56
201200031321,12,12,4,1700,1,2,3,1.0,6,56260,M,4765906.0,-277186.0,56
201200031322,12,12,14,1615,1,2,1,3.0,3,56260,M,,,56
201200031323,12,12,23,1655,1,2,3,6.0,3,56260,M,4764480.0,-275994.0,56
201200031324,12,12,30,1255,1,2,6,1.0,6,56260,M,4765312.0,-274142.0,56
201200031325,12,1,27,820,2,2,1,9.0,3,56260,M,4765476.0,-279288.0,56
201200031326,12,2,17,1147,1,2,6,2.0,3,56260,M,4766528.0,-275095.0,56
201200031327,12,2,25,1450,1,2,1,1.0,7,56260,M,4764346.0,-278254.0,56
201200031328,12,3,15,750,2,2,3,9.0,2,56260,M,4765542.0,-277224.0,56
201200031329,12,3,17,1945,2,2,1,8.0,5,56260,M,4766079.0,-275449.0,56
201200031330,12,3,19,835,1,2,6,1.0,3,56260,M,4763989.0,-276950.0,56
201200031331,12,3,22,1400,1,2,1,1.0,3,56260,M,4765370.0,-275772.0,56
201200031332,12,3,28,1225,1,2,1,1.0,2,56260,M,4767180.0,-275398.0,56
201200031333,12,4,1,1737,1,2,1,1.0,5,56260,M,4766630.0,-272571.0,56
201200031334,12,4,3,755,2,2,3,1.0,3,56260,M,4764623.0,-278024.0,56
201200031335,12,4,5,1700,1,2,1,1.0,4,56260,M,4766627.0,-277021.0,56
201200031336,12,5,26,1835,1,2,1,1.0,2,56260,M,4765003.0,-277034.0,56
201200031337,12,6,1,835,1,2,6,1.0,2,56260,M,4765901.0,-273292.0,56
201200031338,12,6,5,850,1,2,6,8.0,3,56260,M,4766639.0,-279349.0,56
201200031339,12,6,15,1810,1,2,1,2.0,3,56260,M,4765292.0,-275748.0,56
201200031340,12,6,18,1340,1,2,1,1.0,2,56260,M,,,56
201200031341,12,6,19,1730,1,2,1,1.0,6,56260,M,4764664.0,-278059.0,56
201200031342,12,6,25,915,1,2,1,1.0,2,56260,M,4765563.0,-277108.0,56
201200031343,12,6,29,1800,1,2,1,1.0,2,56260,M,4765943.0,-274656.0,56
201200031344,12,7,13,1315,1,2,2,8.0,3,56260,M,4765441.0,-276454.0,56