Num_Acc,an,mois,jour,hrmn,lum,agg,int,atm,col,com,gps,lat,long,dep
201200031345,12,7,22,200,3,2,1,1.0,7,56260,M,,,56
201200031346,12,8,18,1700,1,2,1,1.0,6,56260,M,4763944.0,-277148.0,56
201200031347,12,8,25,1312,1,2,1,1.0,4,56260,M,,,56
201200031348,12,8,27,853,1,2,1,1.0,6,56260,M,4766488.0,-275230.0,56
201200031349,12,8,28,1500,1,2,1,1.0,6,56260,M,,,56
201200031350,12,8,28,1302,1,2,1,1.0,6,56260,M,4765779.0,-271934.0,56
201200031351,12,9,11,730,5,2,6,2.0,3,56260,M,4766217.0,-279458.0,56
201200031352,12,9,20,1720,1,1,3,1.0,6,56260,M,4765630.0,-275933.0,56
201200031353,12,10,5,1640,1,2,1,1.0,6,56260,M,,,56
201200031354,12,10,12,1745,1,2,6,1.0,2,56260,M,4768381.0,-276618.0,56
201200031355,12,10,25,1825,1,2,1,1.0,3,56260,M,,,56
201200031356,12,10,26,1455,1,2,6,1.0,3,56260,M,4764002.0,-276939.0,56
201200031357,12,10,27,1150,1,2,1,1.0,2,56260,M,4765845.0,-275319.0,56
201200031358,12,10,30,1750,1,2,1,1.0,2,56260,M,,,56
201200031359,12,11,5,850,1,2,1,1.0,2,56260,M,,,56
201200031360,12,11,5,1120,1,2,3,1.0,3,56260,M,4767281.0,-276776.0,56
201200031361,12,11,12,1930,5,2,2,1.0,3,56260,M,4767280.0,-276784.0,56
201200031362,12,11,25,255,5,2,6,1.0,6,56260,M,4764156.0,-277107.0,56
201200031363,12,11,26,1720,2,2,3,1.0,2,56260,M,4766463.0,-278161.0,56
201200031364,12,12,4,741,5,2,1,1.0,6,56260,M,,,56
201200031365,12,12,7,1404,1,2,1,1.0,2,56260,M,4765907.0,-277031.0,56
201200031366,12,12,11,1735,2,2,7,1.0,6,56260,M,4765815.0,-276446.0,56
201200031367,12,12,14,905,1,2,6,1.0,6,56260,M,4765331.0,-278377.0,56
201200031368,12,12,28,1810,5,2,1,2.0,6,57227,M,4918966.0,690548.0,57
201200031369,12,1,23,544,5,2,6,8.0,3,57227,M,,,57
201200031370,12,2,8,1855,5,2,1,1.0,6,57227,M,,,57
201200031371,12,3,3,2045,4,2,1,1.0,7,57227,M,,,57
201200031372,12,3,23,1445,1,2,1,1.0,4,57537,M,,,57
201200031373,12,3,24,1455,1,2,2,1.0,3,57227,M,,,57
201200031374,12,3,29,1305,1,2,1,1.0,6,57537,M,4921222.0,685050.0,57
201200031375,12,5,5,1210,1,2,1,2.0,3,57227,M,,,57
201200031376,12,6,4,1210,1,2,1,1.0,6,57227,M,4919547.0,688453.0,57
201200031377,12,5,25,1925,1,2,1,1.0,7,57537,M,4921457.0,685102.0,57
201200031378,12,7,26,1300,1,1,1,7.0,6,57227,M,4920429.0,691156.0,57
201200031379,12,7,25,1840,1,2,1,1.0,6,57227,M,4918006.0,688297.0,57
201200031380,12,7,30,2250,5,2,1,1.0,6,57660,M,,,57
201200031381,12,8,10,1330,1,2,1,1.0,6,57227,M,4918357.0,689579.0,57
201200031382,12,9,15,1810,2,2,1,1.0,2,57227,M,4918909.0,690150.0,57
201200031383,12,9,14,1610,1,2,1,1.0,1,57227,M,4918542.0,690366.0,57
201200031384,12,9,26,800,1,2,1,1.0,2,57638,M,4921618.0,691753.0,57
201200031385,12,11,6,1515,1,2,2,1.0,1,57227,M,4918446.0,687768.0,57
201200031386,12,11,7,1645,1,2,1,1.0,2,57227,M,4919592.0,687167.0,57
201200031387,12,12,4,1705,5,2,1,2.0,6,57227,M,4917710.0,688295.0,57
201200031388,12,12,8,1735,5,2,1,1.0,6,57227,M,4918608.0,690308.0,57
201200031389,12,12,11,1700,5,2,2,8.0,6,57227,M,4918706.0,689829.0,57
201200031390,12,12,15,1810,5,2,1,2.0,6,57227,M,4918876.0,689364.0,57
201200031391,12,12,18,1835,5,2,3,2.0,1,57660,M,4920144.0,694032.0,57
201200031392,12,1,9,730,2,2,3,2.0,3,57332,M,,,57
201200031393,12,2,7,1800,3,1,1,4.0,2,57332,M,,,57
201200031394,12,2,21,1650,1,2,1,1.0,6,57240,M,,,57
201200031395,12,4,3,1645,1,2,1,1.0,6,57332,M,4913236.0,677073.0,57
201200031396,12,4,20,1705,1,1,1,2.0,5,57240,M,,,57
201200031397,12,10,10,1355,1,2,1,1.0,6,57240,M,4915909.0,677277.0,57
201200031398,12,11,28,1605,2,2,3,1.0,1,57240,M,4914227.0,681197.0,57
201200031399,12,1,6,505,3,1,1,9.0,7,57019,M,,,57
201200031400,12,1,20,1815,5,2,1,3.0,6,57283,M,4925145.0,616313.0,57
201200031401,12,1,24,930,1,2,3,8.0,3,57491,M,4925411.0,604928.0,57
201200031402,12,2,1,1355,1,2,4,1.0,1,57591,M,4924716.0,610388.0,57
201200031403,12,2,12,645,3,1,1,9.0,6,57019,M,,,57
201200031404,12,2,23,1210,1,2,1,1.0,6,57591,M,4925326.0,609462.0,57
201200031405,12,2,27,1610,1,2,2,1.0,6,57491,M,,,57
201200031406,12,3,14,1455,1,2,3,1.0,3,57591,M,4925303.0,610155.0,57
201200031407,12,3,14,1650,1,1,1,1.0,7,57591,M,,,57
201200031408,12,3,20,1000,1,2,1,1.0,6,57283,M,4925085.0,616826.0,57
201200031409,12,4,2,1800,1,2,1,1.0,6,57283,M,4924855.0,616692.0,57
201200031410,12,4,19,1625,1,1,2,1.0,3,57019,M,,,57
201200031411,12,5,8,1355,1,2,1,8.0,6,57591,M,4925244.0,609293.0,57
201200031412,12,4,28,955,1,2,1,1.0,6,57283,M,4925218.0,616852.0,57
201200031413,12,6,25,2300,5,2,3,1.0,3,57597,M,4925602.0,606625.0,57
201200031414,12,6,30,930,1,2,1,8.0,6,57591,M,4925082.0,609304.0,57
201200031415,12,7,30,1200,1,2,1,1.0,7,57283,M,4925392.0,616472.0,57
201200031416,12,8,19,2055,2,2,1,1.0,3,57283,M,4924507.0,614852.0,57
201200031417,12,9,29,235,5,2,1,1.0,6,57491,M,,,57
201200031418,12,10,10,1400,1,2,3,1.0,6,57591,M,4925320.0,609583.0,57
201200031419,12,10,19,1650,1,2,1,1.0,6,57143,M,4925979.0,609459.0,57
201200031420,12,11,6,2330,5,1,6,1.0,6,57591,M,,,57
201200031421,12,11,6,1200,1,1,1,5.0,2,57019,M,,,57
201200031422,12,12,18,1820,5,2,2,2.0,3,57019,M,4925737.0,614549.0,57
201200031423,12,12,20,1850,5,2,3,3.0,1,57283,M,4924949.0,615794.0,57
201200031424,12,1,4,1650,5,2,1,2.0,3,57447,M,4905897.0,615888.0,57
201200031425,12,1,13,1955,5,2,1,1.0,6,57463,M,,,57
201200031426,12,1,14,1343,1,2,1,1.0,6,57463,M,4910657.0,617263.0,57
201200031427,12,1,16,1805,5,2,1,1.0,6,57642,M,4910655.0,611210.0,57
201200031428,12,1,19,1335,1,2,1,2.0,6,57463,M,4911026.0,616737.0,57
201200031429,12,2,2,1855,5,2,1,1.0,6,57463,M,,,57
201200031430,12,2,7,1125,1,2,1,7.0,3,57480,M,4910397.0,614596.0,57
201200031431,12,2,10,1635,1,2,1,1.0,3,57463,M,4909386.0,617534.0,57
201200031432,12,2,17,1140,1,2,3,1.0,6,57463,M,4914477.0,617219.0,57
201200031433,12,2,29,1350,1,2,1,1.0,6,57463,M,4911275.0,617154.0,57
201200031434,12,3,1,810,1,2,1,1.0,6,57463,M,4910667.0,621298.0,57
201200031435,12,3,1,2120,5,2,1,1.0,3,57480,M,4909547.0,613832.0,57
201200031436,12,3,2,1820,2,2,1,1.0,6,57463,M,4910665.0,616736.0,57
201200031437,12,3,8,1400,1,2,6,1.0,3,57447,M,4907638.0,614664.0,57
201200031438,12,3,9,1755,1,2,2,1.0,3,57463,M,4910042.0,624063.0,57
201200031439,12,3,14,1615,1,2,1,1.0,6,57447,M,4906318.0,616630.0,57
201200031440,12,3,20,1658,1,2,1,1.0,3,57480,M,4909591.0,613962.0,57
201200031441,12,3,23,1410,1,2,1,7.0,6,57480,M,4909861.0,616018.0,57
201200031442,12,3,23,2028,5,2,1,1.0,6,57463,M,4912211.0,619935.0,57
201200031443,12,3,24,1515,1,2,2,1.0,3,57463,M,4910486.0,621451.0,57
201200031444,12,4,4,1430,1,2,4,1.0,6,57463,M,4912258.0,617817.0,57
201200031445,12,4,7,1555,1,2,1,1.0,6,57463,M,4913258.0,616674.0,57
201200031446,12,4,13,1840,1,2,1,1.0,1,57463,M,4912116.0,620759.0,57
201200031447,12,4,15,425,5,2,1,1.0,6,57487,M,4908851.0,612370.0,57
201200031448,12,4,30,1400,1,1,1,1.0,3,57751,M,,,57
201200031449,12,4,30,1600,1,2,1,1.0,6,57463,M,,,57
201200031450,12,5,3,1300,1,2,1,1.0,3,57751,M,,,57
201200031451,12,5,10,1850,1,2,3,1.0,3,57463,M,4914337.0,617192.0,57
201200031452,12,5,12,1621,1,2,1,1.0,6,57751,M,4914863.0,617348.0,57
201200031453,12,5,16,845,1,2,1,1.0,6,57463,M,4911767.0,623887.0,57
201200031454,12,5,17,1648,1,1,1,1.0,2,57487,M,,,57
201200031455,12,5,23,1840,1,2,1,1.0,6,57412,M,4911407.0,613886.0,57
201200031456,12,5,24,1905,1,2,6,1.0,6,57447,M,4906991.0,614046.0,57
201200031457,12,5,29,1740,1,2,2,1.0,6,57463,M,4910015.0,624296.0,57
201200031458,12,5,30,2042,1,2,1,1.0,6,57463,M,4910485.0,617261.0,57
201200031459,12,5,31,1840,1,2,1,1.0,5,57463,M,4912225.0,615292.0,57
201200031460,12,6,4,2040,2,2,2,1.0,6,57412,M,4911247.0,613423.0,57
201200031461,12,6,5,2240,5,2,3,1.0,2,57463,M,4912667.0,615939.0,57
201200031462,12,6,7,1210,1,2,3,1.0,6,57463,M,,,57
201200031463,12,6,9,1830,1,2,1,1.0,6,57463,M,4911671.0,618227.0,57
201200031464,12,6,11,1155,1,2,1,8.0,2,57463,M,4913829.0,618193.0,57
201200031465,12,6,14,1155,1,2,1,1.0,6,57480,M,4908735.0,616138.0,57
201200031466,12,6,17,240,5,2,2,1.0,2,57487,M,4908484.0,611343.0,57
201200031467,12,6,17,515,2,2,2,1.0,6,57463,M,4911174.0,617630.0,57
201200031468,12,6,18,835,1,2,3,1.0,3,57463,M,4909045.0,618172.0,57
201200031469,12,6,25,739,1,2,1,1.0,3,57616,M,,,57
201200031470,12,6,25,1915,1,2,1,1.0,6,57463,M,4911506.0,622130.0,57
201200031471,12,6,30,1730,1,1,2,1.0,6,57463,M,4909112.0,618334.0,57
201200031472,12,7,2,720,1,2,3,1.0,3,57463,M,4912107.0,616860.0,57
201200031473,12,7,4,1850,1,2,3,1.0,3,57463,M,4911820.0,621874.0,57
201200031474,12,7,10,1425,1,2,3,1.0,6,57447,M,4906005.0,615033.0,57
201200031475,12,7,11,1405,1,2,2,1.0,3,57463,M,4909643.0,617569.0,57
201200031476,12,7,15,1430,1,2,1,1.0,6,57463,M,4910319.0,620482.0,57
201200031477,12,7,19,1915,1,2,3,1.0,6,57751,M,4915075.0,616459.0,57
201200031478,12,7,23,1555,1,2,3,1.0,3,57463,M,4914338.0,617176.0,57
201200031479,12,7,25,2125,1,2,2,1.0,3,57463,M,4911165.0,617694.0,57
201200031480,12,8,4,2250,5,2,2,1.0,3,57463,M,4910002.0,617766.0,57
201200031481,12,8,6,945,1,2,1,1.0,3,57463,M,4910839.0,616585.0,57
201200031482,12,8,7,1645,1,2,1,1.0,1,57751,M,4917515.0,616615.0,57
201200031483,12,8,8,1510,1,2,2,1.0,6,57463,M,4910199.0,617501.0,57
201200031484,12,8,8,1605,1,2,1,1.0,2,57487,M,,,57
201200031485,12,8,11,540,2,2,1,1.0,1,57463,M,4913881.0,618302.0,57
201200031486,12,8,14,415,5,2,9,1.0,3,57463,M,4911329.0,618356.0,57
201200031487,12,8,17,1619,1,2,1,1.0,3,57487,M,,,57
201200031488,12,8,21,1835,1,1,6,1.0,3,57487,M,4918357.0,689579.0,57
201200031489,12,8,22,1620,1,2,3,1.0,6,57463,M,4909567.0,623849.0,57
201200031490,12,8,24,1930,1,2,1,1.0,3,57412,M,,,57
201200031491,12,8,24,2215,5,2,1,1.0,1,57463,M,4911292.0,620328.0,57
201200031492,12,8,27,1000,1,1,1,1.0,6,57751,M,,,57
201200031493,12,9,3,1350,1,2,1,1.0,3,57463,M,4913533.0,616033.0,57
201200031494,12,9,4,1000,1,2,1,1.0,6,57463,M,4909700.0,617980.0,57
201200031495,12,9,11,705,2,2,3,2.0,5,57751,M,,,57
201200031496,12,9,13,1430,1,2,3,1.0,6,57463,M,4911224.0,691753.0,57
201200031497,12,9,20,725,2,2,1,1.0,3,57480,M,4909664.0,614204.0,57
201200031498,12,9,27,805,1,2,1,2.0,5,57463,M,,,57
201200031499,12,10,3,1140,1,2,1,1.0,5,57480,M,4909299.0,615028.0,57
201200031500,12,10,3,1800,1,2,1,1.0,2,57412,M,,,57
201200031501,12,10,4,945,1,2,1,2.0,6,57616,M,,,57
201200031502,12,10,4,1100,1,2,3,3.0,3,57463,M,4910535.0,616366.0,57
201200031503,12,10,5,1220,1,2,1,3.0,1,57463,M,4913620.0,617268.0,57
201200031504,12,10,6,1800,2,2,3,2.0,6,57463,M,4911175.0,617867.0,57
201200031505,12,10,10,1420,1,2,2,1.0,2,57463,M,4912931.0,614949.0,57
201200031506,12,10,16,2155,5,2,2,1.0,1,57463,M,4909479.0,617655.0,57
201200031507,12,10,20,320,5,2,1,1.0,6,57463,M,4910027.0,615329.0,57
201200031508,12,10,21,1910,5,2,1,1.0,3,57447,M,,,57
201200031509,12,10,27,20,5,2,1,2.0,6,57463,M,4912495.0,618767.0,57
201200031510,12,10,30,1340,1,2,1,1.0,6,57751,M,4915123.0,614947.0,57
201200031511,12,10,31,1655,1,2,1,1.0,5,57463,M,4911265.0,618234.0,57
201200031512,12,11,14,755,1,2,1,1.0,6,57463,M,4911091.0,617708.0,57
201200031513,12,11,14,1035,1,2,1,1.0,6,57463,M,4909993.0,618040.0,57
201200031514,12,11,15,1300,1,2,2,1.0,3,57463,M,4910582.0,619672.0,57
201200031515,12,11,16,248,5,2,1,1.0,7,57463,M,4911834.0,618483.0,57
201200031516,12,11,20,1205,1,2,1,8.0,6,57463,M,4910853.0,622060.0,57
201200031517,12,11,30,1715,5,2,3,1.0,3,57463,M,4910125.0,617754.0,57
201200031518,12,12,14,1645,5,2,1,3.0,6,57751,M,,,57
201200031519,12,12,17,1755,5,2,1,2.0,6,57751,M,4915014.0,614861.0,57
201200031520,12,12,18,2305,5,2,1,1.0,5,57463,M,4912941.0,617450.0,57
201200031521,12,12,22,1450,1,2,3,2.0,6,57463,M,4911550.0,617387.0,57
201200031522,12,12,22,2105,5,1,3,3.0,1,57463,M,4910155.0,619498.0,57
201200031523,12,12,24,910,1,2,3,1.0,3,57463,M,4912219.0,621557.0,57
201200031524,12,8,11,1200,1,1,1,1.0,7,57606,M,,,57
201200031525,12,12,29,1020,1,2,1,1.0,6,57630,M,4873398.0,704490.0,57
201200031526,12,10,20,1515,1,2,2,1.0,3,57630,M,4874093.0,707389.0,57
201200031527,12,5,11,820,1,2,2,1.0,3,57630,M,,,57
201200031528,12,3,18,1142,1,2,1,2.0,3,57630,M,4873767.0,706218.0,57
201200031529,12,6,6,915,1,2,1,2.0,6,57630,M,4873573.0,705628.0,57
201200031530,12,7,5,930,1,2,3,1.0,6,57630,M,4874018.0,707163.0,57
201200031531,12,9,28,1920,5,2,1,1.0,3,57630,M,4873745.0,705756.0,57
201200031532,12,9,13,1155,1,2,1,1.0,6,57630,M,,,57
201200031533,12,9,7,1325,1,1,2,1.0,3,57119,M,,,57
201200031534,12,6,8,1350,1,2,3,1.0,6,57630,M,4873191.0,706052.0,57
201200031535,12,10,9,1215,1,2,1,2.0,6,57630,M,0.0,0.0,57
201200031536,12,2,29,2220,3,1,1,1.0,5,57631,M,,,57
201200031537,12,5,10,750,1,2,1,1.0,3,57631,M,4910464.0,705150.0,57
201200031538,12,11,9,1730,5,2,1,1.0,6,57631,M,4910486.0,705818.0,57
201200031539,12,12,24,1610,1,2,1,1.0,2,57631,M,,,57
201200031540,12,1,3,1835,5,2,1,3.0,6,57306,M,4933291.0,607506.0,57
201200031541,12,1,4,735,5,2,1,8.0,6,57306,M,,,57
201200031542,12,1,16,1230,1,2,1,1.0,2,57221,M,4933052.0,613467.0,57
201200031543,12,1,19,1345,1,2,1,1.0,6,57221,M,4932015.0,612494.0,57
201200031544,12,1,23,1815,5,2,1,1.0,6,57012,M,,,57
201200031545,12,1,27,1132,1,2,1,1.0,6,57012,M,,,57
201200031546,12,2,7,1650,1,2,1,1.0,6,57666,M,,,57
201200031547,12,2,9,845,1,2,1,1.0,6,57757,M,4934433.0,620597.0,57
201200031548,12,2,14,1745,2,2,1,1.0,1,57672,M,,,57
201200031549,12,2,15,625,5,2,1,2.0,6,57221,M,4932545.0,613524.0,57
201200031550,12,2,20,1855,5,2,1,1.0,6,57672,M,4936766.0,614965.0,57
201200031551,12,2,21,1410,1,2,1,1.0,2,57221,M,,,57
201200031552,12,3,13,1810,1,2,1,1.0,1,57221,M,,,57
201200031553,12,3,14,1117,1,1,1,1.0,2,57672,M,,,57
201200031554,12,3,17,1400,1,2,1,1.0,2,57672,M,,,57
201200031555,12,3,19,1325,1,2,2,1.0,3,57306,M,,,57
201200031556,12,3,24,1210,1,2,1,1.0,2,57672,M,,,57
201200031557,12,3,31,945,1,2,1,1.0,2,57221,M,,,57
201200031558,12,4,2,1247,1,2,1,1.0,1,57306,M,,,57
201200031559,12,4,11,1900,1,2,1,1.0,2,57012,M,,,57
201200031560,12,4,17,1500,1,2,6,1.0,3,57672,M,4935743.0,613679.0,57
201200031561,12,4,19,1330,1,2,1,2.0,2,57306,M,,,57
201200031562,12,4,30,1625,1,2,1,1.0,3,57672,M,4935950.0,615922.0,57
201200031563,12,4,30,1535,1,2,1,1.0,6,57672,M,4936088.0,617219.0,57
201200031564,12,5,2,224,5,2,1,1.0,6,57221,M,4932663.0,612079.0,57
201200031565,12,5,2,730,1,2,1,3.0,3,57757,M,4935398.0,617991.0,57
201200031566,12,5,6,23,5,2,1,2.0,3,57306,M,4932564.0,604971.0,57
201200031567,12,5,10,1555,1,2,1,1.0,3,57757,M,,,57
201200031568,12,5,10,1635,1,2,1,1.0,3,57647,M,,,57
201200031569,12,5,16,810,1,2,1,2.0,6,57672,M,4935712.0,616822.0,57
201200031570,12,5,22,1320,1,2,1,1.0,3,57672,M,4936577.0,616650.0,57
201200031571,12,5,28,1835,1,1,1,1.0,5,57672,M,,,57
201200031572,12,5,30,1215,1,2,1,1.0,2,57757,M,,,57
201200031573,12,6,5,1352,1,2,2,1.0,3,57757,M,4936083.0,618589.0,57
201200031574,12,6,22,1620,1,2,1,1.0,2,57672,M,4935668.0,614291.0,57
201200031575,12,6,25,1340,1,2,1,1.0,3,57672,M,4936625.0,617310.0,57
201200031576,12,6,26,1550,1,2,1,1.0,2,57757,M,,,57
201200031577,12,6,26,1840,1,2,1,1.0,6,57306,M,4932681.0,605499.0,57
201200031578,12,7,5,1540,1,2,1,1.0,6,57672,M,4935889.0,616925.0,57
201200031579,12,7,9,1910,1,2,2,1.0,3,57672,M,,,57
201200031580,12,7,12,1220,1,2,1,2.0,6,57666,M,,,57
201200031581,12,7,22,1755,1,2,1,1.0,6,57672,M,4937179.0,614888.0,57
201200031582,12,7,28,1625,1,2,1,1.0,2,57757,M,,,57
201200031583,12,7,29,1243,1,1,1,1.0,1,57306,M,,,57
201200031584,12,8,6,1450,1,2,2,1.0,3,57672,M,4936337.0,616127.0,57
201200031585,12,8,10,1805,1,2,1,1.0,2,57508,M,,,57
201200031586,12,8,20,1745,1,2,3,1.0,3,57672,M,4935636.0,614882.0,57
201200031587,12,8,25,1055,1,2,9,1.0,3,57666,M,4934947.0,612816.0,57
201200031588,12,9,2,850,1,1,3,1.0,7,57757,M,,,57
201200031589,12,9,3,1845,1,1,1,1.0,2,57306,M,,,57
201200031590,12,9,6,825,1,2,1,1.0,6,57647,M,4931738.0,609484.0,57
201200031591,12,9,7,1350,1,2,1,1.0,3,57672,M,,,57
201200031592,12,9,15,1117,1,2,2,1.0,6,57672,M,4936069.0,616988.0,57
201200031593,12,9,18,120,5,2,1,1.0,6,57672,M,4936490.0,614267.0,57
201200031594,12,9,18,920,1,2,1,1.0,1,57441,M,,,57
201200031595,12,9,22,2220,5,2,1,1.0,6,57757,M,4935948.0,619683.0,57
201200031596,12,10,6,210,3,2,1,1.0,6,57672,M,,,57
201200031597,12,10,6,1140,1,2,1,1.0,3,57441,M,,,57
201200031598,12,10,6,1210,1,2,1,1.0,6,57306,M,4932878.0,606143.0,57
201200031599,12,10,8,1105,1,2,1,1.0,6,57368,M,,,57
201200031600,12,10,17,300,5,2,1,2.0,6,57012,M,4935024.0,604203.0,57
201200031601,12,10,22,1645,1,1,1,1.0,5,57672,M,,,57
201200031602,12,11,3,1020,1,2,2,2.0,3,57508,M,,,57
201200031603,12,11,5,1806,5,2,1,1.0,3,57757,M,4936546.0,620589.0,57
201200031604,12,11,6,1745,5,2,2,2.0,3,57221,M,4932633.0,612796.0,57
201200031605,12,11,17,1150,1,2,2,1.0,3,57672,M,4935282.0,616091.0,57
201200031606,12,11,17,2000,5,1,1,1.0,6,57672,M,,,57
201200031607,12,11,22,2140,5,2,1,2.0,6,57757,M,4938789.0,624496.0,57
201200031608,12,11,26,1735,5,2,1,2.0,6,57672,M,4936433.0,615811.0,57
201200031609,12,11,27,852,1,2,2,1.0,3,57757,M,4935060.0,619774.0,57
201200031610,12,11,29,1715,5,2,1,1.0,6,57672,M,4936179.0,616513.0,57
201200031611,12,12,3,1630,5,2,1,2.0,3,57672,M,4935637.0,614883.0,57
201200031612,12,12,8,1655,3,2,1,1.0,6,57012,M,4936669.0,605259.0,57
201200031613,12,12,10,1335,1,2,1,2.0,6,57368,M,4933917.0,604261.0,57
201200031614,12,12,10,1530,1,2,3,2.0,6,57368,M,4934068.0,603944.0,57
201200031615,12,12,17,735,5,2,1,2.0,6,57647,M,4931945.0,609396.0,57
201200031616,12,12,19,740,5,2,1,8.0,6,57221,M,4932554.0,613515.0,57
201200031617,12,12,29,1440,1,2,1,1.0,4,57306,M,4932997.0,605987.0,57
201200031618,12,12,31,1442,1,2,1,1.0,6,57672,M,4939153.0,619039.0,57
201200031619,12,1,14,135,5,2,1,1.0,7,58194,M,,,58
201200031620,12,1,3,1625,1,2,1,1.0,3,58194,M,,,58
201200031621,12,6,16,1620,1,2,1,1.0,7,58194,M,,,58
201200031622,12,7,6,2235,5,2,1,1.0,6,58194,M,,,58
201200031623,12,9,12,725,1,2,1,1.0,7,58194,M,,,58
201200031624,12,11,5,950,1,2,1,1.0,7,58194,M,,,58
201200031625,12,11,6,2230,5,2,1,1.0,7,58194,M,,,58
201200031626,12,12,14,1840,5,2,1,1.0,7,58194,M,,,58
201200031627,12,1,8,1750,2,2,1,1.0,3,58194,M,,,58
201200031628,12,1,24,750,1,2,1,2.0,6,58194,M,,,58
201200031629,12,1,23,1450,1,2,1,1.0,6,58194,M,,,58
201200031630,12,1,20,1605,1,2,2,2.0,3,58194,M,,,58
201200031631,12,1,20,750,5,2,2,2.0,3,58194,M,,,58
201200031632,12,1,28,1805,5,2,1,2.0,2,58194,M,,,58
201200031633,12,2,7,1550,1,2,1,1.0,6,58194,M,,,58
201200031634,12,3,3,1625,1,2,3,1.0,3,58194,M,,,58
201200031635,12,3,5,1735,1,2,1,1.0,6,58194,M,,,58
201200031636,12,3,14,740,1,2,1,1.0,2,58194,M,,,58
201200031637,12,3,16,1925,5,2,3,1.0,3,58194,M,,,58
201200031638,12,3,17,1030,1,2,1,1.0,6,58194,M,,,58
201200031639,12,3,18,1410,1,2,2,1.0,3,58194,M,,,58
201200031640,12,3,22,1905,1,2,1,1.0,2,58194,M,,,58
201200031641,12,3,27,730,1,2,1,1.0,1,58194,M,,,58
201200031642,12,4,14,1700,1,2,1,1.0,6,58194,M,,,58
201200031643,12,4,17,745,1,2,1,1.0,3,58194,M,,,58
201200031644,12,4,21,1525,1,2,2,2.0,3,58194,M,,,58
201200031645,12,4,23,1655,1,2,3,2.0,3,58194,M,,,58
201200031646,12,4,28,1205,1,2,2,1.0,3,58194,M,,,58
201200031647,12,5,7,2340,5,2,1,1.0,6,58194,M,,,58
201200031648,12,5,18,1555,1,2,2,1.0,3,58194,M,,,58
201200031649,12,5,19,1710,1,2,1,1.0,2,58194,M,,,58
201200031650,12,5,29,1520,1,2,2,1.0,4,58194,M,,,58
201200031651,12,5,25,2020,1,2,1,1.0,7,58194,M,,,58
201200031652,12,5,26,1455,1,2,1,1.0,2,58194,M,,,58
201200031653,12,6,2,1745,1,2,1,1.0,6,58194,M,,,58
201200031654,12,6,9,2005,1,2,1,1.0,6,58194,M,,,58
201200031655,12,6,6,805,1,2,1,2.0,7,58194,M,,,58
201200031656,12,6,12,1455,1,2,1,1.0,4,58194,M,,,58
201200031657,12,6,17,1925,1,2,1,1.0,6,58194,M,,,58
201200031658,12,6,22,810,1,2,1,1.0,3,58194,M,,,58
201200031659,12,6,28,1840,1,2,1,1.0,2,58194,M,,,58
201200031660,12,7,12,2150,5,2,6,1.0,3,58194,M,,,58
201200031661,12,7,9,1340,1,2,1,1.0,6,58194,M,,,58
201200031662,12,7,13,805,1,2,3,1.0,3,58194,M,,,58
201200031663,12,7,24,1930,1,2,1,1.0,6,58194,M,,,58
201200031664,12,8,2,2335,5,2,1,1.0,2,58194,M,,,58
201200031665,12,8,1,1835,1,2,1,1.0,6,58194,M,,,58
201200031666,12,8,3,30,5,2,1,1.0,7,58194,M,,,58
201200031667,12,8,3,1205,1,2,1,1.0,3,58194,M,,,58
201200031668,12,8,4,1215,1,2,2,1.0,3,58194,M,,,58
201200031669,12,6,3,150,5,2,1,1.0,6,58194,M,,,58
201200031670,12,8,25,2120,5,2,1,1.0,2,58194,M,,,58
201200031671,12,8,27,1700,1,2,1,1.0,6,58194,M,,,58
201200031672,12,8,10,1555,1,2,1,1.0,3,58194,M,,,58
201200031673,12,8,18,905,1,2,1,1.0,1,58194,M,,,58
201200031674,12,9,24,940,1,2,6,1.0,3,58194,M,,,58
201200031675,12,9,4,2025,2,2,1,1.0,6,58194,M,,,58
201200031676,12,9,28,1915,2,2,1,1.0,7,58194,M,,,58
201200031677,12,9,27,900,1,2,1,1.0,4,58194,M,,,58
201200031678,12,10,2,915,1,2,1,1.0,4,58194,M,,,58
201200031679,12,10,2,1950,5,2,1,1.0,2,58194,M,,,58
201200031680,12,10,5,2140,5,2,1,1.0,2,58194,M,,,58
201200031681,12,10,4,1310,1,2,4,2.0,3,58194,M,,,58
201200031682,12,10,8,1640,1,2,1,1.0,7,58194,M,,,58
201200031683,12,10,27,1205,1,2,1,1.0,3,58194,M,,,58
201200031684,12,10,27,1530,1,2,2,1.0,3,58194,M,,,58
201200031685,12,11,3,2005,3,2,1,1.0,3,58194,M,,,58
201200031686,12,11,4,2345,5,2,1,1.0,3,58194,M,,,58
201200031687,12,11,21,900,1,2,1,1.0,3,58194,M,,,58
201200031688,12,12,6,1810,5,2,1,1.0,6,58194,M,,,58