Num_Acc,an,mois,jour,hrmn,lum,agg,int,atm,col,com,gps,lat,long,dep
201200031689,12,12,11,1645,5,2,1,1.0,1,58194,M,,,58
201200031690,12,12,15,1405,1,2,1,2.0,6,58194,M,,,58
201200031691,12,12,18,2000,5,2,2,2.0,6,58194,M,,,58
201200031692,12,12,22,1825,5,2,1,2.0,6,58194,M,,,58
201200031693,12,12,30,2025,5,2,1,2.0,6,59143,M,,,59
201200031694,12,1,14,1830,5,2,1,1.0,6,59317,M,,,59
201200031695,12,2,4,1310,1,2,3,8.0,2,59017,M,,,59
201200031696,12,2,9,647,5,2,1,9.0,2,59017,M,,,59
201200031697,12,2,8,1410,1,2,1,1.0,6,59017,M,,,59
201200031698,12,2,20,835,1,2,1,7.0,6,59431,M,,,59
201200031699,12,3,1,1740,1,2,1,1.0,6,59317,M,,,59
201200031700,12,3,2,1925,5,2,6,2.0,6,59143,M,,,59
201200031701,12,3,4,1210,1,2,1,2.0,3,59143,M,,,59
201200031702,12,2,11,1530,1,2,1,1.0,6,59017,M,,,59
201200031703,12,3,14,1300,1,2,1,1.0,6,59431,M,,,59
201200031704,12,3,16,1315,1,2,1,1.0,6,59017,M,,,59
201200031705,12,3,21,1400,1,2,1,1.0,3,59017,M,,,59
201200031706,12,3,23,1115,1,2,1,1.0,2,59017,M,,,59
201200031707,12,3,28,1715,1,2,1,1.0,3,59017,M,,,59
201200031708,12,4,3,1725,1,2,1,1.0,3,59017,M,,,59
201200031709,12,4,16,1530,1,2,1,1.0,3,59317,M,,,59
201200031710,12,4,29,1335,1,2,1,1.0,1,59143,M,,,59
201200031711,12,5,1,1705,1,1,1,1.0,6,59431,M,,,59
201200031712,12,5,10,725,1,2,1,1.0,3,59017,M,,,59
201200031713,12,3,27,1110,1,2,1,1.0,3,59017,M,,,59
201200031714,12,5,15,1215,1,2,1,1.0,1,59017,M,5068035.0,288861.0,59
201200031715,12,5,18,1410,1,1,5,1.0,7,59317,M,,,59
201200031716,12,5,26,1410,1,1,3,1.0,3,59431,M,,,59
201200031717,12,6,2,1015,1,2,1,1.0,2,59017,M,,,59
201200031718,12,6,3,1830,1,2,1,1.0,5,59017,M,,,59
201200031719,12,6,4,820,1,2,1,8.0,6,59017,M,,,59
201200031720,12,6,8,1150,1,2,1,1.0,6,59017,M,,,59
201200031721,12,6,15,1200,1,2,1,2.0,4,59017,M,,,59
201200031722,12,6,22,1105,1,2,1,1.0,4,59143,M,,,59
201200031723,12,7,7,1915,1,2,2,2.0,3,59017,M,,,59
201200031724,12,7,11,2200,2,1,1,1.0,7,59317,M,,,59
201200031725,12,7,26,1705,1,2,3,1.0,1,59431,M,,,59
201200031726,12,7,26,1105,1,2,1,1.0,3,59143,M,,,59
201200031727,12,8,16,1025,1,2,1,1.0,3,59143,M,,,59
201200031728,12,8,1,2345,5,2,1,1.0,6,59317,M,,,59
201200031729,12,8,22,1100,1,2,2,1.0,4,59317,M,,,59
201200031730,12,8,23,2050,1,2,1,1.0,6,59017,M,,,59
201200031731,12,8,25,410,5,2,1,8.0,6,59317,M,,,59
201200031732,12,8,30,1020,1,1,1,1.0,6,59431,M,,,59
201200031733,12,9,4,1940,1,2,1,1.0,6,59017,M,,,59
201200031734,12,9,9,55,5,2,1,1.0,6,59017,M,,,59
201200031735,12,9,5,1020,1,2,1,1.0,3,59017,M,,,59
201200031736,12,9,11,1745,1,2,1,1.0,5,59017,M,,,59
201200031737,12,9,13,2020,2,2,1,1.0,3,59143,M,,,59
201200031738,12,10,1,1710,1,2,1,1.0,6,59017,M,,,59
201200031739,12,10,4,800,2,2,1,2.0,6,59017,M,,,59
201200031740,12,9,30,500,5,2,1,1.0,6,59143,M,,,59
201200031741,12,10,7,1315,1,2,6,1.0,6,59431,M,,,59
201200031742,12,10,6,910,1,2,1,2.0,6,59431,M,,,59
201200031743,12,10,10,2020,5,2,3,1.0,3,59017,M,,,59
201200031744,12,10,12,1740,1,2,1,1.0,6,59017,M,,,59
201200031745,12,10,17,740,2,2,6,1.0,3,59017,M,,,59
201200031746,12,10,22,1800,1,2,8,1.0,5,59317,M,,,59
201200031747,12,11,26,740,5,2,1,2.0,4,59431,M,,,59
201200031748,12,11,30,1725,1,2,1,1.0,6,59017,M,,,59
201200031749,12,12,4,1810,2,1,1,3.0,5,59317,M,,,59
201200031750,12,12,13,1915,4,2,2,8.0,2,59017,M,,,59
201200031751,12,12,13,1115,1,2,6,1.0,3,59017,M,,,59
201200031752,12,12,20,730,2,2,1,3.0,6,59317,M,,,59
201200031753,12,12,29,1345,1,1,8,1.0,6,59317,M,,,59
201200031754,12,2,6,740,2,2,1,1.0,6,59033,M,,,59
201200031755,12,8,27,1700,1,2,3,1.0,6,59467,M,,,59
201200031756,12,8,29,2205,5,2,3,1.0,6,59068,M,,,59
201200031757,12,9,8,1630,1,2,3,1.0,3,59344,M,,,59
201200031758,12,12,20,1945,5,2,2,2.0,3,59033,M,,,59
201200031759,12,1,20,1340,1,1,1,2.0,6,59043,M,,,59
201200031760,12,1,27,500,3,1,1,9.0,6,59043,M,,,59
201200031761,12,3,4,20,5,1,1,5.0,7,59043,M,,,59
201200031762,12,4,11,945,1,2,3,1.0,6,59043,M,,,59
201200031763,12,4,22,1055,1,2,1,1.0,6,59043,M,,,59
201200031764,12,4,24,1710,1,2,3,8.0,3,59043,M,,,59
201200031765,12,4,26,1915,1,2,3,1.0,2,59043,M,,,59
201200031766,12,6,6,945,1,2,3,8.0,3,59043,M,,,59
201200031767,12,6,7,1325,1,1,1,8.0,1,59043,M,,,59
201200031768,12,7,4,2335,3,1,8,1.0,2,59043,M,,,59
201200031769,12,9,5,1740,1,2,9,1.0,6,59043,M,,,59
201200031770,12,9,4,1935,1,2,7,1.0,3,59043,M,,,59
201200031771,12,9,6,1510,1,2,1,1.0,6,59043,M,,,59
201200031772,12,9,14,1820,1,2,1,8.0,2,59043,M,,,59
201200031773,12,10,5,630,3,1,1,1.0,7,59043,M,,,59
201200031774,12,10,8,1350,1,2,1,8.0,3,59043,M,,,59
201200031775,12,10,6,1555,1,2,9,9.0,1,59043,M,,,59
201200031776,12,10,16,805,1,2,1,2.0,6,59043,M,,,59
201200031777,12,10,26,2250,3,1,1,1.0,7,59043,M,,,59
201200031778,12,11,11,1000,1,1,1,1.0,6,59043,M,,,59
201200031779,12,1,14,2015,5,2,2,9.0,3,59122,M,,,59
201200031780,12,4,3,1615,1,2,1,1.0,6,59122,M,,,59
201200031781,12,6,12,2317,5,2,1,1.0,1,59122,M,,,59
201200031782,12,7,3,1745,1,2,6,1.0,3,59428,M,,,59
201200031783,12,7,30,1900,1,2,1,1.0,6,59428,M,,,59
201200031784,12,8,9,1430,1,2,1,1.0,3,59476,M,,,59
201200031785,12,9,1,1300,1,2,1,1.0,6,59122,M,5017571.0,323792.0,59
201200031786,12,9,15,2100,3,1,1,1.0,6,59244,M,,,59
201200031787,12,10,9,1042,1,2,1,1.0,6,59122,M,,,59
201200031788,12,11,17,1540,1,2,3,1.0,6,59122,M,,,59
201200031789,12,12,1,1855,5,2,1,3.0,6,59122,M,,,59
201200031790,12,10,22,900,1,2,1,1.0,1,59122,M,,,59
201200031791,12,2,10,850,2,1,2,7.0,3,59153,M,,,59
201200031792,12,3,30,400,5,2,4,1.0,6,59153,M,,,59
201200031793,12,4,21,2230,5,2,1,1.0,2,59616,M,,,59
201200031794,12,6,1,640,1,2,3,1.0,3,59253,M,,,59
201200031795,12,6,11,1330,1,2,2,1.0,6,59253,M,,,59
201200031796,12,7,3,1410,1,2,9,1.0,5,59616,M,5045996.0,356714.0,59
201200031797,12,7,24,1230,1,1,1,1.0,2,59153,M,,,59
201200031798,12,12,6,1745,5,2,1,8.0,3,59153,M,,,59
201200031799,12,1,7,1420,1,2,1,1.0,6,59504,M,,,59
201200031800,12,1,10,1815,5,2,1,1.0,6,59632,M,5038363.0,342872.0,59
201200031801,12,12,6,1900,5,2,2,2.0,6,59172,M,,,59
201200031802,12,12,19,1928,3,1,1,1.0,5,59002,M,,,59
201200031803,12,2,16,1900,2,2,1,1.0,6,59172,M,,,59
201200031804,12,1,6,1630,1,2,1,1.0,6,59172,M,,,59
201200031805,12,3,3,2355,3,1,1,5.0,3,59429,M,,,59
201200031806,12,3,3,405,3,2,1,1.0,6,59632,M,,,59
201200031807,12,3,5,1600,1,2,1,4.0,6,59172,M,,,59
201200031808,12,3,10,1630,1,2,1,1.0,6,59172,M,,,59
201200031809,12,5,1,2050,1,2,9,1.0,3,59172,M,,,59
201200031810,12,5,10,230,3,1,1,2.0,6,59172,M,5034372.0,337848.0,59
201200031811,12,4,14,1940,1,1,1,1.0,3,59288,M,,,59
201200031812,12,6,7,935,1,2,2,1.0,6,59172,M,,,59
201200031813,12,7,3,1715,1,1,3,1.0,1,59179,M,,,59
201200031814,12,5,18,1730,1,1,1,1.0,6,59172,M,,,59
201200031815,12,8,27,1800,1,2,1,1.0,6,59179,M,,,59
201200031816,12,8,30,2030,2,2,1,1.0,2,59302,M,,,59
201200031817,12,9,4,930,1,2,1,1.0,6,59632,M,,,59
201200031818,12,7,24,1745,1,1,1,1.0,3,59632,M,,,59
201200031819,12,9,15,425,4,2,1,9.0,6,59205,M,,,59
201200031820,12,9,22,110,4,2,9,9.0,7,59361,M,,,59
201200031821,12,10,9,1900,2,2,1,1.0,6,59172,M,,,59
201200031822,12,10,7,1720,1,2,1,1.0,6,59172,M,,,59
201200031823,12,11,4,1300,1,2,1,2.0,6,59504,M,5030781.0,334672.0,59
201200031824,12,10,24,1120,1,2,1,1.0,6,59172,M,,,59
201200031825,12,11,30,1715,5,2,1,1.0,4,59172,M,,,59
201200031826,12,1,14,1040,1,2,1,1.0,1,59008,M,,,59
201200031827,12,1,19,2315,5,2,1,1.0,6,59390,M,,,59
201200031828,12,1,27,1335,1,1,9,1.0,3,59024,M,5032019.0,322925.0,59
201200031829,12,1,24,1200,1,2,9,1.0,6,59314,M,,,59
201200031830,12,1,13,2045,5,2,1,1.0,3,59456,M,,,59
201200031831,12,3,7,2325,5,2,3,8.0,6,59008,M,,,59
201200031832,12,3,8,2115,5,2,3,1.0,3,59008,M,,,59
201200031833,12,2,21,1800,1,2,3,1.0,3,59227,M,,,59
201200031834,12,4,12,1935,1,2,1,2.0,3,59008,M,,,59
201200031835,12,2,8,605,5,2,1,1.0,6,59574,M,,,59
201200031836,12,4,5,1710,1,2,1,1.0,2,59024,M,,,59
201200031837,12,3,19,2230,5,2,1,1.0,6,59574,M,,,59
201200031838,12,5,19,1905,1,2,1,1.0,6,59024,M,,,59
201200031839,12,1,17,1130,1,2,1,1.0,6,59178,M,,,59
201200031840,12,12,21,925,1,2,3,1.0,6,59569,M,,,59
201200031841,12,6,13,1130,1,1,1,2.0,7,59024,M,,,59
201200031842,12,4,13,1615,1,1,1,1.0,3,59574,M,,,59
201200031843,12,7,25,1540,1,2,1,1.0,6,59008,M,,,59
201200031844,12,7,29,2125,5,2,1,9.0,2,59008,M,,,59
201200031845,12,7,27,810,1,2,4,1.0,3,59345,M,,,59
201200031846,12,7,12,1730,1,2,1,1.0,2,59390,M,,,59
201200031847,12,5,7,2130,5,2,1,1.0,6,59227,M,,,59
201200031848,12,5,15,1450,1,2,3,1.0,3,59574,M,,,59
201200031849,12,8,28,1045,1,2,1,1.0,6,59008,M,,,59
201200031850,12,9,7,1800,1,2,1,1.0,2,59008,M,,,59
201200031851,12,4,26,1300,1,2,3,1.0,3,59375,M,,,59
201200031852,12,2,7,920,1,2,1,7.0,3,59028,M,,,59
201200031853,12,6,5,2250,5,2,1,1.0,6,59501,M,,,59
201200031854,12,9,12,1830,1,2,2,1.0,3,59024,M,,,59
201200031855,12,9,15,1830,1,2,1,1.0,6,59008,M,,,59
201200031856,12,10,4,1640,1,1,1,1.0,6,59185,M,,,59
201200031857,12,2,10,1245,1,2,3,7.0,6,59178,M,,,59
201200031858,12,10,26,1620,1,2,3,1.0,3,59008,M,,,59
201200031859,12,11,9,1910,5,2,1,2.0,6,59008,M,,,59
201200031860,12,11,17,1530,1,2,1,9.0,1,59185,M,,,59
201200031861,12,11,19,835,1,2,1,2.0,6,59008,M,,,59
201200031862,12,1,14,1125,1,2,6,9.0,3,59569,M,,,59
201200031863,12,12,1,1945,3,1,1,8.0,6,59345,M,,,59
201200031864,12,7,28,1800,1,2,1,1.0,7,59574,M,5038124.0,327079.0,59
201200031865,12,2,2,1850,3,2,1,1.0,6,59276,M,,,59
201200031866,12,8,1,1320,1,1,1,1.0,6,59375,M,,,59
201200031867,12,11,26,1710,5,2,1,1.0,3,59008,M,,,59
201200031868,12,8,20,1630,1,2,2,1.0,3,59574,M,,,59
201200031869,12,8,20,1554,1,2,1,1.0,7,59314,M,,,59
201200031870,12,9,1,1320,1,2,1,1.0,6,59227,M,,,59
201200031871,12,2,19,2015,3,1,1,1.0,5,59234,M,,,59
201200031872,12,2,29,1855,5,1,1,1.0,1,59239,M,,,59
201200031873,12,9,14,1845,1,2,3,1.0,3,59574,M,,,59
201200031874,12,3,9,158,5,2,1,1.0,7,59178,M,,,59
201200031875,12,2,10,1610,1,2,3,1.0,6,59178,M,,,59
201200031876,12,3,11,1635,1,2,1,1.0,2,59228,M,,,59
201200031877,12,9,25,1645,1,2,2,2.0,3,59574,M,,,59
201200031878,12,10,9,1640,1,1,1,1.0,6,59354,M,,,59
201200031879,12,10,14,955,1,2,1,2.0,6,59574,M,,,59
201200031880,12,10,28,130,5,2,1,1.0,6,59574,M,,,59
201200031881,12,3,19,1230,1,1,3,1.0,3,59165,M,,,59
201200031882,12,3,20,1130,1,2,1,7.0,6,59178,M,,,59
201200031883,12,11,25,1050,1,2,1,1.0,6,59375,M,,,59
201200031884,12,12,4,1055,1,2,1,1.0,6,59574,M,,,59
201200031885,12,4,5,1555,1,2,1,1.0,6,59165,M,,,59
201200031886,12,4,6,1820,1,2,1,1.0,6,59178,M,,,59
201200031887,12,4,5,1620,1,2,1,1.0,6,59654,M,,,59
201200031888,12,5,11,2025,1,2,2,1.0,6,59569,M,,,59
201200031889,12,5,14,1230,1,1,1,7.0,7,59489,M,5043656.0,313317.0,59
201200031890,12,5,31,1230,1,2,3,1.0,3,59178,M,,,59
201200031891,12,6,16,300,5,2,1,1.0,1,59489,M,,,59
201200031892,12,6,9,1610,1,2,1,8.0,6,59178,M,,,59
201200031893,12,6,16,1735,1,2,1,1.0,7,59239,M,,,59
201200031894,12,6,20,945,1,2,1,1.0,6,59234,M,,,59
201200031895,12,6,25,1510,1,1,1,1.0,5,59569,M,,,59
201200031896,12,6,28,1035,1,2,1,1.0,2,59178,M,,,59
201200031897,12,6,25,920,1,2,1,1.0,6,59239,M,,,59
201200031898,12,6,30,340,5,2,1,1.0,1,59165,M,,,59
201200031899,12,7,9,1445,1,2,2,8.0,3,59327,M,,,59
201200031900,12,7,10,1515,1,2,1,1.0,6,59178,M,,,59
201200031901,12,5,28,1030,1,2,1,1.0,6,59178,M,,,59
201200031902,12,8,19,25,5,2,3,1.0,3,59178,M,,,59
201200031903,12,8,22,1315,1,2,1,1.0,6,59654,M,,,59
201200031904,12,7,20,2000,1,2,1,1.0,2,59178,M,,,59
201200031905,12,9,14,2230,5,2,2,1.0,3,59170,M,,,59
201200031906,12,8,7,1930,1,2,1,1.0,6,59489,M,,,59
201200031907,12,8,9,905,1,1,1,1.0,6,59178,M,,,59
201200031908,12,8,16,1620,1,2,1,7.0,6,59178,M,,,59
201200031909,12,8,23,750,1,2,1,1.0,2,59329,M,,,59
201200031910,12,9,8,1800,1,2,3,1.0,3,59569,M,,,59
201200031911,12,9,18,705,2,2,3,2.0,7,59329,M,,,59
201200031912,12,9,18,800,1,2,3,2.0,1,59178,M,,,59
201200031913,12,10,5,1315,1,2,3,1.0,3,59569,M,,,59
201200031914,12,12,3,1925,3,1,1,8.0,6,59509,M,5041794.0,311990.0,59
201200031915,12,11,21,1430,1,2,1,2.0,7,59178,M,,,59
201200031916,12,11,27,1720,2,2,1,1.0,6,59234,M,,,59
201200031917,12,11,30,810,1,2,2,1.0,6,59178,M,,,59
201200031918,12,12,3,1730,5,2,1,1.0,2,59178,M,,,59
201200031919,12,12,6,725,4,2,1,9.0,6,59327,M,,,59
201200031920,12,12,10,1335,1,2,1,1.0,6,59178,M,,,59
201200031921,12,12,11,1200,1,2,1,1.0,6,59178,M,,,59
201200031922,12,12,13,2315,5,2,1,1.0,1,59239,M,,,59
201200031923,12,1,3,2040,5,2,2,1.0,3,59183,M,,,59
201200031924,12,1,9,20,5,2,1,2.0,6,59155,M,,,59
201200031925,12,1,11,1101,1,2,9,1.0,3,59271,M,,,59
201200031926,12,1,12,700,5,2,9,1.0,3,59540,M,,,59
201200031927,12,1,15,1845,5,2,1,1.0,4,59183,M,,,59
201200031928,12,1,16,925,1,2,9,1.0,6,59183,M,,,59
201200031929,12,1,18,2210,5,2,9,1.0,3,59155,M,,,59
201200031930,12,1,13,1200,1,2,1,1.0,2,59155,M,,,59
201200031931,12,1,29,205,5,2,1,2.0,6,59183,M,,,59
201200031932,12,2,3,1140,1,2,9,1.0,6,59183,M,,,59
201200031933,12,2,6,1925,5,2,1,1.0,6,59540,M,,,59
201200031934,12,3,10,15,3,1,1,1.0,6,59183,M,,,59
201200031935,12,3,10,1315,1,2,1,1.0,6,59183,M,,,59
201200031936,12,3,12,1315,1,2,1,1.0,2,59183,M,,,59
201200031937,12,3,14,1540,1,2,1,1.0,6,59183,M,,,59
201200031938,12,3,20,1315,1,2,9,1.0,3,59183,M,,,59
201200031939,12,3,24,825,1,2,1,1.0,1,59183,M,,,59
201200031940,12,3,24,1430,1,2,1,1.0,3,59183,M,,,59
201200031941,12,3,25,2020,2,2,2,5.0,3,59271,M,,,59
201200031942,12,3,30,1210,1,2,1,1.0,6,59183,M,,,59
201200031943,12,3,30,830,1,2,1,1.0,7,59155,M,,,59
201200031944,12,4,6,10,3,2,1,1.0,6,59155,M,,,59
201200031945,12,4,7,1040,1,2,1,1.0,6,59183,M,,,59
201200031946,12,3,28,800,1,2,1,1.0,3,59183,M,,,59
201200031947,12,4,14,1635,1,2,1,1.0,6,59183,M,,,59
201200031948,12,4,15,1815,1,2,2,1.0,3,59183,M,,,59
201200031949,12,4,28,45,5,2,1,1.0,6,59155,M,,,59
201200031950,12,4,28,600,2,2,1,2.0,6,59183,M,,,59
201200031951,12,5,2,1730,1,2,1,2.0,3,59183,M,,,59
201200031952,12,5,7,1000,1,2,2,1.0,3,59540,M,,,59
201200031953,12,5,2,1500,1,2,1,1.0,3,59271,M,,,59
201200031954,12,5,21,2015,1,2,1,1.0,6,59540,M,,,59
201200031955,12,5,11,1530,1,2,1,1.0,6,59540,M,,,59
201200031956,12,5,29,1130,1,2,1,1.0,6,59183,M,,,59
201200031957,12,6,2,2355,5,2,1,2.0,6,59183,M,5104958.0,236882.0,59
201200031958,12,6,4,700,1,2,1,1.0,3,59183,M,,,59
201200031959,12,6,7,1050,1,2,9,1.0,7,59271,M,,,59
201200031960,12,6,9,1410,1,2,1,1.0,6,59183,M,,,59
201200031961,12,6,8,1240,1,2,1,1.0,6,59271,M,,,59
201200031962,12,6,19,1230,1,2,1,1.0,6,59183,M,,,59
201200031963,12,6,25,1530,1,2,1,1.0,6,59183,M,,,59
201200031964,12,6,28,1920,1,2,9,1.0,3,59183,M,,,59
201200031965,12,6,30,15,4,2,1,1.0,6,59183,M,,,59
201200031966,12,7,2,1425,1,2,9,1.0,6,59155,M,,,59
201200031967,12,7,2,830,1,2,1,7.0,6,59183,M,,,59
201200031968,12,7,3,930,1,2,9,1.0,6,59183,M,,,59
201200031969,12,7,4,2300,5,2,2,1.0,3,59183,M,,,59
201200031970,12,4,14,1800,1,2,9,1.0,6,59540,M,,,59
201200031971,12,7,5,1600,1,2,1,1.0,2,59183,M,,,59
201200031972,12,7,6,1450,1,2,1,3.0,1,59155,M,,,59
201200031973,12,7,15,510,2,2,9,1.0,6,59155,M,,,59
201200031974,12,7,12,2330,5,2,9,1.0,6,59183,M,,,59
201200031975,12,7,20,1620,1,2,1,1.0,6,59155,M,,,59
201200031976,12,7,24,1910,1,2,1,1.0,6,59271,M,,,59
201200031977,12,7,30,1225,1,2,9,1.0,6,59183,M,,,59
201200031978,12,8,1,940,1,2,1,1.0,3,59588,M,,,59
201200031979,12,8,7,1720,1,2,1,1.0,3,59183,M,,,59
201200031980,12,8,10,1300,1,2,9,1.0,6,59183,M,,,59
201200031981,12,8,22,1450,1,1,1,1.0,3,59155,M,,,59
201200031982,12,9,4,900,1,2,1,1.0,6,59540,M,5102717.0,233162.0,59
201200031983,12,9,8,2100,5,2,9,1.0,6,59540,M,,,59
201200031984,12,9,12,1040,1,2,1,1.0,6,59183,M,,,59
201200031985,12,9,10,1815,1,2,9,1.0,2,59183,M,,,59
201200031986,12,9,14,1515,1,2,9,1.0,2,59183,M,,,59
201200031987,12,9,18,1850,1,2,2,1.0,5,59271,M,,,59
201200031988,12,9,22,1950,5,2,3,1.0,3,59155,M,,,59
201200031989,12,9,27,2200,5,2,3,1.0,3,59183,M,,,59
201200031990,12,10,1,645,3,1,1,1.0,6,59183,M,,,59
201200031991,12,9,30,210,5,2,2,1.0,3,59183,M,,,59
201200031992,12,10,2,940,1,1,8,1.0,3,59155,M,,,59
201200031993,12,9,23,200,5,2,1,1.0,6,59183,M,,,59
201200031994,12,10,6,1200,1,2,1,2.0,6,59131,M,,,59
201200031995,12,10,3,1730,1,2,1,1.0,6,59183,M,,,59
201200031996,12,10,22,1645,1,2,2,1.0,6,59183,M,,,59
201200031997,12,10,24,1650,1,2,9,1.0,6,59183,M,,,59
201200031998,12,10,22,2010,5,2,2,1.0,3,59540,M,,,59
201200031999,12,11,10,1450,1,1,1,2.0,6,59155,M,,,59
201200032000,12,11,10,1840,3,2,1,1.0,1,59131,M,,,59
201200032001,12,11,10,130,5,2,1,1.0,6,59183,M,,,59
201200032002,12,11,12,1925,5,2,1,2.0,6,59183,M,,,59
201200032003,12,11,17,25,5,2,1,1.0,6,59183,M,,,59
201200032004,12,11,22,1010,1,2,1,1.0,6,59155,M,,,59
201200032005,12,11,22,2100,4,2,9,1.0,5,59155,M,,,59
201200032006,12,11,21,1200,1,2,2,2.0,3,59183,M,,,59
201200032007,12,12,12,1310,1,2,1,1.0,6,59183,M,,,59
201200032008,12,12,12,930,1,2,1,1.0,6,59183,M,,,59
201200032009,12,12,18,1830,5,2,1,1.0,6,59155,M,,,59
201200032010,12,12,20,800,2,2,1,2.0,6,59183,M,,,59
201200032011,12,12,27,2025,5,2,1,2.0,7,59183,M,,,59
201200032012,12,12,29,1735,5,2,1,3.0,6,59271,M,,,59
201200032013,12,11,11,1515,1,1,6,1.0,3,59273,M,,,59
201200032014,12,3,15,1950,5,1,1,1.0,1,59359,M,5100239.0,225091.0,59
201200032015,12,5,16,830,1,2,1,1.0,6,59273,M,,,59
201200032016,12,8,8,1535,1,2,1,1.0,3,59273,M,,,59
201200032017,12,8,29,2140,3,1,1,1.0,7,59359,M,,,59
201200032018,12,12,7,2135,3,1,1,2.0,2,59273,M,,,59
201200032019,12,3,4,1,5,1,1,1.0,7,59295,M,,,59
201200032020,12,3,20,1500,1,2,1,1.0,6,59295,M,,,59
201200032021,12,4,10,1320,1,2,3,2.0,3,59295,M,,,59
201200032022,12,5,19,1840,1,2,6,1.0,3,59295,M,,,59
201200032023,12,10,3,1010,1,2,6,2.0,3,59295,M,,,59
201200032024,12,11,25,1115,1,1,1,1.0,3,59295,M,,,59
201200032025,12,11,30,730,3,1,1,8.0,6,59295,M,,,59
201200032026,12,12,1,810,2,2,1,8.0,6,59295,M,,,59
201200032027,12,12,24,1630,2,2,1,2.0,6,59295,M,,,59
201200032028,12,6,2,1915,1,1,1,1.0,7,59324,M,,,59
201200032029,12,6,15,2040,2,1,1,3.0,7,59104,M,,,59
201200032030,12,8,3,750,1,1,1,1.0,7,59324,M,,,59
201200032031,12,8,10,1400,1,2,3,1.0,3,59104,M,,,59
201200032032,12,8,14,1355,1,2,3,1.0,2,59324,M,,,59
201200032033,12,9,20,2145,5,2,1,1.0,6,59324,M,,,59
201200032034,12,11,2,1620,1,2,1,2.0,6,59104,M,,,59
201200032035,12,1,2,800,1,2,1,1.0,6,59350,M,,,59
201200032036,12,1,2,2115,5,2,1,1.0,3,59286,M,,,59
201200032037,12,1,3,830,2,2,2,1.0,6,59360,M,,,59
201200032038,12,1,4,220,5,2,1,1.0,3,59328,M,,,59
201200032039,12,1,4,930,1,2,1,1.0,6,59350,M,,,59
201200032040,12,1,5,1815,5,2,2,2.0,6,59368,M,,,59
201200032041,12,1,6,900,1,2,1,1.0,3,59350,M,,,59
201200032042,12,1,9,1235,1,2,1,1.0,6,59009,M,,,59
201200032043,12,1,9,2300,5,2,1,2.0,7,59648,M,,,59
201200032044,12,1,10,830,1,2,3,1.0,6,59350,M,,,59
201200032045,12,1,11,805,1,2,1,1.0,6,59009,M,,,59
201200032046,12,1,12,820,1,2,2,1.0,6,59378,M,,,59
201200032047,12,1,11,1745,5,2,1,1.0,6,59560,M,,,59
201200032048,12,1,13,1550,1,2,1,1.0,6,59378,M,,,59
201200032049,12,1,13,1445,1,2,1,1.0,6,59350,M,,,59
201200032050,12,1,17,740,5,2,4,1.0,6,59350,M,,,59
201200032051,12,1,18,105,5,2,2,1.0,6,59350,M,,,59
201200032052,12,1,17,1320,1,2,1,1.0,6,59368,M,,,59
201200032053,12,1,19,335,5,2,2,2.0,6,59350,M,,,59
201200032054,12,1,18,1600,1,2,3,2.0,6,59350,M,,,59
201200032055,12,1,17,1320,1,2,1,1.0,2,59527,M,,,59
201200032056,12,1,16,1320,1,2,1,1.0,7,59648,M,,,59
201200032057,12,1,19,2220,5,2,1,1.0,6,59350,M,,,59
201200032058,12,1,20,800,2,2,1,1.0,6,59457,M,,,59
201200032059,12,1,20,1900,3,2,1,2.0,6,59410,M,,,59
201200032060,12,1,20,2150,5,2,2,2.0,2,59350,M,,,59
201200032061,12,1,21,1800,5,2,6,2.0,3,59350,M,,,59
201200032062,12,1,22,310,5,2,1,2.0,7,59368,M,,,59
201200032063,12,1,23,910,2,2,1,1.0,2,59350,M,,,59
201200032064,12,1,23,1150,1,2,2,1.0,3,59378,M,,,59
201200032065,12,1,23,1830,5,2,1,1.0,6,59350,M,,,59
201200032066,12,1,23,1810,5,2,1,1.0,6,59378,M,,,59
201200032067,12,1,23,1955,5,2,1,1.0,3,59350,M,,,59
201200032068,12,1,24,1815,2,2,1,2.0,3,59196,M,,,59
201200032069,12,1,25,1210,1,2,1,2.0,6,59378,M,,,59
201200032070,12,1,25,5,5,2,1,1.0,6,59350,M,,,59
201200032071,12,1,26,720,5,2,2,1.0,6,59378,M,,,59
201200032072,12,1,26,1335,1,2,3,2.0,3,59328,M,,,59
201200032073,12,1,26,1535,1,2,1,2.0,7,59527,M,,,59
201200032074,12,1,27,300,5,2,1,2.0,7,59378,M,5067722.0,311095.0,59
201200032075,12,1,27,1545,1,2,1,1.0,6,59350,M,,,59
201200032076,12,1,28,25,5,2,1,1.0,6,59378,M,,,59
201200032077,12,1,28,2030,5,2,1,1.0,6,59368,M,,,59
201200032078,12,1,29,245,5,2,1,1.0,6,59350,M,,,59
201200032079,12,1,26,2045,5,2,1,2.0,6,59009,M,,,59
201200032080,12,1,31,1045,1,2,2,1.0,6,59009,M,,,59
201200032081,12,1,31,2020,5,2,3,1.0,3,59328,M,,,59
201200032082,12,2,1,1600,1,1,6,1.0,3,59560,M,,,59
201200032083,12,2,2,1650,1,2,1,1.0,6,59350,M,,,59
201200032084,12,2,2,1130,1,2,2,1.0,3,59350,M,,,59
201200032085,12,2,1,1400,1,2,2,1.0,3,59410,M,,,59
201200032086,12,2,3,520,5,2,2,1.0,3,59350,M,,,59
201200032087,12,1,28,1225,1,2,1,1.0,2,59350,M,,,59
201200032088,12,2,3,2145,5,2,1,4.0,6,59378,M,,,59
201200032089,12,2,6,1458,1,2,3,1.0,6,59009,M,,,59
201200032090,12,1,19,845,1,2,1,1.0,6,59350,M,,,59
201200032091,12,1,27,1000,1,2,2,7.0,6,59328,M,,,59