Num_Acc,an,mois,jour,hrmn,lum,agg,int,atm,col,com,gps,lat,long,dep
201200032092,12,2,4,2115,5,2,1,9.0,6,59368,M,,,59
201200032093,12,2,10,1725,2,2,1,1.0,3,59350,M,,,59
201200032094,12,2,10,2300,5,2,2,1.0,3,59350,M,,,59
201200032095,12,2,12,510,5,2,1,1.0,6,59350,M,,,59
201200032096,12,2,13,1740,2,2,1,2.0,6,59350,M,,,59
201200032097,12,2,1,1330,1,2,1,1.0,2,59350,M,,,59
201200032098,12,2,15,855,1,2,1,2.0,1,59356,M,,,59
201200032099,12,2,15,1645,1,2,1,2.0,6,59350,M,,,59
201200032100,12,2,16,1620,1,2,3,1.0,6,59286,M,5061208.0,297591.0,59
201200032101,12,2,16,1740,1,2,1,8.0,6,59350,M,,,59
201200032102,12,2,18,1620,1,2,1,2.0,6,59368,M,,,59
201200032103,12,2,18,1700,1,2,2,1.0,6,59350,M,,,59
201200032104,12,2,15,1420,1,2,2,2.0,6,59350,M,,,59
201200032105,12,2,20,750,2,2,2,1.0,3,59350,M,,,59
201200032106,12,2,21,1015,1,2,2,1.0,6,59350,M,,,59
201200032107,12,2,22,1515,1,2,1,1.0,6,59368,M,,,59
201200032108,12,2,23,304,5,2,1,1.0,6,59350,M,,,59
201200032109,12,2,12,600,5,1,1,1.0,3,59560,M,,,59
201200032110,12,2,25,420,5,2,1,1.0,6,59368,M,,,59
201200032111,12,2,26,1420,1,2,2,1.0,3,59350,M,,,59
201200032112,12,2,26,1910,2,2,1,1.0,6,59328,M,,,59
201200032113,12,2,27,515,5,2,1,1.0,6,59350,M,,,59
201200032114,12,2,16,1455,1,2,1,1.0,3,59350,M,,,59
201200032115,12,2,24,150,5,2,1,1.0,3,59350,M,,,59
201200032116,12,2,27,2340,5,2,2,2.0,6,59350,M,,,59
201200032117,12,2,29,855,1,2,1,1.0,6,59350,M,,,59
201200032118,12,3,1,1905,5,2,1,2.0,6,59378,M,,,59
201200032119,12,3,4,630,2,2,1,5.0,6,59009,M,,,59
201200032120,12,3,4,1300,1,2,1,2.0,6,59527,M,,,59
201200032121,12,3,5,1610,1,2,3,4.0,6,59350,M,,,59
201200032122,12,3,7,800,1,2,1,1.0,6,59350,M,,,59
201200032123,12,3,7,1600,1,2,2,3.0,1,59527,M,,,59
201200032124,12,3,8,1940,4,2,3,1.0,3,59350,M,,,59
201200032125,12,3,10,1955,2,2,2,1.0,3,59648,M,,,59
201200032126,12,3,11,510,5,2,2,1.0,2,59350,M,,,59
201200032127,12,2,2,920,1,2,1,1.0,6,59378,M,,,59
201200032128,12,3,14,1505,1,2,2,1.0,6,59328,M,,,59
201200032129,12,3,14,1800,2,2,1,1.0,6,59378,M,,,59
201200032130,12,3,14,1645,1,2,2,1.0,3,59350,M,,,59
201200032131,12,3,15,750,1,2,1,1.0,6,59350,M,,,59
201200032132,12,3,15,820,1,2,1,1.0,3,59527,M,,,59
201200032133,12,3,16,1330,1,2,1,1.0,6,59220,M,,,59
201200032134,12,3,16,1515,1,2,3,2.0,6,59350,M,,,59
201200032135,12,3,18,710,1,2,1,2.0,1,59350,M,,,59
201200032136,12,3,19,1355,1,2,2,1.0,3,59343,M,,,59
201200032137,12,3,20,20,5,1,1,1.0,7,59009,M,,,59
201200032138,12,3,20,655,2,2,1,1.0,6,59009,M,,,59
201200032139,12,3,20,1235,1,2,2,1.0,6,59350,M,,,59
201200032140,12,3,21,915,1,2,1,1.0,7,59328,M,,,59
201200032141,12,3,21,1025,1,1,2,1.0,3,59350,M,,,59
201200032142,12,3,7,1230,1,2,1,1.0,6,59328,M,,,59
201200032143,12,3,22,1720,1,2,1,1.0,2,59378,M,,,59
201200032144,12,3,23,930,1,2,1,1.0,6,59220,M,,,59
201200032145,12,3,23,805,2,2,1,1.0,6,59350,M,,,59
201200032146,12,2,25,2035,5,2,2,1.0,6,59585,M,,,59
201200032147,12,3,23,1525,1,2,2,1.0,6,59350,M,,,59
201200032148,12,3,24,440,5,2,2,1.0,6,59350,M,,,59
201200032149,12,3,14,1640,1,2,1,1.0,3,59350,M,,,59
201200032150,12,3,26,2030,2,2,1,1.0,7,59350,M,,,59
201200032151,12,3,27,825,1,2,1,1.0,3,59009,M,,,59
201200032152,12,3,27,1925,5,2,2,1.0,3,59350,M,,,59
201200032153,12,3,29,1740,1,2,2,1.0,6,59328,M,,,59
201200032154,12,3,30,940,1,2,2,1.0,6,59009,M,,,59
201200032155,12,3,30,900,1,2,2,1.0,3,59009,M,,,59
201200032156,12,3,28,2115,5,2,1,1.0,6,59350,M,,,59
201200032157,12,3,27,930,1,2,1,1.0,3,59648,M,,,59
201200032158,12,4,1,1425,1,2,1,1.0,7,59350,M,,,59
201200032159,12,4,1,615,5,2,1,1.0,6,59360,M,,,59
201200032160,12,4,2,715,1,2,1,1.0,2,59560,M,,,59
201200032161,12,4,2,1240,1,2,2,1.0,3,59368,M,,,59
201200032162,12,4,2,1730,1,2,3,1.0,3,59360,M,,,59
201200032163,12,4,2,1540,1,2,1,1.0,6,59350,M,,,59
201200032164,12,4,3,1620,1,2,2,1.0,3,59328,M,,,59
201200032165,12,3,30,1725,1,2,1,1.0,6,59560,M,,,59
201200032166,12,3,8,1545,1,2,1,1.0,6,59386,M,,,59
201200032167,12,4,3,2115,5,2,1,1.0,6,59009,M,,,59
201200032168,12,4,5,730,1,2,1,1.0,6,59457,M,,,59
201200032169,12,4,4,1540,1,2,3,1.0,6,59410,M,,,59
201200032170,12,4,8,2100,5,2,1,2.0,6,59009,M,,,59
201200032171,12,4,6,1750,1,2,1,1.0,3,59560,M,,,59
201200032172,12,4,6,1650,1,2,1,1.0,3,59560,M,,,59
201200032173,12,4,6,1020,1,2,2,1.0,3,59350,M,,,59
201200032174,12,4,7,1730,1,2,1,1.0,3,59350,M,,,59
201200032175,12,4,10,1920,2,2,1,1.0,6,59350,M,,,59
201200032176,12,4,10,800,1,2,1,1.0,6,59328,M,,,59
201200032177,12,4,10,1800,1,2,1,1.0,6,59360,M,,,59
201200032178,12,4,9,1600,1,2,1,2.0,6,59350,M,,,59
201200032179,12,4,4,2325,5,2,1,1.0,6,59350,M,,,59
201200032180,12,4,12,620,5,2,2,5.0,3,59350,M,,,59
201200032181,12,4,12,1500,1,2,1,3.0,6,59560,M,,,59
201200032182,12,4,13,300,5,2,2,1.0,3,59350,M,,,59
201200032183,12,4,11,1740,1,2,1,1.0,6,59350,M,,,59
201200032184,12,4,12,1135,1,2,1,1.0,6,59286,M,,,59
201200032185,12,4,14,1250,1,2,3,1.0,6,59350,M,,,59
201200032186,12,4,15,2030,2,2,2,1.0,3,59360,M,,,59
201200032187,12,5,7,1000,1,2,2,1.0,6,59009,M,,,59
201200032188,12,4,17,1440,1,2,1,1.0,6,59368,M,,,59
201200032189,12,4,11,750,1,2,1,1.0,2,59360,M,,,59
201200032190,12,4,16,1950,1,2,1,1.0,6,59350,M,,,59
201200032191,12,4,18,1220,1,2,2,8.0,6,59009,M,,,59
201200032192,12,4,18,1340,1,2,1,1.0,2,59220,M,,,59
201200032193,12,4,20,1530,1,2,2,1.0,3,59350,M,,,59
201200032194,12,4,20,1900,1,2,1,1.0,6,59378,M,,,59
201200032195,12,4,21,640,2,2,2,8.0,1,59009,M,,,59
201200032196,12,4,25,715,2,2,2,1.0,6,59350,M,,,59
201200032197,12,4,27,1810,1,2,1,1.0,6,59527,M,,,59
201200032198,12,4,27,2150,5,2,2,1.0,6,59328,M,,,59
201200032199,12,4,28,1800,1,2,2,2.0,3,59646,M,,,59
201200032200,12,4,29,1725,1,2,1,1.0,7,59350,M,,,59
201200032201,12,4,30,205,5,2,2,1.0,6,59350,M,,,59
201200032202,12,4,30,1330,1,2,2,1.0,3,59350,M,,,59
201200032203,12,5,1,10,5,2,1,1.0,7,59457,M,,,59
201200032204,12,5,2,1800,1,2,3,3.0,1,59648,M,,,59
201200032205,12,5,2,1610,1,2,3,1.0,6,59368,M,,,59
201200032206,12,5,2,1245,1,2,1,1.0,2,59356,M,,,59
201200032207,12,5,2,1900,1,2,4,2.0,3,59350,M,,,59
201200032208,12,5,2,1055,1,2,3,1.0,3,59009,M,,,59
201200032209,12,5,3,820,1,2,3,1.0,6,59350,M,,,59
201200032210,12,5,5,445,5,2,1,1.0,1,59378,M,5066476.0,310179.0,59
201200032211,12,5,4,1150,1,2,3,1.0,3,59410,M,,,59
201200032212,12,5,5,430,5,2,6,2.0,7,59009,M,,,59
201200032213,12,5,4,2330,5,2,5,1.0,3,59350,M,,,59
201200032214,12,5,6,1940,2,2,1,1.0,3,59368,M,,,59
201200032215,12,5,6,415,5,2,1,1.0,2,59378,M,,,59
201200032216,12,5,7,40,4,1,1,1.0,6,59350,M,,,59
201200032217,12,5,9,1630,1,2,1,1.0,6,59648,M,,,59
201200032218,12,5,10,2110,2,2,1,1.0,2,59350,M,,,59
201200032219,12,5,12,2245,3,1,1,1.0,1,59470,M,,,59
201200032220,12,4,27,1415,1,2,1,1.0,3,59350,M,,,59
201200032221,12,5,14,1830,1,2,3,1.0,3,59648,M,,,59
201200032222,12,5,14,810,1,2,2,1.0,6,59328,M,,,59
201200032223,12,5,15,755,1,2,2,7.0,3,59328,M,,,59
201200032224,12,5,14,1110,1,2,2,1.0,2,59378,M,,,59
201200032225,12,5,11,1400,1,2,1,1.0,6,59368,M,,,59
201200032226,12,5,14,735,1,2,1,1.0,6,59378,M,,,59
201200032227,12,5,11,1300,1,2,1,1.0,6,59350,M,,,59
201200032228,12,5,5,505,5,2,1,2.0,7,59193,M,,,59
201200032229,12,5,15,1220,1,2,1,1.0,6,59350,M,,,59
201200032230,12,5,15,1445,1,2,3,1.0,3,59350,M,,,59
201200032231,12,5,15,1705,1,2,2,8.0,3,59350,M,,,59
201200032232,12,5,17,125,5,2,1,1.0,6,59316,M,,,59
201200032233,12,5,15,2215,5,2,1,1.0,2,59350,M,,,59
201200032234,12,5,18,900,1,2,1,1.0,6,59350,M,,,59
201200032235,12,5,19,1800,1,2,3,1.0,3,59378,M,,,59
201200032236,12,5,21,900,1,2,3,1.0,6,59009,M,,,59
201200032237,12,5,21,1300,1,2,2,2.0,3,59350,M,,,59
201200032238,12,5,21,1320,1,2,1,1.0,6,59220,M,,,59
201200032239,12,5,22,1435,1,2,1,1.0,6,59350,M,,,59
201200032240,12,5,22,945,1,2,1,1.0,3,59350,M,,,59
201200032241,12,5,23,720,1,2,1,1.0,6,59328,M,,,59
201200032242,12,5,23,1230,1,2,1,1.0,2,59378,M,,,59
201200032243,12,5,23,1635,1,2,1,1.0,3,59378,M,,,59
201200032244,12,5,23,1650,1,2,3,1.0,3,59360,M,,,59
201200032245,12,5,23,2115,2,2,1,1.0,6,59350,M,,,59
201200032246,12,5,26,1020,1,2,1,1.0,3,59378,M,,,59
201200032247,12,5,27,1955,1,2,1,1.0,6,59350,M,,,59
201200032248,12,5,27,2025,1,2,1,1.0,6,59378,M,,,59
201200032249,12,5,28,1940,1,2,1,1.0,3,59350,M,,,59
201200032250,12,5,29,850,1,2,1,1.0,6,59378,M,,,59
201200032251,12,5,29,1100,1,2,3,1.0,6,59009,M,,,59
201200032252,12,5,29,1820,1,2,1,1.0,5,59009,M,,,59
201200032253,12,5,23,745,1,2,2,1.0,6,59378,M,,,59
201200032254,12,5,6,1645,1,2,1,1.0,7,59009,M,,,59
201200032255,12,5,25,2330,5,2,2,1.0,6,59378,M,,,59
201200032256,12,5,25,1900,1,2,2,1.0,6,59368,M,,,59
201200032257,12,5,31,1740,1,2,1,1.0,2,59648,M,,,59
201200032258,12,5,23,1020,1,2,1,1.0,6,59286,M,,,59
201200032259,12,6,1,1200,1,2,2,1.0,6,59009,M,,,59
201200032260,12,6,2,1425,1,1,1,1.0,6,59350,M,,,59
201200032261,12,6,2,1610,1,2,1,1.0,6,59350,M,,,59
201200032262,12,6,4,750,1,2,1,3.0,7,59378,M,,,59
201200032263,12,6,4,1345,1,2,2,2.0,3,59378,M,,,59
201200032264,12,6,5,1910,1,2,1,1.0,4,59378,M,,,59
201200032265,12,6,6,1550,1,2,2,1.0,2,59368,M,,,59
201200032266,12,6,6,2200,2,1,1,1.0,7,59350,M,,,59
201200032267,12,6,7,2345,5,2,3,1.0,6,59350,M,,,59
201200032268,12,6,7,1600,1,2,6,1.0,6,59350,M,,,59
201200032269,12,6,7,1450,1,2,1,1.0,6,59350,M,,,59
201200032270,12,6,6,1510,1,2,2,1.0,6,59368,M,,,59
201200032271,12,6,8,1925,1,2,1,1.0,2,59368,M,,,59
201200032272,12,6,10,2215,5,2,4,2.0,6,59378,M,,,59
201200032273,12,6,2,240,5,2,6,1.0,6,59386,M,,,59
201200032274,12,6,6,755,1,2,3,2.0,2,59560,M,,,59
201200032275,12,6,11,1515,1,2,1,1.0,6,59560,M,,,59
201200032276,12,6,11,1730,1,2,1,1.0,6,59636,M,,,59
201200032277,12,6,11,1350,1,2,1,1.0,6,59128,M,,,59
201200032278,12,6,11,1710,1,2,1,1.0,3,59560,M,,,59
201200032279,12,6,14,1925,1,2,1,1.0,6,59350,M,,,59
201200032280,12,6,15,1750,1,2,1,1.0,6,59350,M,,,59
201200032281,12,6,14,1425,1,2,2,1.0,3,59009,M,,,59
201200032282,12,6,14,1930,1,2,3,1.0,3,59350,M,,,59
201200032283,12,6,15,735,1,2,6,3.0,3,59343,M,,,59
201200032284,12,6,15,1730,1,2,1,1.0,5,59368,M,,,59
201200032285,12,6,15,2020,1,2,3,2.0,2,59378,M,,,59
201200032286,12,6,16,250,5,2,7,1.0,3,59350,M,,,59
201200032287,12,6,18,1000,1,2,1,1.0,6,59368,M,,,59
201200032288,12,6,18,1635,1,2,2,1.0,6,59368,M,,,59
201200032289,12,6,18,1815,1,2,1,1.0,5,59009,M,,,59
201200032290,12,6,19,1530,1,2,4,1.0,6,59378,M,,,59
201200032291,12,6,19,830,1,2,3,1.0,3,59527,M,,,59
201200032292,12,6,20,1050,1,2,1,1.0,6,59328,M,,,59
201200032293,12,6,21,1650,1,2,1,1.0,6,59009,M,,,59
201200032294,12,6,20,2020,1,2,2,1.0,3,59350,M,,,59
201200032295,12,6,22,2040,1,1,1,1.0,2,59009,M,,,59
201200032296,12,6,24,210,5,2,2,1.0,6,59507,M,,,59
201200032297,12,6,24,1330,1,2,2,2.0,2,59350,M,,,59
201200032298,12,6,25,1335,1,2,1,1.0,3,59378,M,5068728.0,309153.0,59
201200032299,12,6,25,845,1,2,2,1.0,6,59350,M,,,59
201200032300,12,6,11,1330,1,2,1,1.0,6,59410,M,,,59
201200032301,12,6,26,835,1,2,1,1.0,6,59350,M,,,59
201200032302,12,6,26,750,1,2,2,1.0,6,59368,M,,,59
201200032303,12,6,27,1805,1,2,1,1.0,6,59378,M,,,59
201200032304,12,6,11,1720,1,2,2,1.0,6,59350,M,,,59
201200032305,12,6,28,1430,1,2,3,1.0,7,59507,M,,,59
201200032306,12,6,28,1633,1,2,1,1.0,3,59009,M,,,59
201200032307,12,6,28,1713,1,2,2,1.0,2,59009,M,,,59
201200032308,12,6,29,1240,1,2,1,1.0,2,59350,M,,,59
201200032309,12,6,29,1645,1,2,1,1.0,6,59378,M,,,59
201200032310,12,6,26,1620,1,2,1,2.0,7,59350,M,,,59
201200032311,12,7,2,1330,1,2,1,1.0,6,59410,M,,,59
201200032312,12,7,2,1705,1,2,1,1.0,3,59350,M,,,59
201200032313,12,7,5,850,1,2,2,1.0,6,59350,M,,,59
201200032314,12,7,5,1205,1,2,7,1.0,6,59350,M,,,59
201200032315,12,7,5,1735,1,2,1,1.0,6,59286,M,,,59
201200032316,12,7,6,955,1,2,1,2.0,6,59350,M,,,59
201200032317,12,7,7,600,1,2,3,1.0,6,59527,M,,,59
201200032318,12,7,7,1935,1,2,1,3.0,6,59350,M,,,59
201200032319,12,7,7,25,5,2,2,1.0,6,59368,M,,,59
201200032320,12,5,31,1800,1,2,1,1.0,6,59350,M,,,59
201200032321,12,7,2,2145,1,2,1,1.0,7,59220,M,,,59
201200032322,12,7,10,1700,1,2,2,1.0,6,59350,M,,,59
201200032323,12,7,8,1450,1,2,1,1.0,6,59350,M,,,59
201200032324,12,7,11,1900,1,1,3,1.0,3,59356,M,,,59
201200032325,12,7,12,1005,1,2,1,1.0,3,59328,M,,,59
201200032326,12,7,13,1725,1,2,1,1.0,6,59350,M,,,59
201200032327,12,7,13,1750,1,2,2,1.0,3,59368,M,,,59
201200032328,12,7,13,1945,1,2,3,1.0,6,59410,M,,,59
201200032329,12,7,14,2351,5,2,2,1.0,3,59378,M,,,59
201200032330,12,7,16,1640,1,2,3,1.0,6,59560,M,,,59
201200032331,12,7,2,820,1,2,1,1.0,6,59286,M,,,59
201200032332,12,7,18,755,1,2,1,1.0,6,59350,M,,,59
201200032333,12,7,20,1710,1,2,1,2.0,3,59437,M,,,59
201200032334,12,7,20,1415,1,2,3,1.0,6,59386,M,,,59
201200032335,12,7,20,1540,1,2,1,1.0,6,59350,M,,,59
201200032336,12,7,21,340,5,2,2,1.0,6,59286,M,,,59
201200032337,12,7,23,1550,1,2,3,1.0,6,59350,M,,,59
201200032338,12,7,23,1845,1,2,2,1.0,6,59368,M,,,59
201200032339,12,7,25,1015,1,2,1,1.0,2,59360,M,,,59
201200032340,12,7,25,1010,1,2,3,1.0,6,59360,M,,,59
201200032341,12,7,26,830,1,2,3,1.0,6,59368,M,,,59
201200032342,12,7,27,1430,1,1,1,1.0,6,59410,M,,,59
201200032343,12,7,28,1915,1,2,1,1.0,6,59350,M,5063018.0,302003.0,59
201200032344,12,7,20,1720,1,2,1,1.0,6,59410,M,,,59
201200032345,12,7,30,1640,1,2,3,1.0,3,59350,M,,,59
201200032346,12,7,30,1645,1,2,1,1.0,6,59350,M,,,59
201200032347,12,7,30,1845,1,2,1,1.0,6,59009,M,,,59
201200032348,12,8,1,1500,1,2,1,1.0,6,59350,M,,,59
201200032349,12,8,2,2305,5,2,2,1.0,3,59350,M,,,59
201200032350,12,8,7,1300,1,2,3,1.0,3,59378,M,,,59
201200032351,12,8,7,2130,5,2,3,1.0,6,59350,M,,,59
201200032352,12,8,9,1635,1,2,3,1.0,6,59410,M,,,59
201200032353,12,8,10,1715,1,2,1,1.0,2,59350,M,,,59
201200032354,12,8,10,1330,1,2,3,1.0,6,59585,M,,,59
201200032355,12,8,10,1905,1,2,2,1.0,3,59009,M,,,59
201200032356,12,8,12,1620,1,2,1,1.0,6,59470,M,,,59
201200032357,12,8,16,1100,1,1,1,1.0,6,59009,M,5061722.0,312904.0,59
201200032358,12,8,16,1535,1,2,1,1.0,2,59350,M,,,59
201200032359,12,8,16,1910,1,2,1,1.0,3,59360,M,,,59
201200032360,12,8,17,1850,1,2,2,1.0,3,59368,M,,,59
201200032361,12,8,19,205,5,2,2,1.0,3,59350,M,,,59
201200032362,12,8,20,1915,1,2,1,1.0,6,59368,M,,,59
201200032363,12,8,20,1550,1,2,1,1.0,3,59009,M,,,59
201200032364,12,8,21,1820,1,2,1,1.0,1,59350,M,,,59
201200032365,12,8,21,1450,1,2,1,1.0,3,59566,M,,,59
201200032366,12,8,21,1300,1,2,2,1.0,3,59350,M,,,59
201200032367,12,8,11,225,5,2,1,1.0,6,59350,M,,,59
201200032368,12,8,22,800,1,2,2,1.0,3,59378,M,,,59
201200032369,12,8,21,830,1,2,2,1.0,6,59350,M,,,59
201200032370,12,8,22,1840,1,2,1,1.0,3,59507,M,,,59
201200032371,12,8,23,905,1,2,1,7.0,6,59350,M,,,59
201200032372,12,8,23,1520,1,2,1,1.0,4,59350,M,,,59
201200032373,12,8,20,715,1,2,3,1.0,5,59648,M,,,59
201200032374,12,8,23,1120,1,2,2,1.0,3,59507,M,,,59
201200032375,12,8,25,210,5,2,1,1.0,6,59009,M,,,59
201200032376,12,8,27,2324,5,2,1,1.0,6,59009,M,5064255.0,312686.0,59
201200032377,12,8,27,1600,1,2,3,1.0,3,59360,M,,,59
201200032378,12,8,10,1220,1,2,1,1.0,2,59350,M,,,59
201200032379,12,8,27,2030,2,2,1,1.0,6,59410,M,,,59
201200032380,12,8,29,1000,1,2,3,1.0,3,59350,M,,,59
201200032381,12,8,30,1140,1,2,1,1.0,3,59410,M,,,59
201200032382,12,8,17,2315,4,2,2,2.0,6,59350,M,,,59
201200032383,12,8,31,1305,1,2,2,1.0,3,59350,M,,,59
201200032384,12,9,1,1530,1,2,1,1.0,6,59350,M,,,59
201200032385,12,9,1,1825,1,2,1,1.0,6,59009,M,,,59
201200032386,12,9,1,1730,1,2,1,1.0,6,59343,M,,,59
201200032387,12,9,2,50,5,2,1,1.0,6,59350,M,,,59
201200032388,12,9,2,1715,1,2,1,1.0,2,59328,M,,,59
201200032389,12,8,27,1430,1,2,1,1.0,6,59350,M,,,59
201200032390,12,9,4,1930,1,2,3,1.0,3,59648,M,,,59
201200032391,12,9,5,1450,1,2,3,1.0,3,59360,M,,,59
201200032392,12,9,6,1045,1,2,1,1.0,3,59350,M,,,59
201200032393,12,9,7,1130,1,2,1,1.0,6,59350,M,,,59
201200032394,12,9,8,1055,1,2,1,1.0,6,59350,M,,,59
201200032395,12,9,8,1230,1,2,3,1.0,6,59350,M,,,59
201200032396,12,9,8,1430,1,2,1,1.0,6,59350,M,,,59
201200032397,12,9,8,1455,1,2,2,1.0,6,59350,M,,,59
201200032398,12,9,8,1730,1,2,1,1.0,2,59350,M,,,59
201200032399,12,9,7,1830,1,2,1,1.0,6,59350,M,,,59
201200032400,12,9,3,2050,1,2,1,1.0,1,59437,M,,,59
201200032401,12,9,2,1630,1,2,1,1.0,2,59350,M,,,59
201200032402,12,9,10,900,1,2,1,1.0,3,59386,M,,,59
201200032403,12,9,8,1650,1,2,1,1.0,6,59648,M,,,59
201200032404,12,9,7,1645,1,2,1,1.0,6,59527,M,,,59
201200032405,12,9,10,1305,1,2,2,1.0,3,59350,M,,,59
201200032406,12,9,11,955,1,2,9,2.0,6,59328,M,,,59
201200032407,12,9,11,1820,1,2,2,1.0,3,59009,M,,,59
201200032408,12,9,8,1545,1,2,1,1.0,2,59410,M,,,59
201200032409,12,9,12,1405,1,2,1,1.0,3,59350,M,,,59
201200032410,12,9,14,1905,1,2,1,1.0,3,59346,M,,,59
201200032411,12,9,14,1910,1,2,3,1.0,7,59286,M,,,59
201200032412,12,9,16,1425,1,2,2,1.0,3,59350,M,,,59
201200032413,12,9,15,2250,5,2,2,1.0,6,59360,M,,,59
201200032414,12,9,16,1835,1,2,1,1.0,2,59009,M,,,59
201200032415,12,9,17,1340,1,2,6,1.0,3,59350,M,,,59
201200032416,12,9,18,1650,1,2,2,1.0,3,59410,M,,,59
201200032417,12,9,19,1450,1,2,1,1.0,6,59368,M,,,59
201200032418,12,9,19,2250,5,2,1,1.0,7,59648,M,,,59
201200032419,12,9,20,2035,5,2,1,1.0,6,59368,M,,,59
201200032420,12,9,21,1335,1,2,1,1.0,6,59350,M,,,59
201200032421,12,9,22,1905,1,2,1,1.0,6,59328,M,,,59
201200032422,12,9,22,2035,5,2,1,1.0,6,59368,M,5065183.0,308148.0,59
201200032423,12,9,16,1410,1,2,3,1.0,6,59350,M,,,59
201200032424,12,9,13,2000,1,2,2,1.0,6,59378,M,,,59
201200032425,12,9,24,915,1,2,1,1.0,6,59350,M,,,59
201200032426,12,9,24,1815,1,2,1,1.0,6,59507,M,,,59
201200032427,12,9,24,1545,1,2,2,1.0,3,59009,M,,,59
201200032428,12,9,24,1500,1,2,1,2.0,6,59009,M,,,59
201200032429,12,9,24,1445,1,2,1,2.0,6,59350,M,,,59
201200032430,12,9,13,1710,1,2,1,1.0,6,59350,M,,,59
201200032431,12,9,25,755,1,2,1,1.0,3,59328,M,,,59
201200032432,12,9,25,1430,1,2,1,1.0,3,59350,M,,,59
201200032433,12,9,26,1305,1,2,1,1.0,6,59350,M,,,59
201200032434,12,9,26,840,1,2,2,2.0,3,59286,M,,,59
201200032435,12,9,23,1415,1,2,2,1.0,3,59386,M,,,59
201200032436,12,9,26,1145,1,2,3,1.0,6,59507,M,,,59
201200032437,12,9,27,1330,1,2,2,1.0,6,59009,M,,,59
201200032438,12,9,27,1310,1,2,2,1.0,6,59350,M,,,59
201200032439,12,9,27,1405,1,2,2,2.0,3,59648,M,,,59
201200032440,12,9,25,2155,1,2,2,2.0,3,59350,M,,,59
201200032441,12,9,28,1345,1,2,1,1.0,3,59350,M,,,59
201200032442,12,9,28,1550,1,2,7,1.0,3,59350,M,,,59
201200032443,12,9,29,1121,1,2,6,1.0,3,59009,M,,,59
201200032444,12,9,29,1540,1,2,1,1.0,6,59507,M,,,59
201200032445,12,9,30,400,4,2,1,1.0,6,59360,M,,,59
201200032446,12,9,26,735,1,1,1,1.0,6,59193,M,,,59
201200032447,12,9,30,1840,1,2,1,1.0,5,59527,M,,,59
201200032448,12,9,30,1840,1,2,2,1.0,3,59350,M,,,59
201200032449,12,9,30,1500,1,2,1,1.0,6,59350,M,,,59
201200032450,12,9,28,1630,1,2,1,1.0,5,59328,M,,,59
201200032451,12,9,28,1827,1,2,1,1.0,6,59560,M,,,59
201200032452,12,10,1,2215,5,2,3,1.0,3,59350,M,,,59
201200032453,12,9,28,825,1,2,2,1.0,6,59378,M,,,59
201200032454,12,9,28,1345,1,2,1,1.0,3,59350,M,,,59
201200032455,12,10,4,1300,1,2,6,1.0,6,59350,M,,,59
201200032456,12,10,4,1650,1,2,1,1.0,6,59350,M,,,59
201200032457,12,10,4,1220,1,2,2,1.0,6,59648,M,,,59
201200032458,12,10,5,2220,5,2,2,1.0,3,59648,M,,,59
201200032459,12,10,7,200,5,2,1,1.0,7,59585,M,,,59
201200032460,12,10,7,215,5,2,1,1.0,7,59009,M,,,59
201200032461,12,10,7,300,5,2,1,1.0,6,59350,M,,,59
201200032462,12,10,8,940,1,2,1,1.0,3,59368,M,,,59
201200032463,12,10,8,1320,1,2,4,1.0,6,59386,M,,,59
201200032464,12,10,7,35,5,2,1,8.0,4,59350,M,,,59
201200032465,12,10,9,745,2,2,1,1.0,6,59368,M,,,59
201200032466,12,10,4,1635,1,2,3,1.0,3,59527,M,,,59
201200032467,12,9,26,750,2,1,1,2.0,3,59527,M,,,59
201200032468,12,9,28,2300,5,2,2,1.0,3,59350,M,,,59
201200032469,12,10,9,1900,2,2,1,1.0,1,59350,M,,,59
201200032470,12,10,10,1200,1,2,2,1.0,6,59328,M,,,59
201200032471,12,10,10,1330,1,2,1,1.0,6,59507,M,,,59
201200032472,12,10,11,840,1,2,1,1.0,6,59378,M,,,59
201200032473,12,10,12,245,5,2,1,2.0,7,59368,M,,,59
201200032474,12,10,12,1640,1,2,1,1.0,6,59009,M,,,59
201200032475,12,10,13,45,5,2,1,1.0,6,59009,M,,,59
201200032476,12,10,15,750,2,2,1,1.0,7,59527,M,,,59
201200032477,12,10,14,1140,1,2,3,1.0,6,59009,M,,,59
201200032478,12,10,12,550,5,2,1,2.0,3,59328,M,,,59
201200032479,12,10,12,1000,1,2,1,2.0,3,59009,M,,,59
201200032480,12,10,16,930,1,2,1,1.0,2,59350,M,,,59
201200032481,12,10,16,1900,1,2,1,1.0,7,59316,M,,,59
201200032482,12,10,17,320,5,2,1,2.0,7,59368,M,,,59
201200032483,12,10,17,1045,1,2,3,1.0,6,59286,M,,,59
201200032484,12,10,17,1610,1,2,1,1.0,6,59350,M,,,59
201200032485,12,10,18,745,2,2,1,2.0,6,59378,M,,,59
201200032486,12,9,25,1705,1,1,1,1.0,6,59507,M,,,59
201200032487,12,10,18,1355,1,2,2,2.0,3,59350,M,,,59
201200032488,12,10,18,1930,4,2,1,1.0,6,59009,M,,,59
201200032489,12,10,19,750,1,2,2,1.0,6,59350,M,,,59
201200032490,12,10,19,845,1,2,1,8.0,5,59328,M,,,59
201200032491,12,10,19,1745,1,2,1,2.0,6,59009,M,,,59
201200032492,12,10,19,2115,5,2,1,2.0,6,59648,M,,,59
201200032493,12,10,20,520,5,2,1,2.0,3,59566,M,,,59
201200032494,12,10,20,1900,2,2,3,1.0,3,59350,M,,,59
201200032495,12,10,20,1540,1,2,1,1.0,6,59350,M,,,59
201200032496,12,10,19,1045,1,2,1,1.0,6,59378,M,,,59
201200032497,12,10,22,650,2,2,1,1.0,2,59009,M,,,59