Num_Acc,an,mois,jour,hrmn,lum,agg,int,atm,col,com,gps,lat,long,dep
201200032498,12,10,22,1700,1,2,1,1.0,1,59328,M,,,59
201200032499,12,10,23,1220,1,2,1,1.0,5,59350,M,,,59
201200032500,12,10,22,2100,5,2,1,1.0,6,59350,M,,,59
201200032501,12,10,24,1815,1,2,1,1.0,3,59350,M,,,59
201200032502,12,10,24,2200,5,2,2,1.0,3,59350,M,,,59
201200032503,12,10,24,1700,1,2,1,1.0,3,59378,M,,,59
201200032504,12,10,23,1915,2,2,1,1.0,3,59378,M,,,59
201200032505,12,10,26,1740,1,2,2,2.0,6,59507,M,,,59
201200032506,12,10,25,1640,1,2,1,1.0,3,59560,M,,,59
201200032507,12,10,27,1130,1,2,1,1.0,6,59648,M,,,59
201200032508,12,10,27,340,5,2,1,1.0,7,59286,M,,,59
201200032509,12,10,26,1320,1,2,1,1.0,6,59009,M,,,59
201200032510,12,10,28,1320,1,2,2,1.0,3,59410,M,,,59
201200032511,12,10,29,1055,1,2,1,2.0,6,59350,M,,,59
201200032512,12,10,29,1545,1,2,1,3.0,5,59566,M,,,59
201200032513,12,10,29,1810,5,2,1,2.0,1,59009,M,,,59
201200032514,12,10,26,900,1,2,1,1.0,6,59410,M,,,59
201200032515,12,10,30,1630,1,2,1,1.0,6,59560,M,,,59
201200032516,12,10,30,2045,2,2,1,1.0,6,59350,M,,,59
201200032517,12,10,30,2235,5,2,1,1.0,6,59648,M,,,59
201200032518,12,10,31,1930,5,2,1,1.0,3,59350,M,,,59
201200032519,12,10,21,400,4,2,2,2.0,6,59350,M,,,59
201200032520,12,11,2,1215,1,2,1,1.0,3,59343,M,5058095.0,311032.0,59
201200032521,12,11,2,1045,1,2,1,1.0,6,59368,M,,,59
201200032522,12,11,2,1310,1,2,1,1.0,7,59350,M,,,59
201200032523,12,11,3,1345,1,2,2,1.0,6,59009,M,,,59
201200032524,12,11,3,2020,5,2,2,2.0,3,59350,M,,,59
201200032525,12,11,4,1400,1,2,2,1.0,6,59350,M,,,59
201200032526,12,11,5,1405,1,1,1,2.0,6,59560,M,,,59
201200032527,12,11,5,1700,5,2,1,8.0,3,59350,M,,,59
201200032528,12,11,5,1855,5,2,1,2.0,1,59350,M,,,59
201200032529,12,10,28,130,5,2,3,1.0,6,59328,M,,,59
201200032530,12,11,7,755,1,2,3,1.0,6,59350,M,,,59
201200032531,12,11,7,1900,5,2,1,1.0,2,59368,M,,,59
201200032532,12,11,9,755,2,2,1,1.0,6,59350,M,5063692.0,307295.0,59
201200032533,12,11,9,1500,1,2,2,1.0,6,59386,M,,,59
201200032534,12,11,9,1430,1,2,1,1.0,6,59350,M,,,59
201200032535,12,11,10,1515,1,2,1,1.0,6,59527,M,,,59
201200032536,12,11,10,1800,2,1,2,3.0,3,59360,M,,,59
201200032537,12,11,9,1745,5,2,1,1.0,3,59350,M,,,59
201200032538,12,11,13,1500,1,2,1,1.0,3,59350,M,,,59
201200032539,12,10,30,1520,1,2,3,1.0,6,59350,M,,,59
201200032540,12,11,14,820,1,2,2,5.0,3,59009,M,,,59
201200032541,12,11,17,1005,1,2,1,1.0,3,59343,M,,,59
201200032542,12,11,17,1405,1,2,3,1.0,6,59350,M,,,59
201200032543,12,11,17,1545,1,2,2,1.0,3,59360,M,,,59
201200032544,12,11,18,1730,2,2,1,2.0,6,59350,M,,,59
201200032545,12,11,18,1800,2,2,1,2.0,6,59350,M,,,59
201200032546,12,11,15,1025,1,2,1,1.0,6,59368,M,,,59
201200032547,12,11,19,1700,2,2,1,2.0,2,59350,M,,,59
201200032548,12,11,20,2300,5,2,1,8.0,6,59360,M,,,59
201200032549,12,11,20,1115,1,2,1,1.0,1,59527,M,,,59
201200032550,12,11,20,1430,1,2,2,1.0,3,59378,M,,,59
201200032551,12,11,19,1915,2,2,3,1.0,6,59350,M,,,59
201200032552,12,11,17,1140,1,2,1,1.0,2,59560,M,,,59
201200032553,12,11,22,845,1,2,1,2.0,2,59368,M,,,59
201200032554,12,11,22,1655,5,2,1,1.0,6,59350,M,,,59
201200032555,12,11,22,1415,1,2,2,1.0,3,59350,M,,,59
201200032556,12,11,22,1415,1,2,2,1.0,6,59378,M,,,59
201200032557,12,11,22,1315,1,2,1,1.0,6,59350,M,,,59
201200032558,12,11,24,1230,1,2,1,2.0,5,59009,M,,,59
201200032559,12,11,23,1850,5,2,1,2.0,3,59360,M,,,59
201200032560,12,11,23,745,2,2,1,3.0,3,59350,M,,,59
201200032561,12,11,23,745,5,2,1,2.0,6,59328,M,,,59
201200032562,12,11,24,1815,5,2,1,1.0,3,59378,M,,,59
201200032563,12,11,28,1500,1,2,1,7.0,3,59560,M,,,59
201200032564,12,11,29,1105,1,2,1,1.0,3,59560,M,,,59
201200032565,12,11,29,1850,4,2,1,2.0,6,59378,M,,,59
201200032566,12,11,29,2000,5,2,2,1.0,3,59350,M,,,59
201200032567,12,11,30,1,5,2,1,2.0,6,59378,M,,,59
201200032568,12,11,30,1840,1,2,1,2.0,6,59378,M,,,59
201200032569,12,12,1,1905,5,2,1,2.0,6,59410,M,,,59
201200032570,12,12,1,1837,5,2,2,2.0,3,59378,M,,,59
201200032571,12,12,3,1640,2,2,1,2.0,3,59350,M,,,59
201200032572,12,12,1,410,5,2,1,2.0,7,59378,M,,,59
201200032573,12,12,4,1945,5,2,1,3.0,6,59328,M,,,59
201200032574,12,12,4,2045,5,2,1,2.0,3,59350,M,,,59
201200032575,12,12,4,2350,5,2,2,1.0,3,59350,M,,,59
201200032576,12,12,5,1600,1,2,1,2.0,4,59360,M,,,59
201200032577,12,12,6,1010,1,2,1,1.0,6,59378,M,,,59
201200032578,12,12,6,1545,1,2,1,8.0,6,59350,M,,,59
201200032579,12,12,6,2220,5,2,3,1.0,3,59350,M,,,59
201200032580,12,12,6,1620,1,2,1,1.0,3,59350,M,,,59
201200032581,12,12,7,1500,1,2,1,3.0,6,59328,M,,,59
201200032582,12,12,8,555,5,2,1,1.0,6,59350,M,,,59
201200032583,12,12,8,1020,1,2,1,1.0,3,59378,M,,,59
201200032584,12,12,8,1515,1,2,1,1.0,6,59410,M,,,59
201200032585,12,12,8,1930,5,2,1,1.0,6,59350,M,,,59
201200032586,12,12,9,2010,5,2,3,2.0,3,59350,M,,,59
201200032587,12,12,9,230,5,2,2,1.0,6,59350,M,,,59
201200032588,12,12,11,1005,1,2,8,1.0,3,59286,M,,,59
201200032589,12,12,5,1550,1,2,3,1.0,3,59507,M,,,59
201200032590,12,12,3,1005,1,2,1,2.0,2,59350,M,,,59
201200032591,12,12,11,1910,5,2,1,1.0,2,59350,M,,,59
201200032592,12,12,12,1040,1,2,2,1.0,3,59350,M,,,59
201200032593,12,12,11,2000,5,2,1,1.0,6,59009,M,,,59
201200032594,12,12,12,1305,1,2,2,1.0,6,59350,M,,,59
201200032595,12,12,13,1625,2,2,1,2.0,6,59350,M,,,59
201200032596,12,12,13,1725,2,2,6,2.0,6,59368,M,,,59
201200032597,12,12,14,1300,1,2,3,2.0,3,59286,M,,,59
201200032598,12,12,15,1510,1,2,1,1.0,3,59009,M,,,59
201200032599,12,12,15,1950,2,2,1,1.0,6,59350,M,,,59
201200032600,12,12,16,320,5,2,5,1.0,6,59350,M,,,59
201200032601,12,12,17,750,5,2,1,2.0,6,59350,M,,,59
201200032602,12,12,17,1200,1,2,1,1.0,6,59360,M,,,59
201200032603,12,12,17,1145,1,2,1,2.0,2,59009,M,,,59
201200032604,12,12,17,1355,1,2,1,1.0,4,59368,M,,,59
201200032605,12,12,18,1355,1,2,3,2.0,6,59350,M,,,59
201200032606,12,12,18,1815,5,2,2,8.0,3,59378,M,,,59
201200032607,12,12,19,750,2,2,2,1.0,4,59368,M,,,59
201200032608,12,12,19,1600,1,2,1,8.0,6,59350,M,,,59
201200032609,12,12,19,1815,5,2,3,2.0,6,59009,M,,,59
201200032610,12,12,20,815,5,2,1,2.0,6,59378,M,,,59
201200032611,12,12,20,800,2,2,1,2.0,6,59378,M,,,59
201200032612,12,12,20,900,2,2,1,2.0,3,59009,M,,,59
201200032613,12,12,20,1745,5,2,2,3.0,6,59009,M,,,59
201200032614,12,12,20,1730,5,2,2,3.0,6,59350,M,,,59
201200032615,12,12,21,1700,1,2,1,2.0,6,59457,M,,,59
201200032616,12,12,22,555,5,1,1,2.0,6,59636,M,,,59
201200032617,12,12,22,145,5,2,1,2.0,6,59343,M,,,59
201200032618,12,12,22,1310,1,2,1,2.0,6,59368,M,,,59
201200032619,12,12,22,1010,1,2,1,2.0,3,59350,M,,,59
201200032620,12,12,21,1730,5,2,3,2.0,3,59350,M,,,59
201200032621,12,12,22,1540,1,2,1,3.0,4,59350,M,,,59
201200032622,12,12,14,1405,1,1,1,2.0,3,59560,M,,,59
201200032623,12,12,21,2120,5,2,1,1.0,6,59350,M,,,59
201200032624,12,12,21,2220,5,2,2,1.0,6,59350,M,,,59
201200032625,12,12,24,1300,1,2,1,1.0,3,59128,M,,,59
201200032626,12,12,24,1500,1,2,1,1.0,3,59328,M,,,59
201200032627,12,12,26,1025,1,2,1,1.0,6,59350,M,5061042.0,304534.0,59
201200032628,12,12,26,1035,1,2,2,1.0,3,59350,M,,,59
201200032629,12,12,24,1155,1,2,1,3.0,2,59350,M,,,59
201200032630,12,12,27,1830,5,2,1,2.0,6,59378,M,,,59
201200032631,12,12,27,1920,5,2,2,1.0,1,59328,M,,,59
201200032632,12,12,28,2000,5,2,1,2.0,1,59350,M,,,59
201200032633,12,12,29,1020,1,2,2,1.0,6,59560,M,,,59
201200032634,12,12,30,1805,2,2,2,1.0,6,59378,M,,,59
201200032635,12,12,26,1550,1,2,2,1.0,6,59648,M,,,59
201200032636,12,12,31,1130,1,2,1,1.0,6,59350,M,,,59
201200032637,12,1,15,1920,5,1,3,1.0,3,59392,M,5027977.0,399570.0,59
201200032638,12,4,16,2150,3,1,1,1.0,6,59365,M,,,59
201200032639,12,7,5,645,1,1,1,1.0,1,59225,M,,,59
201200032640,12,7,12,425,5,2,2,1.0,3,59392,M,5028113.0,393808.0,59
201200032641,12,8,30,1715,1,2,2,1.0,3,59392,M,,,59
201200032642,12,10,17,735,2,2,1,2.0,6,59365,M,,,59
201200032643,12,10,19,1650,1,2,1,1.0,6,59392,M,,,59
201200032644,12,1,1,1005,1,1,1,2.0,5,59299,M,,,59
201200032645,12,1,1,1029,1,2,3,2.0,3,59650,M,,,59
201200032646,12,1,2,1330,1,2,6,1.0,5,59299,M,,,59
201200032647,12,1,5,1945,5,2,3,3.0,2,59512,M,,,59
201200032648,12,1,6,845,1,2,1,1.0,6,59512,M,,,59
201200032649,12,1,7,1445,1,2,1,1.0,6,59650,M,,,59
201200032650,12,1,7,1450,1,2,2,1.0,3,59512,M,,,59
201200032651,12,1,8,2150,5,2,1,1.0,6,59512,M,,,59
201200032652,12,1,8,2118,5,2,4,1.0,3,59650,M,,,59
201200032653,12,1,13,1450,1,2,2,1.0,6,59512,M,,,59
201200032654,12,1,13,2120,5,2,2,1.0,6,59650,M,,,59
201200032655,12,1,14,1120,1,2,3,1.0,6,59512,M,,,59
201200032656,12,1,14,1615,1,2,1,1.0,1,59650,M,,,59
201200032657,12,1,9,1820,5,2,1,1.0,6,59299,M,,,59
201200032658,12,1,15,1810,5,2,2,1.0,6,59512,M,,,59
201200032659,12,1,16,820,1,2,1,1.0,6,59650,M,,,59
201200032660,12,1,18,640,5,2,2,1.0,3,59512,M,,,59
201200032661,12,1,17,2030,3,2,1,1.0,6,59163,M,,,59
201200032662,12,1,18,1845,5,2,4,2.0,1,59512,M,,,59
201200032663,12,1,19,830,2,2,2,2.0,6,59512,M,,,59
201200032664,12,1,19,1825,3,2,8,1.0,3,59646,M,,,59
201200032665,12,1,21,1850,1,1,1,2.0,6,59646,M,,,59
201200032666,12,1,23,800,1,2,1,1.0,6,59163,M,,,59
201200032667,12,1,23,700,5,2,2,1.0,3,59299,M,,,59
201200032668,12,1,23,2015,5,2,3,2.0,1,59512,M,,,59
201200032669,12,11,9,745,5,2,1,1.0,6,59512,M,,,59
201200032670,12,12,21,1820,3,2,1,1.0,6,59650,M,,,59
201200032671,12,1,27,730,5,2,2,1.0,3,59512,M,,,59
201200032672,12,1,27,1020,1,2,1,1.0,6,59512,M,,,59
201200032673,12,1,30,735,5,2,3,1.0,3,59650,M,,,59
201200032674,12,11,26,1955,5,2,1,1.0,6,59512,M,,,59
201200032675,12,2,2,1445,1,2,2,1.0,3,59339,M,,,59
201200032676,12,2,2,1215,1,2,2,1.0,6,59512,M,,,59
201200032677,12,2,7,10,5,2,1,1.0,6,59163,M,,,59
201200032678,12,2,9,800,1,2,2,1.0,6,59512,M,,,59
201200032679,12,2,9,1520,1,2,1,1.0,2,59512,M,,,59
201200032680,12,2,10,735,1,2,3,1.0,6,59512,M,,,59
201200032681,12,2,9,1715,1,2,3,1.0,6,59512,M,,,59
201200032682,12,2,17,1920,5,2,6,1.0,6,59512,M,,,59
201200032683,12,2,18,2355,5,2,2,2.0,3,59512,M,,,59
201200032684,12,2,19,2200,5,2,1,1.0,2,59650,M,,,59
201200032685,12,2,20,745,1,2,2,1.0,6,59512,M,,,59
201200032686,12,2,20,1800,1,2,1,1.0,6,59512,M,,,59
201200032687,12,2,20,2140,5,2,2,1.0,3,59512,M,,,59
201200032688,12,2,21,1545,1,2,1,1.0,6,59512,M,,,59
201200032689,12,2,23,2025,5,2,2,1.0,3,59512,M,,,59
201200032690,12,2,23,1520,1,2,1,1.0,6,59512,M,,,59
201200032691,12,1,20,845,1,2,1,1.0,6,59650,M,,,59
201200032692,12,2,26,1620,1,2,1,1.0,1,59512,M,,,59
201200032693,12,2,27,855,1,2,2,1.0,6,59512,M,,,59
201200032694,12,2,27,920,1,2,1,1.0,1,59512,M,,,59
201200032695,12,2,28,1340,1,2,3,1.0,2,59299,M,,,59
201200032696,12,3,1,145,5,2,1,2.0,6,59512,M,,,59
201200032697,12,2,29,2000,5,2,3,1.0,1,59646,M,,,59
201200032698,12,3,1,1720,1,2,2,1.0,5,59512,M,,,59
201200032699,12,2,28,1020,1,2,1,1.0,2,59512,M,,,59
201200032700,12,3,7,1810,2,2,1,2.0,6,59650,M,,,59
201200032701,12,3,12,1735,1,2,2,1.0,3,59299,M,,,59
201200032702,12,3,15,835,1,2,9,1.0,6,59512,M,,,59
201200032703,12,3,16,1750,1,2,1,1.0,6,59339,M,,,59
201200032704,12,2,28,1700,1,1,1,1.0,4,59367,M,,,59
201200032705,12,3,21,1655,1,2,3,1.0,5,59512,M,,,59
201200032706,12,3,22,830,1,2,1,1.0,6,59512,M,,,59
201200032707,12,3,22,1820,1,2,3,1.0,7,59512,M,,,59
201200032708,12,3,24,1705,1,2,1,1.0,3,59367,M,,,59
201200032709,12,3,27,930,1,2,2,1.0,3,59650,M,,,59
201200032710,12,3,28,1600,1,2,3,1.0,6,59163,M,,,59
201200032711,12,3,29,1710,1,2,1,1.0,6,59512,M,,,59
201200032712,12,3,29,1830,1,2,1,1.0,6,59512,M,,,59
201200032713,12,3,30,1250,1,2,2,1.0,3,59299,M,,,59
201200032714,12,4,2,2000,1,2,2,1.0,1,59512,M,,,59
201200032715,12,4,2,1705,1,2,2,1.0,3,59512,M,,,59
201200032716,12,4,5,1405,1,2,1,1.0,2,59512,M,,,59
201200032717,12,4,3,1130,1,2,1,1.0,6,59163,M,,,59
201200032718,12,4,7,1155,1,2,1,1.0,6,59299,M,,,59
201200032719,12,4,10,2135,5,2,6,2.0,3,59646,M,,,59
201200032720,12,4,10,1100,1,1,1,3.0,2,59367,M,,,59
201200032721,12,4,11,1600,1,2,1,1.0,2,59512,M,,,59
201200032722,12,4,11,1730,1,2,1,8.0,6,59512,M,,,59
201200032723,12,4,12,1755,1,2,1,1.0,6,59512,M,,,59
201200032724,12,4,16,1445,1,2,1,1.0,6,59299,M,5065429.0,318251.0,59
201200032725,12,4,18,535,5,2,3,8.0,7,59512,M,,,59
201200032726,12,4,19,1335,1,2,2,2.0,6,59512,M,,,59
201200032727,12,4,19,1530,1,2,1,2.0,3,59512,M,,,59
201200032728,12,4,20,1905,1,2,2,1.0,3,59512,M,,,59
201200032729,12,4,21,1605,1,2,3,1.0,3,59512,M,,,59
201200032730,12,4,22,1430,1,2,1,3.0,6,59650,M,,,59
201200032731,12,4,21,1210,1,2,2,1.0,3,59646,M,,,59
201200032732,12,4,27,1510,1,2,1,1.0,1,59163,M,,,59
201200032733,12,4,10,2050,5,2,1,1.0,3,59650,M,,,59
201200032734,12,5,2,2335,5,2,1,2.0,6,59646,M,,,59
201200032735,12,5,6,1115,1,2,2,1.0,6,59163,M,,,59
201200032736,12,5,6,1830,1,1,1,1.0,6,59163,M,,,59
201200032737,12,5,7,20,5,2,2,1.0,3,59650,M,,,59
201200032738,12,5,9,1450,1,2,2,1.0,6,59512,M,,,59
201200032739,12,5,9,1745,1,2,1,1.0,6,59512,M,,,59
201200032740,12,5,10,1735,1,2,1,1.0,6,59650,M,,,59
201200032741,12,4,6,2330,5,2,2,1.0,6,59512,M,,,59
201200032742,12,5,11,1930,1,2,1,1.0,6,59512,M,,,59
201200032743,12,5,11,2340,5,2,1,1.0,6,59512,M,,,59
201200032744,12,5,12,1500,1,2,2,1.0,1,59650,M,,,59
201200032745,12,5,13,1040,1,2,1,1.0,6,59512,M,,,59
201200032746,12,5,14,1755,1,2,2,1.0,1,59598,M,,,59
201200032747,12,5,15,1350,1,2,2,1.0,3,59512,M,,,59
201200032748,12,5,3,1156,1,2,1,1.0,5,59339,M,,,59
201200032749,12,5,15,1855,1,2,1,2.0,6,59512,M,,,59
201200032750,12,5,16,210,5,2,2,2.0,7,59512,M,,,59
201200032751,12,5,17,1500,1,2,1,1.0,7,59512,M,,,59
201200032752,12,5,19,1715,1,2,3,1.0,3,59646,M,,,59
201200032753,12,5,21,1310,1,2,2,1.0,6,59512,M,,,59
201200032754,12,5,22,2115,1,2,4,1.0,1,59650,M,,,59
201200032755,12,5,22,1130,1,2,1,1.0,6,59646,M,,,59
201200032756,12,5,23,1325,1,2,2,1.0,3,59512,M,,,59
201200032757,12,1,24,1825,5,2,1,2.0,6,59646,M,,,59
201200032758,12,5,24,910,1,2,3,1.0,1,59646,M,,,59
201200032759,12,5,26,1640,1,2,1,1.0,3,59512,M,,,59
201200032760,12,5,25,2005,1,2,1,1.0,3,59512,M,,,59
201200032761,12,5,28,1615,1,2,2,1.0,3,59650,M,,,59
201200032762,12,5,29,1920,1,2,1,1.0,6,59163,M,,,59
201200032763,12,5,29,2030,1,2,2,1.0,3,59512,M,,,59
201200032764,12,5,30,900,1,2,3,1.0,6,59512,M,,,59
201200032765,12,6,1,2230,3,2,3,1.0,3,59650,M,,,59
201200032766,12,6,3,2245,5,2,1,2.0,6,59512,M,,,59
201200032767,12,6,3,2151,5,2,3,8.0,6,59512,M,,,59
201200032768,12,6,4,1930,1,2,1,1.0,6,59512,M,,,59
201200032769,12,5,31,1210,1,2,2,1.0,3,59512,M,,,59
201200032770,12,6,7,1150,1,2,1,1.0,7,59646,M,,,59
201200032771,12,6,8,2215,5,2,6,1.0,3,59512,M,,,59
201200032772,12,6,9,20,5,2,1,1.0,1,59512,M,,,59
201200032773,12,6,9,10,5,2,1,1.0,7,59646,M,,,59
201200032774,12,6,8,1735,1,2,1,1.0,6,59512,M,,,59
201200032775,12,6,10,1710,1,2,1,1.0,6,59512,M,,,59
201200032776,12,6,10,2245,5,2,2,9.0,3,59512,M,,,59
201200032777,12,6,12,1140,1,2,1,1.0,6,59650,M,,,59
201200032778,12,6,12,1455,1,2,1,1.0,2,59646,M,,,59
201200032779,12,6,12,2046,1,2,1,1.0,6,59512,M,,,59
201200032780,12,6,8,1150,1,2,2,1.0,3,59512,M,,,59
201200032781,12,6,13,2205,5,2,3,1.0,3,59512,M,,,59
201200032782,12,6,14,2015,1,2,1,1.0,6,59512,M,,,59
201200032783,12,6,14,1730,1,2,1,1.0,3,59650,M,,,59
201200032784,12,6,15,1430,1,2,3,1.0,3,59512,M,,,59
201200032785,12,6,2,1640,1,1,1,1.0,6,59512,M,,,59
201200032786,12,6,16,1400,1,2,2,1.0,3,59512,M,,,59
201200032787,12,6,18,1100,1,2,6,1.0,3,59512,M,,,59
201200032788,12,5,1,1545,1,2,2,1.0,3,59512,M,,,59
201200032789,12,6,21,1900,1,2,1,1.0,6,59512,M,,,59
201200032790,12,6,25,530,2,2,2,1.0,3,59650,M,,,59
201200032791,12,6,27,1540,1,2,1,1.0,3,59512,M,,,59
201200032792,12,6,30,1700,1,2,2,3.0,6,59650,M,,,59
201200032793,12,7,2,125,5,2,1,1.0,3,59512,M,,,59
201200032794,12,7,2,1625,1,2,1,1.0,3,59512,M,,,59
201200032795,12,7,2,1930,1,2,3,1.0,3,59512,M,,,59
201200032796,12,7,5,1820,1,2,1,1.0,6,59650,M,,,59
201200032797,12,7,5,2000,1,2,1,1.0,6,59646,M,,,59
201200032798,12,7,8,1445,1,2,2,3.0,3,59339,M,,,59
201200032799,12,7,1,1955,1,2,1,1.0,6,59512,M,,,59
201200032800,12,7,11,725,1,2,1,1.0,6,59367,M,,,59
201200032801,12,7,12,750,1,2,1,9.0,3,59512,M,,,59
201200032802,12,7,12,1555,1,2,1,1.0,3,59339,M,,,59
201200032803,12,7,13,1735,1,2,1,1.0,6,59512,M,,,59
201200032804,12,7,14,15,5,2,2,1.0,3,59512,M,,,59
201200032805,12,7,17,1915,1,2,2,1.0,3,59650,M,,,59
201200032806,12,7,18,1700,1,2,4,1.0,6,59650,M,5070624.0,322281.0,59
201200032807,12,7,20,1800,1,2,3,1.0,3,59512,M,,,59
201200032808,12,7,21,1840,1,2,1,1.0,6,59163,M,,,59
201200032809,12,7,23,110,5,2,1,1.0,6,59598,M,,,59
201200032810,12,7,23,1015,1,2,2,1.0,4,59512,M,,,59
201200032811,12,7,23,1830,1,2,1,1.0,3,59512,M,,,59
201200032812,12,8,2,700,1,2,3,1.0,2,59512,M,,,59
201200032813,12,8,4,1830,1,2,2,1.0,3,59512,M,,,59
201200032814,12,8,6,1730,1,2,2,1.0,3,59163,M,,,59
201200032815,12,8,6,2130,5,2,3,1.0,3,59512,M,,,59
201200032816,12,8,7,840,1,2,2,1.0,3,59163,M,,,59
201200032817,12,8,8,2000,1,2,1,1.0,3,59339,M,,,59
201200032818,12,8,10,1005,1,2,1,1.0,6,59512,M,,,59
201200032819,12,8,13,1630,1,2,1,1.0,6,59512,M,5068140.0,317837.0,59
201200032820,12,8,15,1520,1,2,2,1.0,3,59650,M,,,59
201200032821,12,8,17,1025,1,2,1,1.0,3,59163,M,,,59
201200032822,12,8,17,1845,1,2,5,1.0,3,59512,M,,,59
201200032823,12,8,17,1725,1,2,3,1.0,6,59650,M,,,59
201200032824,12,8,18,2050,5,2,1,1.0,6,59512,M,,,59
201200032825,12,8,20,1840,1,2,1,1.0,3,59512,M,,,59
201200032826,12,8,20,2230,3,2,1,1.0,6,59512,M,,,59
201200032827,12,8,21,1500,1,1,1,1.0,2,59646,M,,,59
201200032828,12,8,21,1830,1,2,2,1.0,3,59512,M,,,59
201200032829,12,8,7,1120,1,2,2,1.0,3,59163,M,,,59
201200032830,12,8,27,2245,5,2,1,1.0,6,59512,M,,,59
201200032831,12,8,28,1230,1,2,6,1.0,3,59512,M,,,59
201200032832,12,8,30,830,1,2,8,7.0,6,59646,M,,,59
201200032833,12,8,29,1815,1,2,6,1.0,3,59299,M,,,59
201200032834,12,8,31,1810,1,2,8,1.0,6,59512,M,,,59
201200032835,12,9,3,900,1,2,4,2.0,3,59650,M,,,59
201200032836,12,9,4,1210,1,2,2,1.0,3,59512,M,,,59
201200032837,12,9,1,1400,1,2,1,1.0,3,59650,M,,,59
201200032838,12,9,8,1320,1,2,1,1.0,2,59299,M,,,59
201200032839,12,9,8,2005,2,2,1,1.0,6,59299,M,,,59
201200032840,12,9,11,1700,1,2,1,1.0,6,59598,M,,,59
201200032841,12,9,13,735,1,2,2,1.0,3,59650,M,,,59
201200032842,12,9,13,900,1,2,1,8.0,3,59299,M,,,59
201200032843,12,9,14,826,1,2,2,1.0,3,59512,M,,,59
201200032844,12,9,15,1215,1,2,3,1.0,6,59512,M,,,59
201200032845,12,9,11,1425,1,2,1,1.0,2,59650,M,,,59
201200032846,12,9,18,1600,1,2,1,1.0,3,59512,M,,,59
201200032847,12,9,18,1725,1,2,1,1.0,1,59512,M,,,59
201200032848,12,9,7,950,1,2,1,1.0,2,59299,M,,,59
201200032849,12,9,20,1700,1,2,1,1.0,5,59650,M,,,59
201200032850,12,9,20,1800,1,2,1,1.0,6,59512,M,,,59
201200032851,12,9,21,2020,4,2,2,1.0,4,59650,M,,,59
201200032852,12,9,23,2140,5,2,1,1.0,6,59512,M,,,59
201200032853,12,9,25,840,1,2,3,1.0,6,59512,M,,,59
201200032854,12,9,25,1340,1,2,1,1.0,3,59646,M,,,59
201200032855,12,9,25,2030,5,2,1,8.0,6,59512,M,,,59
201200032856,12,9,27,800,1,2,1,1.0,3,59646,M,,,59
201200032857,12,9,27,1450,1,2,2,1.0,3,59512,M,,,59
201200032858,12,9,28,1345,1,2,1,1.0,6,59512,M,,,59
201200032859,12,10,1,1820,2,2,2,2.0,3,59512,M,,,59
201200032860,12,10,1,1240,1,2,2,1.0,3,59512,M,,,59
201200032861,12,10,1,1900,1,2,2,2.0,1,59299,M,,,59
201200032862,12,10,3,1630,1,2,1,2.0,6,59512,M,,,59
201200032863,12,10,5,1300,1,2,1,2.0,3,59512,M,,,59
201200032864,12,10,5,1330,1,2,2,2.0,3,59512,M,,,59
201200032865,12,10,5,1415,1,2,3,2.0,3,59512,M,,,59
201200032866,12,10,4,1615,1,2,1,1.0,3,59650,M,,,59
201200032867,12,10,6,2200,5,2,2,2.0,1,59512,M,,,59
201200032868,12,10,7,1850,1,2,1,1.0,3,59646,M,,,59
201200032869,12,10,9,1715,1,2,2,1.0,3,59512,M,,,59
201200032870,12,10,10,905,1,2,1,1.0,3,59650,M,,,59
201200032871,12,10,10,1820,1,2,2,1.0,1,59512,M,,,59
201200032872,12,10,12,900,1,2,1,1.0,6,59512,M,,,59
201200032873,12,10,15,840,1,2,1,2.0,6,59512,M,,,59
201200032874,12,10,17,825,2,2,1,2.0,2,59512,M,,,59
201200032875,12,10,17,1345,1,2,2,2.0,3,59512,M,,,59
201200032876,12,10,18,1415,1,2,1,2.0,6,59512,M,,,59
201200032877,12,10,16,1018,1,2,1,1.0,3,59512,M,,,59
201200032878,12,10,19,1020,1,2,1,1.0,6,59650,M,,,59
201200032879,12,10,20,1015,1,2,2,1.0,2,59650,M,,,59
201200032880,12,10,21,1200,1,2,2,8.0,6,59512,M,,,59
201200032881,12,10,21,1415,1,2,2,1.0,6,59512,M,,,59
201200032882,12,10,22,910,1,2,1,2.0,3,59646,M,,,59
201200032883,12,10,18,2120,5,2,1,2.0,4,59512,M,,,59
201200032884,12,10,23,1955,5,2,1,1.0,2,59650,M,,,59
201200032885,12,10,24,1625,1,2,1,1.0,6,59163,M,,,59
201200032886,12,10,26,1300,1,2,3,2.0,3,59299,M,,,59
201200032887,12,10,30,1900,5,2,3,2.0,3,59650,M,,,59
201200032888,12,11,2,1240,1,2,1,2.0,6,59650,M,,,59
201200032889,12,11,2,1945,5,2,1,2.0,7,59339,M,,,59
201200032890,12,10,12,900,1,2,1,1.0,6,59512,M,,,59
201200032891,12,11,6,1130,1,2,1,1.0,6,59512,M,,,59
201200032892,12,11,7,1250,1,2,3,1.0,6,59163,M,,,59
201200032893,12,11,7,1400,1,2,1,1.0,6,59163,M,,,59
201200032894,12,11,7,2200,5,2,3,1.0,3,59650,M,,,59
201200032895,12,11,10,1930,3,2,1,2.0,1,59512,M,,,59
201200032896,12,11,15,2030,5,2,1,1.0,1,59650,M,,,59
201200032897,12,11,16,1435,1,2,1,1.0,2,59512,M,,,59
201200032898,12,11,17,1020,1,2,2,8.0,3,59512,M,,,59
201200032899,12,11,18,230,5,2,2,2.0,6,59650,M,,,59