Num_Acc,an,mois,jour,hrmn,lum,agg,int,atm,col,com,gps,lat,long,dep
201200032900,12,11,19,1540,1,2,1,1.0,3,59646,M,,,59
201200032901,12,11,19,2030,5,2,2,1.0,3,59512,M,,,59
201200032902,12,10,24,1125,1,2,2,1.0,3,59512,M,,,59
201200032903,12,11,20,2220,5,2,2,1.0,3,59512,M,,,59
201200032904,12,11,21,1730,5,2,3,1.0,3,59512,M,,,59
201200032905,12,11,14,1315,1,2,1,1.0,2,59512,M,,,59
201200032906,12,10,9,1250,1,2,1,1.0,6,59163,M,,,59
201200032907,12,11,22,1800,5,2,3,1.0,6,59367,M,,,59
201200032908,12,11,23,1250,1,1,6,2.0,3,59512,M,,,59
201200032909,12,11,15,1030,1,2,1,1.0,6,59646,M,,,59
201200032910,12,11,14,1335,1,1,1,1.0,3,59650,M,,,59
201200032911,12,11,12,1830,5,2,1,1.0,2,59650,M,,,59
201200032912,12,11,9,1835,5,2,1,1.0,6,59512,M,,,59
201200032913,12,11,28,1840,5,2,2,1.0,3,59512,M,,,59
201200032914,12,11,29,730,2,2,3,2.0,3,59512,M,,,59
201200032915,12,11,30,1530,1,2,2,1.0,6,59512,M,,,59
201200032916,12,11,30,1730,5,2,1,1.0,3,59512,M,,,59
201200032917,12,11,30,1930,5,2,2,2.0,3,59512,M,,,59
201200032918,12,12,3,1155,1,2,1,1.0,3,59512,M,,,59
201200032919,12,12,3,1250,1,2,3,2.0,3,59512,M,,,59
201200032920,12,12,4,730,2,2,1,1.0,6,59339,M,,,59
201200032921,12,12,4,1950,5,2,2,3.0,1,59512,M,,,59
201200032922,12,12,5,1945,5,2,1,2.0,6,59512,M,,,59
201200032923,12,12,5,2035,4,2,6,2.0,3,59163,M,,,59
201200032924,12,12,6,1820,5,2,1,1.0,6,59512,M,,,59
201200032925,12,12,7,915,1,2,2,4.0,3,59367,M,,,59
201200032926,12,12,7,1645,5,2,1,2.0,6,59512,M,,,59
201200032927,12,12,7,2130,5,2,1,1.0,3,59650,M,,,59
201200032928,12,12,9,1015,1,2,2,1.0,6,59512,M,,,59
201200032929,12,12,9,1545,1,2,1,1.0,6,59512,M,,,59
201200032930,12,12,10,1730,5,2,1,1.0,2,59512,M,,,59
201200032931,12,12,12,750,1,2,1,1.0,6,59646,M,,,59
201200032932,12,12,12,810,1,2,1,1.0,3,59163,M,,,59
201200032933,12,12,12,1345,1,2,1,1.0,3,59650,M,,,59
201200032934,12,12,12,1655,5,2,2,1.0,6,59512,M,,,59
201200032935,12,12,15,30,5,2,3,9.0,3,59512,M,,,59
201200032936,12,12,16,2345,5,2,1,2.0,6,59367,M,,,59
201200032937,12,12,17,1155,1,2,3,2.0,6,59646,M,,,59
201200032938,12,12,17,1700,5,2,3,1.0,3,59512,M,,,59
201200032939,12,12,17,1745,5,2,1,1.0,6,59512,M,,,59
201200032940,12,12,18,855,1,2,1,3.0,6,59512,M,,,59
201200032941,12,12,20,1720,5,2,2,3.0,6,59163,M,,,59
201200032942,12,12,11,850,1,2,2,9.0,7,59650,M,,,59
201200032943,12,12,21,1648,2,2,1,8.0,6,59367,M,,,59
201200032944,12,12,21,1835,5,2,1,2.0,3,59512,M,,,59
201200032945,12,12,21,2110,5,2,2,1.0,6,59163,M,5067910.0,314480.0,59
201200032946,12,12,26,2315,3,1,1,8.0,3,59299,M,,,59
201200032947,12,12,27,2100,5,2,2,2.0,3,59512,M,,,59
201200032948,12,12,28,1028,1,2,1,3.0,3,59650,M,,,59
201200032949,12,12,28,2030,5,2,6,2.0,7,59646,M,,,59
201200032950,12,5,11,830,1,1,3,1.0,3,59526,M,,,59
201200032951,12,6,25,1910,1,2,1,1.0,1,59526,M,,,59
201200032952,12,8,26,1745,1,2,1,1.0,2,59491,M,,,59
201200032953,12,9,25,1415,1,2,1,1.0,6,59526,M,,,59
201200032954,12,10,4,720,3,1,1,3.0,1,59284,M,,,59
201200032955,12,10,24,1930,1,2,6,1.0,6,59526,M,,,59
201200032956,12,11,13,810,1,2,3,1.0,6,59526,M,,,59
201200032957,12,1,10,800,5,2,1,1.0,3,59090,M,,,59
201200032958,12,1,4,745,5,2,1,1.0,3,59599,M,,,59
201200032959,12,1,4,2000,3,2,1,3.0,6,59426,M,,,59
201200032960,12,1,6,1025,1,2,1,1.0,6,59352,M,,,59
201200032961,12,1,7,1730,5,2,1,1.0,2,59352,M,,,59
201200032962,12,1,17,755,2,2,2,9.0,3,59279,M,,,59
201200032963,12,1,17,1705,2,2,1,1.0,6,59599,M,,,59
201200032964,12,1,24,1945,5,2,3,2.0,2,59279,M,,,59
201200032965,12,1,17,2145,5,2,3,1.0,3,59599,M,,,59
201200032966,12,1,19,615,5,2,3,2.0,3,59508,M,,,59
201200032967,12,1,21,2010,5,2,2,1.0,3,59152,M,,,59
201200032968,12,1,24,1730,5,2,1,2.0,5,59090,M,,,59
201200032969,12,1,25,755,5,2,1,2.0,6,59279,M,,,59
201200032970,12,1,25,1450,1,2,1,2.0,6,59508,M,,,59
201200032971,12,1,27,745,2,2,1,2.0,7,59508,M,,,59
201200032972,12,1,27,1450,1,2,2,1.0,3,59599,M,,,59
201200032973,12,1,22,1100,1,2,2,1.0,3,59090,M,,,59
201200032974,12,1,30,1840,5,2,1,1.0,3,59599,M,,,59
201200032975,12,1,30,1225,1,2,2,1.0,3,59426,M,,,59
201200032976,12,2,3,1200,1,2,1,1.0,1,59599,M,,,59
201200032977,12,2,5,250,5,2,1,9.0,6,59599,M,,,59
201200032978,12,2,9,945,1,2,1,1.0,2,59508,M,,,59
201200032979,12,2,10,820,1,2,1,1.0,6,59599,M,,,59
201200032980,12,2,10,820,1,2,1,1.0,6,59599,M,,,59
201200032981,12,2,10,900,1,2,1,1.0,6,59599,M,,,59
201200032982,12,2,10,1030,1,2,1,1.0,6,59599,M,,,59
201200032983,12,2,10,2000,5,2,1,9.0,6,59599,M,,,59
201200032984,12,2,11,2130,5,2,3,1.0,3,59599,M,,,59
201200032985,12,2,14,1815,5,2,3,2.0,6,59599,M,,,59
201200032986,12,2,15,1040,1,2,1,1.0,6,59599,M,,,59
201200032987,12,2,16,1840,5,2,1,8.0,6,59599,M,,,59
201200032988,12,2,20,855,1,2,1,1.0,2,59599,M,,,59
201200032989,12,2,23,1205,1,2,1,1.0,2,59599,M,,,59
201200032990,12,2,11,2200,5,2,1,1.0,6,59599,M,,,59
201200032991,12,2,25,1330,1,2,1,1.0,3,59279,M,,,59
201200032992,12,2,26,1445,1,2,3,1.0,1,59279,M,,,59
201200032993,12,2,26,2025,5,2,2,1.0,1,59599,M,,,59
201200032994,12,3,1,1640,1,2,2,1.0,3,59599,M,,,59
201200032995,12,3,3,2245,5,2,2,1.0,3,59599,M,,,59
201200032996,12,3,10,1615,1,2,1,1.0,7,59279,M,,,59
201200032997,12,3,11,2330,5,2,1,1.0,6,59599,M,,,59
201200032998,12,3,12,815,1,2,3,1.0,6,59599,M,,,59
201200032999,12,3,13,2230,5,2,3,1.0,3,59599,M,,,59
201200033000,12,3,14,1400,1,2,3,1.0,3,59599,M,,,59
201200033001,12,3,19,1140,1,2,3,1.0,7,59090,M,,,59
201200033002,12,3,19,1720,1,2,2,1.0,3,59279,M,,,59
201200033003,12,3,28,1915,1,2,1,1.0,3,59599,M,,,59
201200033004,12,3,29,630,5,2,6,1.0,3,59090,M,,,59
201200033005,12,3,29,1110,1,2,2,1.0,6,59599,M,,,59
201200033006,12,3,29,1310,1,2,1,1.0,6,59279,M,,,59
201200033007,12,3,30,1750,1,1,1,1.0,3,59508,M,,,59
201200033008,12,4,4,1130,1,2,1,1.0,2,59599,M,,,59
201200033009,12,4,16,2200,5,2,2,1.0,3,59599,M,,,59
201200033010,12,4,21,1600,1,2,1,2.0,6,59599,M,,,59
201200033011,12,4,21,1920,1,2,1,1.0,6,59599,M,,,59
201200033012,12,4,21,2145,5,2,3,1.0,6,59152,M,,,59
201200033013,12,4,23,1020,1,2,1,1.0,2,59599,M,,,59
201200033014,12,4,24,1850,1,2,1,2.0,3,59599,M,,,59
201200033015,12,4,29,2030,2,2,2,1.0,3,59279,M,,,59
201200033016,12,5,1,10,5,2,1,1.0,6,59098,M,,,59
201200033017,12,5,4,1600,1,2,1,1.0,6,59599,M,,,59
201200033018,12,5,9,2035,1,2,2,1.0,3,59599,M,,,59
201200033019,12,5,11,2330,5,2,3,1.0,3,59508,M,,,59
201200033020,12,5,12,1515,1,2,3,1.0,3,59599,M,,,59
201200033021,12,5,25,1220,1,2,1,1.0,3,59599,M,,,59
201200033022,12,5,25,1830,1,2,3,1.0,5,59599,M,,,59
201200033023,12,5,26,1900,1,2,3,1.0,2,59599,M,,,59
201200033024,12,5,29,1430,1,2,1,1.0,6,59599,M,,,59
201200033025,12,5,30,1925,1,2,1,1.0,6,59599,M,,,59
201200033026,12,5,31,754,1,2,3,1.0,3,59090,M,,,59
201200033027,12,6,5,1715,1,2,1,1.0,2,59426,M,,,59
201200033028,12,6,8,1340,1,2,1,2.0,3,59090,M,,,59
201200033029,12,6,9,1150,1,2,1,1.0,2,59599,M,,,59
201200033030,12,6,15,2130,5,2,1,9.0,3,59656,M,,,59
201200033031,12,6,16,1710,1,2,1,1.0,6,59599,M,,,59
201200033032,12,8,5,1215,1,2,2,1.0,3,59279,M,,,59
201200033033,12,6,16,1800,1,2,2,1.0,7,59279,M,,,59
201200033034,12,6,18,1830,1,2,1,1.0,3,59421,M,,,59
201200033035,12,6,20,1345,1,2,2,1.0,6,59599,M,,,59
201200033036,12,6,20,1650,1,2,1,1.0,3,59599,M,,,59
201200033037,12,6,22,2130,1,2,3,1.0,1,59599,M,,,59
201200033038,12,6,26,1640,1,1,1,1.0,3,59508,M,,,59
201200033039,12,6,29,1340,1,2,1,1.0,6,59599,M,,,59
201200033040,12,7,3,1800,1,2,1,2.0,6,59599,M,,,59
201200033041,12,7,4,1745,1,2,2,3.0,5,59508,M,,,59
201200033042,12,7,5,1130,1,2,2,1.0,3,59599,M,,,59
201200033043,12,7,6,1720,1,2,1,1.0,3,59090,M,,,59
201200033044,12,7,7,1715,1,1,6,1.0,3,59508,M,,,59
201200033045,12,7,8,430,5,2,1,8.0,7,59599,M,,,59
201200033046,12,7,11,550,1,1,3,1.0,1,59508,M,,,59
201200033047,12,7,11,2115,1,2,3,1.0,1,59352,M,,,59
201200033048,12,7,17,1055,1,2,1,1.0,2,59352,M,,,59
201200033049,12,7,19,847,1,2,2,1.0,3,59421,M,,,59
201200033050,12,7,30,1245,1,2,1,1.0,1,59279,M,,,59
201200033051,12,7,31,1700,1,2,1,1.0,3,59599,M,,,59
201200033052,12,8,3,930,1,2,1,1.0,2,59599,M,,,59
201200033053,12,8,9,1350,1,2,1,1.0,7,59352,M,,,59
201200033054,12,8,18,1055,1,2,1,1.0,7,59090,M,,,59
201200033055,12,8,19,2240,5,2,1,1.0,1,59279,M,,,59
201200033056,12,8,22,1250,1,1,6,1.0,3,59152,M,,,59
201200033057,12,8,24,2000,5,2,3,2.0,2,59508,M,,,59
201200033058,12,8,25,1430,1,2,1,1.0,6,59599,M,,,59
201200033059,12,8,30,2140,3,2,1,2.0,6,59279,M,,,59
201200033060,12,9,4,825,1,2,3,5.0,3,59090,M,,,59
201200033061,12,11,14,1650,1,2,1,1.0,3,59090,M,,,59
201200033062,12,9,6,1750,1,2,1,1.0,3,59508,M,,,59
201200033063,12,9,7,715,1,2,2,1.0,3,59599,M,,,59
201200033064,12,9,7,800,1,2,1,1.0,3,59090,M,,,59
201200033065,12,9,6,1650,1,2,1,1.0,6,59599,M,,,59
201200033066,12,9,7,1430,1,2,1,1.0,6,59279,M,,,59
201200033067,12,9,7,1545,1,2,1,1.0,6,59599,M,,,59
201200033068,12,9,7,1620,1,2,2,1.0,3,59421,M,,,59
201200033069,12,9,10,1700,1,2,1,1.0,3,59508,M,,,59
201200033070,12,9,14,1800,1,2,1,1.0,7,59090,M,,,59
201200033071,12,9,15,1512,1,2,1,1.0,6,59508,M,,,59
201200033072,12,9,16,230,5,2,1,1.0,1,59352,M,,,59
201200033073,12,9,19,1100,1,2,1,1.0,6,59599,M,,,59
201200033074,12,9,19,1740,1,2,3,1.0,3,59426,M,,,59
201200033075,12,9,19,2115,5,2,3,1.0,3,59599,M,,,59
201200033076,12,9,20,1900,1,2,1,1.0,6,59599,M,,,59
201200033077,12,9,24,1900,1,2,1,8.0,6,59599,M,,,59
201200033078,12,9,25,745,1,2,1,2.0,4,59508,M,,,59
201200033079,12,9,25,1820,2,2,6,1.0,6,59599,M,,,59
201200033080,12,9,30,1535,1,2,3,1.0,3,59152,M,,,59
201200033081,12,10,2,1950,5,1,2,1.0,3,59426,M,,,59
201200033082,12,10,5,1640,1,2,1,8.0,6,59508,M,,,59
201200033083,12,10,9,1100,1,2,1,1.0,6,59599,M,,,59
201200033084,12,10,10,1730,1,2,1,1.0,2,59599,M,,,59
201200033085,12,10,12,1445,1,2,2,1.0,5,59508,M,,,59
201200033086,12,10,16,645,5,2,3,2.0,3,59599,M,,,59
201200033087,12,10,16,800,5,2,2,2.0,3,59421,M,,,59
201200033088,12,10,16,1415,1,2,2,1.0,6,59599,M,,,59
201200033089,12,10,21,1830,1,2,1,2.0,6,59599,M,,,59
201200033090,12,10,24,1700,1,2,3,1.0,1,59098,M,,,59
201200033091,12,10,24,1630,1,2,1,1.0,6,59090,M,,,59
201200033092,12,10,28,1215,1,2,6,1.0,3,59090,M,,,59
201200033093,12,10,30,1315,1,1,1,1.0,3,59508,M,,,59
201200033094,12,11,4,1550,1,1,9,1.0,3,59426,M,,,59
201200033095,12,11,5,1710,2,2,1,2.0,6,59599,M,,,59
201200033096,12,11,6,1320,1,1,1,1.0,6,59152,M,,,59
201200033097,12,11,6,1940,5,2,1,2.0,7,59599,M,,,59
201200033098,12,11,7,1820,5,2,1,1.0,3,59090,M,,,59
201200033099,12,11,13,810,1,2,1,1.0,3,59599,M,,,59
201200033100,12,11,13,1840,5,2,1,1.0,2,59656,M,,,59
201200033101,12,11,15,1630,1,2,1,1.0,2,59599,M,,,59
201200033102,12,11,17,1435,1,2,1,1.0,3,59508,M,,,59
201200033103,12,11,17,1800,5,2,2,8.0,3,59599,M,,,59
201200033104,12,11,19,1020,1,2,2,1.0,3,59599,M,,,59
201200033105,12,11,19,1140,1,2,1,1.0,3,59508,M,,,59
201200033106,12,11,19,1430,1,2,1,8.0,7,59279,M,5076744.0,314345.0,59
201200033107,12,11,22,1520,1,2,2,1.0,6,59599,M,,,59
201200033108,12,11,26,1430,1,2,3,1.0,6,59421,M,,,59
201200033109,12,11,28,1400,1,1,1,1.0,3,59426,M,,,59
201200033110,12,12,12,810,2,2,1,1.0,4,59508,M,,,59
201200033111,12,11,29,850,1,2,3,2.0,3,59599,M,,,59
201200033112,12,11,24,1930,1,2,1,1.0,6,59599,M,,,59
201200033113,12,11,30,1340,1,2,1,1.0,5,59508,M,,,59
201200033114,12,11,30,1620,1,2,1,1.0,6,59279,M,,,59
201200033115,12,12,1,2040,5,2,2,2.0,6,59421,M,,,59
201200033116,12,12,1,2300,5,2,1,2.0,6,59599,M,,,59
201200033117,12,12,2,1950,5,2,2,1.0,3,59599,M,,,59
201200033118,12,12,1,1400,1,2,2,1.0,3,59599,M,,,59
201200033119,12,12,4,1002,1,2,1,7.0,6,59421,M,,,59
201200033120,12,12,4,1825,5,1,2,2.0,3,59426,M,,,59
201200033121,12,12,10,745,5,2,1,2.0,6,59599,M,,,59
201200033122,12,12,12,1320,1,2,1,7.0,1,59152,M,,,59
201200033123,12,12,13,2030,5,2,1,1.0,6,59279,M,,,59
201200033124,12,12,13,1930,3,2,1,2.0,6,59421,M,,,59
201200033125,12,12,16,1710,5,2,3,9.0,3,59599,M,,,59
201200033126,12,12,18,1440,1,2,9,3.0,3,59352,M,,,59
201200033127,12,12,20,1130,1,2,1,3.0,3,59599,M,,,59
201200033128,12,12,26,1100,1,2,4,1.0,6,59599,M,,,59
201200033129,12,1,1,315,3,1,1,1.0,1,59447,M,,,59
201200033130,12,1,9,1130,1,2,1,1.0,6,59079,M,5038827.0,350538.0,59
201200033131,12,12,5,1010,1,2,1,1.0,6,59606,M,,,59
201200033132,12,12,5,1415,1,2,2,1.0,6,59544,M,,,59
201200033133,12,12,22,1730,5,2,1,3.0,3,59479,M,,,59
201200033134,12,12,29,1900,5,2,1,1.0,2,59606,M,,,59
201200033135,12,12,14,1030,1,2,1,1.0,6,59484,M,,,59
201200033136,12,12,20,730,2,2,1,1.0,6,59606,M,,,59
201200033137,12,1,8,1420,1,2,2,1.0,3,59606,M,,,59
201200033138,12,1,5,1125,1,2,1,1.0,6,59544,M,,,59
201200033139,12,1,12,1945,5,2,3,1.0,3,59383,M,,,59
201200033140,12,1,13,1350,1,2,5,1.0,7,59606,M,,,59
201200033141,12,1,16,1615,1,2,1,1.0,6,59484,M,,,59
201200033142,12,1,20,1755,5,2,1,2.0,6,59383,M,,,59
201200033143,12,2,13,1640,1,2,1,1.0,1,59613,M,,,59
201200033144,12,2,14,1630,1,1,1,1.0,6,59613,M,,,59
201200033145,12,2,20,825,1,2,6,1.0,6,59606,M,,,59
201200033146,12,3,7,400,3,1,1,1.0,6,59479,M,,,59
201200033147,12,1,26,755,1,2,1,1.0,4,59557,M,,,59
201200033148,12,1,27,1345,1,2,1,1.0,6,59491,M,,,59
201200033149,12,3,7,1630,1,2,1,1.0,6,59160,M,,,59
201200033150,12,3,9,1400,1,2,2,1.0,3,59606,M,,,59
201200033151,12,3,16,1640,1,2,1,1.0,5,59479,M,,,59
201200033152,12,3,25,2030,5,2,6,1.0,6,59606,M,,,59
201200033153,12,3,27,1730,1,2,3,1.0,6,59160,M,,,59
201200033154,12,3,21,1835,1,2,1,1.0,6,59606,M,,,59
201200033155,12,4,2,730,1,2,1,1.0,6,59014,M,,,59
201200033156,12,3,15,920,1,2,1,1.0,6,59475,M,,,59
201200033157,12,4,6,1640,1,2,1,1.0,1,59606,M,,,59
201200033158,12,4,7,325,5,2,2,1.0,3,59032,M,,,59
201200033159,12,4,14,2310,5,2,3,1.0,3,59484,M,,,59
201200033160,12,3,24,1835,1,2,1,1.0,6,59484,M,,,59
201200033161,12,4,5,740,1,2,1,1.0,6,59479,M,,,59
201200033162,12,4,14,1440,1,2,1,1.0,6,59491,M,,,59
201200033163,12,4,21,500,5,2,1,2.0,6,59603,M,,,59
201200033164,12,4,20,730,1,2,1,1.0,6,59606,M,,,59
201200033165,12,4,20,905,1,2,1,1.0,4,59606,M,,,59
201200033166,12,4,25,1630,1,2,1,2.0,3,59447,M,,,59
201200033167,12,5,6,2040,1,2,1,1.0,6,59606,M,,,59
201200033168,12,5,12,1830,1,2,3,1.0,2,59564,M,,,59
201200033169,12,5,14,755,1,2,5,1.0,3,59606,M,,,59
201200033170,12,5,19,830,1,2,1,1.0,6,59606,M,,,59
201200033171,12,5,25,1710,1,1,9,1.0,1,59613,M,,,59
201200033172,12,4,30,1000,1,2,1,1.0,6,59606,M,,,59
201200033173,12,4,25,1925,1,2,1,6.0,6,59606,M,,,59
201200033174,12,4,23,1300,1,2,1,1.0,6,59544,M,,,59
201200033175,12,5,27,1620,1,2,3,1.0,3,59459,M,,,59
201200033176,12,5,25,1810,1,2,1,1.0,6,59112,M,,,59
201200033177,12,5,18,1855,1,2,1,1.0,2,59447,M,,,59
201200033178,12,5,18,1520,1,2,1,1.0,6,59014,M,,,59
201200033179,12,5,18,1555,1,2,1,1.0,6,59606,M,,,59
201200033180,12,5,18,1445,1,2,1,1.0,6,59606,M,,,59
201200033181,12,6,1,2100,1,2,1,1.0,6,59369,M,,,59
201200033182,12,6,3,1700,1,2,1,1.0,6,59544,M,,,59
201200033183,12,6,9,550,2,2,1,1.0,6,59606,M,,,59
201200033184,12,6,11,1,5,2,1,2.0,6,59484,M,,,59
201200033185,12,6,13,2150,5,2,1,1.0,6,59544,M,,,59
201200033186,12,3,30,1720,1,2,1,1.0,6,59606,M,,,59
201200033187,12,6,9,1835,1,2,1,1.0,6,59459,M,,,59
201200033188,12,6,16,1845,1,2,1,1.0,6,59484,M,,,59
201200033189,12,6,20,1420,1,2,1,1.0,1,59603,M,,,59
201200033190,12,5,17,1335,1,2,1,1.0,2,59160,M,,,59
201200033191,12,5,25,1225,1,2,1,1.0,6,59606,M,,,59
201200033192,12,6,19,1020,1,2,1,1.0,2,59112,M,,,59
201200033193,12,6,25,730,1,1,1,1.0,6,59112,M,,,59
201200033194,12,6,28,2350,5,2,1,1.0,6,59606,M,5035316.0,351682.0,59
201200033195,12,6,27,200,5,1,3,1.0,3,59459,M,,,59
201200033196,12,7,3,1740,1,2,1,1.0,4,59484,M,,,59
201200033197,12,7,1,2240,5,2,1,1.0,2,59606,M,,,59
201200033198,12,7,22,2200,5,2,2,1.0,3,59606,M,,,59
201200033199,12,7,25,2045,5,2,6,1.0,6,59459,M,,,59
201200033200,12,7,31,1900,1,2,1,1.0,6,59014,M,,,59
201200033201,12,7,20,1825,1,2,1,1.0,6,59606,M,,,59
201200033202,12,7,15,1800,1,2,1,1.0,2,59475,M,,,59
201200033203,12,8,1,2145,5,2,1,1.0,1,59491,M,,,59
201200033204,12,8,4,1700,1,2,1,1.0,6,59606,M,,,59
201200033205,12,8,7,430,3,2,1,1.0,7,59544,M,,,59
201200033206,12,8,5,550,2,2,1,1.0,6,59606,M,,,59
201200033207,12,8,22,2040,1,2,3,1.0,3,59544,M,,,59
201200033208,12,8,23,2125,3,1,1,1.0,1,59544,M,,,59
201200033209,12,9,9,115,3,2,1,1.0,1,59491,M,,,59
201200033210,12,8,21,1340,1,2,1,1.0,6,59112,M,,,59
201200033211,12,8,21,1835,1,2,1,1.0,6,59459,M,,,59
201200033212,12,8,24,1625,1,2,1,1.0,6,59484,M,,,59
201200033213,12,8,28,1645,1,2,1,1.0,6,59606,M,,,59
201200033214,12,8,29,1045,1,2,1,1.0,6,59606,M,,,59
201200033215,12,9,4,1445,1,1,1,1.0,6,59544,M,,,59
201200033216,12,9,12,2000,3,2,1,1.0,6,59369,M,,,59
201200033217,12,9,20,1320,1,2,1,1.0,6,59112,M,,,59
201200033218,12,9,17,1220,1,2,1,1.0,6,59544,M,,,59
201200033219,12,9,12,1155,1,2,1,1.0,6,59112,M,,,59
201200033220,12,9,28,525,3,1,1,1.0,6,59544,M,,,59
201200033221,12,10,4,1545,1,2,1,1.0,5,59606,M,,,59
201200033222,12,10,6,150,5,2,2,1.0,3,59014,M,,,59
201200033223,12,10,8,2230,5,2,2,1.0,3,59014,M,,,59
201200033224,12,9,28,1125,1,2,2,1.0,6,59014,M,,,59
201200033225,12,10,20,645,2,2,1,1.0,6,59515,M,,,59
201200033226,12,10,1,1600,1,2,3,1.0,3,59606,M,,,59
201200033227,12,10,5,1435,1,2,6,1.0,6,59606,M,,,59
201200033228,12,10,23,605,5,2,1,1.0,6,59564,M,,,59
201200033229,12,10,20,1355,1,2,1,1.0,6,59606,M,,,59
201200033230,12,10,24,1225,1,2,1,1.0,4,59544,M,,,59
201200033231,12,10,26,1110,1,2,1,1.0,6,59613,M,,,59
201200033232,12,11,3,1450,1,2,2,1.0,3,59606,M,,,59
201200033233,12,10,26,1915,5,2,1,8.0,6,59606,M,,,59
201200033234,12,11,14,755,2,2,3,5.0,3,59491,M,,,59
201200033235,12,12,1,1950,5,2,1,1.0,6,59606,M,,,59
201200033236,12,11,27,1820,5,2,2,1.0,3,59603,M,,,59
201200033237,12,12,3,1850,5,2,1,2.0,6,59603,M,,,59
201200033238,12,12,1,1945,5,2,1,2.0,6,59606,M,,,59
201200033239,12,11,13,815,1,2,1,1.0,6,59079,M,,,59
201200033240,12,12,14,835,1,1,1,1.0,5,59557,M,,,59
201200033241,12,1,18,1740,5,2,2,2.0,6,60057,M,,,60
201200033242,12,4,16,2305,5,2,1,1.0,5,60057,M,,,60
201200033243,12,5,22,950,1,2,3,1.0,3,60057,M,,,60
201200033244,12,6,23,1900,1,2,1,1.0,3,60057,M,,,60
201200033245,12,8,3,1740,1,2,1,8.0,3,60057,M,,,60
201200033246,12,9,6,1005,1,2,9,1.0,3,60057,M,,,60
201200033247,12,10,31,1340,1,1,2,1.0,3,60057,M,,,60
201200033248,12,11,7,1130,1,2,1,1.0,6,60057,M,,,60
201200033249,12,12,13,810,2,2,1,8.0,6,60057,M,,,60
201200033250,12,12,22,1525,1,1,1,2.0,3,60057,M,,,60
201200033251,12,11,30,1710,2,2,1,1.0,6,60057,M,,,60
201200033252,12,2,14,955,1,2,1,2.0,6,60159,M,,,60
201200033253,12,2,14,1720,1,2,1,1.0,6,60159,M,,,60
201200033254,12,2,21,640,5,1,3,1.0,3,60665,M,,,60
201200033255,12,2,23,1535,1,1,1,2.0,1,60159,M,,,60
201200033256,12,4,10,1155,1,2,1,2.0,3,60159,M,,,60
201200033257,12,4,30,1620,1,1,1,1.0,1,60159,M,,,60
201200033258,12,5,24,2005,1,2,9,1.0,6,60159,M,,,60
201200033259,12,5,29,1655,1,2,3,1.0,3,60159,M,,,60
201200033260,12,6,17,1735,1,2,1,1.0,6,60159,M,,,60
201200033261,12,6,23,730,2,2,1,1.0,1,60382,M,,,60
201200033262,12,7,2,650,1,2,1,1.0,3,60665,M,,,60
201200033263,12,7,2,825,1,2,1,1.0,6,60382,M,,,60
201200033264,12,7,29,1440,1,2,3,1.0,3,60159,M,,,60
201200033265,12,8,5,740,1,1,1,1.0,1,60159,M,,,60
201200033266,12,8,18,1800,1,2,1,1.0,6,60159,M,,,60
201200033267,12,9,5,755,1,2,1,1.0,7,60382,M,,,60
201200033268,12,9,6,1025,1,2,1,1.0,6,60159,M,,,60
201200033269,12,9,28,1835,1,2,3,1.0,3,60382,M,,,60
201200033270,12,9,29,1130,1,2,1,1.0,6,60382,M,,,60
201200033271,12,10,4,740,1,2,1,2.0,6,60159,M,,,60
201200033272,12,10,4,810,1,2,1,3.0,6,60159,M,,,60
201200033273,12,10,15,1250,1,2,1,8.0,6,60159,M,,,60
201200033274,12,10,20,1805,2,1,1,8.0,3,60159,M,,,60
201200033275,12,11,13,1010,1,2,3,8.0,6,60159,M,,,60
201200033276,12,11,23,1325,1,2,1,2.0,6,60382,M,,,60
201200033277,12,11,29,1410,1,1,1,1.0,3,60159,M,,,60
201200033278,12,12,3,855,1,2,3,2.0,6,60159,M,,,60
201200033279,12,1,16,1330,1,2,1,1.0,6,60601,M,,,60
201200033280,12,1,24,750,2,2,3,2.0,6,60601,M,,,60
201200033281,12,1,24,1905,3,1,6,2.0,4,60601,M,,,60
201200033282,12,2,2,1910,4,2,1,1.0,6,60601,M,,,60
201200033283,12,2,20,1815,4,2,1,1.0,6,60601,M,,,60
201200033284,12,2,10,1555,1,2,1,1.0,6,60601,M,,,60
201200033285,12,2,19,1625,1,2,1,1.0,3,60463,M,,,60
201200033286,12,2,23,750,1,1,1,2.0,1,60601,M,,,60
201200033287,12,3,7,1620,1,1,1,3.0,1,60601,M,,,60
201200033288,12,4,12,1446,1,1,9,1.0,7,60601,M,,,60
201200033289,12,4,26,1620,1,2,4,1.0,1,60463,M,,,60
201200033290,12,5,5,1450,1,2,1,1.0,6,60463,M,,,60
201200033291,12,5,15,1800,1,2,1,2.0,6,60684,M,,,60
201200033292,12,5,16,1235,1,2,1,1.0,6,60601,M,,,60
201200033293,12,5,18,1230,1,2,3,1.0,3,60463,M,,,60
201200033294,12,5,22,1350,1,2,1,1.0,7,60601,M,,,60
201200033295,12,5,25,848,1,2,1,1.0,6,60601,M,,,60
201200033296,12,5,27,1945,1,1,2,1.0,3,60463,M,,,60
201200033297,12,6,1,1940,1,2,1,1.0,6,60601,M,,,60
201200033298,12,7,3,1840,1,2,2,1.0,3,60601,M,,,60
201200033299,12,7,7,1540,1,2,2,1.0,3,60601,M,,,60
201200033300,12,7,6,815,1,1,1,1.0,3,60463,M,,,60
201200033301,12,7,20,1630,1,2,3,1.0,1,60601,M,,,60
201200033302,12,7,20,1815,1,1,1,1.0,2,60601,M,,,60
201200033303,12,8,20,1935,1,1,1,1.0,6,60601,M,,,60
201200033304,12,9,24,1820,1,2,1,1.0,6,60601,M,,,60