Num_Acc,an,mois,jour,hrmn,lum,agg,int,atm,col,com,gps,lat,long,dep
201200033305,12,10,3,730,2,2,1,1.0,6,60463,M,,,60
201200033306,12,10,13,1605,1,1,1,8.0,3,60463,M,,,60
201200033307,12,10,16,1335,1,2,1,1.0,6,60601,M,,,60
201200033308,12,11,11,520,3,1,1,1.0,6,60175,M,,,60
201200033309,12,11,22,730,5,2,1,1.0,6,60463,M,,,60
201200033310,12,12,8,1045,1,2,2,8.0,3,60601,M,,,60
201200033311,12,1,4,1800,5,2,2,2.0,3,61001,M,,,61
201200033312,12,1,22,1900,5,2,2,1.0,3,61001,M,,,61
201200033313,12,3,1,1755,2,2,9,1.0,3,61397,M,,,61
201200033314,12,3,3,2005,5,2,1,2.0,7,61001,M,,,61
201200033315,12,3,7,1735,2,1,3,1.0,3,61117,M,,,61
201200033316,12,3,7,820,1,2,1,1.0,7,61001,M,,,61
201200033317,12,4,1,1730,1,2,1,1.0,3,61001,M,,,61
201200033318,12,4,3,1630,1,2,1,1.0,6,61001,M,,,61
201200033319,12,4,4,2210,5,2,3,1.0,3,61001,M,,,61
201200033320,12,4,17,1200,1,2,3,3.0,3,61001,M,,,61
201200033321,12,4,25,1755,1,2,1,2.0,6,61001,M,,,61
201200033322,12,6,8,1720,1,2,1,1.0,6,61001,M,,,61
201200033323,12,7,3,1135,1,1,1,1.0,3,61497,M,,,61
201200033324,12,7,13,655,1,2,2,1.0,6,61001,M,,,61
201200033325,12,7,28,1900,1,1,3,1.0,6,61001,M,,,61
201200033326,12,7,31,1210,1,1,1,1.0,6,61001,M,,,61
201200033327,12,8,9,2130,5,1,2,1.0,3,61001,M,,,61
201200033328,12,8,20,2330,5,1,3,1.0,3,61001,M,,,61
201200033329,12,9,1,1010,1,1,1,1.0,6,61497,M,,,61
201200033330,12,9,18,1350,1,1,1,1.0,6,61143,M,,,61
201200033331,12,5,16,845,1,2,6,1.0,6,61001,M,,,61
201200033332,12,12,11,1700,2,1,1,1.0,5,61117,M,,,61
201200033333,12,12,15,1900,5,1,2,2.0,3,61001,M,,,61
201200033334,12,3,3,1515,1,2,1,2.0,6,61006,M,,,61
201200033335,12,4,29,1030,1,2,3,2.0,3,61006,M,,,61
201200033336,12,4,29,1920,1,2,2,8.0,3,61006,M,,,61
201200033337,12,7,19,1400,1,2,6,1.0,2,61006,M,,,61
201200033338,12,8,2,520,3,1,6,8.0,7,61006,M,,,61
201200033339,12,10,5,840,1,2,3,7.0,2,61006,M,,,61
201200033340,12,10,18,905,1,2,1,1.0,3,61006,M,,,61
201200033341,12,1,3,1400,1,1,1,3.0,1,61169,M,,,61
201200033342,12,1,1,300,5,2,1,3.0,3,61169,M,,,61
201200033343,12,1,8,1835,5,2,2,1.0,3,61169,M,,,61
201200033344,12,2,28,2100,5,1,1,1.0,1,61391,M,,,61
201200033345,12,6,24,20,5,2,6,1.0,7,61169,M,,,61
201200033346,12,7,20,1105,1,2,1,1.0,3,61169,M,,,61
201200033347,12,8,8,1013,1,2,1,1.0,2,61169,M,,,61
201200033348,12,9,20,925,1,1,1,1.0,3,61466,M,,,61
201200033349,12,9,26,1400,1,2,1,3.0,6,61391,M,,,61
201200033350,12,9,26,1805,1,2,3,2.0,3,61391,M,,,61
201200033351,12,10,28,1945,5,2,1,1.0,7,61169,M,,,61
201200033352,12,11,4,240,4,1,1,2.0,3,61391,M,,,61
201200033353,12,11,16,1420,1,2,1,1.0,7,61169,M,,,61
201200033354,12,12,19,1430,1,2,1,2.0,2,61169,M,,,61
201200033355,12,12,21,1125,1,1,1,1.0,6,62764,M,,,62
201200033356,12,1,27,955,1,2,6,1.0,3,62041,M,,,62
201200033357,12,2,20,715,2,2,3,1.0,3,62041,M,,,62
201200033358,12,12,19,1800,1,2,2,1.0,3,62041,M,,,62
201200033359,12,4,13,1100,1,2,6,1.0,7,62013,M,,,62
201200033360,12,5,13,450,4,1,1,1.0,7,62753,M,,,62
201200033361,12,5,29,1840,1,2,1,1.0,7,62041,M,,,62
201200033362,12,6,22,100,5,2,1,1.0,7,62041,M,,,62
201200033363,12,5,30,1535,1,2,1,1.0,4,62041,M,,,62
201200033364,12,6,25,730,1,2,3,1.0,3,62041,M,,,62
201200033365,12,5,30,1430,1,2,3,1.0,3,62041,M,,,62
201200033366,12,6,17,1745,1,2,1,1.0,7,62764,M,,,62
201200033367,12,7,7,515,3,2,1,1.0,2,62041,M,,,62
201200033368,12,7,8,820,1,1,1,3.0,7,62263,M,,,62
201200033369,12,7,8,600,2,2,1,1.0,6,62041,M,,,62
201200033370,12,7,18,215,5,2,6,1.0,6,62753,M,,,62
201200033371,12,7,8,950,1,1,1,2.0,6,62764,M,,,62
201200033372,12,6,30,1130,1,2,1,1.0,6,62041,M,,,62
201200033373,12,6,19,1500,1,2,6,1.0,7,62764,M,,,62
201200033374,12,6,24,1810,1,1,1,1.0,7,62744,M,,,62
201200033375,12,7,9,1800,1,2,1,1.0,4,62037,M,,,62
201200033376,12,7,16,1505,1,2,4,1.0,2,62041,M,,,62
201200033377,12,7,18,1850,1,2,2,1.0,2,62041,M,,,62
201200033378,12,7,18,1025,1,1,1,1.0,6,62753,M,,,62
201200033379,12,7,5,1110,1,2,1,1.0,7,62041,M,,,62
201200033380,12,7,22,1925,1,2,3,1.0,3,62041,M,,,62
201200033381,12,7,25,715,1,2,2,1.0,7,62041,M,,,62
201200033382,12,7,25,2000,1,2,1,7.0,3,62041,M,,,62
201200033383,12,7,30,2130,3,1,1,1.0,7,62753,M,,,62
201200033384,12,7,27,1030,1,1,2,8.0,3,62037,M,,,62
201200033385,12,8,15,1700,1,2,3,1.0,3,62753,M,,,62
201200033386,12,8,19,955,1,2,1,1.0,7,62041,M,,,62
201200033387,12,8,24,1735,1,2,1,2.0,6,62041,M,5028679.0,278290.0,62
201200033388,12,8,25,455,5,1,1,1.0,7,62753,M,,,62
201200033389,12,8,30,1530,1,2,2,1.0,3,62041,M,5028855.0,278051.0,62
201200033390,12,8,31,1610,1,2,1,8.0,6,62041,M,5029222.0,274773.0,62
201200033391,12,9,4,1745,1,2,1,1.0,6,62041,M,,,62
201200033392,12,9,7,1300,1,2,5,1.0,3,62041,M,,,62
201200033393,12,8,29,850,1,2,9,1.0,1,62041,M,,,62
201200033394,12,9,13,905,1,2,1,1.0,3,62753,M,,,62
201200033395,12,9,11,1530,1,2,3,1.0,7,62004,M,5027076.0,277148.0,62
201200033396,12,9,12,1235,1,2,1,1.0,3,62041,M,5029262.0,274355.0,62
201200033397,12,9,11,955,1,2,1,3.0,2,62041,M,,,62
201200033398,12,9,3,1245,1,1,1,1.0,7,62099,M,,,62
201200033399,12,9,8,1510,1,2,1,1.0,5,62764,M,,,62
201200033400,12,9,16,1605,1,2,1,1.0,6,62041,M,5027457.0,278555.0,62
201200033401,12,9,24,1115,1,1,1,3.0,1,62013,M,,,62
201200033402,12,10,3,1300,1,1,1,8.0,6,62753,M,,,62
201200033403,12,9,29,1145,1,2,2,1.0,7,62041,M,5028832.0,278079.0,62
201200033404,12,10,3,2150,5,1,9,8.0,6,62753,M,,,62
201200033405,12,10,5,1244,1,2,1,1.0,6,62041,M,,,62
201200033406,12,10,6,1350,1,2,1,2.0,6,62041,M,,,62
201200033407,12,10,7,420,3,1,1,9.0,7,62764,M,,,62
201200033408,12,10,3,1255,1,2,1,2.0,7,62041,M,5028700.0,276938.0,62
201200033409,12,10,14,2200,5,2,1,1.0,6,62041,M,5029374.0,276860.0,62
201200033410,12,10,6,1540,1,1,1,2.0,3,62753,M,,,62
201200033411,12,9,24,1745,1,2,3,8.0,3,62041,M,,,62
201200033412,12,9,24,1610,1,2,1,8.0,6,62041,M,,,62
201200033413,12,10,27,1800,2,2,3,1.0,5,62753,M,,,62
201200033414,12,11,7,1850,5,2,3,1.0,3,62041,M,5028432.0,269225.0,62
201200033415,12,11,15,1720,5,2,3,1.0,3,62041,M,5028177.0,278803.0,62
201200033416,12,10,5,1900,5,2,1,2.0,6,62037,M,,,62
201200033417,12,11,19,1800,5,2,1,2.0,6,62041,M,,,62
201200033418,12,11,19,740,2,1,1,5.0,5,62099,M,,,62
201200033419,12,11,20,1815,1,2,1,1.0,6,62041,M,5028866.0,276529.0,62
201200033420,12,10,5,1548,1,2,1,1.0,6,62041,M,,,62
201200033421,12,11,25,1735,5,2,1,1.0,6,62041,M,5028182.0,277532.0,62
201200033422,12,11,16,1700,5,2,6,1.0,6,62041,M,5029882.0,274485.0,62
201200033423,12,12,2,1750,2,2,1,1.0,6,62041,M,,,62
201200033424,12,12,3,730,5,2,3,2.0,6,62041,M,,,62
201200033425,12,11,21,1745,5,2,1,1.0,7,62041,M,5029827.0,277128.0,62
201200033426,12,11,28,1515,1,2,3,1.0,6,62041,M,,,62
201200033427,12,12,9,1057,1,2,9,2.0,6,62004,M,,,62
201200033428,12,11,17,2020,5,1,1,2.0,6,62764,M,,,62
201200033429,12,12,11,1820,3,2,1,8.0,4,62744,M,,,62
201200033430,12,10,11,825,1,2,1,1.0,1,62041,M,,,62
201200033431,12,12,3,1210,1,1,1,3.0,1,62263,M,,,62
201200033432,12,12,17,1330,1,2,1,2.0,7,62041,M,,,62
201200033433,12,12,19,2145,5,2,1,1.0,2,62263,M,,,62
201200033434,12,12,21,830,2,2,1,2.0,6,62744,M,,,62
201200033435,12,12,21,815,5,2,1,8.0,7,62041,M,,,62
201200033436,12,1,12,2210,3,1,1,1.0,1,62516,M,,,62
201200033437,12,12,6,1455,1,2,1,8.0,6,62516,M,,,62
201200033438,12,2,12,125,3,1,1,1.0,7,62048,M,,,62
201200033439,12,3,22,1450,1,2,3,1.0,3,62048,M,,,62
201200033440,12,4,18,1425,1,2,2,8.0,3,62048,M,5051132.0,246506.0,62
201200033441,12,6,5,1525,1,2,1,1.0,6,62217,M,,,62
201200033442,12,4,6,1600,1,1,1,1.0,5,62516,M,,,62
201200033443,12,7,8,125,5,2,1,3.0,6,62188,M,5053889.0,246558.0,62
201200033444,12,9,12,2000,2,1,1,1.0,5,62188,M,,,62
201200033445,12,10,5,1715,1,1,1,1.0,1,62516,M,5055215.0,246194.0,62
201200033446,12,10,8,1730,1,2,1,2.0,7,62516,M,,,62
201200033447,12,10,9,1615,1,2,1,1.0,2,62516,M,5055931.0,247947.0,62
201200033448,12,10,3,1655,1,2,1,3.0,7,62516,M,,,62
201200033449,12,11,16,1830,2,2,1,3.0,2,62048,M,,,62
201200033450,12,11,23,1255,1,2,2,8.0,3,62516,M,,,62
201200033451,12,12,31,1730,5,2,1,3.0,6,62516,M,5055979.0,247979.0,62
201200033452,12,2,18,915,1,1,1,2.0,7,62570,M,,,62
201200033453,12,3,6,1815,1,2,1,1.0,6,62570,M,,,62
201200033454,12,3,11,1620,1,2,1,1.0,6,62570,M,,,62
201200033455,12,3,23,2200,5,1,1,1.0,2,62065,M,,,62
201200033456,12,4,2,1855,1,2,1,1.0,6,62065,M,5041440.0,283681.0,62
201200033457,12,5,26,2350,5,2,2,1.0,3,62065,M,,,62
201200033458,12,6,11,1640,1,2,1,1.0,6,62570,M,,,62
201200033459,12,6,28,1400,1,2,1,1.0,7,62724,M,,,62
201200033460,12,6,28,2155,5,2,2,1.0,6,62724,M,,,62
201200033461,12,7,5,1140,1,2,4,1.0,2,62065,M,5040880.0,283626.0,62
201200033462,12,7,7,1820,1,2,3,1.0,3,62065,M,,,62
201200033463,12,7,9,1435,1,2,1,1.0,2,62065,M,5041452.0,284290.0,62
201200033464,12,7,29,1800,1,2,1,1.0,2,62570,M,,,62
201200033465,12,9,1,1600,1,2,1,1.0,3,62724,M,,,62
201200033466,12,8,30,1830,1,2,1,1.0,6,62570,M,,,62
201200033467,12,9,6,2220,5,2,2,1.0,6,62724,M,,,62
201200033468,12,9,11,950,1,1,2,2.0,6,62570,M,,,62
201200033469,12,9,13,710,2,2,1,1.0,7,62724,M,,,62
201200033470,12,9,14,905,1,2,3,1.0,3,62065,M,,,62
201200033471,12,9,18,740,2,2,1,2.0,7,62065,M,5000000.0,283042.0,62
201200033472,12,9,24,1220,1,2,1,2.0,6,62570,M,,,62
201200033473,12,10,13,1850,2,2,2,2.0,2,62724,M,,,62
201200033474,12,11,4,50,5,2,1,1.0,3,62724,M,,,62
201200033475,12,12,19,1400,1,2,1,8.0,6,62065,M,,,62
201200033476,12,1,23,910,1,2,1,1.0,1,62108,M,5040757.0,157263.0,62
201200033477,12,2,4,1915,5,2,1,9.0,1,62108,M,5040332.0,158803.0,62
201200033478,12,2,1,750,5,2,1,1.0,7,62108,M,5040040.0,156700.0,62
201200033479,12,4,25,1730,1,2,2,1.0,3,62108,M,,,62
201200033480,12,5,7,1920,1,2,1,2.0,1,62108,M,,,62
201200033481,12,5,28,1020,1,2,1,1.0,3,62108,M,5041099.0,157211.0,62
201200033482,12,8,15,1040,1,2,2,2.0,3,62108,M,,,62
201200033483,12,9,9,1130,1,2,6,1.0,3,62108,M,,,62
201200033484,12,10,10,1500,1,2,1,1.0,6,62108,M,5040648.0,156828.0,62
201200033485,12,12,31,1945,5,2,2,3.0,6,62108,M,,,62
201200033486,12,1,4,150,5,2,6,1.0,6,62119,M,,,62
201200033487,12,1,4,1005,1,2,2,1.0,6,62119,M,,,62
201200033488,12,1,6,1215,1,2,1,1.0,6,62119,M,,,62
201200033489,12,1,27,430,5,2,1,2.0,6,62119,M,,,62
201200033490,12,3,30,2005,2,2,1,1.0,3,62119,M,,,62
201200033491,12,4,6,2145,5,2,1,1.0,6,62863,M,,,62
201200033492,12,4,26,1945,1,1,1,1.0,7,62126,M,,,62
201200033493,12,4,27,2205,5,2,2,1.0,3,62051,M,,,62
201200033494,12,5,3,1725,1,1,6,1.0,3,62350,M,,,62
201200033495,12,4,7,1745,1,2,1,1.0,6,62119,M,,,62
201200033496,12,5,19,1100,1,1,1,1.0,3,62051,M,,,62
201200033497,12,5,29,805,1,1,1,1.0,5,62262,M,,,62
201200033498,12,5,30,1855,1,2,1,1.0,2,62119,M,,,62
201200033499,12,6,19,1730,1,2,3,1.0,3,62126,M,,,62
201200033500,12,6,13,1245,1,2,9,1.0,6,62126,M,,,62
201200033501,12,6,11,950,1,2,6,2.0,6,62119,M,,,62
201200033502,12,6,29,410,5,2,1,1.0,6,62735,M,5050105.0,266912.0,62
201200033503,12,7,8,1450,1,2,1,1.0,6,62330,M,,,62
201200033504,12,7,18,1420,1,2,2,1.0,7,62119,M,,,62
201200033505,12,8,3,1700,1,2,1,1.0,2,62119,M,,,62
201200033506,12,8,12,515,2,1,1,1.0,6,62126,M,,,62
201200033507,12,8,27,40,4,1,6,1.0,7,62119,M,,,62
201200033508,12,9,11,2235,5,2,2,1.0,3,62119,M,,,62
201200033509,12,9,11,1835,1,2,6,1.0,2,62119,M,,,62
201200033510,12,9,22,1820,1,2,9,1.0,3,62119,M,,,62
201200033511,12,9,28,245,5,2,1,1.0,6,62034,M,,,62
201200033512,12,9,26,2015,2,1,9,2.0,7,62841,M,,,62
201200033513,12,10,4,1700,1,2,1,1.0,3,62846,M,,,62
201200033514,12,10,13,450,2,1,1,1.0,6,62119,M,5052860.0,262193.0,62
201200033515,12,9,29,1920,1,1,1,1.0,7,62035,M,,,62
201200033516,12,10,31,1015,1,2,1,1.0,6,62848,M,,,62
201200033517,12,10,25,135,5,2,1,1.0,6,62119,M,5053746.0,263446.0,62
201200033518,12,11,13,1640,1,1,1,1.0,2,62863,M,,,62
201200033519,12,10,18,710,2,2,2,1.0,6,62276,M,,,62
201200033520,12,11,15,710,2,2,3,2.0,3,62126,M,5051600.0,268122.0,62
201200033521,12,11,29,1515,1,1,1,1.0,1,62349,M,,,62
201200033522,12,12,25,1935,3,1,1,3.0,1,62836,M,,,62
201200033523,12,12,21,1950,3,2,1,2.0,2,62735,M,,,62
201200033524,12,1,21,150,3,1,1,2.0,6,62894,M,,,62
201200033525,12,2,8,1905,5,2,1,1.0,6,62160,M,5072196.0,160882.0,62
201200033526,12,2,23,1330,1,2,1,1.0,6,62160,M,5072853.0,160182.0,62
201200033527,12,2,23,1520,1,2,3,1.0,6,62160,M,,,62
201200033528,12,3,15,1840,2,2,3,1.0,3,62893,M,,,62
201200033529,12,3,21,1055,1,2,3,1.0,6,62160,M,,,62
201200033530,12,5,16,1630,1,2,1,1.0,2,62755,M,5068898.0,162494.0,62
201200033531,12,5,26,1130,1,1,1,1.0,1,62893,M,,,62
201200033532,12,6,5,1100,1,1,6,2.0,3,62758,M,,,62
201200033533,12,7,11,1225,1,1,1,1.0,1,62160,M,,,62
201200033534,12,7,12,2300,3,1,1,3.0,7,62893,M,,,62
201200033535,12,7,19,1645,1,2,1,1.0,6,62160,M,5071132.0,161389.0,62
201200033536,12,7,27,1509,1,2,9,2.0,6,62160,M,5072325.0,160117.0,62
201200033537,12,8,9,2300,5,2,1,1.0,6,62160,M,5072634.0,160185.0,62
201200033538,12,8,19,1420,1,2,1,1.0,1,62755,M,,,62
201200033539,12,8,21,1510,1,2,1,1.0,6,62160,M,5072206.0,160372.0,62
201200033540,12,10,11,1215,1,2,1,1.0,3,62758,M,,,62
201200033541,12,10,15,1920,5,2,3,1.0,6,62160,M,,,62
201200033542,12,10,19,810,1,2,1,2.0,6,62160,M,,,62
201200033543,12,10,23,740,5,2,3,5.0,6,62667,M,,,62
201200033544,12,10,27,1545,1,2,9,4.0,6,62160,M,5071161.0,161405.0,62
201200033545,12,10,27,930,1,2,1,3.0,6,62160,M,,,62
201200033546,12,11,7,1755,5,2,1,1.0,6,62643,M,,,62
201200033547,12,12,17,1355,1,2,1,1.0,3,62893,M,,,62
201200033548,12,12,12,1010,1,2,1,1.0,6,62755,M,5069074.0,162357.0,62
201200033549,12,1,11,1345,1,2,1,1.0,6,62178,M,5052926.0,264155.0,62
201200033550,12,3,25,1053,1,2,1,1.0,6,62178,M,5048356.0,255528.0,62
201200033551,12,4,11,2320,5,2,1,8.0,6,62178,M,5048381.0,255575.0,62
201200033552,12,5,22,1450,1,1,1,1.0,1,62178,M,,,62
201200033553,12,7,10,1545,1,1,1,1.0,6,62270,M,,,62
201200033554,12,7,19,1730,1,2,1,1.0,6,62178,M,5048092.0,254588.0,62
201200033555,12,8,7,1905,1,2,3,1.0,3,62178,M,,,62
201200033556,12,9,6,1100,1,2,1,1.0,2,62445,M,,,62
201200033557,12,7,22,1035,1,1,1,1.0,3,62270,M,,,62
201200033558,12,9,15,2300,3,1,1,1.0,5,62270,M,,,62
201200033559,12,12,11,1320,1,2,1,1.0,6,62178,M,,,62
201200033560,12,12,20,1530,1,2,1,2.0,1,62178,M,,,62
201200033561,12,12,21,945,1,2,1,8.0,6,62178,M,,,62
201200033562,12,1,2,1215,1,2,1,7.0,1,62193,M,,,62
201200033563,12,1,3,1330,1,1,1,6.0,7,62239,M,,,62
201200033564,12,1,6,1030,1,2,1,1.0,6,62244,M,,,62
201200033565,12,1,9,1950,4,2,1,2.0,3,62244,M,5091510.0,187334.0,62
201200033566,12,1,14,1340,1,2,3,1.0,6,62193,M,5094570.0,187047.0,62
201200033567,12,1,15,830,1,2,1,1.0,6,62193,M,5095522.0,186220.0,62
201200033568,12,12,20,1750,3,2,1,2.0,6,62193,M,,,62
201200033569,12,1,18,2100,5,2,1,2.0,6,62193,M,,,62
201200033570,12,1,10,800,5,2,1,1.0,3,62548,M,5094642.0,195171.0,62
201200033571,12,1,30,815,1,2,1,1.0,6,62193,M,5094625.0,185403.0,62
201200033572,12,2,2,2030,5,2,1,1.0,1,62193,M,,,62
201200033573,12,2,18,1920,5,2,1,3.0,6,62193,M,5094597.0,188236.0,62
201200033574,12,3,4,1940,5,2,1,3.0,6,62193,M,5095017.0,189293.0,62
201200033575,12,3,6,1715,1,2,1,1.0,3,62193,M,5094969.0,189763.0,62
201200033576,12,3,12,1055,1,2,2,1.0,6,62244,M,,,62
201200033577,12,3,17,2145,3,2,1,1.0,6,62244,M,,,62
201200033578,12,3,21,1755,1,2,1,1.0,6,62193,M,5095356.0,189741.0,62
201200033579,12,3,22,1335,1,2,1,1.0,6,62193,M,5095276.0,189451.0,62
201200033580,12,3,20,740,1,2,2,1.0,3,62193,M,,,62
201200033581,12,4,9,230,5,2,1,8.0,6,62244,M,,,62
201200033582,12,4,10,1525,1,2,1,1.0,3,62193,M,5094437.0,186928.0,62
201200033583,12,3,20,1605,1,2,1,1.0,5,62774,M,,,62
201200033584,12,4,6,1545,1,2,1,1.0,6,62193,M,5094072.0,185509.0,62
201200033585,12,4,18,700,2,2,1,1.0,3,62193,M,5094751.0,185269.0,62
201200033586,12,4,23,1520,1,2,2,3.0,3,62193,M,,,62
201200033587,12,4,28,1010,1,2,1,2.0,7,62193,M,,,62
201200033588,12,4,27,1455,1,2,2,1.0,3,62193,M,,,62
201200033589,12,4,29,1625,1,1,1,1.0,7,62193,M,,,62
201200033590,12,4,30,1610,1,1,1,1.0,3,62774,M,5092321.0,170577.0,62
201200033591,12,4,28,925,1,2,1,2.0,6,62193,M,,,62
201200033592,12,5,10,1850,1,2,3,2.0,5,62193,M,,,62
201200033593,12,5,11,1310,1,2,2,1.0,3,62193,M,5094275.0,185994.0,62
201200033594,12,5,13,1850,1,2,1,1.0,6,62193,M,5096415.0,184222.0,62
201200033595,12,5,12,1415,1,2,1,1.0,2,62193,M,,,62
201200033596,12,5,14,2220,4,1,1,2.0,1,62244,M,,,62
201200033597,12,5,18,625,1,1,1,1.0,6,62774,M,5094813.0,176038.0,62
201200033598,12,5,18,1840,1,2,2,1.0,3,62193,M,,,62
201200033599,12,5,24,1845,1,2,2,1.0,3,62193,M,,,62
201200033600,12,5,29,1400,1,2,1,1.0,6,62774,M,,,62
201200033601,12,5,23,1040,1,2,6,1.0,3,62193,M,5094599.0,187939.0,62
201200033602,12,6,4,1600,1,2,1,1.0,6,62193,M,5094869.0,185472.0,62
201200033603,12,5,23,1250,1,2,1,1.0,6,62244,M,,,62
201200033604,12,6,12,1800,1,2,2,1.0,5,62193,M,,,62
201200033605,12,6,18,1400,1,2,2,1.0,3,62193,M,,,62
201200033606,12,6,22,1555,1,1,1,6.0,3,62193,M,,,62
201200033607,12,6,25,600,2,2,1,1.0,6,62193,M,5094970.0,185550.0,62
201200033608,12,6,24,1915,1,2,1,1.0,6,62193,M,5095357.0,187214.0,62
201200033609,12,5,31,1440,1,2,1,1.0,6,62193,M,5094071.0,184545.0,62
201200033610,12,6,29,1815,1,2,1,1.0,6,62193,M,5094648.0,185398.0,62
201200033611,12,7,10,1800,1,2,3,1.0,3,62193,M,,,62
201200033612,12,7,11,900,1,2,2,1.0,6,62193,M,5094399.0,189074.0,62
201200033613,12,7,21,1935,1,2,2,1.0,3,62193,M,,,62
201200033614,12,7,22,1615,1,1,1,1.0,6,62774,M,,,62
201200033615,12,7,25,815,1,2,1,1.0,2,62193,M,,,62
201200033616,12,8,4,1130,1,2,1,1.0,6,62193,M,,,62
201200033617,12,8,1,930,1,1,1,1.0,7,62193,M,,,62
201200033618,12,8,2,400,5,1,1,2.0,7,62193,M,,,62
201200033619,12,8,17,1600,1,2,9,1.0,6,62193,M,,,62
201200033620,12,8,26,1840,1,2,3,1.0,3,62774,M,,,62
201200033621,12,9,2,25,5,2,1,1.0,6,62193,M,,,62
201200033622,12,9,18,1640,1,2,9,1.0,3,62193,M,,,62
201200033623,12,10,3,740,4,2,2,3.0,3,62193,M,,,62
201200033624,12,10,3,1740,1,2,6,2.0,3,62548,M,,,62
201200033625,12,10,23,815,2,2,1,5.0,6,62193,M,,,62
201200033626,12,11,6,1005,1,2,3,1.0,3,62193,M,,,62
201200033627,12,11,7,1835,3,2,1,1.0,3,62193,M,,,62
201200033628,12,11,7,1745,2,2,1,1.0,6,62193,M,,,62
201200033629,12,11,3,1400,1,2,7,1.0,6,62193,M,,,62
201200033630,12,11,16,1253,1,2,2,1.0,3,62193,M,,,62
201200033631,12,11,16,2200,5,2,2,1.0,3,62193,M,,,62
201200033632,12,11,17,1855,5,2,1,2.0,6,62193,M,,,62
201200033633,12,11,19,955,1,2,5,1.0,3,62193,M,,,62
201200033634,12,11,22,800,5,2,1,1.0,6,62193,M,,,62
201200033635,12,11,17,1530,1,2,1,1.0,7,62193,M,,,62
201200033636,12,11,27,2125,5,2,1,1.0,1,62193,M,,,62
201200033637,12,12,8,1850,5,2,1,1.0,6,62193,M,,,62
201200033638,12,12,15,1925,5,2,1,1.0,2,62193,M,,,62
201200033639,12,12,16,1755,5,2,1,2.0,6,62193,M,,,62
201200033640,12,12,23,1845,5,2,1,2.0,6,62193,M,,,62
201200033641,12,1,2,1940,3,1,2,6.0,1,62637,M,,,62
201200033642,12,1,16,1315,1,2,1,1.0,6,62413,M,5044852.0,291274.0,62
201200033643,12,1,27,2335,3,1,1,2.0,6,62413,M,,,62
201200033644,12,2,2,1410,1,2,1,1.0,6,62215,M,,,62
201200033645,12,2,8,1310,1,2,2,1.0,3,62413,M,,,62
201200033646,12,3,4,1640,1,2,1,2.0,6,62250,M,,,62
201200033647,12,3,22,2140,5,2,2,1.0,3,62215,M,,,62
201200033648,12,3,28,1530,1,2,1,1.0,6,62907,M,,,62
201200033649,12,4,17,950,1,2,4,8.0,1,62413,M,,,62
201200033650,12,5,14,2213,5,2,1,1.0,6,62413,M,5044716.0,291688.0,62
201200033651,12,5,4,1800,1,2,1,1.0,6,62311,M,,,62
201200033652,12,6,6,635,1,2,1,2.0,6,62215,M,,,62
201200033653,12,6,12,1720,1,2,1,1.0,6,62250,M,,,62
201200033654,12,6,14,1230,1,1,1,1.0,3,62215,M,,,62
201200033655,12,6,25,1745,1,2,1,1.0,7,62907,M,,,62
201200033656,12,7,4,1355,1,1,3,1.0,3,62907,M,5048495.0,298346.0,62
201200033657,12,7,2,835,1,2,1,7.0,5,62215,M,,,62
201200033658,12,7,19,1030,1,2,2,1.0,3,62033,M,,,62
201200033659,12,8,4,1920,1,2,2,2.0,6,62033,M,,,62
201200033660,12,8,15,1835,1,1,1,1.0,1,62637,M,,,62
201200033661,12,9,2,2150,5,2,1,1.0,6,62215,M,5048879.0,295688.0,62
201200033662,12,9,1,1435,1,1,1,1.0,3,62215,M,,,62
201200033663,12,8,23,1210,1,2,3,1.0,1,62413,M,,,62
201200033664,12,9,6,1410,1,1,1,1.0,2,62637,M,,,62
201200033665,12,8,22,405,3,1,1,1.0,2,62033,M,,,62
201200033666,12,9,10,1540,1,1,1,1.0,6,62637,M,,,62
201200033667,12,9,24,1210,1,2,3,3.0,3,62215,M,,,62
201200033668,12,9,4,1855,1,2,6,1.0,3,62637,M,,,62
201200033669,12,11,7,1640,1,2,1,1.0,2,62215,M,,,62
201200033670,12,10,29,1805,3,2,3,2.0,6,62215,M,,,62
201200033671,12,12,14,2100,5,2,1,3.0,6,62413,M,,,62
201200033672,12,1,13,1200,1,2,2,1.0,3,62587,M,5041976.0,292339.0,62
201200033673,12,3,13,1845,5,2,3,1.0,3,62133,M,,,62
201200033674,12,3,21,1600,1,2,1,1.0,3,62427,M,,,62
201200033675,12,3,25,1705,1,2,3,1.0,3,62427,M,,,62
201200033676,12,4,6,2215,3,1,1,1.0,1,62427,M,,,62
201200033677,12,4,8,1820,1,2,1,1.0,6,62133,M,5041323.0,289387.0,62
201200033678,12,4,10,1630,1,2,6,1.0,5,62427,M,,,62
201200033679,12,5,5,1545,1,2,3,1.0,6,62427,M,,,62
201200033680,12,5,12,1550,1,1,1,1.0,2,62587,M,,,62
201200033681,12,5,26,1535,1,2,1,1.0,6,62624,M,,,62
201200033682,12,5,18,2040,2,2,3,1.0,3,62274,M,,,62
201200033683,12,6,24,1940,1,1,3,1.0,3,62321,M,,,62
201200033684,12,8,19,1350,1,1,9,1.0,3,62133,M,,,62
201200033685,12,8,17,1725,1,2,1,1.0,6,62497,M,,,62