Num_Acc,an,mois,jour,hrmn,lum,agg,int,atm,col,com,gps,lat,long,dep
201200033686,12,9,9,1345,1,2,1,1.0,7,62249,M,,,62
201200033687,12,9,11,845,1,2,1,1.0,6,62249,M,,,62
201200033688,12,9,14,1640,1,1,9,1.0,3,62587,M,,,62
201200033689,12,10,6,2045,4,1,1,3.0,6,62624,M,,,62
201200033690,12,10,21,830,1,2,1,2.0,6,62497,M,5044378.0,306435.0,62
201200033691,12,11,4,1700,1,2,1,1.0,6,62624,M,,,62
201200033692,12,11,9,730,1,2,1,1.0,3,62427,M,,,62
201200033693,12,11,4,1925,4,2,1,1.0,1,62427,M,,,62
201200033694,12,11,17,1750,2,1,9,1.0,3,62624,M,,,62
201200033695,12,10,15,50,5,2,1,3.0,6,62624,M,,,62
201200033696,12,11,25,1800,5,2,1,1.0,1,62351,M,,,62
201200033697,12,11,20,1700,2,2,2,1.0,2,62321,M,,,62
201200033698,12,12,17,1030,1,2,1,1.0,6,62427,M,,,62
201200033699,12,12,4,2135,3,2,9,2.0,6,62427,M,,,62
201200033700,12,12,14,1855,5,1,1,2.0,6,62624,M,,,62
201200033701,12,12,10,900,1,2,3,2.0,2,62498,M,,,62
201200033702,12,12,20,1300,1,2,1,2.0,1,62498,M,,,62
201200033703,12,11,29,1335,1,2,2,2.0,3,62498,M,,,62
201200033704,12,12,22,1730,3,2,1,3.0,2,62895,M,,,62
201200033705,12,12,17,800,5,2,1,3.0,6,62498,M,,,62
201200033706,12,1,26,750,2,1,2,2.0,3,62895,M,,,62
201200033707,12,2,14,2130,5,2,3,1.0,3,62771,M,,,62
201200033708,12,2,11,105,3,1,1,1.0,2,62842,M,,,62
201200033709,12,2,17,1755,2,2,1,1.0,6,62498,M,,,62
201200033710,12,2,13,800,2,2,1,2.0,3,62842,M,,,62
201200033711,12,1,29,1900,5,2,1,1.0,6,62895,M,5049706.0,286756.0,62
201200033712,12,4,3,750,1,2,1,1.0,6,62771,M,,,62
201200033713,12,4,6,1200,1,2,1,1.0,2,62498,M,,,62
201200033714,12,4,6,1645,1,2,1,1.0,6,62498,M,,,62
201200033715,12,4,15,1310,1,2,1,1.0,6,62498,M,,,62
201200033716,12,5,19,1455,1,2,2,1.0,6,62771,M,,,62
201200033717,12,6,2,2150,5,2,2,1.0,3,62218,M,,,62
201200033718,12,5,31,1755,1,2,3,1.0,6,62498,M,,,62
201200033719,12,6,14,1330,1,2,1,1.0,1,62842,M,,,62
201200033720,12,6,15,810,1,2,1,2.0,6,62771,M,,,62
201200033721,12,6,22,1020,1,2,2,1.0,3,62498,M,,,62
201200033722,12,6,16,830,1,2,1,1.0,4,62498,M,,,62
201200033723,12,6,18,1100,1,2,2,1.0,6,62498,M,,,62
201200033724,12,7,2,825,1,2,1,1.0,6,62498,M,,,62
201200033725,12,7,3,35,5,2,1,1.0,6,62895,M,,,62
201200033726,12,7,7,555,2,2,2,1.0,3,62218,M,,,62
201200033727,12,7,14,2030,1,2,3,1.0,6,62218,M,,,62
201200033728,12,7,24,810,1,2,1,7.0,6,62771,M,5041976.0,287349.0,62
201200033729,12,7,25,1730,1,1,3,7.0,3,62464,M,,,62
201200033730,12,7,27,1540,1,2,1,1.0,6,62895,M,,,62
201200033731,12,8,4,1015,1,2,3,1.0,3,62895,M,5048983.0,284892.0,62
201200033732,12,8,11,1725,1,2,5,1.0,3,62498,M,,,62
201200033733,12,8,15,425,5,2,6,1.0,6,62771,M,,,62
201200033734,12,8,20,1835,1,2,3,1.0,3,62498,M,,,62
201200033735,12,8,22,1450,1,2,1,1.0,6,62895,M,,,62
201200033736,12,8,30,1640,1,2,1,1.0,6,62498,M,,,62
201200033737,12,8,29,900,1,2,3,1.0,6,62498,M,,,62
201200033738,12,8,31,445,5,2,1,2.0,6,62498,M,,,62
201200033739,12,9,8,100,5,2,1,1.0,6,62842,M,,,62
201200033740,12,8,23,1400,1,2,3,1.0,3,62842,M,,,62
201200033741,12,9,3,2100,2,2,3,1.0,3,62895,M,,,62
201200033742,12,9,5,1530,1,2,1,1.0,6,62842,M,,,62
201200033743,12,9,6,1210,1,2,1,1.0,7,62771,M,,,62
201200033744,12,9,27,1205,1,1,1,1.0,3,62842,M,,,62
201200033745,12,10,5,945,1,2,2,2.0,3,62498,M,,,62
201200033746,12,9,23,1400,1,2,2,1.0,3,62842,M,,,62
201200033747,12,10,15,1500,1,2,1,1.0,6,62498,M,,,62
201200033748,12,10,9,2035,5,2,2,2.0,3,62498,M,,,62
201200033749,12,10,26,2205,5,2,1,1.0,1,62498,M,,,62
201200033750,12,10,13,10,5,2,1,1.0,3,62498,M,,,62
201200033751,12,11,10,1800,2,2,1,3.0,6,62218,M,,,62
201200033752,12,11,11,1915,5,2,1,8.0,3,62498,M,,,62
201200033753,12,12,5,1705,5,2,1,2.0,6,62498,M,,,62
201200033754,12,11,14,1315,1,2,1,1.0,1,62771,M,,,62
201200033755,12,12,23,2050,5,2,2,2.0,3,62771,M,,,62
201200033756,12,1,2,2100,2,2,1,1.0,6,62510,M,,,62
201200033757,12,1,19,720,2,1,1,1.0,7,62563,M,,,62
201200033758,12,1,9,730,2,2,1,1.0,7,62019,M,,,62
201200033759,12,1,11,2000,2,2,1,1.0,2,62186,M,,,62
201200033760,12,1,27,1205,1,2,1,1.0,7,62386,M,,,62
201200033761,12,1,27,1525,1,2,1,1.0,7,62186,M,,,62
201200033762,12,3,28,1210,1,2,1,2.0,2,62510,M,,,62
201200033763,12,4,25,1630,1,2,1,1.0,2,62186,M,,,62
201200033764,12,4,26,1215,1,2,1,1.0,2,62510,M,,,62
201200033765,12,5,3,1530,1,2,1,1.0,3,62510,M,,,62
201200033766,12,6,7,2120,1,2,1,1.0,3,62528,M,,,62
201200033767,12,6,8,1710,1,2,1,1.0,3,62510,M,,,62
201200033768,12,6,13,2130,2,2,1,1.0,7,62563,M,,,62
201200033769,12,7,19,1320,1,2,1,1.0,3,62510,M,,,62
201200033770,12,7,25,900,1,2,1,1.0,2,62510,M,,,62
201200033771,12,8,6,1800,1,2,1,1.0,3,62186,M,,,62
201200033772,12,8,6,1600,1,2,1,9.0,2,62563,M,,,62
201200033773,12,8,11,1440,1,2,9,1.0,3,62386,M,,,62
201200033774,12,9,1,755,2,2,1,1.0,1,62186,M,,,62
201200033775,12,9,10,1605,1,2,1,1.0,6,62186,M,,,62
201200033776,12,9,13,845,1,1,1,1.0,7,62510,M,,,62
201200033777,12,9,25,1620,1,2,1,1.0,3,62386,M,,,62
201200033778,12,9,30,1300,1,2,1,1.0,3,62386,M,,,62
201200033779,12,10,20,845,1,2,1,1.0,7,62386,M,,,62
201200033780,12,10,17,2100,5,2,1,1.0,7,62510,M,,,62
201200033781,12,10,1,1300,1,2,1,1.0,6,62510,M,,,62
201200033782,12,12,8,1800,1,2,1,1.0,3,62510,M,,,62
201200033783,12,12,8,915,1,2,1,1.0,6,62386,M,,,62
201200033784,12,12,14,1045,1,1,1,1.0,5,62032,M,,,62
201200033785,12,12,6,800,2,1,1,4.0,6,62563,M,,,62
201200033786,12,12,5,1650,5,2,1,2.0,6,62019,M,,,62
201200033787,12,12,20,730,5,2,1,3.0,6,62510,M,,,62
201200033788,12,1,29,1220,1,2,1,1.0,6,62194,M,5049282.0,248180.0,62
201200033789,12,3,21,725,1,2,1,1.0,3,62489,M,,,62
201200033790,12,4,29,2155,3,2,1,1.0,2,62194,M,,,62
201200033791,12,5,16,1230,1,2,6,1.0,2,62023,M,,,62
201200033792,12,6,16,745,1,2,1,1.0,6,62197,M,,,62
201200033793,12,9,2,1220,1,2,1,1.0,6,62555,M,,,62
201200033794,12,9,15,2240,5,1,6,1.0,1,62224,M,,,62
201200033795,12,9,18,1730,1,2,1,1.0,3,62555,M,,,62
201200033796,12,11,10,1730,3,2,1,3.0,1,62224,M,,,62
201200033797,12,11,7,2155,5,2,1,1.0,2,62224,M,,,62
201200033798,12,12,26,25,3,1,1,3.0,3,62194,M,,,62
201200033799,12,1,13,730,2,1,9,1.0,3,62737,M,,,62
201200033800,12,2,19,1755,1,2,3,1.0,6,62083,M,5045384.0,261884.0,62
201200033801,12,3,14,1305,1,1,1,1.0,6,62083,M,,,62
201200033802,12,4,13,1735,1,2,1,8.0,6,62617,M,,,62
201200033803,12,5,9,2120,1,2,1,1.0,7,62617,M,,,62
201200033804,12,7,20,2245,4,2,6,1.0,7,62083,M,,,62
201200033805,12,6,22,630,1,1,1,1.0,6,62540,M,,,62
201200033806,12,7,23,1920,1,2,1,1.0,6,62737,M,,,62
201200033807,12,8,1,900,1,2,6,1.0,7,62083,M,,,62
201200033808,12,10,30,740,5,2,6,1.0,2,62617,M,,,62
201200033809,12,12,30,25,5,2,1,3.0,7,62757,M,,,62
201200033810,12,1,30,745,5,2,3,8.0,6,62765,M,5074175.0,225722.0,62
201200033811,12,3,19,1300,1,2,1,1.0,6,62765,M,,,62
201200033812,12,4,21,1125,1,2,1,8.0,6,62765,M,5075566.0,225455.0,62
201200033813,12,4,28,1230,1,1,3,1.0,3,62139,M,,,62
201200033814,12,8,30,1750,1,2,3,1.0,6,62765,M,,,62
201200033815,12,10,4,1400,1,1,1,1.0,6,62765,M,,,62
201200033816,12,10,16,1811,1,2,1,7.0,6,62525,M,,,62
201200033817,12,11,26,1715,5,2,3,1.0,1,62902,M,,,62
201200033818,12,12,5,1905,5,2,1,2.0,6,62525,M,5073778.0,225063.0,62
201200033819,12,12,20,1400,1,2,1,2.0,6,62765,M,,,62
201200033820,12,1,16,1205,1,2,6,7.0,1,62826,M,,,62
201200033821,12,4,8,1113,1,2,1,2.0,2,62826,M,,,62
201200033822,12,4,23,1515,1,2,1,3.0,6,62826,M,,,62
201200033823,12,5,17,1125,1,2,1,1.0,3,62826,M,,,62
201200033824,12,5,28,1548,1,2,2,1.0,7,62826,M,,,62
201200033825,12,5,29,910,1,2,6,7.0,3,62826,M,,,62
201200033826,12,6,2,1615,1,2,2,1.0,3,62826,M,,,62
201200033827,12,7,4,1115,1,2,1,1.0,1,62826,M,,,62
201200033828,12,7,17,1653,1,2,1,1.0,6,62826,M,,,62
201200033829,12,8,8,1900,1,2,1,1.0,3,62826,M,,,62
201200033830,12,8,18,645,5,2,1,1.0,7,62826,M,,,62
201200033831,12,9,10,1210,1,2,1,1.0,6,62826,M,,,62
201200033832,12,1,2,2000,5,2,1,1.0,6,63113,M,4578100.0,307543.0,63
201200033833,12,1,3,1725,5,2,1,1.0,6,63113,M,4577442.0,307971.0,63
201200033834,12,1,4,1320,1,2,1,1.0,2,63113,M,4577485.0,307953.0,63
201200033835,12,1,4,1442,1,2,3,1.0,3,63113,M,4581671.0,310695.0,63
201200033836,12,1,7,28,5,2,1,1.0,2,63113,M,4578870.0,312573.0,63
201200033837,12,1,7,2230,3,2,1,1.0,6,63113,M,4577178.0,308053.0,63
201200033838,12,1,10,800,1,2,3,1.0,6,63113,M,4576841.0,310460.0,63
201200033839,12,1,11,1823,5,2,1,1.0,6,63113,M,4579134.0,311415.0,63
201200033840,12,1,11,1815,2,2,1,1.0,6,63014,M,,,63
201200033841,12,1,12,1549,1,2,1,1.0,6,63113,M,4578850.0,311800.0,63
201200033842,12,1,13,1910,5,2,1,1.0,6,63113,M,4580174.0,311100.0,63
201200033843,12,1,14,150,5,2,3,1.0,3,63113,M,4577357.0,308997.0,63
201200033844,12,1,13,1712,1,2,1,1.0,6,63113,M,4578483.0,310188.0,63
201200033845,12,1,13,1930,5,2,1,1.0,6,63075,M,4577454.0,307124.0,63
201200033846,12,1,16,904,1,2,1,1.0,3,63113,M,,,63
201200033847,12,1,17,1030,1,2,1,1.0,3,63113,M,,,63
201200033848,12,1,17,1320,1,2,2,1.0,6,63113,M,4576565.0,310462.0,63
201200033849,12,1,17,1410,1,2,1,1.0,6,63113,M,,,63
201200033850,12,1,18,2110,5,2,1,1.0,1,63113,M,,,63
201200033851,12,1,20,1124,1,2,1,1.0,6,63113,M,4577979.0,308321.0,63
201200033852,12,1,20,1700,1,2,1,1.0,7,63075,M,,,63
201200033853,12,1,20,1825,5,1,1,2.0,6,63113,M,,,63
201200033854,12,1,21,1155,1,2,6,1.0,5,63014,M,4575161.0,310895.0,63
201200033855,12,1,21,1400,1,2,1,1.0,3,63113,M,,,63
201200033856,12,1,21,1850,5,2,1,1.0,3,63113,M,,,63
201200033857,12,1,23,2330,5,2,1,1.0,3,63113,M,,,63
201200033858,12,1,23,1815,5,2,1,1.0,6,63014,M,4575289.0,313426.0,63
201200033859,12,1,23,840,1,2,1,1.0,3,63113,M,4580652.0,311363.0,63
201200033860,12,1,24,2023,5,2,1,1.0,6,63113,M,,,63
201200033861,12,1,24,1420,1,2,1,1.0,6,63113,M,,,63
201200033862,12,1,24,830,1,2,1,1.0,6,63113,M,,,63
201200033863,12,1,25,1914,5,2,1,1.0,2,63113,M,,,63
201200033864,12,1,27,715,1,2,2,1.0,3,63075,M,4577585.0,306793.0,63
201200033865,12,1,28,1230,1,2,1,1.0,6,63113,M,,,63
201200033866,12,1,28,1415,1,2,1,1.0,6,63113,M,4577054.0,310122.0,63
201200033867,12,1,30,245,3,1,1,1.0,6,63014,M,,,63
201200033868,12,1,30,1315,1,2,1,1.0,2,63113,M,,,63
201200033869,12,1,31,1715,2,2,1,1.0,6,63113,M,4577019.0,307620.0,63
201200033870,12,2,1,1320,1,2,1,8.0,4,63113,M,,,63
201200033871,12,2,2,1355,1,2,1,1.0,3,63113,M,,,63
201200033872,12,2,2,1425,1,2,1,1.0,6,63113,M,,,63
201200033873,12,2,3,1700,1,2,1,1.0,6,63014,M,4575431.0,312506.0,63
201200033874,12,2,4,2114,5,2,1,1.0,6,63113,M,,,63
201200033875,12,2,4,1850,5,2,1,8.0,6,63113,M,4576838.0,309342.0,63
201200033876,12,2,4,1325,1,2,1,1.0,6,63113,M,,,63
201200033877,12,2,5,930,1,2,1,1.0,6,63113,M,,,63
201200033878,12,2,6,730,1,2,1,8.0,6,63113,M,4575913.0,308667.0,63
201200033879,12,2,6,816,1,2,3,1.0,6,63070,M,4573011.0,306498.0,63
201200033880,12,2,6,840,1,2,1,4.0,1,63113,M,4579246.0,306140.0,63
201200033881,12,2,7,2015,3,1,1,1.0,5,63032,M,,,63
201200033882,12,2,8,1908,5,2,1,1.0,2,63113,M,4577447.0,309558.0,63
201200033883,12,2,8,1610,1,2,1,1.0,6,63113,M,,,63
201200033884,12,2,8,1658,1,2,1,1.0,6,63113,M,,,63
201200033885,12,2,8,2030,4,2,6,1.0,3,63113,M,4578797.0,313939.0,63
201200033886,12,2,9,200,5,2,1,1.0,6,63113,M,,,63
201200033887,12,2,9,847,1,2,1,1.0,6,63113,M,,,63
201200033888,12,2,10,1630,1,2,1,1.0,6,63113,M,,,63
201200033889,12,2,11,1926,5,2,1,1.0,6,63113,M,,,63
201200033890,12,2,12,1135,1,2,1,1.0,6,63075,M,4578402.0,306361.0,63
201200033891,12,2,12,1522,1,2,1,1.0,6,63308,M,4576341.0,304975.0,63
201200033892,12,2,14,2141,5,2,2,2.0,3,63113,M,4578716.0,308455.0,63
201200033893,12,2,17,1534,1,2,4,1.0,6,63113,M,4577891.0,307348.0,63
201200033894,12,2,17,1700,2,1,1,1.0,6,63113,M,,,63
201200033895,12,2,18,610,5,2,1,1.0,6,63113,M,,,63
201200033896,12,2,18,940,1,2,1,1.0,6,63032,M,,,63
201200033897,12,2,18,1150,1,2,1,1.0,3,63113,M,,,63
201200033898,12,2,16,1400,1,2,3,1.0,1,63113,M,4579045.0,308019.0,63
201200033899,12,2,18,1640,1,2,1,1.0,5,63075,M,4577967.0,306234.0,63
201200033900,12,2,20,1620,1,2,1,1.0,3,63113,M,,,63
201200033901,12,2,21,1220,1,2,1,1.0,3,63113,M,,,63
201200033902,12,2,22,1855,5,2,1,1.0,7,63113,M,4576230.0,309980.0,63
201200033903,12,2,27,900,1,2,1,1.0,6,63113,M,4576172.0,308221.0,63
201200033904,12,2,27,1730,1,2,1,1.0,3,63075,M,4576817.0,307311.0,63
201200033905,12,2,27,1815,1,2,1,1.0,6,63113,M,,,63
201200033906,12,2,28,1115,1,1,2,1.0,6,63113,M,4577138.0,308315.0,63
201200033907,12,3,2,735,1,2,1,1.0,6,63075,M,,,63
201200033908,12,3,2,1132,1,2,6,1.0,6,63113,M,4576121.0,313219.0,63
201200033909,12,3,2,1050,1,2,1,1.0,3,63113,M,4576005.0,308173.0,63
201200033910,12,3,2,1818,1,1,1,1.0,3,63014,M,,,63
201200033911,12,3,3,1300,1,2,1,1.0,6,63113,M,4577953.0,312107.0,63
201200033912,12,3,3,1750,1,2,1,1.0,6,63113,M,,,63
201200033913,12,3,3,1900,5,2,1,1.0,6,63075,M,4577594.0,306922.0,63
201200033914,12,3,3,2000,5,2,9,1.0,6,63113,M,,,63
201200033915,12,3,4,500,5,2,1,1.0,6,63113,M,,,63
201200033916,12,3,5,1245,1,2,1,1.0,6,63113,M,,,63
201200033917,12,3,7,1526,1,2,1,1.0,6,63014,M,,,63
201200033918,12,3,8,1515,1,2,1,1.0,3,63113,M,4576557.0,307086.0,63
201200033919,12,3,9,1502,1,2,1,1.0,6,63113,M,4578646.0,310394.0,63
201200033920,12,3,10,1115,1,2,1,1.0,6,63113,M,4578639.0,306571.0,63
201200033921,12,3,10,1415,1,2,1,1.0,6,63113,M,4576453.0,309788.0,63
201200033922,12,3,10,1637,1,2,1,1.0,6,63113,M,4578373.0,307814.0,63
201200033923,12,3,12,1410,1,2,1,1.0,6,63113,M,,,63
201200033924,12,3,14,1415,1,2,1,1.0,2,63113,M,4783100.0,648500.0,63
201200033925,12,3,14,1850,1,2,1,1.0,6,63113,M,,,63
201200033926,12,3,15,1115,1,2,1,1.0,6,63113,M,4578749.0,306308.0,63
201200033927,12,3,15,1232,1,2,1,1.0,6,63113,M,4576410.0,311337.0,63
201200033928,12,3,15,1620,1,2,1,1.0,6,63113,M,,,63
201200033929,12,3,17,1150,1,2,3,1.0,3,63113,M,4577354.0,307456.0,63
201200033930,12,3,19,1658,1,2,1,1.0,6,63113,M,,,63
201200033931,12,3,20,800,1,2,1,1.0,6,63113,M,4579062.0,308604.0,63
201200033932,12,3,20,857,1,2,1,2.0,6,63113,M,4576873.0,313092.0,63
201200033933,12,3,20,1010,1,2,1,8.0,3,63113,M,,,63
201200033934,12,3,20,1327,1,2,1,2.0,6,63014,M,4575334.0,311704.0,63
201200033935,12,3,20,1700,1,2,1,1.0,6,63113,M,,,63
201200033936,12,3,20,1903,2,2,1,1.0,3,63113,M,4577578.0,308387.0,63
201200033937,12,3,21,2145,5,2,1,1.0,6,63113,M,4578140.0,307455.0,63
201200033938,12,3,22,814,1,2,1,1.0,6,63113,M,,,63
201200033939,12,3,22,1140,1,2,1,1.0,6,63113,M,4579859.0,311753.0,63
201200033940,12,3,22,1613,1,2,1,1.0,6,63113,M,,,63
201200033941,12,3,22,1650,1,2,1,1.0,6,63113,M,,,63
201200033942,12,3,23,1738,1,2,1,1.0,2,63032,M,4575367.0,308569.0,63
201200033943,12,3,23,2115,2,2,1,1.0,6,63113,M,4578492.0,309336.0,63
201200033944,12,3,24,1130,1,2,1,1.0,6,63113,M,4578813.0,313942.0,63
201200033945,12,3,24,1340,1,2,1,1.0,4,63113,M,,,63
201200033946,12,3,27,1735,1,2,9,1.0,6,63113,M,,,63
201200033947,12,3,28,1020,1,2,1,2.0,3,63113,M,,,63
201200033948,12,3,29,925,1,2,9,1.0,3,63113,M,,,63
201200033949,12,3,30,1720,1,2,1,1.0,6,63113,M,,,63
201200033950,12,3,31,1148,1,2,1,1.0,7,63113,M,4578842.0,308288.0,63
201200033951,12,3,31,1445,1,1,1,1.0,7,63032,M,,,63
201200033952,12,4,2,1405,1,2,1,2.0,7,63113,M,4578116.0,308925.0,63
201200033953,12,4,3,1500,1,2,1,1.0,6,63113,M,,,63
201200033954,12,4,3,1950,1,2,1,1.0,6,63113,M,,,63
201200033955,12,4,3,2115,5,1,1,8.0,3,63113,M,,,63
201200033956,12,4,4,520,5,2,2,1.0,3,63113,M,4578121.0,309121.0,63
201200033957,12,4,5,1310,1,2,1,1.0,6,63113,M,,,63
201200033958,12,4,4,1754,1,2,1,1.0,6,63113,M,4576949.0,311531.0,63
201200033959,12,4,6,1002,1,2,1,1.0,3,63113,M,4577801.0,310658.0,63
201200033960,12,4,6,1345,1,2,1,1.0,6,63113,M,,,63
201200033961,12,4,6,1601,1,2,1,1.0,3,63113,M,,,63
201200033962,12,4,6,1650,1,2,2,2.0,3,63113,M,,,63
201200033963,12,4,10,1200,1,2,1,2.0,6,63113,M,4577440.0,307417.0,63
201200033964,12,4,10,1555,1,2,2,1.0,3,63113,M,4579052.0,308404.0,63
201200033965,12,4,10,1700,1,2,2,8.0,5,63113,M,4578812.0,313939.0,63
201200033966,12,4,11,920,1,2,1,1.0,7,63113,M,4578669.0,306605.0,63
201200033967,12,4,14,1930,1,2,1,1.0,6,63113,M,,,63
201200033968,12,4,19,1704,1,2,1,1.0,6,63032,M,4574797.0,307518.0,63
201200033969,12,4,19,1420,1,2,2,1.0,3,63113,M,4580603.0,311899.0,63
201200033970,12,4,18,1747,1,2,1,1.0,6,63113,M,,,63
201200033971,12,4,19,1914,1,2,1,1.0,6,63113,M,,,63
201200033972,12,4,21,1500,1,2,1,1.0,6,63113,M,,,63
201200033973,12,4,24,1344,1,2,1,1.0,6,63014,M,4574959.0,311061.0,63
201200033974,12,4,23,120,5,2,1,1.0,6,63113,M,4577342.0,309189.0,63
201200033975,12,4,24,1420,1,2,1,1.0,3,63014,M,,,63
201200033976,12,4,25,1400,1,2,1,1.0,6,63113,M,,,63
201200033977,12,4,25,1150,1,2,1,1.0,6,63113,M,,,63
201200033978,12,4,29,1510,1,2,1,1.0,6,63113,M,4576124.0,308223.0,63
201200033979,12,4,30,1614,1,2,1,1.0,6,63113,M,4576899.0,345699.0,63
201200033980,12,4,30,1820,1,2,1,1.0,2,63113,M,,,63
201200033981,12,5,1,1216,1,2,1,1.0,3,63113,M,,,63
201200033982,12,5,1,1210,1,2,1,1.0,6,63113,M,4579369.0,311920.0,63
201200033983,12,5,1,1625,1,2,2,1.0,6,63113,M,4578152.0,312234.0,63
201200033984,12,5,2,930,1,2,3,1.0,6,63113,M,4575999.0,312238.0,63
201200033985,12,5,2,1810,1,2,3,1.0,3,63113,M,4578748.0,310582.0,63
201200033986,12,5,3,1348,1,2,1,1.0,5,63113,M,,,63
201200033987,12,5,6,615,5,1,1,1.0,6,63113,M,,,63
201200033988,12,5,4,1640,1,2,1,1.0,6,63113,M,,,63
201200033989,12,5,4,1740,1,2,1,1.0,6,63014,M,,,63
201200033990,12,5,9,1800,1,2,3,1.0,3,63113,M,4577868.0,309919.0,63
201200033991,12,5,12,545,5,2,6,9.0,6,63113,M,4578830.0,313940.0,63
201200033992,12,5,12,1700,1,2,1,1.0,3,63113,M,4577508.0,307384.0,63
201200033993,12,5,14,1620,1,2,1,1.0,4,63113,M,,,63
201200033994,12,5,14,2330,5,2,1,1.0,7,63075,M,4578222.0,305832.0,63
201200033995,12,5,15,553,2,2,1,1.0,6,63113,M,,,63
201200033996,12,5,15,1545,1,2,1,1.0,3,63113,M,,,63
201200033997,12,5,17,1540,1,2,1,1.0,6,63113,M,,,63
201200033998,12,5,18,2152,5,2,2,2.0,3,63113,M,4577725.0,307280.0,63
201200033999,12,5,21,745,1,2,1,1.0,6,63113,M,,,63
201200034000,12,5,21,1131,1,2,1,1.0,6,63113,M,,,63
201200034001,12,5,21,1410,1,2,1,8.0,6,63113,M,,,63
201200034002,12,5,21,1537,1,2,1,1.0,2,63113,M,,,63
201200034003,12,5,21,1425,1,2,6,2.0,3,63113,M,4576110.0,313258.0,63
201200034004,12,5,21,1650,1,2,1,1.0,6,63113,M,,,63
201200034005,12,5,21,1715,1,2,1,2.0,6,63113,M,4579255.0,306204.0,63
201200034006,12,5,22,1105,1,2,1,1.0,6,63075,M,4576926.0,307727.0,63
201200034007,12,5,22,1105,1,2,1,8.0,6,63113,M,,,63
201200034008,12,5,22,1355,1,2,1,2.0,6,63113,M,4578635.0,306566.0,63
201200034009,12,5,22,1630,1,2,2,2.0,3,63014,M,4575365.0,311058.0,63
201200034010,12,5,23,1252,1,2,1,1.0,6,63113,M,,,63
201200034011,12,5,23,1415,1,2,9,1.0,6,63113,M,,,63
201200034012,12,5,24,1725,1,2,1,1.0,6,63113,M,4576793.0,308491.0,63
201200034013,12,5,24,1750,1,2,1,1.0,2,63113,M,4579010.0,313090.0,63
201200034014,12,5,24,1359,1,2,1,1.0,2,63113,M,,,63
201200034015,12,5,26,1442,1,2,2,1.0,3,63113,M,4578970.0,311795.0,63
201200034016,12,5,27,1500,1,2,1,1.0,6,63113,M,,,63
201200034017,12,5,29,837,1,2,1,1.0,6,63113,M,,,63
201200034018,12,5,29,906,1,2,1,1.0,2,63113,M,4579023.0,308282.0,63
201200034019,12,5,31,820,1,2,1,1.0,2,63113,M,4580781.0,312350.0,63
201200034020,12,6,1,1239,1,2,1,1.0,2,63113,M,,,63
201200034021,12,6,1,1815,1,2,1,1.0,6,63113,M,,,63
201200034022,12,6,1,1848,1,2,1,1.0,6,63113,M,,,63
201200034023,12,6,2,1000,1,2,1,1.0,4,63014,M,,,63
201200034024,12,6,4,1045,1,2,1,1.0,6,63113,M,,,63
201200034025,12,6,5,2307,5,2,3,1.0,3,63113,M,4578401.0,307615.0,63
201200034026,12,6,5,1832,1,2,1,1.0,2,63113,M,,,63
201200034027,12,6,6,745,1,2,1,1.0,6,63113,M,,,63
201200034028,12,6,6,808,1,2,1,1.0,6,63014,M,,,63
201200034029,12,6,7,805,1,2,1,1.0,6,63113,M,4578224.0,309554.0,63
201200034030,12,6,6,1727,1,2,1,1.0,6,63113,M,4577454.0,309001.0,63
201200034031,12,6,8,1025,1,2,2,1.0,3,63113,M,4577620.0,309758.0,63
201200034032,12,6,8,1659,1,2,1,1.0,6,63113,M,4578155.0,309428.0,63
201200034033,12,6,11,1705,1,2,1,2.0,6,63308,M,,,63
201200034034,12,6,10,1919,1,2,1,1.0,6,63113,M,4579243.0,306136.0,63
201200034035,12,6,11,915,1,1,1,1.0,6,63032,M,,,63
201200034036,12,6,12,1025,1,2,3,1.0,6,63113,M,4581037.0,311992.0,63
201200034037,12,6,12,1510,1,2,1,1.0,1,63113,M,,,63
201200034038,12,6,14,925,1,2,1,1.0,2,63014,M,4575022.0,312109.0,63
201200034039,12,6,14,2330,5,2,1,1.0,6,63113,M,,,63
201200034040,12,6,16,330,5,2,1,1.0,6,63075,M,4577550.0,306833.0,63
201200034041,12,6,15,2055,2,2,1,1.0,1,63113,M,4577657.0,310942.0,63
201200034042,12,6,16,715,1,2,2,1.0,3,63113,M,4577919.0,309591.0,63
201200034043,12,6,17,1756,1,2,1,1.0,6,63113,M,4581114.0,311648.0,63
201200034044,12,6,18,1800,1,2,1,1.0,6,63113,M,,,63
201200034045,12,6,19,800,1,1,1,1.0,2,63113,M,4580470.0,311866.0,63
201200034046,12,6,19,1024,1,2,2,1.0,6,63113,M,4579051.0,308405.0,63
201200034047,12,6,19,1227,1,2,1,1.0,3,63113,M,,,63
201200034048,12,6,21,1107,1,2,1,1.0,6,63113,M,,,63
201200034049,12,6,21,1745,1,2,2,1.0,3,63075,M,4576847.0,307550.0,63
201200034050,12,6,23,1525,1,2,2,1.0,3,63113,M,4580290.0,311037.0,63
201200034051,12,6,23,2115,1,2,1,1.0,6,63113,M,,,63
201200034052,12,6,26,730,1,2,1,1.0,3,63113,M,,,63
201200034053,12,6,28,843,1,2,2,1.0,6,63075,M,4577622.0,306242.0,63