Num_Acc,an,mois,jour,hrmn,lum,agg,int,atm,col,com,gps,lat,long,dep
201200034054,12,6,29,1900,1,2,1,1.0,6,63113,M,4576534.0,312227.0,63
201200034055,12,6,29,2151,1,2,1,1.0,6,63113,M,,,63
201200034056,12,6,30,1727,1,2,1,1.0,6,63113,M,,,63
201200034057,12,7,3,900,1,2,1,1.0,6,63113,M,4577268.0,309916.0,63
201200034058,12,7,3,1227,1,2,1,1.0,6,63032,M,4575546.0,308471.0,63
201200034059,12,7,3,1345,1,2,1,1.0,6,63113,M,,,63
201200034060,12,7,3,1720,1,2,1,1.0,6,63113,M,4576592.0,309339.0,63
201200034061,12,7,4,1510,1,2,1,1.0,6,63075,M,,,63
201200034062,12,7,4,1950,1,2,1,1.0,6,63113,M,4577863.0,307800.0,63
201200034063,12,7,5,1055,1,2,1,3.0,6,63113,M,,,63
201200034064,12,7,5,1300,1,2,1,2.0,6,63113,M,4581506.0,309899.0,63
201200034065,12,7,5,1524,1,2,1,1.0,6,63113,M,4576410.0,311238.0,63
201200034066,12,7,5,1600,1,2,1,2.0,6,63113,M,,,63
201200034067,12,7,9,1132,1,2,1,1.0,2,63113,M,,,63
201200034068,12,7,9,1700,1,2,1,1.0,6,63113,M,4576932.0,311304.0,63
201200034069,12,7,11,1812,1,2,1,1.0,6,63113,M,4577345.0,309171.0,63
201200034070,12,7,12,1809,1,2,6,1.0,2,63113,M,4578812.0,313945.0,63
201200034071,12,7,12,1830,1,2,6,1.0,6,63075,M,4577861.0,306254.0,63
201200034072,12,7,13,1248,1,2,1,1.0,6,63113,M,4576508.0,310482.0,63
201200034073,12,7,13,1805,1,2,1,1.0,6,63113,M,4579222.0,308744.0,63
201200034074,12,7,15,1530,1,2,1,1.0,6,63113,M,,,63
201200034075,12,7,15,1942,1,2,1,1.0,6,63113,M,4578262.0,307209.0,63
201200034076,12,7,15,1943,1,2,1,1.0,3,63113,M,4578626.0,306410.0,63
201200034077,12,7,16,800,1,2,1,1.0,6,63113,M,,,63
201200034078,12,7,17,1851,1,2,1,1.0,6,63113,M,,,63
201200034079,12,7,18,1702,1,2,1,1.0,7,63113,M,,,63
201200034080,12,7,18,2000,1,2,1,1.0,6,63113,M,,,63
201200034081,12,7,19,807,1,2,1,1.0,6,63113,M,,,63
201200034082,12,7,20,1750,1,2,2,1.0,3,63113,M,4576902.0,308913.0,63
201200034083,12,7,21,1648,1,2,1,1.0,3,63014,M,,,63
201200034084,12,7,22,220,5,2,1,1.0,6,63113,M,,,63
201200034085,12,7,23,152,5,2,1,1.0,6,63113,M,,,63
201200034086,12,7,23,2020,1,1,1,1.0,7,63070,M,,,63
201200034087,12,7,24,1200,1,2,1,1.0,6,63113,M,,,63
201200034088,12,7,24,1814,1,2,1,1.0,2,63113,M,,,63
201200034089,12,7,26,830,1,2,1,1.0,6,63113,M,,,63
201200034090,12,7,26,957,1,2,6,1.0,6,63113,M,4578815.0,313948.0,63
201200034091,12,7,26,1520,1,2,6,1.0,3,63113,M,4578815.0,313948.0,63
201200034092,12,7,28,1210,1,2,2,1.0,3,63113,M,4580018.0,311210.0,63
201200034093,12,7,29,930,1,2,1,1.0,3,63113,M,,,63
201200034094,12,7,30,1300,1,2,2,1.0,6,63014,M,,,63
201200034095,12,7,31,1715,1,2,1,1.0,6,63113,M,4581099.0,312598.0,63
201200034096,12,8,6,1845,1,2,1,7.0,7,63014,M,4575411.0,311752.0,63
201200034097,12,8,8,755,1,2,1,1.0,2,63113,M,4576671.0,309597.0,63
201200034098,12,8,8,2315,5,2,1,1.0,2,63113,M,4578905.0,310875.0,63
201200034099,12,8,9,845,1,2,1,1.0,3,63014,M,,,63
201200034100,12,8,9,1100,1,2,1,1.0,4,63113,M,4576579.0,308224.0,63
201200034101,12,8,9,1405,1,2,1,1.0,2,63113,M,4579018.0,311802.0,63
201200034102,12,8,9,1935,1,2,1,1.0,6,63113,M,,,63
201200034103,12,8,10,830,1,2,2,1.0,3,63113,M,4576731.0,310467.0,63
201200034104,12,8,10,1914,1,2,1,1.0,4,63113,M,4577723.0,310226.0,63
201200034105,12,8,11,1132,1,2,1,1.0,3,63113,M,,,63
201200034106,12,8,11,1415,1,2,1,1.0,3,63014,M,,,63
201200034107,12,8,13,856,1,2,6,1.0,2,63113,M,,,63
201200034108,12,8,14,1255,1,2,1,1.0,6,63014,M,,,63
201200034109,12,8,14,1650,1,2,1,1.0,3,63014,M,4575179.0,313469.0,63
201200034110,12,8,14,1736,1,2,1,1.0,6,63014,M,,,63
201200034111,12,8,14,1930,1,2,1,1.0,3,63113,M,,,63
201200034112,12,8,15,1200,1,2,1,1.0,6,63113,M,4577204.0,309862.0,63
201200034113,12,8,16,1601,1,2,1,1.0,2,63014,M,,,63
201200034114,12,8,18,1104,1,2,1,1.0,6,63113,M,4577620.0,308048.0,63
201200034115,12,8,19,1030,1,2,3,1.0,3,63113,M,4581028.0,309992.0,63
201200034116,12,8,20,1535,1,2,9,1.0,3,63113,M,4576215.0,312627.0,63
201200034117,12,8,20,1950,1,2,1,1.0,6,63113,M,4579190.0,306108.0,63
201200034118,12,8,22,1537,1,2,1,1.0,6,63113,M,,,63
201200034119,12,8,22,1640,1,2,1,1.0,2,63113,M,4579118.0,311379.0,63
201200034120,12,8,23,2123,5,2,6,1.0,6,63113,M,,,63
201200034121,12,8,24,1626,1,2,1,1.0,6,63113,M,4578540.0,310178.0,63
201200034122,12,8,27,1520,1,2,1,1.0,6,63113,M,4576678.0,309191.0,63
201200034123,12,8,28,847,1,2,1,2.0,2,63113,M,,,63
201200034124,12,8,28,1047,1,2,1,2.0,7,63014,M,,,63
201200034125,12,8,30,1800,1,2,1,1.0,6,63075,M,,,63
201200034126,12,8,30,2010,1,2,2,1.0,3,63113,M,4576962.0,309870.0,63
201200034127,12,8,31,1050,1,2,1,1.0,2,63113,M,,,63
201200034128,12,9,3,838,1,2,1,1.0,6,63113,M,,,63
201200034129,12,9,3,2020,1,2,1,1.0,1,63075,M,,,63
201200034130,12,9,4,1708,1,2,1,1.0,6,63113,M,,,63
201200034131,12,9,5,1025,1,2,1,1.0,6,63113,M,,,63
201200034132,12,9,5,1250,1,2,1,1.0,1,63113,M,4580000.0,312000.0,63
201200034133,12,9,6,735,1,2,1,1.0,6,63113,M,,,63
201200034134,12,9,6,756,1,1,1,1.0,6,63113,M,4577629.0,309141.0,63
201200034135,12,9,7,1210,1,2,1,1.0,3,63113,M,4577090.0,310308.0,63
201200034136,12,9,7,1832,1,2,1,1.0,6,63113,M,4577148.0,309952.0,63
201200034137,12,9,11,801,1,2,1,1.0,6,63014,M,4575259.0,313008.0,63
201200034138,12,9,12,1120,1,2,1,8.0,6,63113,M,4577195.0,308054.0,63
201200034139,12,9,12,1806,1,2,1,1.0,3,63113,M,,,63
201200034140,12,9,13,1632,1,2,1,1.0,6,63113,M,4578090.0,308095.0,63
201200034141,12,9,13,2036,1,2,1,1.0,6,63014,M,,,63
201200034142,12,9,13,2110,5,2,1,1.0,1,63014,M,,,63
201200034143,12,9,14,120,5,2,1,1.0,2,63113,M,,,63
201200034144,12,9,16,1048,1,2,1,1.0,6,63113,M,,,63
201200034145,12,9,16,1436,1,2,1,1.0,6,63113,M,4579951.0,312099.0,63
201200034146,12,9,18,2130,5,2,1,9.0,3,63113,M,4576024.0,309378.0,63
201200034147,12,9,19,758,1,2,1,1.0,2,63113,M,,,63
201200034148,12,9,20,5,4,2,1,2.0,6,63113,M,,,63
201200034149,12,9,19,1944,1,2,1,1.0,6,63113,M,,,63
201200034150,12,9,20,635,5,2,2,1.0,3,63113,M,4578793.0,310655.0,63
201200034151,12,9,20,1600,1,2,1,1.0,3,63075,M,4577445.0,306357.0,63
201200034152,12,9,20,1737,1,2,1,1.0,4,63113,M,,,63
201200034153,12,9,20,1903,1,2,1,1.0,6,63113,M,,,63
201200034154,12,9,20,1950,1,2,1,1.0,1,63308,M,,,63
201200034155,12,9,21,725,5,2,1,1.0,6,63032,M,4574990.0,307919.0,63
201200034156,12,9,21,1149,1,2,2,1.0,1,63113,M,,,63
201200034157,12,9,24,645,1,2,1,1.0,6,63113,M,,,63
201200034158,12,9,24,750,1,2,3,8.0,5,63113,M,4576498.0,310980.0,63
201200034159,12,9,24,805,1,2,1,1.0,6,63113,M,,,63
201200034160,12,9,24,849,1,2,1,2.0,2,63113,M,,,63
201200034161,12,9,24,1432,1,2,1,1.0,4,63113,M,,,63
201200034162,12,9,24,2016,1,2,1,1.0,6,63113,M,,,63
201200034163,12,9,25,1140,1,2,1,1.0,7,63113,M,4577870.0,311716.0,63
201200034164,12,9,25,1715,1,2,2,1.0,3,63113,M,4575876.0,310509.0,63
201200034165,12,9,25,1746,1,2,1,1.0,3,63075,M,4577157.0,305928.0,63
201200034166,12,9,25,1816,1,2,1,1.0,6,63113,M,,,63
201200034167,12,9,25,1950,1,2,1,1.0,6,63113,M,4578127.0,308736.0,63
201200034168,12,9,26,800,1,2,1,1.0,3,63113,M,4578887.0,309648.0,63
201200034169,12,9,28,837,1,2,1,1.0,2,63113,M,,,63
201200034170,12,9,28,1305,1,2,1,2.0,2,63113,M,4575820.0,312595.0,63
201200034171,12,9,28,1952,1,2,1,1.0,6,63113,M,4580373.0,311362.0,63
201200034172,12,9,29,1120,1,2,1,1.0,6,63113,M,,,63
201200034173,12,9,29,1250,1,2,1,8.0,2,63113,M,4577219.0,312155.0,63
201200034174,12,9,29,1634,1,2,1,1.0,4,63014,M,,,63
201200034175,12,9,29,1910,2,2,1,1.0,6,63075,M,4578077.0,306789.0,63
201200034176,12,9,29,1910,1,2,1,2.0,2,63113,M,4580000.0,310000.0,63
201200034177,12,10,1,1600,1,2,1,1.0,6,63113,M,,,63
201200034178,12,10,3,720,5,2,1,1.0,1,63113,M,,,63
201200034179,12,10,2,2010,2,2,3,1.0,3,63113,M,4576622.0,310789.0,63
201200034180,12,10,3,2120,4,2,1,1.0,2,63075,M,4577334.0,306664.0,63
201200034181,12,10,3,1850,1,2,1,1.0,6,63113,M,4578288.0,307412.0,63
201200034182,12,10,4,823,1,2,1,1.0,6,63075,M,,,63
201200034183,12,10,4,1250,1,2,2,1.0,3,63113,M,4577746.0,309014.0,63
201200034184,12,10,5,800,1,2,2,1.0,3,63113,M,4576315.0,309918.0,63
201200034185,12,10,5,830,1,2,1,1.0,6,63075,M,4577090.0,305890.0,63
201200034186,12,10,5,1920,1,2,1,1.0,2,63113,M,,,63
201200034187,12,10,5,2010,1,2,1,1.0,6,63113,M,,,63
201200034188,12,10,7,940,1,2,1,1.0,6,63113,M,,,63
201200034189,12,10,8,755,2,2,1,9.0,7,63113,M,4575916.0,308669.0,63
201200034190,12,10,8,1015,1,1,1,1.0,6,63113,M,,,63
201200034191,12,10,8,1337,1,2,1,1.0,3,63113,M,,,63
201200034192,12,10,8,2040,5,2,1,1.0,6,63113,M,,,63
201200034193,12,10,9,1310,1,2,1,1.0,6,63113,M,4578128.0,309556.0,63
201200034194,12,10,10,852,2,2,1,2.0,6,63113,M,4578467.0,309963.0,63
201200034195,12,10,10,1615,1,2,1,1.0,2,63113,M,4580231.0,310673.0,63
201200034196,12,10,11,925,1,2,1,1.0,3,63113,M,,,63
201200034197,12,10,11,1806,1,2,1,1.0,6,63113,M,,,63
201200034198,12,10,12,816,1,2,1,1.0,6,63113,M,4578900.0,310899.0,63
201200034199,12,10,12,1300,1,2,1,1.0,6,63113,M,,,63
201200034200,12,10,12,1615,1,2,1,1.0,4,63113,M,,,63
201200034201,12,10,12,1900,1,2,1,1.0,6,63014,M,,,63
201200034202,12,10,13,1506,1,2,1,1.0,2,63113,M,,,63
201200034203,12,10,15,1800,1,2,1,1.0,3,63113,M,,,63
201200034204,12,10,16,808,1,2,1,1.0,7,63113,M,,,63
201200034205,12,10,17,1729,1,1,1,1.0,6,63032,M,4575685.0,308695.0,63
201200034206,12,10,19,815,1,2,1,1.0,3,63075,M,,,63
201200034207,12,10,19,1312,1,2,1,1.0,6,63014,M,4575935.0,310179.0,63
201200034208,12,10,19,1650,1,2,1,1.0,1,63113,M,4581008.0,309993.0,63
201200034209,12,10,19,1958,1,2,1,1.0,3,63113,M,4577649.0,307497.0,63
201200034210,12,10,20,1045,1,2,1,1.0,6,63113,M,,,63
201200034211,12,10,20,1900,1,2,1,1.0,2,63113,M,,,63
201200034212,12,10,22,1034,1,2,1,1.0,6,63113,M,4578935.0,310942.0,63
201200034213,12,10,22,1630,1,2,1,1.0,3,63113,M,4579078.0,313647.0,63
201200034214,12,10,23,1628,1,2,1,1.0,3,63113,M,,,63
201200034215,12,10,25,1634,1,2,1,1.0,6,63308,M,4576344.0,306050.0,63
201200034216,12,10,26,1000,1,2,1,1.0,6,63113,M,,,63
201200034217,12,10,26,1520,1,2,1,2.0,4,63113,M,,,63
201200034218,12,10,26,1629,1,2,1,1.0,1,63113,M,4576660.0,310296.0,63
201200034219,12,10,27,1020,1,2,1,1.0,3,63113,M,,,63
201200034220,12,10,31,1245,1,2,1,1.0,3,63113,M,,,63
201200034221,12,11,1,620,5,2,1,8.0,7,63113,M,,,63
201200034222,12,11,1,1910,5,2,1,1.0,2,63113,M,,,63
201200034223,12,11,1,1815,5,2,2,1.0,3,63113,M,4578839.0,309553.0,63
201200034224,12,11,2,343,5,2,1,1.0,2,63113,M,,,63
201200034225,12,11,2,1030,1,2,1,1.0,3,63113,M,,,63
201200034226,12,11,2,1100,1,2,3,1.0,3,63113,M,4578754.0,311187.0,63
201200034227,12,11,4,1335,1,2,1,2.0,6,63032,M,,,63
201200034228,12,11,5,1740,1,2,1,1.0,2,63113,M,,,63
201200034229,12,11,5,2150,4,2,1,1.0,6,63113,M,,,63
201200034230,12,11,6,1315,1,2,1,2.0,6,63113,M,4578588.0,309856.0,63
201200034231,12,11,7,910,1,2,1,1.0,3,63113,M,,,63
201200034232,12,11,7,1000,1,2,1,1.0,3,63113,M,4576532.0,308293.0,63
201200034233,12,11,7,1245,1,2,1,1.0,6,63113,M,,,63
201200034234,12,11,7,1810,5,2,1,1.0,6,63113,M,,,63
201200034235,12,11,8,1207,1,2,1,1.0,6,63113,M,,,63
201200034236,12,11,8,1825,1,2,1,1.0,6,63113,M,,,63
201200034237,12,11,8,1815,5,2,1,1.0,3,63113,M,,,63
201200034238,12,11,9,945,1,2,2,1.0,3,63113,M,4578748.0,310587.0,63
201200034239,12,11,9,1709,1,2,1,1.0,6,63113,M,,,63
201200034240,12,11,10,830,1,2,1,1.0,6,63113,M,,,63
201200034241,12,11,10,2119,5,2,1,1.0,6,63075,M,,,63
201200034242,12,11,12,1645,1,2,1,1.0,6,63113,M,4578951.0,310961.0,63
201200034243,12,11,12,1655,1,2,1,1.0,6,63113,M,,,63
201200034244,12,11,13,820,1,2,1,1.0,6,63113,M,4576944.0,310293.0,63
201200034245,12,11,13,1458,1,2,1,1.0,6,63014,M,,,63
201200034246,12,11,13,1610,1,2,1,1.0,3,63113,M,,,63
201200034247,12,11,13,2245,5,2,6,1.0,3,63113,M,,,63
201200034248,12,11,14,1605,1,2,1,1.0,6,63113,M,4578474.0,306411.0,63
201200034249,12,11,16,1810,3,2,1,1.0,6,63014,M,,,63
201200034250,12,11,16,1845,5,2,1,1.0,3,63113,M,,,63
201200034251,12,11,18,2120,5,2,3,1.0,3,63113,M,4577310.0,309256.0,63
201200034252,12,11,18,14,5,2,1,1.0,6,63113,M,,,63
201200034253,12,11,19,1415,1,2,1,1.0,2,63032,M,4575565.0,308463.0,63
201200034254,12,11,20,1320,1,2,6,1.0,3,63113,M,4579236.0,311762.0,63
201200034255,12,11,20,1530,1,2,1,1.0,6,63113,M,,,63
201200034256,12,11,21,1020,1,2,1,1.0,6,63113,M,4577473.0,309006.0,63
201200034257,12,11,21,1720,1,1,6,8.0,2,63014,M,,,63
201200034258,12,11,22,1104,1,2,1,1.0,3,63014,M,4575724.0,314859.0,63
201200034259,12,11,22,1426,1,2,1,1.0,3,63014,M,,,63
201200034260,12,11,23,838,1,2,1,1.0,6,63113,M,,,63
201200034261,12,11,23,736,1,2,1,1.0,6,63014,M,,,63
201200034262,12,11,24,830,1,2,1,1.0,6,63075,M,4577199.0,305849.0,63
201200034263,12,11,24,1908,5,2,1,1.0,7,63113,M,,,63
201200034264,12,11,27,1200,1,2,1,1.0,6,63014,M,,,63
201200034265,12,11,28,2035,5,2,1,1.0,6,63113,M,4577693.0,307895.0,63
201200034266,12,11,29,745,5,2,1,1.0,3,63113,M,,,63
201200034267,12,11,29,857,1,2,1,1.0,6,63113,M,,,63
201200034268,12,11,29,1652,1,2,1,1.0,3,63113,M,,,63
201200034269,12,12,1,1957,1,1,1,1.0,6,63032,M,,,63
201200034270,12,12,2,1450,1,2,1,8.0,6,63113,M,,,63
201200034271,12,12,2,1458,1,2,1,1.0,5,63113,M,4576763.0,310775.0,63
201200034272,12,12,3,1550,1,2,1,1.0,2,63014,M,4574986.0,311260.0,63
201200034273,12,12,3,1609,1,2,1,1.0,3,63113,M,,,63
201200034274,12,12,4,416,5,2,1,1.0,6,63113,M,,,63
201200034275,12,12,4,720,5,2,1,8.0,2,63113,M,,,63
201200034276,12,12,4,750,1,2,1,1.0,2,63113,M,,,63
201200034277,12,12,4,1400,1,2,1,1.0,6,63113,M,,,63
201200034278,12,12,4,2023,5,2,1,2.0,6,63113,M,4578122.0,309156.0,63
201200034279,12,12,5,1905,5,2,1,1.0,6,63032,M,4574833.0,307719.0,63
201200034280,12,12,7,840,1,2,1,8.0,3,63113,M,,,63
201200034281,12,12,7,2000,5,2,1,1.0,6,63113,M,,,63
201200034282,12,12,10,917,1,2,1,1.0,4,63113,M,,,63
201200034283,12,12,10,1235,1,2,1,1.0,6,63113,M,,,63
201200034284,12,12,11,445,5,2,1,1.0,6,63113,M,4576271.0,310496.0,63
201200034285,12,12,11,1300,1,2,1,1.0,6,63113,M,,,63
201200034286,12,12,11,1950,1,2,1,1.0,1,63113,M,,,63
201200034287,12,12,12,1800,5,2,1,1.0,6,63113,M,4576482.0,309292.0,63
201200034288,12,12,13,450,3,1,1,1.0,6,63070,M,,,63
201200034289,12,12,13,807,1,2,1,1.0,1,63113,M,,,63
201200034290,12,12,13,1220,1,2,1,1.0,6,63113,M,,,63
201200034291,12,12,14,1110,1,2,1,1.0,2,63113,M,,,63
201200034292,12,12,14,1147,1,2,1,1.0,3,63113,M,,,63
201200034293,12,12,15,1553,1,2,1,1.0,6,63113,M,,,63
201200034294,12,12,15,1815,5,2,1,1.0,6,63113,M,,,63
201200034295,12,12,15,2035,5,2,1,1.0,1,63113,M,4577077.0,310348.0,63
201200034296,12,12,14,1731,5,2,1,1.0,6,63113,M,4579057.0,309313.0,63
201200034297,12,12,17,1725,2,2,1,1.0,6,63075,M,,,63
201200034298,12,12,18,1043,1,2,1,1.0,3,63014,M,,,63
201200034299,12,12,19,740,1,2,1,1.0,1,63113,M,,,63
201200034300,12,12,19,1733,1,2,1,1.0,6,63113,M,,,63
201200034301,12,12,19,1820,5,2,1,1.0,6,63113,M,4577987.0,310737.0,63
201200034302,12,12,19,1832,3,2,1,1.0,1,63032,M,4575453.0,307472.0,63
201200034303,12,12,20,1326,1,2,3,1.0,3,63113,M,4577936.0,309400.0,63
201200034304,12,12,20,1900,5,2,1,1.0,6,63113,M,,,63
201200034305,12,12,20,2010,5,2,1,1.0,3,63113,M,,,63
201200034306,12,12,21,1535,1,2,1,8.0,6,63113,M,4577066.0,310113.0,63
201200034307,12,12,21,1731,2,2,1,1.0,2,63113,M,,,63
201200034308,12,12,21,2250,5,2,1,8.0,3,63113,M,,,63
201200034309,12,12,23,1215,1,2,1,1.0,5,63113,M,,,63
201200034310,12,12,23,1210,1,2,6,1.0,3,63113,M,,,63
201200034311,12,12,26,2120,5,2,1,1.0,3,63113,M,,,63
201200034312,12,12,27,827,1,2,3,1.0,3,63113,M,4577197.0,308084.0,63
201200034313,12,12,29,1820,5,2,1,1.0,6,63113,M,4581123.0,310434.0,63
201200034314,12,12,30,455,5,2,2,1.0,6,63113,M,4576915.0,307749.0,63
201200034315,12,1,1,1914,5,2,1,1.0,3,63113,M,,,63
201200034316,12,1,1,450,5,2,1,1.0,6,63113,M,4576848.0,308657.0,63
201200034317,12,8,17,2318,5,2,1,1.0,6,63113,M,4581357.0,312905.0,63
201200034318,12,1,7,220,5,2,6,8.0,6,63124,M,4573974.0,317166.0,63
201200034319,12,1,7,2000,5,2,1,1.0,6,63124,M,4573454.0,320112.0,63
201200034320,12,4,4,1810,1,2,4,1.0,1,63124,M,4574096.0,319798.0,63
201200034321,12,4,30,810,1,2,1,1.0,6,63272,M,,,63
201200034322,12,5,9,1010,1,2,4,1.0,6,63069,M,4572313.0,318616.0,63
201200034323,12,5,9,1415,1,1,1,1.0,2,63193,M,,,63
201200034324,12,5,11,915,1,1,1,1.0,2,63193,M,,,63
201200034325,12,6,8,915,1,2,1,1.0,6,63272,M,4572674.0,314616.0,63
201200034326,12,6,11,750,1,2,1,8.0,1,63124,M,,,63
201200034327,12,7,21,1050,1,2,2,1.0,6,63124,M,4573166.0,319143.0,63
201200034328,12,8,4,1205,1,2,6,1.0,3,63124,M,4573009.0,320565.0,63
201200034329,12,8,6,1130,1,2,2,1.0,3,63193,M,4578013.0,320253.0,63
201200034330,12,8,18,1040,1,2,2,1.0,3,63124,M,,,63
201200034331,12,9,17,1810,1,2,2,1.0,3,63124,M,4573674.0,319691.0,63
201200034332,12,9,21,950,1,2,1,1.0,4,63124,M,4574999.0,315964.0,63
201200034333,12,10,14,1630,1,1,1,1.0,6,63124,M,,,63
201200034334,12,10,17,1525,1,2,1,1.0,3,63193,M,,,63
201200034335,12,10,26,2005,3,1,1,5.0,6,63193,M,,,63
201200034336,12,10,26,805,1,2,1,1.0,4,63124,M,4544368.0,345699.0,63
201200034337,12,1,11,800,1,2,1,8.0,1,63164,M,,,63
201200034338,12,1,26,710,4,2,1,1.0,6,63063,M,4583146.0,309170.0,63
201200034339,12,3,1,810,2,2,1,1.0,2,63063,M,4583132.0,309716.0,63
201200034340,12,3,14,1820,1,2,3,1.0,3,63063,M,4583388.0,310884.0,63
201200034341,12,3,21,915,1,1,6,1.0,2,63164,M,4584052.0,314455.0,63
201200034342,12,3,26,715,1,2,6,1.0,3,63164,M,4549888.0,345699.0,63
201200034343,12,4,26,835,1,2,1,2.0,6,63019,M,4579809.0,316997.0,63
201200034344,12,7,9,745,1,2,3,1.0,3,63063,M,4581936.0,310786.0,63
201200034345,12,9,24,1710,1,2,1,1.0,6,63164,M,0.0,0.0,63
201200034346,12,10,4,1800,1,2,2,1.0,2,63164,M,4582283.0,313762.0,63
201200034347,12,10,20,1850,1,2,1,1.0,6,63164,M,4548583.0,0.0,63
201200034348,12,10,16,740,2,2,1,1.0,6,63019,M,4579174.0,345699.0,63
201200034349,12,2,15,1040,1,2,1,8.0,6,63300,M,4589502.0,311784.0,63
201200034350,12,2,21,835,1,2,1,7.0,6,63245,M,4589377.0,309326.0,63
201200034351,12,3,1,1215,1,1,2,1.0,3,63103,M,4555112.0,308411.0,63
201200034352,12,3,21,700,2,1,1,8.0,1,63245,M,4588343.0,308193.0,63
201200034353,12,3,26,550,3,1,1,1.0,1,63224,M,,,63
201200034354,12,6,27,835,1,2,9,1.0,6,63300,M,4553450.0,345699.0,63
201200034355,12,7,16,1540,1,1,1,1.0,1,63103,M,,,63
201200034356,12,8,17,1700,1,1,1,1.0,7,63224,M,4552287.0,345699.0,63
201200034357,12,9,10,100,5,2,1,1.0,6,63300,M,4588921.0,312473.0,63
201200034358,12,9,14,1435,1,2,1,1.0,6,63300,M,4589348.0,309719.0,63
201200034359,12,9,16,645,2,2,3,1.0,1,63300,M,4553406.0,345699.0,63
201200034360,12,9,18,1130,1,2,3,1.0,6,63300,M,4589458.0,310948.0,63
201200034361,12,9,19,1830,1,2,1,1.0,6,63300,M,4553049.0,345699.0,63
201200034362,12,10,4,1745,1,1,1,1.0,6,63300,M,4554277.0,345699.0,63
201200034363,12,12,1,1800,5,2,1,1.0,1,63300,M,4589200.0,310935.0,63
201200034364,12,12,4,1600,1,2,3,2.0,3,63300,M,4589389.0,311063.0,63
201200034365,12,12,7,1900,3,1,1,1.0,6,63300,M,0.0,0.0,63
201200034366,12,12,29,1020,1,2,1,1.0,6,63300,M,4553367.0,345699.0,63
201200034367,12,1,4,1215,1,2,1,8.0,7,64102,M,,,64
201200034368,12,1,5,1649,1,2,2,2.0,3,64024,M,,,64
201200034369,12,1,10,1350,1,2,1,1.0,1,64024,M,,,64
201200034370,12,1,14,1505,1,2,1,1.0,7,64102,M,,,64
201200034371,12,1,18,40,5,2,1,1.0,7,64024,M,,,64
201200034372,12,1,18,1723,1,2,1,1.0,6,64102,M,,,64
201200034373,12,1,18,1835,2,2,1,1.0,6,64024,M,,,64
201200034374,12,1,22,2050,5,2,1,2.0,2,64102,M,,,64
201200034375,12,2,1,700,5,2,7,2.0,6,64102,M,,,64
201200034376,12,2,1,1139,1,2,1,2.0,3,64024,M,,,64
201200034377,12,2,2,1300,1,2,1,8.0,2,64102,M,,,64
201200034378,12,2,12,2048,5,2,1,1.0,3,64024,M,,,64
201200034379,12,2,15,1915,3,2,1,8.0,1,64102,M,,,64
201200034380,12,2,20,1736,1,2,1,1.0,3,64102,M,,,64
201200034381,12,2,22,1317,1,2,1,1.0,3,64024,M,,,64
201200034382,12,2,24,1805,1,2,6,1.0,7,64102,M,,,64
201200034383,12,2,27,1810,1,2,1,1.0,1,64102,M,,,64
201200034384,12,2,27,1855,2,2,1,1.0,2,64024,M,,,64
201200034385,12,2,28,1927,5,2,1,1.0,6,64102,M,,,64
201200034386,12,2,29,1555,1,2,6,1.0,2,64102,M,,,64
201200034387,12,3,2,1540,1,2,1,1.0,3,64102,M,,,64
201200034388,12,3,2,1834,1,2,1,1.0,3,64024,M,,,64
201200034389,12,3,3,1610,1,2,1,1.0,3,64102,M,,,64
201200034390,12,3,6,715,2,2,2,2.0,2,64102,M,,,64
201200034391,12,3,9,2125,5,2,2,1.0,6,64024,M,,,64
201200034392,12,3,13,1930,5,2,1,1.0,5,64024,M,,,64
201200034393,12,3,16,1212,1,2,1,1.0,3,64024,M,,,64
201200034394,12,3,23,930,1,2,3,1.0,6,64024,M,,,64
201200034395,12,3,25,2120,5,2,1,1.0,7,64102,M,,,64
201200034396,12,3,29,1200,1,2,1,1.0,2,64024,M,,,64
201200034397,12,3,30,2110,5,2,2,1.0,3,64024,M,,,64
201200034398,12,4,5,845,1,2,1,2.0,6,64024,M,,,64
201200034399,12,4,6,906,1,2,2,2.0,3,64102,M,,,64
201200034400,12,4,7,2040,1,2,1,1.0,6,64024,M,,,64
201200034401,12,4,10,1230,1,2,1,1.0,7,64024,M,,,64
201200034402,12,4,13,1016,1,2,1,2.0,6,64102,M,,,64
201200034403,12,4,13,1850,1,2,3,2.0,3,64024,M,,,64
201200034404,12,4,21,425,5,2,3,2.0,7,64024,M,,,64
201200034405,12,4,28,2230,5,2,1,2.0,7,64102,M,,,64
201200034406,12,5,1,1454,1,2,4,1.0,1,64102,M,,,64
201200034407,12,5,1,2255,5,2,6,1.0,7,64024,M,,,64
201200034408,12,5,9,2000,1,2,1,1.0,7,64102,M,,,64
201200034409,12,5,11,1901,1,2,6,7.0,3,64102,M,,,64