Num_Acc,an,mois,jour,hrmn,lum,agg,int,atm,col,com,gps,lat,long,dep
201200034410,12,5,14,1435,1,2,1,1.0,7,64140,M,,,64
201200034411,12,5,15,1740,1,2,6,1.0,2,64102,M,,,64
201200034412,12,5,15,1800,1,2,2,1.0,3,64102,M,,,64
201200034413,12,5,24,1710,1,2,1,1.0,2,64024,M,,,64
201200034414,12,5,24,1755,1,2,1,1.0,3,64102,M,,,64
201200034415,12,6,2,150,5,2,1,1.0,3,64024,M,,,64
201200034416,12,6,4,1735,1,2,1,1.0,2,64024,M,,,64
201200034417,12,6,10,1849,1,2,2,8.0,3,64102,M,,,64
201200034418,12,6,14,2150,5,2,1,1.0,6,64102,M,,,64
201200034419,12,6,15,1105,1,2,2,1.0,1,64024,M,,,64
201200034420,12,6,16,1501,1,2,1,8.0,6,64102,M,,,64
201200034421,12,6,19,1835,1,2,6,1.0,3,64024,M,,,64
201200034422,12,6,19,1720,1,2,1,1.0,4,64024,M,,,64
201200034423,12,6,25,840,1,2,1,1.0,3,64024,M,,,64
201200034424,12,6,25,1045,1,2,1,1.0,7,64102,M,,,64
201200034425,12,6,29,1016,1,2,1,8.0,3,64102,M,,,64
201200034426,12,6,29,1720,1,2,1,1.0,6,64024,M,,,64
201200034427,12,7,1,320,5,2,1,8.0,7,64102,M,,,64
201200034428,12,7,1,2035,1,2,6,1.0,7,64102,M,,,64
201200034429,12,7,6,1557,1,2,1,1.0,6,64024,M,,,64
201200034430,12,7,6,1830,1,2,1,1.0,1,64102,M,,,64
201200034431,12,7,7,1330,1,2,1,1.0,2,64102,M,,,64
201200034432,12,7,13,730,1,2,1,1.0,2,64024,M,,,64
201200034433,12,7,13,1058,1,2,6,1.0,3,64024,M,,,64
201200034434,12,7,13,1557,1,2,1,1.0,3,64102,M,,,64
201200034435,12,7,15,545,5,2,1,8.0,7,64024,M,,,64
201200034436,12,7,15,1504,1,2,1,1.0,7,64140,M,,,64
201200034437,12,7,15,1705,1,2,1,1.0,7,64102,M,,,64
201200034438,12,7,16,1900,1,2,1,1.0,2,64024,M,,,64
201200034439,12,7,17,728,1,2,3,1.0,3,64102,M,,,64
201200034440,12,7,18,1135,1,2,1,1.0,3,64102,M,,,64
201200034441,12,7,23,933,1,2,1,1.0,7,64102,M,,,64
201200034442,12,7,27,350,5,2,1,1.0,6,64102,M,,,64
201200034443,12,7,28,2040,1,2,3,1.0,6,64102,M,,,64
201200034444,12,8,1,1120,1,2,3,1.0,7,64024,M,,,64
201200034445,12,8,3,1145,1,2,1,1.0,3,64024,M,,,64
201200034446,12,8,7,1750,1,2,1,1.0,6,64024,M,,,64
201200034447,12,8,8,1920,1,2,3,1.0,3,64024,M,,,64
201200034448,12,8,12,1905,1,2,1,1.0,6,64024,M,,,64
201200034449,12,8,12,2150,5,2,4,1.0,3,64024,M,,,64
201200034450,12,8,25,1440,1,2,1,8.0,3,64102,M,,,64
201200034451,12,8,26,1902,1,1,1,1.0,1,64024,M,,,64
201200034452,12,9,1,2248,3,2,1,1.0,6,64140,M,,,64
201200034453,12,9,2,2115,2,2,1,1.0,3,64140,M,,,64
201200034454,12,9,3,1550,1,2,1,1.0,7,64102,M,,,64
201200034455,12,9,3,2325,5,2,6,1.0,3,64102,M,,,64
201200034456,12,9,6,1540,1,2,1,1.0,3,64102,M,,,64
201200034457,12,9,7,2125,5,2,1,1.0,6,64102,M,,,64
201200034458,12,9,8,2130,5,2,3,1.0,3,64102,M,,,64
201200034459,12,9,12,1400,1,2,1,8.0,2,64102,M,,,64
201200034460,12,9,13,730,2,2,1,3.0,7,64102,M,,,64
201200034461,12,9,13,1925,1,2,1,1.0,3,64102,M,,,64
201200034462,12,9,14,1350,1,2,2,1.0,3,64102,M,,,64
201200034463,12,9,17,803,1,2,1,1.0,6,64102,M,,,64
201200034464,12,9,19,840,1,2,2,8.0,3,64102,M,,,64
201200034465,12,9,21,1548,1,2,6,1.0,3,64024,M,,,64
201200034466,12,9,24,1505,1,2,6,1.0,3,64024,M,,,64
201200034467,12,9,30,2025,5,2,3,1.0,7,64102,M,,,64
201200034468,12,10,1,530,5,2,1,1.0,7,64024,M,,,64
201200034469,12,10,6,2130,5,2,1,1.0,6,64102,M,,,64
201200034470,12,10,12,2245,5,2,1,1.0,6,64024,M,,,64
201200034471,12,10,13,1545,1,2,3,1.0,3,64102,M,,,64
201200034472,12,10,13,1735,1,2,1,1.0,3,64102,M,,,64
201200034473,12,10,15,1810,1,2,6,1.0,6,64102,M,,,64
201200034474,12,10,23,1530,1,2,1,1.0,3,64102,M,,,64
201200034475,12,10,28,955,1,2,1,1.0,7,64102,M,,,64
201200034476,12,11,5,1830,2,2,2,2.0,6,64102,M,,,64
201200034477,12,11,11,905,1,2,6,2.0,7,64102,M,,,64
201200034478,12,11,14,1910,5,2,1,1.0,2,64102,M,,,64
201200034479,12,11,15,815,1,2,6,1.0,5,64140,M,,,64
201200034480,12,11,24,1055,1,2,6,8.0,7,64102,M,,,64
201200034481,12,11,24,1841,5,2,1,1.0,7,64102,M,,,64
201200034482,12,11,27,955,1,2,1,2.0,6,64024,M,,,64
201200034483,12,12,6,1000,1,2,1,8.0,4,64102,M,,,64
201200034484,12,12,6,1900,5,2,1,8.0,4,64102,M,,,64
201200034485,12,12,8,1620,1,2,1,8.0,7,64024,M,,,64
201200034486,12,12,10,1800,5,2,2,1.0,3,64024,M,,,64
201200034487,12,12,14,1605,1,2,1,2.0,7,64024,M,,,64
201200034488,12,12,16,1010,1,2,1,1.0,1,64102,M,,,64
201200034489,12,12,17,835,2,2,3,2.0,3,64102,M,,,64
201200034490,12,12,18,1935,5,2,1,8.0,7,64102,M,,,64
201200034491,12,12,19,1220,1,2,3,1.0,3,64102,M,,,64
201200034492,12,12,27,1835,5,2,6,1.0,7,64102,M,,,64
201200034493,12,12,29,1255,1,2,1,8.0,6,64102,M,,,64
201200034494,12,1,3,740,5,2,1,2.0,6,64125,M,,,64
201200034495,12,1,18,1610,1,2,1,1.0,3,64125,M,,,64
201200034496,12,1,21,1740,1,2,1,2.0,3,64122,M,,,64
201200034497,12,1,31,1955,2,2,1,2.0,6,64122,M,,,64
201200034498,12,2,2,2230,4,2,2,1.0,3,64122,M,,,64
201200034499,12,2,19,1600,1,2,1,1.0,3,64122,M,,,64
201200034500,12,2,23,1250,1,2,1,1.0,3,64125,M,,,64
201200034501,12,2,23,1450,1,2,1,1.0,3,64122,M,,,64
201200034502,12,3,1,1035,1,2,1,1.0,6,64122,M,,,64
201200034503,12,3,9,1110,1,2,1,1.0,2,64122,M,,,64
201200034504,12,3,17,1555,1,2,1,1.0,6,64122,M,,,64
201200034505,12,3,25,125,5,2,1,1.0,6,64125,M,,,64
201200034506,12,3,25,1445,1,2,1,1.0,3,64122,M,,,64
201200034507,12,3,26,1348,1,2,1,1.0,6,64122,M,,,64
201200034508,12,3,28,850,1,2,1,1.0,3,64122,M,,,64
201200034509,12,3,30,1700,1,2,1,1.0,5,64122,M,,,64
201200034510,12,4,5,2225,5,2,1,2.0,3,64122,M,,,64
201200034511,12,4,4,1435,1,2,1,1.0,3,64122,M,,,64
201200034512,12,4,6,2230,5,2,1,1.0,1,64122,M,,,64
201200034513,12,4,10,1515,1,2,1,1.0,2,64125,M,,,64
201200034514,12,4,30,1840,1,2,1,1.0,6,64125,M,,,64
201200034515,12,5,6,1320,1,2,1,1.0,2,64125,M,,,64
201200034516,12,5,6,2000,1,2,1,1.0,6,64122,M,,,64
201200034517,12,5,7,945,1,2,1,1.0,3,64122,M,,,64
201200034518,12,5,11,110,5,2,1,1.0,6,64122,M,,,64
201200034519,12,5,12,1830,1,2,1,1.0,2,64125,M,,,64
201200034520,12,5,16,800,1,2,1,1.0,2,64125,M,,,64
201200034521,12,5,18,1320,1,2,1,1.0,6,64122,M,,,64
201200034522,12,5,19,1435,1,2,1,2.0,6,64122,M,,,64
201200034523,12,5,25,10,5,2,1,1.0,6,64122,M,,,64
201200034524,12,5,26,210,5,2,1,2.0,3,64125,M,,,64
201200034525,12,5,26,2215,2,2,1,1.0,3,64122,M,,,64
201200034526,12,6,7,1540,1,2,9,1.0,3,64122,M,,,64
201200034527,12,6,7,2050,1,2,3,1.0,3,64122,M,,,64
201200034528,12,6,14,950,1,2,1,1.0,6,64122,M,,,64
201200034529,12,6,23,200,5,2,1,1.0,7,64122,M,,,64
201200034530,12,6,24,300,5,2,1,1.0,3,64122,M,,,64
201200034531,12,6,24,2240,5,2,1,1.0,7,64122,M,,,64
201200034532,12,6,25,1000,1,2,1,1.0,6,64125,M,,,64
201200034533,12,6,25,1820,1,2,1,1.0,3,64125,M,,,64
201200034534,12,7,1,420,4,1,6,1.0,6,64122,M,,,64
201200034535,12,7,3,1040,1,2,1,1.0,3,64122,M,,,64
201200034536,12,7,3,1830,1,2,1,1.0,3,64122,M,,,64
201200034537,12,7,16,1930,1,2,1,1.0,6,64122,M,,,64
201200034538,12,7,23,2345,5,2,1,1.0,6,64122,M,,,64
201200034539,12,7,25,1110,1,2,2,1.0,3,64122,M,,,64
201200034540,12,8,10,2255,4,2,2,1.0,3,64122,M,,,64
201200034541,12,8,24,1400,1,2,1,1.0,3,64125,M,,,64
201200034542,12,8,26,1010,1,2,1,1.0,6,64122,M,,,64
201200034543,12,8,27,2230,5,2,1,1.0,6,64122,M,,,64
201200034544,12,9,1,1710,1,2,1,1.0,3,64122,M,,,64
201200034545,12,9,2,1045,1,2,1,1.0,3,64122,M,,,64
201200034546,12,9,11,1120,1,2,1,1.0,6,64122,M,,,64
201200034547,12,9,11,1130,1,2,1,1.0,6,64122,M,,,64
201200034548,12,9,16,1240,1,2,1,1.0,3,64125,M,,,64
201200034549,12,9,20,1915,1,2,1,1.0,2,64122,M,,,64
201200034550,12,9,21,1740,1,2,1,1.0,3,64125,M,,,64
201200034551,12,9,22,225,5,2,1,1.0,7,64122,M,,,64
201200034552,12,9,25,1200,1,2,1,1.0,2,64122,M,,,64
201200034553,12,9,22,445,5,2,1,1.0,6,64122,M,,,64
201200034554,12,9,26,1730,1,2,2,1.0,3,64122,M,,,64
201200034555,12,9,27,1835,1,2,3,1.0,3,64125,M,,,64
201200034556,12,10,4,1355,1,2,1,1.0,6,64122,M,,,64
201200034557,12,10,9,1740,1,2,3,1.0,2,64122,M,,,64
201200034558,12,10,16,230,5,2,1,1.0,6,64122,M,,,64
201200034559,12,10,18,2245,5,2,1,2.0,6,64125,M,,,64
201200034560,12,10,26,1020,1,2,1,1.0,1,64125,M,,,64
201200034561,12,10,26,1910,2,2,1,1.0,6,64122,M,,,64
201200034562,12,10,29,1540,1,2,1,1.0,5,64125,M,,,64
201200034563,12,10,30,1625,1,2,6,1.0,3,64122,M,,,64
201200034564,12,11,1,1150,1,2,1,1.0,2,64122,M,,,64
201200034565,12,11,13,1840,1,2,1,1.0,3,64122,M,,,64
201200034566,12,11,15,1926,5,2,1,1.0,3,64122,M,,,64
201200034567,12,11,19,1455,1,2,2,1.0,3,64122,M,,,64
201200034568,12,11,22,245,5,2,1,1.0,6,64122,M,,,64
201200034569,12,11,23,1740,2,2,3,1.0,1,64122,M,,,64
201200034570,12,12,13,1400,1,2,1,1.0,7,64122,M,,,64
201200034571,12,12,14,805,1,2,1,1.0,3,64122,M,,,64
201200034572,12,12,17,1540,1,2,6,2.0,1,64122,M,,,64
201200034573,12,12,22,2250,5,2,1,1.0,6,64122,M,,,64
201200034574,12,12,24,1550,1,2,6,1.0,3,64122,M,,,64
201200034575,12,12,28,1015,1,2,1,1.0,6,64122,M,,,64
201200034576,12,12,29,2010,5,2,1,1.0,6,64122,M,,,64
201200034577,12,12,30,534,5,2,1,1.0,6,64125,M,,,64
201200034578,12,1,6,1940,5,2,3,1.0,6,64445,M,,,64
201200034579,12,1,7,1610,1,2,1,1.0,6,64335,M,,,64
201200034580,12,1,7,2055,5,2,3,1.0,3,64445,M,,,64
201200034581,12,1,9,1230,1,2,3,1.0,7,64445,M,,,64
201200034582,12,1,11,1730,1,2,1,1.0,3,64445,M,,,64
201200034583,12,1,11,1751,5,2,1,1.0,6,64132,M,,,64
201200034584,12,1,11,1920,5,2,1,1.0,6,64335,M,,,64
201200034585,12,1,12,1937,5,2,2,5.0,6,64445,M,,,64
201200034586,12,1,13,1500,1,2,1,1.0,6,64445,M,,,64
201200034587,12,1,13,1825,5,2,3,1.0,2,64041,M,,,64
201200034588,12,1,16,1355,1,2,6,1.0,3,64445,M,,,64
201200034589,12,1,17,1225,1,2,3,1.0,4,64445,M,,,64
201200034590,12,1,18,1545,1,2,6,1.0,3,64445,M,,,64
201200034591,12,1,20,825,1,2,2,8.0,7,64445,M,,,64
201200034592,12,1,20,1445,1,2,1,1.0,2,64445,M,,,64
201200034593,12,1,21,1147,1,2,3,1.0,3,64445,M,,,64
201200034594,12,1,24,842,1,2,3,1.0,6,64445,M,,,64
201200034595,12,1,24,824,1,2,3,1.0,3,64445,M,,,64
201200034596,12,1,25,1440,1,2,2,1.0,3,64445,M,,,64
201200034597,12,1,27,825,2,2,1,2.0,6,64348,M,,,64
201200034598,12,1,27,730,5,2,3,2.0,3,64445,M,,,64
201200034599,12,1,28,930,1,2,1,1.0,5,64348,M,,,64
201200034600,12,1,30,1840,5,2,6,1.0,1,64445,M,,,64
201200034601,12,1,31,750,5,2,1,1.0,3,64445,M,,,64
201200034602,12,2,3,1730,1,2,1,1.0,2,64445,M,,,64
201200034603,12,2,6,1655,1,2,3,1.0,5,64445,M,,,64
201200034604,12,2,6,1735,1,2,1,1.0,2,64348,M,,,64
201200034605,12,2,8,800,2,2,1,1.0,4,64445,M,,,64
201200034606,12,2,10,1955,5,2,3,1.0,6,64335,M,,,64
201200034607,12,2,13,1300,1,2,3,1.0,3,64445,M,,,64
201200034608,12,2,17,10,5,2,3,1.0,6,64445,M,,,64
201200034609,12,2,17,1725,1,2,6,1.0,3,64445,M,,,64
201200034610,12,2,20,855,1,2,3,1.0,6,64445,M,,,64
201200034611,12,2,22,1345,1,2,1,1.0,6,64445,M,,,64
201200034612,12,2,22,1550,1,2,1,1.0,6,64132,M,,,64
201200034613,12,2,26,1420,1,2,1,1.0,2,64445,M,,,64
201200034614,12,2,27,650,2,1,1,1.0,4,64335,M,,,64
201200034615,12,2,27,1138,1,2,1,1.0,6,64132,M,,,64
201200034616,12,2,27,1935,2,2,2,1.0,3,64445,M,,,64
201200034617,12,2,29,1623,1,2,1,1.0,6,64445,M,,,64
201200034618,12,2,29,1155,1,2,1,1.0,6,64445,M,,,64
201200034619,12,2,29,1220,1,2,6,1.0,3,64335,M,,,64
201200034620,12,3,3,1220,1,2,1,1.0,6,64445,M,,,64
201200034621,12,3,7,850,1,2,6,1.0,2,64445,M,,,64
201200034622,12,3,7,2025,5,2,2,1.0,3,64445,M,,,64
201200034623,12,3,8,815,1,1,1,1.0,2,64335,M,,,64
201200034624,12,3,8,1115,1,2,9,1.0,6,64445,M,,,64
201200034625,12,3,9,929,1,2,9,1.0,6,64445,M,,,64
201200034626,12,3,9,1730,1,2,9,1.0,4,64445,M,,,64
201200034627,12,3,10,1530,1,1,9,1.0,6,64335,M,,,64
201200034628,12,3,10,1830,1,2,9,7.0,6,64129,M,,,64
201200034629,12,3,13,1630,1,2,9,1.0,6,64445,M,,,64
201200034630,12,3,13,1740,1,2,9,1.0,6,64445,M,,,64
201200034631,12,3,14,1930,5,2,3,1.0,3,64445,M,,,64
201200034632,12,3,15,1412,1,2,1,2.0,6,64445,M,,,64
201200034633,12,3,16,1645,1,2,9,1.0,6,64445,M,,,64
201200034634,12,3,16,1700,1,1,1,1.0,2,64335,M,,,64
201200034635,12,3,16,2245,5,1,9,1.0,6,64348,M,,,64
201200034636,12,3,19,1633,1,2,1,1.0,6,64445,M,,,64
201200034637,12,3,21,750,1,2,9,2.0,6,64445,M,,,64
201200034638,12,3,21,830,1,2,6,1.0,6,64445,M,,,64
201200034639,12,3,21,1110,1,2,1,1.0,2,64445,M,,,64
201200034640,12,3,22,1300,1,2,9,1.0,6,64335,M,,,64
201200034641,12,3,24,1523,1,2,6,1.0,6,64445,M,,,64
201200034642,12,3,25,720,5,2,1,1.0,7,64348,M,,,64
201200034643,12,3,26,1038,1,2,3,1.0,3,64129,M,,,64
201200034644,12,3,26,1404,1,2,1,1.0,6,64445,M,,,64
201200034645,12,3,27,1405,1,2,9,1.0,1,64348,M,,,64
201200034646,12,3,29,1350,1,2,1,1.0,3,64348,M,,,64
201200034647,12,3,31,1920,1,2,9,1.0,6,64445,M,,,64
201200034648,12,4,1,1930,1,2,1,1.0,1,64445,M,,,64
201200034649,12,4,6,1800,1,2,1,3.0,4,64445,M,,,64
201200034650,12,4,7,1150,1,2,9,1.0,2,64445,M,,,64
201200034651,12,4,7,1300,1,2,6,1.0,4,64335,M,,,64
201200034652,12,4,7,1635,1,2,9,1.0,3,64445,M,,,64
201200034653,12,4,8,50,5,2,2,2.0,3,64445,M,,,64
201200034654,12,4,9,1725,1,2,1,1.0,2,64445,M,,,64
201200034655,12,4,10,1130,1,2,3,1.0,6,64445,M,,,64
201200034656,12,4,13,1550,1,2,1,1.0,2,64445,M,,,64
201200034657,12,4,14,1315,1,2,3,2.0,1,64348,M,,,64
201200034658,12,4,14,2220,5,2,3,2.0,3,64445,M,,,64
201200034659,12,4,14,1910,1,1,1,2.0,7,64335,M,,,64
201200034660,12,4,21,540,4,2,9,1.0,6,64445,M,,,64
201200034661,12,4,23,1840,1,2,1,3.0,3,64348,M,,,64
201200034662,12,4,27,1635,1,2,1,1.0,3,64445,M,,,64
201200034663,12,4,28,1320,1,2,1,2.0,1,64129,M,,,64
201200034664,12,4,29,640,2,2,3,1.0,6,64445,M,,,64
201200034665,12,4,29,750,2,2,3,1.0,3,64445,M,,,64
201200034666,12,5,5,435,5,2,1,1.0,7,64445,M,,,64
201200034667,12,5,5,1810,1,2,1,1.0,3,64335,M,,,64
201200034668,12,5,7,405,5,2,1,1.0,6,64373,M,,,64
201200034669,12,5,9,1100,1,2,1,1.0,5,64445,M,,,64
201200034670,12,5,10,1225,1,2,1,1.0,3,64445,M,,,64
201200034671,12,5,12,1718,1,2,6,1.0,6,64445,M,,,64
201200034672,12,5,15,1215,1,1,1,1.0,6,64373,M,,,64
201200034673,12,5,16,1045,1,2,1,1.0,6,64445,M,,,64
201200034674,12,5,18,1415,1,2,1,1.0,6,64445,M,,,64
201200034675,12,5,18,1850,1,2,1,1.0,3,64445,M,,,64
201200034676,12,5,21,930,1,2,3,2.0,3,64129,M,,,64
201200034677,12,5,22,1015,1,2,3,1.0,3,64445,M,,,64
201200034678,12,5,23,930,1,2,6,1.0,2,64445,M,,,64
201200034679,12,5,24,1610,1,2,1,1.0,2,64284,M,,,64
201200034680,12,5,29,1945,1,2,1,1.0,2,64335,M,,,64
201200034681,12,5,23,1530,1,2,2,1.0,3,64445,M,,,64
201200034682,12,5,30,1825,1,2,6,1.0,2,64445,M,,,64
201200034683,12,6,3,1610,1,2,2,1.0,6,64445,M,,,64
201200034684,12,6,5,1045,1,2,1,1.0,6,64445,M,,,64
201200034685,12,6,5,1825,1,2,1,1.0,6,64132,M,,,64
201200034686,12,6,7,1245,1,2,1,2.0,1,64132,M,,,64
201200034687,12,6,7,1520,1,2,1,2.0,2,64129,M,,,64
201200034688,12,6,7,1800,1,2,3,8.0,3,64445,M,,,64
201200034689,12,6,9,2130,1,2,3,1.0,6,64348,M,,,64
201200034690,12,6,11,1730,1,2,1,2.0,6,64445,M,,,64
201200034691,12,6,12,1735,1,2,1,1.0,2,64129,M,,,64
201200034692,12,6,12,2005,1,2,1,1.0,2,64445,M,,,64
201200034693,12,6,12,2020,2,2,1,2.0,1,64445,M,,,64
201200034694,12,6,14,1400,1,2,3,1.0,2,64445,M,,,64
201200034695,12,6,15,605,2,1,6,1.0,7,64269,M,,,64
201200034696,12,6,15,1250,1,2,6,1.0,6,64445,M,,,64
201200034697,12,6,16,1005,1,1,1,1.0,2,64269,M,,,64
201200034698,12,6,18,1950,1,2,1,1.0,2,64445,M,,,64
201200034699,12,6,18,1615,1,2,1,1.0,6,64237,M,,,64
201200034700,12,6,18,1703,1,2,3,1.0,3,64445,M,,,64
201200034701,12,6,19,1745,1,2,1,1.0,2,64445,M,,,64
201200034702,12,6,20,855,1,2,1,1.0,2,64348,M,,,64
201200034703,12,6,20,1500,1,2,1,1.0,6,64445,M,,,64
201200034704,12,6,20,1921,1,2,1,1.0,6,64445,M,,,64
201200034705,12,6,21,1235,1,2,3,1.0,3,64445,M,,,64
201200034706,12,6,22,1020,1,2,1,1.0,6,64445,M,,,64
201200034707,12,6,22,1522,1,2,3,1.0,2,64284,M,,,64
201200034708,12,6,24,1950,1,2,1,1.0,3,64445,M,,,64
201200034709,12,6,25,720,1,2,1,1.0,1,64348,M,,,64
201200034710,12,6,25,1540,1,2,1,1.0,2,64445,M,,,64
201200034711,12,6,27,1350,1,2,1,1.0,6,64445,M,,,64
201200034712,12,6,27,1405,1,2,1,1.0,2,64269,M,,,64
201200034713,12,6,27,1405,1,2,2,1.0,3,64445,M,,,64
201200034714,12,6,28,2330,5,2,1,2.0,6,64445,M,,,64
201200034715,12,6,29,1855,1,2,2,1.0,3,64445,M,,,64
201200034716,12,7,2,710,1,2,2,1.0,3,64445,M,,,64
201200034717,12,7,2,1730,1,2,6,1.0,3,64348,M,,,64
201200034718,12,7,6,1500,1,1,1,1.0,2,64269,M,,,64
201200034719,12,7,8,1630,1,2,1,1.0,6,64445,M,,,64
201200034720,12,7,11,1535,1,2,1,2.0,2,64445,M,,,64
201200034721,12,7,12,1802,1,2,6,1.0,1,64132,M,,,64
201200034722,12,7,13,1300,1,2,3,1.0,6,64445,M,,,64
201200034723,12,7,13,1800,1,2,6,1.0,2,64445,M,,,64
201200034724,12,7,16,1130,1,2,1,1.0,2,64348,M,,,64
201200034725,12,7,16,1410,1,2,1,1.0,2,64445,M,,,64
201200034726,12,7,16,1825,1,2,2,1.0,3,64445,M,,,64
201200034727,12,7,17,845,1,2,6,1.0,3,64445,M,,,64
201200034728,12,7,18,1017,1,2,1,7.0,3,64129,M,,,64
201200034729,12,7,18,1820,1,2,6,1.0,3,64445,M,,,64
201200034730,12,7,21,1450,1,2,2,1.0,3,64445,M,,,64
201200034731,12,7,21,1500,1,1,1,1.0,3,64348,M,,,64
201200034732,12,7,22,1840,1,2,1,1.0,6,64129,M,,,64
201200034733,12,7,23,1940,1,2,1,1.0,3,64129,M,,,64
201200034734,12,7,24,1000,1,2,2,1.0,3,64445,M,,,64
201200034735,12,7,25,906,1,2,6,1.0,2,64445,M,,,64
201200034736,12,7,28,1630,1,2,6,1.0,7,64132,M,,,64
201200034737,12,8,2,930,1,2,6,1.0,3,64445,M,,,64
201200034738,12,8,2,1000,1,2,6,1.0,3,64445,M,,,64
201200034739,12,8,2,2020,1,2,1,1.0,3,64129,M,,,64
201200034740,12,8,7,1915,1,2,3,1.0,3,64445,M,,,64
201200034741,12,8,10,1800,1,2,3,1.0,3,64129,M,,,64
201200034742,12,8,13,1750,1,2,2,1.0,3,64445,M,,,64
201200034743,12,8,16,1300,1,2,1,1.0,1,64284,M,,,64
201200034744,12,8,18,1850,1,2,1,1.0,2,64445,M,,,64
201200034745,12,8,18,1900,1,2,6,1.0,2,64129,M,,,64
201200034746,12,8,20,1215,1,2,6,1.0,6,64445,M,,,64
201200034747,12,8,22,1640,1,2,1,1.0,2,64445,M,,,64
201200034748,12,8,24,1720,1,2,3,1.0,6,64348,M,,,64
201200034749,12,8,25,1035,1,2,1,2.0,3,64348,M,,,64
201200034750,12,8,27,650,1,2,3,1.0,3,64445,M,,,64
201200034751,12,8,27,2305,5,2,2,1.0,3,64445,M,,,64
201200034752,12,8,29,845,1,2,1,1.0,6,64445,M,,,64
201200034753,12,8,31,920,1,2,2,2.0,2,64445,M,,,64
201200034754,12,8,31,804,1,1,1,2.0,7,64237,M,,,64
201200034755,12,9,2,1000,1,1,1,1.0,6,64335,M,,,64
201200034756,12,9,5,755,1,2,2,1.0,3,64129,M,,,64
201200034757,12,9,6,1720,1,2,1,1.0,3,64335,M,,,64
201200034758,12,9,7,1210,1,2,2,1.0,3,64348,M,,,64
201200034759,12,9,10,825,1,2,1,1.0,6,64445,M,,,64
201200034760,12,9,12,1140,1,2,1,1.0,2,64445,M,,,64
201200034761,12,9,13,1555,1,2,2,1.0,3,64445,M,,,64
201200034762,12,9,13,1830,1,2,2,1.0,3,64445,M,,,64
201200034763,12,9,14,1708,1,2,1,1.0,2,64445,M,,,64
201200034764,12,9,14,1744,1,2,1,1.0,4,64445,M,,,64
201200034765,12,9,14,1953,2,2,3,1.0,3,64269,M,,,64
201200034766,12,9,14,2140,5,2,3,1.0,3,64445,M,,,64
201200034767,12,9,17,745,1,2,1,1.0,6,64445,M,,,64
201200034768,12,9,18,2215,5,2,1,2.0,2,64129,M,,,64
201200034769,12,9,19,1130,1,2,6,1.0,3,64348,M,,,64
201200034770,12,9,19,1147,1,2,2,1.0,3,64445,M,,,64
201200034771,12,9,20,1615,1,2,2,1.0,3,64445,M,,,64
201200034772,12,9,21,825,1,2,1,1.0,6,64445,M,,,64
201200034773,12,9,22,125,5,2,1,1.0,6,64445,M,,,64
201200034774,12,9,25,810,1,1,1,1.0,1,64335,M,,,64
201200034775,12,9,25,1640,1,2,2,1.0,2,64445,M,,,64
201200034776,12,9,26,1720,1,2,1,1.0,2,64445,M,,,64
201200034777,12,9,26,1810,1,2,1,1.0,6,64445,M,,,64
201200034778,12,9,27,1557,1,2,1,1.0,6,64284,M,,,64
201200034779,12,9,28,750,1,2,1,1.0,3,64445,M,,,64
201200034780,12,9,28,1110,1,2,2,1.0,3,64129,M,,,64
201200034781,12,9,28,1240,1,2,1,1.0,4,64445,M,,,64
201200034782,12,9,28,1457,1,2,1,1.0,4,64445,M,,,64
201200034783,12,9,28,1540,1,2,1,1.0,4,64284,M,,,64
201200034784,12,10,1,1200,1,2,1,1.0,3,64269,M,,,64
201200034785,12,10,2,801,1,2,3,1.0,3,64445,M,,,64
201200034786,12,10,2,1351,1,2,1,1.0,2,64445,M,,,64
201200034787,12,10,3,1840,1,2,1,1.0,4,64445,M,,,64
201200034788,12,10,4,1755,1,2,1,1.0,2,64335,M,,,64
201200034789,12,10,4,2210,5,2,2,1.0,3,64445,M,,,64
201200034790,12,10,5,1140,1,1,1,1.0,6,64445,M,,,64
201200034791,12,10,5,1525,1,2,1,1.0,2,64445,M,,,64
201200034792,12,10,7,505,3,2,1,1.0,6,64269,M,,,64
201200034793,12,10,8,1420,1,2,9,1.0,3,64445,M,,,64
201200034794,12,10,9,745,2,2,2,1.0,3,64445,M,,,64
201200034795,12,10,9,1142,1,2,2,1.0,3,64335,M,,,64
201200034796,12,10,9,1855,1,2,1,1.0,2,64348,M,,,64
201200034797,12,10,10,800,1,2,2,1.0,3,64445,M,,,64
201200034798,12,10,10,1750,1,2,1,1.0,3,64445,M,,,64
201200034799,12,10,13,925,1,2,1,1.0,3,64445,M,,,64
201200034800,12,10,13,1730,1,2,1,1.0,5,64269,M,,,64
201200034801,12,10,13,1850,5,2,1,1.0,3,64348,M,,,64
201200034802,12,10,15,735,5,2,2,2.0,2,64269,M,,,64
201200034803,12,10,15,1739,1,2,2,1.0,3,64335,M,,,64
201200034804,12,10,16,815,1,2,1,1.0,3,64445,M,,,64
201200034805,12,10,16,1750,1,2,2,1.0,3,64445,M,,,64
201200034806,12,10,16,1825,1,2,1,1.0,3,64129,M,,,64
201200034807,12,10,18,850,1,2,1,1.0,6,64445,M,,,64
201200034808,12,10,18,1648,1,2,1,1.0,2,64445,M,,,64
201200034809,12,10,19,705,5,2,6,2.0,2,64445,M,,,64
201200034810,12,10,19,800,2,2,3,2.0,3,64445,M,,,64
201200034811,12,10,19,2230,5,2,6,2.0,3,64445,M,,,64
201200034812,12,10,19,2230,4,2,1,2.0,2,64445,M,,,64
201200034813,12,10,24,915,1,2,1,1.0,4,64269,M,,,64
201200034814,12,10,24,810,1,2,1,1.0,2,64348,M,,,64
201200034815,12,10,24,1855,1,2,1,1.0,2,64335,M,,,64
201200034816,12,10,26,1005,1,2,3,2.0,3,64445,M,,,64