Num_Acc,an,mois,jour,hrmn,lum,agg,int,atm,col,com,gps,lat,long,dep
201200034817,12,10,29,827,1,2,6,1.0,3,64445,M,,,64
201200034818,12,10,30,1820,2,1,3,1.0,3,64335,M,,,64
201200034819,12,11,2,1839,5,2,1,1.0,4,64284,M,,,64
201200034820,12,11,3,1130,1,2,1,1.0,6,64445,M,,,64
201200034821,12,11,3,1830,5,2,6,1.0,3,64445,M,,,64
201200034822,12,11,5,1325,1,2,2,8.0,3,64445,M,,,64
201200034823,12,11,6,1550,1,2,1,1.0,6,64445,M,,,64
201200034824,12,11,6,1815,5,2,6,1.0,3,64445,M,,,64
201200034825,12,11,8,1758,5,2,3,2.0,3,64348,M,,,64
201200034826,12,11,10,1445,1,2,6,1.0,3,64237,M,,,64
201200034827,12,11,10,1700,1,2,1,2.0,6,64445,M,,,64
201200034828,12,11,12,830,1,2,1,1.0,4,64348,M,,,64
201200034829,12,11,12,1320,1,2,2,1.0,3,64445,M,,,64
201200034830,12,11,12,1316,1,2,1,1.0,6,64129,M,,,64
201200034831,12,11,12,1750,1,2,1,1.0,3,64348,M,,,64
201200034832,12,11,14,915,1,2,2,1.0,2,64348,M,,,64
201200034833,12,11,14,1120,1,2,6,1.0,2,64348,M,,,64
201200034834,12,11,14,1138,1,2,1,1.0,2,64284,M,,,64
201200034835,12,11,14,1700,1,2,6,1.0,3,64335,M,,,64
201200034836,12,11,16,843,1,2,1,1.0,3,64445,M,,,64
201200034837,12,11,17,1900,4,2,6,1.0,6,64284,M,,,64
201200034838,12,11,18,1930,5,2,2,2.0,3,64445,M,,,64
201200034839,12,11,19,1420,1,2,1,1.0,2,64445,M,,,64
201200034840,12,11,20,1705,1,2,3,1.0,3,64445,M,,,64
201200034841,12,11,20,1430,1,2,1,1.0,6,64445,M,,,64
201200034842,12,11,21,1715,1,2,1,1.0,2,64284,M,,,64
201200034843,12,11,22,1540,1,2,1,1.0,6,64445,M,,,64
201200034844,12,11,22,1645,1,2,1,1.0,6,64445,M,,,64
201200034845,12,11,22,1722,1,2,6,1.0,3,64445,M,,,64
201200034846,12,11,26,801,4,2,3,3.0,3,64445,M,,,64
201200034847,12,11,26,1228,1,2,1,1.0,1,64335,M,,,64
201200034848,12,11,26,1544,1,2,1,2.0,6,64445,M,,,64
201200034849,12,11,26,1818,5,2,1,2.0,2,64445,M,,,64
201200034850,12,11,26,1855,5,2,2,2.0,6,64445,M,,,64
201200034851,12,11,30,2000,5,2,2,1.0,3,64445,M,,,64
201200034852,12,12,1,1825,5,2,1,1.0,4,64445,M,,,64
201200034853,12,12,2,1644,1,2,1,2.0,6,64445,M,,,64
201200034854,12,12,5,1532,1,2,1,2.0,6,64445,M,,,64
201200034855,12,12,5,1659,1,2,6,2.0,6,64445,M,,,64
201200034856,12,12,8,1240,1,2,1,1.0,3,64348,M,,,64
201200034857,12,12,8,1855,5,2,2,1.0,6,64445,M,,,64
201200034858,12,12,9,636,3,2,1,1.0,6,64348,M,,,64
201200034859,12,12,9,1642,1,2,1,1.0,2,64445,M,,,64
201200034860,12,12,10,804,2,2,2,1.0,3,64445,M,,,64
201200034861,12,12,11,854,1,2,2,8.0,3,64445,M,,,64
201200034862,12,12,11,1312,1,2,1,1.0,3,64269,M,,,64
201200034863,12,12,12,1806,5,2,1,1.0,2,64335,M,,,64
201200034864,12,12,13,750,2,2,6,2.0,3,64348,M,,,64
201200034865,12,12,13,1650,1,2,1,2.0,2,64373,M,,,64
201200034866,12,12,14,1615,1,2,1,1.0,2,64445,M,,,64
201200034867,12,12,14,1755,5,2,1,1.0,2,64445,M,,,64
201200034868,12,12,14,2010,5,2,6,2.0,2,64129,M,,,64
201200034869,12,12,14,2030,5,2,3,3.0,3,64445,M,,,64
201200034870,12,12,16,1245,1,2,1,1.0,4,64445,M,,,64
201200034871,12,12,17,830,1,2,6,1.0,3,64129,M,,,64
201200034872,12,12,21,1700,2,2,1,3.0,6,64445,M,,,64
201200034873,12,12,22,1050,1,2,1,1.0,6,64445,M,,,64
201200034874,12,12,24,1539,1,2,1,1.0,3,64129,M,,,64
201200034875,12,12,24,1905,5,2,1,1.0,6,64445,M,,,64
201200034876,12,12,29,125,5,2,1,1.0,2,64445,M,,,64
201200034877,12,12,30,1055,1,2,2,1.0,3,64445,M,,,64
201200034878,12,1,2,1025,1,1,1,8.0,2,64545,M,,,64
201200034879,12,1,4,1110,1,1,1,8.0,3,64545,M,,,64
201200034880,12,1,23,2030,3,1,1,2.0,7,64545,M,,,64
201200034881,12,1,27,800,2,2,1,2.0,3,64483,M,,,64
201200034882,12,2,1,1725,1,2,1,8.0,6,64260,M,,,64
201200034883,12,2,16,1630,1,2,1,8.0,2,64249,M,,,64
201200034884,12,2,17,1830,1,2,1,8.0,3,64483,M,,,64
201200034885,12,2,19,1815,1,2,1,8.0,3,64483,M,,,64
201200034886,12,2,28,1455,1,1,1,1.0,2,64249,M,,,64
201200034887,12,2,29,1440,1,1,1,1.0,2,64483,M,,,64
201200034888,12,3,12,1120,1,2,1,1.0,3,64483,M,,,64
201200034889,12,3,16,1510,1,2,1,8.0,6,64189,M,,,64
201200034890,12,3,22,835,1,1,3,1.0,3,64260,M,,,64
201200034891,12,3,25,905,1,1,1,1.0,7,64189,M,,,64
201200034892,12,3,28,1910,1,1,1,1.0,3,64545,M,,,64
201200034893,12,4,1,1400,1,2,1,1.0,1,64545,M,,,64
201200034894,12,4,2,615,5,2,1,1.0,2,64483,M,,,64
201200034895,12,4,4,1545,1,2,3,1.0,3,64483,M,,,64
201200034896,12,4,17,1540,1,2,1,2.0,2,64483,M,,,64
201200034897,12,4,20,1100,1,2,1,2.0,6,64483,M,,,64
201200034898,12,5,2,1525,1,2,1,1.0,2,64260,M,,,64
201200034899,12,5,2,1820,1,2,1,1.0,3,64483,M,,,64
201200034900,12,5,22,1425,1,2,1,2.0,3,64483,M,,,64
201200034901,12,5,25,1950,1,1,1,1.0,1,64483,M,,,64
201200034902,12,6,6,1030,1,2,1,1.0,5,64483,M,,,64
201200034903,12,6,7,1330,1,1,1,1.0,3,64483,M,,,64
201200034904,12,6,8,515,4,2,1,1.0,7,64483,M,,,64
201200034905,12,6,9,1955,1,2,1,2.0,2,64189,M,,,64
201200034906,12,6,13,1905,1,2,6,1.0,3,64260,M,,,64
201200034907,12,6,15,1920,1,1,1,1.0,2,64545,M,,,64
201200034908,12,6,19,1810,1,2,1,1.0,1,64260,M,,,64
201200034909,12,6,20,1510,1,2,3,1.0,3,64483,M,,,64
201200034910,12,6,20,1615,1,1,3,1.0,3,64545,M,,,64
201200034911,12,6,21,1120,1,2,3,1.0,3,64260,M,,,64
201200034912,12,6,25,1100,1,2,3,1.0,3,64483,M,,,64
201200034913,12,6,25,1620,1,2,1,1.0,2,64249,M,,,64
201200034914,12,6,27,1600,1,2,1,1.0,3,64483,M,,,64
201200034915,12,7,1,1935,1,2,1,1.0,2,64249,M,,,64
201200034916,12,7,4,1205,1,2,1,1.0,2,64260,M,,,64
201200034917,12,7,5,2125,2,2,1,1.0,3,64483,M,,,64
201200034918,12,7,6,1200,1,2,1,8.0,2,64260,M,,,64
201200034919,12,7,8,1815,1,1,1,1.0,7,64545,M,,,64
201200034920,12,7,11,1345,1,2,1,8.0,2,64260,M,,,64
201200034921,12,7,12,1145,1,2,1,1.0,6,64483,M,,,64
201200034922,12,7,12,1815,1,2,1,1.0,3,64483,M,,,64
201200034923,12,7,12,1850,1,2,1,1.0,6,64483,M,,,64
201200034924,12,7,13,1150,1,1,1,1.0,5,64545,M,,,64
201200034925,12,7,16,840,1,1,1,1.0,7,64483,M,,,64
201200034926,12,7,16,1850,1,1,1,1.0,7,64545,M,,,64
201200034927,12,7,17,955,1,1,1,1.0,1,64545,M,,,64
201200034928,12,7,20,1245,1,1,1,1.0,2,64545,M,,,64
201200034929,12,7,23,1800,1,2,1,1.0,6,64260,M,,,64
201200034930,12,7,26,1135,1,2,1,1.0,5,64545,M,,,64
201200034931,12,7,27,850,1,1,1,1.0,1,64483,M,,,64
201200034932,12,7,27,1310,1,2,1,1.0,2,64249,M,,,64
201200034933,12,7,30,1315,1,2,1,1.0,3,64260,M,,,64
201200034934,12,7,30,1825,1,2,3,1.0,3,64483,M,,,64
201200034935,12,7,31,1750,1,2,3,1.0,3,64545,M,,,64
201200034936,12,8,2,1140,1,2,3,1.0,3,64260,M,,,64
201200034937,12,8,3,1930,1,1,1,1.0,6,64483,M,,,64
201200034938,12,8,5,1105,1,2,1,1.0,3,64189,M,,,64
201200034939,12,8,10,1530,1,2,1,1.0,6,64189,M,,,64
201200034940,12,8,11,1320,1,2,2,1.0,7,64483,M,,,64
201200034941,12,8,11,1950,1,1,1,1.0,3,64545,M,,,64
201200034942,12,8,12,950,1,2,1,1.0,3,64545,M,,,64
201200034943,12,8,17,1725,1,1,1,1.0,2,64545,M,,,64
201200034944,12,8,19,1135,1,2,3,1.0,3,64483,M,,,64
201200034945,12,8,20,1610,1,2,1,1.0,3,64189,M,,,64
201200034946,12,8,22,1235,1,1,1,1.0,2,64483,M,,,64
201200034947,12,8,23,1915,1,2,1,1.0,6,64189,M,,,64
201200034948,12,8,24,1500,1,2,1,1.0,3,64483,M,,,64
201200034949,12,8,25,1000,1,1,1,8.0,7,64545,M,,,64
201200034950,12,8,27,1450,1,2,1,1.0,5,64483,M,,,64
201200034951,12,8,29,2305,3,1,1,1.0,1,64545,M,,,64
201200034952,12,9,13,930,1,1,1,8.0,6,64483,M,,,64
201200034953,12,9,22,1725,1,1,1,1.0,3,64483,M,,,64
201200034954,12,9,29,1315,1,1,1,1.0,1,64545,M,,,64
201200034955,12,9,29,1645,1,2,1,1.0,6,64483,M,,,64
201200034956,12,10,1,1515,1,2,3,1.0,3,64189,M,,,64
201200034957,12,10,5,905,1,1,1,1.0,1,64189,M,,,64
201200034958,12,10,11,1015,1,2,1,8.0,2,64260,M,,,64
201200034959,12,10,13,1955,5,1,9,1.0,4,64483,M,,,64
201200034960,12,10,18,1720,1,2,1,1.0,2,64260,M,,,64
201200034961,12,11,7,1850,5,2,9,1.0,2,64483,M,,,64
201200034962,12,11,13,1630,1,2,1,1.0,3,64260,M,,,64
201200034963,12,11,19,715,3,1,1,1.0,1,64545,M,,,64
201200034964,12,11,29,1730,5,1,1,2.0,2,64545,M,,,64
201200034965,12,12,6,1705,1,2,1,1.0,4,64545,M,,,64
201200034966,12,12,11,1750,2,1,1,1.0,1,64130,M,,,64
201200034967,12,12,13,1105,1,2,1,1.0,2,64483,M,,,64
201200034968,12,12,18,1735,2,2,3,1.0,3,64483,M,,,64
201200034969,12,12,17,1835,5,2,1,3.0,6,64260,M,,,64
201200034970,12,12,23,1140,1,2,1,1.0,2,64483,M,,,64
201200034971,12,2,11,205,3,1,1,1.0,6,64545,M,,,64
201200034972,12,2,11,1515,1,2,1,1.0,3,64260,M,,,64
201200034973,12,1,11,1015,1,2,6,1.0,3,64483,M,,,64
201200034974,12,2,25,720,2,2,3,8.0,3,64189,M,,,64
201200034975,12,3,1,2335,5,2,1,1.0,7,64260,M,,,64
201200034976,12,3,22,1500,1,1,1,1.0,1,64249,M,,,64
201200034977,12,3,28,1730,1,2,1,1.0,3,64483,M,,,64
201200034978,12,3,30,920,1,1,1,1.0,2,64249,M,,,64
201200034979,12,4,3,1235,1,2,3,8.0,3,64483,M,,,64
201200034980,12,4,4,1740,1,1,3,1.0,3,64249,M,,,64
201200034981,12,4,16,1915,1,1,1,1.0,5,64545,M,,,64
201200034982,12,4,13,845,1,2,1,2.0,6,64483,M,,,64
201200034983,12,5,25,2140,5,2,1,1.0,7,64483,M,,,64
201200034984,12,6,7,50,5,1,1,1.0,6,64483,M,,,64
201200034985,12,6,14,2005,1,2,1,1.0,1,64260,M,,,64
201200034986,12,6,22,1450,1,2,1,1.0,6,64249,M,,,64
201200034987,12,6,23,2100,3,1,1,1.0,7,64130,M,,,64
201200034988,12,7,1,1930,1,2,1,8.0,6,64483,M,,,64
201200034989,12,7,2,1510,1,1,1,1.0,3,64483,M,,,64
201200034990,12,7,10,1730,1,2,3,1.0,3,64483,M,,,64
201200034991,12,7,10,1800,1,1,1,1.0,7,64483,M,,,64
201200034992,12,7,13,200,3,1,1,1.0,1,64483,M,,,64
201200034993,12,7,19,115,3,1,1,1.0,7,64260,M,,,64
201200034994,12,7,18,1845,1,2,1,1.0,3,64260,M,,,64
201200034995,12,7,22,145,5,1,1,1.0,3,64545,M,,,64
201200034996,12,7,26,1720,1,1,1,1.0,3,64545,M,,,64
201200034997,12,7,30,1435,1,1,1,1.0,3,64483,M,,,64
201200034998,12,8,3,1415,1,2,1,1.0,3,64483,M,,,64
201200034999,12,8,8,2115,2,1,1,1.0,2,64483,M,,,64
201200035000,12,8,9,1605,1,2,1,1.0,3,64483,M,,,64
201200035001,12,8,15,2145,5,2,1,2.0,3,64545,M,,,64
201200035002,12,8,17,430,5,1,1,1.0,1,64483,M,,,64
201200035003,12,9,5,1440,1,1,1,1.0,5,64483,M,,,64
201200035004,12,9,8,2050,5,2,1,1.0,6,64260,M,,,64
201200035005,12,9,10,1735,1,1,1,1.0,7,64545,M,,,64
201200035006,12,9,11,2320,5,2,1,1.0,7,64483,M,,,64
201200035007,12,9,18,1220,1,1,1,8.0,1,64545,M,,,64
201200035008,12,9,18,1830,1,2,2,1.0,1,64260,M,,,64
201200035009,12,9,16,1455,1,2,1,1.0,6,64483,M,,,64
201200035010,12,10,6,1715,1,2,1,1.0,3,64483,M,,,64
201200035011,12,10,26,2100,5,2,1,3.0,3,64483,M,,,64
201200035012,12,11,5,5,5,2,1,1.0,6,64189,M,,,64
201200035013,12,11,4,1305,1,1,1,1.0,1,64545,M,,,64
201200035014,12,11,11,745,1,2,1,1.0,2,64483,M,,,64
201200035015,12,11,30,1700,1,2,1,1.0,6,64483,M,,,64
201200035016,12,12,17,2015,3,1,1,8.0,3,64545,M,,,64
201200035017,12,12,27,2200,5,2,1,1.0,3,64189,M,,,64
201200035018,12,12,28,1615,1,2,1,1.0,3,64189,M,,,64
201200035019,12,2,23,825,1,1,1,1.0,5,65286,M,4311366.0,-3485.0,65
201200035020,12,4,1,555,5,2,1,1.0,1,65286,M,4310009.0,-5303.0,65
201200035021,12,7,4,845,1,2,3,8.0,3,65286,M,4310356.0,-4267.0,65
201200035022,12,7,16,1720,1,2,1,1.0,6,65286,M,4309540.0,-4619.0,65
201200035023,12,9,10,1020,1,2,2,1.0,3,65286,M,4308939.0,-4838.0,65
201200035024,12,9,26,910,1,2,3,2.0,3,65286,M,4310456.0,-4188.0,65
201200035025,12,10,12,1425,1,2,3,2.0,6,65286,M,4309469.0,-4519.0,65
201200035026,12,10,15,838,1,2,7,1.0,6,65286,M,4309425.0,-4627.0,65
201200035027,12,10,23,1055,1,2,3,1.0,3,65286,M,4310353.0,-4266.0,65
201200035028,12,10,23,820,1,2,3,2.0,3,65286,M,4311606.0,-3272.0,65
201200035029,12,10,26,1545,1,2,4,3.0,3,65286,M,4310127.0,-3035.0,65
201200035030,12,11,18,1820,3,1,1,2.0,5,65286,M,4309555.0,-1843.0,65
201200035031,12,12,22,1805,5,2,4,1.0,3,65286,M,4310649.0,-6383.0,65
201200035032,12,1,1,2340,3,1,1,1.0,2,65226,M,4322196.0,2250.0,65
201200035033,12,1,3,1655,1,2,1,1.0,2,65417,M,4323135.0,9396.0,65
201200035034,12,1,4,1455,1,2,1,1.0,6,65440,M,4322610.0,7471.0,65
201200035035,12,1,4,1635,1,2,6,1.0,3,65440,M,4322241.0,4302.0,65
201200035036,12,1,4,1825,1,2,2,1.0,1,65440,M,4324447.0,7330.0,65
201200035037,12,1,13,730,2,2,1,1.0,1,65440,M,4323589.0,8376.0,65
201200035038,12,1,16,745,5,2,1,1.0,6,65440,M,,,65
201200035039,12,1,17,1055,1,2,6,1.0,3,65440,M,4322840.0,8870.0,65
201200035040,12,1,20,1655,1,2,1,1.0,3,65440,M,4323949.0,6401.0,65
201200035041,12,1,20,1830,5,2,1,1.0,6,65440,M,4322509.0,9064.0,65
201200035042,12,1,28,2145,5,2,6,1.0,3,65440,M,4322330.0,4617.0,65
201200035043,12,2,11,1450,1,1,1,1.0,6,65433,M,4320358.0,8812.0,65
201200035044,12,3,4,1310,1,2,1,2.0,1,65226,M,4322795.0,-46.0,65
201200035045,12,3,10,1125,1,2,1,1.0,6,65440,M,4323317.0,7417.0,65
201200035046,12,3,14,1205,1,2,1,1.0,3,65440,M,4321927.0,7010.0,65
201200035047,12,3,14,1520,1,2,1,1.0,6,65440,M,4323317.0,7417.0,65
201200035048,12,3,22,2145,5,2,2,3.0,1,65440,M,4322803.0,5642.0,65
201200035049,12,3,25,435,5,2,3,1.0,3,65440,M,4323960.0,7031.0,65
201200035050,12,4,15,615,5,2,1,2.0,1,65440,M,4323963.0,7611.0,65
201200035051,12,4,25,1700,1,2,1,1.0,6,65226,M,4323798.0,4144.0,65
201200035052,12,4,27,2125,5,2,1,1.0,6,65440,M,4323145.0,8375.0,65
201200035053,12,4,28,2130,5,2,2,3.0,3,65440,M,4323332.0,7983.0,65
201200035054,12,5,9,1445,1,1,1,1.0,2,65440,M,4323699.0,4228.0,65
201200035055,12,5,22,1100,1,2,2,2.0,3,65100,M,4326315.0,5018.0,65
201200035056,12,5,29,1640,1,1,1,1.0,6,65331,M,4320085.0,6116.0,65
201200035057,12,6,3,1605,1,2,1,1.0,6,65331,M,4320682.0,4340.0,65
201200035058,12,6,7,830,1,2,3,1.0,6,65440,M,4323118.0,7568.0,65
201200035059,12,6,7,1300,1,2,2,1.0,3,65331,M,4320072.0,5090.0,65
201200035060,12,6,12,950,1,2,1,3.0,7,65226,M,4322105.0,3425.0,65
201200035061,12,6,15,840,1,2,2,1.0,6,65440,M,4324370.0,6275.0,65
201200035062,12,6,20,1900,1,1,1,1.0,6,65433,M,4320349.0,9218.0,65
201200035063,12,6,22,1020,1,1,1,1.0,1,65226,M,4324579.0,-3483.0,65
201200035064,12,6,24,1,5,2,1,1.0,6,65440,M,4323106.0,8440.0,65
201200035065,12,6,25,1650,1,1,2,1.0,3,65440,M,4322934.0,8472.0,65
201200035066,12,6,26,1735,1,2,3,1.0,3,65331,M,4319354.0,5767.0,65
201200035067,12,6,29,1825,1,2,1,1.0,4,65440,M,4323739.0,4909.0,65
201200035068,12,6,30,1705,1,2,1,1.0,2,65417,M,4323211.0,9217.0,65
201200035069,12,7,2,1900,1,2,3,1.0,3,65440,M,,,65
201200035070,12,7,3,1835,1,1,1,1.0,2,65226,M,4321672.0,1677.0,65
201200035071,12,7,11,2225,5,2,3,2.0,3,65440,M,4324103.0,6379.0,65
201200035072,12,7,25,1135,1,2,2,1.0,3,65440,M,4323026.0,7883.0,65
201200035073,12,7,25,1520,1,2,1,1.0,6,65440,M,4322559.0,7706.0,65
201200035074,12,7,26,1840,1,2,3,1.0,3,65433,M,4320820.0,9513.0,65
201200035075,12,7,29,1035,1,2,6,1.0,3,65440,M,4323909.0,6041.0,65
201200035076,12,7,31,1715,1,2,1,1.0,2,65440,M,4324073.0,7374.0,65
201200035077,12,8,1,1030,1,2,2,1.0,3,65417,M,4323063.0,10098.0,65
201200035078,12,8,3,845,1,2,1,8.0,4,65440,M,4322102.0,6157.0,65
201200035079,12,8,6,1125,1,2,1,1.0,6,65047,M,4324204.0,9529.0,65
201200035080,12,8,7,1220,1,2,1,1.0,3,65100,M,4326488.0,4439.0,65
201200035081,12,8,8,715,1,2,6,1.0,3,65440,M,4321928.0,7114.0,65
201200035082,12,8,10,2210,5,1,1,1.0,6,65100,M,4326942.0,7093.0,65
201200035083,12,8,14,1245,1,2,2,1.0,3,65440,M,4324968.0,7287.0,65
201200035084,12,8,24,1605,1,2,1,1.0,6,65440,M,4325028.0,7272.0,65
201200035085,12,8,27,1825,1,2,2,1.0,6,65440,M,4323136.0,7802.0,65
201200035086,12,8,30,645,2,2,2,1.0,3,65440,M,4324349.0,5909.0,65
201200035087,12,8,31,1010,1,1,1,1.0,5,65440,M,4323064.0,4313.0,65
201200035088,12,9,7,1120,1,1,2,1.0,5,65226,M,4324176.0,536.0,65
201200035089,12,9,7,1725,1,2,1,1.0,3,65440,M,4323958.0,7249.0,65
201200035090,12,9,8,1140,1,2,1,1.0,2,65440,M,4323622.0,7179.0,65
201200035091,12,9,10,1735,1,2,1,1.0,4,65100,M,4326642.0,7123.0,65
201200035092,12,9,10,1935,1,2,1,1.0,3,65251,M,4321090.0,7367.0,65
201200035093,12,9,16,255,5,2,3,1.0,3,65440,M,4323660.0,6661.0,65
201200035094,12,9,19,755,1,2,6,1.0,3,65440,M,4322303.0,4602.0,65
201200035095,12,9,22,1050,1,2,2,1.0,3,65440,M,4324731.0,7236.0,65
201200035096,12,9,22,1450,1,1,1,1.0,2,65226,M,4323357.0,2337.0,65
201200035097,12,9,25,1355,1,2,1,1.0,6,65440,M,4323950.0,6451.0,65
201200035098,12,9,29,1410,1,1,1,2.0,3,65226,M,4322497.0,2655.0,65
201200035099,12,9,30,1840,1,1,1,1.0,4,65100,M,4326970.0,7085.0,65
201200035100,12,10,2,1605,1,2,2,1.0,6,65440,M,4323334.0,8220.0,65
201200035101,12,10,3,1630,1,2,2,1.0,3,65100,M,4325679.0,5196.0,65
201200035102,12,10,5,1435,1,2,1,1.0,6,65440,M,4323256.0,8357.0,65
201200035103,12,10,9,1545,1,2,1,1.0,6,65440,M,4323377.0,7131.0,65
201200035104,12,10,10,1845,1,2,1,1.0,4,65440,M,4323701.0,5108.0,65
201200035105,12,10,12,1705,1,2,1,1.0,4,65440,M,4323327.0,8590.0,65
201200035106,12,10,14,1615,1,1,1,3.0,6,65226,M,4324504.0,-2681.0,65
201200035107,12,10,15,1705,1,2,1,1.0,5,65440,M,4324135.0,5286.0,65
201200035108,12,10,17,1745,1,2,1,1.0,6,65440,M,4324389.0,6099.0,65
201200035109,12,10,19,1725,1,2,1,1.0,2,65440,M,4324473.0,7747.0,65
201200035110,12,10,21,1755,1,2,1,1.0,6,65440,M,4322897.0,8497.0,65
201200035111,12,10,21,1810,1,2,2,1.0,3,65440,M,4322454.0,6524.0,65
201200035112,12,10,22,1830,2,2,1,1.0,6,65440,M,4323104.0,8655.0,65
201200035113,12,10,26,1030,1,1,1,1.0,2,65226,M,4323919.0,1710.0,65
201200035114,12,10,29,1035,1,2,1,1.0,3,65440,M,4323207.0,6939.0,65
201200035115,12,10,29,1615,1,1,1,1.0,3,65226,M,4321937.0,3515.0,65
201200035116,12,10,31,1150,1,1,1,1.0,3,65226,M,4324490.0,-2576.0,65
201200035117,12,10,31,1830,5,2,1,2.0,6,65440,M,4323147.0,8378.0,65
201200035118,12,11,2,1250,1,2,1,1.0,3,65226,M,4323902.0,1416.0,65
201200035119,12,11,3,425,5,2,1,1.0,6,65440,M,4324162.0,6770.0,65
201200035120,12,11,9,615,5,2,1,1.0,6,65440,M,4323562.0,8375.0,65
201200035121,12,11,10,700,5,2,1,2.0,7,65440,M,4322125.0,6067.0,65
201200035122,12,11,12,1730,1,2,6,1.0,3,65417,M,4323213.0,10175.0,65
201200035123,12,11,12,1845,2,2,1,1.0,4,65440,M,4322444.0,6594.0,65
201200035124,12,11,14,1305,1,2,1,1.0,2,65440,M,4322926.0,5588.0,65
201200035125,12,11,15,1340,1,2,1,1.0,3,65440,M,4322850.0,5629.0,65
201200035126,12,11,17,1745,5,2,2,1.0,3,65440,M,4323153.0,8473.0,65
201200035127,12,11,18,1100,1,2,6,1.0,1,65440,M,4322110.0,6129.0,65
201200035128,12,11,18,1325,1,2,3,1.0,3,65047,M,4323626.0,9071.0,65
201200035129,12,11,19,754,5,2,1,1.0,3,65440,M,4323635.0,6540.0,65
201200035130,12,11,19,1725,1,2,1,1.0,2,65440,M,4322325.0,9213.0,65
201200035131,12,11,22,1140,1,2,1,1.0,2,65440,M,4325067.0,7272.0,65
201200035132,12,11,24,630,5,2,2,1.0,1,65440,M,4324964.0,7286.0,65
201200035133,12,11,29,1645,1,2,1,1.0,3,65417,M,4322821.0,10318.0,65
201200035134,12,11,30,1705,1,2,1,1.0,2,65331,M,4321720.0,5597.0,65
201200035135,12,12,1,1600,1,2,2,1.0,6,65440,M,4323334.0,8221.0,65
201200035136,12,12,4,830,1,2,1,2.0,4,65440,M,4322487.0,5753.0,65
201200035137,12,12,4,1820,3,1,3,2.0,3,65251,M,4321482.0,8549.0,65
201200035138,12,12,4,1700,2,2,1,2.0,2,65440,M,4323012.0,7023.0,65
201200035139,12,12,5,1520,1,2,1,2.0,6,65440,M,4323093.0,8199.0,65
201200035140,12,12,9,1200,1,2,1,1.0,6,65440,M,4323194.0,7717.0,65
201200035141,12,12,10,845,1,2,1,1.0,6,65440,M,4322967.0,8267.0,65
201200035142,12,12,12,755,1,2,2,1.0,3,65440,M,4324914.0,6550.0,65
201200035143,12,12,18,1210,1,2,6,1.0,3,65440,M,4322893.0,8841.0,65
201200035144,12,12,19,1805,3,1,1,1.0,2,65100,M,4326599.0,7130.0,65
201200035145,12,12,23,920,1,2,1,1.0,6,65417,M,4322171.0,9802.0,65
201200035146,12,12,26,730,5,2,1,1.0,6,65226,M,4324110.0,1181.0,65
201200035147,12,12,26,1635,1,2,1,1.0,3,65440,M,4323481.0,8413.0,65
201200035148,12,1,4,1945,5,2,1,1.0,6,66136,M,4269069.0,289383.0,66
201200035149,12,1,7,235,5,2,1,1.0,6,66136,M,4270065.0,288821.0,66
201200035150,12,1,9,1105,1,2,1,1.0,6,66136,M,4269464.0,288914.0,66
201200035151,12,1,12,1540,1,1,1,1.0,2,66136,M,,,66
201200035152,12,1,13,1800,5,1,1,1.0,5,66136,M,,,66
201200035153,12,1,17,1004,1,2,1,1.0,6,66136,M,4270056.0,289297.0,66
201200035154,12,1,18,1700,1,2,1,1.0,3,66136,M,4270056.0,289297.0,66
201200035155,12,1,19,1450,1,2,1,1.0,3,66136,M,4271747.0,288751.0,66
201200035156,12,1,20,1700,1,2,1,1.0,6,66136,M,4269120.0,288183.0,66
201200035157,12,1,22,1900,5,2,2,1.0,3,66136,M,4269324.0,287443.0,66
201200035158,12,1,24,835,1,2,1,1.0,3,66136,M,4266476.0,288253.0,66
201200035159,12,1,26,1330,1,1,1,1.0,3,66136,M,,,66
201200035160,12,1,27,1200,1,2,3,1.0,3,66136,M,4269738.0,290389.0,66
201200035161,12,1,30,1240,1,2,1,1.0,5,66136,M,4272652.0,289692.0,66
201200035162,12,2,2,1130,1,1,1,1.0,2,66136,M,,,66
201200035163,12,2,4,550,5,2,1,1.0,5,66136,M,4269804.0,288769.0,66
201200035164,12,2,6,1500,1,2,1,1.0,6,66136,M,4267676.0,289041.0,66
201200035165,12,2,6,1345,1,2,1,1.0,6,66136,M,4269716.0,290172.0,66
201200035166,12,2,7,1030,1,2,1,1.0,6,66136,M,4269533.0,290228.0,66
201200035167,12,2,8,1100,1,2,1,1.0,1,66136,M,4271906.0,288976.0,66
201200035168,12,2,7,1930,5,2,2,1.0,1,66136,M,4269159.0,289342.0,66
201200035169,12,2,9,1400,1,2,2,1.0,3,66136,M,4269513.0,288954.0,66
201200035170,12,2,11,1300,1,2,1,1.0,6,66136,M,4268812.0,289287.0,66
201200035171,12,2,13,1915,3,1,1,1.0,2,66136,M,,,66
201200035172,12,2,14,2040,5,2,6,1.0,3,66136,M,4268873.0,289466.0,66
201200035173,12,2,17,740,1,2,1,1.0,3,66136,M,4268861.0,289454.0,66
201200035174,12,2,18,1755,1,1,1,1.0,2,66136,M,,,66
201200035175,12,2,21,1814,2,2,1,1.0,3,66136,M,4269061.0,290135.0,66
201200035176,12,2,23,1213,1,2,1,1.0,6,66136,M,4268749.0,290042.0,66