Num_Acc,an,mois,jour,hrmn,lum,agg,int,atm,col,com,gps,lat,long,dep
201200035177,12,2,26,1900,2,2,1,1.0,3,66136,M,4268861.0,289454.0,66
201200035178,12,2,27,810,1,2,1,7.0,6,66136,M,4268611.0,290737.0,66
201200035179,12,2,29,1200,1,2,1,1.0,3,66136,M,4267788.0,284989.0,66
201200035180,12,3,2,1400,1,2,1,1.0,6,66136,M,4267755.0,285762.0,66
201200035181,12,3,2,1425,1,2,2,1.0,3,66136,M,4271905.0,289001.0,66
201200035182,12,3,5,1030,1,2,2,1.0,3,66136,M,4269605.0,290558.0,66
201200035183,12,3,6,1440,1,1,1,1.0,2,66136,M,4271652.0,289213.0,66
201200035184,12,3,6,1155,1,2,1,1.0,4,66136,M,4271679.0,289170.0,66
201200035185,12,3,8,1140,1,2,1,1.0,6,66136,M,4269488.0,288905.0,66
201200035186,12,3,9,740,1,2,2,1.0,3,66136,M,4270690.0,290011.0,66
201200035187,12,3,12,1415,1,2,1,1.0,3,66136,M,4268756.0,288439.0,66
201200035188,12,3,12,1144,1,2,1,1.0,3,66136,M,,,66
201200035189,12,3,9,2355,5,2,1,1.0,6,66136,M,4269751.0,290011.0,66
201200035190,12,3,12,1740,1,2,1,1.0,6,66136,M,4271768.0,288744.0,66
201200035191,12,3,16,1402,1,2,1,1.0,3,66136,M,,,66
201200035192,12,3,20,1700,1,2,2,1.0,1,66136,M,4271776.0,289101.0,66
201200035193,12,3,21,1500,1,1,1,2.0,3,66136,M,4267999.0,291129.0,66
201200035194,12,3,22,2015,3,1,1,8.0,1,66136,M,,,66
201200035195,12,3,29,1405,1,1,1,1.0,3,66136,M,4268887.0,282852.0,66
201200035196,12,3,28,1545,1,2,1,1.0,1,66136,M,4268474.0,290253.0,66
201200035197,12,3,29,1415,1,1,1,1.0,4,66136,M,4270282.0,289327.0,66
201200035198,12,3,31,905,1,2,1,1.0,6,66136,M,4270282.0,289327.0,66
201200035199,12,3,30,1645,1,2,1,1.0,6,66136,M,4274320.0,291781.0,66
201200035200,12,4,3,2325,3,1,1,1.0,4,66136,M,,,66
201200035201,12,4,5,1040,1,2,1,1.0,3,66136,M,4269446.0,292942.0,66
201200035202,12,4,6,1640,1,2,1,1.0,6,66136,M,4271747.0,288753.0,66
201200035203,12,4,6,1530,1,2,1,1.0,6,66136,M,4270778.0,290240.0,66
201200035204,12,4,12,2000,2,2,1,1.0,6,66136,M,,,66
201200035205,12,4,14,1430,1,1,1,1.0,6,66136,M,,,66
201200035206,12,4,16,1020,1,2,1,1.0,2,66136,M,4269532.0,290416.0,66
201200035207,12,4,18,1320,1,2,1,1.0,3,66136,M,4269780.0,286492.0,66
201200035208,12,4,18,1500,1,2,2,1.0,3,66136,M,4268972.0,290158.0,66
201200035209,12,4,19,924,1,2,1,1.0,3,66136,M,4269130.0,289657.0,66
201200035210,12,4,19,1220,1,2,1,1.0,3,66136,M,4268988.0,288484.0,66
201200035211,12,4,23,1845,1,2,2,1.0,6,66136,M,4269491.0,288907.0,66
201200035212,12,4,20,2115,1,2,2,1.0,3,66136,M,4269110.0,289847.0,66
201200035213,12,4,20,2025,1,2,2,1.0,3,66136,M,4266520.0,287976.0,66
201200035214,12,4,21,325,5,2,2,1.0,3,66136,M,4269388.0,288769.0,66
201200035215,12,4,22,1105,1,2,1,1.0,6,66136,M,4269834.0,289197.0,66
201200035216,12,4,24,1840,1,2,1,1.0,5,66136,M,4270725.0,290113.0,66
201200035217,12,5,10,1520,1,2,1,1.0,2,66136,M,4271738.0,288445.0,66
201200035218,12,5,13,249,5,2,1,1.0,6,66136,M,4270214.0,289634.0,66
201200035219,12,5,11,1430,1,2,1,1.0,3,66136,M,4269934.0,288865.0,66
201200035220,12,5,14,730,1,2,3,1.0,3,66136,M,4270398.0,288668.0,66
201200035221,12,5,15,1815,1,2,1,1.0,6,66136,M,4267561.0,290512.0,66
201200035222,12,5,15,1850,1,2,1,1.0,6,66136,M,4268239.0,289456.0,66
201200035223,12,5,18,1350,1,2,1,1.0,6,66136,M,4268120.0,289417.0,66
201200035224,12,5,22,1710,1,2,1,1.0,6,66136,M,4269464.0,290847.0,66
201200035225,12,5,23,1430,1,2,1,1.0,3,66136,M,4268388.0,286431.0,66
201200035226,12,5,25,2000,1,1,1,1.0,1,66136,M,4270710.0,298644.0,66
201200035227,12,5,25,1800,1,1,1,1.0,3,66136,M,,,66
201200035228,12,5,29,1700,1,2,1,1.0,6,66136,M,4269463.0,290138.0,66
201200035229,12,6,3,530,3,1,1,1.0,6,66136,M,,,66
201200035230,12,6,9,1725,1,2,1,1.0,2,66136,M,,,66
201200035231,12,6,9,1840,1,2,2,1.0,3,66136,M,4269376.0,289303.0,66
201200035232,12,6,13,950,1,2,2,1.0,1,66136,M,4269181.0,288968.0,66
201200035233,12,6,1,845,1,2,1,1.0,6,66136,M,4270627.0,289193.0,66
201200035234,12,6,13,1800,1,2,1,1.0,3,66136,M,4269079.0,287265.0,66
201200035235,12,6,14,940,1,2,1,1.0,3,66136,M,4267240.0,289311.0,66
201200035236,12,6,15,1320,1,2,1,1.0,6,66136,M,4270143.0,289390.0,66
201200035237,12,6,15,1400,1,2,1,1.0,6,66136,M,4271621.0,288848.0,66
201200035238,12,6,16,1700,1,2,2,1.0,3,66136,M,4270203.0,290422.0,66
201200035239,12,6,24,210,3,1,1,1.0,2,66136,M,,,66
201200035240,12,6,22,1800,1,2,1,1.0,1,66136,M,4268922.0,287314.0,66
201200035241,12,6,23,1900,1,2,1,1.0,2,66136,M,4266952.0,289817.0,66
201200035242,12,6,27,930,1,2,3,1.0,3,66136,M,4269032.0,290970.0,66
201200035243,12,6,27,2145,2,2,1,1.0,3,66136,M,4269898.0,287849.0,66
201200035244,12,7,4,1645,1,2,1,1.0,3,66136,M,4266590.0,290928.0,66
201200035245,12,7,5,1415,1,2,2,1.0,6,66136,M,4269544.0,292335.0,66
201200035246,12,7,3,2010,1,2,1,1.0,6,66136,M,4269931.0,288862.0,66
201200035247,12,7,5,1850,1,2,1,1.0,4,66136,M,,,66
201200035248,12,7,6,1445,1,2,1,1.0,2,66136,M,4269032.0,283536.0,66
201200035249,12,7,10,920,1,2,2,1.0,3,66136,M,4269945.0,288268.0,66
201200035250,12,7,12,1840,1,1,1,1.0,2,66136,M,,,66
201200035251,12,7,13,1915,1,1,1,1.0,2,66136,M,4267400.0,288746.0,66
201200035252,12,7,15,1240,1,2,1,1.0,3,66136,M,4269138.0,289531.0,66
201200035253,12,7,19,815,1,2,1,1.0,2,66136,M,4269487.0,291837.0,66
201200035254,12,7,20,1715,1,2,1,1.0,3,66136,M,4273311.0,288970.0,66
201200035255,12,7,21,1400,1,2,1,1.0,2,66136,M,,,66
201200035256,12,7,21,1915,1,2,1,1.0,3,66136,M,4270081.0,289171.0,66
201200035257,12,7,24,1130,1,2,1,1.0,3,66136,M,4268630.0,290600.0,66
201200035258,12,7,26,1340,1,2,1,1.0,6,66136,M,4269120.0,289838.0,66
201200035259,12,7,27,655,1,2,1,1.0,1,66136,M,4270197.0,290436.0,66
201200035260,12,8,6,1530,1,1,1,1.0,5,66136,M,,,66
201200035261,12,8,7,1205,1,1,1,1.0,5,66136,M,,,66
201200035262,12,8,8,1805,1,2,1,1.0,6,66136,M,4270660.0,289184.0,66
201200035263,12,8,8,1315,1,2,1,1.0,3,66136,M,4267155.0,289475.0,66
201200035264,12,8,9,1600,1,2,1,1.0,3,66136,M,4268888.0,287889.0,66
201200035265,12,8,10,1500,1,1,1,1.0,1,66136,M,,,66
201200035266,12,8,10,2140,5,2,1,1.0,6,66136,M,4269686.0,288207.0,66
201200035267,12,8,10,2050,1,2,1,1.0,1,66136,M,4270591.0,289114.0,66
201200035268,12,8,19,1620,1,1,1,1.0,6,66136,M,4273350.0,289010.0,66
201200035269,12,8,20,1420,1,2,1,1.0,1,66136,M,4269365.0,289132.0,66
201200035270,12,8,20,800,1,2,1,1.0,6,66136,M,4269749.0,288426.0,66
201200035271,12,8,21,1210,1,2,1,1.0,2,66136,M,4268576.0,286796.0,66
201200035272,12,8,23,1740,1,2,1,1.0,6,66136,M,4269152.0,288255.0,66
201200035273,12,8,27,2245,5,2,1,1.0,1,66136,M,4269715.0,290389.0,66
201200035274,12,8,27,1910,2,2,1,1.0,2,66136,M,4269915.0,290402.0,66
201200035275,12,8,21,1300,1,2,1,1.0,6,66136,M,4270565.0,289249.0,66
201200035276,12,8,31,600,3,1,1,1.0,2,66136,M,4271030.0,291776.0,66
201200035277,12,9,6,1200,1,2,1,1.0,6,66136,M,4267836.0,290545.0,66
201200035278,12,9,8,2140,5,2,1,1.0,3,66136,M,4269888.0,287791.0,66
201200035279,12,9,8,1850,1,2,1,1.0,2,66136,M,4271848.0,289006.0,66
201200035280,12,9,13,2030,2,2,1,1.0,6,66136,M,4270795.0,288115.0,66
201200035281,12,9,13,920,1,1,1,1.0,4,66136,M,,,66
201200035282,12,9,16,840,1,2,1,1.0,3,66136,M,4269600.0,290539.0,66
201200035283,12,9,15,2155,5,2,1,1.0,3,66136,M,4268966.0,289424.0,66
201200035284,12,9,18,1220,1,2,1,1.0,3,66136,M,4269736.0,288778.0,66
201200035285,12,9,18,1338,1,2,1,1.0,6,66136,M,4270280.0,289326.0,66
201200035286,12,9,20,1900,2,2,1,1.0,3,66136,M,4268956.0,288448.0,66
201200035287,12,9,21,1405,1,1,1,1.0,2,66136,M,,,66
201200035288,12,9,23,1818,1,2,1,1.0,6,66136,M,4272464.0,289421.0,66
201200035289,12,9,21,1528,1,2,2,1.0,3,66136,M,4272406.0,288697.0,66
201200035290,12,9,27,935,1,2,1,1.0,6,66136,M,4271654.0,288784.0,66
201200035291,12,10,2,715,2,2,1,1.0,3,66136,M,4267680.0,290523.0,66
201200035292,12,10,3,150,5,2,1,1.0,6,66136,M,4270031.0,289362.0,66
201200035293,12,10,3,1500,1,2,1,1.0,2,66136,M,4274048.0,289190.0,66
201200035294,12,10,5,745,1,2,1,1.0,6,66136,M,4269711.0,290557.0,66
201200035295,12,10,4,1735,1,2,1,1.0,3,66136,M,4270410.0,290783.0,66
201200035296,12,10,4,1200,1,2,1,1.0,3,66136,M,4273621.0,289059.0,66
201200035297,12,10,9,1035,1,1,1,1.0,3,66136,M,4269428.0,285134.0,66
201200035298,12,10,9,900,1,2,1,1.0,6,66136,M,4269811.0,289538.0,66
201200035299,12,10,10,935,1,2,2,1.0,6,66136,M,,,66
201200035300,12,10,12,1615,1,1,1,1.0,2,66136,M,4267625.0,284340.0,66
201200035301,12,10,15,1245,1,2,1,1.0,1,66136,M,4271624.0,288796.0,66
201200035302,12,10,13,1210,1,2,3,1.0,3,66136,M,4270780.0,288636.0,66
201200035303,12,10,14,850,1,2,2,1.0,3,66136,M,4269546.0,290410.0,66
201200035304,12,10,21,700,3,2,1,2.0,6,66136,M,,,66
201200035305,12,10,17,1055,1,1,1,1.0,2,66136,M,4270153.0,288585.0,66
201200035306,12,10,23,700,5,2,1,1.0,3,66136,M,4268522.0,286681.0,66
201200035307,12,10,15,1500,1,2,1,1.0,3,66136,M,4268511.0,287353.0,66
201200035308,12,10,24,945,1,2,2,1.0,3,66136,M,4268007.0,290351.0,66
201200035309,12,10,24,2120,4,2,1,1.0,3,66136,M,4270513.0,290190.0,66
201200035310,12,11,12,1120,1,2,2,1.0,1,66136,M,4269635.0,290859.0,66
201200035311,12,11,12,1445,1,2,1,1.0,5,66136,M,4268038.0,290320.0,66
201200035312,12,11,12,1800,2,2,1,1.0,2,66136,M,4269175.0,289881.0,66
201200035313,12,11,13,1415,1,2,1,1.0,3,66136,M,4269445.0,288854.0,66
201200035314,12,11,13,1555,1,2,1,1.0,6,66136,M,4270421.0,290333.0,66
201200035315,12,11,15,1940,5,2,1,1.0,2,66136,M,4268356.0,290945.0,66
201200035316,12,11,15,1635,1,1,1,1.0,3,66136,M,4274169.0,289611.0,66
201200035317,12,11,17,820,1,1,1,1.0,3,66136,M,,,66
201200035318,12,11,19,1140,1,2,1,1.0,3,66136,M,4271087.0,289710.0,66
201200035319,12,11,16,1725,2,2,1,1.0,6,66136,M,4269142.0,289488.0,66
201200035320,12,11,22,1600,1,2,2,1.0,3,66136,M,4270901.0,288702.0,66
201200035321,12,11,20,2125,5,2,1,1.0,6,66136,M,4269463.0,289233.0,66
201200035322,12,11,23,1800,2,1,1,1.0,4,66136,M,,,66
201200035323,12,11,25,1800,2,1,1,1.0,4,66136,M,4268134.0,291057.0,66
201200035324,12,11,14,1450,1,2,1,1.0,6,66136,M,4271288.0,288929.0,66
201200035325,12,12,2,20,5,2,1,1.0,6,66136,M,4268927.0,289444.0,66
201200035326,12,12,4,1750,3,2,3,1.0,3,66136,M,4268921.0,289320.0,66
201200035327,12,12,7,2050,5,1,1,1.0,6,66136,M,4267029.0,288230.0,66
201200035328,12,12,9,1630,1,2,1,1.0,1,66136,M,4271807.0,287871.0,66
201200035329,12,12,11,1230,1,2,1,1.0,6,66136,M,4269260.0,289195.0,66
201200035330,12,12,8,1540,1,1,1,1.0,3,66136,M,4267802.0,285060.0,66
201200035331,12,12,12,755,1,2,3,1.0,3,66136,M,4269671.0,288683.0,66
201200035332,12,12,14,1720,1,2,1,1.0,3,66136,M,4269314.0,291526.0,66
201200035333,12,12,18,745,1,1,1,1.0,2,66136,M,,,66
201200035334,12,12,26,1630,1,2,1,1.0,3,66136,M,4268347.0,289558.0,66
201200035335,12,1,13,1950,3,1,1,1.0,1,67180,M,,,67
201200035336,12,1,19,710,2,2,1,2.0,6,67180,M,,,67
201200035337,12,2,16,1900,3,1,1,9.0,6,67180,M,,,67
201200035338,12,2,24,1655,1,1,1,8.0,5,67180,M,,,67
201200035339,12,3,1,1845,2,2,1,1.0,3,67180,M,,,67
201200035340,12,4,14,555,3,1,1,1.0,1,67180,M,,,67
201200035341,12,5,15,920,1,2,3,1.0,6,67180,M,,,67
201200035342,12,5,23,1920,1,2,1,1.0,6,67180,M,,,67
201200035343,12,6,13,1030,1,2,1,2.0,6,67180,M,,,67
201200035344,12,6,14,1855,1,2,3,1.0,6,67180,M,,,67
201200035345,12,7,13,1739,1,2,1,1.0,6,67180,M,,,67
201200035346,12,7,19,654,1,2,8,1.0,3,67180,M,,,67
201200035347,12,7,25,2050,1,1,3,1.0,3,67180,M,,,67
201200035348,12,9,1,1129,1,2,3,7.0,3,67180,M,,,67
201200035349,12,9,7,1714,1,2,3,1.0,3,67180,M,,,67
201200035350,12,10,2,1410,1,1,1,1.0,3,67180,M,,,67
201200035351,12,10,31,100,5,2,2,1.0,6,67180,M,,,67
201200035352,12,11,20,1820,3,1,1,2.0,1,67180,M,,,67
201200035353,12,1,3,1815,5,2,3,8.0,3,67462,M,,,67
201200035354,12,1,9,1325,1,2,1,1.0,6,67462,M,,,67
201200035355,12,2,29,1920,5,2,1,1.0,6,67462,M,,,67
201200035356,12,5,27,1637,1,2,2,1.0,6,67462,M,,,67
201200035357,12,6,8,1753,1,2,4,1.0,3,67462,M,,,67
201200035358,12,7,5,1421,1,1,1,1.0,1,67462,M,,,67
201200035359,12,8,1,1331,1,1,1,1.0,6,67462,M,,,67
201200035360,12,9,16,125,5,2,5,1.0,3,67462,M,,,67
201200035361,12,12,5,1150,1,2,2,1.0,3,67462,M,,,67
201200035362,12,1,1,340,5,2,1,2.0,6,67482,M,,,67
201200035363,12,1,3,1410,1,2,2,1.0,6,67482,M,,,67
201200035364,12,1,3,1650,5,2,2,1.0,3,67043,M,,,67
201200035365,12,1,4,1025,1,2,2,1.0,3,67482,M,,,67
201200035366,12,1,5,805,2,2,3,2.0,6,67447,M,,,67
201200035367,12,1,6,1715,2,2,1,2.0,6,67218,M,,,67
201200035368,12,1,7,1745,3,2,2,2.0,6,67482,M,,,67
201200035369,12,1,6,2230,5,2,1,1.0,7,67482,M,,,67
201200035370,12,1,9,1320,1,2,1,2.0,2,67482,M,,,67
201200035371,12,1,10,945,1,2,2,1.0,3,67218,M,,,67
201200035372,12,1,11,200,5,2,3,1.0,6,67482,M,,,67
201200035373,12,1,11,1244,1,2,1,8.0,6,67482,M,,,67
201200035374,12,1,11,1830,5,2,1,1.0,3,67482,M,,,67
201200035375,12,1,11,2040,5,2,1,1.0,2,67482,M,,,67
201200035376,12,1,12,829,1,2,3,1.0,3,67482,M,,,67
201200035377,12,1,12,800,2,2,1,1.0,2,67218,M,,,67
201200035378,12,1,13,1405,1,2,2,1.0,3,67447,M,,,67
201200035379,12,1,13,1630,1,2,1,1.0,7,67482,M,,,67
201200035380,12,1,14,1820,5,2,1,1.0,2,67482,M,,,67
201200035381,12,1,16,830,1,2,2,1.0,3,67482,M,,,67
201200035382,12,1,16,1120,1,2,1,1.0,2,67043,M,,,67
201200035383,12,1,16,2010,5,2,1,1.0,3,67482,M,,,67
201200035384,12,1,18,1020,1,2,1,1.0,6,67482,M,,,67
201200035385,12,1,19,1440,1,2,1,8.0,2,67218,M,,,67
201200035386,12,1,19,1820,5,2,2,2.0,3,67482,M,,,67
201200035387,12,1,20,1740,5,2,1,2.0,6,67482,M,,,67
201200035388,12,1,21,1040,1,2,3,1.0,6,67447,M,,,67
201200035389,12,1,21,2000,5,2,6,2.0,2,67482,M,,,67
201200035390,12,1,22,15,5,2,1,2.0,6,67043,M,,,67
201200035391,12,1,22,100,5,2,1,2.0,6,67482,M,,,67
201200035392,12,1,23,1530,1,2,1,2.0,6,67482,M,,,67
201200035393,12,1,24,835,1,2,1,1.0,3,67482,M,,,67
201200035394,12,1,24,1830,5,2,1,1.0,3,67447,M,,,67
201200035395,12,1,25,1800,5,1,1,1.0,4,67447,M,,,67
201200035396,12,1,27,1710,5,2,1,8.0,6,67447,M,,,67
201200035397,12,1,30,1,5,2,2,1.0,3,67482,M,,,67
201200035398,12,1,30,720,5,2,1,1.0,4,67482,M,,,67
201200035399,12,1,31,1930,5,2,1,1.0,6,67447,M,,,67
201200035400,12,1,31,1945,5,2,3,1.0,6,67482,M,,,67
201200035401,12,2,1,1615,1,2,1,1.0,6,67482,M,,,67
201200035402,12,2,6,2010,5,2,3,9.0,6,67482,M,,,67
201200035403,12,2,7,550,5,2,3,1.0,6,67482,M,,,67
201200035404,12,2,7,1450,1,2,1,1.0,3,67482,M,,,67
201200035405,12,2,8,640,5,2,2,1.0,3,67482,M,,,67
201200035406,12,2,8,1150,1,2,1,1.0,6,67267,M,,,67
201200035407,12,2,8,1950,5,2,1,1.0,3,67482,M,,,67
201200035408,12,2,9,1825,5,2,1,1.0,6,67043,M,,,67
201200035409,12,2,11,1650,1,2,1,1.0,6,67482,M,,,67
201200035410,12,2,12,1120,1,2,2,1.0,6,67482,M,,,67
201200035411,12,2,14,1500,1,2,1,4.0,6,67482,M,,,67
201200035412,12,2,14,1945,5,2,2,2.0,3,67218,M,,,67
201200035413,12,2,14,2010,5,2,3,4.0,5,67482,M,,,67
201200035414,12,2,15,30,5,2,2,2.0,3,67482,M,,,67
201200035415,12,2,15,1810,5,2,2,1.0,3,67482,M,,,67
201200035416,12,2,16,815,1,2,1,1.0,6,67482,M,,,67
201200035417,12,2,16,1510,1,2,2,1.0,3,67482,M,,,67
201200035418,12,2,16,2230,5,2,1,1.0,1,67482,M,,,67
201200035419,12,2,17,1850,5,2,1,1.0,3,67482,M,,,67
201200035420,12,2,19,2150,5,2,3,1.0,3,67482,M,,,67
201200035421,12,2,21,737,1,2,1,1.0,6,67447,M,,,67
201200035422,12,2,21,1140,1,2,1,1.0,3,67043,M,,,67
201200035423,12,2,21,1650,1,2,1,1.0,3,67482,M,,,67
201200035424,12,2,22,1205,1,2,1,1.0,3,67482,M,,,67
201200035425,12,2,22,1350,1,2,1,1.0,3,67482,M,,,67
201200035426,12,2,25,1610,1,2,1,2.0,6,67482,M,,,67
201200035427,12,2,25,1710,1,2,3,2.0,3,67482,M,,,67
201200035428,12,2,26,250,5,2,1,1.0,6,67482,M,,,67
201200035429,12,2,27,855,1,2,1,1.0,4,67267,M,,,67
201200035430,12,2,28,920,1,2,1,1.0,2,67482,M,,,67
201200035431,12,3,1,1550,1,2,1,1.0,6,67482,M,,,67
201200035432,12,3,1,2220,5,2,3,5.0,3,67482,M,,,67
201200035433,12,3,5,2320,5,2,1,1.0,3,67482,M,,,67
201200035434,12,3,6,930,1,2,1,1.0,2,67482,M,,,67
201200035435,12,3,6,1030,1,2,1,1.0,6,67482,M,,,67
201200035436,12,3,6,1230,1,2,3,1.0,3,67482,M,,,67
201200035437,12,3,7,930,1,2,2,1.0,1,67482,M,,,67
201200035438,12,3,8,1610,1,2,2,1.0,3,67482,M,,,67
201200035439,12,3,8,1855,2,2,3,1.0,3,67267,M,,,67
201200035440,12,3,8,2330,5,1,1,1.0,7,67482,M,,,67
201200035441,12,3,9,1350,1,2,2,1.0,3,67218,M,,,67
201200035442,12,3,10,150,5,2,2,1.0,1,67482,M,,,67
201200035443,12,3,11,1925,5,2,1,1.0,1,67043,M,,,67
201200035444,12,3,12,1415,1,2,3,1.0,6,67043,M,,,67
201200035445,12,3,13,1950,5,2,1,1.0,3,67365,M,,,67
201200035446,12,3,14,1740,1,2,1,1.0,6,67482,M,,,67
201200035447,12,3,14,1920,5,2,3,1.0,2,67482,M,,,67
201200035448,12,3,15,745,1,2,1,1.0,6,67482,M,,,67
201200035449,12,3,15,1550,1,2,1,1.0,3,67218,M,,,67
201200035450,12,3,16,845,1,2,1,1.0,3,67482,M,,,67
201200035451,12,3,16,2005,2,2,1,1.0,1,67482,M,,,67
201200035452,12,3,16,2250,4,2,1,1.0,6,67482,M,,,67
201200035453,12,3,17,1315,1,2,2,1.0,3,67482,M,,,67
201200035454,12,3,18,1115,1,2,1,2.0,4,67482,M,,,67
201200035455,12,3,19,1645,1,2,2,1.0,3,67482,M,,,67
201200035456,12,3,19,1710,1,2,1,1.0,3,67043,M,,,67
201200035457,12,3,19,2215,5,2,1,1.0,6,67482,M,,,67
201200035458,12,3,20,1710,1,2,1,1.0,6,67482,M,,,67
201200035459,12,3,22,1030,1,2,1,1.0,2,67204,M,,,67
201200035460,12,3,22,1330,1,2,1,1.0,6,67482,M,,,67
201200035461,12,3,22,1800,1,2,1,1.0,6,67447,M,,,67
201200035462,12,3,23,1130,1,2,1,1.0,6,67482,M,,,67
201200035463,12,3,25,1145,1,2,2,1.0,3,67218,M,,,67
201200035464,12,3,26,1640,1,2,1,1.0,6,67482,M,,,67
201200035465,12,3,26,1820,1,2,1,1.0,3,67482,M,,,67
201200035466,12,3,26,1912,1,2,1,1.0,3,67482,M,,,67
201200035467,12,3,27,1645,1,2,1,7.0,6,67482,M,,,67
201200035468,12,3,27,1650,1,2,1,1.0,3,67043,M,,,67
201200035469,12,3,28,1330,1,2,1,1.0,4,67482,M,,,67
201200035470,12,3,28,1210,1,2,1,1.0,6,67204,M,,,67
201200035471,12,3,28,2025,5,2,1,1.0,1,67482,M,,,67
201200035472,12,3,29,1700,1,2,3,1.0,3,67482,M,,,67
201200035473,12,3,30,1530,1,2,2,1.0,3,67482,M,,,67
201200035474,12,3,31,430,5,2,3,1.0,3,67482,M,,,67
201200035475,12,4,2,1455,1,2,1,1.0,3,67482,M,,,67
201200035476,12,4,4,1830,1,2,1,1.0,3,67218,M,,,67
201200035477,12,4,5,1035,1,2,3,8.0,6,67482,M,,,67
201200035478,12,4,5,1530,1,2,2,3.0,3,67482,M,,,67
201200035479,12,4,5,1810,1,2,1,3.0,6,67447,M,,,67
201200035480,12,4,5,2140,5,2,2,2.0,3,67365,M,,,67
201200035481,12,4,8,20,5,2,3,1.0,3,67482,M,,,67
201200035482,12,4,8,1800,1,2,3,1.0,3,67218,M,,,67
201200035483,12,4,8,1900,2,2,1,1.0,3,67482,M,,,67
201200035484,12,4,9,1650,1,2,2,1.0,3,67447,M,,,67
201200035485,12,4,10,740,1,2,1,1.0,6,67482,M,,,67
201200035486,12,4,10,1205,1,2,2,1.0,3,67218,M,,,67
201200035487,12,4,10,1545,1,2,2,1.0,5,67482,M,,,67
201200035488,12,4,10,1720,1,2,3,2.0,6,67482,M,,,67
201200035489,12,4,12,1300,1,2,2,1.0,3,67218,M,,,67
201200035490,12,4,14,1245,1,2,1,1.0,3,67482,M,,,67
201200035491,12,4,15,1746,1,2,3,1.0,3,67482,M,,,67
201200035492,12,4,16,610,2,2,2,2.0,6,67482,M,,,67
201200035493,12,4,16,730,1,2,1,8.0,6,67482,M,,,67
201200035494,12,4,16,1525,1,2,1,1.0,6,67482,M,,,67
201200035495,12,4,17,840,1,2,3,1.0,3,67482,M,,,67
201200035496,12,4,18,1500,1,2,1,1.0,6,67482,M,,,67
201200035497,12,4,18,1800,1,2,1,1.0,2,67482,M,,,67
201200035498,12,4,19,1700,1,2,2,1.0,3,67447,M,,,67
201200035499,12,4,19,1955,1,2,1,1.0,5,67482,M,,,67
201200035500,12,4,20,815,1,2,2,2.0,3,67447,M,,,67
201200035501,12,4,20,1250,1,2,1,1.0,6,67482,M,,,67
201200035502,12,4,20,1355,1,2,1,1.0,5,67482,M,,,67
201200035503,12,4,22,1829,1,2,1,1.0,6,67482,M,,,67
201200035504,12,4,23,750,1,2,1,1.0,4,67447,M,,,67
201200035505,12,4,23,1745,1,2,3,1.0,3,67365,M,,,67
201200035506,12,4,23,2230,5,2,2,3.0,3,67482,M,,,67
201200035507,12,4,24,2120,5,2,2,2.0,2,67204,M,,,67
201200035508,12,4,26,1815,1,2,1,1.0,6,67482,M,,,67
201200035509,12,4,27,15,5,2,3,1.0,6,67365,M,,,67
201200035510,12,4,27,1043,1,2,1,1.0,6,67043,M,,,67
201200035511,12,4,27,1200,1,2,2,1.0,3,67482,M,,,67
201200035512,12,4,27,1345,1,2,1,1.0,3,67043,M,,,67
201200035513,12,4,27,1502,1,2,1,1.0,3,67482,M,,,67
201200035514,12,4,27,1553,1,2,1,1.0,3,67482,M,,,67
201200035515,12,4,28,852,1,2,1,1.0,3,67043,M,,,67
201200035516,12,4,28,1745,1,2,1,1.0,6,67482,M,,,67
201200035517,12,4,30,905,1,2,3,1.0,3,67482,M,,,67
201200035518,12,5,1,1500,1,2,2,1.0,3,67482,M,,,67
201200035519,12,5,2,1022,1,2,3,1.0,3,67482,M,,,67
201200035520,12,5,2,1545,1,2,3,1.0,3,67482,M,,,67
201200035521,12,5,3,1500,1,2,1,1.0,3,67043,M,,,67
201200035522,12,5,4,850,1,2,1,1.0,6,67482,M,,,67
201200035523,12,5,4,645,1,2,2,1.0,3,67482,M,,,67
201200035524,12,5,6,1730,1,2,2,2.0,3,67482,M,,,67
201200035525,12,5,7,1040,1,2,1,1.0,3,67482,M,,,67
201200035526,12,5,7,1150,1,2,2,1.0,6,67482,M,,,67
201200035527,12,5,7,1400,1,2,2,1.0,3,67482,M,,,67
201200035528,12,5,7,1750,1,2,1,1.0,3,67482,M,,,67
201200035529,12,5,8,1730,1,2,3,1.0,3,67482,M,,,67
201200035530,12,5,8,1845,1,2,3,2.0,3,67482,M,,,67
201200035531,12,5,9,1020,1,2,1,1.0,6,67482,M,,,67
201200035532,12,5,11,1830,1,2,1,1.0,2,67218,M,,,67
201200035533,12,5,11,2200,5,2,3,1.0,3,67482,M,,,67
201200035534,12,5,13,1600,1,2,1,7.0,3,67482,M,,,67
201200035535,12,5,13,1635,1,2,1,1.0,6,67365,M,,,67
201200035536,12,5,13,1645,1,2,1,1.0,3,67482,M,,,67
201200035537,12,5,14,830,1,2,3,1.0,2,67218,M,,,67
201200035538,12,5,14,1615,1,2,2,1.0,6,67482,M,,,67