Num_Acc,an,mois,jour,hrmn,lum,agg,int,atm,col,com,gps,lat,long,dep
201200035539,12,5,14,1900,1,2,2,1.0,3,67482,M,,,67
201200035540,12,5,14,2115,1,2,1,1.0,6,67482,M,,,67
201200035541,12,5,15,1115,1,2,5,1.0,2,67482,M,,,67
201200035542,12,5,15,2200,3,2,1,3.0,1,67482,M,,,67
201200035543,12,5,16,1210,1,2,1,8.0,6,67043,M,,,67
201200035544,12,5,16,1755,1,2,1,1.0,6,67482,M,,,67
201200035545,12,5,16,1945,1,2,1,1.0,2,67447,M,,,67
201200035546,12,5,17,1750,1,2,2,1.0,3,67482,M,,,67
201200035547,12,5,19,10,5,2,2,2.0,3,67482,M,,,67
201200035548,12,5,19,415,2,2,1,1.0,7,67482,M,,,67
201200035549,12,5,20,430,5,2,1,2.0,6,67482,M,,,67
201200035550,12,5,20,1120,1,2,2,1.0,3,67482,M,,,67
201200035551,12,5,20,2120,5,2,2,1.0,3,67482,M,,,67
201200035552,12,5,21,1100,1,2,1,1.0,6,67482,M,,,67
201200035553,12,5,21,2005,2,2,1,3.0,6,67482,M,,,67
201200035554,12,5,22,40,5,2,1,2.0,7,67482,M,,,67
201200035555,12,5,22,1700,1,2,1,1.0,6,67482,M,,,67
201200035556,12,5,22,1722,1,2,3,1.0,3,67482,M,,,67
201200035557,12,5,23,1210,1,2,1,1.0,3,67482,M,,,67
201200035558,12,5,24,1405,1,2,2,1.0,3,67482,M,,,67
201200035559,12,5,24,1505,1,2,3,1.0,3,67482,M,,,67
201200035560,12,5,25,1740,1,2,1,1.0,2,67482,M,,,67
201200035561,12,5,25,1630,1,2,1,1.0,2,67482,M,,,67
201200035562,12,5,25,2015,1,2,1,1.0,3,67482,M,,,67
201200035563,12,5,26,415,5,2,1,1.0,6,67482,M,,,67
201200035564,12,5,26,1247,1,2,2,1.0,3,67365,M,,,67
201200035565,12,5,26,730,1,2,1,1.0,6,67482,M,,,67
201200035566,12,5,28,145,5,2,1,1.0,6,67482,M,,,67
201200035567,12,5,29,959,1,2,2,1.0,3,67482,M,,,67
201200035568,12,5,29,1955,1,2,3,1.0,6,67482,M,,,67
201200035569,12,6,1,815,1,2,1,1.0,1,67043,M,,,67
201200035570,12,6,1,2345,5,2,1,1.0,6,67482,M,,,67
201200035571,12,6,2,1326,1,2,2,1.0,3,67482,M,,,67
201200035572,12,6,2,1750,1,2,1,1.0,1,67482,M,,,67
201200035573,12,6,3,1550,1,2,2,1.0,3,67482,M,,,67
201200035574,12,6,3,1845,1,2,2,2.0,1,67482,M,,,67
201200035575,12,6,5,1250,1,2,1,1.0,2,67482,M,,,67
201200035576,12,6,5,1535,1,2,3,1.0,3,67482,M,,,67
201200035577,12,6,6,1346,1,2,1,3.0,7,67218,M,,,67
201200035578,12,6,7,750,1,2,1,1.0,1,67482,M,,,67
201200035579,12,6,7,1300,1,2,1,1.0,3,67482,M,,,67
201200035580,12,6,9,1500,1,2,2,1.0,3,67482,M,,,67
201200035581,12,6,10,1255,1,2,1,1.0,6,67482,M,,,67
201200035582,12,6,11,1320,1,2,1,1.0,2,67218,M,,,67
201200035583,12,6,11,1900,1,2,1,1.0,2,67482,M,,,67
201200035584,12,6,11,1900,1,2,1,1.0,4,67482,M,,,67
201200035585,12,6,11,2000,1,2,1,1.0,3,67482,M,,,67
201200035586,12,6,12,1750,1,2,1,2.0,2,67482,M,,,67
201200035587,12,6,12,1850,1,2,1,3.0,2,67218,M,,,67
201200035588,12,6,12,2310,5,2,1,2.0,7,67447,M,,,67
201200035589,12,6,12,1915,2,2,1,2.0,2,67043,M,,,67
201200035590,12,6,13,710,1,2,1,1.0,6,67482,M,,,67
201200035591,12,6,13,1440,1,2,3,2.0,3,67267,M,,,67
201200035592,12,6,14,1435,1,2,1,1.0,3,67482,M,,,67
201200035593,12,6,14,1800,1,2,1,1.0,4,67365,M,,,67
201200035594,12,6,15,1500,1,2,1,1.0,6,67482,M,,,67
201200035595,12,6,15,1650,1,2,3,2.0,3,67482,M,,,67
201200035596,12,6,17,1720,1,2,2,1.0,5,67482,M,,,67
201200035597,12,6,19,1830,1,2,1,1.0,6,67482,M,,,67
201200035598,12,6,20,50,5,2,1,2.0,6,67482,M,,,67
201200035599,12,6,22,1655,1,2,1,1.0,6,67447,M,,,67
201200035600,12,6,22,1910,1,2,1,1.0,4,67482,M,,,67
201200035601,12,6,23,350,5,2,3,1.0,6,67482,M,,,67
201200035602,12,6,23,1440,1,2,1,1.0,6,67482,M,,,67
201200035603,12,6,23,1730,1,2,1,1.0,6,67482,M,,,67
201200035604,12,6,25,1018,1,2,3,1.0,2,67482,M,,,67
201200035605,12,6,26,540,2,2,3,1.0,3,67218,M,,,67
201200035606,12,6,26,950,1,2,6,1.0,3,67482,M,,,67
201200035607,12,6,26,950,1,2,1,2.0,3,67482,M,,,67
201200035608,12,6,27,700,1,2,2,1.0,4,67043,M,,,67
201200035609,12,6,27,2050,2,2,2,1.0,3,67218,M,,,67
201200035610,12,6,28,1700,1,2,2,1.0,3,67482,M,,,67
201200035611,12,6,29,1530,1,2,1,1.0,6,67482,M,,,67
201200035612,12,6,26,2015,1,2,1,1.0,6,67482,M,,,67
201200035613,12,6,30,1210,1,2,1,1.0,6,67267,M,,,67
201200035614,12,6,30,2215,5,2,1,3.0,6,67447,M,,,67
201200035615,12,7,1,1730,1,2,3,1.0,3,67482,M,,,67
201200035616,12,7,2,1410,1,2,1,8.0,3,67482,M,,,67
201200035617,12,7,2,1420,1,2,2,1.0,3,67482,M,,,67
201200035618,12,7,2,2350,5,2,3,1.0,3,67447,M,,,67
201200035619,12,7,4,800,1,2,1,1.0,4,67043,M,,,67
201200035620,12,7,5,130,5,2,1,1.0,3,67482,M,,,67
201200035621,12,7,9,1400,1,2,1,1.0,2,67482,M,,,67
201200035622,12,7,8,1840,1,2,1,1.0,6,67482,M,,,67
201200035623,12,7,9,1055,1,2,3,1.0,3,67482,M,,,67
201200035624,12,7,9,1610,1,2,1,1.0,3,67482,M,,,67
201200035625,12,7,9,1755,1,2,2,1.0,3,67482,M,,,67
201200035626,12,7,10,1800,1,2,1,2.0,2,67447,M,,,67
201200035627,12,7,12,1400,1,2,1,1.0,6,67482,M,,,67
201200035628,12,7,13,1110,1,2,1,2.0,2,67482,M,,,67
201200035629,12,7,13,1500,1,2,1,8.0,6,67482,M,,,67
201200035630,12,7,15,145,5,2,3,1.0,6,67482,M,,,67
201200035631,12,7,18,1900,1,1,4,1.0,6,67482,M,,,67
201200035632,12,7,18,1940,1,2,1,1.0,3,67482,M,,,67
201200035633,12,7,19,1730,1,2,5,1.0,3,67482,M,,,67
201200035634,12,7,20,1020,1,2,1,2.0,6,67447,M,,,67
201200035635,12,7,23,1240,1,2,2,1.0,6,67482,M,,,67
201200035636,12,7,21,1000,1,2,3,1.0,3,67482,M,,,67
201200035637,12,7,21,1645,1,2,1,1.0,3,67482,M,,,67
201200035638,12,7,21,2300,5,2,3,1.0,3,67482,M,,,67
201200035639,12,7,21,1,5,2,1,1.0,6,67204,M,,,67
201200035640,12,7,22,30,5,2,3,1.0,1,67482,M,,,67
201200035641,12,7,22,2000,1,2,1,1.0,6,67482,M,,,67
201200035642,12,7,25,850,1,1,1,1.0,6,67043,M,,,67
201200035643,12,7,26,850,1,2,2,1.0,3,67482,M,,,67
201200035644,12,7,27,1036,1,2,1,1.0,2,67482,M,,,67
201200035645,12,7,30,1400,1,2,1,1.0,3,67482,M,,,67
201200035646,12,7,31,1945,2,2,1,1.0,6,67482,M,,,67
201200035647,12,7,31,2000,2,2,2,1.0,2,67482,M,,,67
201200035648,12,8,1,615,2,2,1,1.0,2,67482,M,,,67
201200035649,12,8,1,1020,1,2,2,1.0,3,67482,M,,,67
201200035650,12,8,2,1010,1,2,2,7.0,3,67447,M,,,67
201200035651,12,8,2,1340,1,2,1,1.0,3,67482,M,,,67
201200035652,12,8,2,2300,5,2,1,1.0,3,67482,M,,,67
201200035653,12,8,3,1830,1,2,1,1.0,3,67447,M,,,67
201200035654,12,8,4,1150,1,2,3,1.0,3,67365,M,,,67
201200035655,12,8,4,1920,1,2,2,1.0,2,67482,M,,,67
201200035656,12,8,5,305,5,2,2,2.0,3,67482,M,,,67
201200035657,12,8,5,2030,5,2,1,1.0,6,67482,M,,,67
201200035658,12,8,6,1100,1,2,3,1.0,6,67482,M,,,67
201200035659,12,8,9,1545,1,2,3,1.0,3,67204,M,,,67
201200035660,12,8,11,1515,1,2,1,1.0,3,67482,M,,,67
201200035661,12,8,12,2301,5,2,1,1.0,2,67482,M,,,67
201200035662,12,8,13,1330,1,2,2,1.0,3,67482,M,,,67
201200035663,12,8,13,2200,5,2,1,1.0,3,67482,M,,,67
201200035664,12,8,14,1535,1,2,1,1.0,3,67447,M,,,67
201200035665,12,8,15,2210,5,2,2,2.0,6,67482,M,,,67
201200035666,12,8,17,1115,1,2,1,1.0,3,67482,M,,,67
201200035667,12,8,17,1722,1,2,1,1.0,3,67482,M,,,67
201200035668,12,8,18,345,5,2,1,1.0,6,67482,M,,,67
201200035669,12,8,19,1610,1,2,2,1.0,3,67482,M,,,67
201200035670,12,8,21,750,1,2,1,1.0,6,67267,M,,,67
201200035671,12,8,21,1147,1,2,1,1.0,1,67482,M,,,67
201200035672,12,8,21,1218,1,2,1,1.0,2,67043,M,,,67
201200035673,12,8,21,2230,5,2,1,1.0,6,67482,M,,,67
201200035674,12,8,22,1425,1,2,1,1.0,3,67482,M,,,67
201200035675,12,8,24,755,1,2,1,2.0,3,67218,M,,,67
201200035676,12,8,24,1815,2,2,1,8.0,3,67482,M,,,67
201200035677,12,8,25,2110,4,2,1,1.0,6,67482,M,,,67
201200035678,12,8,27,245,4,2,2,1.0,6,67267,M,,,67
201200035679,12,8,27,1411,1,2,2,1.0,6,67482,M,,,67
201200035680,12,8,27,1610,1,2,1,1.0,3,67204,M,,,67
201200035681,12,8,27,1645,1,2,3,1.0,6,67482,M,,,67
201200035682,12,8,29,1530,1,2,2,1.0,3,67482,M,,,67
201200035683,12,8,30,1635,1,2,1,1.0,3,67482,M,,,67
201200035684,12,8,31,1400,1,2,1,2.0,2,67482,M,,,67
201200035685,12,8,31,1800,1,2,1,1.0,6,67482,M,,,67
201200035686,12,8,31,1910,1,1,1,1.0,1,67218,M,,,67
201200035687,12,8,31,1930,2,2,3,1.0,3,67043,M,,,67
201200035688,12,8,31,2215,5,2,2,2.0,3,67482,M,,,67
201200035689,12,9,2,1115,1,2,2,1.0,3,67482,M,,,67
201200035690,12,9,1,1540,1,2,2,1.0,3,67447,M,,,67
201200035691,12,9,3,1250,1,2,1,1.0,2,67482,M,,,67
201200035692,12,9,3,1820,1,1,1,1.0,2,67218,M,,,67
201200035693,12,9,3,2220,4,2,1,1.0,7,67482,M,,,67
201200035694,12,9,4,2045,5,2,2,1.0,6,67482,M,,,67
201200035695,12,9,5,920,1,2,1,1.0,3,67482,M,,,67
201200035696,12,9,5,1140,1,2,1,1.0,2,67218,M,,,67
201200035697,12,9,5,1210,1,2,2,1.0,2,67447,M,,,67
201200035698,12,9,5,1340,1,2,1,1.0,5,67218,M,,,67
201200035699,12,9,5,1550,1,2,1,1.0,6,67218,M,,,67
201200035700,12,9,5,1715,1,2,1,1.0,3,67365,M,,,67
201200035701,12,9,7,1130,1,2,3,1.0,3,67447,M,,,67
201200035702,12,9,7,1210,1,2,1,1.0,6,67365,M,,,67
201200035703,12,9,8,1530,1,2,3,1.0,2,67365,M,,,67
201200035704,12,9,10,940,1,2,3,1.0,6,67482,M,,,67
201200035705,12,9,11,1603,1,2,3,8.0,6,67447,M,,,67
201200035706,12,9,11,1845,2,2,1,8.0,4,67482,M,,,67
201200035707,12,9,12,1500,1,2,5,1.0,3,67482,M,,,67
201200035708,12,9,12,2320,4,2,2,1.0,3,67482,M,,,67
201200035709,12,9,13,1735,1,2,1,1.0,6,67482,M,,,67
201200035710,12,9,13,2110,5,2,2,1.0,3,67482,M,,,67
201200035711,12,9,15,1359,1,2,2,1.0,1,67482,M,,,67
201200035712,12,9,15,1710,1,2,1,1.0,6,67482,M,,,67
201200035713,12,9,16,140,5,2,2,1.0,7,67482,M,,,67
201200035714,12,9,17,836,1,2,3,1.0,3,67482,M,,,67
201200035715,12,9,17,1230,1,2,2,1.0,3,67482,M,,,67
201200035716,12,9,17,1430,1,2,1,1.0,1,67482,M,,,67
201200035717,12,9,17,1810,2,2,1,1.0,3,67482,M,,,67
201200035718,12,9,18,1315,1,2,1,1.0,6,67482,M,,,67
201200035719,12,9,18,1840,1,2,2,1.0,3,67482,M,,,67
201200035720,12,9,20,1230,1,2,2,1.0,3,67218,M,,,67
201200035721,12,9,21,745,1,2,2,1.0,3,67482,M,,,67
201200035722,12,9,22,1030,1,2,1,2.0,1,67218,M,,,67
201200035723,12,9,23,1540,1,2,1,1.0,3,67482,M,,,67
201200035724,12,9,24,1310,1,2,4,1.0,3,67482,M,,,67
201200035725,12,9,25,805,1,2,2,1.0,3,67482,M,,,67
201200035726,12,9,25,1550,1,2,1,2.0,6,67482,M,,,67
201200035727,12,9,26,925,1,2,3,1.0,6,67482,M,,,67
201200035728,12,9,27,655,2,2,1,1.0,2,67482,M,,,67
201200035729,12,9,27,1800,1,2,2,3.0,3,67447,M,,,67
201200035730,12,9,27,2050,5,2,2,2.0,3,67447,M,,,67
201200035731,12,9,27,1800,1,2,3,2.0,3,67482,M,,,67
201200035732,12,9,28,650,1,2,2,1.0,3,67482,M,,,67
201200035733,12,9,28,1836,1,2,1,1.0,7,67043,M,,,67
201200035734,12,9,29,1320,1,2,2,1.0,3,67482,M,,,67
201200035735,12,9,30,1140,1,2,2,1.0,2,67482,M,,,67
201200035736,12,10,2,1720,1,2,2,1.0,3,67482,M,,,67
201200035737,12,10,1,2055,5,2,2,1.0,6,67482,M,,,67
201200035738,12,10,2,1435,1,2,3,1.0,1,67482,M,,,67
201200035739,12,10,2,1830,1,2,6,1.0,3,67218,M,,,67
201200035740,12,10,3,1130,1,2,2,1.0,3,67482,M,,,67
201200035741,12,10,3,1605,1,2,2,1.0,3,67482,M,,,67
201200035742,12,10,3,1545,1,2,1,1.0,5,67218,M,,,67
201200035743,12,10,3,2110,5,2,1,1.0,2,67482,M,,,67
201200035744,12,10,4,750,2,2,1,2.0,3,67482,M,,,67
201200035745,12,10,6,1835,2,2,3,1.0,3,67365,M,,,67
201200035746,12,10,6,2106,5,2,4,2.0,7,67267,M,,,67
201200035747,12,10,8,1816,1,2,7,1.0,2,67482,M,,,67
201200035748,12,10,10,1450,1,2,1,1.0,3,67482,M,,,67
201200035749,12,10,11,405,4,2,1,1.0,6,67482,M,,,67
201200035750,12,10,15,835,1,2,2,1.0,6,67482,M,,,67
201200035751,12,10,16,735,1,2,2,1.0,3,67482,M,,,67
201200035752,12,10,16,1210,1,2,1,1.0,6,67482,M,,,67
201200035753,12,10,17,1800,2,1,1,1.0,3,67482,M,,,67
201200035754,12,10,18,930,1,2,5,1.0,3,67447,M,,,67
201200035755,12,10,18,1840,2,2,1,1.0,3,67482,M,,,67
201200035756,12,10,18,1915,5,2,2,1.0,3,67482,M,,,67
201200035757,12,10,18,2150,5,2,3,1.0,3,67482,M,,,67
201200035758,12,10,20,1145,1,2,1,1.0,6,67482,M,,,67
201200035759,12,10,20,1955,5,2,2,1.0,6,67482,M,,,67
201200035760,12,10,20,2125,5,2,3,1.0,3,67482,M,,,67
201200035761,12,10,21,310,5,2,1,1.0,6,67482,M,,,67
201200035762,12,10,21,2225,5,2,1,1.0,6,67482,M,,,67
201200035763,12,10,21,2335,5,2,2,1.0,3,67482,M,,,67
201200035764,12,10,24,1210,1,2,2,1.0,3,67482,M,,,67
201200035765,12,10,25,720,5,2,2,1.0,1,67447,M,,,67
201200035766,12,10,25,1610,1,2,1,1.0,6,67482,M,,,67
201200035767,12,10,27,1135,1,2,2,2.0,3,67218,M,,,67
201200035768,12,10,27,240,5,2,1,2.0,6,67218,M,,,67
201200035769,12,10,28,415,5,2,1,1.0,1,67482,M,,,67
201200035770,12,10,28,1507,1,2,3,1.0,6,67482,M,,,67
201200035771,12,10,30,1521,1,2,2,1.0,3,67365,M,,,67
201200035772,12,10,30,1925,5,2,1,1.0,3,67482,M,,,67
201200035773,12,10,31,807,1,2,3,1.0,3,67267,M,,,67
201200035774,12,10,31,2110,4,2,1,1.0,6,67482,M,,,67
201200035775,12,11,1,1740,5,2,2,1.0,3,67482,M,,,67
201200035776,12,11,2,1635,2,2,1,2.0,3,67482,M,,,67
201200035777,12,11,5,757,1,2,1,1.0,5,67482,M,,,67
201200035778,12,11,6,912,1,2,3,1.0,1,67218,M,,,67
201200035779,12,11,6,1340,1,2,2,1.0,6,67482,M,,,67
201200035780,12,11,6,1704,5,2,1,1.0,7,67482,M,,,67
201200035781,12,11,7,955,1,2,2,2.0,3,67043,M,,,67
201200035782,12,11,7,2155,5,2,2,1.0,3,67482,M,,,67
201200035783,12,11,10,1015,1,2,1,3.0,3,67482,M,,,67
201200035784,12,11,10,1330,1,2,1,2.0,6,67482,M,,,67
201200035785,12,11,10,2150,5,2,2,2.0,6,67482,M,,,67
201200035786,12,11,12,1330,1,2,3,1.0,3,67482,M,,,67
201200035787,12,11,12,1550,1,2,3,1.0,6,67482,M,,,67
201200035788,12,11,14,810,1,2,2,1.0,3,67043,M,,,67
201200035789,12,11,14,1540,1,2,1,1.0,6,67482,M,,,67
201200035790,12,11,14,1810,5,2,1,1.0,1,67482,M,,,67
201200035791,12,11,15,1645,4,2,2,1.0,3,67447,M,,,67
201200035792,12,11,17,1330,1,2,2,1.0,3,67482,M,,,67
201200035793,12,11,19,535,5,2,2,5.0,3,67482,M,,,67
201200035794,12,11,19,1340,1,2,2,5.0,3,67218,M,,,67
201200035795,12,11,19,1750,5,2,3,1.0,6,67482,M,,,67
201200035796,12,11,19,1850,5,2,3,1.0,3,67482,M,,,67
201200035797,12,11,21,1810,5,2,1,1.0,3,67482,M,,,67
201200035798,12,11,22,950,1,2,3,1.0,3,67482,M,,,67
201200035799,12,11,22,2010,5,2,2,1.0,3,67482,M,,,67
201200035800,12,11,23,1052,1,2,2,1.0,3,67482,M,,,67
201200035801,12,11,23,1445,1,1,1,1.0,3,67482,M,,,67
201200035802,12,11,23,1720,2,2,2,1.0,3,67482,M,,,67
201200035803,12,11,26,145,5,2,1,1.0,7,67482,M,,,67
201200035804,12,11,26,1825,5,2,3,3.0,3,67482,M,,,67
201200035805,12,11,27,1810,5,2,2,1.0,6,67482,M,,,67
201200035806,12,11,27,2225,3,2,2,2.0,3,67482,M,,,67
201200035807,12,11,28,953,1,2,1,2.0,3,67482,M,,,67
201200035808,12,11,28,1806,5,2,3,2.0,1,67482,M,,,67
201200035809,12,11,29,230,5,2,2,2.0,3,67482,M,,,67
201200035810,12,11,29,1610,1,2,1,2.0,3,67482,M,,,67
201200035811,12,11,29,1720,5,2,1,1.0,6,67447,M,,,67
201200035812,12,11,29,1015,1,2,2,1.0,3,67482,M,,,67
201200035813,12,11,30,730,2,1,6,2.0,2,67365,M,,,67
201200035814,12,11,30,1720,5,2,1,1.0,3,67447,M,,,67
201200035815,12,12,2,1410,1,2,2,2.0,3,67482,M,,,67
201200035816,12,12,3,1505,1,2,1,1.0,6,67482,M,,,67
201200035817,12,12,4,1815,5,2,1,8.0,6,67482,M,,,67
201200035818,12,12,6,925,1,2,1,1.0,6,67365,M,,,67
201200035819,12,12,6,1715,5,2,3,1.0,3,67447,M,,,67
201200035820,12,12,7,1640,5,2,1,4.0,6,67482,M,,,67
201200035821,12,12,8,250,5,2,3,2.0,6,67482,M,,,67
201200035822,12,12,8,730,1,2,1,1.0,6,67267,M,,,67
201200035823,12,12,9,1924,5,2,3,2.0,3,67043,M,,,67
201200035824,12,12,11,1630,5,2,1,1.0,6,67204,M,,,67
201200035825,12,12,12,110,5,2,2,2.0,6,67482,M,,,67
201200035826,12,12,12,1605,1,2,1,1.0,2,67482,M,,,67
201200035827,12,12,12,1700,5,2,1,1.0,6,67447,M,,,67
201200035828,12,12,13,850,1,2,2,8.0,3,67482,M,,,67
201200035829,12,12,13,1850,5,2,1,2.0,6,67482,M,,,67
201200035830,12,12,14,1010,1,2,1,1.0,6,67043,M,,,67
201200035831,12,12,14,1350,1,2,3,1.0,6,67218,M,,,67
201200035832,12,12,14,1630,5,2,2,2.0,6,67482,M,,,67
201200035833,12,12,15,1120,1,2,1,2.0,6,67482,M,,,67
201200035834,12,12,16,205,5,2,3,3.0,3,67482,M,,,67
201200035835,12,12,16,1930,5,2,1,2.0,3,67482,M,,,67
201200035836,12,12,17,1415,1,2,3,2.0,3,67447,M,,,67
201200035837,12,12,17,1530,1,2,2,3.0,3,67482,M,,,67
201200035838,12,12,17,1630,5,2,1,2.0,3,67482,M,,,67
201200035839,12,12,17,1625,5,2,2,3.0,6,67447,M,,,67
201200035840,12,12,18,1030,1,2,2,1.0,3,67482,M,,,67
201200035841,12,12,19,1115,1,2,1,1.0,6,67447,M,,,67
201200035842,12,12,20,910,1,2,2,1.0,6,67482,M,,,67
201200035843,12,12,22,1000,1,2,1,1.0,6,67043,M,,,67
201200035844,12,12,22,1815,5,2,1,2.0,6,67482,M,,,67
201200035845,12,12,22,1820,5,2,1,3.0,6,67482,M,,,67
201200035846,12,12,27,1935,5,2,2,2.0,3,67218,M,,,67
201200035847,12,12,28,1,5,2,2,2.0,3,67482,M,,,67
201200035848,12,12,29,955,1,2,3,1.0,3,67482,M,,,67
201200035849,12,12,29,1840,5,2,1,1.0,6,67482,M,,,67
201200035850,12,1,17,1205,1,2,3,1.0,6,68066,M,4808246.0,735190.0,68
201200035851,12,1,18,1205,1,2,2,1.0,6,68066,M,4808101.0,736414.0,68
201200035852,12,1,15,55,5,1,9,1.0,3,68066,M,4806805.0,738486.0,68
201200035853,12,1,23,1215,1,1,6,1.0,3,68066,M,4809194.0,733364.0,68
201200035854,12,1,30,1240,1,2,2,1.0,6,68066,M,4808144.0,735240.0,68
201200035855,12,2,24,745,1,2,2,1.0,6,68066,M,4808382.0,734761.0,68
201200035856,12,3,7,2015,5,2,2,1.0,1,68066,M,4808157.0,735326.0,68
201200035857,12,3,21,1532,1,2,1,1.0,6,68066,M,4809239.0,737188.0,68
201200035858,12,3,24,1358,1,2,1,1.0,3,68066,M,4805781.0,733443.0,68
201200035859,12,3,30,1325,1,2,1,1.0,6,68066,M,,,68
201200035860,12,4,17,1725,1,1,6,1.0,3,68066,M,4810825.0,736341.0,68
201200035861,12,4,25,1942,1,2,2,1.0,3,68066,M,4806918.0,736498.0,68
201200035862,12,5,7,1305,1,2,3,1.0,6,68066,M,4807471.0,733292.0,68
201200035863,12,12,28,1941,5,2,1,1.0,6,68066,M,4808049.0,735660.0,68
201200035864,12,6,6,1740,1,2,2,1.0,6,68066,M,4807381.0,734798.0,68
201200035865,12,6,12,1415,1,2,1,2.0,6,68066,M,4807689.0,733557.0,68
201200035866,12,6,17,1946,2,2,1,1.0,5,68066,M,4807092.0,736564.0,68
201200035867,12,6,23,20,5,2,2,1.0,6,68066,M,4808458.0,734248.0,68
201200035868,12,6,23,1605,1,2,1,1.0,2,68066,M,4808584.0,736734.0,68
201200035869,12,6,29,2120,2,1,2,1.0,3,68066,M,4814028.0,745968.0,68
201200035870,12,7,9,1530,1,2,1,1.0,6,68066,M,4808182.0,736460.0,68
201200035871,12,7,13,2025,2,2,2,2.0,3,68066,M,,,68
201200035872,12,7,18,1125,1,1,1,1.0,6,68066,M,4805114.0,736728.0,68
201200035873,12,7,22,1418,1,2,2,1.0,3,68066,M,4807137.0,731983.0,68
201200035874,12,7,26,1845,1,2,2,1.0,6,68066,M,4806963.0,736533.0,68
201200035875,12,8,1,1905,1,2,2,1.0,6,68066,M,4807822.0,733280.0,68
201200035876,12,8,3,1900,2,2,1,1.0,1,68066,M,4807546.0,733178.0,68
201200035877,12,8,4,2045,2,2,1,1.0,6,68066,M,4807207.0,733102.0,68
201200035878,12,8,7,1945,1,2,3,1.0,6,68066,M,4807485.0,733188.0,68
201200035879,12,8,8,1920,1,2,1,1.0,5,68066,M,4806996.0,736525.0,68
201200035880,12,8,9,1650,1,2,1,1.0,6,68066,M,4807588.0,734110.0,68
201200035881,12,8,26,25,5,2,2,1.0,3,68066,M,4808526.0,735736.0,68
201200035882,12,9,9,1000,1,2,1,1.0,6,68066,M,4808029.0,738168.0,68
201200035883,12,9,13,1630,1,2,2,1.0,6,68066,M,4808015.0,736466.0,68
201200035884,12,9,16,1010,2,2,2,1.0,6,68066,M,4808048.0,733569.0,68
201200035885,12,9,25,2200,5,2,1,1.0,6,68066,M,4808426.0,734427.0,68
201200035886,12,9,25,830,1,2,2,1.0,6,68066,M,4807804.0,736439.0,68
201200035887,12,9,27,1705,2,2,1,2.0,6,68066,M,4807624.0,733374.0,68
201200035888,12,10,10,1815,2,2,3,2.0,3,68066,M,4808077.0,733430.0,68
201200035889,12,10,20,1831,2,2,2,1.0,4,68066,M,4806939.0,736040.0,68
201200035890,12,9,24,1010,1,2,1,1.0,6,68066,M,4808877.0,735970.0,68
201200035891,12,10,31,1140,1,2,2,1.0,3,68066,M,4807668.0,736610.0,68
201200035892,12,11,18,1030,1,2,1,1.0,3,68066,M,4807996.0,736639.0,68
201200035893,12,11,19,900,1,1,1,2.0,6,68066,M,4814178.0,743342.0,68
201200035894,12,11,23,1400,1,2,3,1.0,6,68066,M,4806870.0,733729.0,68
201200035895,12,11,21,1620,1,2,2,1.0,3,68066,M,4807837.0,733287.0,68
201200035896,12,11,29,1445,1,2,2,1.0,6,68066,M,4808159.0,736385.0,68
201200035897,12,11,28,903,1,2,3,1.0,6,68066,M,4808258.0,734701.0,68
201200035898,12,11,30,1130,1,2,1,1.0,2,68066,M,4808283.0,733634.0,68
201200035899,12,12,17,1710,5,2,1,3.0,6,68066,M,4807224.0,734246.0,68
201200035900,12,12,21,1430,1,2,1,1.0,2,68066,M,4810781.0,736359.0,68
201200035901,12,3,2,1440,1,2,1,1.0,6,68112,M,4790191.0,721555.0,68
201200035902,12,4,23,1600,1,2,2,1.0,3,68112,M,4790136.0,721861.0,68
201200035903,12,6,26,815,1,2,8,1.0,2,68112,M,4790155.0,721850.0,68
201200035904,12,7,18,1555,1,2,1,7.0,1,68112,M,4791595.0,720758.0,68
201200035905,12,7,27,2203,5,2,2,1.0,3,68112,M,4791107.0,720636.0,68
201200035906,12,1,16,1210,1,2,1,1.0,6,68224,M,4775713.0,733910.0,68
201200035907,12,1,18,742,2,2,1,9.0,6,68224,M,4772769.0,734792.0,68
201200035908,12,1,20,1840,5,2,1,2.0,6,68224,M,4776985.0,732105.0,68
201200035909,12,1,23,1745,5,2,1,1.0,6,68224,M,4774730.0,732066.0,68
201200035910,12,1,25,5,5,1,2,2.0,6,68195,M,4774873.0,727479.0,68
201200035911,12,1,28,1340,1,2,1,2.0,6,68224,M,4775204.0,733787.0,68
201200035912,12,2,6,1827,5,2,3,1.0,6,68224,M,4774375.0,732924.0,68
201200035913,12,2,12,1730,1,1,1,1.0,1,68224,M,4776299.0,735110.0,68
201200035914,12,2,17,1303,1,2,2,1.0,6,68224,M,4774695.0,732763.0,68
201200035915,12,2,23,724,2,2,1,1.0,6,68224,M,4773632.0,730170.0,68
201200035916,12,2,24,1,3,2,1,1.0,6,68224,M,4774695.0,733600.0,68
201200035917,12,3,8,2120,5,2,2,1.0,6,68224,M,4775229.0,733570.0,68
201200035918,12,3,14,1213,1,2,1,1.0,3,68224,M,4773963.0,730103.0,68
201200035919,12,4,10,1206,1,2,2,1.0,3,68224,M,4775178.0,733229.0,68
201200035920,12,4,13,1424,1,2,2,1.0,3,68224,M,4775578.0,733338.0,68
201200035921,12,5,9,2040,2,2,1,1.0,6,68224,M,4775154.0,734821.0,68