Num_Acc,an,mois,jour,hrmn,lum,agg,int,atm,col,com,gps,lat,long,dep
201200035922,12,5,14,1344,1,2,3,1.0,6,68224,M,4776093.0,733895.0,68
201200035923,12,5,17,1330,1,2,1,1.0,6,68224,M,4773751.0,729908.0,68
201200035924,12,5,18,1620,1,2,1,2.0,6,68224,M,4774563.0,735355.0,68
201200035925,12,5,19,1615,1,2,6,1.0,3,68256,M,4772954.0,732115.0,68
201200035926,12,5,24,1650,1,2,1,1.0,6,68224,M,4774242.0,730690.0,68
201200035927,12,5,31,1055,1,2,1,1.0,6,68224,M,4773189.0,729162.0,68
201200035928,12,6,6,1010,1,2,1,1.0,2,68256,M,4776417.0,729404.0,68
201200035929,12,6,7,245,5,2,1,1.0,6,68271,M,4773625.0,736735.0,68
201200035930,12,6,13,1010,1,2,1,2.0,6,68224,M,4775704.0,735714.0,68
201200035931,12,6,13,1213,1,2,1,2.0,6,68224,M,4775451.0,734657.0,68
201200035932,12,6,15,1844,1,2,1,1.0,6,68224,M,4775324.0,733107.0,68
201200035933,12,6,19,1745,1,2,1,1.0,6,68224,M,4775506.0,730940.0,68
201200035934,12,6,22,1847,1,2,1,1.0,6,68224,M,4776069.0,735649.0,68
201200035935,12,6,29,1525,1,2,3,1.0,6,68224,M,4774865.0,732460.0,68
201200035936,12,7,16,1730,1,2,1,1.0,6,68224,M,4774789.0,732229.0,68
201200035937,12,7,25,1830,1,1,1,1.0,6,68154,M,4776211.0,735210.0,68
201200035938,12,7,25,1910,1,2,3,1.0,6,68224,M,4774994.0,732849.0,68
201200035939,12,8,4,2100,2,2,3,1.0,3,68224,M,4775290.0,731588.0,68
201200035940,12,8,13,1600,1,2,1,1.0,6,68224,M,4775485.0,733269.0,68
201200035941,12,8,18,505,2,2,1,1.0,2,68224,M,4775263.0,730470.0,68
201200035942,12,8,20,1035,1,2,1,1.0,3,68224,M,4774798.0,734815.0,68
201200035943,12,9,15,448,5,2,4,1.0,6,68224,M,4774524.0,733640.0,68
201200035944,12,9,19,1115,1,2,3,1.0,2,68224,M,4775066.0,734957.0,68
201200035945,12,9,28,2145,5,2,3,1.0,6,68256,M,4776221.0,730081.0,68
201200035946,12,10,3,1321,1,2,1,1.0,1,68278,M,4776534.0,739430.0,68
201200035947,12,10,14,1630,1,2,1,1.0,6,68224,M,4773263.0,730480.0,68
201200035948,12,10,17,1535,1,2,1,1.0,6,68256,M,4776460.0,729777.0,68
201200035949,12,10,21,1605,1,2,1,1.0,6,68224,M,4773258.0,729920.0,68
201200035950,12,10,23,945,1,2,2,2.0,6,68224,M,4775244.0,734280.0,68
201200035951,12,11,8,1910,5,2,2,1.0,3,68224,M,4773857.0,729520.0,68
201200035952,12,11,9,2005,5,2,2,1.0,3,68224,M,4775319.0,733216.0,68
201200035953,12,11,10,1345,1,2,1,2.0,3,68224,M,4774513.0,731160.0,68
201200035954,12,11,28,920,1,1,1,2.0,3,68256,M,4776200.0,731500.0,68
201200035955,12,12,13,1430,1,2,1,1.0,6,68224,M,4777410.0,735900.0,68
201200035956,12,12,15,1915,5,2,1,1.0,6,68224,M,4774512.0,735097.0,68
201200035957,12,12,17,1800,5,2,1,1.0,6,68224,M,4774277.0,734310.0,68
201200035958,12,12,18,1730,5,1,1,1.0,3,68224,M,4777350.0,734950.0,68
201200035959,12,12,22,1646,1,2,3,2.0,6,68224,M,4775095.0,733170.0,68
201200035960,12,12,31,1200,1,2,1,1.0,6,68056,M,4772526.0,732004.0,68
201200035961,12,1,26,440,5,2,3,1.0,3,68297,M,4759011.0,755908.0,68
201200035962,12,3,28,839,1,2,1,1.0,6,68149,M,4759327.0,758639.0,68
201200035963,12,5,2,835,1,2,3,1.0,3,68297,M,4758397.0,755974.0,68
201200035964,12,8,25,1120,1,2,3,1.0,6,68297,M,4758491.0,756139.0,68
201200035965,12,8,30,1735,1,2,1,1.0,6,68297,M,4758780.0,755876.0,68
201200035966,12,8,9,1835,1,2,1,1.0,6,68297,M,4758740.0,756700.0,68
201200035967,12,9,10,647,2,2,3,1.0,3,68297,M,4757819.0,757101.0,68
201200035968,12,9,28,1605,1,2,3,1.0,3,68297,M,4758688.0,756580.0,68
201200035969,12,8,28,950,1,2,1,1.0,6,68297,M,4758866.0,756125.0,68
201200035970,12,9,8,1620,1,2,3,1.0,3,68297,M,4758170.0,755467.0,68
201200035971,12,12,21,1610,1,2,1,1.0,4,68297,M,4758657.0,756508.0,68
201200035972,12,10,21,1145,1,2,2,1.0,3,68297,M,4758899.0,757036.0,68
201200035973,12,1,16,1000,1,2,1,1.0,6,68376,M,4780104.0,733711.0,68
201200035974,12,1,24,2105,5,2,9,8.0,3,68376,M,4782324.0,733861.0,68
201200035975,12,3,16,1209,1,2,1,1.0,3,68166,M,4777925.0,732903.0,68
201200035976,12,3,27,1300,1,2,1,1.0,6,68166,M,4779485.0,732609.0,68
201200035977,12,5,19,1835,1,1,1,1.0,2,68376,M,4780418.0,730370.0,68
201200035978,12,5,25,1710,1,2,1,1.0,1,68376,M,4781193.0,731109.0,68
201200035979,12,10,7,1315,1,2,1,8.0,3,68166,M,4778440.0,733190.0,68
201200035980,12,11,4,520,3,1,1,3.0,2,68376,M,4779545.0,731080.0,68
201200035981,12,1,4,1815,5,2,3,1.0,6,69029,M,,,69
201200035982,12,1,17,1400,1,2,1,1.0,6,69029,M,,,69
201200035983,12,1,19,735,5,2,1,2.0,2,69029,M,,,69
201200035984,12,1,20,1850,5,2,2,1.0,6,69029,M,,,69
201200035985,12,1,29,1550,1,2,2,1.0,1,69029,M,,,69
201200035986,12,2,23,830,1,2,1,1.0,6,69029,M,,,69
201200035987,12,2,24,1720,1,2,9,1.0,3,69029,M,,,69
201200035988,12,2,23,755,1,2,3,1.0,6,69029,M,,,69
201200035989,12,2,15,1330,1,2,1,1.0,3,69029,M,,,69
201200035990,12,2,18,2025,5,2,2,1.0,4,69271,M,,,69
201200035991,12,2,28,1340,1,2,2,1.0,1,69271,M,,,69
201200035992,12,3,6,325,5,1,6,2.0,3,69271,M,,,69
201200035993,12,3,6,715,1,1,1,8.0,1,69271,M,,,69
201200035994,12,3,16,2110,5,2,3,1.0,6,69029,M,,,69
201200035995,12,3,22,1420,1,2,3,1.0,6,69271,M,,,69
201200035996,12,3,30,1240,1,1,1,7.0,7,69271,M,,,69
201200035997,12,4,12,1800,1,2,3,1.0,6,69029,M,,,69
201200035998,12,4,20,1715,1,2,2,8.0,3,69029,M,,,69
201200035999,12,4,28,1830,1,2,1,1.0,6,69029,M,,,69
201200036000,12,5,10,1315,1,2,1,1.0,6,69029,M,,,69
201200036001,12,5,22,1605,1,2,1,8.0,6,69029,M,,,69
201200036002,12,5,29,1200,1,2,6,1.0,6,69271,M,,,69
201200036003,12,6,2,420,5,2,6,1.0,6,69271,M,,,69
201200036004,12,6,7,1820,1,2,6,3.0,6,69029,M,,,69
201200036005,12,7,4,10,3,1,1,1.0,6,69271,M,,,69
201200036006,12,7,2,1100,1,2,2,2.0,6,69029,M,,,69
201200036007,12,7,11,2025,1,2,1,1.0,4,69029,M,,,69
201200036008,12,7,10,2035,1,2,3,1.0,6,69029,M,,,69
201200036009,12,7,20,2115,2,2,6,1.0,3,69029,M,,,69
201200036010,12,7,18,1820,1,2,6,9.0,2,69271,M,,,69
201200036011,12,7,27,1800,1,2,3,1.0,3,69029,M,,,69
201200036012,12,7,30,1705,1,2,3,1.0,6,69029,M,,,69
201200036013,12,8,8,850,1,2,1,1.0,2,69271,M,,,69
201200036014,12,8,9,1300,1,2,2,1.0,6,69029,M,,,69
201200036015,12,9,9,1345,1,2,3,1.0,2,69029,M,,,69
201200036016,12,9,28,1130,1,2,2,1.0,6,69271,M,,,69
201200036017,12,9,20,1100,1,2,1,1.0,4,69029,M,,,69
201200036018,12,10,10,900,1,2,2,8.0,3,69029,M,,,69
201200036019,12,10,16,1030,1,2,9,1.0,7,69029,M,,,69
201200036020,12,10,24,2015,5,2,2,1.0,6,69271,M,,,69
201200036021,12,11,2,2200,5,2,2,1.0,1,69271,M,,,69
201200036022,12,12,6,2230,5,2,3,1.0,1,69029,M,,,69
201200036023,12,12,14,2020,5,2,4,2.0,1,69271,M,,,69
201200036024,12,12,17,1325,1,2,2,8.0,3,69029,M,,,69
201200036025,12,12,20,2245,5,2,1,1.0,2,69029,M,,,69
201200036026,12,12,22,1745,5,2,1,2.0,6,69029,M,,,69
201200036027,12,12,29,1420,1,2,2,1.0,3,69029,M,,,69
201200036028,12,1,17,1540,1,2,1,1.0,6,69034,M,,,69
201200036029,12,1,18,2120,5,2,3,1.0,6,69034,M,,,69
201200036030,12,1,28,1120,1,2,1,1.0,2,69034,M,,,69
201200036031,12,1,27,750,2,2,1,2.0,6,69034,M,,,69
201200036032,12,2,3,1500,1,2,1,1.0,6,69034,M,,,69
201200036033,12,2,8,700,2,2,1,1.0,6,69034,M,,,69
201200036034,12,2,13,1555,1,2,3,1.0,4,69034,M,,,69
201200036035,12,2,15,1430,1,2,3,2.0,6,69034,M,,,69
201200036036,12,2,25,1400,1,2,1,1.0,6,69034,M,,,69
201200036037,12,2,28,1735,1,2,1,1.0,6,69034,M,,,69
201200036038,12,2,6,1950,5,2,1,1.0,6,69034,M,,,69
201200036039,12,2,28,1315,1,2,4,1.0,6,69034,M,,,69
201200036040,12,3,9,1915,5,2,1,1.0,6,69034,M,,,69
201200036041,12,3,16,110,5,2,1,1.0,6,69034,M,,,69
201200036042,12,3,18,1945,5,2,6,2.0,7,69034,M,,,69
201200036043,12,5,6,1945,1,2,1,1.0,6,69034,M,,,69
201200036044,12,3,20,935,1,2,3,1.0,6,69034,M,,,69
201200036045,12,3,25,1730,1,2,1,1.0,6,69034,M,,,69
201200036046,12,3,31,2025,5,2,1,1.0,7,69034,M,,,69
201200036047,12,4,4,1505,1,2,3,1.0,6,69034,M,,,69
201200036048,12,4,6,1740,1,2,2,1.0,7,69034,M,,,69
201200036049,12,4,19,925,1,2,2,1.0,6,69034,M,,,69
201200036050,12,4,23,935,1,2,1,1.0,6,69034,M,,,69
201200036051,12,5,2,1125,1,2,1,1.0,2,69034,M,,,69
201200036052,12,5,6,1830,1,2,1,1.0,6,69034,M,,,69
201200036053,12,5,12,1645,1,2,1,1.0,3,69034,M,,,69
201200036054,12,5,14,1215,1,2,3,1.0,3,69034,M,,,69
201200036055,12,5,14,815,1,2,1,1.0,6,69034,M,,,69
201200036056,12,5,27,1210,1,2,1,1.0,1,69034,M,,,69
201200036057,12,5,30,1830,1,2,1,1.0,6,69034,M,,,69
201200036058,12,6,2,2115,5,2,1,2.0,2,69034,M,,,69
201200036059,12,6,2,1445,1,2,3,1.0,3,69034,M,,,69
201200036060,12,6,7,820,1,2,1,1.0,6,69034,M,,,69
201200036061,12,6,12,715,1,2,4,8.0,3,69034,M,,,69
201200036062,12,6,18,840,1,2,1,1.0,3,69034,M,,,69
201200036063,12,6,28,1650,1,2,2,1.0,1,69034,M,,,69
201200036064,12,7,4,910,1,2,1,1.0,2,69034,M,,,69
201200036065,12,7,9,1825,1,2,1,1.0,6,69034,M,,,69
201200036066,12,7,18,2040,1,2,1,1.0,6,69034,M,,,69
201200036067,12,7,21,1800,1,2,1,1.0,6,69034,M,,,69
201200036068,12,7,30,1750,1,2,1,1.0,2,69034,M,,,69
201200036069,12,7,31,2120,5,2,1,1.0,2,69034,M,,,69
201200036070,12,8,3,1745,1,2,6,1.0,2,69034,M,,,69
201200036071,12,8,5,2239,5,2,1,2.0,6,69034,M,,,69
201200036072,12,8,8,1025,1,2,1,1.0,6,69034,M,,,69
201200036073,12,8,15,630,2,2,1,1.0,7,69034,M,,,69
201200036074,12,8,27,1915,1,2,1,1.0,6,69034,M,,,69
201200036075,12,9,7,940,1,2,3,1.0,3,69034,M,,,69
201200036076,12,9,12,1030,1,2,1,2.0,3,69034,M,,,69
201200036077,12,9,8,1515,1,2,1,1.0,3,69034,M,,,69
201200036078,12,9,16,1600,1,2,1,1.0,6,69034,M,,,69
201200036079,12,9,17,2130,5,2,1,1.0,5,69034,M,,,69
201200036080,12,9,18,1235,1,2,9,1.0,3,69034,M,,,69
201200036081,12,9,18,1425,1,2,1,8.0,7,69034,M,,,69
201200036082,12,9,19,800,1,2,1,1.0,6,69034,M,,,69
201200036083,12,9,28,725,1,2,1,1.0,3,69034,M,,,69
201200036084,12,10,1,1725,1,2,1,1.0,3,69034,M,,,69
201200036085,12,9,17,1930,2,2,1,1.0,6,69034,M,,,69
201200036086,12,10,12,915,1,2,2,8.0,3,69034,M,,,69
201200036087,12,10,13,1450,1,2,1,1.0,6,69034,M,,,69
201200036088,12,10,20,1115,1,2,1,1.0,6,69034,M,,,69
201200036089,12,10,19,1740,1,2,1,1.0,3,69034,M,,,69
201200036090,12,10,20,1505,1,2,1,1.0,2,69034,M,,,69
201200036091,12,11,4,145,5,2,3,2.0,5,69034,M,,,69
201200036092,12,11,7,1215,1,2,1,1.0,3,69034,M,,,69
201200036093,12,11,10,415,5,1,1,3.0,7,69034,M,,,69
201200036094,12,11,10,2145,5,2,1,8.0,6,69034,M,,,69
201200036095,12,11,11,1800,5,2,1,1.0,6,69034,M,,,69
201200036096,12,11,13,1720,5,2,4,8.0,6,69034,M,,,69
201200036097,12,11,17,910,1,2,1,1.0,1,69034,M,,,69
201200036098,12,11,20,1730,3,2,1,5.0,4,69034,M,,,69
201200036099,12,11,23,1750,5,2,1,1.0,6,69034,M,,,69
201200036100,12,12,4,745,2,2,1,1.0,6,69034,M,,,69
201200036101,12,11,24,1920,5,2,1,8.0,3,69034,M,,,69
201200036102,12,11,26,1830,5,2,1,3.0,6,69034,M,,,69
201200036103,12,11,28,810,2,2,1,1.0,2,69034,M,,,69
201200036104,12,11,28,1520,1,2,1,2.0,3,69034,M,,,69
201200036105,12,11,29,1435,1,2,2,1.0,3,69034,M,,,69
201200036106,12,11,30,1525,1,2,3,1.0,1,69034,M,,,69
201200036107,12,12,4,2000,5,2,3,1.0,1,69034,M,,,69
201200036108,12,12,5,715,3,2,1,9.0,6,69034,M,,,69
201200036109,12,12,5,1720,5,2,2,2.0,6,69034,M,,,69
201200036110,12,12,17,715,2,2,1,2.0,2,69034,M,,,69
201200036111,12,12,19,750,5,2,3,1.0,3,69034,M,,,69
201200036112,12,12,19,1300,1,2,1,1.0,6,69034,M,,,69
201200036113,12,12,23,1220,1,2,1,1.0,4,69034,M,,,69
201200036114,12,12,24,1749,5,2,1,1.0,3,69034,M,,,69
201200036115,12,12,31,1515,1,2,1,1.0,5,69034,M,,,69
201200036116,12,1,4,1630,1,2,1,8.0,6,69091,M,,,69
201200036117,12,1,17,1700,1,2,3,1.0,3,69091,M,,,69
201200036118,12,1,27,1100,1,2,1,2.0,2,69091,M,,,69
201200036119,12,3,8,1220,1,2,1,1.0,2,69091,M,,,69
201200036120,12,3,18,230,5,2,1,1.0,7,69091,M,,,69
201200036121,12,3,29,1825,1,2,3,1.0,3,69091,M,,,69
201200036122,12,4,2,930,1,2,1,1.0,6,69091,M,,,69
201200036123,12,4,12,1230,1,2,4,3.0,6,69091,M,,,69
201200036124,12,4,17,1725,1,2,1,1.0,6,69091,M,,,69
201200036125,12,4,21,1345,1,2,2,2.0,3,69091,M,,,69
201200036126,12,4,24,950,1,1,1,1.0,7,69091,M,,,69
201200036127,12,5,3,1830,1,2,1,1.0,3,69096,M,,,69
201200036128,12,5,6,1200,1,2,2,8.0,3,69091,M,,,69
201200036129,12,6,13,1240,1,2,1,1.0,3,69096,M,,,69
201200036130,12,6,14,800,1,2,1,1.0,1,69091,M,,,69
201200036131,12,6,14,1800,1,2,1,1.0,6,69091,M,,,69
201200036132,12,6,16,1640,1,2,1,1.0,4,69091,M,,,69
201200036133,12,6,18,700,1,1,1,1.0,2,69091,M,,,69
201200036134,12,6,24,1630,1,2,1,1.0,6,69096,M,,,69
201200036135,12,7,2,1030,1,2,1,3.0,6,69091,M,,,69
201200036136,12,7,5,1335,1,2,3,2.0,3,69096,M,,,69
201200036137,12,7,5,1325,1,2,1,8.0,6,69091,M,,,69
201200036138,12,7,10,1855,1,2,1,1.0,6,69096,M,,,69
201200036139,12,7,11,710,1,2,6,1.0,6,69091,M,,,69
201200036140,12,7,11,2145,1,2,2,1.0,3,69096,M,,,69
201200036141,12,7,12,2135,5,2,2,1.0,3,69091,M,,,69
201200036142,12,7,21,1550,1,2,2,1.0,3,69096,M,,,69
201200036143,12,7,24,2355,5,2,1,1.0,3,69091,M,,,69
201200036144,12,8,5,1305,1,2,1,1.0,6,69096,M,,,69
201200036145,12,8,6,1610,1,1,1,1.0,1,69091,M,,,69
201200036146,12,8,25,1750,1,2,1,8.0,2,69091,M,,,69
201200036147,12,8,31,1300,1,2,1,3.0,1,69091,M,,,69
201200036148,12,9,12,730,2,2,2,3.0,6,69091,M,,,69
201200036149,12,9,16,1620,1,2,1,1.0,6,69096,M,,,69
201200036150,12,9,21,900,1,2,3,1.0,6,69091,M,,,69
201200036151,12,9,22,1700,1,2,3,1.0,6,69096,M,,,69
201200036152,12,9,24,1820,1,2,4,1.0,3,69091,M,,,69
201200036153,12,9,18,1545,1,2,1,1.0,6,69091,M,,,69
201200036154,12,9,26,710,5,2,1,6.0,6,69091,M,,,69
201200036155,12,9,26,1310,1,2,1,3.0,2,69091,M,,,69
201200036156,12,9,28,1250,1,2,1,1.0,2,69091,M,,,69
201200036157,12,9,28,1745,1,2,1,1.0,6,69096,M,,,69
201200036158,12,9,27,1125,1,2,1,1.0,3,69091,M,,,69
201200036159,12,10,24,1415,1,2,1,1.0,2,69091,M,,,69
201200036160,12,10,22,1000,1,1,1,2.0,6,69091,M,,,69
201200036161,12,11,23,1755,5,2,1,1.0,1,69091,M,,,69
201200036162,12,11,23,1535,1,2,1,8.0,3,69091,M,,,69
201200036163,12,12,12,1500,1,2,2,1.0,3,69096,M,,,69
201200036164,12,12,14,1300,1,2,1,3.0,6,69096,M,,,69
201200036165,12,12,16,1700,2,2,1,1.0,2,69091,M,,,69
201200036166,12,12,18,1320,1,2,1,1.0,1,69091,M,,,69
201200036167,12,12,22,820,1,1,1,1.0,6,69091,M,,,69
201200036168,12,1,5,1115,1,2,1,2.0,6,69149,M,,,69
201200036169,12,1,3,740,2,2,1,8.0,6,69202,M,,,69
201200036170,12,1,10,1820,5,2,1,1.0,7,69149,M,,,69
201200036171,12,1,13,725,5,2,3,8.0,1,69202,M,,,69
201200036172,12,1,3,750,1,2,1,1.0,6,69202,M,,,69
201200036173,12,1,18,1515,1,2,1,8.0,2,69202,M,,,69
201200036174,12,2,9,1400,1,2,3,1.0,4,69142,M,,,69
201200036175,12,2,3,1025,1,2,1,1.0,3,69149,M,,,69
201200036176,12,2,10,755,2,2,1,1.0,6,69152,M,,,69
201200036177,12,3,1,704,1,2,3,1.0,3,69152,M,,,69
201200036178,12,3,2,1316,1,2,1,1.0,6,69149,M,,,69
201200036179,12,3,13,1014,1,2,1,1.0,6,69202,M,,,69
201200036180,12,3,17,1640,1,2,1,1.0,6,69149,M,,,69
201200036181,12,3,18,1410,1,2,1,2.0,3,69142,M,,,69
201200036182,12,3,12,1930,5,2,1,1.0,4,69202,M,,,69
201200036183,12,3,21,1815,1,2,4,1.0,6,69149,M,,,69
201200036184,12,4,13,1030,1,2,1,1.0,6,69149,M,,,69
201200036185,12,3,21,950,1,2,1,1.0,2,69202,M,,,69
201200036186,12,4,2,1942,1,2,1,1.0,4,69149,M,,,69
201200036187,12,3,31,1541,1,2,1,1.0,2,69142,M,,,69
201200036188,12,4,10,950,1,2,1,8.0,5,69202,M,,,69
201200036189,12,5,8,910,1,2,2,1.0,6,69149,M,,,69
201200036190,12,5,15,1615,1,2,9,1.0,4,69149,M,,,69
201200036191,12,5,15,2015,1,2,1,1.0,3,69152,M,,,69
201200036192,12,5,16,1610,1,2,1,1.0,7,69142,M,,,69
201200036193,12,5,21,1950,1,2,1,1.0,6,69142,M,,,69
201200036194,12,5,25,745,1,2,1,1.0,3,69149,M,,,69
201200036195,12,5,26,940,1,2,1,1.0,6,69152,M,,,69
201200036196,12,5,30,750,1,2,2,1.0,3,69152,M,,,69
201200036197,12,5,30,1800,1,2,1,1.0,6,69149,M,,,69
201200036198,12,6,1,145,5,2,1,1.0,7,69142,M,,,69
201200036199,12,6,4,1530,1,2,1,8.0,6,69149,M,,,69
201200036200,12,6,12,445,5,2,1,1.0,6,69149,M,,,69
201200036201,12,6,21,915,1,2,1,1.0,6,69152,M,,,69
201200036202,12,6,25,1145,1,2,3,1.0,1,69202,M,,,69
201200036203,12,7,11,1605,1,2,1,1.0,6,69202,M,,,69
201200036204,12,7,3,1030,1,2,3,1.0,1,69202,M,,,69
201200036205,12,7,6,1205,1,2,2,1.0,3,69149,M,,,69
201200036206,12,7,20,1630,1,2,3,1.0,3,69149,M,,,69
201200036207,12,7,17,1850,1,2,1,1.0,6,69152,M,,,69
201200036208,12,7,22,1930,1,2,1,1.0,6,69149,M,,,69
201200036209,12,8,17,1505,1,2,2,1.0,3,69149,M,,,69
201200036210,12,8,29,1645,1,2,2,1.0,3,69149,M,,,69
201200036211,12,9,4,1040,1,2,3,8.0,6,69149,M,,,69
201200036212,12,9,4,1210,1,2,1,1.0,1,69202,M,,,69
201200036213,12,9,22,100,5,2,1,2.0,6,69149,M,,,69
201200036214,12,9,26,1730,1,2,2,3.0,1,69149,M,,,69
201200036215,12,10,1,720,2,2,1,1.0,6,69202,M,,,69
201200036216,12,10,22,715,2,2,1,1.0,6,69149,M,,,69
201200036217,12,10,28,1130,1,2,1,1.0,3,69149,M,,,69
201200036218,12,11,6,1700,1,2,1,1.0,6,69202,M,,,69
201200036219,12,11,14,1910,5,2,1,1.0,6,69142,M,,,69
201200036220,12,11,19,1725,1,2,1,1.0,2,69152,M,,,69
201200036221,12,11,23,1010,1,2,1,1.0,7,69142,M,,,69
201200036222,12,11,23,1730,5,2,1,1.0,3,69152,M,,,69
201200036223,12,11,22,740,2,2,1,1.0,6,69142,M,,,69
201200036224,12,11,26,1750,5,2,3,2.0,6,69149,M,,,69
201200036225,12,12,3,1615,2,2,1,2.0,6,69202,M,,,69
201200036226,12,12,28,1210,1,2,1,8.0,1,69202,M,,,69
201200036227,12,12,6,1800,5,2,1,1.0,3,69149,M,,,69
201200036228,12,12,13,1725,5,2,1,3.0,5,69142,M,,,69
201200036229,12,12,13,1830,5,2,3,2.0,6,69149,M,,,69
201200036230,12,12,14,1110,1,2,1,3.0,6,69152,M,,,69
201200036231,12,12,17,830,2,2,1,8.0,7,69202,M,,,69
201200036232,12,12,18,1210,1,2,1,2.0,6,69149,M,,,69
201200036233,12,12,21,1415,1,2,1,8.0,3,69142,M,,,69
201200036234,12,1,20,2150,3,2,3,2.0,3,69256,M,,,69
201200036235,12,1,23,1255,1,2,7,1.0,6,69256,M,,,69
201200036236,12,1,23,1755,5,2,1,1.0,6,69256,M,,,69
201200036237,12,2,14,850,1,2,1,1.0,3,69256,M,,,69
201200036238,12,3,4,359,5,2,1,1.0,6,69256,M,,,69
201200036239,12,3,4,1815,5,2,2,8.0,3,69256,M,,,69
201200036240,12,3,8,2350,5,2,4,1.0,6,69029,M,,,69
201200036241,12,3,12,1745,1,2,1,1.0,3,69256,M,,,69
201200036242,12,3,17,1550,1,2,1,1.0,2,69256,M,,,69
201200036243,12,3,21,1153,1,2,3,1.0,6,69256,M,,,69
201200036244,12,3,22,1300,1,2,3,1.0,6,69256,M,,,69
201200036245,12,3,29,1315,1,2,2,1.0,6,69256,M,,,69
201200036246,12,3,29,1900,1,2,6,1.0,3,69256,M,,,69
201200036247,12,4,23,1630,1,2,2,1.0,3,69256,M,,,69
201200036248,12,5,9,1710,1,2,2,1.0,3,69256,M,,,69
201200036249,12,5,11,1535,1,2,3,1.0,3,69256,M,,,69
201200036250,12,5,13,40,5,2,2,1.0,3,69256,M,,,69
201200036251,12,5,16,1845,1,2,2,1.0,3,69256,M,,,69
201200036252,12,5,18,1500,1,2,2,1.0,2,69256,M,,,69
201200036253,12,6,10,1815,1,2,1,3.0,4,69256,M,,,69
201200036254,12,6,27,1500,1,2,2,1.0,3,69256,M,,,69
201200036255,12,7,14,1230,1,2,2,1.0,3,69256,M,,,69
201200036256,12,7,17,705,1,2,3,1.0,3,69256,M,,,69
201200036257,12,7,24,2045,1,2,3,1.0,6,69256,M,,,69
201200036258,12,7,24,1120,1,2,6,1.0,6,69256,M,,,69
201200036259,12,7,25,2250,5,2,2,1.0,3,69256,M,,,69
201200036260,12,7,10,1700,1,2,3,1.0,6,69256,M,,,69
201200036261,12,7,30,2010,1,2,1,1.0,6,69256,M,,,69
201200036262,12,7,31,2210,5,2,1,1.0,6,69256,M,,,69
201200036263,12,8,3,1840,1,2,2,1.0,6,69256,M,,,69
201200036264,12,8,31,1100,1,2,3,1.0,6,69256,M,,,69
201200036265,12,9,3,1415,1,2,1,1.0,4,69256,M,,,69
201200036266,12,9,13,645,4,2,1,1.0,6,69256,M,,,69
201200036267,12,9,16,1015,1,2,3,1.0,3,69256,M,,,69
201200036268,12,9,17,740,1,2,3,1.0,3,69256,M,,,69
201200036269,12,9,24,1745,1,2,3,1.0,6,69256,M,,,69
201200036270,12,9,28,750,1,2,1,1.0,3,69256,M,,,69
201200036271,12,9,30,1435,1,2,1,2.0,1,69256,M,,,69
201200036272,12,10,1,2015,5,2,3,1.0,6,69256,M,,,69
201200036273,12,10,5,1750,1,2,1,1.0,6,69256,M,,,69
201200036274,12,10,5,1800,1,2,3,1.0,6,69256,M,,,69
201200036275,12,10,9,735,1,2,1,2.0,7,69256,M,,,69
201200036276,12,10,12,1330,1,2,2,1.0,6,69256,M,,,69
201200036277,12,11,1,2008,5,2,6,1.0,6,69256,M,,,69
201200036278,12,11,2,30,5,2,2,1.0,3,69256,M,,,69
201200036279,12,11,28,345,5,2,3,8.0,6,69256,M,,,69
201200036280,12,11,5,1340,1,2,1,1.0,3,69256,M,,,69
201200036281,12,11,20,910,1,2,3,1.0,6,69256,M,,,69
201200036282,12,12,13,1650,4,2,3,2.0,6,69256,M,,,69
201200036283,12,12,18,1750,5,2,1,2.0,6,69256,M,,,69
201200036284,12,12,18,540,5,2,1,2.0,2,69256,M,,,69
201200036285,12,12,20,2310,5,2,2,2.0,6,69256,M,,,69
201200036286,12,12,18,1640,2,2,2,2.0,3,69256,M,,,69
201200036287,12,12,3,650,5,2,2,8.0,6,69256,M,,,69
201200036288,12,1,9,2040,5,2,1,1.0,6,69259,M,,,69
201200036289,12,1,12,900,1,2,1,1.0,6,69259,M,,,69
201200036290,12,1,16,1340,1,1,1,1.0,6,69276,M,,,69
201200036291,12,1,17,1215,1,2,3,1.0,6,69199,M,,,69
201200036292,12,1,17,845,1,2,1,8.0,2,69259,M,,,69
201200036293,12,1,20,2015,5,2,2,2.0,6,69259,M,,,69
201200036294,12,1,20,730,5,2,1,2.0,6,69259,M,,,69
201200036295,12,1,21,1950,5,2,1,8.0,6,69259,M,,,69
201200036296,12,1,23,2130,4,2,3,1.0,2,69199,M,,,69
201200036297,12,1,23,105,5,2,1,2.0,6,69259,M,,,69
201200036298,12,1,25,755,1,2,1,1.0,6,69259,M,,,69
201200036299,12,1,23,755,1,2,2,1.0,3,69259,M,,,69
201200036300,12,1,28,2100,5,2,3,1.0,1,69199,M,,,69
201200036301,12,1,28,2300,5,2,3,1.0,6,69259,M,,,69
201200036302,12,1,25,1430,1,2,3,1.0,6,69259,M,,,69
201200036303,12,1,31,730,1,2,1,1.0,4,69259,M,,,69
201200036304,12,2,7,830,1,2,1,1.0,3,69259,M,,,69
201200036305,12,2,8,1220,1,2,1,1.0,3,69199,M,,,69
201200036306,12,2,11,1350,1,2,1,1.0,6,69199,M,,,69
201200036307,12,2,13,1640,1,2,1,1.0,6,69259,M,,,69