Num_Acc,an,mois,jour,hrmn,lum,agg,int,atm,col,com,gps,lat,long,dep
201200036308,12,2,18,1540,1,2,1,7.0,3,69259,M,,,69
201200036309,12,2,27,1715,1,2,1,1.0,1,69259,M,,,69
201200036310,12,2,27,1630,1,2,3,1.0,3,69259,M,,,69
201200036311,12,3,1,1650,1,2,1,1.0,6,69199,M,,,69
201200036312,12,3,6,2015,5,2,1,1.0,6,69259,M,,,69
201200036313,12,3,11,1245,1,2,3,1.0,3,69199,M,,,69
201200036314,12,2,28,2050,5,2,1,1.0,6,69199,M,,,69
201200036315,12,3,10,1940,5,2,4,1.0,2,69259,M,,,69
201200036316,12,3,17,2355,5,2,3,1.0,6,69259,M,,,69
201200036317,12,3,19,2040,5,2,3,3.0,3,69259,M,,,69
201200036318,12,3,14,1240,1,2,6,1.0,2,69259,M,,,69
201200036319,12,3,25,1830,1,2,1,1.0,6,69259,M,,,69
201200036320,12,3,22,1415,1,2,1,1.0,6,69199,M,,,69
201200036321,12,3,22,945,1,2,1,1.0,6,69199,M,,,69
201200036322,12,3,25,2100,4,2,1,1.0,3,69259,M,,,69
201200036323,12,3,27,1430,1,2,1,1.0,2,69259,M,,,69
201200036324,12,3,31,150,5,2,1,1.0,7,69259,M,,,69
201200036325,12,4,2,1940,1,2,1,1.0,6,69259,M,,,69
201200036326,12,4,12,1800,1,2,1,8.0,6,69259,M,,,69
201200036327,12,4,2,820,1,2,3,1.0,3,69259,M,,,69
201200036328,12,4,14,1640,1,2,2,1.0,7,69259,M,,,69
201200036329,12,4,24,1535,1,2,1,3.0,6,69259,M,,,69
201200036330,12,4,10,2050,1,2,2,3.0,6,69276,M,,,69
201200036331,12,4,26,1110,1,2,2,6.0,3,69259,M,,,69
201200036332,12,4,9,1510,1,2,1,1.0,6,69259,M,,,69
201200036333,12,4,19,2100,5,2,1,2.0,6,69259,M,,,69
201200036334,12,4,7,1540,1,2,3,1.0,2,69276,M,,,69
201200036335,12,4,4,2120,5,2,1,8.0,3,69259,M,,,69
201200036336,12,4,5,1550,1,2,2,1.0,3,69259,M,,,69
201200036337,12,4,28,1210,1,2,1,1.0,6,69259,M,,,69
201200036338,12,5,3,925,1,2,1,1.0,6,69199,M,,,69
201200036339,12,5,7,1026,1,2,1,1.0,6,69259,M,,,69
201200036340,12,5,8,1630,1,2,3,2.0,3,69199,M,,,69
201200036341,12,5,8,2030,4,2,3,2.0,6,69259,M,,,69
201200036342,12,5,11,1820,1,2,1,1.0,1,69199,M,,,69
201200036343,12,5,12,1430,1,2,1,1.0,6,69199,M,,,69
201200036344,12,5,14,1345,1,2,2,1.0,3,69259,M,,,69
201200036345,12,5,17,950,1,2,2,1.0,3,69259,M,,,69
201200036346,12,5,20,20,5,2,1,1.0,1,69276,M,,,69
201200036347,12,5,24,1250,1,2,1,1.0,3,69259,M,,,69
201200036348,12,5,22,1130,1,2,1,1.0,3,69199,M,,,69
201200036349,12,5,31,800,1,2,1,1.0,6,69259,M,,,69
201200036350,12,5,29,1850,1,2,3,1.0,3,69199,M,,,69
201200036351,12,5,31,1145,1,2,1,1.0,6,69259,M,,,69
201200036352,12,5,31,1900,1,2,1,1.0,6,69259,M,,,69
201200036353,12,6,4,1745,1,2,1,1.0,2,69259,M,,,69
201200036354,12,6,6,940,1,2,1,2.0,6,69276,M,,,69
201200036355,12,6,7,1100,1,2,1,1.0,3,69259,M,,,69
201200036356,12,6,14,855,1,2,1,1.0,2,69259,M,,,69
201200036357,12,6,16,2330,4,2,1,1.0,3,69259,M,,,69
201200036358,12,6,19,1745,1,2,1,8.0,6,69259,M,,,69
201200036359,12,6,21,1130,1,2,1,1.0,6,69259,M,,,69
201200036360,12,6,27,1140,1,2,1,1.0,6,69259,M,,,69
201200036361,12,6,26,1030,1,2,1,1.0,3,69259,M,,,69
201200036362,12,7,1,1325,1,2,1,3.0,6,69259,M,,,69
201200036363,12,7,6,1555,1,2,1,1.0,1,69259,M,,,69
201200036364,12,7,7,1035,1,2,2,1.0,6,69199,M,,,69
201200036365,12,7,11,1820,1,2,3,1.0,3,69259,M,,,69
201200036366,12,7,16,2010,1,2,2,1.0,3,69259,M,,,69
201200036367,12,7,18,1335,1,2,3,1.0,3,69259,M,,,69
201200036368,12,7,23,1810,1,2,1,1.0,2,69199,M,,,69
201200036369,12,7,23,1820,1,2,2,1.0,1,69199,M,,,69
201200036370,12,7,21,1725,1,2,3,1.0,3,69259,M,,,69
201200036371,12,8,7,1130,1,2,1,1.0,2,69199,M,,,69
201200036372,12,7,27,1430,1,1,3,1.0,6,69199,M,,,69
201200036373,12,7,26,1800,1,2,1,1.0,6,69199,M,,,69
201200036374,12,7,28,2340,3,2,1,1.0,7,69199,M,,,69
201200036375,12,7,28,1830,1,2,1,1.0,6,69259,M,,,69
201200036376,12,9,24,1615,1,2,9,1.0,6,69259,M,,,69
201200036377,12,8,1,1530,1,2,1,1.0,2,69259,M,,,69
201200036378,12,8,4,315,5,1,1,1.0,1,69276,M,,,69
201200036379,12,8,5,2340,4,2,3,3.0,3,69259,M,,,69
201200036380,12,8,10,1905,1,2,1,1.0,2,69199,M,,,69
201200036381,12,8,10,1940,1,2,1,1.0,6,69259,M,,,69
201200036382,12,8,12,10,5,2,9,1.0,3,69259,M,,,69
201200036383,12,8,13,1805,1,2,6,1.0,6,69276,M,,,69
201200036384,12,8,15,2030,5,2,1,1.0,6,69259,M,,,69
201200036385,12,8,17,950,1,2,1,1.0,6,69259,M,,,69
201200036386,12,8,19,1000,1,2,1,1.0,6,69259,M,,,69
201200036387,12,8,29,2200,5,2,2,3.0,3,69276,M,,,69
201200036388,12,9,3,1754,1,2,9,1.0,3,69259,M,,,69
201200036389,12,9,7,1235,1,2,1,1.0,6,69199,M,,,69
201200036390,12,9,10,1125,1,2,1,1.0,6,69259,M,,,69
201200036391,12,9,13,945,1,2,1,1.0,6,69199,M,,,69
201200036392,12,9,17,1145,1,2,3,1.0,3,69259,M,,,69
201200036393,12,9,21,1640,1,2,2,1.0,3,69259,M,,,69
201200036394,12,9,22,220,5,2,2,1.0,3,69259,M,,,69
201200036395,12,9,27,2250,5,2,1,1.0,6,69276,M,,,69
201200036396,12,9,27,1235,1,2,3,1.0,1,69199,M,,,69
201200036397,12,9,4,1640,1,2,1,1.0,3,69259,M,,,69
201200036398,12,10,1,615,4,2,1,1.0,3,69259,M,,,69
201200036399,12,10,4,1055,1,2,1,1.0,6,69259,M,,,69
201200036400,12,10,5,1910,1,2,2,1.0,3,69259,M,,,69
201200036401,12,10,6,1217,1,2,2,1.0,3,69259,M,,,69
201200036402,12,10,8,1815,2,2,1,2.0,5,69199,M,,,69
201200036403,12,10,11,1815,2,2,3,1.0,6,69259,M,,,69
201200036404,12,10,12,720,5,2,1,2.0,6,69259,M,,,69
201200036405,12,10,12,1130,1,2,1,1.0,3,69199,M,,,69
201200036406,12,10,13,1005,1,2,2,1.0,6,69259,M,,,69
201200036407,12,10,16,1610,1,2,2,1.0,1,69259,M,,,69
201200036408,12,10,17,2100,4,2,2,6.0,3,69199,M,,,69
201200036409,12,10,18,720,2,2,1,1.0,6,69259,M,,,69
201200036410,12,10,19,2020,5,2,1,1.0,2,69199,M,,,69
201200036411,12,10,18,1830,5,2,8,1.0,6,69259,M,,,69
201200036412,12,10,19,1630,1,2,1,1.0,3,69259,M,,,69
201200036413,12,10,25,745,2,2,2,8.0,3,69259,M,,,69
201200036414,12,10,25,2100,3,2,1,1.0,3,69259,M,,,69
201200036415,12,10,26,1725,1,2,1,2.0,6,69259,M,,,69
201200036416,12,10,30,1830,5,2,1,1.0,6,69276,M,,,69
201200036417,12,11,3,1015,1,2,1,1.0,4,69259,M,,,69
201200036418,12,11,3,1150,1,2,9,1.0,3,69259,M,,,69
201200036419,12,11,7,1700,1,2,1,1.0,6,69259,M,,,69
201200036420,12,11,11,2320,5,2,3,1.0,6,69259,M,,,69
201200036421,12,11,16,10,5,2,1,1.0,6,69259,M,,,69
201200036422,12,11,8,735,1,2,1,1.0,2,69259,M,,,69
201200036423,12,11,17,1500,1,2,1,1.0,6,69259,M,,,69
201200036424,12,11,20,1515,1,2,1,1.0,2,69259,M,,,69
201200036425,12,11,24,1045,1,2,1,1.0,6,69259,M,,,69
201200036426,12,11,25,1330,1,2,1,8.0,3,69259,M,,,69
201200036427,12,11,26,1315,1,2,2,1.0,2,69259,M,,,69
201200036428,12,11,28,1435,1,2,1,3.0,6,69259,M,,,69
201200036429,12,11,30,1740,5,2,1,1.0,6,69259,M,,,69
201200036430,12,11,29,2200,5,2,1,1.0,6,69259,M,,,69
201200036431,12,12,2,1425,1,2,9,8.0,3,69259,M,,,69
201200036432,12,11,30,1830,5,1,1,1.0,5,69259,M,,,69
201200036433,12,12,5,1825,5,2,1,2.0,6,69259,M,,,69
201200036434,12,12,7,1800,5,2,1,2.0,6,69259,M,,,69
201200036435,12,12,9,1100,1,2,2,1.0,6,69259,M,,,69
201200036436,12,12,7,2030,5,2,1,2.0,5,69259,M,,,69
201200036437,12,12,14,1935,5,2,1,3.0,2,69259,M,,,69
201200036438,12,12,14,1815,5,2,1,3.0,7,69259,M,,,69
201200036439,12,12,15,1350,1,2,2,1.0,3,69199,M,,,69
201200036440,12,12,16,455,3,2,1,1.0,6,69276,M,,,69
201200036441,12,12,26,1730,5,2,1,1.0,6,69199,M,,,69
201200036442,12,12,10,1310,1,2,1,1.0,3,69199,M,,,69
201200036443,12,12,21,1255,1,2,1,1.0,6,69259,M,,,69
201200036444,12,12,27,1305,1,2,1,2.0,2,69259,M,,,69
201200036445,12,12,26,1155,1,2,2,1.0,3,69259,M,,,69
201200036446,12,1,17,1555,1,2,1,1.0,6,69264,M,,,69
201200036447,12,2,4,1740,5,2,3,1.0,3,69264,M,,,69
201200036448,12,2,5,400,5,2,1,1.0,6,69092,M,,,69
201200036449,12,4,30,720,1,1,1,1.0,6,69013,M,,,69
201200036450,12,3,25,2140,5,2,3,1.0,3,69092,M,,,69
201200036451,12,4,2,1645,1,2,3,1.0,3,69264,M,,,69
201200036452,12,6,11,1515,1,2,3,1.0,3,69115,M,,,69
201200036453,12,5,12,1720,1,2,1,1.0,6,69264,M,,,69
201200036454,12,5,17,1045,1,2,1,1.0,2,69264,M,,,69
201200036455,12,6,4,1550,1,2,1,1.0,3,69264,M,,,69
201200036456,12,3,6,1205,1,2,3,1.0,6,69264,M,,,69
201200036457,12,6,7,1150,1,2,1,1.0,6,69264,M,,,69
201200036458,12,6,15,1730,1,2,6,1.0,3,69264,M,,,69
201200036459,12,6,7,1635,1,2,1,1.0,6,69013,M,,,69
201200036460,12,6,29,1630,1,2,3,1.0,3,69264,M,,,69
201200036461,12,7,23,1720,1,2,1,1.0,4,69264,M,,,69
201200036462,12,9,5,1510,1,2,4,1.0,3,69264,M,,,69
201200036463,12,9,9,2100,2,1,1,1.0,3,69013,M,,,69
201200036464,12,9,8,2155,5,2,1,1.0,6,69264,M,,,69
201200036465,12,6,29,1130,1,2,6,1.0,6,69264,M,,,69
201200036466,12,10,21,1000,1,2,1,1.0,6,69264,M,,,69
201200036467,12,10,25,2140,5,2,1,1.0,5,69264,M,,,69
201200036468,12,11,2,755,1,1,1,2.0,3,69013,M,,,69
201200036469,12,10,29,910,1,2,1,1.0,6,69264,M,,,69
201200036470,12,12,1,1840,5,2,1,1.0,6,69264,M,,,69
201200036471,12,12,28,1540,1,2,1,1.0,6,69264,M,,,69
201200036472,12,1,14,2115,5,2,1,1.0,2,69266,M,,,69
201200036473,12,1,19,730,2,2,1,8.0,6,69266,M,,,69
201200036474,12,1,15,1130,1,1,1,1.0,6,69266,M,,,69
201200036475,12,1,25,1850,5,2,1,1.0,1,69266,M,,,69
201200036476,12,2,10,1440,1,2,1,1.0,2,69266,M,,,69
201200036477,12,2,12,1940,5,2,1,1.0,6,69266,M,,,69
201200036478,12,1,18,1410,1,2,3,1.0,3,69266,M,,,69
201200036479,12,2,9,1750,4,2,1,1.0,6,69266,M,,,69
201200036480,12,2,6,1520,1,2,2,1.0,6,69266,M,,,69
201200036481,12,2,8,2315,5,2,6,1.0,7,69266,M,,,69
201200036482,12,2,15,1215,1,2,2,2.0,3,69266,M,,,69
201200036483,12,2,17,1630,1,2,1,1.0,6,69266,M,,,69
201200036484,12,2,17,1720,1,2,1,1.0,6,69266,M,,,69
201200036485,12,2,18,1125,1,2,1,8.0,7,69266,M,,,69
201200036486,12,2,21,1355,1,2,1,1.0,1,69266,M,,,69
201200036487,12,2,25,200,5,2,7,1.0,6,69266,M,,,69
201200036488,12,2,28,905,1,2,1,1.0,6,69266,M,,,69
201200036489,12,3,1,2210,5,2,1,1.0,3,69266,M,,,69
201200036490,12,3,12,1805,1,2,1,1.0,6,69266,M,,,69
201200036491,12,3,15,1600,1,2,1,7.0,3,69266,M,,,69
201200036492,12,3,19,1650,1,2,2,1.0,6,69266,M,,,69
201200036493,12,3,24,1530,1,2,1,1.0,6,69266,M,,,69
201200036494,12,3,24,2235,5,2,3,1.0,6,69266,M,,,69
201200036495,12,3,27,1020,1,2,1,1.0,6,69266,M,,,69
201200036496,12,3,29,1955,4,2,7,1.0,3,69266,M,,,69
201200036497,12,4,3,1908,1,2,2,1.0,6,69266,M,,,69
201200036498,12,3,28,1925,1,2,3,1.0,2,69266,M,,,69
201200036499,12,4,4,1400,1,2,1,1.0,6,69266,M,,,69
201200036500,12,4,4,1930,1,2,1,1.0,6,69266,M,,,69
201200036501,12,4,10,820,1,2,3,1.0,4,69266,M,,,69
201200036502,12,4,19,2310,5,2,1,2.0,6,69386,M,,,69
201200036503,12,4,29,455,4,2,3,3.0,6,69266,M,,,69
201200036504,12,4,25,2100,5,2,2,6.0,3,69266,M,,,69
201200036505,12,5,9,1320,1,2,3,1.0,6,69266,M,,,69
201200036506,12,5,12,550,5,2,1,1.0,7,69266,M,,,69
201200036507,12,5,26,1815,1,2,2,1.0,1,69266,M,,,69
201200036508,12,5,28,2125,2,2,1,1.0,3,69266,M,,,69
201200036509,12,5,29,1810,1,2,1,1.0,6,69266,M,,,69
201200036510,12,5,29,1845,1,2,3,1.0,3,69266,M,,,69
201200036511,12,6,1,745,1,2,3,1.0,3,69266,M,,,69
201200036512,12,6,4,1645,1,2,1,1.0,2,69266,M,,,69
201200036513,12,6,10,1500,1,2,2,2.0,6,69266,M,,,69
201200036514,12,6,14,1145,1,2,1,1.0,6,69266,M,,,69
201200036515,12,6,15,1015,1,2,2,1.0,3,69266,M,,,69
201200036516,12,6,17,1730,1,2,1,1.0,1,69266,M,,,69
201200036517,12,6,21,1945,1,2,2,1.0,6,69266,M,,,69
201200036518,12,6,22,800,1,2,1,1.0,5,69266,M,,,69
201200036519,12,6,22,1455,1,2,1,1.0,6,69266,M,,,69
201200036520,12,6,22,1905,1,2,3,1.0,6,69266,M,,,69
201200036521,12,6,25,100,5,2,2,1.0,1,69266,M,,,69
201200036522,12,6,26,700,1,2,3,8.0,3,69266,M,,,69
201200036523,12,7,5,720,1,2,1,1.0,6,69266,M,,,69
201200036524,12,7,3,1535,1,2,1,1.0,3,69266,M,,,69
201200036525,12,7,9,2030,1,2,6,1.0,3,69266,M,,,69
201200036526,12,7,14,1900,1,2,3,1.0,6,69266,M,,,69
201200036527,12,7,20,1500,1,2,1,1.0,6,69266,M,,,69
201200036528,12,7,23,1835,1,2,2,1.0,6,69266,M,,,69
201200036529,12,7,19,1930,1,2,1,1.0,3,69266,M,,,69
201200036530,12,8,5,1820,1,2,1,1.0,6,69266,M,,,69
201200036531,12,8,6,1530,1,2,3,1.0,6,69266,M,,,69
201200036532,12,8,11,2340,5,2,1,1.0,6,69266,M,,,69
201200036533,12,8,20,2310,5,2,1,1.0,6,69266,M,,,69
201200036534,12,8,27,1215,1,2,2,1.0,6,69266,M,,,69
201200036535,12,8,31,2123,5,2,3,3.0,3,69266,M,,,69
201200036536,12,9,7,140,5,2,2,1.0,3,69266,M,,,69
201200036537,12,9,8,100,5,2,2,1.0,3,69266,M,,,69
201200036538,12,9,13,1110,1,2,5,1.0,3,69266,M,,,69
201200036539,12,9,15,1915,1,2,1,1.0,6,69266,M,,,69
201200036540,12,9,22,10,5,2,2,1.0,3,69266,M,,,69
201200036541,12,10,12,2030,5,2,3,1.0,3,69266,M,,,69
201200036542,12,10,2,249,5,2,1,1.0,6,69266,M,,,69
201200036543,12,10,5,745,1,2,1,1.0,6,69266,M,,,69
201200036544,12,10,8,1830,5,2,1,2.0,3,69266,M,,,69
201200036545,12,10,10,1655,1,2,2,1.0,3,69266,M,,,69
201200036546,12,10,10,2130,5,2,3,2.0,3,69266,M,,,69
201200036547,12,10,12,1130,1,2,4,1.0,6,69266,M,,,69
201200036548,12,10,13,1830,1,2,1,1.0,3,69266,M,,,69
201200036549,12,10,19,749,1,2,3,1.0,6,69266,M,,,69
201200036550,12,10,23,510,5,2,6,1.0,1,69266,M,,,69
201200036551,12,10,25,730,5,2,1,1.0,6,69266,M,,,69
201200036552,12,10,27,240,5,2,2,2.0,3,69266,M,,,69
201200036553,12,10,27,2055,5,2,1,1.0,7,69266,M,,,69
201200036554,12,11,4,30,5,2,2,2.0,3,69266,M,,,69
201200036555,12,11,5,1620,1,2,1,2.0,6,69266,M,,,69
201200036556,12,11,8,630,5,2,3,5.0,3,69266,M,,,69
201200036557,12,11,8,1150,1,2,3,1.0,3,69266,M,,,69
201200036558,12,11,12,725,2,2,3,1.0,3,69266,M,,,69
201200036559,12,11,12,1420,1,2,1,1.0,3,69266,M,,,69
201200036560,12,11,16,1900,5,2,1,1.0,1,69266,M,,,69
201200036561,12,11,17,2110,5,2,2,1.0,3,69266,M,,,69
201200036562,12,11,26,1715,4,2,1,3.0,6,69266,M,,,69
201200036563,12,11,29,1815,5,2,8,8.0,6,69266,M,,,69
201200036564,12,12,1,900,1,2,2,1.0,6,69266,M,,,69
201200036565,12,12,1,1700,4,2,6,1.0,3,69266,M,,,69
201200036566,12,12,3,1440,1,2,2,2.0,6,69266,M,,,69
201200036567,12,12,15,1940,3,2,1,8.0,2,69266,M,,,69
201200036568,12,12,11,2030,5,2,1,1.0,6,69266,M,,,69
201200036569,12,12,10,720,2,2,2,2.0,6,69266,M,,,69
201200036570,12,12,20,755,2,2,3,1.0,6,69266,M,,,69
201200036571,12,12,21,900,1,2,2,1.0,3,69266,M,,,69
201200036572,12,12,26,1220,1,2,2,1.0,6,69266,M,,,69
201200036573,12,12,27,1051,1,2,1,1.0,1,69266,M,,,69
201200036574,12,1,14,1500,1,2,1,1.0,3,69275,M,,,69
201200036575,12,5,14,1815,1,2,2,1.0,3,69275,M,,,69
201200036576,12,5,21,1705,1,2,1,1.0,2,69275,M,,,69
201200036577,12,5,27,1735,1,2,1,1.0,2,69275,M,,,69
201200036578,12,5,31,800,1,2,1,1.0,6,69275,M,,,69
201200036579,12,5,31,2040,1,2,1,1.0,3,69275,M,,,69
201200036580,12,5,28,1950,1,2,2,1.0,3,69275,M,,,69
201200036581,12,8,31,825,1,2,3,2.0,6,69275,M,,,69
201200036582,12,9,26,1410,1,2,2,2.0,3,69275,M,,,69
201200036583,12,9,29,2020,5,2,6,1.0,2,69275,M,,,69
201200036584,12,10,29,1000,1,2,1,1.0,6,69275,M,,,69
201200036585,12,10,23,1625,1,1,1,1.0,7,69275,M,,,69
201200036586,12,10,30,1100,1,2,2,1.0,3,69275,M,,,69
201200036587,12,11,7,755,1,2,3,1.0,6,69275,M,,,69
201200036588,12,11,14,1200,1,2,1,1.0,6,69275,M,,,69
201200036589,12,11,21,620,5,2,2,5.0,3,69275,M,,,69
201200036590,12,11,20,2325,4,2,4,1.0,1,69275,M,,,69
201200036591,12,11,23,2155,5,2,1,1.0,6,69275,M,,,69
201200036592,12,1,17,1420,1,2,1,1.0,6,69282,M,,,69
201200036593,12,3,15,1710,1,2,2,1.0,6,69282,M,,,69
201200036594,12,5,6,1100,1,2,3,1.0,6,69282,M,,,69
201200036595,12,5,17,1830,1,2,1,1.0,4,69282,M,,,69
201200036596,12,6,22,1302,1,2,1,1.0,3,69282,M,,,69
201200036597,12,7,10,2050,1,2,1,1.0,3,69282,M,,,69
201200036598,12,7,16,920,1,2,3,1.0,3,69282,M,,,69
201200036599,12,6,20,1325,1,2,2,1.0,6,69282,M,,,69
201200036600,12,9,10,1810,1,2,3,1.0,7,69282,M,,,69
201200036601,12,10,26,2130,5,2,2,2.0,2,69282,M,,,69
201200036602,12,1,19,835,1,2,1,8.0,3,69286,M,,,69
201200036603,12,2,4,1230,1,2,1,9.0,6,69286,M,,,69
201200036604,12,2,3,1315,1,2,6,1.0,3,69286,M,,,69
201200036605,12,2,10,820,1,2,3,9.0,3,69286,M,,,69
201200036606,12,3,6,1550,1,2,1,1.0,6,69286,M,,,69
201200036607,12,3,15,1410,1,2,3,1.0,1,69286,M,,,69
201200036608,12,4,24,1400,1,2,1,1.0,1,69286,M,,,69
201200036609,12,5,2,1315,1,2,3,1.0,3,69286,M,,,69
201200036610,12,5,15,825,1,2,2,1.0,3,69286,M,,,69
201200036611,12,5,21,950,1,2,3,3.0,6,69286,M,,,69
201200036612,12,5,29,1840,1,2,1,1.0,6,69286,M,,,69
201200036613,12,6,8,800,1,2,1,3.0,3,69286,M,,,69
201200036614,12,7,24,1350,1,2,1,1.0,3,69286,M,,,69
201200036615,12,7,22,15,5,2,1,1.0,3,69286,M,,,69
201200036616,12,8,7,1732,1,2,1,1.0,1,69286,M,,,69
201200036617,12,8,14,1705,1,2,1,1.0,6,69286,M,,,69
201200036618,12,9,24,840,1,2,3,8.0,3,69286,M,,,69
201200036619,12,10,11,830,1,2,1,5.0,3,69286,M,,,69
201200036620,12,10,29,1050,1,2,2,1.0,6,69286,M,,,69
201200036621,12,10,30,1820,2,2,1,1.0,6,69286,M,,,69
201200036622,12,11,2,1143,1,2,1,1.0,2,69286,M,,,69
201200036623,12,11,17,1200,1,2,2,1.0,1,69286,M,,,69
201200036624,12,12,18,1700,1,2,1,8.0,2,69286,M,,,69
201200036625,12,12,26,1000,1,2,1,1.0,5,69286,M,,,69
201200036626,12,12,23,1645,2,2,1,1.0,6,69286,M,,,69
201200036627,12,1,10,1729,1,2,1,1.0,6,69290,M,,,69
201200036628,12,1,20,1635,1,2,1,3.0,6,69290,M,,,69
201200036629,12,1,21,1240,1,2,2,2.0,3,69290,M,,,69
201200036630,12,1,21,1500,1,2,1,2.0,3,69290,M,,,69
201200036631,12,1,25,1305,1,2,1,1.0,6,69290,M,,,69
201200036632,12,1,16,1840,5,2,1,1.0,2,69290,M,,,69
201200036633,12,2,8,1325,1,2,2,1.0,3,69290,M,,,69
201200036634,12,2,11,1215,1,2,1,1.0,3,69290,M,,,69
201200036635,12,2,24,1045,1,2,2,1.0,6,69290,M,,,69
201200036636,12,3,4,2040,5,2,6,2.0,6,69290,M,,,69
201200036637,12,3,5,1530,1,2,3,1.0,6,69290,M,,,69
201200036638,12,3,12,828,1,2,3,1.0,3,69290,M,,,69
201200036639,12,4,6,1625,1,2,1,1.0,6,69290,M,,,69
201200036640,12,4,9,805,1,2,1,1.0,7,69290,M,,,69
201200036641,12,4,2,1630,1,2,1,1.0,6,69290,M,,,69
201200036642,12,4,5,1010,1,2,2,1.0,2,69290,M,,,69
201200036643,12,4,25,1420,1,2,3,6.0,6,69290,M,,,69
201200036644,12,4,26,1350,1,2,2,1.0,1,69290,M,,,69
201200036645,12,4,30,405,5,2,1,1.0,6,69290,M,,,69
201200036646,12,5,2,805,1,2,2,2.0,3,69290,M,,,69
201200036647,12,5,2,1500,1,2,1,1.0,3,69290,M,,,69
201200036648,12,5,7,145,5,2,1,1.0,6,69290,M,,,69
201200036649,12,5,21,615,1,2,1,3.0,6,69290,M,,,69
201200036650,12,5,21,1250,1,2,1,2.0,7,69290,M,,,69
201200036651,12,5,24,2130,5,2,1,1.0,4,69290,M,,,69
201200036652,12,5,27,1715,1,2,1,2.0,7,69290,M,,,69
201200036653,12,5,31,835,1,2,3,1.0,3,69290,M,,,69
201200036654,12,6,1,1555,1,2,1,1.0,4,69290,M,,,69
201200036655,12,6,4,1700,1,2,1,1.0,3,69290,M,,,69
201200036656,12,6,7,810,1,2,2,1.0,1,69290,M,,,69
201200036657,12,6,9,1715,1,2,1,1.0,1,69290,M,,,69
201200036658,12,6,15,1220,1,2,1,1.0,6,69290,M,,,69
201200036659,12,6,18,1420,1,2,3,1.0,3,69290,M,,,69
201200036660,12,6,21,1850,1,2,1,1.0,2,69290,M,,,69
201200036661,12,6,24,935,1,2,3,1.0,2,69290,M,,,69
201200036662,12,7,3,1405,1,2,1,1.0,6,69290,M,,,69
201200036663,12,7,1,1300,1,2,2,3.0,3,69290,M,,,69
201200036664,12,7,6,2204,5,1,1,1.0,6,69290,M,,,69
201200036665,12,7,23,1640,1,2,1,1.0,6,69290,M,,,69
201200036666,12,7,20,1400,1,2,1,1.0,4,69290,M,,,69
201200036667,12,7,20,1800,1,2,3,1.0,3,69290,M,,,69
201200036668,12,7,17,2020,1,2,1,1.0,6,69290,M,,,69
201200036669,12,7,29,855,1,2,1,1.0,7,69290,M,,,69
201200036670,12,7,30,1210,1,2,1,1.0,6,69290,M,,,69
201200036671,12,7,31,1220,1,2,2,1.0,3,69290,M,,,69
201200036672,12,7,31,1400,1,2,2,1.0,6,69290,M,,,69
201200036673,12,8,7,1900,1,2,1,1.0,2,69290,M,,,69
201200036674,12,8,9,1655,1,2,2,1.0,3,69290,M,,,69
201200036675,12,8,29,850,1,2,2,1.0,3,69290,M,,,69
201200036676,12,9,6,1220,1,2,1,1.0,2,69290,M,,,69
201200036677,12,9,15,1040,1,2,3,1.0,6,69290,M,,,69
201200036678,12,9,18,1800,1,2,1,8.0,2,69290,M,,,69
201200036679,12,9,20,1200,1,2,1,1.0,3,69290,M,,,69
201200036680,12,9,27,1440,1,2,6,1.0,6,69290,M,,,69
201200036681,12,10,3,635,3,2,1,1.0,1,69290,M,,,69
201200036682,12,10,8,845,1,2,3,1.0,6,69290,M,,,69
201200036683,12,10,8,1740,1,2,1,2.0,3,69290,M,,,69
201200036684,12,10,16,1030,1,2,1,1.0,6,69290,M,,,69
201200036685,12,10,22,750,2,2,2,1.0,6,69290,M,,,69
201200036686,12,10,29,1800,5,2,2,1.0,3,69290,M,,,69
201200036687,12,10,30,1945,3,2,1,1.0,1,69290,M,,,69
201200036688,12,11,2,1400,1,2,3,1.0,3,69290,M,,,69
201200036689,12,11,6,930,1,2,2,8.0,6,69290,M,,,69
201200036690,12,11,13,1750,3,2,1,1.0,1,69290,M,,,69
201200036691,12,11,12,1150,1,2,1,1.0,6,69290,M,,,69
201200036692,12,11,17,1640,1,2,2,1.0,3,69290,M,,,69
201200036693,12,11,19,1520,1,2,1,1.0,6,69290,M,,,69
201200036694,12,12,3,1340,1,2,2,2.0,6,69290,M,,,69
201200036695,12,12,12,915,1,2,1,1.0,3,69290,M,,,69
201200036696,12,12,12,1150,1,2,1,1.0,6,69290,M,,,69
201200036697,12,12,17,830,1,2,2,1.0,1,69290,M,,,69
201200036698,12,12,18,1830,5,2,6,2.0,3,69290,M,,,69
201200036699,12,12,19,640,5,2,1,2.0,6,69290,M,,,69
201200036700,12,12,29,1000,1,2,3,1.0,3,69290,M,,,69
201200036701,12,1,30,1815,5,2,1,1.0,6,70285,M,0.0,0.0,70
201200036702,12,3,14,650,2,2,3,1.0,3,70285,M,,,70
201200036703,12,5,11,1345,1,2,1,1.0,6,70285,M,,,70
201200036704,12,8,21,1825,1,1,1,1.0,2,70285,M,,,70
201200036705,12,8,29,2030,5,2,4,1.0,3,70285,M,0.0,0.0,70
201200036706,12,9,4,1800,1,2,1,1.0,7,70285,M,,,70
201200036707,12,2,6,800,1,2,1,1.0,6,70550,M,,,70
201200036708,12,2,16,1620,1,2,1,1.0,6,70550,M,0.0,0.0,70
201200036709,12,4,13,1415,1,2,3,1.0,3,70550,M,,,70
201200036710,12,4,20,1120,1,2,1,1.0,7,70550,M,,,70
201200036711,12,4,20,1355,1,2,1,1.0,3,70550,M,,,70
201200036712,12,5,10,1255,1,2,3,1.0,3,70550,M,,,70
201200036713,12,5,22,1325,1,2,1,1.0,5,70550,M,,,70