Num_Acc,an,mois,jour,hrmn,lum,agg,int,atm,col,com,gps,lat,long,dep
201200036714,12,6,1,1825,1,2,1,1.0,6,70550,M,,,70
201200036715,12,6,14,445,2,1,1,5.0,7,70261,M,0.0,0.0,70
201200036716,12,6,27,1925,1,1,1,1.0,3,70261,M,,,70
201200036717,12,7,6,1020,1,2,1,1.0,6,70550,M,,,70
201200036718,12,7,17,1130,1,2,1,1.0,6,70550,M,,,70
201200036719,12,7,21,50,5,2,6,2.0,3,70550,M,,,70
201200036720,12,8,4,2240,5,2,3,1.0,3,70550,M,,,70
201200036721,12,8,8,1750,1,2,2,1.0,3,70550,M,0.0,0.0,70
201200036722,12,8,18,1930,1,2,3,1.0,1,70550,M,,,70
201200036723,12,8,18,2100,2,2,9,1.0,3,70550,M,,,70
201200036724,12,9,18,1455,1,2,6,1.0,3,70550,M,,,70
201200036725,12,9,20,1200,1,2,3,1.0,3,70513,M,,,70
201200036726,12,10,2,1000,1,2,3,1.0,3,70550,M,0.0,0.0,70
201200036727,12,10,4,1645,1,2,1,1.0,7,70550,M,0.0,0.0,70
201200036728,12,5,10,2045,5,2,1,1.0,3,70550,M,,,70
201200036729,12,11,5,2120,5,2,3,1.0,3,70550,M,,,70
201200036730,12,11,14,740,1,2,1,5.0,7,70550,M,,,70
201200036731,12,11,17,845,1,2,6,1.0,3,70550,M,,,70
201200036732,12,1,3,800,2,2,9,1.0,3,71076,M,,,71
201200036733,12,1,12,1530,1,2,1,1.0,6,71076,M,,,71
201200036734,12,1,16,1805,5,2,2,1.0,1,71076,M,,,71
201200036735,12,1,19,1150,1,2,1,1.0,6,71076,M,,,71
201200036736,12,1,28,1605,1,2,3,1.0,6,71076,M,,,71
201200036737,12,1,29,1430,1,2,1,1.0,2,71076,M,,,71
201200036738,12,9,9,1855,1,2,1,1.0,6,71076,M,,,71
201200036739,12,2,20,820,1,2,9,1.0,6,71076,M,,,71
201200036740,12,3,1,1735,1,1,2,1.0,3,71475,M,,,71
201200036741,12,3,27,1530,1,2,1,1.0,6,71076,M,,,71
201200036742,12,3,27,1545,1,2,1,1.0,3,71475,M,,,71
201200036743,12,3,28,1805,1,2,3,1.0,3,71076,M,,,71
201200036744,12,3,31,1140,1,2,1,1.0,6,71076,M,,,71
201200036745,12,4,8,1150,1,1,9,1.0,6,71475,M,,,71
201200036746,12,4,11,1820,1,2,1,1.0,3,71076,M,,,71
201200036747,12,4,15,1910,1,1,1,3.0,1,71475,M,,,71
201200036748,12,5,4,745,1,2,1,1.0,6,71076,M,,,71
201200036749,12,5,7,2055,2,2,9,1.0,6,71445,M,,,71
201200036750,12,6,1,2015,1,2,1,1.0,1,71076,M,,,71
201200036751,12,6,2,1425,1,2,1,1.0,6,71076,M,,,71
201200036752,12,6,6,550,2,2,1,2.0,3,71076,M,,,71
201200036753,12,6,24,240,5,2,1,1.0,5,71076,M,,,71
201200036754,12,6,30,515,4,1,9,1.0,6,71445,M,,,71
201200036755,12,7,6,1430,1,2,1,1.0,6,71076,M,,,71
201200036756,12,7,7,1835,1,2,6,1.0,3,71076,M,,,71
201200036757,12,7,21,1110,1,2,1,1.0,4,71076,M,,,71
201200036758,12,7,28,905,1,2,3,1.0,3,71076,M,4679211.0,486348.0,71
201200036759,12,7,28,1440,1,2,1,1.0,7,71076,M,4681199.0,485497.0,71
201200036760,12,8,23,1725,1,1,1,1.0,4,71475,M,,,71
201200036761,12,9,12,1740,1,2,1,1.0,6,71076,M,,,71
201200036762,12,9,17,2020,5,2,6,1.0,3,71076,M,,,71
201200036763,12,10,5,800,1,2,1,1.0,3,71076,M,,,71
201200036764,12,10,10,755,1,1,1,2.0,3,71445,M,,,71
201200036765,12,10,11,1155,1,2,1,1.0,6,71076,M,,,71
201200036766,12,10,11,1945,5,2,2,1.0,6,71076,M,,,71
201200036767,12,10,20,1420,1,2,6,1.0,3,71475,M,,,71
201200036768,12,10,31,1450,1,1,1,1.0,6,71445,M,,,71
201200036769,12,11,2,1710,2,2,1,2.0,3,71076,M,,,71
201200036770,12,11,6,335,5,1,1,1.0,3,71475,M,,,71
201200036771,12,11,7,1030,1,2,1,1.0,4,71076,M,,,71
201200036772,12,11,14,1615,1,2,1,1.0,7,71076,M,,,71
201200036773,12,11,24,1130,1,2,2,1.0,3,71076,M,,,71
201200036774,12,12,5,1440,1,2,1,2.0,6,71118,M,,,71
201200036775,12,12,11,840,1,2,1,1.0,6,71076,M,,,71
201200036776,12,12,17,1210,1,2,1,1.0,6,71076,M,,,71
201200036777,12,12,20,1725,5,2,9,2.0,2,71118,M,,,71
201200036778,12,12,28,1110,1,1,1,1.0,3,71475,M,,,71
201200036779,12,2,19,1510,1,2,2,1.0,3,71059,M,,,71
201200036780,12,4,13,1320,1,2,2,1.0,3,71153,M,,,71
201200036781,12,5,19,2045,1,2,1,1.0,6,71540,M,,,71
201200036782,12,6,2,1820,1,2,2,1.0,3,71153,M,,,71
201200036783,12,8,2,335,5,2,1,1.0,6,71153,M,,,71
201200036784,12,8,3,855,1,2,1,1.0,3,71153,M,,,71
201200036785,12,9,11,1515,1,2,1,1.0,5,71153,M,,,71
201200036786,12,11,11,2000,5,2,1,1.0,6,71059,M,,,71
201200036787,12,11,27,1020,1,2,1,1.0,6,71153,M,,,71
201200036788,12,12,27,2000,5,2,9,1.0,6,71153,M,,,71
201200036789,12,6,22,1250,1,2,1,1.0,2,71270,M,,,71
201200036790,12,1,6,1930,5,2,1,1.0,6,71270,M,,,71
201200036791,12,1,28,1710,2,1,1,1.0,6,71270,M,,,71
201200036792,12,2,11,1120,1,2,1,1.0,7,71105,M,,,71
201200036793,12,3,30,1115,1,2,1,1.0,6,71270,M,,,71
201200036794,12,7,10,1445,1,2,1,1.0,6,71270,M,4630641.0,482902.0,71
201200036795,12,7,18,2300,5,2,3,1.0,3,71270,M,4631273.0,483242.0,71
201200036796,12,7,26,750,1,2,1,1.0,1,71511,M,,,71
201200036797,12,8,23,45,5,2,1,1.0,6,71270,M,,,71
201200036798,12,8,30,1405,1,1,2,1.0,3,71105,M,,,71
201200036799,12,9,8,1825,1,2,1,1.0,6,71270,M,,,71
201200036800,12,9,14,2000,2,2,1,1.0,1,71105,M,,,71
201200036801,12,9,25,1410,1,2,1,1.0,6,71270,M,,,71
201200036802,12,9,30,2315,5,2,1,1.0,2,71497,M,,,71
201200036803,12,10,4,2210,5,2,9,1.0,6,71270,M,,,71
201200036804,12,10,5,2250,5,2,1,1.0,6,71270,M,,,71
201200036805,12,10,5,830,1,2,1,1.0,6,71270,M,,,71
201200036806,12,10,11,2340,5,2,3,1.0,3,71270,M,,,71
201200036807,12,10,30,1435,1,2,9,1.0,6,71270,M,,,71
201200036808,12,11,12,2025,5,2,6,1.0,3,71270,M,,,71
201200036809,12,12,6,930,1,2,1,1.0,6,71270,M,,,71
201200036810,12,12,8,2215,5,2,1,1.0,6,71270,M,,,71
201200036811,12,12,21,1750,5,2,1,2.0,4,71270,M,,,71
201200036812,12,12,20,1855,5,2,1,1.0,7,71306,M,,,71
201200036813,12,1,15,625,5,2,1,1.0,6,71306,M,,,71
201200036814,12,1,19,1805,5,2,1,2.0,6,71306,M,,,71
201200036815,12,1,29,2045,3,1,1,1.0,6,71306,M,,,71
201200036816,12,1,30,1125,1,2,3,1.0,3,71306,M,,,71
201200036817,12,2,4,1235,1,2,1,1.0,3,71040,M,,,71
201200036818,12,2,18,1625,1,2,2,1.0,3,71306,M,,,71
201200036819,12,3,14,1735,1,2,2,1.0,5,71306,M,,,71
201200036820,12,3,26,2140,5,2,1,1.0,6,71306,M,,,71
201200036821,12,5,8,650,1,2,1,1.0,7,71040,M,,,71
201200036822,12,5,16,1425,1,2,3,1.0,3,71040,M,,,71
201200036823,12,6,15,1125,1,2,2,1.0,3,71306,M,,,71
201200036824,12,8,13,735,1,2,1,1.0,7,71306,M,,,71
201200036825,12,9,5,1625,1,2,1,1.0,3,71306,M,,,71
201200036826,12,9,27,1810,1,2,1,1.0,3,71486,M,,,71
201200036827,12,9,28,1355,1,1,1,1.0,1,71040,M,,,71
201200036828,12,10,24,1725,1,2,1,1.0,7,71306,M,,,71
201200036829,12,10,31,1720,2,2,1,1.0,6,71306,M,,,71
201200036830,12,11,18,535,3,1,1,1.0,4,71040,M,,,71
201200036831,12,12,5,1105,1,2,1,1.0,1,71306,M,,,71
201200036832,12,12,8,1745,5,2,1,1.0,3,71040,M,,,71
201200036833,12,1,3,1320,1,2,1,2.0,4,72181,M,,,72
201200036834,12,1,13,700,5,2,1,2.0,6,72181,M,,,72
201200036835,12,1,18,849,1,2,1,1.0,7,72181,M,,,72
201200036836,12,1,21,1635,1,2,2,2.0,3,72181,M,,,72
201200036837,12,1,22,1804,5,2,1,1.0,3,72181,M,,,72
201200036838,12,1,27,1835,2,2,3,1.0,3,72181,M,,,72
201200036839,12,1,31,1530,1,2,1,4.0,3,72181,M,,,72
201200036840,12,2,11,1620,1,2,1,1.0,6,72181,M,,,72
201200036841,12,2,13,1744,1,2,1,2.0,4,72181,M,,,72
201200036842,12,2,15,2315,5,1,1,1.0,7,72181,M,,,72
201200036843,12,2,22,745,2,2,1,1.0,6,72181,M,,,72
201200036844,12,3,4,305,5,2,1,1.0,6,72181,M,,,72
201200036845,12,3,6,849,1,2,3,1.0,1,72181,M,,,72
201200036846,12,3,8,1053,1,2,6,1.0,2,72181,M,,,72
201200036847,12,3,9,1805,1,2,3,1.0,3,72181,M,,,72
201200036848,12,3,11,1205,1,2,3,1.0,3,72181,M,,,72
201200036849,12,3,11,1600,1,2,1,1.0,6,72181,M,,,72
201200036850,12,3,11,1650,1,2,1,1.0,6,72181,M,,,72
201200036851,12,3,18,1845,2,2,1,2.0,6,72181,M,,,72
201200036852,12,3,24,1515,1,1,1,1.0,5,72181,M,,,72
201200036853,12,3,24,1820,1,2,1,1.0,4,72181,M,,,72
201200036854,12,3,25,615,5,2,1,1.0,6,72181,M,,,72
201200036855,12,3,25,2050,5,2,6,1.0,3,72181,M,,,72
201200036856,12,3,28,920,1,2,3,1.0,3,72181,M,,,72
201200036857,12,3,28,1850,1,2,1,1.0,2,72181,M,,,72
201200036858,12,4,1,5,5,2,1,1.0,7,72181,M,,,72
201200036859,12,4,2,1444,1,2,1,1.0,3,72181,M,,,72
201200036860,12,4,4,530,5,2,3,1.0,3,72181,M,,,72
201200036861,12,4,14,1840,1,2,1,2.0,3,72181,M,,,72
201200036862,12,4,18,1925,1,2,1,2.0,1,72181,M,,,72
201200036863,12,4,15,1740,1,2,1,1.0,2,72181,M,,,72
201200036864,12,4,30,1515,1,2,1,1.0,3,72181,M,,,72
201200036865,12,5,4,1400,1,1,1,2.0,2,72181,M,,,72
201200036866,12,5,16,1505,1,1,1,1.0,6,72181,M,,,72
201200036867,12,5,19,1730,1,2,1,2.0,5,72181,M,,,72
201200036868,12,6,5,2245,5,2,1,1.0,6,72181,M,,,72
201200036869,12,6,8,1710,1,2,1,1.0,3,72181,M,,,72
201200036870,12,6,8,2302,5,2,1,1.0,3,72181,M,,,72
201200036871,12,6,10,50,5,2,1,1.0,7,72181,M,,,72
201200036872,12,5,24,2010,1,2,1,1.0,2,72181,M,,,72
201200036873,12,6,12,2245,5,2,2,2.0,3,72181,M,,,72
201200036874,12,6,11,1350,1,2,1,1.0,6,72181,M,,,72
201200036875,12,6,12,1815,1,1,1,2.0,6,72181,M,,,72
201200036876,12,6,16,2330,5,2,1,1.0,6,72181,M,,,72
201200036877,12,6,20,735,1,1,3,1.0,3,72181,M,,,72
201200036878,12,6,13,1225,1,2,1,1.0,3,72181,M,,,72
201200036879,12,7,8,215,5,1,1,1.0,6,72181,M,,,72
201200036880,12,7,8,2205,5,2,1,2.0,6,72181,M,,,72
201200036881,12,7,6,600,1,2,1,1.0,6,72181,M,,,72
201200036882,12,7,12,2205,5,2,1,2.0,2,72181,M,,,72
201200036883,12,7,21,1715,1,2,1,1.0,7,72181,M,,,72
201200036884,12,7,26,1305,1,2,1,1.0,1,72181,M,,,72
201200036885,12,8,5,2050,1,2,1,1.0,7,72181,M,,,72
201200036886,12,9,6,750,1,2,1,1.0,3,72181,M,,,72
201200036887,12,9,6,1738,1,2,3,1.0,3,72181,M,,,72
201200036888,12,9,7,1950,1,1,1,1.0,6,72181,M,,,72
201200036889,12,9,8,530,5,1,1,1.0,6,72181,M,,,72
201200036890,12,9,4,1755,1,2,6,1.0,3,72181,M,,,72
201200036891,12,9,9,531,5,2,1,1.0,6,72181,M,,,72
201200036892,12,9,18,2030,5,2,1,1.0,3,72181,M,,,72
201200036893,12,9,20,2030,5,2,1,1.0,3,72095,M,,,72
201200036894,12,9,24,1810,1,2,1,2.0,3,72181,M,,,72
201200036895,12,10,1,1300,1,2,1,1.0,3,72181,M,,,72
201200036896,12,10,12,1900,2,2,1,1.0,2,72181,M,,,72
201200036897,12,10,14,125,5,2,1,1.0,6,72181,M,,,72
201200036898,12,10,13,935,1,2,1,2.0,6,72181,M,,,72
201200036899,12,11,4,1722,2,2,1,1.0,1,72181,M,,,72
201200036900,12,11,20,932,1,2,1,1.0,6,72181,M,,,72
201200036901,12,12,8,510,5,2,1,1.0,6,72181,M,,,72
201200036902,12,12,14,1730,5,2,1,2.0,3,72181,M,,,72
201200036903,12,12,16,1835,3,1,1,2.0,7,28004,M,,,28
201200036904,12,12,20,956,1,1,1,2.0,2,72181,M,,,72
201200036905,12,12,22,1045,1,2,3,2.0,6,72181,M,,,72
201200036906,12,12,28,1140,1,2,1,2.0,6,72181,M,,,72
201200036907,12,12,17,1745,5,2,1,2.0,6,73008,M,4568113.0,591310.0,73
201200036908,12,3,30,1850,1,2,3,1.0,3,73008,M,4568282.0,591048.0,73
201200036909,12,4,14,1915,1,2,2,2.0,6,73008,M,4570590.0,591082.0,73
201200036910,12,7,7,2300,5,2,6,1.0,3,73008,M,4568551.0,591000.0,73
201200036911,12,7,5,1810,1,2,1,1.0,2,73008,M,4567747.0,590957.0,73
201200036912,12,7,10,1853,1,2,6,1.0,3,73008,M,4569440.0,589604.0,73
201200036913,12,8,30,1605,1,2,6,1.0,2,73008,M,4569432.0,589992.0,73
201200036914,12,10,1,1330,1,2,3,1.0,1,73008,M,4568681.0,590695.0,73
201200036915,12,11,14,1400,1,2,1,1.0,6,73008,M,4771454.0,589280.0,73
201200036916,12,12,12,1905,5,2,3,1.0,6,73008,M,4567032.0,590848.0,73
201200036917,12,5,8,1045,1,2,9,9.0,6,73011,M,4567404.0,638651.0,73
201200036918,12,6,2,449,3,1,1,1.0,6,73011,M,4567993.0,639728.0,73
201200036919,12,6,15,855,1,2,4,1.0,6,73011,M,4566985.0,639105.0,73
201200036920,12,6,19,840,1,2,1,1.0,3,73011,M,4566800.0,638280.0,73
201200036921,12,7,21,1910,1,2,1,1.0,2,73011,M,4566313.0,640003.0,73
201200036922,12,11,16,1600,1,2,1,1.0,6,73011,M,,,73
201200036923,12,1,26,1540,1,2,1,3.0,2,73065,M,4557212.0,592925.0,73
201200036924,12,1,28,1050,1,2,3,1.0,3,73065,M,,,73
201200036925,12,2,11,2150,5,1,1,1.0,2,73065,M,4557871.0,591699.0,73
201200036926,12,3,16,1955,4,2,1,1.0,2,73065,M,4556760.0,592798.0,73
201200036927,12,3,17,150,3,1,1,1.0,7,73065,M,4560200.0,592764.0,73
201200036928,12,3,20,925,2,2,4,1.0,3,73031,M,4557632.0,594394.0,73
201200036929,12,4,1,2105,1,1,1,1.0,1,73065,M,4557331.0,593722.0,73
201200036930,12,4,13,820,1,1,1,1.0,5,73065,M,4558736.0,590343.0,73
201200036931,12,4,19,1605,1,2,1,1.0,6,73065,M,4556284.0,590895.0,73
201200036932,12,5,1,1530,1,2,1,1.0,6,73065,M,4558650.0,591515.0,73
201200036933,12,5,4,1540,1,2,1,1.0,3,73065,M,4557618.0,589907.0,73
201200036934,12,5,16,1300,1,1,1,1.0,3,73065,M,4559469.0,591298.0,73
201200036935,12,6,11,1745,1,2,4,1.0,6,73065,M,4559180.0,591365.0,73
201200036936,12,6,23,450,2,2,1,1.0,6,73065,M,4561404.0,588655.0,73
201200036937,12,7,3,1330,1,1,1,1.0,6,73065,M,4557654.0,599276.0,73
201200036938,12,7,29,1355,1,2,5,1.0,3,73065,M,4556757.0,592460.0,73
201200036939,12,9,14,735,1,2,4,1.0,3,73065,M,4557419.0,590605.0,73
201200036940,12,9,27,1035,1,2,3,1.0,6,73065,M,4556609.0,592362.0,73
201200036941,12,11,19,1530,1,2,1,1.0,6,73031,M,4557358.0,594515.0,73
201200036942,12,1,2,1730,5,2,1,2.0,6,74010,M,,,74
201200036943,12,2,8,1230,1,2,1,1.0,6,74010,M,,,74
201200036944,12,3,1,2225,5,2,3,1.0,3,74010,M,,,74
201200036945,12,3,7,1550,1,2,3,1.0,6,74010,M,,,74
201200036946,12,3,14,1405,1,2,1,1.0,6,74093,M,,,74
201200036947,12,3,14,1950,1,2,6,1.0,6,74010,M,,,74
201200036948,12,3,24,2338,5,1,3,1.0,6,74010,M,,,74
201200036949,12,3,29,2055,5,2,6,1.0,3,74093,M,,,74
201200036950,12,4,14,1640,1,2,1,3.0,6,74010,M,,,74
201200036951,12,4,15,1650,1,2,1,2.0,6,74010,M,,,74
201200036952,12,4,28,520,5,2,1,1.0,1,74010,M,,,74
201200036953,12,5,14,825,1,2,3,1.0,6,74010,M,,,74
201200036954,12,5,26,700,1,2,3,1.0,6,74010,M,,,74
201200036955,12,5,26,2150,5,2,2,1.0,3,74010,M,,,74
201200036956,12,5,30,2105,2,2,3,1.0,6,74010,M,,,74
201200036957,12,6,9,1015,1,2,1,1.0,6,74010,M,,,74
201200036958,12,6,14,935,1,2,1,1.0,2,74093,M,,,74
201200036959,12,6,16,1000,1,2,1,1.0,6,74010,M,,,74
201200036960,12,6,26,1837,1,2,1,1.0,7,74010,M,,,74
201200036961,12,6,30,1920,1,1,1,1.0,6,74219,M,,,74
201200036962,12,7,20,1300,1,2,3,1.0,3,74010,M,,,74
201200036963,12,9,11,710,1,2,2,1.0,3,74010,M,,,74
201200036964,12,9,3,1200,1,2,1,1.0,6,74010,M,,,74
201200036965,12,9,16,615,2,1,9,1.0,6,74010,M,,,74
201200036966,12,10,2,2105,5,2,6,1.0,7,74010,M,,,74
201200036967,12,10,5,417,5,2,6,1.0,6,74093,M,,,74
201200036968,12,10,13,720,5,2,1,1.0,6,74010,M,,,74
201200036969,12,10,14,750,2,2,3,1.0,6,74010,M,,,74
201200036970,12,11,10,2115,5,2,2,3.0,5,74010,M,,,74
201200036971,12,11,14,1025,1,2,6,1.0,6,74010,M,,,74
201200036972,12,11,17,1900,5,2,1,1.0,6,74010,M,,,74
201200036973,12,11,26,735,1,2,3,1.0,6,74093,M,,,74
201200036974,12,12,13,750,2,2,1,1.0,6,74093,M,,,74
201200036975,12,12,18,1728,5,2,3,3.0,6,74010,M,,,74
201200036976,12,12,19,2020,5,1,1,1.0,1,74093,M,,,74
201200036977,12,12,23,1710,5,2,1,1.0,6,74010,M,,,74
201200036978,12,12,29,2045,5,2,6,1.0,6,74010,M,,,74
201200036979,12,2,12,5,3,2,1,1.0,6,74008,M,,,74
201200036980,12,3,24,1840,1,2,1,1.0,2,74305,M,,,74
201200036981,12,4,27,1440,1,2,6,1.0,3,74012,M,,,74
201200036982,12,6,15,1135,1,2,3,1.0,3,74133,M,,,74
201200036983,12,7,12,1800,1,2,3,1.0,1,74012,M,,,74
201200036984,12,8,16,1400,1,2,1,1.0,6,74012,M,,,74
201200036985,12,10,20,1855,3,2,1,1.0,1,74118,M,,,74
201200036986,12,10,5,2030,5,1,1,1.0,3,74118,M,,,74
201200036987,12,11,1,1930,5,2,1,2.0,3,74298,M,,,74
201200036988,12,11,5,930,1,2,4,7.0,7,74305,M,,,74
201200036989,12,11,29,800,2,2,1,2.0,6,74012,M,,,74
201200036990,12,12,5,1700,2,2,8,1.0,3,74008,M,,,74
201200036991,12,12,8,1745,3,1,1,1.0,2,74012,M,,,74
201200036992,12,12,23,2130,5,2,1,1.0,6,74133,M,,,74
201200036993,12,12,26,235,5,2,2,3.0,3,74012,M,,,74
201200036994,12,1,19,1610,1,2,4,1.0,6,74218,M,,,74
201200036995,12,1,5,1710,1,2,1,1.0,6,74281,M,,,74
201200036996,12,1,9,935,1,2,1,1.0,6,74281,M,,,74
201200036997,12,2,16,625,2,2,1,4.0,3,74281,M,,,74
201200036998,12,2,23,1120,1,2,1,1.0,6,74281,M,,,74
201200036999,12,3,13,940,1,2,1,1.0,6,74218,M,,,74
201200037000,12,3,14,1130,1,2,1,1.0,3,74281,M,,,74
201200037001,12,3,16,1445,1,2,1,1.0,6,74281,M,,,74
201200037002,12,3,22,735,1,2,1,1.0,6,74281,M,,,74
201200037003,12,5,2,1810,1,2,1,1.0,6,74119,M,,,74
201200037004,12,5,3,810,1,2,1,1.0,6,74281,M,,,74
201200037005,12,4,4,1700,1,2,1,1.0,6,74281,M,,,74
201200037006,12,6,6,1920,1,2,2,1.0,3,74281,M,,,74
201200037007,12,6,4,2015,1,1,1,1.0,2,74281,M,,,74
201200037008,12,5,19,1242,1,2,1,1.0,3,74281,M,,,74
201200037009,12,6,9,1625,1,1,1,1.0,1,74200,M,,,74
201200037010,12,7,2,1757,1,1,4,2.0,5,74200,M,,,74
201200037011,12,7,4,1650,1,2,1,1.0,2,74119,M,,,74
201200037012,12,7,17,1110,1,1,3,1.0,3,74281,M,,,74
201200037013,12,7,17,2225,5,2,1,1.0,2,74281,M,,,74
201200037014,12,7,21,1945,1,2,1,1.0,1,74200,M,,,74
201200037015,12,8,11,1805,1,2,1,1.0,6,74281,M,,,74
201200037016,12,8,15,1845,1,2,1,1.0,3,74281,M,,,74
201200037017,12,8,16,1800,1,2,1,1.0,6,74119,M,,,74
201200037018,12,9,24,720,2,2,3,3.0,6,74218,M,,,74
201200037019,12,9,26,1555,1,2,1,3.0,6,74281,M,,,74
201200037020,12,9,26,800,1,2,9,1.0,3,74281,M,,,74
201200037021,12,10,13,855,1,2,1,1.0,6,74281,M,,,74
201200037022,12,10,11,1625,2,2,1,1.0,3,74119,M,,,74
201200037023,12,10,11,17,5,2,3,2.0,3,74281,M,,,74
201200037024,12,10,21,1555,1,2,1,1.0,6,74281,M,,,74
201200037025,12,9,22,1205,1,1,1,2.0,6,74281,M,,,74
201200037026,12,10,22,1205,1,2,1,1.0,3,74218,M,,,74
201200037027,12,10,20,1045,1,2,1,1.0,6,74281,M,,,74
201200037028,12,10,19,915,1,2,1,1.0,3,74281,M,,,74
201200037029,12,10,26,1653,2,2,1,9.0,6,74119,M,,,74
201200037030,12,11,7,2120,3,2,4,1.0,3,74281,M,,,74
201200037031,12,11,12,1500,1,2,1,1.0,6,74218,M,,,74
201200037032,12,11,6,1955,5,2,3,1.0,3,74281,M,,,74
201200037033,12,11,27,1345,1,2,1,2.0,2,74218,M,,,74
201200037034,12,12,6,1715,5,2,3,1.0,5,74281,M,,,74
201200037035,12,2,2,1420,1,1,2,9.0,1,76576,M,4955472.0,43033.0,76
201200037036,12,3,24,1930,2,2,1,1.0,6,76476,M,4949128.0,56837.0,76
201200037037,12,4,1,1940,1,2,1,1.0,1,76114,M,4957056.0,47705.0,76
201200037038,12,4,11,1935,1,1,1,1.0,1,76382,M,4958396.0,52620.0,76
201200037039,12,5,12,1510,1,2,1,1.0,3,76329,M,4954855.0,49335.0,76
201200037040,12,6,17,24,5,2,1,1.0,7,76384,M,4953301.0,54973.0,76
201200037041,12,7,14,1940,1,2,1,1.0,3,76114,M,4958027.0,47417.0,76
201200037042,12,9,8,1100,1,1,1,1.0,5,76576,M,4955837.0,46502.0,76
201200037043,12,10,17,35,5,2,1,2.0,6,76114,M,4957298.0,46941.0,76
201200037044,12,9,20,830,1,2,1,1.0,3,76114,M,4956814.0,46929.0,76
201200037045,12,1,1,600,5,2,6,2.0,7,76217,M,4992275.0,111164.0,76
201200037046,12,1,10,1520,1,1,1,2.0,2,76026,M,4987449.0,111274.0,76
201200037047,12,1,11,1310,1,2,2,1.0,3,76217,M,4992313.0,110077.0,76
201200037048,12,1,13,1825,3,1,3,1.0,3,76565,M,4987081.0,107683.0,76
201200037049,12,1,23,1950,5,2,3,2.0,6,76217,M,4992990.0,109151.0,76
201200037050,12,1,24,1755,2,2,1,2.0,6,76217,M,4991134.0,107621.0,76
201200037051,12,2,6,1745,2,2,1,8.0,6,76217,M,4993080.0,109403.0,76
201200037052,12,2,24,2044,5,2,1,1.0,6,76217,M,4992399.0,111004.0,76
201200037053,12,3,17,2215,5,2,2,2.0,3,76217,M,4991115.0,106867.0,76
201200037054,12,3,18,845,1,1,1,2.0,7,76565,M,4987508.0,106897.0,76
201200037055,12,3,18,1650,1,1,1,1.0,4,76349,M,4989243.0,104021.0,76
201200037056,12,3,27,1511,1,1,2,1.0,3,76217,M,4993150.0,111198.0,76
201200037057,12,4,2,1330,1,1,1,1.0,6,76026,M,4986997.0,112473.0,76
201200037058,12,4,3,2130,5,2,1,1.0,3,76414,M,4990674.0,111316.0,76
201200037059,12,4,12,1815,1,2,1,1.0,7,76217,M,4991656.0,106610.0,76
201200037060,12,4,29,1300,1,1,1,2.0,1,76414,M,4989266.0,113485.0,76
201200037061,12,5,2,1615,1,1,2,2.0,3,76707,M,4986235.0,111087.0,76
201200037062,12,5,13,1755,1,2,2,1.0,3,76565,M,4989286.0,107492.0,76
201200037063,12,5,16,1950,1,2,1,1.0,6,76217,M,4992935.0,110119.0,76
201200037064,12,5,24,920,1,2,1,1.0,6,76217,M,4992522.0,110115.0,76
201200037065,12,5,28,1500,1,2,1,1.0,7,76217,M,4990157.0,107911.0,76
201200037066,12,5,31,1930,1,1,1,1.0,7,76565,M,4987464.0,106901.0,76
201200037067,12,6,13,1930,1,1,1,1.0,1,76565,M,4988779.0,108516.0,76
201200037068,12,6,14,1600,1,1,1,1.0,7,76217,M,4991907.0,110605.0,76
201200037069,12,6,25,1835,1,1,1,1.0,7,76414,M,4991188.0,110661.0,76
201200037070,12,6,29,1745,1,1,2,1.0,5,76217,M,4993146.0,111198.0,76
201200037071,12,7,1,1430,1,1,1,1.0,7,76545,M,4991048.0,109910.0,76
201200037072,12,7,1,1745,1,2,3,1.0,6,76217,M,4992637.0,108545.0,76
201200037073,12,7,5,1210,1,2,1,1.0,3,76217,M,4992631.0,109703.0,76
201200037074,12,7,7,700,1,2,1,8.0,5,76565,M,4987470.0,106893.0,76
201200037075,12,7,14,1830,1,2,1,1.0,3,76217,M,4992997.0,107863.0,76
201200037076,12,7,15,410,3,1,1,2.0,7,76137,M,4993781.0,114030.0,76
201200037077,12,7,20,2050,1,2,1,1.0,3,76217,M,4991135.0,107825.0,76
201200037078,12,8,4,1900,1,1,1,2.0,2,76026,M,4987531.0,111489.0,76
201200037079,12,8,13,810,1,2,1,1.0,6,76217,M,4991587.0,109492.0,76
201200037080,12,8,17,1820,1,2,1,1.0,1,76349,M,4991801.0,104366.0,76
201200037081,12,8,19,1625,1,2,1,1.0,4,76217,M,4991198.0,107545.0,76
201200037082,12,9,2,1645,1,1,1,1.0,2,76565,M,4988072.0,109230.0,76
201200037083,12,9,14,1000,1,2,1,2.0,7,76217,M,4992642.0,108069.0,76
201200037084,12,9,18,1210,1,2,3,1.0,3,76217,M,4991522.0,108572.0,76
201200037085,12,10,3,1835,1,1,3,2.0,2,76545,M,4990110.0,111935.0,76
201200037086,12,10,22,1100,1,2,1,7.0,6,76217,M,4991202.0,107530.0,76
201200037087,12,10,22,1530,1,2,1,1.0,2,76217,M,4990508.0,107678.0,76
201200037088,12,10,27,1145,1,2,1,2.0,6,76217,M,4990663.0,107875.0,76
201200037089,12,11,3,340,5,2,1,2.0,7,76565,M,4989631.0,107740.0,76