Num_Acc,an,mois,jour,hrmn,lum,agg,int,atm,col,com,gps,lat,long,dep
201200037090,12,11,3,625,5,1,1,2.0,6,76565,M,4988669.0,106756.0,76
201200037091,12,11,6,1215,1,1,1,8.0,5,76414,M,4989440.0,113555.0,76
201200037092,12,11,12,1615,1,2,1,2.0,6,76217,M,4991083.0,107494.0,76
201200037093,12,11,17,1000,1,1,2,1.0,2,76565,M,4988271.0,109024.0,76
201200037094,12,11,18,1955,5,2,2,3.0,6,76217,M,4992824.0,107816.0,76
201200037095,12,11,22,1615,1,2,1,1.0,6,76217,M,4992719.0,108342.0,76
201200037096,12,11,22,1735,2,2,2,3.0,1,76217,M,4990862.0,107219.0,76
201200037097,12,11,23,1755,5,2,2,2.0,1,76217,M,4991123.0,106865.0,76
201200037098,12,12,4,945,1,2,1,2.0,6,76217,M,4992710.0,109398.0,76
201200037099,12,12,15,1455,1,1,2,1.0,3,76217,M,4993148.0,111198.0,76
201200037100,12,12,19,1325,1,2,3,1.0,6,76414,M,4990107.0,113979.0,76
201200037101,12,12,25,1955,3,1,2,2.0,3,76026,M,4987404.0,111144.0,76
201200037102,12,12,29,1925,5,2,2,2.0,3,76217,M,4991118.0,106863.0,76
201200037103,12,1,3,2355,5,2,3,6.0,5,76231,M,4928941.0,99814.0,76
201200037104,12,1,13,720,5,2,2,1.0,3,76640,M,4928037.0,105004.0,76
201200037105,12,4,16,545,3,1,1,1.0,1,76231,M,4928638.0,96918.0,76
201200037106,12,4,13,1130,1,2,2,1.0,3,76561,M,4930424.0,102843.0,76
201200037107,12,4,12,1750,1,2,1,1.0,7,76640,M,4928239.0,103853.0,76
201200037108,12,5,11,1640,1,2,7,1.0,3,76640,M,4927655.0,104094.0,76
201200037109,12,6,1,1615,1,2,1,1.0,6,76231,M,4929187.0,100240.0,76
201200037110,12,7,23,1435,1,2,2,1.0,3,76178,M,4930973.0,103673.0,76
201200037111,12,8,14,1750,1,1,1,1.0,7,76486,M,4932253.0,98681.0,76
201200037112,12,8,12,917,1,2,9,7.0,3,76231,M,4928705.0,101402.0,76
201200037113,12,6,20,1240,1,2,3,1.0,3,76561,M,4930305.0,101513.0,76
201200037114,12,6,29,1907,1,2,2,1.0,3,76231,M,4929011.0,100280.0,76
201200037115,12,9,16,350,3,2,6,1.0,7,76705,M,4933371.0,109759.0,76
201200037116,12,8,2,610,1,2,1,1.0,2,76486,M,4931235.0,99621.0,76
201200037117,12,11,9,2340,3,1,1,1.0,1,76705,M,4931727.0,106901.0,76
201200037118,12,10,25,840,1,2,1,1.0,6,76231,M,4928214.0,100795.0,76
201200037119,12,11,22,800,2,2,1,1.0,6,76231,M,4928844.0,99903.0,76
201200037120,12,11,24,545,5,2,6,1.0,6,76705,M,4933528.0,111401.0,76
201200037121,12,1,14,1652,1,2,2,1.0,6,76259,M,4975765.0,37043.0,76
201200037122,12,4,30,2045,5,1,1,2.0,6,76259,M,4972952.0,38189.0,76
201200037123,12,5,25,1905,1,2,3,1.0,7,76259,M,4975015.0,36867.0,76
201200037124,12,7,6,1405,1,2,1,2.0,6,76259,M,4975413.0,37793.0,76
201200037125,12,7,28,2305,5,2,6,1.0,3,76259,M,4975928.0,37289.0,76
201200037126,12,8,26,1646,1,1,1,1.0,6,76259,M,4974891.0,37907.0,76
201200037127,12,9,25,1750,1,2,2,1.0,3,76259,M,4975854.0,36453.0,76
201200037128,12,11,9,2045,5,2,2,1.0,3,76259,M,4974923.0,36989.0,76
201200037129,12,11,21,1710,1,2,2,8.0,6,76259,M,4975686.0,37859.0,76
201200037130,12,1,2,1125,1,2,3,2.0,7,76351,M,4950918.0,14424.0,76
201200037131,12,1,2,1945,5,1,1,1.0,6,76351,M,4949021.0,18218.0,76
201200037132,12,1,3,1720,3,1,4,1.0,2,76447,M,4952662.0,18312.0,76
201200037133,12,1,4,1530,1,1,1,1.0,1,76296,M,4951703.0,24310.0,76
201200037134,12,1,5,800,2,2,2,2.0,3,76351,M,4950405.0,11127.0,76
201200037135,12,1,5,1335,1,2,1,2.0,6,76351,M,4949766.0,11403.0,76
201200037136,12,1,5,1550,1,2,1,1.0,6,76351,M,4951319.0,16576.0,76
201200037137,12,1,6,720,5,2,1,1.0,3,76351,M,4948939.0,15459.0,76
201200037138,12,1,6,1605,1,2,1,1.0,6,76351,M,4952068.0,12112.0,76
201200037139,12,1,13,800,5,2,1,1.0,6,76351,M,4951496.0,12288.0,76
201200037140,12,1,16,1600,1,1,1,1.0,2,76270,M,4955357.0,13744.0,76
201200037141,12,1,17,1945,5,1,1,1.0,7,76351,M,4947254.0,19306.0,76
201200037142,12,1,19,1745,5,2,3,2.0,3,76351,M,4948654.0,11150.0,76
201200037143,12,1,19,1850,5,2,1,8.0,7,76447,M,4954510.0,18857.0,76
201200037144,12,1,21,315,5,2,1,1.0,6,76351,M,4949782.0,12830.0,76
201200037145,12,1,22,210,4,2,1,1.0,5,76351,M,4949313.0,13457.0,76
201200037146,12,1,23,2050,5,2,1,2.0,6,76351,M,4950177.0,15413.0,76
201200037147,12,1,25,755,2,2,1,2.0,3,76351,M,4949735.0,12385.0,76
201200037148,12,1,25,1615,1,1,3,8.0,7,76305,M,4952139.0,21747.0,76
201200037149,12,1,28,1130,1,2,3,1.0,6,76351,M,4949576.0,12772.0,76
201200037150,12,2,3,1120,1,2,1,1.0,6,76351,M,4949985.0,14623.0,76
201200037151,12,2,4,1530,1,1,1,1.0,5,76447,M,4953455.0,19147.0,76
201200037152,12,2,11,1,5,2,6,1.0,6,76351,M,4950324.0,19294.0,76
201200037153,12,2,17,810,1,2,1,8.0,6,76351,M,4949478.0,10632.0,76
201200037154,12,2,17,840,1,2,2,3.0,6,76351,M,4949539.0,9962.0,76
201200037155,12,2,18,810,1,2,2,1.0,7,76351,M,4948916.0,10751.0,76
201200037156,12,2,20,940,1,2,1,1.0,6,76351,M,4950229.0,18070.0,76
201200037157,12,2,21,1510,1,2,2,1.0,3,76351,M,4948987.0,11942.0,76
201200037158,12,2,21,1800,1,2,1,1.0,6,76552,M,4950625.0,8638.0,76
201200037159,12,2,22,1705,1,2,1,1.0,6,76351,M,4952467.0,11137.0,76
201200037160,12,2,22,2310,5,1,1,2.0,1,76341,M,4950799.0,19637.0,76
201200037161,12,2,25,150,5,2,3,5.0,6,76351,M,4949869.0,10684.0,76
201200037162,12,2,26,400,5,2,1,1.0,6,76351,M,4950113.0,15002.0,76
201200037163,12,2,27,700,2,2,9,1.0,6,76351,M,4949730.0,13045.0,76
201200037164,12,2,28,1155,1,2,1,1.0,7,76305,M,4951156.0,21124.0,76
201200037165,12,3,2,1620,1,1,1,1.0,7,76305,M,4948281.0,20868.0,76
201200037166,12,3,3,1620,1,2,1,1.0,6,76305,M,4951203.0,22829.0,76
201200037167,12,3,6,2200,4,2,1,1.0,6,76351,M,4952747.0,10378.0,76
201200037168,12,3,7,1210,1,2,6,1.0,6,76552,M,4950926.0,8492.0,76
201200037169,12,3,11,1610,1,2,2,1.0,2,76351,M,4949236.0,14811.0,76
201200037170,12,3,12,945,1,2,2,1.0,6,76351,M,4950091.0,14547.0,76
201200037171,12,3,12,1300,1,2,1,1.0,6,76351,M,4949836.0,12379.0,76
201200037172,12,3,14,830,1,2,1,1.0,2,76351,M,4948845.0,13899.0,76
201200037173,12,3,16,1545,1,2,1,1.0,6,76351,M,4948996.0,13199.0,76
201200037174,12,3,16,1635,1,2,2,1.0,2,76351,M,4950068.0,14121.0,76
201200037175,12,3,19,1815,1,2,2,1.0,3,76351,M,4949431.0,10374.0,76
201200037176,12,3,20,1730,1,2,1,1.0,3,76305,M,4950335.0,20760.0,76
201200037177,12,3,21,755,1,2,1,1.0,6,76351,M,4950103.0,14606.0,76
201200037178,12,3,23,1600,1,2,3,1.0,6,76351,M,4950184.0,11590.0,76
201200037179,12,3,27,755,1,2,1,1.0,6,76351,M,4949994.0,15943.0,76
201200037180,12,3,28,1630,1,1,3,1.0,6,76351,M,4949074.0,11996.0,76
201200037181,12,4,1,1745,1,2,1,1.0,7,76447,M,4954789.0,20883.0,76
201200037182,12,4,2,1235,1,1,3,1.0,3,76351,M,4949406.0,17981.0,76
201200037183,12,4,3,820,1,2,3,1.0,1,76447,M,4954382.0,19330.0,76
201200037184,12,4,4,645,3,1,1,2.0,6,76481,M,4954085.0,10244.0,76
201200037185,12,4,7,1830,1,2,1,1.0,6,76351,M,4950644.0,18135.0,76
201200037186,12,4,10,905,1,2,2,1.0,3,76351,M,4949820.0,14643.0,76
201200037187,12,4,10,1455,1,2,1,1.0,4,76351,M,4951431.0,15743.0,76
201200037188,12,4,11,1530,1,2,2,1.0,3,76351,M,4950664.0,16329.0,76
201200037189,12,4,12,1210,1,2,3,1.0,3,76351,M,4949163.0,16460.0,76
201200037190,12,4,21,40,3,2,1,2.0,7,76351,M,4950023.0,16333.0,76
201200037191,12,4,22,1730,1,2,1,1.0,6,76351,M,4952163.0,15897.0,76
201200037192,12,4,23,2350,5,2,3,8.0,3,76351,M,4950461.0,14188.0,76
201200037193,12,4,26,1700,1,2,1,1.0,6,76351,M,4951749.0,10613.0,76
201200037194,12,4,27,1840,1,2,1,1.0,3,76351,M,4950675.0,12003.0,76
201200037195,12,4,27,2220,5,2,1,1.0,6,76447,M,4954433.0,18981.0,76
201200037196,12,4,28,125,5,2,1,2.0,6,76351,M,4952265.0,11910.0,76
201200037197,12,4,30,1620,1,2,1,2.0,3,76351,M,4949078.0,12912.0,76
201200037198,12,5,4,1450,1,2,4,2.0,3,76351,M,4950226.0,16120.0,76
201200037199,12,5,5,5,5,2,1,2.0,7,76351,M,4949525.0,10319.0,76
201200037200,12,5,6,2000,1,2,2,1.0,6,76351,M,4949735.0,13132.0,76
201200037201,12,5,9,830,1,2,2,1.0,3,76351,M,4951114.0,15342.0,76
201200037202,12,5,10,1840,1,2,2,1.0,3,76351,M,4949854.0,12293.0,76
201200037203,12,5,12,1850,1,1,1,1.0,2,76481,M,4954259.0,10480.0,76
201200037204,12,5,14,1355,1,2,6,1.0,3,76351,M,4952224.0,10863.0,76
201200037205,12,5,14,1700,1,2,1,1.0,7,76351,M,4949766.0,15958.0,76
201200037206,12,5,16,900,1,2,1,1.0,6,76351,M,4952379.0,16803.0,76
201200037207,12,5,16,2010,1,2,6,1.0,2,76351,M,4949149.0,13308.0,76
201200037208,12,5,16,2135,5,2,2,1.0,3,76351,M,4949384.0,12487.0,76
201200037209,12,5,17,450,3,1,1,1.0,7,76481,M,4953747.0,9916.0,76
201200037210,12,5,18,1910,1,2,2,1.0,6,76351,M,4951673.0,9313.0,76
201200037211,12,5,21,2000,1,2,1,1.0,6,76351,M,4949059.0,12837.0,76
201200037212,12,5,23,1220,1,2,4,1.0,3,76351,M,4950445.0,11679.0,76
201200037213,12,5,23,1530,1,2,3,1.0,6,76481,M,4958256.0,11847.0,76
201200037214,12,5,24,745,1,2,2,1.0,3,76351,M,4951647.0,9738.0,76
201200037215,12,5,24,1145,1,1,1,1.0,6,76351,M,4950268.0,19244.0,76
201200037216,12,5,24,1245,1,1,6,1.0,6,76351,M,4953181.0,9587.0,76
201200037217,12,5,24,1800,1,2,6,1.0,6,76351,M,4951336.0,8948.0,76
201200037218,12,5,26,150,5,2,1,1.0,7,76351,M,4950786.0,13731.0,76
201200037219,12,5,28,1330,1,2,1,1.0,7,76447,M,4954801.0,16757.0,76
201200037220,12,5,28,1410,1,2,3,1.0,3,76351,M,4949238.0,9880.0,76
201200037221,12,5,29,2310,5,2,2,1.0,3,76351,M,4952417.0,12285.0,76
201200037222,12,5,31,1650,1,2,1,1.0,3,76351,M,4951928.0,15834.0,76
201200037223,12,5,31,1840,1,2,9,1.0,6,76351,M,4952310.0,10965.0,76
201200037224,12,6,1,1845,1,2,2,1.0,3,76351,M,4949884.0,13879.0,76
201200037225,12,6,5,320,5,1,1,1.0,6,76351,M,4948182.0,15914.0,76
201200037226,12,6,8,615,2,2,1,1.0,6,76351,M,4949053.0,14929.0,76
201200037227,12,6,8,1620,1,1,1,1.0,3,76351,M,4948094.0,12008.0,76
201200037228,12,6,10,2220,5,2,2,3.0,6,76351,M,4949392.0,11172.0,76
201200037229,12,6,11,1643,1,2,6,1.0,6,76481,M,4954602.0,10891.0,76
201200037230,12,6,12,1845,1,1,1,2.0,6,76351,M,4952407.0,16965.0,76
201200037231,12,6,12,1945,1,1,1,2.0,7,76351,M,4952471.0,18123.0,76
201200037232,12,6,13,1515,1,2,1,1.0,3,76351,M,4950200.0,17251.0,76
201200037233,12,6,14,920,1,1,1,1.0,7,76305,M,4949104.0,21512.0,76
201200037234,12,6,15,850,1,2,5,1.0,6,76351,M,4951726.0,12745.0,76
201200037235,12,6,15,1905,1,2,2,2.0,3,76351,M,4950791.0,15703.0,76
201200037236,12,6,16,1505,1,2,1,1.0,6,76351,M,4948094.0,16082.0,76
201200037237,12,6,18,1320,1,1,9,1.0,6,76305,M,4950804.0,22310.0,76
201200037238,12,6,18,1810,1,1,6,1.0,7,76481,M,4954603.0,10922.0,76
201200037239,12,6,18,1710,1,2,1,1.0,3,76351,M,4951332.0,12697.0,76
201200037240,12,6,21,1430,1,2,2,1.0,3,76351,M,4948968.0,14247.0,76
201200037241,12,6,21,1530,1,1,1,1.0,6,76351,M,4949115.0,14078.0,76
201200037242,12,6,26,1945,1,2,1,1.0,6,76351,M,4949346.0,11717.0,76
201200037243,12,6,29,2000,1,2,1,1.0,6,76351,M,4950987.0,18126.0,76
201200037244,12,6,30,300,5,2,1,1.0,6,76351,M,4950457.0,16844.0,76
201200037245,12,6,30,500,2,2,2,1.0,3,76296,M,4951839.0,26402.0,76
201200037246,12,6,30,2100,2,2,1,1.0,6,76351,M,4949656.0,12722.0,76
201200037247,12,6,30,2205,5,2,2,1.0,2,76351,M,4949764.0,13614.0,76
201200037248,12,7,4,1310,1,2,1,1.0,6,76351,M,4950239.0,16203.0,76
201200037249,12,7,5,650,1,1,1,1.0,6,76351,M,4952395.0,16927.0,76
201200037250,12,7,5,1242,1,2,3,1.0,6,76351,M,4948982.0,10974.0,76
201200037251,12,7,6,1330,1,1,6,1.0,4,76351,M,4948304.0,16564.0,76
201200037252,12,7,9,755,1,1,1,8.0,6,76341,M,4950377.0,19361.0,76
201200037253,12,7,12,2045,1,2,3,3.0,7,76351,M,4950049.0,16709.0,76
201200037254,12,7,13,1050,1,1,1,1.0,2,76341,M,4952208.0,18582.0,76
201200037255,12,7,13,1320,1,2,1,1.0,2,76351,M,4949897.0,16240.0,76
201200037256,12,7,13,2013,1,1,1,1.0,7,76351,M,4948018.0,14829.0,76
201200037257,12,7,19,2100,1,1,3,1.0,3,76447,M,4954901.0,15714.0,76
201200037258,12,7,24,1655,1,2,1,1.0,6,76351,M,4948729.0,11398.0,76
201200037259,12,7,24,1530,1,2,1,1.0,6,76447,M,,,76
201200037260,12,7,25,1630,1,2,3,1.0,3,76351,M,4949405.0,10936.0,76
201200037261,12,7,29,500,3,2,1,1.0,6,76447,M,4954426.0,19494.0,76
201200037262,12,7,29,1600,1,2,1,1.0,7,76351,M,4949828.0,9566.0,76
201200037263,12,8,4,620,2,2,2,1.0,3,76351,M,4952127.0,16027.0,76
201200037264,12,8,1,1540,1,2,1,1.0,5,76351,M,4952586.0,9034.0,76
201200037265,12,8,9,1010,1,1,1,1.0,6,76351,M,4947970.0,14770.0,76
201200037266,12,8,10,1955,1,2,3,1.0,3,76351,M,4952796.0,11785.0,76
201200037267,12,8,10,1900,1,1,1,1.0,6,76305,M,4948776.0,20128.0,76
201200037268,12,8,11,940,1,2,2,1.0,2,76351,M,4949642.0,14737.0,76
201200037269,12,8,13,1355,1,2,3,1.0,6,76447,M,4954421.0,18948.0,76
201200037270,12,8,16,830,1,2,1,1.0,6,76351,M,4949112.0,10574.0,76
201200037271,12,8,16,1720,1,2,1,1.0,3,76351,M,4952450.0,12332.0,76
201200037272,12,8,17,1800,1,2,1,1.0,1,76351,M,4953085.0,7884.0,76
201200037273,12,8,17,1750,1,2,3,1.0,2,76351,M,4951870.0,12975.0,76
201200037274,12,8,17,1840,1,2,1,1.0,7,76351,M,4950297.0,9968.0,76
201200037275,12,8,21,1630,1,1,1,1.0,1,76447,M,4954926.0,21242.0,76
201200037276,12,8,24,1810,1,2,3,1.0,3,76351,M,4948967.0,14250.0,76
201200037277,12,8,30,1535,1,2,1,1.0,3,76351,M,4949380.0,14716.0,76
201200037278,12,8,31,1940,1,2,4,1.0,7,76351,M,4949360.0,9580.0,76
201200037279,12,9,1,1600,1,2,1,1.0,6,76351,M,4951809.0,11734.0,76
201200037280,12,9,1,1520,1,1,1,1.0,7,76305,M,,,76
201200037281,12,9,3,815,1,2,1,2.0,7,76351,M,4949402.0,11166.0,76
201200037282,12,9,7,1350,1,2,1,1.0,7,76351,M,4950461.0,13698.0,76
201200037283,12,9,7,1755,1,1,1,1.0,2,76351,M,4948715.0,18131.0,76
201200037284,12,9,8,1605,1,2,1,1.0,2,76351,M,4949569.0,12670.0,76
201200037285,12,9,8,1640,1,2,1,1.0,6,76447,M,4954463.0,19538.0,76
201200037286,12,9,9,2010,2,2,1,1.0,7,76351,M,4952805.0,11837.0,76
201200037287,12,9,12,1115,1,2,1,1.0,6,76351,M,4948515.0,13536.0,76
201200037288,12,9,15,145,5,2,2,1.0,3,76351,M,4952155.0,11698.0,76
201200037289,12,9,15,1845,1,2,3,1.0,3,76351,M,4948313.0,15249.0,76
201200037290,12,9,18,1455,1,2,2,1.0,3,76351,M,4949391.0,11175.0,76
201200037291,12,9,19,1745,1,2,5,1.0,3,76351,M,4950704.0,17500.0,76
201200037292,12,9,20,1940,5,2,2,1.0,3,76351,M,4950141.0,15002.0,76
201200037293,12,9,23,1840,1,2,7,1.0,7,76351,M,4950864.0,13727.0,76
201200037294,12,9,27,750,1,2,1,2.0,6,76351,M,4950435.0,16493.0,76
201200037295,12,9,28,1025,1,1,6,1.0,2,76447,M,4953482.0,17854.0,76
201200037296,12,9,29,1730,1,2,1,1.0,2,76351,M,4950739.0,12843.0,76
201200037297,12,10,8,1615,1,2,1,1.0,6,76351,M,4951154.0,8999.0,76
201200037298,12,10,9,1850,1,2,1,3.0,6,76351,M,4950066.0,14098.0,76
201200037299,12,10,11,805,1,2,2,2.0,3,76447,M,4954688.0,19575.0,76
201200037300,12,10,11,825,2,2,1,3.0,7,76351,M,4950365.0,14707.0,76
201200037301,12,10,12,1,5,2,2,2.0,2,76351,M,4952089.0,15999.0,76
201200037302,12,10,12,1515,1,2,1,1.0,6,76351,M,4950173.0,9596.0,76
201200037303,12,10,14,20,5,2,4,2.0,3,76351,M,4951248.0,17183.0,76
201200037304,12,10,15,2210,5,2,1,1.0,7,76351,M,4950549.0,13389.0,76
201200037305,12,10,16,610,3,1,4,2.0,6,76447,M,,,76
201200037306,12,10,17,340,5,2,1,1.0,7,76351,M,4948897.0,15266.0,76
201200037307,12,10,19,945,1,2,5,1.0,6,76351,M,4949639.0,11011.0,76
201200037308,12,10,22,1940,5,2,2,1.0,3,76351,M,4950687.0,17367.0,76
201200037309,12,10,24,1310,1,2,1,1.0,2,76351,M,4952025.0,8477.0,76
201200037310,12,10,25,800,1,2,2,1.0,7,76305,M,4950101.0,20180.0,76
201200037311,12,10,26,1605,1,2,3,1.0,2,76296,M,4951877.0,27135.0,76
201200037312,12,10,25,2200,5,2,1,3.0,7,76351,M,4951105.0,16461.0,76
201200037313,12,10,27,1530,1,2,2,1.0,6,76351,M,4950446.0,14850.0,76
201200037314,12,10,27,2340,5,2,1,2.0,6,76305,M,4950721.0,23218.0,76
201200037315,12,10,28,1955,5,2,2,2.0,2,76351,M,4950460.0,16849.0,76
201200037316,12,10,29,1200,1,1,1,1.0,6,76351,M,4950177.0,18928.0,76
201200037317,12,11,1,415,5,2,1,2.0,7,76351,M,4950353.0,12466.0,76
201200037318,12,11,2,1445,1,2,3,1.0,3,76351,M,4950488.0,17399.0,76
201200037319,12,11,3,700,5,2,1,2.0,1,76351,M,4949655.0,14689.0,76
201200037320,12,11,3,1530,1,1,1,1.0,6,76351,M,4951961.0,14058.0,76
201200037321,12,11,6,1550,1,2,1,1.0,6,76351,M,4949195.0,11024.0,76
201200037322,12,11,6,1710,2,2,3,1.0,3,76351,M,4950209.0,11708.0,76
201200037323,12,11,6,1905,5,2,2,1.0,3,76351,M,4951044.0,16957.0,76
201200037324,12,11,9,1835,5,2,2,1.0,3,76351,M,4949586.0,12682.0,76
201200037325,12,11,11,1415,1,2,1,2.0,6,76351,M,4950483.0,17212.0,76
201200037326,12,11,12,2000,5,2,2,1.0,3,76351,M,4950701.0,11818.0,76
201200037327,12,11,13,900,1,2,2,1.0,6,76351,M,4951673.0,9289.0,76
201200037328,12,11,18,1645,1,2,2,1.0,6,76351,M,4949074.0,11644.0,76
201200037329,12,11,21,2215,5,2,3,1.0,3,76351,M,4950752.0,18118.0,76
201200037330,12,11,22,1805,5,2,2,1.0,6,76351,M,4949722.0,11178.0,76
201200037331,12,11,23,1520,1,1,1,2.0,7,76305,M,4948761.0,20899.0,76
201200037332,12,11,24,2310,5,2,2,1.0,3,76351,M,4949756.0,12656.0,76
201200037333,12,11,25,2025,5,2,2,1.0,3,76351,M,4949183.0,10356.0,76
201200037334,12,11,28,1815,5,2,1,2.0,3,76351,M,4949601.0,17955.0,76
201200037335,12,11,29,1915,5,2,2,1.0,3,76351,M,4951959.0,10553.0,76
201200037336,12,11,29,1900,5,2,4,1.0,1,76351,M,4951655.0,12864.0,76
201200037337,12,11,30,1555,1,2,1,1.0,6,76351,M,4951431.0,17013.0,76
201200037338,12,12,2,1850,5,2,2,1.0,4,76351,M,4949764.0,13615.0,76
201200037339,12,12,4,1910,5,2,3,2.0,6,76552,M,4950498.0,8626.0,76
201200037340,12,12,7,1045,1,2,2,1.0,3,76351,M,4949124.0,10181.0,76
201200037341,12,12,8,430,5,1,1,1.0,3,76296,M,4951874.0,27040.0,76
201200037342,12,12,8,1755,5,1,1,1.0,6,76447,M,4952612.0,18903.0,76
201200037343,12,12,9,1750,5,2,2,3.0,3,76351,M,4950855.0,15469.0,76
201200037344,12,12,11,1140,1,2,1,1.0,6,76351,M,4951750.0,9668.0,76
201200037345,12,12,12,755,5,1,1,4.0,7,76351,M,4951384.0,16144.0,76
201200037346,12,12,13,1130,1,2,2,4.0,7,76351,M,4950205.0,10346.0,76
201200037347,12,12,17,620,5,2,1,1.0,6,76351,M,4948670.0,9895.0,76
201200037348,12,12,17,820,1,2,1,1.0,7,76351,M,4950307.0,13066.0,76
201200037349,12,12,17,1120,1,2,1,1.0,2,76305,M,4950279.0,21082.0,76
201200037350,12,12,19,810,2,2,3,1.0,3,76351,M,4952228.0,15724.0,76
201200037351,12,12,19,2245,5,2,3,2.0,3,76351,M,4951871.0,12748.0,76
201200037352,12,12,20,1400,1,2,5,2.0,6,76351,M,4949685.0,11027.0,76
201200037353,12,12,20,1735,5,2,3,2.0,6,76447,M,4954781.0,18554.0,76
201200037354,12,12,21,450,5,2,1,1.0,6,76351,M,4950469.0,11616.0,76
201200037355,12,12,23,2250,5,2,1,1.0,6,76351,M,4950449.0,13813.0,76
201200037356,12,12,24,900,1,2,1,1.0,7,76351,M,4949288.0,14952.0,76
201200037357,12,12,24,1915,5,2,1,3.0,6,76351,M,4950190.0,15588.0,76
201200037358,12,12,27,1400,1,1,1,3.0,3,76351,M,4946882.0,18055.0,76
201200037359,12,12,28,1915,5,2,1,1.0,7,76351,M,4949173.0,10183.0,76
201200037360,12,12,29,230,5,2,1,1.0,7,76351,M,4950172.0,11445.0,76
201200037361,12,12,30,1420,1,1,1,1.0,7,76305,M,4951362.0,22705.0,76
201200037362,12,12,30,2045,5,2,1,1.0,3,76351,M,4950242.0,16459.0,76
201200037363,12,12,22,55,5,2,1,1.0,7,76540,M,4944140.0,108306.0,76
201200037364,12,12,24,2055,5,2,1,1.0,7,76540,M,4943420.0,107704.0,76
201200037365,12,12,22,1800,5,2,1,3.0,6,76540,M,4944627.0,109275.0,76
201200037366,12,1,1,515,5,2,2,2.0,3,76322,M,4941147.0,105293.0,76
201200037367,12,1,4,1840,5,2,1,2.0,4,76451,M,4946183.0,107140.0,76
201200037368,12,1,6,910,1,2,1,1.0,4,76366,M,4950682.0,103998.0,76
201200037369,12,1,10,1820,5,2,1,1.0,5,76681,M,4940302.0,111234.0,76
201200037370,12,1,6,1205,1,2,1,1.0,2,76005,M,4940291.0,112442.0,76
201200037371,12,11,29,950,1,2,1,3.0,2,76498,M,,,76
201200037372,12,12,27,2120,5,2,2,9.0,6,76410,M,4948086.0,104784.0,76
201200037373,12,12,29,2130,5,2,1,2.0,7,76484,M,4934251.0,108949.0,76
201200037374,12,1,11,1510,1,2,3,1.0,3,76681,M,4941335.0,108919.0,76
201200037375,12,1,7,740,1,2,1,2.0,7,76540,M,4944864.0,109455.0,76
201200037376,12,1,11,1650,1,2,1,1.0,1,76095,M,4945755.0,111923.0,76
201200037377,12,1,14,1450,1,2,1,1.0,3,76402,M,4952421.0,104160.0,76
201200037378,12,1,13,1620,1,1,1,1.0,4,76322,M,4940622.0,103601.0,76
201200037379,12,1,18,1745,5,2,3,2.0,6,76540,M,4944946.0,107317.0,76
201200037380,12,1,19,1750,5,2,1,1.0,6,76322,M,4940991.0,104718.0,76
201200037381,12,1,20,1735,5,2,2,1.0,6,76540,M,4944618.0,109500.0,76
201200037382,12,1,20,800,2,2,1,1.0,6,76451,M,4946898.0,107645.0,76
201200037383,12,1,20,1910,5,2,2,2.0,6,76540,M,4944608.0,109492.0,76
201200037384,12,1,24,5,3,2,1,2.0,6,76157,M,4944683.0,103725.0,76
201200037385,12,1,5,815,5,2,1,2.0,6,76366,M,4950889.0,103634.0,76
201200037386,12,1,24,1430,1,1,1,3.0,2,76540,M,4945750.0,114392.0,76
201200037387,12,1,24,1730,2,2,1,1.0,6,76540,M,4942808.0,108114.0,76
201200037388,12,1,25,1320,1,2,3,1.0,3,76484,M,4934691.0,109416.0,76
201200037389,12,1,25,5,4,1,1,2.0,7,76540,M,4946005.0,114279.0,76
201200037390,12,1,27,1725,2,2,1,2.0,1,76540,M,4944967.0,105299.0,76
201200037391,12,1,28,735,5,2,3,9.0,3,76540,M,4944045.0,112752.0,76
201200037392,12,1,29,1355,1,2,6,1.0,3,76497,M,4938901.0,105645.0,76
201200037393,12,2,2,1725,1,1,3,1.0,1,76681,M,4942092.0,110480.0,76
201200037394,12,2,3,320,5,2,1,1.0,7,76451,M,4945448.0,108806.0,76
201200037395,12,2,2,930,1,2,3,1.0,6,76157,M,4945010.0,103530.0,76
201200037396,12,2,3,1020,1,2,1,1.0,6,76451,M,4946682.0,108541.0,76
201200037397,12,2,1,1500,1,2,1,1.0,2,76540,M,4944628.0,110644.0,76
201200037398,12,2,14,1730,1,2,1,1.0,1,76540,M,4944904.0,111950.0,76