Num_Acc,an,mois,jour,hrmn,lum,agg,int,atm,col,com,gps,lat,long,dep
201200037399,12,2,19,620,5,2,1,2.0,3,76540,M,4943483.0,107409.0,76
201200037400,12,2,18,1740,1,1,3,1.0,3,76484,M,4933539.0,107549.0,76
201200037401,12,2,21,1750,1,2,1,1.0,2,76216,M,4945751.0,105582.0,76
201200037402,12,2,22,1930,5,1,2,1.0,3,76457,M,4934034.0,94311.0,76
201200037403,12,2,22,2145,5,2,1,1.0,3,76681,M,4941749.0,109133.0,76
201200037404,12,2,5,115,5,2,6,1.0,7,76540,M,4943973.0,113139.0,76
201200037405,12,2,23,800,1,2,1,2.0,6,76540,M,4943537.0,108101.0,76
201200037406,12,2,27,925,1,1,2,8.0,2,76575,M,4939765.0,108645.0,76
201200037407,12,2,29,215,5,2,1,2.0,7,76498,M,4941287.0,107326.0,76
201200037408,12,2,27,310,5,2,1,1.0,7,76540,M,4944068.0,108151.0,76
201200037409,12,3,3,1720,1,1,1,3.0,3,76429,M,4942157.0,115035.0,76
201200037410,12,3,6,800,1,2,3,3.0,4,76681,M,4942310.0,110626.0,76
201200037411,12,3,4,1240,1,2,2,3.0,3,76498,M,4941814.0,106965.0,76
201200037412,12,3,6,2105,5,2,2,1.0,3,76498,M,4942392.0,106716.0,76
201200037413,12,3,5,1215,1,1,1,1.0,7,76599,M,4942844.0,115704.0,76
201200037414,12,3,15,1600,1,2,1,1.0,7,76540,M,4943977.0,108929.0,76
201200037415,12,3,16,1940,5,1,1,1.0,3,76322,M,4940218.0,103308.0,76
201200037416,12,3,19,1825,1,2,1,1.0,3,76540,M,,,76
201200037417,12,3,21,1735,1,2,1,1.0,4,76095,M,4946554.0,113494.0,76
201200037418,12,3,20,1750,1,2,3,1.0,3,76681,M,4941552.0,108278.0,76
201200037419,12,3,24,1905,2,1,1,1.0,6,76484,M,4934300.0,107303.0,76
201200037420,12,3,27,850,1,2,3,1.0,3,76157,M,4946150.0,104243.0,76
201200037421,12,3,28,800,1,2,1,1.0,6,76322,M,4940088.0,104187.0,76
201200037422,12,3,29,850,1,2,1,1.0,2,76103,M,4941848.0,113055.0,76
201200037423,12,3,31,1320,1,2,2,1.0,7,76366,M,4950963.0,103343.0,76
201200037424,12,3,27,1615,1,2,1,1.0,6,76484,M,4934017.0,109344.0,76
201200037425,12,3,31,800,1,2,1,1.0,7,76108,M,4946677.0,113243.0,76
201200037426,12,3,31,355,5,2,3,1.0,3,76497,M,4938693.0,102226.0,76
201200037427,12,3,30,1650,1,2,1,1.0,7,76540,M,4942122.0,107935.0,76
201200037428,12,4,3,1535,1,2,2,1.0,3,76681,M,4941002.0,108813.0,76
201200037429,12,4,3,1230,1,1,1,1.0,7,76575,M,4936771.0,110854.0,76
201200037430,12,3,8,1800,1,2,1,1.0,3,76540,M,4943728.0,109576.0,76
201200037431,12,4,5,2225,5,2,7,1.0,6,76540,M,4943391.0,109209.0,76
201200037432,12,3,30,1730,1,2,1,1.0,3,76540,M,4943377.0,110699.0,76
201200037433,12,4,6,1725,1,2,1,1.0,7,76540,M,4944317.0,109825.0,76
201200037434,12,4,12,733,1,2,4,5.0,3,76402,M,4953290.0,105622.0,76
201200037435,12,4,14,210,3,1,1,1.0,2,76157,M,4944179.0,103443.0,76
201200037436,12,4,15,1000,1,2,6,1.0,6,76498,M,4942101.0,105180.0,76
201200037437,12,4,16,830,1,2,2,1.0,7,76498,M,4942870.0,106247.0,76
201200037438,12,4,12,350,5,2,1,1.0,4,76540,M,4943488.0,107394.0,76
201200037439,12,4,15,2000,1,1,6,1.0,1,76497,M,4939858.0,102748.0,76
201200037440,12,4,21,1615,1,1,1,9.0,6,76457,M,4933405.0,97961.0,76
201200037441,12,4,22,2000,1,2,1,2.0,2,76575,M,4940009.0,107464.0,76
201200037442,12,4,19,845,1,2,1,1.0,4,76108,M,4947582.0,111251.0,76
201200037443,12,4,28,445,3,1,1,3.0,7,76575,M,4936428.0,108792.0,76
201200037444,12,3,8,135,5,2,1,1.0,6,76451,M,4947090.0,106806.0,76
201200037445,12,5,2,745,1,2,3,1.0,3,76319,M,4935698.0,100792.0,76
201200037446,12,5,6,1000,1,2,1,1.0,6,76322,M,4941488.0,104295.0,76
201200037447,12,4,27,2235,5,2,1,1.0,6,76540,M,4944220.0,110984.0,76
201200037448,12,5,6,600,5,2,1,1.0,7,76540,M,4945157.0,106536.0,76
201200037449,12,5,9,1350,1,2,6,1.0,7,76322,M,4941532.0,104215.0,76
201200037450,12,5,10,835,1,2,1,1.0,7,76157,M,4944077.0,102583.0,76
201200037451,12,5,12,1415,1,1,2,1.0,3,76540,M,4942576.0,108260.0,76
201200037452,12,5,12,1940,1,2,1,1.0,3,76451,M,4946467.0,107298.0,76
201200037453,12,5,14,750,1,1,1,1.0,3,76484,M,4934554.0,107699.0,76
201200037454,12,5,14,1500,1,2,1,1.0,2,76366,M,4951283.0,103838.0,76
201200037455,12,4,18,1210,1,2,3,1.0,3,76540,M,4944117.0,108223.0,76
201200037456,12,5,14,1155,1,2,2,1.0,3,76681,M,4941269.0,109415.0,76
201200037457,12,5,15,1645,1,2,1,1.0,3,76540,M,4943099.0,109870.0,76
201200037458,12,5,18,1730,1,2,1,1.0,3,76540,M,4944501.0,104698.0,76
201200037459,12,4,23,1500,1,2,1,1.0,6,76410,M,4948386.0,104562.0,76
201200037460,12,5,23,2125,1,2,2,1.0,3,76540,M,4942841.0,107070.0,76
201200037461,12,5,25,1440,1,2,2,1.0,6,76322,M,4941672.0,103730.0,76
201200037462,12,5,27,2025,1,2,2,1.0,6,76540,M,4943704.0,109609.0,76
201200037463,12,5,18,1735,1,2,1,1.0,6,76540,M,4944437.0,109378.0,76
201200037464,12,5,30,750,1,2,2,1.0,3,76540,M,4943402.0,108219.0,76
201200037465,12,5,29,1930,1,2,2,1.0,6,76540,M,4942597.0,109328.0,76
201200037466,12,5,25,1320,1,2,2,1.0,3,76681,M,4941105.0,109314.0,76
201200037467,12,6,2,1405,1,2,3,1.0,7,76322,M,4940006.0,105481.0,76
201200037468,12,6,2,450,3,2,2,1.0,6,76681,M,4940484.0,110341.0,76
201200037469,12,6,7,1720,1,1,1,3.0,1,76319,M,4934792.0,101623.0,76
201200037470,12,5,3,1610,1,2,2,1.0,3,76540,M,4944730.0,106068.0,76
201200037471,12,5,19,830,1,2,3,1.0,3,76575,M,4939852.0,107143.0,76
201200037472,12,5,28,1025,1,2,3,1.0,6,76540,M,4943794.0,110538.0,76
201200037473,12,6,12,1720,1,2,1,1.0,6,76540,M,4943664.0,109951.0,76
201200037474,12,6,12,1220,1,2,2,1.0,1,76575,M,4939440.0,107740.0,76
201200037475,12,6,11,830,1,2,1,1.0,6,76108,M,4945401.0,110502.0,76
201200037476,12,5,14,745,1,2,2,1.0,3,76410,M,4948066.0,104772.0,76
201200037477,12,6,12,1115,1,1,1,2.0,5,76108,M,4947380.0,113526.0,76
201200037478,12,6,15,1140,1,2,1,1.0,3,76681,M,4940393.0,109882.0,76
201200037479,12,6,22,1150,1,2,4,1.0,1,76681,M,4940860.0,107639.0,76
201200037480,12,6,25,1800,1,2,2,1.0,2,76540,M,4943652.0,113400.0,76
201200037481,12,6,22,1130,1,2,2,1.0,3,76322,M,4941158.0,104753.0,76
201200037482,12,5,25,1435,1,2,1,1.0,6,76540,M,4944996.0,106319.0,76
201200037483,12,6,17,1830,1,2,2,1.0,4,76540,M,4944768.0,106080.0,76
201200037484,12,6,15,1105,1,2,6,1.0,7,76451,M,4946912.0,109041.0,76
201200037485,12,6,15,1850,1,2,3,2.0,2,76540,M,4943571.0,107729.0,76
201200037486,12,6,19,2020,1,2,1,1.0,6,76540,M,4944644.0,108257.0,76
201200037487,12,6,22,1030,1,2,3,1.0,3,76681,M,4942017.0,110186.0,76
201200037488,12,6,24,1510,1,1,2,2.0,5,76575,M,4936788.0,111069.0,76
201200037489,12,6,28,240,5,2,1,1.0,6,76157,M,4945037.0,104617.0,76
201200037490,12,6,21,2205,5,2,1,1.0,7,76005,M,4940252.0,113194.0,76
201200037491,12,5,11,1620,1,2,1,1.0,4,76540,M,4943688.0,109799.0,76
201200037492,12,6,27,1110,1,2,3,1.0,7,76540,M,4943441.0,113397.0,76
201200037493,12,6,27,2120,1,2,1,1.0,7,76540,M,4945114.0,110189.0,76
201200037494,12,7,2,1555,1,2,1,1.0,3,76540,M,4943406.0,107568.0,76
201200037495,12,7,1,130,5,2,2,1.0,6,76681,M,4941631.0,109619.0,76
201200037496,12,7,3,1700,1,2,1,1.0,1,76005,M,4939812.0,113785.0,76
201200037497,12,7,3,1400,1,2,1,1.0,3,76540,M,4944004.0,107370.0,76
201200037498,12,7,4,1820,1,1,1,1.0,3,76212,M,4943841.0,114983.0,76
201200037499,12,6,21,840,1,1,6,1.0,3,76108,M,4948164.0,110910.0,76
201200037500,12,6,8,1040,1,2,1,1.0,4,76575,M,4939188.0,111140.0,76
201200037501,12,7,13,1230,1,2,4,1.0,6,76108,M,4946687.0,110794.0,76
201200037502,12,7,5,1225,1,2,1,1.0,2,76681,M,4941691.0,110788.0,76
201200037503,12,7,7,1600,1,2,1,1.0,3,76540,M,4944934.0,107559.0,76
201200037504,12,7,15,1900,1,1,1,1.0,2,76681,M,4941412.0,110737.0,76
201200037505,12,7,4,2115,1,2,2,2.0,6,76540,M,4944723.0,109406.0,76
201200037506,12,7,17,255,5,2,4,1.0,3,76540,M,4944976.0,105040.0,76
201200037507,12,7,20,2020,1,2,1,1.0,6,76575,M,4939362.0,105931.0,76
201200037508,12,7,21,615,1,1,6,1.0,6,76497,M,4938913.0,105595.0,76
201200037509,12,7,21,730,1,2,3,1.0,6,76402,M,4952894.0,104093.0,76
201200037510,12,7,23,2330,5,1,6,1.0,7,76108,M,4948296.0,113274.0,76
201200037511,12,7,25,1530,1,2,1,1.0,6,76540,M,4944763.0,106797.0,76
201200037512,12,7,28,640,1,2,2,1.0,5,76540,M,4944026.0,108956.0,76
201200037513,12,7,27,2120,2,2,2,1.0,1,76540,M,4944414.0,109096.0,76
201200037514,12,8,1,750,1,2,1,1.0,1,76457,M,4934126.0,97332.0,76
201200037515,12,6,4,1000,1,2,1,8.0,6,76540,M,4944729.0,110996.0,76
201200037516,12,7,31,1200,1,2,2,1.0,6,76540,M,4942962.0,108541.0,76
201200037517,12,8,2,1450,1,2,1,1.0,3,76540,M,4943490.0,107398.0,76
201200037518,12,8,6,800,1,2,1,1.0,2,76575,M,4939032.0,111115.0,76
201200037519,12,8,3,1815,1,1,6,1.0,7,76575,M,4936758.0,110586.0,76
201200037520,12,8,8,1540,1,2,1,1.0,7,76429,M,4941120.0,114399.0,76
201200037521,12,8,12,1800,1,2,1,1.0,2,76402,M,4953109.0,104340.0,76
201200037522,12,8,11,1430,1,2,9,1.0,3,76540,M,4944501.0,106614.0,76
201200037523,12,8,14,415,5,2,1,1.0,1,76429,M,4940642.0,114989.0,76
201200037524,12,8,14,1800,1,2,1,1.0,1,76474,M,4948860.0,105273.0,76
201200037525,12,8,14,2230,3,1,1,1.0,1,76157,M,4944150.0,103259.0,76
201200037526,12,7,6,1725,1,2,1,1.0,3,76575,M,4940151.0,106501.0,76
201200037527,12,8,16,2010,1,2,1,1.0,1,76322,M,4939966.0,103565.0,76
201200037528,12,8,28,1335,1,2,2,1.0,3,76540,M,4942434.0,109384.0,76
201200037529,12,8,17,2340,5,2,1,1.0,3,76540,M,4943670.0,109835.0,76
201200037530,12,8,10,1700,1,2,2,1.0,3,76681,M,4941117.0,107667.0,76
201200037531,12,8,1,1810,1,1,1,1.0,6,76429,M,4942146.0,115009.0,76
201200037532,12,8,25,2052,5,2,1,2.0,6,76451,M,4946864.0,109233.0,76
201200037533,12,8,29,1450,1,1,1,1.0,6,76391,M,4934488.0,93208.0,76
201200037534,12,9,8,1945,1,2,2,1.0,3,76498,M,4942855.0,106261.0,76
201200037535,12,9,7,1815,1,2,1,1.0,6,76103,M,4942096.0,111937.0,76
201200037536,12,9,5,740,1,1,1,1.0,4,76540,M,4947142.0,103080.0,76
201200037537,12,9,6,1650,1,2,1,1.0,7,76484,M,4934302.0,109519.0,76
201200037538,12,9,10,1230,1,2,2,1.0,3,76575,M,4940195.0,108050.0,76
201200037539,12,9,13,1015,1,2,1,1.0,6,76575,M,4939014.0,110499.0,76
201200037540,12,9,3,2030,1,2,3,1.0,3,76498,M,4942179.0,106485.0,76
201200037541,12,9,14,1640,1,2,1,1.0,6,76540,M,4943777.0,108271.0,76
201200037542,12,9,11,755,2,2,2,2.0,6,76540,M,4944698.0,109275.0,76
201200037543,12,9,16,330,3,1,1,1.0,2,76319,M,4935618.0,103226.0,76
201200037544,12,9,14,1150,1,2,1,1.0,3,76322,M,4941176.0,104107.0,76
201200037545,12,9,15,1455,1,1,1,1.0,3,76457,M,4933585.0,97226.0,76
201200037546,12,9,16,1320,1,2,2,1.0,3,76540,M,4943451.0,108921.0,76
201200037547,12,9,12,730,2,2,1,1.0,3,76540,M,,,76
201200037548,12,9,19,1950,2,2,3,1.0,3,76157,M,4944820.0,103458.0,76
201200037549,12,9,25,1320,1,2,1,2.0,7,76540,M,4944722.0,106921.0,76
201200037550,12,9,26,1410,1,2,2,1.0,3,76681,M,4940485.0,110346.0,76
201200037551,12,9,27,1452,1,2,1,1.0,6,76429,M,4940916.0,114446.0,76
201200037552,12,9,22,225,5,2,1,1.0,1,76157,M,4945277.0,103415.0,76
201200037553,12,10,2,1740,1,2,1,1.0,5,76681,M,,,76
201200037554,12,10,1,1700,1,2,1,1.0,6,76540,M,4944574.0,110815.0,76
201200037555,12,10,2,1550,1,2,2,1.0,3,76575,M,4938815.0,108836.0,76
201200037556,12,10,3,135,5,2,1,2.0,7,76540,M,4944260.0,107898.0,76
201200037557,12,10,5,1820,1,1,1,1.0,3,76212,M,,,76
201200037558,12,10,3,750,1,2,1,1.0,6,76451,M,4945547.0,108452.0,76
201200037559,12,9,27,730,2,2,6,9.0,7,76540,M,4943497.0,107148.0,76
201200037560,12,10,9,1225,1,2,1,9.0,6,76540,M,4944326.0,109876.0,76
201200037561,12,10,5,1955,5,2,3,1.0,6,76540,M,4944512.0,106618.0,76
201200037562,12,10,9,810,1,2,1,1.0,1,76322,M,4939815.0,104613.0,76
201200037563,12,10,11,1525,1,1,1,1.0,2,76540,M,4945157.0,105625.0,76
201200037564,12,9,11,910,1,2,1,9.0,2,76540,M,4944079.0,108279.0,76
201200037565,12,10,14,2130,5,2,1,1.0,1,76540,M,4943725.0,111024.0,76
201200037566,12,10,11,1130,1,2,3,1.0,3,76540,M,4943711.0,107860.0,76
201200037567,12,10,15,1800,5,2,2,1.0,6,76498,M,4941487.0,106110.0,76
201200037568,12,10,2,1640,1,2,2,1.0,6,76540,M,4944187.0,108612.0,76
201200037569,12,10,10,1220,1,2,1,9.0,2,76575,M,,,76
201200037570,12,10,17,1600,1,2,1,1.0,2,76157,M,4944520.0,103001.0,76
201200037571,12,10,9,850,1,2,1,2.0,6,76451,M,4946533.0,107213.0,76
201200037572,12,10,22,2103,5,2,1,1.0,3,76410,M,4947392.0,104877.0,76
201200037573,12,10,20,1015,1,2,1,9.0,3,76322,M,4939955.0,105645.0,76
201200037574,12,10,19,2045,2,2,1,1.0,6,76410,M,,,76
201200037575,12,10,22,1130,1,2,1,1.0,6,76540,M,4944254.0,109044.0,76
201200037576,12,10,17,1740,1,2,2,2.0,3,76540,M,4943380.0,108300.0,76
201200037577,12,11,1,555,5,2,2,2.0,3,76540,M,4943731.0,109611.0,76
201200037578,12,11,1,510,5,2,1,2.0,6,76322,M,,,76
201200037579,12,11,4,110,5,2,2,2.0,3,76212,M,,,76
201200037580,12,11,3,1145,1,2,1,1.0,1,76402,M,,,76
201200037581,12,9,27,910,1,2,1,9.0,6,76540,M,4945433.0,110538.0,76
201200037582,12,10,15,1700,1,2,2,1.0,3,76497,M,4938384.0,101584.0,76
201200037583,12,10,3,1150,1,2,6,2.0,3,76540,M,4943049.0,107881.0,76
201200037584,12,10,18,1725,1,2,2,2.0,3,76681,M,4940719.0,109637.0,76
201200037585,12,10,23,1245,1,2,3,1.0,3,76497,M,4938526.0,102108.0,76
201200037586,12,11,1,15,5,2,1,1.0,6,76540,M,4944757.0,108194.0,76
201200037587,12,11,5,1700,1,2,2,2.0,6,76540,M,4943708.0,109631.0,76
201200037588,12,10,24,2145,5,2,1,1.0,3,76540,M,4954510.0,112813.0,76
201200037589,12,10,8,2115,5,2,3,2.0,3,76484,M,4935283.0,109757.0,76
201200037590,12,11,8,2330,5,2,1,1.0,6,76540,M,4943745.0,109486.0,76
201200037591,12,11,3,1200,1,2,3,1.0,3,76575,M,4939409.0,110325.0,76
201200037592,12,11,5,1435,1,2,2,3.0,3,76319,M,4935901.0,100722.0,76
201200037593,12,11,7,610,5,2,2,2.0,3,76540,M,4943179.0,109045.0,76
201200037594,12,11,8,1845,3,1,1,1.0,4,76497,M,4937313.0,104517.0,76
201200037595,12,11,9,1844,5,2,1,2.0,6,76474,M,4949080.0,105270.0,76
201200037596,12,11,9,1650,1,2,1,2.0,1,76212,M,4943836.0,114983.0,76
201200037597,12,11,11,525,5,2,3,1.0,6,76540,M,4943421.0,108570.0,76
201200037598,12,11,8,940,1,2,2,1.0,3,76319,M,4935669.0,101009.0,76
201200037599,12,10,27,505,5,2,2,2.0,3,76540,M,4942606.0,110520.0,76
201200037600,12,10,2,1130,1,2,2,1.0,2,76540,M,4943449.0,109416.0,76
201200037601,12,10,26,1000,1,2,2,1.0,3,76451,M,4946641.0,107041.0,76
201200037602,12,11,7,735,1,2,1,1.0,6,76681,M,,,76
201200037603,12,11,10,1910,5,2,1,2.0,2,76540,M,4944442.0,108563.0,76
201200037604,12,11,13,1323,1,2,1,1.0,3,76540,M,4944261.0,109840.0,76
201200037605,12,9,15,1410,1,2,2,1.0,3,76429,M,4941301.0,113799.0,76
201200037606,12,9,17,900,1,2,1,1.0,6,76540,M,4945239.0,112535.0,76
201200037607,12,9,28,810,1,2,1,1.0,3,76540,M,4945326.0,110393.0,76
201200037608,12,11,16,1655,1,2,1,1.0,4,76540,M,4943445.0,108579.0,76
201200037609,12,11,20,1810,4,2,1,1.0,6,76366,M,4951142.0,103233.0,76
201200037610,12,11,24,1845,5,2,1,1.0,7,76540,M,4943972.0,109148.0,76
201200037611,12,11,29,1915,5,2,1,9.0,7,76540,M,4945667.0,113837.0,76
201200037612,12,11,13,1425,1,2,3,1.0,6,76540,M,4944077.0,108261.0,76
201200037613,12,11,22,2015,5,2,3,1.0,3,76540,M,4945041.0,108841.0,76
201200037614,12,11,22,400,5,2,1,1.0,6,76410,M,4948527.0,104167.0,76
201200037615,12,11,17,1830,5,2,2,1.0,3,76540,M,4944818.0,109989.0,76
201200037616,12,11,26,1800,5,2,1,1.0,6,76540,M,4942810.0,108119.0,76
201200037617,12,11,27,1500,1,2,1,1.0,3,76540,M,4943413.0,109437.0,76
201200037618,12,11,28,2115,5,2,3,2.0,3,76212,M,4943958.0,113893.0,76
201200037619,12,11,29,1020,1,2,1,1.0,6,76681,M,,,76
201200037620,12,11,7,1720,5,2,1,1.0,6,76540,M,4943814.0,110617.0,76
201200037621,12,11,29,1725,5,2,1,8.0,6,76575,M,4938735.0,106399.0,76
201200037622,12,11,10,2020,5,2,1,3.0,3,76540,M,4943150.0,108754.0,76
201200037623,12,11,21,1905,4,2,2,1.0,6,76540,M,4942729.0,108348.0,76
201200037624,12,12,4,2000,5,2,2,3.0,7,76540,M,4944722.0,109619.0,76
201200037625,12,11,9,1445,1,2,1,1.0,4,76540,M,4944474.0,106838.0,76
201200037626,12,12,8,550,3,1,1,3.0,2,76497,M,4936272.0,103689.0,76
201200037627,12,12,15,645,5,2,2,9.0,3,76540,M,4942606.0,110517.0,76
201200037628,12,10,25,820,2,2,2,1.0,3,76540,M,4945116.0,109841.0,76
201200037629,12,10,27,1405,1,2,1,1.0,2,76540,M,4942918.0,109812.0,76
201200037630,12,12,15,930,1,2,1,2.0,6,76540,M,4942942.0,107488.0,76
201200037631,12,12,12,950,1,2,2,1.0,7,76484,M,4934274.0,108992.0,76
201200037632,12,12,10,1530,1,1,2,1.0,3,76540,M,4943464.0,107628.0,76
201200037633,12,12,18,1745,5,2,1,1.0,6,76575,M,4939855.0,107256.0,76
201200037634,12,12,21,1215,1,2,6,2.0,3,76540,M,4943763.0,106700.0,76
201200037635,12,12,2,1040,1,1,1,1.0,1,76497,M,4938688.0,104456.0,76
201200037636,12,12,5,815,2,2,1,1.0,2,76540,M,4945210.0,109688.0,76
201200037637,12,12,17,910,1,2,2,2.0,3,76540,M,4945118.0,109838.0,76
201200037638,12,12,19,755,2,2,1,1.0,6,76681,M,4941752.0,107658.0,76
201200037639,12,12,28,650,5,2,4,1.0,3,76005,M,4939526.0,112585.0,76
201200037640,12,1,12,1725,2,2,1,1.0,1,77108,M,,,77
201200037641,12,1,16,2140,5,2,2,1.0,3,77479,M,4887198.0,264040.0,77
201200037642,12,1,20,1530,1,2,3,2.0,1,77108,M,4887571.0,259177.0,77
201200037643,12,1,23,700,5,2,2,1.0,3,77055,M,,,77
201200037644,12,1,27,2110,5,2,3,1.0,6,77108,M,,,77
201200037645,12,1,28,2220,5,2,1,1.0,6,77108,M,4889682.0,259071.0,77
201200037646,12,2,29,1520,1,2,1,1.0,6,77108,M,,,77
201200037647,12,3,8,1255,1,2,3,1.0,1,77108,M,,,77
201200037648,12,3,16,1820,1,2,1,1.0,6,77479,M,4887184.0,263184.0,77
201200037649,12,3,21,945,1,2,1,1.0,6,77108,M,4887571.0,258987.0,77
201200037650,12,4,10,1535,1,2,6,2.0,3,77479,M,,,77
201200037651,12,4,21,1400,1,2,1,1.0,6,77108,M,4887367.0,258059.0,77
201200037652,12,4,24,1315,1,2,1,2.0,6,77108,M,4889811.0,259027.0,77
201200037653,12,5,10,1230,1,2,1,1.0,3,77108,M,4887682.0,260021.0,77
201200037654,12,5,28,1130,1,2,1,1.0,3,77108,M,4888161.0,261907.0,77
201200037655,12,6,3,2215,5,2,1,2.0,6,77108,M,4887259.0,257903.0,77
201200037656,12,6,29,1350,1,2,2,1.0,3,77479,M,4887065.0,263199.0,77
201200037657,12,7,12,130,5,2,1,1.0,6,77108,M,,,77
201200037658,12,7,29,1520,1,2,1,1.0,3,77517,M,,,77
201200037659,12,8,12,2050,5,2,1,1.0,7,77055,M,,,77
201200037660,12,8,29,815,1,2,1,1.0,6,77479,M,4888009.0,263459.0,77
201200037661,12,9,20,1440,1,2,1,1.0,1,77108,M,,,77
201200037662,12,9,23,2010,2,2,1,2.0,2,77108,M,,,77
201200037663,12,10,4,1625,1,2,1,1.0,6,77108,M,,,77
201200037664,12,10,4,815,1,2,1,2.0,6,77108,M,,,77
201200037665,12,10,10,1735,1,2,1,1.0,6,77055,M,4888124.0,262677.0,77
201200037666,12,10,16,1340,1,2,1,2.0,6,77108,M,4888031.0,260200.0,77
201200037667,12,11,7,2020,5,2,2,1.0,5,77479,M,4886930.0,263815.0,77
201200037668,12,11,1,1640,2,2,1,2.0,1,77108,M,4889993.0,258732.0,77
201200037669,12,12,5,1830,3,1,1,1.0,6,77363,M,,,77
201200037670,12,1,8,1810,5,1,3,1.0,5,77449,M,,,77
201200037671,12,4,8,125,3,1,1,1.0,1,77307,M,,,77
201200037672,12,3,10,2030,5,2,2,1.0,3,77018,M,4884729.0,281816.0,77
201200037673,12,9,20,910,1,2,1,1.0,5,77307,M,,,77
201200037674,12,8,30,630,1,2,1,1.0,3,77307,M,,,77
201200037675,12,9,22,1217,1,2,3,1.0,5,77307,M,,,77
201200037676,12,1,4,240,5,2,1,8.0,6,77131,M,,,77
201200037677,12,1,9,1650,2,1,1,2.0,6,77131,M,,,77
201200037678,12,1,10,1630,1,2,3,9.0,2,77131,M,,,77
201200037679,12,1,13,1525,1,2,3,1.0,3,77320,M,,,77
201200037680,12,1,18,1220,1,2,9,1.0,6,77070,M,,,77
201200037681,12,1,24,1135,1,2,1,8.0,2,77131,M,,,77
201200037682,12,1,26,840,2,2,2,2.0,1,77320,M,,,77
201200037683,12,2,6,1715,1,2,3,1.0,3,77433,M,,,77
201200037684,12,2,9,1520,1,2,6,1.0,7,77131,M,,,77
201200037685,12,2,18,2030,5,1,2,2.0,3,77131,M,4880213.0,309738.0,77
201200037686,12,2,19,1010,1,2,1,9.0,7,77042,M,,,77
201200037687,12,2,22,1100,1,2,1,1.0,6,77131,M,4881351.0,308376.0,77
201200037688,12,2,27,1245,1,1,3,1.0,3,77371,M,,,77
201200037689,12,3,6,1650,1,2,1,1.0,5,77131,M,,,77
201200037690,12,3,8,755,1,2,1,9.0,7,77131,M,4881251.0,308717.0,77
201200037691,12,3,9,1900,3,1,1,1.0,7,77070,M,,,77
201200037692,12,3,9,1905,3,1,1,1.0,7,77070,M,,,77
201200037693,12,3,16,1510,1,2,1,7.0,6,77131,M,,,77
201200037694,12,3,19,2105,3,1,1,1.0,7,77371,M,,,77
201200037695,12,3,20,1150,1,1,1,1.0,2,77320,M,,,77
201200037696,12,3,21,1120,1,1,1,1.0,3,77371,M,,,77
201200037697,12,4,6,725,2,2,1,8.0,2,77320,M,,,77
201200037698,12,4,9,30,3,1,1,2.0,6,77070,M,,,77
201200037699,12,4,17,650,2,1,1,1.0,7,77320,M,,,77
201200037700,12,4,22,1645,1,2,1,1.0,6,77320,M,4882221.0,306396.0,77
201200037701,12,4,28,1115,1,1,1,8.0,2,77281,M,,,77
201200037702,12,5,10,840,1,2,1,1.0,7,77131,M,,,77
201200037703,12,5,10,1110,1,2,1,1.0,6,77131,M,4881590.0,309203.0,77
201200037704,12,5,19,1910,1,1,1,1.0,3,77070,M,4880104.0,311954.0,77
201200037705,12,5,23,1615,1,2,1,1.0,3,77320,M,4880458.0,306155.0,77
201200037706,12,6,7,1500,1,2,2,3.0,3,77070,M,,,77
201200037707,12,6,15,820,1,2,1,8.0,7,77320,M,,,77
201200037708,12,6,20,1200,1,2,1,1.0,7,77131,M,4880901.0,211127.0,77
201200037709,12,6,22,1755,1,2,1,1.0,7,77131,M,4881259.0,308312.0,77
201200037710,12,6,25,1705,1,2,1,1.0,7,77028,M,4876392.0,307447.0,77
201200037711,12,6,27,910,1,2,3,1.0,5,77320,M,,,77
201200037712,12,6,30,1645,1,2,1,1.0,6,77070,M,,,77
201200037713,12,7,3,1840,1,2,3,1.0,3,77131,M,,,77
201200037714,12,7,7,1255,1,2,2,1.0,3,77281,M,,,77
201200037715,12,7,7,1800,1,2,1,2.0,6,77320,M,4882798.0,302556.0,77
201200037716,12,7,18,1720,1,2,1,1.0,4,77320,M,,,77
201200037717,12,7,21,107,3,1,1,1.0,7,77433,M,,,77
201200037718,12,7,26,845,1,2,1,1.0,4,77131,M,,,77
201200037719,12,8,18,730,2,2,1,1.0,6,77131,M,,,77