Num_Acc,an,mois,jour,hrmn,lum,agg,int,atm,col,com,gps,lat,long,dep
201200037720,12,8,21,1100,1,1,2,1.0,3,77281,M,,,77
201200037721,12,8,30,1825,1,2,1,1.0,7,77131,M,,,77
201200037722,12,9,2,1845,1,1,1,1.0,2,77042,M,,,77
201200037723,12,9,3,1730,1,1,1,1.0,5,77433,M,,,77
201200037724,12,9,8,1855,1,2,9,1.0,3,77131,M,4880597.0,309506.0,77
201200037725,12,9,8,1815,1,2,1,1.0,7,77131,M,4881434.0,308569.0,77
201200037726,12,9,11,2030,5,2,2,2.0,3,77131,M,4880214.0,309740.0,77
201200037727,12,9,19,815,1,2,1,1.0,6,77131,M,4881407.0,308404.0,77
201200037728,12,9,22,1435,1,2,3,1.0,3,77131,M,,,77
201200037729,12,9,28,1820,1,2,1,1.0,7,77320,M,,,77
201200037730,12,9,30,1115,1,2,1,1.0,6,77042,M,,,77
201200037731,12,11,3,1545,1,2,3,1.0,2,77131,M,4880580.0,309287.0,77
201200037732,12,11,7,1720,2,2,1,1.0,6,77131,M,4881280.0,308343.0,77
201200037733,12,11,10,1510,1,1,1,2.0,7,77320,M,4880590.0,305791.0,77
201200037734,12,11,28,1940,5,2,1,1.0,4,77131,M,,,77
201200037735,12,12,2,1710,5,2,4,1.0,3,77070,M,,,77
201200037736,12,12,8,2020,5,2,3,1.0,5,77320,M,,,77
201200037737,12,1,19,1930,5,2,3,2.0,3,77131,M,4880787.0,308306.0,77
201200037738,12,2,11,1720,2,1,2,1.0,3,77400,M,,,77
201200037739,12,4,6,1645,1,2,1,1.0,1,77131,M,4880015.0,309803.0,77
201200037740,12,4,30,1830,1,1,1,1.0,1,77028,M,,,77
201200037741,12,7,29,1505,1,2,3,1.0,3,77131,M,,,77
201200037742,12,9,2,1635,1,2,1,1.0,2,77131,M,,,77
201200037743,12,9,18,1320,1,2,1,1.0,6,77131,M,4881145.0,308490.0,77
201200037744,12,1,3,1825,3,1,1,2.0,1,77186,M,,,77
201200037745,12,1,12,310,5,2,3,1.0,3,77014,M,,,77
201200037746,12,1,29,1530,1,1,1,2.0,6,77186,M,,,77
201200037747,12,2,21,1140,1,1,1,1.0,6,77186,M,,,77
201200037748,12,2,26,745,2,1,1,1.0,7,77442,M,,,77
201200037749,12,3,2,930,1,2,1,1.0,6,77014,M,,,77
201200037750,12,3,21,1445,1,1,2,1.0,3,77186,M,,,77
201200037751,12,3,28,1120,1,1,1,1.0,2,77226,M,,,77
201200037752,12,4,7,100,3,1,1,1.0,1,77037,M,,,77
201200037753,12,4,12,2330,3,1,1,8.0,7,77186,M,,,77
201200037754,12,5,21,1040,1,1,1,1.0,7,77186,M,,,77
201200037755,12,5,25,1540,1,1,1,1.0,6,77186,M,,,77
201200037756,12,5,31,1635,1,1,2,1.0,5,77186,M,,,77
201200037757,12,6,23,1510,1,1,6,1.0,6,77186,M,,,77
201200037758,12,6,24,35,5,2,1,1.0,3,77186,M,4841165.0,270541.0,77
201200037759,12,7,29,1450,1,1,2,1.0,3,77186,M,,,77
201200037760,12,7,30,1425,1,1,1,1.0,6,77186,M,,,77
201200037761,12,8,1,110,3,1,1,1.0,7,77186,M,,,77
201200037762,12,8,18,1210,1,1,2,1.0,5,77186,M,,,77
201200037763,12,9,14,1735,1,1,1,1.0,7,77186,M,,,77
201200037764,12,9,29,1710,1,1,1,1.0,7,77389,M,,,77
201200037765,12,10,3,1855,1,2,2,2.0,6,77037,M,,,77
201200037766,12,10,17,1510,1,1,1,1.0,3,77186,M,,,77
201200037767,12,10,19,1855,4,1,1,2.0,2,77442,M,,,77
201200037768,12,10,21,1625,1,1,2,1.0,3,77186,M,,,77
201200037769,12,10,27,1025,1,2,6,1.0,6,77186,M,4840745.0,269535.0,77
201200037770,12,11,20,45,3,1,1,1.0,7,77186,M,,,77
201200037771,12,11,28,1920,5,2,1,1.0,6,77186,M,4840191.0,270635.0,77
201200037772,12,11,30,1300,1,2,9,1.0,3,77186,M,,,77
201200037773,12,12,13,730,5,2,2,2.0,6,77037,M,,,77
201200037774,12,12,18,1025,1,1,1,1.0,7,77226,M,,,77
201200037775,12,12,30,1125,1,2,1,1.0,6,77037,M,4847480.0,269236.0,77
201200037776,12,1,26,745,5,2,6,1.0,6,77243,M,,,77
201200037777,12,2,23,1740,1,2,3,1.0,3,77243,M,4887806.0,271598.0,77
201200037778,12,2,14,715,1,2,7,1.0,3,77243,M,,,77
201200037779,12,3,16,1715,1,2,1,1.0,7,77243,M,4886753.0,270901.0,77
201200037780,12,3,29,2130,2,2,1,1.0,3,77243,M,,,77
201200037781,12,4,18,1305,1,2,1,1.0,6,77243,M,4887827.0,270240.0,77
201200037782,12,5,8,525,3,1,1,1.0,1,77221,M,,,77
201200037783,12,5,7,1050,1,1,1,1.0,7,77058,M,,,77
201200037784,12,5,10,1540,1,2,6,7.0,6,77243,M,,,77
201200037785,12,6,12,1800,1,2,1,1.0,6,77243,M,,,77
201200037786,12,5,11,1705,1,2,1,1.0,7,77243,M,4887836.0,270332.0,77
201200037787,12,8,3,845,1,2,2,1.0,6,77058,M,4883801.0,271133.0,77
201200037788,12,8,10,1845,1,2,1,1.0,1,77243,M,4887768.0,268803.0,77
201200037789,12,9,10,1535,1,2,1,1.0,3,77058,M,4884142.0,271729.0,77
201200037790,12,9,23,2030,2,2,1,1.0,1,77438,M,,,77
201200037791,12,10,3,1655,1,2,2,2.0,3,77058,M,4884401.0,272002.0,77
201200037792,12,12,1,1630,1,2,1,1.0,2,77243,M,,,77
201200037793,12,1,4,1815,3,2,2,2.0,1,77330,M,,,77
201200037794,12,1,12,325,5,2,1,1.0,6,77513,M,4894378.0,286408.0,77
201200037795,12,2,3,420,3,2,1,8.0,7,77284,M,,,77
201200037796,12,3,1,1545,1,2,2,1.0,3,77284,M,,,77
201200037797,12,3,2,1210,1,2,1,8.0,3,77330,M,,,77
201200037798,12,1,10,1800,5,2,3,8.0,3,77284,M,,,77
201200037799,12,3,13,1120,1,2,1,1.0,6,77284,M,4895106.0,291563.0,77
201200037800,12,4,2,1325,1,2,3,1.0,1,77284,M,,,77
201200037801,12,2,18,105,3,2,1,2.0,3,77284,M,4895521.0,293130.0,77
201200037802,12,3,8,1545,1,2,1,7.0,6,77284,M,4895577.0,286541.0,77
201200037803,12,6,6,1317,1,2,1,1.0,6,77369,M,4896636.0,293479.0,77
201200037804,12,3,15,1755,1,2,1,1.0,6,77330,M,,,77
201200037805,12,3,23,1815,1,2,1,1.0,6,77284,M,4895437.0,291882.0,77
201200037806,12,4,2,2120,3,1,1,1.0,7,77143,M,,,77
201200037807,12,4,7,2015,1,2,1,1.0,2,77284,M,4895444.0,290771.0,77
201200037808,12,4,7,1815,1,2,1,1.0,7,77284,M,4895711.0,286430.0,77
201200037809,12,4,12,1700,1,2,1,1.0,7,77284,M,4895247.0,290147.0,77
201200037810,12,4,14,1533,1,2,1,1.0,7,77284,M,4895188.0,289041.0,77
201200037811,12,6,13,1340,1,2,1,1.0,6,77284,M,4895506.0,291902.0,77
201200037812,12,4,10,1745,1,1,1,2.0,4,77335,M,,,77
201200037813,12,4,19,945,1,2,1,1.0,3,77284,M,,,77
201200037814,12,5,24,1450,1,2,1,1.0,6,77284,M,,,77
201200037815,12,6,27,2100,1,2,1,1.0,6,77284,M,4895440.0,291639.0,77
201200037816,12,8,27,930,1,1,1,1.0,5,77330,M,,,77
201200037817,12,9,8,759,1,2,1,1.0,6,77284,M,,,77
201200037818,12,10,9,2050,3,1,1,2.0,1,77475,M,,,77
201200037819,12,9,30,1030,1,2,1,1.0,6,77284,M,,,77
201200037820,12,11,10,1910,5,2,1,1.0,6,77284,M,,,77
201200037821,12,1,1,15,5,2,1,2.0,7,77487,M,4852022.0,269003.0,77
201200037822,12,1,6,1800,5,2,2,1.0,6,77288,M,4854523.0,265067.0,77
201200037823,12,1,14,50,5,2,1,1.0,7,77407,M,4854215.0,252632.0,77
201200037824,12,1,14,1115,1,2,1,1.0,7,77288,M,4855087.0,264673.0,77
201200037825,12,2,10,1515,1,1,2,1.0,3,77040,M,,,77
201200037826,12,2,18,1440,1,1,2,8.0,3,77394,M,,,77
201200037827,12,3,17,1615,1,2,2,2.0,3,77285,M,4854336.0,263573.0,77
201200037828,12,4,11,1702,1,2,1,1.0,6,77288,M,4855441.0,263987.0,77
201200037829,12,4,17,2220,5,2,1,1.0,6,77288,M,4854417.0,267820.0,77
201200037830,12,4,23,950,1,2,1,1.0,6,77288,M,4854747.0,267509.0,77
201200037831,12,4,24,1940,1,2,4,8.0,1,77288,M,4852787.0,266154.0,77
201200037832,12,5,12,2200,5,2,1,1.0,1,77152,M,4852249.0,264051.0,77
201200037833,12,1,11,650,3,1,1,1.0,5,77447,M,,,77
201200037834,12,5,22,5,3,2,1,2.0,7,77269,M,,,77
201200037835,12,6,12,820,1,1,3,1.0,6,77518,M,,,77
201200037836,12,6,16,330,3,1,1,2.0,2,77389,M,,,77
201200037837,12,6,22,1900,1,2,1,1.0,6,77288,M,4854559.0,267681.0,77
201200037838,12,7,2,1,5,2,3,1.0,3,77285,M,4854330.0,263453.0,77
201200037839,12,7,2,1815,1,2,6,1.0,2,77285,M,4854376.0,264018.0,77
201200037840,12,9,7,1905,1,2,1,1.0,6,77285,M,4854454.0,264469.0,77
201200037841,12,9,7,845,1,2,2,1.0,6,77288,M,,,77
201200037842,12,9,12,405,3,1,1,1.0,6,77288,M,,,77
201200037843,12,9,23,100,3,1,1,1.0,3,77407,M,,,77
201200037844,12,9,29,1730,1,2,3,1.0,5,77152,M,4850886.0,260872.0,77
201200037845,12,10,12,1945,5,2,1,1.0,6,77285,M,,,77
201200037846,12,11,5,2115,3,1,1,3.0,6,77487,M,,,77
201200037847,12,11,17,1600,1,2,1,1.0,2,77152,M,,,77
201200037848,12,11,22,1230,1,2,6,1.0,3,77288,M,4853351.0,265884.0,77
201200037849,12,11,27,2220,3,2,1,2.0,6,77188,M,,,77
201200037850,12,12,6,1920,3,1,1,1.0,2,77518,M,,,77
201200037851,12,11,21,755,2,2,1,1.0,3,77288,M,,,77
201200037852,12,12,18,810,2,2,2,2.0,6,77285,M,,,77
201200037853,12,1,26,1255,1,2,1,1.0,6,77389,M,4851558.0,266155.0,77
201200037854,12,8,27,930,1,1,1,1.0,1,77394,M,,,77
201200037855,12,10,15,1920,3,2,1,1.0,1,77288,M,,,77
201200037856,12,3,2,505,3,1,1,2.0,6,77241,M,,,77
201200037857,12,4,8,2020,2,2,1,1.0,6,77294,M,,,77
201200037858,12,7,20,1710,1,1,6,1.0,3,77123,M,,,77
201200037859,12,9,21,2310,3,1,1,9.0,1,77291,M,,,77
201200037860,12,11,11,1445,1,2,1,1.0,7,77294,M,,,77
201200037861,12,11,22,1730,3,1,1,1.0,1,77427,M,,,77
201200037862,12,12,1,205,3,1,1,1.0,7,77294,M,,,77
201200037863,12,12,12,1835,3,1,1,9.0,2,77462,M,,,77
201200037864,12,1,10,1745,5,1,1,1.0,4,77294,M,,,77
201200037865,12,2,24,1535,1,2,3,1.0,3,77294,M,,,77
201200037866,12,5,24,1635,1,2,1,1.0,3,77294,M,,,77
201200037867,12,7,5,2000,1,1,2,2.0,2,77291,M,,,77
201200037868,12,1,5,1735,3,1,1,6.0,2,77450,M,,,77
201200037869,12,1,12,1305,1,2,2,1.0,5,77296,M,4862750.0,259422.0,77
201200037870,12,1,25,1835,3,1,1,2.0,7,77114,M,,,77
201200037871,12,2,4,1830,3,2,2,1.0,1,77495,M,,,77
201200037872,12,1,27,1155,1,2,1,9.0,6,77067,M,,,77
201200037873,12,2,24,1300,1,1,1,8.0,2,77114,M,,,77
201200037874,12,3,18,1020,1,2,6,1.0,6,77251,M,4864310.0,254331.0,77
201200037875,12,3,21,1700,1,2,1,1.0,7,77326,M,4857492.0,252508.0,77
201200037876,12,3,22,625,2,2,1,1.0,2,77251,M,,,77
201200037877,12,3,28,1215,1,1,1,1.0,4,77495,M,,,77
201200037878,12,3,31,235,5,2,6,1.0,6,77053,M,,,77
201200037879,12,3,31,2250,5,2,3,1.0,7,77053,M,,,77
201200037880,12,4,8,1550,1,2,1,1.0,5,77445,M,,,77
201200037881,12,4,13,1715,1,1,1,8.0,2,77114,M,,,77
201200037882,12,5,2,2350,5,2,2,2.0,3,77251,M,,,77
201200037883,12,5,4,1715,1,2,1,2.0,1,77053,M,,,77
201200037884,12,5,7,1900,1,1,1,1.0,2,77053,M,,,77
201200037885,12,5,12,1520,1,2,2,1.0,3,77296,M,4862821.0,260017.0,77
201200037886,12,5,19,1300,1,2,1,1.0,6,77445,M,4858845.0,257661.0,77
201200037887,12,5,24,2150,2,2,6,1.0,7,77053,M,,,77
201200037888,12,5,24,1755,1,2,1,1.0,1,77445,M,4859418.0,256829.0,77
201200037889,12,6,1,1945,1,2,1,1.0,6,77445,M,4859417.0,258160.0,77
201200037890,12,6,4,815,1,1,3,1.0,5,77450,M,,,77
201200037891,12,6,5,1645,1,1,1,1.0,3,77067,M,,,77
201200037892,12,6,8,2250,5,2,9,8.0,6,77296,M,,,77
201200037893,12,6,6,2210,5,1,1,1.0,7,77445,M,,,77
201200037894,12,6,19,1730,1,2,1,1.0,2,77067,M,4856282.0,260595.0,77
201200037895,12,6,23,2225,5,1,6,1.0,3,77445,M,4859907.0,259210.0,77
201200037896,12,7,2,1400,1,2,6,1.0,3,77450,M,4871454.0,257751.0,77
201200037897,12,7,4,1400,1,2,1,2.0,7,77114,M,,,77
201200037898,12,8,1,1945,1,2,6,1.0,2,77326,M,,,77
201200037899,12,8,6,1925,1,1,6,1.0,3,77251,M,,,77
201200037900,12,8,21,1310,1,2,1,1.0,3,77495,M,,,77
201200037901,12,8,24,1400,1,1,2,1.0,3,77445,M,,,77
201200037902,12,9,1,1910,1,2,1,1.0,6,77296,M,4862739.0,257957.0,77
201200037903,12,9,3,2015,2,2,6,1.0,3,77053,M,,,77
201200037904,12,9,4,1530,1,1,1,1.0,3,77114,M,,,77
201200037905,12,9,9,954,1,1,6,1.0,3,77445,M,,,77
201200037906,12,9,15,825,1,1,4,1.0,1,77495,M,,,77
201200037907,12,9,20,1740,1,2,6,1.0,3,77296,M,4862739.0,257875.0,77
201200037908,12,9,29,1545,1,1,1,1.0,7,77384,M,,,77
201200037909,12,10,4,825,2,2,1,2.0,6,77251,M,4963564.0,254889.0,77
201200037910,12,10,6,220,5,2,1,1.0,6,77114,M,,,77
201200037911,12,11,1,1640,1,2,6,2.0,7,77067,M,4858635.0,259664.0,77
201200037912,12,11,3,750,2,1,1,2.0,7,77296,M,,,77
201200037913,12,12,9,1635,1,1,1,1.0,7,77122,M,,,77
201200037914,12,11,23,1810,3,1,1,2.0,5,77296,M,,,77
201200037915,12,12,18,1105,1,2,6,1.0,2,77251,M,,,77
201200037916,12,12,13,1830,5,2,1,2.0,5,77445,M,4859565.0,258344.0,77
201200037917,12,12,19,810,2,1,1,1.0,6,77450,M,,,77
201200037918,12,10,25,650,3,1,2,1.0,3,77296,M,,,77
201200037919,12,1,17,830,1,2,1,1.0,1,77305,M,,,77
201200037920,12,2,16,1435,1,1,1,8.0,1,77054,M,,,77
201200037921,12,3,21,1320,1,2,1,1.0,5,77305,M,,,77
201200037922,12,5,14,1015,1,1,1,1.0,1,77279,M,,,77
201200037923,12,5,17,655,2,1,1,1.0,7,77172,M,,,77
201200037924,12,7,28,1850,1,2,2,1.0,3,77305,M,4840027.0,297110.0,77
201200037925,12,7,28,1635,1,1,2,1.0,3,77439,M,,,77
201200037926,12,9,19,1820,1,1,6,1.0,3,77210,M,,,77
201200037927,12,11,10,1510,1,1,1,8.0,1,77172,M,,,77
201200037928,12,3,1,2240,5,2,9,9.0,6,77305,M,,,77
201200037929,12,3,27,2045,5,2,2,1.0,5,77419,M,,,77
201200037930,12,6,8,1700,1,2,1,1.0,6,77316,M,,,77
201200037931,12,6,24,1910,1,1,1,2.0,5,77316,M,,,77
201200037932,12,9,16,1325,1,2,1,1.0,2,77166,M,,,77
201200037933,12,11,15,710,5,2,3,1.0,3,77166,M,,,77
201200037934,12,8,29,1005,1,2,1,1.0,3,77316,M,,,77
201200037935,12,4,11,940,1,2,1,1.0,6,77458,M,4818240.0,273129.0,77
201200037936,12,4,14,1220,1,2,1,1.0,2,77333,M,,,77
201200037937,12,5,6,135,5,2,2,3.0,3,77302,M,,,77
201200037938,12,5,20,1830,1,1,1,1.0,3,77458,M,,,77
201200037939,12,9,21,720,1,2,1,1.0,3,77333,M,,,77
201200037940,12,9,26,725,2,2,8,1.0,6,77458,M,,,77
201200037941,12,9,28,1330,1,2,5,1.0,3,77431,M,,,77
201200037942,12,10,1,845,1,1,6,1.0,3,77156,M,,,77
201200037943,12,10,12,1820,2,1,1,1.0,2,77202,M,,,77
201200037944,12,11,8,1600,1,2,2,1.0,6,77333,M,,,77
201200037945,12,12,10,830,1,2,1,1.0,7,77048,M,,,77
201200037946,12,1,4,1930,5,2,1,2.0,6,77468,M,,,77
201200037947,12,1,23,2230,3,2,1,1.0,6,77337,M,,,77
201200037948,12,1,25,2015,5,2,1,1.0,6,77468,M,,,77
201200037949,12,2,9,1125,1,2,1,1.0,6,77337,M,4884374.0,261659.0,77
201200037950,12,2,23,2155,5,2,2,2.0,7,77083,M,,,77
201200037951,12,3,9,1320,1,1,2,1.0,2,77169,M,,,77
201200037952,12,3,9,1725,1,2,1,1.0,1,77169,M,,,77
201200037953,12,3,21,1630,1,2,1,1.0,6,77083,M,4885144.0,261184.0,77
201200037954,12,3,24,300,5,2,1,1.0,6,77083,M,4885052.0,257927.0,77
201200037955,12,3,28,1845,1,1,1,1.0,3,77258,M,,,77
201200037956,12,3,30,650,2,2,3,1.0,3,77146,M,4881920.0,263240.0,77
201200037957,12,4,3,2005,2,2,1,1.0,7,77468,M,4885533.0,264088.0,77
201200037958,12,4,6,1645,1,2,6,1.0,2,77083,M,,,77
201200037959,12,5,5,1650,1,2,1,1.0,6,77258,M,4883849.0,267668.0,77
201200037960,12,5,8,1805,1,2,3,1.0,3,77083,M,,,77
201200037961,12,5,28,1835,1,1,1,1.0,6,77468,M,4886531.0,266394.0,77
201200037962,12,5,27,45,5,2,1,1.0,6,77169,M,4880910.0,262083.0,77
201200037963,12,5,27,1055,1,2,6,1.0,6,77146,M,,,77
201200037964,12,5,31,1635,1,1,2,1.0,3,77121,M,4882937.0,267896.0,77
201200037965,12,6,2,1540,1,2,3,1.0,7,77468,M,4884837.0,264462.0,77
201200037966,12,6,7,1805,1,2,1,1.0,6,77468,M,4885433.0,263526.0,77
201200037967,12,6,13,830,1,2,6,1.0,3,77337,M,,,77
201200037968,12,6,15,2330,5,2,2,2.0,3,77083,M,,,77
201200037969,12,6,16,1510,1,2,4,1.0,3,77468,M,4884366.0,264454.0,77
201200037970,12,7,5,1545,1,2,6,1.0,3,77083,M,4885016.0,258534.0,77
201200037971,12,7,7,1930,1,2,3,1.0,3,77146,M,,,77
201200037972,12,7,22,1535,1,2,1,1.0,6,77146,M,4882681.0,263705.0,77
201200037973,12,8,2,1305,1,2,1,1.0,6,77468,M,4884315.0,265195.0,77
201200037974,12,8,23,1020,1,2,6,1.0,3,77083,M,4885016.0,258526.0,77
201200037975,12,8,24,1815,1,2,1,1.0,6,77468,M,4885070.0,265035.0,77
201200037976,12,9,1,530,5,2,1,1.0,2,77337,M,4884123.0,261532.0,77
201200037977,12,9,9,1730,1,1,9,1.0,6,77337,M,,,77
201200037978,12,9,9,1515,1,1,1,1.0,7,77146,M,,,77
201200037979,12,9,13,1645,1,2,1,1.0,7,77169,M,4881000.0,261341.0,77
201200037980,12,9,24,1920,2,2,3,1.0,3,77468,M,4885233.0,260232.0,77
201200037981,12,9,28,1905,1,2,1,1.0,6,77083,M,4885254.0,261021.0,77
201200037982,12,10,1,1750,1,2,1,1.0,6,77468,M,,,77
201200037983,12,10,4,1040,1,2,2,1.0,3,77083,M,4883928.0,258953.0,77
201200037984,12,10,20,1820,5,2,9,1.0,6,77258,M,,,77
201200037985,12,11,5,1740,2,1,1,1.0,2,77121,M,,,77
201200037986,12,11,12,1900,3,1,1,1.0,2,77121,M,,,77
201200037987,12,11,29,811,2,2,1,1.0,3,77169,M,4880889.0,261709.0,77
201200037988,12,12,4,910,1,2,3,2.0,6,77468,M,4885038.0,264841.0,77
201200037989,12,12,7,1250,1,2,1,2.0,6,77258,M,,,77
201200037990,12,12,12,705,5,2,1,1.0,6,77083,M,,,77
201200037991,12,12,20,2010,5,2,1,2.0,3,77350,M,,,77
201200037992,12,12,24,1315,1,2,1,1.0,7,77373,M,4880972.0,260613.0,77
201200037993,12,1,14,2235,3,1,1,1.0,5,77215,M,,,77
201200037994,12,1,21,730,5,2,1,2.0,1,77390,M,,,77
201200037995,12,2,7,830,1,2,3,1.0,6,77215,M,,,77
201200037996,12,2,12,1920,4,2,8,8.0,6,77215,M,,,77
201200037997,12,2,11,2030,5,2,1,1.0,6,77373,M,4879403.0,260447.0,77
201200037998,12,3,8,1715,1,2,9,1.0,6,77373,M,4878318.0,261613.0,77
201200037999,12,3,31,315,3,1,1,1.0,5,77350,M,,,77
201200038000,12,4,10,1745,1,2,1,2.0,1,77373,M,4879153.0,260404.0,77
201200038001,12,4,4,1605,1,2,1,1.0,6,77373,M,4879754.0,260489.0,77
201200038002,12,4,14,320,3,1,1,1.0,2,77215,M,,,77
201200038003,12,5,29,1350,1,2,1,1.0,1,77390,M,,,77
201200038004,12,4,1,140,3,2,2,1.0,3,77374,M,,,77
201200038005,12,6,14,1630,1,1,1,1.0,3,77373,M,,,77
201200038006,12,5,28,1830,1,2,3,1.0,2,77373,M,4878578.0,261107.0,77
201200038007,12,6,26,1320,1,2,1,8.0,6,77373,M,4880248.0,260818.0,77
201200038008,12,7,13,1350,1,1,1,2.0,3,77350,M,,,77
201200038009,12,8,24,1825,1,1,4,2.0,3,77373,M,,,77
201200038010,12,9,5,1120,1,1,1,1.0,7,77373,M,,,77
201200038011,12,10,3,1850,1,2,9,1.0,3,77390,M,4879389.0,266182.0,77
201200038012,12,10,3,810,1,2,1,1.0,6,77350,M,,,77
201200038013,12,10,11,1743,1,2,1,8.0,6,77215,M,4874168.0,272416.0,77
201200038014,12,10,18,1630,1,2,1,1.0,7,77350,M,4876290.0,266653.0,77
201200038015,12,10,16,1745,1,2,1,1.0,6,77350,M,4875744.0,269802.0,77
201200038016,12,10,2,1210,1,2,1,1.0,6,77373,M,4880539.0,259925.0,77
201200038017,12,11,17,1500,1,2,1,1.0,6,77373,M,4880232.0,260828.0,77
201200038018,12,11,24,1830,5,2,3,1.0,3,77350,M,,,77
201200038019,12,12,4,1450,1,2,1,1.0,6,77350,M,,,77
201200038020,12,10,19,1040,1,1,1,1.0,4,77373,M,,,77
201200038021,12,2,17,1500,1,2,3,1.0,7,77379,M,4856044.0,329946.0,77
201200038022,12,3,31,1745,1,1,1,1.0,5,77379,M,,,77
201200038023,12,6,1,1750,1,2,1,1.0,6,77379,M,4854849.0,329198.0,77
201200038024,12,5,25,1635,1,2,1,1.0,6,77379,M,4856044.0,330017.0,77
201200038025,12,6,23,1945,1,2,1,1.0,6,77379,M,4856073.0,329687.0,77
201200038026,12,7,25,1405,1,1,1,1.0,3,77379,M,,,77
201200038027,12,10,12,1340,1,2,6,1.0,3,77379,M,4855567.0,330404.0,77
201200038028,12,10,23,1300,1,2,1,1.0,6,77379,M,4856092.0,329005.0,77
201200038029,12,2,12,15,3,1,1,1.0,5,77118,M,,,77
201200038030,12,2,26,1210,1,2,2,1.0,1,77118,M,,,77
201200038031,12,12,20,1835,3,1,1,2.0,5,77294,M,,,77
201200038032,12,5,16,1945,1,1,1,1.0,2,77514,M,,,77
201200038033,12,7,14,1640,1,2,1,1.0,3,77118,M,,,77
201200038034,12,7,7,1825,1,2,2,2.0,3,77514,M,4894859.0,260014.0,77
201200038035,12,8,3,1110,1,2,1,1.0,6,77118,M,4894534.0,268394.0,77
201200038036,12,9,8,1120,1,2,2,1.0,6,77118,M,,,77
201200038037,12,10,6,1345,1,2,2,2.0,3,77514,M,,,77
201200038038,12,10,11,1450,1,2,6,2.0,3,77514,M,,,77
201200038039,12,11,17,1040,1,2,1,1.0,3,77118,M,,,77
201200038040,12,11,13,1750,5,2,9,1.0,3,77118,M,,,77
201200038041,12,12,12,1850,3,2,1,1.0,1,77118,M,,,77
201200038042,12,3,10,1835,1,2,3,1.0,3,78126,M,4884181.0,213121.0,78
201200038043,12,4,18,2315,5,2,3,2.0,3,78092,M,4886795.0,214616.0,78
201200038044,12,5,23,1135,1,2,9,1.0,6,78126,M,4883847.0,213011.0,78
201200038045,12,6,26,1950,1,2,3,8.0,7,78092,M,4886830.0,215259.0,78
201200038046,12,7,3,1630,1,2,2,1.0,3,78092,M,,,78
201200038047,12,9,15,1600,1,2,2,1.0,4,78092,M,,,78
201200038048,12,10,20,1550,1,2,7,1.0,6,78126,M,4884489.0,213255.0,78
201200038049,12,6,2,1910,1,2,1,1.0,6,78015,M,4896405.0,204395.0,78
201200038050,12,2,14,1700,1,2,1,1.0,6,78172,M,,,78
201200038051,12,2,14,1830,5,2,6,1.0,3,95218,M,4901110.0,209870.0,95
201200038052,12,1,24,1415,1,2,3,2.0,1,78138,M,,,78
201200038053,12,1,27,1150,1,2,1,1.0,2,78172,M,,,78
201200038054,12,5,12,355,5,2,2,1.0,3,78172,M,,,78
201200038055,12,6,4,1600,1,2,1,1.0,6,78172,M,,,78
201200038056,12,5,20,1850,1,2,9,1.0,3,78005,M,4894948.0,207105.0,78
201200038057,12,9,1,1740,1,2,6,1.0,3,78172,M,,,78
201200038058,12,5,17,2010,1,1,1,2.0,7,78172,M,,,78
201200038059,12,9,6,1845,1,2,1,1.0,1,78172,M,4900305.0,209378.0,78
201200038060,12,7,1,1730,1,1,1,1.0,6,78172,M,,,78
201200038061,12,9,8,1910,1,2,1,1.0,3,78172,M,,,78
201200038062,12,10,18,930,1,2,1,8.0,7,78015,M,,,78
201200038063,12,11,15,1800,2,2,1,1.0,3,78172,M,,,78
201200038064,12,1,5,555,5,2,1,2.0,6,78644,M,,,78
201200038065,12,1,11,1145,1,1,1,1.0,6,78644,M,4875678.0,194044.0,78
201200038066,12,1,17,1800,5,2,1,1.0,6,78208,M,,,78
201200038067,12,2,2,1740,1,1,1,1.0,3,78208,M,,,78
201200038068,12,2,6,1724,2,2,1,8.0,6,78208,M,4876499.0,195516.0,78
201200038069,12,2,9,810,2,2,1,4.0,2,78208,M,,,78
201200038070,12,3,27,1535,1,2,1,1.0,6,78168,M,4875369.0,193529.0,78
201200038071,12,4,11,1235,1,2,2,1.0,6,78383,M,4876429.0,194420.0,78
201200038072,12,4,18,1805,1,2,1,1.0,6,78383,M,,,78
201200038073,12,4,27,1846,1,2,1,1.0,6,78383,M,4876212.0,194585.0,78
201200038074,12,5,8,1445,1,1,1,8.0,1,78208,M,,,78
201200038075,12,5,13,1435,1,2,5,1.0,2,78168,M,,,78
201200038076,12,5,13,1540,1,2,2,1.0,3,78383,M,4876501.0,194274.0,78
201200038077,12,5,22,1750,1,1,1,1.0,2,78383,M,,,78
201200038078,12,5,28,110,5,1,2,1.0,4,78168,M,4874891.0,192571.0,78
201200038079,12,5,29,750,1,2,1,1.0,2,78644,M,4875092.0,194457.0,78
201200038080,12,5,31,2047,1,1,1,1.0,2,78168,M,,,78
201200038081,12,6,20,1420,1,2,1,1.0,2,78168,M,4875334.0,193489.0,78
201200038082,12,6,25,550,2,2,1,1.0,6,78168,M,,,78