Num_Acc,an,mois,jour,hrmn,lum,agg,int,atm,col,com,gps,lat,long,dep
201200038083,12,6,26,1240,1,2,1,2.0,4,78208,M,4878163.0,197313.0,78
201200038084,12,6,27,1800,1,1,1,1.0,4,78168,M,4875312.0,193407.0,78
201200038085,12,6,30,830,1,1,5,1.0,2,78168,M,4874852.0,192514.0,78
201200038086,12,7,6,1950,1,2,3,1.0,2,78383,M,4876098.0,193531.0,78
201200038087,12,7,6,855,1,1,3,1.0,3,78208,M,4879003.0,197238.0,78
201200038088,12,7,6,1000,1,2,1,1.0,6,78208,M,4876938.0,196314.0,78
201200038089,12,7,6,1635,1,2,1,1.0,1,78168,M,4875053.0,192959.0,78
201200038090,12,9,17,1330,1,2,1,1.0,6,78208,M,4876691.0,196071.0,78
201200038091,12,9,21,1610,1,2,1,2.0,3,78383,M,4876215.0,193672.0,78
201200038092,12,9,25,1900,2,2,1,8.0,6,78397,M,4874279.0,194475.0,78
201200038093,12,10,8,1615,1,2,1,8.0,6,78168,M,4874965.0,192785.0,78
201200038094,12,10,8,1435,1,2,1,2.0,3,78208,M,4876816.0,195027.0,78
201200038095,12,10,11,745,2,2,2,8.0,4,78168,M,,,78
201200038096,12,10,13,1700,1,2,2,3.0,4,78168,M,,,78
201200038097,12,6,20,733,2,2,2,1.0,3,78208,M,,,78
201200038098,12,10,16,1720,1,2,1,1.0,6,78383,M,4876169.0,194544.0,78
201200038099,12,10,25,850,1,2,1,1.0,6,78397,M,4874426.0,194806.0,78
201200038100,12,11,2,1745,3,1,1,1.0,1,78383,M,,,78
201200038101,12,11,10,1920,5,2,2,2.0,6,78168,M,,,78
201200038102,12,11,9,1730,4,2,1,1.0,6,78208,M,,,78
201200038103,12,11,13,845,1,1,1,8.0,3,78208,M,,,78
201200038104,12,11,18,1835,5,2,2,2.0,4,78168,M,,,78
201200038105,12,11,19,1850,2,1,2,1.0,4,78208,M,4877060.0,196958.0,78
201200038106,12,11,22,1225,1,2,1,1.0,6,78208,M,4878591.0,195287.0,78
201200038107,12,12,1,1130,1,2,2,1.0,3,78397,M,4874246.0,194458.0,78
201200038108,12,12,4,2300,5,2,2,2.0,3,78383,M,4876335.0,194511.0,78
201200038109,12,12,6,2235,4,2,2,1.0,3,78168,M,4874672.0,192099.0,78
201200038110,12,12,4,1850,2,2,1,2.0,7,78208,M,,,78
201200038111,12,12,17,2000,5,2,3,2.0,3,78208,M,4877345.0,195716.0,78
201200038112,12,12,20,1520,1,2,1,2.0,7,78397,M,,,78
201200038113,12,12,21,1740,5,2,1,8.0,7,78397,M,,,78
201200038114,12,11,19,1855,2,2,2,1.0,4,78208,M,4877068.0,196979.0,78
201200038115,12,12,20,1720,4,2,1,2.0,6,78423,M,4877761.0,204307.0,78
201200038116,12,12,1,1115,1,1,7,1.0,6,78423,M,4878101.0,204277.0,78
201200038117,12,1,17,1635,1,2,2,1.0,3,78297,M,,,78
201200038118,12,1,18,1845,5,2,7,2.0,6,78423,M,,,78
201200038119,12,1,20,1745,5,2,7,2.0,4,78423,M,,,78
201200038120,12,1,24,1840,5,2,1,2.0,6,78297,M,4877341.0,206595.0,78
201200038121,12,1,30,1905,5,2,6,1.0,3,78297,M,,,78
201200038122,12,1,31,840,1,2,1,1.0,6,78423,M,,,78
201200038123,12,2,4,1400,1,2,2,1.0,3,78423,M,4876772.0,204014.0,78
201200038124,12,2,7,1530,1,1,1,1.0,6,78297,M,4877984.0,209585.0,78
201200038125,12,2,21,1355,1,2,1,1.0,2,78423,M,,,78
201200038126,12,2,21,1815,1,2,7,1.0,6,78423,M,,,78
201200038127,12,2,26,2130,5,1,4,1.0,6,78423,M,,,78
201200038128,12,3,7,1745,1,2,1,2.0,2,78423,M,4878255.0,204124.0,78
201200038129,12,3,12,1715,1,2,3,1.0,6,78688,M,4876294.0,205069.0,78
201200038130,12,4,27,750,2,2,2,1.0,6,78297,M,4878234.0,205471.0,78
201200038131,12,5,26,1120,1,2,1,7.0,6,78297,M,4878021.0,206185.0,78
201200038132,12,3,27,1120,1,2,3,1.0,6,78423,M,4876942.0,204944.0,78
201200038133,12,5,16,1315,1,2,2,3.0,2,78688,M,4876502.0,204125.0,78
201200038134,12,6,8,840,1,2,1,1.0,2,78688,M,,,78
201200038135,12,6,11,920,1,2,3,1.0,6,78423,M,4878721.0,204528.0,78
201200038136,12,6,18,1835,1,2,1,1.0,6,78297,M,4876602.0,207338.0,78
201200038137,12,7,4,1620,1,2,1,1.0,6,78423,M,4878406.0,203981.0,78
201200038138,12,7,24,915,1,2,2,1.0,3,78297,M,4878788.0,205631.0,78
201200038139,12,7,24,1920,1,2,2,7.0,6,78423,M,4877508.0,204155.0,78
201200038140,12,7,25,2310,5,2,2,1.0,2,78297,M,4877478.0,209038.0,78
201200038141,12,8,15,1505,1,2,1,1.0,3,78297,M,,,78
201200038142,12,8,23,1750,1,2,1,1.0,1,78297,M,4877708.0,206021.0,78
201200038143,12,8,27,1450,1,2,6,1.0,2,78297,M,,,78
201200038144,12,9,6,1410,1,2,6,1.0,3,78297,M,4878715.0,205476.0,78
201200038145,12,9,13,1753,1,2,1,1.0,6,78423,M,4877924.0,204417.0,78
201200038146,12,9,17,1845,1,2,1,1.0,1,78423,M,4878554.0,204139.0,78
201200038147,12,9,28,1230,1,2,3,1.0,3,78297,M,4878619.0,205139.0,78
201200038148,12,9,7,1810,1,1,2,1.0,6,78423,M,4878483.0,204480.0,78
201200038149,12,10,29,1210,1,2,1,1.0,2,78297,M,4878997.0,205069.0,78
201200038150,12,10,23,945,1,2,9,5.0,3,78297,M,4877510.0,207400.0,78
201200038151,12,10,19,1130,1,2,1,1.0,3,78297,M,4877091.0,207357.0,78
201200038152,12,10,31,1040,1,2,1,1.0,3,78297,M,4878378.0,205236.0,78
201200038153,12,10,23,1800,1,2,6,1.0,3,78297,M,4878500.0,205973.0,78
201200038154,12,11,24,1840,5,2,3,1.0,6,78423,M,,,78
201200038155,12,8,17,905,1,2,1,1.0,2,78423,M,,,78
201200038156,12,12,3,1830,5,2,3,2.0,6,78423,M,4878428.0,203936.0,78
201200038157,12,12,19,1750,3,2,6,3.0,6,78297,M,4877126.0,205525.0,78
201200038158,12,1,12,1705,5,2,2,1.0,6,78311,M,,,78
201200038159,12,2,9,825,1,2,1,1.0,6,78311,M,4893044.0,218051.0,78
201200038160,12,2,15,2020,5,2,2,9.0,3,78124,M,,,78
201200038161,12,2,6,1830,5,2,2,9.0,1,78311,M,4892859.0,218906.0,78
201200038162,12,3,2,1940,5,2,3,1.0,3,78124,M,4891219.0,217696.0,78
201200038163,12,3,8,1745,1,2,1,1.0,3,78311,M,4892894.0,218834.0,78
201200038164,12,3,27,1735,1,2,3,7.0,3,78311,M,4892486.0,218223.0,78
201200038165,12,4,4,900,1,2,1,1.0,3,78124,M,4890593.0,217161.0,78
201200038166,12,4,25,1400,1,2,1,2.0,6,78124,M,,,78
201200038167,12,4,18,1635,1,2,2,8.0,6,78311,M,4892050.0,219744.0,78
201200038168,12,4,25,1305,1,2,1,2.0,1,78124,M,,,78
201200038169,12,7,7,1730,1,2,3,2.0,3,78311,M,4892590.0,219422.0,78
201200038170,12,9,8,1150,1,2,9,1.0,3,78311,M,,,78
201200038171,12,5,24,1625,1,2,1,1.0,3,78311,M,,,78
201200038172,12,5,27,1835,1,2,1,1.0,5,78124,M,,,78
201200038173,12,7,25,1045,1,2,3,1.0,6,78311,M,4891985.0,219159.0,78
201200038174,12,7,4,1435,1,2,4,1.0,3,78311,M,4892946.0,218515.0,78
201200038175,12,8,9,1910,1,2,1,1.0,6,78311,M,,,78
201200038176,12,9,8,1830,1,2,1,1.0,4,78311,M,4893236.0,218183.0,78
201200038177,12,10,12,1310,1,2,2,1.0,3,78311,M,4892110.0,219193.0,78
201200038178,12,10,20,2025,5,2,2,2.0,3,78311,M,,,78
201200038179,12,10,8,1315,1,2,3,2.0,7,78124,M,4890663.0,217281.0,78
201200038180,12,10,17,1645,1,2,3,1.0,6,78311,M,4892436.0,218614.0,78
201200038181,12,10,24,1235,1,2,1,1.0,6,78124,M,4891417.0,219526.0,78
201200038182,12,3,24,1320,1,2,3,1.0,3,78124,M,4891613.0,219453.0,78
201200038183,12,9,8,1600,1,2,3,1.0,3,78311,M,,,78
201200038184,12,12,12,1545,1,2,2,1.0,3,78311,M,,,78
201200038185,12,3,9,727,1,2,3,1.0,3,78358,M,,,78
201200038186,12,9,30,1825,1,2,6,1.0,2,78358,M,,,78
201200038187,12,12,19,750,3,2,2,1.0,3,78358,M,4895412.0,215521.0,78
201200038188,12,1,3,1755,5,2,2,1.0,6,78361,M,4899495.0,168831.0,78
201200038189,12,1,9,1640,1,2,1,1.0,6,78362,M,,,78
201200038190,12,1,14,1435,1,2,1,1.0,1,78118,M,,,78
201200038191,12,1,27,1835,5,2,3,1.0,3,78402,M,,,78
201200038192,12,2,11,745,5,1,1,1.0,1,78314,M,4859000.0,147000.0,78
201200038193,12,2,16,1730,2,1,1,8.0,6,78217,M,,,78
201200038194,12,2,17,1105,1,2,2,1.0,5,78354,M,,,78
201200038195,12,3,12,1540,1,2,2,1.0,3,78335,M,4899286.0,173431.0,78
201200038196,12,4,2,1900,1,2,3,7.0,6,78361,M,4900529.0,168527.0,78
201200038197,12,4,27,1945,2,2,2,1.0,6,78267,M,4898822.0,181978.0,78
201200038198,12,5,13,1830,1,1,1,1.0,3,78314,M,,,78
201200038199,12,5,25,2130,1,2,1,1.0,6,78361,M,4899781.0,170542.0,78
201200038200,12,6,1,1735,1,2,1,1.0,6,78361,M,4899095.0,171686.0,78
201200038201,12,6,5,1700,1,2,9,1.0,6,78361,M,4900007.0,168434.0,78
201200038202,12,6,27,1910,1,2,3,1.0,1,78361,M,,,78
201200038203,12,7,5,5,4,2,1,1.0,6,78314,M,4899065.0,179466.0,78
201200038204,12,7,4,2110,2,2,3,1.0,6,78361,M,4900186.0,168994.0,78
201200038205,12,7,12,1315,1,2,2,1.0,6,78361,M,4899877.0,168408.0,78
201200038206,12,7,15,1930,1,2,3,1.0,2,78362,M,,,78
201200038207,12,7,25,2040,2,2,2,1.0,3,78361,M,4900197.0,168705.0,78
201200038208,12,8,8,1800,1,2,3,1.0,3,78118,M,4898322.0,167401.0,78
201200038209,12,8,18,2040,1,2,1,1.0,6,78217,M,4895701.0,181457.0,78
201200038210,12,8,28,1940,1,2,1,1.0,3,78361,M,4900233.0,169002.0,78
201200038211,12,9,5,630,2,2,2,1.0,3,78361,M,4899681.0,167635.0,78
201200038212,12,9,9,2130,2,1,2,1.0,6,78362,M,,,78
201200038213,12,9,11,1640,1,2,2,1.0,3,78267,M,4898802.0,181024.0,78
201200038214,12,9,20,1730,1,2,2,8.0,3,78361,M,4900405.0,168060.0,78
201200038215,12,10,12,1650,1,2,1,1.0,3,78402,M,4895468.0,179940.0,78
201200038216,12,10,25,1950,2,2,1,1.0,6,78217,M,,,78
201200038217,12,10,31,1900,5,2,1,1.0,6,78362,M,,,78
201200038218,12,11,9,1840,3,2,3,2.0,3,78267,M,4898831.0,180244.0,78
201200038219,12,11,23,1945,5,2,1,2.0,3,78361,M,,,78
201200038220,12,12,3,640,5,2,4,2.0,6,78362,M,4896961.0,171709.0,78
201200038221,12,4,17,955,1,1,1,8.0,6,78224,M,,,78
201200038222,12,7,12,850,1,2,3,1.0,2,78350,M,,,78
201200038223,12,12,7,1850,5,2,9,2.0,3,78372,M,4887178.0,209319.0,78
201200038224,12,12,17,802,4,2,1,2.0,4,78350,M,,,78
201200038225,12,1,9,1100,1,2,3,1.0,2,78440,M,4899240.0,190301.0,78
201200038226,12,1,9,2020,5,2,3,8.0,3,78029,M,4895895.0,185707.0,78
201200038227,12,1,10,1007,1,1,1,1.0,6,78440,M,4899396.0,193576.0,78
201200038228,12,1,10,1142,1,2,3,1.0,4,78440,M,4897972.0,191291.0,78
201200038229,12,1,11,1900,5,2,3,1.0,4,78440,M,4898916.0,189830.0,78
201200038230,12,1,13,545,5,1,1,1.0,7,78238,M,4897401.0,188046.0,78
201200038231,12,1,13,225,5,2,6,1.0,3,78440,M,4899695.0,191329.0,78
201200038232,12,12,19,1830,3,2,1,3.0,2,78238,M,,,78
201200038233,12,1,17,930,1,2,1,7.0,6,78029,M,4895633.0,185816.0,78
201200038234,12,1,17,815,2,2,4,1.0,6,78440,M,4899143.0,191072.0,78
201200038235,12,1,3,835,1,2,2,1.0,6,78440,M,4898825.0,190936.0,78
201200038236,12,1,20,2020,3,1,1,1.0,1,78029,M,4894555.0,186620.0,78
201200038237,12,1,27,2305,3,2,1,1.0,2,78609,M,4902463.0,192226.0,78
201200038238,12,1,27,1130,1,2,2,1.0,2,78401,M,4901028.0,190378.0,78
201200038239,12,2,7,1615,1,2,2,1.0,4,78401,M,4901025.0,190377.0,78
201200038240,12,2,8,1255,1,2,3,1.0,2,78440,M,4897384.0,191715.0,78
201200038241,12,2,18,1740,2,2,6,2.0,3,78029,M,4896263.0,185797.0,78
201200038242,12,2,29,2000,5,2,6,1.0,3,78238,M,4896973.0,186377.0,78
201200038243,12,3,8,850,1,2,1,1.0,3,78299,M,4900925.0,190079.0,78
201200038244,12,2,26,1600,1,1,1,1.0,6,78440,M,4899093.0,190574.0,78
201200038245,12,2,11,530,5,2,1,1.0,6,78440,M,4899751.0,190986.0,78
201200038246,12,3,8,1740,1,2,2,1.0,6,78440,M,4898578.0,191193.0,78
201200038247,12,2,16,1930,5,2,1,1.0,7,78401,M,4900899.0,192392.0,78
201200038248,12,3,16,1100,1,1,9,1.0,3,78238,M,4897337.0,187965.0,78
201200038249,12,3,19,1835,1,2,6,1.0,6,78440,M,,,78
201200038250,12,3,16,1710,1,2,1,1.0,6,78638,M,4900659.0,196394.0,78
201200038251,12,3,27,810,1,2,3,1.0,2,78401,M,4900506.0,191134.0,78
201200038252,12,3,23,1940,5,2,3,1.0,2,78029,M,4896129.0,185016.0,78
201200038253,12,3,27,1730,1,2,3,1.0,3,78238,M,4896464.0,187057.0,78
201200038254,12,3,23,2035,5,2,3,1.0,3,78029,M,4897650.0,185030.0,78
201200038255,12,4,5,1245,1,2,1,1.0,1,78440,M,4897423.0,191211.0,78
201200038256,12,4,5,1335,1,2,2,1.0,3,78440,M,4898550.0,191008.0,78
201200038257,12,4,10,1440,1,2,2,3.0,3,78238,M,4896344.0,186230.0,78
201200038258,12,3,28,645,5,2,1,1.0,1,78440,M,4899658.0,192806.0,78
201200038259,12,4,16,1630,1,2,3,1.0,3,78029,M,4895707.0,184727.0,78
201200038260,12,4,20,1846,1,2,3,2.0,1,78440,M,4898648.0,192089.0,78
201200038261,12,4,27,1440,1,2,3,1.0,2,78299,M,4900543.0,190424.0,78
201200038262,12,5,15,740,1,2,3,1.0,6,78401,M,4900711.0,190550.0,78
201200038263,12,5,21,1910,1,2,3,2.0,3,78440,M,4898782.0,189667.0,78
201200038264,12,4,21,420,5,2,1,2.0,6,78401,M,4901202.0,191810.0,78
201200038265,12,5,13,1743,1,2,6,1.0,6,78029,M,4895239.0,185743.0,78
201200038266,12,5,13,1400,1,2,1,1.0,7,78401,M,4900609.0,191583.0,78
201200038267,12,5,29,855,1,2,6,1.0,3,78440,M,4897465.0,191643.0,78
201200038268,12,6,5,1845,1,2,1,1.0,6,78440,M,4897533.0,190900.0,78
201200038269,12,6,10,1620,1,2,1,2.0,4,78029,M,4896198.0,185446.0,78
201200038270,12,6,17,1735,1,2,3,1.0,3,78029,M,4895596.0,185855.0,78
201200038271,12,6,19,1820,1,2,1,1.0,6,78440,M,4897660.0,191802.0,78
201200038272,12,6,18,1936,1,2,3,1.0,3,78029,M,4897607.0,185203.0,78
201200038273,12,6,20,1330,1,2,1,1.0,2,78029,M,4896989.0,184910.0,78
201200038274,12,5,28,615,1,2,6,1.0,6,78440,M,4898384.0,189206.0,78
201200038275,12,6,21,1850,1,2,1,1.0,7,78638,M,4899600.0,198078.0,78
201200038276,12,6,25,1000,1,1,2,1.0,3,78440,M,,,78
201200038277,12,6,26,1210,1,2,1,2.0,6,78029,M,4894560.0,186620.0,78
201200038278,12,6,30,1450,1,2,1,1.0,6,78029,M,4897197.0,184705.0,78
201200038279,12,6,30,1405,1,2,6,1.0,3,78440,M,,,78
201200038280,12,6,21,1430,1,1,2,1.0,3,78609,M,,,78
201200038281,12,7,4,1330,1,2,1,1.0,6,78440,M,4899497.0,193056.0,78
201200038282,12,7,19,1950,1,2,6,1.0,6,78440,M,4897865.0,191366.0,78
201200038283,12,7,19,1840,1,2,2,1.0,3,78440,M,4898602.0,191463.0,78
201200038284,12,7,22,2045,1,2,1,1.0,1,78029,M,4895633.0,186142.0,78
201200038285,12,7,22,35,5,2,1,1.0,6,78440,M,4899115.0,191298.0,78
201200038286,12,7,27,2210,5,2,1,1.0,6,78401,M,,,78
201200038287,12,7,30,1829,1,2,2,1.0,6,78440,M,4898674.0,192392.0,78
201200038288,12,8,5,1720,1,2,3,1.0,3,78440,M,4898593.0,191356.0,78
201200038289,12,8,12,1735,1,2,2,1.0,1,78440,M,4899716.0,191131.0,78
201200038290,12,8,10,1245,1,2,2,1.0,2,78401,M,4900430.0,190684.0,78
201200038291,12,7,3,1820,1,2,1,1.0,1,78029,M,4895496.0,186541.0,78
201200038292,12,8,20,1220,1,2,2,2.0,2,78440,M,4899827.0,192306.0,78
201200038293,12,8,21,500,5,2,6,1.0,6,78440,M,4899773.0,190891.0,78
201200038294,12,9,12,2350,5,2,1,2.0,6,78440,M,4899469.0,192411.0,78
201200038295,12,9,18,1455,1,2,1,1.0,3,78440,M,,,78
201200038296,12,9,10,1955,1,2,6,1.0,3,78440,M,4899695.0,191330.0,78
201200038297,12,9,11,1340,1,2,2,2.0,3,78238,M,4896346.0,186234.0,78
201200038298,12,9,18,935,1,2,1,1.0,2,78440,M,,,78
201200038299,12,9,21,1850,2,2,1,2.0,2,78440,M,,,78
201200038300,12,9,26,1835,1,1,6,1.0,3,78029,M,4895956.0,184077.0,78
201200038301,12,9,26,1815,1,2,3,3.0,3,78029,M,,,78
201200038302,12,9,27,1525,1,2,1,2.0,4,78440,M,,,78
201200038303,12,9,28,1745,1,2,1,1.0,1,78029,M,4894164.0,184808.0,78
201200038304,12,9,30,1535,1,2,2,1.0,3,78401,M,4901026.0,190377.0,78
201200038305,12,10,16,1625,1,1,1,1.0,6,78261,M,,,78
201200038306,12,10,20,1630,1,2,2,2.0,6,78029,M,4897559.0,184798.0,78
201200038307,12,10,19,2030,5,2,3,2.0,6,78440,M,4898323.0,191208.0,78
201200038308,12,10,27,1200,1,1,2,1.0,3,78609,M,,,78
201200038309,12,10,29,1305,1,2,6,1.0,2,78238,M,,,78
201200038310,12,10,30,1950,3,2,1,1.0,6,78440,M,4897764.0,190999.0,78
201200038311,12,11,2,2040,5,2,2,9.0,2,78440,M,,,78
201200038312,12,11,2,1630,1,2,2,1.0,2,78238,M,,,78
201200038313,12,11,6,2253,5,2,2,1.0,4,78401,M,4901027.0,190374.0,78
201200038314,12,11,7,820,1,2,2,1.0,6,78440,M,4898580.0,191189.0,78
201200038315,12,11,11,1725,2,1,2,1.0,3,78140,M,,,78
201200038316,12,11,20,920,1,2,4,1.0,2,78440,M,4899254.0,190314.0,78
201200038317,12,11,25,1600,1,2,1,2.0,6,78261,M,,,78
201200038318,12,11,27,1545,1,1,2,9.0,3,78440,M,,,78
201200038319,12,11,28,650,3,2,4,1.0,3,78401,M,,,78
201200038320,12,11,29,845,1,2,3,8.0,2,78440,M,,,78
201200038321,12,11,29,930,1,2,2,1.0,2,78440,M,,,78
201200038322,12,12,11,810,1,2,6,1.0,6,78440,M,4899586.0,191612.0,78
201200038323,12,12,6,1810,5,2,6,2.0,6,78029,M,4897616.0,184496.0,78
201200038324,12,12,6,750,2,2,6,9.0,6,78261,M,4902701.0,188755.0,78
201200038325,12,12,14,1800,5,2,1,2.0,6,78029,M,4895957.0,185812.0,78
201200038326,12,12,9,2020,3,1,1,1.0,6,78238,M,,,78
201200038327,12,12,9,1830,3,2,2,3.0,3,78029,M,4897222.0,184214.0,78
201200038328,12,12,19,725,2,2,3,1.0,5,78401,M,4900441.0,190801.0,78
201200038329,12,12,26,1745,5,2,1,1.0,4,78440,M,,,78
201200038330,12,12,26,1945,5,2,6,2.0,6,78440,M,,,78
201200038331,12,12,28,1230,1,2,2,1.0,2,78440,M,4899725.0,191089.0,78
201200038332,12,1,15,1910,4,1,6,1.0,3,78674,M,,,78
201200038333,12,1,18,1310,1,2,1,1.0,1,78165,M,,,78
201200038334,12,1,26,1245,1,2,6,3.0,3,78674,M,,,78
201200038335,12,3,3,1210,1,2,1,1.0,2,78490,M,4880468.0,195615.0,78
201200038336,12,3,3,1918,5,2,1,2.0,6,78490,M,4882204.0,196471.0,78
201200038337,12,2,26,1445,1,1,1,1.0,2,78490,M,,,78
201200038338,12,3,7,2320,5,2,2,1.0,3,78165,M,4882238.0,198744.0,78
201200038339,12,3,14,820,1,1,9,5.0,3,78490,M,4879722.0,193132.0,78
201200038340,12,2,17,825,1,2,2,1.0,3,78490,M,4882305.0,196040.0,78
201200038341,12,3,20,830,1,2,3,1.0,3,78490,M,4882708.0,195363.0,78
201200038342,12,3,7,835,1,2,6,1.0,7,78490,M,4880133.0,196545.0,78
201200038343,12,3,15,850,1,2,4,1.0,6,78674,M,4882022.0,199938.0,78
201200038344,12,3,22,935,1,1,1,7.0,1,78571,M,4885241.0,201843.0,78
201200038345,12,3,29,1725,1,2,2,1.0,3,78490,M,4882695.0,195216.0,78
201200038346,12,4,4,840,1,1,1,1.0,4,78490,M,,,78
201200038347,12,4,20,2110,5,2,1,3.0,1,78490,M,4881076.0,196059.0,78
201200038348,12,4,24,1610,1,2,3,1.0,2,78490,M,4881735.0,192219.0,78
201200038349,12,5,5,1900,1,2,3,1.0,2,78490,M,4881712.0,195181.0,78
201200038350,12,5,12,1940,1,2,1,1.0,6,78490,M,4882306.0,195357.0,78
201200038351,12,5,12,1925,1,2,1,1.0,6,78165,M,4882548.0,199647.0,78
201200038352,12,6,2,1020,1,2,6,1.0,3,78490,M,,,78
201200038353,12,6,6,1605,1,2,1,1.0,6,78165,M,4882078.0,198424.0,78
201200038354,12,5,29,1500,1,2,2,1.0,3,78165,M,4882848.0,198905.0,78
201200038355,12,6,15,1325,1,1,6,1.0,3,78490,M,4879655.0,195095.0,78
201200038356,12,3,10,1625,1,2,1,1.0,6,78490,M,4882597.0,195268.0,78
201200038357,12,9,7,1705,1,2,6,1.0,3,78165,M,4882754.0,197207.0,78
201200038358,12,9,9,1825,1,2,1,1.0,1,78490,M,4882139.0,194454.0,78
201200038359,12,9,11,930,1,2,2,2.0,3,78490,M,4881831.0,194933.0,78
201200038360,12,5,27,1745,1,2,1,1.0,7,78490,M,4882235.0,196341.0,78
201200038361,12,9,14,915,1,2,9,1.0,6,78490,M,4882640.0,196578.0,78
201200038362,12,9,7,1155,1,2,1,1.0,5,78490,M,,,78
201200038363,12,9,27,1800,1,2,6,1.0,6,78490,M,4883115.0,194484.0,78
201200038364,12,10,3,1500,1,2,3,2.0,3,78165,M,4882274.0,198599.0,78
201200038365,12,10,4,1510,1,2,2,1.0,2,78165,M,4882798.0,199160.0,78
201200038366,12,10,15,945,1,2,1,1.0,2,78490,M,,,78
201200038367,12,9,22,1240,1,2,1,1.0,2,78674,M,,,78
201200038368,12,11,4,200,5,2,1,1.0,6,78674,M,4882756.0,200084.0,78
201200038369,12,11,5,730,1,2,2,1.0,2,78490,M,4881421.0,194552.0,78
201200038370,12,10,30,1615,1,2,2,2.0,4,78165,M,,,78
201200038371,12,10,5,1800,1,2,2,1.0,3,78490,M,4882385.0,195253.0,78
201200038372,12,9,21,1910,4,2,3,2.0,3,78490,M,4882804.0,194359.0,78
201200038373,12,11,27,1815,5,2,1,1.0,6,78490,M,4882383.0,195369.0,78
201200038374,12,11,27,1615,1,2,3,1.0,7,78490,M,,,78
201200038375,12,11,29,900,1,2,1,1.0,7,78165,M,,,78
201200038376,12,12,5,1400,1,1,1,2.0,7,78674,M,,,78
201200038377,12,12,8,1200,1,2,6,1.0,2,78490,M,4883116.0,194484.0,78
201200038378,12,12,12,1400,1,2,3,1.0,6,78490,M,4882174.0,194458.0,78
201200038379,12,12,12,1815,5,2,6,1.0,6,78165,M,,,78
201200038380,12,1,14,1315,1,2,2,1.0,2,78123,M,,,78
201200038381,12,1,27,810,1,2,3,1.0,1,78642,M,,,78
201200038382,12,2,3,1940,5,2,1,1.0,6,78123,M,4894338.0,202259.0,78
201200038383,12,2,27,2130,5,2,1,1.0,3,78498,M,,,78
201200038384,12,3,7,1640,1,2,3,2.0,2,78643,M,4897802.0,199589.0,78
201200038385,12,3,13,1935,5,2,2,1.0,6,78624,M,4897659.0,200862.0,78
201200038386,12,3,18,2000,5,2,3,2.0,3,78498,M,4893479.0,205774.0,78
201200038387,12,3,25,2045,2,2,2,1.0,3,78123,M,4893983.0,201883.0,78
201200038388,12,3,20,815,1,2,1,1.0,6,78498,M,4892203.0,202536.0,78
201200038389,12,1,4,2110,4,1,1,1.0,6,78123,M,,,78
201200038390,12,3,29,1830,1,2,3,1.0,2,78498,M,4892405.0,205357.0,78
201200038391,12,3,16,755,2,1,1,5.0,6,78498,M,,,78
201200038392,12,4,5,1715,1,2,1,1.0,3,78498,M,,,78
201200038393,12,4,2,900,1,2,1,1.0,7,78624,M,4899252.0,200686.0,78
201200038394,12,4,16,2125,5,2,2,1.0,6,78123,M,4894839.0,204205.0,78
201200038395,12,4,7,800,1,2,1,1.0,6,78624,M,,,78
201200038396,12,4,6,650,1,1,1,1.0,6,78642,M,,,78
201200038397,12,2,17,1550,1,2,1,1.0,6,78624,M,,,78
201200038398,12,5,5,1300,1,2,1,1.0,6,78672,M,4893783.0,199963.0,78
201200038399,12,5,11,2015,1,2,1,1.0,6,78123,M,4895501.0,204197.0,78
201200038400,12,1,11,1810,5,2,6,1.0,4,78643,M,,,78
201200038401,12,5,20,1030,1,2,6,1.0,3,78642,M,4897445.0,196517.0,78
201200038402,12,5,21,1445,1,1,1,2.0,1,78498,M,,,78
201200038403,12,5,26,1635,1,2,1,1.0,3,78498,M,,,78
201200038404,12,6,2,1305,1,2,2,1.0,7,78498,M,4892727.0,204104.0,78
201200038405,12,6,2,1300,1,2,2,1.0,7,78498,M,4892991.0,203536.0,78
201200038406,12,6,11,1150,1,2,2,1.0,6,78498,M,4892935.0,204284.0,78
201200038407,12,6,27,1930,1,1,4,1.0,2,78498,M,,,78
201200038408,12,7,3,1804,1,2,1,1.0,6,78498,M,,,78
201200038409,12,7,24,1715,1,2,2,1.0,3,78123,M,4893773.0,201895.0,78
201200038410,12,7,27,1635,1,2,1,9.0,7,78498,M,4891992.0,201788.0,78
201200038411,12,8,20,745,1,1,1,1.0,3,78498,M,,,78
201200038412,12,8,18,1120,1,2,1,1.0,2,78498,M,,,78
201200038413,12,8,30,1630,1,2,2,1.0,6,78498,M,4893108.0,204590.0,78
201200038414,12,9,20,845,1,2,6,1.0,3,78642,M,4898659.0,196522.0,78