Num_Acc,an,mois,jour,hrmn,lum,agg,int,atm,col,com,gps,lat,long,dep
201200038415,12,9,25,1855,1,2,2,1.0,5,78498,M,,,78
201200038416,12,9,24,1640,1,2,1,1.0,6,78498,M,4892190.0,202943.0,78
201200038417,12,9,21,1645,1,2,1,2.0,7,78123,M,,,78
201200038418,12,10,4,830,1,2,1,2.0,2,78123,M,,,78
201200038419,12,10,13,1340,1,1,1,2.0,2,78624,M,,,78
201200038420,12,10,13,2050,5,2,2,1.0,1,78498,M,4893335.0,204916.0,78
201200038421,12,10,25,1935,2,2,4,1.0,6,78498,M,4893509.0,205900.0,78
201200038422,12,10,15,740,2,2,1,1.0,6,78123,M,,,78
201200038423,12,11,15,1815,3,1,1,1.0,4,78498,M,,,78
201200038424,12,11,20,750,2,1,1,1.0,7,78624,M,,,78
201200038425,12,12,10,1235,1,2,3,1.0,4,78498,M,4892907.0,203794.0,78
201200038426,12,12,14,505,3,1,1,1.0,1,78123,M,,,78
201200038427,12,12,15,2220,5,2,2,2.0,3,78624,M,,,78
201200038428,12,12,19,1225,1,2,4,1.0,6,78672,M,4892829.0,199915.0,78
201200038429,12,2,14,2000,1,2,1,1.0,7,78624,M,,,78
201200038430,12,2,16,2240,5,2,2,1.0,4,78498,M,,,78
201200038431,12,2,28,1052,1,2,3,1.0,6,78498,M,4893397.0,205316.0,78
201200038432,12,3,5,1230,1,1,6,1.0,6,78498,M,4891738.0,201205.0,78
201200038433,12,4,1,1200,1,2,1,1.0,2,78498,M,,,78
201200038434,12,4,2,2140,5,2,6,1.0,6,78498,M,4892862.0,204176.0,78
201200038435,12,4,10,1515,1,2,4,2.0,6,78624,M,4897754.0,201426.0,78
201200038436,12,4,30,1545,1,1,1,1.0,1,78643,M,,,78
201200038437,12,5,11,1920,1,1,9,1.0,6,78643,M,4896739.0,199409.0,78
201200038438,12,5,22,1445,1,2,1,1.0,7,78498,M,,,78
201200038439,12,6,10,1830,1,2,3,1.0,2,78498,M,4893371.0,203997.0,78
201200038440,12,6,13,730,1,2,3,1.0,6,78624,M,4900280.0,201161.0,78
201200038441,12,6,15,945,1,2,1,1.0,1,78498,M,,,78
201200038442,12,6,15,930,1,2,1,2.0,6,78498,M,4892327.0,204486.0,78
201200038443,12,6,21,2350,5,2,2,1.0,3,78498,M,4892934.0,204283.0,78
201200038444,12,6,25,1516,1,2,2,1.0,5,78498,M,4892709.0,201684.0,78
201200038445,12,7,4,1330,1,1,1,1.0,3,78498,M,,,78
201200038446,12,7,6,1130,1,1,1,1.0,6,78123,M,4894397.0,203553.0,78
201200038447,12,7,19,1410,1,2,2,1.0,3,78498,M,4892643.0,203852.0,78
201200038448,12,7,18,2055,1,2,1,1.0,6,78498,M,4893965.0,206074.0,78
201200038449,12,8,4,1930,1,2,1,1.0,2,78123,M,,,78
201200038450,12,8,30,1810,1,2,3,1.0,6,78642,M,4897965.0,197755.0,78
201200038451,12,9,5,1,5,2,1,1.0,6,78624,M,,,78
201200038452,12,10,2,1505,1,1,1,1.0,1,78498,M,,,78
201200038453,12,10,10,815,1,2,2,2.0,6,78498,M,4892573.0,203583.0,78
201200038454,12,11,7,200,5,2,1,1.0,6,78498,M,,,78
201200038455,12,11,13,1530,1,2,1,2.0,3,78498,M,4892977.0,204421.0,78
201200038456,12,11,24,635,5,1,1,1.0,1,78498,M,,,78
201200038457,12,11,29,1925,5,2,1,1.0,3,78498,M,,,78
201200038458,12,12,21,215,5,1,1,1.0,2,78123,M,,,78
201200038459,12,12,26,2118,5,1,2,2.0,3,78642,M,,,78
201200038460,12,12,29,240,5,2,1,1.0,6,78123,M,4895065.0,203967.0,78
201200038461,12,1,9,910,1,2,3,1.0,1,78517,M,,,78
201200038462,12,1,18,1955,3,1,3,2.0,4,78220,M,,,78
201200038463,12,2,4,625,3,1,1,1.0,6,78517,M,,,78
201200038464,12,2,10,2115,5,2,3,9.0,6,78517,M,4864728.0,185555.0,78
201200038465,12,2,13,815,1,1,1,1.0,6,78517,M,,,78
201200038466,12,2,18,1850,3,2,7,8.0,6,78517,M,,,78
201200038467,12,2,19,1915,3,1,1,1.0,5,78486,M,,,78
201200038468,12,3,12,2005,3,1,1,1.0,5,78517,M,,,78
201200038469,12,3,19,1635,1,2,3,1.0,6,78517,M,4864565.0,182322.0,78
201200038470,12,3,21,925,1,1,3,1.0,6,78517,M,4865928.0,183470.0,78
201200038471,12,3,28,1825,1,2,2,1.0,4,78517,M,4865286.0,183154.0,78
201200038472,12,4,5,855,1,1,1,1.0,4,78269,M,,,78
201200038473,12,4,5,1345,1,2,6,1.0,6,78517,M,4864512.0,185407.0,78
201200038474,12,4,12,935,1,2,4,1.0,6,78517,M,4863621.0,182811.0,78
201200038475,12,4,28,15,5,2,1,1.0,1,78517,M,4863343.0,182923.0,78
201200038476,12,5,12,2330,3,1,1,1.0,1,78517,M,,,78
201200038477,12,5,15,1010,1,2,1,1.0,6,78517,M,4865171.0,181802.0,78
201200038478,12,6,22,1520,1,2,1,1.0,5,78517,M,4864980.0,183078.0,78
201200038479,12,6,25,1020,1,1,1,1.0,2,78517,M,,,78
201200038480,12,6,29,1040,1,1,3,8.0,5,78517,M,,,78
201200038481,12,7,22,1225,1,1,4,1.0,1,78486,M,4868031.0,184079.0,78
201200038482,12,7,26,1710,1,2,1,7.0,1,78517,M,4864998.0,183077.0,78
201200038483,12,7,28,1540,1,1,2,1.0,4,78220,M,,,78
201200038484,12,8,10,835,1,2,1,1.0,6,78517,M,,,78
201200038485,12,8,29,1540,1,2,1,1.0,3,78517,M,,,78
201200038486,12,9,13,1405,1,2,3,1.0,3,78517,M,4864359.0,183820.0,78
201200038487,12,9,21,2125,3,2,1,8.0,1,78486,M,,,78
201200038488,12,9,22,1140,1,1,1,1.0,4,78220,M,,,78
201200038489,12,9,22,2125,3,1,1,8.0,7,78517,M,,,78
201200038490,12,9,28,10,3,1,3,1.0,2,78220,M,,,78
201200038491,12,10,5,1720,1,2,1,1.0,1,78220,M,4872075.0,190890.0,78
201200038492,12,10,6,1935,3,1,1,3.0,2,78486,M,,,78
201200038493,12,10,8,1630,1,1,1,2.0,1,78269,M,,,78
201200038494,12,10,15,1625,1,2,1,8.0,6,78517,M,4864818.0,184855.0,78
201200038495,12,10,20,145,3,1,1,2.0,6,78269,M,,,78
201200038496,12,11,4,1900,3,1,4,1.0,6,78269,M,,,78
201200038497,12,11,9,2000,5,2,3,2.0,3,78517,M,4864530.0,185557.0,78
201200038498,12,11,17,1715,2,1,1,2.0,3,78269,M,,,78
201200038499,12,12,4,1055,1,1,1,1.0,2,78517,M,,,78
201200038500,12,12,5,1330,1,2,1,1.0,1,78517,M,,,78
201200038501,12,12,12,1635,1,1,3,1.0,3,78220,M,,,78
201200038502,12,12,17,757,4,2,1,1.0,6,78517,M,4862222.0,182616.0,78
201200038503,12,12,22,2135,5,2,2,8.0,2,78486,M,4869075.0,185241.0,78
201200038504,12,12,24,1700,2,2,1,8.0,6,78517,M,4864537.0,182555.0,78
201200038505,12,1,17,830,1,2,1,1.0,3,78545,M,,,78
201200038506,12,5,12,1140,1,2,3,1.0,6,78073,M,4879873.0,201808.0,78
201200038507,12,5,14,1810,1,2,9,7.0,3,78073,M,4880092.0,203067.0,78
201200038508,12,8,26,1630,1,2,1,1.0,6,78073,M,4880122.0,202830.0,78
201200038509,12,10,12,1730,1,2,1,1.0,6,78073,M,4879912.0,203108.0,78
201200038510,12,9,20,1745,1,2,3,1.0,6,78073,M,4880189.0,201665.0,78
201200038511,12,6,7,1020,1,2,2,1.0,3,78545,M,4880120.0,207160.0,78
201200038512,12,11,24,740,2,2,5,8.0,3,78073,M,4879981.0,203786.0,78
201200038513,12,12,15,815,1,2,1,1.0,6,78073,M,,,78
201200038514,12,2,9,920,1,2,1,1.0,6,78481,M,4889167.0,210000.0,78
201200038515,12,2,10,950,2,2,1,7.0,6,78551,M,4889761.0,208899.0,78
201200038516,12,2,28,1905,5,1,3,1.0,3,78551,M,4898301.0,214669.0,78
201200038517,12,2,23,1650,1,2,1,1.0,3,78481,M,4889206.0,209978.0,78
201200038518,12,3,5,1815,1,2,3,1.0,6,78481,M,4889602.0,210716.0,78
201200038519,12,3,15,1940,3,1,1,1.0,6,78551,M,,,78
201200038520,12,3,20,1515,1,2,1,1.0,6,78481,M,4889573.0,211662.0,78
201200038521,12,3,26,840,1,2,2,1.0,3,78551,M,4890405.0,208328.0,78
201200038522,12,4,3,1735,1,1,5,1.0,3,78551,M,4893934.0,209572.0,78
201200038523,12,4,3,1600,1,2,1,1.0,3,78551,M,,,78
201200038524,12,5,29,1550,1,1,1,1.0,6,78551,M,,,78
201200038525,12,5,30,1740,1,1,2,1.0,2,78551,M,4893949.0,209571.0,78
201200038526,12,6,7,800,1,2,7,1.0,3,78551,M,4890336.0,208429.0,78
201200038527,12,6,14,1830,1,2,1,1.0,2,78481,M,4889787.0,210843.0,78
201200038528,12,6,23,1055,1,2,3,1.0,3,78551,M,4889476.0,208290.0,78
201200038529,12,5,12,1040,1,1,3,1.0,3,78007,M,4890809.0,201742.0,78
201200038530,12,7,2,740,1,2,3,1.0,3,78481,M,4889579.0,210706.0,78
201200038531,12,7,21,2040,1,1,1,1.0,6,78551,M,,,78
201200038532,12,7,6,2230,3,1,1,8.0,6,78251,M,,,78
201200038533,12,9,1,1325,1,1,1,1.0,1,78551,M,,,78
201200038534,12,9,12,2010,1,1,2,1.0,3,78551,M,,,78
201200038535,12,9,11,1745,1,1,1,1.0,6,78551,M,4891229.0,209868.0,78
201200038536,12,9,9,1925,1,2,2,1.0,3,78551,M,4889870.0,208700.0,78
201200038537,12,10,31,1500,1,2,1,1.0,6,78551,M,4889313.0,207182.0,78
201200038538,12,11,12,536,5,1,2,1.0,3,78551,M,4892212.0,208458.0,78
201200038539,12,10,21,1145,1,1,1,1.0,5,78551,M,,,78
201200038540,12,11,19,2150,4,2,2,1.0,5,78551,M,4890152.0,207394.0,78
201200038541,12,12,4,1830,3,2,2,2.0,6,78133,M,4890841.0,204265.0,78
201200038542,12,12,14,1930,5,2,3,1.0,6,78251,M,4888717.0,206340.0,78
201200038543,12,1,2,945,1,2,6,1.0,2,78586,M,,,78
201200038544,12,1,4,1140,1,2,3,1.0,3,78586,M,,,78
201200038545,12,1,20,450,5,2,8,1.0,3,78586,M,,,78
201200038546,12,2,3,1540,1,2,2,1.0,1,78586,M,4894091.0,217696.0,78
201200038547,12,2,27,755,1,2,3,1.0,6,78586,M,4894489.0,220159.0,78
201200038548,12,2,17,1510,1,2,1,1.0,6,78586,M,4894274.0,216020.0,78
201200038549,12,2,9,1037,1,2,2,7.0,6,78586,M,4893833.0,217061.0,78
201200038550,12,2,21,1215,1,2,2,1.0,3,78586,M,4894909.0,219362.0,78
201200038551,12,3,29,830,1,2,1,7.0,6,78586,M,4892859.0,216398.0,78
201200038552,12,3,31,1810,1,2,3,1.0,3,78586,M,4894305.0,218085.0,78
201200038553,12,3,30,1320,1,2,1,1.0,6,78586,M,4894803.0,219826.0,78
201200038554,12,4,2,900,1,2,6,1.0,3,78586,M,4894209.0,218311.0,78
201200038555,12,4,12,745,1,2,2,1.0,3,78586,M,4893915.0,217401.0,78
201200038556,12,4,28,2345,5,2,3,2.0,3,78586,M,4893342.0,216634.0,78
201200038557,12,5,9,1400,1,2,2,1.0,6,78586,M,4893773.0,217007.0,78
201200038558,12,5,30,1800,1,2,1,2.0,6,78586,M,4893075.0,216383.0,78
201200038559,12,6,12,850,1,2,3,2.0,6,78586,M,4893580.0,216085.0,78
201200038560,12,6,30,1810,1,2,1,7.0,3,78586,M,4895079.0,217461.0,78
201200038561,12,7,10,1430,1,2,3,1.0,3,78586,M,4894894.0,218063.0,78
201200038562,12,8,30,820,1,2,3,1.0,6,78586,M,4893325.0,215368.0,78
201200038563,12,9,7,900,1,2,3,7.0,6,78586,M,4894669.0,216946.0,78
201200038564,12,9,16,2150,5,2,2,1.0,3,78586,M,4893830.0,217061.0,78
201200038565,12,8,31,1200,1,2,3,1.0,6,78586,M,4894545.0,217344.0,78
201200038566,12,9,25,1610,1,2,1,8.0,2,78586,M,4894228.0,219650.0,78
201200038567,12,11,24,2110,5,2,4,1.0,6,78586,M,,,78
201200038568,12,11,22,1620,1,2,1,7.0,2,78586,M,4893716.0,216952.0,78
201200038569,12,12,1,250,5,2,6,1.0,1,78586,M,4893202.0,216532.0,78
201200038570,12,12,1,1735,5,2,1,1.0,6,78586,M,4894311.0,218982.0,78
201200038571,12,12,14,1925,5,2,2,1.0,3,78586,M,4894031.0,215654.0,78
201200038572,12,1,15,1340,1,2,1,1.0,3,78621,M,,,78
201200038573,12,1,23,1610,1,1,2,1.0,3,78621,M,,,78
201200038574,12,5,28,1345,1,2,2,1.0,3,78621,M,4878035.0,199083.0,78
201200038575,12,7,25,1800,1,2,1,1.0,2,78621,M,,,78
201200038576,12,8,27,1820,1,2,1,1.0,6,78621,M,4877961.0,199077.0,78
201200038577,12,8,28,1025,1,2,1,1.0,1,78621,M,4878472.0,197266.0,78
201200038578,12,8,31,805,1,1,1,1.0,2,78621,M,,,78
201200038579,12,9,11,925,1,2,1,1.0,6,78621,M,4877558.0,200183.0,78
201200038580,12,9,20,825,1,2,1,1.0,6,78621,M,4877762.0,198054.0,78
201200038581,12,9,28,1945,1,2,2,1.0,6,78621,M,,,78
201200038582,12,9,30,1320,1,2,2,2.0,5,78621,M,4877307.0,199237.0,78
201200038583,12,10,3,1055,1,2,1,1.0,6,78621,M,4877463.0,199938.0,78
201200038584,12,9,22,1150,1,2,1,1.0,6,78621,M,4877762.0,198054.0,78
201200038585,12,12,3,1755,2,2,1,2.0,6,78621,M,4877651.0,199319.0,78
201200038586,12,11,28,855,1,2,1,2.0,2,78621,M,,,78
201200038587,12,12,30,1330,1,2,1,1.0,5,78621,M,,,78
201200038588,12,1,10,1050,1,2,1,1.0,3,78322,M,,,78
201200038589,12,1,11,2215,5,2,4,1.0,6,78640,M,,,78
201200038590,12,1,24,810,1,2,3,1.0,6,78686,M,,,78
201200038591,12,2,1,1340,1,2,2,1.0,4,78640,M,4878259.0,217475.0,78
201200038592,12,3,1,1840,5,2,1,1.0,3,78640,M,4878272.0,221803.0,78
201200038593,12,3,9,1955,5,2,1,1.0,1,78686,M,4880610.0,216345.0,78
201200038594,12,3,8,1545,1,2,2,1.0,3,78686,M,4880103.0,218515.0,78
201200038595,12,3,26,850,1,2,2,1.0,6,78640,M,4878286.0,217140.0,78
201200038596,12,4,29,150,3,2,1,1.0,7,78686,M,,,78
201200038597,12,3,27,1035,1,2,1,1.0,6,78640,M,4878069.0,221878.0,78
201200038598,12,5,13,300,5,1,1,1.0,5,78640,M,,,78
201200038599,12,5,25,1455,1,2,1,1.0,6,78640,M,,,78
201200038600,12,5,15,1015,1,2,9,1.0,6,78640,M,4878133.0,221854.0,78
201200038601,12,7,2,1030,1,1,1,1.0,6,78640,M,4877815.0,218429.0,78
201200038602,12,7,11,805,1,1,1,2.0,6,78640,M,4877788.0,218768.0,78
201200038603,12,8,4,1705,1,2,1,1.0,3,78640,M,,,78
201200038604,12,8,10,855,1,1,1,1.0,5,78322,M,,,78
201200038605,12,8,14,940,1,2,1,1.0,2,78640,M,4878490.0,221354.0,78
201200038606,12,8,16,905,1,2,6,1.0,3,78640,M,4878343.0,220535.0,78
201200038607,12,8,27,1215,1,2,4,1.0,3,78640,M,4878269.0,218691.0,78
201200038608,12,9,13,1815,1,2,1,1.0,3,78686,M,,,78
201200038609,12,9,25,1045,1,2,4,2.0,3,78640,M,,,78
201200038610,12,11,8,845,2,2,3,8.0,6,78686,M,,,78
201200038611,12,9,1,2350,5,2,1,1.0,7,78322,M,,,78
201200038612,12,10,25,1845,5,2,1,1.0,3,78640,M,4878489.0,221352.0,78
201200038613,12,10,28,1430,1,2,1,1.0,6,78640,M,4878287.0,221555.0,78
201200038614,12,11,2,835,2,2,1,8.0,3,78640,M,4878286.0,220738.0,78
201200038615,12,11,6,1315,1,2,1,1.0,6,78640,M,,,78
201200038616,12,11,26,730,2,2,1,1.0,1,78322,M,4877824.0,217864.0,78
201200038617,12,11,26,1240,1,2,3,8.0,3,78640,M,4878409.0,221511.0,78
201200038618,12,12,5,1345,1,2,3,2.0,6,78686,M,4880600.0,216553.0,78
201200038619,12,12,8,700,5,2,1,8.0,7,78640,M,,,78
201200038620,12,12,9,1200,1,1,3,8.0,3,78640,M,4877436.0,222534.0,78
201200038621,12,12,19,1805,3,1,1,3.0,6,78640,M,4877838.0,218238.0,78
201200038622,12,12,19,1845,5,2,6,2.0,6,78646,M,,,78
201200038623,12,1,21,1915,5,2,2,2.0,6,78158,M,,,78
201200038624,12,1,24,1900,5,2,3,2.0,3,78646,M,,,78
201200038625,12,2,1,1745,5,2,2,1.0,6,78646,M,4879920.0,212774.0,78
201200038626,12,2,16,1705,1,2,1,1.0,6,78646,M,,,78
201200038627,12,3,24,1850,2,2,2,1.0,3,78646,M,4881786.0,214160.0,78
201200038628,12,2,17,1615,1,2,5,1.0,6,78646,M,4879503.0,215598.0,78
201200038629,12,3,10,1125,1,2,2,1.0,2,78646,M,4880222.0,212962.0,78
201200038630,12,3,13,1655,1,2,3,1.0,6,78117,M,4876901.0,212089.0,78
201200038631,12,3,15,1245,1,2,2,1.0,5,78646,M,4879807.0,213476.0,78
201200038632,12,3,23,1605,1,2,2,1.0,6,78646,M,4880493.0,213106.0,78
201200038633,12,3,25,1155,1,2,3,1.0,3,78646,M,4880328.0,210537.0,78
201200038634,12,4,5,1935,1,2,7,1.0,6,78646,M,4880599.0,212832.0,78
201200038635,12,4,30,1600,1,2,1,1.0,2,78646,M,4879497.0,214027.0,78
201200038636,12,5,2,1215,1,2,5,1.0,3,78646,M,4881914.0,213825.0,78
201200038637,12,5,4,1015,1,2,3,1.0,3,78646,M,4880171.0,213177.0,78
201200038638,12,5,21,950,1,2,6,2.0,3,78158,M,4882788.0,212008.0,78
201200038639,12,5,31,2000,1,2,3,1.0,3,78646,M,4879530.0,213978.0,78
201200038640,12,6,18,1825,1,2,2,1.0,6,78646,M,4879807.0,213481.0,78
201200038641,12,6,22,740,1,2,1,1.0,5,78343,M,4876956.0,214486.0,78
201200038642,12,6,26,1850,1,2,3,1.0,3,78646,M,4879531.0,213975.0,78
201200038643,12,7,14,1810,1,2,4,1.0,2,78646,M,4880015.0,213795.0,78
201200038644,12,7,17,1735,1,2,2,1.0,3,78646,M,4878348.0,211702.0,78
201200038645,12,7,29,2215,2,1,1,2.0,6,78646,M,,,78
201200038646,12,8,27,1505,1,2,6,1.0,2,78158,M,4882804.0,211976.0,78
201200038647,12,9,8,1920,1,2,3,1.0,6,78646,M,4879926.0,212581.0,78
201200038648,12,9,28,2000,5,2,1,1.0,6,78646,M,4879493.0,214040.0,78
201200038649,12,10,5,810,1,2,2,1.0,6,78158,M,4882791.0,212244.0,78
201200038650,12,10,13,1835,2,2,2,3.0,6,78646,M,4880426.0,215433.0,78
201200038651,12,10,30,1155,1,2,2,1.0,3,78646,M,4880238.0,212988.0,78
201200038652,12,10,30,1900,5,2,2,9.0,6,78646,M,4879519.0,212508.0,78
201200038653,12,10,31,1815,5,2,1,1.0,2,78646,M,,,78
201200038654,12,11,11,1400,1,2,6,1.0,3,78646,M,,,78
201200038655,12,11,22,1920,5,2,3,1.0,6,78646,M,4881127.0,213493.0,78
201200038656,12,11,23,1915,5,2,2,2.0,3,78646,M,4879686.0,216062.0,78
201200038657,12,11,23,2150,5,2,2,2.0,6,78646,M,,,78
201200038658,12,12,4,1845,5,2,2,3.0,6,78646,M,4880669.0,215563.0,78
201200038659,12,12,15,950,1,2,1,1.0,6,78646,M,,,78
201200038660,12,12,22,845,2,2,3,2.0,6,78646,M,4881224.0,213546.0,78
201200038661,12,12,19,2035,5,2,2,3.0,6,78646,M,4880497.0,213116.0,78
201200038662,12,12,29,1950,5,2,6,3.0,6,78646,M,4882034.0,214179.0,78
201200038663,12,1,11,1825,5,2,1,1.0,6,78146,M,,,78
201200038664,12,1,21,1425,1,2,1,1.0,6,78650,M,,,78
201200038665,12,2,9,1945,5,2,2,1.0,3,78146,M,4890250.0,215184.0,78
201200038666,12,2,16,2030,5,2,2,1.0,1,78650,M,4888570.0,213020.0,78
201200038667,12,2,22,2030,5,2,1,1.0,3,78650,M,,,78
201200038668,12,5,17,500,5,2,1,1.0,6,78650,M,,,78
201200038669,12,6,20,740,1,2,2,1.0,2,78650,M,4890244.0,213584.0,78
201200038670,12,8,19,1325,1,2,2,1.0,3,78418,M,,,78
201200038671,12,9,8,1845,1,2,1,1.0,6,78418,M,,,78
201200038672,12,10,11,1110,1,2,1,1.0,7,78146,M,,,78
201200038673,12,11,3,1012,1,2,1,1.0,3,78650,M,,,78
201200038674,12,11,3,1815,5,2,1,1.0,6,78650,M,,,78
201200038675,12,11,5,1755,5,2,1,2.0,7,78146,M,,,78
201200038676,12,11,8,1900,5,2,1,1.0,3,78418,M,,,78
201200038677,12,11,12,1910,5,2,1,1.0,3,78146,M,,,78
201200038678,12,11,13,1520,1,2,2,1.0,6,78650,M,4889783.0,211386.0,78
201200038679,12,12,14,1516,1,2,2,1.0,6,78650,M,,,78
201200038680,12,1,10,1045,1,2,2,1.0,3,79191,M,,,79
201200038681,12,1,20,1945,5,2,1,1.0,7,79191,M,,,79
201200038682,12,3,4,1925,3,1,1,1.0,1,79191,M,,,79
201200038683,12,3,24,900,1,2,1,1.0,1,79081,M,,,79
201200038684,12,1,21,1235,1,2,1,1.0,7,79191,M,,,79
201200038685,12,3,13,750,1,2,2,1.0,3,79191,M,,,79
201200038686,12,1,27,810,2,2,1,1.0,3,79191,M,,,79
201200038687,12,5,13,620,2,2,1,1.0,6,79191,M,,,79
201200038688,12,4,18,1850,1,2,2,2.0,3,79191,M,,,79
201200038689,12,2,7,1150,1,2,1,1.0,7,79191,M,,,79
201200038690,12,6,6,750,1,2,6,7.0,3,79191,M,,,79
201200038691,12,2,12,2325,5,2,1,1.0,6,79191,M,,,79
201200038692,12,7,3,1620,1,2,2,1.0,3,79191,M,,,79
201200038693,12,2,16,1640,1,2,1,1.0,7,79191,M,,,79
201200038694,12,7,18,1825,1,2,1,1.0,5,79191,M,,,79
201200038695,12,2,20,1130,1,2,2,1.0,3,79191,M,,,79
201200038696,12,7,15,2100,1,1,1,1.0,7,79191,M,,,79
201200038697,12,7,23,905,1,2,6,1.0,6,79191,M,,,79
201200038698,12,9,23,1220,1,2,3,1.0,3,79191,M,,,79
201200038699,12,10,5,404,5,2,2,1.0,3,79191,M,,,79
201200038700,12,9,25,1230,1,2,1,2.0,1,79191,M,,,79
201200038701,12,9,29,1910,2,2,1,1.0,3,79191,M,,,79
201200038702,12,10,12,1010,1,2,2,1.0,3,79191,M,,,79
201200038703,12,10,30,1920,5,2,2,1.0,1,79191,M,,,79
201200038704,12,11,3,2105,5,2,1,3.0,6,79191,M,,,79
201200038705,12,3,17,536,5,2,1,1.0,7,79191,M,,,79
201200038706,12,11,26,1810,5,2,3,1.0,3,79191,M,,,79
201200038707,12,11,13,1330,1,2,2,1.0,3,79191,M,,,79
201200038708,12,11,24,1855,5,2,1,1.0,7,79191,M,,,79
201200038709,12,5,29,911,1,2,3,1.0,3,79191,M,,,79
201200038710,12,6,7,700,1,2,1,8.0,7,79191,M,,,79
201200038711,12,6,7,1645,1,2,1,1.0,4,79191,M,,,79
201200038712,12,6,8,1650,1,2,1,1.0,7,79191,M,,,79
201200038713,12,6,14,800,1,2,6,1.0,3,79191,M,,,79
201200038714,12,6,18,2132,2,1,1,1.0,7,79081,M,,,79
201200038715,12,6,21,1545,1,2,6,1.0,3,79191,M,,,79
201200038716,12,6,29,1710,1,2,1,1.0,6,79191,M,,,79
201200038717,12,7,20,1030,1,2,2,2.0,7,79191,M,,,79
201200038718,12,7,28,945,1,2,2,1.0,7,79191,M,,,79
201200038719,12,7,29,2325,5,2,1,1.0,7,79191,M,,,79
201200038720,12,9,3,920,1,2,1,1.0,6,79191,M,,,79
201200038721,12,9,4,1810,1,2,1,1.0,3,79191,M,,,79
201200038722,12,9,19,940,1,2,1,1.0,6,79191,M,,,79
201200038723,12,10,1,1835,1,2,1,1.0,7,79191,M,,,79
201200038724,12,10,22,1700,1,2,1,1.0,7,79191,M,,,79
201200038725,12,11,12,1410,1,2,1,1.0,6,79191,M,,,79
201200038726,12,11,25,2030,3,2,1,1.0,2,79081,M,,,79
201200038727,12,12,18,1015,1,2,1,1.0,7,79191,M,,,79
201200038728,12,1,3,1327,1,2,2,2.0,1,79329,M,,,79
201200038729,12,1,20,800,2,2,1,1.0,7,79329,M,,,79
201200038730,12,1,30,1515,1,2,6,4.0,2,79329,M,,,79
201200038731,12,3,28,1505,1,2,6,7.0,3,79329,M,,,79
201200038732,12,4,9,1930,1,2,2,1.0,3,79329,M,,,79
201200038733,12,3,13,1920,3,1,1,1.0,6,79300,M,,,79
201200038734,12,4,15,1823,1,1,2,8.0,3,79259,M,,,79
201200038735,12,4,18,2120,5,2,1,2.0,1,79329,M,,,79
201200038736,12,5,4,1840,1,2,4,8.0,3,79329,M,,,79
201200038737,12,5,21,2105,2,2,2,3.0,3,79329,M,,,79
201200038738,12,5,16,1715,1,2,3,1.0,3,79329,M,,,79
201200038739,12,6,8,1330,1,1,1,1.0,2,79329,M,,,79
201200038740,12,6,8,1710,1,2,1,1.0,2,79329,M,,,79
201200038741,12,6,11,1400,1,2,1,2.0,5,79259,M,,,79
201200038742,12,6,22,2005,1,2,1,2.0,6,79300,M,,,79
201200038743,12,6,29,1215,1,2,1,1.0,4,79329,M,,,79
201200038744,12,6,29,1710,1,2,8,1.0,5,79329,M,,,79
201200038745,12,7,3,1440,1,2,2,1.0,7,79329,M,,,79
201200038746,12,7,5,1320,1,1,2,1.0,3,79300,M,,,79
201200038747,12,7,12,1255,1,2,1,1.0,6,79329,M,,,79
201200038748,12,7,13,1148,1,2,1,2.0,7,79329,M,,,79
201200038749,12,8,2,239,5,2,1,2.0,6,79329,M,,,79
201200038750,12,8,20,15,5,2,3,1.0,6,79329,M,,,79
201200038751,12,9,16,1705,1,2,1,1.0,7,79329,M,,,79
201200038752,12,11,24,1610,1,2,2,1.0,7,79329,M,,,79
201200038753,12,11,26,850,1,2,1,1.0,7,79329,M,,,79
201200038754,12,12,3,1525,1,2,1,2.0,1,79300,M,,,79
201200038755,12,12,9,1615,1,1,1,1.0,7,79329,M,,,79
201200038756,12,12,27,1415,1,1,1,2.0,1,79259,M,,,79
201200038757,12,12,29,1155,1,2,1,1.0,6,79329,M,,,79
201200038758,12,1,15,630,5,2,1,1.0,6,80001,M,,,80
201200038759,12,2,22,950,1,2,3,1.0,7,80001,M,,,80
201200038760,12,2,28,905,1,2,3,1.0,3,80001,M,,,80
201200038761,12,3,29,1605,1,2,1,1.0,7,80001,M,,,80
201200038762,12,6,25,1645,1,2,1,1.0,2,80001,M,5010749.0,183528.0,80
201200038763,12,7,31,1445,1,2,1,1.0,6,80001,M,,,80
201200038764,12,9,15,1440,1,2,7,1.0,6,80001,M,5010817.0,183501.0,80
201200038765,12,9,19,2150,5,2,1,1.0,6,80001,M,,,80
201200038766,12,9,24,1335,1,2,1,3.0,3,80001,M,5010728.0,184921.0,80