Num_Acc,an,mois,jour,hrmn,lum,agg,int,atm,col,com,gps,lat,long,dep
201200038767,12,10,6,2350,5,2,1,1.0,6,80001,M,,,80
201200038768,12,11,1,1925,5,2,1,3.0,6,80001,M,5010740.0,183519.0,80
201200038769,12,1,6,1530,1,2,1,1.0,6,80021,M,4991087.0,230822.0,80
201200038770,12,1,6,820,2,2,1,1.0,7,80021,M,4989529.0,229087.0,80
201200038771,12,1,11,1225,1,2,1,1.0,7,80021,M,4988001.0,231132.0,80
201200038772,12,1,6,1245,1,2,2,1.0,3,80021,M,,,80
201200038773,12,1,9,1845,2,2,1,1.0,7,80021,M,4988547.0,228760.0,80
201200038774,12,1,10,1115,1,2,1,1.0,6,80021,M,,,80
201200038775,12,1,10,1740,5,2,1,1.0,6,80021,M,4990190.0,227893.0,80
201200038776,12,1,10,805,2,2,1,1.0,1,80724,M,,,80
201200038777,12,1,12,1915,5,1,1,2.0,5,80379,M,,,80
201200038778,12,1,13,1400,1,2,2,1.0,1,80021,M,,,80
201200038779,12,1,13,1720,2,2,1,1.0,6,80021,M,,,80
201200038780,12,1,13,1540,1,1,1,1.0,6,80021,M,4987036.0,228370.0,80
201200038781,12,1,13,745,2,1,1,1.0,7,80725,M,,,80
201200038782,12,1,13,915,1,2,1,1.0,6,80021,M,4987036.0,228370.0,80
201200038783,12,1,22,335,5,2,1,1.0,6,80021,M,4990206.0,229641.0,80
201200038784,12,1,20,1615,1,2,1,2.0,1,80021,M,4988880.0,229721.0,80
201200038785,12,1,19,1255,1,2,1,1.0,6,80021,M,,,80
201200038786,12,1,19,1415,1,2,1,2.0,2,80021,M,,,80
201200038787,12,1,24,1810,5,2,1,2.0,3,80021,M,,,80
201200038788,12,1,25,905,2,1,1,2.0,3,80724,M,,,80
201200038789,12,1,27,1735,3,1,1,1.0,5,80632,M,,,80
201200038790,12,1,28,1550,1,2,1,1.0,5,80261,M,,,80
201200038791,12,2,6,2140,5,2,1,1.0,6,80021,M,,,80
201200038792,12,2,7,1150,1,2,1,1.0,3,80725,M,,,80
201200038793,12,2,7,905,1,1,1,1.0,2,80131,M,,,80
201200038794,12,2,11,1430,1,2,1,1.0,6,80021,M,4988586.0,231876.0,80
201200038795,12,2,11,1550,1,2,2,1.0,3,80489,M,,,80
201200038796,12,2,10,1630,1,2,6,1.0,3,80021,M,4988655.0,227851.0,80
201200038797,12,2,9,830,1,2,1,1.0,5,80021,M,4986536.0,230851.0,80
201200038798,12,2,14,1820,5,2,1,2.0,7,80021,M,,,80
201200038799,12,2,14,740,2,2,1,1.0,3,80021,M,4989642.0,229780.0,80
201200038800,12,2,18,1850,5,2,6,1.0,3,80021,M,4990052.0,226351.0,80
201200038801,12,2,16,2000,5,2,1,1.0,4,80021,M,4988928.0,230545.0,80
201200038802,12,2,16,1210,1,2,3,1.0,3,80021,M,4990159.0,230274.0,80
201200038803,12,2,21,1205,1,2,1,1.0,6,80021,M,,,80
201200038804,12,2,22,1625,1,2,1,1.0,3,80021,M,4987962.0,233408.0,80
201200038805,12,2,24,1220,1,2,1,1.0,3,80021,M,,,80
201200038806,12,2,24,830,1,2,7,1.0,3,80021,M,4989419.0,229289.0,80
201200038807,12,2,25,1540,1,2,1,1.0,6,80021,M,4987007.0,230977.0,80
201200038808,12,2,25,1415,1,2,1,1.0,2,80021,M,4988706.0,233268.0,80
201200038809,12,2,29,1450,1,2,1,1.0,6,80021,M,4991412.0,225701.0,80
201200038810,12,3,1,1800,1,2,6,1.0,3,80021,M,4990220.0,227234.0,80
201200038811,12,3,5,627,5,2,2,2.0,6,80021,M,4989036.0,229054.0,80
201200038812,12,3,5,1650,1,1,1,1.0,3,80489,M,,,80
201200038813,12,3,5,1005,1,1,1,2.0,2,80164,M,,,80
201200038814,12,3,8,1520,1,2,1,1.0,2,80021,M,4989113.0,228316.0,80
201200038815,12,3,8,1700,1,2,1,1.0,3,80021,M,4987021.0,233028.0,80
201200038816,12,3,7,1530,1,2,1,3.0,2,80730,M,,,80
201200038817,12,3,9,1720,1,2,2,1.0,3,80021,M,4988565.0,230152.0,80
201200038818,12,3,9,1115,1,2,1,1.0,2,80021,M,4989472.0,230932.0,80
201200038819,12,3,12,900,1,1,1,5.0,7,80131,M,,,80
201200038820,12,3,14,750,1,2,1,1.0,3,80021,M,,,80
201200038821,12,3,14,950,1,2,6,1.0,3,80021,M,,,80
201200038822,12,3,16,1815,1,2,1,1.0,7,80021,M,4989411.0,228691.0,80
201200038823,12,3,20,1112,1,2,1,1.0,2,80021,M,4987979.0,228382.0,80
201200038824,12,3,21,730,1,1,1,5.0,5,80702,M,,,80
201200038825,12,3,20,1555,1,2,1,1.0,3,80021,M,,,80
201200038826,12,3,19,1345,1,2,1,1.0,2,80021,M,,,80
201200038827,12,3,19,1610,1,2,1,1.0,6,80021,M,4988975.0,230856.0,80
201200038828,12,3,23,1215,1,2,1,1.0,3,80021,M,4990723.0,230202.0,80
201200038829,12,3,23,2050,5,2,1,1.0,6,80021,M,4989922.0,228496.0,80
201200038830,12,3,22,1855,2,2,3,1.0,3,80725,M,,,80
201200038831,12,3,22,825,1,2,1,1.0,3,80021,M,4989142.0,228911.0,80
201200038832,12,3,26,835,1,2,1,1.0,4,80021,M,4988298.0,232595.0,80
201200038833,12,3,26,1005,1,2,1,1.0,3,80021,M,4989417.0,228413.0,80
201200038834,12,3,26,2050,5,2,1,1.0,3,80261,M,,,80
201200038835,12,3,29,1833,1,2,1,1.0,2,80021,M,,,80
201200038836,12,3,28,1830,1,2,1,1.0,6,80021,M,4990957.0,231689.0,80
201200038837,12,3,28,800,2,1,2,2.0,1,80379,M,,,80
201200038838,12,3,27,1330,1,2,1,1.0,3,80021,M,,,80
201200038839,12,3,27,1430,1,2,1,1.0,4,80261,M,,,80
201200038840,12,3,30,1815,1,1,3,1.0,3,80021,M,,,80
201200038841,12,3,30,940,1,2,1,1.0,1,80261,M,,,80
201200038842,12,3,30,1145,1,2,1,1.0,3,80021,M,,,80
201200038843,12,4,8,440,5,2,1,1.0,7,80164,M,,,80
201200038844,12,4,7,1915,1,2,3,1.0,2,80725,M,,,80
201200038845,12,4,12,2345,5,2,1,1.0,6,80021,M,4990434.0,230951.0,80
201200038846,12,4,12,2110,5,2,1,1.0,6,80021,M,4991161.0,230256.0,80
201200038847,12,4,12,735,2,1,3,1.0,3,80021,M,4990154.0,227288.0,80
201200038848,12,4,15,45,5,2,1,1.0,6,80021,M,4989041.0,232064.0,80
201200038849,12,4,14,1615,1,2,1,1.0,6,80379,M,,,80
201200038850,12,4,17,2155,5,2,1,2.0,6,80021,M,4991156.0,225405.0,80
201200038851,12,4,18,1820,1,2,3,3.0,5,80021,M,4988056.0,233185.0,80
201200038852,12,4,20,50,5,1,1,1.0,7,80021,M,4989276.0,229988.0,80
201200038853,12,4,19,1355,1,2,1,1.0,2,80021,M,,,80
201200038854,12,4,20,1426,1,1,6,3.0,7,80021,M,,,80
201200038855,12,4,23,1215,1,2,2,3.0,5,80021,M,,,80
201200038856,12,4,24,1845,1,2,3,1.0,3,80021,M,,,80
201200038857,12,4,25,1450,1,2,2,1.0,3,80021,M,4989419.0,229291.0,80
201200038858,12,4,27,130,3,1,3,1.0,3,80379,M,,,80
201200038859,12,5,1,2235,5,2,6,1.0,3,80021,M,4989323.0,228504.0,80
201200038860,12,4,30,1255,1,1,2,1.0,3,80131,M,,,80
201200038861,12,5,3,1325,1,2,1,1.0,3,80021,M,4989229.0,230769.0,80
201200038862,12,5,7,1830,1,2,1,1.0,2,80164,M,,,80
201200038863,12,5,13,320,5,2,1,1.0,7,80489,M,,,80
201200038864,12,5,9,1135,1,2,1,1.0,3,80725,M,,,80
201200038865,12,5,15,740,1,2,1,8.0,6,80021,M,,,80
201200038866,12,5,16,1515,1,2,1,1.0,2,80021,M,,,80
201200038867,12,5,14,1750,1,2,1,1.0,7,80021,M,4990986.0,230049.0,80
201200038868,12,5,14,1630,1,2,1,1.0,2,80021,M,,,80
201200038869,12,5,12,1330,1,2,2,1.0,3,80021,M,4988102.0,231312.0,80
201200038870,12,5,12,425,5,2,2,1.0,7,80021,M,4989102.0,230241.0,80
201200038871,12,5,21,1620,1,2,1,1.0,7,80021,M,4988395.0,228256.0,80
201200038872,12,5,21,1528,1,2,1,8.0,3,80021,M,4988892.0,229486.0,80
201200038873,12,5,19,2040,2,2,2,3.0,1,80021,M,4989178.0,230956.0,80
201200038874,12,5,19,1205,1,2,6,1.0,3,80021,M,,,80
201200038875,12,5,24,2120,1,2,1,1.0,6,80021,M,4990922.0,230994.0,80
201200038876,12,5,25,930,1,2,1,1.0,7,80632,M,,,80
201200038877,12,5,24,1230,1,2,1,1.0,3,80724,M,,,80
201200038878,12,5,24,1725,1,2,1,1.0,6,80021,M,4991163.0,229766.0,80
201200038879,12,5,24,2330,5,2,1,1.0,6,80021,M,4988785.0,231378.0,80
201200038880,12,5,28,1210,1,2,2,1.0,3,80021,M,4988376.0,228226.0,80
201200038881,12,5,27,1600,1,2,1,1.0,5,80021,M,,,80
201200038882,12,5,29,1215,1,2,1,1.0,7,80021,M,4990083.0,229873.0,80
201200038883,12,5,29,2000,1,2,1,1.0,7,80379,M,,,80
201200038884,12,5,30,1410,1,2,1,1.0,4,80021,M,,,80
201200038885,12,5,30,1540,1,2,1,1.0,4,80021,M,4986702.0,233550.0,80
201200038886,12,5,31,1305,1,2,1,1.0,2,80674,M,,,80
201200038887,12,6,1,1640,1,2,1,1.0,2,80021,M,4988551.0,229568.0,80
201200038888,12,6,2,1225,1,2,2,1.0,1,80021,M,4989036.0,229056.0,80
201200038889,12,6,3,1505,1,2,1,1.0,6,80489,M,4987136.0,234927.0,80
201200038890,12,6,2,1720,1,2,6,1.0,3,80021,M,,,80
201200038891,12,6,5,1745,1,2,1,1.0,2,80489,M,4986926.0,236069.0,80
201200038892,12,6,5,1430,1,2,1,1.0,2,80256,M,,,80
201200038893,12,6,6,1425,1,2,1,1.0,6,80632,M,4988272.0,224504.0,80
201200038894,12,6,6,2155,5,2,1,3.0,6,80261,M,4984604.0,226934.0,80
201200038895,12,6,7,1455,1,2,1,2.0,6,80021,M,4988360.0,230414.0,80
201200038896,12,6,9,1440,1,2,2,1.0,3,80021,M,4988236.0,231884.0,80
201200038897,12,6,8,1650,1,2,1,1.0,3,80164,M,,,80
201200038898,12,6,8,1640,1,2,1,1.0,3,80021,M,4990399.0,227131.0,80
201200038899,12,6,8,2000,1,2,3,1.0,3,80021,M,4989623.0,230291.0,80
201200038900,12,6,12,753,1,2,2,1.0,3,80021,M,4987547.0,228169.0,80
201200038901,12,6,11,630,1,1,1,3.0,7,80164,M,,,80
201200038902,12,6,11,1535,1,2,1,1.0,2,80021,M,4989448.0,227811.0,80
201200038903,12,6,11,800,1,2,1,1.0,3,80021,M,4987072.0,233327.0,80
201200038904,12,6,13,1150,1,2,6,1.0,3,80021,M,,,80
201200038905,12,6,17,1825,1,2,1,1.0,3,80021,M,4989819.0,229378.0,80
201200038906,12,6,19,955,1,2,3,1.0,3,80021,M,4989502.0,229345.0,80
201200038907,12,6,22,1400,1,2,1,1.0,3,80021,M,4987941.0,229657.0,80
201200038908,12,6,21,1205,1,2,1,1.0,3,80021,M,4988407.0,232656.0,80
201200038909,12,7,1,1750,1,1,3,1.0,5,80632,M,,,80
201200038910,12,6,29,1835,1,1,1,1.0,2,80021,M,4987486.0,231642.0,80
201200038911,12,6,26,1710,1,2,3,1.0,3,80724,M,,,80
201200038912,12,7,1,200,5,2,1,1.0,6,80261,M,,,80
201200038913,12,6,25,810,1,2,1,1.0,3,80021,M,4989659.0,228869.0,80
201200038914,12,7,5,950,1,2,1,1.0,2,80021,M,4989380.0,231444.0,80
201200038915,12,7,5,1305,1,2,1,1.0,3,80021,M,4987329.0,232493.0,80
201200038916,12,7,6,1730,1,2,1,1.0,6,80021,M,4991488.0,224626.0,80
201200038917,12,7,6,1900,1,2,1,1.0,6,80021,M,4988860.0,230783.0,80
201200038918,12,7,6,1550,1,2,2,1.0,3,80021,M,4991163.0,230259.0,80
201200038919,12,7,6,1730,1,2,2,1.0,3,80021,M,4989797.0,229538.0,80
201200038920,12,7,11,1505,1,2,1,1.0,1,80131,M,4984346.0,239089.0,80
201200038921,12,7,11,1520,1,2,1,1.0,6,80021,M,4990148.0,228009.0,80
201200038922,12,7,17,1810,1,2,1,1.0,3,80021,M,,,80
201200038923,12,7,17,1810,1,2,1,1.0,4,80021,M,,,80
201200038924,12,7,17,1510,1,2,3,1.0,3,80021,M,4989479.0,229174.0,80
201200038925,12,7,13,1730,1,2,1,1.0,3,80021,M,4988669.0,228835.0,80
201200038926,12,7,23,915,1,2,2,1.0,3,80724,M,,,80
201200038927,12,7,20,1345,1,2,3,1.0,3,80021,M,4990258.0,227264.0,80
201200038928,12,7,19,1325,1,2,1,1.0,5,80021,M,,,80
201200038929,12,7,22,1830,1,2,6,1.0,3,80021,M,4990777.0,230366.0,80
201200038930,12,7,21,1510,1,2,1,1.0,6,80021,M,4988838.0,229575.0,80
201200038931,12,7,24,2100,1,2,1,1.0,1,80021,M,4987984.0,233357.0,80
201200038932,12,7,25,1700,1,2,1,1.0,6,80021,M,4990112.0,230906.0,80
201200038933,12,7,25,1210,1,2,6,1.0,3,80021,M,,,80
201200038934,12,7,28,2315,5,1,1,1.0,6,80021,M,,,80
201200038935,12,7,29,1430,1,2,6,1.0,3,80131,M,,,80
201200038936,12,8,5,1145,1,2,2,1.0,3,80021,M,4988172.0,228503.0,80
201200038937,12,8,9,1510,1,2,1,1.0,3,80021,M,4991062.0,231361.0,80
201200038938,12,8,10,2210,5,2,1,1.0,2,80379,M,,,80
201200038939,12,8,9,2120,3,2,1,1.0,7,80021,M,,,80
201200038940,12,8,9,1610,1,2,1,1.0,6,80021,M,,,80
201200038941,12,8,14,1430,1,2,1,1.0,5,80021,M,,,80
201200038942,12,8,13,2050,5,2,6,1.0,3,80725,M,,,80
201200038943,12,8,16,1510,1,1,1,1.0,3,80489,M,,,80
201200038944,12,8,16,1415,1,2,1,1.0,3,80021,M,4989906.0,230477.0,80
201200038945,12,8,19,1840,1,1,1,1.0,7,80724,M,,,80
201200038946,12,8,18,20,5,2,1,1.0,5,80379,M,4986494.0,238528.0,80
201200038947,12,8,20,1600,1,2,1,1.0,6,80021,M,4987536.0,228314.0,80
201200038948,12,8,24,830,1,2,1,1.0,5,80021,M,4986739.0,233530.0,80
201200038949,12,8,30,1250,1,2,1,1.0,2,80021,M,4988698.0,231623.0,80
201200038950,12,8,31,1340,1,2,1,1.0,6,80021,M,4988595.0,229474.0,80
201200038951,12,9,1,1755,1,2,1,1.0,6,80021,M,,,80
201200038952,12,9,6,2100,5,2,6,1.0,3,80021,M,4987558.0,228178.0,80
201200038953,12,9,6,1715,1,2,3,1.0,3,80021,M,4990268.0,230326.0,80
201200038954,12,9,5,1335,1,2,1,1.0,3,80021,M,,,80
201200038955,12,9,7,1825,1,2,1,1.0,5,80261,M,,,80
201200038956,12,9,9,745,1,2,1,1.0,6,80674,M,4989920.0,232601.0,80
201200038957,12,9,11,1930,1,2,6,1.0,3,80021,M,4987415.0,231773.0,80
201200038958,12,9,12,1745,1,2,2,1.0,3,80021,M,4990156.0,228404.0,80
201200038959,12,9,14,345,5,2,1,1.0,6,80021,M,4989214.0,232080.0,80
201200038960,12,9,15,1020,1,2,1,1.0,2,80131,M,,,80
201200038961,12,9,15,1550,1,2,6,1.0,5,80021,M,4990667.0,231830.0,80
201200038962,12,9,18,55,5,2,1,1.0,6,80021,M,4989603.0,230611.0,80
201200038963,12,9,18,1020,1,2,1,1.0,3,80021,M,4989898.0,230506.0,80
201200038964,12,9,17,1655,1,2,1,1.0,3,80021,M,4987984.0,230963.0,80
201200038965,12,9,21,1750,1,2,1,1.0,6,80021,M,4989351.0,230866.0,80
201200038966,12,9,26,1340,1,2,1,1.0,2,80021,M,4987725.0,234193.0,80
201200038967,12,9,27,1340,1,2,1,1.0,6,80021,M,4989193.0,230722.0,80
201200038968,12,9,27,1315,1,2,1,2.0,6,80021,M,4988826.0,228949.0,80
201200038969,12,9,28,2330,5,2,1,1.0,6,80021,M,4988608.0,230163.0,80
201200038970,12,9,29,510,5,2,1,1.0,6,80256,M,,,80
201200038971,12,9,29,1150,1,2,1,1.0,2,80632,M,4987639.0,225114.0,80
201200038972,12,9,28,850,1,2,1,1.0,5,80164,M,,,80
201200038973,12,9,28,1650,1,2,1,1.0,6,80021,M,4991743.0,225374.0,80
201200038974,12,9,28,1325,1,2,1,1.0,6,80021,M,4991707.0,225582.0,80
201200038975,12,10,3,1437,1,2,3,1.0,3,80021,M,4989549.0,228332.0,80
201200038976,12,10,3,1740,1,2,3,2.0,3,80021,M,4988577.0,230846.0,80
201200038977,12,10,3,1925,2,2,2,1.0,3,80489,M,4986976.0,235192.0,80
201200038978,12,10,6,1700,1,2,1,1.0,6,80021,M,,,80
201200038979,12,10,8,1550,1,1,1,3.0,7,80021,M,,,80
201200038980,12,10,10,1330,1,2,1,1.0,1,80021,M,4988809.0,233228.0,80
201200038981,12,10,9,1350,1,2,2,1.0,3,80021,M,4989441.0,230932.0,80
201200038982,12,10,12,850,1,2,2,1.0,3,80021,M,4988199.0,229875.0,80
201200038983,12,10,14,230,5,2,1,2.0,6,80021,M,4989590.0,231036.0,80
201200038984,12,10,14,2145,5,1,1,1.0,7,80164,M,,,80
201200038985,12,10,14,1815,1,2,2,1.0,3,80489,M,4986869.0,235226.0,80
201200038986,12,10,16,1730,1,2,1,1.0,5,80021,M,4989620.0,230307.0,80
201200038987,12,10,16,2235,5,2,3,1.0,3,80021,M,,,80
201200038988,12,10,23,1725,1,2,1,1.0,7,80131,M,,,80
201200038989,12,10,22,1745,1,2,6,1.0,6,80021,M,4990731.0,230176.0,80
201200038990,12,10,17,1855,5,2,6,2.0,6,80021,M,4988723.0,230342.0,80
201200038991,12,10,18,1010,1,2,2,2.0,3,80021,M,4990370.0,230719.0,80
201200038992,12,10,24,1615,1,2,1,1.0,2,80021,M,,,80
201200038993,12,10,27,2110,4,1,1,1.0,2,80489,M,,,80
201200038994,12,10,26,1150,1,2,1,1.0,2,80021,M,4990221.0,230083.0,80
201200038995,12,10,31,900,1,2,1,1.0,5,80021,M,4987094.0,230385.0,80
201200038996,12,11,9,1805,5,2,1,2.0,6,80021,M,4990302.0,231554.0,80
201200038997,12,11,9,1850,5,2,1,3.0,6,80021,M,4988870.0,229981.0,80
201200038998,12,11,9,1925,5,2,6,3.0,3,80021,M,4987558.0,228180.0,80
201200038999,12,11,13,820,1,2,6,3.0,3,80021,M,4990754.0,230210.0,80
201200039000,12,11,14,1120,1,2,3,1.0,3,80021,M,4987081.0,231081.0,80
201200039001,12,11,15,2205,3,1,1,1.0,3,80021,M,4986715.0,233546.0,80
201200039002,12,11,16,730,5,2,2,5.0,6,80021,M,4988936.0,227756.0,80
201200039003,12,11,16,825,1,2,1,1.0,3,80021,M,,,80
201200039004,12,11,16,1335,1,1,1,1.0,3,80021,M,4988598.0,233174.0,80
201200039005,12,11,21,1010,1,2,1,2.0,5,80021,M,4989112.0,228937.0,80
201200039006,12,11,20,740,2,2,1,8.0,6,80021,M,4987110.0,231706.0,80
201200039007,12,11,21,1910,5,2,1,1.0,6,80021,M,4988539.0,226844.0,80
201200039008,12,11,22,1400,1,2,1,1.0,6,80021,M,4989427.0,229742.0,80
201200039009,12,11,25,1910,5,2,1,1.0,6,80261,M,,,80
201200039010,12,11,23,935,1,2,1,2.0,1,80021,M,4988715.0,233274.0,80
201200039011,12,11,25,1730,5,2,1,1.0,2,80021,M,4991280.0,231622.0,80
201200039012,12,11,27,930,1,2,1,1.0,3,80021,M,4988931.0,229377.0,80
201200039013,12,11,28,1240,1,2,1,1.0,6,80021,M,4989267.0,229256.0,80
201200039014,12,11,30,1815,5,2,1,1.0,2,80674,M,,,80
201200039015,12,12,2,1415,1,1,1,1.0,6,80261,M,4986192.0,227784.0,80
201200039016,12,12,4,45,5,2,2,2.0,3,80021,M,4989021.0,229082.0,80
201200039017,12,12,3,1720,2,2,1,1.0,3,80021,M,,,80
201200039018,12,12,5,1020,1,1,1,1.0,7,80256,M,,,80
201200039019,12,12,5,1800,5,2,4,2.0,3,80021,M,4989418.0,228369.0,80
201200039020,12,12,4,1845,5,2,1,2.0,5,80021,M,4988368.0,232030.0,80
201200039021,12,12,4,1510,1,2,2,1.0,3,80021,M,4988861.0,230299.0,80
201200039022,12,12,4,1035,1,2,3,2.0,3,80021,M,4988061.0,233182.0,80
201200039023,12,12,10,1655,1,2,1,1.0,6,80021,M,4989625.0,230284.0,80
201200039024,12,12,10,910,1,2,3,1.0,3,80131,M,,,80
201200039025,12,12,10,1330,1,2,4,1.0,5,80725,M,,,80
201200039026,12,12,11,1825,5,2,1,1.0,1,80021,M,4989966.0,226474.0,80
201200039027,12,12,13,815,2,2,2,1.0,3,80021,M,4989673.0,230042.0,80
201200039028,12,12,12,1430,1,2,6,1.0,3,80021,M,4986832.0,228216.0,80
201200039029,12,12,14,1230,1,2,1,2.0,5,80261,M,,,80
201200039030,12,12,14,1640,2,2,1,2.0,2,80724,M,,,80
201200039031,12,12,18,750,5,2,1,1.0,6,80021,M,4989674.0,229448.0,80
201200039032,12,12,18,1210,1,2,1,1.0,2,80725,M,4987016.0,224301.0,80
201200039033,12,12,20,1540,1,2,1,2.0,1,80131,M,,,80
201200039034,12,12,21,100,5,2,2,1.0,1,80021,M,4988854.0,230309.0,80
201200039035,12,12,20,1810,5,2,1,1.0,6,80021,M,4990067.0,226945.0,80
201200039036,12,12,25,1135,1,2,1,1.0,6,80164,M,4988781.0,234538.0,80
201200039037,12,12,23,1705,5,2,5,3.0,3,80021,M,4988547.0,231222.0,80
201200039038,12,12,22,1450,1,1,1,3.0,3,80164,M,,,80
201200039039,12,12,21,1500,1,2,1,1.0,6,80021,M,4988863.0,230300.0,80
201200039040,12,12,29,2000,5,2,2,2.0,3,80021,M,4989021.0,229083.0,80
201200039041,12,12,30,1235,1,2,1,1.0,6,80021,M,4991164.0,230440.0,80
201200039042,12,12,28,510,5,1,1,1.0,6,80021,M,,,80
201200039043,12,1,20,830,1,1,9,2.0,4,81004,M,,,81
201200039044,12,1,4,1750,5,2,4,1.0,3,81004,M,,,81
201200039045,12,1,26,655,3,1,1,5.0,2,81144,M,,,81
201200039046,12,1,31,1450,1,2,1,2.0,2,81257,M,,,81
201200039047,12,1,31,1720,1,2,1,2.0,6,81004,M,,,81
201200039048,12,2,11,6,5,2,1,1.0,6,81004,M,,,81
201200039049,12,4,27,1125,1,2,3,1.0,6,81004,M,,,81
201200039050,12,5,28,1250,1,2,1,1.0,6,81004,M,,,81
201200039051,12,6,8,1100,1,2,1,1.0,3,81004,M,,,81
201200039052,12,6,21,1410,1,1,1,1.0,4,81004,M,,,81
201200039053,12,7,15,655,2,2,3,1.0,3,81004,M,,,81
201200039054,12,7,25,1145,1,1,1,1.0,7,81004,M,,,81
201200039055,12,8,17,1015,1,2,1,1.0,3,81004,M,,,81
201200039056,12,9,22,25,5,2,1,1.0,7,81004,M,,,81
201200039057,12,9,25,1415,1,2,3,1.0,3,81004,M,,,81
201200039058,12,10,15,735,5,2,1,8.0,6,81004,M,,,81
201200039059,12,11,16,1630,1,2,1,1.0,1,81004,M,,,81
201200039060,12,12,12,1930,3,1,1,1.0,7,81004,M,,,81
201200039061,12,2,23,725,5,2,1,1.0,3,81033,M,,,81
201200039062,12,6,21,1735,1,2,1,1.0,7,81060,M,,,81
201200039063,12,12,13,1805,5,2,1,9.0,3,81033,M,,,81
201200039064,12,4,11,1950,1,2,1,1.0,7,81065,M,,,81
201200039065,12,5,20,1750,1,2,3,2.0,3,81065,M,,,81
201200039066,12,5,31,1200,1,2,1,1.0,7,81065,M,,,81
201200039067,12,6,10,1310,1,1,1,8.0,3,81065,M,,,81
201200039068,12,8,12,130,3,1,1,1.0,7,81065,M,,,81
201200039069,12,12,4,2115,5,2,1,3.0,2,81163,M,,,81
201200039070,12,2,20,845,1,2,1,1.0,6,81021,M,,,81
201200039071,12,2,28,1600,1,2,1,1.0,6,81163,M,,,81
201200039072,12,4,17,1400,1,2,1,1.0,3,81163,M,,,81
201200039073,12,5,25,1847,1,2,1,1.0,6,81163,M,,,81
201200039074,12,6,19,1135,1,1,1,1.0,6,81163,M,,,81
201200039075,12,10,8,1005,1,2,1,1.0,6,81163,M,,,81
201200039076,12,1,21,55,5,2,6,1.0,6,82033,M,,,82
201200039077,12,5,13,1745,1,1,1,1.0,1,82033,M,,,82
201200039078,12,5,15,745,1,2,3,1.0,2,82033,M,,,82
201200039079,12,5,19,1600,1,1,1,8.0,3,82033,M,,,82
201200039080,12,5,19,125,3,1,1,1.0,6,82033,M,,,82
201200039081,12,7,25,1020,1,1,1,1.0,7,82033,M,,,82
201200039082,12,9,22,1610,1,2,3,1.0,3,82033,M,,,82
201200039083,12,11,9,1830,3,1,4,1.0,1,82033,M,,,82
201200039084,12,12,14,1810,3,1,3,3.0,3,82033,M,,,82
201200039085,12,12,2,1740,2,2,2,1.0,3,82033,M,,,82
201200039086,12,12,19,1810,5,2,1,2.0,6,82033,M,,,82
201200039087,12,12,26,1510,1,2,1,1.0,6,82121,M,,,82
201200039088,12,1,3,1540,1,2,1,1.0,6,82121,M,,,82
201200039089,12,1,20,2140,3,1,1,1.0,7,82121,M,,,82
201200039090,12,1,18,1000,1,2,1,1.0,6,82121,M,,,82
201200039091,12,1,29,1450,1,2,1,1.0,7,82121,M,,,82
201200039092,12,1,24,1720,1,2,1,1.0,6,82121,M,,,82
201200039093,12,1,31,800,3,1,1,2.0,5,82121,M,,,82
201200039094,12,2,2,2332,5,2,1,1.0,6,82121,M,,,82
201200039095,12,2,4,2120,5,2,1,1.0,2,82121,M,,,82
201200039096,12,2,19,1905,3,1,1,1.0,1,82121,M,,,82
201200039097,12,2,12,1315,1,2,2,1.0,3,82121,M,,,82
201200039098,12,2,28,1320,1,2,2,1.0,6,82121,M,,,82
201200039099,12,3,9,1720,1,2,3,1.0,3,82121,M,,,82
201200039100,12,3,9,720,1,2,3,1.0,3,82121,M,,,82
201200039101,12,7,11,1046,1,2,1,1.0,6,82121,M,,,82
201200039102,12,3,17,300,3,1,1,1.0,7,82121,M,,,82
201200039103,12,3,18,840,1,2,1,1.0,7,82121,M,,,82
201200039104,12,3,31,1252,1,2,3,1.0,3,82121,M,,,82
201200039105,12,4,6,2015,5,2,1,1.0,6,82121,M,,,82
201200039106,12,4,7,704,5,2,1,1.0,2,82121,M,,,82
201200039107,12,4,5,1540,1,2,3,1.0,3,82121,M,,,82
201200039108,12,4,5,1320,1,2,1,1.0,6,82121,M,,,82
201200039109,12,4,15,1831,1,2,1,1.0,1,82121,M,,,82
201200039110,12,5,3,755,1,2,1,1.0,3,82121,M,,,82
201200039111,12,5,7,841,1,2,3,1.0,6,82121,M,,,82
201200039112,12,5,9,1835,1,2,1,1.0,1,82121,M,,,82
201200039113,12,5,10,1400,1,2,2,1.0,6,82121,M,,,82
201200039114,12,5,11,1603,1,2,1,1.0,6,82121,M,,,82
201200039115,12,5,12,2050,1,2,2,1.0,1,82121,M,,,82
201200039116,12,5,24,1625,1,2,3,1.0,6,82121,M,,,82
201200039117,12,5,24,1730,1,2,1,1.0,3,82121,M,,,82