Num_Acc,an,mois,jour,hrmn,lum,agg,int,atm,col,com,gps,lat,long,dep
201200039118,12,6,1,510,3,1,1,1.0,6,82121,M,,,82
201200039119,12,5,30,833,1,2,2,1.0,3,82121,M,,,82
201200039120,12,6,4,1710,1,2,1,1.0,2,82121,M,,,82
201200039121,12,6,22,1400,1,2,1,1.0,2,82121,M,,,82
201200039122,12,7,1,2150,5,1,1,1.0,1,82121,M,,,82
201200039123,12,7,3,2000,1,1,1,1.0,5,82121,M,,,82
201200039124,12,7,7,530,5,2,6,1.0,6,82121,M,,,82
201200039125,12,7,6,2243,3,1,1,1.0,3,82121,M,,,82
201200039126,12,7,10,1545,1,2,1,1.0,6,82121,M,,,82
201200039127,12,7,14,2020,1,2,1,1.0,3,82121,M,,,82
201200039128,12,7,22,640,2,1,1,1.0,7,82121,M,,,82
201200039129,12,7,23,1920,1,2,2,1.0,3,82121,M,,,82
201200039130,12,7,30,820,1,2,2,1.0,3,82121,M,,,82
201200039131,12,8,3,900,1,2,2,1.0,3,82121,M,,,82
201200039132,12,8,6,740,1,2,1,1.0,5,82121,M,,,82
201200039133,12,7,30,1745,1,1,1,1.0,7,82121,M,,,82
201200039134,12,8,10,2155,3,1,2,1.0,3,82121,M,,,82
201200039135,12,8,15,1445,1,1,1,1.0,3,82121,M,,,82
201200039136,12,8,26,645,2,1,1,1.0,7,82121,M,,,82
201200039137,12,9,3,1342,1,2,3,1.0,3,82121,M,,,82
201200039138,12,9,4,1500,1,2,1,1.0,5,82121,M,,,82
201200039139,12,9,7,2,3,1,1,1.0,7,82121,M,,,82
201200039140,12,9,9,320,5,2,1,1.0,1,82121,M,,,82
201200039141,12,9,10,1238,1,2,2,1.0,3,82121,M,,,82
201200039142,12,9,16,458,5,2,3,1.0,3,82121,M,,,82
201200039143,12,9,14,2050,3,1,1,1.0,7,82121,M,,,82
201200039144,12,9,26,800,1,1,3,2.0,3,82121,M,,,82
201200039145,12,10,6,2350,5,2,1,1.0,3,82121,M,,,82
201200039146,12,10,6,2125,3,1,1,1.0,6,82121,M,,,82
201200039147,12,10,9,1020,1,2,2,1.0,3,82121,M,,,82
201200039148,12,10,11,2250,5,2,1,2.0,7,82121,M,,,82
201200039149,12,10,26,750,2,2,6,2.0,2,82121,M,,,82
201200039150,12,11,10,2345,5,2,1,2.0,6,82121,M,,,82
201200039151,12,11,15,1825,3,1,1,1.0,1,82121,M,,,82
201200039152,12,11,16,1620,1,2,1,1.0,4,82121,M,,,82
201200039153,12,11,21,1520,1,2,1,1.0,6,82121,M,,,82
201200039154,12,11,24,1515,1,1,1,1.0,2,82121,M,,,82
201200039155,12,12,1,140,5,2,1,1.0,6,82121,M,,,82
201200039156,12,12,6,1030,1,1,1,1.0,2,82121,M,,,82
201200039157,12,12,9,1015,1,2,6,7.0,3,82121,M,,,82
201200039158,12,12,14,715,3,1,1,2.0,6,82121,M,,,82
201200039159,12,1,6,1515,1,2,1,1.0,2,83050,M,,,83
201200039160,12,1,7,1235,1,2,1,1.0,6,83050,M,,,83
201200039161,12,1,11,1445,1,2,1,1.0,6,83050,M,,,83
201200039162,12,1,15,1925,5,2,1,1.0,3,83050,M,,,83
201200039163,12,1,18,1305,1,2,1,1.0,2,83050,M,,,83
201200039164,12,1,25,1330,1,2,1,1.0,3,83050,M,,,83
201200039165,12,2,11,1830,5,2,1,1.0,6,83050,M,4352978.0,647086.0,83
201200039166,12,3,14,750,1,1,1,1.0,1,83050,M,,,83
201200039167,12,3,28,1625,1,2,2,1.0,3,83050,M,,,83
201200039168,12,4,17,1350,1,2,1,1.0,3,83050,M,,,83
201200039169,12,4,20,1450,1,2,3,1.0,3,83050,M,4353213.0,646705.0,83
201200039170,12,4,26,2330,5,2,1,1.0,7,83050,M,4352363.0,647265.0,83
201200039171,12,5,1,1110,1,2,1,1.0,6,83050,M,,,83
201200039172,12,5,4,1345,1,2,1,1.0,3,83050,M,,,83
201200039173,12,5,14,1525,1,2,1,1.0,2,83050,M,,,83
201200039174,12,6,28,1330,1,2,3,1.0,2,83050,M,,,83
201200039175,12,7,4,1745,1,2,1,1.0,6,83050,M,,,83
201200039176,12,7,5,710,1,2,1,1.0,7,83050,M,,,83
201200039177,12,7,5,1740,1,2,6,1.0,4,83050,M,,,83
201200039178,12,7,5,1830,1,2,3,1.0,3,83050,M,,,83
201200039179,12,7,23,705,1,1,1,1.0,1,83141,M,,,83
201200039180,12,7,30,1610,1,2,2,1.0,3,83141,M,,,83
201200039181,12,6,30,1415,1,2,6,1.0,3,83050,M,,,83
201200039182,12,8,8,1940,1,1,3,1.0,6,83050,M,,,83
201200039183,12,9,12,1020,1,2,3,1.0,6,83050,M,,,83
201200039184,12,9,19,1120,1,1,1,1.0,1,83050,M,,,83
201200039185,12,8,31,1730,1,2,1,1.0,2,83141,M,,,83
201200039186,12,9,28,1715,1,2,3,1.0,3,83050,M,,,83
201200039187,12,10,5,815,1,2,1,1.0,6,83050,M,,,83
201200039188,12,10,19,30,5,2,6,1.0,6,83141,M,,,83
201200039189,12,10,28,2040,5,2,1,1.0,3,83050,M,,,83
201200039190,12,11,2,825,1,2,1,1.0,6,83050,M,,,83
201200039191,12,11,20,925,1,2,6,1.0,6,83050,M,,,83
201200039192,12,11,22,1235,1,2,1,1.0,3,83050,M,,,83
201200039193,12,12,7,1740,5,2,1,1.0,3,83141,M,,,83
201200039194,12,12,12,1815,5,2,1,1.0,6,83050,M,,,83
201200039195,12,11,17,1240,1,1,1,1.0,3,83061,M,,,83
201200039196,12,12,6,1045,1,2,1,1.0,6,83118,M,,,83
201200039197,12,12,24,920,1,2,1,1.0,6,83061,M,,,83
201200039198,12,1,19,800,1,2,1,1.0,3,83118,M,,,83
201200039199,12,12,17,845,1,1,1,1.0,7,83061,M,,,83
201200039200,12,2,18,1545,1,1,1,1.0,1,83118,M,,,83
201200039201,12,3,2,1355,1,2,1,1.0,2,83061,M,,,83
201200039202,12,3,12,1035,1,2,1,1.0,6,83061,M,4343277.0,675451.0,83
201200039203,12,3,14,1615,1,1,1,1.0,2,83118,M,4344266.0,679558.0,83
201200039204,12,2,28,1455,1,2,9,1.0,6,83118,M,,,83
201200039205,12,3,27,2115,5,2,1,1.0,6,83118,M,4343820.0,678367.0,83
201200039206,12,4,3,1515,1,2,1,1.0,3,83118,M,4344024.0,678048.0,83
201200039207,12,4,22,1225,1,2,1,1.0,6,83061,M,4343949.0,674357.0,83
201200039208,12,4,27,2240,5,2,1,1.0,6,83118,M,4342990.0,679682.0,83
201200039209,12,4,28,1750,1,2,1,1.0,3,83118,M,4341472.0,680564.0,83
201200039210,12,5,2,1240,1,2,1,1.0,6,83061,M,,,83
201200039211,12,5,14,1810,1,1,1,1.0,1,83061,M,4342666.0,667220.0,83
201200039212,12,5,5,1030,1,2,1,1.0,6,83061,M,,,83
201200039213,12,4,8,1105,1,2,9,1.0,6,83118,M,4342998.0,677272.0,83
201200039214,12,5,30,1620,1,2,1,1.0,6,83061,M,,,83
201200039215,12,6,5,700,1,2,1,1.0,6,83118,M,,,83
201200039216,12,5,23,748,1,2,1,1.0,3,83061,M,,,83
201200039217,12,7,5,1525,1,2,3,1.0,5,83061,M,,,83
201200039218,12,7,14,2030,1,2,2,1.0,3,83061,M,,,83
201200039219,12,5,31,1110,1,2,1,1.0,6,83061,M,,,83
201200039220,12,6,5,2340,5,2,6,1.0,3,83061,M,,,83
201200039221,12,7,18,700,1,1,1,1.0,7,83061,M,,,83
201200039222,12,7,4,1655,1,2,1,1.0,7,83061,M,,,83
201200039223,12,7,15,2100,1,2,1,1.0,6,83118,M,,,83
201200039224,12,7,20,1530,1,2,1,1.0,6,83118,M,,,83
201200039225,12,7,26,930,1,2,1,1.0,7,83118,M,,,83
201200039226,12,6,26,1115,1,2,1,1.0,6,83118,M,,,83
201200039227,12,7,29,1725,1,1,1,1.0,1,83061,M,,,83
201200039228,12,8,3,1150,1,2,1,1.0,3,83061,M,,,83
201200039229,12,8,5,2305,5,2,1,1.0,7,83061,M,,,83
201200039230,12,8,10,1840,1,2,1,1.0,5,83061,M,,,83
201200039231,12,8,23,1850,1,1,1,1.0,6,83061,M,,,83
201200039232,12,8,14,1415,1,2,1,1.0,7,83061,M,,,83
201200039233,12,9,11,2205,3,1,1,1.0,6,83061,M,,,83
201200039234,12,9,13,800,1,2,1,1.0,6,83061,M,,,83
201200039235,12,7,23,2100,5,2,1,1.0,2,83061,M,,,83
201200039236,12,7,27,2130,3,1,9,1.0,1,83118,M,,,83
201200039237,12,7,28,40,3,1,1,1.0,6,83061,M,,,83
201200039238,12,8,10,710,1,1,1,1.0,1,83061,M,,,83
201200039239,12,9,24,920,1,2,1,1.0,6,83061,M,,,83
201200039240,12,9,20,1255,1,1,1,1.0,1,83061,M,,,83
201200039241,12,9,28,1610,1,2,1,1.0,6,83118,M,,,83
201200039242,12,10,18,710,3,1,1,1.0,3,83061,M,,,83
201200039243,12,10,20,45,5,2,1,1.0,6,83118,M,,,83
201200039244,12,10,16,810,1,2,1,1.0,6,83061,M,,,83
201200039245,12,9,2,830,1,2,6,1.0,3,83061,M,,,83
201200039246,12,9,13,1030,1,2,1,1.0,5,83118,M,,,83
201200039247,12,11,2,1520,1,2,2,1.0,6,83061,M,,,83
201200039248,12,11,16,1045,1,2,4,1.0,3,83118,M,,,83
201200039249,12,10,6,1445,1,2,2,1.0,3,83061,M,,,83
201200039250,12,10,13,1625,1,1,1,1.0,1,83061,M,,,83
201200039251,12,11,14,956,1,2,6,7.0,7,83061,M,,,83
201200039252,12,12,27,1600,1,2,1,1.0,6,83069,M,,,83
201200039253,12,2,19,1930,4,2,3,1.0,3,83069,M,4311749.0,612862.0,83
201200039254,12,2,19,2300,5,2,1,1.0,6,83069,M,,,83
201200039255,12,2,27,2030,5,2,1,1.0,1,83069,M,4312273.0,615353.0,83
201200039256,12,3,5,1840,5,2,1,6.0,2,83069,M,,,83
201200039257,12,4,7,225,5,1,3,2.0,6,83069,M,4311505.0,619228.0,83
201200039258,12,1,23,2245,3,1,1,1.0,7,83069,M,,,83
201200039259,12,4,26,1345,1,2,1,1.0,1,83069,M,4312548.0,611287.0,83
201200039260,12,5,3,1255,1,2,1,1.0,3,83069,M,,,83
201200039261,12,5,14,1240,1,1,1,1.0,5,83069,M,,,83
201200039262,12,5,19,30,5,1,1,1.0,6,83069,M,,,83
201200039263,12,6,3,2115,3,1,1,1.0,7,83069,M,,,83
201200039264,12,6,4,4,5,2,1,1.0,7,83034,M,,,83
201200039265,12,6,13,1940,1,2,3,1.0,3,83069,M,,,83
201200039266,12,6,25,1415,1,1,1,1.0,1,83069,M,,,83
201200039267,12,7,14,500,5,2,1,8.0,1,83069,M,,,83
201200039268,12,8,2,300,5,2,2,1.0,7,83069,M,,,83
201200039269,12,8,3,1434,1,2,1,1.0,3,83069,M,,,83
201200039270,12,8,17,40,5,2,3,1.0,2,83069,M,,,83
201200039271,12,8,9,1810,1,2,1,1.0,1,83069,M,,,83
201200039272,12,8,13,1910,1,1,2,7.0,3,83069,M,,,83
201200039273,12,7,22,1055,1,1,1,1.0,6,83069,M,,,83
201200039274,12,6,11,750,1,1,1,1.0,3,83069,M,,,83
201200039275,12,7,13,2310,5,2,1,1.0,3,83069,M,,,83
201200039276,12,8,3,2100,1,2,3,1.0,1,83069,M,,,83
201200039277,12,8,10,1900,1,2,1,1.0,6,83069,M,,,83
201200039278,12,9,2,440,5,1,1,8.0,6,83069,M,4308847.0,612200.0,83
201200039279,12,8,24,1410,1,2,3,1.0,3,83069,M,,,83
201200039280,12,7,27,2055,1,2,3,1.0,3,83069,M,,,83
201200039281,12,9,19,2355,5,2,1,1.0,6,83034,M,4310735.0,605200.0,83
201200039282,12,9,29,1435,1,2,5,2.0,3,83069,M,,,83
201200039283,12,10,14,1710,1,2,1,2.0,3,83069,M,,,83
201200039284,12,10,15,1820,1,2,1,1.0,6,83069,M,,,83
201200039285,12,10,17,1410,1,2,2,1.0,1,83069,M,,,83
201200039286,12,8,25,2130,5,2,6,1.0,6,83069,M,,,83
201200039287,12,8,6,1845,1,2,1,1.0,6,83069,M,,,83
201200039288,12,10,21,655,3,1,1,1.0,7,83034,M,,,83
201200039289,12,10,26,2300,5,2,2,1.0,3,83069,M,,,83
201200039290,12,10,12,1745,1,1,1,1.0,3,83069,M,,,83
201200039291,12,11,7,1635,1,2,9,1.0,6,83034,M,,,83
201200039292,12,11,15,720,1,1,1,1.0,1,83069,M,,,83
201200039293,12,10,12,1508,1,2,3,1.0,3,83069,M,,,83
201200039294,12,11,18,534,5,2,6,1.0,6,83069,M,,,83
201200039295,12,11,23,2240,5,2,1,1.0,7,83034,M,,,83
201200039296,12,12,6,620,5,2,1,6.0,2,83069,M,,,83
201200039297,12,12,14,230,5,2,1,3.0,7,83069,M,,,83
201200039298,12,5,16,1735,1,2,1,1.0,5,83069,M,,,83
201200039299,12,4,21,415,3,1,1,1.0,6,83069,M,,,83
201200039300,12,6,22,120,5,2,1,1.0,7,83069,M,,,83
201200039301,12,2,6,30,5,2,1,1.0,6,83069,M,,,83
201200039302,12,1,1,525,5,2,1,1.0,6,83129,M,,,83
201200039303,12,1,10,940,1,2,1,1.0,6,83123,M,,,83
201200039304,12,1,13,35,5,2,1,1.0,6,83129,M,,,83
201200039305,12,1,16,2315,5,2,6,1.0,3,83129,M,,,83
201200039306,12,1,8,1450,1,2,1,1.0,3,83009,M,,,83
201200039307,12,1,17,1100,1,2,1,1.0,2,83129,M,,,83
201200039308,12,1,23,1355,1,2,1,1.0,6,83129,M,,,83
201200039309,12,1,24,1000,1,2,1,1.0,6,83129,M,,,83
201200039310,12,1,26,1700,1,2,1,1.0,3,83129,M,,,83
201200039311,12,2,2,1820,5,2,1,1.0,6,83123,M,,,83
201200039312,12,2,12,100,5,2,1,1.0,3,83129,M,,,83
201200039313,12,2,15,1535,1,2,1,1.0,6,83123,M,4312748.0,581139.0,83
201200039314,12,2,16,1110,1,2,1,1.0,6,83129,M,,,83
201200039315,12,2,21,1900,3,1,1,1.0,3,83123,M,,,83
201200039316,12,2,17,1645,1,2,6,1.0,6,83123,M,,,83
201200039317,12,2,24,2110,5,2,1,1.0,6,83129,M,,,83
201200039318,12,3,3,140,5,2,1,1.0,6,83129,M,4309733.0,582949.0,83
201200039319,12,3,6,830,1,2,1,1.0,1,83123,M,4312745.0,578523.0,83
201200039320,12,3,10,115,5,2,1,1.0,6,83129,M,,,83
201200039321,12,3,19,1810,2,2,1,1.0,6,83129,M,4311634.0,580961.0,83
201200039322,12,3,21,1610,1,2,1,1.0,6,83123,M,4311738.0,580446.0,83
201200039323,12,3,24,935,1,2,1,1.0,6,83009,M,4313722.0,575233.0,83
201200039324,12,4,10,820,1,2,1,1.0,6,83123,M,4311952.0,580556.0,83
201200039325,12,4,12,2250,3,2,1,1.0,1,83129,M,4310412.0,581859.0,83
201200039326,12,4,15,2150,5,2,1,1.0,7,83129,M,4309699.0,583004.0,83
201200039327,12,4,15,1900,2,2,1,1.0,6,83009,M,4313738.0,576065.0,83
201200039328,12,4,22,2140,5,2,1,1.0,6,83123,M,4313026.0,581883.0,83
201200039329,12,5,1,1100,1,2,1,1.0,2,83129,M,,,83
201200039330,12,5,1,705,1,2,1,1.0,6,83009,M,,,83
201200039331,12,5,3,1250,1,2,1,1.0,6,83123,M,,,83
201200039332,12,5,5,400,5,2,1,1.0,6,83123,M,,,83
201200039333,12,5,5,520,5,2,1,1.0,6,83129,M,,,83
201200039334,12,5,10,1205,1,2,6,1.0,3,83123,M,,,83
201200039335,12,5,18,2250,5,2,3,1.0,3,83129,M,,,83
201200039336,12,5,21,1740,1,2,6,2.0,3,83129,M,,,83
201200039337,12,5,24,1725,1,2,1,1.0,3,83123,M,,,83
201200039338,12,6,6,1825,1,2,1,1.0,1,83129,M,,,83
201200039339,12,5,29,25,5,1,1,1.0,6,83129,M,,,83
201200039340,12,6,14,1405,1,2,1,1.0,3,83129,M,,,83
201200039341,12,6,30,940,1,2,1,1.0,3,83129,M,,,83
201200039342,12,7,5,1010,1,2,1,1.0,6,83129,M,,,83
201200039343,12,7,17,800,1,2,1,1.0,6,83123,M,,,83
201200039344,12,7,18,15,5,2,1,1.0,1,83129,M,,,83
201200039345,12,7,27,845,1,2,4,1.0,3,83123,M,,,83
201200039346,12,8,3,2300,3,2,1,1.0,1,83009,M,,,83
201200039347,12,8,9,845,1,2,1,1.0,6,83123,M,,,83
201200039348,12,8,21,7,5,2,1,1.0,3,83123,M,,,83
201200039349,12,8,28,2040,5,2,3,1.0,3,83123,M,,,83
201200039350,12,8,28,1215,1,2,1,9.0,6,83009,M,,,83
201200039351,12,9,6,1420,1,2,1,1.0,7,83129,M,,,83
201200039352,12,9,14,720,1,2,3,1.0,3,83123,M,,,83
201200039353,12,9,14,850,1,2,3,1.0,3,83129,M,,,83
201200039354,12,10,2,1535,1,2,1,1.0,6,83123,M,,,83
201200039355,12,10,2,945,1,2,1,1.0,6,83129,M,,,83
201200039356,12,10,7,1450,1,2,1,1.0,5,83009,M,,,83
201200039357,12,10,13,1,5,1,1,1.0,7,83123,M,,,83
201200039358,12,10,24,815,1,2,1,1.0,6,83129,M,,,83
201200039359,12,10,28,200,5,2,1,1.0,1,83129,M,,,83
201200039360,12,11,1,1730,2,2,1,1.0,2,83129,M,,,83
201200039361,12,11,4,300,5,2,1,2.0,7,83009,M,,,83
201200039362,12,11,6,1815,5,2,2,1.0,1,83129,M,,,83
201200039363,12,11,6,800,1,2,6,1.0,3,83129,M,,,83
201200039364,12,11,25,1610,1,2,1,1.0,6,83129,M,,,83
201200039365,12,11,27,1900,5,2,3,1.0,3,83129,M,,,83
201200039366,12,12,5,2150,5,2,1,1.0,7,83129,M,,,83
201200039367,12,12,19,940,1,2,1,1.0,6,83123,M,,,83
201200039368,12,12,23,1230,1,1,1,1.0,2,83123,M,,,83
201200039369,12,12,26,245,5,2,1,1.0,7,83129,M,,,83
201200039370,12,12,27,1020,1,2,6,1.0,2,83009,M,,,83
201200039371,12,12,29,1425,1,2,1,1.0,2,83123,M,,,83
201200039372,12,12,29,1405,1,1,1,1.0,2,83009,M,,,83
201200039373,12,1,4,1040,1,2,1,1.0,6,83126,M,,,83
201200039374,12,1,11,1127,1,2,1,1.0,6,83126,M,,,83
201200039375,12,1,10,1625,1,2,1,1.0,1,83126,M,,,83
201200039376,12,1,15,720,4,2,1,8.0,6,83126,M,,,83
201200039377,12,1,18,1805,5,2,3,1.0,7,83126,M,,,83
201200039378,12,1,31,1135,1,2,1,2.0,1,83126,M,,,83
201200039379,12,2,7,910,1,2,3,1.0,1,83126,M,,,83
201200039380,12,2,9,1530,1,2,1,1.0,3,83126,M,,,83
201200039381,12,2,14,1530,1,2,2,1.0,3,83126,M,,,83
201200039382,12,2,18,845,1,2,1,1.0,6,83126,M,,,83
201200039383,12,3,20,845,1,2,1,1.0,2,83126,M,4311560.0,585627.0,83
201200039384,12,4,1,1225,1,2,2,1.0,6,83126,M,4307866.0,588564.0,83
201200039385,12,5,2,1215,1,2,6,1.0,5,83126,M,,,83
201200039386,12,5,9,640,1,2,1,1.0,2,83126,M,4310606.0,587858.0,83
201200039387,12,5,14,1855,1,2,3,1.0,3,83126,M,,,83
201200039388,12,5,23,1545,1,2,1,1.0,2,83126,M,,,83
201200039389,12,5,24,1545,1,2,1,1.0,1,83126,M,,,83
201200039390,12,6,6,2200,3,1,1,1.0,2,83126,M,,,83
201200039391,12,6,15,1200,1,2,1,1.0,6,83126,M,,,83
201200039392,12,6,24,515,5,2,1,1.0,7,83126,M,,,83
201200039393,12,6,29,1140,1,2,2,1.0,6,83126,M,,,83
201200039394,12,7,3,2035,1,2,3,1.0,3,83126,M,,,83
201200039395,12,7,19,10,5,2,6,1.0,7,83126,M,,,83
201200039396,12,7,20,2010,1,2,6,1.0,3,83126,M,,,83
201200039397,12,7,21,2035,1,2,1,1.0,6,83126,M,,,83
201200039398,12,8,1,1050,1,2,7,1.0,3,83126,M,,,83
201200039399,12,8,22,1120,1,2,1,1.0,2,83126,M,,,83
201200039400,12,8,18,1100,1,2,1,1.0,6,83126,M,,,83
201200039401,12,9,8,105,3,1,1,1.0,6,83126,M,,,83
201200039402,12,9,16,830,1,1,1,1.0,6,83126,M,,,83
201200039403,12,9,17,1635,1,2,3,1.0,3,83126,M,,,83
201200039404,12,9,20,2136,5,2,2,1.0,1,83126,M,,,83
201200039405,12,9,24,1740,1,2,3,1.0,3,83126,M,,,83
201200039406,12,9,27,1348,1,2,1,1.0,3,83126,M,,,83
201200039407,12,10,9,1405,1,2,1,1.0,3,83126,M,,,83
201200039408,12,10,10,1220,1,2,1,1.0,6,83126,M,,,83
201200039409,12,10,29,1415,1,2,1,1.0,2,83126,M,,,83
201200039410,12,11,28,1755,3,2,1,2.0,3,83126,M,,,83
201200039411,12,11,12,1810,3,2,1,1.0,6,83126,M,,,83
201200039412,12,11,30,1645,2,2,1,2.0,6,83126,M,,,83
201200039413,12,12,4,1805,5,2,1,1.0,6,83126,M,,,83
201200039414,12,12,17,1230,1,2,5,1.0,3,83126,M,,,83
201200039415,12,12,26,1955,3,2,1,1.0,6,83126,M,,,83
201200039416,12,1,3,1445,1,2,3,1.0,3,83137,M,,,83
201200039417,12,1,2,1730,5,2,2,1.0,3,83137,M,,,83
201200039418,12,1,9,1810,2,2,1,1.0,3,83090,M,,,83
201200039419,12,1,2,830,1,2,1,1.0,6,83137,M,,,83
201200039420,12,1,9,730,2,1,1,1.0,3,83090,M,,,83
201200039421,12,1,3,1215,1,2,1,1.0,3,83137,M,,,83
201200039422,12,1,4,1450,1,2,6,1.0,2,83144,M,,,83
201200039423,12,1,6,1032,1,2,6,1.0,6,83137,M,,,83
201200039424,12,1,11,1810,4,2,1,1.0,6,83137,M,,,83
201200039425,12,1,11,1835,5,2,2,1.0,3,83062,M,,,83
201200039426,12,1,12,1350,1,2,1,1.0,2,83137,M,,,83
201200039427,12,1,16,1700,5,2,1,1.0,3,83144,M,,,83
201200039428,12,1,17,800,1,2,3,1.0,1,83137,M,,,83
201200039429,12,1,19,1415,1,2,1,1.0,3,83137,M,,,83
201200039430,12,1,18,1423,1,2,1,1.0,7,83144,M,4313730.0,600640.0,83
201200039431,12,1,16,930,1,2,1,1.0,6,83137,M,,,83
201200039432,12,1,16,1130,1,2,1,1.0,4,83137,M,,,83
201200039433,12,1,17,1645,1,2,1,1.0,3,83137,M,,,83
201200039434,12,1,20,1400,1,2,2,1.0,6,83137,M,,,83
201200039435,12,1,20,1445,1,2,4,1.0,3,83062,M,,,83
201200039436,12,1,23,1825,5,2,1,1.0,6,83137,M,,,83
201200039437,12,1,24,1435,1,2,1,1.0,2,83137,M,,,83
201200039438,12,1,21,1420,1,2,2,1.0,6,83137,M,,,83
201200039439,12,1,29,2100,5,2,6,2.0,3,83144,M,,,83
201200039440,12,2,3,825,1,2,1,1.0,6,83137,M,,,83
201200039441,12,1,13,1315,1,1,1,1.0,1,83144,M,,,83
201200039442,12,2,7,2030,5,2,1,1.0,3,83137,M,,,83
201200039443,12,1,10,1205,1,2,1,1.0,3,83103,M,,,83
201200039444,12,2,3,705,2,2,1,1.0,6,83137,M,,,83
201200039445,12,2,19,420,3,1,1,1.0,6,83062,M,,,83
201200039446,12,2,7,905,1,2,6,1.0,3,83137,M,,,83
201200039447,12,2,14,1135,1,2,1,1.0,6,83137,M,,,83
201200039448,12,2,18,1830,1,1,1,1.0,6,83144,M,,,83
201200039449,12,2,21,1515,1,2,2,1.0,3,83137,M,,,83
201200039450,12,2,22,1545,1,2,3,1.0,3,83137,M,,,83
201200039451,12,2,23,1355,1,2,1,1.0,2,83090,M,,,83
201200039452,12,2,3,1840,5,2,1,1.0,3,83137,M,,,83
201200039453,12,2,27,1920,5,2,2,1.0,6,83137,M,,,83
201200039454,12,3,5,2128,3,2,1,6.0,7,83062,M,,,83
201200039455,12,3,4,1420,1,2,1,1.0,7,83137,M,,,83
201200039456,12,2,17,1650,1,2,1,1.0,2,83137,M,,,83
201200039457,12,2,29,1445,1,2,1,1.0,6,83137,M,,,83
201200039458,12,3,8,2220,5,2,1,1.0,6,83137,M,,,83
201200039459,12,3,9,1925,5,2,1,1.0,3,83062,M,,,83
201200039460,12,3,12,1640,1,2,9,1.0,1,83090,M,4312568.0,583656.0,83
201200039461,12,3,9,1930,5,2,2,1.0,3,83137,M,,,83
201200039462,12,3,14,1125,1,2,1,1.0,2,83137,M,4312744.0,596260.0,83
201200039463,12,3,11,1310,1,2,2,1.0,3,83137,M,4312648.0,592131.0,83
201200039464,12,3,19,1340,1,2,1,1.0,2,83062,M,4313265.0,601673.0,83
201200039465,12,3,22,1400,1,2,1,1.0,3,83062,M,4314662.0,603481.0,83
201200039466,12,3,22,1520,1,2,1,1.0,6,83137,M,4312780.0,593240.0,83
201200039467,12,3,23,1839,2,2,1,1.0,1,83090,M,4312697.0,584061.0,83
201200039468,12,3,23,2010,5,2,3,1.0,3,83144,M,4313346.0,598132.0,83
201200039469,12,3,24,1445,1,2,1,1.0,6,83144,M,4314063.0,601393.0,83
201200039470,12,4,3,710,1,2,1,1.0,6,83137,M,4311989.0,594697.0,83
201200039471,12,4,3,1220,1,2,3,1.0,3,83062,M,4312084.0,600516.0,83
201200039472,12,3,27,1400,1,1,1,1.0,2,83144,M,4313699.0,600334.0,83
201200039473,12,4,5,1145,1,2,1,1.0,3,83137,M,4312897.0,589547.0,83
201200039474,12,4,7,1850,1,2,1,1.0,2,83137,M,4312037.0,594926.0,83
201200039475,12,4,6,820,1,1,1,1.0,6,83090,M,4312761.0,885926.0,83
201200039476,12,4,6,1740,1,2,1,1.0,6,83137,M,4312740.0,598165.0,83
201200039477,12,4,14,120,5,2,1,1.0,3,83137,M,4312855.0,591232.0,83
201200039478,12,4,14,1850,1,2,1,1.0,6,83137,M,4314245.0,591188.0,83
201200039479,12,3,22,1710,1,2,3,1.0,6,83137,M,4312301.0,594652.0,83
201200039480,12,3,30,1810,1,2,1,1.0,6,83137,M,4313957.0,589893.0,83
201200039481,12,4,12,1930,1,2,3,1.0,3,83137,M,4311672.0,596667.0,83
201200039482,12,4,13,1840,1,2,1,1.0,3,83137,M,4313714.0,588644.0,83
201200039483,12,4,14,2015,3,2,1,1.0,3,83137,M,4312247.0,593680.0,83
201200039484,12,4,16,900,1,2,1,1.0,3,83137,M,4311938.0,594053.0,83
201200039485,12,4,26,50,5,2,1,1.0,6,83137,M,4310862.0,595452.0,83
201200039486,12,5,1,530,5,2,6,1.0,3,83062,M,,,83
201200039487,12,5,2,655,1,2,6,1.0,2,83062,M,,,83
201200039488,12,5,1,520,5,2,1,1.0,6,83137,M,,,83
201200039489,12,5,3,2025,1,2,1,1.0,6,83137,M,,,83
201200039490,12,5,7,2200,5,2,1,1.0,1,83137,M,,,83
201200039491,12,4,27,850,1,2,1,1.0,2,83137,M,4310845.0,596345.0,83
201200039492,12,4,30,1030,1,2,1,9.0,3,83137,M,4313328.0,595348.0,83
201200039493,12,5,2,1530,1,2,9,1.0,2,83137,M,,,83
201200039494,12,5,4,1230,1,2,1,1.0,6,83137,M,,,83
201200039495,12,5,8,2045,5,2,1,1.0,3,83137,M,,,83
201200039496,12,4,7,1750,1,2,3,1.0,3,83090,M,4312335.0,582265.0,83
201200039497,12,4,17,2113,5,2,3,1.0,6,83137,M,4312487.0,594813.0,83
201200039498,12,5,3,1530,1,2,1,1.0,3,83137,M,,,83
201200039499,12,5,6,940,1,2,1,1.0,6,83144,M,,,83
201200039500,12,5,10,1210,1,2,9,1.0,6,83137,M,,,83
201200039501,12,4,30,1840,1,2,1,1.0,6,83137,M,4312257.0,593937.0,83
201200039502,12,5,11,1825,1,2,1,1.0,2,83090,M,,,83
201200039503,12,5,11,2122,5,2,9,1.0,7,83062,M,,,83
201200039504,12,5,13,623,2,2,1,1.0,2,83137,M,,,83