Num_Acc,an,mois,jour,hrmn,lum,agg,int,atm,col,com,gps,lat,long,dep
201200039505,12,5,16,1950,1,2,3,1.0,1,83062,M,,,83
201200039506,12,4,25,1820,1,2,1,1.0,1,83137,M,4316450.0,593393.0,83
201200039507,12,5,3,730,1,2,1,1.0,6,83137,M,,,83
201200039508,12,5,14,1730,1,1,1,1.0,2,83062,M,,,83
201200039509,12,5,16,2030,5,2,1,1.0,3,83137,M,,,83
201200039510,12,5,21,1805,1,2,1,2.0,5,83137,M,4312864.0,588716.0,83
201200039511,12,5,25,2000,1,2,1,1.0,6,83137,M,,,83
201200039512,12,5,25,1800,1,2,1,1.0,6,83137,M,,,83
201200039513,12,6,1,132,5,2,3,1.0,7,83137,M,,,83
201200039514,12,5,24,1640,1,2,9,1.0,5,83137,M,,,83
201200039515,12,5,30,800,1,2,1,1.0,3,83137,M,,,83
201200039516,12,5,30,1830,1,2,1,1.0,2,83137,M,,,83
201200039517,12,6,1,1755,1,2,2,1.0,3,83098,M,,,83
201200039518,12,6,5,850,1,2,1,1.0,3,83090,M,,,83
201200039519,12,6,5,1723,1,1,1,1.0,6,83090,M,,,83
201200039520,12,5,30,1500,1,1,1,1.0,3,83090,M,,,83
201200039521,12,6,3,10,3,1,1,1.0,7,83062,M,,,83
201200039522,12,6,3,1230,1,2,1,1.0,6,83137,M,,,83
201200039523,12,6,4,1110,1,1,3,1.0,3,83137,M,,,83
201200039524,12,6,6,2144,5,2,2,1.0,3,83137,M,,,83
201200039525,12,6,7,1115,1,2,6,1.0,3,83137,M,,,83
201200039526,12,6,11,500,5,1,2,1.0,3,83137,M,,,83
201200039527,12,5,23,1945,1,2,3,7.0,3,83137,M,,,83
201200039528,12,6,5,1730,1,1,1,1.0,3,83137,M,,,83
201200039529,12,6,7,815,1,2,1,1.0,6,83137,M,,,83
201200039530,12,6,11,1055,1,2,1,1.0,7,83137,M,,,83
201200039531,12,6,12,2015,1,2,1,1.0,6,83137,M,,,83
201200039532,12,6,7,1415,1,2,1,1.0,2,83062,M,,,83
201200039533,12,6,16,1445,1,2,1,1.0,1,83137,M,,,83
201200039534,12,6,1,1440,1,2,1,1.0,6,83137,M,,,83
201200039535,12,6,11,1223,1,2,1,1.0,3,83062,M,,,83
201200039536,12,6,20,1825,1,2,1,1.0,6,83137,M,,,83
201200039537,12,6,18,1700,1,2,1,1.0,2,83137,M,,,83
201200039538,12,6,20,1745,1,2,1,1.0,6,83137,M,,,83
201200039539,12,6,22,240,5,2,1,1.0,6,83137,M,,,83
201200039540,12,6,22,1235,1,2,3,1.0,6,83062,M,4314610.0,603410.0,83
201200039541,12,6,23,2305,5,2,1,1.0,2,83137,M,,,83
201200039542,12,6,25,2051,1,2,1,1.0,6,83144,M,,,83
201200039543,12,6,28,1730,1,2,1,1.0,4,83062,M,,,83
201200039544,12,6,30,57,5,2,3,1.0,2,83098,M,,,83
201200039545,12,6,29,220,5,2,3,1.0,3,83137,M,,,83
201200039546,12,6,28,1445,1,1,1,1.0,2,83090,M,4312883.0,588611.0,83
201200039547,12,6,29,1600,1,2,2,1.0,3,83137,M,,,83
201200039548,12,7,4,1150,1,2,1,1.0,5,83137,M,,,83
201200039549,12,7,2,1835,1,2,3,1.0,1,83062,M,,,83
201200039550,12,7,5,1310,1,1,1,1.0,3,83137,M,,,83
201200039551,12,7,5,1630,1,2,3,1.0,6,83137,M,,,83
201200039552,12,7,7,1745,1,2,1,1.0,6,83144,M,,,83
201200039553,12,7,3,1010,1,2,3,1.0,3,83137,M,,,83
201200039554,12,7,11,940,1,1,1,1.0,6,83062,M,,,83
201200039555,12,6,15,1940,1,2,3,1.0,3,83137,M,,,83
201200039556,12,7,11,1620,1,1,1,1.0,7,83062,M,,,83
201200039557,12,7,17,118,5,2,1,1.0,3,83137,M,,,83
201200039558,12,7,11,1330,1,2,1,1.0,6,83137,M,,,83
201200039559,12,7,12,745,1,2,1,1.0,6,83137,M,,,83
201200039560,12,7,12,1420,1,2,1,1.0,6,83137,M,,,83
201200039561,12,7,14,2347,5,2,1,1.0,3,83137,M,,,83
201200039562,12,7,17,1920,1,1,1,1.0,7,83137,M,,,83
201200039563,12,7,18,1430,1,1,1,1.0,3,83062,M,,,83
201200039564,12,7,23,1955,1,2,1,1.0,3,83137,M,,,83
201200039565,12,7,23,2030,1,2,1,1.0,2,83062,M,4314339.0,603790.0,83
201200039566,12,7,3,710,1,2,6,1.0,3,83144,M,,,83
201200039567,12,7,20,1310,1,2,3,1.0,1,83144,M,,,83
201200039568,12,7,24,2115,5,2,2,1.0,7,83137,M,,,83
201200039569,12,7,24,2250,5,2,7,1.0,2,83137,M,,,83
201200039570,12,7,29,16,5,2,6,1.0,7,83098,M,,,83
201200039571,12,7,28,2220,5,2,1,1.0,2,83137,M,,,83
201200039572,12,8,4,545,3,2,1,1.0,6,83062,M,,,83
201200039573,12,8,4,1500,1,2,1,1.0,6,83137,M,,,83
201200039574,12,8,5,640,1,2,1,1.0,7,83098,M,,,83
201200039575,12,6,29,850,1,2,2,1.0,6,83137,M,,,83
201200039576,12,7,26,1030,1,2,1,1.0,6,83137,M,,,83
201200039577,12,7,29,1400,1,2,1,1.0,1,83137,M,,,83
201200039578,12,8,14,2110,5,2,2,1.0,3,83137,M,,,83
201200039579,12,8,4,425,5,2,1,1.0,3,83137,M,,,83
201200039580,12,8,20,2255,5,2,3,1.0,3,83137,M,,,83
201200039581,12,8,21,630,1,2,1,1.0,7,83098,M,,,83
201200039582,12,8,23,1155,1,2,3,1.0,3,83137,M,,,83
201200039583,12,8,23,1750,1,2,9,1.0,1,83144,M,,,83
201200039584,12,8,21,815,1,2,2,1.0,3,83137,M,,,83
201200039585,12,8,27,900,1,2,1,1.0,6,83137,M,,,83
201200039586,12,8,14,905,1,2,1,1.0,2,83137,M,,,83
201200039587,12,8,29,1250,1,2,2,1.0,6,83137,M,,,83
201200039588,12,9,2,925,1,2,1,1.0,3,83137,M,,,83
201200039589,12,9,2,1255,1,2,1,1.0,2,83137,M,,,83
201200039590,12,8,10,1550,1,2,1,1.0,6,83137,M,,,83
201200039591,12,8,29,1100,1,2,5,1.0,3,83137,M,,,83
201200039592,12,9,4,1800,1,2,1,1.0,5,83137,M,,,83
201200039593,12,8,25,110,5,2,1,1.0,7,83137,M,,,83
201200039594,12,9,13,845,1,2,1,1.0,6,83137,M,,,83
201200039595,12,8,30,1330,1,2,1,2.0,1,83090,M,,,83
201200039596,12,9,8,1945,2,2,7,1.0,6,83137,M,,,83
201200039597,12,9,7,1230,1,2,5,1.0,3,83137,M,,,83
201200039598,12,9,3,1700,1,2,1,1.0,3,83137,M,,,83
201200039599,12,9,6,1700,1,2,1,1.0,6,83137,M,,,83
201200039600,12,9,11,800,1,2,3,1.0,3,83137,M,,,83
201200039601,12,9,12,1445,1,2,1,1.0,3,83137,M,,,83
201200039602,12,9,22,2320,5,2,3,1.0,3,83137,M,,,83
201200039603,12,9,8,1020,1,1,1,1.0,6,83090,M,,,83
201200039604,12,9,14,1330,1,2,1,1.0,2,83137,M,,,83
201200039605,12,9,21,1745,1,2,1,1.0,5,83090,M,,,83
201200039606,12,9,22,1745,1,2,2,1.0,1,83062,M,,,83
201200039607,12,9,25,830,1,1,1,8.0,4,83090,M,,,83
201200039608,12,9,29,1745,1,2,1,2.0,7,83137,M,,,83
201200039609,12,9,18,1410,1,2,1,1.0,6,83137,M,,,83
201200039610,12,10,1,1145,1,1,1,1.0,2,83090,M,,,83
201200039611,12,10,1,1730,1,2,1,1.0,3,83137,M,,,83
201200039612,12,10,3,2000,4,1,1,1.0,5,83144,M,,,83
201200039613,12,10,7,1430,1,2,1,1.0,7,83137,M,,,83
201200039614,12,8,23,2335,5,2,2,1.0,6,83137,M,,,83
201200039615,12,10,7,1720,1,2,1,1.0,1,83137,M,,,83
201200039616,12,10,9,1430,1,2,1,1.0,3,83062,M,,,83
201200039617,12,9,22,1100,1,2,1,1.0,4,83137,M,,,83
201200039618,12,9,24,1120,1,2,6,1.0,3,83137,M,,,83
201200039619,12,9,29,2315,5,2,3,8.0,3,83137,M,,,83
201200039620,12,10,5,1730,1,2,1,1.0,6,83137,M,,,83
201200039621,12,10,5,1840,1,2,1,1.0,3,83144,M,,,83
201200039622,12,10,6,1415,1,2,1,1.0,6,83137,M,,,83
201200039623,12,10,6,1115,1,2,1,1.0,6,83144,M,,,83
201200039624,12,10,10,755,1,2,1,1.0,2,83062,M,,,83
201200039625,12,10,12,1600,1,2,1,1.0,3,83144,M,,,83
201200039626,12,10,6,1336,1,2,3,1.0,3,83137,M,,,83
201200039627,12,10,11,1610,1,2,1,3.0,3,83144,M,,,83
201200039628,12,10,12,1230,1,2,1,1.0,2,83144,M,,,83
201200039629,12,10,13,1740,1,2,1,1.0,1,83062,M,,,83
201200039630,12,10,14,2040,5,2,2,1.0,1,83137,M,,,83
201200039631,12,10,12,945,1,2,1,1.0,2,83137,M,,,83
201200039632,12,10,13,1656,1,2,1,1.0,6,83137,M,,,83
201200039633,12,10,19,1715,1,1,1,1.0,3,83137,M,,,83
201200039634,12,10,13,2200,5,2,2,1.0,3,83144,M,,,83
201200039635,12,10,15,750,1,2,1,8.0,6,83144,M,,,83
201200039636,12,10,14,1200,1,2,1,1.0,3,83137,M,,,83
201200039637,12,10,21,925,1,2,4,1.0,3,83137,M,,,83
201200039638,12,10,27,705,5,2,1,2.0,3,83137,M,,,83
201200039639,12,10,15,1215,1,2,1,1.0,3,83137,M,,,83
201200039640,12,10,20,1215,1,1,1,1.0,3,83137,M,,,83
201200039641,12,10,27,415,5,2,5,2.0,7,83137,M,,,83
201200039642,12,10,24,755,1,2,1,1.0,6,83144,M,,,83
201200039643,12,10,25,1155,1,2,6,1.0,2,83144,M,,,83
201200039644,12,10,29,1830,5,2,1,1.0,6,83144,M,,,83
201200039645,12,11,4,415,5,2,1,8.0,6,83137,M,,,83
201200039646,12,11,1,2107,5,2,1,1.0,6,83062,M,,,83
201200039647,12,10,31,815,1,2,2,2.0,6,83062,M,,,83
201200039648,12,11,3,210,5,1,1,1.0,5,83090,M,,,83
201200039649,12,10,30,1950,5,2,1,1.0,6,83137,M,,,83
201200039650,12,11,6,1700,1,2,1,1.0,2,83062,M,,,83
201200039651,12,11,7,1125,1,1,1,1.0,2,83062,M,,,83
201200039652,12,10,30,1150,1,2,1,1.0,6,83137,M,,,83
201200039653,12,11,8,855,1,2,1,1.0,3,83062,M,,,83
201200039654,12,10,12,700,1,2,1,1.0,6,83137,M,,,83
201200039655,12,11,6,1140,1,2,1,1.0,6,83137,M,,,83
201200039656,12,11,8,1800,3,2,1,1.0,6,83137,M,,,83
201200039657,12,11,7,1635,1,2,1,1.0,1,83137,M,,,83
201200039658,12,11,13,945,1,2,1,1.0,3,83137,M,,,83
201200039659,12,11,14,1210,1,2,1,1.0,2,83090,M,,,83
201200039660,12,11,14,1925,5,1,1,1.0,7,83062,M,,,83
201200039661,12,11,20,1430,1,2,6,1.0,5,83137,M,,,83
201200039662,12,11,18,430,5,2,1,1.0,6,83137,M,,,83
201200039663,12,11,17,1415,1,2,1,1.0,6,83137,M,,,83
201200039664,12,11,22,1802,5,2,2,1.0,3,83062,M,,,83
201200039665,12,11,23,900,1,2,1,1.0,6,83137,M,,,83
201200039666,12,11,27,1200,1,1,1,2.0,6,83062,M,,,83
201200039667,12,11,26,1745,5,2,1,1.0,6,83062,M,,,83
201200039668,12,11,28,650,2,2,1,2.0,3,83137,M,,,83
201200039669,12,11,28,1745,5,2,3,3.0,3,83144,M,,,83
201200039670,12,11,28,620,5,2,1,3.0,2,83137,M,,,83
201200039671,12,11,29,840,1,2,1,1.0,3,83144,M,,,83
201200039672,12,11,28,1620,2,2,1,2.0,6,83062,M,,,83
201200039673,12,12,2,625,5,2,1,1.0,7,83144,M,,,83
201200039674,12,11,20,1125,1,2,1,1.0,2,83062,M,,,83
201200039675,12,11,30,845,1,2,1,8.0,4,83137,M,,,83
201200039676,12,12,6,610,5,2,6,1.0,3,83137,M,,,83
201200039677,12,12,7,640,2,2,1,1.0,2,83137,M,,,83
201200039678,12,12,12,2055,5,2,2,1.0,3,83144,M,,,83
201200039679,12,12,12,1905,5,2,1,1.0,2,83137,M,,,83
201200039680,12,12,11,1000,1,2,1,1.0,3,83137,M,,,83
201200039681,12,11,20,1100,1,2,3,1.0,3,83137,M,,,83
201200039682,12,12,15,1550,1,2,1,1.0,3,83062,M,,,83
201200039683,12,12,15,1810,3,2,1,1.0,6,83137,M,,,83
201200039684,12,12,26,1622,1,2,1,1.0,6,83098,M,,,83
201200039685,12,12,17,1100,1,2,1,1.0,6,83137,M,,,83
201200039686,12,12,7,1910,5,2,2,2.0,5,83137,M,,,83
201200039687,12,6,26,1210,1,2,2,1.0,3,83137,M,,,83
201200039688,12,7,11,1920,1,2,1,1.0,6,83090,M,,,83
201200039689,12,9,14,1635,1,2,1,1.0,6,83137,M,,,83
201200039690,12,1,4,1150,2,2,2,1.0,3,84007,M,,,84
201200039691,12,1,6,2245,5,2,1,1.0,6,84007,M,,,84
201200039692,12,1,14,1135,1,2,9,1.0,6,84007,M,,,84
201200039693,12,1,21,1908,3,2,1,1.0,3,84007,M,,,84
201200039694,12,1,27,2150,5,2,1,1.0,1,84007,M,,,84
201200039695,12,1,22,1840,5,2,3,1.0,3,84007,M,,,84
201200039696,12,2,18,720,3,1,1,1.0,7,84007,M,,,84
201200039697,12,3,29,1745,1,2,3,1.0,2,84007,M,,,84
201200039698,12,4,13,430,3,1,1,1.0,6,84007,M,,,84
201200039699,12,4,17,1058,1,2,2,1.0,3,84007,M,,,84
201200039700,12,4,20,1415,1,2,1,1.0,6,84007,M,,,84
201200039701,12,5,14,1530,1,2,1,1.0,5,84007,M,,,84
201200039702,12,4,30,2118,5,2,1,1.0,3,84007,M,,,84
201200039703,12,6,7,720,1,2,1,1.0,3,84007,M,,,84
201200039704,12,6,10,1800,1,2,1,1.0,6,84007,M,,,84
201200039705,12,6,13,1825,1,2,1,1.0,6,84007,M,,,84
201200039706,12,6,14,1940,1,2,1,1.0,6,84007,M,,,84
201200039707,12,6,27,1000,1,2,2,1.0,6,84007,M,,,84
201200039708,12,7,13,1250,1,2,1,1.0,6,84007,M,,,84
201200039709,12,7,6,1425,1,2,1,1.0,6,84007,M,,,84
201200039710,12,7,6,1800,1,2,3,1.0,3,84007,M,,,84
201200039711,12,7,24,2335,5,2,3,1.0,3,84007,M,,,84
201200039712,12,8,27,1145,1,2,1,1.0,2,84007,M,,,84
201200039713,12,8,28,400,5,2,1,1.0,6,84007,M,,,84
201200039714,12,8,4,1015,1,1,1,1.0,7,84007,M,,,84
201200039715,12,6,6,1810,1,2,1,1.0,6,84007,M,,,84
201200039716,12,9,7,1025,1,1,1,1.0,6,84007,M,,,84
201200039717,12,9,22,1722,1,2,1,1.0,6,84007,M,,,84
201200039718,12,9,30,335,5,2,1,2.0,7,84007,M,,,84
201200039719,12,10,6,1630,1,2,2,1.0,3,84007,M,,,84
201200039720,12,10,15,1910,1,2,1,1.0,3,84007,M,,,84
201200039721,12,10,24,1900,5,2,1,1.0,6,84007,M,,,84
201200039722,12,11,13,1845,5,1,1,1.0,3,84007,M,,,84
201200039723,12,10,6,540,5,1,1,1.0,6,84007,M,,,84
201200039724,12,11,20,1600,1,2,1,1.0,6,84007,M,,,84
201200039725,12,11,24,227,5,2,3,1.0,3,84007,M,,,84
201200039726,12,12,20,1725,2,2,1,2.0,3,84007,M,,,84
201200039727,12,12,29,1830,5,2,1,1.0,2,84007,M,,,84
201200039728,12,2,9,840,1,1,3,1.0,3,84031,M,,,84
201200039729,12,3,10,1920,3,1,1,6.0,7,84080,M,,,84
201200039730,12,3,10,1850,2,2,1,1.0,6,84031,M,,,84
201200039731,12,5,1,300,3,1,1,1.0,7,84080,M,,,84
201200039732,12,5,24,1140,1,1,1,1.0,6,84031,M,,,84
201200039733,12,6,2,1825,1,2,1,1.0,3,84031,M,,,84
201200039734,12,7,14,305,3,1,1,1.0,6,84080,M,,,84
201200039735,12,8,4,2330,3,1,1,1.0,7,84080,M,,,84
201200039736,12,8,25,1730,1,1,3,1.0,3,84031,M,,,84
201200039737,12,10,13,1500,1,1,1,1.0,7,84031,M,,,84
201200039738,12,10,7,1715,1,1,1,1.0,6,84031,M,,,84
201200039739,12,11,19,1535,1,1,1,1.0,2,84080,M,,,84
201200039740,12,11,19,1810,3,1,1,1.0,3,84031,M,,,84
201200039741,12,12,6,935,1,2,1,1.0,6,84080,M,,,84
201200039742,12,12,14,2140,3,1,1,1.0,1,84031,M,,,84
201200039743,12,12,21,1720,2,1,1,1.0,5,84080,M,,,84
201200039744,12,12,27,2120,3,1,1,2.0,6,84031,M,,,84
201200039745,12,4,21,1630,1,2,1,1.0,6,84035,M,,,84
201200039746,12,6,29,700,1,1,2,1.0,2,84035,M,,,84
201200039747,12,7,11,2150,2,2,9,1.0,6,84035,M,,,84
201200039748,12,8,17,930,1,2,1,1.0,6,84035,M,,,84
201200039749,12,10,22,1205,1,1,2,2.0,1,84035,M,,,84
201200039750,12,12,10,955,1,1,1,1.0,1,84035,M,,,84
201200039751,12,12,14,1852,3,1,2,1.0,3,84035,M,,,84
201200039752,12,1,10,1815,3,2,1,1.0,1,84087,M,,,84
201200039753,12,3,10,2050,5,2,3,6.0,3,84087,M,,,84
201200039754,12,3,10,1715,1,2,1,1.0,6,84087,M,,,84
201200039755,12,4,6,835,1,1,1,1.0,7,84087,M,,,84
201200039756,12,7,7,1300,1,2,6,1.0,3,84087,M,,,84
201200039757,12,7,21,830,1,2,6,7.0,6,84087,M,,,84
201200039758,12,7,26,1750,1,2,1,1.0,7,84087,M,,,84
201200039759,12,9,15,1645,1,2,1,1.0,3,84087,M,,,84
201200039760,12,10,24,1755,1,2,1,1.0,6,84087,M,,,84
201200039761,12,1,4,1100,1,2,1,1.0,3,85191,M,4665294.0,-144341.0,85
201200039762,12,1,6,1735,1,2,6,1.0,7,85191,M,,,85
201200039763,12,1,24,1110,1,2,1,2.0,6,85191,M,,,85
201200039764,12,2,10,740,5,2,1,1.0,1,85191,M,4669672.0,-143162.0,85
201200039765,12,2,29,1345,1,2,1,1.0,7,85191,M,4669892.0,-142968.0,85
201200039766,12,3,10,1400,1,2,1,1.0,6,85191,M,,,85
201200039767,12,3,19,1815,1,2,2,1.0,3,85191,M,4667523.0,-144141.0,85
201200039768,12,3,31,1625,1,2,1,1.0,6,85191,M,4664824.0,-143641.0,85
201200039769,12,4,11,2125,3,2,1,1.0,6,85191,M,,,85
201200039770,12,2,26,630,5,2,4,1.0,3,85191,M,4665916.0,-144254.0,85
201200039771,12,4,27,1640,1,2,1,2.0,6,85191,M,4667414.0,-144176.0,85
201200039772,12,5,30,1620,1,2,7,1.0,6,85191,M,4667083.0,-142818.0,85
201200039773,12,6,26,1217,1,2,1,1.0,6,85191,M,4669890.0,-143108.0,85
201200039774,12,6,30,1750,1,2,6,1.0,6,85191,M,,,85
201200039775,12,7,8,145,5,2,6,1.0,6,85191,M,,,85
201200039776,12,7,12,1655,1,2,3,1.0,6,85191,M,4667121.0,-142415.0,85
201200039777,12,7,24,1350,1,2,1,7.0,3,85191,M,,,85
201200039778,12,9,3,1415,1,1,1,1.0,3,85191,M,,,85
201200039779,12,9,25,810,2,2,9,3.0,6,85191,M,,,85
201200039780,12,9,27,920,1,1,3,1.0,3,85191,M,,,85
201200039781,12,10,5,1630,1,1,1,1.0,2,85191,M,,,85
201200039782,12,10,13,1755,2,2,1,1.0,6,85191,M,,,85
201200039783,12,11,15,1525,1,1,2,1.0,3,85191,M,,,85
201200039784,12,11,22,1820,2,2,1,1.0,6,85191,M,4666841.0,-144607.0,85
201200039785,12,11,28,2030,5,2,1,1.0,1,85191,M,,,85
201200039786,12,12,7,1635,1,2,1,1.0,3,85191,M,,,85
201200039787,12,12,16,1957,5,2,8,2.0,6,85191,M,,,85
201200039788,12,12,21,315,3,1,1,3.0,6,85191,M,,,85
201200039789,12,12,18,930,1,2,1,1.0,7,85191,M,4665287.0,-144341.0,85
201200039790,12,12,27,2020,5,2,3,3.0,6,85191,M,4669485.0,-143234.0,85
201200039791,12,1,7,855,1,2,1,2.0,6,85060,M,4649496.0,-175869.0,85
201200039792,12,1,16,1120,1,2,1,1.0,6,85194,M,,,85
201200039793,12,1,21,1515,1,2,1,1.0,6,85166,M,4652174.0,-178919.0,85
201200039794,12,1,23,1225,1,2,1,1.0,6,85060,M,,,85
201200039795,12,2,3,1630,1,2,1,1.0,6,85166,M,4651192.0,-177426.0,85
201200039796,12,2,29,1515,1,2,6,1.0,3,85060,M,4649248.0,-174996.0,85
201200039797,12,3,2,1555,1,2,1,1.0,6,85194,M,,,85
201200039798,12,3,28,1550,1,2,6,1.0,3,85194,M,,,85
201200039799,12,3,30,1350,1,1,1,1.0,3,85060,M,,,85
201200039800,12,4,8,1155,1,2,1,1.0,3,85194,M,,,85
201200039801,12,4,14,2330,5,2,1,1.0,6,85166,M,,,85
201200039802,12,5,6,1610,1,2,1,1.0,6,85194,M,4650019.0,-179542.0,85
201200039803,12,5,9,1000,1,2,6,1.0,6,85060,M,4649248.0,-174989.0,85
201200039804,12,5,14,1755,1,2,3,1.0,3,85166,M,,,85
201200039805,12,6,1,1925,1,2,1,1.0,6,85194,M,,,85
201200039806,12,6,14,910,1,2,3,1.0,3,85166,M,,,85
201200039807,12,6,20,1110,1,2,6,1.0,3,85194,M,,,85
201200039808,12,7,4,1525,1,2,2,1.0,3,85166,M,,,85
201200039809,12,7,14,1840,1,2,1,1.0,6,85060,M,,,85
201200039810,12,7,19,1535,1,2,2,1.0,6,85194,M,4649562.0,-178694.0,85
201200039811,12,7,21,1115,1,2,1,1.0,6,85194,M,,,85
201200039812,12,8,7,1950,1,2,1,1.0,6,85194,M,,,85
201200039813,12,8,25,1800,1,2,1,1.0,6,85194,M,4649315.0,-177766.0,85
201200039814,12,8,25,1850,1,2,1,1.0,3,85194,M,4648529.0,-175691.0,85
201200039815,12,9,3,1715,1,2,1,1.0,6,85194,M,,,85
201200039816,12,9,6,1620,1,2,1,1.0,6,85166,M,,,85
201200039817,12,9,19,755,1,2,4,1.0,3,85194,M,4650475.0,-178927.0,85
201200039818,12,9,21,1920,1,2,1,1.0,6,85194,M,,,85
201200039819,12,9,28,2310,3,1,1,1.0,5,85060,M,,,85
201200039820,12,10,10,1510,1,2,6,1.0,2,85060,M,4650188.0,-175902.0,85
201200039821,12,10,20,1430,1,2,1,2.0,3,85194,M,4650334.0,-178466.0,85
201200039822,12,10,23,1535,1,2,1,1.0,6,85194,M,,,85
201200039823,12,10,25,1730,1,2,1,2.0,6,85194,M,4649621.0,-177635.0,85
201200039824,12,11,5,1600,1,2,1,1.0,6,85194,M,4650890.0,-180696.0,85
201200039825,12,11,26,1045,1,2,1,7.0,6,85194,M,,,85
201200039826,12,11,30,1750,5,2,1,2.0,6,85194,M,,,85
201200039827,12,12,3,1755,5,2,1,2.0,3,85194,M,,,85
201200039828,12,12,21,1654,1,2,1,1.0,2,85166,M,,,85
201200039829,12,1,11,1945,5,2,1,1.0,6,86066,M,,,86
201200039830,12,5,8,2035,1,2,1,1.0,6,86066,M,,,86
201200039831,12,5,14,5,3,1,9,1.0,7,86066,M,,,86
201200039832,12,5,22,2118,1,2,2,1.0,3,86066,M,,,86
201200039833,12,6,7,2100,1,2,9,1.0,3,86066,M,,,86
201200039834,12,12,13,1900,5,2,3,1.0,3,86066,M,,,86
201200039835,12,1,2,1535,1,1,1,1.0,5,86157,M,,,86
201200039836,12,1,4,1830,5,2,1,1.0,2,86194,M,,,86
201200039837,12,1,7,1505,1,2,1,1.0,1,86194,M,,,86
201200039838,12,1,8,620,5,2,1,1.0,6,86214,M,,,86
201200039839,12,1,8,1715,5,2,1,1.0,6,86194,M,,,86
201200039840,12,1,9,815,1,2,1,1.0,6,86194,M,,,86
201200039841,12,1,12,1850,5,2,1,1.0,6,86194,M,,,86
201200039842,12,1,13,745,5,2,2,2.0,3,86194,M,,,86
201200039843,12,1,14,440,5,2,1,1.0,6,86194,M,,,86
201200039844,12,1,15,2115,5,2,1,1.0,2,86194,M,,,86
201200039845,12,1,16,1110,1,2,1,1.0,6,86194,M,,,86
201200039846,12,1,17,1245,1,2,2,1.0,1,86194,M,,,86
201200039847,12,1,17,1805,5,2,1,1.0,6,86194,M,,,86
201200039848,12,1,19,1145,1,2,2,1.0,1,86194,M,,,86
201200039849,12,1,27,210,3,1,1,1.0,6,86088,M,,,86
201200039850,12,1,27,1200,1,2,1,1.0,5,86194,M,,,86
201200039851,12,1,29,1525,1,2,2,1.0,3,86194,M,,,86
201200039852,12,1,30,715,5,2,1,1.0,2,86041,M,,,86
201200039853,12,2,17,800,5,1,1,1.0,6,86088,M,,,86
201200039854,12,3,1,1645,1,2,1,1.0,2,86041,M,,,86
201200039855,12,3,2,925,1,2,3,1.0,3,86194,M,,,86
201200039856,12,3,16,1520,1,2,1,1.0,3,86194,M,,,86
201200039857,12,3,19,920,1,1,3,1.0,4,86157,M,,,86
201200039858,12,3,19,1010,1,2,6,1.0,3,86194,M,,,86
201200039859,12,3,19,1755,1,2,1,1.0,7,86133,M,,,86
201200039860,12,3,22,1720,1,2,1,1.0,1,86194,M,,,86
201200039861,12,3,23,1220,1,2,1,1.0,7,86194,M,,,86
201200039862,12,3,25,1435,1,1,1,1.0,7,86158,M,,,86
201200039863,12,3,27,850,1,2,1,1.0,6,86194,M,,,86
201200039864,12,3,29,1200,1,2,1,1.0,6,86194,M,,,86
201200039865,12,4,2,1400,1,1,1,1.0,4,86133,M,,,86
201200039866,12,4,3,1750,1,2,1,1.0,4,86157,M,,,86
201200039867,12,4,6,830,1,2,3,1.0,2,86194,M,,,86
201200039868,12,4,10,1945,2,2,6,2.0,3,86158,M,,,86
201200039869,12,4,11,850,1,2,3,1.0,3,86194,M,,,86
201200039870,12,4,11,1115,1,2,3,1.0,3,86194,M,,,86
201200039871,12,4,12,2145,5,2,1,1.0,6,86158,M,,,86
201200039872,12,4,18,1210,1,2,1,3.0,6,86194,M,,,86
201200039873,12,4,21,2010,1,2,1,8.0,1,86194,M,,,86
201200039874,12,5,4,2215,5,2,3,1.0,6,86194,M,,,86
201200039875,12,5,6,1915,1,2,1,1.0,3,86194,M,,,86
201200039876,12,5,6,2015,1,2,1,1.0,6,86194,M,,,86
201200039877,12,5,11,2335,5,2,1,1.0,2,86194,M,,,86
201200039878,12,5,15,1225,1,2,4,1.0,3,86041,M,,,86
201200039879,12,5,17,505,5,2,1,1.0,6,86194,M,,,86
201200039880,12,5,19,1740,1,1,2,1.0,3,86194,M,,,86
201200039881,12,5,31,2305,5,2,2,1.0,3,86194,M,,,86
201200039882,12,6,7,940,1,2,1,2.0,6,86194,M,,,86
201200039883,12,6,7,1620,1,2,1,1.0,7,86194,M,,,86
201200039884,12,6,8,120,5,2,6,1.0,7,86194,M,,,86
201200039885,12,6,11,1210,1,2,2,1.0,3,86194,M,,,86
201200039886,12,6,12,1025,1,2,4,1.0,6,86194,M,,,86
201200039887,12,6,12,1240,1,2,1,1.0,3,86194,M,,,86
201200039888,12,6,12,1640,1,2,1,1.0,6,86158,M,,,86
201200039889,12,6,16,850,1,2,6,1.0,3,86194,M,,,86
201200039890,12,6,20,525,5,2,4,1.0,2,86194,M,,,86
201200039891,12,6,26,550,2,2,3,1.0,6,86157,M,,,86
201200039892,12,6,26,2100,1,2,1,1.0,6,86194,M,,,86
201200039893,12,7,1,2115,1,2,1,1.0,2,86194,M,,,86
201200039894,12,7,2,1805,1,2,1,1.0,1,86194,M,,,86
201200039895,12,7,3,1325,1,1,4,1.0,6,86158,M,,,86
201200039896,12,7,4,2125,2,2,2,1.0,3,86214,M,,,86
201200039897,12,7,12,1340,1,2,1,1.0,6,86194,M,,,86
201200039898,12,7,26,2350,3,2,6,1.0,1,86194,M,,,86
201200039899,12,7,30,1700,1,2,1,1.0,7,86194,M,,,86