Num_Acc,an,mois,jour,hrmn,lum,agg,int,atm,col,com,gps,lat,long,dep
201200039900,12,8,2,1850,1,2,1,1.0,3,86194,M,,,86
201200039901,12,8,10,1500,1,2,1,1.0,6,86194,M,,,86
201200039902,12,8,18,1810,1,2,1,1.0,6,86194,M,,,86
201200039903,12,8,18,2225,3,2,1,1.0,6,86194,M,,,86
201200039904,12,8,19,1315,1,2,2,1.0,3,86194,M,,,86
201200039905,12,8,20,1750,1,1,1,1.0,2,86194,M,,,86
201200039906,12,8,24,1750,1,1,1,1.0,4,86157,M,,,86
201200039907,12,8,31,1530,1,2,1,1.0,4,86214,M,,,86
201200039908,12,9,2,1020,1,2,1,1.0,7,86157,M,,,86
201200039909,12,9,4,1215,1,2,1,1.0,3,86214,M,,,86
201200039910,12,9,10,2150,5,2,2,1.0,2,86194,M,,,86
201200039911,12,9,13,1700,1,1,1,1.0,6,86158,M,,,86
201200039912,12,9,14,1415,1,2,4,1.0,3,86194,M,,,86
201200039913,12,9,24,1810,1,2,3,1.0,6,86194,M,,,86
201200039914,12,9,25,1205,1,2,1,3.0,2,86194,M,,,86
201200039915,12,9,28,800,1,2,3,1.0,3,86041,M,,,86
201200039916,12,10,1,1715,1,2,1,1.0,3,86158,M,,,86
201200039917,12,10,11,1704,1,2,2,2.0,3,86194,M,,,86
201200039918,12,10,12,2105,5,2,2,1.0,3,86194,M,,,86
201200039919,12,10,13,1510,1,1,1,2.0,1,86214,M,,,86
201200039920,12,10,18,1730,1,2,2,1.0,3,86194,M,,,86
201200039921,12,10,21,300,5,2,5,1.0,6,86194,M,,,86
201200039922,12,10,29,740,1,2,2,1.0,3,86194,M,,,86
201200039923,12,11,1,600,3,1,1,3.0,2,86157,M,,,86
201200039924,12,11,1,1250,1,2,1,1.0,6,86194,M,,,86
201200039925,12,11,2,1855,3,2,1,2.0,3,86041,M,,,86
201200039926,12,11,4,710,5,2,3,2.0,6,86158,M,,,86
201200039927,12,11,5,2005,3,1,1,2.0,3,86157,M,,,86
201200039928,12,11,6,1600,1,2,3,1.0,3,86194,M,,,86
201200039929,12,11,7,1230,1,2,1,1.0,2,86194,M,,,86
201200039930,12,11,9,1810,5,2,1,2.0,7,86194,M,,,86
201200039931,12,11,14,1405,1,2,2,1.0,3,86194,M,,,86
201200039932,12,11,17,320,3,1,1,1.0,6,86041,M,,,86
201200039933,12,11,19,845,1,2,1,1.0,6,86041,M,,,86
201200039934,12,11,20,800,1,2,3,1.0,6,86194,M,,,86
201200039935,12,11,27,1135,1,2,2,1.0,6,86194,M,,,86
201200039936,12,11,30,1450,1,2,4,1.0,2,86194,M,,,86
201200039937,12,11,30,1705,3,2,1,8.0,3,86194,M,,,86
201200039938,12,12,3,850,1,1,1,1.0,1,86157,M,,,86
201200039939,12,12,3,1730,5,2,1,1.0,7,86194,M,,,86
201200039940,12,12,3,1150,1,2,1,1.0,1,86133,M,,,86
201200039941,12,12,4,1835,5,2,1,1.0,6,86194,M,,,86
201200039942,12,12,6,1845,5,2,3,1.0,3,86158,M,,,86
201200039943,12,12,7,1820,5,2,1,1.0,7,86194,M,,,86
201200039944,12,12,13,2250,5,2,1,2.0,6,86194,M,,,86
201200039945,12,12,14,720,5,2,3,3.0,6,86194,M,,,86
201200039946,12,12,14,1805,5,2,1,2.0,1,86194,M,,,86
201200039947,12,12,17,1350,1,2,2,1.0,7,86194,M,,,86
201200039948,12,12,19,1910,5,2,1,2.0,1,86194,M,,,86
201200039949,12,12,23,1440,1,2,2,1.0,3,86157,M,,,86
201200039950,12,12,27,1030,1,2,6,2.0,2,86157,M,,,86
201200039951,12,12,30,700,3,1,1,2.0,6,86158,M,,,86
201200039952,12,12,31,1255,1,2,3,1.0,3,86194,M,,,86
201200039953,12,1,1,1142,1,1,1,1.0,6,87085,M,,,87
201200039954,12,1,1,2108,5,1,1,2.0,6,87085,M,4585510.0,127808.0,87
201200039955,12,1,2,1811,5,2,2,1.0,5,87085,M,,,87
201200039956,12,1,3,1906,3,1,1,2.0,6,87075,M,,,87
201200039957,12,1,4,1320,1,2,1,1.0,6,87085,M,,,87
201200039958,12,1,4,1224,1,2,1,1.0,6,87085,M,,,87
201200039959,12,1,4,1645,1,2,2,1.0,3,87085,M,,,87
201200039960,12,1,5,1430,1,2,2,2.0,2,87085,M,,,87
201200039961,12,1,5,1345,1,2,1,2.0,2,87085,M,,,87
201200039962,12,1,7,1614,1,2,1,1.0,6,87065,M,,,87
201200039963,12,1,12,330,5,2,1,1.0,6,87085,M,,,87
201200039964,12,1,12,1012,1,2,1,1.0,6,87085,M,,,87
201200039965,12,1,12,1413,1,2,1,1.0,2,87085,M,,,87
201200039966,12,1,13,1746,2,2,2,1.0,6,87085,M,,,87
201200039967,12,1,14,1830,1,1,9,1.0,2,87085,M,,,87
201200039968,12,1,15,1015,1,2,4,1.0,3,87085,M,,,87
201200039969,12,1,19,1815,5,2,1,2.0,6,87085,M,,,87
201200039970,12,1,20,1811,5,2,2,1.0,3,87085,M,,,87
201200039971,12,1,22,1717,1,1,1,2.0,6,87085,M,,,87
201200039972,12,1,23,756,5,1,1,1.0,2,87085,M,,,87
201200039973,12,1,24,1336,1,2,1,2.0,6,87085,M,,,87
201200039974,12,1,26,733,5,2,1,2.0,6,87085,M,,,87
201200039975,12,1,27,815,5,2,1,5.0,2,87085,M,,,87
201200039976,12,1,28,1540,1,2,1,1.0,2,87085,M,,,87
201200039977,12,1,29,142,5,2,9,1.0,3,87085,M,,,87
201200039978,12,1,30,707,1,2,3,1.0,3,87085,M,,,87
201200039979,12,2,3,1350,1,2,1,1.0,2,87085,M,,,87
201200039980,12,2,4,2310,4,1,1,1.0,3,87075,M,4581530.0,117136.0,87
201200039981,12,2,10,1430,1,1,2,1.0,3,87048,M,,,87
201200039982,12,2,11,1140,1,2,2,1.0,3,87085,M,,,87
201200039983,12,2,12,1139,1,2,1,1.0,6,87085,M,4582550.0,127079.0,87
201200039984,12,2,17,1840,1,2,1,1.0,6,87114,M,4583350.0,130651.0,87
201200039985,12,2,21,1028,1,1,1,1.0,3,87065,M,4579820.0,129566.0,87
201200039986,12,2,22,1504,1,2,2,1.0,3,87048,M,4579390.0,124796.0,87
201200039987,12,2,23,840,1,2,1,1.0,6,87065,M,,,87
201200039988,12,2,23,1357,1,2,1,2.0,6,87085,M,,,87
201200039989,12,2,23,1854,5,2,1,2.0,3,87065,M,4581820.0,129205.0,87
201200039990,12,2,24,1550,1,2,1,1.0,6,87085,M,,,87
201200039991,12,2,25,1636,1,1,3,1.0,3,87050,M,4585630.0,124714.0,87
201200039992,12,2,29,745,1,1,1,1.0,6,87075,M,,,87
201200039993,12,2,29,1550,1,2,1,1.0,2,87085,M,,,87
201200039994,12,3,2,1343,2,2,1,1.0,6,87085,M,,,87
201200039995,12,3,3,1620,1,2,1,1.0,3,87085,M,,,87
201200039996,12,3,4,1648,1,1,1,3.0,6,87085,M,,,87
201200039997,12,3,5,1545,1,1,1,1.0,2,87085,M,4583670.0,119606.0,87
201200039998,12,3,8,1207,1,2,1,1.0,2,87085,M,,,87
201200039999,12,3,12,1608,1,2,1,1.0,6,87085,M,,,87
201200040000,12,3,13,1445,1,2,1,1.0,6,87085,M,,,87
201200040001,12,3,14,1314,1,1,1,1.0,6,87085,M,,,87
201200040002,12,3,17,1841,1,2,1,1.0,6,87085,M,,,87
201200040003,12,3,19,1150,1,1,1,1.0,3,87085,M,,,87
201200040004,12,3,19,1652,1,2,2,1.0,3,87085,M,,,87
201200040005,12,3,20,1424,1,2,6,1.0,3,87050,M,4587980.0,123810.0,87
201200040006,12,3,21,1732,1,2,1,1.0,3,87085,M,,,87
201200040007,12,3,21,1940,1,2,1,1.0,6,87085,M,,,87
201200040008,12,3,22,758,1,2,1,1.0,5,87085,M,4581750.0,126207.0,87
201200040009,12,3,22,1955,5,2,1,1.0,6,87085,M,,,87
201200040010,12,3,24,1411,1,2,1,1.0,6,87085,M,,,87
201200040011,12,3,25,600,5,2,1,1.0,6,87065,M,4581940.0,128593.0,87
201200040012,12,3,28,1459,1,1,1,1.0,2,87050,M,4588930.0,123460.0,87
201200040013,12,3,28,1826,1,2,1,1.0,3,87065,M,,,87
201200040014,12,3,28,1749,1,2,2,1.0,3,87114,M,,,87
201200040015,12,3,28,1912,1,2,6,1.0,3,87065,M,,,87
201200040016,12,3,30,929,1,2,6,1.0,3,87085,M,,,87
201200040017,12,4,2,1910,1,2,1,1.0,4,87085,M,,,87
201200040018,12,4,5,934,1,2,1,1.0,6,87085,M,,,87
201200040019,12,4,7,1335,1,2,1,1.0,6,87085,M,,,87
201200040020,12,4,10,1608,1,2,1,1.0,6,87085,M,,,87
201200040021,12,4,11,801,1,2,2,2.0,3,87085,M,,,87
201200040022,12,4,11,755,1,1,1,2.0,5,87085,M,,,87
201200040023,12,4,11,1135,1,2,1,1.0,1,87085,M,,,87
201200040024,12,4,11,2231,5,2,1,2.0,3,87085,M,,,87
201200040025,12,4,12,1653,1,1,1,1.0,4,87085,M,,,87
201200040026,12,4,12,2325,5,2,2,1.0,3,87085,M,,,87
201200040027,12,4,13,1008,1,2,1,1.0,3,87085,M,,,87
201200040028,12,4,15,113,5,2,9,1.0,3,87085,M,,,87
201200040029,12,4,16,157,5,2,1,1.0,1,87085,M,,,87
201200040030,12,4,16,1725,1,2,1,1.0,2,87085,M,,,87
201200040031,12,4,17,900,1,2,1,1.0,6,87085,M,,,87
201200040032,12,4,17,1143,1,2,1,1.0,2,87085,M,,,87
201200040033,12,4,18,1435,1,2,1,2.0,3,87085,M,,,87
201200040034,12,4,19,1406,1,2,1,3.0,6,87085,M,,,87
201200040035,12,4,19,1735,1,2,2,2.0,3,87050,M,,,87
201200040036,12,4,20,1612,1,1,1,1.0,6,87085,M,,,87
201200040037,12,4,21,709,5,2,2,1.0,3,87085,M,,,87
201200040038,12,4,22,1714,1,2,1,1.0,6,87085,M,,,87
201200040039,12,4,22,1802,1,2,2,2.0,3,87085,M,,,87
201200040040,12,4,24,1152,1,2,1,3.0,2,87085,M,,,87
201200040041,12,5,2,1352,1,2,1,2.0,5,87085,M,,,87
201200040042,12,5,2,1654,1,1,1,1.0,6,87085,M,,,87
201200040043,12,5,4,1830,1,1,1,1.0,6,87150,M,,,87
201200040044,12,5,5,941,1,2,1,1.0,6,87085,M,,,87
201200040045,12,5,5,1938,1,2,1,1.0,6,87085,M,,,87
201200040046,12,5,6,1010,1,2,2,1.0,3,87085,M,,,87
201200040047,12,5,6,1937,1,2,2,1.0,3,87085,M,,,87
201200040048,12,5,9,800,1,2,1,2.0,2,87085,M,,,87
201200040049,12,5,9,1718,1,2,2,1.0,3,87085,M,,,87
201200040050,12,5,12,1620,1,2,1,1.0,3,87085,M,,,87
201200040051,12,5,14,1238,1,2,2,1.0,3,87085,M,,,87
201200040052,12,5,15,1520,1,2,1,1.0,2,87085,M,,,87
201200040053,12,5,16,1832,1,2,2,1.0,6,87085,M,,,87
201200040054,12,5,19,1610,1,2,1,1.0,4,87085,M,,,87
201200040055,12,5,21,2300,3,1,1,3.0,6,87050,M,,,87
201200040056,12,5,22,1600,1,1,1,1.0,6,87085,M,4583940.0,118487.0,87
201200040057,12,5,22,1102,1,1,1,1.0,6,87085,M,,,87
201200040058,12,5,24,1611,1,2,2,1.0,5,87085,M,,,87
201200040059,12,5,24,1721,1,2,1,1.0,4,87085,M,,,87
201200040060,12,5,25,1309,1,2,1,1.0,2,87085,M,,,87
201200040061,12,5,27,2337,5,1,1,1.0,6,87085,M,,,87
201200040062,12,5,28,1439,1,2,1,1.0,6,87085,M,,,87
201200040063,12,5,29,825,1,2,1,1.0,6,87085,M,,,87
201200040064,12,5,29,1704,1,2,3,1.0,3,87085,M,,,87
201200040065,12,5,30,1448,1,2,1,1.0,2,87085,M,,,87
201200040066,12,5,31,1849,1,2,3,1.0,3,87085,M,,,87
201200040067,12,6,1,1814,1,2,1,1.0,6,87050,M,,,87
201200040068,12,6,1,1624,1,2,1,1.0,3,87085,M,,,87
201200040069,12,6,1,1823,1,1,1,1.0,6,87113,M,,,87
201200040070,12,6,3,1755,1,2,6,1.0,3,87085,M,,,87
201200040071,12,6,3,2013,1,2,1,1.0,3,87085,M,,,87
201200040072,12,6,4,1548,1,2,1,1.0,6,87085,M,,,87
201200040073,12,6,5,1011,1,2,2,1.0,3,87085,M,4582580.0,126974.0,87
201200040074,12,6,5,1242,1,2,2,1.0,3,87085,M,,,87
201200040075,12,6,5,1809,1,2,2,1.0,6,87085,M,,,87
201200040076,12,6,6,845,1,2,1,2.0,6,87085,M,4582590.0,126896.0,87
201200040077,12,6,6,918,1,1,1,2.0,6,87085,M,4584150.0,127967.0,87
201200040078,12,6,8,805,1,2,3,1.0,3,87085,M,,,87
201200040079,12,6,8,1805,1,2,1,1.0,2,87085,M,,,87
201200040080,12,6,9,359,5,2,1,1.0,6,87085,M,,,87
201200040081,12,6,11,1305,1,2,1,1.0,6,87085,M,,,87
201200040082,12,6,11,1958,1,2,1,1.0,6,87114,M,4582730.0,129210.0,87
201200040083,12,6,14,1044,1,2,1,1.0,6,87085,M,,,87
201200040084,12,6,15,1404,1,2,1,1.0,6,87085,M,,,87
201200040085,12,6,18,1505,1,2,1,1.0,3,87085,M,,,87
201200040086,12,6,18,1738,1,2,3,1.0,3,87085,M,,,87
201200040087,12,6,19,1240,1,2,2,1.0,3,87085,M,4582730.0,128452.0,87
201200040088,12,6,20,1900,1,2,3,1.0,3,87075,M,,,87
201200040089,12,6,21,1725,1,2,1,1.0,6,87085,M,,,87
201200040090,12,6,22,800,1,2,1,1.0,2,87085,M,,,87
201200040091,12,6,22,910,1,1,1,1.0,2,87085,M,4585540.0,127847.0,87
201200040092,12,6,22,2002,1,2,1,1.0,6,87085,M,,,87
201200040093,12,6,25,1551,1,1,2,1.0,3,87065,M,4579700.0,129455.0,87
201200040094,12,6,25,955,1,2,1,2.0,1,87075,M,,,87
201200040095,12,6,27,1430,1,2,1,1.0,6,87085,M,,,87
201200040096,12,6,27,1740,1,1,1,1.0,2,87065,M,4579600.0,129845.0,87
201200040097,12,6,28,1203,1,2,3,1.0,3,87114,M,,,87
201200040098,12,6,28,1232,1,2,1,1.0,1,87085,M,,,87
201200040099,12,7,1,624,2,2,1,1.0,6,87085,M,0.0,0.0,87
201200040100,12,7,3,55,3,1,1,1.0,6,87075,M,4580290.0,123255.0,87
201200040101,12,7,5,953,1,2,1,2.0,6,87085,M,,,87
201200040102,12,7,5,1229,1,2,1,2.0,7,87085,M,,,87
201200040103,12,7,5,1911,1,1,1,1.0,6,87085,M,4586810.0,116554.0,87
201200040104,12,7,6,721,1,1,1,1.0,6,87075,M,4579430.0,122207.0,87
201200040105,12,7,7,1319,1,2,1,1.0,6,87085,M,,,87
201200040106,12,7,10,520,3,1,3,1.0,3,87075,M,4581760.0,118204.0,87
201200040107,12,7,11,2034,1,1,1,1.0,1,87114,M,,,87
201200040108,12,7,14,359,5,2,1,1.0,6,87085,M,,,87
201200040109,12,7,15,1340,1,2,1,1.0,3,87085,M,,,87
201200040110,12,7,15,2100,1,2,1,1.0,6,87085,M,4584100.0,128779.0,87
201200040111,12,7,16,309,5,2,1,1.0,6,87085,M,,,87
201200040112,12,7,17,750,1,2,2,1.0,3,87048,M,4579830.0,125198.0,87
201200040113,12,7,18,1155,1,2,9,1.0,3,87085,M,,,87
201200040114,12,7,20,947,1,2,1,1.0,6,87085,M,,,87
201200040115,12,7,20,2019,1,2,1,1.0,6,87085,M,4582120.0,121146.0,87
201200040116,12,7,26,858,1,2,1,1.0,2,87085,M,4581990.0,126059.0,87
201200040117,12,7,26,2316,5,2,1,1.0,2,87085,M,,,87
201200040118,12,7,27,907,1,1,1,1.0,2,87038,M,4589160.0,125551.0,87
201200040119,12,7,27,1149,1,1,1,1.0,6,87050,M,4586110.0,122688.0,87
201200040120,12,7,31,1605,1,2,1,1.0,6,87085,M,,,87
201200040121,12,8,1,1717,1,2,1,1.0,6,87085,M,,,87
201200040122,12,8,3,1828,1,2,2,1.0,1,87085,M,,,87
201200040123,12,8,3,2106,2,2,1,1.0,3,87085,M,,,87
201200040124,12,8,3,2102,1,2,1,1.0,4,87085,M,,,87
201200040125,12,8,4,1215,1,2,1,1.0,1,87050,M,,,87
201200040126,12,8,4,1631,1,2,1,1.0,6,87085,M,,,87
201200040127,12,8,4,1801,1,1,1,1.0,6,87113,M,,,87
201200040128,12,8,5,1835,1,1,1,1.0,6,87085,M,,,87
201200040129,12,8,5,1742,1,2,1,1.0,2,87085,M,,,87
201200040130,12,8,6,1959,1,2,2,1.0,3,87085,M,,,87
201200040131,12,8,7,1635,1,2,1,1.0,6,87085,M,,,87
201200040132,12,8,7,1901,1,2,1,1.0,1,87085,M,,,87
201200040133,12,8,8,2102,5,2,1,1.0,6,87085,M,,,87
201200040134,12,8,10,1511,1,2,1,1.0,3,87085,M,,,87
201200040135,12,8,10,1730,1,2,1,1.0,3,87085,M,,,87
201200040136,12,8,11,2104,1,2,1,1.0,3,87085,M,,,87
201200040137,12,8,10,1934,1,2,1,1.0,6,87085,M,,,87
201200040138,12,8,13,2010,1,2,1,1.0,6,87085,M,,,87
201200040139,12,8,14,2034,1,2,1,2.0,6,87085,M,,,87
201200040140,12,8,15,2133,2,1,1,1.0,6,87075,M,,,87
201200040141,12,8,18,2358,5,2,1,1.0,2,87085,M,,,87
201200040142,12,8,19,1605,1,2,1,1.0,6,87085,M,,,87
201200040143,12,8,20,1120,1,2,1,1.0,4,87085,M,,,87
201200040144,12,8,20,1543,1,2,1,1.0,6,87085,M,,,87
201200040145,12,8,20,1840,1,2,2,1.0,3,87085,M,,,87
201200040146,12,8,21,1819,1,2,1,1.0,3,87085,M,,,87
201200040147,12,8,23,624,5,2,1,1.0,3,87085,M,,,87
201200040148,12,8,27,824,1,1,1,1.0,6,87085,M,,,87
201200040149,12,8,28,747,1,2,1,2.0,6,87085,M,,,87
201200040150,12,8,28,1737,1,2,1,1.0,3,87050,M,,,87
201200040151,12,8,30,1338,1,1,1,1.0,6,87065,M,,,87
201200040152,12,8,30,1824,1,2,1,1.0,2,87085,M,,,87
201200040153,12,8,30,1917,1,2,1,1.0,3,87113,M,,,87
201200040154,12,9,1,1829,1,2,1,1.0,6,87085,M,,,87
201200040155,12,9,3,836,1,1,1,1.0,6,87113,M,,,87
201200040156,12,9,5,835,1,2,3,1.0,3,87075,M,,,87
201200040157,12,9,5,953,1,2,1,1.0,2,87113,M,,,87
201200040158,12,9,5,1739,1,2,2,1.0,6,87085,M,,,87
201200040159,12,9,6,818,1,2,1,1.0,6,87113,M,,,87
201200040160,12,9,6,1040,1,2,1,1.0,2,87085,M,,,87
201200040161,12,9,8,1513,1,2,1,1.0,7,87085,M,,,87
201200040162,12,9,9,1503,1,1,1,1.0,6,87085,M,,,87
201200040163,12,9,10,1820,1,2,1,1.0,2,87085,M,,,87
201200040164,12,9,12,1117,1,2,1,1.0,2,87085,M,,,87
201200040165,12,9,13,725,1,2,1,2.0,6,87085,M,,,87
201200040166,12,9,13,2031,5,2,1,1.0,6,87085,M,,,87
201200040167,12,9,14,728,1,2,1,1.0,6,87085,M,,,87
201200040168,12,9,14,1013,1,2,1,1.0,3,87085,M,,,87
201200040169,12,9,14,1320,1,1,1,1.0,2,87085,M,,,87
201200040170,12,9,16,922,1,1,1,1.0,6,87085,M,,,87
201200040171,12,9,16,752,2,2,1,1.0,6,87085,M,,,87
201200040172,12,9,16,1430,1,2,1,1.0,2,87085,M,,,87
201200040173,12,9,17,756,1,2,2,1.0,3,87085,M,,,87
201200040174,12,9,17,906,1,2,1,1.0,6,87085,M,,,87
201200040175,12,9,17,1748,4,1,1,1.0,3,87075,M,,,87
201200040176,12,9,18,1217,1,2,1,1.0,3,87085,M,,,87
201200040177,12,9,19,805,1,2,1,1.0,6,87085,M,,,87
201200040178,12,9,20,1910,1,2,1,1.0,6,87085,M,,,87
201200040179,12,9,20,2010,1,2,3,1.0,3,87085,M,,,87
201200040180,12,9,20,2022,5,2,1,1.0,6,87085,M,,,87
201200040181,12,9,21,1820,1,2,1,1.0,2,87085,M,,,87
201200040182,12,9,23,1848,1,2,1,1.0,6,87085,M,,,87
201200040183,12,9,24,631,3,1,1,3.0,6,87050,M,,,87
201200040184,12,9,24,1131,1,2,1,1.0,6,87085,M,,,87
201200040185,12,9,24,1400,1,2,1,1.0,6,87114,M,,,87
201200040186,12,9,25,1615,1,1,1,3.0,5,87085,M,,,87
201200040187,12,9,30,627,2,2,3,1.0,3,87085,M,,,87
201200040188,12,9,30,1445,1,2,1,1.0,4,87085,M,,,87
201200040189,12,10,1,852,1,2,1,1.0,3,87113,M,,,87
201200040190,12,10,2,1349,1,2,1,1.0,3,87085,M,,,87
201200040191,12,10,3,910,1,1,1,1.0,6,87065,M,,,87
201200040192,12,10,4,1520,1,2,1,2.0,6,87085,M,,,87
201200040193,12,10,5,1612,1,2,2,1.0,2,87085,M,,,87
201200040194,12,10,5,1733,1,2,1,1.0,4,87085,M,,,87
201200040195,12,10,7,449,5,2,1,2.0,6,87085,M,,,87
201200040196,12,10,7,905,1,2,1,2.0,6,87085,M,,,87
201200040197,12,10,7,955,1,1,1,2.0,6,87050,M,,,87
201200040198,12,10,7,1951,5,2,2,1.0,3,87085,M,,,87
201200040199,12,10,8,1215,1,2,1,1.0,2,87085,M,,,87
201200040200,12,10,10,1908,1,2,2,1.0,3,87085,M,,,87
201200040201,12,10,10,2027,3,1,1,1.0,6,87085,M,,,87
201200040202,12,10,12,1306,1,2,1,1.0,6,87085,M,,,87
201200040203,12,10,12,1240,1,2,1,1.0,6,87085,M,,,87
201200040204,12,10,15,756,2,2,1,2.0,6,87065,M,,,87
201200040205,12,10,15,1505,1,1,1,1.0,2,87085,M,,,87
201200040206,12,10,16,733,2,2,1,1.0,3,87085,M,,,87
201200040207,12,10,17,35,5,2,1,1.0,6,87085,M,,,87
201200040208,12,10,16,2138,3,1,1,2.0,6,87048,M,,,87
201200040209,12,10,17,1102,1,1,1,1.0,6,87114,M,,,87
201200040210,12,10,17,1710,1,2,1,1.0,6,87085,M,,,87
201200040211,12,10,17,2340,5,2,4,1.0,3,87065,M,,,87
201200040212,12,10,19,914,1,2,1,1.0,6,87113,M,,,87
201200040213,12,10,19,735,3,1,1,1.0,1,87048,M,,,87
201200040214,12,10,19,1339,1,2,2,1.0,3,87085,M,,,87
201200040215,12,10,20,1449,1,2,3,2.0,3,87085,M,,,87
201200040216,12,10,22,1329,1,2,1,1.0,6,87085,M,,,87
201200040217,12,10,23,804,1,2,1,1.0,2,87085,M,,,87
201200040218,12,10,23,741,5,2,1,1.0,4,87085,M,,,87
201200040219,12,10,23,1347,1,2,1,1.0,6,87085,M,,,87
201200040220,12,10,23,2336,5,2,1,1.0,6,87085,M,,,87
201200040221,12,10,24,746,5,2,1,5.0,6,87085,M,,,87
201200040222,12,10,24,1231,1,2,1,1.0,3,87085,M,,,87
201200040223,12,10,25,848,1,1,1,1.0,1,87075,M,,,87
201200040224,12,10,25,1259,1,2,3,1.0,3,87085,M,,,87
201200040225,12,10,26,900,1,2,1,2.0,4,87085,M,,,87
201200040226,12,10,26,1212,1,2,1,2.0,6,87085,M,,,87
201200040227,12,10,26,2022,5,2,1,2.0,3,87085,M,,,87
201200040228,12,10,27,1308,1,2,1,1.0,2,87065,M,,,87
201200040229,12,10,29,1654,1,2,1,1.0,6,87085,M,,,87
201200040230,12,11,1,859,1,1,1,2.0,6,87050,M,,,87
201200040231,12,11,2,2112,5,2,1,2.0,6,87085,M,,,87
201200040232,12,11,3,1716,1,1,1,2.0,6,87085,M,,,87
201200040233,12,11,4,1333,1,1,1,2.0,2,87085,M,,,87
201200040234,12,11,4,1456,1,2,3,2.0,3,87085,M,,,87
201200040235,12,11,6,1445,1,2,1,1.0,6,87114,M,,,87
201200040236,12,11,6,1727,1,2,1,1.0,6,87085,M,,,87
201200040237,12,11,9,1139,1,2,1,1.0,6,87085,M,,,87
201200040238,12,11,10,557,5,2,1,3.0,6,87085,M,,,87
201200040239,12,11,11,1515,1,2,1,1.0,6,87085,M,,,87
201200040240,12,11,11,1650,1,2,1,1.0,6,87085,M,,,87
201200040241,12,11,11,1959,3,2,1,1.0,6,87114,M,,,87
201200040242,12,11,12,1647,1,2,1,1.0,2,87085,M,,,87
201200040243,12,11,12,1856,5,2,1,1.0,3,87085,M,,,87
201200040244,12,11,13,1818,5,1,1,1.0,3,87065,M,,,87
201200040245,12,11,14,1940,5,2,1,1.0,6,87085,M,,,87
201200040246,12,11,16,1839,4,2,1,1.0,6,87075,M,,,87
201200040247,12,11,18,1,5,2,1,1.0,6,87085,M,,,87
201200040248,12,11,20,1805,5,2,1,1.0,3,87085,M,,,87
201200040249,12,11,21,1230,1,2,1,2.0,6,87085,M,,,87
201200040250,12,11,21,1332,1,2,3,1.0,3,87085,M,,,87
201200040251,12,11,21,1710,1,2,3,3.0,2,87085,M,,,87
201200040252,12,11,22,1817,5,2,1,1.0,4,87085,M,,,87
201200040253,12,11,22,1752,5,2,1,1.0,6,87085,M,,,87
201200040254,12,11,26,853,1,2,1,2.0,2,87085,M,,,87
201200040255,12,11,28,822,1,2,1,1.0,6,87085,M,,,87
201200040256,12,11,28,1332,1,2,1,2.0,4,87085,M,,,87
201200040257,12,11,28,1606,1,2,1,2.0,6,87085,M,,,87
201200040258,12,11,29,1352,1,2,2,1.0,3,87085,M,,,87
201200040259,12,11,30,1059,1,2,3,1.0,3,87085,M,,,87
201200040260,12,11,30,1400,1,1,1,1.0,6,87085,M,,,87
201200040261,12,11,30,2000,5,2,3,1.0,6,87085,M,,,87
201200040262,12,12,1,1553,1,2,1,1.0,6,87085,M,,,87
201200040263,12,12,1,1630,1,2,3,1.0,6,87114,M,,,87
201200040264,12,12,3,812,1,2,2,2.0,3,87085,M,,,87
201200040265,12,12,3,1359,1,2,3,2.0,4,87085,M,,,87
201200040266,12,12,3,1735,3,1,2,3.0,3,87050,M,,,87
201200040267,12,12,6,1739,5,2,1,1.0,6,87085,M,,,87
201200040268,12,12,7,1252,1,2,2,1.0,3,87085,M,,,87
201200040269,12,12,7,2105,5,2,1,1.0,6,87085,M,,,87
201200040270,12,12,9,1651,1,2,2,1.0,3,87085,M,,,87
201200040271,12,12,10,1215,1,2,1,2.0,4,87085,M,,,87
201200040272,12,12,10,1657,2,1,1,1.0,6,87113,M,,,87
201200040273,12,12,12,1316,1,2,1,1.0,6,87085,M,,,87
201200040274,12,12,13,1212,1,1,3,2.0,3,87114,M,,,87
201200040275,12,12,15,1256,1,2,1,2.0,3,87085,M,,,87
201200040276,12,12,17,1335,1,2,1,1.0,3,87085,M,,,87
201200040277,12,12,18,1147,1,2,1,1.0,3,87085,M,,,87
201200040278,12,12,19,1842,5,2,1,1.0,3,87085,M,,,87
201200040279,12,12,20,1037,1,2,1,2.0,6,87085,M,,,87
201200040280,12,12,21,817,2,2,1,2.0,6,87085,M,,,87
201200040281,12,12,21,1009,1,2,1,2.0,6,87085,M,,,87
201200040282,12,12,21,1233,1,2,3,2.0,3,87085,M,,,87
201200040283,12,12,21,1743,2,2,1,2.0,6,87085,M,,,87
201200040284,12,12,23,1638,1,2,1,1.0,6,87085,M,,,87
201200040285,12,12,28,1417,1,2,1,2.0,4,87085,M,,,87
201200040286,12,12,29,2004,5,2,1,1.0,6,87085,M,,,87
201200040287,12,1,4,1420,1,2,1,1.0,1,88209,M,4818712.0,642029.0,88
201200040288,12,1,20,715,5,2,2,8.0,3,88209,M,4819246.0,643889.0,88
201200040289,12,3,6,735,1,2,1,1.0,6,88160,M,4817777.0,644072.0,88
201200040290,12,3,22,1330,1,2,1,1.0,7,88160,M,4818530.0,646097.0,88
201200040291,12,4,9,1235,1,2,2,2.0,3,88209,M,4814776.0,645519.0,88
201200040292,12,5,8,1950,1,2,1,2.0,6,88160,M,4819469.0,645773.0,88