Num_Acc,an,mois,jour,hrmn,lum,agg,int,atm,col,com,gps,lat,long,dep
201200040293,12,4,25,908,1,1,1,1.0,1,88253,M,4818885.0,648055.0,88
201200040294,12,4,30,1600,1,2,3,1.0,6,88160,M,4817458.0,644590.0,88
201200040295,12,5,23,1535,1,2,1,1.0,3,88160,M,4818435.0,644148.0,88
201200040296,12,5,27,1530,1,2,1,1.0,6,88087,M,4817609.0,642971.0,88
201200040297,12,6,5,1825,1,2,1,1.0,6,88160,M,4816016.0,645249.0,88
201200040298,12,6,24,5,3,2,1,1.0,6,88160,M,4816782.0,644539.0,88
201200040299,12,6,28,1220,1,2,2,1.0,6,88160,M,4817587.0,644303.0,88
201200040300,12,6,29,1550,1,1,2,1.0,5,88209,M,4820597.0,641875.0,88
201200040301,12,7,5,725,1,1,1,8.0,5,88209,M,4820328.0,641753.0,88
201200040302,12,7,5,1750,1,2,1,1.0,2,88160,M,4817340.0,644645.0,88
201200040303,12,8,12,635,2,2,1,1.0,6,88160,M,4817647.0,646477.0,88
201200040304,12,9,4,1750,1,2,1,1.0,6,88160,M,4817612.0,645626.0,88
201200040305,12,9,22,1035,1,2,2,1.0,6,88209,M,4819295.0,645626.0,88
201200040306,12,10,25,1725,1,2,1,7.0,1,88160,M,4820147.0,642566.0,88
201200040307,12,11,9,1500,1,2,6,1.0,3,88160,M,4818476.0,646701.0,88
201200040308,12,11,10,1525,1,2,2,2.0,3,88209,M,4819345.0,644159.0,88
201200040309,12,11,3,1930,5,2,1,3.0,6,88160,M,,,88
201200040310,12,11,15,645,5,2,2,5.0,6,88160,M,4818675.0,647658.0,88
201200040311,12,12,7,1120,1,1,1,4.0,5,88160,M,4815681.0,654880.0,88
201200040312,12,12,10,1840,5,2,1,4.0,6,88160,M,4818482.0,645378.0,88
201200040313,12,12,12,1845,5,2,1,1.0,6,88160,M,4817909.0,644582.0,88
201200040314,12,2,29,2020,3,1,1,1.0,1,88429,M,4802741.0,655683.0,88
201200040315,12,3,11,2020,3,1,1,1.0,5,88429,M,4801013.0,656103.0,88
201200040316,12,5,22,1810,1,2,1,1.0,3,88383,M,4801326.0,658679.0,88
201200040317,12,5,2,1830,1,2,1,8.0,1,88415,M,4804429.0,659525.0,88
201200040318,12,5,20,1810,1,2,1,1.0,1,88383,M,4801326.0,658679.0,88
201200040319,12,10,9,1345,1,2,3,1.0,6,88383,M,4801628.0,638684.0,88
201200040320,12,11,20,1430,1,2,2,1.0,6,88383,M,4801684.0,659582.0,88
201200040321,12,11,21,1903,3,1,1,2.0,2,88429,M,4804551.0,658228.0,88
201200040322,12,1,17,1140,1,1,1,1.0,1,88413,M,4829948.0,692918.0,88
201200040323,12,2,25,2110,5,2,1,2.0,7,88413,M,4828849.0,694986.0,88
201200040324,12,3,24,1745,1,2,6,1.0,1,88413,M,4827915.0,695773.0,88
201200040325,12,3,30,2045,5,2,1,1.0,7,88413,M,4830005.0,694704.0,88
201200040326,12,4,7,1445,1,2,1,1.0,6,88413,M,4829359.0,693577.0,88
201200040327,12,4,15,235,3,2,1,2.0,6,88519,M,4832706.0,690547.0,88
201200040328,12,4,21,35,5,2,6,1.0,3,88424,M,4827500.0,696615.0,88
201200040329,12,4,27,1725,1,2,1,1.0,3,88413,M,4827998.0,695001.0,88
201200040330,12,4,26,900,1,2,1,1.0,3,88424,M,4827130.0,697196.0,88
201200040331,12,5,6,605,3,1,1,1.0,6,88413,M,4832087.0,693045.0,88
201200040332,12,5,3,730,1,2,1,7.0,7,88413,M,4828277.0,693045.0,88
201200040333,12,5,4,1500,1,2,1,1.0,6,88424,M,4832087.0,693045.0,88
201200040334,12,5,22,1205,1,2,2,1.0,3,88413,M,4827799.0,695369.0,88
201200040335,12,6,10,230,5,2,1,1.0,1,88413,M,4829253.0,693080.0,88
201200040336,12,7,29,125,3,2,1,3.0,7,88519,M,4832744.0,690495.0,88
201200040337,12,8,3,1710,1,2,1,1.0,2,88413,M,4829480.0,693846.0,88
201200040338,12,8,11,1130,1,1,1,1.0,3,88413,M,4829504.0,691765.0,88
201200040339,12,8,25,605,3,1,1,1.0,7,88463,M,4824807.0,691763.0,88
201200040340,12,8,25,1525,1,1,1,1.0,7,88413,M,4828030.0,690890.0,88
201200040341,12,9,1,1810,1,2,2,1.0,3,88413,M,4828865.0,694408.0,88
201200040342,12,9,6,1205,1,2,3,1.0,3,88413,M,4828881.0,694812.0,88
201200040343,12,9,7,1935,2,2,3,1.0,7,88413,M,4828612.0,695616.0,88
201200040344,12,9,10,2005,5,2,2,1.0,1,88413,M,4827747.0,695477.0,88
201200040345,12,10,6,1800,1,1,1,1.0,7,88463,M,4822696.0,690440.0,88
201200040346,12,9,21,1646,1,2,3,1.0,6,88413,M,4828814.0,695249.0,88
201200040347,12,10,1,1728,1,2,1,1.0,2,88424,M,4826957.0,697571.0,88
201200040348,12,10,17,1600,1,2,1,1.0,6,88413,M,4828434.0,694277.0,88
201200040349,12,10,24,1750,1,2,1,1.0,3,88424,M,4826881.0,696144.0,88
201200040350,12,11,5,855,1,2,2,2.0,6,88413,M,4828352.0,695604.0,88
201200040351,12,10,25,2235,3,2,3,1.0,6,88428,M,4830926.0,689997.0,88
201200040352,12,11,10,1510,1,2,3,2.0,6,88413,M,4828628.0,695104.0,88
201200040353,12,11,13,1355,1,2,1,1.0,6,88413,M,4828638.0,694532.0,88
201200040354,12,11,30,2210,5,2,1,1.0,1,88413,M,4830044.0,692975.0,88
201200040355,12,1,5,1420,1,1,1,3.0,3,89024,M,4776224.0,355045.0,89
201200040356,12,1,21,1615,1,2,1,2.0,6,89024,M,4779231.0,356756.0,89
201200040357,12,1,25,1810,5,2,2,1.0,3,89024,M,4779592.0,356407.0,89
201200040358,12,2,14,725,1,2,3,1.0,6,89024,M,4778705.0,356336.0,89
201200040359,12,3,7,2140,5,2,1,3.0,6,89024,M,4778682.0,358647.0,89
201200040360,12,3,24,1525,1,2,2,1.0,3,89024,M,4780200.0,357914.0,89
201200040361,12,3,27,1855,1,2,2,1.0,6,89024,M,4779215.0,356772.0,89
201200040362,12,5,15,1215,1,2,7,1.0,3,89024,M,4780153.0,357673.0,89
201200040363,12,6,10,1220,1,1,1,1.0,1,89024,M,4779571.0,359841.0,89
201200040364,12,8,2,1540,1,2,3,1.0,3,89024,M,4780016.0,356705.0,89
201200040365,12,8,7,1805,1,2,7,1.0,6,89024,M,4779041.0,356598.0,89
201200040366,12,8,17,1930,1,2,1,1.0,3,89024,M,4779113.0,355134.0,89
201200040367,12,9,9,2035,2,2,3,1.0,1,89024,M,4779461.0,357385.0,89
201200040368,12,9,17,1600,1,2,1,1.0,6,89024,M,4779685.0,357035.0,89
201200040369,12,9,7,1530,1,2,2,1.0,3,89024,M,4779577.0,358868.0,89
201200040370,12,9,26,1205,1,2,3,1.0,3,89024,M,4779487.0,357885.0,89
201200040371,12,10,9,1235,1,2,2,1.0,3,89024,M,4780652.0,358338.0,89
201200040372,12,10,3,735,2,2,3,1.0,6,89024,M,4779452.0,358517.0,89
201200040373,12,11,12,1540,1,2,2,1.0,3,89024,M,4779341.0,356050.0,89
201200040374,12,11,30,1125,1,2,1,1.0,3,89024,M,4780589.0,356121.0,89
201200040375,12,12,5,1540,1,2,1,1.0,6,89024,M,4780341.0,355318.0,89
201200040376,12,12,13,800,5,2,2,1.0,6,89024,M,4779219.0,356754.0,89
201200040377,12,11,28,1645,1,2,3,1.0,3,89024,M,4778776.0,358143.0,89
201200040378,12,12,21,1840,5,2,2,1.0,3,89024,M,4780106.0,358128.0,89
201200040379,12,12,29,1720,2,2,2,1.0,3,89024,M,4779541.0,357780.0,89
201200040380,12,1,8,2019,5,2,1,1.0,6,89387,M,4820351.0,326821.0,89
201200040381,12,1,11,1800,5,2,1,1.0,6,89387,M,4819796.0,331020.0,89
201200040382,12,1,24,1450,1,2,3,1.0,6,89387,M,4819554.0,327587.0,89
201200040383,12,2,10,1355,1,2,1,1.0,6,89387,M,4820570.0,326507.0,89
201200040384,12,3,13,2155,5,1,1,1.0,3,89387,M,,,89
201200040385,12,4,6,1915,1,2,2,1.0,3,89387,M,4820454.0,329425.0,89
201200040386,12,4,10,1215,1,2,1,1.0,6,89287,M,4818722.0,325326.0,89
201200040387,12,4,10,1345,1,2,2,1.0,3,89387,M,4820178.0,329881.0,89
201200040388,12,5,6,1800,1,2,1,1.0,6,89387,M,4819396.0,330488.0,89
201200040389,12,5,10,1220,1,2,1,1.0,2,89387,M,4819720.0,327675.0,89
201200040390,12,5,18,735,1,2,2,1.0,3,89387,M,4819478.0,328354.0,89
201200040391,12,5,23,1520,1,2,1,1.0,3,89387,M,4819676.0,330542.0,89
201200040392,12,6,6,1215,1,2,1,1.0,6,89387,M,4820192.0,329883.0,89
201200040393,12,7,2,1730,1,2,1,1.0,3,89387,M,4819169.0,327494.0,89
201200040394,12,7,8,1845,1,1,1,1.0,1,89236,M,4817911.0,329945.0,89
201200040395,12,7,9,1630,1,1,1,1.0,1,89127,M,4823439.0,325349.0,89
201200040396,12,8,7,2300,5,2,1,1.0,3,89387,M,4819747.0,329080.0,89
201200040397,12,8,3,1235,1,2,1,1.0,6,89387,M,4820030.0,329528.0,89
201200040398,12,8,15,1400,1,2,2,1.0,3,89387,M,4820500.0,328507.0,89
201200040399,12,8,17,600,2,2,1,1.0,7,89287,M,4818342.0,323363.0,89
201200040400,12,10,4,720,2,2,1,2.0,6,89287,M,4818469.0,325381.0,89
201200040401,12,10,5,805,1,2,1,1.0,6,89387,M,4819811.0,328559.0,89
201200040402,12,10,7,105,5,2,2,1.0,3,89338,M,4821610.0,328958.0,89
201200040403,12,10,15,1805,1,2,1,1.0,2,89387,M,4819963.0,328692.0,89
201200040404,12,10,20,1630,1,2,1,1.0,6,89387,M,4819975.0,328358.0,89
201200040405,12,10,30,1619,1,2,1,1.0,3,89387,M,4820420.0,329285.0,89
201200040406,12,11,22,1410,1,2,1,1.0,6,89387,M,4819167.0,329080.0,89
201200040407,12,12,4,1650,2,2,3,2.0,3,89387,M,4820533.0,327928.0,89
201200040408,12,12,6,1630,2,2,1,9.0,6,89387,M,4819459.0,328197.0,89
201200040409,12,12,17,1810,5,2,1,1.0,6,89387,M,4819465.0,330100.0,89
201200040410,12,1,3,2155,5,2,2,2.0,3,90008,M,,,90
201200040411,12,1,5,1844,2,2,3,2.0,3,90010,M,,,90
201200040412,12,1,10,1657,2,2,1,1.0,6,90010,M,,,90
201200040413,12,1,12,815,1,2,6,1.0,2,90032,M,,,90
201200040414,12,1,13,759,2,2,1,5.0,6,90010,M,,,90
201200040415,12,1,28,1150,1,2,1,1.0,2,90010,M,,,90
201200040416,12,2,3,1207,1,2,1,1.0,6,90010,M,,,90
201200040417,12,2,7,2015,5,2,1,8.0,6,90010,M,,,90
201200040418,12,2,9,700,5,2,1,9.0,6,90010,M,,,90
201200040419,12,2,10,1940,5,2,3,1.0,3,90010,M,,,90
201200040420,12,2,12,853,1,2,1,1.0,7,90010,M,,,90
201200040421,12,2,12,1811,5,2,1,1.0,6,90010,M,,,90
201200040422,12,2,16,1219,1,2,1,1.0,6,90010,M,,,90
201200040423,12,2,21,1908,4,2,1,1.0,7,90032,M,,,90
201200040424,12,2,22,1940,5,2,1,1.0,6,90010,M,,,90
201200040425,12,2,25,1650,1,2,1,1.0,7,90010,M,,,90
201200040426,12,2,27,1555,1,2,1,1.0,3,90010,M,,,90
201200040427,12,2,27,1810,2,2,3,1.0,6,90010,M,,,90
201200040428,12,3,2,1351,1,2,1,1.0,6,90010,M,,,90
201200040429,12,3,6,1123,1,2,1,1.0,4,90010,M,,,90
201200040430,12,3,6,1548,1,2,3,1.0,3,90010,M,,,90
201200040431,12,3,9,1857,5,2,1,1.0,7,90099,M,,,90
201200040432,12,3,11,325,5,2,1,8.0,6,90099,M,,,90
201200040433,12,3,12,1251,1,2,1,1.0,6,90010,M,,,90
201200040434,12,3,12,1410,1,2,1,1.0,3,90010,M,,,90
201200040435,12,3,14,1435,1,2,1,1.0,7,90032,M,,,90
201200040436,12,3,16,1220,1,2,1,1.0,6,90010,M,,,90
201200040437,12,3,16,1642,1,2,2,1.0,3,90010,M,,,90
201200040438,12,3,18,2030,3,2,9,1.0,3,90010,M,,,90
201200040439,12,3,19,845,2,1,1,1.0,6,90001,M,,,90
201200040440,12,3,19,1200,1,2,1,1.0,2,90010,M,,,90
201200040441,12,3,21,1525,1,2,1,1.0,3,90099,M,,,90
201200040442,12,3,23,1646,1,2,1,1.0,2,90032,M,,,90
201200040443,12,3,24,1710,1,2,1,1.0,6,90010,M,,,90
201200040444,12,3,26,1135,1,2,1,1.0,6,90099,M,,,90
201200040445,12,3,28,2002,3,2,1,1.0,6,90010,M,,,90
201200040446,12,3,29,1828,2,2,1,1.0,6,90099,M,,,90
201200040447,12,4,2,925,1,2,2,1.0,3,90010,M,,,90
201200040448,12,4,2,1442,1,2,1,1.0,2,90010,M,,,90
201200040449,12,4,3,1213,1,2,1,1.0,3,90010,M,,,90
201200040450,12,4,4,1230,1,2,1,2.0,2,90039,M,,,90
201200040451,12,4,4,1625,1,2,1,8.0,6,90010,M,,,90
201200040452,12,4,12,1540,1,2,3,8.0,1,90010,M,,,90
201200040453,12,4,16,1125,1,2,1,2.0,7,90010,M,,,90
201200040454,12,4,16,1605,1,2,1,1.0,6,90010,M,,,90
201200040455,12,4,16,1655,1,2,1,1.0,3,90010,M,,,90
201200040456,12,4,17,1435,1,2,1,1.0,6,90010,M,,,90
201200040457,12,4,19,1720,1,2,1,1.0,4,90032,M,,,90
201200040458,12,4,19,1340,1,2,1,2.0,6,90076,M,,,90
201200040459,12,4,20,1310,1,1,1,1.0,6,90029,M,,,90
201200040460,12,4,24,1030,1,2,1,2.0,6,90010,M,,,90
201200040461,12,4,28,211,5,2,1,1.0,7,90032,M,,,90
201200040462,12,4,24,2050,2,2,1,1.0,6,90010,M,,,90
201200040463,12,4,28,325,5,2,1,1.0,7,90032,M,,,90
201200040464,12,4,30,1640,1,2,1,1.0,7,90075,M,,,90
201200040465,12,4,30,1808,1,2,2,1.0,3,90010,M,,,90
201200040466,12,5,6,458,5,2,2,2.0,3,90010,M,,,90
201200040467,12,5,7,1755,1,2,1,1.0,6,90008,M,,,90
201200040468,12,5,11,1217,1,2,1,1.0,3,90099,M,,,90
201200040469,12,5,11,1615,1,2,1,1.0,6,90010,M,,,90
201200040470,12,5,12,1505,1,2,1,1.0,4,90076,M,,,90
201200040471,12,5,14,830,1,2,1,1.0,6,90039,M,,,90
201200040472,12,5,22,1858,1,2,1,1.0,3,90010,M,,,90
201200040473,12,6,1,1030,1,2,1,1.0,6,90010,M,,,90
201200040474,12,6,2,1955,1,2,1,1.0,6,90010,M,,,90
201200040475,12,6,9,1110,1,2,1,1.0,3,90010,M,,,90
201200040476,12,6,11,829,1,2,1,1.0,2,90010,M,,,90
201200040477,12,6,14,1330,1,2,3,1.0,3,90099,M,,,90
201200040478,12,6,17,245,5,2,1,1.0,6,90010,M,,,90
201200040479,12,6,18,125,5,2,1,1.0,7,90010,M,,,90
201200040480,12,6,19,1625,1,2,1,1.0,6,90008,M,,,90
201200040481,12,6,19,1800,1,2,1,1.0,3,90010,M,,,90
201200040482,12,6,21,840,1,2,1,1.0,1,90075,M,,,90
201200040483,12,6,21,1135,1,2,1,1.0,7,90010,M,,,90
201200040484,12,6,21,1614,1,2,2,1.0,3,90010,M,,,90
201200040485,12,6,21,2150,1,2,2,8.0,5,90010,M,,,90
201200040486,12,6,24,1150,1,2,1,1.0,7,90010,M,,,90
201200040487,12,6,25,1115,1,2,1,2.0,1,90010,M,,,90
201200040488,12,6,29,1220,1,2,1,1.0,3,90010,M,,,90
201200040489,12,6,29,1730,1,2,1,1.0,4,90010,M,,,90
201200040490,12,6,30,1325,1,2,1,1.0,7,90010,M,,,90
201200040491,12,7,2,1730,1,2,1,1.0,6,90010,M,,,90
201200040492,12,7,7,1015,1,1,1,1.0,6,90032,M,,,90
201200040493,12,7,12,857,1,1,1,8.0,7,90001,M,,,90
201200040494,12,7,14,1845,1,2,1,1.0,3,90008,M,,,90
201200040495,12,7,16,1615,1,2,1,1.0,2,90010,M,,,90
201200040496,12,7,17,933,1,2,1,1.0,3,90010,M,,,90
201200040497,12,7,18,1513,1,2,1,1.0,6,90010,M,,,90
201200040498,12,7,19,1125,1,2,3,1.0,3,90010,M,,,90
201200040499,12,7,19,1145,1,2,1,8.0,6,90010,M,,,90
201200040500,12,7,22,1805,1,2,1,1.0,6,90010,M,,,90
201200040501,12,7,25,1750,1,2,1,1.0,2,90039,M,,,90
201200040502,12,7,26,1610,1,2,1,1.0,2,90032,M,,,90
201200040503,12,7,31,1700,1,2,1,1.0,2,90010,M,,,90
201200040504,12,7,31,1810,1,2,1,1.0,3,90010,M,,,90
201200040505,12,8,6,1540,1,2,2,1.0,3,90010,M,,,90
201200040506,12,8,12,2258,5,2,1,1.0,2,90010,M,,,90
201200040507,12,8,14,1315,1,2,1,1.0,2,90010,M,,,90
201200040508,12,8,15,1931,1,2,2,1.0,3,90010,M,,,90
201200040509,12,8,17,1030,1,2,6,7.0,1,90008,M,,,90
201200040510,12,8,18,1916,1,2,1,1.0,4,90008,M,,,90
201200040511,12,8,25,1846,1,2,2,2.0,1,90010,M,,,90
201200040512,12,8,28,1721,1,2,1,1.0,2,90010,M,,,90
201200040513,12,8,29,1921,1,2,1,1.0,2,90075,M,,,90
201200040514,12,9,2,2130,5,2,1,1.0,6,90010,M,,,90
201200040515,12,9,3,1212,1,2,1,7.0,6,90008,M,,,90
201200040516,12,9,4,900,1,2,1,1.0,3,90010,M,,,90
201200040517,12,9,7,1549,1,2,2,1.0,3,90010,M,,,90
201200040518,12,9,7,1910,1,2,1,1.0,6,90010,M,,,90
201200040519,12,9,9,155,5,2,1,1.0,6,90032,M,,,90
201200040520,12,9,9,1448,1,2,1,1.0,7,90075,M,,,90
201200040521,12,9,14,1030,1,2,1,1.0,2,90010,M,,,90
201200040522,12,9,19,1852,1,2,1,1.0,3,90039,M,,,90
201200040523,12,9,21,755,1,2,1,1.0,6,90008,M,,,90
201200040524,12,9,21,918,1,2,1,1.0,2,90010,M,,,90
201200040525,12,9,26,1000,1,2,6,8.0,3,90010,M,,,90
201200040526,12,9,28,1735,1,2,1,1.0,7,90008,M,,,90
201200040527,12,10,2,902,1,2,3,1.0,1,90010,M,,,90
201200040528,12,10,2,2002,5,2,2,1.0,3,90010,M,,,90
201200040529,12,10,3,1131,1,2,1,1.0,6,90010,M,,,90
201200040530,12,10,4,1110,1,2,1,2.0,6,90010,M,,,90
201200040531,12,10,4,1215,1,2,1,8.0,6,90010,M,,,90
201200040532,12,10,5,1758,1,2,1,1.0,6,90010,M,,,90
201200040533,12,10,9,1329,1,2,2,8.0,2,90010,M,,,90
201200040534,12,10,12,931,1,2,1,3.0,6,90010,M,,,90
201200040535,12,10,17,1451,1,2,1,1.0,2,90099,M,,,90
201200040536,12,10,20,2011,5,2,1,1.0,7,90010,M,,,90
201200040537,12,10,23,1650,1,2,1,1.0,6,90010,M,,,90
201200040538,12,10,25,748,1,2,1,1.0,2,90010,M,,,90
201200040539,12,10,25,1515,1,2,1,8.0,6,90010,M,,,90
201200040540,12,10,29,2025,5,2,1,1.0,7,90032,M,,,90
201200040541,12,11,2,1846,5,2,1,1.0,4,90099,M,,,90
201200040542,12,11,6,1900,5,2,1,1.0,6,90010,M,,,90
201200040543,12,11,7,1828,5,2,2,1.0,7,90010,M,,,90
201200040544,12,11,10,1110,1,2,1,3.0,6,90010,M,,,90
201200040545,12,11,12,1935,2,2,2,1.0,6,90010,M,,,90
201200040546,12,11,13,40,5,2,1,1.0,7,90032,M,,,90
201200040547,12,11,13,1220,1,2,1,1.0,6,90010,M,,,90
201200040548,12,11,15,928,1,2,1,5.0,6,90010,M,,,90
201200040549,12,11,16,730,2,2,1,8.0,6,90010,M,,,90
201200040550,12,11,16,1616,1,2,1,1.0,6,90010,M,,,90
201200040551,12,11,20,943,1,2,1,1.0,1,90010,M,,,90
201200040552,12,11,24,1958,3,2,1,1.0,2,90032,M,,,90
201200040553,12,11,30,1915,2,2,1,1.0,7,90010,M,,,90
201200040554,12,12,3,900,1,2,1,1.0,6,90010,M,,,90
201200040555,12,12,4,1901,3,2,1,2.0,6,90001,M,,,90
201200040556,12,12,9,2023,5,2,1,4.0,7,90001,M,,,90
201200040557,12,12,10,905,1,2,9,4.0,2,90099,M,,,90
201200040558,12,12,10,2135,5,2,2,2.0,3,90010,M,,,90
201200040559,12,12,11,1531,1,2,1,1.0,6,90032,M,,,90
201200040560,12,12,11,1644,1,2,1,1.0,6,90010,M,,,90
201200040561,12,12,19,1844,3,2,1,8.0,6,90010,M,,,90
201200040562,12,12,20,1140,1,2,1,8.0,6,90010,M,,,90
201200040563,12,12,23,5,5,2,1,3.0,6,90039,M,,,90
201200040564,12,12,27,1726,3,2,1,2.0,6,90010,M,,,90
201200040565,12,12,28,1722,5,2,1,1.0,2,90032,M,,,90
201200040566,12,12,29,1125,1,2,1,8.0,6,90099,M,,,90
201200040567,12,5,25,1640,1,2,1,1.0,7,90039,M,,,90
201200040568,12,1,4,830,1,2,1,1.0,3,91339,M,,,91
201200040569,12,1,20,1420,1,2,1,2.0,1,91552,M,,,91
201200040570,12,1,20,1620,1,2,1,2.0,6,91021,M,,,91
201200040571,12,1,28,2130,4,2,1,1.0,3,91103,M,,,91
201200040572,12,2,3,1120,1,2,1,1.0,6,91021,M,,,91
201200040573,12,2,8,1135,1,2,1,9.0,6,91425,M,,,91
201200040574,12,2,14,1740,1,2,1,2.0,2,91339,M,,,91
201200040575,12,2,14,1910,1,2,1,1.0,3,91347,M,,,91
201200040576,12,2,17,1730,1,2,1,2.0,1,91552,M,,,91
201200040577,12,2,21,1635,1,2,1,1.0,2,91425,M,,,91
201200040578,12,2,27,1835,1,1,1,1.0,4,91425,M,,,91
201200040579,12,3,2,820,1,2,1,2.0,2,91021,M,,,91
201200040580,12,3,13,930,1,2,1,1.0,3,91552,M,,,91
201200040581,12,3,15,1500,1,2,1,1.0,1,91457,M,,,91
201200040582,12,3,23,1640,1,2,1,1.0,4,91021,M,,,91
201200040583,12,3,24,1200,1,2,2,1.0,3,91425,M,,,91
201200040584,12,3,27,1745,1,2,1,1.0,1,91347,M,,,91
201200040585,12,3,30,1830,1,2,1,1.0,2,91021,M,,,91
201200040586,12,4,2,840,1,2,1,1.0,2,91021,M,,,91
201200040587,12,4,3,945,1,2,1,1.0,2,91339,M,,,91
201200040588,12,4,5,1200,1,1,1,1.0,2,91339,M,,,91
201200040589,12,4,9,1750,1,2,1,2.0,1,91021,M,,,91
201200040590,12,4,10,1120,1,1,1,2.0,1,91339,M,,,91
201200040591,12,4,13,1615,1,2,1,1.0,3,91103,M,,,91
201200040592,12,4,13,1905,1,2,1,1.0,1,91103,M,,,91
201200040593,12,4,20,1755,1,2,2,1.0,1,91457,M,,,91
201200040594,12,4,23,1630,1,2,1,2.0,6,91339,M,,,91
201200040595,12,4,24,1125,1,2,1,1.0,3,91103,M,,,91
201200040596,12,4,30,830,1,2,1,1.0,6,91103,M,,,91
201200040597,12,5,5,1900,1,1,1,2.0,3,91103,M,,,91
201200040598,12,5,12,125,5,2,1,1.0,3,91457,M,,,91
201200040599,12,5,19,1600,1,1,1,1.0,5,91347,M,,,91
201200040600,12,5,23,1800,1,2,2,1.0,3,91552,M,,,91
201200040601,12,5,25,1415,1,1,1,1.0,3,91103,M,,,91
201200040602,12,5,26,2100,5,1,1,1.0,3,91021,M,,,91
201200040603,12,5,27,1825,1,1,1,1.0,2,91347,M,,,91
201200040604,12,5,29,1715,1,1,1,1.0,3,91103,M,,,91
201200040605,12,5,31,1435,1,2,3,1.0,2,91347,M,,,91
201200040606,12,6,4,720,1,2,2,1.0,6,91021,M,,,91
201200040607,12,6,5,1830,1,2,2,2.0,1,91103,M,,,91
201200040608,12,6,6,1830,1,2,1,2.0,1,91425,M,,,91
201200040609,12,6,8,1935,2,2,8,1.0,3,91103,M,,,91
201200040610,12,6,10,1850,1,2,1,3.0,6,91425,M,,,91
201200040611,12,6,13,1215,1,2,1,1.0,2,91339,M,,,91
201200040612,12,6,15,1735,1,2,1,1.0,2,91552,M,,,91
201200040613,12,6,17,1650,1,1,1,1.0,3,91425,M,,,91
201200040614,12,6,17,1700,1,1,1,1.0,2,91339,M,,,91
201200040615,12,6,18,1355,1,2,1,1.0,6,91425,M,,,91
201200040616,12,6,24,2150,5,1,1,2.0,2,91425,M,,,91
201200040617,12,6,25,1120,1,2,1,1.0,2,91347,M,,,91
201200040618,12,6,26,1455,1,2,1,2.0,2,91021,M,,,91
201200040619,12,6,27,810,1,2,1,1.0,2,91103,M,,,91
201200040620,12,6,28,1745,1,2,1,1.0,2,91425,M,,,91
201200040621,12,6,30,2025,1,2,1,1.0,2,91339,M,,,91
201200040622,12,7,3,820,1,2,1,1.0,3,91425,M,,,91
201200040623,12,7,4,15,5,2,1,1.0,2,91425,M,,,91
201200040624,12,7,8,1520,1,2,1,1.0,2,91339,M,,,91
201200040625,12,7,12,820,1,2,3,1.0,3,91552,M,,,91
201200040626,12,7,16,855,1,2,2,1.0,3,91333,M,,,91
201200040627,12,7,18,2255,5,2,1,1.0,2,91339,M,,,91
201200040628,12,7,20,735,1,2,1,2.0,1,91552,M,,,91
201200040629,12,7,24,1900,1,2,1,1.0,6,91021,M,,,91
201200040630,12,7,30,150,3,2,1,1.0,6,91552,M,,,91
201200040631,12,8,6,1415,1,2,1,1.0,5,91347,M,,,91
201200040632,12,8,11,2250,5,2,1,1.0,2,91103,M,,,91
201200040633,12,8,13,110,3,2,1,1.0,2,91339,M,,,91
201200040634,12,8,13,1110,1,2,2,1.0,3,91339,M,,,91
201200040635,12,8,18,1100,1,2,1,1.0,6,91103,M,,,91
201200040636,12,8,26,1700,1,2,1,1.0,6,91425,M,,,91
201200040637,12,8,31,1700,1,2,1,1.0,5,91103,M,,,91
201200040638,12,8,31,1750,1,2,1,1.0,5,91339,M,,,91
201200040639,12,9,1,1300,1,2,1,1.0,3,91347,M,,,91
201200040640,12,9,3,1620,1,2,1,1.0,6,91425,M,,,91
201200040641,12,9,14,1030,1,2,1,1.0,1,91425,M,,,91
201200040642,12,9,18,2017,5,2,2,1.0,3,91103,M,,,91
201200040643,12,9,19,1648,1,2,1,1.0,2,91103,M,,,91
201200040644,12,9,19,815,1,2,1,1.0,2,91103,M,,,91
201200040645,12,9,20,2320,5,2,1,1.0,1,91021,M,,,91
201200040646,12,9,25,735,1,2,1,1.0,2,91021,M,,,91
201200040647,12,9,26,1930,5,2,1,3.0,2,91339,M,,,91
201200040648,12,9,28,2150,5,1,1,1.0,6,91552,M,,,91
201200040649,12,9,30,320,5,1,1,1.0,3,91425,M,,,91
201200040650,12,9,30,1730,1,2,1,1.0,2,91425,M,,,91
201200040651,12,10,2,1300,1,2,1,1.0,2,91021,M,,,91
201200040652,12,10,10,1115,1,2,6,2.0,3,91103,M,,,91
201200040653,12,10,13,1911,5,2,1,2.0,1,91021,M,,,91
201200040654,12,10,18,2010,5,1,1,2.0,4,91347,M,,,91
201200040655,12,10,19,1140,1,2,1,1.0,2,91339,M,,,91
201200040656,12,10,20,1726,1,2,1,2.0,6,91425,M,,,91
201200040657,12,10,21,1830,1,1,1,1.0,2,91425,M,,,91
201200040658,12,10,22,755,1,2,1,1.0,3,91425,M,,,91
201200040659,12,10,22,1130,1,2,1,1.0,3,91339,M,,,91
201200040660,12,10,26,730,5,2,1,1.0,1,91103,M,,,91
201200040661,12,10,29,1935,3,2,1,1.0,1,91347,M,,,91