Num_Acc,an,mois,jour,hrmn,lum,agg,int,atm,col,com,gps,lat,long,dep
201200040662,12,10,30,1930,3,1,1,1.0,2,91103,M,,,91
201200040663,12,11,2,1855,5,1,1,2.0,3,91103,M,,,91
201200040664,12,11,9,1410,1,2,1,1.0,3,91103,M,,,91
201200040665,12,11,9,2030,5,1,9,2.0,4,91339,M,,,91
201200040666,12,11,10,1515,1,2,2,1.0,3,91333,M,,,91
201200040667,12,11,11,120,5,2,2,1.0,3,91425,M,,,91
201200040668,12,11,20,740,3,1,1,5.0,2,91021,M,,,91
201200040669,12,11,23,1225,1,1,1,2.0,4,91339,M,,,91
201200040670,12,11,23,1755,5,1,1,1.0,4,91339,M,,,91
201200040671,12,11,28,1920,5,2,1,1.0,3,91333,M,,,91
201200040672,12,12,10,1040,1,2,1,1.0,1,91339,M,,,91
201200040673,12,12,21,1805,5,2,1,1.0,1,91103,M,,,91
201200040674,12,12,28,2335,5,1,1,1.0,3,91339,M,,,91
201200040675,12,1,8,2120,5,2,1,1.0,6,91027,M,,,91
201200040676,12,1,1,455,5,1,1,1.0,3,91479,M,,,91
201200040677,12,1,3,1730,5,2,1,1.0,5,91479,M,,,91
201200040678,12,1,20,255,5,2,9,1.0,6,91027,M,,,91
201200040679,12,2,9,1050,1,2,1,9.0,6,91479,M,,,91
201200040680,12,3,16,1500,1,2,1,1.0,2,91479,M,,,91
201200040681,12,6,23,1230,1,2,1,1.0,6,91027,M,,,91
201200040682,12,8,31,1530,1,1,1,1.0,2,91479,M,,,91
201200040683,12,9,24,830,1,2,1,2.0,5,91027,M,,,91
201200040684,12,9,27,815,1,2,2,2.0,3,91479,M,,,91
201200040685,12,10,10,1255,1,2,1,2.0,1,91027,M,,,91
201200040686,12,10,15,1810,1,2,3,2.0,3,91027,M,,,91
201200040687,12,10,14,1700,5,1,1,9.0,4,91479,M,,,91
201200040688,12,10,16,1540,1,2,1,1.0,6,91479,M,,,91
201200040689,12,11,15,1730,5,2,1,1.0,7,91027,M,,,91
201200040690,12,11,13,1730,5,2,3,1.0,7,91027,M,,,91
201200040691,12,1,9,115,4,2,1,1.0,6,91114,M,,,91
201200040692,12,1,9,810,2,2,1,1.0,6,91097,M,,,91
201200040693,12,1,18,2120,4,2,3,1.0,3,91114,M,,,91
201200040694,12,1,20,830,1,2,1,1.0,6,91114,M,,,91
201200040695,12,1,25,1730,2,2,1,1.0,2,91114,M,,,91
201200040696,12,2,6,1730,1,2,1,1.0,2,91114,M,,,91
201200040697,12,1,30,750,2,1,1,1.0,6,91114,M,,,91
201200040698,12,3,5,2055,5,2,1,1.0,2,91114,M,,,91
201200040699,12,3,10,1055,1,2,1,1.0,3,91097,M,,,91
201200040700,12,3,21,1830,1,2,1,1.0,3,91215,M,,,91
201200040701,12,4,3,1845,1,2,1,1.0,2,91514,M,,,91
201200040702,12,3,27,1700,1,2,1,1.0,1,91514,M,,,91
201200040703,12,3,27,1910,1,2,9,1.0,6,91114,M,,,91
201200040704,12,3,28,1530,1,2,1,1.0,5,91114,M,,,91
201200040705,12,3,30,710,1,2,1,1.0,2,91114,M,,,91
201200040706,12,3,31,40,3,2,1,1.0,6,91215,M,,,91
201200040707,12,4,6,1230,1,2,6,1.0,3,91114,M,,,91
201200040708,12,4,8,2110,5,2,6,1.0,6,91114,M,,,91
201200040709,12,4,17,905,1,2,1,1.0,2,91114,M,,,91
201200040710,12,4,17,2215,5,2,1,2.0,3,91514,M,,,91
201200040711,12,4,20,1930,1,2,1,1.0,2,91114,M,,,91
201200040712,12,4,21,535,5,2,1,1.0,2,91514,M,,,91
201200040713,12,4,15,5,4,2,2,1.0,3,91514,M,,,91
201200040714,12,4,24,1825,1,2,1,2.0,7,91114,M,,,91
201200040715,12,5,5,1605,1,2,1,1.0,2,91097,M,,,91
201200040716,12,5,9,1645,1,2,1,1.0,7,91114,M,,,91
201200040717,12,5,15,1140,1,2,6,1.0,3,91114,M,,,91
201200040718,12,5,28,1805,1,2,1,1.0,3,91114,M,,,91
201200040719,12,6,6,1740,1,2,1,1.0,3,91097,M,,,91
201200040720,12,6,11,805,1,2,1,1.0,2,91114,M,,,91
201200040721,12,6,13,1330,1,2,1,1.0,2,91191,M,,,91
201200040722,12,6,20,930,1,2,1,9.0,7,91114,M,,,91
201200040723,12,6,18,1305,1,2,1,1.0,5,91514,M,,,91
201200040724,12,6,18,1550,1,2,1,1.0,2,91114,M,,,91
201200040725,12,6,27,1950,1,2,1,1.0,2,91114,M,,,91
201200040726,12,7,3,130,3,2,1,1.0,6,91114,M,,,91
201200040727,12,7,5,1236,1,2,1,1.0,2,91114,M,,,91
201200040728,12,7,24,1815,1,2,1,1.0,1,91114,M,,,91
201200040729,12,7,26,825,1,2,1,1.0,2,91114,M,,,91
201200040730,12,7,27,745,1,2,1,1.0,3,91215,M,,,91
201200040731,12,8,1,1135,1,2,1,1.0,6,91514,M,,,91
201200040732,12,8,18,1220,1,2,6,1.0,3,91215,M,,,91
201200040733,12,8,21,1550,1,2,1,1.0,2,91114,M,,,91
201200040734,12,9,5,1435,1,2,1,1.0,2,91114,M,,,91
201200040735,12,9,9,1155,1,2,1,1.0,6,91114,M,,,91
201200040736,12,9,11,1920,1,2,1,1.0,6,91514,M,,,91
201200040737,12,9,15,1150,1,2,1,1.0,6,91114,M,,,91
201200040738,12,9,15,1420,1,2,1,1.0,6,91514,M,,,91
201200040739,12,9,22,1950,2,2,3,1.0,3,91114,M,,,91
201200040740,12,9,28,1310,1,2,1,1.0,6,91114,M,,,91
201200040741,12,9,29,1425,1,2,1,1.0,2,91114,M,,,91
201200040742,12,10,5,1255,1,2,1,1.0,2,91514,M,,,91
201200040743,12,10,13,1640,1,2,1,2.0,2,91114,M,,,91
201200040744,12,10,15,1025,1,2,6,1.0,3,91097,M,,,91
201200040745,12,10,20,55,5,2,1,1.0,3,91114,M,,,91
201200040746,12,10,25,820,1,2,1,1.0,6,91114,M,,,91
201200040747,12,11,2,1740,2,2,1,1.0,2,91114,M,,,91
201200040748,12,11,3,1700,2,2,1,1.0,6,91114,M,,,91
201200040749,12,11,4,2030,3,2,1,1.0,2,91514,M,,,91
201200040750,12,11,6,1505,1,2,1,1.0,6,91097,M,,,91
201200040751,12,11,23,1930,5,2,1,1.0,3,91114,M,,,91
201200040752,12,11,27,2030,5,2,1,1.0,5,91215,M,,,91
201200040753,12,12,4,820,1,2,1,1.0,6,91514,M,,,91
201200040754,12,12,4,1530,1,2,1,1.0,6,91215,M,,,91
201200040755,12,12,7,1825,5,2,1,2.0,2,91114,M,,,91
201200040756,12,12,19,830,2,2,1,2.0,6,91114,M,,,91
201200040757,12,2,4,1530,1,2,1,1.0,2,91114,M,,,91
201200040758,12,12,19,2035,5,2,1,3.0,6,91174,M,,,91
201200040759,12,11,25,1410,1,2,1,1.0,2,91174,M,,,91
201200040760,12,12,15,1825,5,2,1,2.0,6,91174,M,,,91
201200040761,12,1,9,2130,4,2,1,1.0,2,91174,M,,,91
201200040762,12,11,8,1435,1,2,1,1.0,6,91174,M,,,91
201200040763,12,10,25,815,1,2,1,1.0,2,91174,M,,,91
201200040764,12,2,8,840,1,2,3,8.0,3,91174,M,,,91
201200040765,12,12,28,1015,1,2,3,2.0,6,91174,M,,,91
201200040766,12,2,20,1830,1,2,1,1.0,6,91174,M,,,91
201200040767,12,2,18,1713,1,2,1,2.0,6,91174,M,,,91
201200040768,12,1,21,1845,5,2,1,2.0,3,91174,M,,,91
201200040769,12,1,27,1800,5,2,1,1.0,6,91174,M,,,91
201200040770,12,1,25,745,5,2,1,1.0,6,91174,M,,,91
201200040771,12,2,6,1800,1,2,1,1.0,3,91174,M,,,91
201200040772,12,2,5,920,1,2,1,8.0,2,91174,M,,,91
201200040773,12,4,8,950,1,2,6,1.0,3,91174,M,,,91
201200040774,12,3,15,840,1,2,1,1.0,6,91174,M,,,91
201200040775,12,3,25,1250,1,2,1,1.0,6,91174,M,,,91
201200040776,12,5,22,1200,1,2,1,1.0,3,91174,M,,,91
201200040777,12,3,22,1745,1,2,1,1.0,3,91174,M,,,91
201200040778,12,5,12,1845,1,2,1,1.0,6,91174,M,,,91
201200040779,12,5,26,2030,1,2,1,1.0,6,91174,M,,,91
201200040780,12,5,9,615,5,2,1,2.0,6,91174,M,,,91
201200040781,12,3,13,1735,1,2,1,1.0,6,91174,M,,,91
201200040782,12,3,14,1820,1,2,1,1.0,5,91174,M,,,91
201200040783,12,6,5,1500,1,2,1,1.0,6,91174,M,,,91
201200040784,12,6,6,1330,1,2,3,1.0,1,91174,M,,,91
201200040785,12,7,10,945,1,1,1,1.0,3,91174,M,,,91
201200040786,12,6,15,1345,1,2,1,1.0,2,91174,M,,,91
201200040787,12,7,25,905,1,2,6,1.0,1,91174,M,,,91
201200040788,12,7,20,2230,5,2,1,1.0,1,91174,M,,,91
201200040789,12,6,30,1000,1,2,3,1.0,6,91174,M,,,91
201200040790,12,6,20,1605,1,2,1,1.0,6,91174,M,,,91
201200040791,12,5,16,815,1,1,1,1.0,2,91174,M,,,91
201200040792,12,6,18,1730,1,2,1,1.0,3,91174,M,,,91
201200040793,12,4,5,140,5,2,1,1.0,6,91174,M,,,91
201200040794,12,3,9,900,1,2,1,1.0,4,91174,M,,,91
201200040795,12,4,14,1945,1,2,2,1.0,3,91174,M,,,91
201200040796,12,3,8,605,5,2,1,4.0,6,91174,M,,,91
201200040797,12,3,12,2040,2,2,3,1.0,6,91174,M,,,91
201200040798,12,8,22,1005,1,2,2,1.0,3,91174,M,,,91
201200040799,12,5,11,1335,1,2,1,1.0,3,91174,M,,,91
201200040800,12,9,8,1210,1,2,1,1.0,3,91174,M,,,91
201200040801,12,7,3,1740,1,2,1,1.0,6,91174,M,,,91
201200040802,12,6,27,1715,1,2,1,1.0,2,91174,M,,,91
201200040803,12,7,20,750,2,2,6,1.0,3,91174,M,,,91
201200040804,12,6,9,1620,1,2,1,1.0,6,91174,M,,,91
201200040805,12,6,15,815,1,2,1,1.0,6,91174,M,,,91
201200040806,12,6,15,630,2,2,1,1.0,2,91174,M,,,91
201200040807,12,7,4,1440,1,2,1,1.0,3,91174,M,,,91
201200040808,12,9,21,1540,1,1,1,2.0,3,91174,M,,,91
201200040809,12,8,25,1330,1,2,1,1.0,6,91174,M,,,91
201200040810,12,8,25,2155,3,2,3,1.0,3,91174,M,,,91
201200040811,12,8,23,1710,1,2,1,1.0,6,91174,M,,,91
201200040812,12,8,28,1900,1,2,1,1.0,6,91174,M,,,91
201200040813,12,9,25,1830,1,2,1,1.0,6,91174,M,,,91
201200040814,12,10,10,1720,1,2,1,1.0,6,91174,M,,,91
201200040815,12,10,24,1900,2,2,1,1.0,6,91174,M,,,91
201200040816,12,10,15,2100,3,2,1,1.0,3,91174,M,,,91
201200040817,12,10,14,1400,1,2,6,2.0,3,91174,M,,,91
201200040818,12,9,8,1245,1,2,1,1.0,2,91174,M,,,91
201200040819,12,10,18,1950,5,2,2,2.0,6,91174,M,,,91
201200040820,12,9,29,1000,1,2,1,1.0,6,91174,M,,,91
201200040821,12,9,2,2340,5,2,1,1.0,3,91174,M,,,91
201200040822,12,10,28,740,5,2,6,1.0,6,91174,M,,,91
201200040823,12,10,17,1910,3,2,3,1.0,3,91174,M,,,91
201200040824,12,12,4,900,1,2,1,1.0,3,91174,M,,,91
201200040825,12,11,29,700,5,2,3,1.0,6,91174,M,,,91
201200040826,12,11,28,950,1,2,1,1.0,6,91174,M,,,91
201200040827,12,12,6,810,2,2,1,1.0,6,91174,M,,,91
201200040828,12,11,21,2200,5,2,1,1.0,3,91201,M,,,91
201200040829,12,12,1,1540,1,2,3,1.0,3,91657,M,,,91
201200040830,12,1,12,810,2,2,1,1.0,6,91201,M,,,91
201200040831,12,12,5,1110,1,2,1,1.0,3,91201,M,,,91
201200040832,12,12,19,1750,3,2,1,2.0,3,91657,M,,,91
201200040833,12,1,2,640,2,2,2,1.0,3,91657,M,,,91
201200040834,12,1,13,2310,5,2,2,1.0,5,91657,M,,,91
201200040835,12,1,27,1220,1,2,1,1.0,3,91201,M,,,91
201200040836,12,1,15,2120,5,2,1,1.0,6,91657,M,,,91
201200040837,12,1,6,1155,1,2,3,1.0,3,91657,M,,,91
201200040838,12,12,31,1530,1,2,6,1.0,1,91657,M,,,91
201200040839,12,2,16,2325,5,2,1,1.0,6,91201,M,,,91
201200040840,12,2,20,1625,1,2,2,1.0,3,91657,M,,,91
201200040841,12,3,1,1710,1,2,4,1.0,2,91657,M,,,91
201200040842,12,2,27,1000,1,2,6,1.0,3,91657,M,,,91
201200040843,12,2,29,1900,2,2,9,1.0,6,91201,M,,,91
201200040844,12,3,1,1935,5,2,2,1.0,3,91201,M,,,91
201200040845,12,1,29,1735,2,2,2,1.0,3,91201,M,,,91
201200040846,12,3,6,1220,1,2,9,1.0,6,91657,M,,,91
201200040847,12,1,23,540,5,2,3,1.0,6,91657,M,,,91
201200040848,12,3,1,840,2,2,1,5.0,2,91201,M,,,91
201200040849,12,3,7,1730,1,2,2,2.0,6,91201,M,,,91
201200040850,12,3,11,345,5,2,2,1.0,3,91657,M,,,91
201200040851,12,2,18,1305,1,2,1,2.0,2,91201,M,,,91
201200040852,12,3,13,1630,1,2,1,1.0,3,91657,M,,,91
201200040853,12,3,13,1830,1,2,1,1.0,6,91201,M,,,91
201200040854,12,3,16,245,5,2,1,1.0,6,91201,M,,,91
201200040855,12,2,15,1650,1,2,1,1.0,3,91201,M,,,91
201200040856,12,3,19,1720,1,2,1,1.0,6,91657,M,,,91
201200040857,12,3,19,1940,2,2,2,1.0,3,91201,M,,,91
201200040858,12,2,7,555,2,2,3,1.0,3,91657,M,,,91
201200040859,12,2,8,1300,1,2,3,1.0,3,91657,M,,,91
201200040860,12,2,9,2155,5,2,1,1.0,6,91201,M,,,91
201200040861,12,3,30,1735,1,2,1,1.0,6,91657,M,,,91
201200040862,12,3,29,1240,1,2,1,1.0,4,91657,M,,,91
201200040863,12,4,8,2115,5,2,1,1.0,6,91201,M,,,91
201200040864,12,4,8,2115,1,2,2,2.0,3,91657,M,,,91
201200040865,12,4,10,2345,5,2,2,2.0,3,91657,M,,,91
201200040866,12,4,14,1310,1,2,2,1.0,3,91201,M,,,91
201200040867,12,3,24,1705,1,2,2,1.0,3,91657,M,,,91
201200040868,12,3,25,1310,1,2,9,1.0,5,91201,M,,,91
201200040869,12,3,28,840,1,2,3,1.0,2,91201,M,,,91
201200040870,12,3,29,830,1,2,9,1.0,6,91201,M,,,91
201200040871,12,3,28,805,1,2,3,1.0,6,91201,M,,,91
201200040872,12,4,20,1720,1,2,1,1.0,3,91657,M,,,91
201200040873,12,4,28,1230,1,2,1,1.0,7,91201,M,,,91
201200040874,12,4,28,1615,1,2,2,1.0,3,91657,M,,,91
201200040875,12,5,2,1250,1,2,2,1.0,2,91657,M,,,91
201200040876,12,3,22,1300,1,2,1,1.0,3,91201,M,,,91
201200040877,12,3,23,755,1,2,2,1.0,3,91201,M,,,91
201200040878,12,4,3,1035,1,2,2,1.0,3,91201,M,,,91
201200040879,12,4,15,655,2,2,1,1.0,6,91201,M,,,91
201200040880,12,4,19,835,1,2,2,1.0,3,91657,M,,,91
201200040881,12,4,19,1630,1,2,1,2.0,6,91201,M,,,91
201200040882,12,6,12,1720,1,2,1,1.0,2,91201,M,,,91
201200040883,12,5,5,1455,1,2,1,1.0,2,91201,M,,,91
201200040884,12,5,7,1045,1,2,1,1.0,6,91201,M,,,91
201200040885,12,5,11,800,1,2,1,1.0,2,91657,M,,,91
201200040886,12,5,12,1700,1,2,1,1.0,6,91201,M,,,91
201200040887,12,5,14,1145,1,2,1,1.0,4,91201,M,,,91
201200040888,12,5,26,430,5,2,1,2.0,6,91657,M,,,91
201200040889,12,5,30,1045,1,2,1,1.0,6,91201,M,,,91
201200040890,12,5,31,1910,1,2,1,1.0,5,91201,M,,,91
201200040891,12,7,2,550,2,2,1,1.0,6,91201,M,,,91
201200040892,12,7,1,1230,1,2,1,1.0,3,91201,M,,,91
201200040893,12,6,30,1915,1,2,1,1.0,3,91657,M,,,91
201200040894,12,7,5,2200,5,2,1,2.0,6,91201,M,,,91
201200040895,12,7,8,100,5,2,2,2.0,3,91657,M,,,91
201200040896,12,7,11,1340,1,2,1,1.0,6,91657,M,,,91
201200040897,12,6,16,1035,1,2,2,2.0,3,91201,M,,,91
201200040898,12,6,26,1720,1,2,1,1.0,6,91201,M,,,91
201200040899,12,6,26,1830,1,2,3,1.0,6,91657,M,,,91
201200040900,12,6,28,2130,4,2,6,1.0,3,91657,M,,,91
201200040901,12,6,22,1600,1,2,2,1.0,2,91201,M,,,91
201200040902,12,6,23,1430,1,2,1,1.0,1,91657,M,,,91
201200040903,12,7,29,1230,1,2,1,1.0,6,91201,M,,,91
201200040904,12,8,9,130,3,2,1,1.0,6,91657,M,,,91
201200040905,12,9,5,1725,1,2,1,1.0,4,91201,M,,,91
201200040906,12,7,22,1835,1,2,1,1.0,2,91201,M,,,91
201200040907,12,9,21,1955,5,2,1,2.0,2,91201,M,,,91
201200040908,12,8,8,1610,1,2,1,1.0,1,91201,M,,,91
201200040909,12,8,10,1849,1,2,1,1.0,3,91201,M,,,91
201200040910,12,8,26,1500,1,2,3,1.0,3,91201,M,,,91
201200040911,12,8,30,1430,1,2,2,1.0,3,91657,M,,,91
201200040912,12,10,9,2100,5,2,1,2.0,6,91657,M,,,91
201200040913,12,10,8,2100,5,2,1,1.0,6,91657,M,,,91
201200040914,12,9,29,1215,1,2,1,1.0,3,91201,M,,,91
201200040915,12,9,8,1925,1,2,1,1.0,4,91201,M,,,91
201200040916,12,9,13,835,1,2,3,1.0,3,91657,M,,,91
201200040917,12,9,15,1720,1,2,1,1.0,6,91201,M,,,91
201200040918,12,9,15,1955,2,2,1,1.0,3,91201,M,,,91
201200040919,12,9,3,1000,1,2,2,1.0,3,91201,M,,,91
201200040920,12,10,24,45,3,2,1,1.0,6,91201,M,,,91
201200040921,12,11,2,1800,2,2,1,1.0,6,91201,M,,,91
201200040922,12,9,17,1100,1,2,2,1.0,3,91657,M,,,91
201200040923,12,9,19,1150,1,2,3,1.0,3,91201,M,,,91
201200040924,12,9,28,1610,1,2,1,1.0,6,91201,M,,,91
201200040925,12,11,9,1830,5,2,1,1.0,6,91657,M,,,91
201200040926,12,11,20,1805,5,2,1,1.0,6,91201,M,,,91
201200040927,12,11,15,1630,1,2,1,1.0,6,91657,M,,,91
201200040928,12,11,29,1125,1,2,1,2.0,2,91201,M,,,91
201200040929,12,10,27,1850,5,2,1,1.0,6,91201,M,,,91
201200040930,12,12,10,1145,1,2,2,1.0,3,91201,M,,,91
201200040931,12,12,20,600,5,2,1,2.0,6,91201,M,,,91
201200040932,12,12,21,720,2,2,1,2.0,6,91657,M,,,91
201200040933,12,12,27,1505,1,2,1,2.0,3,91201,M,,,91
201200040934,12,1,1,1626,1,2,1,1.0,6,91223,M,,,91
201200040935,12,1,4,1210,1,2,1,1.0,6,91223,M,,,91
201200040936,12,1,8,1245,1,1,1,1.0,2,91223,M,,,91
201200040937,12,1,14,700,3,1,1,1.0,7,91433,M,,,91
201200040938,12,1,14,825,1,1,1,1.0,6,91433,M,,,91
201200040939,12,1,17,900,1,1,3,1.0,3,91223,M,,,91
201200040940,12,1,19,1840,3,1,1,1.0,7,91223,M,,,91
201200040941,12,1,20,1415,1,1,1,1.0,7,91223,M,,,91
201200040942,12,1,22,55,5,2,1,1.0,6,91223,M,,,91
201200040943,12,1,22,330,4,2,1,1.0,6,91469,M,,,91
201200040944,12,1,22,2110,5,2,4,1.0,3,91223,M,,,91
201200040945,12,1,24,1135,1,1,1,1.0,6,91223,M,,,91
201200040946,12,1,26,1630,1,1,1,2.0,7,91433,M,,,91
201200040947,12,2,3,1100,1,1,1,1.0,7,91433,M,,,91
201200040948,12,2,3,1820,5,2,1,1.0,1,91433,M,,,91
201200040949,12,2,13,2037,5,2,1,1.0,2,91223,M,,,91
201200040950,12,2,19,1710,1,2,1,1.0,6,91223,M,,,91
201200040951,12,2,24,925,1,1,1,9.0,5,91433,M,,,91
201200040952,12,3,1,600,5,2,6,5.0,6,91223,M,,,91
201200040953,12,3,7,1550,1,1,1,1.0,7,91433,M,,,91
201200040954,12,3,8,755,1,2,1,9.0,7,91223,M,,,91
201200040955,12,3,9,950,1,1,1,1.0,6,91433,M,,,91
201200040956,12,3,10,825,1,2,1,1.0,7,91109,M,,,91
201200040957,12,3,17,1640,1,1,6,1.0,7,91433,M,,,91
201200040958,12,3,18,1050,1,2,7,1.0,3,91223,M,,,91
201200040959,12,3,21,905,1,2,1,1.0,7,91223,M,,,91
201200040960,12,3,31,1645,1,2,1,1.0,7,91223,M,,,91
201200040961,12,4,6,1650,1,2,1,1.0,6,91223,M,,,91
201200040962,12,4,13,1500,1,2,6,1.0,3,91223,M,,,91
201200040963,12,4,14,1730,1,2,6,1.0,2,91223,M,,,91
201200040964,12,4,18,1610,1,2,6,1.0,6,91223,M,,,91
201200040965,12,4,28,1610,1,2,3,1.0,4,91223,M,,,91
201200040966,12,4,28,1910,1,1,1,1.0,6,91433,M,,,91
201200040967,12,5,5,1625,1,1,1,1.0,7,91223,M,,,91
201200040968,12,5,14,755,1,2,3,1.0,3,91433,M,,,91
201200040969,12,5,16,2055,1,1,1,1.0,7,91223,M,,,91
201200040970,12,5,19,1400,1,2,6,1.0,6,91223,M,,,91
201200040971,12,5,22,1100,1,2,1,1.0,6,91223,M,,,91
201200040972,12,5,26,940,1,2,1,1.0,2,91223,M,,,91
201200040973,12,5,30,930,1,1,1,1.0,3,91223,M,,,91
201200040974,12,5,31,835,1,2,3,1.0,6,91223,M,,,91
201200040975,12,5,31,1720,1,1,1,1.0,6,91223,M,,,91
201200040976,12,6,11,755,1,1,1,2.0,7,91433,M,,,91
201200040977,12,6,13,815,1,2,1,1.0,1,91223,M,,,91
201200040978,12,6,21,225,3,1,1,1.0,6,91433,M,,,91
201200040979,12,6,23,1345,1,1,6,1.0,1,91223,M,,,91
201200040980,12,6,29,1045,1,2,1,1.0,3,91223,M,,,91
201200040981,12,6,28,2000,1,2,1,1.0,6,91223,M,,,91
201200040982,12,7,1,1525,1,1,6,1.0,3,91433,M,,,91
201200040983,12,7,3,1900,1,1,2,1.0,3,91223,M,,,91
201200040984,12,7,5,1825,1,1,6,2.0,1,91223,M,,,91
201200040985,12,7,5,1850,1,2,1,1.0,1,91223,M,,,91
201200040986,12,7,9,1613,1,2,6,1.0,3,91223,M,,,91
201200040987,12,7,9,2130,1,1,1,1.0,7,91433,M,,,91
201200040988,12,7,12,1900,1,1,3,1.0,3,91223,M,,,91
201200040989,12,7,22,1005,1,2,1,1.0,4,91223,M,,,91
201200040990,12,7,31,1445,1,2,3,1.0,3,91223,M,,,91
201200040991,12,8,5,1900,1,1,1,1.0,7,91223,M,,,91
201200040992,12,8,21,1500,1,2,3,1.0,3,91223,M,,,91
201200040993,12,8,24,1400,1,1,1,1.0,6,91433,M,,,91
201200040994,12,8,30,1545,1,2,1,1.0,3,91223,M,,,91
201200040995,12,9,2,2145,3,1,1,1.0,7,91223,M,,,91
201200040996,12,9,6,810,1,2,1,1.0,6,91223,M,,,91
201200040997,12,9,17,1220,1,2,1,1.0,4,91223,M,,,91
201200040998,12,9,21,1750,1,1,6,1.0,7,91433,M,,,91
201200040999,12,9,24,930,1,2,6,2.0,7,91223,M,,,91
201200041000,12,9,24,1030,1,1,1,2.0,6,91223,M,,,91
201200041001,12,9,24,1045,1,1,1,2.0,6,91223,M,,,91
201200041002,12,9,24,1645,1,2,3,1.0,2,91469,M,,,91
201200041003,12,9,25,840,1,2,1,1.0,3,91223,M,,,91
201200041004,12,10,1,1630,1,1,1,1.0,7,91223,M,,,91
201200041005,12,10,2,730,3,1,1,1.0,1,91223,M,,,91
201200041006,12,10,7,15,3,1,1,2.0,7,91433,M,,,91
201200041007,12,10,10,950,1,1,1,2.0,6,91223,M,,,91
201200041008,12,10,18,1025,1,2,1,1.0,6,91223,M,,,91
201200041009,12,10,20,1245,1,2,1,1.0,6,91433,M,,,91
201200041010,12,10,24,930,1,1,1,1.0,6,91223,M,,,91
201200041011,12,10,26,1845,1,1,2,2.0,3,91223,M,,,91
201200041012,12,10,29,905,1,1,1,1.0,2,91223,M,,,91
201200041013,12,11,2,1625,1,2,1,3.0,2,91223,M,,,91
201200041014,12,11,3,835,1,2,1,3.0,7,91433,M,,,91
201200041015,12,11,6,2030,5,2,1,1.0,6,91223,M,,,91
201200041016,12,11,8,1505,1,1,1,1.0,7,91223,M,,,91
201200041017,12,11,9,1740,5,2,2,1.0,6,91223,M,,,91
201200041018,12,11,13,2020,5,2,1,1.0,6,91223,M,,,91
201200041019,12,11,21,815,2,1,1,5.0,7,91433,M,,,91
201200041020,12,12,1,1345,1,1,1,1.0,7,91223,M,,,91
201200041021,12,12,2,1300,1,1,1,1.0,7,91223,M,,,91
201200041022,12,12,19,2045,3,1,1,2.0,7,91223,M,,,91
201200041023,12,12,23,2300,3,1,1,1.0,6,91223,M,,,91
201200041024,12,12,31,1340,1,2,1,1.0,2,91223,M,,,91
201200041025,12,1,19,115,5,2,1,2.0,6,91228,M,,,91
201200041026,12,1,21,1450,1,2,1,1.0,5,91228,M,,,91
201200041027,12,5,5,1945,1,2,1,2.0,1,91182,M,,,91
201200041028,12,5,21,815,1,2,1,1.0,3,91521,M,,,91
201200041029,12,9,23,510,5,2,1,1.0,6,91228,M,,,91
201200041030,12,10,16,1310,1,2,1,1.0,6,91182,M,,,91
201200041031,12,11,12,1550,1,2,1,1.0,6,91521,M,,,91
201200041032,12,11,16,1220,1,2,1,1.0,2,91521,M,,,91
201200041033,12,12,23,1400,1,2,1,1.0,6,91286,M,,,91
201200041034,12,12,24,1040,1,2,2,1.0,5,91326,M,,,91
201200041035,12,1,11,2210,5,2,1,1.0,2,91326,M,,,91
201200041036,12,1,16,1710,2,2,1,1.0,1,91434,M,,,91
201200041037,12,1,17,940,1,2,1,1.0,1,91326,M,,,91
201200041038,12,1,23,1030,1,2,1,1.0,6,91687,M,,,91
201200041039,12,1,31,1240,1,2,1,1.0,6,91687,M,,,91
201200041040,12,3,11,1200,1,2,1,1.0,6,91286,M,,,91
201200041041,12,4,24,1530,1,2,2,2.0,3,91434,M,,,91
201200041042,12,4,11,1720,1,2,1,1.0,3,91326,M,,,91
201200041043,12,4,30,1630,1,2,2,1.0,3,91434,M,,,91
201200041044,12,5,1,1900,1,2,1,1.0,6,91286,M,,,91
201200041045,12,5,3,1820,1,2,1,1.0,6,91326,M,,,91
201200041046,12,5,5,1215,1,2,1,1.0,6,91326,M,,,91
201200041047,12,5,10,1335,1,2,1,1.0,6,91434,M,,,91
201200041048,12,5,5,1550,1,2,1,1.0,6,91687,M,,,91
201200041049,12,5,7,850,1,2,1,1.0,6,91286,M,,,91
201200041050,12,5,27,1720,1,2,2,1.0,3,91687,M,,,91
201200041051,12,5,22,1915,1,2,1,1.0,6,91286,M,,,91
201200041052,12,5,29,738,1,2,1,1.0,6,91687,M,,,91
201200041053,12,5,31,1850,1,2,1,1.0,6,91286,M,,,91
201200041054,12,6,11,1655,1,2,1,1.0,6,91434,M,,,91
201200041055,12,6,21,1300,1,2,2,1.0,3,91687,M,,,91
201200041056,12,6,27,2025,1,2,1,1.0,3,91434,M,,,91
201200041057,12,6,22,1220,1,2,1,1.0,6,91687,M,,,91
201200041058,12,6,29,1710,1,2,1,1.0,6,91326,M,,,91
201200041059,12,7,12,1000,1,1,1,1.0,2,91326,M,,,91
201200041060,12,7,13,1700,1,2,1,8.0,3,91326,M,,,91
201200041061,12,7,5,1920,1,2,1,2.0,3,91687,M,,,91
201200041062,12,9,3,1010,1,2,1,1.0,3,91687,M,,,91
201200041063,12,8,10,805,1,2,1,1.0,6,91434,M,,,91
201200041064,12,8,22,2000,1,2,1,1.0,6,91286,M,,,91
201200041065,12,8,4,525,5,2,1,1.0,2,91326,M,,,91
201200041066,12,8,27,1020,1,2,1,1.0,3,91286,M,,,91
201200041067,12,6,9,1920,1,2,1,1.0,3,91326,M,,,91
201200041068,12,9,9,550,2,2,1,1.0,6,91286,M,,,91