Num_Acc,an,mois,jour,hrmn,lum,agg,int,atm,col,com,gps,lat,long,dep
201200041069,12,9,9,1900,1,2,1,1.0,1,91286,M,,,91
201200041070,12,9,8,1700,1,2,1,1.0,6,91434,M,,,91
201200041071,12,9,24,1815,1,2,1,1.0,6,91687,M,,,91
201200041072,12,10,2,2025,3,2,1,1.0,2,91286,M,,,91
201200041073,12,10,2,2240,5,2,3,1.0,3,91687,M,,,91
201200041074,12,5,13,105,5,2,1,1.0,6,91326,M,,,91
201200041075,12,10,9,930,1,2,1,1.0,3,91326,M,,,91
201200041076,12,10,8,1000,1,2,1,1.0,3,91286,M,,,91
201200041077,12,9,7,2015,1,2,2,1.0,3,91687,M,,,91
201200041078,12,9,13,710,2,2,1,1.0,2,91687,M,,,91
201200041079,12,7,26,1725,1,2,1,1.0,6,91286,M,,,91
201200041080,12,10,23,1645,1,2,1,1.0,6,91687,M,,,91
201200041081,12,10,23,1600,1,2,1,1.0,6,91326,M,,,91
201200041082,12,11,2,900,1,2,1,1.0,3,91687,M,,,91
201200041083,12,11,6,1000,1,2,1,1.0,4,91687,M,,,91
201200041084,12,11,11,910,1,2,1,1.0,3,91687,M,,,91
201200041085,12,11,23,1740,1,2,1,1.0,6,91687,M,,,91
201200041086,12,12,3,850,2,2,1,2.0,6,91687,M,,,91
201200041087,12,12,15,1550,1,2,1,1.0,6,91687,M,,,91
201200041088,12,12,19,2020,5,2,1,2.0,5,91326,M,,,91
201200041089,12,12,21,800,5,2,1,2.0,6,91687,M,,,91
201200041090,12,1,13,915,1,2,9,1.0,3,91345,M,,,91
201200041091,12,1,16,1045,1,2,1,1.0,6,91345,M,,,91
201200041092,12,1,18,1830,5,2,1,8.0,6,91161,M,,,91
201200041093,12,1,28,1340,1,2,1,2.0,2,91161,M,,,91
201200041094,12,1,31,1740,1,2,2,1.0,3,91345,M,,,91
201200041095,12,1,17,810,1,2,3,1.0,6,91345,M,,,91
201200041096,12,2,6,1145,1,2,6,1.0,6,91345,M,,,91
201200041097,12,2,14,1850,1,2,1,8.0,3,91161,M,,,91
201200041098,12,3,2,720,2,2,9,2.0,6,91345,M,,,91
201200041099,12,1,23,1025,1,2,6,1.0,6,91345,M,,,91
201200041100,12,1,9,525,2,1,1,1.0,3,91161,M,,,91
201200041101,12,3,6,1015,1,2,1,8.0,6,91161,M,,,91
201200041102,12,1,12,2025,3,1,1,1.0,7,91161,M,,,91
201200041103,12,3,23,1940,5,2,3,1.0,6,91161,M,,,91
201200041104,12,3,21,110,5,2,3,1.0,3,91345,M,,,91
201200041105,12,4,3,825,1,2,3,1.0,3,91161,M,,,91
201200041106,12,10,1,1325,1,2,6,1.0,3,91161,M,,,91
201200041107,12,10,4,800,2,2,2,2.0,2,91345,M,,,91
201200041108,12,10,27,1355,1,2,6,8.0,3,91161,M,,,91
201200041109,12,11,2,630,5,2,1,1.0,1,91161,M,,,91
201200041110,12,11,25,1900,5,2,2,1.0,3,91345,M,,,91
201200041111,12,12,1,2040,5,2,1,1.0,3,91345,M,,,91
201200041112,12,12,4,2020,5,2,3,1.0,3,91345,M,,,91
201200041113,12,12,5,925,1,2,1,8.0,3,91161,M,,,91
201200041114,12,12,29,1205,1,2,3,1.0,3,91161,M,,,91
201200041115,12,5,31,1905,1,2,1,1.0,3,91161,M,,,91
201200041116,12,2,20,900,1,2,1,1.0,1,91689,M,,,91
201200041117,12,3,9,945,1,2,1,1.0,6,91377,M,,,91
201200041118,12,5,23,155,4,2,1,1.0,6,91377,M,,,91
201200041119,12,6,20,1545,1,2,1,1.0,6,91377,M,,,91
201200041120,12,6,21,1820,1,2,1,1.0,2,91377,M,,,91
201200041121,12,6,30,1610,1,2,1,1.0,3,91377,M,,,91
201200041122,12,7,2,2320,3,2,1,1.0,6,91689,M,,,91
201200041123,12,7,24,1145,1,2,1,1.0,1,91377,M,,,91
201200041124,12,1,3,2030,3,2,1,6.0,6,91691,M,,,91
201200041125,12,1,13,2200,5,2,1,1.0,6,91191,M,,,91
201200041126,12,1,18,1030,1,2,1,1.0,6,91691,M,,,91
201200041127,12,1,18,1440,1,2,1,1.0,1,91191,M,,,91
201200041128,12,1,17,850,1,2,1,1.0,1,91191,M,,,91
201200041129,12,1,27,1630,1,2,1,1.0,6,91691,M,,,91
201200041130,12,2,2,2005,4,2,1,1.0,6,91421,M,,,91
201200041131,12,2,11,1030,1,2,1,1.0,2,91421,M,,,91
201200041132,12,2,11,950,1,2,3,1.0,3,91421,M,,,91
201200041133,12,2,17,1655,1,2,1,1.0,2,91691,M,,,91
201200041134,12,2,17,1955,5,2,1,1.0,2,91421,M,,,91
201200041135,12,2,22,820,1,2,1,1.0,3,91691,M,,,91
201200041136,12,2,22,820,2,2,1,1.0,3,91421,M,,,91
201200041137,12,2,18,1030,1,2,1,1.0,2,91421,M,,,91
201200041138,12,3,2,550,5,2,1,1.0,7,91691,M,,,91
201200041139,12,3,2,1355,1,2,1,1.0,2,91691,M,,,91
201200041140,12,3,2,1700,1,2,1,1.0,3,91421,M,,,91
201200041141,12,3,20,1810,1,2,1,1.0,2,91691,M,,,91
201200041142,12,3,22,1135,1,2,1,1.0,7,91691,M,,,91
201200041143,12,3,29,1410,1,2,1,1.0,2,91691,M,,,91
201200041144,12,3,24,830,1,2,1,1.0,6,91691,M,,,91
201200041145,12,3,27,1920,1,2,1,1.0,4,91421,M,,,91
201200041146,12,4,5,940,1,2,2,1.0,3,91691,M,,,91
201200041147,12,4,13,900,1,2,3,1.0,5,91421,M,,,91
201200041148,12,3,27,1450,1,2,1,1.0,7,91691,M,,,91
201200041149,12,5,3,825,1,2,1,3.0,6,91421,M,,,91
201200041150,12,5,10,1735,1,2,2,1.0,1,91421,M,,,91
201200041151,12,5,12,1815,1,2,2,1.0,3,91421,M,,,91
201200041152,12,5,11,1825,1,2,2,1.0,3,91691,M,,,91
201200041153,12,4,26,1815,1,2,1,1.0,4,91191,M,,,91
201200041154,12,5,18,1030,1,2,1,1.0,2,91421,M,,,91
201200041155,12,5,18,1615,1,2,1,1.0,3,91421,M,,,91
201200041156,12,5,31,2100,1,2,1,1.0,4,91421,M,,,91
201200041157,12,4,29,2040,1,2,1,1.0,3,91421,M,,,91
201200041158,12,4,26,1815,1,2,1,1.0,4,91191,M,,,91
201200041159,12,6,4,1220,1,2,1,1.0,6,91421,M,,,91
201200041160,12,6,12,1800,1,2,1,1.0,6,91421,M,,,91
201200041161,12,6,15,1025,1,2,1,1.0,1,91421,M,,,91
201200041162,12,6,20,1900,1,2,1,1.0,3,91691,M,,,91
201200041163,12,6,16,1700,1,1,1,1.0,4,91421,M,,,91
201200041164,12,6,25,1655,1,2,1,1.0,6,91421,M,,,91
201200041165,12,6,19,1650,1,2,1,1.0,6,91691,M,,,91
201200041166,12,6,28,1850,1,1,1,1.0,3,91691,M,,,91
201200041167,12,7,3,1710,1,2,1,1.0,2,91421,M,,,91
201200041168,12,7,4,1750,1,2,1,1.0,2,91691,M,,,91
201200041169,12,7,8,2100,1,2,1,1.0,2,91421,M,,,91
201200041170,12,7,9,1310,1,2,1,1.0,6,91421,M,,,91
201200041171,12,7,12,1700,1,1,1,2.0,4,91421,M,,,91
201200041172,12,7,14,1415,1,1,1,1.0,7,91421,M,,,91
201200041173,12,7,14,2120,2,2,6,1.0,3,91691,M,,,91
201200041174,12,7,18,2015,1,2,1,1.0,3,91421,M,,,91
201200041175,12,7,26,1840,1,2,1,1.0,3,91421,M,,,91
201200041176,12,7,31,920,1,2,1,1.0,1,91421,M,,,91
201200041177,12,8,10,1815,1,1,1,1.0,3,91421,M,,,91
201200041178,12,8,30,1817,1,2,6,1.0,3,91691,M,,,91
201200041179,12,9,1,1700,1,1,1,1.0,3,91421,M,,,91
201200041180,12,9,16,205,4,2,1,1.0,2,91691,M,,,91
201200041181,12,9,17,900,1,1,1,1.0,5,91421,M,,,91
201200041182,12,9,19,1555,1,2,1,1.0,3,91421,M,,,91
201200041183,12,9,24,750,1,1,1,1.0,2,91421,M,,,91
201200041184,12,9,24,1650,1,2,1,1.0,6,91691,M,,,91
201200041185,12,9,25,2125,5,2,6,1.0,3,91691,M,,,91
201200041186,12,9,27,1425,1,2,1,1.0,6,91191,M,,,91
201200041187,12,10,2,1945,1,2,1,1.0,2,91691,M,,,91
201200041188,12,10,8,1315,1,2,1,2.0,6,91191,M,,,91
201200041189,12,10,13,2145,3,1,1,3.0,2,91421,M,,,91
201200041190,12,10,24,1150,1,2,1,1.0,6,91421,M,,,91
201200041191,12,10,23,805,2,2,2,1.0,3,91691,M,,,91
201200041192,12,10,23,1750,1,2,6,1.0,3,91691,M,,,91
201200041193,12,10,24,1945,3,1,1,1.0,4,91421,M,,,91
201200041194,12,10,25,1025,1,2,1,1.0,2,91691,M,,,91
201200041195,12,12,11,10,5,2,1,2.0,6,91421,M,,,91
201200041196,12,11,13,2020,2,2,1,1.0,2,91421,M,,,91
201200041197,12,11,22,2245,4,2,1,1.0,2,91421,M,,,91
201200041198,12,11,28,1725,1,2,1,1.0,5,91691,M,,,91
201200041199,12,11,4,1800,2,2,2,1.0,3,91691,M,,,91
201200041200,12,11,23,1655,1,2,2,1.0,3,91691,M,,,91
201200041201,12,11,30,1645,1,2,1,1.0,2,91691,M,,,91
201200041202,12,12,2,1530,1,2,1,1.0,6,91691,M,,,91
201200041203,12,12,3,755,1,1,1,1.0,6,91421,M,,,91
201200041204,12,12,8,2100,5,2,1,1.0,4,91691,M,,,91
201200041205,12,12,8,2100,5,2,1,1.0,2,91691,M,,,91
201200041206,12,12,7,1800,5,1,1,2.0,2,91421,M,,,91
201200041207,12,12,8,1250,1,2,1,1.0,4,91421,M,,,91
201200041208,12,12,15,1805,1,2,1,2.0,6,91421,M,,,91
201200041209,12,12,17,1655,1,2,1,2.0,2,91421,M,,,91
201200041210,12,12,27,40,4,1,1,2.0,1,91421,M,,,91
201200041211,12,1,4,845,1,2,6,1.0,6,91692,M,,,91
201200041212,12,1,5,1255,1,2,6,1.0,4,91312,M,,,91
201200041213,12,1,5,1725,1,2,3,1.0,3,91122,M,,,91
201200041214,12,1,7,2300,5,2,6,1.0,6,91692,M,,,91
201200041215,12,1,12,930,1,2,3,1.0,3,91692,M,,,91
201200041216,12,1,13,1240,1,2,1,1.0,6,91477,M,,,91
201200041217,12,1,13,1220,1,2,1,1.0,2,91122,M,,,91
201200041218,12,1,13,1720,2,2,6,1.0,6,91471,M,,,91
201200041219,12,1,15,1340,1,2,1,1.0,6,91312,M,,,91
201200041220,12,1,18,740,2,2,3,1.0,6,91477,M,,,91
201200041221,12,1,18,2030,5,2,2,2.0,3,91645,M,,,91
201200041222,12,1,19,810,1,2,2,1.0,3,91477,M,,,91
201200041223,12,1,26,1820,3,2,1,1.0,3,91477,M,,,91
201200041224,12,1,26,1830,5,2,1,1.0,6,91692,M,,,91
201200041225,12,1,28,1615,1,2,1,1.0,2,91477,M,,,91
201200041226,12,2,2,225,3,2,1,1.0,2,91064,M,,,91
201200041227,12,2,2,1920,3,1,1,1.0,1,91477,M,,,91
201200041228,12,2,4,1740,2,2,1,1.0,3,91645,M,,,91
201200041229,12,2,6,1025,1,2,2,1.0,3,91477,M,,,91
201200041230,12,2,6,1245,1,1,8,1.0,2,91477,M,,,91
201200041231,12,2,8,720,2,2,3,4.0,2,91645,M,,,91
201200041232,12,2,9,900,1,2,1,1.0,6,91471,M,,,91
201200041233,12,2,9,830,1,2,6,1.0,2,91692,M,,,91
201200041234,12,2,14,1500,1,1,1,1.0,7,91477,M,,,91
201200041235,12,2,16,840,1,2,1,1.0,7,91122,M,,,91
201200041236,12,2,16,1735,1,2,1,1.0,6,91471,M,,,91
201200041237,12,2,24,1330,1,2,1,1.0,6,91477,M,,,91
201200041238,12,2,27,1410,1,2,3,1.0,2,91477,M,,,91
201200041239,12,3,3,1900,2,2,1,1.0,6,91471,M,,,91
201200041240,12,3,5,1945,2,2,1,1.0,6,91477,M,,,91
201200041241,12,3,7,815,1,2,1,1.0,6,91471,M,,,91
201200041242,12,3,10,1850,1,2,2,1.0,3,91471,M,,,91
201200041243,12,3,13,1210,1,2,1,1.0,5,91692,M,,,91
201200041244,12,3,15,1410,1,2,6,1.0,3,91064,M,,,91
201200041245,12,3,15,1840,1,2,1,1.0,7,91692,M,,,91
201200041246,12,3,20,3,5,2,2,1.0,3,91477,M,,,91
201200041247,12,3,21,1820,1,2,1,1.0,7,91471,M,,,91
201200041248,12,3,21,1915,1,2,2,1.0,1,91477,M,,,91
201200041249,12,3,27,1420,1,2,1,1.0,4,91692,M,,,91
201200041250,12,3,27,1635,1,2,1,1.0,6,91477,M,,,91
201200041251,12,3,29,1150,1,2,1,1.0,6,91064,M,,,91
201200041252,12,4,4,1140,1,2,1,1.0,7,91477,M,,,91
201200041253,12,4,5,1735,1,2,1,1.0,1,91477,M,,,91
201200041254,12,4,9,1530,1,2,1,1.0,6,91692,M,,,91
201200041255,12,4,12,1900,1,2,4,1.0,1,91692,M,,,91
201200041256,12,4,14,1750,1,2,1,1.0,2,91692,M,,,91
201200041257,12,4,16,1315,1,2,1,1.0,2,91312,M,,,91
201200041258,12,4,18,1650,1,2,2,1.0,3,91477,M,,,91
201200041259,12,4,22,930,1,2,1,1.0,7,91477,M,,,91
201200041260,12,4,25,1910,1,2,6,1.0,7,91064,M,,,91
201200041261,12,4,28,1350,1,1,1,1.0,3,91692,M,,,91
201200041262,12,5,1,1350,1,2,3,1.0,2,91692,M,,,91
201200041263,12,5,2,1415,1,2,3,1.0,3,91692,M,,,91
201200041264,12,5,3,1815,1,2,1,1.0,3,91477,M,,,91
201200041265,12,5,4,1410,1,2,1,1.0,2,91692,M,,,91
201200041266,12,5,4,1440,1,2,1,1.0,7,91064,M,,,91
201200041267,12,5,6,1300,1,2,1,1.0,2,91692,M,,,91
201200041268,12,5,10,1105,1,2,6,1.0,3,91477,M,,,91
201200041269,12,5,15,1820,1,2,1,2.0,3,91692,M,,,91
201200041270,12,5,27,2050,1,2,1,1.0,7,91692,M,,,91
201200041271,12,5,31,1210,1,2,1,1.0,7,91122,M,,,91
201200041272,12,6,1,2050,2,2,1,1.0,6,91692,M,,,91
201200041273,12,6,3,1855,1,2,1,1.0,1,91312,M,,,91
201200041274,12,6,4,910,1,2,1,1.0,1,91645,M,,,91
201200041275,12,6,10,1940,2,2,1,1.0,7,91064,M,,,91
201200041276,12,6,18,1810,1,2,1,1.0,6,91471,M,,,91
201200041277,12,6,19,1750,1,2,1,1.0,1,91471,M,,,91
201200041278,12,6,26,1145,1,2,1,1.0,7,91064,M,,,91
201200041279,12,6,26,1145,1,2,1,1.0,7,91064,M,,,91
201200041280,12,6,29,2010,1,2,1,1.0,2,91471,M,,,91
201200041281,12,7,2,2000,2,2,1,1.0,2,91692,M,,,91
201200041282,12,7,9,1630,1,2,1,1.0,7,91692,M,,,91
201200041283,12,7,12,1320,1,2,1,1.0,3,91692,M,,,91
201200041284,12,7,12,1345,1,2,1,1.0,6,91692,M,,,91
201200041285,12,7,12,1640,1,2,1,1.0,7,91312,M,,,91
201200041286,12,7,14,1545,1,2,1,1.0,2,91692,M,,,91
201200041287,12,7,16,820,2,2,1,1.0,6,91122,M,,,91
201200041288,12,7,18,1145,1,2,1,1.0,2,91471,M,,,91
201200041289,12,7,20,1945,2,2,1,1.0,6,91645,M,,,91
201200041290,12,7,22,1415,1,2,1,1.0,1,91645,M,,,91
201200041291,12,7,13,910,1,1,1,2.0,2,91477,M,,,91
201200041292,12,7,27,1415,1,2,1,1.0,6,91477,M,,,91
201200041293,12,7,28,325,3,2,1,1.0,6,91692,M,,,91
201200041294,12,8,8,2230,4,2,1,1.0,3,91692,M,,,91
201200041295,12,8,9,1935,1,2,1,1.0,1,91122,M,,,91
201200041296,12,8,11,2010,1,2,1,1.0,6,91122,M,,,91
201200041297,12,8,14,700,1,2,1,1.0,6,91064,M,,,91
201200041298,12,8,16,1215,1,2,1,1.0,6,91692,M,,,91
201200041299,12,8,20,1700,1,2,1,1.0,6,91477,M,,,91
201200041300,12,8,25,1350,1,1,1,1.0,1,91477,M,,,91
201200041301,12,8,27,1000,1,2,1,1.0,7,91064,M,,,91
201200041302,12,8,29,900,1,2,1,1.0,1,91692,M,,,91
201200041303,12,8,29,1800,1,2,1,1.0,6,91477,M,,,91
201200041304,12,8,30,741,1,2,1,1.0,7,91477,M,,,91
201200041305,12,9,2,1800,1,2,1,1.0,3,91471,M,,,91
201200041306,12,9,7,840,1,2,1,1.0,6,91692,M,,,91
201200041307,12,9,7,920,1,2,1,1.0,2,91692,M,,,91
201200041308,12,9,8,1050,1,2,1,1.0,3,91471,M,,,91
201200041309,12,9,19,1425,1,2,1,1.0,3,91477,M,,,91
201200041310,12,9,13,840,1,2,4,1.0,7,91122,M,,,91
201200041311,12,9,21,955,1,1,2,1.0,3,91312,M,,,91
201200041312,12,9,24,1145,1,1,1,1.0,6,91692,M,,,91
201200041313,12,9,18,848,1,2,1,1.0,2,91477,M,,,91
201200041314,12,9,14,715,2,2,1,1.0,2,91692,M,,,91
201200041315,12,9,24,2310,5,2,2,2.0,7,91477,M,,,91
201200041316,12,9,24,1530,1,2,1,1.0,6,91477,M,,,91
201200041317,12,9,24,1830,1,2,3,1.0,3,91122,M,,,91
201200041318,12,9,27,1710,1,2,1,9.0,7,91477,M,,,91
201200041319,12,9,26,1921,2,2,1,2.0,3,91477,M,,,91
201200041320,12,9,29,1745,1,2,1,7.0,6,91692,M,,,91
201200041321,12,9,27,900,1,2,1,1.0,7,91645,M,,,91
201200041322,12,10,4,2335,3,1,6,1.0,6,91692,M,,,91
201200041323,12,10,7,1705,1,1,6,1.0,2,91692,M,,,91
201200041324,12,10,9,750,1,1,1,2.0,1,91064,M,,,91
201200041325,12,10,11,1600,1,2,3,1.0,6,91477,M,,,91
201200041326,12,10,16,1110,1,2,1,1.0,6,91477,M,,,91
201200041327,12,10,19,1625,1,2,1,2.0,6,91471,M,,,91
201200041328,12,10,19,2015,5,2,1,2.0,6,91064,M,,,91
201200041329,12,10,21,1945,5,2,1,1.0,6,91645,M,,,91
201200041330,12,10,20,2130,5,2,1,8.0,6,91471,M,,,91
201200041331,12,10,24,410,5,2,1,8.0,7,91645,M,,,91
201200041332,12,10,29,2005,3,2,1,1.0,6,91692,M,,,91
201200041333,12,10,27,1450,1,2,4,2.0,7,91645,M,,,91
201200041334,12,11,4,1815,5,2,3,1.0,1,91477,M,,,91
201200041335,12,11,5,1240,1,2,1,1.0,6,91477,M,,,91
201200041336,12,10,15,1150,1,2,2,1.0,3,91122,M,,,91
201200041337,12,11,13,1755,5,2,1,8.0,2,91692,M,,,91
201200041338,12,11,19,1130,1,2,1,1.0,3,91692,M,,,91
201200041339,12,10,19,1748,1,2,2,2.0,3,91471,M,,,91
201200041340,12,11,23,1745,5,2,2,3.0,3,91477,M,,,91
201200041341,12,11,23,1825,5,2,1,2.0,6,91645,M,,,91
201200041342,12,11,30,730,5,2,1,9.0,6,91692,M,,,91
201200041343,12,12,3,750,1,2,3,2.0,3,91477,M,,,91
201200041344,12,12,4,1815,5,2,3,2.0,3,91064,M,,,91
201200041345,12,12,8,2147,5,1,1,9.0,2,91692,M,,,91
201200041346,12,12,6,1705,5,2,1,1.0,6,91471,M,,,91
201200041347,12,12,14,1815,5,2,2,2.0,3,91122,M,,,91
201200041348,12,12,1,1210,1,2,1,1.0,6,91645,M,,,91
201200041349,12,12,5,1155,1,2,3,1.0,3,91312,M,,,91
201200041350,12,12,18,2040,5,2,1,1.0,3,91477,M,,,91
201200041351,12,12,20,1736,5,2,1,2.0,6,91122,M,,,91
201200041352,12,12,28,1710,1,2,1,2.0,6,91471,M,,,91
201200041353,12,12,29,1940,5,2,1,2.0,6,91471,M,,,91
201200041354,12,10,29,1805,3,2,1,9.0,3,91477,M,,,91
201200041355,12,11,20,1220,1,2,1,1.0,3,91692,M,,,91
201200041356,12,12,20,800,3,1,4,6.0,3,91471,M,,,91
201200041357,12,12,18,1955,5,2,2,2.0,2,91477,M,,,91
201200041358,12,1,15,1210,1,2,1,1.0,6,91549,M,,,91
201200041359,12,1,16,1605,1,2,2,1.0,6,91667,M,,,91
201200041360,12,1,27,1115,1,2,1,1.0,6,91549,M,,,91
201200041361,12,2,1,1835,5,2,2,1.0,3,91570,M,,,91
201200041362,12,2,22,730,2,2,1,1.0,6,91570,M,,,91
201200041363,12,3,1,1530,1,2,1,8.0,6,91549,M,,,91
201200041364,12,3,15,1720,1,2,1,1.0,6,91549,M,,,91
201200041365,12,3,15,1415,1,2,2,1.0,3,91570,M,,,91
201200041366,12,3,28,1120,1,2,1,1.0,6,91570,M,,,91
201200041367,12,4,6,1335,1,1,6,1.0,2,91549,M,,,91
201200041368,12,4,8,1505,1,2,1,1.0,3,91549,M,,,91
201200041369,12,4,19,730,1,2,5,2.0,3,91549,M,,,91
201200041370,12,4,19,1240,1,2,1,1.0,6,91549,M,,,91
201200041371,12,5,3,1830,1,2,2,1.0,3,91685,M,,,91
201200041372,12,6,5,1705,1,2,2,1.0,3,91667,M,,,91
201200041373,12,6,9,1050,1,2,1,1.0,6,91549,M,,,91
201200041374,12,6,11,1040,1,2,1,1.0,6,91549,M,,,91
201200041375,12,6,14,1000,1,2,1,1.0,3,91549,M,,,91
201200041376,12,6,18,1020,1,2,1,8.0,6,91549,M,,,91
201200041377,12,6,19,1735,1,2,1,1.0,1,91549,M,,,91
201200041378,12,6,19,1610,1,2,1,1.0,2,91667,M,,,91
201200041379,12,6,28,850,1,2,1,1.0,1,91570,M,,,91
201200041380,12,7,17,1240,1,2,1,1.0,1,91549,M,,,91
201200041381,12,7,24,555,2,2,1,1.0,2,91216,M,,,91
201200041382,12,8,4,50,5,2,1,1.0,6,91549,M,,,91
201200041383,12,8,7,1810,1,2,4,1.0,3,91549,M,,,91
201200041384,12,8,14,1355,1,2,1,2.0,6,91216,M,,,91
201200041385,12,9,4,1420,1,2,1,1.0,2,91549,M,,,91
201200041386,12,9,7,325,5,2,1,1.0,6,91549,M,,,91
201200041387,12,9,8,1810,1,2,2,1.0,3,91549,M,,,91
201200041388,12,9,9,1825,1,2,1,1.0,6,91570,M,,,91
201200041389,12,9,17,1810,1,2,2,1.0,3,91549,M,,,91
201200041390,12,9,19,1910,1,2,1,1.0,3,91216,M,,,91
201200041391,12,9,23,1230,1,2,1,1.0,6,91549,M,,,91
201200041392,12,9,25,1930,5,2,1,2.0,1,91549,M,,,91
201200041393,12,9,11,1550,1,2,1,1.0,6,91549,M,,,91
201200041394,12,10,19,1630,1,2,9,1.0,6,91549,M,,,91
201200041395,12,10,20,1620,1,2,1,2.0,5,91667,M,,,91
201200041396,12,11,7,720,2,1,3,1.0,2,91216,M,,,91
201200041397,12,11,8,925,1,2,2,1.0,3,91549,M,,,91
201200041398,12,11,18,905,1,2,2,2.0,3,91549,M,,,91
201200041399,12,11,28,2020,4,2,1,2.0,1,91216,M,,,91
201200041400,12,12,5,1325,1,2,1,2.0,4,91216,M,,,91
201200041401,12,12,12,1730,5,2,1,8.0,6,91570,M,,,91
201200041402,12,12,23,1910,5,2,1,1.0,6,91570,M,,,91
201200041403,12,1,6,1635,1,2,1,1.0,6,91589,M,,,91
201200041404,12,11,28,1850,5,2,3,1.0,6,91432,M,,,91
201200041405,12,1,4,1810,5,2,4,1.0,3,91589,M,,,91
201200041406,12,12,15,1810,5,2,3,2.0,6,91589,M,,,91
201200041407,12,2,25,2110,5,2,1,2.0,2,91589,M,,,91
201200041408,12,12,4,1335,1,2,1,1.0,1,91589,M,,,91
201200041409,12,3,16,1530,1,2,1,1.0,2,91589,M,,,91
201200041410,12,1,11,1740,1,2,3,1.0,3,91589,M,,,91
201200041411,12,12,27,1445,1,2,1,1.0,2,91432,M,,,91
201200041412,12,2,20,750,1,2,1,1.0,3,91589,M,,,91
201200041413,12,2,7,2245,5,2,3,8.0,3,91589,M,,,91
201200041414,12,2,11,455,5,2,2,8.0,6,91432,M,,,91
201200041415,12,2,16,1630,1,2,1,1.0,6,91432,M,,,91
201200041416,12,2,17,1920,5,2,1,2.0,1,91589,M,,,91
201200041417,12,3,25,620,2,2,2,1.0,3,91432,M,,,91
201200041418,12,3,27,1730,1,2,1,1.0,3,91589,M,,,91
201200041419,12,3,14,1315,1,1,1,1.0,7,91432,M,,,91
201200041420,12,4,19,1850,1,2,3,1.0,1,91589,M,,,91
201200041421,12,3,26,1720,1,2,1,1.0,6,91589,M,,,91
201200041422,12,4,10,1600,1,2,1,8.0,2,91589,M,,,91
201200041423,12,4,15,2215,5,2,1,1.0,6,91589,M,,,91
201200041424,12,4,30,2030,2,2,2,9.0,3,91589,M,,,91
201200041425,12,5,14,1335,1,2,3,1.0,2,91589,M,,,91
201200041426,12,5,14,1400,1,2,3,1.0,3,91432,M,,,91
201200041427,12,5,15,1840,1,2,1,2.0,6,91589,M,,,91
201200041428,12,5,18,1705,1,2,5,1.0,3,91589,M,,,91
201200041429,12,5,25,1750,1,2,1,1.0,6,91589,M,,,91
201200041430,12,6,14,2005,1,2,2,1.0,3,91589,M,,,91
201200041431,12,5,27,1350,1,2,2,1.0,3,91589,M,,,91
201200041432,12,6,8,915,1,2,3,1.0,1,91432,M,,,91
201200041433,12,6,9,1208,1,2,1,9.0,6,91589,M,,,91
201200041434,12,6,3,20,5,2,2,1.0,2,91589,M,,,91
201200041435,12,6,12,1111,1,2,3,3.0,3,91589,M,,,91
201200041436,12,6,16,2046,2,2,1,2.0,6,91589,M,,,91
201200041437,12,6,8,1825,1,2,2,1.0,5,91589,M,,,91
201200041438,12,7,17,1750,1,2,2,1.0,2,91589,M,,,91
201200041439,12,7,4,1730,1,2,1,9.0,2,91589,M,,,91
201200041440,12,6,19,1445,1,1,1,1.0,2,91432,M,,,91
201200041441,12,6,29,1800,1,2,2,1.0,2,91589,M,,,91
201200041442,12,7,24,1205,1,2,1,1.0,1,91589,M,,,91
201200041443,12,7,22,600,2,2,1,1.0,6,91432,M,,,91
201200041444,12,9,10,1835,1,2,3,1.0,3,91589,M,,,91
201200041445,12,9,15,1930,1,2,3,1.0,3,91432,M,,,91
201200041446,12,9,12,1355,1,2,1,2.0,6,91589,M,,,91
201200041447,12,9,9,220,5,2,1,1.0,6,91589,M,,,91
201200041448,12,9,25,1730,1,2,1,8.0,6,91589,M,,,91
201200041449,12,9,10,1740,1,2,1,1.0,2,91432,M,,,91
201200041450,12,9,24,2230,3,2,2,2.0,6,91589,M,,,91
201200041451,12,10,15,548,3,1,1,1.0,5,91432,M,,,91
201200041452,12,10,20,1940,3,2,3,1.0,6,91589,M,,,91
201200041453,12,9,19,1010,1,2,1,1.0,2,91589,M,,,91
201200041454,12,10,3,1920,5,2,3,3.0,6,91432,M,,,91
201200041455,12,10,11,1800,5,2,3,1.0,3,91589,M,,,91
201200041456,12,10,4,1140,1,2,2,1.0,3,91432,M,,,91
201200041457,12,10,13,2135,5,2,1,2.0,6,91432,M,,,91
201200041458,12,11,6,30,3,2,1,2.0,6,91589,M,,,91
201200041459,12,11,23,1335,1,2,3,1.0,1,91589,M,,,91
201200041460,12,11,9,1845,5,2,1,1.0,2,91589,M,,,91
201200041461,12,11,10,1555,1,2,2,1.0,3,91589,M,,,91
201200041462,12,11,11,2310,5,2,4,8.0,6,91432,M,,,91
201200041463,12,11,6,650,2,2,1,1.0,6,91589,M,,,91
201200041464,12,1,5,945,1,2,2,2.0,6,92002,M,,,92
201200041465,12,1,24,1900,5,2,6,2.0,6,92002,M,,,92
201200041466,12,1,27,835,1,2,1,7.0,6,92002,M,,,92
201200041467,12,1,27,1725,2,2,1,1.0,6,92002,M,,,92
201200041468,12,2,2,1430,1,2,1,1.0,2,92002,M,,,92
201200041469,12,2,10,740,1,2,1,1.0,3,92002,M,,,92
201200041470,12,2,15,2005,5,2,1,8.0,7,92002,M,,,92
201200041471,12,2,17,1540,1,2,1,1.0,6,92002,M,,,92
201200041472,12,2,23,1130,1,2,3,1.0,3,92002,M,,,92
201200041473,12,3,4,1935,5,2,1,3.0,6,92002,M,,,92
201200041474,12,3,14,1300,1,2,2,1.0,3,92014,M,,,92
201200041475,12,3,30,825,1,2,1,1.0,6,92014,M,,,92