Num_Acc,an,mois,jour,hrmn,lum,agg,int,atm,col,com,gps,lat,long,dep
201200041476,12,4,7,2140,5,2,2,1.0,3,92002,M,,,92
201200041477,12,4,22,1840,1,2,5,1.0,6,92002,M,,,92
201200041478,12,5,4,820,1,2,1,1.0,3,92014,M,,,92
201200041479,12,5,5,2014,5,2,2,3.0,2,92014,M,,,92
201200041480,12,5,21,1835,1,2,1,2.0,3,92002,M,,,92
201200041481,12,5,28,1620,1,2,2,1.0,3,92014,M,,,92
201200041482,12,6,2,125,5,2,1,1.0,6,92002,M,,,92
201200041483,12,6,5,1405,1,2,1,1.0,2,92014,M,,,92
201200041484,12,6,5,1500,1,2,3,1.0,3,92002,M,,,92
201200041485,12,6,19,1055,1,2,3,1.0,2,92002,M,,,92
201200041486,12,6,22,2305,5,2,1,1.0,6,92014,M,,,92
201200041487,12,6,26,1315,1,2,3,1.0,6,92002,M,,,92
201200041488,12,7,1,1310,1,2,3,1.0,3,92002,M,,,92
201200041489,12,8,9,2100,1,2,3,1.0,2,92002,M,,,92
201200041490,12,8,26,1245,1,2,3,1.0,6,92002,M,,,92
201200041491,12,9,10,1200,1,2,6,1.0,3,92014,M,,,92
201200041492,12,9,21,750,1,2,3,1.0,3,92002,M,,,92
201200041493,12,9,22,1330,1,2,3,1.0,3,92014,M,,,92
201200041494,12,10,4,825,2,2,3,3.0,3,92014,M,,,92
201200041495,12,10,26,925,1,2,2,1.0,7,92002,M,,,92
201200041496,12,11,7,1300,1,2,1,1.0,7,92014,M,,,92
201200041497,12,11,8,845,1,2,2,1.0,6,92002,M,,,92
201200041498,12,11,9,2000,2,2,1,1.0,6,92014,M,,,92
201200041499,12,12,15,1300,1,2,1,1.0,2,92002,M,,,92
201200041500,12,12,21,815,1,2,1,1.0,6,92014,M,,,92
201200041501,12,12,28,1830,5,2,1,1.0,6,92002,M,,,92
201200041502,12,1,2,1530,1,2,2,1.0,3,92004,M,4891655.0,227849.0,92
201200041503,12,1,3,1330,1,2,2,1.0,3,92004,M,4891545.0,229274.0,92
201200041504,12,1,12,950,1,2,3,1.0,3,92004,M,4890683.0,228582.0,92
201200041505,12,1,12,1535,1,2,2,1.0,6,92009,M,4890742.0,226605.0,92
201200041506,12,1,18,1200,1,2,1,1.0,3,92004,M,,,92
201200041507,12,1,27,630,5,2,2,1.0,3,92004,M,,,92
201200041508,12,1,27,1650,1,2,1,1.0,6,92009,M,,,92
201200041509,12,1,30,855,1,2,2,1.0,6,92004,M,,,92
201200041510,12,2,10,1445,1,2,7,1.0,6,92004,M,,,92
201200041511,12,2,12,1500,1,2,2,1.0,3,92004,M,,,92
201200041512,12,2,14,900,1,2,1,1.0,2,92004,M,,,92
201200041513,12,2,14,1040,1,2,2,1.0,6,92004,M,,,92
201200041514,12,2,14,1850,1,2,1,1.0,6,92004,M,,,92
201200041515,12,2,15,1210,1,2,3,2.0,3,92004,M,,,92
201200041516,12,2,22,1730,1,2,1,1.0,6,92009,M,,,92
201200041517,12,2,29,850,1,2,1,1.0,3,92004,M,,,92
201200041518,12,2,29,1710,1,2,2,1.0,3,92009,M,,,92
201200041519,12,3,4,1820,5,2,2,2.0,3,92004,M,,,92
201200041520,12,3,9,935,1,2,2,1.0,2,92004,M,,,92
201200041521,12,3,9,1000,1,2,1,1.0,3,92004,M,,,92
201200041522,12,3,12,1835,1,2,1,1.0,2,92004,M,,,92
201200041523,12,3,16,1550,1,2,1,1.0,3,92004,M,,,92
201200041524,12,3,16,1830,1,2,1,1.0,2,92004,M,,,92
201200041525,12,3,19,1210,1,2,1,1.0,2,92004,M,,,92
201200041526,12,3,21,1430,1,2,2,1.0,3,92009,M,,,92
201200041527,12,3,28,1700,1,2,2,1.0,1,92004,M,,,92
201200041528,12,3,28,2120,5,2,2,1.0,3,92004,M,,,92
201200041529,12,3,21,1815,1,2,3,1.0,3,92004,M,,,92
201200041530,12,3,31,840,1,1,1,1.0,2,92004,M,,,92
201200041531,12,4,4,1645,1,2,1,1.0,3,92004,M,,,92
201200041532,12,4,5,2130,2,2,2,1.0,3,92009,M,,,92
201200041533,12,4,6,1715,1,2,1,1.0,6,92004,M,,,92
201200041534,12,4,7,2020,5,2,3,1.0,2,92004,M,,,92
201200041535,12,4,12,1315,1,2,4,1.0,6,92004,M,,,92
201200041536,12,4,12,1755,1,2,2,1.0,4,92004,M,,,92
201200041537,12,4,12,2030,5,2,7,1.0,3,92004,M,,,92
201200041538,12,4,13,1840,1,2,1,1.0,6,92004,M,,,92
201200041539,12,4,13,2220,5,2,2,1.0,6,92004,M,,,92
201200041540,12,4,17,1330,1,2,1,2.0,3,92004,M,,,92
201200041541,12,4,17,1740,1,2,2,8.0,6,92009,M,,,92
201200041542,12,4,18,1200,1,2,2,1.0,1,92004,M,,,92
201200041543,12,4,19,1920,1,2,2,1.0,3,92004,M,,,92
201200041544,12,4,20,1635,1,2,1,1.0,3,92004,M,,,92
201200041545,12,4,22,1940,1,2,3,1.0,3,92004,M,,,92
201200041546,12,4,23,1630,1,2,6,2.0,3,92004,M,,,92
201200041547,12,4,25,700,1,2,2,1.0,3,92004,M,,,92
201200041548,12,4,27,850,1,2,1,1.0,4,92004,M,,,92
201200041549,12,5,2,1720,1,2,2,1.0,6,92004,M,,,92
201200041550,12,5,3,920,1,2,2,1.0,3,92009,M,,,92
201200041551,12,5,8,1115,1,1,4,1.0,3,92004,M,,,92
201200041552,12,5,12,110,5,2,3,1.0,3,92004,M,,,92
201200041553,12,5,13,1100,1,2,2,1.0,3,92004,M,,,92
201200041554,12,5,16,1730,1,2,2,1.0,3,92004,M,,,92
201200041555,12,5,19,2040,1,2,3,2.0,6,92004,M,,,92
201200041556,12,5,20,1605,1,2,2,1.0,3,92004,M,,,92
201200041557,12,5,23,930,1,2,6,1.0,3,92004,M,,,92
201200041558,12,5,24,1125,1,2,1,1.0,6,92004,M,,,92
201200041559,12,5,25,1910,1,2,2,1.0,5,92004,M,,,92
201200041560,12,5,28,740,1,2,1,1.0,2,92004,M,,,92
201200041561,12,5,29,725,1,2,1,1.0,4,92004,M,,,92
201200041562,12,5,30,145,5,2,1,1.0,6,92009,M,,,92
201200041563,12,5,31,2005,1,2,1,1.0,6,92004,M,,,92
201200041564,12,6,4,825,1,2,2,1.0,3,92004,M,,,92
201200041565,12,6,5,30,5,2,2,1.0,3,92004,M,,,92
201200041566,12,6,13,1940,1,2,1,2.0,3,92004,M,,,92
201200041567,12,6,14,830,1,2,1,1.0,3,92004,M,,,92
201200041568,12,6,19,1750,1,2,1,1.0,6,92004,M,,,92
201200041569,12,6,21,1000,1,2,2,8.0,3,92004,M,,,92
201200041570,12,6,21,1725,1,2,2,1.0,3,92009,M,,,92
201200041571,12,6,22,1210,1,2,2,1.0,6,92004,M,,,92
201200041572,12,6,25,1700,1,1,1,1.0,6,92004,M,,,92
201200041573,12,6,29,1100,1,2,1,1.0,6,92004,M,,,92
201200041574,12,6,29,1500,1,2,2,1.0,1,92004,M,,,92
201200041575,12,7,1,1630,1,2,2,1.0,3,92004,M,,,92
201200041576,12,7,3,2110,1,2,2,1.0,3,92004,M,,,92
201200041577,12,7,6,2020,1,2,1,1.0,6,92009,M,,,92
201200041578,12,7,11,2130,1,2,1,1.0,3,92009,M,,,92
201200041579,12,7,11,2130,1,2,2,1.0,3,92004,M,,,92
201200041580,12,7,13,755,1,2,1,8.0,5,92004,M,,,92
201200041581,12,7,17,710,1,2,1,1.0,6,92004,M,,,92
201200041582,12,7,21,1100,1,2,2,1.0,3,92009,M,,,92
201200041583,12,7,28,1215,1,2,1,1.0,3,92004,M,,,92
201200041584,12,7,29,2220,5,2,1,1.0,6,92004,M,,,92
201200041585,12,8,2,1335,1,2,1,1.0,2,92004,M,,,92
201200041586,12,8,14,1700,1,2,1,1.0,4,92004,M,,,92
201200041587,12,8,21,1700,1,2,2,1.0,3,92004,M,,,92
201200041588,12,8,28,2030,1,2,1,1.0,6,92004,M,,,92
201200041589,12,8,30,1240,1,2,9,1.0,2,92004,M,,,92
201200041590,12,9,4,2030,5,2,9,1.0,3,92004,M,,,92
201200041591,12,9,6,1755,1,2,2,1.0,6,92004,M,,,92
201200041592,12,9,9,955,1,2,1,1.0,6,92004,M,,,92
201200041593,12,9,25,1800,1,2,1,1.0,3,92009,M,,,92
201200041594,12,9,28,1030,1,2,9,1.0,6,92004,M,,,92
201200041595,12,9,30,1900,1,2,1,1.0,3,92004,M,,,92
201200041596,12,9,30,2005,5,2,1,1.0,3,92004,M,,,92
201200041597,12,10,1,1530,1,2,2,1.0,4,92004,M,,,92
201200041598,12,10,2,900,1,2,2,1.0,5,92004,M,,,92
201200041599,12,10,2,1700,1,2,1,1.0,6,92004,M,,,92
201200041600,12,10,3,1550,1,2,1,2.0,3,92004,M,,,92
201200041601,12,10,4,1000,1,2,1,1.0,7,92009,M,,,92
201200041602,12,10,8,2010,5,2,2,2.0,3,92004,M,,,92
201200041603,12,10,9,610,5,2,1,2.0,6,92004,M,,,92
201200041604,12,10,9,740,5,2,2,8.0,4,92004,M,,,92
201200041605,12,10,10,2000,2,2,2,1.0,3,92004,M,,,92
201200041606,12,10,14,2330,5,2,2,1.0,3,92004,M,,,92
201200041607,12,10,16,810,1,2,1,1.0,6,92004,M,,,92
201200041608,12,10,16,1730,1,2,1,1.0,6,92004,M,,,92
201200041609,12,10,18,1805,2,2,3,3.0,5,92026,M,,,92
201200041610,12,10,18,1345,1,2,1,1.0,2,92004,M,,,92
201200041611,12,10,22,2030,5,2,2,1.0,3,92004,M,,,92
201200041612,12,10,24,250,5,2,2,1.0,3,92044,M,,,92
201200041613,12,10,25,1730,1,2,1,1.0,3,92004,M,,,92
201200041614,12,10,26,710,2,2,1,1.0,3,92004,M,,,92
201200041615,12,10,29,1115,1,2,1,1.0,2,92004,M,,,92
201200041616,12,11,1,1215,1,2,1,1.0,6,92004,M,,,92
201200041617,12,11,3,1730,1,2,2,1.0,6,92009,M,,,92
201200041618,12,11,20,2150,5,2,2,1.0,3,92009,M,,,92
201200041619,12,11,23,1745,2,2,1,2.0,6,92009,M,,,92
201200041620,12,11,24,515,5,2,3,1.0,3,92004,M,,,92
201200041621,12,11,24,525,5,2,1,2.0,3,92004,M,,,92
201200041622,12,11,26,1310,1,2,2,1.0,6,92004,M,,,92
201200041623,12,11,27,1830,2,2,2,2.0,3,92004,M,,,92
201200041624,12,11,28,740,2,2,2,1.0,6,92009,M,,,92
201200041625,12,11,28,940,1,2,3,1.0,3,92004,M,,,92
201200041626,12,11,29,430,5,2,2,2.0,3,92004,M,,,92
201200041627,12,11,29,615,5,2,3,2.0,3,92004,M,,,92
201200041628,12,12,1,2210,5,2,1,2.0,7,92004,M,,,92
201200041629,12,12,2,815,5,2,1,9.0,7,92004,M,,,92
201200041630,12,12,4,1455,1,2,2,1.0,6,92004,M,,,92
201200041631,12,12,4,1950,4,2,4,2.0,6,92004,M,,,92
201200041632,12,12,6,750,2,2,2,1.0,6,92004,M,,,92
201200041633,12,12,6,1900,5,2,2,1.0,3,92004,M,,,92
201200041634,12,12,7,1705,1,2,1,2.0,6,92004,M,,,92
201200041635,12,12,10,1800,5,2,7,1.0,6,92004,M,,,92
201200041636,12,12,11,945,1,2,2,1.0,6,92004,M,,,92
201200041637,12,12,11,1130,1,2,3,1.0,3,92004,M,,,92
201200041638,12,12,11,1800,5,2,3,1.0,6,92009,M,,,92
201200041639,12,12,12,635,5,2,1,1.0,2,92004,M,,,92
201200041640,12,12,12,2045,5,2,1,1.0,3,92004,M,,,92
201200041641,12,12,17,1800,5,2,1,1.0,3,92009,M,,,92
201200041642,12,12,22,2320,5,2,2,2.0,6,92004,M,,,92
201200041643,12,12,23,610,5,2,3,1.0,6,92004,M,,,92
201200041644,12,12,25,1315,1,2,2,1.0,3,92004,M,,,92
201200041645,12,12,27,1955,5,2,3,1.0,3,92004,M,,,92
201200041646,12,12,28,1255,1,2,1,1.0,1,92004,M,,,92
201200041647,12,12,28,1445,1,2,1,1.0,6,92004,M,,,92
201200041648,12,1,5,820,2,2,6,2.0,3,92007,M,,,92
201200041649,12,1,8,20,5,2,6,1.0,3,92007,M,,,92
201200041650,12,1,10,1520,1,2,6,1.0,3,92007,M,,,92
201200041651,12,1,10,2050,5,2,2,1.0,3,92007,M,,,92
201200041652,12,1,12,1850,5,2,1,1.0,3,92007,M,,,92
201200041653,12,1,13,845,1,2,1,1.0,6,92007,M,,,92
201200041654,12,1,17,920,1,2,3,1.0,3,92007,M,,,92
201200041655,12,1,28,1505,1,2,2,2.0,3,92007,M,,,92
201200041656,12,2,22,850,1,2,2,1.0,3,92007,M,,,92
201200041657,12,2,26,2020,5,2,2,1.0,3,92007,M,,,92
201200041658,12,3,2,2240,5,2,3,1.0,3,92007,M,,,92
201200041659,12,3,8,2040,5,2,3,1.0,6,92007,M,,,92
201200041660,12,3,15,1350,1,2,2,1.0,3,92007,M,,,92
201200041661,12,3,15,1450,1,2,2,1.0,3,92007,M,,,92
201200041662,12,3,16,1745,1,2,2,1.0,3,92007,M,,,92
201200041663,12,4,2,830,1,2,4,1.0,3,92007,M,,,92
201200041664,12,4,4,1225,1,2,1,1.0,6,92007,M,,,92
201200041665,12,4,5,1020,1,2,3,1.0,3,92007,M,,,92
201200041666,12,4,12,1330,1,2,2,1.0,6,92007,M,,,92
201200041667,12,4,18,2045,5,2,2,3.0,3,92007,M,,,92
201200041668,12,4,14,1550,1,2,3,1.0,2,92007,M,,,92
201200041669,12,4,26,320,5,2,1,1.0,3,92007,M,,,92
201200041670,12,5,7,1000,1,2,2,1.0,6,92007,M,,,92
201200041671,12,5,10,1345,1,2,3,1.0,1,92007,M,,,92
201200041672,12,5,10,1815,1,2,1,1.0,6,92007,M,,,92
201200041673,12,5,12,1505,1,2,1,1.0,3,92007,M,,,92
201200041674,12,5,12,2000,1,2,3,1.0,6,92007,M,,,92
201200041675,12,5,23,1600,1,2,1,1.0,6,92007,M,,,92
201200041676,12,6,22,1200,1,2,1,1.0,2,92007,M,,,92
201200041677,12,6,23,1805,1,2,3,1.0,3,92007,M,,,92
201200041678,12,7,3,2030,1,2,2,1.0,6,92007,M,,,92
201200041679,12,7,14,230,5,2,3,1.0,2,92007,M,,,92
201200041680,12,7,19,1600,1,2,3,1.0,6,92007,M,,,92
201200041681,12,7,24,1900,1,2,2,1.0,3,92007,M,,,92
201200041682,12,8,21,540,2,2,2,1.0,3,92007,M,,,92
201200041683,12,8,23,2045,2,2,2,1.0,1,92007,M,,,92
201200041684,12,8,27,1245,1,2,2,1.0,3,92007,M,,,92
201200041685,12,8,28,1555,1,2,3,1.0,6,92007,M,,,92
201200041686,12,9,1,1915,1,2,2,1.0,2,92007,M,,,92
201200041687,12,9,27,1725,1,2,2,2.0,3,92007,M,,,92
201200041688,12,10,4,2030,3,2,1,1.0,6,92007,M,,,92
201200041689,12,10,16,725,2,2,4,2.0,6,92007,M,,,92
201200041690,12,10,16,850,1,2,3,1.0,1,92007,M,,,92
201200041691,12,10,21,1215,1,2,3,1.0,6,92007,M,,,92
201200041692,12,10,25,2035,5,2,1,1.0,3,92007,M,,,92
201200041693,12,11,1,1820,5,2,1,2.0,4,92007,M,,,92
201200041694,12,11,3,1410,1,2,1,1.0,6,92007,M,,,92
201200041695,12,11,8,1255,1,2,3,1.0,6,92007,M,,,92
201200041696,12,11,21,715,2,2,2,1.0,6,92007,M,,,92
201200041697,12,11,23,1945,5,2,2,2.0,7,92007,M,,,92
201200041698,12,11,27,1630,1,2,3,2.0,6,92007,M,,,92
201200041699,12,11,29,1535,1,2,1,1.0,3,92007,M,,,92
201200041700,12,11,28,850,2,2,4,1.0,6,92007,M,,,92
201200041701,12,12,5,1650,2,2,2,3.0,6,92007,M,,,92
201200041702,12,12,6,645,5,2,2,1.0,3,92007,M,,,92
201200041703,12,1,1,1640,1,2,1,2.0,7,92012,M,,,92
201200041704,12,1,3,1205,1,2,1,1.0,6,92012,M,4883093.0,345699.0,92
201200041705,12,1,4,1430,1,2,1,1.0,5,92012,M,,,92
201200041706,12,1,5,1800,2,2,1,1.0,6,92012,M,,,92
201200041707,12,1,6,1200,1,2,1,1.0,6,92012,M,,,92
201200041708,12,1,7,1800,5,2,1,1.0,3,92012,M,,,92
201200041709,12,1,11,1325,1,2,1,1.0,2,92012,M,,,92
201200041710,12,1,12,2150,5,2,1,1.0,3,92012,M,,,92
201200041711,12,1,18,1555,1,2,1,2.0,3,92012,M,,,92
201200041712,12,1,23,1745,5,2,1,3.0,6,92012,M,,,92
201200041713,12,1,24,1310,1,2,1,2.0,2,92012,M,,,92
201200041714,12,1,25,815,2,2,1,2.0,3,92012,M,,,92
201200041715,12,1,25,1240,1,2,2,8.0,3,92012,M,,,92
201200041716,12,1,27,1020,1,2,6,8.0,3,92012,M,,,92
201200041717,12,1,27,1430,1,2,3,1.0,3,92012,M,,,92
201200041718,12,1,27,2050,5,2,6,1.0,3,92012,M,,,92
201200041719,12,1,23,1905,5,2,2,1.0,3,92012,M,,,92
201200041720,12,1,31,1430,1,2,2,1.0,3,92012,M,,,92
201200041721,12,1,31,1810,5,2,2,1.0,6,92012,M,,,92
201200041722,12,2,3,828,1,2,3,1.0,6,92012,M,,,92
201200041723,12,2,7,1450,1,2,1,1.0,2,92012,M,,,92
201200041724,12,2,9,950,1,2,2,1.0,3,92012,M,,,92
201200041725,12,2,9,1740,1,2,1,1.0,3,92012,M,,,92
201200041726,12,2,10,920,1,2,1,8.0,1,92012,M,,,92
201200041727,12,2,13,1640,1,2,1,8.0,3,92012,M,,,92
201200041728,12,2,14,1150,1,2,1,1.0,2,92012,M,,,92
201200041729,12,2,15,830,1,2,1,2.0,6,92012,M,,,92
201200041730,12,2,15,1430,1,2,1,1.0,6,92012,M,,,92
201200041731,12,2,18,120,5,2,1,2.0,1,92012,M,,,92
201200041732,12,2,18,1120,1,2,1,1.0,2,92012,M,,,92
201200041733,12,2,18,1700,1,2,1,4.0,3,92012,M,,,92
201200041734,12,2,22,1625,1,2,3,1.0,3,92012,M,,,92
201200041735,12,3,1,915,1,2,1,1.0,4,92012,M,,,92
201200041736,12,3,1,1700,1,2,2,7.0,6,92012,M,,,92
201200041737,12,3,1,2110,5,2,2,1.0,3,92012,M,,,92
201200041738,12,3,3,2030,5,2,1,1.0,6,92012,M,,,92
201200041739,12,3,5,2018,5,2,1,2.0,6,92012,M,,,92
201200041740,12,3,7,1835,5,2,1,1.0,6,92012,M,,,92
201200041741,12,3,8,2315,5,2,1,1.0,3,92012,M,,,92
201200041742,12,3,9,1930,5,2,1,1.0,3,92012,M,,,92
201200041743,12,3,14,1845,2,2,1,1.0,1,92012,M,,,92
201200041744,12,3,15,1025,1,2,1,1.0,4,92012,M,,,92
201200041745,12,3,17,1050,1,2,1,1.0,5,92012,M,,,92
201200041746,12,3,22,1000,1,2,1,1.0,3,92012,M,,,92
201200041747,12,3,25,2130,5,2,2,1.0,3,92012,M,,,92
201200041748,12,3,24,1705,1,2,1,1.0,6,92012,M,,,92
201200041749,12,3,24,1905,2,2,1,1.0,6,92012,M,,,92
201200041750,12,3,26,1345,1,2,1,1.0,3,92012,M,,,92
201200041751,12,3,30,840,1,2,1,1.0,3,92012,M,,,92
201200041752,12,3,30,1355,1,2,1,1.0,2,92012,M,,,92
201200041753,12,3,30,1740,1,2,6,1.0,3,92012,M,,,92
201200041754,12,4,1,1820,1,2,2,1.0,3,92012,M,,,92
201200041755,12,3,31,1910,1,2,2,1.0,3,92012,M,,,92
201200041756,12,4,1,1400,1,2,1,1.0,6,92012,M,,,92
201200041757,12,4,3,1950,2,2,1,1.0,6,92012,M,,,92
201200041758,12,4,6,830,1,2,2,1.0,4,92012,M,,,92
201200041759,12,4,6,1310,1,2,1,1.0,6,92012,M,,,92
201200041760,12,4,10,825,1,2,1,2.0,5,92012,M,,,92
201200041761,12,4,16,2335,5,2,2,1.0,3,92012,M,,,92
201200041762,12,4,20,2200,5,2,2,3.0,3,92012,M,,,92
201200041763,12,5,2,750,1,2,6,1.0,3,92012,M,,,92
201200041764,12,5,9,1255,1,2,2,1.0,6,92012,M,,,92
201200041765,12,5,9,1530,1,2,1,1.0,3,92012,M,,,92
201200041766,12,5,10,1205,1,2,1,1.0,6,92012,M,,,92
201200041767,12,5,11,1137,1,2,1,1.0,3,92012,M,,,92
201200041768,12,5,12,1900,1,2,5,1.0,6,92012,M,,,92
201200041769,12,5,15,720,1,2,2,1.0,3,92012,M,,,92
201200041770,12,5,15,1700,1,2,2,1.0,3,92012,M,,,92
201200041771,12,5,18,240,5,2,2,1.0,3,92012,M,,,92
201200041772,12,5,21,1800,1,2,2,3.0,3,92012,M,,,92
201200041773,12,5,23,815,1,2,1,1.0,6,92012,M,,,92
201200041774,12,5,23,2050,1,2,2,1.0,6,92012,M,,,92
201200041775,12,5,22,1105,1,2,2,1.0,6,92012,M,,,92
201200041776,12,5,25,1200,1,2,1,1.0,3,92012,M,,,92
201200041777,12,5,30,900,1,2,6,1.0,3,92012,M,,,92
201200041778,12,5,30,1230,1,2,1,1.0,6,92012,M,,,92
201200041779,12,6,3,1550,1,2,1,1.0,6,92012,M,,,92
201200041780,12,6,5,1650,1,2,1,1.0,1,92012,M,,,92
201200041781,12,6,5,1720,1,2,1,1.0,6,92012,M,,,92
201200041782,12,6,6,1735,1,2,2,1.0,3,92012,M,,,92
201200041783,12,6,6,845,1,2,1,1.0,3,92012,M,,,92
201200041784,12,6,7,1210,1,2,1,1.0,6,92012,M,,,92
201200041785,12,6,9,1615,1,2,2,1.0,3,92012,M,,,92
201200041786,12,6,10,850,1,2,2,1.0,6,92012,M,,,92
201200041787,12,6,15,1645,1,2,3,1.0,3,92012,M,,,92
201200041788,12,6,15,950,1,2,2,1.0,3,92012,M,,,92
201200041789,12,6,15,2130,2,2,1,2.0,3,92012,M,,,92
201200041790,12,6,16,1940,1,2,1,1.0,2,92012,M,,,92
201200041791,12,6,20,1815,1,2,2,1.0,3,92012,M,,,92
201200041792,12,6,20,5,5,2,2,3.0,3,92012,M,,,92
201200041793,12,6,22,125,5,2,1,1.0,6,92012,M,,,92
201200041794,12,6,23,1543,1,2,2,1.0,6,92012,M,,,92
201200041795,12,6,26,1715,1,2,1,1.0,6,92012,M,,,92
201200041796,12,6,29,1135,1,2,1,1.0,4,92012,M,,,92
201200041797,12,6,30,232,5,2,1,1.0,7,92012,M,,,92
201200041798,12,7,1,1230,1,2,1,1.0,2,92012,M,,,92
201200041799,12,7,1,2030,1,2,1,1.0,2,92012,M,,,92
201200041800,12,7,4,2025,1,2,1,1.0,6,92012,M,,,92
201200041801,12,7,6,1630,1,2,1,2.0,6,92012,M,,,92
201200041802,12,7,9,905,1,2,1,1.0,4,92012,M,,,92
201200041803,12,7,9,1110,1,2,1,1.0,6,92012,M,,,92
201200041804,12,7,11,1340,1,2,1,1.0,6,92012,M,,,92
201200041805,12,7,6,1605,1,2,1,1.0,2,92012,M,,,92
201200041806,12,7,22,630,1,2,6,1.0,6,92012,M,,,92
201200041807,12,7,23,1455,1,2,1,1.0,3,92012,M,,,92
201200041808,12,7,25,855,1,2,1,1.0,3,92012,M,,,92
201200041809,12,7,31,1830,1,2,1,1.0,5,92012,M,,,92
201200041810,12,7,31,1910,1,2,1,1.0,2,92012,M,,,92
201200041811,12,7,31,1855,1,2,2,1.0,3,92012,M,,,92
201200041812,12,8,2,1105,1,2,1,1.0,6,92012,M,,,92
201200041813,12,8,7,1950,1,2,2,1.0,3,92012,M,,,92
201200041814,12,8,20,1355,1,2,1,1.0,3,92012,M,,,92
201200041815,12,8,21,800,1,2,2,1.0,3,92012,M,,,92
201200041816,12,8,27,1500,1,2,2,1.0,3,92012,M,,,92
201200041817,12,8,27,1938,1,2,2,1.0,3,92012,M,,,92
201200041818,12,8,30,1315,1,1,1,1.0,2,92012,M,,,92
201200041819,12,8,31,150,5,2,2,1.0,3,92012,M,,,92
201200041820,12,9,7,1755,1,2,1,1.0,3,92012,M,,,92
201200041821,12,9,8,1430,1,2,2,1.0,3,92012,M,,,92
201200041822,12,9,8,1430,1,2,1,1.0,3,92012,M,,,92
201200041823,12,9,10,1550,1,2,1,1.0,3,92012,M,,,92
201200041824,12,9,10,1507,1,2,1,1.0,6,92012,M,,,92
201200041825,12,9,11,1605,1,2,1,2.0,3,92012,M,,,92
201200041826,12,9,12,1930,2,2,1,1.0,6,92012,M,,,92
201200041827,12,9,14,2315,5,2,1,1.0,6,92012,M,,,92
201200041828,12,9,15,1535,1,2,1,1.0,6,92012,M,,,92
201200041829,12,9,21,1915,2,2,1,2.0,6,92012,M,,,92
201200041830,12,9,21,1935,5,2,1,2.0,3,92012,M,,,92
201200041831,12,9,25,910,2,2,1,1.0,7,92012,M,,,92
201200041832,12,9,26,1155,1,2,2,1.0,3,92012,M,,,92
201200041833,12,9,26,1951,2,2,1,2.0,3,92012,M,,,92
201200041834,12,9,27,1120,1,2,1,2.0,3,92012,M,,,92
201200041835,12,9,27,2130,5,2,2,1.0,3,92012,M,,,92
201200041836,12,9,28,1725,1,2,1,1.0,6,92012,M,,,92
201200041837,12,9,29,1800,1,2,1,1.0,6,92012,M,,,92
201200041838,12,10,1,1035,1,2,3,1.0,3,92012,M,,,92
201200041839,12,10,3,1215,1,2,1,1.0,3,92012,M,,,92
201200041840,12,10,4,924,1,2,1,2.0,7,92012,M,,,92
201200041841,12,10,8,1835,2,2,1,2.0,2,92012,M,,,92
201200041842,12,10,9,630,5,2,1,2.0,7,92012,M,,,92
201200041843,12,10,9,930,1,2,1,1.0,6,92012,M,,,92
201200041844,12,10,11,1400,1,2,1,1.0,6,92012,M,,,92
201200041845,12,10,13,1330,1,2,2,3.0,7,92012,M,,,92
201200041846,12,10,13,1530,1,2,1,2.0,6,92012,M,,,92
201200041847,12,10,16,2056,5,2,1,1.0,2,92012,M,,,92
201200041848,12,10,17,1710,1,2,1,2.0,4,92012,M,,,92
201200041849,12,10,21,1915,5,2,1,1.0,2,92012,M,,,92
201200041850,12,10,23,1456,1,2,1,1.0,5,92012,M,,,92
201200041851,12,10,24,1616,1,2,1,1.0,6,92012,M,,,92
201200041852,12,10,24,1815,1,2,2,1.0,3,92012,M,,,92
201200041853,12,10,25,2150,5,2,1,1.0,6,92012,M,,,92
201200041854,12,10,26,1435,1,2,1,1.0,3,92012,M,,,92
201200041855,12,10,27,1025,1,2,2,1.0,3,92012,M,,,92
201200041856,12,10,29,1015,1,2,2,1.0,2,92012,M,,,92
201200041857,12,10,29,1305,1,2,1,1.0,6,92012,M,,,92
201200041858,12,10,30,1645,2,2,1,2.0,6,92012,M,,,92
201200041859,12,10,30,30,5,2,2,1.0,3,92012,M,,,92
201200041860,12,10,31,1345,1,2,1,1.0,3,92012,M,,,92
201200041861,12,11,1,1515,1,2,1,6.0,6,92012,M,,,92
201200041862,12,11,5,1345,1,2,1,1.0,6,92012,M,,,92
201200041863,12,11,7,20,5,2,1,1.0,6,92012,M,,,92
201200041864,12,11,7,920,1,2,1,1.0,4,92012,M,,,92
201200041865,12,11,10,2135,5,2,1,2.0,6,92012,M,,,92
201200041866,12,11,13,700,2,2,2,1.0,3,92012,M,,,92
201200041867,12,11,13,920,1,2,1,1.0,7,92012,M,,,92
201200041868,12,11,13,920,1,2,1,1.0,3,92012,M,,,92
201200041869,12,11,15,855,1,2,1,1.0,6,92012,M,,,92
201200041870,12,11,17,1620,1,2,1,1.0,3,92012,M,,,92
201200041871,12,11,16,1230,1,2,1,1.0,3,92012,M,,,92
201200041872,12,11,20,1950,5,2,1,1.0,6,92012,M,,,92
201200041873,12,11,22,1510,1,2,1,1.0,2,92012,M,,,92
201200041874,12,11,22,1623,1,2,1,1.0,6,92012,M,,,92
201200041875,12,11,23,2100,5,2,1,2.0,3,92012,M,,,92
201200041876,12,11,26,1110,1,2,1,1.0,7,92012,M,,,92
201200041877,12,11,26,1805,4,2,3,8.0,3,92012,M,,,92
201200041878,12,11,27,730,5,2,3,2.0,3,92012,M,,,92
201200041879,12,11,27,1030,1,2,1,2.0,7,92012,M,,,92
201200041880,12,12,2,1025,1,2,2,1.0,6,92012,M,,,92