Num_Acc,an,mois,jour,hrmn,lum,agg,int,atm,col,com,gps,lat,long,dep
201200041881,12,12,7,730,5,2,2,4.0,3,92012,M,,,92
201200041882,12,12,7,745,2,2,2,1.0,6,92012,M,,,92
201200041883,12,12,7,1930,5,2,2,2.0,3,92012,M,,,92
201200041884,12,12,8,1245,1,2,1,1.0,6,92012,M,,,92
201200041885,12,12,7,1205,1,2,1,1.0,6,92012,M,,,92
201200041886,12,12,13,1230,1,2,2,2.0,6,92012,M,,,92
201200041887,12,12,14,1640,2,2,1,1.0,6,92012,M,,,92
201200041888,12,12,15,1110,1,2,1,1.0,4,92012,M,,,92
201200041889,12,12,15,1450,1,2,1,1.0,2,92012,M,,,92
201200041890,12,12,15,1625,1,2,2,2.0,3,92012,M,,,92
201200041891,12,12,15,1415,1,2,2,1.0,3,92012,M,,,92
201200041892,12,12,18,849,1,2,1,2.0,2,92012,M,,,92
201200041893,12,12,19,1310,1,2,2,1.0,3,92012,M,,,92
201200041894,12,12,19,907,1,2,1,1.0,6,92012,M,,,92
201200041895,12,12,21,830,1,2,2,2.0,7,92012,M,,,92
201200041896,12,12,22,1225,2,2,1,8.0,6,92012,M,,,92
201200041897,12,12,24,1845,5,2,9,1.0,3,92012,M,,,92
201200041898,12,12,27,1920,5,2,2,2.0,3,92012,M,,,92
201200041899,12,1,13,735,2,2,1,8.0,6,92019,M,,,92
201200041900,12,1,18,1250,1,2,3,8.0,6,92071,M,,,92
201200041901,12,1,19,1800,5,2,1,2.0,6,92032,M,,,92
201200041902,12,1,19,1945,5,2,1,3.0,3,92032,M,,,92
201200041903,12,1,23,1815,5,2,3,2.0,3,92032,M,,,92
201200041904,12,1,26,920,1,2,3,2.0,3,92032,M,,,92
201200041905,12,2,20,1815,1,2,1,1.0,2,92019,M,,,92
201200041906,12,2,21,1435,1,2,2,1.0,3,92032,M,,,92
201200041907,12,2,21,855,1,2,2,1.0,3,92032,M,,,92
201200041908,12,2,29,710,2,2,2,1.0,1,92032,M,,,92
201200041909,12,3,2,1230,1,2,1,1.0,3,92071,M,,,92
201200041910,12,3,6,820,1,2,1,1.0,3,92032,M,,,92
201200041911,12,3,6,1200,1,2,5,1.0,3,92071,M,,,92
201200041912,12,4,11,1200,1,2,6,1.0,6,92019,M,,,92
201200041913,12,4,11,1320,1,2,1,1.0,3,92019,M,,,92
201200041914,12,4,15,2110,5,2,1,1.0,4,92071,M,,,92
201200041915,12,4,26,2030,2,2,2,1.0,6,92019,M,,,92
201200041916,12,5,21,2030,2,2,1,2.0,3,92032,M,,,92
201200041917,12,5,24,1730,1,2,1,1.0,2,92019,M,,,92
201200041918,12,6,8,1640,1,2,1,3.0,6,92071,M,,,92
201200041919,12,6,10,2015,1,2,1,3.0,7,92019,M,,,92
201200041920,12,6,11,850,1,2,1,1.0,2,92019,M,,,92
201200041921,12,6,22,825,1,2,2,1.0,3,92032,M,,,92
201200041922,12,6,25,1750,1,2,1,1.0,3,92019,M,,,92
201200041923,12,6,28,1800,1,2,1,1.0,6,92019,M,,,92
201200041924,12,6,30,1230,1,2,3,1.0,3,92019,M,,,92
201200041925,12,7,17,1445,1,2,3,1.0,3,92032,M,,,92
201200041926,12,7,23,1830,1,2,1,1.0,6,92071,M,,,92
201200041927,12,7,28,1445,1,2,1,1.0,6,92019,M,,,92
201200041928,12,8,18,1940,1,2,3,1.0,6,92032,M,,,92
201200041929,12,8,23,835,1,2,3,1.0,1,92032,M,,,92
201200041930,12,8,30,1650,1,2,1,1.0,4,92019,M,,,92
201200041931,12,9,2,2030,2,2,1,1.0,4,92019,M,,,92
201200041932,12,9,5,1230,1,2,1,1.0,6,92019,M,,,92
201200041933,12,9,24,920,1,2,1,3.0,4,92032,M,,,92
201200041934,12,9,26,2240,5,2,1,5.0,3,92032,M,,,92
201200041935,12,9,30,2150,5,2,2,1.0,3,92019,M,,,92
201200041936,12,10,1,1910,5,2,4,1.0,5,92019,M,,,92
201200041937,12,10,2,1810,1,2,1,1.0,6,92071,M,,,92
201200041938,12,10,4,1910,2,2,2,1.0,6,92032,M,,,92
201200041939,12,10,7,630,5,2,6,2.0,6,92071,M,,,92
201200041940,12,10,8,1800,1,2,2,2.0,6,92019,M,,,92
201200041941,12,11,10,900,1,2,3,2.0,3,92019,M,,,92
201200041942,12,11,12,1815,5,2,1,1.0,6,92019,M,,,92
201200041943,12,11,13,1830,5,2,1,1.0,3,92019,M,,,92
201200041944,12,11,12,900,1,2,1,1.0,2,92019,M,,,92
201200041945,12,11,22,1740,5,2,1,1.0,6,92019,M,,,92
201200041946,12,11,26,1645,2,2,2,1.0,6,92019,M,,,92
201200041947,12,11,28,2340,5,2,1,2.0,5,92019,M,,,92
201200041948,12,11,29,935,1,2,1,2.0,6,92032,M,,,92
201200041949,12,12,5,1133,1,2,1,2.0,2,92071,M,,,92
201200041950,12,12,12,2120,5,2,2,9.0,6,92032,M,,,92
201200041951,12,12,13,820,1,2,1,1.0,6,92019,M,,,92
201200041952,12,12,19,2145,5,2,2,2.0,6,92019,M,,,92
201200041953,12,12,22,1610,2,2,1,2.0,6,92071,M,,,92
201200041954,12,12,25,2115,5,2,2,1.0,6,92032,M,,,92
201200041955,12,1,3,820,1,2,2,1.0,3,92060,M,,,92
201200041956,12,1,6,1215,1,2,1,1.0,6,92023,M,,,92
201200041957,12,1,6,1605,5,2,1,1.0,2,92060,M,,,92
201200041958,12,1,6,1940,5,2,3,1.0,3,92023,M,,,92
201200041959,12,1,19,955,1,2,2,1.0,6,92060,M,,,92
201200041960,12,1,24,1800,5,2,1,3.0,6,92023,M,,,92
201200041961,12,1,25,1050,1,2,1,2.0,2,92023,M,,,92
201200041962,12,1,25,1400,1,2,2,1.0,6,92023,M,,,92
201200041963,12,1,28,1215,1,2,3,1.0,6,92023,M,,,92
201200041964,12,2,2,2200,5,2,3,1.0,3,92023,M,,,92
201200041965,12,2,16,940,1,2,4,1.0,3,92023,M,,,92
201200041966,12,2,17,1545,1,2,3,1.0,2,92023,M,,,92
201200041967,12,2,18,1910,5,2,3,2.0,3,92023,M,,,92
201200041968,12,2,19,1225,1,2,3,1.0,6,92023,M,4881127.0,227228.0,92
201200041969,12,2,21,630,2,2,1,1.0,6,92023,M,,,92
201200041970,12,2,20,1025,1,2,9,1.0,6,92023,M,,,92
201200041971,12,2,21,1030,1,2,1,1.0,2,92060,M,,,92
201200041972,12,2,29,830,1,2,6,1.0,3,92060,M,,,92
201200041973,12,3,14,1125,1,2,1,1.0,6,92060,M,,,92
201200041974,12,3,15,855,1,2,1,1.0,6,92023,M,,,92
201200041975,12,3,16,1730,1,2,2,1.0,6,92023,M,,,92
201200041976,12,3,23,1035,1,2,1,1.0,6,92023,M,,,92
201200041977,12,3,24,1930,5,2,1,1.0,3,92023,M,,,92
201200041978,12,3,27,840,1,2,3,1.0,3,92060,M,,,92
201200041979,12,3,31,1445,1,2,6,1.0,6,92023,M,,,92
201200041980,12,4,2,835,1,2,2,1.0,3,92060,M,,,92
201200041981,12,4,2,2140,5,2,1,1.0,1,92023,M,,,92
201200041982,12,4,4,1630,1,2,3,1.0,4,92023,M,,,92
201200041983,12,4,10,835,1,2,3,1.0,3,92023,M,,,92
201200041984,12,4,13,1130,1,2,2,1.0,3,92023,M,,,92
201200041985,12,4,13,1440,1,2,1,1.0,2,92023,M,,,92
201200041986,12,4,16,1810,1,2,3,1.0,6,92023,M,,,92
201200041987,12,4,18,1255,1,2,3,1.0,3,92023,M,,,92
201200041988,12,4,19,1610,1,2,1,1.0,6,92023,M,,,92
201200041989,12,5,2,1350,1,2,6,2.0,2,92023,M,,,92
201200041990,12,4,30,2300,5,2,1,8.0,3,92060,M,,,92
201200041991,12,5,5,1315,1,2,1,1.0,6,92060,M,,,92
201200041992,12,5,13,700,1,2,1,1.0,6,92023,M,,,92
201200041993,12,5,12,325,5,2,1,1.0,6,92060,M,,,92
201200041994,12,5,14,1650,1,2,3,1.0,6,92023,M,,,92
201200041995,12,5,15,1635,1,2,3,2.0,3,92023,M,,,92
201200041996,12,5,16,1840,1,2,1,1.0,6,92060,M,,,92
201200041997,12,5,24,1030,1,2,5,1.0,6,92023,M,,,92
201200041998,12,5,29,955,1,2,3,1.0,3,92023,M,,,92
201200041999,12,6,7,835,1,2,1,1.0,3,92060,M,,,92
201200042000,12,6,9,1440,1,2,1,1.0,2,92023,M,,,92
201200042001,12,6,9,1125,1,2,3,1.0,6,92023,M,,,92
201200042002,12,6,14,1915,1,2,1,1.0,6,92023,M,,,92
201200042003,12,5,26,1550,1,2,3,1.0,3,92060,M,,,92
201200042004,12,6,17,2030,1,2,3,1.0,4,92023,M,,,92
201200042005,12,6,20,2010,1,2,4,1.0,3,92060,M,,,92
201200042006,12,6,22,1145,1,2,1,1.0,6,92023,M,,,92
201200042007,12,6,23,2045,1,2,1,1.0,3,92023,M,,,92
201200042008,12,6,25,1910,1,2,1,1.0,5,92023,M,,,92
201200042009,12,6,30,1715,1,2,1,1.0,6,92060,M,,,92
201200042010,12,6,28,855,1,2,1,1.0,3,92023,M,,,92
201200042011,12,7,5,1410,1,2,1,1.0,5,92023,M,,,92
201200042012,12,7,20,1840,1,2,1,1.0,3,92023,M,,,92
201200042013,12,7,23,1345,1,2,1,1.0,2,92023,M,,,92
201200042014,12,7,26,1240,1,2,7,1.0,3,92060,M,,,92
201200042015,12,7,25,1555,1,2,2,1.0,3,92023,M,,,92
201200042016,12,8,3,1910,1,2,1,1.0,6,92060,M,,,92
201200042017,12,8,6,1300,1,2,2,1.0,3,92060,M,,,92
201200042018,12,8,26,320,5,2,7,1.0,3,92060,M,,,92
201200042019,12,8,28,1635,1,2,1,1.0,1,92023,M,,,92
201200042020,12,8,29,1700,1,2,1,1.0,6,92023,M,,,92
201200042021,12,9,1,1600,1,2,1,1.0,6,92023,M,,,92
201200042022,12,8,31,2030,1,2,2,1.0,3,92023,M,,,92
201200042023,12,9,4,1845,1,2,1,1.0,6,92023,M,,,92
201200042024,12,9,8,1050,1,2,2,1.0,3,92023,M,,,92
201200042025,12,9,10,1450,1,2,2,1.0,3,92060,M,,,92
201200042026,12,9,11,1730,1,2,1,1.0,1,92023,M,,,92
201200042027,12,9,11,1400,1,2,1,3.0,2,92060,M,,,92
201200042028,12,9,11,930,1,2,1,1.0,6,92060,M,,,92
201200042029,12,9,18,1730,1,2,1,1.0,6,92060,M,,,92
201200042030,12,9,18,950,1,2,1,2.0,6,92023,M,,,92
201200042031,12,9,23,1245,1,2,2,1.0,3,92060,M,,,92
201200042032,12,9,22,640,5,2,2,1.0,3,92023,M,,,92
201200042033,12,9,30,1535,1,2,3,1.0,6,92023,M,,,92
201200042034,12,9,28,1330,1,2,3,1.0,2,92060,M,,,92
201200042035,12,9,30,1735,1,2,1,1.0,6,92060,M,,,92
201200042036,12,10,4,805,2,2,2,3.0,7,92023,M,,,92
201200042037,12,10,4,2230,5,2,2,1.0,3,92060,M,,,92
201200042038,12,10,5,1600,1,2,1,1.0,7,92023,M,,,92
201200042039,12,10,5,1625,1,2,2,1.0,6,92023,M,,,92
201200042040,12,10,9,1445,1,2,1,1.0,2,92023,M,,,92
201200042041,12,10,11,1755,1,2,2,1.0,7,92060,M,,,92
201200042042,12,10,12,1640,1,2,1,1.0,3,92023,M,,,92
201200042043,12,10,12,2315,5,2,2,1.0,3,92023,M,,,92
201200042044,12,10,15,830,1,2,1,1.0,3,92023,M,,,92
201200042045,12,10,17,1135,1,2,1,2.0,7,92023,M,,,92
201200042046,12,10,21,305,5,2,1,2.0,6,92023,M,,,92
201200042047,12,10,19,1210,1,2,6,6.0,3,92023,M,,,92
201200042048,12,10,19,2045,5,2,2,2.0,3,92060,M,,,92
201200042049,12,10,19,2055,5,2,1,1.0,6,92023,M,,,92
201200042050,12,10,20,1700,1,2,1,2.0,6,92023,M,,,92
201200042051,12,10,20,1800,2,2,1,2.0,7,92023,M,,,92
201200042052,12,10,25,745,2,2,1,1.0,6,92023,M,,,92
201200042053,12,10,28,1945,5,2,2,1.0,3,92023,M,,,92
201200042054,12,10,29,1435,1,2,1,1.0,6,92023,M,,,92
201200042055,12,10,31,945,1,2,1,1.0,6,92023,M,,,92
201200042056,12,11,1,2105,5,2,3,2.0,7,92060,M,,,92
201200042057,12,11,3,1655,1,2,1,1.0,4,92023,M,,,92
201200042058,12,11,2,1850,5,2,1,2.0,7,92023,M,,,92
201200042059,12,11,10,100,5,2,1,2.0,7,92023,M,,,92
201200042060,12,11,10,2035,5,2,2,2.0,3,92060,M,,,92
201200042061,12,11,18,1050,1,2,3,3.0,3,92023,M,,,92
201200042062,12,11,23,800,2,2,1,1.0,3,92023,M,,,92
201200042063,12,11,25,1549,1,2,1,1.0,7,92023,M,,,92
201200042064,12,11,27,900,1,2,1,1.0,6,92023,M,,,92
201200042065,12,11,28,700,5,2,1,1.0,6,92060,M,,,92
201200042066,12,11,28,930,1,2,1,1.0,6,92023,M,,,92
201200042067,12,11,28,1800,5,2,1,1.0,3,92023,M,,,92
201200042068,12,11,30,1135,1,2,1,1.0,3,92023,M,,,92
201200042069,12,11,30,1810,2,2,9,1.0,6,92060,M,,,92
201200042070,12,12,3,900,1,2,1,2.0,3,92060,M,,,92
201200042071,12,12,4,705,2,2,2,2.0,3,92060,M,,,92
201200042072,12,12,15,2250,5,2,1,1.0,7,92023,M,,,92
201200042073,12,12,17,2115,5,2,1,1.0,6,92060,M,,,92
201200042074,12,12,18,810,2,2,3,2.0,6,92060,M,,,92
201200042075,12,12,18,1325,1,2,2,2.0,6,92023,M,,,92
201200042076,12,12,24,1335,1,2,1,1.0,6,92023,M,,,92
201200042077,12,1,3,1315,1,2,2,1.0,6,92024,M,,,92
201200042078,12,1,5,1255,1,2,2,8.0,6,92024,M,,,92
201200042079,12,1,6,1855,5,2,3,1.0,6,92024,M,,,92
201200042080,12,1,6,2105,5,2,2,1.0,3,92024,M,,,92
201200042081,12,1,7,1510,1,2,4,1.0,2,92024,M,,,92
201200042082,12,1,9,2205,5,2,2,1.0,6,92024,M,,,92
201200042083,12,1,17,905,1,2,2,1.0,6,92024,M,,,92
201200042084,12,1,18,1950,5,2,2,2.0,3,92024,M,,,92
201200042085,12,1,19,855,1,2,4,2.0,3,92024,M,,,92
201200042086,12,1,19,1655,1,2,1,2.0,6,92024,M,,,92
201200042087,12,1,20,1100,1,2,2,1.0,6,92024,M,,,92
201200042088,12,1,25,1915,5,2,3,2.0,3,92024,M,,,92
201200042089,12,1,29,110,5,2,2,1.0,6,92024,M,,,92
201200042090,12,1,29,150,5,2,3,1.0,6,92024,M,,,92
201200042091,12,12,31,1626,1,1,1,1.0,6,92024,M,,,92
201200042092,12,2,18,1205,1,2,1,1.0,3,92024,M,,,92
201200042093,12,2,27,920,1,2,1,8.0,3,92024,M,,,92
201200042094,12,2,15,1550,1,2,1,1.0,6,92024,M,,,92
201200042095,12,3,6,1005,1,2,1,2.0,2,92024,M,,,92
201200042096,12,3,10,1320,1,2,2,1.0,6,92024,M,,,92
201200042097,12,3,13,1925,2,2,3,1.0,3,92024,M,,,92
201200042098,12,3,15,1330,1,2,1,1.0,4,92024,M,,,92
201200042099,12,3,26,1620,1,2,1,1.0,3,92024,M,,,92
201200042100,12,3,23,1640,1,2,2,1.0,3,92024,M,,,92
201200042101,12,3,29,1156,1,2,1,1.0,6,92024,M,,,92
201200042102,12,4,3,1355,1,2,5,1.0,3,92024,M,,,92
201200042103,12,4,12,900,1,2,1,1.0,6,92024,M,,,92
201200042104,12,4,13,1115,1,2,1,1.0,2,92024,M,,,92
201200042105,12,4,13,1525,1,2,1,1.0,6,92024,M,,,92
201200042106,12,4,13,2035,2,2,1,1.0,6,92024,M,,,92
201200042107,12,4,17,835,1,2,3,1.0,3,92024,M,,,92
201200042108,12,4,17,1825,1,2,1,1.0,3,92024,M,,,92
201200042109,12,4,30,1625,1,2,1,1.0,6,92024,M,,,92
201200042110,12,5,3,2015,1,2,1,1.0,6,92024,M,,,92
201200042111,12,5,11,820,1,2,1,1.0,6,92024,M,,,92
201200042112,12,5,22,1120,1,2,2,1.0,6,92024,M,,,92
201200042113,12,5,21,1940,1,2,2,1.0,6,92024,M,,,92
201200042114,12,5,17,1155,1,2,1,1.0,6,92024,M,,,92
201200042115,12,5,23,1705,1,2,1,1.0,2,92024,M,,,92
201200042116,12,5,31,2300,5,2,1,1.0,6,92024,M,,,92
201200042117,12,6,3,405,5,2,3,2.0,3,92024,M,,,92
201200042118,12,6,5,2030,1,2,2,2.0,6,92024,M,,,92
201200042119,12,6,8,825,1,2,1,1.0,3,92024,M,,,92
201200042120,12,6,12,845,1,2,1,8.0,6,92024,M,,,92
201200042121,12,6,12,1700,1,2,6,1.0,6,92024,M,,,92
201200042122,12,6,13,1540,1,2,1,1.0,4,92024,M,,,92
201200042123,12,6,20,1825,1,2,1,1.0,6,92024,M,,,92
201200042124,12,6,21,2025,1,2,1,1.0,6,92024,M,,,92
201200042125,12,6,22,1830,1,2,2,1.0,3,92024,M,,,92
201200042126,12,7,9,1500,1,2,1,1.0,3,92024,M,,,92
201200042127,12,7,10,5,5,2,6,9.0,1,92024,M,,,92
201200042128,12,7,12,1845,1,2,1,2.0,6,92024,M,,,92
201200042129,12,7,16,1955,1,2,1,1.0,2,92024,M,,,92
201200042130,12,7,17,2025,1,2,1,1.0,6,92024,M,,,92
201200042131,12,7,20,1520,1,2,1,1.0,6,92024,M,,,92
201200042132,12,7,21,1940,1,2,2,1.0,6,92024,M,,,92
201200042133,12,7,22,2035,1,2,3,1.0,3,92024,M,,,92
201200042134,12,7,30,1500,1,2,1,1.0,2,92024,M,,,92
201200042135,12,8,6,340,5,2,6,1.0,4,92024,M,,,92
201200042136,12,8,3,1535,1,2,1,1.0,2,92024,M,,,92
201200042137,12,8,6,1550,1,2,2,1.0,6,92024,M,,,92
201200042138,12,8,24,2010,1,2,6,1.0,3,92024,M,,,92
201200042139,12,8,29,1500,1,2,3,1.0,3,92024,M,,,92
201200042140,12,8,31,2030,2,2,1,1.0,4,92024,M,,,92
201200042141,12,9,7,1000,1,2,1,1.0,2,92024,M,,,92
201200042142,12,9,7,1800,2,2,1,1.0,2,92024,M,,,92
201200042143,12,9,12,810,1,2,2,2.0,1,92024,M,,,92
201200042144,12,9,13,1045,1,2,1,1.0,3,92024,M,,,92
201200042145,12,9,16,950,1,2,1,1.0,3,92024,M,,,92
201200042146,12,9,18,900,1,2,1,1.0,2,92024,M,,,92
201200042147,12,9,19,1630,1,2,2,1.0,3,92024,M,,,92
201200042148,12,9,21,1650,1,2,3,2.0,3,92024,M,,,92
201200042149,12,9,27,1015,1,2,1,1.0,6,92024,M,,,92
201200042150,12,9,28,1030,1,2,4,1.0,3,92024,M,,,92
201200042151,12,9,28,1935,2,2,2,1.0,3,92024,M,,,92
201200042152,12,10,11,2155,5,2,3,2.0,6,92024,M,,,92
201200042153,12,10,14,1930,5,2,1,1.0,7,92024,M,,,92
201200042154,12,10,12,1905,5,2,1,2.0,6,92024,M,,,92
201200042155,12,10,16,1850,5,2,3,9.0,6,92024,M,,,92
201200042156,12,10,20,1905,5,2,1,2.0,3,92024,M,,,92
201200042157,12,10,24,1100,1,2,1,9.0,6,92024,M,,,92
201200042158,12,10,26,1650,1,2,1,1.0,7,92024,M,,,92
201200042159,12,11,2,1700,1,2,1,2.0,6,92024,M,,,92
201200042160,12,11,4,1530,1,2,1,1.0,2,92024,M,,,92
201200042161,12,11,13,1410,1,2,1,1.0,2,92024,M,,,92
201200042162,12,11,15,30,5,2,1,1.0,2,92024,M,,,92
201200042163,12,11,15,1950,5,2,5,1.0,4,92024,M,,,92
201200042164,12,11,21,1723,3,2,2,1.0,6,92024,M,,,92
201200042165,12,11,23,640,5,2,3,1.0,3,92024,M,,,92
201200042166,12,11,23,1225,1,2,3,2.0,6,92024,M,,,92
201200042167,12,11,23,2125,5,2,1,2.0,3,92024,M,,,92
201200042168,12,11,26,944,1,2,1,1.0,6,92024,M,,,92
201200042169,12,12,4,1025,1,2,2,1.0,3,92024,M,,,92
201200042170,12,12,6,940,1,2,3,1.0,3,92024,M,,,92
201200042171,12,12,7,2100,5,2,4,1.0,6,92024,M,,,92
201200042172,12,12,8,1450,1,2,1,1.0,2,92024,M,,,92
201200042173,12,12,14,2220,5,2,2,1.0,3,92024,M,,,92
201200042174,12,12,5,1020,1,2,2,1.0,2,92024,M,,,92
201200042175,12,11,4,2030,5,2,1,9.0,6,92024,M,,,92
201200042176,12,12,19,1840,5,2,1,1.0,2,92024,M,,,92
201200042177,12,12,19,2035,5,2,1,2.0,3,92024,M,,,92
201200042178,12,12,17,910,1,2,1,1.0,6,92024,M,,,92
201200042179,12,12,18,1000,5,2,1,1.0,3,92024,M,,,92
201200042180,12,12,22,1350,1,2,1,2.0,2,92024,M,,,92
201200042181,12,12,21,1745,5,2,1,2.0,6,92024,M,,,92
201200042182,12,12,24,1310,1,2,1,1.0,2,92024,M,,,92
201200042183,12,1,3,1545,1,2,1,2.0,6,92025,M,,,92
201200042184,12,1,5,1730,1,2,1,1.0,6,92025,M,,,92
201200042185,12,1,9,940,1,2,1,2.0,2,92025,M,,,92
201200042186,12,1,10,1005,1,2,1,1.0,6,92025,M,,,92
201200042187,12,1,14,1640,1,2,1,1.0,6,92025,M,,,92
201200042188,12,1,10,850,1,2,1,1.0,3,92025,M,,,92
201200042189,12,1,24,2100,5,2,3,2.0,3,92025,M,,,92
201200042190,12,1,28,1130,1,2,3,1.0,2,92025,M,,,92
201200042191,12,1,31,1635,1,2,1,1.0,2,92025,M,,,92
201200042192,12,2,3,1010,1,2,1,1.0,6,92025,M,,,92
201200042193,12,2,7,1900,1,2,1,1.0,3,92025,M,,,92
201200042194,12,2,14,1355,1,2,1,1.0,6,92025,M,,,92
201200042195,12,3,8,1150,1,2,1,1.0,4,92025,M,,,92
201200042196,12,3,25,1505,1,2,1,1.0,3,92025,M,,,92
201200042197,12,4,5,1840,1,2,8,1.0,6,92025,M,,,92
201200042198,12,4,11,1145,1,2,1,1.0,3,92025,M,,,92
201200042199,12,4,12,850,1,2,1,1.0,3,92025,M,,,92
201200042200,12,4,20,1600,1,2,1,1.0,2,92025,M,,,92
201200042201,12,5,4,1225,1,2,1,1.0,3,92025,M,,,92
201200042202,12,5,11,1000,1,2,1,2.0,6,92025,M,,,92
201200042203,12,5,12,1845,1,2,1,1.0,6,92025,M,,,92
201200042204,12,5,14,1630,1,2,1,1.0,6,92025,M,,,92
201200042205,12,5,26,1030,1,2,1,1.0,6,92025,M,,,92
201200042206,12,6,15,1930,1,2,1,1.0,6,92025,M,,,92
201200042207,12,6,21,2220,2,2,1,1.0,2,92025,M,,,92
201200042208,12,7,2,1315,1,2,2,1.0,3,92025,M,,,92
201200042209,12,7,3,850,1,2,1,1.0,3,92025,M,,,92
201200042210,12,7,26,2030,1,2,3,1.0,6,92025,M,,,92
201200042211,12,7,28,1510,1,2,2,1.0,3,92025,M,,,92
201200042212,12,8,7,700,1,2,1,1.0,6,92025,M,,,92
201200042213,12,8,7,2005,1,2,1,1.0,1,92025,M,,,92
201200042214,12,8,24,1400,1,2,1,1.0,6,92025,M,,,92
201200042215,12,8,30,930,1,2,3,1.0,3,92025,M,,,92
201200042216,12,9,6,1050,1,2,1,1.0,3,92025,M,,,92
201200042217,12,9,7,1330,1,2,1,1.0,6,92025,M,,,92
201200042218,12,9,11,1300,1,2,1,2.0,6,92025,M,,,92
201200042219,12,9,26,2110,4,2,1,2.0,2,92025,M,,,92
201200042220,12,9,26,1550,1,2,2,2.0,3,92025,M,,,92
201200042221,12,10,7,1855,1,2,1,1.0,3,92025,M,,,92
201200042222,12,10,10,1730,1,2,1,1.0,3,92025,M,,,92
201200042223,12,10,11,2040,5,2,1,1.0,6,92025,M,,,92
201200042224,12,9,18,1145,1,2,1,1.0,3,92025,M,,,92
201200042225,12,11,3,2330,5,2,3,1.0,3,92025,M,,,92
201200042226,12,11,7,1950,5,2,1,1.0,7,92025,M,,,92
201200042227,12,11,23,1630,1,2,1,3.0,1,92025,M,,,92
201200042228,12,12,1,1130,1,2,1,1.0,2,92025,M,,,92
201200042229,12,12,7,1717,1,2,1,1.0,3,92025,M,,,92
201200042230,12,12,6,900,1,2,1,1.0,6,92025,M,,,92
201200042231,12,2,7,1230,1,2,3,1.0,5,92025,M,,,92
201200042232,12,1,31,550,5,2,3,2.0,6,92025,M,,,92
201200042233,12,5,12,2030,1,2,1,1.0,3,92025,M,,,92
201200042234,12,5,14,2225,2,2,2,1.0,3,92025,M,,,92
201200042235,12,5,29,2055,2,2,1,1.0,3,92025,M,,,92
201200042236,12,5,30,1525,1,2,1,1.0,6,92025,M,,,92
201200042237,12,6,20,1610,1,2,1,1.0,6,92025,M,,,92
201200042238,12,1,3,1810,5,2,3,3.0,7,92026,M,,,92
201200042239,12,1,8,1505,1,2,1,1.0,6,92026,M,,,92
201200042240,12,1,8,1515,1,2,2,1.0,6,92026,M,,,92
201200042241,12,12,29,1105,1,2,3,1.0,3,92026,M,,,92
201200042242,12,12,20,910,1,2,1,2.0,7,92026,M,,,92
201200042243,12,12,19,2022,5,2,1,2.0,6,92026,M,,,92
201200042244,12,12,27,1750,5,2,1,6.0,7,92026,M,,,92
201200042245,12,1,16,1910,5,2,1,1.0,2,92026,M,,,92
201200042246,12,1,27,825,1,2,3,1.0,6,92026,M,,,92
201200042247,12,1,30,830,1,2,1,1.0,6,92026,M,,,92
201200042248,12,2,11,2130,5,2,4,1.0,1,92026,M,,,92
201200042249,12,2,15,1650,1,2,2,1.0,6,92026,M,,,92
201200042250,12,2,19,2050,5,2,3,1.0,3,92026,M,,,92
201200042251,12,2,20,1600,1,2,3,1.0,3,92026,M,,,92
201200042252,12,2,28,1750,1,2,1,1.0,1,92026,M,,,92
201200042253,12,3,14,2050,5,2,3,1.0,3,92026,M,,,92
201200042254,12,3,20,805,1,2,9,1.0,3,92026,M,,,92
201200042255,12,3,19,1055,1,2,1,1.0,4,92026,M,,,92
201200042256,12,3,21,1020,1,2,3,1.0,2,92026,M,,,92
201200042257,12,3,22,1610,1,2,1,1.0,3,92026,M,,,92
201200042258,12,3,25,115,5,2,3,1.0,3,92026,M,,,92
201200042259,12,3,28,830,1,2,1,1.0,7,92026,M,,,92
201200042260,12,4,1,1850,1,2,1,1.0,2,92026,M,,,92
201200042261,12,4,4,10,5,2,1,1.0,6,92026,M,,,92
201200042262,12,4,5,1820,1,2,1,1.0,2,92026,M,,,92
201200042263,12,4,6,1220,1,2,1,1.0,2,92026,M,,,92
201200042264,12,4,5,1305,1,2,2,1.0,7,92026,M,,,92
201200042265,12,4,12,735,1,2,3,1.0,3,92026,M,,,92
201200042266,12,4,12,1515,1,2,3,1.0,3,92026,M,,,92
201200042267,12,4,13,1245,1,2,2,1.0,3,92026,M,,,92
201200042268,12,4,26,740,1,2,3,1.0,6,92026,M,,,92
201200042269,12,4,26,1940,2,2,2,1.0,3,92026,M,,,92
201200042270,12,4,27,1215,1,2,3,1.0,6,92026,M,,,92
201200042271,12,4,27,1345,1,2,9,1.0,3,92026,M,,,92
201200042272,12,5,8,2230,5,2,1,1.0,7,92026,M,,,92
201200042273,12,5,12,1650,1,2,3,1.0,6,92026,M,,,92
201200042274,12,5,14,1450,1,2,1,1.0,6,92026,M,,,92
201200042275,12,5,15,1710,1,2,1,1.0,3,92026,M,,,92
201200042276,12,5,21,1110,1,2,9,3.0,2,92026,M,,,92
201200042277,12,5,23,930,1,2,1,1.0,3,92026,M,,,92
201200042278,12,5,23,1710,1,2,1,1.0,6,92026,M,,,92
201200042279,12,5,24,1503,1,2,2,1.0,3,92026,M,,,92
201200042280,12,5,26,1725,1,2,1,1.0,6,92026,M,,,92
201200042281,12,5,26,2040,1,2,3,1.0,4,92026,M,,,92
201200042282,12,6,4,1930,1,2,1,1.0,6,92026,M,,,92
201200042283,12,6,7,1940,1,2,1,1.0,2,92026,M,,,92
201200042284,12,6,14,920,1,2,1,1.0,3,92026,M,,,92
201200042285,12,6,17,1445,1,2,2,1.0,3,92026,M,,,92