Num_Acc,an,mois,jour,hrmn,lum,agg,int,atm,col,com,gps,lat,long,dep
201200042286,12,6,15,1910,1,2,1,8.0,2,92026,M,,,92
201200042287,12,6,20,1410,1,2,1,1.0,3,92026,M,,,92
201200042288,12,6,20,1900,1,2,9,1.0,6,92026,M,,,92
201200042289,12,6,21,1350,1,2,3,1.0,3,92026,M,,,92
201200042290,12,6,22,1825,1,2,1,1.0,4,92026,M,,,92
201200042291,12,6,24,1440,1,2,3,8.0,7,92026,M,,,92
201200042292,12,7,3,2115,2,2,2,1.0,3,92026,M,,,92
201200042293,12,7,5,1510,1,2,1,1.0,6,92026,M,,,92
201200042294,12,7,9,1725,1,2,1,1.0,7,92026,M,,,92
201200042295,12,7,9,2000,2,2,1,1.0,2,92026,M,,,92
201200042296,12,7,17,1425,1,2,1,1.0,3,92026,M,,,92
201200042297,12,7,29,1505,1,2,1,1.0,2,92026,M,,,92
201200042298,12,7,31,840,1,2,9,1.0,7,92026,M,,,92
201200042299,12,8,1,1625,1,2,1,1.0,3,92026,M,,,92
201200042300,12,8,1,1510,1,2,3,1.0,3,92026,M,,,92
201200042301,12,8,3,2135,2,2,3,1.0,6,92026,M,,,92
201200042302,12,8,17,1,5,2,3,1.0,7,92026,M,,,92
201200042303,12,8,30,640,2,2,4,1.0,5,92026,M,,,92
201200042304,12,9,5,1915,1,2,3,1.0,5,92026,M,,,92
201200042305,12,9,6,1015,1,2,1,1.0,6,92026,M,,,92
201200042306,12,9,10,1800,1,2,1,1.0,2,92026,M,,,92
201200042307,12,9,12,1000,1,2,3,1.0,7,92026,M,,,92
201200042308,12,9,17,850,1,2,1,1.0,7,92026,M,,,92
201200042309,12,9,14,750,1,2,6,1.0,3,92026,M,,,92
201200042310,12,9,19,1228,1,2,3,1.0,6,92026,M,,,92
201200042311,12,9,25,750,2,2,3,2.0,7,92026,M,,,92
201200042312,12,9,26,1730,1,2,4,2.0,7,92026,M,,,92
201200042313,12,9,26,1945,5,2,3,1.0,2,92026,M,,,92
201200042314,12,9,23,1300,1,2,1,1.0,2,92026,M,,,92
201200042315,12,9,27,1645,1,2,1,1.0,3,92026,M,,,92
201200042316,12,9,28,1210,1,2,3,1.0,3,92026,M,,,92
201200042317,12,9,29,2025,2,2,2,1.0,6,92026,M,,,92
201200042318,12,10,1,650,5,2,1,1.0,3,92026,M,,,92
201200042319,12,10,3,910,1,2,1,1.0,6,92026,M,,,92
201200042320,12,10,3,2030,2,2,2,2.0,3,92026,M,,,92
201200042321,12,10,7,1305,1,2,1,1.0,7,92026,M,,,92
201200042322,12,10,5,1910,3,2,1,1.0,3,92026,M,,,92
201200042323,12,10,5,935,1,2,1,8.0,3,92026,M,,,92
201200042324,12,10,8,1240,1,2,1,3.0,7,92026,M,,,92
201200042325,12,10,8,2000,5,2,2,2.0,3,92026,M,,,92
201200042326,12,10,9,1020,1,2,1,8.0,2,92026,M,,,92
201200042327,12,10,14,440,5,2,3,1.0,3,92026,M,,,92
201200042328,12,10,16,1105,1,2,2,1.0,3,92026,M,,,92
201200042329,12,10,20,1018,1,2,2,1.0,6,92026,M,,,92
201200042330,12,10,22,1913,2,2,2,1.0,3,92026,M,,,92
201200042331,12,10,26,1245,1,2,1,1.0,7,92026,M,,,92
201200042332,12,10,29,815,1,2,1,1.0,2,92026,M,,,92
201200042333,12,10,31,710,1,2,1,1.0,7,92026,M,,,92
201200042334,12,11,1,1655,1,2,1,8.0,7,92026,M,,,92
201200042335,12,11,13,835,2,2,1,1.0,6,92026,M,,,92
201200042336,12,11,16,1230,1,2,1,1.0,3,92026,M,,,92
201200042337,12,11,15,1620,1,2,1,1.0,6,92026,M,,,92
201200042338,12,11,15,905,1,2,1,1.0,6,92026,M,,,92
201200042339,12,11,15,1630,1,2,2,1.0,2,92026,M,,,92
201200042340,12,11,24,1935,5,2,1,8.0,2,92026,M,,,92
201200042341,12,11,24,1400,1,2,1,1.0,7,92026,M,,,92
201200042342,12,11,28,2020,5,2,1,2.0,2,92026,M,,,92
201200042343,12,12,4,830,2,2,1,3.0,7,92026,M,,,92
201200042344,12,12,4,1500,1,2,1,1.0,2,92026,M,,,92
201200042345,12,11,20,1400,1,2,1,1.0,3,92026,M,,,92
201200042346,12,11,29,830,1,2,1,1.0,3,92026,M,,,92
201200042347,12,12,15,650,5,2,3,1.0,3,92026,M,,,92
201200042348,12,12,12,1310,1,2,1,1.0,2,92026,M,,,92
201200042349,12,12,4,1930,5,2,3,2.0,6,92026,M,,,92
201200042350,12,12,20,845,1,2,1,2.0,3,92026,M,,,92
201200042351,12,12,7,2315,5,2,2,2.0,2,92026,M,,,92
201200042352,12,1,6,1420,1,2,1,1.0,7,92035,M,,,92
201200042353,12,1,20,1810,5,2,1,2.0,7,92035,M,,,92
201200042354,12,1,28,2010,5,2,3,1.0,3,92035,M,,,92
201200042355,12,1,30,1630,1,2,1,1.0,2,92035,M,,,92
201200042356,12,1,31,1000,1,2,2,1.0,4,92035,M,,,92
201200042357,12,1,31,1325,1,2,5,1.0,3,92035,M,,,92
201200042358,12,2,1,1255,1,2,1,1.0,7,92035,M,,,92
201200042359,12,2,13,750,1,2,1,1.0,3,92035,M,,,92
201200042360,12,2,9,1145,1,2,6,1.0,6,92035,M,,,92
201200042361,12,2,22,1740,2,2,1,1.0,6,92035,M,,,92
201200042362,12,3,10,1135,1,2,5,1.0,6,92035,M,,,92
201200042363,12,3,12,2000,5,2,2,1.0,3,92035,M,,,92
201200042364,12,4,20,1800,1,2,3,1.0,3,92035,M,,,92
201200042365,12,4,18,2350,5,2,2,1.0,4,92035,M,,,92
201200042366,12,4,29,1930,1,2,2,1.0,3,92035,M,,,92
201200042367,12,5,18,1640,1,2,2,1.0,3,92035,M,,,92
201200042368,12,5,25,940,1,2,5,1.0,2,92035,M,,,92
201200042369,12,5,29,1650,1,2,1,1.0,6,92035,M,,,92
201200042370,12,5,31,920,1,2,1,1.0,6,92035,M,,,92
201200042371,12,6,1,1830,1,2,1,1.0,3,92035,M,,,92
201200042372,12,6,8,900,1,2,2,1.0,6,92035,M,,,92
201200042373,12,6,8,1020,1,2,2,1.0,3,92035,M,,,92
201200042374,12,6,22,1715,1,2,6,1.0,2,92035,M,,,92
201200042375,12,7,13,1830,1,2,3,2.0,7,92035,M,,,92
201200042376,12,7,17,1155,1,2,6,1.0,6,92035,M,,,92
201200042377,12,8,27,1446,1,2,2,1.0,3,92050,M,,,92
201200042378,12,9,1,1905,1,2,9,1.0,3,92035,M,,,92
201200042379,12,9,7,915,1,1,2,1.0,6,92035,M,,,92
201200042380,12,9,12,900,1,2,1,1.0,6,92035,M,,,92
201200042381,12,9,21,825,1,2,2,1.0,3,92035,M,,,92
201200042382,12,10,3,930,1,2,3,1.0,3,92035,M,,,92
201200042383,12,10,15,640,5,2,1,1.0,6,92035,M,,,92
201200042384,12,10,19,945,1,2,4,1.0,3,92035,M,,,92
201200042385,12,10,23,1250,1,2,3,1.0,6,92035,M,,,92
201200042386,12,10,26,1010,1,2,2,1.0,3,92035,M,,,92
201200042387,12,11,7,2100,5,2,2,1.0,3,92035,M,,,92
201200042388,12,11,16,1440,1,2,6,1.0,3,92035,M,,,92
201200042389,12,11,16,1940,5,2,2,1.0,6,92035,M,,,92
201200042390,12,11,21,950,1,2,1,1.0,6,92035,M,,,92
201200042391,12,11,22,915,1,2,1,1.0,6,92035,M,,,92
201200042392,12,11,29,1830,5,2,1,1.0,3,92035,M,,,92
201200042393,12,11,30,1745,2,2,3,1.0,3,92035,M,,,92
201200042394,12,12,2,1815,5,2,4,1.0,3,92035,M,,,92
201200042395,12,12,11,1855,5,2,1,1.0,1,92035,M,,,92
201200042396,12,12,17,2125,5,2,1,1.0,6,92035,M,,,92
201200042397,12,1,3,510,5,2,2,1.0,6,92036,M,,,92
201200042398,12,1,3,1150,1,2,1,1.0,3,92036,M,,,92
201200042399,12,1,4,900,1,2,1,1.0,6,92036,M,,,92
201200042400,12,1,4,1715,5,2,1,1.0,3,92036,M,,,92
201200042401,12,1,13,920,1,1,2,1.0,5,92036,M,,,92
201200042402,12,1,19,1035,1,2,2,1.0,6,92036,M,,,92
201200042403,12,1,20,1830,5,2,1,1.0,6,92036,M,,,92
201200042404,12,1,23,1845,5,1,2,1.0,2,92036,M,,,92
201200042405,12,1,24,1805,5,1,2,3.0,6,92036,M,,,92
201200042406,12,1,26,1810,5,2,1,1.0,6,92036,M,,,92
201200042407,12,2,15,1200,1,2,2,2.0,1,92036,M,,,92
201200042408,12,2,15,1915,5,1,3,2.0,3,92036,M,,,92
201200042409,12,3,7,1505,1,2,3,1.0,3,92036,M,,,92
201200042410,12,3,12,1838,1,2,1,1.0,1,92036,M,,,92
201200042411,12,3,13,740,1,2,1,1.0,3,92036,M,,,92
201200042412,12,3,19,1725,1,2,1,1.0,3,92036,M,,,92
201200042413,12,3,26,1410,1,2,1,1.0,6,92036,M,,,92
201200042414,12,4,6,1040,1,2,1,1.0,6,92036,M,,,92
201200042415,12,4,8,1750,1,2,1,2.0,6,92036,M,,,92
201200042416,12,4,10,1535,1,2,6,3.0,3,92036,M,,,92
201200042417,12,4,15,705,1,2,1,1.0,7,92036,M,,,92
201200042418,12,4,19,1135,1,1,1,1.0,6,92036,M,,,92
201200042419,12,4,19,1545,1,2,9,1.0,6,92036,M,,,92
201200042420,12,4,20,2055,5,2,3,1.0,6,92036,M,,,92
201200042421,12,4,23,1255,1,2,1,2.0,6,92036,M,,,92
201200042422,12,4,23,1900,1,2,3,2.0,2,92036,M,,,92
201200042423,12,4,24,1945,1,2,1,1.0,2,92036,M,,,92
201200042424,12,5,1,1520,1,2,1,1.0,4,92036,M,,,92
201200042425,12,5,15,1615,1,2,3,1.0,3,92036,M,,,92
201200042426,12,5,16,1620,1,2,1,1.0,6,92036,M,,,92
201200042427,12,5,18,1430,1,2,1,1.0,6,92036,M,,,92
201200042428,12,5,19,2045,2,2,3,1.0,3,92036,M,,,92
201200042429,12,5,24,1410,1,2,1,1.0,3,92036,M,,,92
201200042430,12,5,25,1615,1,2,2,1.0,6,92036,M,,,92
201200042431,12,5,30,1355,1,2,1,1.0,6,92036,M,,,92
201200042432,12,6,3,1150,1,2,1,1.0,6,92036,M,,,92
201200042433,12,6,8,1120,1,2,1,1.0,6,92036,M,,,92
201200042434,12,6,8,2130,5,2,1,1.0,6,92036,M,,,92
201200042435,12,6,10,1915,1,2,9,2.0,3,92036,M,,,92
201200042436,12,6,19,1400,1,2,3,1.0,3,92036,M,,,92
201200042437,12,6,21,1500,1,2,2,1.0,3,92036,M,,,92
201200042438,12,6,22,220,5,2,6,1.0,7,92036,M,,,92
201200042439,12,7,1,750,1,2,1,1.0,1,92036,M,,,92
201200042440,12,7,2,950,1,2,1,1.0,6,92036,M,,,92
201200042441,12,7,12,1115,1,2,2,1.0,6,92036,M,,,92
201200042442,12,8,4,1905,1,2,1,1.0,6,92036,M,,,92
201200042443,12,8,20,920,1,1,4,1.0,6,92036,M,,,92
201200042444,12,8,21,1340,1,2,1,1.0,6,92036,M,,,92
201200042445,12,9,4,1730,1,2,2,1.0,6,92036,M,,,92
201200042446,12,9,10,1600,1,2,1,1.0,6,92036,M,,,92
201200042447,12,9,18,1230,1,2,1,1.0,6,92036,M,,,92
201200042448,12,9,20,1725,1,2,1,1.0,4,92036,M,,,92
201200042449,12,9,21,1620,1,2,1,3.0,4,92036,M,,,92
201200042450,12,9,25,745,1,2,1,2.0,7,92036,M,,,92
201200042451,12,9,30,1110,1,2,2,1.0,3,92036,M,,,92
201200042452,12,10,1,1200,1,2,1,1.0,6,92036,M,,,92
201200042453,12,10,1,1850,1,2,1,1.0,6,92036,M,,,92
201200042454,12,10,2,950,1,2,1,1.0,7,92036,M,,,92
201200042455,12,10,4,1145,1,1,3,1.0,3,92036,M,,,92
201200042456,12,10,9,350,5,2,3,2.0,7,92036,M,,,92
201200042457,12,10,12,1220,1,2,1,1.0,4,92036,M,,,92
201200042458,12,10,23,2000,5,2,2,1.0,7,92036,M,,,92
201200042459,12,10,27,1210,1,2,1,1.0,3,92036,M,,,92
201200042460,12,10,29,1935,5,2,1,1.0,6,92036,M,,,92
201200042461,12,10,29,820,1,2,3,1.0,5,92036,M,,,92
201200042462,12,11,2,1730,5,2,1,2.0,2,92036,M,,,92
201200042463,12,11,3,1830,1,2,6,1.0,5,92036,M,,,92
201200042464,12,11,4,1805,5,2,1,1.0,7,92036,M,,,92
201200042465,12,11,7,650,1,2,1,1.0,6,92036,M,,,92
201200042466,12,11,7,845,1,2,1,1.0,6,92036,M,,,92
201200042467,12,11,10,1850,5,2,3,1.0,6,92036,M,,,92
201200042468,12,11,12,935,1,2,2,1.0,5,92036,M,,,92
201200042469,12,11,12,1600,1,1,1,1.0,6,92036,M,,,92
201200042470,12,11,19,1745,5,2,3,1.0,6,92036,M,,,92
201200042471,12,11,23,1720,5,2,3,2.0,6,92036,M,,,92
201200042472,12,12,1,630,5,2,2,1.0,3,92036,M,,,92
201200042473,12,12,3,1810,5,2,1,2.0,7,92036,M,,,92
201200042474,12,12,5,440,5,2,1,1.0,7,92036,M,,,92
201200042475,12,12,11,1215,1,2,1,1.0,6,92036,M,,,92
201200042476,12,12,20,2100,5,2,1,2.0,7,92036,M,,,92
201200042477,12,12,21,2030,5,1,1,1.0,7,92036,M,,,92
201200042478,12,12,22,1500,1,2,1,2.0,6,92036,M,,,92
201200042479,12,12,22,1620,1,2,1,2.0,6,92036,M,,,92
201200042480,12,12,31,1925,3,2,1,1.0,6,92036,M,,,92
201200042481,12,1,5,1110,1,2,1,3.0,3,92040,M,4849174.0,0.0,92
201200042482,12,1,5,635,2,2,3,2.0,3,92040,M,4849494.0,0.0,92
201200042483,12,12,29,745,2,2,1,1.0,7,92040,M,,,92
201200042484,12,1,9,1220,1,2,1,1.0,6,92040,M,,,92
201200042485,12,1,15,1750,5,2,1,1.0,3,92040,M,,,92
201200042486,12,1,14,1830,5,2,1,1.0,6,92040,M,,,92
201200042487,12,1,14,1910,4,2,1,1.0,3,92040,M,,,92
201200042488,12,1,16,930,1,2,1,1.0,3,92040,M,,,92
201200042489,12,1,19,825,1,2,1,1.0,3,92040,M,,,92
201200042490,12,1,20,1030,1,2,1,2.0,3,92040,M,,,92
201200042491,12,1,25,1705,1,2,3,8.0,2,92040,M,,,92
201200042492,12,2,1,1650,1,2,1,1.0,6,92040,M,,,92
201200042493,12,2,21,820,1,2,1,1.0,3,92040,M,,,92
201200042494,12,2,23,1615,1,2,1,2.0,3,92040,M,,,92
201200042495,12,2,26,1010,1,2,1,1.0,3,92040,M,,,92
201200042496,12,3,11,1630,1,2,1,1.0,6,92040,M,,,92
201200042497,12,3,12,1925,5,2,1,1.0,6,92040,M,,,92
201200042498,12,3,22,835,1,2,1,1.0,3,92040,M,,,92
201200042499,12,3,31,2255,5,2,1,1.0,2,92040,M,,,92
201200042500,12,4,3,1110,1,2,1,1.0,2,92040,M,,,92
201200042501,12,4,3,1840,1,2,3,1.0,3,92040,M,,,92
201200042502,12,4,3,2200,5,2,3,1.0,3,92040,M,,,92
201200042503,12,4,11,1845,1,2,3,1.0,3,92040,M,,,92
201200042504,12,4,12,1640,1,2,1,1.0,3,92040,M,,,92
201200042505,12,5,12,1740,1,2,1,1.0,6,92040,M,,,92
201200042506,12,5,13,1520,1,2,1,1.0,6,92040,M,,,92
201200042507,12,5,15,1630,1,2,3,2.0,3,92040,M,,,92
201200042508,12,5,23,1450,1,2,1,1.0,6,92040,M,,,92
201200042509,12,5,23,1930,1,2,1,1.0,2,92040,M,,,92
201200042510,12,5,29,1250,1,2,1,1.0,2,92040,M,,,92
201200042511,12,5,30,1010,1,2,1,7.0,6,92040,M,,,92
201200042512,12,5,30,1600,1,2,3,1.0,6,92040,M,,,92
201200042513,12,6,2,2040,2,2,1,1.0,3,92040,M,,,92
201200042514,12,6,4,1435,1,2,1,1.0,2,92040,M,,,92
201200042515,12,6,9,1715,1,2,1,8.0,2,92040,M,,,92
201200042516,12,6,14,855,1,2,2,1.0,6,92040,M,,,92
201200042517,12,6,16,1235,1,2,1,2.0,3,92040,M,,,92
201200042518,12,6,22,1830,1,2,3,1.0,6,92040,M,,,92
201200042519,12,6,28,1535,1,2,1,1.0,3,92040,M,,,92
201200042520,12,6,28,1640,1,2,1,1.0,2,92040,M,,,92
201200042521,12,6,28,1905,1,2,3,1.0,6,92040,M,,,92
201200042522,12,7,4,2300,5,2,1,2.0,5,92040,M,,,92
201200042523,12,7,6,1650,1,2,3,2.0,2,92040,M,,,92
201200042524,12,7,7,1830,1,2,1,1.0,3,92040,M,,,92
201200042525,12,7,7,1110,1,2,2,2.0,3,92040,M,,,92
201200042526,12,7,11,940,1,2,1,1.0,3,92040,M,,,92
201200042527,12,7,13,2045,3,2,1,2.0,3,92040,M,,,92
201200042528,12,7,17,1610,1,2,1,1.0,6,92040,M,,,92
201200042529,12,7,17,1335,1,2,2,1.0,6,92040,M,,,92
201200042530,12,7,17,1820,1,2,3,1.0,2,92040,M,,,92
201200042531,12,7,26,1500,1,2,1,1.0,2,92040,M,,,92
201200042532,12,7,29,605,2,2,1,1.0,6,92040,M,,,92
201200042533,12,8,2,2000,1,2,3,1.0,3,92040,M,,,92
201200042534,12,8,2,2305,5,2,1,1.0,3,92040,M,,,92
201200042535,12,8,6,1645,1,2,1,1.0,3,92040,M,,,92
201200042536,12,8,21,1745,1,2,1,1.0,2,92040,M,,,92
201200042537,12,8,21,1335,1,2,1,1.0,3,92040,M,,,92
201200042538,12,9,1,1650,1,2,1,1.0,3,92040,M,,,92
201200042539,12,9,10,920,1,2,1,1.0,6,92040,M,,,92
201200042540,12,9,12,1600,1,2,2,1.0,5,92040,M,,,92
201200042541,12,9,11,845,1,2,6,1.0,2,92040,M,,,92
201200042542,12,9,15,1333,1,2,1,1.0,6,92040,M,,,92
201200042543,12,9,20,850,1,2,1,1.0,6,92040,M,,,92
201200042544,12,9,21,1810,1,2,3,3.0,6,92040,M,,,92
201200042545,12,9,22,1550,1,2,1,1.0,3,92040,M,,,92
201200042546,12,10,2,850,1,2,1,8.0,2,92040,M,,,92
201200042547,12,10,5,1350,1,2,1,8.0,6,92040,M,,,92
201200042548,12,10,8,1730,1,2,1,2.0,5,92040,M,,,92
201200042549,12,10,12,1005,1,2,1,1.0,2,92040,M,,,92
201200042550,12,10,31,1120,1,2,1,1.0,6,92040,M,,,92
201200042551,12,10,31,1925,5,2,1,1.0,3,92040,M,,,92
201200042552,12,11,11,1120,1,2,1,1.0,3,92040,M,,,92
201200042553,12,11,9,2010,5,2,3,2.0,2,92040,M,,,92
201200042554,12,11,15,1750,5,2,3,1.0,3,92040,M,,,92
201200042555,12,11,18,1540,1,2,1,2.0,7,92040,M,,,92
201200042556,12,11,23,1455,1,2,3,2.0,3,92040,M,,,92
201200042557,12,11,23,1600,1,2,1,2.0,6,92040,M,,,92
201200042558,12,11,28,1510,1,2,1,1.0,6,92040,M,,,92
201200042559,12,12,1,1255,1,2,1,1.0,2,92040,M,,,92
201200042560,12,12,5,900,1,2,1,1.0,2,92040,M,,,92
201200042561,12,12,18,820,2,2,1,2.0,3,92040,M,,,92
201200042562,12,12,19,2230,5,2,1,2.0,3,92040,M,,,92
201200042563,12,12,20,735,5,2,3,2.0,6,92040,M,,,92
201200042564,12,12,20,1945,5,2,1,2.0,6,92040,M,,,92
201200042565,12,12,21,1810,5,2,1,1.0,6,92040,M,,,92
201200042566,12,12,8,2030,2,2,2,2.0,6,92044,M,,,92
201200042567,12,11,26,1850,5,2,1,1.0,3,92044,M,,,92
201200042568,12,12,6,1645,1,2,2,1.0,3,92044,M,,,92
201200042569,12,1,6,1125,1,2,1,1.0,6,92044,M,,,92
201200042570,12,1,7,2130,5,2,2,1.0,3,92044,M,,,92
201200042571,12,1,23,1540,1,2,1,1.0,6,92044,M,,,92
201200042572,12,1,25,720,5,2,2,2.0,3,92044,M,,,92
201200042573,12,1,31,1520,1,2,2,1.0,6,92044,M,,,92
201200042574,12,2,2,1030,1,2,1,9.0,2,92044,M,,,92
201200042575,12,2,10,1400,1,2,2,1.0,3,92044,M,,,92
201200042576,12,2,10,1915,5,2,1,1.0,3,92044,M,,,92
201200042577,12,2,16,2005,5,2,1,1.0,6,92044,M,,,92
201200042578,12,2,11,2145,5,2,2,1.0,3,92044,M,,,92
201200042579,12,3,3,2150,5,2,2,1.0,1,92044,M,,,92
201200042580,12,3,1,2205,5,2,2,1.0,3,92044,M,,,92
201200042581,12,3,6,1715,1,2,2,1.0,3,92044,M,,,92
201200042582,12,3,8,935,1,2,1,1.0,4,92044,M,,,92
201200042583,12,3,16,1045,1,2,1,1.0,6,92044,M,,,92
201200042584,12,3,17,1925,5,2,1,1.0,6,92044,M,,,92
201200042585,12,11,20,1400,1,2,1,1.0,6,92044,M,,,92
201200042586,12,3,26,1825,1,2,1,1.0,3,92044,M,,,92
201200042587,12,3,23,950,1,2,2,1.0,6,92044,M,,,92
201200042588,12,4,4,1025,1,2,2,1.0,3,92044,M,,,92
201200042589,12,4,4,1230,1,2,1,1.0,6,92044,M,,,92
201200042590,12,4,4,1515,1,2,2,1.0,6,92044,M,,,92
201200042591,12,4,5,1200,1,2,2,1.0,6,92044,M,,,92
201200042592,12,4,10,930,1,2,1,1.0,2,92044,M,,,92
201200042593,12,4,16,1430,1,2,2,1.0,3,92044,M,,,92
201200042594,12,4,20,1230,1,2,1,1.0,3,92044,M,,,92
201200042595,12,4,21,815,1,2,1,1.0,6,92044,M,,,92
201200042596,12,4,22,1140,1,2,1,1.0,6,92044,M,,,92
201200042597,12,5,3,1040,1,2,1,1.0,3,92044,M,,,92
201200042598,12,5,9,1850,1,2,5,1.0,6,92044,M,,,92
201200042599,12,5,14,915,1,2,2,1.0,6,92044,M,,,92
201200042600,12,5,16,835,1,2,3,1.0,7,92044,M,,,92
201200042601,12,5,30,930,1,2,2,1.0,3,92044,M,,,92
201200042602,12,6,16,2300,5,2,2,1.0,7,92044,M,,,92
201200042603,12,6,13,1820,1,2,2,2.0,6,92044,M,,,92
201200042604,12,6,2,940,1,2,2,1.0,3,92044,M,,,92
201200042605,12,7,2,835,1,2,2,1.0,3,92044,M,,,92
201200042606,12,8,10,1700,1,2,1,1.0,7,92044,M,,,92
201200042607,12,7,10,1235,1,2,1,1.0,3,92044,M,,,92
201200042608,12,7,4,1825,1,2,1,1.0,6,92044,M,,,92
201200042609,12,7,7,545,2,2,2,1.0,3,92044,M,,,92
201200042610,12,7,13,1815,1,2,2,1.0,6,92044,M,,,92
201200042611,12,7,17,1720,1,2,1,1.0,6,92044,M,,,92
201200042612,12,8,13,1340,1,2,1,1.0,6,92044,M,,,92
201200042613,12,8,14,1220,1,2,2,1.0,3,92044,M,,,92
201200042614,12,9,24,1330,1,2,4,1.0,3,92044,M,,,92
201200042615,12,9,26,1820,1,2,1,3.0,2,92044,M,,,92
201200042616,12,10,2,920,1,2,1,1.0,6,92044,M,,,92
201200042617,12,10,5,1125,1,2,1,1.0,2,92044,M,,,92
201200042618,12,10,5,2140,2,2,2,1.0,3,92044,M,,,92
201200042619,12,10,6,30,5,2,1,1.0,6,92044,M,,,92
201200042620,12,10,11,745,2,2,1,1.0,3,92044,M,,,92
201200042621,12,10,11,1430,1,2,1,1.0,6,92044,M,,,92
201200042622,12,10,12,1715,1,2,1,1.0,6,92044,M,,,92
201200042623,12,10,13,305,5,2,1,1.0,6,92044,M,,,92
201200042624,12,10,13,1505,1,2,1,1.0,3,92044,M,,,92
201200042625,12,10,14,450,5,2,2,1.0,3,92044,M,,,92
201200042626,12,10,14,1920,2,2,1,2.0,3,92044,M,,,92
201200042627,12,10,15,830,1,2,2,1.0,6,92044,M,,,92
201200042628,12,10,16,725,2,2,3,2.0,7,92044,M,,,92
201200042629,12,10,22,145,5,2,1,1.0,6,92044,M,,,92
201200042630,12,10,17,1430,1,2,2,2.0,3,92044,M,,,92
201200042631,12,10,19,2035,5,2,2,1.0,6,92044,M,,,92
201200042632,12,11,2,1600,1,2,1,2.0,6,92044,M,,,92
201200042633,12,11,1,1000,1,2,2,2.0,3,92044,M,,,92
201200042634,12,11,9,1700,1,2,2,1.0,3,92044,M,,,92
201200042635,12,11,13,1855,5,2,1,1.0,6,92044,M,,,92
201200042636,12,11,21,1545,1,2,2,2.0,6,92044,M,,,92
201200042637,12,11,22,1045,1,2,1,1.0,6,92044,M,,,92
201200042638,12,11,23,1200,1,2,2,2.0,6,92044,M,,,92
201200042639,12,11,24,1012,1,2,2,1.0,3,92044,M,,,92
201200042640,12,11,25,1500,1,2,1,1.0,6,92044,M,,,92
201200042641,12,11,23,1550,1,2,1,2.0,6,92044,M,,,92
201200042642,12,12,4,1200,1,2,2,1.0,3,92044,M,,,92
201200042643,12,12,4,1305,1,2,7,1.0,6,92044,M,,,92
201200042644,12,12,4,2000,5,2,1,2.0,6,92044,M,,,92
201200042645,12,12,14,905,1,2,1,1.0,6,92044,M,,,92
201200042646,12,12,17,813,2,2,1,2.0,6,92044,M,,,92
201200042647,12,12,20,2250,5,2,2,1.0,3,92044,M,,,92
201200042648,12,12,18,1030,1,2,2,1.0,3,92044,M,,,92
201200042649,12,12,26,1545,1,2,2,1.0,3,92044,M,,,92
201200042650,12,1,3,840,1,2,7,2.0,6,92048,M,,,92
201200042651,12,1,7,1200,1,2,1,2.0,2,92048,M,,,92
201200042652,12,1,18,1540,1,2,3,2.0,6,92048,M,,,92
201200042653,12,1,19,1210,1,2,7,2.0,3,92048,M,,,92
201200042654,12,1,26,20,5,2,7,2.0,7,92048,M,,,92
201200042655,12,2,3,1730,5,2,1,1.0,6,92048,M,,,92
201200042656,12,2,9,645,5,2,1,1.0,7,92048,M,,,92
201200042657,12,2,9,935,1,2,2,1.0,3,92048,M,,,92
201200042658,12,2,9,1015,1,2,3,1.0,4,92048,M,,,92
201200042659,12,2,13,815,2,2,3,2.0,6,92048,M,,,92
201200042660,12,2,13,900,1,2,1,1.0,3,92048,M,,,92
201200042661,12,2,26,130,5,2,1,1.0,7,92048,M,,,92
201200042662,12,2,27,2050,5,2,3,1.0,3,92048,M,,,92
201200042663,12,3,7,1430,1,2,6,2.0,6,92048,M,,,92
201200042664,12,3,19,1010,1,2,3,2.0,7,92048,M,,,92
201200042665,12,3,28,1330,1,1,1,1.0,7,92048,M,,,92
201200042666,12,4,5,1850,1,2,1,1.0,6,92048,M,,,92
201200042667,12,4,16,900,1,2,6,1.0,3,92048,M,,,92
201200042668,12,4,24,1,5,2,3,3.0,3,92048,M,,,92
201200042669,12,4,27,1910,1,2,1,1.0,3,92048,M,,,92
201200042670,12,5,21,1320,1,2,2,2.0,3,92048,M,,,92
201200042671,12,5,24,1800,1,2,4,1.0,7,92048,M,,,92
201200042672,12,5,29,940,1,2,3,1.0,6,92048,M,,,92
201200042673,12,6,2,525,5,2,1,1.0,6,92048,M,,,92
201200042674,12,6,5,1810,1,2,1,2.0,3,92048,M,,,92
201200042675,12,6,15,105,5,2,2,1.0,6,92048,M,,,92
201200042676,12,6,14,1415,1,2,2,1.0,6,92048,M,,,92
201200042677,12,6,19,1151,1,2,1,1.0,6,92048,M,,,92
201200042678,12,6,25,1320,1,2,1,1.0,6,92048,M,,,92
201200042679,12,6,27,1155,1,2,2,1.0,6,92048,M,,,92
201200042680,12,7,4,850,1,2,1,1.0,6,92048,M,,,92
201200042681,12,7,9,1104,1,2,1,1.0,6,92048,M,,,92
201200042682,12,7,3,1940,1,2,1,1.0,3,92048,M,,,92
201200042683,12,8,11,1830,1,1,1,1.0,6,92048,M,,,92
201200042684,12,7,26,2220,5,2,3,1.0,6,92048,M,,,92
201200042685,12,8,14,2100,1,2,2,1.0,1,92048,M,,,92
201200042686,12,8,31,1710,1,2,1,1.0,6,92048,M,,,92
201200042687,12,9,11,820,1,2,1,1.0,6,92048,M,,,92
201200042688,12,9,4,1045,1,2,1,2.0,2,92048,M,,,92
201200042689,12,9,13,945,1,2,2,1.0,5,92048,M,,,92
201200042690,12,9,14,850,1,1,1,1.0,6,92048,M,,,92
201200042691,12,9,20,910,1,2,7,1.0,6,92048,M,,,92