Num_Acc,an,mois,jour,hrmn,lum,agg,int,atm,col,com,gps,lat,long,dep
201200042692,12,9,20,1850,5,2,1,1.0,6,92048,M,,,92
201200042693,12,9,22,1145,1,2,1,1.0,2,92048,M,,,92
201200042694,12,9,25,1500,1,1,1,1.0,1,92048,M,,,92
201200042695,12,10,4,820,1,2,7,2.0,6,92048,M,,,92
201200042696,12,10,10,1745,1,2,2,1.0,6,92048,M,,,92
201200042697,12,10,11,1320,1,2,1,1.0,6,92048,M,,,92
201200042698,12,10,16,925,1,2,1,1.0,3,92048,M,,,92
201200042699,12,10,13,1300,1,2,1,1.0,6,92048,M,,,92
201200042700,12,10,19,1510,2,2,1,1.0,7,92048,M,,,92
201200042701,12,10,28,1525,1,2,1,1.0,7,92048,M,,,92
201200042702,12,11,5,1750,2,2,3,2.0,6,92048,M,,,92
201200042703,12,11,14,815,1,2,6,1.0,2,92048,M,,,92
201200042704,12,11,13,1855,5,1,1,1.0,6,92048,M,,,92
201200042705,12,11,15,1730,5,2,2,1.0,6,92048,M,,,92
201200042706,12,11,29,1640,1,2,3,2.0,3,92048,M,,,92
201200042707,12,12,6,805,1,2,6,1.0,2,92048,M,,,92
201200042708,12,12,6,907,1,2,3,1.0,7,92048,M,,,92
201200042709,12,1,1,1945,5,2,3,2.0,6,92049,M,,,92
201200042710,12,1,5,1140,1,2,2,2.0,3,92049,M,,,92
201200042711,12,1,5,1340,1,2,1,1.0,6,92049,M,,,92
201200042712,12,1,12,1330,1,2,2,1.0,6,92049,M,,,92
201200042713,12,1,17,1410,1,2,1,7.0,6,92020,M,,,92
201200042714,12,1,18,820,2,2,2,1.0,6,92020,M,,,92
201200042715,12,1,18,925,1,2,3,1.0,2,92020,M,,,92
201200042716,12,1,19,1420,1,2,1,2.0,2,92020,M,,,92
201200042717,12,1,27,815,1,2,1,1.0,6,92020,M,,,92
201200042718,12,1,28,1515,1,2,1,1.0,2,92049,M,,,92
201200042719,12,1,30,740,2,2,1,1.0,6,92020,M,,,92
201200042720,12,1,30,1305,1,2,2,8.0,6,92049,M,,,92
201200042721,12,2,1,1450,1,2,2,1.0,3,92049,M,,,92
201200042722,12,2,2,1550,1,2,1,1.0,6,92049,M,,,92
201200042723,12,2,3,920,1,2,2,1.0,3,92049,M,,,92
201200042724,12,2,8,1155,1,2,1,1.0,2,92049,M,,,92
201200042725,12,2,8,1225,1,2,1,1.0,6,92020,M,,,92
201200042726,12,2,9,955,1,2,1,1.0,6,92049,M,,,92
201200042727,12,2,9,1855,5,2,1,1.0,2,92020,M,,,92
201200042728,12,2,10,1400,1,2,1,1.0,6,92049,M,,,92
201200042729,12,2,13,1215,1,2,1,1.0,3,92049,M,,,92
201200042730,12,2,23,1430,1,2,2,2.0,6,92049,M,,,92
201200042731,12,2,26,1300,1,2,2,1.0,3,92020,M,,,92
201200042732,12,3,2,1355,1,2,1,1.0,7,92049,M,,,92
201200042733,12,3,5,1910,5,2,1,3.0,6,92049,M,,,92
201200042734,12,3,6,1555,1,2,2,1.0,6,92020,M,,,92
201200042735,12,3,7,1945,5,2,1,2.0,6,92020,M,,,92
201200042736,12,3,9,2300,5,2,2,1.0,6,92049,M,,,92
201200042737,12,3,19,820,1,2,1,1.0,3,92020,M,,,92
201200042738,12,3,23,2110,5,2,1,1.0,3,92020,M,,,92
201200042739,12,3,24,1530,1,2,1,1.0,3,92020,M,,,92
201200042740,12,3,26,1300,1,2,3,1.0,3,92049,M,,,92
201200042741,12,3,29,1000,1,2,1,1.0,3,92049,M,,,92
201200042742,12,3,30,1025,1,2,1,1.0,6,92049,M,,,92
201200042743,12,3,30,1640,1,2,2,1.0,6,92049,M,,,92
201200042744,12,3,30,2210,5,2,1,1.0,3,92049,M,,,92
201200042745,12,4,4,830,1,2,2,1.0,3,92049,M,,,92
201200042746,12,4,6,915,1,2,1,1.0,6,92049,M,,,92
201200042747,12,4,8,2120,5,2,1,1.0,1,92020,M,,,92
201200042748,12,4,10,310,5,2,1,8.0,6,92020,M,,,92
201200042749,12,4,10,1615,1,2,1,8.0,3,92020,M,,,92
201200042750,12,4,12,650,2,2,2,1.0,7,92049,M,,,92
201200042751,12,4,18,1850,2,2,1,2.0,2,92049,M,,,92
201200042752,12,4,26,2020,2,2,3,3.0,3,92049,M,,,92
201200042753,12,4,29,1920,1,2,2,1.0,3,92020,M,,,92
201200042754,12,5,2,1440,1,2,1,2.0,6,92020,M,,,92
201200042755,12,5,4,1950,2,2,1,2.0,2,92049,M,,,92
201200042756,12,5,6,1640,1,2,2,1.0,6,92020,M,,,92
201200042757,12,5,11,1800,1,2,1,1.0,3,92020,M,,,92
201200042758,12,5,15,850,1,2,1,1.0,3,92020,M,,,92
201200042759,12,5,22,2045,1,2,2,1.0,3,92020,M,,,92
201200042760,12,5,25,1140,1,2,2,1.0,2,92049,M,,,92
201200042761,12,5,29,1045,1,2,6,1.0,3,92020,M,,,92
201200042762,12,5,29,2010,1,2,1,1.0,6,92020,M,,,92
201200042763,12,5,30,1010,1,2,2,1.0,2,92049,M,,,92
201200042764,12,5,30,1830,1,1,1,1.0,3,92020,M,,,92
201200042765,12,6,1,1945,1,1,5,1.0,3,92020,M,,,92
201200042766,12,6,5,1715,1,2,3,1.0,7,92049,M,,,92
201200042767,12,6,8,2100,1,2,4,1.0,7,92049,M,,,92
201200042768,12,6,12,2150,2,2,1,2.0,7,92020,M,,,92
201200042769,12,6,15,30,5,2,2,1.0,3,92049,M,,,92
201200042770,12,6,19,1955,2,2,2,2.0,7,92020,M,,,92
201200042771,12,6,27,1450,1,2,2,1.0,3,92020,M,,,92
201200042772,12,6,27,1945,1,2,3,1.0,3,92020,M,,,92
201200042773,12,7,4,825,1,2,2,1.0,3,92020,M,,,92
201200042774,12,7,4,1730,1,2,1,1.0,6,92020,M,,,92
201200042775,12,7,5,750,1,2,2,1.0,6,92049,M,,,92
201200042776,12,7,5,1130,1,2,1,1.0,3,92049,M,,,92
201200042777,12,7,6,655,1,2,4,1.0,3,92049,M,,,92
201200042778,12,7,6,1620,1,2,1,2.0,6,92020,M,,,92
201200042779,12,7,11,1430,1,2,3,1.0,3,92020,M,,,92
201200042780,12,7,11,1600,1,2,3,2.0,6,92049,M,,,92
201200042781,12,7,16,2250,5,2,1,1.0,6,92049,M,,,92
201200042782,12,7,17,1410,1,2,1,1.0,3,92020,M,,,92
201200042783,12,7,20,45,5,2,4,1.0,7,92020,M,,,92
201200042784,12,7,23,1455,1,2,3,1.0,6,92049,M,,,92
201200042785,12,7,25,2330,5,2,1,1.0,6,92020,M,,,92
201200042786,12,7,26,725,1,2,2,1.0,1,92020,M,,,92
201200042787,12,8,9,2130,2,2,2,1.0,3,92049,M,,,92
201200042788,12,8,22,800,1,2,1,1.0,6,92020,M,,,92
201200042789,12,8,27,1235,1,2,3,1.0,6,92020,M,,,92
201200042790,12,8,27,1240,1,2,1,1.0,4,92049,M,,,92
201200042791,12,9,3,1645,1,2,2,1.0,3,92049,M,,,92
201200042792,12,9,4,1730,1,2,5,1.0,1,92020,M,,,92
201200042793,12,9,5,250,5,2,6,1.0,6,92020,M,,,92
201200042794,12,9,6,750,1,2,2,1.0,6,92049,M,,,92
201200042795,12,9,8,1000,1,2,2,1.0,3,92020,M,,,92
201200042796,12,9,9,2140,5,2,1,1.0,3,92020,M,,,92
201200042797,12,9,11,1450,1,2,1,3.0,2,92049,M,,,92
201200042798,12,9,13,1155,1,2,2,1.0,3,92020,M,,,92
201200042799,12,9,13,1855,1,2,2,1.0,3,92049,M,,,92
201200042800,12,9,14,900,1,2,1,1.0,2,92049,M,,,92
201200042801,12,9,14,925,1,2,1,1.0,6,92049,M,,,92
201200042802,12,9,17,1545,1,2,1,1.0,1,92049,M,,,92
201200042803,12,9,19,850,1,2,3,1.0,6,92049,M,,,92
201200042804,12,9,22,630,1,2,2,1.0,3,92049,M,,,92
201200042805,12,9,22,1455,1,2,1,1.0,6,92049,M,,,92
201200042806,12,9,24,1930,5,2,2,2.0,3,92020,M,,,92
201200042807,12,9,26,1230,1,2,2,1.0,3,92020,M,,,92
201200042808,12,9,27,900,1,2,1,2.0,6,92049,M,,,92
201200042809,12,9,28,1620,1,2,2,1.0,3,92020,M,,,92
201200042810,12,10,2,2050,5,2,2,1.0,3,92049,M,,,92
201200042811,12,10,4,710,5,2,2,3.0,6,92020,M,,,92
201200042812,12,10,5,915,1,2,2,1.0,3,92049,M,,,92
201200042813,12,10,6,1640,1,2,1,2.0,6,92020,M,,,92
201200042814,12,10,9,700,5,2,1,2.0,6,92049,M,,,92
201200042815,12,10,9,1935,4,2,1,3.0,6,92020,M,,,92
201200042816,12,10,10,1925,5,2,5,8.0,6,92020,M,,,92
201200042817,12,10,11,1755,1,2,3,8.0,6,92049,M,,,92
201200042818,12,10,15,815,1,2,4,1.0,6,92020,M,,,92
201200042819,12,10,18,1815,2,2,2,2.0,3,92049,M,,,92
201200042820,12,10,19,1610,1,2,1,2.0,6,92049,M,,,92
201200042821,12,10,19,1830,1,2,2,1.0,3,92049,M,,,92
201200042822,12,10,19,1800,1,2,1,1.0,6,92049,M,,,92
201200042823,12,10,21,1605,1,2,1,1.0,6,92049,M,,,92
201200042824,12,10,22,1615,1,2,2,1.0,2,92049,M,,,92
201200042825,12,10,22,1645,1,2,1,1.0,6,92020,M,,,92
201200042826,12,10,23,750,1,2,1,1.0,3,92020,M,,,92
201200042827,12,11,1,2035,5,2,6,2.0,1,92020,M,,,92
201200042828,12,11,2,1500,1,2,1,2.0,3,92020,M,,,92
201200042829,12,11,6,1250,1,2,1,1.0,3,92049,M,,,92
201200042830,12,11,6,1640,1,2,1,1.0,6,92020,M,,,92
201200042831,12,11,6,1830,5,2,1,1.0,6,92049,M,,,92
201200042832,12,11,12,730,2,2,3,1.0,7,92020,M,,,92
201200042833,12,11,12,1930,5,2,2,8.0,3,92049,M,,,92
201200042834,12,11,14,745,2,2,2,1.0,7,92049,M,,,92
201200042835,12,11,14,1810,5,2,2,1.0,7,92049,M,,,92
201200042836,12,11,15,1820,5,2,1,1.0,6,92049,M,,,92
201200042837,12,11,16,2130,5,2,1,1.0,6,92020,M,,,92
201200042838,12,11,17,5,5,2,1,5.0,6,92020,M,,,92
201200042839,12,11,28,2125,5,2,3,2.0,3,92020,M,,,92
201200042840,12,12,2,130,5,2,3,2.0,2,92020,M,,,92
201200042841,12,12,3,810,2,2,1,1.0,2,92049,M,,,92
201200042842,12,12,19,1230,1,2,1,1.0,6,92020,M,,,92
201200042843,12,12,20,2120,5,1,2,2.0,3,92020,M,,,92
201200042844,12,1,5,2030,5,2,1,9.0,2,92050,M,,,92
201200042845,12,1,8,1720,5,2,3,9.0,1,92050,M,,,92
201200042846,12,1,6,1920,5,2,1,9.0,3,92050,M,,,92
201200042847,12,1,10,5,5,2,1,8.0,1,92050,M,,,92
201200042848,12,1,10,2230,5,2,1,9.0,3,92050,M,,,92
201200042849,12,1,11,1720,1,2,1,1.0,3,92050,M,,,92
201200042850,12,1,14,940,1,2,1,9.0,2,92050,M,,,92
201200042851,12,1,15,2310,5,2,3,9.0,1,92050,M,,,92
201200042852,12,1,23,930,1,2,1,8.0,3,92050,M,,,92
201200042853,12,1,21,1945,5,2,1,2.0,4,92050,M,,,92
201200042854,12,1,24,1435,1,2,3,2.0,1,92050,M,,,92
201200042855,12,1,26,740,5,2,3,2.0,6,92050,M,,,92
201200042856,12,2,1,1900,5,2,1,9.0,2,92050,M,,,92
201200042857,12,2,2,1925,5,2,5,9.0,3,92050,M,,,92
201200042858,12,2,7,1700,1,2,3,9.0,1,92050,M,,,92
201200042859,12,2,14,1600,1,2,3,1.0,1,92050,M,,,92
201200042860,12,2,16,1215,1,2,1,9.0,2,92050,M,,,92
201200042861,12,2,17,1100,1,2,1,2.0,7,92050,M,,,92
201200042862,12,2,21,720,2,2,3,1.0,7,92050,M,,,92
201200042863,12,2,22,720,2,2,6,9.0,6,92050,M,,,92
201200042864,12,2,22,45,5,2,1,9.0,2,92050,M,,,92
201200042865,12,2,23,1315,1,2,1,2.0,3,92050,M,,,92
201200042866,12,3,7,1925,5,2,6,2.0,3,92050,M,,,92
201200042867,12,3,15,830,1,2,1,1.0,3,92050,M,,,92
201200042868,12,3,16,1210,1,2,3,9.0,3,92050,M,,,92
201200042869,12,3,21,915,1,2,1,9.0,3,92050,M,,,92
201200042870,12,3,20,750,1,2,3,1.0,3,92050,M,,,92
201200042871,12,3,26,1315,1,2,2,7.0,3,92050,M,,,92
201200042872,12,3,23,2040,5,2,9,9.0,6,92050,M,,,92
201200042873,12,4,2,2010,1,1,1,9.0,6,92050,M,,,92
201200042874,12,4,6,1310,1,2,1,1.0,3,92050,M,,,92
201200042875,12,4,10,820,1,2,2,2.0,6,92050,M,,,92
201200042876,12,4,7,1200,1,2,6,8.0,6,92050,M,,,92
201200042877,12,4,14,1310,1,2,1,9.0,6,92050,M,,,92
201200042878,12,4,14,1455,1,2,1,1.0,2,92050,M,,,92
201200042879,12,4,22,30,5,2,2,2.0,1,92063,M,,,92
201200042880,12,4,20,830,1,2,2,2.0,3,92050,M,,,92
201200042881,12,5,9,1450,1,2,1,9.0,6,92050,M,,,92
201200042882,12,5,11,1055,1,2,1,3.0,7,92050,M,,,92
201200042883,12,5,13,1840,1,2,3,9.0,3,92050,M,,,92
201200042884,12,5,17,1845,2,2,1,8.0,6,92050,M,,,92
201200042885,12,5,17,1930,1,2,1,9.0,6,92050,M,,,92
201200042886,12,5,20,1845,1,2,1,9.0,3,92050,M,,,92
201200042887,12,5,27,1650,1,2,3,1.0,1,92050,M,,,92
201200042888,12,5,29,1240,1,2,1,1.0,1,92050,M,,,92
201200042889,12,5,29,2020,2,2,1,1.0,1,92050,M,,,92
201200042890,12,5,30,1930,1,2,1,3.0,2,92050,M,,,92
201200042891,12,5,31,630,2,2,1,8.0,2,92050,M,,,92
201200042892,12,6,5,1845,1,2,2,2.0,3,92050,M,,,92
201200042893,12,6,5,1730,1,2,1,8.0,2,92050,M,,,92
201200042894,12,6,5,2005,1,2,3,8.0,2,92050,M,,,92
201200042895,12,6,7,1910,1,2,6,9.0,3,92050,M,,,92
201200042896,12,6,12,200,5,2,1,1.0,3,92050,M,,,92
201200042897,12,6,9,300,5,2,3,9.0,3,92050,M,,,92
201200042898,12,6,9,2200,5,2,6,1.0,3,92050,M,,,92
201200042899,12,6,13,1750,1,2,1,2.0,6,92050,M,,,92
201200042900,12,6,17,1915,1,2,1,7.0,6,92050,M,,,92
201200042901,12,6,16,710,1,2,3,2.0,6,92050,M,,,92
201200042902,12,6,20,1510,1,1,1,9.0,6,92050,M,,,92
201200042903,12,6,23,1710,1,2,2,9.0,3,92050,M,,,92
201200042904,12,7,3,1010,1,2,1,9.0,3,92050,M,,,92
201200042905,12,7,7,1905,1,2,4,2.0,1,92050,M,,,92
201200042906,12,7,8,730,1,2,3,2.0,2,92050,M,,,92
201200042907,12,7,11,1510,1,2,1,2.0,2,92050,M,,,92
201200042908,12,7,15,2025,2,2,1,1.0,3,92050,M,,,92
201200042909,12,7,19,1845,1,2,1,9.0,6,92050,M,,,92
201200042910,12,7,23,1400,1,2,1,1.0,2,92050,M,,,92
201200042911,12,7,24,1210,1,2,3,1.0,1,92050,M,,,92
201200042912,12,7,26,705,1,2,1,1.0,3,92050,M,,,92
201200042913,12,7,30,1450,1,2,1,7.0,2,92050,M,,,92
201200042914,12,7,31,1515,1,2,1,1.0,2,92050,M,,,92
201200042915,12,8,1,1720,1,2,1,1.0,7,92050,M,,,92
201200042916,12,8,23,1925,1,2,2,1.0,3,92050,M,,,92
201200042917,12,8,23,2015,1,2,2,1.0,1,92050,M,,,92
201200042918,12,8,24,620,2,2,2,1.0,3,92050,M,,,92
201200042919,12,8,24,1850,1,2,3,1.0,6,92050,M,,,92
201200042920,12,8,28,1300,1,2,3,1.0,1,92050,M,,,92
201200042921,12,8,29,1715,1,2,3,1.0,3,92050,M,,,92
201200042922,12,8,31,800,1,2,1,1.0,4,92050,M,,,92
201200042923,12,9,1,1530,1,2,1,1.0,3,92050,M,,,92
201200042924,12,8,9,2235,5,2,1,1.0,3,92050,M,,,92
201200042925,12,9,8,2125,5,2,1,9.0,7,92050,M,,,92
201200042926,12,9,9,1655,1,2,6,1.0,6,92050,M,,,92
201200042927,12,9,9,1940,1,2,1,1.0,3,92050,M,,,92
201200042928,12,9,10,1740,1,2,1,1.0,4,92050,M,,,92
201200042929,12,9,11,1415,1,2,3,2.0,2,92050,M,,,92
201200042930,12,9,13,220,5,2,2,2.0,3,92050,M,,,92
201200042931,12,9,14,1445,1,2,2,1.0,3,92050,M,,,92
201200042932,12,9,14,1745,1,2,1,1.0,2,92050,M,,,92
201200042933,12,9,19,920,1,2,1,9.0,7,92050,M,,,92
201200042934,12,9,21,1725,1,2,1,2.0,2,92050,M,,,92
201200042935,12,9,22,2155,5,2,1,1.0,1,92050,M,,,92
201200042936,12,9,26,1025,1,2,1,1.0,6,92050,M,,,92
201200042937,12,9,23,1320,1,2,2,7.0,3,92050,M,,,92
201200042938,12,9,27,916,1,2,1,9.0,3,92050,M,,,92
201200042939,12,10,1,1645,1,2,3,1.0,7,92050,M,,,92
201200042940,12,9,21,1045,1,2,1,1.0,7,92050,M,,,92
201200042941,12,10,2,1135,1,2,1,1.0,2,92050,M,,,92
201200042942,12,10,2,1415,1,1,1,1.0,3,92050,M,,,92
201200042943,12,10,5,1745,1,2,3,9.0,7,92050,M,,,92
201200042944,12,10,3,1730,1,2,3,8.0,1,92050,M,,,92
201200042945,12,10,12,1400,1,2,1,9.0,1,92050,M,,,92
201200042946,12,10,16,2055,1,2,1,1.0,3,92063,M,,,92
201200042947,12,10,14,1255,1,2,3,2.0,2,92050,M,,,92
201200042948,12,10,17,935,1,2,1,8.0,1,92050,M,,,92
201200042949,12,10,19,300,5,2,3,1.0,3,92050,M,,,92
201200042950,12,10,19,1320,1,2,1,8.0,6,92050,M,,,92
201200042951,12,10,23,10,5,2,1,9.0,7,92050,M,,,92
201200042952,12,10,27,1620,1,2,1,8.0,3,92050,M,,,92
201200042953,12,10,26,1340,1,2,1,1.0,7,92050,M,,,92
201200042954,12,10,28,1625,1,2,3,1.0,3,92050,M,,,92
201200042955,12,10,31,940,1,2,1,1.0,6,92050,M,,,92
201200042956,12,10,31,1345,1,2,2,1.0,3,92050,M,,,92
201200042957,12,11,2,2110,5,2,3,2.0,1,92050,M,,,92
201200042958,12,11,6,1830,5,2,2,8.0,1,92050,M,,,92
201200042959,12,11,7,1740,5,2,2,1.0,2,92050,M,,,92
201200042960,12,11,7,1830,5,2,1,9.0,6,92050,M,,,92
201200042961,12,11,9,940,1,2,6,8.0,7,92050,M,,,92
201200042962,12,11,12,1300,1,2,1,9.0,3,92050,M,,,92
201200042963,12,11,7,2138,5,2,1,1.0,3,92050,M,,,92
201200042964,12,11,13,1330,1,2,2,1.0,3,92050,M,,,92
201200042965,12,11,14,2125,5,1,3,9.0,7,92050,M,,,92
201200042966,12,11,14,745,1,2,1,8.0,5,92050,M,,,92
201200042967,12,11,16,2045,5,2,1,9.0,3,92050,M,,,92
201200042968,12,11,16,2100,5,2,1,9.0,4,92050,M,,,92
201200042969,12,11,20,1250,1,2,1,7.0,2,92050,M,,,92
201200042970,12,11,20,1400,1,2,3,9.0,7,92050,M,,,92
201200042971,12,11,23,1730,5,2,3,2.0,6,92050,M,,,92
201200042972,12,11,26,920,1,2,1,1.0,3,92050,M,,,92
201200042973,12,11,27,1255,1,2,1,2.0,7,92050,M,,,92
201200042974,12,11,16,2100,5,2,2,1.0,7,92050,M,,,92
201200042975,12,12,3,846,1,2,1,2.0,1,92050,M,,,92
201200042976,12,11,29,930,1,1,1,8.0,6,92050,M,,,92
201200042977,12,12,6,930,1,2,1,9.0,7,92050,M,,,92
201200042978,12,12,11,1055,1,2,1,9.0,3,92050,M,,,92
201200042979,12,12,13,1330,1,2,1,2.0,2,92050,M,,,92
201200042980,12,12,15,1855,5,2,6,2.0,3,92050,M,,,92
201200042981,12,12,16,2200,5,2,2,1.0,3,92050,M,,,92
201200042982,12,12,30,48,5,2,1,1.0,7,92051,M,,,92
201200042983,12,12,20,830,2,2,1,2.0,7,92051,M,,,92
201200042984,12,1,3,1810,5,2,1,2.0,2,92051,M,,,92
201200042985,12,1,8,2030,5,2,1,1.0,5,92051,M,,,92
201200042986,12,1,6,2300,5,2,2,1.0,3,92051,M,,,92
201200042987,12,1,9,1825,5,2,1,1.0,6,92051,M,,,92
201200042988,12,1,12,2105,5,2,1,1.0,1,92051,M,,,92
201200042989,12,12,11,1910,5,2,1,1.0,7,92051,M,,,92
201200042990,12,1,16,2046,5,2,1,1.0,3,92051,M,,,92
201200042991,12,1,21,1540,1,2,1,8.0,6,92051,M,,,92
201200042992,12,1,19,1220,2,2,1,1.0,6,92051,M,,,92
201200042993,12,1,23,1050,1,2,1,1.0,2,92051,M,,,92
201200042994,12,1,25,1825,5,2,1,2.0,7,92051,M,,,92
201200042995,12,1,21,1510,1,2,1,1.0,3,92051,M,,,92
201200042996,12,1,25,1900,5,2,1,2.0,7,92051,M,,,92
201200042997,12,1,28,2100,5,2,1,1.0,3,92051,M,,,92
201200042998,12,1,27,1320,1,2,1,1.0,2,92051,M,,,92
201200042999,12,11,7,2200,5,2,1,1.0,3,92051,M,,,92
201200043000,12,1,31,1412,1,2,1,1.0,3,92051,M,,,92
201200043001,12,1,31,1800,2,2,1,1.0,2,92051,M,,,92
201200043002,12,2,9,1950,5,2,1,1.0,1,92051,M,,,92
201200043003,12,2,13,1400,1,2,2,2.0,3,92051,M,,,92
201200043004,12,2,18,1800,2,2,1,1.0,6,92051,M,,,92
201200043005,12,2,17,700,5,2,1,1.0,6,92051,M,,,92
201200043006,12,2,17,920,1,2,1,2.0,5,92051,M,,,92
201200043007,12,2,27,1130,1,2,1,1.0,7,92051,M,,,92
201200043008,12,3,4,1645,1,2,1,2.0,7,92051,M,,,92
201200043009,12,3,9,1840,2,2,1,1.0,6,92051,M,,,92
201200043010,12,3,8,2200,5,2,1,1.0,3,92051,M,,,92
201200043011,12,3,12,1120,1,2,2,1.0,5,92051,M,,,92
201200043012,12,3,4,1430,1,2,1,1.0,2,92051,M,,,92
201200043013,12,3,6,1420,1,2,3,8.0,3,92051,M,,,92
201200043014,12,3,12,1855,2,2,1,1.0,6,92051,M,,,92
201200043015,12,3,15,2325,5,2,2,1.0,3,92051,M,,,92
201200043016,12,3,31,2315,5,2,1,1.0,3,92051,M,,,92
201200043017,12,4,12,1735,1,2,1,2.0,6,92051,M,,,92
201200043018,12,4,12,1215,1,2,1,1.0,6,92051,M,,,92
201200043019,12,3,20,955,1,2,2,1.0,3,92051,M,,,92
201200043020,12,3,23,800,1,1,1,1.0,3,92051,M,,,92
201200043021,12,5,2,2240,5,2,1,2.0,3,92051,M,,,92
201200043022,12,4,26,1820,1,2,1,8.0,4,92051,M,,,92
201200043023,12,5,1,1410,1,2,3,1.0,3,92051,M,,,92
201200043024,12,5,2,955,1,2,1,1.0,3,92051,M,,,92
201200043025,12,4,7,905,1,2,3,1.0,2,92051,M,,,92
201200043026,12,5,9,1920,1,2,2,1.0,3,92051,M,,,92
201200043027,12,5,11,1650,1,2,1,1.0,6,92051,M,,,92
201200043028,12,5,10,1955,1,2,1,1.0,6,92051,M,,,92
201200043029,12,4,11,615,5,2,1,1.0,6,92051,M,,,92
201200043030,12,4,12,1840,1,2,1,1.0,3,92051,M,,,92
201200043031,12,5,11,1300,1,2,1,1.0,3,92051,M,,,92
201200043032,12,5,15,1140,1,2,1,3.0,6,92051,M,,,92
201200043033,12,5,18,1935,1,2,2,1.0,3,92051,M,,,92
201200043034,12,5,21,2205,5,2,1,2.0,6,92051,M,,,92
201200043035,12,5,16,1110,1,2,1,1.0,6,92051,M,,,92
201200043036,12,5,22,1600,1,2,1,8.0,1,92051,M,,,92
201200043037,12,5,21,755,1,2,1,2.0,6,92051,M,,,92
201200043038,12,5,14,2000,1,2,1,1.0,3,92051,M,,,92
201200043039,12,6,4,745,1,2,2,1.0,3,92051,M,,,92
201200043040,12,6,2,2000,1,2,1,1.0,3,92051,M,,,92
201200043041,12,6,11,1645,1,2,1,1.0,2,92051,M,,,92
201200043042,12,6,18,1815,1,2,1,1.0,2,92051,M,,,92
201200043043,12,6,16,905,1,2,1,2.0,6,92051,M,,,92
201200043044,12,6,8,850,1,2,3,8.0,3,92051,M,,,92
201200043045,12,6,16,2035,1,2,1,1.0,2,92051,M,,,92
201200043046,12,6,22,2305,5,2,1,1.0,7,92051,M,,,92
201200043047,12,6,25,2210,2,2,1,1.0,1,92051,M,,,92
201200043048,12,6,26,800,1,2,1,2.0,6,92051,M,,,92
201200043049,12,6,26,830,1,2,1,2.0,6,92051,M,,,92
201200043050,12,6,27,755,1,2,1,1.0,2,92051,M,,,92
201200043051,12,6,28,1530,1,2,1,1.0,5,92051,M,,,92
201200043052,12,6,28,1650,1,2,1,1.0,7,92051,M,,,92
201200043053,12,6,29,1030,1,2,1,8.0,3,92051,M,,,92
201200043054,12,7,2,2255,5,2,1,1.0,5,92051,M,,,92
201200043055,12,7,8,550,2,2,1,2.0,2,92051,M,,,92
201200043056,12,7,9,2345,5,2,1,1.0,3,92051,M,,,92
201200043057,12,7,11,444,2,2,1,1.0,6,92051,M,,,92
201200043058,12,7,16,1655,1,2,1,1.0,2,92051,M,,,92
201200043059,12,7,14,1040,1,2,1,1.0,2,92051,M,,,92
201200043060,12,7,24,800,1,2,1,1.0,3,92051,M,,,92
201200043061,12,7,25,1310,1,2,1,7.0,6,92051,M,,,92
201200043062,12,7,28,1245,1,2,1,1.0,3,92051,M,,,92
201200043063,12,7,30,1045,1,2,2,1.0,3,92051,M,,,92
201200043064,12,7,4,1450,1,2,1,1.0,3,92051,M,,,92
201200043065,12,8,1,2025,2,2,1,1.0,3,92051,M,,,92
201200043066,12,8,30,2347,5,2,1,1.0,6,92051,M,,,92
201200043067,12,9,8,1310,1,2,1,1.0,6,92051,M,,,92
201200043068,12,9,4,1910,1,2,1,1.0,2,92051,M,,,92
201200043069,12,9,4,1240,1,2,2,1.0,3,92051,M,,,92
201200043070,12,9,14,225,5,2,1,1.0,7,92051,M,,,92
201200043071,12,9,22,1610,1,2,1,1.0,3,92051,M,,,92
201200043072,12,9,27,2020,5,2,1,1.0,3,92051,M,,,92
201200043073,12,9,29,52,5,2,1,1.0,6,92051,M,,,92
201200043074,12,10,2,1045,1,2,1,1.0,4,92051,M,,,92
201200043075,12,10,7,1,5,2,1,1.0,3,92051,M,,,92
201200043076,12,9,26,1445,1,2,1,1.0,6,92051,M,,,92
201200043077,12,9,27,820,1,2,1,1.0,3,92051,M,,,92
201200043078,12,10,12,1140,1,2,1,1.0,3,92051,M,,,92
201200043079,12,10,15,1855,2,2,1,1.0,6,92051,M,,,92
201200043080,12,9,2,1510,1,2,1,1.0,3,92051,M,,,92
201200043081,12,9,27,930,1,2,1,2.0,7,92051,M,,,92
201200043082,12,10,23,110,5,2,1,1.0,7,92051,M,,,92
201200043083,12,10,21,1115,1,2,1,1.0,7,92051,M,,,92
201200043084,12,10,17,1745,1,2,1,2.0,4,92051,M,,,92
201200043085,12,10,22,1930,4,2,1,1.0,6,92051,M,,,92
201200043086,12,10,17,1005,1,2,2,8.0,7,92051,M,,,92
201200043087,12,10,17,1535,1,2,2,3.0,3,92051,M,,,92
201200043088,12,10,3,943,1,2,1,1.0,7,92051,M,,,92
201200043089,12,10,25,1145,1,2,2,1.0,7,92051,M,,,92
201200043090,12,10,29,1930,5,2,1,1.0,3,92051,M,,,92
201200043091,12,11,1,320,5,2,1,1.0,3,92051,M,,,92
201200043092,12,11,11,10,5,2,1,1.0,4,92051,M,,,92
201200043093,12,11,12,1210,1,2,1,8.0,6,92051,M,,,92
201200043094,12,11,9,1916,5,1,1,2.0,6,92051,M,,,92
201200043095,12,11,23,1,5,2,1,1.0,6,92051,M,,,92
201200043096,12,11,18,1625,2,2,1,8.0,3,92051,M,,,92
201200043097,12,11,20,1410,1,2,1,1.0,2,92051,M,,,92
201200043098,12,11,21,1415,1,2,1,1.0,2,92051,M,,,92