Num_Acc,an,mois,jour,hrmn,lum,agg,int,atm,col,com,gps,lat,long,dep
201200043099,12,11,23,2255,5,2,1,2.0,7,92051,M,,,92
201200043100,12,11,18,1850,5,2,1,8.0,2,92051,M,,,92
201200043101,12,11,21,1000,1,2,1,2.0,3,92051,M,,,92
201200043102,12,11,19,1940,1,2,2,1.0,3,92051,M,,,92
201200043103,12,12,16,1950,5,2,1,1.0,3,92051,M,,,92
201200043104,12,12,19,2010,5,2,1,2.0,7,92051,M,,,92
201200043105,12,12,19,940,1,2,1,1.0,3,92051,M,,,92
201200043106,12,12,20,2310,5,2,1,2.0,7,92051,M,,,92
201200043107,12,12,24,2325,5,2,1,1.0,2,92051,M,,,92
201200043108,12,12,3,1055,1,2,1,8.0,2,92051,M,,,92
201200043109,12,12,5,830,1,2,1,1.0,7,92051,M,,,92
201200043110,12,12,18,1455,1,2,1,2.0,6,92051,M,,,92
201200043111,12,12,19,1000,1,2,1,1.0,3,92051,M,,,92
201200043112,12,12,19,1620,2,2,2,2.0,3,92051,M,,,92
201200043113,12,12,21,920,1,2,1,1.0,7,92051,M,,,92
201200043114,12,12,30,1445,1,2,1,1.0,3,92062,M,,,92
201200043115,12,1,6,630,5,2,1,1.0,6,92062,M,,,92
201200043116,12,1,6,1850,5,2,1,1.0,3,92062,M,,,92
201200043117,12,1,10,900,1,2,1,1.0,2,92062,M,,,92
201200043118,12,1,11,845,1,2,1,1.0,2,92062,M,,,92
201200043119,12,1,11,1640,1,2,2,1.0,3,92062,M,,,92
201200043120,12,1,12,1320,1,2,1,1.0,5,92062,M,,,92
201200043121,12,6,1,1655,1,2,1,1.0,6,92062,M,,,92
201200043122,12,1,31,1835,5,2,1,1.0,6,92062,M,,,92
201200043123,12,2,3,1015,1,2,1,1.0,2,92062,M,,,92
201200043124,12,2,3,1825,5,2,2,1.0,3,92062,M,,,92
201200043125,12,2,10,1900,5,2,2,1.0,3,92062,M,,,92
201200043126,12,2,10,125,5,2,1,1.0,7,92062,M,,,92
201200043127,12,2,24,1440,1,2,1,1.0,3,92062,M,,,92
201200043128,12,2,24,1535,1,2,1,1.0,2,92062,M,,,92
201200043129,12,2,26,1640,1,2,6,1.0,7,92062,M,,,92
201200043130,12,3,9,1225,1,2,1,1.0,6,92062,M,,,92
201200043131,12,3,13,1310,1,2,2,1.0,6,92062,M,,,92
201200043132,12,3,12,2020,5,2,2,1.0,3,92062,M,,,92
201200043133,12,3,14,1250,1,2,1,1.0,2,92062,M,,,92
201200043134,12,3,18,1925,5,2,1,1.0,3,92062,M,,,92
201200043135,12,3,18,1930,5,2,9,1.0,3,92062,M,,,92
201200043136,12,3,22,905,1,2,3,1.0,3,92062,M,,,92
201200043137,12,3,29,825,1,2,1,1.0,6,92062,M,,,92
201200043138,12,3,30,1735,1,2,2,1.0,3,92062,M,,,92
201200043139,12,4,19,823,1,2,1,1.0,3,92062,M,,,92
201200043140,12,4,20,915,1,2,1,2.0,4,92062,M,,,92
201200043141,12,4,22,1900,1,2,1,1.0,6,92062,M,,,92
201200043142,12,4,29,1345,1,2,2,1.0,3,92062,M,,,92
201200043143,12,5,18,1710,1,2,1,1.0,6,92062,M,,,92
201200043144,12,5,31,940,1,2,2,1.0,6,92062,M,,,92
201200043145,12,6,11,1410,1,2,1,1.0,2,92062,M,,,92
201200043146,12,6,15,1945,1,2,2,2.0,1,92062,M,,,92
201200043147,12,6,17,845,1,2,1,1.0,6,92062,M,,,92
201200043148,12,6,24,1215,1,2,1,2.0,6,92062,M,,,92
201200043149,12,7,3,1535,1,2,3,1.0,2,92062,M,,,92
201200043150,12,7,6,505,2,2,3,1.0,3,92062,M,,,92
201200043151,12,7,7,120,5,2,1,1.0,3,92062,M,,,92
201200043152,12,7,11,1140,1,2,1,8.0,6,92062,M,,,92
201200043153,12,7,21,2015,2,2,1,1.0,5,92062,M,,,92
201200043154,12,7,24,2045,2,2,3,1.0,3,92062,M,,,92
201200043155,12,8,1,935,1,2,1,1.0,3,92062,M,,,92
201200043156,12,8,2,1200,1,2,1,1.0,3,92062,M,,,92
201200043157,12,8,10,1925,1,2,1,1.0,2,92062,M,,,92
201200043158,12,8,20,1105,1,2,1,1.0,2,92062,M,,,92
201200043159,12,8,29,1930,1,2,1,1.0,2,92062,M,,,92
201200043160,12,9,7,1645,1,2,1,1.0,2,92062,M,,,92
201200043161,12,9,9,1700,1,2,1,1.0,2,92062,M,,,92
201200043162,12,9,20,830,1,2,2,1.0,6,92062,M,,,92
201200043163,12,9,20,1515,1,2,2,1.0,3,92062,M,,,92
201200043164,12,9,24,1850,2,2,1,1.0,3,92062,M,,,92
201200043165,12,10,10,650,5,2,3,8.0,3,92062,M,,,92
201200043166,12,10,14,1125,1,2,1,1.0,6,92062,M,,,92
201200043167,12,10,15,845,2,2,1,2.0,5,92062,M,,,92
201200043168,12,10,15,1340,1,2,3,8.0,6,92062,M,,,92
201200043169,12,10,17,1245,1,2,3,3.0,6,92062,M,,,92
201200043170,12,10,18,1750,2,2,3,3.0,6,92062,M,,,92
201200043171,12,10,19,810,1,2,1,1.0,6,92062,M,,,92
201200043172,12,10,19,1345,1,2,1,1.0,3,92062,M,,,92
201200043173,12,10,19,1400,1,2,1,8.0,3,92062,M,,,92
201200043174,12,10,22,1425,1,2,1,1.0,6,92062,M,,,92
201200043175,12,10,25,840,2,2,1,8.0,3,92062,M,,,92
201200043176,12,10,29,716,2,2,9,8.0,3,92062,M,,,92
201200043177,12,11,3,300,5,2,1,1.0,6,92062,M,,,92
201200043178,12,11,3,315,5,2,3,1.0,3,92062,M,,,92
201200043179,12,11,12,850,1,2,1,1.0,6,92062,M,,,92
201200043180,12,11,14,940,1,2,1,8.0,7,92062,M,,,92
201200043181,12,11,15,25,5,2,1,1.0,2,92062,M,,,92
201200043182,12,11,27,1035,1,2,1,8.0,6,92062,M,,,92
201200043183,12,11,27,1818,2,2,1,2.0,6,92062,M,,,92
201200043184,12,11,28,1624,1,2,1,2.0,6,92062,M,,,92
201200043185,12,11,30,855,1,2,3,8.0,6,92062,M,,,92
201200043186,12,11,30,915,1,2,1,1.0,2,92062,M,,,92
201200043187,12,12,4,1850,2,1,3,8.0,2,92062,M,,,92
201200043188,12,12,15,1830,2,2,1,1.0,6,92062,M,,,92
201200043189,12,1,9,1400,1,2,4,1.0,2,92063,M,,,92
201200043190,12,1,10,1805,5,2,1,1.0,6,92063,M,,,92
201200043191,12,1,11,915,1,2,1,1.0,4,92063,M,,,92
201200043192,12,1,11,1320,1,2,1,1.0,2,92063,M,,,92
201200043193,12,1,15,1605,1,2,3,1.0,6,92063,M,,,92
201200043194,12,1,19,930,1,2,1,2.0,6,92063,M,,,92
201200043195,12,1,21,1855,5,2,1,2.0,3,92063,M,,,92
201200043196,12,1,25,935,1,2,6,1.0,6,92063,M,,,92
201200043197,12,1,26,1020,1,2,1,1.0,2,92063,M,,,92
201200043198,12,1,26,1030,1,2,1,1.0,2,92063,M,,,92
201200043199,12,1,31,810,5,2,2,1.0,3,92063,M,,,92
201200043200,12,2,1,1300,1,2,7,1.0,3,92063,M,,,92
201200043201,12,2,1,1605,1,2,1,1.0,6,92063,M,,,92
201200043202,12,2,2,1620,1,2,1,1.0,4,92063,M,,,92
201200043203,12,2,9,825,1,2,3,1.0,3,92063,M,,,92
201200043204,12,2,14,1350,1,2,3,1.0,3,92063,M,,,92
201200043205,12,2,15,2055,2,2,1,2.0,2,92063,M,,,92
201200043206,12,2,17,2015,5,2,1,1.0,6,92063,M,,,92
201200043207,12,3,8,825,1,2,1,1.0,3,92063,M,4851983.0,211872.0,92
201200043208,12,3,12,1553,1,2,3,1.0,3,92063,M,4852727.0,210644.0,92
201200043209,12,3,15,2250,5,2,1,1.0,2,92063,M,4852474.0,210037.0,92
201200043210,12,3,21,850,1,2,1,1.0,3,92063,M,,,92
201200043211,12,3,23,335,5,2,1,1.0,6,92063,M,,,92
201200043212,12,3,30,1540,1,2,2,1.0,3,92063,M,,,92
201200043213,12,4,2,1825,1,2,1,1.0,6,92063,M,,,92
201200043214,12,4,4,945,1,2,1,1.0,3,92063,M,,,92
201200043215,12,4,4,912,1,2,1,1.0,2,92063,M,,,92
201200043216,12,4,4,1840,1,2,3,1.0,3,92063,M,,,92
201200043217,12,4,7,1945,2,2,1,1.0,6,92063,M,,,92
201200043218,12,4,11,1300,1,2,1,1.0,3,92063,M,,,92
201200043219,12,4,19,1635,1,2,1,1.0,4,92063,M,,,92
201200043220,12,4,26,425,5,2,1,1.0,6,92063,M,,,92
201200043221,12,5,9,1835,1,2,1,1.0,2,92063,M,,,92
201200043222,12,5,23,1815,1,2,1,1.0,6,92063,M,,,92
201200043223,12,5,30,1200,1,2,1,1.0,6,92063,M,,,92
201200043224,12,6,8,925,1,2,3,1.0,3,92063,M,,,92
201200043225,12,6,9,1435,1,2,1,1.0,1,92063,M,,,92
201200043226,12,6,10,1840,1,2,1,2.0,6,92063,M,,,92
201200043227,12,6,14,830,1,2,2,1.0,3,92063,M,,,92
201200043228,12,6,15,1740,1,2,2,1.0,4,92063,M,,,92
201200043229,12,6,23,1230,1,2,1,1.0,6,92063,M,,,92
201200043230,12,6,24,1450,1,2,2,3.0,3,92063,M,,,92
201200043231,12,6,25,1330,1,2,1,1.0,2,92063,M,,,92
201200043232,12,6,25,2020,2,2,1,1.0,2,92063,M,,,92
201200043233,12,6,26,1700,1,2,1,1.0,3,92063,M,,,92
201200043234,12,6,26,1945,1,2,2,1.0,1,92063,M,,,92
201200043235,12,6,30,2215,5,2,1,1.0,3,92063,M,,,92
201200043236,12,7,4,1345,1,2,1,1.0,3,92063,M,,,92
201200043237,12,7,11,905,1,2,1,1.0,3,92063,M,,,92
201200043238,12,7,13,1850,1,2,1,2.0,6,92063,M,,,92
201200043239,12,7,15,1455,1,2,2,1.0,3,92063,M,,,92
201200043240,12,7,17,1920,1,2,1,1.0,6,92063,M,,,92
201200043241,12,7,25,1535,1,2,3,1.0,3,92063,M,,,92
201200043242,12,8,3,1840,1,2,1,1.0,6,92063,M,,,92
201200043243,12,8,28,1910,1,2,1,1.0,3,92063,M,,,92
201200043244,12,8,29,1505,1,2,1,1.0,3,92063,M,,,92
201200043245,12,8,31,800,1,2,1,1.0,6,92063,M,,,92
201200043246,12,9,3,940,1,2,2,1.0,3,92063,M,,,92
201200043247,12,9,17,1600,1,2,3,1.0,3,92063,M,,,92
201200043248,12,9,20,145,5,2,3,1.0,3,92063,M,,,92
201200043249,12,9,21,1825,2,2,1,2.0,3,92063,M,,,92
201200043250,12,9,21,1800,2,2,1,2.0,6,92063,M,,,92
201200043251,12,9,21,2030,2,2,1,2.0,7,92063,M,,,92
201200043252,12,9,26,1640,1,2,1,2.0,6,92063,M,,,92
201200043253,12,9,29,1635,1,1,1,1.0,5,92063,M,,,92
201200043254,12,10,5,1400,1,2,3,1.0,6,92063,M,,,92
201200043255,12,10,6,2050,3,2,1,2.0,6,92063,M,,,92
201200043256,12,10,11,1955,2,2,2,2.0,6,92063,M,,,92
201200043257,12,10,17,2015,2,2,1,1.0,7,92063,M,,,92
201200043258,12,10,22,900,1,2,2,1.0,3,92063,M,,,92
201200043259,12,10,23,1750,1,2,1,1.0,7,92063,M,,,92
201200043260,12,10,26,1340,1,2,1,1.0,7,92063,M,,,92
201200043261,12,10,26,2020,5,2,1,1.0,1,92063,M,,,92
201200043262,12,10,26,2025,5,2,1,1.0,7,92063,M,,,92
201200043263,12,10,31,1025,1,2,1,1.0,6,92063,M,,,92
201200043264,12,10,30,1700,1,2,1,1.0,7,92063,M,,,92
201200043265,12,11,9,1300,1,2,1,1.0,6,92063,M,,,92
201200043266,12,11,11,310,5,2,3,2.0,6,92063,M,,,92
201200043267,12,11,12,905,1,2,1,1.0,7,92063,M,,,92
201200043268,12,11,19,1225,1,2,1,1.0,3,92063,M,,,92
201200043269,12,11,23,1700,2,2,3,1.0,3,92063,M,,,92
201200043270,12,12,1,1345,1,2,1,1.0,2,92063,M,,,92
201200043271,12,12,4,805,5,2,1,2.0,7,92063,M,,,92
201200043272,12,12,5,2335,5,2,1,1.0,3,92063,M,,,92
201200043273,12,12,8,1605,1,2,1,1.0,1,92063,M,,,92
201200043274,12,12,10,1910,5,2,1,1.0,3,92063,M,,,92
201200043275,12,12,18,820,2,2,1,2.0,7,92063,M,,,92
201200043276,12,12,19,2000,5,2,1,3.0,6,92063,M,,,92
201200043277,12,12,20,2105,5,2,1,2.0,7,92063,M,,,92
201200043278,12,12,22,1400,1,2,3,1.0,6,92063,M,,,92
201200043279,12,12,27,2200,5,2,1,1.0,1,92063,M,,,92
201200043280,12,12,30,10,5,2,1,1.0,6,92063,M,,,92
201200043281,12,12,31,1155,1,2,1,1.0,6,92063,M,,,92
201200043282,12,1,3,1750,2,2,1,3.0,4,92064,M,,,92
201200043283,12,1,5,715,2,2,3,2.0,3,92064,M,,,92
201200043284,12,1,6,820,2,2,3,1.0,3,92064,M,,,92
201200043285,12,1,7,1545,1,2,3,1.0,3,92064,M,,,92
201200043286,12,1,7,1830,5,2,2,1.0,3,92033,M,,,92
201200043287,12,1,18,1700,2,2,1,2.0,2,92064,M,,,92
201200043288,12,1,20,1930,2,2,2,2.0,3,92064,M,,,92
201200043289,12,1,22,1950,5,2,1,1.0,3,92064,M,,,92
201200043290,12,1,23,905,1,2,1,1.0,2,92064,M,,,92
201200043291,12,1,25,1330,1,1,3,2.0,3,92064,M,,,92
201200043292,12,1,30,2000,5,2,1,1.0,6,92064,M,,,92
201200043293,12,2,10,805,1,2,1,1.0,2,92064,M,,,92
201200043294,12,2,14,1315,1,2,1,1.0,3,92064,M,,,92
201200043295,12,2,15,1835,2,2,1,1.0,2,92033,M,,,92
201200043296,12,2,21,2100,5,2,1,1.0,3,92064,M,,,92
201200043297,12,2,27,1850,5,2,1,1.0,6,92064,M,,,92
201200043298,12,3,2,1750,2,2,1,1.0,3,92064,M,,,92
201200043299,12,3,2,1755,2,2,1,1.0,3,92064,M,,,92
201200043300,12,3,12,1325,1,2,1,1.0,4,92064,M,,,92
201200043301,12,3,19,1915,2,2,1,1.0,2,92064,M,,,92
201200043302,12,3,23,910,1,2,1,1.0,3,92064,M,,,92
201200043303,12,3,26,855,1,2,1,1.0,4,92064,M,,,92
201200043304,12,3,28,1015,1,2,1,1.0,6,92064,M,,,92
201200043305,12,3,28,1205,1,2,1,1.0,6,92047,M,,,92
201200043306,12,3,29,1340,1,2,2,1.0,3,92064,M,,,92
201200043307,12,4,5,2150,5,2,3,1.0,7,92033,M,,,92
201200043308,12,4,7,1930,2,2,3,1.0,3,92076,M,,,92
201200043309,12,4,8,1225,1,2,9,1.0,6,92064,M,,,92
201200043310,12,4,10,1835,1,2,1,3.0,7,92064,M,,,92
201200043311,12,4,12,1500,1,2,7,1.0,5,92033,M,,,92
201200043312,12,4,17,220,5,2,1,1.0,7,92064,M,,,92
201200043313,12,4,17,1240,1,2,1,2.0,2,92064,M,,,92
201200043314,12,4,18,1330,1,2,3,1.0,3,92064,M,,,92
201200043315,12,4,18,1950,2,2,1,1.0,6,92033,M,,,92
201200043316,12,4,20,1410,1,2,1,1.0,6,92064,M,,,92
201200043317,12,4,24,1550,1,2,1,1.0,6,92064,M,,,92
201200043318,12,5,3,1700,1,2,2,1.0,3,92076,M,,,92
201200043319,12,5,4,1730,1,2,1,1.0,6,92033,M,,,92
201200043320,12,5,7,1800,1,2,1,1.0,3,92064,M,,,92
201200043321,12,5,12,1905,1,2,1,1.0,7,92064,M,,,92
201200043322,12,5,15,1720,1,2,2,1.0,2,92064,M,,,92
201200043323,12,5,17,35,5,2,1,1.0,7,92033,M,,,92
201200043324,12,5,17,1215,1,2,1,1.0,7,92033,M,,,92
201200043325,12,5,17,1820,1,2,1,1.0,3,92047,M,,,92
201200043326,12,5,22,1900,1,2,1,1.0,3,92064,M,,,92
201200043327,12,5,24,855,1,2,2,1.0,3,92033,M,,,92
201200043328,12,5,25,1010,1,2,1,1.0,3,92064,M,,,92
201200043329,12,5,30,940,1,2,2,1.0,3,92076,M,,,92
201200043330,12,6,2,2020,1,2,1,1.0,3,92047,M,,,92
201200043331,12,6,3,1540,1,1,9,1.0,3,92076,M,,,92
201200043332,12,6,5,1430,1,2,1,1.0,7,92064,M,,,92
201200043333,12,6,6,900,1,2,1,1.0,3,92033,M,,,92
201200043334,12,6,6,1750,1,2,6,2.0,7,92076,M,,,92
201200043335,12,6,7,1355,1,2,1,3.0,6,92033,M,,,92
201200043336,12,6,7,1655,1,2,1,1.0,6,92064,M,,,92
201200043337,12,6,8,1935,1,2,1,1.0,2,92047,M,,,92
201200043338,12,6,10,1800,1,2,1,3.0,7,92076,M,,,92
201200043339,12,6,14,915,1,2,7,1.0,3,92076,M,,,92
201200043340,12,6,15,900,1,2,2,8.0,7,92064,M,,,92
201200043341,12,6,15,2150,5,2,1,2.0,7,92076,M,,,92
201200043342,12,6,17,1250,1,2,1,1.0,6,92064,M,,,92
201200043343,12,6,22,1030,1,2,1,1.0,3,92064,M,,,92
201200043344,12,6,26,20,5,2,1,1.0,7,92064,M,,,92
201200043345,12,6,26,1420,1,2,1,1.0,7,92076,M,,,92
201200043346,12,6,29,845,1,2,1,2.0,7,92064,M,,,92
201200043347,12,6,29,1550,1,2,3,1.0,3,92064,M,,,92
201200043348,12,6,30,1350,1,2,1,1.0,7,92033,M,,,92
201200043349,12,7,1,1405,1,2,1,1.0,4,92064,M,,,92
201200043350,12,7,1,2115,2,2,1,1.0,1,92033,M,,,92
201200043351,12,7,6,1340,1,2,1,1.0,3,92064,M,,,92
201200043352,12,7,6,2020,1,2,1,1.0,3,92064,M,,,92
201200043353,12,7,11,755,1,2,2,2.0,3,92064,M,,,92
201200043354,12,7,11,1340,1,2,1,1.0,6,92033,M,,,92
201200043355,12,7,11,1600,1,2,3,1.0,4,92076,M,,,92
201200043356,12,7,13,1145,1,2,1,1.0,6,92076,M,,,92
201200043357,12,7,21,1650,1,2,3,1.0,5,92064,M,,,92
201200043358,12,7,21,2150,5,2,1,1.0,1,92076,M,,,92
201200043359,12,7,22,2020,1,2,3,1.0,3,92064,M,,,92
201200043360,12,7,25,1805,1,2,1,1.0,2,92076,M,,,92
201200043361,12,7,25,2320,5,2,1,1.0,7,92033,M,,,92
201200043362,12,7,31,1825,1,2,1,1.0,6,92076,M,,,92
201200043363,12,8,3,820,1,2,1,1.0,4,92064,M,,,92
201200043364,12,8,4,1940,1,2,9,1.0,7,92064,M,,,92
201200043365,12,8,5,1605,1,2,2,1.0,1,92076,M,,,92
201200043366,12,8,18,2200,5,2,1,1.0,7,92064,M,,,92
201200043367,12,8,23,1030,1,2,1,1.0,7,92064,M,,,92
201200043368,12,8,23,2030,5,2,1,1.0,6,92076,M,,,92
201200043369,12,8,25,15,5,2,1,1.0,6,92064,M,,,92
201200043370,12,9,6,845,1,2,1,1.0,2,92064,M,,,92
201200043371,12,9,12,840,1,2,1,1.0,6,92064,M,,,92
201200043372,12,9,13,1615,1,2,1,1.0,4,92064,M,,,92
201200043373,12,9,13,1930,1,2,1,1.0,3,92064,M,,,92
201200043374,12,9,21,1950,5,2,1,2.0,6,92064,M,,,92
201200043375,12,9,24,845,1,2,1,3.0,6,92064,M,,,92
201200043376,12,9,26,1400,1,2,1,3.0,7,92064,M,,,92
201200043377,12,9,28,2240,5,2,9,1.0,2,92064,M,,,92
201200043378,12,9,29,1250,1,2,6,1.0,2,92076,M,,,92
201200043379,12,10,1,820,1,2,2,1.0,6,92064,M,,,92
201200043380,12,10,1,1845,1,2,1,1.0,3,92064,M,,,92
201200043381,12,10,3,1000,1,2,1,1.0,2,92047,M,,,92
201200043382,12,10,4,850,1,2,1,2.0,7,92064,M,,,92
201200043383,12,10,4,1420,1,2,4,1.0,2,92064,M,,,92
201200043384,12,10,5,2230,5,2,2,1.0,7,92064,M,,,92
201200043385,12,10,11,1430,1,2,2,2.0,7,92064,M,,,92
201200043386,12,10,13,1650,1,2,1,8.0,6,92033,M,,,92
201200043387,12,10,18,1530,1,2,1,1.0,3,92064,M,,,92
201200043388,12,10,19,845,1,2,4,2.0,2,92064,M,,,92
201200043389,12,10,19,1040,1,2,1,8.0,2,92076,M,,,92
201200043390,12,10,19,1938,5,2,3,2.0,6,92064,M,,,92
201200043391,12,10,24,1030,1,2,1,1.0,6,92064,M,,,92
201200043392,12,10,25,820,1,2,1,1.0,6,92064,M,,,92
201200043393,12,10,26,840,1,2,1,1.0,6,92064,M,,,92
201200043394,12,10,27,2000,5,2,1,1.0,3,92064,M,,,92
201200043395,12,10,31,1330,1,2,1,1.0,3,92064,M,,,92
201200043396,12,10,31,1623,1,2,1,1.0,3,92064,M,,,92
201200043397,12,11,3,1450,1,2,1,1.0,6,92076,M,,,92
201200043398,12,11,4,2050,5,2,1,1.0,4,92064,M,,,92
201200043399,12,11,19,1735,5,2,1,1.0,6,92064,M,,,92
201200043400,12,11,27,1730,5,2,3,1.0,3,92064,M,,,92
201200043401,12,11,27,2040,5,2,1,1.0,7,92033,M,,,92
201200043402,12,11,30,725,5,2,1,1.0,3,92064,M,,,92
201200043403,12,11,30,1855,5,2,2,1.0,7,92076,M,,,92
201200043404,12,12,2,735,2,2,1,9.0,7,92064,M,,,92
201200043405,12,12,2,1500,1,2,1,1.0,7,92064,M,,,92
201200043406,12,12,4,2050,5,2,1,1.0,3,92064,M,,,92
201200043407,12,12,6,740,2,2,9,2.0,3,92064,M,,,92
201200043408,12,12,6,2145,5,2,1,1.0,2,92033,M,,,92
201200043409,12,12,7,1845,5,2,1,1.0,6,92033,M,,,92
201200043410,12,12,8,2125,5,2,1,1.0,3,92064,M,,,92
201200043411,12,12,14,855,1,2,1,2.0,3,92064,M,,,92
201200043412,12,12,15,1500,1,2,2,1.0,6,92064,M,,,92
201200043413,12,12,22,105,5,2,1,1.0,2,92064,M,,,92
201200043414,12,12,31,1155,1,2,1,1.0,7,92064,M,,,92
201200043415,12,1,2,600,5,2,1,2.0,6,92072,M,,,92
201200043416,12,1,5,1315,1,2,1,6.0,6,92072,M,,,92
201200043417,12,1,18,1850,5,2,1,1.0,6,92072,M,,,92
201200043418,12,2,3,1915,5,2,1,2.0,4,92077,M,,,92
201200043419,12,2,6,1615,1,2,1,1.0,6,92077,M,,,92
201200043420,12,2,9,915,1,2,1,8.0,7,92077,M,,,92
201200043421,12,2,11,45,5,2,1,1.0,7,92072,M,,,92
201200043422,12,2,13,1950,1,2,1,1.0,6,92072,M,,,92
201200043423,12,2,18,2040,5,2,1,3.0,2,92072,M,,,92
201200043424,12,2,20,735,5,2,1,1.0,7,92022,M,,,92
201200043425,12,2,20,1325,1,2,1,1.0,6,92072,M,,,92
201200043426,12,2,21,1910,5,2,1,1.0,2,92072,M,,,92
201200043427,12,3,2,1700,1,2,1,1.0,6,92072,M,,,92
201200043428,12,3,2,2045,5,2,1,1.0,2,92022,M,,,92
201200043429,12,3,14,1230,1,2,1,1.0,6,92022,M,,,92
201200043430,12,3,18,1455,1,2,1,3.0,2,92072,M,,,92
201200043431,12,3,29,2300,5,2,1,1.0,1,92022,M,,,92
201200043432,12,3,31,1358,1,2,1,1.0,3,92072,M,,,92
201200043433,12,4,3,1615,1,2,3,1.0,3,92072,M,,,92
201200043434,12,4,8,2120,5,2,3,1.0,1,92072,M,,,92
201200043435,12,4,16,1450,1,2,1,1.0,6,92072,M,,,92
201200043436,12,4,16,1930,1,2,1,1.0,6,92072,M,,,92
201200043437,12,4,24,1105,1,2,1,1.0,6,92072,M,,,92
201200043438,12,4,28,1410,1,2,1,3.0,6,92072,M,,,92
201200043439,12,4,28,745,1,2,1,1.0,2,92072,M,,,92
201200043440,12,5,4,2045,1,2,1,1.0,6,92022,M,,,92
201200043441,12,5,5,1900,2,2,1,3.0,3,92077,M,,,92
201200043442,12,5,10,1105,1,2,2,1.0,3,92072,M,,,92
201200043443,12,5,18,925,2,2,1,1.0,3,92022,M,,,92
201200043444,12,5,18,1120,1,2,3,1.0,3,92022,M,,,92
201200043445,12,6,5,1415,1,2,1,1.0,6,92072,M,,,92
201200043446,12,6,13,1755,1,2,1,3.0,4,92022,M,,,92
201200043447,12,6,18,1635,1,2,1,1.0,1,92072,M,,,92
201200043448,12,6,24,2330,5,2,1,1.0,3,92022,M,,,92
201200043449,12,6,26,325,5,2,1,2.0,6,92077,M,,,92
201200043450,12,6,27,2135,2,2,1,1.0,6,92077,M,,,92
201200043451,12,7,3,2140,5,2,1,1.0,2,92077,M,,,92
201200043452,12,7,5,1200,1,2,1,1.0,7,92077,M,,,92
201200043453,12,7,12,1930,1,2,1,3.0,6,92072,M,,,92
201200043454,12,7,18,1030,1,2,1,1.0,6,92022,M,,,92
201200043455,12,7,29,135,5,2,1,1.0,2,92022,M,,,92
201200043456,12,8,1,1740,1,2,1,1.0,2,92072,M,,,92
201200043457,12,9,5,1135,1,2,3,1.0,1,92022,M,,,92
201200043458,12,9,6,1845,1,2,3,1.0,6,92072,M,,,92
201200043459,12,9,11,820,1,2,1,1.0,3,92077,M,,,92
201200043460,12,9,17,2030,2,2,2,1.0,3,92022,M,,,92
201200043461,12,9,21,1715,1,2,1,2.0,6,92077,M,,,92
201200043462,12,9,22,1720,1,2,4,1.0,3,92072,M,,,92
201200043463,12,9,23,1705,1,2,1,1.0,3,92022,M,,,92
201200043464,12,9,26,2345,5,2,1,3.0,6,92072,M,,,92
201200043465,12,9,29,50,5,2,1,1.0,6,92072,M,,,92
201200043466,12,10,2,1700,1,2,1,1.0,2,92072,M,,,92
201200043467,12,10,8,1405,1,2,6,3.0,7,92072,M,,,92
201200043468,12,10,11,935,1,2,1,1.0,2,92072,M,,,92
201200043469,12,10,12,140,5,2,1,2.0,6,92072,M,,,92
201200043470,12,10,15,1840,1,2,1,1.0,7,92072,M,,,92
201200043471,12,10,16,1145,1,2,1,1.0,6,92022,M,,,92
201200043472,12,10,21,1130,1,2,1,1.0,6,92022,M,,,92
201200043473,12,10,19,1840,2,2,2,2.0,3,92072,M,,,92
201200043474,12,10,29,1340,1,2,1,1.0,2,92072,M,,,92
201200043475,12,11,16,1630,1,2,1,1.0,6,92022,M,,,92
201200043476,12,11,18,1445,1,2,1,2.0,6,92072,M,,,92
201200043477,12,11,22,1145,1,2,1,1.0,3,92022,M,,,92
201200043478,12,11,23,1810,5,2,1,2.0,6,92072,M,,,92
201200043479,12,11,24,2240,5,2,1,1.0,2,92022,M,,,92
201200043480,12,11,26,1550,1,2,1,1.0,2,92022,M,,,92
201200043481,12,12,2,1115,1,2,1,1.0,7,92072,M,,,92
201200043482,12,12,2,1715,5,2,2,1.0,3,92072,M,,,92
201200043483,12,12,19,930,1,2,1,1.0,6,92022,M,,,92
201200043484,12,12,19,930,1,2,1,1.0,6,92072,M,,,92
201200043485,12,12,20,1130,1,2,1,3.0,6,92072,M,,,92
201200043486,12,12,20,1440,1,2,3,2.0,3,92072,M,,,92
201200043487,12,12,25,1130,1,2,1,1.0,6,92072,M,,,92
201200043488,12,12,27,50,5,2,1,2.0,6,92072,M,,,92
201200043489,12,12,27,1325,1,2,1,2.0,6,92072,M,,,92
201200043490,12,12,28,1640,1,2,1,2.0,6,92022,M,,,92
201200043491,12,1,25,1930,5,2,3,8.0,6,92073,M,,,92
201200043492,12,2,17,1930,5,2,2,2.0,7,92073,M,,,92
201200043493,12,2,20,1215,1,2,3,1.0,2,92073,M,,,92
201200043494,12,2,23,2335,5,2,1,1.0,2,92073,M,,,92
201200043495,12,3,9,235,5,2,2,1.0,3,92073,M,,,92
201200043496,12,3,20,900,1,2,1,1.0,3,92073,M,,,92
201200043497,12,3,23,1650,1,2,1,1.0,6,92073,M,,,92
201200043498,12,3,26,900,1,2,1,1.0,6,92073,M,,,92
201200043499,12,3,30,1200,1,2,3,1.0,2,92073,M,,,92
201200043500,12,4,3,1600,1,2,3,1.0,3,92073,M,,,92
201200043501,12,4,11,1030,1,2,3,1.0,2,92073,M,,,92
201200043502,12,4,13,2250,5,2,1,1.0,3,92073,M,,,92
201200043503,12,4,26,910,1,2,1,1.0,1,92073,M,,,92
201200043504,12,5,8,1210,1,2,2,2.0,2,92073,M,,,92