Num_Acc,an,mois,jour,hrmn,lum,agg,int,atm,col,com,gps,lat,long,dep
201200043505,12,5,31,845,1,2,1,1.0,6,92073,M,,,92
201200043506,12,6,7,1730,1,2,3,1.0,6,92073,M,,,92
201200043507,12,6,8,2255,5,2,2,3.0,5,92073,M,,,92
201200043508,12,6,13,1925,1,2,1,8.0,1,92073,M,,,92
201200043509,12,6,15,2225,5,2,1,2.0,2,92073,M,,,92
201200043510,12,6,22,1250,1,2,2,1.0,3,92073,M,,,92
201200043511,12,6,28,1245,1,2,4,1.0,4,92073,M,,,92
201200043512,12,6,28,1800,1,2,1,1.0,2,92073,M,,,92
201200043513,12,7,2,855,1,2,2,1.0,3,92073,M,,,92
201200043514,12,7,25,1245,1,2,1,1.0,2,92073,M,,,92
201200043515,12,8,7,1740,1,2,1,1.0,2,92073,M,,,92
201200043516,12,8,14,1955,1,2,1,1.0,6,92073,M,,,92
201200043517,12,8,18,1500,1,2,2,1.0,2,92073,M,,,92
201200043518,12,8,23,940,1,2,1,1.0,7,92073,M,,,92
201200043519,12,8,30,1820,1,2,2,1.0,2,92073,M,,,92
201200043520,12,9,4,2255,5,2,1,1.0,3,92073,M,,,92
201200043521,12,9,11,1840,2,2,1,1.0,7,92073,M,,,92
201200043522,12,9,15,820,1,2,1,1.0,6,92073,M,,,92
201200043523,12,9,16,1230,1,2,1,1.0,2,92073,M,,,92
201200043524,12,9,18,1815,5,2,1,1.0,3,92073,M,,,92
201200043525,12,9,26,815,1,2,1,1.0,2,92073,M,,,92
201200043526,12,9,26,1140,1,2,1,1.0,3,92073,M,,,92
201200043527,12,9,28,1715,1,2,1,1.0,7,92073,M,,,92
201200043528,12,10,16,2100,5,2,1,1.0,6,92063,M,,,92
201200043529,12,10,17,730,5,2,2,2.0,6,92073,M,,,92
201200043530,12,10,17,850,1,2,1,1.0,2,92073,M,,,92
201200043531,12,10,18,740,2,2,2,2.0,3,92073,M,,,92
201200043532,12,10,19,1305,1,2,4,2.0,7,92073,M,,,92
201200043533,12,10,22,2050,5,2,1,1.0,2,92073,M,,,92
201200043534,12,10,23,1645,1,2,1,1.0,3,92073,M,,,92
201200043535,12,10,23,1715,1,2,1,1.0,7,92073,M,,,92
201200043536,12,10,25,1125,1,2,2,1.0,3,92073,M,,,92
201200043537,12,10,26,700,5,2,2,1.0,2,92073,M,,,92
201200043538,12,11,3,100,5,2,2,9.0,3,92073,M,,,92
201200043539,12,11,13,825,1,2,1,2.0,6,92073,M,,,92
201200043540,12,12,2,1755,1,2,2,1.0,7,92073,M,,,92
201200043541,12,12,3,720,5,2,1,2.0,6,92073,M,,,92
201200043542,12,12,3,1355,1,2,1,2.0,6,92073,M,,,92
201200043543,12,12,18,1,5,2,1,1.0,3,92073,M,,,92
201200043544,12,12,19,810,1,2,1,1.0,2,92073,M,,,92
201200043545,12,12,20,1350,1,2,1,2.0,3,92073,M,,,92
201200043546,12,12,22,40,5,2,1,1.0,6,92073,M,,,92
201200043547,12,12,24,1605,1,2,1,1.0,7,92073,M,,,92
201200043548,12,12,25,1610,1,2,9,1.0,6,92073,M,,,92
201200043549,12,12,29,1505,1,2,1,1.0,6,92073,M,,,92
201200043550,12,1,4,1300,1,2,2,1.0,6,92075,M,4882437.0,345699.0,92
201200043551,12,1,6,855,1,2,4,1.0,6,92075,M,,,92
201200043552,12,1,17,2350,5,2,3,1.0,6,92075,M,,,92
201200043553,12,1,17,1735,2,2,1,1.0,6,92046,M,,,92
201200043554,12,1,19,2000,5,2,2,2.0,3,92046,M,,,92
201200043555,12,1,20,1810,5,2,1,2.0,6,92046,M,,,92
201200043556,12,1,20,1935,5,2,4,1.0,6,92046,M,,,92
201200043557,12,1,24,745,5,2,1,1.0,3,92075,M,,,92
201200043558,12,1,25,835,1,2,1,2.0,6,92046,M,,,92
201200043559,12,1,25,1215,1,2,2,1.0,3,92046,M,,,92
201200043560,12,2,2,820,1,2,2,1.0,6,92046,M,,,92
201200043561,12,2,9,330,5,2,6,9.0,7,92046,M,,,92
201200043562,12,2,25,1835,5,2,1,2.0,1,92075,M,,,92
201200043563,12,2,26,1920,5,2,2,1.0,3,92046,M,,,92
201200043564,12,2,29,710,2,2,2,1.0,3,92046,M,,,92
201200043565,12,3,5,1430,1,2,1,9.0,3,92046,M,,,92
201200043566,12,3,15,15,5,2,2,1.0,3,92046,M,,,92
201200043567,12,3,19,2030,5,2,1,1.0,6,92075,M,,,92
201200043568,12,3,22,1545,1,2,1,1.0,3,92075,M,,,92
201200043569,12,3,24,1925,5,2,1,1.0,6,92046,M,,,92
201200043570,12,3,30,1740,1,2,1,1.0,6,92046,M,,,92
201200043571,12,4,11,1535,1,2,1,1.0,5,92046,M,,,92
201200043572,12,4,13,1650,1,2,2,1.0,6,92075,M,,,92
201200043573,12,4,14,40,5,2,3,1.0,3,92046,M,,,92
201200043574,12,5,3,830,1,2,1,1.0,6,92075,M,,,92
201200043575,12,5,4,1935,1,2,2,6.0,6,92075,M,,,92
201200043576,12,5,9,2055,2,2,2,1.0,6,92075,M,,,92
201200043577,12,5,16,915,1,2,1,1.0,6,92046,M,,,92
201200043578,12,5,15,1725,1,2,2,2.0,6,92046,M,,,92
201200043579,12,5,18,1840,1,2,1,1.0,3,92046,M,,,92
201200043580,12,5,21,1500,1,2,1,3.0,6,92046,M,,,92
201200043581,12,5,27,1950,1,2,1,1.0,6,92046,M,,,92
201200043582,12,5,28,410,5,2,1,1.0,6,92046,M,,,92
201200043583,12,6,3,1135,1,2,2,1.0,6,92046,M,,,92
201200043584,12,5,31,1635,1,2,2,7.0,6,92046,M,,,92
201200043585,12,6,14,1335,1,2,6,1.0,6,92075,M,,,92
201200043586,12,6,13,1825,1,2,2,3.0,7,92075,M,,,92
201200043587,12,6,21,1410,1,2,3,1.0,3,92046,M,,,92
201200043588,12,6,28,1950,1,2,6,1.0,2,92046,M,,,92
201200043589,12,7,1,1155,1,2,1,1.0,3,92075,M,,,92
201200043590,12,6,29,1830,1,2,1,1.0,3,92046,M,,,92
201200043591,12,7,2,1640,1,2,1,1.0,7,92075,M,,,92
201200043592,12,7,12,745,1,2,2,1.0,2,92046,M,,,92
201200043593,12,7,13,1800,2,2,1,2.0,6,92075,M,,,92
201200043594,12,7,13,1020,1,2,2,1.0,3,92046,M,,,92
201200043595,12,9,9,915,1,2,1,1.0,3,92046,M,,,92
201200043596,12,9,13,1730,1,2,2,1.0,3,92046,M,,,92
201200043597,12,9,14,2340,5,2,6,1.0,6,92075,M,,,92
201200043598,12,9,24,905,1,2,1,2.0,7,92075,M,,,92
201200043599,12,9,24,1215,1,2,3,2.0,2,92046,M,,,92
201200043600,12,9,28,1940,5,2,2,1.0,3,92046,M,,,92
201200043601,12,9,29,1430,1,2,4,1.0,3,92075,M,,,92
201200043602,12,10,4,1200,1,2,7,1.0,6,92075,M,,,92
201200043603,12,10,8,915,1,2,1,2.0,6,92075,M,,,92
201200043604,12,10,8,1620,1,2,6,1.0,2,92075,M,,,92
201200043605,12,10,10,1250,1,2,4,2.0,6,92046,M,,,92
201200043606,12,10,16,1015,1,2,1,1.0,7,92075,M,,,92
201200043607,12,10,18,745,5,2,2,1.0,3,92075,M,,,92
201200043608,12,10,24,1016,1,2,1,1.0,6,92075,M,,,92
201200043609,12,10,24,1435,1,2,3,1.0,3,92046,M,,,92
201200043610,12,10,25,1005,1,2,1,1.0,6,92046,M,,,92
201200043611,12,10,26,930,1,2,1,8.0,1,92046,M,,,92
201200043612,12,10,29,650,5,2,5,1.0,6,92075,M,,,92
201200043613,12,11,1,1110,1,2,1,1.0,7,92046,M,,,92
201200043614,12,11,2,2025,5,2,1,2.0,6,92046,M,,,92
201200043615,12,11,5,1910,5,2,3,1.0,3,92046,M,,,92
201200043616,12,11,13,1020,1,2,3,2.0,7,92046,M,,,92
201200043617,12,11,18,1900,5,2,1,1.0,4,92075,M,,,92
201200043618,12,11,22,935,1,2,3,1.0,3,92046,M,,,92
201200043619,12,12,4,800,2,2,2,3.0,6,92046,M,,,92
201200043620,12,12,10,1225,1,2,1,1.0,6,92075,M,,,92
201200043621,12,12,12,1005,1,2,1,1.0,7,92075,M,,,92
201200043622,12,12,20,1400,1,2,1,2.0,6,92046,M,,,92
201200043623,12,1,19,1230,1,2,1,1.0,1,92078,M,,,92
201200043624,12,2,7,2335,5,2,1,4.0,7,92078,M,,,92
201200043625,12,2,9,1940,5,2,1,1.0,3,92078,M,,,92
201200043626,12,2,21,1030,1,2,1,1.0,2,92078,M,,,92
201200043627,12,3,10,1600,1,2,2,1.0,3,92078,M,,,92
201200043628,12,3,17,1850,5,2,1,3.0,7,92078,M,,,92
201200043629,12,4,4,1200,1,2,1,1.0,3,92078,M,,,92
201200043630,12,4,4,2235,3,2,2,1.0,3,92078,M,,,92
201200043631,12,4,12,1325,1,2,1,1.0,7,92078,M,,,92
201200043632,12,4,27,1225,1,2,1,1.0,5,92078,M,,,92
201200043633,12,4,27,1450,1,2,1,1.0,2,92078,M,,,92
201200043634,12,4,29,2100,5,2,2,1.0,6,92078,M,,,92
201200043635,12,5,16,1020,1,2,3,1.0,7,92078,M,,,92
201200043636,12,5,31,1110,1,2,2,1.0,3,92078,M,,,92
201200043637,12,6,7,1355,1,2,1,2.0,2,92078,M,,,92
201200043638,12,6,15,755,1,2,1,2.0,6,92078,M,,,92
201200043639,12,6,18,1515,1,2,1,1.0,7,92078,M,,,92
201200043640,12,7,4,1040,1,2,1,1.0,7,92078,M,,,92
201200043641,12,8,2,910,1,2,1,1.0,6,92078,M,,,92
201200043642,12,8,8,2030,5,2,1,1.0,1,92078,M,,,92
201200043643,12,8,17,1430,1,2,3,1.0,3,92078,M,,,92
201200043644,12,8,22,1725,1,2,9,1.0,2,92078,M,,,92
201200043645,12,8,23,955,1,2,1,1.0,3,92078,M,,,92
201200043646,12,8,23,2130,5,2,1,1.0,7,92078,M,,,92
201200043647,12,9,12,2234,5,2,9,1.0,3,92078,M,,,92
201200043648,12,9,22,1030,1,2,1,1.0,6,92078,M,,,92
201200043649,12,10,4,825,1,2,2,3.0,3,92078,M,,,92
201200043650,12,10,5,1215,1,2,1,1.0,2,92078,M,,,92
201200043651,12,10,10,1230,1,2,2,1.0,6,92078,M,,,92
201200043652,12,10,26,150,5,2,1,1.0,7,92078,M,,,92
201200043653,12,11,5,1600,1,2,1,2.0,3,92078,M,,,92
201200043654,12,11,9,1750,2,2,1,2.0,6,92078,M,,,92
201200043655,12,12,10,705,2,2,2,1.0,3,92078,M,,,92
201200043656,12,12,14,1245,1,2,1,2.0,3,92078,M,,,92
201200043657,12,1,9,205,4,2,1,1.0,7,92062,M,,,92
201200043658,12,1,10,1030,1,2,1,1.0,7,92062,M,,,92
201200043659,12,1,17,1530,1,2,1,1.0,2,92062,M,,,92
201200043660,12,2,12,2020,1,1,2,1.0,3,92026,M,,,92
201200043661,12,2,17,2045,5,2,3,1.0,3,92062,M,,,92
201200043662,12,2,23,915,1,2,1,1.0,5,92026,M,,,92
201200043663,12,3,7,1800,1,2,1,2.0,5,92062,M,,,92
201200043664,12,3,13,920,1,2,9,1.0,4,92026,M,,,92
201200043665,12,5,15,1930,1,2,1,2.0,2,92062,M,,,92
201200043666,12,3,22,2310,5,2,3,1.0,3,92026,M,,,92
201200043667,12,4,17,1755,1,2,1,2.0,3,92062,M,,,92
201200043668,12,4,1,640,2,2,1,1.0,6,92062,M,,,92
201200043669,12,4,3,1900,1,2,1,1.0,4,92062,M,,,92
201200043670,12,4,9,2200,5,2,1,2.0,7,92062,M,,,92
201200043671,12,4,14,1215,1,2,1,1.0,7,92062,M,,,92
201200043672,12,4,24,10,5,2,3,2.0,3,92026,M,,,92
201200043673,12,5,9,1310,1,2,1,1.0,2,92026,M,,,92
201200043674,12,5,18,2050,2,2,1,1.0,5,92026,M,,,92
201200043675,12,5,24,1230,1,1,1,1.0,6,92062,M,,,92
201200043676,12,6,9,820,2,2,1,1.0,6,92026,M,,,92
201200043677,12,6,21,1835,1,2,1,1.0,2,92062,M,,,92
201200043678,12,6,25,1620,1,2,1,1.0,6,92026,M,,,92
201200043679,12,6,25,1815,1,2,1,1.0,6,92026,M,,,92
201200043680,12,7,9,1425,1,2,9,1.0,3,92026,M,,,92
201200043681,12,7,20,1335,1,2,1,1.0,7,92062,M,,,92
201200043682,12,8,3,1225,1,2,1,1.0,7,92050,M,,,92
201200043683,12,8,25,1640,1,2,2,1.0,3,92026,M,,,92
201200043684,12,8,25,1940,1,2,1,1.0,7,92062,M,,,92
201200043685,12,9,7,1730,1,2,1,1.0,6,92026,M,,,92
201200043686,12,9,11,1640,1,2,1,2.0,7,92026,M,,,92
201200043687,12,9,25,210,5,2,1,1.0,6,92062,M,,,92
201200043688,12,10,11,1825,2,2,1,2.0,6,92062,M,,,92
201200043689,12,10,19,2230,5,2,1,1.0,6,92026,M,,,92
201200043690,12,10,20,755,2,2,1,1.0,6,92026,M,,,92
201200043691,12,10,24,35,3,2,1,1.0,6,92062,M,,,92
201200043692,12,11,1,1320,1,2,4,1.0,7,92026,M,,,92
201200043693,12,11,4,1934,5,2,3,1.0,3,92026,M,,,92
201200043694,12,10,30,550,2,2,1,1.0,7,92062,M,,,92
201200043695,12,11,27,530,3,2,1,1.0,7,92026,M,,,92
201200043696,12,11,28,1745,5,2,3,1.0,3,92026,M,,,92
201200043697,12,12,13,2330,5,2,1,8.0,6,92062,M,,,92
201200043698,12,1,5,1530,1,2,3,8.0,3,93001,M,,,93
201200043699,12,1,8,1540,1,2,1,1.0,6,93001,M,,,93
201200043700,12,1,11,1310,1,2,1,1.0,2,93001,M,,,93
201200043701,12,1,18,1330,1,2,3,8.0,3,93001,M,,,93
201200043702,12,1,21,1310,1,2,1,2.0,6,93001,M,,,93
201200043703,12,1,23,1245,1,2,1,1.0,2,93001,M,,,93
201200043704,12,1,24,55,5,2,1,2.0,6,93001,M,,,93
201200043705,12,1,24,1140,1,2,1,1.0,6,93001,M,,,93
201200043706,12,1,31,1605,1,2,1,1.0,3,93001,M,,,93
201200043707,12,2,4,1625,1,2,1,1.0,6,93001,M,4891900.0,239049.0,93
201200043708,12,2,9,1650,1,2,3,1.0,6,93001,M,4891029.0,239104.0,93
201200043709,12,2,19,10,5,2,1,3.0,6,93001,M,4891790.0,238686.0,93
201200043710,12,2,21,530,5,2,1,1.0,3,93001,M,4891860.0,239232.0,93
201200043711,12,2,21,1150,1,2,1,1.0,1,93001,M,,,93
201200043712,12,2,23,1650,1,2,1,2.0,7,93001,M,,,93
201200043713,12,2,24,1245,1,2,1,1.0,6,93001,M,,,93
201200043714,12,3,7,1630,1,2,1,2.0,3,93001,M,,,93
201200043715,12,3,9,1340,1,2,1,1.0,6,93001,M,4890630.0,238982.0,93
201200043716,12,3,13,1835,1,2,1,1.0,2,93001,M,4891390.0,238211.0,93
201200043717,12,3,14,2000,5,2,1,1.0,7,93001,M,4891520.0,240135.0,93
201200043718,12,3,15,110,4,2,6,1.0,6,93001,M,,,93
201200043719,12,3,19,1745,1,2,1,1.0,6,93001,M,4891450.0,238971.0,93
201200043720,12,3,20,1150,1,1,1,1.0,6,93001,M,,,93
201200043721,12,3,10,2345,5,2,1,1.0,3,93001,M,4890690.0,237988.0,93
201200043722,12,4,1,1935,2,2,1,1.0,6,93001,M,4891197.0,239132.0,93
201200043723,12,4,5,2000,1,2,1,1.0,6,93001,M,4890500.0,238705.0,93
201200043724,12,4,7,1925,2,2,1,8.0,3,93001,M,4890920.0,238662.0,93
201200043725,12,4,20,40,5,2,1,8.0,4,93001,M,,,93
201200043726,12,4,25,1225,1,2,1,2.0,6,93001,M,,,93
201200043727,12,4,29,2030,2,2,3,1.0,3,93001,M,,,93
201200043728,12,5,7,1045,1,2,3,1.0,6,93001,M,4891090.0,238505.0,93
201200043729,12,5,9,1625,1,2,1,1.0,4,93001,M,,,93
201200043730,12,5,10,1830,1,2,1,1.0,6,93001,M,,,93
201200043731,12,5,11,1245,1,2,1,2.0,6,93001,M,,,93
201200043732,12,5,14,1225,1,2,1,1.0,6,93001,M,,,93
201200043733,12,5,14,1345,1,2,1,1.0,2,93001,M,4891450.0,238830.0,93
201200043734,12,5,15,700,1,2,1,1.0,3,93001,M,,,93
201200043735,12,5,15,1825,1,2,1,1.0,6,93001,M,4891590.0,239887.0,93
201200043736,12,5,19,820,1,2,1,1.0,6,93001,M,,,93
201200043737,12,5,22,1150,1,2,1,1.0,6,93001,M,4890461.0,239158.0,93
201200043738,12,5,22,1655,1,2,5,1.0,6,93001,M,4891500.0,238612.0,93
201200043739,12,5,23,2005,1,2,1,1.0,3,93001,M,4891090.0,238496.0,93
201200043740,12,5,25,1545,1,2,1,1.0,2,93001,M,4891080.0,237912.0,93
201200043741,12,5,26,20,5,2,1,1.0,6,93001,M,,,93
201200043742,12,5,27,1215,1,2,1,1.0,3,93001,M,,,93
201200043743,12,5,27,2025,1,2,2,1.0,3,93001,M,4890600.0,238974.0,93
201200043744,12,6,1,1630,1,2,1,1.0,6,93001,M,,,93
201200043745,12,6,6,2020,2,2,1,2.0,6,93001,M,,,93
201200043746,12,6,7,640,1,2,1,1.0,6,93001,M,,,93
201200043747,12,6,7,1920,1,2,1,1.0,6,93001,M,4890690.0,238884.0,93
201200043748,12,6,12,1525,1,2,1,1.0,6,93001,M,,,93
201200043749,12,6,15,1730,1,2,1,1.0,1,93001,M,4892110.0,239960.0,93
201200043750,12,6,18,1550,1,2,1,1.0,6,93001,M,4891470.0,239939.0,93
201200043751,12,6,19,840,1,2,1,1.0,6,93001,M,,,93
201200043752,12,6,21,350,5,2,3,1.0,7,93001,M,,,93
201200043753,12,6,22,126,5,2,5,1.0,6,93001,M,,,93
201200043754,12,6,22,755,1,2,3,1.0,6,93001,M,,,93
201200043755,12,6,25,1625,1,2,4,1.0,6,93001,M,4891240.0,238519.0,93
201200043756,12,6,25,1925,1,2,9,1.0,6,93001,M,,,93
201200043757,12,6,28,1707,1,2,1,1.0,6,93001,M,4891670.0,238655.0,93
201200043758,12,6,29,2140,5,2,3,1.0,1,93001,M,,,93
201200043759,12,6,30,1535,1,2,2,1.0,3,93001,M,,,93
201200043760,12,7,3,630,2,2,1,1.0,3,93001,M,4891510.0,237956.0,93
201200043761,12,7,4,905,1,2,1,1.0,6,93001,M,4890250.0,238454.0,93
201200043762,12,7,10,955,1,2,1,1.0,2,93001,M,,,93
201200043763,12,7,11,710,2,2,1,2.0,6,93001,M,,,93
201200043764,12,7,11,1435,1,2,1,1.0,6,93001,M,4892172.0,239451.0,93
201200043765,12,7,15,430,5,2,2,1.0,3,93001,M,,,93
201200043766,12,7,20,2030,1,2,3,1.0,3,93001,M,4891366.0,238050.0,93
201200043767,12,7,22,755,1,2,1,1.0,2,93001,M,,,93
201200043768,12,7,23,1530,1,2,1,1.0,6,93001,M,4891490.0,237686.0,93
201200043769,12,7,26,1520,1,2,1,1.0,7,93001,M,4891010.0,238572.0,93
201200043770,12,7,27,1430,1,2,1,1.0,2,93001,M,,,93
201200043771,12,7,29,217,5,2,2,1.0,2,93001,M,,,93
201200043772,12,7,30,705,2,2,1,8.0,3,93001,M,4890670.0,237293.0,93
201200043773,12,7,31,2045,1,2,1,1.0,6,93001,M,4890660.0,238875.0,93
201200043774,12,8,3,815,1,2,1,1.0,6,93001,M,,,93
201200043775,12,8,3,1519,1,2,1,2.0,6,93001,M,4891252.0,240171.0,93
201200043776,12,8,4,1920,2,2,1,1.0,6,93001,M,,,93
201200043777,12,8,6,1605,1,2,1,1.0,6,93001,M,,,93
201200043778,12,8,10,915,1,2,2,1.0,3,93001,M,,,93
201200043779,12,8,14,1845,1,2,1,1.0,6,93001,M,4891530.0,236941.0,93
201200043780,12,8,15,1325,1,2,1,1.0,3,93001,M,,,93
201200043781,12,8,17,1915,1,2,1,1.0,6,93001,M,4890320.0,238788.0,93
201200043782,12,8,20,2040,1,2,1,1.0,6,93001,M,4890930.0,237800.0,93
201200043783,12,8,24,1330,1,2,1,1.0,6,93001,M,,,93
201200043784,12,8,24,1550,1,2,1,1.0,6,93001,M,4891640.0,238994.0,93
201200043785,12,8,26,1145,1,2,1,1.0,3,93001,M,,,93
201200043786,12,9,1,1955,1,2,3,1.0,3,93001,M,,,93
201200043787,12,9,3,1445,1,2,3,1.0,3,93001,M,,,93
201200043788,12,9,3,1843,1,2,2,8.0,6,93001,M,,,93
201200043789,12,9,9,1516,1,2,9,1.0,6,93001,M,,,93
201200043790,12,9,11,1450,1,2,1,2.0,6,93001,M,,,93
201200043791,12,9,12,2110,5,2,1,1.0,3,93001,M,,,93
201200043792,12,9,19,945,1,2,3,1.0,3,93001,M,,,93
201200043793,12,9,19,1930,1,2,1,1.0,6,93001,M,,,93
201200043794,12,9,23,1735,1,2,1,1.0,6,93001,M,,,93
201200043795,12,9,29,835,1,2,9,1.0,4,93001,M,,,93
201200043796,12,9,30,225,5,2,1,1.0,6,93001,M,,,93
201200043797,12,9,30,1655,1,2,1,1.0,6,93001,M,,,93
201200043798,12,10,2,1230,1,1,6,1.0,2,93001,M,4892150.0,237510.0,93
201200043799,12,10,3,1150,1,2,3,2.0,3,93001,M,4891130.0,239760.0,93
201200043800,12,10,4,1200,1,2,2,8.0,6,93001,M,4891060.0,238520.0,93
201200043801,12,10,11,1530,1,2,1,8.0,1,93001,M,4890600.0,238060.0,93
201200043802,12,10,15,900,1,2,2,1.0,6,93001,M,4891150.0,238040.0,93
201200043803,12,10,20,1740,1,2,1,2.0,3,93001,M,,,93
201200043804,12,10,22,1200,1,2,1,1.0,6,93001,M,,,93
201200043805,12,10,22,1530,1,2,1,1.0,3,93001,M,,,93
201200043806,12,10,30,845,1,2,3,1.0,3,93001,M,,,93
201200043807,12,10,30,1200,1,2,1,1.0,6,93001,M,,,93
201200043808,12,10,30,1610,1,2,1,8.0,2,93001,M,,,93
201200043809,12,11,3,2055,5,2,1,1.0,6,93001,M,,,93
201200043810,12,11,6,2205,5,2,1,1.0,6,93001,M,4892203.0,237328.0,93
201200043811,12,11,8,940,1,2,1,1.0,6,93001,M,,,93
201200043812,12,11,12,820,1,2,6,1.0,2,93001,M,4892120.0,237600.0,93
201200043813,12,11,18,2355,5,2,1,1.0,2,93001,M,,,93
201200043814,12,11,19,1245,1,2,1,1.0,3,93001,M,,,93
201200043815,12,11,22,2100,5,2,1,1.0,6,93001,M,,,93
201200043816,12,11,24,1425,1,2,1,1.0,3,93001,M,,,93
201200043817,12,11,27,1245,1,2,3,2.0,6,93001,M,,,93
201200043818,12,11,28,2220,5,2,4,2.0,3,93001,M,,,93
201200043819,12,11,29,740,2,2,1,2.0,7,93001,M,,,93
201200043820,12,11,30,1135,1,2,1,8.0,6,93001,M,,,93
201200043821,12,12,2,1435,1,2,2,1.0,1,93001,M,4891134.0,240038.0,93
201200043822,12,12,3,955,1,2,1,2.0,6,93001,M,4890251.0,238861.0,93
201200043823,12,12,4,1445,1,2,1,1.0,6,93001,M,4891528.0,239229.0,93
201200043824,12,12,5,1530,1,2,1,2.0,6,93001,M,4890645.0,238032.0,93
201200043825,12,12,6,1810,5,2,1,1.0,3,93001,M,4891528.0,237880.0,93
201200043826,12,12,6,1848,5,2,1,1.0,6,93001,M,,,93
201200043827,12,12,11,1035,1,2,1,1.0,2,93001,M,4891006.0,237873.0,93
201200043828,12,12,12,1050,1,2,2,1.0,3,93001,M,4891454.0,238572.0,93
201200043829,12,12,13,18,5,2,3,1.0,2,93001,M,,,93
201200043830,12,12,14,1505,1,2,3,3.0,3,93001,M,4890740.0,238468.0,93
201200043831,12,12,14,1700,5,2,1,2.0,6,93001,M,,,93
201200043832,12,12,14,2205,5,2,1,2.0,6,93001,M,4890812.0,237852.0,93
201200043833,12,12,15,1140,1,2,1,1.0,3,93001,M,4890863.0,239052.0,93
201200043834,12,12,19,1835,5,2,2,2.0,3,93001,M,,,93
201200043835,12,12,23,130,4,2,1,9.0,3,93001,M,4891491.0,240302.0,93
201200043836,12,12,25,1840,5,2,1,2.0,7,93001,M,,,93
201200043837,12,12,26,2150,5,2,1,3.0,3,93001,M,,,93
201200043838,12,12,27,1,3,2,5,3.0,6,93001,M,,,93
201200043839,12,1,11,1350,1,2,1,1.0,6,93071,M,,,93
201200043840,12,1,4,1550,1,2,1,8.0,2,93005,M,,,93
201200043841,12,1,11,2030,5,2,7,1.0,6,93071,M,,,93
201200043842,12,1,5,1210,1,2,1,2.0,2,93005,M,,,93
201200043843,12,1,15,1635,1,1,1,1.0,4,93071,M,,,93
201200043844,12,1,21,315,5,2,1,2.0,1,93071,M,,,93
201200043845,12,1,10,1706,1,2,1,1.0,6,93005,M,,,93
201200043846,12,1,27,1630,1,2,2,1.0,3,93071,M,,,93
201200043847,12,1,11,2315,5,2,1,1.0,7,93005,M,,,93
201200043848,12,1,12,1845,4,2,1,8.0,7,93005,M,,,93
201200043849,12,2,9,1400,1,2,5,1.0,3,93071,M,4893350.0,251607.0,93
201200043850,12,1,20,1025,1,2,1,2.0,2,93005,M,,,93
201200043851,12,2,9,1140,1,2,1,1.0,6,93071,M,4893290.0,253573.0,93
201200043852,12,1,22,730,2,2,1,1.0,7,93005,M,,,93
201200043853,12,2,14,1930,5,2,2,2.0,6,93071,M,,,93
201200043854,12,1,25,900,1,2,1,2.0,1,93005,M,,,93
201200043855,12,3,2,630,5,2,1,2.0,1,93071,M,4893850.0,251309.0,93
201200043856,12,1,27,725,2,2,2,1.0,6,93005,M,,,93
201200043857,12,3,9,920,1,2,2,1.0,3,93071,M,4894330.0,252480.0,93
201200043858,12,1,27,1315,1,2,1,1.0,1,93005,M,,,93
201200043859,12,3,11,1500,1,2,1,1.0,3,93071,M,4893990.0,251527.0,93
201200043860,12,1,28,1115,1,2,2,1.0,7,93005,M,,,93
201200043861,12,3,11,2115,5,2,2,1.0,6,93071,M,4892840.0,251876.0,93
201200043862,12,2,1,2030,5,2,2,1.0,3,93005,M,4892760.0,251108.0,93
201200043863,12,3,14,1430,1,2,4,1.0,1,93071,M,4893020.0,252870.0,93
201200043864,12,2,4,1415,1,2,3,1.0,3,93005,M,4895730.0,250403.0,93
201200043865,12,3,27,2040,5,2,2,1.0,3,93071,M,,,93
201200043866,12,3,30,1530,1,2,1,1.0,2,93071,M,,,93
201200043867,12,2,5,1900,3,2,1,1.0,6,93005,M,4895112.0,248076.0,93
201200043868,12,2,7,745,1,2,1,1.0,2,93005,M,4895342.0,250411.0,93
201200043869,12,4,6,1655,1,2,2,1.0,6,93071,M,4894200.0,252060.0,93
201200043870,12,2,7,1355,1,2,2,1.0,3,93005,M,4894950.0,251986.0,93
201200043871,12,2,9,815,1,2,1,1.0,6,93005,M,4894541.0,250949.0,93
201200043872,12,4,18,1830,1,2,1,8.0,6,93071,M,4894640.0,252213.0,93
201200043873,12,2,9,1605,1,2,1,1.0,3,93005,M,4895938.0,250317.0,93
201200043874,12,4,25,845,1,2,2,1.0,3,93071,M,4893600.0,252090.0,93
201200043875,12,2,11,1350,1,2,4,1.0,3,93005,M,4895420.0,249891.0,93
201200043876,12,4,30,1540,1,2,3,1.0,3,93071,M,4894070.0,253187.0,93
201200043877,12,2,13,910,1,2,9,1.0,7,93005,M,4895380.0,251035.0,93
201200043878,12,5,11,1130,1,2,1,2.0,6,93071,M,,,93
201200043879,12,2,16,1010,1,2,6,8.0,6,93005,M,4894020.0,249478.0,93
201200043880,12,5,15,2000,1,2,1,1.0,6,93071,M,4893910.0,253206.0,93
201200043881,12,2,16,1220,1,2,1,1.0,2,93005,M,4894170.0,248845.0,93
201200043882,12,5,16,1600,1,2,2,1.0,3,93071,M,,,93
201200043883,12,2,17,2205,5,2,6,2.0,1,93005,M,4892990.0,250191.0,93
201200043884,12,5,17,36,5,2,1,1.0,2,93071,M,,,93