Num_Acc,an,mois,jour,hrmn,lum,agg,int,atm,col,com,gps,lat,long,dep
201200043885,12,2,19,1020,1,2,3,1.0,6,93005,M,4893580.0,250292.0,93
201200043886,12,2,20,2215,5,2,3,1.0,3,93005,M,4894620.0,249341.0,93
201200043887,12,5,26,955,1,2,1,1.0,2,93071,M,,,93
201200043888,12,2,21,830,1,2,1,1.0,6,93005,M,,,93
201200043889,12,2,22,850,1,2,2,1.0,3,93005,M,4892670.0,250877.0,93
201200043890,12,5,26,1415,1,2,1,1.0,6,93071,M,4894120.0,253215.0,93
201200043891,12,2,23,1130,1,2,6,1.0,2,93005,M,4893880.0,248900.0,93
201200043892,12,5,26,2220,4,2,2,1.0,6,93071,M,4894150.0,251848.0,93
201200043893,12,6,1,2330,5,2,1,1.0,3,93071,M,4893540.0,252003.0,93
201200043894,12,2,25,1600,1,2,1,1.0,6,93005,M,4895390.0,251044.0,93
201200043895,12,6,7,1605,1,2,1,1.0,3,93071,M,4893290.0,253125.0,93
201200043896,12,6,12,1700,1,2,2,1.0,1,93071,M,4893970.0,251263.0,93
201200043897,12,3,5,1720,1,2,1,2.0,3,93005,M,4894400.0,248666.0,93
201200043898,12,6,16,900,1,2,1,2.0,6,93071,M,4894530.0,254713.0,93
201200043899,12,3,7,958,1,2,1,1.0,6,93005,M,4894850.0,249323.0,93
201200043900,12,6,19,2000,1,2,3,1.0,3,93071,M,,,93
201200043901,12,3,9,645,2,2,1,1.0,7,93005,M,4895370.0,250037.0,93
201200043902,12,6,20,2350,5,2,2,1.0,1,93071,M,,,93
201200043903,12,3,10,900,1,2,1,1.0,6,93005,M,4893980.0,248620.0,93
201200043904,12,6,25,1020,1,2,1,1.0,1,93071,M,4894050.0,251189.0,93
201200043905,12,3,12,1650,1,2,3,1.0,1,93005,M,4891930.0,249191.0,93
201200043906,12,6,25,1716,1,2,2,1.0,3,93071,M,,,93
201200043907,12,7,5,1850,1,2,3,2.0,3,93071,M,4892890.0,253227.0,93
201200043908,12,3,19,820,1,2,4,1.0,1,93005,M,,,93
201200043909,12,7,6,1500,1,2,1,1.0,6,93071,M,4893490.0,253536.0,93
201200043910,12,7,6,1600,1,2,6,2.0,1,93071,M,,,93
201200043911,12,3,19,2000,5,2,3,1.0,3,93005,M,,,93
201200043912,12,7,12,220,5,2,1,1.0,7,93071,M,,,93
201200043913,12,3,22,1215,1,2,1,1.0,2,93005,M,,,93
201200043914,12,3,26,1900,1,2,3,1.0,2,93005,M,,,93
201200043915,12,7,26,1640,1,2,1,1.0,2,93071,M,4894050.0,252373.0,93
201200043916,12,3,27,1536,1,2,1,7.0,5,93005,M,,,93
201200043917,12,3,28,1015,1,2,8,1.0,6,93005,M,,,93
201200043918,12,3,28,1750,1,2,3,1.0,1,93005,M,,,93
201200043919,12,8,4,1550,1,2,1,1.0,7,93071,M,4894970.0,253596.0,93
201200043920,12,4,1,1300,1,2,1,1.0,3,93005,M,,,93
201200043921,12,8,7,1635,1,2,1,1.0,4,93071,M,,,93
201200043922,12,4,5,1420,1,2,1,2.0,6,93005,M,4895250.0,251216.0,93
201200043923,12,8,23,1325,1,2,1,1.0,6,93071,M,4893880.0,253095.0,93
201200043924,12,4,9,2250,5,2,1,2.0,6,93005,M,4894820.0,250913.0,93
201200043925,12,8,31,1530,1,2,1,1.0,6,93071,M,4894000.0,251962.0,93
201200043926,12,4,11,855,1,2,1,1.0,2,93005,M,4893170.0,249984.0,93
201200043927,12,9,19,1750,1,2,1,1.0,6,93071,M,,,93
201200043928,12,4,11,1540,1,2,1,1.0,3,93005,M,,,93
201200043929,12,9,20,750,1,2,4,1.0,3,93071,M,,,93
201200043930,12,4,16,1000,1,2,9,1.0,3,93005,M,4895307.0,250150.0,93
201200043931,12,9,23,2050,5,2,1,1.0,7,93071,M,,,93
201200043932,12,9,25,1620,1,2,6,1.0,3,93071,M,,,93
201200043933,12,4,23,2055,1,2,1,1.0,2,93005,M,4894711.0,249221.0,93
201200043934,12,9,30,1350,1,2,2,1.0,5,93071,M,,,93
201200043935,12,10,4,945,1,2,1,2.0,6,93071,M,,,93
201200043936,12,4,29,1815,1,2,2,1.0,3,93005,M,4892670.0,250877.0,93
201200043937,12,10,10,735,2,2,2,2.0,3,93071,M,4892760.0,251930.0,93
201200043938,12,5,4,1320,1,2,1,2.0,6,93005,M,,,93
201200043939,12,5,11,1134,1,2,1,2.0,6,93005,M,4894200.0,250588.0,93
201200043940,12,10,13,1820,1,2,2,2.0,1,93071,M,,,93
201200043941,12,5,16,610,1,2,3,1.0,2,93005,M,,,93
201200043942,12,10,15,1705,1,2,3,1.0,6,93071,M,4894290.0,252640.0,93
201200043943,12,5,17,1705,1,2,6,1.0,4,93005,M,,,93
201200043944,12,10,17,1800,2,2,1,2.0,6,93071,M,4894770.0,252800.0,93
201200043945,12,5,19,450,5,2,2,1.0,6,93005,M,,,93
201200043946,12,10,20,1215,1,2,1,2.0,6,93071,M,,,93
201200043947,12,11,2,1630,1,2,1,2.0,6,93071,M,4893929.0,252595.0,93
201200043948,12,5,22,2010,2,2,1,1.0,3,93005,M,4893150.0,248875.0,93
201200043949,12,11,14,840,1,2,3,1.0,3,93071,M,4894016.0,252156.0,93
201200043950,12,5,26,1450,1,2,1,1.0,2,93005,M,,,93
201200043951,12,11,14,920,1,2,6,2.0,3,93071,M,4893005.0,252968.0,93
201200043952,12,5,28,1920,1,2,1,1.0,2,93005,M,4892510.0,251140.0,93
201200043953,12,11,15,1105,1,2,1,8.0,6,93071,M,,,93
201200043954,12,6,3,1250,1,2,1,8.0,3,93005,M,4892650.0,251028.0,93
201200043955,12,11,18,1130,1,2,1,2.0,3,93071,M,4893726.0,251421.0,93
201200043956,12,11,23,1720,5,2,1,2.0,6,93071,M,,,93
201200043957,12,6,8,605,2,2,3,1.0,3,93005,M,,,93
201200043958,12,11,29,940,1,2,1,1.0,6,93071,M,,,93
201200043959,12,6,9,1900,1,2,1,1.0,1,93071,M,4892910.0,251332.0,93
201200043960,12,6,11,730,1,2,3,2.0,7,93005,M,4893970.0,250830.0,93
201200043961,12,6,11,1425,1,2,1,1.0,4,93005,M,4893170.0,249991.0,93
201200043962,12,6,12,2140,1,2,2,1.0,3,93005,M,4892680.0,248740.0,93
201200043963,12,6,13,1435,1,2,2,1.0,3,93005,M,4895600.0,249631.0,93
201200043964,12,6,14,2345,5,2,6,2.0,2,93005,M,,,93
201200043965,12,6,20,1850,1,2,1,1.0,6,93005,M,4895050.0,251095.0,93
201200043966,12,6,22,1350,1,2,1,1.0,7,93005,M,4895710.0,250365.0,93
201200043967,12,6,23,1304,1,1,1,1.0,7,93005,M,4895810.0,246518.0,93
201200043968,12,6,23,2030,1,2,1,1.0,6,93005,M,4894990.0,249130.0,93
201200043969,12,6,28,645,1,2,1,1.0,1,93005,M,4895050.0,251094.0,93
201200043970,12,6,28,1850,1,2,1,1.0,4,93005,M,,,93
201200043971,12,6,22,1800,1,2,1,1.0,6,93005,M,4895570.0,249671.0,93
201200043972,12,6,29,1410,1,2,1,1.0,6,93005,M,4892620.0,248623.0,93
201200043973,12,6,30,2000,2,2,1,1.0,6,93005,M,4895610.0,248866.0,93
201200043974,12,7,5,1830,1,2,1,3.0,6,93005,M,,,93
201200043975,12,7,6,1700,1,2,1,2.0,7,93005,M,,,93
201200043976,12,7,8,1230,1,2,3,8.0,3,93005,M,4892670.0,249680.0,93
201200043977,12,7,10,1800,1,2,1,1.0,6,93005,M,4894810.0,249288.0,93
201200043978,12,7,13,620,2,2,2,2.0,3,93005,M,4894970.0,248848.0,93
201200043979,12,7,18,2110,2,2,1,1.0,6,93005,M,4892970.0,250854.0,93
201200043980,12,7,19,1500,1,2,1,1.0,2,93005,M,4895820.0,247798.0,93
201200043981,12,7,26,1750,1,2,3,1.0,3,93005,M,,,93
201200043982,12,7,26,1725,1,2,1,1.0,2,93005,M,,,93
201200043983,12,7,28,1930,1,2,2,1.0,2,93005,M,,,93
201200043984,12,8,2,1740,1,2,1,1.0,6,93005,M,4895050.0,251480.0,93
201200043985,12,8,8,1915,1,2,2,1.0,3,93005,M,4893750.0,248742.0,93
201200043986,12,8,12,1255,1,2,1,1.0,3,93005,M,4892680.0,249635.0,93
201200043987,12,8,14,400,5,2,1,1.0,2,93005,M,,,93
201200043988,12,8,16,1620,1,2,1,1.0,2,93071,M,4895020.0,252292.0,93
201200043989,12,8,17,920,1,2,2,1.0,6,93005,M,4895600.0,250162.0,93
201200043990,12,8,30,1900,1,2,1,1.0,6,93005,M,4895570.0,249671.0,93
201200043991,12,8,31,1510,1,1,1,1.0,3,93005,M,,,93
201200043992,12,9,6,1415,1,2,3,1.0,3,93005,M,,,93
201200043993,12,9,8,1630,1,2,1,1.0,6,93005,M,,,93
201200043994,12,9,11,1000,1,2,1,2.0,6,93005,M,,,93
201200043995,12,9,11,550,5,2,6,2.0,3,93005,M,,,93
201200043996,12,9,19,930,1,2,2,7.0,3,93005,M,,,93
201200043997,12,9,22,1730,1,2,1,1.0,7,93005,M,,,93
201200043998,12,9,25,1430,1,2,1,1.0,2,93005,M,,,93
201200043999,12,9,26,1430,1,2,1,1.0,6,93005,M,,,93
201200044000,12,9,29,1430,1,1,1,1.0,7,93005,M,,,93
201200044001,12,9,29,1930,1,2,2,1.0,3,93005,M,,,93
201200044002,12,10,3,1440,1,2,9,8.0,6,93005,M,,,93
201200044003,12,10,3,1500,1,2,1,2.0,6,93005,M,4895240.0,250870.0,93
201200044004,12,10,8,1730,1,2,1,2.0,3,93005,M,4893190.0,249210.0,93
201200044005,12,10,9,750,1,2,2,2.0,3,93005,M,4895240.0,249060.0,93
201200044006,12,10,10,810,2,2,3,2.0,2,93005,M,,,93
201200044007,12,10,13,50,5,2,1,1.0,1,93005,M,4892800.0,250800.0,93
201200044008,12,10,14,2110,5,2,2,3.0,3,93005,M,,,93
201200044009,12,10,15,1800,1,2,2,1.0,3,93005,M,4894020.0,250210.0,93
201200044010,12,11,2,1920,5,2,5,1.0,3,93005,M,4893580.0,249388.0,93
201200044011,12,11,5,1920,5,2,2,1.0,1,93005,M,4894319.0,249797.0,93
201200044012,12,11,6,130,5,2,1,1.0,6,93005,M,,,93
201200044013,12,11,8,20,5,2,1,1.0,3,93005,M,4893903.0,249555.0,93
201200044014,12,11,12,1020,1,2,3,1.0,3,93005,M,,,93
201200044015,12,11,12,1850,5,2,1,1.0,3,93005,M,4894950.0,251710.0,93
201200044016,12,11,13,750,1,2,2,2.0,3,93005,M,4892400.0,248630.0,93
201200044017,12,11,15,1830,1,2,1,1.0,6,93005,M,4892253.0,250952.0,93
201200044018,12,11,19,1255,1,2,1,2.0,2,93005,M,,,93
201200044019,12,11,22,1650,1,2,1,1.0,7,93005,M,,,93
201200044020,12,11,24,1000,1,2,1,1.0,2,93005,M,,,93
201200044021,12,11,25,1435,1,2,1,1.0,6,93005,M,,,93
201200044022,12,11,26,855,1,2,1,1.0,3,93005,M,,,93
201200044023,12,11,27,1010,1,2,1,1.0,6,93005,M,,,93
201200044024,12,11,29,1300,1,2,1,1.0,3,93005,M,,,93
201200044025,12,11,29,1915,5,2,1,1.0,2,93005,M,,,93
201200044026,12,12,6,540,5,2,3,9.0,2,93005,M,,,93
201200044027,12,12,4,1800,5,2,1,2.0,7,93005,M,4895120.0,251392.0,93
201200044028,12,12,9,1300,1,2,1,1.0,6,93005,M,,,93
201200044029,12,12,9,1610,1,2,2,1.0,3,93005,M,4895445.0,250619.0,93
201200044030,12,12,11,2115,5,2,3,1.0,3,93005,M,4893970.0,250792.0,93
201200044031,12,1,1,1630,1,2,1,2.0,1,93007,M,,,93
201200044032,12,1,2,1750,2,2,1,2.0,3,93007,M,,,93
201200044033,12,1,3,1750,5,2,1,2.0,6,93007,M,,,93
201200044034,12,1,4,700,5,2,8,8.0,6,93007,M,,,93
201200044035,12,1,9,1740,5,2,1,1.0,6,93007,M,,,93
201200044036,12,1,21,1920,5,2,2,2.0,3,93007,M,,,93
201200044037,12,1,24,1440,1,2,1,2.0,2,93007,M,,,93
201200044038,12,1,24,1940,5,2,1,2.0,6,93007,M,,,93
201200044039,12,1,28,2345,5,2,6,1.0,7,93007,M,,,93
201200044040,12,2,2,1730,2,2,1,9.0,3,93007,M,4894220.0,247532.0,93
201200044041,12,2,3,1500,1,2,2,1.0,2,93007,M,4892274.0,247138.0,93
201200044042,12,2,6,1630,1,2,1,8.0,6,93007,M,4893950.0,246183.0,93
201200044043,12,2,7,1220,1,2,2,1.0,3,93007,M,4894440.0,245566.0,93
201200044044,12,2,12,2100,5,2,1,1.0,6,93007,M,,,93
201200044045,12,2,13,1140,1,2,1,8.0,2,93007,M,,,93
201200044046,12,2,14,1040,1,2,1,2.0,1,93007,M,,,93
201200044047,12,2,26,1920,2,2,1,1.0,7,93007,M,,,93
201200044048,12,3,4,1600,1,2,1,2.0,6,93007,M,4894720.0,245901.0,93
201200044049,12,3,17,1150,1,2,1,1.0,1,93007,M,,,93
201200044050,12,3,20,1710,1,2,1,1.0,6,93007,M,4893870.0,245967.0,93
201200044051,12,3,30,1250,1,2,1,1.0,6,93007,M,4892340.0,246601.0,93
201200044052,12,4,1,1825,1,2,1,1.0,6,93007,M,4892560.0,247609.0,93
201200044053,12,4,7,5,4,2,2,1.0,5,93007,M,4895020.0,245456.0,93
201200044054,12,4,16,1930,1,2,2,1.0,3,93007,M,4894070.0,246314.0,93
201200044055,12,5,2,1545,1,2,3,2.0,6,93007,M,,,93
201200044056,12,5,9,1410,1,2,1,1.0,6,93007,M,4894080.0,243930.0,93
201200044057,12,5,11,1625,1,2,2,1.0,6,93007,M,4894070.0,246314.0,93
201200044058,12,5,11,1755,1,2,1,1.0,6,93007,M,4892600.0,247414.0,93
201200044059,12,5,12,1505,1,2,1,1.0,6,93007,M,4893920.0,246356.0,93
201200044060,12,5,15,1900,1,2,3,1.0,3,93007,M,4893570.0,246819.0,93
201200044061,12,5,22,1545,1,2,1,1.0,2,93007,M,4893870.0,246426.0,93
201200044062,12,5,23,1720,1,2,1,1.0,3,93007,M,4892540.0,247554.0,93
201200044063,12,5,24,1235,1,2,1,1.0,6,93007,M,4894050.0,244584.0,93
201200044064,12,5,29,1840,1,2,1,1.0,3,93007,M,4892760.0,248036.0,93
201200044065,12,6,4,1635,1,2,1,1.0,6,93007,M,,,93
201200044066,12,6,4,2028,1,2,3,8.0,3,93007,M,4894333.0,244303.0,93
201200044067,12,6,10,330,5,2,1,1.0,6,93007,M,4893920.0,246611.0,93
201200044068,12,6,12,300,5,2,1,1.0,6,93007,M,4893420.0,245939.0,93
201200044069,12,6,12,1230,1,2,2,2.0,3,93007,M,4893400.0,247116.0,93
201200044070,12,6,12,1250,1,2,1,2.0,2,93007,M,4894050.0,244720.0,93
201200044071,12,6,17,1140,1,2,6,1.0,3,93007,M,,,93
201200044072,12,6,21,1255,1,2,1,2.0,6,93007,M,4892660.0,247024.0,93
201200044073,12,6,22,2335,4,2,1,1.0,3,93007,M,4892710.0,247240.0,93
201200044074,12,7,8,2124,1,2,6,1.0,3,93007,M,4892856.0,248095.0,93
201200044075,12,7,13,545,2,2,3,2.0,3,93007,M,,,93
201200044076,12,7,16,1415,1,2,1,1.0,7,93007,M,4894240.0,243783.0,93
201200044077,12,7,17,1500,1,2,1,1.0,3,93007,M,4893420.0,247671.0,93
201200044078,12,7,23,1900,1,2,9,1.0,2,93007,M,,,93
201200044079,12,8,17,600,2,2,2,1.0,7,93007,M,4894190.0,247566.0,93
201200044080,12,9,19,1740,1,2,1,1.0,6,93007,M,,,93
201200044081,12,9,27,1250,1,2,1,2.0,3,93007,M,,,93
201200044082,12,9,28,1625,1,2,1,1.0,6,93007,M,,,93
201200044083,12,10,8,2120,5,2,2,3.0,3,93007,M,,,93
201200044084,12,10,13,2000,5,2,1,2.0,1,93007,M,4894530.0,245130.0,93
201200044085,12,10,16,1340,1,2,1,1.0,2,93007,M,,,93
201200044086,12,10,17,45,3,2,1,1.0,2,93007,M,,,93
201200044087,12,10,26,1445,1,2,1,1.0,2,93007,M,,,93
201200044088,12,10,28,1945,5,2,3,1.0,3,93007,M,,,93
201200044089,12,10,29,1410,1,2,2,1.0,6,93007,M,,,93
201200044090,12,11,3,1425,1,2,3,1.0,6,93007,M,4895018.0,245459.0,93
201200044091,12,11,5,1800,2,2,1,2.0,6,93007,M,4893594.0,246701.0,93
201200044092,12,11,14,1230,1,2,1,8.0,6,93007,M,4893607.0,246655.0,93
201200044093,12,11,22,1950,5,2,1,1.0,6,93007,M,,,93
201200044094,12,11,27,845,1,2,2,1.0,6,93007,M,,,93
201200044095,12,11,27,1835,2,2,1,2.0,6,93007,M,,,93
201200044096,12,12,11,1740,5,2,9,1.0,7,93007,M,,,93
201200044097,12,12,13,820,1,2,1,2.0,6,93007,M,,,93
201200044098,12,12,18,2000,5,2,1,1.0,3,93007,M,4893581.0,246756.0,93
201200044099,12,12,21,655,5,2,1,2.0,3,93007,M,,,93
201200044100,12,1,5,820,2,2,1,2.0,7,93008,M,,,93
201200044101,12,1,5,1330,1,2,1,2.0,4,93008,M,,,93
201200044102,12,1,6,1405,1,2,6,1.0,3,93008,M,,,93
201200044103,12,1,9,1000,1,2,1,1.0,6,93008,M,,,93
201200044104,12,1,12,711,5,2,1,1.0,7,93008,M,,,93
201200044105,12,1,13,1950,5,2,1,1.0,6,93008,M,,,93
201200044106,12,1,28,2230,5,2,1,1.0,2,93008,M,,,93
201200044107,12,1,30,805,1,2,1,1.0,3,93008,M,,,93
201200044108,12,2,3,730,2,2,1,1.0,2,93008,M,4890648.0,246105.0,93
201200044109,12,2,22,1800,1,2,1,1.0,6,93008,M,4891200.0,241561.0,93
201200044110,12,2,25,1810,5,2,3,1.0,5,93008,M,4891000.0,241594.0,93
201200044111,12,2,26,1704,1,2,1,8.0,6,93008,M,4891290.0,246579.0,93
201200044112,12,2,27,717,2,2,1,1.0,6,93008,M,4890960.0,246747.0,93
201200044113,12,3,8,1720,1,2,2,1.0,6,93008,M,4891430.0,241342.0,93
201200044114,12,3,8,2127,5,2,1,1.0,6,93008,M,,,93
201200044115,12,3,16,1715,1,2,1,1.0,6,93008,M,,,93
201200044116,12,3,18,1400,1,2,3,2.0,3,93008,M,4891650.0,241847.0,93
201200044117,12,3,20,955,1,2,1,1.0,2,93008,M,,,93
201200044118,12,3,27,655,2,2,1,1.0,2,93008,M,4890140.0,245691.0,93
201200044119,12,3,27,1755,1,2,1,1.0,6,93008,M,,,93
201200044120,12,3,28,450,5,2,3,1.0,3,93008,M,,,93
201200044121,12,3,30,1540,1,2,1,1.0,6,93008,M,4890640.0,244182.0,93
201200044122,12,3,30,2330,5,2,1,1.0,7,93008,M,4890697.0,245487.0,93
201200044123,12,3,31,2300,5,2,1,1.0,3,93008,M,,,93
201200044124,12,4,3,1904,1,2,9,1.0,6,93008,M,4891700.0,241854.0,93
201200044125,12,4,4,2115,5,2,9,1.0,6,93008,M,4890800.0,244900.0,93
201200044126,12,4,22,2230,5,2,1,2.0,2,93008,M,,,93
201200044127,12,4,25,1450,1,2,1,2.0,2,93008,M,,,93
201200044128,12,4,28,630,2,2,1,2.0,1,93008,M,,,93
201200044129,12,4,28,1530,1,2,6,3.0,3,93008,M,,,93
201200044130,12,4,30,1230,1,2,1,1.0,2,93008,M,,,93
201200044131,12,5,3,1210,1,2,1,1.0,6,93008,M,4890820.0,243798.0,93
201200044132,12,5,12,630,1,2,1,1.0,1,93008,M,,,93
201200044133,12,5,15,1642,1,2,3,1.0,3,93008,M,4890790.0,246492.0,93
201200044134,12,5,17,1900,2,2,1,1.0,3,93008,M,,,93
201200044135,12,5,19,1700,1,2,2,2.0,1,93008,M,4890950.0,245436.0,93
201200044136,12,5,20,2230,5,2,1,2.0,7,93008,M,,,93
201200044137,12,5,21,729,1,2,1,2.0,6,93008,M,4890660.0,245083.0,93
201200044138,12,5,23,750,1,2,9,8.0,6,93008,M,,,93
201200044139,12,6,5,1300,1,2,1,1.0,6,93008,M,4890580.0,245244.0,93
201200044140,12,6,10,1105,1,2,1,1.0,4,93008,M,4890810.0,245304.0,93
201200044141,12,6,10,1720,1,2,1,2.0,2,93008,M,,,93
201200044142,12,6,11,940,1,2,1,2.0,6,93008,M,,,93
201200044143,12,6,17,5,5,2,1,1.0,3,93008,M,4890390.0,241809.0,93
201200044144,12,6,17,1545,1,2,3,1.0,3,93008,M,4890890.0,245041.0,93
201200044145,12,6,20,2012,1,2,1,1.0,2,93008,M,,,93
201200044146,12,6,22,1840,1,2,6,1.0,3,93008,M,,,93
201200044147,12,6,28,1720,1,2,1,1.0,6,93008,M,,,93
201200044148,12,6,29,925,1,2,2,1.0,6,93008,M,4891040.0,244273.0,93
201200044149,12,6,29,1440,1,1,1,1.0,2,93008,M,,,93
201200044150,12,7,8,2035,1,2,1,1.0,3,93008,M,,,93
201200044151,12,7,15,1430,1,2,6,1.0,2,93008,M,4890080.0,244159.0,93
201200044152,12,7,17,255,5,2,3,1.0,3,93008,M,4890750.0,242546.0,93
201200044153,12,7,18,2210,2,2,3,1.0,2,93008,M,4891035.0,244253.0,93
201200044154,12,7,24,1120,1,2,3,1.0,6,93008,M,4890972.0,246739.0,93
201200044155,12,7,27,1745,1,2,1,2.0,3,93008,M,4890846.0,245174.0,93
201200044156,12,7,28,1505,1,2,4,1.0,3,93008,M,4890720.0,245676.0,93
201200044157,12,7,31,1936,1,2,4,1.0,6,93008,M,4890660.0,245248.0,93
201200044158,12,8,5,2000,1,2,1,2.0,2,93008,M,,,93
201200044159,12,8,6,1356,1,2,4,1.0,3,93008,M,,,93
201200044160,12,8,7,210,5,2,1,2.0,7,93008,M,,,93
201200044161,12,8,8,1708,1,2,1,1.0,6,93008,M,,,93
201200044162,12,8,11,540,2,2,1,1.0,2,93008,M,,,93
201200044163,12,8,17,1930,2,2,2,1.0,7,93008,M,4890430.0,244571.0,93
201200044164,12,8,22,1335,1,2,3,1.0,3,93008,M,4890980.0,246734.0,93
201200044165,12,8,27,925,1,2,6,1.0,6,93008,M,,,93
201200044166,12,8,27,2010,1,2,3,1.0,3,93008,M,4890655.0,243334.0,93
201200044167,12,8,28,2105,5,2,1,1.0,3,93008,M,,,93
201200044168,12,8,29,1755,1,1,1,1.0,6,93008,M,4890040.0,244287.0,93
201200044169,12,8,30,2050,5,2,6,1.0,2,93008,M,4891720.0,241851.0,93
201200044170,12,9,7,1246,1,2,1,1.0,2,93008,M,,,93
201200044171,12,9,8,1300,1,2,1,1.0,1,93008,M,,,93
201200044172,12,9,10,1955,5,2,1,1.0,6,93008,M,,,93
201200044173,12,9,13,1105,1,2,6,1.0,3,93008,M,,,93
201200044174,12,9,14,56,5,2,1,1.0,3,93008,M,,,93
201200044175,12,9,16,2325,5,2,9,1.0,1,93008,M,,,93
201200044176,12,9,19,909,1,2,3,1.0,6,93008,M,,,93
201200044177,12,9,22,2131,5,2,2,1.0,3,93008,M,,,93
201200044178,12,9,24,1902,1,2,2,8.0,3,93008,M,,,93
201200044179,12,9,28,1120,1,2,3,1.0,1,93008,M,,,93
201200044180,12,9,28,2300,4,2,3,1.0,3,93008,M,,,93
201200044181,12,9,29,45,5,2,1,1.0,7,93008,M,,,93
201200044182,12,9,29,15,5,2,1,1.0,2,93008,M,,,93
201200044183,12,9,30,2150,5,2,1,1.0,3,93008,M,,,93
201200044184,12,10,3,1753,1,2,1,2.0,6,93008,M,4890650.0,244350.0,93
201200044185,12,10,6,810,2,2,4,1.0,6,93008,M,4890390.0,243980.0,93
201200044186,12,10,11,1450,1,2,1,8.0,3,93008,M,,,93
201200044187,12,10,14,1730,1,2,2,9.0,3,93008,M,4890760.0,242590.0,93
201200044188,12,10,16,1235,1,2,1,1.0,2,93008,M,,,93
201200044189,12,10,16,1418,1,2,1,1.0,3,93008,M,,,93
201200044190,12,10,16,1725,1,2,1,1.0,3,93008,M,4890860.0,245720.0,93
201200044191,12,10,22,2030,5,2,1,1.0,7,93008,M,,,93
201200044192,12,10,24,550,5,2,1,1.0,7,93008,M,,,93
201200044193,12,10,24,1935,1,2,1,1.0,6,93008,M,,,93
201200044194,12,10,28,600,5,2,1,1.0,7,93008,M,,,93
201200044195,12,10,31,1500,1,2,1,1.0,6,93008,M,,,93
201200044196,12,11,5,1425,1,2,1,2.0,7,93008,M,,,93
201200044197,12,11,5,2100,5,2,1,1.0,6,93008,M,,,93
201200044198,12,11,8,125,5,2,1,1.0,3,93008,M,4890664.0,244466.0,93
201200044199,12,11,8,2200,5,2,2,1.0,3,93008,M,,,93
201200044200,12,11,10,1325,1,2,1,1.0,5,93008,M,,,93
201200044201,12,11,13,1040,1,2,1,8.0,2,93008,M,4890211.0,244060.0,93
201200044202,12,11,19,2000,5,2,3,1.0,6,93008,M,,,93
201200044203,12,11,20,2140,5,2,6,1.0,3,93008,M,,,93
201200044204,12,11,22,855,2,2,1,1.0,6,93008,M,,,93
201200044205,12,11,20,1750,5,2,3,8.0,7,93008,M,,,93
201200044206,12,11,21,1820,5,2,1,1.0,6,93008,M,,,93
201200044207,12,11,23,1900,5,2,3,2.0,6,93008,M,,,93
201200044208,12,11,25,1705,5,2,4,1.0,6,93008,M,,,93
201200044209,12,11,27,845,1,2,1,1.0,2,93008,M,,,93
201200044210,12,11,29,1852,5,2,1,1.0,2,93008,M,,,93
201200044211,12,12,2,1845,5,2,1,1.0,1,93008,M,4891164.0,246489.0,93
201200044212,12,12,9,1500,1,2,3,8.0,3,93008,M,4890834.0,243794.0,93
201200044213,12,12,10,1150,1,2,1,2.0,2,93008,M,,,93
201200044214,12,12,17,810,1,2,1,2.0,6,93008,M,,,93
201200044215,12,12,23,1710,3,2,1,1.0,6,93008,M,,,93
201200044216,12,12,31,708,5,2,1,1.0,4,93008,M,,,93
201200044217,12,1,9,1900,5,2,1,1.0,2,93010,M,,,93
201200044218,12,1,10,830,1,2,3,2.0,1,93010,M,,,93
201200044219,12,1,11,700,5,2,2,1.0,3,93057,M,,,93
201200044220,12,1,12,1825,5,1,2,1.0,6,93010,M,,,93
201200044221,12,1,18,1445,1,2,1,2.0,6,93010,M,,,93
201200044222,12,1,23,1245,1,2,2,1.0,6,93057,M,,,93
201200044223,12,1,24,1800,5,2,3,2.0,6,93010,M,,,93
201200044224,12,2,3,850,1,2,2,1.0,3,93057,M,4891410.0,249169.0,93
201200044225,12,2,4,2045,5,2,1,9.0,3,93057,M,4890754.0,249236.0,93
201200044226,12,2,6,705,5,2,1,1.0,7,93010,M,4890458.0,247325.0,93
201200044227,12,2,6,928,1,2,9,1.0,2,93010,M,4890380.0,247586.0,93
201200044228,12,2,7,715,2,2,3,1.0,3,93057,M,4890928.0,250328.0,93
201200044229,12,2,8,40,5,2,1,4.0,7,93057,M,,,93
201200044230,12,2,13,1842,3,2,1,2.0,6,93010,M,,,93
201200044231,12,2,16,1240,1,2,1,1.0,6,93057,M,,,93
201200044232,12,2,23,725,2,2,1,2.0,6,93010,M,,,93
201200044233,12,2,28,925,1,2,1,1.0,6,93010,M,4889370.0,247868.0,93
201200044234,12,3,4,1955,5,2,3,2.0,2,93010,M,,,93
201200044235,12,3,5,247,3,2,1,1.0,6,93057,M,4890040.0,250939.0,93
201200044236,12,3,15,1430,1,2,1,1.0,6,93010,M,4890670.0,248621.0,93