Num_Acc,an,mois,jour,hrmn,lum,agg,int,atm,col,com,gps,lat,long,dep
201200044237,12,3,19,820,1,2,3,1.0,3,93010,M,4889830.0,248969.0,93
201200044238,12,3,22,2215,5,2,1,1.0,6,93010,M,4891030.0,247623.0,93
201200044239,12,3,31,130,5,2,1,1.0,6,93010,M,4889380.0,247865.0,93
201200044240,12,4,5,1325,1,2,1,1.0,3,93010,M,4890080.0,249051.0,93
201200044241,12,4,9,1450,1,2,5,8.0,6,93010,M,4890434.0,247056.0,93
201200044242,12,4,10,1535,1,2,3,2.0,4,93057,M,4890530.0,250199.0,93
201200044243,12,4,13,1715,1,2,1,1.0,2,93010,M,4890558.0,247632.0,93
201200044244,12,4,12,1410,1,2,5,1.0,3,93057,M,,,93
201200044245,12,4,26,1200,1,2,1,1.0,6,93010,M,4890110.0,247874.0,93
201200044246,12,4,28,20,5,2,1,2.0,6,93010,M,,,93
201200044247,12,5,10,930,1,2,1,1.0,6,93010,M,4890700.0,248865.0,93
201200044248,12,5,23,1635,1,2,3,1.0,2,93010,M,4889560.0,248442.0,93
201200044249,12,5,25,1330,1,2,3,1.0,3,93057,M,4891110.0,249870.0,93
201200044250,12,5,25,2150,5,2,3,1.0,6,93057,M,,,93
201200044251,12,5,27,1935,1,2,1,1.0,2,93057,M,,,93
201200044252,12,5,29,1750,1,2,1,7.0,3,93057,M,4890980.0,251424.0,93
201200044253,12,5,31,1835,1,2,1,1.0,6,93057,M,4890890.0,249587.0,93
201200044254,12,6,5,2205,3,2,1,2.0,6,93010,M,,,93
201200044255,12,6,7,1720,1,2,1,8.0,7,93057,M,,,93
201200044256,12,6,10,1405,1,2,6,8.0,2,93010,M,4891820.0,247681.0,93
201200044257,12,6,15,1845,1,2,1,1.0,2,93057,M,,,93
201200044258,12,6,15,2300,5,2,1,3.0,6,93010,M,4891190.0,248238.0,93
201200044259,12,6,18,1448,1,2,1,1.0,1,93057,M,,,93
201200044260,12,6,25,840,1,2,3,1.0,1,93010,M,4889810.0,249078.0,93
201200044261,12,6,28,330,5,2,1,1.0,6,93057,M,,,93
201200044262,12,6,29,1232,1,2,1,1.0,4,93057,M,,,93
201200044263,12,7,1,1007,1,2,1,1.0,4,93010,M,4891723.0,248562.0,93
201200044264,12,7,5,440,5,2,1,1.0,6,93057,M,4890810.0,251771.0,93
201200044265,12,7,9,1935,1,2,2,1.0,2,93010,M,4888964.0,249581.0,93
201200044266,12,7,9,2245,5,2,1,1.0,6,93010,M,,,93
201200044267,12,7,17,1555,1,2,2,1.0,1,93057,M,4891410.0,249169.0,93
201200044268,12,7,23,1505,1,2,1,1.0,1,93010,M,4890620.0,248321.0,93
201200044269,12,7,23,1930,1,2,3,1.0,5,93057,M,4890570.0,251106.0,93
201200044270,12,7,28,2215,5,2,1,1.0,3,93010,M,4889500.0,248930.0,93
201200044271,12,7,29,5,5,2,1,1.0,1,93010,M,4891180.0,248294.0,93
201200044272,12,7,29,1955,1,2,3,2.0,1,93057,M,4891546.0,249994.0,93
201200044273,12,8,15,1930,1,2,1,1.0,4,93057,M,,,93
201200044274,12,8,16,2125,5,2,1,1.0,2,93046,M,4891050.0,251233.0,93
201200044275,12,8,17,820,2,2,1,1.0,7,93057,M,,,93
201200044276,12,8,17,850,1,2,1,1.0,6,93057,M,,,93
201200044277,12,8,26,10,5,2,1,1.0,3,93057,M,,,93
201200044278,12,9,7,1845,1,2,1,1.0,6,93057,M,,,93
201200044279,12,9,28,2100,5,2,3,1.0,3,93057,M,,,93
201200044280,12,9,30,2205,5,2,1,1.0,7,93010,M,,,93
201200044281,12,10,2,1235,1,2,1,1.0,3,93010,M,,,93
201200044282,12,10,5,750,1,2,3,8.0,3,93010,M,4889870.0,248560.0,93
201200044283,12,10,8,1720,1,2,2,2.0,3,93010,M,4889850.0,248670.0,93
201200044284,12,10,25,1845,1,2,1,1.0,6,93010,M,,,93
201200044285,12,11,7,735,1,2,1,1.0,6,93010,M,4890985.0,249100.0,93
201200044286,12,11,19,1708,5,2,3,1.0,3,93057,M,,,93
201200044287,12,12,1,1800,5,2,3,1.0,3,93010,M,,,93
201200044288,12,12,6,720,5,2,2,7.0,3,93010,M,,,93
201200044289,12,12,6,2045,5,2,7,1.0,3,93010,M,,,93
201200044290,12,12,7,1320,1,2,3,2.0,6,93010,M,,,93
201200044291,12,12,8,1830,5,2,2,8.0,6,93010,M,,,93
201200044292,12,12,10,700,5,2,1,1.0,6,93010,M,,,93
201200044293,12,12,18,800,2,2,3,9.0,3,93057,M,4891126.0,249123.0,93
201200044294,12,12,27,935,1,2,5,9.0,3,93010,M,,,93
201200044295,12,6,14,2330,5,2,1,2.0,6,93014,M,4890550.0,254888.0,93
201200044296,12,1,7,1219,1,2,1,2.0,6,93014,M,,,93
201200044297,12,1,14,1340,1,2,4,1.0,3,93014,M,,,93
201200044298,12,1,20,2025,5,2,1,2.0,1,93047,M,,,93
201200044299,12,2,1,820,1,2,3,1.0,3,93047,M,4890040.0,257136.0,93
201200044300,12,2,4,1340,1,2,6,8.0,2,93014,M,4890810.0,253346.0,93
201200044301,12,2,15,1800,2,1,1,9.0,7,93014,M,,,93
201200044302,12,3,1,745,2,2,5,5.0,3,93047,M,4889880.0,254660.0,93
201200044303,12,3,3,1755,1,2,1,8.0,6,93047,M,4889700.0,255311.0,93
201200044304,12,3,9,1330,1,2,2,1.0,6,93047,M,4889410.0,255262.0,93
201200044305,12,3,19,1930,5,2,1,1.0,6,93014,M,4890790.0,254337.0,93
201200044306,12,4,30,100,4,2,1,1.0,3,93014,M,,,93
201200044307,12,3,31,2305,5,2,1,1.0,6,93047,M,4889280.0,255710.0,93
201200044308,12,4,1,1600,1,2,3,1.0,3,93047,M,4889216.0,255872.0,93
201200044309,12,4,2,1800,1,2,3,1.0,3,93014,M,4891220.0,255188.0,93
201200044310,12,4,3,2315,5,2,1,1.0,6,93014,M,4891310.0,255070.0,93
201200044311,12,4,7,1200,1,2,1,1.0,3,93047,M,4890110.0,255964.0,93
201200044312,12,4,10,940,1,2,1,1.0,6,93047,M,4889980.0,257191.0,93
201200044313,12,4,15,225,5,2,6,1.0,6,93047,M,4890420.0,258113.0,93
201200044314,12,4,16,1345,1,2,2,1.0,3,93047,M,,,93
201200044315,12,4,20,1921,1,2,2,2.0,3,93047,M,,,93
201200044316,12,4,21,1725,1,2,3,1.0,3,93047,M,,,93
201200044317,12,5,1,1400,1,2,1,1.0,3,93014,M,4890840.0,255489.0,93
201200044318,12,5,4,1730,1,2,1,1.0,6,93014,M,4890320.0,255961.0,93
201200044319,12,5,11,1845,1,2,2,1.0,3,93014,M,4889970.0,253405.0,93
201200044320,12,5,17,1030,1,2,2,1.0,6,93047,M,,,93
201200044321,12,5,19,1120,1,2,2,1.0,3,93047,M,,,93
201200044322,12,5,23,1615,1,2,1,1.0,2,93014,M,4890850.0,253474.0,93
201200044323,12,5,29,1735,1,2,2,1.0,3,93047,M,4889140.0,254887.0,93
201200044324,12,5,31,1735,1,2,1,1.0,3,93014,M,4890670.0,253198.0,93
201200044325,12,6,8,1750,1,2,1,1.0,6,93047,M,4889780.0,257522.0,93
201200044326,12,6,8,1325,1,2,1,1.0,6,93047,M,4889690.0,257597.0,93
201200044327,12,6,14,1515,1,2,1,1.0,3,93014,M,4889930.0,254651.0,93
201200044328,12,6,17,1015,1,2,3,1.0,2,93047,M,4889500.0,256342.0,93
201200044329,12,6,18,915,1,2,2,1.0,3,93047,M,4888950.0,254836.0,93
201200044330,12,6,21,1130,1,2,1,1.0,2,93047,M,4889760.0,256282.0,93
201200044331,12,7,3,1555,1,2,1,1.0,3,93014,M,4890820.0,253385.0,93
201200044332,12,7,19,1535,1,2,1,1.0,6,93014,M,4890920.0,255372.0,93
201200044333,12,7,22,1840,1,2,3,1.0,3,93014,M,4890870.0,254477.0,93
201200044334,12,7,27,1200,1,2,2,1.0,5,93047,M,4888730.0,255043.0,93
201200044335,12,8,1,2145,3,2,1,1.0,6,93014,M,4890680.0,254280.0,93
201200044336,12,8,6,1050,1,2,1,1.0,4,93047,M,,,93
201200044337,12,8,11,2250,5,2,2,1.0,7,93014,M,4890470.0,255610.0,93
201200044338,12,8,15,1935,1,2,1,1.0,6,93014,M,4890620.0,253823.0,93
201200044339,12,9,1,2000,1,2,1,1.0,6,93047,M,,,93
201200044340,12,9,2,2100,5,2,2,1.0,3,93047,M,,,93
201200044341,12,9,4,1600,1,2,2,1.0,3,93047,M,,,93
201200044342,12,9,5,1640,1,2,2,1.0,3,93014,M,,,93
201200044343,12,9,20,1535,1,2,3,1.0,3,93047,M,,,93
201200044344,12,9,21,2100,5,2,4,2.0,6,93047,M,,,93
201200044345,12,9,27,1335,1,2,6,2.0,1,93047,M,,,93
201200044346,12,10,2,1335,1,2,1,1.0,2,93014,M,,,93
201200044347,12,10,4,1240,1,2,1,2.0,6,93014,M,4890850.0,254180.0,93
201200044348,12,10,9,920,1,2,1,2.0,5,93014,M,4891060.0,254960.0,93
201200044349,12,10,10,1105,1,2,1,2.0,3,93047,M,4889860.0,254910.0,93
201200044350,12,10,10,1820,1,2,1,1.0,6,93014,M,4890710.0,252660.0,93
201200044351,12,10,11,1810,2,2,3,8.0,3,93014,M,4890730.0,254330.0,93
201200044352,12,10,14,100,5,2,1,1.0,3,93014,M,,,93
201200044353,12,10,14,930,1,2,3,2.0,5,93047,M,,,93
201200044354,12,10,16,1930,3,1,4,1.0,6,93014,M,,,93
201200044355,12,10,19,1440,1,2,1,1.0,3,93047,M,,,93
201200044356,12,10,20,1820,1,2,1,2.0,2,93014,M,,,93
201200044357,12,10,27,1115,1,2,1,1.0,6,93047,M,,,93
201200044358,12,11,6,900,1,2,1,9.0,3,93047,M,,,93
201200044359,12,11,13,2000,5,2,3,8.0,3,93047,M,4890141.0,255390.0,93
201200044360,12,11,16,1230,1,2,1,1.0,1,93047,M,4890762.0,258614.0,93
201200044361,12,11,23,1555,1,2,2,8.0,3,93047,M,,,93
201200044362,12,11,24,1350,1,2,4,1.0,6,93014,M,,,93
201200044363,12,11,26,1100,1,2,9,1.0,6,93047,M,,,93
201200044364,12,11,28,1630,5,2,2,1.0,3,93047,M,,,93
201200044365,12,11,30,1635,1,2,1,1.0,6,93014,M,,,93
201200044366,12,12,1,1735,5,2,3,1.0,6,93014,M,4890441.0,252203.0,93
201200044367,12,12,6,2105,5,2,2,8.0,2,93047,M,4889850.0,255189.0,93
201200044368,12,12,12,1100,1,2,1,1.0,6,93047,M,4890287.0,256189.0,93
201200044369,12,12,20,1940,5,2,1,2.0,6,93014,M,,,93
201200044370,12,12,13,840,1,2,1,9.0,3,93014,M,,,93
201200044371,12,12,17,1955,5,2,2,2.0,6,93014,M,4891145.0,254950.0,93
201200044372,12,12,19,1700,2,2,1,2.0,6,93014,M,,,93
201200044373,12,12,21,1436,1,2,2,8.0,5,93014,M,,,93
201200044374,12,12,24,620,3,1,1,1.0,7,93014,M,,,93
201200044375,12,12,29,1630,1,2,2,1.0,6,93047,M,,,93
201200044376,12,1,23,630,1,2,2,1.0,3,93027,M,,,93
201200044377,12,7,11,2035,1,2,1,1.0,2,93030,M,,,93
201200044378,12,2,18,1330,1,2,1,8.0,2,93030,M,,,93
201200044379,12,3,31,2128,4,2,1,1.0,5,93027,M,,,93
201200044380,12,4,11,1255,1,2,3,1.0,3,93027,M,4892420.0,241151.0,93
201200044381,12,5,3,955,1,2,6,1.0,3,93027,M,,,93
201200044382,12,5,31,1755,1,2,1,1.0,6,93027,M,4893140.0,239802.0,93
201200044383,12,5,13,1410,1,2,6,1.0,3,93027,M,,,93
201200044384,12,5,13,2045,2,2,9,1.0,2,93027,M,,,93
201200044385,12,4,19,1400,1,2,1,7.0,2,93027,M,,,93
201200044386,12,6,2,1740,1,2,1,1.0,2,93001,M,4892210.0,238789.0,93
201200044387,12,6,14,1230,1,2,1,1.0,1,93070,M,4890160.0,232629.0,93
201200044388,12,5,16,2030,1,2,1,1.0,3,93030,M,,,93
201200044389,12,9,27,1350,1,2,1,1.0,2,93013,M,,,93
201200044390,12,2,24,1650,1,2,1,1.0,3,93013,M,,,93
201200044391,12,9,25,1505,1,2,1,8.0,6,93030,M,,,93
201200044392,12,9,28,1235,1,2,1,1.0,3,93027,M,,,93
201200044393,12,9,6,2030,2,2,1,1.0,6,93027,M,,,93
201200044394,12,9,6,2000,1,2,1,1.0,3,93027,M,,,93
201200044395,12,9,6,1530,1,2,6,1.0,6,93027,M,,,93
201200044396,12,9,9,1535,1,2,1,1.0,4,93027,M,,,93
201200044397,12,11,20,1240,1,2,1,1.0,3,93027,M,,,93
201200044398,12,1,4,1855,5,2,1,1.0,6,93027,M,,,93
201200044399,12,1,6,425,5,2,1,1.0,7,93027,M,,,93
201200044400,12,1,9,840,1,2,1,8.0,6,93030,M,,,93
201200044401,12,1,11,1720,5,2,1,1.0,3,93027,M,,,93
201200044402,12,1,15,1240,1,2,2,1.0,3,93013,M,,,93
201200044403,12,1,17,1215,1,2,2,1.0,6,93013,M,,,93
201200044404,12,1,18,2200,5,2,1,2.0,3,93027,M,,,93
201200044405,12,1,20,935,1,2,1,1.0,6,93027,M,,,93
201200044406,12,1,27,1625,1,2,1,1.0,6,93027,M,,,93
201200044407,12,1,31,1030,1,2,3,1.0,6,93027,M,,,93
201200044408,12,2,7,2030,5,1,1,1.0,6,93027,M,,,93
201200044409,12,2,12,1436,1,2,6,1.0,2,93027,M,4893000.0,238561.0,93
201200044410,12,2,15,1640,1,2,1,8.0,6,93027,M,,,93
201200044411,12,2,18,115,5,2,2,1.0,3,93027,M,,,93
201200044412,12,3,6,1900,5,2,1,1.0,6,93027,M,,,93
201200044413,12,3,10,1803,1,2,1,1.0,6,93030,M,4895320.0,241640.0,93
201200044414,12,3,12,915,1,2,1,1.0,3,93013,M,4894040.0,243151.0,93
201200044415,12,3,13,1830,1,2,1,1.0,6,93030,M,4895340.0,241349.0,93
201200044416,12,3,22,1950,5,2,1,1.0,6,93001,M,4892160.0,237924.0,93
201200044417,12,4,1,1915,1,2,6,1.0,5,93027,M,4892600.0,237710.0,93
201200044418,12,4,4,2150,5,2,3,1.0,6,93030,M,4895062.0,244003.0,93
201200044419,12,4,3,115,5,2,6,1.0,3,93027,M,4892960.0,238473.0,93
201200044420,12,4,8,2100,5,2,9,2.0,5,93013,M,,,93
201200044421,12,4,9,1135,1,2,2,1.0,3,93027,M,4892309.0,238393.0,93
201200044422,12,4,18,1635,1,2,1,9.0,2,93027,M,,,93
201200044423,12,4,22,2100,2,2,1,1.0,2,93027,M,,,93
201200044424,12,4,25,1830,1,2,9,2.0,1,93027,M,,,93
201200044425,12,5,4,1120,1,2,6,1.0,3,93027,M,,,93
201200044426,12,5,6,1945,1,2,1,2.0,6,93027,M,4893400.0,240865.0,93
201200044427,12,5,7,1050,1,2,1,1.0,6,93027,M,4892770.0,238555.0,93
201200044428,12,5,9,747,1,2,1,2.0,6,93013,M,4893280.0,242478.0,93
201200044429,12,5,10,1208,1,2,1,9.0,6,93013,M,4893240.0,241163.0,93
201200044430,12,5,14,2200,5,2,1,1.0,6,93013,M,4893370.0,242874.0,93
201200044431,12,5,17,1910,1,2,1,1.0,6,93027,M,4892590.0,238077.0,93
201200044432,12,5,19,1645,1,2,1,2.0,4,93027,M,,,93
201200044433,12,5,24,805,1,2,1,1.0,6,93027,M,4893240.0,240551.0,93
201200044434,12,5,28,1724,1,2,2,1.0,6,93027,M,4892180.0,238341.0,93
201200044435,12,5,28,2113,2,2,1,1.0,3,93013,M,4893830.0,242459.0,93
201200044436,12,5,29,1440,1,1,1,1.0,3,93027,M,,,93
201200044437,12,5,30,1705,1,2,1,1.0,6,93027,M,,,93
201200044438,12,6,2,1032,1,2,8,1.0,3,93027,M,,,93
201200044439,12,6,3,1910,1,2,1,1.0,1,93029,M,4892320.0,241320.0,93
201200044440,12,6,3,2015,1,2,1,1.0,6,93027,M,4892890.0,239342.0,93
201200044441,12,6,6,1900,1,2,1,1.0,6,93001,M,4892230.0,238068.0,93
201200044442,12,6,11,1900,1,2,1,1.0,6,93027,M,4892490.0,238762.0,93
201200044443,12,6,13,1400,1,2,1,1.0,2,93027,M,,,93
201200044444,12,6,13,1408,1,2,1,1.0,6,93027,M,4893300.0,239355.0,93
201200044445,12,6,16,1345,1,2,1,2.0,2,93027,M,,,93
201200044446,12,6,16,1855,1,2,1,1.0,6,93027,M,4893210.0,239057.0,93
201200044447,12,6,19,1320,1,2,1,1.0,6,93027,M,4893210.0,239629.0,93
201200044448,12,6,20,1930,1,2,1,1.0,6,93027,M,,,93
201200044449,12,6,28,940,1,2,1,1.0,6,93013,M,,,93
201200044450,12,7,20,2040,1,2,1,1.0,6,93013,M,,,93
201200044451,12,7,22,2045,2,2,1,1.0,2,93027,M,,,93
201200044452,12,7,29,50,5,2,1,1.0,6,93030,M,,,93
201200044453,12,7,30,815,1,2,1,1.0,4,93027,M,,,93
201200044454,12,8,3,1535,1,2,1,1.0,6,93027,M,,,93
201200044455,12,8,5,38,5,2,1,1.0,7,93029,M,4893380.0,244440.0,93
201200044456,12,8,5,1955,2,2,1,1.0,6,93030,M,4895260.0,241360.0,93
201200044457,12,8,16,1330,1,2,3,1.0,6,93027,M,4892710.0,238911.0,93
201200044458,12,8,17,1545,1,2,2,1.0,3,93027,M,4892480.0,241504.0,93
201200044459,12,8,20,640,2,2,1,1.0,6,93027,M,4893950.0,240724.0,93
201200044460,12,8,30,1030,1,2,1,1.0,6,93027,M,4892230.0,238363.0,93
201200044461,12,8,31,1900,1,2,2,1.0,6,93030,M,4894970.0,241497.0,93
201200044462,12,9,4,1155,1,2,9,1.0,7,93027,M,,,93
201200044463,12,9,4,1810,1,2,3,1.0,6,93027,M,,,93
201200044464,12,9,6,910,1,2,1,1.0,6,93013,M,,,93
201200044465,12,9,7,930,1,2,1,1.0,6,93027,M,,,93
201200044466,12,9,8,600,4,2,2,1.0,3,93027,M,,,93
201200044467,12,9,11,1715,1,2,1,2.0,6,93027,M,,,93
201200044468,12,9,15,2350,5,2,1,1.0,7,93030,M,,,93
201200044469,12,9,16,2137,5,2,6,1.0,3,93027,M,,,93
201200044470,12,9,18,1805,1,2,1,1.0,5,93027,M,,,93
201200044471,12,9,21,2015,5,1,1,2.0,2,93013,M,,,93
201200044472,12,9,24,2230,5,2,9,2.0,6,93027,M,,,93
201200044473,12,9,27,1415,1,1,1,1.0,5,93030,M,,,93
201200044474,12,9,30,2320,5,2,1,1.0,5,93030,M,,,93
201200044475,12,10,1,1740,1,2,1,1.0,6,93027,M,4892440.0,240200.0,93
201200044476,12,10,1,1815,1,2,1,1.0,3,93027,M,4893310.0,240040.0,93
201200044477,12,10,4,1800,1,2,1,1.0,6,93027,M,4892800.0,239050.0,93
201200044478,12,10,5,1250,1,2,2,1.0,3,93027,M,4892470.0,241490.0,93
201200044479,12,10,5,1635,1,2,1,1.0,3,93027,M,,,93
201200044480,12,10,6,1655,1,2,1,2.0,6,93027,M,,,93
201200044481,12,10,6,2032,5,2,1,3.0,6,93013,M,,,93
201200044482,12,10,17,1640,1,2,1,2.0,6,93027,M,,,93
201200044483,12,10,24,1820,1,2,1,1.0,3,93027,M,,,93
201200044484,12,10,31,1425,1,2,1,1.0,6,93027,M,,,93
201200044485,12,11,3,745,2,2,3,2.0,2,93027,M,4892915.0,239663.0,93
201200044486,12,11,4,335,5,2,1,1.0,6,93030,M,,,93
201200044487,12,11,6,1555,1,2,3,1.0,3,93013,M,,,93
201200044488,12,11,8,1835,5,2,6,1.0,3,93027,M,,,93
201200044489,12,11,4,435,5,2,1,1.0,1,93013,M,,,93
201200044490,12,11,10,1113,1,2,1,8.0,6,93027,M,4893030.0,238390.0,93
201200044491,12,11,14,950,1,2,6,8.0,3,93027,M,4893203.0,239944.0,93
201200044492,12,11,20,702,4,2,1,1.0,3,93013,M,,,93
201200044493,12,11,21,1355,1,2,6,8.0,2,93027,M,,,93
201200044494,12,11,22,2128,5,2,1,1.0,6,93013,M,,,93
201200044495,12,12,1,1425,1,2,1,1.0,3,93013,M,4893405.0,242098.0,93
201200044496,12,12,6,1145,1,2,1,8.0,3,93013,M,,,93
201200044497,12,12,4,1800,5,2,1,1.0,6,93013,M,,,93
201200044498,12,12,22,1630,2,2,6,2.0,6,93027,M,,,93
201200044499,12,12,23,355,5,2,1,2.0,1,93027,M,,,93
201200044500,12,1,6,1510,1,1,1,1.0,1,93029,M,,,93
201200044501,12,1,7,1120,1,2,1,2.0,3,93029,M,,,93
201200044502,12,1,7,1815,5,2,1,1.0,6,93029,M,,,93
201200044503,12,1,11,1220,1,2,1,1.0,6,93029,M,,,93
201200044504,12,1,13,730,2,2,3,1.0,3,93029,M,,,93
201200044505,12,1,13,1830,5,2,1,1.0,3,93029,M,,,93
201200044506,12,1,26,1515,1,2,3,2.0,3,93029,M,,,93
201200044507,12,3,2,820,1,2,3,1.0,3,93029,M,4891860.0,244880.0,93
201200044508,12,3,11,1135,1,2,2,1.0,3,93029,M,,,93
201200044509,12,3,24,2250,5,1,1,1.0,6,93029,M,4892070.0,242116.0,93
201200044510,12,3,25,1820,1,2,3,1.0,3,93029,M,4893050.0,243072.0,93
201200044511,12,3,27,1630,1,2,1,1.0,4,93029,M,,,93
201200044512,12,3,27,2305,5,2,3,1.0,7,93029,M,,,93
201200044513,12,4,3,1325,1,2,6,1.0,6,93029,M,4892210.0,244135.0,93
201200044514,12,4,7,2000,2,2,9,1.0,3,93029,M,4892260.0,243844.0,93
201200044515,12,4,17,1925,1,2,3,1.0,6,93029,M,4892050.0,244449.0,93
201200044516,12,4,19,900,1,2,1,8.0,3,93029,M,4892010.0,245180.0,93
201200044517,12,4,23,1235,1,2,1,3.0,6,93029,M,,,93
201200044518,12,4,28,2115,5,2,1,2.0,6,93029,M,,,93
201200044519,12,5,1,1250,1,2,3,1.0,6,93029,M,4891560.0,243735.0,93
201200044520,12,5,1,1830,1,2,9,1.0,3,93029,M,,,93
201200044521,12,5,10,1825,1,2,1,1.0,6,93029,M,4891350.0,245870.0,93
201200044522,12,5,13,2340,5,1,1,1.0,6,93029,M,4892090.0,242137.0,93
201200044523,12,5,15,2120,5,2,3,1.0,3,93029,M,,,93
201200044524,12,5,25,50,5,2,6,1.0,6,93029,M,4891470.0,243184.0,93
201200044525,12,5,25,2115,2,2,1,1.0,1,93029,M,4891720.0,244578.0,93
201200044526,12,5,26,1440,1,2,1,1.0,3,93029,M,,,93
201200044527,12,5,28,1640,1,2,1,7.0,6,93029,M,,,93
201200044528,12,5,28,2020,1,2,1,1.0,6,93029,M,,,93
201200044529,12,6,2,1020,1,2,3,1.0,3,93029,M,,,93
201200044530,12,6,3,1645,1,2,1,1.0,6,93029,M,,,93
201200044531,12,6,5,1250,1,2,2,1.0,3,93029,M,,,93
201200044532,12,6,7,1615,1,2,1,1.0,6,93029,M,4892500.0,245790.0,93
201200044533,12,6,7,2345,5,2,1,1.0,6,93029,M,4892160.0,241751.0,93
201200044534,12,6,12,2220,5,2,3,2.0,3,93029,M,4891810.0,241675.0,93
201200044535,12,6,13,1740,1,2,3,1.0,3,93029,M,4892340.0,243137.0,93
201200044536,12,6,14,800,1,2,3,1.0,6,93029,M,4892340.0,243137.0,93
201200044537,12,6,22,1005,1,2,1,1.0,6,93029,M,4891970.0,245934.0,93
201200044538,12,7,1,1207,1,2,3,1.0,5,93029,M,4891819.0,245467.0,93
201200044539,12,7,7,1855,1,1,2,2.0,3,93029,M,4892060.0,242097.0,93
201200044540,12,7,14,750,1,2,2,1.0,2,93029,M,4892320.0,243911.0,93
201200044541,12,7,21,1700,1,2,1,1.0,3,93029,M,4893000.0,243197.0,93
201200044542,12,7,26,2230,5,2,3,1.0,6,93029,M,4892120.0,245423.0,93
201200044543,12,8,13,1055,1,2,1,1.0,6,93029,M,4892370.0,244509.0,93
201200044544,12,8,20,1710,1,2,3,1.0,6,93029,M,4892860.0,243548.0,93
201200044545,12,9,4,2145,5,2,3,1.0,3,93029,M,,,93
201200044546,12,9,5,1610,1,2,1,1.0,2,93029,M,,,93
201200044547,12,9,15,1045,1,2,1,1.0,3,93029,M,,,93
201200044548,12,9,24,1700,1,2,1,1.0,6,93029,M,,,93
201200044549,12,9,27,1825,1,2,1,1.0,3,93029,M,,,93
201200044550,12,10,2,900,1,2,1,2.0,6,93029,M,4891520.0,243200.0,93
201200044551,12,10,10,1310,1,2,2,2.0,3,93029,M,4893000.0,243200.0,93
201200044552,12,10,12,800,2,2,1,1.0,3,93029,M,,,93
201200044553,12,10,14,1710,1,2,1,2.0,3,93029,M,4891520.0,244180.0,93
201200044554,12,10,18,1630,1,2,3,3.0,3,93029,M,,,93
201200044555,12,10,22,315,5,2,2,1.0,3,93029,M,,,93
201200044556,12,10,26,815,1,2,4,1.0,6,93029,M,,,93
201200044557,12,10,26,1045,1,2,1,1.0,6,93029,M,,,93
201200044558,12,10,28,618,5,2,2,1.0,6,93029,M,,,93
201200044559,12,10,28,1230,1,2,2,1.0,3,93029,M,,,93
201200044560,12,10,28,1320,1,2,1,1.0,6,93029,M,,,93
201200044561,12,11,3,1325,1,2,1,1.0,6,93029,M,4892867.0,244076.0,93
201200044562,12,11,9,2135,5,2,3,2.0,3,93029,M,4892268.0,245719.0,93
201200044563,12,11,16,1840,5,2,3,1.0,5,93029,M,,,93
201200044564,12,11,21,1050,1,2,1,2.0,2,93029,M,,,93
201200044565,12,11,26,2205,5,2,1,1.0,6,93029,M,,,93
201200044566,12,11,27,2120,5,2,3,2.0,3,93029,M,,,93
201200044567,12,11,28,1919,5,2,1,2.0,6,93029,M,,,93
201200044568,12,11,28,2245,5,2,1,2.0,6,93029,M,,,93
201200044569,12,11,30,1840,3,2,1,8.0,6,93029,M,,,93
201200044570,12,12,1,2030,5,2,1,1.0,7,93029,M,,,93
201200044571,12,12,7,1330,1,2,3,1.0,3,93029,M,4891784.0,245215.0,93
201200044572,12,12,7,1600,1,2,1,2.0,6,93029,M,,,93
201200044573,12,12,7,2340,5,2,1,2.0,6,93029,M,4892894.0,243466.0,93
201200044574,12,12,8,900,1,2,2,2.0,3,93029,M,4891287.0,245042.0,93
201200044575,12,12,18,1010,1,2,1,2.0,6,93029,M,4892068.0,244031.0,93
201200044576,12,12,20,2135,5,1,1,2.0,6,93029,M,,,93
201200044577,12,12,23,1140,1,2,1,1.0,6,93029,M,,,93
201200044578,12,12,24,1200,1,2,1,1.0,3,93029,M,,,93
201200044579,12,12,31,2030,5,2,1,2.0,1,93029,M,,,93
201200044580,12,1,1,2110,4,2,1,2.0,6,93079,M,,,93
201200044581,12,1,3,1015,1,2,1,1.0,6,93031,M,,,93
201200044582,12,1,5,930,1,2,3,2.0,6,93079,M,,,93
201200044583,12,1,15,1940,5,2,3,1.0,2,93031,M,,,93
201200044584,12,1,16,1610,1,2,1,1.0,6,93031,M,,,93
201200044585,12,1,18,1615,1,2,2,1.0,6,93031,M,,,93
201200044586,12,2,1,1655,1,2,1,1.0,6,93079,M,4895363.0,233810.0,93
201200044587,12,2,4,1820,5,2,1,9.0,1,93031,M,4895534.0,233339.0,93
201200044588,12,2,19,1600,1,2,1,1.0,1,93079,M,4896480.0,234419.0,93
201200044589,12,2,19,2020,5,2,2,1.0,3,93031,M,4894728.0,234470.0,93
201200044590,12,2,24,1610,1,2,2,1.0,3,93031,M,4895390.0,231101.0,93