Num_Acc,an,mois,jour,hrmn,lum,agg,int,atm,col,com,gps,lat,long,dep
201200044591,12,3,2,1008,1,2,1,1.0,3,93079,M,4896390.0,235154.0,93
201200044592,12,3,3,1535,1,2,1,1.0,3,93031,M,,,93
201200044593,12,3,7,920,1,2,1,1.0,6,93079,M,4896430.0,234408.0,93
201200044594,12,3,13,725,1,2,6,1.0,3,93079,M,,,93
201200044595,12,3,16,830,1,2,1,1.0,6,93079,M,4896380.0,235255.0,93
201200044596,12,3,20,855,1,2,1,1.0,3,93079,M,,,93
201200044597,12,3,21,1815,1,2,1,1.0,3,93031,M,,,93
201200044598,12,3,22,2230,5,2,4,1.0,3,93031,M,,,93
201200044599,12,3,25,2330,5,2,3,1.0,2,93031,M,4895170.0,233102.0,93
201200044600,12,3,28,1610,1,2,1,1.0,2,93031,M,,,93
201200044601,12,3,29,1705,1,1,1,1.0,6,93031,M,4895210.0,233405.0,93
201200044602,12,4,2,1745,1,2,1,1.0,6,93031,M,4894885.0,233421.0,93
201200044603,12,4,3,2130,5,2,2,2.0,6,93031,M,4896340.0,229743.0,93
201200044604,12,4,4,840,1,2,2,1.0,3,93079,M,4896450.0,234415.0,93
201200044605,12,4,18,1820,1,1,1,8.0,3,93031,M,4895553.0,233315.0,93
201200044606,12,4,19,2245,5,2,2,1.0,3,93079,M,4896020.0,234513.0,93
201200044607,12,4,22,1550,1,2,6,8.0,3,93031,M,4894913.0,234206.0,93
201200044608,12,4,24,1930,1,2,1,1.0,3,93079,M,4895432.0,234377.0,93
201200044609,12,4,27,900,1,2,1,2.0,2,93031,M,4894747.0,234259.0,93
201200044610,12,4,28,140,5,2,1,1.0,6,93031,M,4895962.0,229914.0,93
201200044611,12,4,28,1435,1,2,1,2.0,3,93031,M,4895321.0,230732.0,93
201200044612,12,4,30,1440,1,2,3,1.0,3,93031,M,4894650.0,234582.0,93
201200044613,12,5,3,1520,1,2,1,1.0,6,93031,M,4895430.0,230972.0,93
201200044614,12,5,9,1440,1,2,1,1.0,6,93079,M,4895620.0,235240.0,93
201200044615,12,5,13,1510,1,2,2,1.0,2,93031,M,,,93
201200044616,12,5,15,950,1,2,1,1.0,6,93031,M,,,93
201200044617,12,5,23,1130,1,2,1,1.0,2,93031,M,4895710.0,230940.0,93
201200044618,12,5,28,2130,1,2,3,1.0,6,93031,M,4895830.0,232550.0,93
201200044619,12,6,2,955,1,2,1,1.0,6,93031,M,,,93
201200044620,12,6,8,1255,1,2,1,1.0,6,93031,M,4895380.0,231120.0,93
201200044621,12,6,8,1805,1,2,2,1.0,1,93031,M,,,93
201200044622,12,6,9,1605,1,2,3,1.0,1,93031,M,4895700.0,232080.0,93
201200044623,12,6,13,2118,2,2,1,2.0,7,93079,M,,,93
201200044624,12,6,15,600,2,2,2,3.0,3,93031,M,4895850.0,230110.0,93
201200044625,12,6,23,700,1,2,1,1.0,3,93079,M,,,93
201200044626,12,6,23,1510,1,2,2,1.0,3,93031,M,,,93
201200044627,12,7,1,1815,1,2,1,1.0,6,93031,M,4895360.0,232028.0,93
201200044628,12,7,7,1745,1,2,1,3.0,6,93079,M,4894950.0,234244.0,93
201200044629,12,7,12,1940,1,2,1,3.0,3,93079,M,,,93
201200044630,12,7,17,1615,1,2,2,1.0,3,93079,M,4896450.0,234415.0,93
201200044631,12,7,20,1215,1,2,6,1.0,6,93079,M,,,93
201200044632,12,7,20,2215,5,2,1,1.0,2,93031,M,,,93
201200044633,12,7,29,400,3,2,1,1.0,4,93031,M,,,93
201200044634,12,7,29,1400,1,2,1,1.0,7,93031,M,,,93
201200044635,12,7,30,830,1,2,1,8.0,3,93031,M,4895640.0,231973.0,93
201200044636,12,8,4,1810,1,2,1,1.0,3,93031,M,,,93
201200044637,12,8,11,915,1,2,1,1.0,3,93031,M,,,93
201200044638,12,8,13,2355,5,2,6,1.0,3,93079,M,,,93
201200044639,12,8,18,1245,1,2,1,1.0,6,93031,M,4895370.0,229441.0,93
201200044640,12,8,20,1605,1,2,1,1.0,3,93031,M,,,93
201200044641,12,8,26,1445,1,2,1,1.0,7,93031,M,,,93
201200044642,12,8,28,2200,5,2,9,1.0,3,93031,M,,,93
201200044643,12,8,30,925,1,2,1,1.0,2,93031,M,,,93
201200044644,12,9,16,1315,1,2,3,1.0,6,93031,M,,,93
201200044645,12,9,23,45,5,2,2,1.0,3,93031,M,,,93
201200044646,12,9,27,640,2,2,3,2.0,3,93031,M,,,93
201200044647,12,9,29,255,5,2,1,1.0,7,93079,M,,,93
201200044648,12,10,2,1850,1,2,1,1.0,2,93079,M,,,93
201200044649,12,10,8,1430,1,2,3,3.0,3,93031,M,4895850.0,230100.0,93
201200044650,12,10,9,2005,3,2,1,2.0,2,93031,M,4895720.0,231000.0,93
201200044651,12,10,15,635,5,2,2,1.0,3,93031,M,4894710.0,234270.0,93
201200044652,12,10,17,2235,5,2,1,1.0,6,93031,M,4895370.0,230900.0,93
201200044653,12,10,18,1730,1,2,4,2.0,6,93031,M,,,93
201200044654,12,10,29,1720,5,2,1,1.0,1,93031,M,,,93
201200044655,12,11,9,1430,1,2,2,1.0,3,93031,M,4896571.0,230052.0,93
201200044656,12,11,13,2005,5,2,1,1.0,6,93031,M,,,93
201200044657,12,11,17,1635,1,2,1,1.0,6,93031,M,,,93
201200044658,12,11,19,1020,1,2,9,1.0,4,93031,M,,,93
201200044659,12,11,22,1900,5,2,4,1.0,3,93031,M,,,93
201200044660,12,11,25,1420,1,2,3,1.0,3,93031,M,,,93
201200044661,12,12,1,1910,5,2,1,1.0,3,93031,M,,,93
201200044662,12,12,11,1430,1,2,1,1.0,6,93079,M,4896006.0,235180.0,93
201200044663,12,12,11,1515,1,2,2,1.0,2,93031,M,4894719.0,234265.0,93
201200044664,12,1,6,920,1,2,3,1.0,6,93032,M,,,93
201200044665,12,1,11,830,1,2,1,1.0,6,93032,M,,,93
201200044666,12,1,12,1445,1,2,3,1.0,3,93032,M,,,93
201200044667,12,1,24,1835,3,2,1,2.0,2,93032,M,,,93
201200044668,12,1,25,1905,5,2,3,1.0,6,93032,M,,,93
201200044669,12,3,15,826,1,2,3,2.0,3,93032,M,4887830.0,253274.0,93
201200044670,12,3,16,945,1,2,1,1.0,2,93032,M,,,93
201200044671,12,3,19,1730,1,2,1,1.0,6,93032,M,4887970.0,255174.0,93
201200044672,12,4,24,1800,1,2,1,1.0,4,93032,M,4889831.0,253601.0,93
201200044673,12,5,4,1820,1,2,1,2.0,3,93032,M,,,93
201200044674,12,5,24,745,1,2,1,8.0,3,93032,M,,,93
201200044675,12,6,1,2350,5,2,1,1.0,3,93032,M,,,93
201200044676,12,6,4,1115,1,2,9,1.0,6,93032,M,,,93
201200044677,12,6,11,1945,1,2,2,1.0,2,93032,M,,,93
201200044678,12,7,4,2115,1,2,2,1.0,6,93032,M,,,93
201200044679,12,7,5,2200,5,2,1,2.0,6,93032,M,4887638.0,256813.0,93
201200044680,12,7,10,1825,1,2,2,1.0,3,93032,M,,,93
201200044681,12,7,14,105,5,2,1,2.0,6,93032,M,,,93
201200044682,12,7,18,840,1,2,2,1.0,3,93032,M,4887610.0,254983.0,93
201200044683,12,7,19,1630,1,2,2,1.0,3,93032,M,4889230.0,253435.0,93
201200044684,12,7,22,2210,5,2,2,1.0,3,93032,M,4887790.0,256899.0,93
201200044685,12,7,26,1815,1,2,1,1.0,3,93032,M,4887680.0,255109.0,93
201200044686,12,7,31,940,1,2,2,1.0,1,93032,M,4887820.0,256662.0,93
201200044687,12,8,16,1625,1,2,2,1.0,3,93032,M,4888121.0,254178.0,93
201200044688,12,8,26,30,5,2,2,1.0,3,93032,M,4888640.0,254917.0,93
201200044689,12,8,27,1630,1,2,1,1.0,3,93032,M,4887930.0,253421.0,93
201200044690,12,8,31,1200,1,2,3,1.0,3,93032,M,4888590.0,253766.0,93
201200044691,12,9,5,640,2,2,2,1.0,2,93032,M,,,93
201200044692,12,9,6,2330,5,2,2,1.0,3,93032,M,,,93
201200044693,12,9,16,1250,1,2,1,1.0,6,93032,M,,,93
201200044694,12,9,30,2150,5,2,1,1.0,3,93032,M,,,93
201200044695,12,10,4,820,2,2,3,3.0,3,93032,M,4889750.0,254550.0,93
201200044696,12,10,12,830,1,2,3,8.0,6,93032,M,4887800.0,255280.0,93
201200044697,12,10,12,1740,1,2,2,1.0,6,93032,M,4887610.0,254980.0,93
201200044698,12,10,21,1445,1,2,1,1.0,6,93032,M,,,93
201200044699,12,11,15,2000,5,2,1,1.0,3,93032,M,4887870.0,253310.0,93
201200044700,12,12,1,1020,1,2,1,1.0,6,93032,M,4887522.0,255367.0,93
201200044701,12,12,3,2015,5,2,1,2.0,3,93032,M,4888319.0,252795.0,93
201200044702,12,12,11,1825,5,2,3,1.0,6,93032,M,4887860.0,254828.0,93
201200044703,12,1,4,1230,1,2,1,1.0,6,93063,M,,,93
201200044704,12,1,11,945,1,2,1,1.0,7,93006,M,,,93
201200044705,12,1,17,1515,1,2,2,1.0,2,93006,M,,,93
201200044706,12,1,20,1530,1,2,3,2.0,3,93006,M,,,93
201200044707,12,2,8,2340,5,2,3,4.0,1,93006,M,4887470.0,241656.0,93
201200044708,12,2,9,2000,5,2,1,8.0,6,93045,M,4887840.0,242288.0,93
201200044709,12,2,21,1929,5,2,1,1.0,6,93045,M,4888240.0,241510.0,93
201200044710,12,2,26,1215,1,2,1,1.0,1,93006,M,,,93
201200044711,12,3,22,350,5,2,1,1.0,6,93006,M,4887880.0,243210.0,93
201200044712,12,3,22,915,1,2,1,1.0,6,93006,M,,,93
201200044713,12,3,23,1,5,2,4,1.0,3,93006,M,,,93
201200044714,12,3,26,1815,1,2,1,1.0,6,93006,M,4886350.0,241843.0,93
201200044715,12,3,27,925,1,2,1,1.0,3,93006,M,,,93
201200044716,12,3,28,1125,1,2,1,1.0,3,93006,M,4885650.0,241935.0,93
201200044717,12,4,11,1630,1,2,3,1.0,6,93045,M,4888004.0,241705.0,93
201200044718,12,4,11,2000,2,2,1,1.0,7,93063,M,4887348.0,244031.0,93
201200044719,12,4,12,1245,1,2,9,1.0,7,93045,M,4888066.0,241901.0,93
201200044720,12,4,15,2145,5,2,2,1.0,1,93006,M,,,93
201200044721,12,5,4,420,5,2,1,1.0,6,93006,M,4886690.0,242033.0,93
201200044722,12,5,5,2320,5,2,1,2.0,3,93063,M,,,93
201200044723,12,5,12,1230,1,1,3,1.0,3,93063,M,4887450.0,244053.0,93
201200044724,12,5,12,1815,1,2,2,1.0,2,93045,M,,,93
201200044725,12,5,12,1900,1,2,9,1.0,2,93045,M,,,93
201200044726,12,5,14,2015,1,2,1,1.0,3,93063,M,,,93
201200044727,12,5,15,1705,1,2,3,2.0,6,93006,M,4887240.0,242145.0,93
201200044728,12,5,17,310,5,2,1,1.0,6,93061,M,4888460.0,241098.0,93
201200044729,12,5,18,1900,1,2,2,1.0,6,93045,M,,,93
201200044730,12,5,20,1820,1,2,1,1.0,3,93006,M,4886300.0,241539.0,93
201200044731,12,5,23,1720,1,1,1,1.0,5,93006,M,,,93
201200044732,12,5,26,1915,1,2,1,1.0,6,93006,M,4886060.0,241547.0,93
201200044733,12,5,27,2230,5,2,1,1.0,6,93061,M,4888360.0,240332.0,93
201200044734,12,5,28,2030,1,2,1,1.0,3,93045,M,4888000.0,241653.0,93
201200044735,12,5,30,2016,2,2,1,3.0,7,93045,M,4888330.0,242061.0,93
201200044736,12,6,1,1000,1,2,2,1.0,3,93006,M,4887357.0,243367.0,93
201200044737,12,6,1,950,1,2,9,1.0,7,93006,M,,,93
201200044738,12,6,4,1000,1,2,1,2.0,1,93053,M,4887900.0,244687.0,93
201200044739,12,6,5,1830,1,2,2,1.0,1,93063,M,4887990.0,244119.0,93
201200044740,12,6,7,1835,1,2,1,1.0,7,93063,M,4888040.0,243658.0,93
201200044741,12,6,15,1545,1,2,2,1.0,2,93063,M,4887310.0,244019.0,93
201200044742,12,6,21,2045,2,2,3,1.0,6,93063,M,,,93
201200044743,12,6,24,425,5,2,3,1.0,6,93045,M,4888140.0,242782.0,93
201200044744,12,6,25,300,5,2,3,1.0,3,93063,M,,,93
201200044745,12,6,26,1350,1,2,1,2.0,7,93006,M,4886750.0,242454.0,93
201200044746,12,7,1,2140,2,2,3,1.0,6,93063,M,4888607.0,242681.0,93
201200044747,12,7,2,900,1,2,1,1.0,6,93063,M,4888400.0,242932.0,93
201200044748,12,7,16,1945,2,2,1,1.0,6,93045,M,4887690.0,241463.0,93
201200044749,12,7,18,1845,1,2,1,1.0,1,93063,M,4887230.0,243991.0,93
201200044750,12,7,20,1915,1,2,2,1.0,6,93045,M,4887980.0,241706.0,93
201200044751,12,7,21,845,2,2,1,1.0,6,93063,M,,,93
201200044752,12,7,23,1715,1,2,1,1.0,6,93061,M,4888550.0,240369.0,93
201200044753,12,7,25,1940,1,2,1,1.0,3,93063,M,,,93
201200044754,12,9,5,1410,1,2,1,1.0,1,93006,M,,,93
201200044755,12,9,7,1110,1,2,1,1.0,6,93063,M,,,93
201200044756,12,9,13,740,1,2,9,8.0,6,93063,M,,,93
201200044757,12,9,24,1930,2,2,1,1.0,6,93006,M,,,93
201200044758,12,9,25,1800,1,2,1,1.0,6,93006,M,,,93
201200044759,12,9,26,2051,5,2,9,2.0,7,93006,M,,,93
201200044760,12,9,30,2015,5,2,1,1.0,6,93045,M,,,93
201200044761,12,10,4,645,5,2,1,3.0,7,93006,M,4886380.0,241670.0,93
201200044762,12,10,4,1350,1,2,1,1.0,6,93063,M,4887931.0,243598.0,93
201200044763,12,10,5,355,5,2,2,1.0,3,93045,M,4888048.0,242193.0,93
201200044764,12,10,8,830,5,2,1,2.0,7,93045,M,,,93
201200044765,12,10,11,800,1,2,1,1.0,6,93063,M,,,93
201200044766,12,10,13,1710,1,2,1,1.0,3,93061,M,4888570.0,240080.0,93
201200044767,12,10,18,1640,1,2,1,1.0,6,93061,M,4888830.0,240830.0,93
201200044768,12,10,19,1530,1,2,1,2.0,6,93063,M,,,93
201200044769,12,10,22,1225,1,2,1,1.0,6,93045,M,,,93
201200044770,12,10,30,1500,1,2,1,1.0,1,93006,M,,,93
201200044771,12,11,1,1430,1,2,1,1.0,6,93006,M,4885799.0,242157.0,93
201200044772,12,11,21,35,5,2,1,1.0,3,93061,M,,,93
201200044773,12,11,26,2020,5,2,2,1.0,3,93006,M,,,93
201200044774,12,11,27,1340,1,2,1,2.0,6,93063,M,,,93
201200044775,12,12,4,2150,5,2,1,2.0,3,93061,M,4888717.0,240802.0,93
201200044776,12,12,6,1830,5,2,1,1.0,7,93045,M,4887965.0,241579.0,93
201200044777,12,12,7,1210,1,2,1,2.0,6,93063,M,,,93
201200044778,12,12,8,1410,1,2,1,1.0,6,93006,M,4886430.0,241698.0,93
201200044779,12,12,10,900,1,2,4,1.0,6,93063,M,4889322.0,243739.0,93
201200044780,12,12,11,1540,1,2,1,1.0,2,93063,M,4887355.0,244027.0,93
201200044781,12,12,11,2000,5,2,1,1.0,6,93006,M,,,93
201200044782,12,12,13,1731,5,2,3,2.0,6,93063,M,,,93
201200044783,12,5,5,1045,1,2,3,1.0,3,93063,M,4888020.0,243756.0,93
201200044784,12,5,26,405,5,2,1,1.0,7,93061,M,4888380.0,240334.0,93
201200044785,12,11,6,1840,5,2,1,1.0,6,93063,M,,,93
201200044786,12,11,9,1900,5,2,2,2.0,5,93063,M,,,93
201200044787,12,6,6,2220,5,2,1,1.0,7,93006,M,4886900.0,242391.0,93
201200044788,12,11,16,1630,1,2,1,8.0,6,93061,M,,,93
201200044789,12,11,16,1730,5,2,1,2.0,1,93063,M,,,93
201200044790,12,1,1,440,5,2,2,1.0,2,93046,M,,,93
201200044791,12,1,4,1540,1,2,2,1.0,6,93046,M,,,93
201200044792,12,1,5,1500,1,2,3,1.0,3,93015,M,,,93
201200044793,12,1,6,945,1,2,1,1.0,7,93046,M,,,93
201200044794,12,1,6,1905,5,2,2,1.0,3,93046,M,,,93
201200044795,12,1,16,1650,1,1,1,1.0,7,93046,M,,,93
201200044796,12,1,20,1440,1,2,2,2.0,3,93046,M,,,93
201200044797,12,1,24,750,1,2,1,1.0,5,93046,M,,,93
201200044798,12,1,25,2040,5,2,3,2.0,3,93046,M,,,93
201200044799,12,1,29,2000,5,2,4,1.0,3,93046,M,,,93
201200044800,12,2,5,1815,5,2,6,1.0,7,93046,M,4892640.0,254088.0,93
201200044801,12,2,8,1500,1,2,1,1.0,1,93046,M,4891490.0,253455.0,93
201200044802,12,2,10,1315,1,2,3,1.0,3,93046,M,4891100.0,253655.0,93
201200044803,12,2,17,1500,1,2,6,2.0,7,93046,M,4892710.0,255057.0,93
201200044804,12,2,20,1015,1,2,2,1.0,3,93046,M,4891886.0,252810.0,93
201200044805,12,2,22,1050,1,2,2,1.0,3,93046,M,4891520.0,251297.0,93
201200044806,12,3,1,1318,1,2,1,1.0,3,93046,M,4892790.0,254887.0,93
201200044807,12,3,3,1215,1,2,1,1.0,3,93046,M,4892280.0,254447.0,93
201200044808,12,3,9,2235,5,2,1,1.0,3,93046,M,4891030.0,251011.0,93
201200044809,12,3,18,2105,5,2,2,2.0,3,93046,M,,,93
201200044810,12,4,1,2010,1,2,1,1.0,3,93046,M,,,93
201200044811,12,4,3,1000,1,2,2,1.0,6,93046,M,4891647.0,253162.0,93
201200044812,12,4,6,1545,1,2,5,1.0,3,93046,M,4892250.0,252424.0,93
201200044813,12,4,14,1710,1,2,2,8.0,6,93074,M,,,93
201200044814,12,4,17,1700,1,2,2,2.0,3,93046,M,4890960.0,253349.0,93
201200044815,12,4,22,615,2,2,2,1.0,3,93046,M,,,93
201200044816,12,4,25,2030,1,2,2,2.0,3,93046,M,4892970.0,254077.0,93
201200044817,12,4,27,1630,1,2,3,1.0,3,93046,M,,,93
201200044818,12,4,30,1540,1,2,3,1.0,6,93074,M,,,93
201200044819,12,5,9,1425,1,2,2,1.0,3,93046,M,4892290.0,251558.0,93
201200044820,12,5,10,850,1,2,2,1.0,3,93015,M,4891740.0,257295.0,93
201200044821,12,5,14,1045,1,2,1,1.0,6,93015,M,4891380.0,257902.0,93
201200044822,12,5,17,1305,1,2,1,1.0,3,93046,M,,,93
201200044823,12,5,17,2100,2,2,2,1.0,3,93046,M,,,93
201200044824,12,5,23,1335,1,2,1,1.0,6,93046,M,4892280.0,255001.0,93
201200044825,12,5,24,1800,1,2,1,1.0,6,93046,M,,,93
201200044826,12,5,26,1410,1,2,1,1.0,2,93046,M,,,93
201200044827,12,5,26,2240,5,2,1,1.0,7,93046,M,,,93
201200044828,12,5,29,1700,1,1,1,1.0,1,93015,M,4892170.0,257252.0,93
201200044829,12,6,1,1540,1,2,1,1.0,7,77083,M,4885370.0,260052.0,77
201200044830,12,6,2,1120,1,2,1,1.0,2,93046,M,,,93
201200044831,12,6,4,1035,1,2,1,8.0,5,93046,M,4891280.0,251826.0,93
201200044832,12,6,6,1805,1,2,1,1.0,6,93074,M,4888950.0,257636.0,93
201200044833,12,6,13,1715,1,2,1,1.0,6,93046,M,4891560.0,251731.0,93
201200044834,12,6,18,1950,1,2,6,1.0,6,93046,M,4890793.0,253175.0,93
201200044835,12,6,21,1840,1,2,1,1.0,4,93046,M,,,93
201200044836,12,6,26,810,1,2,1,1.0,3,93046,M,4890860.0,253541.0,93
201200044837,12,6,26,1615,1,2,2,1.0,3,93046,M,,,93
201200044838,12,6,28,1655,1,2,1,1.0,3,93046,M,,,93
201200044839,12,6,30,1515,1,2,1,1.0,6,93046,M,4893080.0,255590.0,93
201200044840,12,7,6,1920,1,1,1,3.0,3,93074,M,,,93
201200044841,12,7,12,1515,1,1,1,2.0,6,93074,M,,,93
201200044842,12,7,13,725,1,2,1,2.0,7,93074,M,4893980.0,257105.0,93
201200044843,12,7,15,300,5,2,5,1.0,2,93014,M,4890830.0,253340.0,93
201200044844,12,7,20,1543,1,2,1,1.0,3,93074,M,4893600.0,257763.0,93
201200044845,12,7,23,2147,5,2,3,1.0,3,93046,M,,,93
201200044846,12,7,25,1200,1,2,7,1.0,6,93046,M,4892290.0,254450.0,93
201200044847,12,7,28,2120,2,2,1,1.0,7,93046,M,4892070.0,253627.0,93
201200044848,12,7,29,750,1,2,1,1.0,6,93046,M,,,93
201200044849,12,7,30,1232,1,1,1,1.0,6,93046,M,,,93
201200044850,12,7,31,1715,1,2,3,1.0,6,93046,M,4890609.0,252339.0,93
201200044851,12,8,1,740,2,2,3,1.0,6,93046,M,4892076.0,252627.0,93
201200044852,12,8,2,225,5,2,5,1.0,2,93046,M,,,93
201200044853,12,8,2,2000,1,2,1,1.0,3,93074,M,4893470.0,256781.0,93
201200044854,12,8,9,1410,1,2,1,1.0,6,93046,M,4891010.0,253729.0,93
201200044855,12,8,9,1530,1,2,2,1.0,3,93046,M,4892490.0,252828.0,93
201200044856,12,8,13,1515,1,2,1,1.0,2,93046,M,4892470.0,253405.0,93
201200044857,12,8,17,1805,1,2,1,1.0,7,93046,M,,,93
201200044858,12,8,21,815,1,2,1,1.0,7,93074,M,,,93
201200044859,12,8,22,830,1,2,5,1.0,3,93046,M,,,93
201200044860,12,8,23,1620,1,2,1,1.0,3,93046,M,,,93
201200044861,12,8,25,235,5,2,3,2.0,2,93046,M,,,93
201200044862,12,8,30,725,1,1,1,1.0,7,93074,M,,,93
201200044863,12,8,30,2330,5,2,5,1.0,3,93046,M,,,93
201200044864,12,9,5,2025,1,2,3,1.0,6,93046,M,,,93
201200044865,12,9,6,2120,3,1,1,1.0,4,93074,M,,,93
201200044866,12,9,8,1850,1,2,2,1.0,1,93046,M,,,93
201200044867,12,9,10,735,2,1,1,8.0,2,93074,M,,,93
201200044868,12,9,15,1415,1,2,2,1.0,3,93046,M,,,93
201200044869,12,9,17,730,1,2,5,1.0,2,93046,M,,,93
201200044870,12,9,21,845,1,2,3,1.0,5,93046,M,,,93
201200044871,12,9,25,1705,1,2,1,8.0,2,93046,M,,,93
201200044872,12,9,27,1645,1,2,1,2.0,6,93046,M,,,93
201200044873,12,9,28,605,5,2,1,1.0,6,93046,M,,,93
201200044874,12,9,28,820,1,2,1,1.0,3,93015,M,,,93
201200044875,12,10,2,1625,1,2,3,1.0,3,93074,M,4893590.0,256840.0,93
201200044876,12,10,2,1942,5,2,1,1.0,3,93074,M,4893520.0,257120.0,93
201200044877,12,10,4,925,1,2,2,3.0,6,93046,M,4892200.0,254290.0,93
201200044878,12,10,5,935,1,2,2,8.0,6,93046,M,,,93
201200044879,12,10,5,1745,1,2,1,1.0,7,93046,M,,,93
201200044880,12,10,8,1745,1,2,1,2.0,1,93046,M,4892140.0,254420.0,93
201200044881,12,10,9,918,1,2,2,2.0,3,93046,M,,,93
201200044882,12,10,12,1502,1,2,1,1.0,6,93046,M,4893170.0,254520.0,93
201200044883,12,10,13,1440,1,2,2,3.0,3,93046,M,4891250.0,253490.0,93
201200044884,12,10,26,1840,5,2,1,1.0,6,93046,M,,,93
201200044885,12,10,30,2010,5,2,3,1.0,3,93046,M,,,93
201200044886,12,11,1,1015,1,2,2,2.0,1,93046,M,4891218.0,252139.0,93
201200044887,12,11,4,1100,1,2,1,2.0,1,93046,M,4892586.0,255340.0,93
201200044888,12,11,7,1735,5,2,2,1.0,3,93046,M,4891524.0,252859.0,93
201200044889,12,11,8,1510,1,2,2,1.0,3,93046,M,4891025.0,251013.0,93
201200044890,12,11,11,50,5,2,2,1.0,3,93074,M,4893560.0,257450.0,93
201200044891,12,11,19,720,3,2,3,1.0,3,93046,M,,,93
201200044892,12,11,19,900,1,1,1,8.0,6,93046,M,,,93
201200044893,12,11,20,1637,1,2,2,1.0,3,93046,M,,,93
201200044894,12,11,20,1815,5,2,2,1.0,6,93046,M,,,93
201200044895,12,11,25,1610,1,2,1,1.0,6,93046,M,,,93
201200044896,12,11,26,1843,5,2,9,1.0,2,93046,M,,,93
201200044897,12,12,2,950,1,2,1,4.0,6,93046,M,4890635.0,252261.0,93
201200044898,12,12,3,1130,1,2,1,2.0,6,93046,M,,,93
201200044899,12,12,3,1210,1,2,1,2.0,3,93015,M,,,93
201200044900,12,12,6,2140,3,1,1,1.0,7,93046,M,,,93
201200044901,12,12,7,1450,1,1,1,2.0,1,93015,M,,,93
201200044902,12,12,7,1700,3,2,6,2.0,3,93074,M,4892435.0,256988.0,93
201200044903,12,12,7,2110,3,2,1,2.0,2,93046,M,4891794.0,252338.0,93
201200044904,12,12,10,825,1,2,1,1.0,6,93046,M,4891432.0,253667.0,93
201200044905,12,12,17,1850,3,1,1,1.0,2,93046,M,,,93
201200044906,12,12,18,1605,1,2,1,8.0,6,93046,M,4892605.0,253824.0,93
201200044907,12,12,19,1550,1,2,1,1.0,6,93046,M,,,93
201200044908,12,12,20,1020,1,2,1,2.0,6,93046,M,,,93
201200044909,12,12,20,713,5,2,1,2.0,7,93046,M,,,93
201200044910,12,12,20,1825,3,2,1,8.0,6,93046,M,,,93
201200044911,12,12,31,100,5,2,1,1.0,3,93046,M,,,93
201200044912,12,12,31,1850,5,2,4,1.0,3,93074,M,,,93
201200044913,12,1,6,830,1,2,2,1.0,1,93048,M,,,93
201200044914,12,1,6,1100,1,2,6,1.0,2,93048,M,,,93
201200044915,12,1,9,1340,1,2,1,1.0,3,93048,M,,,93
201200044916,12,1,10,1053,1,2,2,1.0,7,93048,M,,,93
201200044917,12,1,12,1750,2,2,1,1.0,2,93048,M,,,93
201200044918,12,1,13,1700,2,2,1,1.0,3,93048,M,,,93
201200044919,12,1,15,2130,5,2,1,1.0,2,93048,M,,,93
201200044920,12,1,16,835,1,2,1,1.0,6,93048,M,,,93
201200044921,12,1,18,845,1,2,2,1.0,3,93048,M,,,93
201200044922,12,1,19,1040,1,2,3,8.0,6,93048,M,,,93
201200044923,12,1,20,900,5,2,2,1.0,3,93048,M,,,93
201200044924,12,1,20,1415,1,2,1,2.0,6,93048,M,,,93
201200044925,12,1,15,1335,1,2,1,1.0,2,93048,M,,,93
201200044926,12,1,25,1951,5,2,3,2.0,3,93048,M,,,93
201200044927,12,1,26,1745,5,2,4,1.0,1,93048,M,,,93
201200044928,12,1,27,1020,1,2,2,1.0,3,93048,M,,,93
201200044929,12,1,30,1020,1,2,2,1.0,6,93048,M,,,93
201200044930,12,2,1,1240,1,2,1,1.0,6,93048,M,4885704.0,243044.0,93
201200044931,12,2,2,1610,1,2,3,1.0,3,93048,M,4885070.0,242635.0,93
201200044932,12,2,4,120,5,2,2,1.0,3,93048,M,4887810.0,245735.0,93
201200044933,12,2,4,1845,5,2,9,1.0,6,93048,M,4885830.0,243682.0,93
201200044934,12,2,14,1400,1,2,3,8.0,3,93048,M,4886260.0,243135.0,93
201200044935,12,2,17,1545,1,2,2,2.0,3,93048,M,4885506.0,241917.0,93
201200044936,12,2,19,1430,1,2,1,1.0,6,93048,M,4886630.0,242782.0,93
201200044937,12,2,20,1955,5,2,2,1.0,1,93048,M,4885070.0,241823.0,93
201200044938,12,2,22,1715,1,2,1,1.0,3,93048,M,4885700.0,243029.0,93
201200044939,12,2,25,1430,1,2,1,1.0,6,93048,M,4885900.0,246570.0,93
201200044940,12,2,26,2135,5,2,1,1.0,2,93048,M,,,93
201200044941,12,3,3,2335,5,2,2,1.0,1,93048,M,4885290.0,242055.0,93
201200044942,12,3,8,2100,5,2,3,1.0,6,93048,M,4886160.0,243371.0,93