Num_Acc,an,mois,jour,hrmn,lum,agg,int,atm,col,com,gps,lat,long,dep
201200044943,12,3,11,1305,1,2,2,1.0,3,93048,M,4885280.0,243148.0,93
201200044944,12,3,14,1530,1,2,2,1.0,3,93048,M,4885720.0,243477.0,93
201200044945,12,3,16,1915,2,2,1,1.0,6,93048,M,,,93
201200044946,12,3,18,1300,1,2,2,1.0,3,93048,M,4885180.0,244447.0,93
201200044947,12,3,23,1950,5,2,4,1.0,3,93048,M,,,93
201200044948,12,3,24,1520,1,2,1,1.0,3,93048,M,,,93
201200044949,12,3,28,2152,5,2,2,1.0,6,93048,M,4886390.0,244190.0,93
201200044950,12,4,1,935,1,2,8,1.0,6,93048,M,4887300.0,246213.0,93
201200044951,12,4,7,1420,1,2,1,1.0,6,93048,M,4886340.0,246143.0,93
201200044952,12,4,10,1230,1,2,2,2.0,3,93048,M,4885070.0,241823.0,93
201200044953,12,4,14,2005,1,2,2,1.0,3,93048,M,4885847.0,243231.0,93
201200044954,12,4,17,1205,1,2,1,1.0,6,93048,M,4886310.0,244248.0,93
201200044955,12,5,4,740,1,2,1,1.0,3,93048,M,4887650.0,245453.0,93
201200044956,12,5,5,1220,1,2,1,1.0,3,93048,M,,,93
201200044957,12,5,8,1910,1,2,1,1.0,6,93048,M,,,93
201200044958,12,5,11,1350,1,2,1,2.0,6,93048,M,,,93
201200044959,12,5,11,2021,1,2,2,1.0,3,93048,M,4885720.0,243160.0,93
201200044960,12,5,15,100,5,2,2,1.0,3,93048,M,,,93
201200044961,12,5,17,1500,1,2,1,1.0,6,93048,M,,,93
201200044962,12,5,17,1540,1,2,6,8.0,3,93048,M,,,93
201200044963,12,5,19,605,2,2,3,1.0,2,93048,M,,,93
201200044964,12,5,19,1215,1,2,3,1.0,6,93048,M,,,93
201200044965,12,5,26,1720,1,2,8,1.0,6,93048,M,4887300.0,246207.0,93
201200044966,12,5,26,2015,1,2,2,1.0,3,93048,M,4885650.0,243727.0,93
201200044967,12,5,30,800,1,2,7,1.0,6,93048,M,,,93
201200044968,12,5,30,1340,1,2,1,1.0,6,93048,M,4886840.0,243642.0,93
201200044969,12,6,18,805,1,2,3,2.0,4,93048,M,4886356.0,245464.0,93
201200044970,12,6,18,1700,1,2,1,1.0,3,93048,M,4887710.0,246378.0,93
201200044971,12,6,24,2135,5,2,1,2.0,6,93048,M,4887770.0,245551.0,93
201200044972,12,6,22,1945,1,2,1,1.0,6,93048,M,4885870.0,243843.0,93
201200044973,12,6,26,1210,1,2,1,2.0,6,93048,M,4886050.0,243182.0,93
201200044974,12,6,26,2045,1,2,2,1.0,3,93048,M,4886230.0,244364.0,93
201200044975,12,6,27,1820,1,2,1,1.0,3,93048,M,,,93
201200044976,12,7,2,900,1,2,1,1.0,6,93048,M,,,93
201200044977,12,7,4,700,1,2,2,1.0,6,93048,M,4887118.0,247078.0,93
201200044978,12,7,4,1000,1,2,1,1.0,6,93048,M,4886200.0,244538.0,93
201200044979,12,7,7,1415,1,2,1,1.0,3,93048,M,,,93
201200044980,12,7,9,1730,1,2,2,1.0,3,93048,M,4885500.0,244296.0,93
201200044981,12,7,12,2142,5,2,1,3.0,6,93048,M,4885840.0,243336.0,93
201200044982,12,8,1,2115,2,2,1,1.0,6,93048,M,4886380.0,247798.0,93
201200044983,12,8,8,1515,1,2,2,1.0,3,93048,M,4885650.0,242739.0,93
201200044984,12,8,8,2120,5,2,5,1.0,6,93048,M,4887810.0,245735.0,93
201200044985,12,8,13,1058,1,2,1,1.0,6,93048,M,4885360.0,243308.0,93
201200044986,12,8,15,2215,5,2,2,1.0,3,93048,M,4885790.0,244770.0,93
201200044987,12,9,1,2010,2,2,1,1.0,6,93048,M,,,93
201200044988,12,9,5,2100,4,2,1,1.0,3,93048,M,,,93
201200044989,12,9,6,1445,1,2,2,1.0,1,93048,M,,,93
201200044990,12,9,12,1230,1,2,2,1.0,3,93048,M,,,93
201200044991,12,9,13,110,5,2,1,2.0,2,93048,M,,,93
201200044992,12,9,14,1945,2,2,1,1.0,6,93048,M,,,93
201200044993,12,10,1,1830,1,2,2,1.0,3,93048,M,4887270.0,244670.0,93
201200044994,12,10,4,1440,1,2,2,8.0,6,93048,M,4886230.0,244370.0,93
201200044995,12,10,8,2040,5,2,1,2.0,6,93048,M,,,93
201200044996,12,10,15,1205,1,2,2,9.0,6,93048,M,,,93
201200044997,12,10,18,5,5,2,3,9.0,3,93048,M,,,93
201200044998,12,10,18,1735,1,2,1,2.0,6,93048,M,,,93
201200044999,12,10,19,1345,1,2,1,2.0,5,93048,M,,,93
201200045000,12,10,19,1735,2,2,1,2.0,7,93048,M,,,93
201200045001,12,10,24,2025,3,2,1,1.0,3,93048,M,,,93
201200045002,12,10,25,1720,1,2,1,1.0,6,93048,M,,,93
201200045003,12,10,27,1150,1,2,3,1.0,3,93048,M,,,93
201200045004,12,10,27,2150,5,2,1,1.0,6,93048,M,,,93
201200045005,12,10,28,1700,5,2,2,1.0,1,93048,M,,,93
201200045006,12,10,28,2040,3,2,1,1.0,2,93048,M,,,93
201200045007,12,11,4,1655,1,2,2,1.0,6,93048,M,,,93
201200045008,12,11,4,1755,2,2,1,1.0,2,93048,M,,,93
201200045009,12,11,7,1100,1,2,1,8.0,4,93048,M,4886941.0,244085.0,93
201200045010,12,11,7,1600,1,2,1,1.0,2,93048,M,,,93
201200045011,12,11,8,1435,1,1,3,1.0,3,93048,M,4887270.0,244675.0,93
201200045012,12,11,9,1740,4,2,2,2.0,6,93048,M,4887442.0,245226.0,93
201200045013,12,11,9,1920,5,2,3,2.0,6,93048,M,4886841.0,244146.0,93
201200045014,12,11,13,935,1,2,5,2.0,5,93048,M,4886912.0,243256.0,93
201200045015,12,11,13,1315,1,2,1,2.0,7,93048,M,4885792.0,243760.0,93
201200045016,12,11,16,1615,1,2,1,1.0,2,93048,M,4885986.0,245081.0,93
201200045017,12,11,17,1430,1,2,1,5.0,2,93048,M,4885739.0,243243.0,93
201200045018,12,11,22,930,1,2,1,5.0,3,93048,M,,,93
201200045019,12,11,23,1200,1,2,1,2.0,6,93048,M,,,93
201200045020,12,11,23,1935,5,2,2,2.0,6,93048,M,,,93
201200045021,12,11,23,2040,5,2,2,2.0,6,93048,M,,,93
201200045022,12,11,25,2100,5,2,1,1.0,2,93048,M,,,93
201200045023,12,11,25,2205,5,2,2,1.0,3,93048,M,,,93
201200045024,12,11,26,1640,1,2,2,1.0,3,93048,M,,,93
201200045025,12,12,18,1223,1,2,1,8.0,6,93048,M,4886345.0,244415.0,93
201200045026,12,12,18,1620,1,2,2,8.0,3,93048,M,4885374.0,243305.0,93
201200045027,12,12,18,1900,5,2,1,1.0,3,93048,M,,,93
201200045028,12,12,22,5,5,2,2,1.0,3,93048,M,,,93
201200045029,12,12,22,1450,1,2,1,3.0,6,93048,M,4887769.0,245714.0,93
201200045030,12,12,24,1630,1,2,1,1.0,6,93048,M,,,93
201200045031,12,12,24,2000,5,2,1,1.0,6,93048,M,,,93
201200045032,12,12,29,1940,5,2,1,2.0,2,93049,M,,,93
201200045033,12,1,18,1920,5,2,2,2.0,5,93050,M,,,93
201200045034,12,1,18,1905,5,2,2,2.0,6,93049,M,,,93
201200045035,12,1,21,1830,5,2,1,2.0,3,93050,M,,,93
201200045036,12,1,23,915,1,2,1,1.0,3,93050,M,,,93
201200045037,12,2,10,900,1,2,1,9.0,3,93050,M,4887240.0,253305.0,93
201200045038,12,2,10,1640,1,2,1,1.0,6,93049,M,4885660.0,251024.0,93
201200045039,12,2,23,1900,5,2,1,2.0,6,93050,M,4885670.0,251971.0,93
201200045040,12,2,23,1925,5,2,2,2.0,6,93050,M,,,93
201200045041,12,3,1,2210,5,2,1,1.0,6,93050,M,4887160.0,253736.0,93
201200045042,12,3,7,1150,1,2,1,8.0,6,93050,M,,,93
201200045043,12,3,10,1220,1,2,3,1.0,2,93050,M,4885840.0,253858.0,93
201200045044,12,3,15,1055,1,2,5,1.0,3,93049,M,4885830.0,250205.0,93
201200045045,12,3,22,1000,1,2,1,1.0,2,93050,M,4886530.0,252167.0,93
201200045046,12,4,5,1645,1,2,1,2.0,5,93050,M,4885434.0,253228.0,93
201200045047,12,4,5,1840,1,2,3,1.0,3,93049,M,4887240.0,250776.0,93
201200045048,12,4,27,220,5,2,1,1.0,6,93050,M,4886325.0,252997.0,93
201200045049,12,4,28,1825,1,2,1,8.0,6,93049,M,,,93
201200045050,12,4,29,2110,2,2,1,1.0,1,93050,M,,,93
201200045051,12,5,3,1750,1,2,1,1.0,6,93049,M,,,93
201200045052,12,5,7,1200,1,2,1,1.0,3,93050,M,,,93
201200045053,12,5,19,1815,1,2,1,3.0,6,93050,M,4886820.0,253070.0,93
201200045054,12,5,20,1755,1,2,1,1.0,3,93050,M,4886830.0,253010.0,93
201200045055,12,5,20,1800,1,2,2,1.0,6,93051,M,4885500.0,253192.0,93
201200045056,12,5,21,835,1,2,1,2.0,2,93050,M,,,93
201200045057,12,5,29,1615,1,2,1,1.0,4,93050,M,,,93
201200045058,12,6,5,1300,1,2,2,1.0,3,93050,M,4885399.0,251894.0,93
201200045059,12,6,5,1430,1,2,1,1.0,2,93050,M,,,93
201200045060,12,6,8,2115,1,2,2,1.0,3,93049,M,,,93
201200045061,12,6,15,1045,1,2,7,1.0,2,93050,M,4886262.0,254491.0,93
201200045062,12,6,16,110,5,2,1,2.0,3,93049,M,,,93
201200045063,12,6,18,1355,1,2,3,1.0,2,93050,M,,,93
201200045064,12,6,19,2220,5,2,5,2.0,3,93050,M,,,93
201200045065,12,6,22,1800,1,2,1,1.0,6,93050,M,4885880.0,252646.0,93
201200045066,12,6,23,1715,1,2,1,1.0,6,93050,M,4886630.0,253447.0,93
201200045067,12,6,26,1625,1,2,1,2.0,3,93050,M,4885650.0,254029.0,93
201200045068,12,6,30,900,1,2,9,1.0,3,93049,M,,,93
201200045069,12,7,11,2010,1,2,1,1.0,2,93050,M,,,93
201200045070,12,7,7,1825,1,2,1,2.0,2,93049,M,,,93
201200045071,12,7,9,1425,1,2,1,1.0,6,93050,M,4885520.0,253420.0,93
201200045072,12,7,17,1435,1,2,1,1.0,6,93050,M,,,93
201200045073,12,7,27,1530,1,2,1,2.0,1,93050,M,,,93
201200045074,12,7,29,1300,1,2,1,1.0,2,93050,M,4886680.0,253433.0,93
201200045075,12,8,11,2335,5,2,1,1.0,6,93049,M,,,93
201200045076,12,8,20,1410,1,2,9,2.0,2,93050,M,,,93
201200045077,12,9,7,1600,1,2,3,1.0,6,93050,M,,,93
201200045078,12,9,10,730,1,2,1,8.0,4,93049,M,,,93
201200045079,12,9,12,1850,1,2,1,1.0,2,93050,M,,,93
201200045080,12,10,18,1755,1,2,1,3.0,5,93049,M,,,93
201200045081,12,10,20,1925,5,2,9,2.0,6,93050,M,,,93
201200045082,12,10,23,1455,1,2,1,1.0,2,93050,M,,,93
201200045083,12,10,25,1205,1,2,3,1.0,3,93050,M,,,93
201200045084,12,10,25,1430,1,2,1,1.0,3,93050,M,,,93
201200045085,12,11,5,2000,5,2,2,2.0,3,93050,M,4885890.0,252066.0,93
201200045086,12,10,31,850,1,2,1,1.0,2,93050,M,,,93
201200045087,12,11,6,2000,5,2,1,1.0,2,93050,M,,,93
201200045088,12,11,6,1900,4,2,1,1.0,6,93050,M,4885345.0,252104.0,93
201200045089,12,11,14,2000,5,2,1,1.0,5,93050,M,,,93
201200045090,12,11,16,1130,1,2,1,1.0,6,93050,M,,,93
201200045091,12,11,16,1830,4,2,2,1.0,3,93049,M,4887362.0,250884.0,93
201200045092,12,11,20,1800,2,2,1,1.0,4,93049,M,,,93
201200045093,12,11,25,2020,5,2,2,1.0,3,93050,M,,,93
201200045094,12,12,4,1130,1,2,1,1.0,3,93050,M,4886816.0,253374.0,93
201200045095,12,12,10,1230,1,2,3,1.0,3,93050,M,4885833.0,252316.0,93
201200045096,12,12,14,2110,5,2,1,1.0,6,93049,M,4886024.0,250791.0,93
201200045097,12,12,15,2035,5,2,2,3.0,2,93050,M,,,93
201200045098,12,12,28,720,2,2,1,2.0,6,93050,M,,,93
201200045099,12,1,1,300,5,2,1,2.0,7,93051,M,,,93
201200045100,12,2,25,130,5,2,1,1.0,6,93051,M,4884120.0,254734.0,93
201200045101,12,1,3,1615,2,2,1,2.0,6,93051,M,,,93
201200045102,12,1,4,1820,5,2,1,2.0,4,93051,M,,,93
201200045103,12,1,5,1315,1,2,3,3.0,6,93051,M,,,93
201200045104,12,1,11,1955,5,2,1,1.0,3,93051,M,,,93
201200045105,12,1,14,1250,1,2,1,7.0,6,93033,M,,,93
201200045106,12,1,24,1925,5,2,1,2.0,6,93051,M,,,93
201200045107,12,1,27,1645,1,2,3,1.0,3,93051,M,,,93
201200045108,12,1,27,2005,5,2,2,1.0,3,93051,M,,,93
201200045109,12,1,28,1520,1,2,3,1.0,3,93051,M,,,93
201200045110,12,2,4,1540,1,2,2,1.0,3,93033,M,4886200.0,258355.0,93
201200045111,12,2,7,1030,1,2,3,1.0,3,93051,M,4884196.0,254301.0,93
201200045112,12,2,8,1420,1,2,2,1.0,1,93051,M,4884180.0,256832.0,93
201200045113,12,2,10,1632,1,2,1,1.0,6,93051,M,4884380.0,254842.0,93
201200045114,12,2,17,1500,1,2,3,1.0,6,93051,M,4883927.0,256044.0,93
201200045115,12,2,17,1955,5,2,3,2.0,2,93051,M,,,93
201200045116,12,2,17,1850,5,2,3,2.0,2,93051,M,4884326.0,254696.0,93
201200045117,12,2,18,1100,1,2,3,1.0,3,93051,M,4884480.0,256417.0,93
201200045118,12,2,20,1535,1,2,1,1.0,6,93051,M,4883960.0,254534.0,93
201200045119,12,2,23,1550,1,2,1,2.0,6,93051,M,,,93
201200045120,12,2,25,130,5,2,1,1.0,6,93051,M,4884070.0,254732.0,93
201200045121,12,2,27,1445,1,2,1,1.0,2,93051,M,,,93
201200045122,12,3,5,1845,2,2,1,2.0,6,93051,M,,,93
201200045123,12,3,7,1930,5,2,1,3.0,6,93051,M,4884630.0,255381.0,93
201200045124,12,3,15,825,1,2,1,1.0,6,93033,M,4885880.0,257218.0,93
201200045125,12,3,16,1653,1,2,3,1.0,6,93051,M,4884430.0,254882.0,93
201200045126,12,3,26,1520,1,1,6,1.0,2,93051,M,4883610.0,254736.0,93
201200045127,12,3,29,1950,1,2,1,1.0,6,93051,M,4884220.0,255959.0,93
201200045128,12,3,30,1820,1,2,1,1.0,4,93051,M,,,93
201200045129,12,4,1,1920,1,2,2,1.0,3,93051,M,4885230.0,255449.0,93
201200045130,12,4,6,1250,1,2,1,1.0,6,93051,M,4884360.0,255108.0,93
201200045131,12,4,9,1210,1,2,2,1.0,3,93033,M,4885550.0,257602.0,93
201200045132,12,4,14,1450,1,2,1,1.0,6,93051,M,4884670.0,253021.0,93
201200045133,12,4,25,1130,1,2,2,2.0,3,93051,M,,,93
201200045134,12,4,25,1900,1,2,1,2.0,7,93051,M,4885030.0,256919.0,93
201200045135,12,4,29,2225,4,2,1,1.0,1,93051,M,,,93
201200045136,12,4,30,1215,1,2,3,1.0,3,93051,M,,,93
201200045137,12,5,1,1515,1,2,1,1.0,6,93051,M,4884780.0,253026.0,93
201200045138,12,5,3,840,1,2,2,2.0,3,93051,M,4883040.0,257069.0,93
201200045139,12,5,10,1755,1,2,1,1.0,6,93051,M,4883670.0,255788.0,93
201200045140,12,5,17,1445,1,2,3,1.0,3,93051,M,,,93
201200045141,12,5,23,1855,1,2,1,1.0,3,93051,M,4884210.0,254907.0,93
201200045142,12,5,25,835,1,2,2,1.0,6,93051,M,4884540.0,255548.0,93
201200045143,12,5,25,1900,1,2,1,1.0,6,93033,M,4886342.0,257376.0,93
201200045144,12,5,27,140,3,2,9,1.0,3,93033,M,,,93
201200045145,12,6,15,900,1,2,3,2.0,6,93051,M,4882610.0,256278.0,93
201200045146,12,6,16,755,1,2,1,2.0,6,93051,M,,,93
201200045147,12,6,22,1745,1,2,1,1.0,6,93051,M,,,93
201200045148,12,6,27,1235,1,2,1,8.0,6,93051,M,4882980.0,256971.0,93
201200045149,12,6,29,900,1,1,1,2.0,6,93051,M,4884660.0,255636.0,93
201200045150,12,6,30,1810,1,2,1,1.0,2,93051,M,4883680.0,255607.0,93
201200045151,12,7,2,5,5,2,1,1.0,7,93051,M,4884700.0,253286.0,93
201200045152,12,7,4,2005,1,2,1,1.0,6,93051,M,4885080.0,256161.0,93
201200045153,12,7,11,830,1,2,1,2.0,7,93051,M,4883770.0,256163.0,93
201200045154,12,7,31,835,1,2,6,1.0,3,93051,M,4884315.0,254364.0,93
201200045155,12,8,2,900,1,2,2,9.0,2,93051,M,4883450.0,256577.0,93
201200045156,12,8,7,1300,1,2,2,1.0,3,93051,M,4883610.0,256469.0,93
201200045157,12,8,10,1830,1,2,1,1.0,2,93051,M,4884230.0,254925.0,93
201200045158,12,8,12,445,5,2,9,1.0,6,93051,M,4884770.0,253965.0,93
201200045159,12,8,21,1745,1,2,1,1.0,2,93051,M,4882810.0,257696.0,93
201200045160,12,8,27,1745,1,2,1,1.0,1,93051,M,4884130.0,257778.0,93
201200045161,12,8,28,858,1,2,1,8.0,1,93051,M,,,93
201200045162,12,8,30,1705,1,2,1,2.0,6,93033,M,,,93
201200045163,12,9,3,1710,1,2,2,1.0,2,93051,M,,,93
201200045164,12,9,6,1150,1,2,6,1.0,3,93051,M,,,93
201200045165,12,9,12,1925,1,2,2,1.0,3,93051,M,,,93
201200045166,12,9,15,1830,1,2,2,1.0,1,93051,M,,,93
201200045167,12,9,22,1635,1,2,1,1.0,3,93051,M,,,93
201200045168,12,10,4,1740,1,2,1,1.0,6,93051,M,4884290.0,256220.0,93
201200045169,12,10,5,1815,1,2,2,1.0,3,93051,M,,,93
201200045170,12,10,6,1720,1,2,3,2.0,3,93051,M,4884390.0,257480.0,93
201200045171,12,10,11,1040,1,2,2,1.0,6,93051,M,4884070.0,255050.0,93
201200045172,12,10,12,1400,1,2,1,1.0,6,93033,M,4887120.0,253390.0,93
201200045173,12,10,17,1605,1,2,2,1.0,5,93051,M,4884780.0,255280.0,93
201200045174,12,10,18,1020,1,2,1,1.0,2,93051,M,4883880.0,256080.0,93
201200045175,12,10,20,1520,1,2,3,2.0,3,93051,M,,,93
201200045176,12,10,24,1826,1,2,1,1.0,6,93051,M,,,93
201200045177,12,10,25,1540,1,2,3,1.0,3,93033,M,,,93
201200045178,12,10,31,2040,5,2,1,1.0,2,77083,M,,,77
201200045179,12,11,5,1840,5,2,1,2.0,3,93051,M,,,93
201200045180,12,11,26,820,1,2,1,2.0,6,93051,M,,,93
201200045181,12,12,10,1700,3,2,5,1.0,3,93051,M,,,93
201200045182,12,12,17,1840,5,2,1,1.0,6,93051,M,4884144.0,256475.0,93
201200045183,12,1,3,1215,1,2,2,8.0,3,93053,M,,,93
201200045184,12,1,13,2220,5,2,4,1.0,6,93053,M,,,93
201200045185,12,1,19,1440,1,2,1,2.0,6,93053,M,,,93
201200045186,12,1,25,1750,5,2,2,2.0,3,93053,M,,,93
201200045187,12,1,26,825,1,2,1,2.0,7,93053,M,,,93
201200045188,12,1,28,400,3,2,1,2.0,2,93053,M,,,93
201200045189,12,2,3,1100,1,2,2,1.0,3,93053,M,4889230.0,246035.0,93
201200045190,12,2,9,1325,1,2,1,1.0,4,93053,M,4888744.0,246511.0,93
201200045191,12,2,12,215,5,2,7,1.0,7,93053,M,,,93
201200045192,12,2,17,1820,5,2,2,8.0,7,93053,M,,,93
201200045193,12,2,29,855,1,2,3,1.0,3,93053,M,,,93
201200045194,12,3,4,150,5,2,1,1.0,6,93053,M,4888260.0,245940.0,93
201200045195,12,3,11,1935,5,2,2,1.0,3,93053,M,4889010.0,245300.0,93
201200045196,12,3,13,2220,5,2,1,1.0,6,93053,M,4889620.0,246058.0,93
201200045197,12,3,15,1130,1,2,1,1.0,7,93053,M,,,93
201200045198,12,3,15,1715,1,2,1,1.0,6,93053,M,,,93
201200045199,12,3,16,800,1,2,1,1.0,6,93053,M,4889350.0,244437.0,93
201200045200,12,3,20,1625,1,2,1,1.0,6,93053,M,4888800.0,246183.0,93
201200045201,12,3,21,1450,1,2,3,1.0,3,93053,M,,,93
201200045202,12,3,25,2115,5,2,4,1.0,2,93053,M,,,93
201200045203,12,3,28,1440,1,2,1,1.0,3,93053,M,,,93
201200045204,12,3,30,1630,1,2,1,1.0,6,93053,M,4889590.0,246026.0,93
201200045205,12,4,5,1350,1,2,3,1.0,6,93053,M,4888950.0,245033.0,93
201200045206,12,4,14,1225,1,2,1,1.0,7,93053,M,4888804.0,246194.0,93
201200045207,12,4,17,1530,1,2,1,2.0,6,93053,M,,,93
201200045208,12,4,24,1430,1,2,2,1.0,3,93053,M,,,93
201200045209,12,4,25,1550,1,2,1,3.0,3,93053,M,,,93
201200045210,12,5,13,1715,1,2,3,1.0,3,93053,M,,,93
201200045211,12,5,19,1710,1,2,7,2.0,3,93053,M,,,93
201200045212,12,5,22,1635,1,2,1,1.0,2,93064,M,4888680.0,247030.0,93
201200045213,12,5,23,2010,1,2,1,1.0,6,93053,M,4888460.0,245850.0,93
201200045214,12,5,26,1035,1,2,1,1.0,7,93053,M,,,93
201200045215,12,5,31,800,1,2,1,1.0,6,93053,M,4888820.0,246097.0,93
201200045216,12,6,2,1625,1,2,2,1.0,7,93053,M,,,93
201200045217,12,6,6,915,1,2,2,8.0,3,93053,M,,,93
201200045218,12,6,9,1010,1,2,1,1.0,2,93053,M,,,93
201200045219,12,6,12,1150,1,2,1,2.0,3,93053,M,,,93
201200045220,12,6,16,1400,1,2,1,2.0,2,93053,M,,,93
201200045221,12,6,23,1330,1,2,3,1.0,5,93053,M,,,93
201200045222,12,6,29,2345,5,2,3,1.0,3,93053,M,,,93
201200045223,12,7,2,2040,1,2,2,1.0,6,93053,M,,,93
201200045224,12,7,11,713,1,2,2,2.0,3,93053,M,,,93
201200045225,12,7,11,2035,1,2,1,1.0,6,93053,M,4888960.0,245228.0,93
201200045226,12,8,4,1715,1,2,1,1.0,1,93053,M,4888140.0,245221.0,93
201200045227,12,8,17,1910,1,2,2,1.0,1,93053,M,4889190.0,244491.0,93
201200045228,12,8,21,1,5,2,2,1.0,3,93053,M,4889186.0,244502.0,93
201200045229,12,8,31,220,5,2,1,1.0,6,93053,M,4888840.0,247106.0,93
201200045230,12,9,2,1815,1,2,1,1.0,4,93053,M,,,93
201200045231,12,9,3,2049,5,2,1,1.0,3,93053,M,,,93
201200045232,12,9,4,830,1,2,3,1.0,3,93053,M,,,93
201200045233,12,9,4,2000,2,2,1,1.0,2,93053,M,,,93
201200045234,12,10,20,1455,1,2,1,2.0,6,93053,M,,,93
201200045235,12,11,8,2220,5,2,1,1.0,6,93053,M,,,93
201200045236,12,11,9,130,5,2,1,1.0,6,93053,M,,,93
201200045237,12,12,5,1810,5,2,1,2.0,5,93053,M,4888721.0,246706.0,93
201200045238,12,12,17,30,5,2,3,1.0,3,93053,M,,,93
201200045239,12,12,20,830,2,2,2,2.0,6,93053,M,,,93
201200045240,12,12,26,815,1,2,1,1.0,5,93053,M,,,93
201200045241,12,1,1,655,5,2,1,2.0,1,93055,M,,,93
201200045242,12,1,3,1405,1,2,2,1.0,3,93055,M,,,93
201200045243,12,1,12,1920,5,2,1,8.0,7,93055,M,,,93
201200045244,12,2,5,2340,5,2,1,1.0,7,93055,M,4890713.0,239589.0,93
201200045245,12,2,5,30,5,2,1,1.0,1,93055,M,4889060.0,240650.0,93
201200045246,12,2,7,1640,1,2,1,1.0,6,93055,M,4890085.0,241173.0,93
201200045247,12,2,11,1400,1,2,1,9.0,7,93055,M,,,93
201200045248,12,2,11,1510,1,2,3,1.0,3,93055,M,,,93
201200045249,12,2,16,1820,5,2,3,1.0,3,93055,M,4889340.0,242212.0,93
201200045250,12,2,21,2225,5,2,2,1.0,6,93055,M,,,93
201200045251,12,2,26,1400,1,2,1,1.0,2,93055,M,,,93
201200045252,12,2,27,1440,1,2,2,1.0,2,93055,M,,,93
201200045253,12,2,28,20,5,2,1,1.0,6,93055,M,,,93
201200045254,12,2,29,1600,1,2,1,1.0,3,93055,M,,,93
201200045255,12,5,6,705,1,2,3,8.0,3,93055,M,,,93
201200045256,12,6,4,1530,1,2,1,1.0,3,93055,M,,,93
201200045257,12,6,4,1950,1,2,1,1.0,6,93055,M,,,93
201200045258,12,6,7,1430,1,2,1,3.0,6,93055,M,4890360.0,239212.0,93
201200045259,12,6,7,1845,1,2,1,1.0,3,93055,M,4889642.0,240903.0,93
201200045260,12,6,16,1825,1,2,1,1.0,6,93055,M,4889090.0,240982.0,93
201200045261,12,9,27,920,1,2,1,1.0,3,93055,M,,,93
201200045262,12,11,9,1725,4,2,1,2.0,6,93055,M,,,93
201200045263,12,12,20,1125,1,2,1,3.0,6,93055,M,,,93
201200045264,12,6,30,945,1,2,1,1.0,6,93055,M,4888820.0,241128.0,93
201200045265,12,3,13,1330,1,2,1,1.0,6,93055,M,,,93
201200045266,12,3,15,1440,1,2,1,1.0,6,93055,M,,,93
201200045267,12,3,23,1400,1,2,1,1.0,3,93055,M,,,93
201200045268,12,3,30,1630,1,2,3,1.0,3,93055,M,,,93
201200045269,12,4,9,1705,1,2,1,2.0,6,93055,M,,,93
201200045270,12,4,23,1500,1,2,3,2.0,6,93055,M,,,93
201200045271,12,4,23,1940,1,2,3,8.0,3,93055,M,,,93
201200045272,12,4,29,1345,1,2,1,1.0,6,93055,M,4890560.0,239507.0,93
201200045273,12,4,30,1315,1,2,1,1.0,6,93055,M,4890430.0,240217.0,93
201200045274,12,5,2,1215,1,2,3,8.0,3,93055,M,,,93
201200045275,12,5,5,2015,5,2,3,3.0,6,93055,M,,,93
201200045276,12,5,16,1855,1,2,4,1.0,3,93055,M,4889370.0,240953.0,93
201200045277,12,5,16,2010,2,2,3,1.0,3,93055,M,,,93
201200045278,12,6,9,1628,1,2,1,8.0,6,93055,M,4889550.0,240412.0,93
201200045279,12,6,13,1940,1,2,1,2.0,1,93055,M,4889030.0,242106.0,93
201200045280,12,6,14,2330,5,2,1,1.0,2,93055,M,,,93
201200045281,12,6,15,1940,1,2,1,2.0,6,93055,M,,,93
201200045282,12,6,20,2315,5,2,1,1.0,3,93055,M,,,93
201200045283,12,6,25,855,1,2,2,1.0,3,93055,M,4889190.0,241883.0,93
201200045284,12,6,25,840,1,2,1,8.0,4,93055,M,,,93
201200045285,12,7,3,820,1,2,2,1.0,6,93055,M,4888920.0,241660.0,93
201200045286,12,7,3,1440,1,2,1,1.0,6,93055,M,,,93
201200045287,12,7,3,1920,1,2,1,1.0,1,93055,M,,,93
201200045288,12,7,5,1940,1,2,1,2.0,3,93055,M,4889622.0,240926.0,93
201200045289,12,7,14,42,5,2,3,3.0,2,93055,M,,,93
201200045290,12,7,17,125,5,2,1,1.0,3,93055,M,,,93
201200045291,12,7,29,1225,1,2,1,1.0,6,93055,M,,,93
201200045292,12,8,2,1830,1,2,1,1.0,7,93055,M,,,93
201200045293,12,8,14,2330,4,2,1,1.0,6,93055,M,,,93
201200045294,12,8,17,730,1,2,1,1.0,2,93055,M,,,93
201200045295,12,8,19,500,5,2,5,1.0,1,93055,M,4888910.0,240999.0,93
201200045296,12,8,20,1745,1,2,1,1.0,3,93055,M,,,93
201200045297,12,8,31,1610,1,2,1,1.0,6,93055,M,,,93
201200045298,12,8,31,1720,1,2,1,1.0,6,93055,M,,,93
201200045299,12,9,4,1830,1,2,1,1.0,6,93055,M,,,93