Num_Acc,an,mois,jour,hrmn,lum,agg,int,atm,col,com,gps,lat,long,dep
201200045300,12,9,6,840,1,2,1,1.0,2,93055,M,,,93
201200045301,12,9,6,1530,1,2,1,1.0,6,93055,M,,,93
201200045302,12,9,6,1725,1,2,1,1.0,3,93055,M,,,93
201200045303,12,9,15,100,5,2,2,1.0,3,93055,M,,,93
201200045304,12,9,21,1705,1,2,9,3.0,7,93055,M,,,93
201200045305,12,10,2,1100,1,2,3,1.0,3,93055,M,,,93
201200045306,12,10,6,1345,1,2,1,2.0,6,93055,M,,,93
201200045307,12,10,8,1855,2,2,2,2.0,3,93055,M,,,93
201200045308,12,10,15,1805,1,2,1,1.0,3,93055,M,4888600.0,241000.0,93
201200045309,12,10,20,2310,5,2,1,2.0,2,93055,M,,,93
201200045310,12,10,21,1920,2,2,1,1.0,6,93055,M,,,93
201200045311,12,10,22,900,1,2,1,1.0,6,93055,M,,,93
201200045312,12,10,24,2330,5,2,1,1.0,5,93055,M,,,93
201200045313,12,11,20,1330,1,2,1,1.0,6,93055,M,,,93
201200045314,12,11,23,1115,1,2,3,8.0,3,93055,M,,,93
201200045315,12,12,4,800,1,2,1,2.0,6,93055,M,4890070.0,239249.0,93
201200045316,12,12,14,1245,1,2,1,2.0,6,93055,M,4888889.0,241013.0,93
201200045317,12,12,17,830,1,2,1,1.0,6,93055,M,4889365.0,241002.0,93
201200045318,12,12,18,1205,1,2,1,8.0,2,93055,M,4890192.0,241396.0,93
201200045319,12,12,19,1720,5,2,3,2.0,3,93055,M,,,93
201200045320,12,12,19,1825,4,2,1,2.0,3,93055,M,,,93
201200045321,12,12,21,825,1,2,1,1.0,3,93055,M,,,93
201200045322,12,12,21,850,1,2,5,1.0,6,93055,M,,,93
201200045323,12,12,27,1110,1,2,1,2.0,6,93055,M,4890375.0,239230.0,93
201200045324,12,1,2,1940,5,2,1,8.0,6,93062,M,,,93
201200045325,12,1,6,2225,5,2,2,1.0,3,93077,M,,,93
201200045326,12,1,9,1710,5,2,1,1.0,3,93077,M,,,93
201200045327,12,1,11,855,1,1,1,1.0,2,93062,M,,,93
201200045328,12,1,11,833,1,2,1,1.0,3,93062,M,,,93
201200045329,12,1,14,2015,5,2,4,1.0,3,93077,M,,,93
201200045330,12,1,24,2010,5,2,2,2.0,3,93077,M,,,93
201200045331,12,1,27,1638,1,2,3,1.0,3,93077,M,,,93
201200045332,12,2,6,1420,1,2,1,8.0,2,93062,M,4889901.0,251820.0,93
201200045333,12,2,7,915,1,2,1,1.0,7,93062,M,4889150.0,251589.0,93
201200045334,12,2,8,2255,5,2,3,1.0,1,93077,M,4888552.0,249539.0,93
201200045335,12,2,10,1020,1,2,1,1.0,6,93062,M,4888950.0,251216.0,93
201200045336,12,2,11,1015,1,2,2,7.0,1,93077,M,4888660.0,251243.0,93
201200045337,12,3,3,1510,1,2,2,1.0,2,93077,M,,,93
201200045338,12,3,6,815,1,2,2,8.0,6,93062,M,4889140.0,251528.0,93
201200045339,12,3,20,830,1,2,1,7.0,6,93077,M,4889330.0,250256.0,93
201200045340,12,4,14,1040,1,2,3,1.0,6,93077,M,4888230.0,250009.0,93
201200045341,12,4,21,2020,1,2,3,1.0,3,93077,M,4887439.0,252845.0,93
201200045342,12,5,2,1445,1,2,6,8.0,2,93062,M,4890040.0,252912.0,93
201200045343,12,5,7,1540,1,2,1,1.0,2,93077,M,,,93
201200045344,12,5,9,110,5,2,3,1.0,3,93077,M,4889210.0,250552.0,93
201200045345,12,5,15,1140,1,2,4,3.0,6,93062,M,4890340.0,252831.0,93
201200045346,12,5,16,840,1,2,2,1.0,3,93062,M,,,93
201200045347,12,5,27,105,5,2,1,1.0,6,93077,M,,,93
201200045348,12,5,27,812,1,2,1,1.0,1,93077,M,,,93
201200045349,12,5,28,1500,1,2,9,1.0,7,93077,M,,,93
201200045350,12,5,29,1835,1,2,2,1.0,3,93077,M,4888940.0,249550.0,93
201200045351,12,5,31,1930,1,2,2,1.0,3,93077,M,4888340.0,251894.0,93
201200045352,12,6,2,1020,1,2,6,1.0,4,93077,M,4888191.0,252190.0,93
201200045353,12,6,4,905,1,2,2,1.0,7,93062,M,4889790.0,251275.0,93
201200045354,12,6,4,1815,1,2,1,1.0,6,93077,M,4888200.0,252262.0,93
201200045355,12,6,9,1745,1,2,2,1.0,3,93077,M,4888640.0,250580.0,93
201200045356,12,6,14,1900,1,2,5,1.0,1,93077,M,4887810.0,252499.0,93
201200045357,12,6,15,855,1,2,2,8.0,3,93077,M,4889200.0,250579.0,93
201200045358,12,6,17,735,1,2,7,1.0,6,93062,M,4889560.0,252698.0,93
201200045359,12,6,22,1720,1,2,2,1.0,3,93050,M,4887520.0,252223.0,93
201200045360,12,6,30,705,1,2,1,1.0,2,93077,M,,,93
201200045361,12,6,30,1240,1,2,1,1.0,1,93077,M,4888930.0,249156.0,93
201200045362,12,7,6,1430,1,2,1,1.0,6,93077,M,4888510.0,251134.0,93
201200045363,12,7,9,1520,1,2,3,1.0,3,93077,M,,,93
201200045364,12,7,14,2350,4,2,3,1.0,2,93062,M,4889700.0,253133.0,93
201200045365,12,7,25,856,1,2,2,1.0,3,93062,M,4889310.0,251654.0,93
201200045366,12,7,29,900,1,2,1,1.0,6,93062,M,4889586.0,252692.0,93
201200045367,12,8,4,1920,1,2,2,1.0,3,93077,M,4888640.0,250580.0,93
201200045368,12,8,21,30,5,2,3,1.0,3,93077,M,,,93
201200045369,12,8,23,1855,1,2,3,1.0,6,93077,M,,,93
201200045370,12,8,25,1925,1,2,2,1.0,3,93077,M,,,93
201200045371,12,8,26,1118,1,2,1,1.0,6,93077,M,,,93
201200045372,12,8,27,1735,1,2,1,1.0,1,93077,M,,,93
201200045373,12,9,4,1905,1,2,1,1.0,6,93062,M,,,93
201200045374,12,9,11,1055,1,2,2,2.0,3,93077,M,,,93
201200045375,12,9,11,1850,1,2,2,2.0,7,93062,M,,,93
201200045376,12,9,14,1025,1,2,3,1.0,6,93077,M,,,93
201200045377,12,9,18,1705,1,2,1,1.0,3,93077,M,,,93
201200045378,12,9,18,1800,1,2,1,1.0,6,93062,M,,,93
201200045379,12,9,19,1510,1,2,1,1.0,2,93077,M,,,93
201200045380,12,9,21,1055,1,2,2,1.0,3,93077,M,,,93
201200045381,12,9,24,58,5,2,3,2.0,3,93077,M,,,93
201200045382,12,9,24,1930,5,2,3,1.0,6,93062,M,,,93
201200045383,12,10,2,2005,5,2,2,1.0,3,93077,M,4888260.0,251810.0,93
201200045384,12,10,4,1454,1,2,2,1.0,3,93077,M,4887520.0,252910.0,93
201200045385,12,10,8,835,1,2,6,2.0,6,93062,M,4889930.0,251740.0,93
201200045386,12,10,10,1020,1,2,1,9.0,1,93062,M,4890220.0,251680.0,93
201200045387,12,10,15,2345,5,2,2,1.0,3,93062,M,,,93
201200045388,12,10,18,1035,1,2,9,1.0,6,93077,M,,,93
201200045389,12,10,20,1625,1,2,1,2.0,6,93077,M,,,93
201200045390,12,10,24,1620,1,2,1,1.0,5,93077,M,,,93
201200045391,12,10,26,1730,1,2,3,1.0,4,93077,M,,,93
201200045392,12,11,5,805,1,2,2,1.0,2,93077,M,,,93
201200045393,12,11,12,1415,1,2,3,1.0,2,93077,M,4887720.0,252390.0,93
201200045394,12,11,13,1700,2,2,1,1.0,6,93062,M,4889963.0,251773.0,93
201200045395,12,11,20,1810,3,2,1,1.0,6,93077,M,,,93
201200045396,12,11,22,1645,2,2,1,1.0,6,93077,M,,,93
201200045397,12,11,25,1655,5,2,2,1.0,3,93077,M,,,93
201200045398,12,11,28,1140,1,2,1,1.0,3,93077,M,,,93
201200045399,12,12,7,800,1,2,2,4.0,6,93077,M,4888534.0,251301.0,93
201200045400,12,12,11,1825,5,2,1,1.0,6,93077,M,,,93
201200045401,12,12,18,1420,1,2,1,1.0,7,93077,M,,,93
201200045402,12,12,18,1945,5,2,1,1.0,2,93077,M,,,93
201200045403,12,1,3,2050,4,2,5,2.0,6,93064,M,,,93
201200045404,12,1,10,1305,1,1,1,1.0,3,93064,M,,,93
201200045405,12,1,15,1750,1,1,2,1.0,6,93064,M,,,93
201200045406,12,1,21,1220,1,2,1,1.0,6,93064,M,,,93
201200045407,12,2,8,1130,1,2,1,1.0,7,93064,M,4886823.0,248604.0,93
201200045408,12,2,13,1025,1,1,2,1.0,6,93064,M,,,93
201200045409,12,2,17,1725,1,2,1,1.0,6,93064,M,4887610.0,249195.0,93
201200045410,12,3,6,830,1,2,1,2.0,6,93064,M,4886790.0,249788.0,93
201200045411,12,3,15,1610,1,1,1,1.0,7,93064,M,,,93
201200045412,12,3,23,700,2,1,2,1.0,3,93064,M,4888500.0,248157.0,93
201200045413,12,3,10,1945,1,1,1,1.0,7,93064,M,4888000.0,247408.0,93
201200045414,12,4,11,1150,1,2,5,1.0,6,93064,M,4887237.0,248527.0,93
201200045415,12,5,21,1150,1,2,2,3.0,6,93064,M,4887150.0,248998.0,93
201200045416,12,4,30,1730,1,2,1,2.0,6,93064,M,4888056.0,247731.0,93
201200045417,12,5,1,1705,1,2,1,1.0,6,93049,M,4886880.0,250050.0,93
201200045418,12,5,13,105,5,2,1,1.0,6,93064,M,,,93
201200045419,12,5,13,2010,2,2,1,1.0,6,93064,M,,,93
201200045420,12,5,15,2121,5,1,1,1.0,6,93064,M,4886700.0,249146.0,93
201200045421,12,5,16,820,1,1,1,1.0,2,93064,M,,,93
201200045422,12,5,19,145,5,2,1,1.0,6,93064,M,,,93
201200045423,12,5,21,1440,1,1,1,1.0,6,93064,M,4887260.0,248528.0,93
201200045424,12,6,4,2010,2,2,1,2.0,6,93064,M,4886740.0,248592.0,93
201200045425,12,6,13,1625,1,1,1,1.0,6,93064,M,4887630.0,247852.0,93
201200045426,12,6,20,1025,1,2,1,1.0,6,93064,M,,,93
201200045427,12,6,21,1940,1,2,1,1.0,6,93064,M,4888030.0,249606.0,93
201200045428,12,6,22,1130,1,2,1,1.0,6,93064,M,4887990.0,247413.0,93
201200045429,12,6,22,800,1,2,3,1.0,6,93064,M,,,93
201200045430,12,6,30,1635,1,2,1,1.0,6,93064,M,4887920.0,247503.0,93
201200045431,12,7,7,1730,1,2,1,1.0,6,93064,M,,,93
201200045432,12,7,25,1040,1,2,1,1.0,6,93064,M,,,93
201200045433,12,7,30,1800,1,1,1,1.0,6,93064,M,,,93
201200045434,12,7,31,1455,1,2,1,1.0,6,93064,M,,,93
201200045435,12,8,4,1810,1,2,1,1.0,6,93064,M,,,93
201200045436,12,8,7,1640,1,2,1,1.0,6,93064,M,4887170.0,248378.0,93
201200045437,12,8,12,2230,5,2,1,1.0,6,93064,M,4886390.0,248828.0,93
201200045438,12,8,17,1820,1,1,1,1.0,6,93064,M,4888280.0,248046.0,93
201200045439,12,8,30,1205,1,2,1,1.0,6,93064,M,,,93
201200045440,12,9,6,1910,2,2,1,1.0,6,93064,M,,,93
201200045441,12,9,25,1300,1,1,1,1.0,6,93064,M,,,93
201200045442,12,9,25,2010,5,2,2,1.0,6,93064,M,,,93
201200045443,12,9,27,2240,5,2,1,1.0,6,93064,M,,,93
201200045444,12,9,29,1145,1,2,1,1.0,6,93064,M,,,93
201200045445,12,10,2,920,1,1,1,1.0,6,93064,M,,,93
201200045446,12,10,6,2350,5,2,1,1.0,6,93064,M,4887140.0,248620.0,93
201200045447,12,10,11,1100,1,2,2,1.0,6,93064,M,4888400.0,248780.0,93
201200045448,12,10,16,45,5,2,2,1.0,6,93064,M,,,93
201200045449,12,10,19,800,1,2,1,1.0,6,93064,M,,,93
201200045450,12,10,23,1800,2,2,1,1.0,6,93064,M,,,93
201200045451,12,10,24,1500,1,1,1,1.0,6,93064,M,,,93
201200045452,12,10,24,345,5,2,1,1.0,6,93064,M,,,93
201200045453,12,10,28,1240,1,2,1,1.0,6,93064,M,,,93
201200045454,12,12,7,1100,1,2,1,1.0,5,93064,M,4887302.0,247966.0,93
201200045455,12,11,6,915,1,2,1,1.0,6,93064,M,,,93
201200045456,12,11,6,830,1,2,1,1.0,6,93064,M,4887898.0,247530.0,93
201200045457,12,11,11,1450,1,2,1,1.0,6,93064,M,,,93
201200045458,12,11,16,1305,1,2,1,1.0,6,93064,M,4888200.0,248120.0,93
201200045459,12,11,1,1720,1,2,1,1.0,6,93064,M,,,93
201200045460,12,12,21,2320,5,2,1,1.0,6,93064,M,,,93
201200045461,12,12,27,1600,1,2,1,1.0,6,93064,M,,,93
201200045462,12,12,27,1845,2,2,1,1.0,6,93064,M,,,93
201200045463,12,12,28,1545,1,2,2,1.0,6,93064,M,,,93
201200045464,12,12,31,2230,5,2,1,1.0,6,93064,M,,,93
201200045465,12,1,2,640,5,2,1,2.0,2,93066,M,,,93
201200045466,12,1,5,545,5,2,1,2.0,2,93066,M,,,93
201200045467,12,1,5,835,1,2,1,2.0,3,93066,M,,,93
201200045468,12,1,8,1420,1,2,1,1.0,6,93066,M,,,93
201200045469,12,1,9,1656,2,2,1,2.0,6,93066,M,,,93
201200045470,12,1,10,1825,5,2,1,1.0,3,93066,M,,,93
201200045471,12,1,11,1725,1,2,1,1.0,1,93066,M,,,93
201200045472,12,1,11,2050,5,2,1,1.0,5,93066,M,,,93
201200045473,12,1,18,745,5,2,2,1.0,3,93066,M,,,93
201200045474,12,1,18,1250,1,2,1,8.0,6,93066,M,,,93
201200045475,12,1,20,1330,1,2,1,1.0,6,93066,M,,,93
201200045476,12,1,20,2100,5,2,3,2.0,3,93066,M,,,93
201200045477,12,1,24,1715,2,2,3,3.0,7,93066,M,,,93
201200045478,12,1,26,1330,1,2,3,2.0,3,93039,M,,,93
201200045479,12,1,29,505,5,2,2,1.0,3,93066,M,,,93
201200045480,12,1,30,2245,5,2,1,1.0,3,93066,M,,,93
201200045481,12,1,31,1755,1,2,1,8.0,6,93066,M,,,93
201200045482,12,2,5,1800,2,2,3,1.0,3,93066,M,4891449.0,234048.0,93
201200045483,12,2,9,725,2,2,6,1.0,6,93059,M,4894780.0,235724.0,93
201200045484,12,2,10,1500,1,2,1,1.0,6,93066,M,4891980.0,236194.0,93
201200045485,12,2,13,1400,1,2,1,1.0,6,93066,M,,,93
201200045486,12,2,16,1235,1,2,1,1.0,6,93066,M,4893880.0,235886.0,93
201200045487,12,2,17,1745,1,2,1,2.0,4,93066,M,,,93
201200045488,12,2,21,650,2,2,2,1.0,3,93066,M,,,93
201200045489,12,2,23,1215,1,2,3,1.0,3,93066,M,4893270.0,235185.0,93
201200045490,12,2,23,1530,1,2,3,2.0,3,93066,M,4893600.0,237755.0,93
201200045491,12,2,24,655,5,2,2,2.0,5,93066,M,,,93
201200045492,12,2,25,234,5,2,2,1.0,6,93066,M,,,93
201200045493,12,3,1,1925,5,2,1,1.0,3,93066,M,4890840.0,235795.0,93
201200045494,12,3,2,1850,5,2,1,1.0,6,93066,M,4893640.0,237018.0,93
201200045495,12,3,3,1045,1,2,1,1.0,7,93066,M,,,93
201200045496,12,3,4,2045,5,2,1,2.0,7,93066,M,,,93
201200045497,12,3,6,1645,1,2,1,2.0,3,93066,M,,,93
201200045498,12,3,8,1745,1,2,2,1.0,3,93066,M,4891820.0,235473.0,93
201200045499,12,3,10,340,5,2,1,1.0,7,93066,M,4891910.0,235719.0,93
201200045500,12,3,11,1330,1,2,1,1.0,4,93066,M,4893170.0,234941.0,93
201200045501,12,3,10,2120,5,2,1,1.0,6,93066,M,,,93
201200045502,12,3,12,1250,1,2,1,1.0,2,93066,M,4894240.0,236468.0,93
201200045503,12,3,12,1925,4,2,6,1.0,5,93066,M,,,93
201200045504,12,3,14,915,1,2,1,1.0,3,93066,M,4892220.0,233931.0,93
201200045505,12,3,16,1800,1,2,1,1.0,1,93066,M,4892610.0,235955.0,93
201200045506,12,3,16,2030,5,2,1,1.0,3,93066,M,,,93
201200045507,12,3,16,2100,5,2,1,1.0,6,93066,M,4894530.0,236328.0,93
201200045508,12,3,18,1445,1,2,6,2.0,3,93066,M,4894420.0,235695.0,93
201200045509,12,3,19,1800,2,2,1,1.0,3,93066,M,4893800.0,234216.0,93
201200045510,12,3,20,1820,1,2,2,1.0,3,93066,M,4892660.0,236610.0,93
201200045511,12,3,21,810,1,2,1,1.0,6,93066,M,4893860.0,235586.0,93
201200045512,12,3,26,1820,1,2,2,1.0,3,93066,M,,,93
201200045513,12,3,26,1700,1,2,2,1.0,3,93066,M,4891820.0,235723.0,93
201200045514,12,3,28,1130,1,2,1,1.0,3,93066,M,4892900.0,235473.0,93
201200045515,12,3,28,2145,4,2,3,1.0,3,93066,M,,,93
201200045516,12,3,31,1930,1,2,1,1.0,3,93066,M,,,93
201200045517,12,4,1,1600,1,2,5,1.0,6,93066,M,4894244.0,234903.0,93
201200045518,12,4,1,1940,1,2,2,1.0,3,93066,M,4894360.0,236912.0,93
201200045519,12,4,3,1030,1,2,3,1.0,3,93066,M,,,93
201200045520,12,4,3,1430,1,2,9,1.0,3,93066,M,,,93
201200045521,12,4,5,1335,1,2,3,8.0,3,93066,M,4893750.0,236203.0,93
201200045522,12,4,11,845,1,2,3,1.0,3,93066,M,4893990.0,236272.0,93
201200045523,12,4,11,1515,1,2,5,1.0,7,93066,M,4891968.0,236162.0,93
201200045524,12,4,13,815,1,2,1,1.0,7,93066,M,4894761.0,236058.0,93
201200045525,12,4,14,1130,1,2,1,1.0,1,93066,M,4891412.0,235820.0,93
201200045526,12,4,15,1945,1,2,1,1.0,3,93066,M,4893510.0,234678.0,93
201200045527,12,4,18,1814,1,2,1,1.0,2,93066,M,,,93
201200045528,12,4,23,1140,1,2,2,3.0,6,93066,M,4893110.0,235436.0,93
201200045529,12,4,25,900,1,2,1,2.0,2,93066,M,,,93
201200045530,12,4,27,1100,1,2,1,1.0,6,93066,M,,,93
201200045531,12,5,2,800,1,1,1,1.0,1,93066,M,,,93
201200045532,12,5,5,1000,1,2,4,1.0,3,93066,M,,,93
201200045533,12,5,5,530,2,2,1,1.0,1,93066,M,,,93
201200045534,12,5,6,1745,1,2,1,1.0,6,93066,M,,,93
201200045535,12,5,8,2100,1,2,2,1.0,3,93066,M,,,93
201200045536,12,5,9,2000,1,2,1,1.0,6,93066,M,4892490.0,237143.0,93
201200045537,12,5,12,1650,1,2,3,1.0,2,93066,M,,,93
201200045538,12,5,13,2005,1,2,1,1.0,6,93066,M,,,93
201200045539,12,5,14,1420,1,2,1,1.0,3,93066,M,,,93
201200045540,12,5,14,1550,1,2,5,7.0,6,93066,M,,,93
201200045541,12,5,15,2000,1,2,1,1.0,3,93066,M,,,93
201200045542,12,5,23,1600,1,2,3,1.0,6,93066,M,4893910.0,234721.0,93
201200045543,12,5,25,1445,1,2,2,1.0,3,93066,M,4891820.0,235459.0,93
201200045544,12,5,26,1855,1,2,2,1.0,3,93066,M,4893870.0,235920.0,93
201200045545,12,5,26,1600,1,2,1,1.0,7,93066,M,4891660.0,236406.0,93
201200045546,12,5,28,1400,1,2,3,1.0,3,93066,M,,,93
201200045547,12,5,29,910,1,2,1,1.0,2,93066,M,,,93
201200045548,12,5,29,1530,1,2,1,1.0,6,93066,M,4894180.0,235402.0,93
201200045549,12,5,30,1215,1,2,1,1.0,6,93001,M,4892200.0,236738.0,93
201200045550,12,5,31,1240,1,2,1,1.0,6,93066,M,4893240.0,235488.0,93
201200045551,12,5,31,940,1,1,1,1.0,1,93066,M,,,93
201200045552,12,5,31,1350,1,2,1,1.0,3,93066,M,4890460.0,235826.0,93
201200045553,12,6,1,1115,1,2,2,1.0,3,93066,M,4894430.0,234222.0,93
201200045554,12,6,1,2330,5,2,1,1.0,1,93066,M,,,93
201200045555,12,6,3,2235,5,2,1,2.0,4,93066,M,,,93
201200045556,12,6,5,2130,5,2,1,2.0,2,93066,M,4892680.0,235219.0,93
201200045557,12,6,6,1920,1,2,1,1.0,3,93066,M,4892390.0,236906.0,93
201200045558,12,6,3,1645,1,2,1,1.0,3,93066,M,,,93
201200045559,12,6,8,930,1,2,1,1.0,6,93066,M,4893480.0,237744.0,93
201200045560,12,6,8,1250,1,2,3,1.0,6,93039,M,,,93
201200045561,12,6,9,1125,1,2,1,1.0,1,93066,M,4893990.0,236278.0,93
201200045562,12,6,9,1640,1,2,1,1.0,1,93039,M,,,93
201200045563,12,6,11,1130,1,2,1,8.0,2,93066,M,4893860.0,235042.0,93
201200045564,12,6,12,1310,1,2,9,8.0,7,93066,M,,,93
201200045565,12,6,12,1800,1,2,1,2.0,7,93066,M,4892210.0,233911.0,93
201200045566,12,6,15,2030,5,2,2,3.0,6,93066,M,4891820.0,235789.0,93
201200045567,12,6,17,2305,5,2,1,1.0,6,93066,M,,,93
201200045568,12,6,18,25,5,2,1,1.0,3,93066,M,,,93
201200045569,12,6,18,930,1,2,9,1.0,2,93066,M,4892550.0,235346.0,93
201200045570,12,6,26,1800,1,2,1,1.0,4,93039,M,,,93
201200045571,12,6,27,1800,1,2,1,1.0,6,93066,M,,,93
201200045572,12,6,28,900,1,1,9,1.0,3,93066,M,,,93
201200045573,12,7,1,2150,2,2,1,1.0,2,93066,M,,,93
201200045574,12,7,2,930,1,2,1,1.0,7,93066,M,,,93
201200045575,12,7,2,2100,2,2,1,1.0,2,93066,M,,,93
201200045576,12,7,6,800,1,2,1,1.0,3,93066,M,,,93
201200045577,12,7,7,2045,2,2,1,2.0,3,93066,M,,,93
201200045578,12,7,7,2025,1,2,1,2.0,7,93066,M,,,93
201200045579,12,7,12,855,1,2,2,1.0,3,93066,M,,,93
201200045580,12,7,13,1200,1,1,1,3.0,2,93066,M,,,93
201200045581,12,7,13,1645,1,2,1,1.0,2,93066,M,4893704.0,236810.0,93
201200045582,12,7,29,1510,1,2,2,1.0,6,93066,M,,,93
201200045583,12,8,3,1845,1,2,1,1.0,3,93066,M,,,93
201200045584,12,8,8,1245,1,2,2,1.0,3,93066,M,,,93
201200045585,12,8,9,1330,1,2,3,1.0,2,93066,M,,,93
201200045586,12,8,13,1540,1,2,1,1.0,6,93066,M,,,93
201200045587,12,8,14,1800,1,2,1,1.0,3,93066,M,,,93
201200045588,12,8,16,1800,1,2,2,1.0,3,93066,M,4894250.0,235679.0,93
201200045589,12,8,19,140,5,2,1,1.0,6,93059,M,4895190.0,235648.0,93
201200045590,12,8,21,930,1,2,1,1.0,2,93066,M,,,93
201200045591,12,8,21,1400,1,2,1,1.0,3,93066,M,,,93
201200045592,12,9,1,550,2,2,1,1.0,7,93039,M,,,93
201200045593,12,9,3,1720,1,2,1,1.0,2,93066,M,,,93
201200045594,12,9,6,1440,1,2,3,1.0,3,93066,M,,,93
201200045595,12,9,6,1535,1,2,8,1.0,6,93066,M,,,93
201200045596,12,9,8,1216,1,2,2,1.0,3,93066,M,,,93
201200045597,12,9,10,1530,1,2,1,1.0,6,93066,M,,,93
201200045598,12,9,15,140,5,2,1,1.0,2,93066,M,,,93
201200045599,12,9,15,830,1,2,3,1.0,3,93066,M,,,93
201200045600,12,9,15,1615,1,2,4,1.0,3,93066,M,,,93
201200045601,12,9,16,1150,1,2,1,1.0,6,93066,M,,,93
201200045602,12,9,16,1115,1,2,1,1.0,6,93066,M,,,93
201200045603,12,9,16,1105,1,2,1,1.0,2,93066,M,,,93
201200045604,12,9,16,1815,1,2,1,1.0,6,93066,M,,,93
201200045605,12,9,17,1920,1,2,1,1.0,3,93066,M,,,93
201200045606,12,9,17,1645,1,2,3,1.0,3,93066,M,,,93
201200045607,12,9,22,1610,1,2,1,1.0,2,93066,M,,,93
201200045608,12,9,21,1500,1,2,1,2.0,3,93066,M,,,93
201200045609,12,9,24,800,1,2,1,2.0,3,93066,M,,,93
201200045610,12,9,24,830,1,2,1,2.0,6,93066,M,,,93
201200045611,12,9,24,2330,3,2,1,2.0,2,93066,M,,,93
201200045612,12,9,27,1800,1,2,1,1.0,6,93066,M,,,93
201200045613,12,9,27,2000,5,2,1,1.0,6,93066,M,,,93
201200045614,12,9,28,1225,1,2,1,1.0,5,93066,M,,,93
201200045615,12,9,29,1815,1,2,1,1.0,2,93066,M,,,93
201200045616,12,10,4,845,1,2,2,2.0,3,93066,M,4892397.0,234257.0,93
201200045617,12,10,4,935,1,2,2,2.0,3,93066,M,4893718.0,237196.0,93
201200045618,12,10,5,930,1,2,1,1.0,4,93066,M,,,93
201200045619,12,10,8,1105,1,2,1,2.0,6,93066,M,,,93
201200045620,12,10,9,555,5,2,1,2.0,3,93066,M,,,93
201200045621,12,10,9,1120,1,2,1,2.0,7,93066,M,,,93
201200045622,12,10,11,1735,1,2,1,8.0,6,93066,M,,,93
201200045623,12,10,12,1150,1,2,1,1.0,3,93066,M,,,93
201200045624,12,10,15,1000,1,2,1,1.0,3,93066,M,,,93
201200045625,12,10,15,1005,1,2,1,1.0,3,93066,M,,,93
201200045626,12,10,15,1230,1,2,1,1.0,6,93066,M,,,93
201200045627,12,10,17,1810,1,2,1,2.0,6,93066,M,4893800.0,235100.0,93
201200045628,12,10,18,1215,1,2,1,1.0,3,93066,M,,,93
201200045629,12,10,18,1415,1,2,1,1.0,6,93066,M,,,93
201200045630,12,10,18,1700,1,1,1,2.0,3,93066,M,,,93
201200045631,12,10,20,1740,1,1,1,2.0,7,93066,M,,,93
201200045632,12,10,22,1900,5,2,2,1.0,3,93066,M,,,93
201200045633,12,10,23,1309,1,2,1,1.0,3,93039,M,,,93
201200045634,12,10,23,1600,1,2,2,1.0,3,93066,M,,,93
201200045635,12,10,24,1315,1,2,1,1.0,2,93066,M,,,93
201200045636,12,10,26,1415,1,2,1,1.0,7,93066,M,,,93
201200045637,12,10,31,1745,3,2,1,1.0,3,93066,M,,,93
201200045638,12,11,3,1950,3,2,2,1.0,1,93066,M,,,93
201200045639,12,11,5,1130,1,1,1,1.0,3,93066,M,4893855.0,235078.0,93
201200045640,12,11,9,800,1,2,1,1.0,6,93066,M,,,93
201200045641,12,11,10,1600,1,2,3,1.0,3,93066,M,4892550.0,236480.0,93
201200045642,12,11,12,1050,1,2,1,1.0,1,93066,M,,,93
201200045643,12,11,12,1900,1,2,1,1.0,3,93066,M,4893130.0,235260.0,93
201200045644,12,11,13,705,2,2,9,2.0,3,93039,M,,,93
201200045645,12,11,13,930,1,2,3,2.0,3,93066,M,4893128.0,235364.0,93
201200045646,12,11,15,1100,1,2,1,1.0,7,93066,M,,,93
201200045647,12,11,15,1650,5,2,1,1.0,6,93066,M,4893444.0,235587.0,93
201200045648,12,11,18,1100,1,2,1,2.0,3,93066,M,,,93
201200045649,12,11,19,1705,5,2,1,1.0,2,93066,M,,,93
201200045650,12,11,19,1957,5,2,1,1.0,5,93072,M,,,93
201200045651,12,11,21,1840,5,2,2,1.0,3,93066,M,,,93
201200045652,12,11,22,1850,3,2,3,1.0,3,93066,M,,,93
201200045653,12,11,25,630,5,2,1,2.0,5,93066,M,,,93
201200045654,12,11,26,10,5,2,1,1.0,3,93066,M,,,93
201200045655,12,11,30,1850,5,2,3,1.0,3,93066,M,,,93
201200045656,12,12,1,155,5,2,3,1.0,1,93066,M,4892980.0,236175.0,93
201200045657,12,12,3,845,1,2,1,2.0,3,93066,M,,,93
201200045658,12,12,4,1015,1,2,1,2.0,2,93066,M,,,93
201200045659,12,12,4,2245,5,2,1,2.0,3,93066,M,,,93
201200045660,12,12,5,1625,1,2,1,1.0,6,93066,M,4893201.0,235585.0,93
201200045661,12,12,6,1035,1,2,2,1.0,3,93066,M,4893371.0,237098.0,93
201200045662,12,12,11,1530,1,2,1,1.0,2,93066,M,4893706.0,236264.0,93