Num_Acc,an,mois,jour,hrmn,lum,agg,int,atm,col,com,gps,lat,long,dep
201200045663,12,12,11,1830,5,2,9,1.0,3,93066,M,4891405.0,234555.0,93
201200045664,12,12,12,1350,1,2,2,1.0,3,93066,M,4892982.0,236152.0,93
201200045665,12,12,12,1750,5,2,1,1.0,3,93066,M,,,93
201200045666,12,12,17,1330,1,2,1,1.0,6,93066,M,4891494.0,235732.0,93
201200045667,12,12,17,1330,1,2,1,1.0,6,93066,M,,,93
201200045668,12,12,18,921,1,2,9,2.0,6,93066,M,,,93
201200045669,12,12,20,1715,1,2,1,8.0,6,93066,M,,,93
201200045670,12,12,27,1015,1,2,1,2.0,6,93066,M,,,93
201200045671,12,12,29,920,1,2,1,1.0,6,93066,M,,,93
201200045672,12,12,29,2245,5,2,3,2.0,3,93066,M,,,93
201200045673,12,12,30,1000,1,2,1,1.0,6,93066,M,,,93
201200045674,12,1,4,1255,1,2,1,1.0,2,93070,M,,,93
201200045675,12,1,5,1135,1,2,1,2.0,4,93070,M,,,93
201200045676,12,1,6,752,2,2,1,1.0,3,93070,M,,,93
201200045677,12,1,8,1820,5,2,1,1.0,6,93070,M,,,93
201200045678,12,1,10,20,5,2,1,1.0,6,93070,M,,,93
201200045679,12,1,13,2355,5,2,2,1.0,3,93070,M,,,93
201200045680,12,1,14,1540,1,2,1,1.0,3,93070,M,,,93
201200045681,12,1,19,1420,1,2,2,1.0,2,93070,M,,,93
201200045682,12,1,20,1300,1,2,1,2.0,3,93070,M,,,93
201200045683,12,1,21,1840,2,2,1,8.0,3,93070,M,,,93
201200045684,12,1,23,1410,1,2,1,1.0,6,93070,M,,,93
201200045685,12,2,2,1900,5,2,1,1.0,3,93070,M,4890430.0,233124.0,93
201200045686,12,2,7,1810,5,2,1,9.0,3,93070,M,,,93
201200045687,12,2,10,1320,1,2,1,1.0,6,93070,M,4891200.0,232476.0,93
201200045688,12,2,10,1645,1,2,1,1.0,6,93070,M,4890410.0,233338.0,93
201200045689,12,3,16,1915,2,2,1,1.0,6,93070,M,,,93
201200045690,12,3,17,2000,5,2,1,2.0,3,93070,M,4890540.0,234411.0,93
201200045691,12,3,17,2045,5,2,1,2.0,2,93070,M,,,93
201200045692,12,3,21,955,1,2,1,1.0,6,93070,M,,,93
201200045693,12,3,24,2235,5,2,4,1.0,3,93070,M,,,93
201200045694,12,3,28,1050,1,2,1,1.0,2,93070,M,,,93
201200045695,12,3,29,940,1,2,9,1.0,3,93070,M,4890900.0,233473.0,93
201200045696,12,4,6,940,1,2,7,1.0,2,93070,M,4890726.0,232633.0,93
201200045697,12,4,6,1815,1,2,1,1.0,6,93070,M,4890638.0,233193.0,93
201200045698,12,4,6,2000,5,2,7,1.0,3,93070,M,4891287.0,233488.0,93
201200045699,12,4,13,2010,2,2,1,2.0,2,93070,M,4890552.0,232336.0,93
201200045700,12,5,3,2010,1,2,2,1.0,3,93070,M,4890590.0,233809.0,93
201200045701,12,5,4,1745,1,2,1,2.0,1,93070,M,,,93
201200045702,12,5,4,1720,1,2,3,1.0,5,93070,M,,,93
201200045703,12,5,6,1530,1,1,1,1.0,6,93070,M,4890570.0,234657.0,93
201200045704,12,5,12,1815,1,2,2,1.0,3,93070,M,4890320.0,234034.0,93
201200045705,12,5,17,1230,1,2,3,1.0,6,93070,M,,,93
201200045706,12,5,18,710,1,2,1,1.0,6,93070,M,4890110.0,233348.0,93
201200045707,12,5,23,1840,1,2,3,1.0,6,93070,M,,,93
201200045708,12,5,30,1300,1,2,1,1.0,6,93070,M,,,93
201200045709,12,6,3,715,1,2,1,2.0,6,93070,M,4891130.0,234422.0,93
201200045710,12,6,5,1615,1,2,2,1.0,6,93070,M,4890777.0,234084.0,93
201200045711,12,6,6,1500,1,2,1,1.0,3,93070,M,,,93
201200045712,12,6,6,1630,1,2,1,8.0,6,93070,M,4890290.0,232247.0,93
201200045713,12,6,7,25,5,2,1,1.0,3,93070,M,,,93
201200045714,12,6,12,855,1,2,1,2.0,6,93070,M,,,93
201200045715,12,6,13,2340,5,2,1,1.0,6,93070,M,4890360.0,233360.0,93
201200045716,12,6,14,1000,1,2,1,1.0,6,93070,M,4890610.0,232748.0,93
201200045717,12,6,15,2115,2,2,1,2.0,3,93070,M,,,93
201200045718,12,6,3,240,5,2,6,2.0,6,93070,M,,,93
201200045719,12,6,27,1610,1,2,1,1.0,6,93070,M,,,93
201200045720,12,6,28,1810,1,2,1,1.0,1,93070,M,,,93
201200045721,12,6,29,2100,5,2,1,1.0,3,93070,M,,,93
201200045722,12,7,4,1946,1,2,3,1.0,6,93070,M,4890640.0,231941.0,93
201200045723,12,7,5,1345,1,2,2,1.0,2,93070,M,4891050.0,234422.0,93
201200045724,12,7,8,1715,1,2,1,2.0,5,93070,M,,,93
201200045725,12,7,14,1205,1,2,1,1.0,6,93070,M,4891340.0,234335.0,93
201200045726,12,7,21,2220,5,2,1,1.0,3,93070,M,4890750.0,234126.0,93
201200045727,12,7,23,720,1,2,2,1.0,1,93070,M,,,93
201200045728,12,7,19,1905,1,2,1,1.0,6,93070,M,4890240.0,233533.0,93
201200045729,12,7,24,2000,1,2,1,1.0,3,93070,M,4890380.0,233946.0,93
201200045730,12,7,27,1715,1,2,1,1.0,7,93070,M,,,93
201200045731,12,8,7,1420,1,2,1,1.0,6,93070,M,,,93
201200045732,12,8,8,1420,1,2,2,1.0,3,93070,M,,,93
201200045733,12,8,17,2200,5,2,1,1.0,2,93070,M,,,93
201200045734,12,8,22,2315,3,2,1,1.0,1,93070,M,,,93
201200045735,12,8,27,1150,1,2,1,1.0,3,93070,M,,,93
201200045736,12,9,6,1035,1,2,1,1.0,6,93070,M,,,93
201200045737,12,9,10,920,1,2,1,1.0,3,93070,M,,,93
201200045738,12,9,13,1300,1,2,1,1.0,3,93070,M,,,93
201200045739,12,9,17,1550,1,2,1,1.0,6,93070,M,,,93
201200045740,12,9,22,2045,5,2,1,1.0,6,93070,M,,,93
201200045741,12,9,27,1040,1,2,1,2.0,3,93070,M,,,93
201200045742,12,9,28,1215,1,2,1,1.0,3,93070,M,,,93
201200045743,12,9,28,1820,1,2,1,1.0,6,93070,M,,,93
201200045744,12,9,30,1800,1,2,1,1.0,3,93070,M,,,93
201200045745,12,10,3,1950,5,2,1,2.0,3,93070,M,4891650.0,233440.0,93
201200045746,12,10,9,1445,1,2,2,2.0,3,93070,M,4891330.0,233400.0,93
201200045747,12,10,16,1040,1,2,1,2.0,7,93070,M,,,93
201200045748,12,10,23,855,1,2,2,8.0,6,93070,M,,,93
201200045749,12,10,25,840,1,2,3,1.0,3,93070,M,,,93
201200045750,12,11,11,1240,1,2,1,1.0,2,93070,M,,,93
201200045751,12,11,16,940,1,1,3,1.0,7,93070,M,,,93
201200045752,12,11,17,1430,1,2,1,8.0,3,93070,M,4891088.0,233345.0,93
201200045753,12,11,22,1250,1,2,1,8.0,6,93070,M,,,93
201200045754,12,12,18,900,1,2,1,2.0,2,93070,M,,,93
201200045755,12,12,22,1750,5,2,1,2.0,6,93070,M,,,93
201200045756,12,12,24,1545,1,2,1,1.0,6,93070,M,,,93
201200045757,12,12,27,1527,1,2,1,2.0,3,93070,M,,,93
201200045758,12,1,2,1355,1,2,1,1.0,2,93059,M,,,93
201200045759,12,1,14,1720,1,2,1,1.0,6,93072,M,,,93
201200045760,12,12,20,1430,1,2,1,2.0,2,93059,M,,,93
201200045761,12,8,9,745,1,2,3,1.0,2,93072,M,,,93
201200045762,12,1,21,30,5,2,1,2.0,7,93059,M,,,93
201200045763,12,8,29,1910,1,2,1,1.0,3,93072,M,,,93
201200045764,12,1,28,1925,5,2,1,2.0,6,93059,M,,,93
201200045765,12,1,30,2030,5,2,1,8.0,3,93072,M,,,93
201200045766,12,2,4,1905,5,2,1,1.0,1,93072,M,4896454.0,238879.0,93
201200045767,12,2,5,1810,1,2,1,1.0,6,93059,M,4896730.0,236165.0,93
201200045768,12,3,2,1730,1,2,1,1.0,6,93072,M,4896740.0,238381.0,93
201200045769,12,3,7,1120,1,2,3,8.0,3,93072,M,4896700.0,238215.0,93
201200045770,12,4,8,335,5,2,6,1.0,1,93072,M,4896296.0,237809.0,93
201200045771,12,4,13,825,1,2,1,1.0,6,93072,M,4896460.0,238055.0,93
201200045772,12,4,13,1230,1,2,1,1.0,2,93072,M,4896297.0,237838.0,93
201200045773,12,9,28,1100,1,2,1,1.0,2,93072,M,,,93
201200045774,12,3,20,1835,1,2,3,1.0,6,93072,M,4894870.0,238060.0,93
201200045775,12,11,7,740,1,2,3,1.0,5,93072,M,4896007.0,238199.0,93
201200045776,12,11,9,100,5,2,1,1.0,6,93059,M,,,93
201200045777,12,10,13,1250,1,2,3,3.0,4,93072,M,4895100.0,238500.0,93
201200045778,12,10,3,630,5,2,1,1.0,5,93072,M,4896200.0,238300.0,93
201200045779,12,10,17,1210,1,2,1,2.0,6,93072,M,4895100.0,237600.0,93
201200045780,12,11,25,1505,1,2,2,1.0,6,93072,M,,,93
201200045781,12,11,27,1840,5,2,3,2.0,2,93072,M,,,93
201200045782,12,11,28,1930,5,2,1,1.0,1,93072,M,,,93
201200045783,12,5,5,940,1,2,9,1.0,3,93072,M,,,93
201200045784,12,5,7,850,1,2,2,1.0,3,93072,M,,,93
201200045785,12,5,18,1200,1,2,1,1.0,6,93059,M,4896930.0,235677.0,93
201200045786,12,6,18,2310,5,2,1,1.0,3,93072,M,4894450.0,238683.0,93
201200045787,12,6,29,2220,5,2,1,1.0,6,93072,M,4895360.0,238325.0,93
201200045788,12,5,29,1945,1,2,3,1.0,2,93072,M,,,93
201200045789,12,6,4,740,1,2,1,1.0,2,93072,M,,,93
201200045790,12,6,15,1805,1,2,1,1.0,3,93072,M,4894960.0,238600.0,93
201200045791,12,4,9,2000,5,2,1,2.0,1,93072,M,4895630.0,237848.0,93
201200045792,12,4,11,2135,3,2,3,1.0,3,93072,M,4896390.0,238052.0,93
201200045793,12,8,14,730,2,2,1,1.0,3,93072,M,4894940.0,238597.0,93
201200045794,12,9,10,2105,3,2,1,1.0,3,93059,M,,,93
201200045795,12,7,29,1545,1,2,2,1.0,1,93059,M,,,93
201200045796,12,7,31,1330,1,2,3,1.0,3,93072,M,4895503.0,238344.0,93
201200045797,12,11,30,100,5,2,1,1.0,6,93072,M,,,93
201200045798,12,5,8,1500,1,2,2,1.0,3,93072,M,4894520.0,238134.0,93
201200045799,12,12,4,1750,4,2,3,2.0,6,93072,M,,,93
201200045800,12,9,13,1300,1,2,2,1.0,3,93059,M,,,93
201200045801,12,9,14,2235,5,2,1,1.0,6,93059,M,,,93
201200045802,12,12,27,1735,5,2,1,2.0,3,93072,M,,,93
201200045803,12,9,29,1350,1,2,2,1.0,3,93072,M,,,93
201200045804,12,10,1,1850,1,2,1,1.0,3,93072,M,,,93
201200045805,12,7,2,1815,1,2,1,1.0,3,93072,M,4896210.0,238300.0,93
201200045806,12,6,25,2000,1,2,1,1.0,2,93072,M,,,93
201200045807,12,7,26,1810,1,2,1,1.0,3,93059,M,4895220.0,236428.0,93
201200045808,12,11,1,145,5,2,3,1.0,3,93072,M,4895817.0,238233.0,93
201200045809,12,1,2,650,5,2,1,2.0,1,93078,M,,,93
201200045810,12,3,23,825,1,1,1,1.0,7,93073,M,,,93
201200045811,12,1,17,1825,5,2,1,1.0,4,93073,M,,,93
201200045812,12,1,20,1805,5,2,5,2.0,6,93073,M,,,93
201200045813,12,1,21,1420,1,2,6,2.0,3,93078,M,,,93
201200045814,12,1,22,1615,1,2,1,1.0,6,93073,M,,,93
201200045815,12,1,24,830,1,2,1,2.0,6,93078,M,,,93
201200045816,12,1,24,1200,1,2,6,1.0,3,93073,M,,,93
201200045817,12,1,25,1900,5,2,3,2.0,1,93078,M,,,93
201200045818,12,1,26,825,1,2,1,2.0,6,93078,M,,,93
201200045819,12,1,26,1405,1,2,1,2.0,6,93078,M,,,93
201200045820,12,2,4,1240,1,2,2,1.0,3,93071,M,4895200.0,252867.0,93
201200045821,12,2,12,1245,1,2,1,1.0,6,93078,M,4895748.0,253983.0,93
201200045822,12,2,14,837,1,2,2,2.0,3,93073,M,4894130.0,257665.0,93
201200045823,12,2,20,545,5,2,1,1.0,6,93073,M,,,93
201200045824,12,2,20,1625,1,2,6,1.0,3,93078,M,4896062.0,255561.0,93
201200045825,12,3,3,355,5,2,1,1.0,6,93078,M,4895780.0,254571.0,93
201200045826,12,3,3,2345,5,2,1,2.0,3,93078,M,,,93
201200045827,12,3,5,1920,2,2,1,1.0,3,93073,M,,,93
201200045828,12,3,9,1350,1,1,1,1.0,7,93073,M,,,93
201200045829,12,3,13,1140,1,2,1,1.0,6,93078,M,4895490.0,253718.0,93
201200045830,12,3,20,2340,3,1,1,1.0,7,93078,M,4897360.0,252729.0,93
201200045831,12,3,22,1600,1,2,1,1.0,4,93078,M,,,93
201200045832,12,3,23,1400,1,2,1,1.0,3,93078,M,,,93
201200045833,12,4,3,1845,1,2,2,1.0,3,93073,M,4896490.0,257279.0,93
201200045834,12,4,4,1015,1,1,6,1.0,6,93078,M,4896971.0,250368.0,93
201200045835,12,4,4,2200,5,2,3,2.0,3,93073,M,4896240.0,257043.0,93
201200045836,12,4,8,635,5,2,3,1.0,6,93078,M,4895050.0,255917.0,93
201200045837,12,4,10,2105,5,2,1,2.0,3,93073,M,4895160.0,257048.0,93
201200045838,12,4,10,2120,5,2,2,2.0,3,93078,M,4895820.0,255848.0,93
201200045839,12,4,12,630,2,2,1,1.0,3,93078,M,4895612.0,254079.0,93
201200045840,12,4,21,1535,1,2,9,2.0,6,93073,M,,,93
201200045841,12,5,4,1530,1,2,1,1.0,3,93078,M,,,93
201200045842,12,5,7,1930,1,2,1,1.0,6,77514,M,4894390.0,259309.0,77
201200045843,12,5,15,800,1,2,3,1.0,3,93073,M,4896560.0,257506.0,93
201200045844,12,5,19,730,1,2,2,1.0,3,93073,M,,,93
201200045845,12,5,19,2030,1,2,5,3.0,6,93078,M,,,93
201200045846,12,5,23,945,1,2,2,1.0,3,93073,M,4896210.0,255920.0,93
201200045847,12,5,23,1430,1,2,2,1.0,3,93078,M,4895030.0,255638.0,93
201200045848,12,5,25,1350,1,2,1,1.0,3,93073,M,4895110.0,257498.0,93
201200045849,12,5,25,1750,1,2,1,1.0,4,93078,M,4896782.0,255147.0,93
201200045850,12,6,6,1245,1,2,1,1.0,2,93073,M,,,93
201200045851,12,6,8,1915,1,2,1,1.0,6,93078,M,,,93
201200045852,12,6,8,2320,5,2,2,3.0,6,93078,M,4895030.0,255638.0,93
201200045853,12,6,9,1735,1,2,6,1.0,2,93078,M,,,93
201200045854,12,6,12,915,1,2,1,1.0,6,93078,M,4895990.0,254357.0,93
201200045855,12,6,17,250,5,1,6,1.0,6,93078,M,4896454.0,255277.0,93
201200045856,12,6,22,1815,1,2,6,1.0,2,93078,M,,,93
201200045857,12,6,29,1510,1,2,1,1.0,6,93078,M,4895430.0,254859.0,93
201200045858,12,7,3,1145,1,2,1,1.0,1,93073,M,4893880.0,257961.0,93
201200045859,12,7,4,1625,1,2,1,1.0,3,93078,M,,,93
201200045860,12,7,20,1940,1,2,3,1.0,1,93073,M,4895030.0,257848.0,93
201200045861,12,7,23,1855,1,2,2,1.0,3,93078,M,,,93
201200045862,12,7,24,900,1,2,2,1.0,3,93073,M,4894280.0,258736.0,93
201200045863,12,8,3,1700,1,2,2,1.0,3,93073,M,4894280.0,258737.0,93
201200045864,12,8,4,1800,1,2,1,1.0,6,93073,M,4895170.0,257776.0,93
201200045865,12,8,11,45,5,2,1,1.0,2,93073,M,4896500.0,256953.0,93
201200045866,12,8,18,2020,1,2,3,1.0,3,93073,M,4895757.0,257949.0,93
201200045867,12,8,22,1125,1,2,1,1.0,7,93078,M,4897610.0,250297.0,93
201200045868,12,8,23,1615,1,2,2,1.0,7,93073,M,4895470.0,258497.0,93
201200045869,12,8,26,1830,1,2,2,1.0,3,93073,M,4894505.0,256764.0,93
201200045870,12,9,2,1100,1,2,1,1.0,6,93078,M,,,93
201200045871,12,9,5,1110,1,2,6,1.0,6,93078,M,,,93
201200045872,12,9,8,949,1,2,1,1.0,2,93078,M,,,93
201200045873,12,9,11,1510,1,2,1,2.0,2,93078,M,,,93
201200045874,12,9,11,1840,1,2,1,2.0,2,93073,M,,,93
201200045875,12,9,11,1645,1,2,1,2.0,2,93078,M,,,93
201200045876,12,9,15,2250,5,2,1,1.0,6,93078,M,,,93
201200045877,12,9,30,1910,1,2,1,1.0,6,93073,M,,,93
201200045878,12,11,2,2130,5,2,1,2.0,6,93078,M,4895694.0,255471.0,93
201200045879,12,11,8,1500,1,2,1,1.0,3,93078,M,,,93
201200045880,12,11,11,1530,1,2,1,1.0,7,93078,M,,,93
201200045881,12,11,14,1340,1,2,2,1.0,6,93073,M,,,93
201200045882,12,11,16,1435,1,2,1,1.0,3,93078,M,,,93
201200045883,12,11,18,1510,1,2,1,2.0,2,93078,M,,,93
201200045884,12,11,27,825,1,2,2,1.0,6,93078,M,,,93
201200045885,12,11,29,1100,1,2,1,8.0,6,93073,M,,,93
201200045886,12,11,29,1745,5,2,3,1.0,6,93078,M,,,93
201200045887,12,12,3,1230,1,2,2,1.0,3,93078,M,4895816.0,255840.0,93
201200045888,12,12,6,1425,1,2,1,8.0,6,93073,M,4898131.0,255573.0,93
201200045889,12,12,7,840,1,2,2,4.0,5,93078,M,4895359.0,255643.0,93
201200045890,12,12,7,2000,5,2,1,2.0,2,93078,M,,,93
201200045891,12,12,15,1745,2,2,1,3.0,4,93073,M,,,93
201200045892,12,12,16,2010,5,2,2,2.0,3,93078,M,,,93
201200045893,12,12,28,1725,5,2,2,8.0,3,93078,M,,,93
201200045894,12,3,29,1545,1,2,5,1.0,3,94002,M,4881430.0,241176.0,94
201200045895,12,1,6,1930,5,2,3,1.0,6,94002,M,4881060.0,241928.0,94
201200045896,12,1,8,1550,1,2,1,1.0,6,94002,M,4881460.0,241451.0,94
201200045897,12,1,17,940,1,2,6,1.0,6,94002,M,4879570.0,242499.0,94
201200045898,12,1,18,1530,1,2,2,1.0,3,94002,M,4878640.0,242942.0,94
201200045899,12,1,19,1340,1,2,1,1.0,3,94002,M,4879260.0,243011.0,94
201200045900,12,1,24,830,1,2,1,8.0,6,94002,M,4878620.0,242248.0,94
201200045901,12,1,24,2030,5,2,1,2.0,6,94002,M,4879830.0,242069.0,94
201200045902,12,4,10,1355,1,2,1,3.0,1,94002,M,,,94
201200045903,12,4,13,1715,1,2,2,1.0,3,94002,M,,,94
201200045904,12,2,3,1855,5,2,1,1.0,3,94002,M,4879320.0,242554.0,94
201200045905,12,3,13,2010,2,2,2,1.0,6,94002,M,4881460.0,241384.0,94
201200045906,12,3,14,1715,1,2,1,1.0,3,94002,M,4881440.0,241691.0,94
201200045907,12,5,1,1325,1,2,2,1.0,3,94002,M,,,94
201200045908,12,6,2,1555,1,2,1,1.0,3,94002,M,,,94
201200045909,12,6,16,1620,1,2,1,1.0,6,94002,M,,,94
201200045910,12,6,18,1625,1,2,1,1.0,2,94002,M,,,94
201200045911,12,6,26,1700,1,2,1,1.0,3,94002,M,,,94
201200045912,12,6,26,2115,1,2,5,1.0,3,94002,M,,,94
201200045913,12,6,27,1325,1,2,1,1.0,6,94002,M,,,94
201200045914,12,6,29,1345,1,2,6,1.0,3,94002,M,,,94
201200045915,12,7,10,1850,1,2,1,1.0,6,94002,M,,,94
201200045916,12,7,11,1935,1,2,3,1.0,6,94002,M,,,94
201200045917,12,7,11,2015,1,2,1,1.0,7,94002,M,,,94
201200045918,12,7,12,640,1,2,3,1.0,3,94002,M,,,94
201200045919,12,7,28,1245,1,2,1,1.0,3,94002,M,,,94
201200045920,12,8,28,1805,1,2,2,1.0,3,94002,M,,,94
201200045921,12,9,2,1515,1,2,2,1.0,3,94002,M,,,94
201200045922,12,9,4,1215,1,2,3,1.0,3,94002,M,,,94
201200045923,12,9,10,740,1,2,1,2.0,3,94002,M,,,94
201200045924,12,9,12,1200,1,2,3,1.0,5,94002,M,,,94
201200045925,12,9,15,2200,5,2,2,1.0,3,94002,M,,,94
201200045926,12,10,7,1330,1,2,1,1.0,3,94002,M,,,94
201200045927,12,10,11,1645,1,2,3,1.0,6,94002,M,,,94
201200045928,12,10,19,740,1,2,2,8.0,1,94002,M,,,94
201200045929,12,10,27,2045,5,2,1,1.0,6,94002,M,,,94
201200045930,12,10,31,1430,1,2,3,1.0,3,94002,M,,,94
201200045931,12,11,6,1150,1,2,3,1.0,3,94002,M,,,94
201200045932,12,11,7,1220,1,2,1,1.0,6,94002,M,,,94
201200045933,12,11,10,1250,1,2,1,1.0,6,94002,M,,,94
201200045934,12,11,13,740,1,2,2,8.0,3,94002,M,,,94
201200045935,12,11,26,1815,5,2,1,1.0,6,94002,M,,,94
201200045936,12,12,10,1355,1,2,1,1.0,6,94002,M,,,94
201200045937,12,12,22,1430,1,2,1,2.0,6,94002,M,,,94
201200045938,12,12,28,1040,1,2,1,2.0,6,94002,M,,,94
201200045939,12,12,30,1210,1,2,1,1.0,1,94002,M,,,94
201200045940,12,10,1,1830,1,2,3,1.0,1,94004,M,4875440.0,250600.0,94
201200045941,12,10,2,1620,1,2,1,1.0,6,94071,M,,,94
201200045942,12,10,3,1945,5,2,1,2.0,3,94004,M,,,94
201200045943,12,10,6,600,2,1,2,1.0,4,94048,M,4872750.0,253934.0,94
201200045944,12,10,7,230,5,2,1,1.0,6,94004,M,,,94
201200045945,12,10,7,2100,5,2,1,1.0,6,94071,M,,,94
201200045946,12,10,10,700,5,2,3,2.0,2,94075,M,4872750.0,253101.0,94
201200045947,12,10,11,1925,3,1,3,3.0,4,94075,M,4873130.0,252392.0,94
201200045948,12,10,12,750,2,2,1,8.0,6,94004,M,,,94
201200045949,12,10,15,1145,1,2,3,1.0,6,94004,M,4875510.0,250528.0,94
201200045950,12,10,17,940,1,2,1,2.0,6,94048,M,,,94
201200045951,12,10,17,1120,1,2,1,2.0,2,94071,M,,,94
201200045952,12,10,17,1425,1,2,1,1.0,6,94071,M,,,94
201200045953,12,10,17,2040,5,2,9,2.0,7,94044,M,,,94
201200045954,12,10,23,815,2,2,1,1.0,6,94044,M,,,94
201200045955,12,10,26,1656,1,1,1,1.0,2,94048,M,4872760.0,254185.0,94
201200045956,12,11,1,1145,1,2,1,8.0,2,94048,M,,,94
201200045957,12,11,2,1915,3,2,3,2.0,3,94071,M,,,94
201200045958,12,11,3,1150,1,2,1,2.0,7,94047,M,,,94
201200045959,12,1,5,1715,5,2,3,1.0,1,94044,M,4874670.0,248875.0,94
201200045960,12,11,7,2125,5,2,1,1.0,3,94070,M,,,94
201200045961,12,1,9,1530,1,2,1,1.0,7,94071,M,4877780.0,251156.0,94
201200045962,12,1,9,2140,5,2,1,1.0,6,94071,M,4877270.0,251570.0,94
201200045963,12,1,10,800,3,1,1,8.0,7,94048,M,4874770.0,254984.0,94
201200045964,12,1,11,1155,1,2,1,1.0,6,94004,M,4875160.0,251961.0,94
201200045965,12,1,11,1400,1,2,1,1.0,3,94044,M,4875250.0,248599.0,94
201200045966,12,1,11,1400,1,2,1,1.0,5,94044,M,4875770.0,248207.0,94
201200045967,12,11,11,2220,3,1,1,1.0,7,94056,M,,,94
201200045968,12,3,12,1815,1,2,1,1.0,2,94070,M,4871750.0,257059.0,94
201200045969,12,11,13,1345,1,2,1,1.0,7,94071,M,,,94
201200045970,12,1,13,1635,1,2,1,1.0,3,94004,M,4875180.0,250675.0,94
201200045971,12,11,14,1155,1,2,1,1.0,7,94071,M,,,94
201200045972,12,11,15,740,1,2,1,1.0,3,94071,M,,,94
201200045973,12,1,16,825,1,1,1,1.0,3,94075,M,4872740.0,253254.0,94
201200045974,12,1,18,1815,5,2,1,2.0,5,94070,M,4871830.0,256910.0,94
201200045975,12,11,19,1140,1,2,9,1.0,6,94044,M,,,94
201200045976,12,11,20,1600,1,2,9,1.0,2,94071,M,,,94
201200045977,12,11,21,1010,1,2,1,2.0,6,94044,M,,,94
201200045978,12,11,22,1625,1,2,1,1.0,6,94071,M,,,94
201200045979,12,11,23,930,1,2,3,1.0,3,94071,M,,,94
201200045980,12,11,23,1820,5,2,1,8.0,6,94070,M,,,94
201200045981,12,11,23,1750,5,2,3,2.0,6,94075,M,4872750.0,253101.0,94
201200045982,12,11,24,1955,5,2,1,1.0,2,94044,M,,,94
201200045983,12,11,24,1955,5,2,2,1.0,6,94044,M,,,94
201200045984,12,1,26,615,5,1,1,2.0,5,94004,M,4873670.0,251855.0,94
201200045985,12,1,26,750,1,2,5,2.0,3,94071,M,4877460.0,251093.0,94
201200045986,12,1,27,1735,1,2,1,1.0,6,94048,M,4872860.0,254034.0,94
201200045987,12,2,1,1840,5,2,1,1.0,2,94044,M,4874350.0,250372.0,94
201200045988,12,12,3,1720,5,2,9,2.0,6,94071,M,,,94
201200045989,12,2,4,1800,2,2,1,1.0,7,94075,M,4872190.0,253597.0,94
201200045990,12,12,5,745,5,2,1,1.0,7,94004,M,,,94
201200045991,12,12,5,1445,1,2,1,1.0,6,94044,M,,,94
201200045992,12,12,10,1325,1,2,1,8.0,1,94004,M,4873140.0,252366.0,94
201200045993,12,2,10,920,1,2,1,1.0,7,94075,M,4871800.0,253524.0,94
201200045994,12,12,11,1715,3,2,1,1.0,4,94070,M,4871670.0,257202.0,94
201200045995,12,2,11,1005,1,2,3,1.0,3,94044,M,4875310.0,249413.0,94
201200045996,12,2,12,45,5,2,1,1.0,7,94075,M,4872130.0,252889.0,94
201200045997,12,2,14,950,1,2,1,1.0,3,94004,M,4875180.0,251874.0,94
201200045998,12,12,14,745,5,2,9,1.0,2,94004,M,,,94
201200045999,12,12,14,1505,1,2,2,2.0,6,94044,M,4874480.0,251175.0,94
201200046000,12,12,15,1700,5,2,1,2.0,3,94071,M,,,94
201200046001,12,2,16,1920,5,2,4,1.0,3,94071,M,4876430.0,252552.0,94
201200046002,12,12,17,840,1,2,1,8.0,6,94004,M,,,94
201200046003,12,12,17,1500,1,2,6,8.0,6,94056,M,,,94
201200046004,12,2,20,715,1,2,2,1.0,3,94044,M,4874120.0,247836.0,94
201200046005,12,2,25,2140,5,2,3,2.0,3,94004,M,4875510.0,250528.0,94
201200046006,12,12,27,2040,3,1,1,2.0,7,94070,M,,,94
201200046007,12,2,28,2150,5,2,1,1.0,3,94071,M,4876990.0,250813.0,94
201200046008,12,12,28,2055,5,2,2,1.0,3,94071,M,,,94
201200046009,12,2,29,1655,1,2,1,1.0,6,94004,M,4875280.0,250658.0,94
201200046010,12,12,31,1145,1,2,1,1.0,6,94004,M,,,94
201200046011,12,3,1,820,1,2,1,8.0,6,94071,M,4877310.0,249872.0,94
201200046012,12,3,5,740,1,2,1,1.0,6,94075,M,4872210.0,253429.0,94
201200046013,12,3,8,1230,1,2,1,1.0,3,94071,M,4877340.0,251774.0,94
201200046014,12,3,9,1945,5,1,1,1.0,2,94070,M,4872070.0,256493.0,94
201200046015,12,3,12,900,1,1,1,1.0,7,94056,M,4869620.0,255535.0,94
201200046016,12,3,15,1040,1,2,1,1.0,6,94071,M,4876110.0,253285.0,94
201200046017,12,3,16,2340,5,2,3,1.0,3,94075,M,4872750.0,253101.0,94
201200046018,12,3,17,1900,1,2,1,1.0,2,94075,M,4873500.0,251979.0,94
201200046019,12,3,18,1045,1,2,1,1.0,3,94071,M,4877090.0,250857.0,94