Num_Acc,an,mois,jour,hrmn,lum,agg,int,atm,col,com,gps,lat,long,dep
201200046020,12,3,19,1710,1,2,1,1.0,6,94071,M,4877210.0,250961.0,94
201200046021,12,3,23,1550,1,2,2,1.0,6,94071,M,4877170.0,250821.0,94
201200046022,12,3,26,1610,1,1,1,1.0,5,94044,M,4873440.0,249674.0,94
201200046023,12,3,28,1854,1,2,1,1.0,6,94044,M,4874730.0,249433.0,94
201200046024,12,3,31,1820,1,2,4,8.0,3,94071,M,4876260.0,252013.0,94
201200046025,12,6,22,2328,3,1,1,1.0,1,94048,M,,,94
201200046026,12,4,2,1010,1,1,1,1.0,3,94004,M,4873880.0,251678.0,94
201200046027,12,4,5,850,1,2,1,1.0,3,94071,M,,,94
201200046028,12,5,24,805,1,2,1,1.0,6,94004,M,,,94
201200046029,12,4,12,1920,1,2,1,1.0,3,94047,M,,,94
201200046030,12,4,17,1200,1,2,1,1.0,2,94071,M,,,94
201200046031,12,4,23,1640,1,2,1,2.0,2,94071,M,,,94
201200046032,12,4,24,750,1,2,1,2.0,7,94070,M,,,94
201200046033,12,7,14,2350,5,2,2,1.0,6,94070,M,4871990.0,256629.0,94
201200046034,12,8,5,130,3,2,1,1.0,2,94004,M,,,94
201200046035,12,5,1,1220,1,2,9,1.0,3,94048,M,,,94
201200046036,12,5,3,920,1,2,3,1.0,2,94004,M,4875510.0,250528.0,94
201200046037,12,5,5,2015,1,1,1,3.0,1,94048,M,4872770.0,254548.0,94
201200046038,12,5,9,1150,1,2,6,1.0,3,94044,M,,,94
201200046039,12,5,28,1440,1,2,1,1.0,6,94071,M,,,94
201200046040,12,5,31,1620,1,2,2,1.0,5,94004,M,4874690.0,251012.0,94
201200046041,12,6,1,1800,1,2,1,1.0,1,94044,M,,,94
201200046042,12,6,11,830,1,2,1,2.0,6,94004,M,,,94
201200046043,12,6,14,1900,1,2,1,1.0,4,94071,M,,,94
201200046044,12,6,19,1650,1,2,1,1.0,3,94044,M,,,94
201200046045,12,6,15,1325,1,2,1,1.0,6,94044,M,,,94
201200046046,12,6,27,1635,1,2,1,1.0,4,94071,M,,,94
201200046047,12,7,2,1645,1,2,1,1.0,7,94071,M,,,94
201200046048,12,7,2,1720,1,2,3,1.0,3,94071,M,,,94
201200046049,12,7,6,2110,2,2,3,2.0,3,94071,M,,,94
201200046050,12,7,9,2030,1,2,1,1.0,4,94044,M,,,94
201200046051,12,7,13,1835,1,1,1,2.0,6,94048,M,,,94
201200046052,12,7,21,2015,1,2,1,1.0,2,94047,M,,,94
201200046053,12,7,29,1450,1,2,1,1.0,6,94071,M,,,94
201200046054,12,8,5,2154,5,2,3,8.0,7,94004,M,,,94
201200046055,12,6,28,1700,1,1,1,1.0,1,94048,M,4872770.0,254545.0,94
201200046056,12,8,29,1350,1,2,9,1.0,3,94056,M,,,94
201200046057,12,9,7,1355,1,2,3,1.0,3,94071,M,,,94
201200046058,12,9,7,1730,1,2,2,1.0,6,94004,M,4874690.0,251012.0,94
201200046059,12,9,8,1615,1,2,2,1.0,7,94070,M,4871990.0,256629.0,94
201200046060,12,9,12,1630,1,2,1,1.0,6,94048,M,,,94
201200046061,12,9,14,835,1,2,1,1.0,2,94044,M,,,94
201200046062,12,9,18,1440,1,2,3,1.0,3,94004,M,4875910.0,250051.0,94
201200046063,12,9,19,945,1,2,1,7.0,1,94071,M,,,94
201200046064,12,9,19,1230,1,2,1,1.0,6,94004,M,4875340.0,250598.0,94
201200046065,12,9,23,1450,1,2,9,1.0,3,94071,M,,,94
201200046066,12,9,24,850,1,2,1,2.0,2,94004,M,,,94
201200046067,12,9,26,1425,1,2,1,8.0,3,94071,M,,,94
201200046068,12,1,11,2010,5,2,1,1.0,6,94017,M,4882220.0,251060.0,94
201200046069,12,1,13,1815,5,2,1,1.0,6,94017,M,4881230.0,251588.0,94
201200046070,12,1,19,810,2,2,1,2.0,6,94017,M,4881880.0,252141.0,94
201200046071,12,1,23,1930,5,2,1,1.0,6,94017,M,4881270.0,253115.0,94
201200046072,12,1,24,225,5,2,1,1.0,2,94017,M,4882000.0,250106.0,94
201200046073,12,1,24,1045,1,2,1,2.0,6,94017,M,4881140.0,254337.0,94
201200046074,12,1,24,1930,5,2,1,2.0,3,94017,M,4881560.0,250427.0,94
201200046075,12,1,26,1855,5,2,1,2.0,3,94017,M,4882610.0,251937.0,94
201200046076,12,1,28,918,1,2,1,2.0,3,94017,M,4881150.0,255274.0,94
201200046077,12,1,31,1745,2,2,1,1.0,3,94017,M,4882790.0,251179.0,94
201200046078,12,2,2,1820,5,2,6,1.0,6,94017,M,4881720.0,252755.0,94
201200046079,12,2,9,1720,1,2,1,1.0,6,94017,M,4881480.0,253789.0,94
201200046080,12,2,10,2115,5,2,2,1.0,6,94017,M,4882960.0,249314.0,94
201200046081,12,2,13,650,5,2,1,1.0,1,94017,M,4881460.0,253778.0,94
201200046082,12,2,16,615,5,2,2,1.0,3,94017,M,4881370.0,251025.0,94
201200046083,12,2,16,1330,1,2,6,1.0,2,94017,M,4881420.0,252713.0,94
201200046084,12,2,16,2240,5,2,2,1.0,3,94017,M,4882710.0,251794.0,94
201200046085,12,2,16,2250,5,2,3,1.0,3,94017,M,4882470.0,250001.0,94
201200046086,12,2,17,1405,1,2,1,1.0,6,94017,M,4881640.0,253286.0,94
201200046087,12,2,17,1730,1,2,2,1.0,6,94017,M,4882770.0,249641.0,94
201200046088,12,2,18,1020,1,2,1,1.0,3,94017,M,4882610.0,251974.0,94
201200046089,12,2,20,715,1,2,3,1.0,3,94017,M,4880700.0,253562.0,94
201200046090,12,2,20,1805,1,1,2,1.0,3,94017,M,4881460.0,250798.0,94
201200046091,12,2,23,2245,5,2,1,1.0,3,94017,M,4882300.0,249719.0,94
201200046092,12,3,2,1920,5,2,1,1.0,4,94017,M,4881580.0,251373.0,94
201200046093,12,3,4,1800,2,1,3,1.0,6,94017,M,4882940.0,251760.0,94
201200046094,12,3,6,850,1,2,3,1.0,2,94017,M,4881430.0,251160.0,94
201200046095,12,3,8,1300,1,2,3,1.0,3,94017,M,4880870.0,255052.0,94
201200046096,12,3,8,1940,5,2,3,1.0,6,94017,M,4881950.0,248652.0,94
201200046097,12,3,12,2100,5,2,1,1.0,3,94017,M,4881560.0,250446.0,94
201200046098,12,3,15,910,1,2,6,1.0,3,94017,M,4881170.0,253644.0,94
201200046099,12,3,16,1135,1,2,1,1.0,6,94017,M,4882100.0,248730.0,94
201200046100,12,3,21,1625,1,2,3,1.0,6,94017,M,4882240.0,251613.0,94
201200046101,12,3,26,2110,5,2,2,1.0,6,94017,M,4882360.0,249645.0,94
201200046102,12,3,27,1310,1,2,2,1.0,2,94017,M,4882720.0,250813.0,94
201200046103,12,3,27,2050,5,2,3,1.0,3,94017,M,4881570.0,250409.0,94
201200046104,12,3,29,635,2,2,3,1.0,3,94019,M,4879700.0,253357.0,94
201200046105,12,4,1,1715,1,2,1,1.0,6,94017,M,,,94
201200046106,12,4,1,420,4,2,1,1.0,1,94017,M,,,94
201200046107,12,4,2,2010,5,2,1,1.0,6,94017,M,,,94
201200046108,12,4,6,1740,1,2,1,1.0,3,94017,M,,,94
201200046109,12,4,11,1645,1,2,1,1.0,6,94017,M,,,94
201200046110,12,4,15,1800,1,1,2,1.0,3,94017,M,,,94
201200046111,12,4,18,1350,1,2,1,1.0,3,94017,M,,,94
201200046112,12,4,4,1840,1,2,6,1.0,5,94017,M,,,94
201200046113,12,4,21,1200,1,2,1,1.0,2,94017,M,,,94
201200046114,12,4,22,1230,1,2,2,1.0,3,94017,M,,,94
201200046115,12,4,29,1900,1,2,9,1.0,6,94017,M,,,94
201200046116,12,5,1,5,4,2,1,2.0,5,94017,M,,,94
201200046117,12,5,2,1240,1,2,1,1.0,3,94017,M,,,94
201200046118,12,5,3,1730,1,2,1,1.0,3,94017,M,,,94
201200046119,12,5,9,1455,1,2,1,1.0,6,94017,M,,,94
201200046120,12,5,14,1500,1,2,2,1.0,3,94017,M,,,94
201200046121,12,5,16,710,1,2,1,1.0,6,94017,M,,,94
201200046122,12,5,19,1135,1,2,1,1.0,3,94017,M,,,94
201200046123,12,5,23,1650,1,2,1,1.0,6,94017,M,,,94
201200046124,12,5,24,830,1,2,1,1.0,5,94017,M,,,94
201200046125,12,5,31,2050,2,2,1,1.0,3,94017,M,,,94
201200046126,12,6,5,1015,1,2,1,1.0,3,94017,M,,,94
201200046127,12,6,5,1245,1,2,1,1.0,2,94017,M,,,94
201200046128,12,6,5,1950,1,2,1,1.0,1,94017,M,,,94
201200046129,12,6,11,2320,5,2,1,1.0,3,94017,M,,,94
201200046130,12,6,21,900,1,2,1,2.0,6,94017,M,,,94
201200046131,12,6,12,750,1,2,1,1.0,6,94017,M,,,94
201200046132,12,6,13,825,1,2,1,1.0,6,94017,M,,,94
201200046133,12,6,13,625,1,2,1,1.0,6,94017,M,,,94
201200046134,12,6,14,1845,1,2,1,1.0,6,94017,M,,,94
201200046135,12,6,26,1935,1,2,3,1.0,6,94017,M,,,94
201200046136,12,6,29,1840,1,2,1,1.0,4,94017,M,,,94
201200046137,12,7,4,2120,1,2,1,1.0,6,94017,M,,,94
201200046138,12,7,4,1540,1,2,1,1.0,3,94017,M,,,94
201200046139,12,7,6,315,5,2,1,1.0,3,94017,M,,,94
201200046140,12,7,11,950,1,2,2,1.0,3,94017,M,,,94
201200046141,12,7,12,1930,1,2,2,1.0,3,94017,M,,,94
201200046142,12,7,13,1715,1,2,1,2.0,6,94017,M,,,94
201200046143,12,7,20,750,1,2,6,1.0,6,94017,M,,,94
201200046144,12,7,20,1215,1,2,1,1.0,2,94017,M,,,94
201200046145,12,7,28,910,1,2,1,1.0,6,94017,M,,,94
201200046146,12,7,28,1935,1,2,1,1.0,6,94017,M,,,94
201200046147,12,7,28,2100,5,2,1,1.0,3,94017,M,,,94
201200046148,12,8,1,900,1,2,1,1.0,3,94017,M,,,94
201200046149,12,8,4,545,2,2,2,1.0,3,94017,M,,,94
201200046150,12,8,4,1835,1,2,1,1.0,6,94017,M,,,94
201200046151,12,8,7,2130,1,2,1,1.0,6,94017,M,,,94
201200046152,12,7,30,1240,1,2,1,1.0,2,94017,M,,,94
201200046153,12,8,16,530,2,2,6,1.0,3,94017,M,,,94
201200046154,12,8,21,1615,1,2,2,1.0,3,94017,M,,,94
201200046155,12,8,22,1225,1,2,1,1.0,6,94017,M,,,94
201200046156,12,8,23,1045,1,2,3,1.0,2,94017,M,,,94
201200046157,12,8,29,700,1,2,1,1.0,5,94017,M,,,94
201200046158,12,9,2,1950,1,2,1,1.0,5,94017,M,,,94
201200046159,12,9,3,1645,1,2,1,1.0,2,94017,M,,,94
201200046160,12,9,3,2000,1,2,1,1.0,3,94017,M,,,94
201200046161,12,9,4,1220,1,2,1,1.0,2,94017,M,,,94
201200046162,12,9,4,1600,1,2,1,1.0,3,94017,M,,,94
201200046163,12,9,6,1610,1,2,1,1.0,4,94017,M,,,94
201200046164,12,9,6,1930,1,2,1,1.0,7,94017,M,,,94
201200046165,12,9,7,815,1,2,1,1.0,3,94017,M,,,94
201200046166,12,9,7,2050,5,2,1,1.0,3,94017,M,,,94
201200046167,12,9,10,540,2,2,1,9.0,1,94017,M,,,94
201200046168,12,9,11,1120,1,2,1,2.0,6,94017,M,,,94
201200046169,12,9,8,425,5,2,1,1.0,6,94017,M,4881500.0,250659.0,94
201200046170,12,9,14,2130,5,2,1,1.0,3,94017,M,,,94
201200046171,12,9,18,1615,1,2,1,1.0,3,94017,M,,,94
201200046172,12,9,20,950,1,2,1,1.0,6,94017,M,,,94
201200046173,12,9,18,1335,1,2,1,1.0,3,94017,M,,,94
201200046174,12,10,4,1715,1,2,1,1.0,1,94017,M,,,94
201200046175,12,10,15,810,1,2,1,1.0,3,94017,M,,,94
201200046176,12,10,16,1915,5,2,1,1.0,3,94017,M,,,94
201200046177,12,10,19,1020,1,2,1,1.0,3,94017,M,,,94
201200046178,12,10,20,1,3,2,1,1.0,6,94017,M,,,94
201200046179,12,10,22,1003,1,1,1,1.0,4,94017,M,,,94
201200046180,12,10,25,830,1,2,1,1.0,6,94017,M,,,94
201200046181,12,10,25,1840,2,2,3,1.0,3,94017,M,,,94
201200046182,12,10,27,2145,5,2,1,1.0,3,94017,M,,,94
201200046183,12,10,30,2330,5,2,1,1.0,2,94017,M,,,94
201200046184,12,11,1,1100,1,2,1,1.0,3,94017,M,,,94
201200046185,12,11,1,2350,5,2,2,1.0,3,94017,M,,,94
201200046186,12,11,4,1130,1,2,1,1.0,6,94017,M,,,94
201200046187,12,11,6,825,2,2,6,1.0,6,94017,M,,,94
201200046188,12,11,9,2035,5,2,1,2.0,3,94017,M,,,94
201200046189,12,11,8,1100,1,2,1,1.0,3,94017,M,,,94
201200046190,12,11,12,830,2,2,3,1.0,3,94017,M,,,94
201200046191,12,11,13,810,2,2,1,1.0,3,94017,M,,,94
201200046192,12,11,13,1330,1,2,1,1.0,3,94017,M,,,94
201200046193,12,11,14,1650,1,2,1,1.0,3,94017,M,,,94
201200046194,12,10,14,1650,1,2,1,1.0,3,94017,M,,,94
201200046195,12,11,15,140,5,2,1,1.0,1,94017,M,,,94
201200046196,12,11,17,605,2,1,1,1.0,2,94017,M,,,94
201200046197,12,11,17,1445,1,2,1,1.0,1,94017,M,,,94
201200046198,12,11,27,1700,1,2,1,1.0,2,94017,M,,,94
201200046199,12,11,23,2045,5,2,3,1.0,3,94017,M,,,94
201200046200,12,11,29,835,2,2,1,1.0,3,94017,M,,,94
201200046201,12,11,30,1610,1,2,1,1.0,6,94017,M,,,94
201200046202,12,12,6,1705,2,2,1,8.0,6,94017,M,,,94
201200046203,12,12,7,1520,1,2,1,1.0,6,94017,M,,,94
201200046204,12,12,8,1410,1,2,1,1.0,3,94017,M,4881250.0,253271.0,94
201200046205,12,12,8,2245,5,2,1,1.0,3,94017,M,,,94
201200046206,12,12,10,1545,1,2,3,1.0,3,94017,M,,,94
201200046207,12,12,19,850,1,2,1,1.0,6,94017,M,,,94
201200046208,12,12,19,1745,1,1,1,2.0,2,94017,M,,,94
201200046209,12,12,19,1940,5,2,1,3.0,6,94017,M,,,94
201200046210,12,12,22,1400,1,2,2,2.0,3,94017,M,,,94
201200046211,12,12,24,1605,1,2,1,1.0,6,94017,M,,,94
201200046212,12,12,27,1845,5,2,1,1.0,4,94017,M,,,94
201200046213,12,12,28,807,1,2,1,2.0,6,94017,M,,,94
201200046214,12,12,31,1230,1,2,1,1.0,3,94017,M,,,94
201200046215,12,1,1,1125,1,1,1,2.0,6,94069,M,4881710.0,245588.0,94
201200046216,12,1,3,735,5,2,1,2.0,2,94069,M,4881780.0,242098.0,94
201200046217,12,1,3,1645,1,2,1,2.0,3,94069,M,4882320.0,243026.0,94
201200046218,12,1,4,330,5,2,1,1.0,7,94069,M,4881820.0,243522.0,94
201200046219,12,1,23,1648,1,2,3,2.0,2,94018,M,4882380.0,240460.0,94
201200046220,12,1,27,1210,1,2,1,1.0,3,94069,M,4881790.0,244567.0,94
201200046221,12,1,29,1210,1,2,1,1.0,7,94018,M,4881910.0,240781.0,94
201200046222,12,2,6,1840,5,2,2,1.0,6,94018,M,4882470.0,240878.0,94
201200046223,12,2,11,1905,5,2,3,1.0,6,94018,M,4881920.0,240756.0,94
201200046224,12,2,19,1045,1,2,1,7.0,6,94018,M,4882170.0,241565.0,94
201200046225,12,3,2,1905,5,2,2,1.0,3,94069,M,4882410.0,242286.0,94
201200046226,12,3,6,936,1,2,1,2.0,2,94018,M,4882090.0,240178.0,94
201200046227,12,3,7,1830,5,2,1,3.0,2,94018,M,4882930.0,240318.0,94
201200046228,12,3,16,1430,1,2,1,1.0,3,94069,M,4881540.0,246072.0,94
201200046229,12,3,19,837,1,2,2,1.0,6,94018,M,4882450.0,240548.0,94
201200046230,12,3,20,1845,1,2,1,1.0,2,94069,M,4881810.0,244114.0,94
201200046231,12,3,21,1630,1,2,1,1.0,2,94069,M,4881730.0,245257.0,94
201200046232,12,4,9,1720,1,2,1,3.0,6,94018,M,,,94
201200046233,12,4,12,2000,1,2,1,1.0,3,94018,M,,,94
201200046234,12,4,24,1500,1,2,1,3.0,3,94018,M,,,94
201200046235,12,5,7,315,5,2,1,1.0,3,94018,M,,,94
201200046236,12,1,6,1935,5,2,3,1.0,3,94018,M,4882480.0,241503.0,94
201200046237,12,5,17,10,5,2,1,1.0,3,94018,M,,,94
201200046238,12,5,19,1655,1,2,2,2.0,4,94018,M,,,94
201200046239,12,5,21,845,1,2,1,8.0,3,94018,M,,,94
201200046240,12,5,26,1705,1,2,1,1.0,3,94069,M,,,94
201200046241,12,6,6,305,5,2,1,2.0,6,94018,M,,,94
201200046242,12,6,12,1445,1,2,1,1.0,6,94069,M,,,94
201200046243,12,6,16,200,5,2,5,2.0,3,94069,M,,,94
201200046244,12,6,20,2330,5,2,3,2.0,6,94018,M,,,94
201200046245,12,6,20,830,1,2,2,7.0,6,94018,M,,,94
201200046246,12,6,21,2310,5,2,1,1.0,6,94069,M,,,94
201200046247,12,6,26,900,1,1,1,2.0,2,94018,M,,,94
201200046248,12,6,29,1740,1,2,1,1.0,2,94018,M,,,94
201200046249,12,6,29,2015,1,2,3,1.0,3,94069,M,,,94
201200046250,12,6,30,2340,5,2,1,1.0,6,94018,M,,,94
201200046251,12,7,4,1005,1,2,3,1.0,3,94069,M,,,94
201200046252,12,7,7,1115,1,2,1,2.0,7,94018,M,,,94
201200046253,12,7,10,1640,1,2,2,1.0,3,94069,M,,,94
201200046254,12,7,13,1100,1,2,1,2.0,2,94069,M,,,94
201200046255,12,7,29,130,5,2,1,1.0,6,94018,M,,,94
201200046256,12,8,2,525,2,2,1,1.0,3,94018,M,,,94
201200046257,12,8,2,940,1,2,1,1.0,3,94069,M,,,94
201200046258,12,8,5,1315,1,2,1,1.0,3,94018,M,,,94
201200046259,12,8,16,835,1,1,1,1.0,2,94069,M,,,94
201200046260,12,8,17,2109,5,2,2,1.0,5,94069,M,,,94
201200046261,12,9,9,2055,5,2,1,1.0,6,94069,M,,,94
201200046262,12,9,10,1300,1,2,2,8.0,3,94018,M,,,94
201200046263,12,9,21,610,5,2,1,1.0,3,94018,M,,,94
201200046264,12,9,23,1815,1,2,1,1.0,3,94069,M,,,94
201200046265,12,9,24,830,1,2,1,3.0,7,94069,M,,,94
201200046266,12,9,25,1200,1,2,1,8.0,6,94018,M,,,94
201200046267,12,10,5,1730,1,2,1,1.0,2,94069,M,,,94
201200046268,12,10,12,1715,1,2,4,8.0,6,94018,M,,,94
201200046269,12,10,14,2230,5,2,1,2.0,6,94018,M,,,94
201200046270,12,10,18,750,2,2,1,2.0,6,94018,M,,,94
201200046271,12,11,8,1050,1,2,3,1.0,3,94069,M,,,94
201200046272,12,11,29,950,1,2,2,8.0,3,94018,M,,,94
201200046273,12,11,30,800,2,2,1,1.0,3,94069,M,,,94
201200046274,12,12,4,915,1,2,1,2.0,3,94018,M,,,94
201200046275,12,12,4,1845,5,2,1,2.0,6,94018,M,,,94
201200046276,12,12,8,510,5,2,1,2.0,1,94018,M,,,94
201200046277,12,12,11,1650,2,2,1,1.0,3,94018,M,,,94
201200046278,12,12,15,2050,5,2,9,3.0,6,94018,M,,,94
201200046279,12,12,17,2330,5,2,2,1.0,3,94018,M,,,94
201200046280,12,5,31,2105,1,2,1,1.0,5,94069,M,,,94
201200046281,12,1,1,1750,5,2,1,2.0,1,94060,M,4878630.0,257916.0,94
201200046282,12,1,6,1740,2,2,1,1.0,6,94019,M,4880210.0,253291.0,94
201200046283,12,1,6,1925,5,2,1,1.0,3,94079,M,4883430.0,253785.0,94
201200046284,12,1,7,1800,5,2,3,1.0,2,94055,M,4878640.0,253822.0,94
201200046285,12,1,10,1735,2,2,4,1.0,3,94055,M,4878940.0,254892.0,94
201200046286,12,1,10,2030,4,2,5,1.0,6,94079,M,4882810.0,254294.0,94
201200046287,12,1,13,1550,1,2,1,1.0,6,94019,M,4879540.0,256318.0,94
201200046288,12,1,14,1250,1,2,1,1.0,1,94079,M,4882590.0,255192.0,94
201200046289,12,1,14,1730,1,2,1,1.0,6,94079,M,4882010.0,254313.0,94
201200046290,12,1,19,840,1,2,3,2.0,5,94019,M,4879750.0,254738.0,94
201200046291,12,1,25,1050,1,2,2,2.0,6,94079,M,4882740.0,254230.0,94
201200046292,12,2,11,1730,1,2,1,1.0,1,94059,M,4880480.0,259146.0,94
201200046293,12,2,13,2040,5,2,1,2.0,3,94059,M,4881250.0,256969.0,94
201200046294,12,2,19,1640,1,2,6,1.0,3,94059,M,4880630.0,258224.0,94
201200046295,12,2,25,1555,1,2,6,1.0,3,94019,M,4879370.0,255914.0,94
201200046296,12,3,2,1000,1,2,4,2.0,4,94053,M,4877090.0,254403.0,94
201200046297,12,3,2,2035,5,2,6,1.0,3,94019,M,4880590.0,253334.0,94
201200046298,12,3,2,2100,5,2,1,1.0,1,94019,M,4878510.0,252750.0,94
201200046299,12,3,12,1645,1,2,1,1.0,7,94059,M,4880840.0,256522.0,94
201200046300,12,3,15,1730,1,2,2,1.0,3,94055,M,4878380.0,253571.0,94
201200046301,12,3,16,535,5,2,6,1.0,3,94055,M,4879200.0,255507.0,94
201200046302,12,3,17,1240,1,2,1,1.0,6,94059,M,4880900.0,257383.0,94
201200046303,12,3,21,700,1,2,1,1.0,7,94079,M,4882550.0,254048.0,94
201200046304,12,3,28,1525,1,2,2,1.0,3,94059,M,4880950.0,256901.0,94
201200046305,12,3,28,1830,1,2,1,1.0,6,94019,M,4880460.0,255625.0,94
201200046306,12,4,4,1310,1,2,1,1.0,3,94019,M,,,94
201200046307,12,4,12,742,1,2,1,9.0,2,94055,M,,,94
201200046308,12,4,25,1920,1,2,1,1.0,6,94019,M,,,94
201200046309,12,4,26,1330,1,2,6,8.0,3,94059,M,,,94
201200046310,12,4,28,800,1,2,1,2.0,6,94055,M,,,94
201200046311,12,4,28,1010,1,2,1,2.0,5,94060,M,,,94
201200046312,12,5,1,40,3,1,1,2.0,6,94060,M,4878770.0,256188.0,94
201200046313,12,5,2,900,1,2,1,1.0,3,94055,M,,,94
201200046314,12,5,2,1635,1,2,2,2.0,6,94055,M,,,94
201200046315,12,5,5,845,1,2,6,1.0,6,94079,M,,,94
201200046316,12,5,9,620,2,2,2,2.0,3,94055,M,,,94
201200046317,12,5,14,1250,1,2,1,1.0,4,94079,M,,,94
201200046318,12,5,23,2255,5,2,1,1.0,3,94019,M,,,94
201200046319,12,5,25,1735,1,2,1,1.0,6,94053,M,,,94
201200046320,12,6,4,1850,1,2,1,1.0,2,94019,M,,,94
201200046321,12,6,17,1545,1,2,1,1.0,6,94019,M,,,94
201200046322,12,6,20,1310,1,2,1,1.0,3,94060,M,,,94
201200046323,12,6,22,1530,1,2,1,1.0,3,94060,M,,,94
201200046324,12,6,23,1725,1,2,1,1.0,1,94019,M,,,94
201200046325,12,6,23,1930,1,2,2,1.0,3,94079,M,,,94
201200046326,12,6,24,2000,1,2,1,2.0,6,94079,M,,,94
201200046327,12,6,27,2155,2,2,3,1.0,3,94079,M,,,94
201200046328,12,6,29,1540,1,2,3,1.0,3,94079,M,,,94
201200046329,12,6,29,1705,1,2,2,1.0,6,94079,M,,,94
201200046330,12,6,29,2350,5,2,1,1.0,6,94079,M,,,94
201200046331,12,7,3,1350,1,2,1,1.0,3,94079,M,,,94
201200046332,12,7,4,830,1,2,1,1.0,3,94019,M,,,94
201200046333,12,7,6,1245,1,2,1,1.0,4,94019,M,,,94
201200046334,12,7,7,2100,1,2,2,1.0,3,94059,M,,,94
201200046335,12,7,10,1900,1,2,2,1.0,3,94055,M,,,94
201200046336,12,7,14,1850,1,2,9,1.0,6,94079,M,,,94
201200046337,12,7,17,1820,1,2,9,1.0,6,94055,M,,,94
201200046338,12,7,20,1120,1,2,1,1.0,6,94079,M,,,94
201200046339,12,7,22,215,5,2,1,1.0,3,94059,M,,,94
201200046340,12,7,24,1400,1,2,1,1.0,6,94019,M,,,94
201200046341,12,7,25,1930,1,2,3,1.0,6,94079,M,,,94
201200046342,12,7,25,2050,1,2,2,1.0,3,94079,M,,,94
201200046343,12,7,26,1740,1,2,9,1.0,3,94055,M,,,94
201200046344,12,7,27,1855,1,2,3,2.0,5,94055,M,,,94
201200046345,12,8,1,1800,1,2,6,1.0,3,94060,M,,,94
201200046346,12,8,6,1620,1,2,1,1.0,6,94019,M,,,94
201200046347,12,8,11,2110,3,2,1,1.0,6,94055,M,,,94
201200046348,12,8,14,1820,1,2,1,1.0,6,94019,M,,,94
201200046349,12,8,15,2000,1,2,2,1.0,3,94079,M,,,94
201200046350,12,8,23,2330,5,2,2,1.0,3,94059,M,,,94
201200046351,12,9,3,1740,1,2,1,1.0,6,94079,M,,,94
201200046352,12,9,3,2020,3,2,2,1.0,3,94055,M,,,94
201200046353,12,9,5,1700,1,2,3,1.0,3,94053,M,,,94
201200046354,12,9,8,1620,1,2,1,1.0,2,94079,M,,,94
201200046355,12,9,8,2335,5,2,1,1.0,6,94060,M,,,94
201200046356,12,9,9,938,1,2,2,7.0,3,94055,M,,,94
201200046357,12,9,10,1800,1,2,1,1.0,2,94019,M,,,94
201200046358,12,9,11,1425,1,1,1,3.0,2,94060,M,,,94
201200046359,12,9,13,1450,1,2,2,1.0,3,94019,M,,,94
201200046360,12,9,17,1345,1,2,6,1.0,3,94055,M,,,94
201200046361,12,9,19,1310,1,2,3,1.0,6,94079,M,,,94
201200046362,12,9,28,1505,1,2,3,1.0,6,94079,M,,,94
201200046363,12,10,1,1755,1,2,1,1.0,3,94055,M,,,94
201200046364,12,10,3,2228,5,2,6,2.0,1,94019,M,,,94
201200046365,12,10,4,1950,5,2,3,1.0,3,94059,M,,,94
201200046366,12,10,6,1456,1,2,1,2.0,6,94079,M,,,94
201200046367,12,10,13,50,5,2,9,1.0,2,94060,M,,,94
201200046368,12,10,14,20,5,2,2,1.0,6,94019,M,,,94
201200046369,12,10,21,1220,1,2,1,8.0,6,94019,M,,,94
201200046370,12,11,7,1735,5,2,3,1.0,1,94079,M,,,94
201200046371,12,11,13,715,2,2,2,2.0,3,94059,M,,,94
201200046372,12,11,16,745,2,2,2,5.0,3,94079,M,,,94
201200046373,12,11,22,1635,2,2,3,1.0,2,94055,M,,,94
201200046374,12,11,28,2110,5,2,1,1.0,6,94079,M,,,94
201200046375,12,12,4,1125,1,2,2,1.0,6,94079,M,,,94
201200046376,12,12,10,1900,5,2,1,2.0,6,94059,M,,,94
201200046377,12,12,19,1250,1,2,3,1.0,3,94053,M,,,94
201200046378,12,12,22,2010,5,2,1,2.0,1,94055,M,,,94
201200046379,12,12,29,2020,5,2,2,1.0,3,94059,M,,,94
201200046380,12,12,29,1730,1,2,1,2.0,1,94055,M,,,94
201200046381,12,12,14,1130,1,2,3,2.0,3,94022,M,,,94
201200046382,12,12,14,2000,5,2,1,2.0,3,94022,M,,,94
201200046383,12,12,16,105,5,2,2,1.0,3,94054,M,,,94
201200046384,12,8,17,1815,1,2,2,1.0,6,94022,M,,,94
201200046385,12,1,5,815,2,2,2,2.0,2,94022,M,4876710.0,241040.0,94
201200046386,12,3,8,2305,5,2,6,1.0,6,94054,M,4874490.0,240764.0,94
201200046387,12,1,11,1750,5,2,3,1.0,3,94054,M,4874740.0,238886.0,94
201200046388,12,5,1,1530,1,2,1,1.0,5,94022,M,,,94
201200046389,12,12,24,1205,1,2,1,1.0,6,94054,M,,,94
201200046390,12,4,21,2007,2,2,1,1.0,1,94022,M,,,94
201200046391,12,4,26,1820,1,2,1,4.0,6,94022,M,,,94
201200046392,12,12,27,1820,5,2,1,2.0,6,94022,M,,,94
201200046393,12,5,9,1255,1,2,2,1.0,3,94054,M,,,94