Num_Acc,an,mois,jour,hrmn,lum,agg,int,atm,col,com,gps,lat,long,dep
201200046394,12,1,16,1417,1,2,3,1.0,2,94054,M,4874510.0,238614.0,94
201200046395,12,1,18,1610,1,2,3,2.0,3,94054,M,4874110.0,239453.0,94
201200046396,12,1,18,1850,5,2,3,2.0,3,94022,M,4875660.0,240456.0,94
201200046397,12,1,19,1205,1,2,1,2.0,1,94022,M,4875820.0,241214.0,94
201200046398,12,5,8,1530,1,2,2,1.0,3,94054,M,,,94
201200046399,12,5,9,1805,1,2,1,1.0,6,94022,M,,,94
201200046400,12,5,12,1150,1,2,3,1.0,3,94022,M,,,94
201200046401,12,5,13,630,1,2,1,1.0,6,94022,M,,,94
201200046402,12,3,25,1300,1,2,3,7.0,3,94022,M,,,94
201200046403,12,5,18,1110,1,2,1,1.0,6,94022,M,,,94
201200046404,12,10,11,955,1,2,3,1.0,3,94022,M,,,94
201200046405,12,5,20,2340,5,2,2,2.0,6,94022,M,,,94
201200046406,12,5,23,1210,1,2,1,1.0,6,94054,M,,,94
201200046407,12,12,2,950,1,2,9,9.0,4,94022,M,,,94
201200046408,12,9,20,1430,1,2,1,1.0,3,94022,M,,,94
201200046409,12,12,10,1720,2,2,3,8.0,3,94054,M,,,94
201200046410,12,2,7,850,1,2,2,1.0,6,94022,M,4876440.0,240536.0,94
201200046411,12,5,26,945,1,2,1,1.0,2,94054,M,,,94
201200046412,12,12,25,2240,5,2,3,1.0,3,94022,M,,,94
201200046413,12,2,7,2135,5,2,1,9.0,5,94022,M,4876910.0,241359.0,94
201200046414,12,5,27,1650,1,2,2,1.0,6,94022,M,,,94
201200046415,12,9,23,1530,1,1,1,1.0,6,94022,M,,,94
201200046416,12,2,10,820,1,2,2,8.0,6,94054,M,4874880.0,240933.0,94
201200046417,12,9,26,2330,5,2,1,2.0,2,94022,M,,,94
201200046418,12,6,1,1320,1,2,1,1.0,3,94054,M,,,94
201200046419,12,6,4,1315,1,2,1,1.0,1,94054,M,,,94
201200046420,12,6,4,1930,1,2,1,8.0,3,94022,M,,,94
201200046421,12,10,2,1335,1,2,1,1.0,2,94054,M,,,94
201200046422,12,6,6,1830,1,2,2,8.0,3,94022,M,,,94
201200046423,12,2,21,1750,1,2,1,1.0,6,94022,M,4876580.0,241033.0,94
201200046424,12,6,11,845,1,2,1,8.0,6,94022,M,,,94
201200046425,12,2,25,1925,5,1,1,8.0,3,94022,M,4877360.0,239976.0,94
201200046426,12,10,12,1350,1,2,2,1.0,1,94022,M,,,94
201200046427,12,2,26,1320,1,2,1,1.0,2,94022,M,4876400.0,240417.0,94
201200046428,12,6,18,747,1,2,3,1.0,3,94054,M,,,94
201200046429,12,6,18,825,1,2,1,8.0,6,94022,M,,,94
201200046430,12,2,29,1745,1,2,2,1.0,2,94054,M,4874240.0,238630.0,94
201200046431,12,10,19,1615,1,2,1,2.0,6,94022,M,,,94
201200046432,12,10,21,1050,1,2,6,1.0,3,94022,M,,,94
201200046433,12,6,23,1540,1,2,1,1.0,6,94054,M,,,94
201200046434,12,6,23,2230,5,2,3,1.0,2,94054,M,,,94
201200046435,12,3,7,1710,2,2,1,3.0,3,94022,M,4877410.0,239910.0,94
201200046436,12,3,8,1105,1,2,1,1.0,3,94022,M,4877410.0,239911.0,94
201200046437,12,6,27,2030,1,2,1,1.0,6,94022,M,,,94
201200046438,12,3,11,917,1,2,1,1.0,6,94022,M,4876530.0,240787.0,94
201200046439,12,3,14,1730,1,2,1,1.0,7,94022,M,4875450.0,241377.0,94
201200046440,12,10,21,1455,1,1,1,1.0,2,94081,M,4877340.0,240311.0,94
201200046441,12,11,3,1345,1,2,1,1.0,6,94022,M,,,94
201200046442,12,11,4,1700,1,2,2,2.0,3,94022,M,,,94
201200046443,12,7,6,1100,1,2,2,1.0,3,94022,M,,,94
201200046444,12,3,20,745,1,2,3,1.0,3,94022,M,4876150.0,241123.0,94
201200046445,12,7,8,40,5,1,1,2.0,2,94054,M,,,94
201200046446,12,7,8,1835,1,2,2,1.0,3,94022,M,,,94
201200046447,12,11,7,1625,1,2,1,8.0,2,94022,M,,,94
201200046448,12,11,18,1645,2,2,1,5.0,6,94022,M,,,94
201200046449,12,7,20,1935,1,2,1,1.0,3,94054,M,,,94
201200046450,12,7,20,2045,1,2,2,8.0,3,94022,M,,,94
201200046451,12,4,1,125,5,2,2,1.0,4,94022,M,,,94
201200046452,12,11,21,850,1,2,1,1.0,6,94022,M,,,94
201200046453,12,11,27,2345,5,2,1,1.0,6,94054,M,,,94
201200046454,12,11,29,800,5,2,3,2.0,3,94022,M,,,94
201200046455,12,7,30,1750,1,2,1,1.0,6,94054,M,,,94
201200046456,12,7,31,1555,1,2,1,1.0,6,94022,M,,,94
201200046457,12,4,10,855,1,2,1,1.0,1,94022,M,,,94
201200046458,12,12,4,1305,1,2,3,1.0,1,94054,M,,,94
201200046459,12,4,15,1905,1,2,1,8.0,2,94054,M,,,94
201200046460,12,12,8,1300,1,2,1,8.0,2,94054,M,,,94
201200046461,12,12,12,1305,1,2,3,1.0,6,94054,M,,,94
201200046462,12,4,21,1640,1,2,2,2.0,3,94022,M,,,94
201200046463,12,1,1,720,5,2,2,2.0,2,94028,M,4878020.0,243777.0,94
201200046464,12,1,1,215,5,2,2,1.0,3,94002,M,4879880.0,242337.0,94
201200046465,12,1,7,750,2,2,1,1.0,7,94011,M,4876160.0,249790.0,94
201200046466,12,12,24,1845,3,2,3,2.0,6,94028,M,4880520.0,245735.0,94
201200046467,12,1,6,1810,3,2,1,1.0,2,94028,M,4877260.0,243313.0,94
201200046468,12,1,12,150,5,2,1,1.0,7,94011,M,4877490.0,248110.0,94
201200046469,12,1,18,1520,1,2,1,1.0,3,94011,M,4876770.0,248615.0,94
201200046470,12,1,18,1820,4,2,1,1.0,6,94011,M,4877100.0,248982.0,94
201200046471,12,1,19,1045,1,2,1,1.0,1,94028,M,4879570.0,245849.0,94
201200046472,12,1,19,1935,1,2,1,1.0,3,94028,M,4878890.0,245176.0,94
201200046473,12,1,19,1800,1,2,1,1.0,2,94028,M,4878060.0,246529.0,94
201200046474,12,1,7,700,1,2,2,1.0,3,94011,M,4876570.0,248102.0,94
201200046475,12,1,13,2120,5,2,1,1.0,6,94028,M,4879840.0,244868.0,94
201200046476,12,1,10,1105,1,2,1,1.0,6,94011,M,4876660.0,248369.0,94
201200046477,12,1,27,1900,2,2,6,1.0,6,94028,M,4877400.0,243915.0,94
201200046478,12,1,30,720,2,2,1,1.0,2,94011,M,4877920.0,247807.0,94
201200046479,12,2,8,1450,1,2,1,1.0,6,94028,M,4877960.0,244351.0,94
201200046480,12,2,9,935,1,2,1,1.0,4,94028,M,4879410.0,246155.0,94
201200046481,12,2,11,1500,1,2,6,1.0,3,94028,M,4877750.0,245523.0,94
201200046482,12,2,13,1320,1,2,1,2.0,3,94028,M,4879240.0,246168.0,94
201200046483,12,2,14,844,1,2,2,1.0,2,94028,M,4879180.0,244601.0,94
201200046484,12,2,15,1220,1,2,1,1.0,7,94011,M,4876540.0,249115.0,94
201200046485,12,2,17,940,1,2,1,1.0,3,94011,M,4877480.0,247875.0,94
201200046486,12,2,17,1940,5,2,6,1.0,1,94011,M,4876850.0,248757.0,94
201200046487,12,2,21,1415,1,2,2,1.0,3,94011,M,4877380.0,248750.0,94
201200046488,12,2,22,1900,2,1,1,1.0,4,94028,M,4879220.0,244601.0,94
201200046489,12,3,5,1905,2,2,1,2.0,2,94028,M,4876670.0,247212.0,94
201200046490,12,3,8,1615,1,2,2,1.0,6,94011,M,4876680.0,248430.0,94
201200046491,12,3,8,1700,1,2,1,1.0,2,94028,M,4878390.0,244738.0,94
201200046492,12,3,12,1625,1,2,1,1.0,7,94028,M,4879040.0,246081.0,94
201200046493,12,3,13,1310,1,2,2,1.0,2,94028,M,4876810.0,247283.0,94
201200046494,12,3,16,1050,1,2,3,1.0,6,94028,M,4878200.0,245475.0,94
201200046495,12,3,16,2035,2,2,1,1.0,7,94011,M,4875820.0,248486.0,94
201200046496,12,3,15,1700,1,2,6,1.0,2,94028,M,4876670.0,247189.0,94
201200046497,12,3,17,1415,1,2,6,2.0,3,94028,M,4877460.0,243934.0,94
201200046498,12,3,16,1945,5,2,3,1.0,3,94028,M,4878330.0,246396.0,94
201200046499,12,3,19,910,1,2,5,1.0,3,94028,M,4879530.0,245905.0,94
201200046500,12,3,20,800,1,2,3,1.0,3,94028,M,4879070.0,244563.0,94
201200046501,12,3,21,1610,1,2,3,1.0,2,94028,M,4877320.0,243494.0,94
201200046502,12,3,25,2005,2,2,1,1.0,1,94028,M,4877430.0,246761.0,94
201200046503,12,3,27,745,1,2,1,1.0,6,94028,M,4878890.0,245470.0,94
201200046504,12,3,26,1310,1,2,2,1.0,2,94011,M,4876480.0,248042.0,94
201200046505,12,3,30,2025,4,1,1,1.0,7,94028,M,4877450.0,246120.0,94
201200046506,12,3,30,810,1,2,1,1.0,1,94028,M,4879180.0,246005.0,94
201200046507,12,3,31,1855,1,2,1,1.0,6,94028,M,4877040.0,246080.0,94
201200046508,12,4,2,1315,1,1,1,1.0,2,94069,M,,,94
201200046509,12,4,5,940,1,2,2,1.0,3,94028,M,,,94
201200046510,12,4,8,1108,1,2,1,1.0,3,94028,M,,,94
201200046511,12,4,11,1750,1,2,1,1.0,2,94011,M,,,94
201200046512,12,4,14,1615,1,2,1,1.0,6,94028,M,,,94
201200046513,12,4,16,2205,5,2,9,1.0,3,94028,M,,,94
201200046514,12,4,19,2255,5,2,1,1.0,6,94028,M,,,94
201200046515,12,4,20,1630,1,2,1,1.0,1,94028,M,,,94
201200046516,12,4,27,1410,1,2,1,1.0,6,94028,M,,,94
201200046517,12,4,28,1830,1,2,1,2.0,5,94028,M,,,94
201200046518,12,5,3,1230,1,2,1,1.0,6,94028,M,,,94
201200046519,12,4,30,1645,1,2,1,1.0,6,94028,M,,,94
201200046520,12,5,1,1800,1,2,1,1.0,2,94028,M,,,94
201200046521,12,5,1,1854,1,2,1,1.0,6,94028,M,,,94
201200046522,12,5,10,1230,1,2,1,1.0,6,94028,M,,,94
201200046523,12,5,10,1740,1,2,1,1.0,6,94028,M,4877500.0,246882.0,94
201200046524,12,5,11,1105,1,2,5,2.0,3,94028,M,4877460.0,243934.0,94
201200046525,12,5,12,1540,1,2,1,1.0,3,94028,M,,,94
201200046526,12,5,15,755,1,2,1,1.0,6,94028,M,,,94
201200046527,12,5,15,1700,1,2,6,1.0,3,94028,M,,,94
201200046528,12,5,15,1155,1,2,1,1.0,2,94028,M,,,94
201200046529,12,5,15,1500,1,2,1,1.0,6,94028,M,,,94
201200046530,12,5,16,1400,1,2,1,1.0,6,94011,M,,,94
201200046531,12,5,16,900,1,2,1,1.0,6,94028,M,,,94
201200046532,12,5,17,2225,5,2,2,1.0,2,94028,M,4878020.0,243770.0,94
201200046533,12,5,16,800,1,2,1,1.0,6,94028,M,,,94
201200046534,12,5,20,700,2,1,1,1.0,7,94028,M,,,94
201200046535,12,5,22,1520,1,2,5,1.0,6,94028,M,4877420.0,243882.0,94
201200046536,12,5,23,1500,1,2,1,1.0,3,94028,M,,,94
201200046537,12,5,19,1335,1,2,1,1.0,6,94028,M,,,94
201200046538,12,5,24,2035,1,2,1,1.0,6,94028,M,,,94
201200046539,12,5,25,150,5,2,1,1.0,6,94028,M,,,94
201200046540,12,5,30,1750,1,2,1,1.0,2,94028,M,,,94
201200046541,12,6,1,550,2,2,1,1.0,7,94028,M,,,94
201200046542,12,6,2,1730,1,2,1,1.0,6,94028,M,,,94
201200046543,12,6,3,945,1,2,1,1.0,6,94028,M,,,94
201200046544,12,5,13,130,5,2,1,1.0,3,94028,M,,,94
201200046545,12,6,7,1515,1,2,1,1.0,3,94028,M,,,94
201200046546,12,6,6,710,1,2,6,1.0,3,94028,M,,,94
201200046547,12,6,9,2050,1,2,1,1.0,3,94028,M,,,94
201200046548,12,6,11,1620,1,2,3,1.0,2,94011,M,,,94
201200046549,12,6,13,1630,1,2,1,1.0,6,94011,M,,,94
201200046550,12,6,13,835,1,2,1,1.0,5,94028,M,,,94
201200046551,12,6,15,1520,1,2,1,2.0,6,94011,M,,,94
201200046552,12,6,16,1228,1,2,3,2.0,3,94028,M,,,94
201200046553,12,6,16,1300,1,2,3,2.0,3,94028,M,,,94
201200046554,12,6,21,945,1,2,1,1.0,3,94028,M,,,94
201200046555,12,6,21,1610,1,2,1,1.0,3,94028,M,4877820.0,243826.0,94
201200046556,12,6,21,1915,1,1,6,1.0,3,94028,M,4877430.0,243879.0,94
201200046557,12,6,25,1515,1,2,6,1.0,3,94028,M,,,94
201200046558,12,6,25,900,1,2,3,1.0,3,94028,M,,,94
201200046559,12,6,24,630,2,2,6,2.0,6,94028,M,,,94
201200046560,12,6,25,110,5,1,1,1.0,6,94028,M,,,94
201200046561,12,6,26,915,1,2,6,1.0,3,94028,M,,,94
201200046562,12,6,29,1045,1,2,1,1.0,2,94028,M,,,94
201200046563,12,7,4,1005,1,2,1,1.0,6,94028,M,,,94
201200046564,12,7,8,540,5,2,1,2.0,6,94028,M,,,94
201200046565,12,7,7,2230,5,2,1,1.0,4,94028,M,,,94
201200046566,12,6,4,830,1,2,2,1.0,6,94028,M,,,94
201200046567,12,7,12,1850,1,2,1,2.0,2,94028,M,,,94
201200046568,12,7,18,2000,1,2,1,1.0,6,94028,M,,,94
201200046569,12,7,20,1910,1,2,3,1.0,3,94011,M,,,94
201200046570,12,7,20,1200,1,2,1,1.0,2,94011,M,,,94
201200046571,12,7,20,40,3,2,3,1.0,2,94028,M,,,94
201200046572,12,7,24,1815,1,2,1,1.0,2,94028,M,,,94
201200046573,12,7,25,1035,1,2,1,1.0,6,94028,M,,,94
201200046574,12,7,27,1455,1,2,1,1.0,3,94011,M,,,94
201200046575,12,7,30,115,3,2,1,1.0,1,94028,M,,,94
201200046576,12,8,2,2025,1,2,1,1.0,6,94028,M,,,94
201200046577,12,8,5,1710,1,2,1,1.0,2,94028,M,,,94
201200046578,12,8,11,10,5,2,1,1.0,7,94011,M,,,94
201200046579,12,8,26,2300,5,2,1,1.0,1,94028,M,,,94
201200046580,12,8,27,1650,1,2,2,1.0,2,94028,M,4878020.0,243777.0,94
201200046581,12,8,29,850,1,2,1,1.0,6,94028,M,,,94
201200046582,12,8,29,1315,1,2,3,1.0,3,94028,M,,,94
201200046583,12,8,30,820,1,2,1,1.0,1,94011,M,,,94
201200046584,12,9,9,1000,1,2,1,1.0,6,94028,M,,,94
201200046585,12,9,10,1840,1,2,1,1.0,6,94028,M,,,94
201200046586,12,9,7,840,1,2,1,1.0,3,94028,M,,,94
201200046587,12,9,12,1900,1,2,6,1.0,2,94011,M,,,94
201200046588,12,9,13,1335,1,2,1,8.0,2,94011,M,,,94
201200046589,12,9,17,1730,1,2,1,1.0,6,94011,M,,,94
201200046590,12,9,17,2020,5,2,1,1.0,6,94028,M,,,94
201200046591,12,9,20,800,1,2,1,1.0,2,94028,M,,,94
201200046592,12,9,21,1150,1,2,1,1.0,6,94028,M,,,94
201200046593,12,9,22,1230,1,2,1,1.0,3,94028,M,,,94
201200046594,12,9,21,1040,1,2,1,1.0,3,94028,M,,,94
201200046595,12,9,21,935,1,2,1,1.0,3,94028,M,,,94
201200046596,12,9,21,1130,1,2,1,1.0,2,94028,M,,,94
201200046597,12,9,24,1415,5,2,3,2.0,3,94028,M,,,94
201200046598,12,9,24,1215,1,2,1,1.0,6,94028,M,,,94
201200046599,12,9,26,1335,1,2,1,2.0,2,94028,M,,,94
201200046600,12,9,27,915,1,2,1,1.0,2,94028,M,,,94
201200046601,12,9,27,1720,1,2,1,1.0,6,94028,M,,,94
201200046602,12,9,28,840,1,2,1,1.0,6,94028,M,,,94
201200046603,12,9,28,1545,1,2,1,1.0,2,94011,M,,,94
201200046604,12,10,3,1630,1,2,1,1.0,5,94011,M,,,94
201200046605,12,10,5,1710,1,2,1,1.0,2,94011,M,,,94
201200046606,12,10,9,910,1,2,1,1.0,6,94011,M,,,94
201200046607,12,10,10,1310,1,1,1,2.0,3,94028,M,,,94
201200046608,12,10,13,2315,5,2,6,2.0,3,94028,M,4877460.0,243934.0,94
201200046609,12,10,15,1500,1,1,3,1.0,2,94028,M,4877770.0,243837.0,94
201200046610,12,10,17,2200,5,2,1,1.0,6,94028,M,,,94
201200046611,12,10,18,710,2,1,1,1.0,6,94028,M,,,94
201200046612,12,10,17,825,1,2,1,1.0,6,94011,M,,,94
201200046613,12,10,20,1745,1,2,1,2.0,4,94011,M,,,94
201200046614,12,10,19,943,1,2,1,1.0,6,94011,M,,,94
201200046615,12,10,20,100,5,2,1,2.0,3,94011,M,,,94
201200046616,12,10,23,1813,1,2,1,1.0,6,94028,M,,,94
201200046617,12,10,22,750,1,2,1,1.0,6,94028,M,,,94
201200046618,12,10,22,1800,1,2,1,1.0,1,94028,M,,,94
201200046619,12,10,24,1630,1,2,1,1.0,3,94028,M,,,94
201200046620,12,10,31,2300,5,2,1,1.0,3,94028,M,,,94
201200046621,12,10,31,1805,5,2,1,1.0,3,94028,M,,,94
201200046622,12,11,2,2345,5,2,1,1.0,3,94028,M,,,94
201200046623,12,11,4,1445,1,2,1,1.0,4,94028,M,,,94
201200046624,12,11,7,1914,5,2,1,1.0,1,94028,M,,,94
201200046625,12,11,12,1600,1,2,1,1.0,3,94028,M,,,94
201200046626,12,11,12,1825,2,2,1,1.0,6,94028,M,,,94
201200046627,12,11,12,1720,1,2,1,1.0,2,94028,M,,,94
201200046628,12,11,13,2000,5,2,1,1.0,6,94028,M,,,94
201200046629,12,11,14,1315,1,2,1,1.0,6,94028,M,,,94
201200046630,12,11,16,852,1,2,1,1.0,6,94011,M,,,94
201200046631,12,11,17,15,5,2,1,1.0,2,94028,M,,,94
201200046632,12,11,16,1840,5,2,1,1.0,1,94028,M,,,94
201200046633,12,11,16,1830,5,2,1,1.0,6,94028,M,,,94
201200046634,12,11,20,1230,1,2,1,1.0,6,94011,M,,,94
201200046635,12,12,4,1145,1,2,1,1.0,4,94028,M,4878080.0,243754.0,94
201200046636,12,11,30,840,2,1,1,1.0,2,94028,M,,,94
201200046637,12,12,6,745,4,2,1,1.0,6,94028,M,,,94
201200046638,12,12,6,2335,5,2,1,1.0,6,94028,M,,,94
201200046639,12,12,11,830,2,2,1,1.0,6,94028,M,,,94
201200046640,12,12,13,1650,1,2,1,1.0,6,94028,M,,,94
201200046641,12,12,19,1300,1,2,1,1.0,3,94028,M,,,94
201200046642,12,12,19,1855,2,2,1,1.0,3,94011,M,,,94
201200046643,12,12,20,1520,1,2,1,1.0,2,94028,M,,,94
201200046644,12,12,23,1040,1,2,1,1.0,2,94028,M,,,94
201200046645,12,12,26,1620,1,2,1,1.0,7,94028,M,,,94
201200046646,12,12,27,1300,1,2,1,1.0,6,94028,M,,,94
201200046647,12,12,29,950,1,2,3,1.0,3,94011,M,,,94
201200046648,12,12,31,1725,5,2,1,1.0,4,94028,M,,,94
201200046649,12,1,4,735,2,2,1,1.0,6,94033,M,4885280.0,245714.0,94
201200046650,12,1,5,1900,5,2,2,1.0,1,94033,M,4885070.0,247513.0,94
201200046651,12,1,15,1945,5,2,1,1.0,2,94033,M,4885240.0,246375.0,94
201200046652,12,1,16,2100,5,2,1,1.0,3,94033,M,4884950.0,247710.0,94
201200046653,12,2,9,830,1,2,4,1.0,6,94033,M,4885760.0,249146.0,94
201200046654,12,2,10,850,1,2,1,1.0,3,94033,M,4884740.0,247900.0,94
201200046655,12,2,15,1040,1,2,2,2.0,6,94033,M,4885290.0,245415.0,94
201200046656,12,2,23,1445,1,2,5,1.0,1,94033,M,4885360.0,246978.0,94
201200046657,12,3,1,1515,1,2,3,1.0,2,94033,M,4885910.0,247593.0,94
201200046658,12,3,2,2000,1,2,2,1.0,3,94033,M,4884360.0,246616.0,94
201200046659,12,3,9,1755,1,2,1,1.0,6,94033,M,4885740.0,248521.0,94
201200046660,12,3,10,2330,5,2,1,1.0,1,94033,M,4885870.0,247263.0,94
201200046661,12,3,17,2110,5,2,4,3.0,2,94033,M,4885250.0,249075.0,94
201200046662,12,3,12,1750,1,2,1,1.0,6,94033,M,4885290.0,245743.0,94
201200046663,12,3,23,1755,1,2,1,1.0,6,94033,M,4884390.0,246486.0,94
201200046664,12,3,25,1950,2,2,4,1.0,3,94033,M,4885250.0,249075.0,94
201200046665,12,4,17,1836,1,2,1,2.0,3,94033,M,,,94
201200046666,12,4,9,2130,4,2,3,3.0,2,94033,M,,,94
201200046667,12,4,24,2310,4,2,1,1.0,2,94033,M,,,94
201200046668,12,4,27,2125,2,2,3,1.0,6,94033,M,,,94
201200046669,12,5,3,1400,1,2,1,1.0,6,94033,M,,,94
201200046670,12,5,5,2020,1,2,3,3.0,7,94033,M,,,94
201200046671,12,5,19,2050,2,2,2,1.0,2,94033,M,,,94
201200046672,12,5,22,1730,1,2,1,1.0,6,94033,M,,,94
201200046673,12,5,25,745,1,2,1,1.0,3,94033,M,,,94
201200046674,12,6,11,15,5,2,3,3.0,3,94033,M,,,94
201200046675,12,6,21,1935,1,2,1,1.0,6,94033,M,,,94
201200046676,12,6,22,1730,1,2,1,1.0,6,94033,M,,,94
201200046677,12,6,13,1250,1,2,1,1.0,6,94033,M,,,94
201200046678,12,6,26,2010,1,2,1,1.0,6,94033,M,,,94
201200046679,12,7,11,1140,1,2,2,1.0,3,94033,M,,,94
201200046680,12,7,31,1715,1,2,2,1.0,3,94033,M,,,94
201200046681,12,8,30,2045,2,2,1,1.0,3,94033,M,,,94
201200046682,12,9,3,1640,1,2,1,1.0,6,94033,M,,,94
201200046683,12,9,7,1730,1,2,3,1.0,1,94033,M,,,94
201200046684,12,9,13,800,1,2,2,1.0,4,94033,M,,,94
201200046685,12,9,20,1520,1,2,2,1.0,3,94033,M,,,94
201200046686,12,9,29,730,2,2,1,1.0,6,94033,M,,,94
201200046687,12,10,3,900,1,2,1,2.0,3,94033,M,,,94
201200046688,12,10,6,2030,5,2,1,1.0,6,94033,M,,,94
201200046689,12,10,9,850,1,2,1,2.0,2,94033,M,,,94
201200046690,12,10,10,1930,5,2,1,1.0,3,94033,M,,,94
201200046691,12,10,10,2015,5,2,1,1.0,3,94033,M,,,94
201200046692,12,11,6,2255,5,2,1,1.0,3,94033,M,,,94
201200046693,12,11,18,1850,5,2,3,1.0,6,94033,M,,,94
201200046694,12,11,22,1245,1,2,6,1.0,6,94033,M,,,94
201200046695,12,11,28,1545,1,2,3,1.0,1,94033,M,,,94
201200046696,12,11,29,850,1,2,1,1.0,6,94033,M,,,94
201200046697,12,12,4,820,1,2,1,3.0,6,94033,M,,,94
201200046698,12,12,10,1355,1,2,1,1.0,7,94033,M,,,94
201200046699,12,12,20,940,1,2,2,2.0,3,94033,M,,,94
201200046700,12,12,20,805,1,2,1,2.0,6,94033,M,4885710.0,249175.0,94
201200046701,12,12,21,1750,5,2,4,2.0,7,94033,M,,,94
201200046702,12,1,1,1215,1,2,2,2.0,7,94003,M,4881010.0,232675.0,94
201200046703,12,1,3,1740,5,2,3,2.0,3,94003,M,4880110.0,233683.0,94
201200046704,12,1,6,1605,1,2,2,7.0,6,94037,M,4881240.0,235245.0,94
201200046705,12,1,11,1840,5,2,3,1.0,3,94076,M,4878460.0,235791.0,94
201200046706,12,1,16,1130,1,2,1,1.0,3,94043,M,4881380.0,236100.0,94
201200046707,12,1,16,1400,1,2,3,1.0,3,94037,M,4881650.0,233795.0,94
201200046708,12,1,17,640,5,1,2,1.0,1,94076,M,4877940.0,236720.0,94
201200046709,12,1,17,740,5,2,2,1.0,6,94076,M,4879490.0,236637.0,94
201200046710,12,1,19,1700,1,2,3,2.0,2,94037,M,4881210.0,234731.0,94
201200046711,12,1,21,2030,5,2,2,1.0,3,94037,M,4881460.0,233889.0,94
201200046712,12,1,26,45,5,2,2,2.0,3,94003,M,4880010.0,234274.0,94
201200046713,12,1,26,830,1,1,1,2.0,2,94043,M,4880800.0,236281.0,94
201200046714,12,1,29,1815,5,2,1,1.0,6,94037,M,4881440.0,234745.0,94
201200046715,12,1,30,1150,1,2,1,8.0,1,94016,M,4879620.0,233480.0,94
201200046716,12,2,1,1040,1,2,1,1.0,6,94003,M,4880640.0,233736.0,94
201200046717,12,2,1,1350,1,2,2,1.0,1,94016,M,4879370.0,233380.0,94
201200046718,12,2,2,1405,1,2,1,1.0,2,94003,M,4881020.0,232705.0,94
201200046719,12,2,3,1810,2,2,3,1.0,3,94076,M,4879670.0,234574.0,94
201200046720,12,2,4,1620,1,1,3,1.0,4,94003,M,4880180.0,232402.0,94
201200046721,12,2,9,920,1,2,1,1.0,7,94043,M,4880840.0,236284.0,94
201200046722,12,2,13,930,1,2,1,1.0,1,94003,M,4880620.0,233762.0,94
201200046723,12,2,14,1220,1,2,2,1.0,6,94076,M,4879490.0,236637.0,94
201200046724,12,2,15,1910,5,2,3,2.0,3,94037,M,4881650.0,233859.0,94
201200046725,12,2,17,1855,1,2,3,8.0,6,94076,M,4880370.0,236716.0,94
201200046726,12,2,18,1945,5,2,1,2.0,7,94003,M,4880020.0,234407.0,94
201200046727,12,2,21,2215,5,2,2,1.0,3,94076,M,4878450.0,236694.0,94
201200046728,12,2,24,330,5,2,1,2.0,7,94016,M,4879090.0,233374.0,94
201200046729,12,2,26,700,5,2,1,1.0,2,94076,M,4878350.0,236714.0,94
201200046730,12,2,27,2025,5,2,2,1.0,6,94003,M,4880210.0,233863.0,94
201200046731,12,2,27,2320,5,2,1,1.0,6,94043,M,4881480.0,236004.0,94
201200046732,12,2,29,245,5,2,3,1.0,3,94076,M,4879820.0,234693.0,94
201200046733,12,3,5,750,1,2,1,1.0,2,94076,M,4878850.0,235874.0,94
201200046734,12,3,6,800,2,1,3,2.0,6,94037,M,4881560.0,234433.0,94
201200046735,12,3,7,950,1,2,1,1.0,3,94076,M,4880640.0,236342.0,94
201200046736,12,3,7,2235,5,2,1,1.0,3,94076,M,4878770.0,235542.0,94
201200046737,12,3,8,900,1,1,3,1.0,3,94037,M,4881670.0,233369.0,94
201200046738,12,3,9,1800,1,2,1,1.0,6,94016,M,4878760.0,233448.0,94
201200046739,12,3,10,110,5,2,1,1.0,6,94037,M,4881640.0,234052.0,94
201200046740,12,3,10,1830,1,1,2,1.0,3,94003,M,4880010.0,234274.0,94
201200046741,12,3,14,2210,5,2,2,1.0,3,94016,M,4879620.0,232188.0,94
201200046742,12,3,18,700,2,2,1,1.0,3,94037,M,4881130.0,235056.0,94
201200046743,12,3,19,1900,1,2,1,1.0,6,94076,M,4879660.0,236377.0,94
201200046744,12,3,20,1155,1,2,2,1.0,3,94076,M,4879590.0,236839.0,94
201200046745,12,3,29,1050,1,2,1,1.0,3,94076,M,4878600.0,236714.0,94
201200046746,12,4,1,1840,1,2,1,1.0,6,94076,M,,,94
201200046747,12,4,4,910,1,2,5,1.0,6,94043,M,,,94
201200046748,12,4,4,1545,1,2,1,2.0,3,94076,M,,,94
201200046749,12,4,5,705,2,2,1,1.0,7,94043,M,,,94
201200046750,12,4,16,1350,1,2,1,1.0,6,94003,M,,,94
201200046751,12,4,17,2150,5,1,1,2.0,3,94076,M,,,94
201200046752,12,4,18,2140,5,2,1,3.0,1,94076,M,,,94
201200046753,12,4,17,700,1,2,3,1.0,3,94003,M,,,94
201200046754,12,4,20,1630,1,2,1,2.0,3,94043,M,,,94
201200046755,12,4,28,1640,1,2,3,3.0,3,94043,M,,,94
201200046756,12,5,3,2125,5,2,3,1.0,7,94016,M,,,94