Num_Acc,an,mois,jour,hrmn,lum,agg,int,atm,col,com,gps,lat,long,dep
201200046757,12,5,4,820,1,2,2,2.0,6,94043,M,,,94
201200046758,12,5,9,940,1,2,1,2.0,3,94003,M,,,94
201200046759,12,5,13,1615,1,2,1,1.0,6,94016,M,,,94
201200046760,12,5,14,1615,1,2,1,1.0,3,94076,M,,,94
201200046761,12,5,14,2210,5,2,2,1.0,3,94043,M,,,94
201200046762,12,5,15,1530,1,2,1,3.0,7,94003,M,,,94
201200046763,12,5,16,700,1,2,3,1.0,3,94016,M,,,94
201200046764,12,5,19,1305,1,2,2,1.0,3,94076,M,,,94
201200046765,12,5,19,1500,1,2,1,1.0,2,94003,M,,,94
201200046766,12,5,19,1620,1,2,2,1.0,6,94043,M,,,94
201200046767,12,5,26,950,1,2,2,1.0,3,94043,M,,,94
201200046768,12,5,27,1245,1,2,1,1.0,2,94043,M,,,94
201200046769,12,5,29,2030,1,2,3,1.0,6,94043,M,,,94
201200046770,12,5,30,130,5,2,1,1.0,6,94043,M,,,94
201200046771,12,6,2,1420,1,2,2,7.0,1,94016,M,,,94
201200046772,12,6,6,1540,1,1,1,1.0,7,94016,M,,,94
201200046773,12,6,8,1850,1,2,1,1.0,3,94076,M,,,94
201200046774,12,6,9,1755,1,2,3,1.0,3,94003,M,,,94
201200046775,12,6,10,2025,1,2,1,3.0,2,94003,M,,,94
201200046776,12,6,13,730,1,2,1,8.0,7,94043,M,,,94
201200046777,12,6,13,1555,1,2,2,1.0,6,94076,M,,,94
201200046778,12,6,13,1950,2,2,1,1.0,3,94043,M,,,94
201200046779,12,6,13,2010,1,2,2,2.0,3,94003,M,,,94
201200046780,12,6,16,2230,5,2,1,1.0,6,94076,M,,,94
201200046781,12,6,17,1540,1,2,1,1.0,3,94043,M,,,94
201200046782,12,6,22,2100,1,1,1,1.0,6,94037,M,,,94
201200046783,12,6,24,1310,1,2,9,2.0,3,94076,M,,,94
201200046784,12,6,25,1500,1,1,1,1.0,3,94076,M,,,94
201200046785,12,6,29,1700,1,2,1,1.0,4,94003,M,,,94
201200046786,12,7,2,800,1,2,2,1.0,3,94043,M,,,94
201200046787,12,7,3,1935,1,2,1,1.0,6,94003,M,,,94
201200046788,12,7,5,1220,1,2,2,1.0,3,94016,M,,,94
201200046789,12,7,6,1715,1,2,1,1.0,3,94043,M,,,94
201200046790,12,7,7,2030,1,2,3,8.0,3,94076,M,,,94
201200046791,12,7,10,1810,1,2,3,1.0,3,94037,M,,,94
201200046792,12,7,12,1520,1,2,1,1.0,6,94076,M,,,94
201200046793,12,7,18,2015,1,2,1,1.0,6,94043,M,,,94
201200046794,12,7,19,1900,1,2,1,1.0,1,94076,M,,,94
201200046795,12,7,23,1610,1,2,2,1.0,6,94076,M,,,94
201200046796,12,7,23,2230,5,2,1,1.0,6,94016,M,,,94
201200046797,12,7,26,1720,1,2,2,1.0,2,94076,M,,,94
201200046798,12,7,27,1630,1,2,1,2.0,3,94003,M,,,94
201200046799,12,7,29,625,2,2,3,1.0,3,94043,M,,,94
201200046800,12,7,30,20,5,2,3,1.0,3,94043,M,,,94
201200046801,12,7,30,1815,1,2,3,1.0,3,94003,M,,,94
201200046802,12,8,6,1720,1,2,1,1.0,6,94076,M,,,94
201200046803,12,8,7,1715,1,2,2,1.0,1,94043,M,,,94
201200046804,12,8,11,2235,5,2,1,1.0,6,94016,M,,,94
201200046805,12,9,3,1055,1,2,1,2.0,2,94076,M,,,94
201200046806,12,9,4,1345,1,1,1,1.0,3,94043,M,,,94
201200046807,12,9,4,2230,5,2,2,1.0,1,94076,M,,,94
201200046808,12,9,5,10,5,2,1,1.0,6,94076,M,,,94
201200046809,12,9,8,1030,1,2,2,1.0,3,94016,M,,,94
201200046810,12,9,13,1700,1,2,1,1.0,5,94076,M,,,94
201200046811,12,9,15,1850,1,2,1,1.0,6,94076,M,,,94
201200046812,12,9,18,1545,1,2,1,1.0,3,94003,M,,,94
201200046813,12,9,19,924,1,2,1,1.0,5,94003,M,,,94
201200046814,12,9,19,1745,1,1,1,1.0,6,94076,M,,,94
201200046815,12,9,19,1920,1,2,1,1.0,4,94076,M,,,94
201200046816,12,9,20,1910,1,2,4,1.0,3,94043,M,,,94
201200046817,12,9,22,1200,1,2,1,1.0,6,94037,M,,,94
201200046818,12,9,24,2030,5,1,1,2.0,1,94076,M,,,94
201200046819,12,9,25,1545,1,2,1,1.0,3,94043,M,,,94
201200046820,12,9,26,1430,1,2,1,1.0,2,94076,M,,,94
201200046821,12,9,26,2350,5,2,1,2.0,7,94076,M,,,94
201200046822,12,9,27,800,1,2,1,8.0,3,94003,M,,,94
201200046823,12,9,28,2200,5,2,1,1.0,6,94043,M,,,94
201200046824,12,9,30,110,3,2,3,1.0,1,94037,M,,,94
201200046825,12,10,4,800,2,1,1,3.0,3,94076,M,,,94
201200046826,12,10,4,1155,1,2,2,1.0,6,94076,M,,,94
201200046827,12,10,5,2000,3,2,1,1.0,7,94043,M,,,94
201200046828,12,10,6,1625,1,2,1,2.0,2,94003,M,,,94
201200046829,12,10,7,1445,1,2,2,1.0,6,94003,M,,,94
201200046830,12,10,9,750,1,2,1,8.0,6,94076,M,,,94
201200046831,12,10,9,1700,1,2,1,8.0,2,94037,M,,,94
201200046832,12,10,10,1130,1,2,1,8.0,7,94003,M,,,94
201200046833,12,10,10,1110,1,2,1,2.0,2,94076,M,,,94
201200046834,12,10,11,1650,1,2,1,2.0,7,94003,M,,,94
201200046835,12,10,12,255,5,2,6,2.0,7,94043,M,,,94
201200046836,12,10,12,1615,1,2,1,1.0,5,94016,M,,,94
201200046837,12,10,13,150,5,2,1,1.0,4,94076,M,,,94
201200046838,12,10,13,1840,1,2,1,3.0,3,94076,M,,,94
201200046839,12,10,16,230,5,2,1,1.0,6,94076,M,,,94
201200046840,12,10,20,2120,5,2,1,2.0,7,94076,M,,,94
201200046841,12,10,22,1300,1,2,1,1.0,7,94003,M,,,94
201200046842,12,10,26,815,4,2,3,8.0,6,94076,M,4879450.0,236891.0,94
201200046843,12,10,26,2250,5,2,1,1.0,6,94003,M,,,94
201200046844,12,10,29,1230,1,2,1,1.0,3,94043,M,,,94
201200046845,12,10,30,1750,5,2,1,1.0,3,94003,M,,,94
201200046846,12,10,27,2334,5,2,1,1.0,7,94043,M,,,94
201200046847,12,11,2,1930,5,2,1,2.0,6,94076,M,,,94
201200046848,12,11,5,1315,1,2,1,1.0,2,94003,M,,,94
201200046849,12,11,6,1645,1,2,1,1.0,6,94037,M,,,94
201200046850,12,11,8,1515,1,1,1,1.0,6,94003,M,,,94
201200046851,12,11,9,920,1,2,1,5.0,7,94076,M,,,94
201200046852,12,11,11,645,3,2,2,8.0,6,94003,M,,,94
201200046853,12,11,12,920,1,2,1,8.0,6,94076,M,,,94
201200046854,12,11,12,1750,1,2,2,1.0,3,94016,M,,,94
201200046855,12,11,13,430,5,2,1,2.0,7,94076,M,,,94
201200046856,12,11,15,2140,5,2,2,1.0,6,94037,M,,,94
201200046857,12,11,16,1740,5,2,1,8.0,6,94043,M,,,94
201200046858,12,11,17,6,5,2,5,8.0,6,94043,M,,,94
201200046859,12,11,22,1615,1,1,1,8.0,3,94076,M,,,94
201200046860,12,12,3,900,1,2,1,2.0,1,94003,M,,,94
201200046861,12,12,4,720,2,2,1,2.0,6,94016,M,,,94
201200046862,12,12,4,1230,1,2,1,2.0,6,94076,M,,,94
201200046863,12,12,4,2000,5,2,2,2.0,3,94076,M,,,94
201200046864,12,12,8,1120,1,1,3,1.0,3,94076,M,,,94
201200046865,12,12,8,1700,2,2,1,1.0,6,94016,M,,,94
201200046866,12,12,12,840,1,2,1,1.0,3,94076,M,,,94
201200046867,12,12,12,1050,1,2,1,1.0,6,94003,M,,,94
201200046868,12,12,12,1725,5,2,1,1.0,2,94037,M,,,94
201200046869,12,12,13,1900,5,2,1,2.0,2,94076,M,,,94
201200046870,12,12,14,1455,1,2,1,2.0,6,94076,M,,,94
201200046871,12,12,14,1925,5,2,1,2.0,6,94076,M,,,94
201200046872,12,12,15,220,5,2,1,3.0,6,94076,M,,,94
201200046873,12,12,15,1350,1,2,1,1.0,1,94003,M,,,94
201200046874,12,12,19,720,5,2,1,1.0,7,94043,M,,,94
201200046875,12,12,20,900,1,2,2,2.0,3,94076,M,,,94
201200046876,12,12,22,1840,5,2,1,2.0,2,94016,M,,,94
201200046877,12,12,28,1740,4,2,3,2.0,6,94043,M,4881210.0,235675.0,94
201200046878,12,12,31,2237,5,2,1,2.0,7,94003,M,,,94
201200046879,12,1,2,1125,1,2,1,1.0,7,94038,M,4876760.0,232011.0,94
201200046880,12,1,3,1205,1,2,5,1.0,2,94034,M,4875760.0,232902.0,94
201200046881,12,8,9,2115,5,2,2,1.0,3,94034,M,,,94
201200046882,12,4,20,1820,1,2,6,2.0,6,94073,M,,,94
201200046883,12,8,10,1900,1,2,3,1.0,3,94073,M,,,94
201200046884,12,4,22,2115,3,2,1,1.0,3,94073,M,,,94
201200046885,12,4,23,1220,1,1,1,3.0,2,94073,M,4875350.0,236570.0,94
201200046886,12,1,7,1745,2,2,1,1.0,7,94034,M,4875510.0,231862.0,94
201200046887,12,1,7,2255,5,2,1,1.0,2,94034,M,4875380.0,231171.0,94
201200046888,12,4,24,1615,1,2,1,1.0,6,94034,M,,,94
201200046889,12,4,24,1700,1,2,1,3.0,6,94073,M,,,94
201200046890,12,1,9,450,5,1,1,1.0,3,94021,M,4876050.0,235636.0,94
201200046891,12,4,25,848,1,2,1,2.0,2,94065,M,,,94
201200046892,12,8,17,1350,1,2,1,1.0,6,94034,M,,,94
201200046893,12,8,17,1605,1,1,1,1.0,7,94073,M,,,94
201200046894,12,8,17,2050,2,1,9,1.0,2,94065,M,,,94
201200046895,12,4,27,1130,1,2,1,1.0,2,94073,M,,,94
201200046896,12,4,30,20,5,2,1,1.0,6,94021,M,,,94
201200046897,12,8,22,715,1,2,9,1.0,6,94021,M,,,94
201200046898,12,8,22,835,1,2,1,1.0,1,94021,M,,,94
201200046899,12,1,13,755,2,2,1,1.0,2,94073,M,4875700.0,240045.0,94
201200046900,12,1,13,1250,1,2,1,1.0,2,94073,M,4875250.0,237219.0,94
201200046901,12,1,13,2225,5,2,1,1.0,3,94073,M,4875250.0,237221.0,94
201200046902,12,5,11,1710,1,2,1,1.0,2,94073,M,,,94
201200046903,12,1,14,1425,1,2,1,1.0,7,94034,M,4875570.0,232774.0,94
201200046904,12,5,30,1755,1,2,1,1.0,2,94034,M,,,94
201200046905,12,5,3,1150,1,1,1,1.0,7,94073,M,,,94
201200046906,12,8,28,1400,1,2,2,1.0,3,94065,M,,,94
201200046907,12,5,3,1840,1,2,2,7.0,5,94038,M,,,94
201200046908,12,8,28,1545,1,2,3,1.0,3,94065,M,,,94
201200046909,12,5,4,845,1,2,3,2.0,6,94038,M,,,94
201200046910,12,8,29,1150,1,2,1,1.0,6,94065,M,,,94
201200046911,12,8,30,1130,1,2,2,1.0,3,94073,M,,,94
201200046912,12,1,19,850,1,2,2,2.0,3,94065,M,4874700.0,235669.0,94
201200046913,12,5,5,1700,1,2,1,2.0,6,94034,M,,,94
201200046914,12,5,5,2035,2,2,3,3.0,1,94073,M,,,94
201200046915,12,1,20,1815,5,2,1,2.0,1,94034,M,4875440.0,233610.0,94
201200046916,12,5,7,2010,1,2,1,1.0,6,94038,M,,,94
201200046917,12,1,21,2345,5,2,2,1.0,2,94003,M,4880370.0,233521.0,94
201200046918,12,1,23,835,1,2,1,1.0,7,94038,M,4877790.0,233414.0,94
201200046919,12,9,4,1035,1,2,1,1.0,5,94065,M,,,94
201200046920,12,5,9,1250,1,2,1,1.0,7,94073,M,,,94
201200046921,12,1,24,1820,5,1,1,2.0,6,94038,M,4877820.0,234375.0,94
201200046922,12,1,25,2025,5,2,1,2.0,2,94038,M,4877140.0,232306.0,94
201200046923,12,9,8,325,5,1,2,1.0,3,94065,M,,,94
201200046924,12,9,24,1310,1,2,1,2.0,2,94073,M,,,94
201200046925,12,1,26,1840,5,2,1,2.0,3,94073,M,4875890.0,237249.0,94
201200046926,12,1,28,602,5,2,3,2.0,3,94065,M,4875290.0,235090.0,94
201200046927,12,9,11,1515,1,2,2,3.0,3,94038,M,,,94
201200046928,12,1,30,900,1,2,1,8.0,6,94021,M,4876380.0,235300.0,94
201200046929,12,1,30,1815,5,2,1,1.0,2,94073,M,4875850.0,239366.0,94
201200046930,12,2,2,655,2,2,2,1.0,3,94065,M,4875460.0,234742.0,94
201200046931,12,5,19,1020,1,2,2,1.0,5,94038,M,,,94
201200046932,12,2,3,900,1,2,1,1.0,6,94021,M,4877140.0,236763.0,94
201200046933,12,2,3,1400,1,2,2,9.0,2,94073,M,4875830.0,239296.0,94
201200046934,12,2,4,1330,1,2,1,1.0,2,94034,M,4875580.0,232777.0,94
201200046935,12,5,21,1155,1,2,1,3.0,6,94021,M,,,94
201200046936,12,9,16,1825,1,2,2,1.0,6,94021,M,,,94
201200046937,12,2,4,1845,5,2,2,1.0,2,94038,M,4878220.0,234121.0,94
201200046938,12,9,19,1130,1,2,1,1.0,6,94073,M,,,94
201200046939,12,9,19,1655,1,1,2,1.0,3,94038,M,,,94
201200046940,12,2,8,1220,1,2,2,9.0,3,94021,M,4876520.0,235331.0,94
201200046941,12,2,9,855,1,2,3,1.0,7,94038,M,4877850.0,233519.0,94
201200046942,12,9,21,650,2,1,1,1.0,2,94073,M,,,94
201200046943,12,9,21,2330,5,2,3,2.0,6,94073,M,,,94
201200046944,12,2,10,900,1,2,2,1.0,3,94038,M,4877100.0,232402.0,94
201200046945,12,2,10,930,1,1,1,1.0,3,94065,M,4874980.0,236283.0,94
201200046946,12,2,10,2030,5,2,3,1.0,6,94038,M,4877830.0,235482.0,94
201200046947,12,2,11,1610,1,2,4,1.0,3,94065,M,4875200.0,236890.0,94
201200046948,12,5,29,1830,1,2,2,7.0,3,94021,M,,,94
201200046949,12,2,13,900,1,2,2,8.0,6,94038,M,4877840.0,234072.0,94
201200046950,12,5,30,930,1,2,1,1.0,6,94034,M,,,94
201200046951,12,9,25,1640,1,2,1,8.0,6,94073,M,,,94
201200046952,12,2,14,720,2,2,3,1.0,2,94065,M,4874740.0,235789.0,94
201200046953,12,9,26,1920,5,2,1,3.0,1,94073,M,,,94
201200046954,12,2,14,1925,5,2,1,2.0,2,94038,M,4878380.0,234582.0,94
201200046955,12,2,16,120,5,2,1,1.0,7,94038,M,4877710.0,236075.0,94
201200046956,12,2,16,1130,1,2,1,1.0,6,94034,M,4875590.0,232234.0,94
201200046957,12,6,2,1105,1,2,1,7.0,6,94034,M,,,94
201200046958,12,2,16,1925,5,2,3,1.0,2,94073,M,4875900.0,239483.0,94
201200046959,12,2,21,1730,1,2,1,1.0,3,94073,M,4877200.0,240051.0,94
201200046960,12,6,5,1730,1,2,3,8.0,3,94065,M,,,94
201200046961,12,6,6,1425,1,2,1,8.0,4,94073,M,,,94
201200046962,12,6,6,1545,1,1,9,1.0,3,94065,M,,,94
201200046963,12,2,22,810,1,2,2,1.0,6,94021,M,4877040.0,236344.0,94
201200046964,12,2,22,1720,1,2,3,1.0,6,94038,M,4877800.0,233443.0,94
201200046965,12,6,7,2240,3,2,1,1.0,6,94034,M,,,94
201200046966,12,6,8,45,3,1,1,1.0,6,94065,M,,,94
201200046967,12,6,8,450,2,2,3,1.0,3,94021,M,,,94
201200046968,12,2,23,1645,1,2,1,8.0,7,94038,M,4878210.0,234121.0,94
201200046969,12,6,11,1340,1,2,1,2.0,1,94021,M,,,94
201200046970,12,2,27,1320,1,2,3,1.0,2,94065,M,4875200.0,236890.0,94
201200046971,12,2,27,1525,1,2,3,1.0,6,94073,M,4875710.0,238841.0,94
201200046972,12,6,12,845,1,2,3,1.0,6,94073,M,,,94
201200046973,12,6,14,915,1,1,1,1.0,5,94073,M,4875350.0,237712.0,94
201200046974,12,6,15,945,1,2,1,1.0,2,94065,M,4875380.0,235733.0,94
201200046975,12,6,15,930,1,2,1,2.0,7,94021,M,,,94
201200046976,12,3,3,1910,2,2,1,2.0,1,94073,M,4875760.0,239013.0,94
201200046977,12,6,17,1540,1,2,1,9.0,6,94021,M,,,94
201200046978,12,3,6,805,2,2,1,2.0,6,94073,M,4876000.0,239846.0,94
201200046979,12,3,6,1013,1,2,1,2.0,3,94073,M,4876020.0,239922.0,94
201200046980,12,6,19,1335,1,2,1,9.0,2,94034,M,,,94
201200046981,12,6,20,145,3,2,1,9.0,6,94038,M,,,94
201200046982,12,6,20,1505,1,2,1,1.0,6,94073,M,,,94
201200046983,12,6,20,1545,1,2,1,1.0,1,94021,M,,,94
201200046984,12,6,20,2120,2,2,1,1.0,3,94073,M,,,94
201200046985,12,6,20,2200,1,2,2,1.0,3,94073,M,,,94
201200046986,12,3,8,935,1,2,6,1.0,2,94021,M,4876880.0,236786.0,94
201200046987,12,3,9,840,1,2,1,1.0,2,94021,M,4876960.0,236564.0,94
201200046988,12,3,9,1810,1,1,3,1.0,3,94065,M,4874300.0,235527.0,94
201200046989,12,3,13,2125,5,2,2,1.0,2,94021,M,4877290.0,233931.0,94
201200046990,12,6,25,1340,1,2,1,1.0,3,94073,M,,,94
201200046991,12,3,13,1130,1,2,1,1.0,6,94073,M,4876010.0,237176.0,94
201200046992,12,3,17,1600,1,2,1,1.0,3,94073,M,4875700.0,237215.0,94
201200046993,12,7,2,1710,1,2,2,1.0,3,94021,M,,,94
201200046994,12,3,18,2025,1,2,1,2.0,2,94034,M,4875840.0,231723.0,94
201200046995,12,3,19,900,1,2,3,1.0,6,94073,M,4876570.0,239269.0,94
201200046996,12,3,19,1040,1,2,4,1.0,3,94073,M,4875400.0,238634.0,94
201200046997,12,7,3,1235,1,2,1,1.0,6,94073,M,,,94
201200046998,12,3,21,2005,5,2,1,1.0,7,94038,M,4877660.0,234020.0,94
201200046999,12,7,6,1210,1,2,5,1.0,4,94034,M,,,94
201200047000,12,7,6,1345,1,2,1,1.0,7,94065,M,,,94
201200047001,12,7,6,2020,1,2,1,1.0,3,94065,M,,,94
201200047002,12,7,7,1710,1,2,1,2.0,6,94073,M,,,94
201200047003,12,7,5,1700,1,2,1,2.0,6,94065,M,,,94
201200047004,12,7,7,2110,2,1,1,2.0,7,94073,M,4875360.0,237121.0,94
201200047005,12,7,8,215,5,1,1,3.0,6,94073,M,,,94
201200047006,12,3,23,1830,1,2,1,1.0,3,94073,M,4875530.0,237488.0,94
201200047007,12,7,9,1110,1,2,1,1.0,2,94065,M,,,94
201200047008,12,7,11,2035,1,2,1,1.0,6,94038,M,,,94
201200047009,12,7,13,1515,1,2,9,1.0,3,94073,M,,,94
201200047010,12,7,14,1745,1,2,1,1.0,6,94034,M,,,94
201200047011,12,3,29,1020,1,2,4,1.0,3,94073,M,4875530.0,238551.0,94
201200047012,12,3,29,1625,1,2,1,1.0,3,94021,M,4877170.0,234483.0,94
201200047013,12,7,16,2100,1,2,1,1.0,7,94073,M,,,94
201200047014,12,4,1,2020,3,2,1,1.0,7,94021,M,,,94
201200047015,12,4,4,1320,1,1,3,1.0,1,94073,M,,,94
201200047016,12,7,25,2250,5,2,1,1.0,1,94038,M,,,94
201200047017,12,7,26,1740,1,2,1,1.0,1,94038,M,,,94
201200047018,12,4,10,1530,1,2,1,2.0,3,94038,M,,,94
201200047019,12,4,10,1855,2,2,1,2.0,2,94021,M,,,94
201200047020,12,7,30,900,1,2,9,1.0,6,94021,M,,,94
201200047021,12,4,11,1600,1,2,2,1.0,1,94073,M,,,94
201200047022,12,4,12,1225,1,2,1,1.0,6,94038,M,,,94
201200047023,12,8,2,250,5,1,2,1.0,3,94065,M,,,94
201200047024,12,8,2,1740,1,2,2,1.0,3,94073,M,,,94
201200047025,12,4,14,1515,1,2,3,1.0,5,94073,M,,,94
201200047026,12,8,6,1650,1,2,1,1.0,3,94021,M,,,94
201200047027,12,10,1,340,5,1,1,1.0,6,94065,M,4875380.0,236051.0,94
201200047028,12,10,1,2115,3,2,9,1.0,6,94065,M,,,94
201200047029,12,10,2,700,5,2,2,2.0,1,94073,M,,,94
201200047030,12,10,3,1710,1,2,2,3.0,3,94065,M,,,94
201200047031,12,10,4,2005,5,2,1,3.0,3,94034,M,,,94
201200047032,12,10,4,830,1,2,1,3.0,6,94021,M,,,94
201200047033,12,10,4,1320,1,2,3,1.0,3,94073,M,,,94
201200047034,12,10,5,1515,1,2,1,1.0,3,94073,M,,,94
201200047035,12,10,10,1330,1,2,1,2.0,2,94021,M,,,94
201200047036,12,10,12,915,1,1,1,1.0,6,94065,M,,,94
201200047037,12,10,12,1650,1,1,1,1.0,5,94065,M,,,94
201200047038,12,10,14,500,5,2,1,5.0,5,94073,M,,,94
201200047039,12,10,19,740,2,1,1,8.0,2,94065,M,4875480.0,234813.0,94
201200047040,12,10,21,2240,5,2,1,1.0,7,94038,M,,,94
201200047041,12,10,25,1235,1,2,3,1.0,6,94034,M,,,94
201200047042,12,10,25,1830,3,1,1,1.0,5,94065,M,4875390.0,236739.0,94
201200047043,12,10,26,1620,1,2,1,2.0,6,94034,M,,,94
201200047044,12,10,29,1030,1,2,1,1.0,3,94038,M,,,94
201200047045,12,11,5,1730,3,2,1,2.0,6,94034,M,,,94
201200047046,12,11,7,1230,1,2,1,1.0,6,94065,M,,,94
201200047047,12,11,8,2350,5,2,1,1.0,6,94073,M,,,94
201200047048,12,11,9,1300,1,2,1,1.0,6,94065,M,4875390.0,236562.0,94
201200047049,12,11,9,1825,5,2,1,2.0,6,94073,M,,,94
201200047050,12,11,9,1900,5,2,6,2.0,3,94073,M,,,94
201200047051,12,11,10,1615,1,2,3,8.0,3,94038,M,,,94
201200047052,12,11,13,800,1,2,3,2.0,2,94073,M,,,94
201200047053,12,11,15,1145,1,2,1,1.0,1,94073,M,,,94
201200047054,12,11,16,2005,5,2,1,1.0,6,94073,M,,,94
201200047055,12,11,17,1335,1,2,2,1.0,3,94073,M,,,94
201200047056,12,11,19,935,1,1,1,1.0,7,94021,M,,,94
201200047057,12,11,21,1300,1,2,9,2.0,5,94021,M,,,94
201200047058,12,11,23,935,1,1,1,1.0,7,94034,M,,,94
201200047059,12,11,27,1220,1,2,6,2.0,6,94021,M,,,94
201200047060,12,11,29,1940,3,2,1,1.0,3,94073,M,,,94
201200047061,12,12,2,1010,1,1,1,9.0,6,94021,M,,,94
201200047062,12,12,3,1120,1,2,2,2.0,1,94038,M,,,94
201200047063,12,12,5,1625,2,2,1,3.0,7,94021,M,,,94
201200047064,12,12,5,1935,5,2,9,2.0,1,94038,M,,,94
201200047065,12,12,6,1015,1,2,2,1.0,6,94038,M,,,94
201200047066,12,12,11,245,5,2,2,2.0,3,94038,M,,,94
201200047067,12,12,12,1050,1,2,1,1.0,2,94065,M,,,94
201200047068,12,12,12,1300,1,2,1,1.0,7,94073,M,,,94
201200047069,12,12,12,1545,1,2,2,1.0,3,94034,M,,,94
201200047070,12,12,18,740,1,2,9,2.0,3,94065,M,,,94
201200047071,12,12,20,1000,1,2,1,2.0,2,94021,M,,,94
201200047072,12,12,20,1750,2,2,1,2.0,6,94038,M,,,94
201200047073,12,12,26,1915,5,2,1,2.0,2,94021,M,,,94
201200047074,12,1,2,1409,1,2,1,1.0,6,94041,M,4880940.0,237433.0,94
201200047075,12,1,11,1730,2,2,1,1.0,3,94041,M,4880380.0,237749.0,94
201200047076,12,1,11,2255,5,2,1,1.0,3,94041,M,4882010.0,237976.0,94
201200047077,12,1,24,1140,1,2,1,1.0,3,94041,M,4881480.0,240229.0,94
201200047078,12,1,28,1500,1,2,2,1.0,3,94041,M,4881380.0,239543.0,94
201200047079,12,1,31,1100,1,2,5,1.0,6,94041,M,4881060.0,237997.0,94
201200047080,12,2,2,1450,1,2,2,7.0,6,94041,M,4880320.0,238594.0,94
201200047081,12,2,4,720,5,1,3,1.0,4,94041,M,4882510.0,238877.0,94
201200047082,12,2,9,950,1,2,3,1.0,6,94041,M,4880790.0,237769.0,94
201200047083,12,2,11,1915,5,2,2,8.0,5,94041,M,4881060.0,237997.0,94
201200047084,12,2,15,2155,5,2,3,2.0,3,94041,M,4881450.0,237393.0,94
201200047085,12,2,18,2350,5,2,1,2.0,6,94041,M,4882480.0,238935.0,94
201200047086,12,2,20,1430,1,2,1,1.0,3,94041,M,4880570.0,239337.0,94
201200047087,12,2,21,1420,1,2,1,1.0,6,94041,M,4880520.0,239397.0,94
201200047088,12,2,27,205,5,2,1,1.0,7,94041,M,4881180.0,238209.0,94
201200047089,12,2,27,1855,2,2,1,1.0,6,94041,M,4880860.0,237357.0,94
201200047090,12,3,1,2020,5,2,3,1.0,3,94041,M,4881110.0,238394.0,94
201200047091,12,2,28,810,1,2,1,1.0,3,94041,M,4881460.0,240854.0,94
201200047092,12,2,29,1200,1,2,1,1.0,6,94041,M,4882320.0,239147.0,94
201200047093,12,3,5,1930,5,2,1,2.0,7,94041,M,4880810.0,237054.0,94
201200047094,12,3,8,1250,1,2,1,1.0,3,94041,M,4882030.0,237966.0,94
201200047095,12,3,12,1530,1,2,1,1.0,7,94041,M,4882120.0,238990.0,94
201200047096,12,3,14,1135,1,2,1,1.0,6,94041,M,4881180.0,238485.0,94
201200047097,12,3,18,1950,5,2,1,2.0,3,94041,M,4882380.0,239077.0,94
201200047098,12,3,18,1100,1,2,1,1.0,6,94041,M,4881190.0,238507.0,94
201200047099,12,3,15,2030,5,2,1,1.0,7,94041,M,4880870.0,238115.0,94
201200047100,12,3,30,2040,2,2,1,1.0,6,94041,M,4880410.0,237723.0,94
201200047101,12,3,31,2150,5,2,1,1.0,6,94041,M,4881590.0,239615.0,94
201200047102,12,4,2,1515,1,2,1,1.0,6,94041,M,,,94
201200047103,12,3,28,140,5,2,1,1.0,3,94041,M,4881740.0,239152.0,94
201200047104,12,4,6,2315,5,2,2,1.0,5,94041,M,,,94
201200047105,12,4,15,835,1,2,1,1.0,2,94041,M,,,94
201200047106,12,4,21,1930,1,2,1,1.0,6,94041,M,,,94
201200047107,12,4,18,1340,1,2,3,2.0,3,94041,M,,,94
201200047108,12,4,24,1950,2,2,9,1.0,6,94041,M,,,94
201200047109,12,4,26,1815,1,2,1,2.0,3,94041,M,,,94
201200047110,12,9,27,855,1,2,1,2.0,6,94041,M,,,94
201200047111,12,5,3,1601,1,2,2,1.0,3,94041,M,,,94
201200047112,12,4,29,2030,1,2,2,1.0,6,94041,M,,,94
201200047113,12,5,10,1050,1,2,2,1.0,3,94041,M,,,94
201200047114,12,5,13,645,1,2,1,1.0,2,94041,M,,,94
201200047115,12,5,14,1910,1,2,2,1.0,2,94041,M,,,94
201200047116,12,4,17,1430,1,2,1,3.0,2,94041,M,,,94
201200047117,12,5,14,745,1,2,2,1.0,3,94041,M,,,94
201200047118,12,5,15,1110,1,2,9,8.0,3,94041,M,,,94
201200047119,12,5,23,1515,1,2,1,1.0,3,94041,M,,,94
201200047120,12,5,23,1440,1,2,1,1.0,7,94041,M,,,94
201200047121,12,5,29,1310,1,2,1,1.0,6,94041,M,,,94
201200047122,12,6,1,935,1,2,1,1.0,6,94041,M,,,94
201200047123,12,5,28,1530,1,2,1,1.0,6,94041,M,,,94
201200047124,12,6,2,450,5,2,1,1.0,6,94041,M,,,94
201200047125,12,6,4,2010,1,2,1,1.0,3,94041,M,,,94
201200047126,12,6,6,2145,2,2,2,1.0,3,94041,M,,,94
201200047127,12,6,8,2245,5,2,1,2.0,2,94041,M,,,94
201200047128,12,6,13,2240,5,2,3,1.0,3,94041,M,,,94
201200047129,12,6,14,945,1,2,1,1.0,6,94041,M,,,94
201200047130,12,6,15,1300,1,2,1,1.0,6,94041,M,,,94