Num_Acc,an,mois,jour,hrmn,lum,agg,int,atm,col,com,gps,lat,long,dep
201200047131,12,6,17,1930,1,2,6,1.0,3,94041,M,,,94
201200047132,12,6,19,800,1,2,1,1.0,2,94041,M,,,94
201200047133,12,6,21,640,2,2,1,2.0,1,94041,M,,,94
201200047134,12,6,24,100,5,2,1,1.0,2,94041,M,,,94
201200047135,12,6,22,2230,5,2,1,1.0,6,94041,M,,,94
201200047136,12,7,1,1845,1,2,1,1.0,6,94041,M,,,94
201200047137,12,6,30,1920,1,2,1,1.0,6,94041,M,,,94
201200047138,12,7,10,1140,1,2,3,1.0,6,94041,M,,,94
201200047139,12,7,11,1400,1,2,1,8.0,2,94041,M,,,94
201200047140,12,7,2,1854,1,2,1,1.0,7,94041,M,,,94
201200047141,12,7,12,1715,1,2,1,2.0,6,94041,M,,,94
201200047142,12,7,24,1610,1,2,2,1.0,3,94041,M,,,94
201200047143,12,7,26,100,5,2,2,1.0,2,94041,M,,,94
201200047144,12,7,26,2240,5,2,1,1.0,6,94041,M,,,94
201200047145,12,7,27,930,1,2,1,1.0,3,94041,M,,,94
201200047146,12,7,29,2120,2,2,1,2.0,6,94041,M,,,94
201200047147,12,7,31,1740,1,2,1,1.0,6,94041,M,,,94
201200047148,12,8,5,210,5,2,1,1.0,3,94041,M,,,94
201200047149,12,8,9,1900,1,2,1,1.0,2,94041,M,,,94
201200047150,12,8,21,1120,1,2,1,1.0,3,94041,M,,,94
201200047151,12,8,30,1010,1,2,9,1.0,6,94041,M,,,94
201200047152,12,9,2,1835,1,2,1,1.0,6,94041,M,,,94
201200047153,12,9,4,1515,1,2,1,1.0,6,94041,M,,,94
201200047154,12,9,9,1220,1,2,1,1.0,6,94041,M,,,94
201200047155,12,9,11,1830,1,2,1,8.0,6,94041,M,,,94
201200047156,12,9,13,1130,1,2,1,1.0,2,94041,M,,,94
201200047157,12,9,15,2220,5,2,1,1.0,2,94041,M,,,94
201200047158,12,9,19,2255,5,2,3,1.0,6,94041,M,,,94
201200047159,12,10,4,1530,1,2,1,1.0,2,94041,M,,,94
201200047160,12,9,21,1930,2,2,1,2.0,6,94041,M,,,94
201200047161,12,9,24,1310,1,2,1,8.0,6,94041,M,,,94
201200047162,12,10,8,530,5,2,2,1.0,1,94041,M,,,94
201200047163,12,10,9,845,1,2,1,2.0,6,94041,M,,,94
201200047164,12,10,1,1300,1,2,3,1.0,6,94041,M,,,94
201200047165,12,10,3,1830,2,2,1,2.0,6,94041,M,,,94
201200047166,12,10,15,1455,1,2,2,1.0,3,94041,M,,,94
201200047167,12,10,15,1740,1,2,1,1.0,6,94041,M,,,94
201200047168,12,10,15,2250,5,2,1,1.0,6,94041,M,,,94
201200047169,12,10,16,1445,1,2,1,1.0,6,94041,M,,,94
201200047170,12,4,26,235,5,2,2,1.0,3,94041,M,,,94
201200047171,12,10,17,1220,1,2,1,2.0,7,94041,M,,,94
201200047172,12,10,19,1125,1,2,3,1.0,6,94041,M,,,94
201200047173,12,10,24,2225,5,2,1,1.0,7,94041,M,,,94
201200047174,12,10,25,955,1,2,1,1.0,6,94041,M,,,94
201200047175,12,10,28,1725,2,2,1,1.0,6,94041,M,,,94
201200047176,12,10,29,2150,5,2,2,1.0,3,94041,M,,,94
201200047177,12,10,31,2010,5,2,1,1.0,6,94041,M,,,94
201200047178,12,11,6,1340,1,2,1,1.0,6,94041,M,,,94
201200047179,12,11,10,1300,1,1,1,1.0,1,94041,M,,,94
201200047180,12,11,17,2025,5,2,1,1.0,6,94041,M,,,94
201200047181,12,11,18,345,5,2,1,2.0,6,94041,M,,,94
201200047182,12,11,19,730,1,2,9,1.0,2,94041,M,,,94
201200047183,12,11,23,1600,1,2,1,2.0,6,94041,M,,,94
201200047184,12,11,26,30,5,2,1,1.0,6,94041,M,,,94
201200047185,12,11,30,1247,1,2,9,8.0,6,94041,M,,,94
201200047186,12,12,2,1010,1,2,1,7.0,7,94041,M,,,94
201200047187,12,12,2,1845,5,2,2,1.0,3,94041,M,,,94
201200047188,12,12,4,1340,1,2,1,1.0,6,94041,M,,,94
201200047189,12,12,6,2150,5,2,1,1.0,6,94041,M,,,94
201200047190,12,12,10,705,5,2,2,2.0,3,94041,M,,,94
201200047191,12,12,17,800,2,2,1,3.0,6,94041,M,,,94
201200047192,12,12,17,2000,5,2,2,1.0,3,94041,M,,,94
201200047193,12,12,22,510,5,2,1,1.0,6,94041,M,,,94
201200047194,12,12,28,1835,5,2,1,8.0,4,94046,M,,,94
201200047195,12,1,8,225,5,2,2,1.0,3,94046,M,4881530.0,242036.0,94
201200047196,12,1,17,1200,1,2,2,1.0,3,94046,M,4880280.0,243397.0,94
201200047197,12,1,19,700,5,2,3,8.0,3,94046,M,4881430.0,242366.0,94
201200047198,12,1,19,1720,2,2,2,2.0,3,94046,M,4880450.0,242729.0,94
201200047199,12,1,23,1810,5,2,1,1.0,6,94046,M,4880050.0,242989.0,94
201200047200,12,1,25,755,2,2,2,2.0,6,94046,M,4880970.0,245467.0,94
201200047201,12,1,25,1400,1,2,2,2.0,3,94046,M,4879890.0,243287.0,94
201200047202,12,1,31,1905,5,2,1,1.0,6,94046,M,4880320.0,243482.0,94
201200047203,12,2,5,1650,1,2,1,1.0,7,94046,M,4879160.0,243276.0,94
201200047204,12,2,8,1330,1,2,3,1.0,3,94046,M,4880440.0,244341.0,94
201200047205,12,2,15,1730,1,2,1,1.0,2,94046,M,4881580.0,242171.0,94
201200047206,12,2,16,1850,5,2,1,1.0,3,94046,M,4881270.0,242202.0,94
201200047207,12,2,18,1915,2,2,1,1.0,3,94046,M,4881350.0,242150.0,94
201200047208,12,2,19,230,5,2,2,2.0,3,94046,M,4881010.0,243262.0,94
201200047209,12,3,20,1315,1,2,1,1.0,6,94046,M,4881440.0,242341.0,94
201200047210,12,4,6,1745,1,2,1,1.0,6,94046,M,,,94
201200047211,12,3,30,840,1,2,1,1.0,6,94046,M,4879240.0,243463.0,94
201200047212,12,4,9,2150,5,2,2,1.0,3,94046,M,,,94
201200047213,12,4,25,115,5,2,2,1.0,3,94046,M,,,94
201200047214,12,5,1,1820,1,2,2,1.0,3,94046,M,,,94
201200047215,12,5,4,815,1,2,1,9.0,6,94046,M,,,94
201200047216,12,5,25,1020,1,2,2,1.0,3,94046,M,,,94
201200047217,12,5,25,2015,2,2,1,1.0,6,94046,M,,,94
201200047218,12,5,21,1830,1,2,1,2.0,6,94046,M,,,94
201200047219,12,6,5,2300,5,2,2,1.0,6,94046,M,,,94
201200047220,12,6,5,920,1,2,1,1.0,6,94046,M,,,94
201200047221,12,6,8,1250,1,2,1,1.0,6,94046,M,,,94
201200047222,12,6,14,1355,1,2,1,1.0,3,94046,M,,,94
201200047223,12,6,15,920,1,2,1,1.0,6,94046,M,,,94
201200047224,12,6,23,250,5,2,1,1.0,6,94046,M,,,94
201200047225,12,6,22,1605,1,2,1,1.0,3,94046,M,,,94
201200047226,12,6,24,1055,1,2,1,2.0,6,94046,M,,,94
201200047227,12,6,30,1700,1,2,1,1.0,6,94046,M,,,94
201200047228,12,6,29,2115,2,2,1,1.0,6,94046,M,,,94
201200047229,12,7,2,1500,1,2,1,1.0,3,94046,M,,,94
201200047230,12,7,11,225,5,2,1,1.0,7,94046,M,,,94
201200047231,12,7,12,1805,1,2,1,2.0,6,94046,M,,,94
201200047232,12,7,18,1830,1,2,1,1.0,6,94046,M,,,94
201200047233,12,7,23,1545,1,2,1,1.0,6,94046,M,,,94
201200047234,12,7,29,1235,1,2,1,1.0,6,94046,M,,,94
201200047235,12,8,2,1910,1,2,1,1.0,6,94046,M,,,94
201200047236,12,8,8,1745,1,2,1,1.0,2,94046,M,,,94
201200047237,12,8,13,620,2,2,1,1.0,6,94046,M,,,94
201200047238,12,8,18,1500,1,2,1,1.0,2,94046,M,,,94
201200047239,12,8,22,1455,1,2,9,1.0,3,94046,M,,,94
201200047240,12,8,31,1645,1,2,1,1.0,4,94046,M,,,94
201200047241,12,9,6,855,1,2,3,1.0,3,94046,M,,,94
201200047242,12,9,9,1110,1,2,1,1.0,6,94046,M,,,94
201200047243,12,9,18,1525,1,2,2,1.0,6,94046,M,,,94
201200047244,12,9,25,1510,1,2,1,1.0,3,94046,M,,,94
201200047245,12,9,25,1725,1,2,1,1.0,6,94046,M,,,94
201200047246,12,9,27,825,1,2,1,2.0,6,94046,M,,,94
201200047247,12,9,27,2020,2,2,1,2.0,6,94046,M,,,94
201200047248,12,10,2,2000,1,2,1,1.0,3,94046,M,,,94
201200047249,12,10,9,1125,1,2,1,2.0,2,94046,M,,,94
201200047250,12,10,10,2100,5,2,2,1.0,3,94046,M,,,94
201200047251,12,10,15,1740,1,2,1,1.0,6,94046,M,,,94
201200047252,12,10,11,2055,5,2,1,2.0,3,94046,M,,,94
201200047253,12,10,17,1200,1,2,1,3.0,1,94046,M,,,94
201200047254,12,10,22,1035,1,2,2,1.0,3,94046,M,,,94
201200047255,12,10,22,735,2,2,1,1.0,3,94046,M,,,94
201200047256,12,11,2,830,1,2,1,1.0,3,94046,M,,,94
201200047257,12,11,5,1820,5,2,1,1.0,6,94046,M,,,94
201200047258,12,11,8,1040,1,2,1,1.0,6,94046,M,,,94
201200047259,12,11,8,1950,5,2,1,1.0,7,94046,M,,,94
201200047260,12,11,18,530,5,2,1,2.0,1,94046,M,,,94
201200047261,12,10,13,1740,1,2,1,1.0,7,94052,M,,,94
201200047262,12,1,1,2020,5,2,2,2.0,6,94052,M,4884260.0,248479.0,94
201200047263,12,1,5,740,2,2,1,2.0,3,94042,M,4882050.0,248144.0,94
201200047264,12,1,5,1800,5,2,1,1.0,3,94052,M,4883710.0,248415.0,94
201200047265,12,1,12,1525,1,2,1,1.0,2,94052,M,4883640.0,248476.0,94
201200047266,12,1,15,100,5,2,3,1.0,3,94058,M,4883950.0,249458.0,94
201200047267,12,1,17,740,5,2,2,1.0,1,94058,M,4885080.0,251024.0,94
201200047268,12,1,23,1705,2,2,4,2.0,6,94058,M,4883890.0,250897.0,94
201200047269,12,1,26,1220,1,2,2,1.0,3,94015,M,4883260.0,252766.0,94
201200047270,12,2,6,1500,1,2,1,1.0,2,94052,M,4883460.0,249350.0,94
201200047271,12,2,9,940,1,2,5,9.0,4,94042,M,4881770.0,246766.0,94
201200047272,12,2,13,1835,5,2,1,8.0,6,94052,M,4883640.0,247553.0,94
201200047273,12,1,2,1910,4,2,2,1.0,6,94015,M,4884660.0,252237.0,94
201200047274,12,2,22,315,5,2,3,1.0,2,94042,M,4881890.0,246243.0,94
201200047275,12,2,26,1015,1,2,3,1.0,2,94042,M,4881890.0,246243.0,94
201200047276,12,2,29,1445,1,2,2,1.0,3,94058,M,4885080.0,251024.0,94
201200047277,12,3,5,835,1,2,5,1.0,6,94058,M,4884930.0,249597.0,94
201200047278,12,3,7,1946,5,2,1,2.0,6,94052,M,4883880.0,247913.0,94
201200047279,12,3,9,800,1,2,3,1.0,6,94058,M,4885090.0,250400.0,94
201200047280,12,3,10,1300,1,2,3,1.0,3,94052,M,4883640.0,247789.0,94
201200047281,12,3,10,2030,5,2,1,1.0,3,94042,M,4882010.0,247603.0,94
201200047282,12,3,11,1450,1,2,1,1.0,1,94058,M,4883900.0,249567.0,94
201200047283,12,3,12,900,1,2,2,1.0,6,94052,M,4884260.0,248479.0,94
201200047284,12,3,12,1800,1,2,1,1.0,3,94058,M,4885040.0,250145.0,94
201200047285,12,3,16,2110,5,2,7,1.0,2,94042,M,4882010.0,247438.0,94
201200047286,12,3,16,1150,1,2,1,1.0,3,94042,M,4882010.0,247623.0,94
201200047287,12,3,20,840,1,2,3,1.0,3,94052,M,4883910.0,247952.0,94
201200047288,12,3,22,850,1,2,3,1.0,3,94058,M,4885240.0,251143.0,94
201200047289,12,3,22,1945,5,2,3,1.0,2,94052,M,4883570.0,249114.0,94
201200047290,12,3,23,1120,1,2,2,1.0,1,94058,M,4883530.0,249856.0,94
201200047291,12,3,26,1000,1,2,4,1.0,2,94058,M,4883430.0,251452.0,94
201200047292,12,3,28,1700,1,2,1,1.0,2,94052,M,4883570.0,249230.0,94
201200047293,12,3,29,2100,5,2,6,1.0,6,94015,M,4883370.0,251925.0,94
201200047294,12,4,2,1030,1,2,1,1.0,1,94058,M,,,94
201200047295,12,4,3,830,1,2,3,1.0,3,94042,M,,,94
201200047296,12,4,7,1015,1,2,2,1.0,6,94042,M,,,94
201200047297,12,4,7,1040,1,2,1,1.0,6,94052,M,,,94
201200047298,12,4,7,1855,1,2,8,1.0,6,94015,M,,,94
201200047299,12,4,2,2255,5,2,1,1.0,6,94015,M,,,94
201200047300,12,4,9,650,2,2,1,1.0,6,94042,M,,,94
201200047301,12,4,20,1730,1,2,2,4.0,3,94015,M,,,94
201200047302,12,4,24,1850,1,2,2,1.0,7,94042,M,,,94
201200047303,12,4,27,945,1,2,3,2.0,3,94058,M,,,94
201200047304,12,4,30,1830,1,2,1,1.0,5,94058,M,,,94
201200047305,12,4,30,1925,1,2,1,2.0,2,94058,M,,,94
201200047306,12,5,1,1700,1,2,1,1.0,1,94042,M,,,94
201200047307,12,5,7,1830,1,2,1,1.0,3,94042,M,,,94
201200047308,12,5,10,1700,1,2,2,1.0,3,94052,M,,,94
201200047309,12,5,11,1815,1,1,1,1.0,1,94058,M,,,94
201200047310,12,5,12,1545,1,2,1,1.0,3,94052,M,,,94
201200047311,12,5,15,1605,1,2,1,1.0,6,94015,M,,,94
201200047312,12,5,19,1830,1,2,1,2.0,6,94052,M,,,94
201200047313,12,4,12,1410,1,2,2,1.0,3,94015,M,,,94
201200047314,12,5,25,1510,1,2,2,1.0,6,94058,M,,,94
201200047315,12,5,31,905,1,2,1,1.0,2,94052,M,,,94
201200047316,12,6,4,1650,2,2,2,1.0,3,94052,M,,,94
201200047317,12,6,7,1435,1,2,5,2.0,2,94042,M,,,94
201200047318,12,6,11,840,1,2,3,2.0,3,94058,M,,,94
201200047319,12,6,16,1430,1,2,1,2.0,3,94052,M,,,94
201200047320,12,6,17,1425,1,2,1,1.0,6,94042,M,,,94
201200047321,12,6,19,1110,1,2,2,1.0,6,94058,M,,,94
201200047322,12,6,19,1730,1,2,3,1.0,3,94042,M,,,94
201200047323,12,6,21,1945,1,2,1,1.0,6,94052,M,,,94
201200047324,12,6,21,2230,5,2,1,1.0,1,94042,M,,,94
201200047325,12,6,22,2330,5,2,1,1.0,2,94015,M,,,94
201200047326,12,6,28,1650,1,2,1,1.0,6,94058,M,,,94
201200047327,12,6,28,1710,1,2,1,8.0,6,94058,M,,,94
201200047328,12,6,29,1930,1,2,1,1.0,5,94058,M,,,94
201200047329,12,7,1,1910,1,2,1,1.0,2,94042,M,,,94
201200047330,12,7,3,1950,1,2,3,1.0,3,94052,M,,,94
201200047331,12,7,8,1015,1,2,3,1.0,3,94042,M,,,94
201200047332,12,7,9,830,1,2,1,1.0,6,94052,M,,,94
201200047333,12,7,10,1035,1,2,3,1.0,3,94015,M,,,94
201200047334,12,7,13,1330,1,2,1,2.0,6,94058,M,,,94
201200047335,12,7,14,2210,3,2,4,1.0,3,94058,M,,,94
201200047336,12,7,19,1210,1,2,1,1.0,2,94042,M,,,94
201200047337,12,7,20,940,1,2,2,1.0,3,94058,M,,,94
201200047338,12,7,20,1040,1,2,1,1.0,6,94058,M,,,94
201200047339,12,7,24,1500,1,2,1,1.0,2,94052,M,,,94
201200047340,12,7,29,1120,1,2,2,1.0,3,94042,M,,,94
201200047341,12,8,8,1000,1,2,1,1.0,3,94058,M,,,94
201200047342,12,8,9,2145,5,2,3,1.0,3,94052,M,,,94
201200047343,12,8,12,35,5,2,2,1.0,3,94058,M,,,94
201200047344,12,8,22,300,5,2,1,1.0,3,94042,M,,,94
201200047345,12,8,26,1730,1,2,1,1.0,6,94042,M,,,94
201200047346,12,9,1,2000,1,2,1,1.0,3,94015,M,,,94
201200047347,12,9,4,1905,1,2,6,1.0,2,94015,M,,,94
201200047348,12,9,6,945,1,2,1,1.0,3,94058,M,,,94
201200047349,12,9,6,1830,2,2,1,1.0,2,94015,M,,,94
201200047350,12,9,6,1930,1,2,2,1.0,3,94058,M,,,94
201200047351,12,9,13,920,1,2,3,1.0,5,94052,M,,,94
201200047352,12,9,15,615,5,2,1,1.0,2,94042,M,,,94
201200047353,12,9,15,2015,5,2,1,1.0,3,94052,M,,,94
201200047354,12,9,16,1440,1,2,1,1.0,2,94042,M,,,94
201200047355,12,9,19,855,1,2,1,1.0,3,94058,M,,,94
201200047356,12,9,30,1520,1,2,1,1.0,6,94052,M,,,94
201200047357,12,10,2,850,1,2,1,8.0,2,94058,M,,,94
201200047358,12,10,5,2050,5,2,4,1.0,2,94052,M,,,94
201200047359,12,10,5,2105,2,2,3,1.0,3,94058,M,,,94
201200047360,12,10,6,2030,5,2,1,2.0,2,94052,M,,,94
201200047361,12,10,9,750,2,2,1,9.0,6,94052,M,,,94
201200047362,12,10,12,1300,1,2,2,1.0,3,94058,M,,,94
201200047363,12,10,16,915,1,2,1,8.0,6,94052,M,,,94
201200047364,12,10,19,1855,5,2,1,2.0,6,94058,M,,,94
201200047365,12,10,22,1705,1,2,3,1.0,5,94052,M,,,94
201200047366,12,10,27,1900,2,2,1,1.0,3,94058,M,,,94
201200047367,12,11,3,2145,5,2,2,1.0,3,94052,M,,,94
201200047368,12,11,9,1155,1,2,2,1.0,3,94052,M,,,94
201200047369,12,11,10,555,5,2,2,8.0,3,94052,M,,,94
201200047370,12,11,13,840,1,2,1,1.0,2,94058,M,,,94
201200047371,12,11,13,1750,4,2,1,1.0,6,94052,M,,,94
201200047372,12,11,13,1935,5,2,1,1.0,3,94015,M,,,94
201200047373,12,11,14,901,1,2,2,8.0,7,94052,M,,,94
201200047374,12,11,16,2020,5,2,1,1.0,3,94052,M,,,94
201200047375,12,11,16,2030,5,2,2,1.0,1,94058,M,,,94
201200047376,12,11,19,1810,5,2,1,1.0,5,94042,M,,,94
201200047377,12,11,20,910,1,2,1,1.0,3,94058,M,,,94
201200047378,12,11,21,1545,1,2,1,8.0,3,94052,M,,,94
201200047379,12,11,22,910,1,2,1,1.0,5,94058,M,,,94
201200047380,12,11,23,1150,1,2,1,2.0,6,94042,M,,,94
201200047381,12,11,23,1835,5,2,1,2.0,6,94058,M,,,94
201200047382,12,12,4,1210,1,2,2,8.0,6,94015,M,,,94
201200047383,12,12,12,1740,2,2,1,9.0,5,94052,M,,,94
201200047384,12,12,13,800,1,2,1,1.0,6,94042,M,,,94
201200047385,12,12,14,1315,1,1,1,3.0,6,94052,M,,,94
201200047386,12,12,18,1050,1,2,1,1.0,3,94052,M,,,94
201200047387,12,12,20,820,2,2,1,2.0,3,94052,M,,,94
201200047388,12,12,20,1130,1,2,9,2.0,7,94052,M,,,94
201200047389,12,12,27,1900,5,2,1,6.0,6,94052,M,,,94
201200047390,12,12,28,1115,1,2,3,2.0,6,94058,M,,,94
201200047391,12,1,3,1600,1,2,2,1.0,3,94068,M,4878580.0,249219.0,94
201200047392,12,1,5,1950,5,2,3,1.0,6,94068,M,4880420.0,248690.0,94
201200047393,12,1,11,1140,1,2,2,1.0,3,94068,M,4879170.0,249446.0,94
201200047394,12,1,14,1230,1,2,2,1.0,3,94068,M,4880040.0,249991.0,94
201200047395,12,1,14,900,1,2,3,1.0,6,94068,M,4880890.0,248623.0,94
201200047396,12,1,16,800,1,2,1,1.0,6,94068,M,4881420.0,247323.0,94
201200047397,12,1,16,945,1,2,3,1.0,3,94068,M,4879930.0,247254.0,94
201200047398,12,2,3,1745,2,2,3,1.0,2,94068,M,4879800.0,249319.0,94
201200047399,12,2,20,845,1,2,2,1.0,3,94068,M,4880830.0,250053.0,94
201200047400,12,2,21,935,1,2,1,1.0,7,94068,M,4879150.0,251937.0,94
201200047401,12,2,22,1110,1,2,1,1.0,4,94068,M,4879480.0,251066.0,94
201200047402,12,3,5,1450,1,2,2,1.0,3,94068,M,4879300.0,248284.0,94
201200047403,12,3,9,2230,5,2,2,1.0,3,94068,M,4880680.0,249625.0,94
201200047404,12,3,15,1525,1,2,5,1.0,3,94068,M,4880310.0,251918.0,94
201200047405,12,3,20,905,1,2,2,1.0,3,94068,M,4879330.0,250252.0,94
201200047406,12,3,22,1705,1,2,2,1.0,3,94068,M,4878720.0,248853.0,94
201200047407,12,3,26,1050,1,2,2,1.0,2,94068,M,4880780.0,250909.0,94
201200047408,12,3,27,1745,1,2,1,1.0,6,94068,M,4879510.0,247688.0,94
201200047409,12,3,27,2240,5,2,2,1.0,2,94068,M,4879270.0,251671.0,94
201200047410,12,3,29,1140,1,2,7,1.0,2,94068,M,4879790.0,250284.0,94
201200047411,12,4,6,1545,1,2,1,1.0,3,94068,M,,,94
201200047412,12,4,8,2115,5,2,1,2.0,3,94068,M,,,94
201200047413,12,4,11,1240,1,2,1,1.0,6,94068,M,,,94
201200047414,12,4,11,1810,1,2,1,2.0,3,94068,M,,,94
201200047415,12,4,13,750,1,2,1,1.0,3,94068,M,,,94
201200047416,12,4,21,1705,1,2,1,1.0,2,94068,M,,,94
201200047417,12,4,25,1310,1,2,1,2.0,3,94068,M,,,94
201200047418,12,4,25,1820,1,2,1,2.0,3,94068,M,,,94
201200047419,12,4,28,425,5,2,1,9.0,6,94068,M,,,94
201200047420,12,5,1,1110,1,2,7,1.0,6,94068,M,,,94
201200047421,12,5,2,1415,1,2,2,2.0,5,94068,M,,,94
201200047422,12,5,3,1235,1,2,1,2.0,6,94068,M,,,94
201200047423,12,5,3,1100,1,2,2,8.0,3,94068,M,,,94
201200047424,12,5,4,1830,1,2,1,2.0,5,94068,M,,,94
201200047425,12,5,5,730,1,2,1,9.0,7,94068,M,,,94
201200047426,12,5,11,1715,1,2,4,1.0,3,94068,M,,,94
201200047427,12,5,17,405,5,2,1,1.0,6,94068,M,4880570.0,248311.0,94
201200047428,12,5,17,2245,5,2,1,1.0,6,94068,M,,,94
201200047429,12,5,21,1202,1,2,2,3.0,3,94068,M,,,94
201200047430,12,5,22,1540,1,2,4,1.0,3,94068,M,,,94
201200047431,12,5,24,1002,1,2,2,1.0,3,94068,M,,,94
201200047432,12,5,24,1815,1,2,3,1.0,6,94068,M,,,94
201200047433,12,5,25,1700,1,2,2,1.0,3,94068,M,,,94
201200047434,12,5,29,2145,3,2,1,1.0,6,94068,M,,,94
201200047435,12,5,31,2055,2,2,5,1.0,3,94068,M,,,94
201200047436,12,6,2,1755,1,2,1,1.0,3,94068,M,,,94
201200047437,12,6,8,1950,1,2,1,1.0,3,94068,M,,,94
201200047438,12,6,10,605,1,2,1,1.0,6,94068,M,,,94
201200047439,12,6,18,1740,1,2,1,1.0,3,94068,M,,,94
201200047440,12,6,19,2130,2,2,2,2.0,6,94068,M,,,94
201200047441,12,6,20,635,1,2,1,1.0,3,94068,M,,,94
201200047442,12,6,26,1640,1,2,1,1.0,6,94068,M,,,94
201200047443,12,7,1,1850,1,2,1,1.0,1,94068,M,,,94
201200047444,12,7,4,800,1,2,1,1.0,3,94068,M,,,94
201200047445,12,7,5,1225,1,2,1,1.0,6,94068,M,,,94
201200047446,12,7,9,2025,2,2,2,1.0,3,94068,M,,,94
201200047447,12,7,10,1710,1,2,1,1.0,3,94068,M,,,94
201200047448,12,7,11,615,1,2,2,1.0,3,94068,M,,,94
201200047449,12,7,11,1710,1,2,1,1.0,7,94068,M,,,94
201200047450,12,7,12,2050,2,2,1,2.0,3,94068,M,,,94
201200047451,12,7,12,1900,1,2,1,2.0,6,94068,M,,,94
201200047452,12,7,13,1125,1,2,1,1.0,6,94068,M,,,94
201200047453,12,7,23,1700,1,2,3,1.0,3,94068,M,,,94
201200047454,12,7,23,1905,1,2,1,1.0,2,94068,M,,,94
201200047455,12,7,25,1905,1,2,1,1.0,1,94068,M,,,94
201200047456,12,8,10,1910,1,2,6,1.0,3,94068,M,,,94
201200047457,12,8,14,1655,1,2,1,1.0,6,94068,M,,,94
201200047458,12,8,16,1440,1,2,1,1.0,6,94068,M,,,94
201200047459,12,8,16,1710,1,2,2,1.0,6,94068,M,,,94
201200047460,12,8,17,1740,1,2,2,1.0,3,94068,M,,,94
201200047461,12,8,20,210,5,2,1,1.0,3,94068,M,,,94
201200047462,12,8,24,1240,1,2,2,1.0,3,94068,M,,,94
201200047463,12,8,25,320,5,2,1,2.0,7,94068,M,,,94
201200047464,12,8,31,1530,1,2,1,1.0,6,94068,M,,,94
201200047465,12,8,31,2240,4,2,1,1.0,6,94068,M,,,94
201200047466,12,9,4,1005,1,2,1,1.0,3,94068,M,,,94
201200047467,12,9,9,1450,1,2,2,1.0,3,94068,M,,,94
201200047468,12,9,14,850,1,2,1,1.0,6,94068,M,,,94
201200047469,12,9,16,250,5,2,1,1.0,6,94068,M,,,94
201200047470,12,9,14,1340,1,2,1,1.0,6,94068,M,,,94
201200047471,12,9,14,2200,5,2,2,2.0,3,94068,M,,,94
201200047472,12,9,21,940,1,2,2,1.0,3,94068,M,,,94
201200047473,12,10,2,850,1,2,2,1.0,2,94068,M,,,94
201200047474,12,10,6,1255,1,2,1,1.0,2,94068,M,,,94
201200047475,12,10,8,910,1,2,1,2.0,2,94068,M,,,94
201200047476,12,10,8,1550,1,2,1,2.0,6,94068,M,,,94
201200047477,12,10,16,935,1,2,1,2.0,6,94068,M,,,94
201200047478,12,10,17,1400,1,2,1,2.0,5,94068,M,,,94
201200047479,12,10,18,820,2,2,1,2.0,6,94068,M,,,94
201200047480,12,10,18,2210,3,2,1,1.0,1,94068,M,,,94
201200047481,12,10,23,1015,1,2,1,1.0,3,94068,M,,,94
201200047482,12,10,23,1020,1,2,1,1.0,6,94068,M,,,94
201200047483,12,10,26,1950,5,2,1,1.0,6,94068,M,,,94
201200047484,12,10,27,1150,1,2,2,1.0,3,94068,M,,,94
201200047485,12,10,28,1755,1,2,1,1.0,6,94068,M,,,94
201200047486,12,10,30,2020,5,2,1,1.0,2,94068,M,,,94
201200047487,12,11,1,2005,5,2,2,2.0,3,94068,M,,,94
201200047488,12,11,3,2000,5,2,6,1.0,3,94068,M,,,94
201200047489,12,11,4,2205,5,2,2,1.0,3,94068,M,,,94
201200047490,12,11,5,1740,5,2,1,2.0,3,94068,M,,,94
201200047491,12,11,6,620,5,2,3,2.0,3,94068,M,,,94
201200047492,12,11,10,1200,1,2,2,1.0,3,94068,M,,,94
201200047493,12,11,13,1355,1,2,2,1.0,3,94068,M,,,94
201200047494,12,11,15,825,1,2,1,1.0,3,94068,M,,,94
201200047495,12,11,16,1710,5,1,1,1.0,3,94068,M,,,94
201200047496,12,11,16,1515,1,2,2,1.0,3,94068,M,,,94
201200047497,12,11,20,1845,5,2,3,1.0,3,94068,M,,,94
201200047498,12,11,21,1435,1,2,2,1.0,3,94068,M,,,94
201200047499,12,11,24,1530,1,2,1,1.0,6,94068,M,,,94
201200047500,12,11,26,1350,1,2,2,1.0,3,94068,M,,,94
201200047501,12,11,28,1315,1,2,2,1.0,3,94068,M,,,94
201200047502,12,12,1,1000,1,2,1,2.0,3,94068,M,,,94
201200047503,12,12,1,2040,5,2,1,9.0,3,94068,M,,,94
201200047504,12,12,2,1040,1,2,1,1.0,3,94068,M,,,94
201200047505,12,12,2,1110,1,2,2,1.0,3,94068,M,,,94
201200047506,12,12,3,955,1,2,1,2.0,3,94068,M,,,94
201200047507,12,12,4,2330,5,2,2,2.0,3,94068,M,,,94
201200047508,12,12,4,1315,1,2,2,2.0,5,94068,M,,,94
201200047509,12,12,4,2106,1,2,1,1.0,6,94068,M,,,94
201200047510,12,12,5,1000,1,2,1,1.0,6,94068,M,,,94
201200047511,12,12,5,1725,4,2,1,2.0,6,94068,M,,,94
201200047512,12,12,11,955,1,2,1,1.0,6,94068,M,,,94
201200047513,12,12,12,1320,1,2,1,1.0,3,94068,M,,,94