Num_Acc,an,mois,jour,hrmn,lum,agg,int,atm,col,com,gps,lat,long,dep
201200047514,12,12,14,1615,1,2,1,2.0,6,94068,M,,,94
201200047515,12,12,20,1805,5,2,1,2.0,2,94068,M,,,94
201200047516,12,12,20,1020,1,2,1,2.0,3,94068,M,,,94
201200047517,12,12,21,1740,5,2,1,1.0,6,94068,M,,,94
201200047518,12,12,22,1455,1,2,2,2.0,3,94068,M,,,94
201200047519,12,12,22,1925,5,2,1,2.0,6,94068,M,,,94
201200047520,12,12,25,1840,2,2,1,2.0,3,94068,M,,,94
201200047521,12,12,28,2030,5,2,2,1.0,3,94068,M,,,94
201200047522,12,12,30,1510,1,2,1,1.0,2,94068,M,,,94
201200047523,12,12,26,2015,5,2,1,1.0,6,94078,M,,,94
201200047524,12,12,31,540,5,2,1,1.0,4,94078,M,4874650.0,244651.0,94
201200047525,12,1,1,645,5,2,1,2.0,4,94078,M,4873280.0,244681.0,94
201200047526,12,1,3,2150,5,2,2,9.0,3,94078,M,4874840.0,245164.0,94
201200047527,12,1,8,1950,5,2,1,1.0,6,94074,M,4874870.0,247015.0,94
201200047528,12,1,6,2110,5,2,1,1.0,7,94078,M,4873410.0,245766.0,94
201200047529,12,1,10,2355,5,2,1,1.0,7,94077,M,4873200.0,244050.0,94
201200047530,12,1,14,1630,1,2,1,1.0,2,94001,M,4872270.0,242283.0,94
201200047531,12,1,15,1630,1,2,3,1.0,1,94074,M,4874760.0,247199.0,94
201200047532,12,1,16,1845,5,2,1,1.0,3,94078,M,4875990.0,244309.0,94
201200047533,12,1,18,1355,1,2,1,1.0,6,94078,M,4875280.0,244816.0,94
201200047534,12,1,16,1950,5,1,1,1.0,7,94077,M,4873010.0,242728.0,94
201200047535,12,1,23,730,1,2,1,1.0,3,94078,M,4875410.0,244869.0,94
201200047536,12,1,25,1230,1,1,1,1.0,6,94078,M,4873200.0,244988.0,94
201200047537,12,1,30,2320,5,2,1,1.0,3,94078,M,4872720.0,244513.0,94
201200047538,12,2,2,720,2,2,3,1.0,4,94077,M,4872740.0,243906.0,94
201200047539,12,2,1,600,5,2,3,1.0,3,94078,M,4874100.0,244679.0,94
201200047540,12,2,8,530,5,2,3,4.0,2,94078,M,4874640.0,244640.0,94
201200047541,12,2,9,655,2,2,4,1.0,2,94078,M,4875140.0,244518.0,94
201200047542,12,2,11,1130,1,2,3,7.0,6,94077,M,4872940.0,241865.0,94
201200047543,12,2,12,500,5,2,1,1.0,6,94074,M,4875560.0,245347.0,94
201200047544,12,2,11,2030,5,2,1,1.0,4,94074,M,4876210.0,244252.0,94
201200047545,12,2,17,1900,5,2,1,2.0,6,94078,M,4873550.0,244758.0,94
201200047546,12,2,20,800,1,2,1,1.0,7,94074,M,4875110.0,245975.0,94
201200047547,12,2,9,1905,5,2,1,1.0,4,94078,M,4875900.0,244317.0,94
201200047548,12,2,24,730,1,2,1,8.0,7,94078,M,4873040.0,244686.0,94
201200047549,12,2,28,2100,5,2,2,1.0,5,94077,M,4873240.0,241552.0,94
201200047550,12,1,5,1415,1,2,1,2.0,7,94074,M,4873960.0,247324.0,94
201200047551,12,3,3,2305,5,2,2,1.0,3,94078,M,4873560.0,244680.0,94
201200047552,12,2,22,1905,5,2,3,1.0,6,94074,M,4874640.0,246807.0,94
201200047553,12,3,8,900,1,2,1,1.0,7,94078,M,4875320.0,245215.0,94
201200047554,12,3,4,1825,5,2,3,2.0,3,94074,M,4875130.0,245900.0,94
201200047555,12,3,10,2215,5,2,3,1.0,3,94078,M,4873220.0,244684.0,94
201200047556,12,3,14,1500,1,2,1,1.0,7,94078,M,4872600.0,244453.0,94
201200047557,12,3,17,1445,1,2,3,1.0,7,94077,M,4873290.0,240359.0,94
201200047558,12,2,23,2340,5,2,3,8.0,7,94078,M,4871650.0,244822.0,94
201200047559,12,3,3,1420,1,2,2,1.0,3,94078,M,4873560.0,244680.0,94
201200047560,12,3,19,1745,1,2,1,1.0,7,94077,M,4873520.0,242183.0,94
201200047561,12,3,10,455,5,2,3,1.0,2,94074,M,4876360.0,244198.0,94
201200047562,12,3,21,2200,5,2,1,1.0,6,94078,M,4872990.0,244689.0,94
201200047563,12,3,28,745,2,2,3,1.0,6,94078,M,4874420.0,245219.0,94
201200047564,12,4,3,1035,1,2,1,1.0,6,94074,M,4876770.0,244108.0,94
201200047565,12,4,3,1743,1,2,3,1.0,2,94078,M,4873560.0,244680.0,94
201200047566,12,4,11,1250,1,2,2,1.0,2,94078,M,4873560.0,244665.0,94
201200047567,12,4,15,225,3,2,3,1.0,3,94078,M,4873560.0,244665.0,94
201200047568,12,4,14,1515,1,2,3,1.0,5,94078,M,4875510.0,244413.0,94
201200047569,12,4,18,700,1,2,1,1.0,2,94074,M,4876750.0,244113.0,94
201200047570,12,4,18,2240,5,2,3,2.0,4,94078,M,4873110.0,244682.0,94
201200047571,12,4,22,1425,1,2,1,2.0,1,94074,M,,,94
201200047572,12,4,21,1905,1,2,3,2.0,6,94077,M,,,94
201200047573,12,4,22,38,5,2,1,1.0,3,94074,M,,,94
201200047574,12,4,23,1550,1,2,2,2.0,1,94078,M,4873560.0,244680.0,94
201200047575,12,5,2,1230,1,2,1,1.0,6,94001,M,,,94
201200047576,12,5,3,1555,1,2,1,1.0,2,94077,M,,,94
201200047577,12,5,9,710,1,2,4,2.0,3,94078,M,4872920.0,244665.0,94
201200047578,12,5,11,1700,1,2,2,8.0,3,94078,M,4872470.0,244499.0,94
201200047579,12,5,10,830,1,2,3,1.0,2,94078,M,4872760.0,244561.0,94
201200047580,12,5,14,1650,1,1,1,1.0,2,94074,M,,,94
201200047581,12,5,19,900,1,2,1,1.0,6,94078,M,,,94
201200047582,12,5,19,1850,1,2,1,2.0,6,94078,M,,,94
201200047583,12,5,21,1550,1,2,1,2.0,6,94077,M,,,94
201200047584,12,5,23,1520,1,2,1,1.0,6,94074,M,,,94
201200047585,12,5,25,1500,1,2,1,1.0,7,94077,M,,,94
201200047586,12,4,13,2025,1,2,1,1.0,2,94074,M,,,94
201200047587,12,5,27,1830,1,2,2,1.0,3,94077,M,,,94
201200047588,12,5,28,300,5,2,1,1.0,6,94077,M,,,94
201200047589,12,5,31,1945,1,2,1,1.0,6,94078,M,,,94
201200047590,12,6,6,15,5,2,1,2.0,2,94078,M,4874330.0,244672.0,94
201200047591,12,6,6,1855,1,2,1,2.0,4,94078,M,,,94
201200047592,12,6,9,1915,1,2,1,1.0,2,94078,M,4872210.0,244308.0,94
201200047593,12,6,10,1630,1,2,1,2.0,6,94077,M,,,94
201200047594,12,6,10,1730,1,2,1,2.0,6,94078,M,,,94
201200047595,12,6,17,1615,1,2,1,1.0,2,94077,M,,,94
201200047596,12,6,22,1400,1,2,1,1.0,2,94074,M,,,94
201200047597,12,6,23,2255,5,2,1,1.0,3,94074,M,,,94
201200047598,12,6,23,2100,1,2,3,1.0,3,94077,M,,,94
201200047599,12,6,27,1825,1,2,1,1.0,4,94078,M,4873700.0,244682.0,94
201200047600,12,6,8,1900,1,2,1,1.0,3,94078,M,4872460.0,244506.0,94
201200047601,12,7,11,2340,5,2,1,1.0,6,94078,M,4874530.0,244651.0,94
201200047602,12,7,13,1710,1,2,3,2.0,2,94078,M,4873960.0,244683.0,94
201200047603,12,7,16,1045,1,2,1,1.0,6,94078,M,4873210.0,244684.0,94
201200047604,12,7,20,1730,1,2,4,1.0,2,94078,M,4875510.0,244413.0,94
201200047605,12,7,24,1850,1,2,1,1.0,5,94078,M,,,94
201200047606,12,7,27,1010,1,2,1,1.0,6,94078,M,4872890.0,244642.0,94
201200047607,12,7,23,845,1,2,1,1.0,2,94077,M,,,94
201200047608,12,7,29,15,5,2,1,1.0,6,94078,M,,,94
201200047609,12,6,2,1255,1,2,2,1.0,2,94078,M,,,94
201200047610,12,8,3,1720,1,2,6,1.0,2,94078,M,,,94
201200047611,12,8,6,30,5,2,3,1.0,3,94078,M,4873960.0,244683.0,94
201200047612,12,8,3,815,1,2,1,1.0,2,94078,M,,,94
201200047613,12,8,3,820,1,2,1,1.0,2,94078,M,4873080.0,244685.0,94
201200047614,12,8,18,1455,1,2,1,1.0,6,94078,M,,,94
201200047615,12,9,4,1035,1,2,1,1.0,3,94078,M,,,94
201200047616,12,9,5,2000,2,2,1,1.0,5,94078,M,,,94
201200047617,12,8,29,650,1,2,1,1.0,6,94078,M,4872980.0,244690.0,94
201200047618,12,9,7,1755,1,2,1,1.0,1,94078,M,,,94
201200047619,12,9,8,1630,1,2,1,1.0,6,94001,M,,,94
201200047620,12,9,6,601,2,2,1,1.0,5,94077,M,,,94
201200047621,12,9,7,855,1,2,1,1.0,6,94077,M,,,94
201200047622,12,9,9,1105,1,2,3,1.0,4,94078,M,4873300.0,244681.0,94
201200047623,12,9,14,2015,2,2,1,1.0,3,94078,M,,,94
201200047624,12,9,20,1945,2,2,1,1.0,7,94074,M,,,94
201200047625,12,9,26,1535,1,2,2,1.0,2,94074,M,,,94
201200047626,12,9,27,650,5,2,4,1.0,3,94078,M,4872920.0,244665.0,94
201200047627,12,9,26,1445,1,2,1,8.0,6,94078,M,,,94
201200047628,12,9,28,1100,1,2,1,1.0,6,94077,M,,,94
201200047629,12,9,30,1255,1,2,1,1.0,3,94074,M,,,94
201200047630,12,10,2,810,1,2,1,2.0,3,94078,M,,,94
201200047631,12,10,1,1235,1,2,1,1.0,6,94078,M,4872150.0,244292.0,94
201200047632,12,10,6,1930,5,2,1,2.0,7,94077,M,,,94
201200047633,12,10,9,700,5,2,3,2.0,3,94078,M,,,94
201200047634,12,10,11,1925,5,2,1,3.0,6,94078,M,,,94
201200047635,12,10,8,1500,1,1,1,1.0,6,94078,M,,,94
201200047636,12,10,14,1105,1,2,1,3.0,1,94074,M,,,94
201200047637,12,10,2,1010,1,2,1,2.0,7,94077,M,,,94
201200047638,12,10,18,1430,1,2,1,1.0,1,94077,M,,,94
201200047639,12,10,19,900,1,2,3,8.0,3,94077,M,,,94
201200047640,12,10,20,830,1,2,3,2.0,4,94078,M,4874590.0,244662.0,94
201200047641,12,10,21,600,5,2,3,2.0,6,94078,M,4873300.0,244681.0,94
201200047642,12,10,19,1730,1,2,1,2.0,6,94078,M,,,94
201200047643,12,10,7,1303,1,2,3,1.0,2,94078,M,4873900.0,244684.0,94
201200047644,12,10,23,2245,5,2,2,1.0,7,94078,M,4873560.0,244665.0,94
201200047645,12,10,25,1930,5,2,1,1.0,6,94078,M,,,94
201200047646,12,10,25,1325,1,2,1,1.0,6,94077,M,,,94
201200047647,12,10,27,2335,5,2,1,1.0,6,94078,M,4873040.0,244686.0,94
201200047648,12,10,25,820,1,2,1,1.0,7,94077,M,,,94
201200047649,12,11,2,1315,1,2,2,2.0,3,94077,M,,,94
201200047650,12,9,24,1245,1,2,2,1.0,3,94077,M,,,94
201200047651,12,11,3,1440,1,2,2,1.0,2,94077,M,,,94
201200047652,12,11,5,1450,1,2,3,1.0,2,94078,M,4873900.0,244684.0,94
201200047653,12,10,24,1425,1,2,1,1.0,7,94077,M,,,94
201200047654,12,11,12,745,1,2,4,1.0,2,94078,M,4872450.0,244508.0,94
201200047655,12,11,14,1350,1,2,4,1.0,2,94078,M,4875510.0,244413.0,94
201200047656,12,11,20,1500,1,2,1,1.0,6,94078,M,4873060.0,244685.0,94
201200047657,12,11,20,715,1,2,1,1.0,6,94001,M,,,94
201200047658,12,11,22,703,1,2,3,1.0,2,94078,M,4872410.0,244478.0,94
201200047659,12,11,23,1755,5,2,1,2.0,2,94078,M,4872880.0,244641.0,94
201200047660,12,11,23,1745,5,2,1,2.0,3,94078,M,4875920.0,244313.0,94
201200047661,12,11,23,1520,1,2,1,2.0,6,94078,M,4873050.0,244686.0,94
201200047662,12,11,22,825,1,1,1,2.0,6,94077,M,,,94
201200047663,12,11,26,1810,3,2,1,1.0,1,94077,M,,,94
201200047664,12,11,28,650,5,2,6,1.0,3,94074,M,,,94
201200047665,12,11,30,1740,5,2,1,1.0,6,94077,M,,,94
201200047666,12,11,30,1150,1,2,4,1.0,3,94078,M,4872920.0,244665.0,94
201200047667,12,10,31,1325,1,2,1,1.0,6,94078,M,,,94
201200047668,12,12,8,1300,1,2,1,1.0,6,94078,M,,,94
201200047669,12,12,10,730,5,2,1,8.0,6,94074,M,,,94
201200047670,12,12,12,1440,1,2,1,1.0,6,94078,M,,,94
201200047671,12,12,15,1505,1,2,1,1.0,6,94078,M,4873050.0,244686.0,94
201200047672,12,12,13,940,1,2,1,4.0,7,94078,M,,,94
201200047673,12,12,21,720,5,2,2,1.0,3,94078,M,4873960.0,244683.0,94
201200047674,12,12,21,1030,1,2,1,1.0,2,94054,M,,,94
201200047675,12,12,21,1330,1,2,3,1.0,2,94078,M,4873960.0,244683.0,94
201200047676,12,12,21,1510,1,1,1,1.0,2,94078,M,,,94
201200047677,12,12,22,1640,2,2,1,2.0,2,94074,M,,,94
201200047678,12,12,24,2300,5,2,1,1.0,3,94078,M,,,94
201200047679,12,1,8,1910,5,2,2,1.0,3,94067,M,4884490.0,242094.0,94
201200047680,12,1,14,1450,1,2,3,1.0,6,94067,M,4884130.0,241757.0,94
201200047681,12,1,17,1940,5,2,1,1.0,6,94067,M,4883820.0,241769.0,94
201200047682,12,1,21,700,5,2,1,1.0,7,94080,M,4885200.0,243794.0,94
201200047683,12,1,25,1840,5,2,2,2.0,6,94067,M,4883760.0,241795.0,94
201200047684,12,1,25,2010,5,2,2,2.0,3,94080,M,4884460.0,243875.0,94
201200047685,12,2,7,750,1,2,1,9.0,6,94067,M,4884320.0,241762.0,94
201200047686,12,2,7,1850,5,2,2,1.0,6,94080,M,4885140.0,243698.0,94
201200047687,12,2,10,1410,1,2,2,1.0,6,94080,M,4884750.0,243083.0,94
201200047688,12,2,15,1930,5,2,2,9.0,3,94080,M,4884460.0,243875.0,94
201200047689,12,2,17,1050,1,2,2,2.0,6,94080,M,4884520.0,243155.0,94
201200047690,12,2,29,825,1,2,1,1.0,7,94080,M,4884830.0,245237.0,94
201200047691,12,3,7,1115,1,2,3,1.0,3,94080,M,4884780.0,244287.0,94
201200047692,12,3,18,1120,1,2,3,1.0,7,94067,M,4884650.0,241843.0,94
201200047693,12,3,27,1145,1,2,3,1.0,6,94067,M,4884630.0,242021.0,94
201200047694,12,4,12,35,5,2,1,1.0,6,94067,M,,,94
201200047695,12,4,18,2000,2,2,1,2.0,6,94080,M,,,94
201200047696,12,4,20,2215,5,2,1,2.0,7,94080,M,,,94
201200047697,12,4,24,730,1,2,3,1.0,6,94080,M,,,94
201200047698,12,5,1,2120,5,2,1,1.0,6,94067,M,,,94
201200047699,12,5,10,1410,1,2,3,1.0,3,94080,M,,,94
201200047700,12,5,12,1520,1,2,3,1.0,3,94080,M,,,94
201200047701,12,5,14,835,1,2,3,1.0,3,94067,M,,,94
201200047702,12,5,15,1110,1,2,1,1.0,3,94067,M,,,94
201200047703,12,5,15,1725,1,2,2,2.0,3,94067,M,,,94
201200047704,12,5,16,1310,1,2,5,1.0,6,94080,M,,,94
201200047705,12,5,20,1850,1,2,3,1.0,6,94080,M,,,94
201200047706,12,5,26,1150,1,2,2,1.0,6,94080,M,,,94
201200047707,12,5,31,1115,1,2,1,1.0,6,94067,M,,,94
201200047708,12,5,31,1505,1,2,1,1.0,1,94080,M,,,94
201200047709,12,6,6,1150,1,2,1,1.0,6,94080,M,,,94
201200047710,12,6,10,1925,2,2,3,2.0,3,94067,M,,,94
201200047711,12,6,23,1005,1,2,2,1.0,3,94067,M,,,94
201200047712,12,6,26,945,1,2,1,2.0,6,94080,M,,,94
201200047713,12,6,29,1200,1,2,1,1.0,6,94080,M,,,94
201200047714,12,7,2,1545,1,2,2,1.0,3,94080,M,,,94
201200047715,12,7,4,1400,1,2,1,2.0,3,94080,M,,,94
201200047716,12,7,19,620,1,2,1,1.0,6,94067,M,,,94
201200047717,12,7,23,1000,1,2,2,1.0,6,94080,M,,,94
201200047718,12,7,23,1730,1,2,3,1.0,6,94067,M,,,94
201200047719,12,8,1,2030,1,2,5,1.0,1,94080,M,,,94
201200047720,12,8,17,1925,1,2,2,1.0,7,94067,M,,,94
201200047721,12,9,2,1015,1,2,1,1.0,6,94067,M,,,94
201200047722,12,9,4,850,1,2,1,1.0,3,94080,M,,,94
201200047723,12,9,4,1615,1,2,3,1.0,3,94056,M,,,94
201200047724,12,9,7,1445,1,2,3,1.0,3,94067,M,,,94
201200047725,12,9,10,955,1,2,2,1.0,3,94067,M,,,94
201200047726,12,9,13,1925,1,2,1,1.0,6,94080,M,,,94
201200047727,12,9,16,2210,5,2,2,1.0,3,94080,M,,,94
201200047728,12,9,15,1450,1,2,1,1.0,6,94067,M,,,94
201200047729,12,9,29,15,5,2,3,1.0,6,94080,M,,,94
201200047730,12,10,3,810,1,2,2,1.0,6,94080,M,,,94
201200047731,12,10,9,1540,1,2,2,1.0,6,94080,M,,,94
201200047732,12,10,12,1515,1,2,1,1.0,6,94080,M,,,94
201200047733,12,10,23,1230,1,2,3,1.0,6,94067,M,,,94
201200047734,12,10,24,2250,5,2,3,1.0,1,94080,M,,,94
201200047735,12,10,25,1630,1,2,3,1.0,2,94067,M,,,94
201200047736,12,11,2,1150,1,2,7,2.0,3,94067,M,,,94
201200047737,12,11,7,1020,1,2,1,1.0,6,94080,M,,,94
201200047738,12,11,17,1305,1,2,1,2.0,1,94067,M,,,94
201200047739,12,11,17,1711,5,2,2,5.0,6,94080,M,,,94
201200047740,12,11,19,1555,1,2,2,1.0,3,94080,M,,,94
201200047741,12,11,26,850,1,2,3,1.0,3,94080,M,,,94
201200047742,12,11,28,2235,3,2,2,2.0,6,94067,M,,,94
201200047743,12,12,19,1230,1,2,2,1.0,3,94080,M,,,94
201200047744,12,12,22,1800,5,2,3,2.0,6,94080,M,,,94
201200047745,12,12,22,2330,5,2,2,2.0,3,94080,M,,,94
201200047746,12,12,31,2040,5,2,2,1.0,3,94067,M,,,94
201200047747,12,1,2,2150,5,2,2,1.0,3,94081,M,4879410.0,240055.0,94
201200047748,12,1,5,915,1,2,1,2.0,6,94081,M,4878970.0,238979.0,94
201200047749,12,1,7,2220,5,2,3,1.0,3,94081,M,4880090.0,240563.0,94
201200047750,12,1,8,1020,1,2,2,1.0,1,94081,M,4880460.0,240530.0,94
201200047751,12,1,11,1730,2,2,1,1.0,6,94081,M,4878980.0,238866.0,94
201200047752,12,1,19,1206,1,2,3,2.0,3,94081,M,4879070.0,240452.0,94
201200047753,12,1,20,820,1,2,1,1.0,2,94081,M,4877850.0,237565.0,94
201200047754,12,1,21,1330,1,2,3,2.0,3,94081,M,4880180.0,240296.0,94
201200047755,12,1,23,1930,5,2,1,1.0,6,94081,M,4880010.0,238124.0,94
201200047756,12,2,1,1800,2,2,1,1.0,2,94081,M,4879550.0,240735.0,94
201200047757,12,2,2,1435,1,1,2,1.0,2,94022,M,4877270.0,240008.0,94
201200047758,12,2,2,1815,5,2,5,1.0,3,94081,M,4880140.0,240251.0,94
201200047759,12,2,4,1410,1,2,2,1.0,3,94081,M,4879470.0,241863.0,94
201200047760,12,2,6,1600,1,2,3,8.0,6,94081,M,4878720.0,239623.0,94
201200047761,12,2,7,1510,1,2,3,1.0,6,94081,M,4880140.0,237940.0,94
201200047762,12,2,14,750,1,2,2,1.0,6,94081,M,4879070.0,239275.0,94
201200047763,12,2,18,1145,1,2,2,1.0,6,94081,M,4878610.0,239188.0,94
201200047764,12,2,26,1545,1,2,1,1.0,7,94081,M,4879310.0,241013.0,94
201200047765,12,3,9,850,1,2,2,1.0,2,94081,M,4878430.0,239286.0,94
201200047766,12,3,9,1530,1,2,2,1.0,3,94081,M,4877460.0,238131.0,94
201200047767,12,3,11,1230,1,2,2,1.0,3,94041,M,4882050.0,239522.0,94
201200047768,12,3,12,1550,1,1,2,1.0,2,94022,M,4877270.0,240008.0,94
201200047769,12,3,14,110,5,2,1,1.0,3,94081,M,4879000.0,237975.0,94
201200047770,12,3,15,1815,1,2,1,1.0,6,94081,M,4879260.0,239533.0,94
201200047771,12,3,19,1640,1,2,4,1.0,6,94081,M,4879040.0,238037.0,94
201200047772,12,3,19,1655,1,2,1,1.0,6,94081,M,4880040.0,240210.0,94
201200047773,12,3,21,1545,1,2,1,1.0,6,94081,M,4878200.0,237922.0,94
201200047774,12,3,24,1430,1,2,1,1.0,2,94081,M,4879160.0,238285.0,94
201200047775,12,3,24,2010,5,2,1,1.0,2,94081,M,4878480.0,239283.0,94
201200047776,12,3,30,100,5,2,1,1.0,6,94081,M,4878360.0,237520.0,94
201200047777,12,4,1,1225,1,2,2,1.0,7,94081,M,,,94
201200047778,12,4,4,1900,1,2,1,2.0,6,94081,M,,,94
201200047779,12,4,5,825,1,2,1,1.0,6,94081,M,,,94
201200047780,12,4,5,1800,1,2,1,1.0,3,94081,M,,,94
201200047781,12,4,10,2030,2,2,1,1.0,6,94081,M,,,94
201200047782,12,4,11,840,1,2,2,1.0,3,94081,M,,,94
201200047783,12,4,12,1310,1,2,1,8.0,2,94081,M,,,94
201200047784,12,4,13,1820,1,2,2,1.0,6,94081,M,4878730.0,240671.0,94
201200047785,12,4,16,1540,1,2,2,1.0,3,94081,M,,,94
201200047786,12,4,22,1710,1,2,1,1.0,6,94081,M,,,94
201200047787,12,4,24,2155,5,2,1,1.0,3,94081,M,,,94
201200047788,12,4,29,125,5,2,3,2.0,5,94073,M,,,94
201200047789,12,5,2,1830,1,2,1,2.0,6,94081,M,,,94
201200047790,12,5,7,1924,1,2,1,1.0,6,94081,M,,,94
201200047791,12,5,10,1145,1,2,1,1.0,6,94081,M,,,94
201200047792,12,5,13,35,5,2,1,1.0,6,94081,M,,,94
201200047793,12,5,14,750,1,2,3,1.0,6,94081,M,,,94
201200047794,12,5,14,830,1,1,4,1.0,3,94081,M,,,94
201200047795,12,5,15,820,1,2,1,1.0,6,94081,M,,,94
201200047796,12,5,15,1650,1,2,1,1.0,6,94081,M,,,94
201200047797,12,5,22,1600,1,2,1,8.0,6,94081,M,,,94
201200047798,12,5,24,445,2,2,1,1.0,6,94081,M,,,94
201200047799,12,5,25,940,1,2,1,1.0,6,94081,M,,,94
201200047800,12,5,25,2050,1,2,1,1.0,6,94081,M,,,94
201200047801,12,5,28,1520,1,2,2,1.0,3,94081,M,,,94
201200047802,12,5,29,810,1,2,9,1.0,6,94081,M,,,94
201200047803,12,5,31,1715,1,2,1,1.0,6,94081,M,,,94
201200047804,12,6,10,1630,1,2,2,1.0,3,94081,M,,,94
201200047805,12,6,10,1745,1,2,1,3.0,6,94081,M,,,94
201200047806,12,6,11,840,1,2,5,1.0,6,94081,M,,,94
201200047807,12,6,12,1030,1,2,1,8.0,6,94081,M,,,94
201200047808,12,6,13,2150,2,2,1,2.0,6,94081,M,,,94
201200047809,12,6,13,910,1,2,1,1.0,6,94081,M,,,94
201200047810,12,6,13,1405,1,2,1,8.0,6,94081,M,,,94
201200047811,12,6,13,1815,1,2,1,2.0,6,94081,M,,,94
201200047812,12,6,16,2110,1,2,1,1.0,6,94081,M,,,94
201200047813,12,6,17,1225,1,2,2,1.0,6,94081,M,,,94
201200047814,12,6,27,1405,1,2,1,1.0,6,94081,M,,,94
201200047815,12,6,28,1610,1,2,9,1.0,6,94081,M,,,94
201200047816,12,6,30,1755,1,2,1,1.0,6,94081,M,,,94
201200047817,12,6,30,2025,1,2,1,1.0,6,94081,M,,,94
201200047818,12,7,5,1430,1,2,1,1.0,3,94081,M,4877490.0,239863.0,94
201200047819,12,7,6,2000,1,2,1,1.0,2,94081,M,,,94
201200047820,12,7,7,1730,1,2,3,8.0,3,94081,M,,,94
201200047821,12,7,8,5,5,2,2,3.0,3,94081,M,,,94
201200047822,12,7,10,850,1,2,3,1.0,6,94081,M,,,94
201200047823,12,7,10,1600,1,2,1,1.0,6,94081,M,,,94
201200047824,12,7,16,805,1,2,1,7.0,6,94081,M,,,94
201200047825,12,7,16,830,1,2,5,1.0,3,94081,M,,,94
201200047826,12,7,19,1730,1,2,1,1.0,6,94081,M,,,94
201200047827,12,7,23,1820,1,1,1,1.0,3,94081,M,,,94
201200047828,12,7,24,1150,1,2,4,1.0,2,94081,M,,,94
201200047829,12,8,2,910,1,2,1,1.0,2,94081,M,,,94
201200047830,12,8,4,1140,1,2,1,1.0,3,94081,M,,,94
201200047831,12,8,5,35,5,2,1,1.0,7,94081,M,,,94
201200047832,12,8,6,2100,1,2,1,1.0,6,94081,M,,,94
201200047833,12,8,8,735,1,2,2,1.0,3,94081,M,,,94
201200047834,12,8,21,1215,1,2,1,1.0,6,94081,M,,,94
201200047835,12,8,27,1510,1,2,3,1.0,3,94081,M,,,94
201200047836,12,9,5,2110,5,2,2,1.0,5,94081,M,,,94
201200047837,12,9,7,1515,1,2,2,1.0,3,94081,M,,,94
201200047838,12,9,11,1240,1,2,2,3.0,6,94081,M,,,94
201200047839,12,9,13,1625,1,2,1,1.0,6,94081,M,,,94
201200047840,12,9,14,1840,1,1,1,1.0,3,94081,M,,,94
201200047841,12,9,21,1730,1,2,1,2.0,6,94081,M,,,94
201200047842,12,9,29,1830,2,2,3,1.0,3,94081,M,,,94
201200047843,12,10,1,1820,1,2,1,1.0,6,94081,M,,,94
201200047844,12,10,2,900,1,2,2,2.0,6,94081,M,,,94
201200047845,12,10,3,1205,1,2,1,2.0,6,94081,M,,,94
201200047846,12,10,5,2040,5,2,2,1.0,1,94081,M,,,94
201200047847,12,10,6,1615,1,2,2,2.0,3,94081,M,,,94
201200047848,12,10,9,2345,5,2,3,3.0,6,94081,M,,,94
201200047849,12,10,17,1830,2,2,1,2.0,6,94081,M,,,94
201200047850,12,10,18,1650,1,2,1,2.0,6,94081,M,,,94
201200047851,12,10,23,1150,1,2,1,1.0,6,94081,M,,,94
201200047852,12,10,26,1210,1,2,1,8.0,6,94081,M,,,94
201200047853,12,10,26,1330,1,2,1,1.0,2,94081,M,,,94
201200047854,12,11,4,2045,5,2,1,1.0,6,94081,M,,,94
201200047855,12,11,5,1250,1,2,3,1.0,3,94081,M,,,94
201200047856,12,11,6,1330,1,2,2,1.0,3,94081,M,,,94
201200047857,12,11,13,1755,5,2,8,1.0,6,94081,M,,,94
201200047858,12,11,15,1535,1,2,1,1.0,7,94081,M,,,94
201200047859,12,11,19,1030,1,2,1,1.0,3,94081,M,,,94
201200047860,12,11,20,1705,1,2,1,1.0,2,94081,M,,,94
201200047861,12,11,23,1440,1,2,1,2.0,2,94081,M,,,94
201200047862,12,11,26,2220,5,2,3,1.0,3,94081,M,,,94
201200047863,12,11,27,1215,1,2,1,1.0,2,94081,M,,,94
201200047864,12,11,29,837,1,2,1,1.0,3,94081,M,,,94
201200047865,12,11,30,1115,1,2,3,1.0,3,94081,M,,,94
201200047866,12,12,1,2045,5,2,2,1.0,3,94081,M,,,94
201200047867,12,12,1,2240,5,2,2,2.0,1,94081,M,,,94
201200047868,12,12,4,1200,1,2,2,8.0,6,94081,M,4879630.0,241624.0,94
201200047869,12,12,6,1230,1,1,1,1.0,1,94081,M,,,94
201200047870,12,12,16,1200,1,2,1,1.0,6,94081,M,,,94
201200047871,12,12,19,835,1,2,1,1.0,6,94081,M,,,94
201200047872,12,12,28,2105,5,2,1,2.0,6,94081,M,,,94
201200047873,12,12,31,2245,5,2,9,2.0,6,94081,M,,,94
201200047874,12,1,5,1805,5,2,1,1.0,3,95018,M,4896270.0,226010.0,95
201200047875,12,1,5,925,1,2,2,1.0,3,95018,M,4894190.0,223990.0,95