Num_Acc,an,mois,jour,hrmn,lum,agg,int,atm,col,com,gps,lat,long,dep
201200047876,12,1,12,1705,1,2,1,1.0,4,95018,M,4894770.0,224370.0,95
201200047877,12,1,12,1905,2,2,2,1.0,3,95018,M,4894550.0,223330.0,95
201200047878,12,1,14,2035,5,2,4,1.0,3,95018,M,4894980.0,226160.0,95
201200047879,12,1,14,1030,1,2,3,1.0,6,95018,M,4895910.0,224240.0,95
201200047880,12,1,17,630,5,2,2,1.0,1,95018,M,4893240.0,223360.0,95
201200047881,12,1,17,1900,5,2,3,1.0,4,95018,M,4893070.0,223540.0,95
201200047882,12,1,21,1405,1,2,1,1.0,6,95018,M,4894390.0,225410.0,95
201200047883,12,1,22,1825,5,2,1,1.0,6,95018,M,4895620.0,227990.0,95
201200047884,12,1,25,845,2,2,2,2.0,3,95018,M,4894680.0,223810.0,95
201200047885,12,1,28,1055,1,2,2,1.0,6,95018,M,4894620.0,224810.0,95
201200047886,12,1,30,1240,1,2,3,8.0,2,95018,M,4895420.0,221650.0,95
201200047887,12,1,30,2054,5,2,2,1.0,5,95018,M,4894390.0,225130.0,95
201200047888,12,2,3,918,1,2,1,1.0,7,95582,M,4897380.0,225250.0,95
201200047889,12,2,3,1105,1,2,1,1.0,6,95018,M,4895040.0,222510.0,95
201200047890,12,2,9,945,1,2,1,1.0,3,95018,M,4895810.0,225690.0,95
201200047891,12,2,9,1950,5,2,1,1.0,6,95018,M,4895330.0,223680.0,95
201200047892,12,2,10,1825,3,2,1,1.0,6,95018,M,4896250.0,223540.0,95
201200047893,12,2,10,1335,1,2,2,1.0,3,95018,M,4893320.0,223290.0,95
201200047894,12,2,10,640,5,2,1,1.0,7,95018,M,4895040.0,225360.0,95
201200047895,12,2,16,1730,5,2,1,1.0,6,95582,M,4897030.0,226340.0,95
201200047896,12,2,21,938,1,2,1,1.0,3,95582,M,4897170.0,225610.0,95
201200047897,12,2,23,1805,5,2,2,1.0,5,95018,M,4894140.0,220980.0,95
201200047898,12,2,25,1145,1,2,3,3.0,1,95018,M,4893680.0,223970.0,95
201200047899,12,2,26,1520,1,2,2,1.0,3,95018,M,4895840.0,225430.0,95
201200047900,12,3,4,1905,3,1,4,2.0,4,95018,M,4894440.0,226060.0,95
201200047901,12,3,5,800,1,2,1,1.0,6,95018,M,4896060.0,223910.0,95
201200047902,12,3,3,1230,1,2,2,1.0,3,95176,M,4896970.0,220110.0,95
201200047903,12,3,9,1155,1,2,1,1.0,6,95582,M,4896790.0,225620.0,95
201200047904,12,3,16,1105,1,2,2,1.0,3,95582,M,4897220.0,225620.0,95
201200047905,12,3,16,1935,5,2,1,1.0,2,95018,M,4893990.0,223450.0,95
201200047906,12,3,17,2015,5,1,3,2.0,2,95018,M,4893080.0,223520.0,95
201200047907,12,3,21,1655,1,2,3,1.0,3,95018,M,4894810.0,220620.0,95
201200047908,12,3,27,1340,1,2,1,1.0,2,95018,M,4895670.0,228390.0,95
201200047909,12,3,29,1655,1,2,1,7.0,6,95582,M,4897140.0,225830.0,95
201200047910,12,3,30,900,1,2,1,1.0,6,95018,M,4894210.0,225080.0,95
201200047911,12,3,31,620,2,2,1,1.0,6,95176,M,4898190.0,220110.0,95
201200047912,12,4,1,1015,1,2,6,1.0,7,95018,M,4894340.0,225510.0,95
201200047913,12,3,31,940,1,2,2,1.0,6,95018,M,4893980.0,223450.0,95
201200047914,12,4,3,2030,5,2,2,1.0,3,95018,M,4893680.0,221970.0,95
201200047915,12,4,3,1820,1,2,2,1.0,6,95018,M,4893590.0,223820.0,95
201200047916,12,4,4,1510,1,2,3,1.0,3,95018,M,4895290.0,226940.0,95
201200047917,12,4,4,1215,1,2,2,1.0,3,95018,M,4894750.0,224430.0,95
201200047918,12,4,6,1745,1,2,6,1.0,2,95219,M,4897710.0,227130.0,95
201200047919,12,4,9,2005,2,1,1,2.0,5,95018,M,4895680.0,227460.0,95
201200047920,12,4,7,1555,1,2,1,1.0,6,95018,M,4893970.0,223270.0,95
201200047921,12,4,10,1545,1,2,1,2.0,6,95176,M,4896960.0,220880.0,95
201200047922,12,4,11,1905,1,2,6,1.0,2,95582,M,4896950.0,223620.0,95
201200047923,12,4,12,1614,1,2,1,1.0,3,95018,M,4894280.0,222990.0,95
201200047924,12,4,13,2050,5,2,2,1.0,3,95018,M,4893980.0,222840.0,95
201200047925,12,4,14,520,5,1,1,1.0,6,95018,M,4894520.0,226270.0,95
201200047926,12,4,14,1130,1,2,1,1.0,6,95176,M,4897370.0,219620.0,95
201200047927,12,4,16,930,1,2,1,1.0,2,95018,M,4895990.0,225830.0,95
201200047928,12,4,20,1340,1,2,1,1.0,6,95018,M,4894140.0,220940.0,95
201200047929,12,4,21,1045,1,2,3,1.0,3,95176,M,4896790.0,219530.0,95
201200047930,12,4,24,1900,1,2,1,1.0,6,95018,M,4894040.0,222310.0,95
201200047931,12,4,30,2339,5,2,3,2.0,3,95018,M,4893090.0,223530.0,95
201200047932,12,5,6,755,1,2,6,1.0,6,95582,M,4896710.0,227410.0,95
201200047933,12,5,7,913,1,2,2,1.0,3,95018,M,4892890.0,222960.0,95
201200047934,12,5,5,1750,1,2,1,1.0,2,95018,M,4894160.0,220660.0,95
201200047935,12,5,9,1315,1,2,1,1.0,6,95018,M,4894440.0,224060.0,95
201200047936,12,5,14,843,1,1,1,1.0,2,95018,M,4894990.0,227620.0,95
201200047937,12,5,15,1955,1,2,1,1.0,7,95582,M,4896770.0,223250.0,95
201200047938,12,5,15,2045,2,2,2,1.0,2,95018,M,4894420.0,225090.0,95
201200047939,12,5,15,1230,1,2,1,1.0,2,95176,M,4896790.0,219710.0,95
201200047940,12,5,19,330,5,2,1,1.0,6,95176,M,4896890.0,219560.0,95
201200047941,12,5,21,845,1,2,3,2.0,7,95582,M,4896740.0,227250.0,95
201200047942,12,5,21,1800,1,2,1,2.0,2,95018,M,4894030.0,225490.0,95
201200047943,12,5,25,1100,1,2,1,1.0,2,95018,M,4894440.0,225060.0,95
201200047944,12,5,30,1700,1,2,1,1.0,6,95018,M,4894270.0,224790.0,95
201200047945,12,5,30,2010,1,2,1,2.0,6,95018,M,4895210.0,222840.0,95
201200047946,12,5,31,2030,1,2,1,1.0,6,95018,M,4895120.0,221090.0,95
201200047947,12,5,31,1125,1,2,1,1.0,3,95018,M,4894380.0,220640.0,95
201200047948,12,6,1,1600,1,2,1,1.0,6,95018,M,4894690.0,220880.0,95
201200047949,12,6,4,945,1,2,1,8.0,1,95018,M,4896050.0,227550.0,95
201200047950,12,6,9,2230,5,2,3,1.0,1,95018,M,4895250.0,220570.0,95
201200047951,12,6,8,850,1,2,3,1.0,5,95018,M,4895260.0,220560.0,95
201200047952,12,6,12,1528,1,2,2,1.0,2,95018,M,4895790.0,223950.0,95
201200047953,12,6,14,1135,1,2,1,1.0,6,95018,M,4895190.0,225740.0,95
201200047954,12,6,12,2007,1,2,3,2.0,5,95018,M,4894650.0,224880.0,95
201200047955,12,6,23,1930,1,2,1,1.0,6,95018,M,4896080.0,225210.0,95
201200047956,12,6,21,1920,1,2,2,1.0,3,95018,M,4894820.0,225190.0,95
201200047957,12,6,26,600,2,2,3,1.0,2,95018,M,4894520.0,224660.0,95
201200047958,12,6,29,1640,1,2,2,1.0,6,95018,M,4894020.0,224510.0,95
201200047959,12,6,29,1520,1,2,1,1.0,6,95018,M,4893690.0,223720.0,95
201200047960,12,7,2,1005,1,2,1,1.0,3,95176,M,4897370.0,218890.0,95
201200047961,12,7,7,1035,1,2,2,1.0,6,95018,M,4895250.0,224350.0,95
201200047962,12,7,10,1510,1,2,4,1.0,6,95018,M,4895560.0,222480.0,95
201200047963,12,7,15,1955,2,2,1,1.0,7,95018,M,4895170.0,221190.0,95
201200047964,12,7,16,846,1,2,2,1.0,2,95018,M,4894010.0,223810.0,95
201200047965,12,7,17,928,1,2,3,1.0,2,95018,M,4896330.0,223660.0,95
201200047966,12,7,17,2125,1,2,2,1.0,3,95018,M,4893590.0,223820.0,95
201200047967,12,7,21,1635,1,2,1,1.0,6,95582,M,4898290.0,223810.0,95
201200047968,12,7,22,1535,1,2,2,1.0,3,95018,M,4894920.0,225490.0,95
201200047969,12,7,23,1550,1,2,2,1.0,3,95018,M,4895480.0,224230.0,95
201200047970,12,7,25,758,1,2,3,1.0,5,95018,M,4895190.0,222880.0,95
201200047971,12,7,25,1600,1,2,1,1.0,1,95018,M,4894490.0,225020.0,95
201200047972,12,7,24,1535,1,2,2,1.0,3,95018,M,4894820.0,225190.0,95
201200047973,12,7,24,2140,1,2,2,1.0,1,95018,M,4894260.0,224290.0,95
201200047974,12,7,27,1200,1,2,2,1.0,5,95176,M,4896870.0,219590.0,95
201200047975,12,7,27,2050,1,2,1,8.0,7,95582,M,4897460.0,225610.0,95
201200047976,12,7,28,430,5,2,1,2.0,6,95018,M,4895690.0,224030.0,95
201200047977,12,7,31,2050,1,2,1,1.0,1,95582,M,4897670.0,224440.0,95
201200047978,12,8,3,1845,1,2,1,1.0,6,95018,M,4894140.0,224390.0,95
201200047979,12,8,5,1845,1,2,1,1.0,6,95018,M,4894680.0,225670.0,95
201200047980,12,8,16,1715,1,2,1,1.0,3,95018,M,4894980.0,225360.0,95
201200047981,12,8,16,1825,1,2,2,7.0,3,95018,M,4893910.0,223510.0,95
201200047982,12,8,27,1615,1,2,6,1.0,6,95018,M,4895240.0,222210.0,95
201200047983,12,8,29,1346,1,2,1,1.0,6,95018,M,4893990.0,222790.0,95
201200047984,12,9,4,625,2,2,1,1.0,6,95176,M,4897890.0,219340.0,95
201200047985,12,9,5,542,5,2,6,1.0,3,95582,M,4897920.0,223740.0,95
201200047986,12,9,8,1120,1,2,3,1.0,3,95582,M,4896790.0,226950.0,95
201200047987,12,9,12,1355,1,2,3,1.0,3,95582,M,4897390.0,226510.0,95
201200047988,12,9,14,1800,1,2,1,1.0,7,95582,M,4897080.0,224670.0,95
201200047989,12,9,17,755,1,2,1,1.0,6,95018,M,4894140.0,224080.0,95
201200047990,12,9,18,900,1,2,2,1.0,3,95018,M,4893240.0,223360.0,95
201200047991,12,9,19,1615,1,2,4,1.0,2,95018,M,4895160.0,224370.0,95
201200047992,12,9,20,1915,2,2,3,1.0,2,95018,M,4894230.0,225620.0,95
201200047993,12,9,26,1700,1,2,1,1.0,6,95176,M,4896910.0,219850.0,95
201200047994,12,9,24,2145,5,2,1,3.0,3,95018,M,4894490.0,225020.0,95
201200047995,12,9,26,920,1,2,2,1.0,6,95018,M,4894420.0,225090.0,95
201200047996,12,9,27,1300,1,2,1,1.0,3,95018,M,4895690.0,220520.0,95
201200047997,12,9,27,1345,1,2,1,8.0,1,95018,M,4894860.0,225730.0,95
201200047998,12,9,28,2350,5,2,4,1.0,3,95176,M,4896060.0,220280.0,95
201200047999,12,9,29,1445,1,2,1,1.0,6,95582,M,4897860.0,223910.0,95
201200048000,12,10,1,1315,1,2,1,1.0,3,95018,M,4895940.0,225790.0,95
201200048001,12,10,2,1035,1,2,3,2.0,2,95582,M,4896440.0,226070.0,95
201200048002,12,10,3,1210,1,2,1,3.0,2,95018,M,4895920.0,225780.0,95
201200048003,12,10,15,1815,1,2,2,1.0,3,95018,M,4893720.0,221730.0,95
201200048004,12,10,8,1555,1,2,3,2.0,3,95018,M,4895590.0,227810.0,95
201200048005,12,10,9,1450,1,2,1,2.0,3,95018,M,4893970.0,222960.0,95
201200048006,12,10,8,1030,1,2,2,2.0,3,95018,M,4893860.0,221420.0,95
201200048007,12,10,6,48,5,2,4,1.0,3,95018,M,4895570.0,227730.0,95
201200048008,12,10,11,650,5,2,1,2.0,6,95018,M,4894590.0,225350.0,95
201200048009,12,10,14,1330,1,2,1,2.0,3,95176,M,4897540.0,218650.0,95
201200048010,12,10,15,550,5,2,6,8.0,3,95018,M,4894990.0,220630.0,95
201200048011,12,10,14,1220,1,2,1,2.0,6,95582,M,4897350.0,225310.0,95
201200048012,12,10,19,1010,1,2,3,2.0,3,95018,M,4895160.0,223430.0,95
201200048013,12,10,21,1310,1,2,2,1.0,1,95176,M,4896870.0,219590.0,95
201200048014,12,10,23,1515,1,2,1,1.0,6,95018,M,4894720.0,220610.0,95
201200048015,12,10,25,1315,1,2,3,1.0,3,95018,M,4893680.0,224560.0,95
201200048016,12,10,25,720,1,2,1,1.0,6,95018,M,4893990.0,222810.0,95
201200048017,12,10,26,820,1,2,1,1.0,6,95018,M,4895550.0,223320.0,95
201200048018,12,10,28,1649,1,1,1,1.0,2,95176,M,4895850.0,219260.0,95
201200048019,12,10,27,1305,1,2,2,7.0,6,95176,M,4896460.0,219990.0,95
201200048020,12,10,29,1100,1,2,3,1.0,2,95018,M,4894370.0,225380.0,95
201200048021,12,10,29,430,5,2,2,1.0,3,95018,M,4894270.0,224290.0,95
201200048022,12,10,29,1905,5,2,3,1.0,6,95018,M,4895030.0,222540.0,95
201200048023,12,10,31,1658,1,2,4,1.0,1,95582,M,4896830.0,223420.0,95
201200048024,12,11,2,2255,5,2,2,1.0,3,95018,M,4895010.0,224430.0,95
201200048025,12,11,5,1220,1,2,1,1.0,1,95018,M,4894130.0,221240.0,95
201200048026,12,11,6,940,1,2,2,1.0,6,95176,M,4896960.0,219460.0,95
201200048027,12,11,9,1810,2,2,1,1.0,6,95018,M,4894120.0,221380.0,95
201200048028,12,11,10,1906,5,2,3,8.0,6,95018,M,4895170.0,223440.0,95
201200048029,12,11,11,1855,5,2,1,8.0,6,95582,M,4897250.0,225520.0,95
201200048030,12,10,29,1650,1,2,6,1.0,5,95582,M,4896930.0,225650.0,95
201200048031,12,11,15,815,1,2,1,1.0,6,95018,M,4895740.0,228450.0,95
201200048032,12,11,14,2020,5,2,2,1.0,3,95018,M,4894930.0,224720.0,95
201200048033,12,11,16,2145,5,2,2,1.0,3,95018,M,4894280.0,224290.0,95
201200048034,12,11,17,420,3,2,1,5.0,6,95018,M,4895770.0,223970.0,95
201200048035,12,11,24,1925,4,2,2,1.0,3,95018,M,4895680.0,228410.0,95
201200048036,12,11,20,800,1,2,2,1.0,7,95018,M,4895530.0,223210.0,95
201200048037,12,11,20,2020,5,1,1,1.0,2,95018,M,4894290.0,225720.0,95
201200048038,12,11,23,1650,1,2,1,3.0,4,95018,M,4893090.0,223540.0,95
201200048039,12,11,23,2055,5,2,1,2.0,1,95018,M,4894940.0,226040.0,95
201200048040,12,11,20,1030,1,2,1,2.0,6,95582,M,4896810.0,226260.0,95
201200048041,12,11,24,350,5,2,1,2.0,7,95018,M,4895290.0,226910.0,95
201200048042,12,11,27,1145,1,2,2,1.0,6,95018,M,4894430.0,225110.0,95
201200048043,12,11,27,1315,1,1,1,2.0,1,95582,M,4897080.0,224650.0,95
201200048044,12,11,30,835,1,2,1,1.0,2,95176,M,4896670.0,219840.0,95
201200048045,12,11,29,1350,1,2,2,1.0,3,95018,M,4895770.0,223830.0,95
201200048046,12,12,2,1150,1,2,4,1.0,6,95582,M,4897120.0,226310.0,95
201200048047,12,12,5,1300,1,2,2,1.0,3,95582,M,4896640.0,226920.0,95
201200048048,12,12,4,820,2,2,3,2.0,3,95582,M,4896850.0,226670.0,95
201200048049,12,12,8,1735,3,2,3,2.0,3,95018,M,4895590.0,227820.0,95
201200048050,12,12,10,800,2,2,1,1.0,6,95018,M,4894780.0,220960.0,95
201200048051,12,12,12,1154,1,2,7,1.0,3,95018,M,4894880.0,225120.0,95
201200048052,12,12,11,730,2,2,4,1.0,3,95582,M,4896790.0,223370.0,95
201200048053,12,12,13,2135,3,2,1,2.0,7,95018,M,4894680.0,221780.0,95
201200048054,12,12,16,2100,5,2,3,8.0,7,95176,M,4897390.0,218860.0,95
201200048055,12,12,19,1857,5,1,3,1.0,4,95018,M,4893670.0,224560.0,95
201200048056,12,12,19,1950,5,2,2,2.0,2,95018,M,4894010.0,224510.0,95
201200048057,12,12,19,1540,1,2,2,2.0,3,95018,M,4893710.0,223710.0,95
201200048058,12,12,25,1554,1,2,2,1.0,3,95018,M,4894090.0,221680.0,95
201200048059,12,12,26,2013,5,2,1,3.0,6,95018,M,4895150.0,221110.0,95
201200048060,12,12,21,1810,5,2,1,2.0,6,95176,M,4897170.0,220360.0,95
201200048061,12,12,28,2056,5,2,1,1.0,3,95018,M,4893990.0,223520.0,95
201200048062,12,12,31,1615,1,2,1,1.0,6,95018,M,4895650.0,228240.0,95
201200048063,12,11,6,730,1,2,3,1.0,1,95063,M,4892740.0,221690.0,95
201200048064,12,1,4,800,1,1,1,1.0,3,95063,M,4892710.0,222820.0,95
201200048065,12,2,1,755,2,2,1,1.0,3,95063,M,4892220.0,221790.0,95
201200048066,12,2,23,2350,5,2,1,1.0,3,95063,M,4893890.0,220490.0,95
201200048067,12,2,28,1700,1,2,1,1.0,6,95063,M,4893220.0,221320.0,95
201200048068,12,3,2,1840,5,2,1,1.0,5,95063,M,4893040.0,221270.0,95
201200048069,12,3,13,1655,1,2,1,1.0,6,95063,M,4892920.0,221160.0,95
201200048070,12,3,29,2210,5,2,1,1.0,3,95063,M,4892650.0,221370.0,95
201200048071,12,5,25,1840,1,1,1,1.0,3,95063,M,4892560.0,222570.0,95
201200048072,12,6,7,900,1,2,1,1.0,1,95063,M,4892770.0,222070.0,95
201200048073,12,6,29,2240,5,1,1,1.0,3,95063,M,4892340.0,221740.0,95
201200048074,12,6,21,2020,1,1,1,1.0,3,95063,M,4891960.0,221440.0,95
201200048075,12,7,31,1940,1,2,1,1.0,1,95063,M,4893080.0,220730.0,95
201200048076,12,8,3,2010,1,2,1,1.0,3,95063,M,4993350.0,220970.0,95
201200048077,12,8,2,1900,1,2,4,1.0,6,95063,M,4892260.0,221720.0,95
201200048078,12,8,21,1100,1,2,1,1.0,6,95063,M,4893530.0,220790.0,95
201200048079,12,9,6,2320,5,2,3,1.0,3,95063,M,4893030.0,221270.0,95
201200048080,12,9,12,1640,1,2,1,1.0,6,95063,M,4892410.0,220870.0,95
201200048081,12,10,29,1810,5,2,3,1.0,1,95063,M,4892890.0,221420.0,95
201200048082,12,12,18,1535,1,2,1,1.0,3,95063,M,4892720.0,221590.0,95
201200048083,12,1,11,1445,1,2,1,1.0,1,95500,M,4905280.0,207750.0,95
201200048084,12,3,15,1635,1,2,1,7.0,6,95127,M,4904780.0,203120.0,95
201200048085,12,3,6,1020,1,1,1,1.0,2,95218,M,4901330.0,209019.0,95
201200048086,12,12,29,1900,5,2,1,3.0,1,95572,M,4904760.0,210480.0,95
201200048087,12,1,25,1715,1,2,1,1.0,6,95476,M,4906210.0,206740.0,95
201200048088,12,2,10,625,5,2,6,1.0,6,95218,M,4902440.0,211220.0,95
201200048089,12,2,22,2255,3,1,1,8.0,6,95572,M,4903240.0,210760.0,95
201200048090,12,1,16,1030,1,2,1,1.0,6,95488,M,4902270.0,214290.0,95
201200048091,12,1,27,755,2,2,1,2.0,6,95218,M,4901970.0,210280.0,95
201200048092,12,2,22,600,5,1,4,1.0,3,95572,M,4904360.0,213070.0,95
201200048093,12,2,28,500,5,2,1,1.0,2,95218,M,4901830.0,209620.0,95
201200048094,12,3,24,1010,1,2,3,1.0,3,95127,M,4904070.0,207430.0,95
201200048095,12,5,13,1545,1,2,1,1.0,6,95572,M,4903770.0,211090.0,95
201200048096,12,5,16,725,1,1,2,1.0,5,95488,M,4901670.0,217450.0,95
201200048097,12,5,4,1700,1,2,1,2.0,1,95572,M,4904930.0,213450.0,95
201200048098,12,5,17,850,1,2,2,1.0,3,95127,M,4903290.0,207890.0,95
201200048099,12,6,5,1730,1,2,1,1.0,3,95476,M,4905180.0,207280.0,95
201200048100,12,6,17,2000,1,2,1,1.0,6,95127,M,4902970.0,207750.0,95
201200048101,12,7,18,1530,1,2,1,1.0,6,95572,M,4903320.0,212380.0,95
201200048102,12,8,16,845,1,2,1,1.0,6,95127,M,4905340.0,203189.0,95
201200048103,12,9,2,2015,1,2,1,1.0,6,95572,M,4904490.0,210740.0,95
201200048104,12,9,14,1200,1,2,5,1.0,3,95127,M,4903740.0,207290.0,95
201200048105,12,9,19,1115,1,2,1,1.0,3,95572,M,4903370.0,211740.0,95
201200048106,12,9,28,1030,1,2,1,1.0,6,95218,M,4902810.0,210560.0,95
201200048107,12,10,1,1125,1,2,2,1.0,2,95127,M,4904740.0,205189.0,95
201200048108,12,10,19,900,1,2,2,1.0,6,95500,M,4905140.0,210040.0,95
201200048109,12,10,31,2340,5,2,2,1.0,3,95127,M,4905240.0,202389.0,95
201200048110,12,11,5,2120,5,2,1,2.0,6,95572,M,4903860.0,211740.0,95
201200048111,12,12,1,2105,5,2,1,2.0,6,95218,M,4901790.0,209680.0,95
201200048112,12,11,4,1645,1,2,1,1.0,6,95500,M,4906290.0,208990.0,95
201200048113,12,11,8,1445,1,2,2,1.0,1,95218,M,4901940.0,210230.0,95
201200048114,12,11,13,1800,5,2,1,1.0,6,95218,M,4902310.0,211050.0,95
201200048115,12,11,29,745,3,1,1,2.0,4,95127,M,4905510.0,205270.0,95
201200048116,12,1,13,1550,1,2,1,1.0,6,95197,M,4896080.0,232590.0,95
201200048117,12,3,24,1715,1,2,2,1.0,3,95427,M,4897370.0,234920.0,95
201200048118,12,3,30,120,3,2,1,1.0,7,95427,M,4897790.0,236220.0,95
201200048119,12,3,27,800,1,2,1,1.0,6,95197,M,4897150.0,232260.0,95
201200048120,12,4,18,1730,1,2,1,1.0,6,95427,M,4897510.0,233760.0,95
201200048121,12,5,24,1800,1,2,1,1.0,6,95427,M,4896820.0,234550.0,95
201200048122,12,7,21,405,5,2,1,1.0,7,95427,M,4896380.0,233540.0,95
201200048123,12,8,17,2140,2,2,2,1.0,3,95197,M,4897720.0,232740.0,95
201200048124,12,9,17,1400,1,2,3,1.0,3,95427,M,4895540.0,233330.0,95
201200048125,12,2,18,2050,5,2,1,2.0,2,95555,M,4897410.0,229380.0,95
201200048126,12,4,12,1905,5,2,1,1.0,2,95598,M,4898450.0,229880.0,95
201200048127,12,11,18,1136,1,2,1,3.0,6,95598,M,4899050.0,228990.0,95
201200048128,12,11,19,1830,5,2,1,1.0,4,95428,M,4899380.0,231910.0,95
201200048129,12,12,14,1620,1,2,1,8.0,6,95598,M,4899010.0,229560.0,95
201200048130,12,1,2,1950,5,2,3,1.0,1,95491,M,4899990.0,222630.0,95
201200048131,12,1,9,825,1,2,4,1.0,3,95491,M,4899640.0,223730.0,95
201200048132,12,1,17,1140,1,2,1,1.0,6,95219,M,4898930.0,225920.0,95
201200048133,12,1,17,1230,1,2,1,1.0,6,95219,M,4899050.0,225940.0,95
201200048134,12,1,25,1010,1,2,1,1.0,6,95203,M,4899510.0,228350.0,95
201200048135,12,2,1,2340,5,2,3,1.0,1,95491,M,4899590.0,223860.0,95
201200048136,12,2,3,1420,1,2,1,1.0,6,95203,M,4899320.0,228190.0,95
201200048137,12,2,4,1005,1,2,3,1.0,6,95491,M,4899840.0,223020.0,95
201200048138,12,2,4,1235,1,2,1,1.0,7,95219,M,4898490.0,225340.0,95
201200048139,12,2,4,1915,5,2,3,1.0,1,95219,M,4899840.0,224980.0,95
201200048140,12,2,5,1145,1,2,1,1.0,7,95491,M,4899730.0,223960.0,95
201200048141,12,2,12,1055,1,2,1,1.0,6,95252,M,4899060.0,222280.0,95
201200048142,12,2,12,1445,1,2,1,1.0,7,95219,M,4898460.0,225780.0,95
201200048143,12,2,26,1635,1,2,3,1.0,2,95252,M,4899410.0,223420.0,95
201200048144,12,2,29,1650,1,2,1,1.0,6,95219,M,4899380.0,225170.0,95
201200048145,12,3,5,1300,1,2,1,1.0,6,95252,M,4899370.0,223560.0,95
201200048146,12,3,12,1510,1,2,1,1.0,2,95252,M,4897890.0,223250.0,95
201200048147,12,3,16,1640,1,2,1,1.0,6,95252,M,4898610.0,223110.0,95
201200048148,12,3,25,1120,1,2,1,1.0,4,95219,M,4898120.0,224780.0,95
201200048149,12,3,27,1720,1,2,1,1.0,4,95252,M,4898580.0,223790.0,95
201200048150,12,4,2,305,4,2,1,1.0,7,95252,M,4898460.0,222550.0,95
201200048151,12,4,4,825,1,2,3,1.0,3,95252,M,4899130.0,220650.0,95
201200048152,12,4,28,1740,1,2,1,1.0,1,95203,M,4899910.0,227160.0,95
201200048153,12,5,3,945,1,2,1,1.0,6,95203,M,4899240.0,228440.0,95
201200048154,12,5,11,1805,1,2,3,1.0,3,95252,M,4899990.0,222590.0,95
201200048155,12,5,12,1115,1,2,4,1.0,1,95219,M,4899410.0,226090.0,95
201200048156,12,5,14,1535,1,2,1,1.0,2,95252,M,4899280.0,221960.0,95
201200048157,12,5,16,735,1,2,1,1.0,2,95219,M,4899310.0,226410.0,95
201200048158,12,5,19,1525,1,2,1,1.0,3,95252,M,4899250.0,222090.0,95
201200048159,12,5,22,540,5,2,1,1.0,6,95426,M,4901650.0,228890.0,95
201200048160,12,6,2,1315,1,2,1,1.0,3,95219,M,4898660.0,224740.0,95
201200048161,12,6,2,2000,1,2,1,1.0,7,95203,M,4898260.0,227810.0,95
201200048162,12,6,11,850,1,2,1,1.0,2,95252,M,4899670.0,221990.0,95
201200048163,12,6,14,1735,1,2,4,1.0,3,95252,M,4898660.0,223530.0,95
201200048164,12,6,17,1750,1,2,1,1.0,3,95203,M,4898670.0,227950.0,95
201200048165,12,6,18,1730,1,2,2,1.0,3,95203,M,4899750.0,226520.0,95
201200048166,12,6,19,1408,1,2,1,1.0,2,95203,M,4899510.0,227180.0,95
201200048167,12,6,26,1910,1,2,1,1.0,6,95574,M,4900780.0,226970.0,95
201200048168,12,6,29,1625,1,2,1,1.0,3,95219,M,4898090.0,226730.0,95
201200048169,12,7,1,1610,1,2,1,1.0,3,95252,M,4898750.0,223330.0,95
201200048170,12,7,3,1655,1,2,1,1.0,6,95574,M,4900820.0,226910.0,95
201200048171,12,7,4,1250,1,2,3,1.0,6,95219,M,4898910.0,224990.0,95
201200048172,12,7,22,1730,1,2,1,1.0,3,95491,M,4899970.0,222640.0,95
201200048173,12,7,26,2230,5,2,2,1.0,3,95203,M,4899410.0,227960.0,95
201200048174,12,8,3,940,1,2,1,1.0,6,95252,M,4898030.0,223190.0,95
201200048175,12,8,3,1805,1,2,1,1.0,5,95219,M,4898650.0,225690.0,95
201200048176,12,8,8,1825,1,2,1,1.0,6,95252,M,4899020.0,220490.0,95
201200048177,12,8,10,1130,1,2,2,1.0,3,95491,M,4899590.0,223840.0,95
201200048178,12,8,16,750,1,2,6,1.0,6,95582,M,4898410.0,223650.0,95
201200048179,12,8,20,1800,1,2,1,1.0,3,95426,M,4902310.0,229540.0,95
201200048180,12,9,3,910,1,2,1,1.0,1,95252,M,4899040.0,221530.0,95