Num_Acc,an,mois,jour,hrmn,lum,agg,int,atm,col,com,gps,lat,long,dep
201200048181,12,9,3,2040,2,2,3,1.0,1,95252,M,4899090.0,221560.0,95
201200048182,12,9,8,1920,1,2,4,1.0,3,95252,M,4899390.0,223820.0,95
201200048183,12,9,10,2010,2,2,3,1.0,6,95219,M,4899510.0,225080.0,95
201200048184,12,9,16,1203,1,2,1,1.0,3,95203,M,4898210.0,224620.0,95
201200048185,12,9,16,1900,1,2,1,1.0,6,95203,M,4899620.0,227220.0,95
201200048186,12,9,20,1820,1,2,1,8.0,5,95219,M,4898820.0,224860.0,95
201200048187,12,9,23,1146,1,2,6,1.0,3,95203,M,4900350.0,228110.0,95
201200048188,12,9,25,2010,2,2,1,1.0,3,95252,M,4898610.0,223710.0,95
201200048189,12,10,1,900,1,2,1,1.0,6,95574,M,4900740.0,225730.0,95
201200048190,12,10,2,855,1,2,3,8.0,2,95219,M,4897750.0,227140.0,95
201200048191,12,10,2,1630,1,2,2,1.0,3,95203,M,4898690.0,226560.0,95
201200048192,12,10,9,1640,1,2,6,1.0,6,95219,M,4898899.0,225590.0,95
201200048193,12,10,11,1740,1,2,1,1.0,6,95426,M,4900560.0,228150.0,95
201200048194,12,10,17,1725,1,2,1,1.0,2,95219,M,4898730.0,224810.0,95
201200048195,12,10,18,814,2,2,1,2.0,4,95252,M,4898490.0,223970.0,95
201200048196,12,10,18,2255,5,2,6,2.0,3,95203,M,4899490.0,227570.0,95
201200048197,12,10,19,2005,5,2,2,1.0,3,95574,M,4901140.0,228120.0,95
201200048198,12,10,23,1820,1,2,1,1.0,6,95219,M,4899370.0,225720.0,95
201200048199,12,10,24,1645,1,2,1,1.0,7,95252,M,4897850.0,223430.0,95
201200048200,12,10,25,830,1,2,1,1.0,6,95574,M,4900670.0,226160.0,95
201200048201,12,10,26,210,5,2,3,1.0,6,95252,M,4898650.0,222010.0,95
201200048202,12,10,29,2035,5,2,1,1.0,3,95491,M,4899830.0,224590.0,95
201200048203,12,11,6,1630,1,2,1,1.0,6,95252,M,4898660.0,221990.0,95
201200048204,12,11,11,1925,5,2,1,1.0,2,95219,M,4899660.0,225150.0,95
201200048205,12,11,12,1530,1,2,1,1.0,6,95252,M,4898480.0,222540.0,95
201200048206,12,11,26,825,1,2,1,1.0,2,95252,M,4898490.0,222740.0,95
201200048207,12,11,29,1820,5,2,2,1.0,6,95219,M,4899740.0,225370.0,95
201200048208,12,12,5,1745,2,2,1,3.0,6,95252,M,4899030.0,223820.0,95
201200048209,12,12,12,1030,1,2,3,1.0,6,95252,M,4898430.0,222680.0,95
201200048210,12,12,13,1430,1,2,1,2.0,6,95491,M,4899650.0,223670.0,95
201200048211,12,12,18,1750,5,1,1,1.0,3,95219,M,4899770.0,224810.0,95
201200048212,12,12,19,15,5,2,1,1.0,6,95203,M,4899160.0,227530.0,95
201200048213,12,12,19,720,5,2,1,1.0,6,95219,M,4898480.0,225630.0,95
201200048214,12,12,19,1515,1,2,1,2.0,3,95252,M,4898660.0,221960.0,95
201200048215,12,12,20,10,5,2,6,2.0,7,95252,M,4899610.0,222030.0,95
201200048216,12,12,24,934,1,2,1,1.0,6,95252,M,4898890.0,224060.0,95
201200048217,12,1,6,2325,5,2,1,1.0,2,95252,M,4899150.0,221610.0,95
201200048218,12,3,27,1135,1,2,1,1.0,1,95574,M,4900110.0,225910.0,95
201200048219,12,4,8,830,1,2,1,1.0,6,95252,M,4898680.0,221770.0,95
201200048220,12,5,1,1255,1,2,2,1.0,6,95252,M,4898630.0,223640.0,95
201200048221,12,5,20,1135,1,2,1,1.0,3,95203,M,4898090.0,227060.0,95
201200048222,12,5,21,1025,1,2,1,1.0,6,95219,M,4898810.0,224860.0,95
201200048223,12,5,30,1730,1,2,4,1.0,3,95252,M,4898510.0,222760.0,95
201200048224,12,7,2,1830,1,2,3,1.0,3,95219,M,4898820.0,226160.0,95
201200048225,12,6,23,2315,5,2,2,1.0,3,95252,M,4899030.0,222790.0,95
201200048226,12,5,12,1040,1,2,3,1.0,2,95252,M,4898730.0,221350.0,95
201200048227,12,8,19,1815,1,2,2,1.0,3,95582,M,4897960.0,224510.0,95
201200048228,12,10,27,123,5,2,2,2.0,3,95252,M,4898860.0,223030.0,95
201200048229,12,11,10,20,5,2,1,2.0,6,95252,M,4898920.0,223770.0,95
201200048230,12,11,13,900,1,2,1,1.0,4,95491,M,4899510.0,224080.0,95
201200048231,12,12,17,2305,5,2,1,1.0,6,95252,M,4898630.0,223640.0,95
201200048232,12,1,10,2100,5,2,2,8.0,5,95268,M,4896640.0,240930.0,95
201200048233,12,1,12,1415,1,2,2,1.0,3,95268,M,4896760.0,241060.0,95
201200048234,12,1,24,1655,1,2,2,2.0,6,95268,M,4897240.0,240980.0,95
201200048235,12,2,19,1310,1,2,1,1.0,7,95268,M,4895850.0,241020.0,95
201200048236,12,2,22,1945,5,2,3,1.0,3,95268,M,4897720.0,241210.0,95
201200048237,12,2,22,1715,1,2,1,1.0,5,95268,M,4896550.0,239290.0,95
201200048238,12,1,11,1537,1,2,1,1.0,6,95268,M,4897620.0,239430.0,95
201200048239,12,5,3,1500,1,2,1,8.0,3,95268,M,4897610.0,239450.0,95
201200048240,12,4,27,1300,1,2,1,8.0,6,95268,M,4897530.0,239710.0,95
201200048241,12,5,17,1850,1,2,1,2.0,6,95268,M,4897410.0,240470.0,95
201200048242,12,5,4,2055,5,2,1,1.0,6,95268,M,4897210.0,239690.0,95
201200048243,12,5,25,2150,1,2,1,1.0,3,95268,M,4897450.0,239860.0,95
201200048244,12,5,31,1850,1,2,6,1.0,7,95268,M,4896140.0,240130.0,95
201200048245,12,6,19,1135,1,2,1,1.0,5,95268,M,4896440.0,240630.0,95
201200048246,12,6,20,1800,1,2,1,1.0,3,95268,M,4897610.0,239440.0,95
201200048247,12,7,8,800,1,2,1,2.0,6,95268,M,4897340.0,241750.0,95
201200048248,12,7,5,35,5,2,1,2.0,6,95268,M,4897410.0,239890.0,95
201200048249,12,8,7,1800,1,2,2,1.0,1,95268,M,4896660.0,240930.0,95
201200048250,12,8,30,1150,1,2,3,1.0,6,95268,M,4897310.0,239530.0,95
201200048251,12,8,31,1650,1,2,1,1.0,6,95268,M,4897120.0,240150.0,95
201200048252,12,8,28,1535,1,2,3,7.0,4,95268,M,4897610.0,239440.0,95
201200048253,12,10,14,1340,1,2,1,3.0,3,95268,M,4897530.0,242120.0,95
201200048254,12,10,20,910,1,2,2,8.0,3,95268,M,4896650.0,240920.0,95
201200048255,12,11,13,1750,2,2,1,1.0,3,95268,M,4897470.0,241470.0,95
201200048256,12,11,23,535,5,2,1,1.0,3,95268,M,4896650.0,240930.0,95
201200048257,12,12,10,715,2,2,4,2.0,2,95268,M,4896310.0,240370.0,95
201200048258,12,12,8,1730,5,2,2,1.0,3,95268,M,4896650.0,240960.0,95
201200048259,12,3,11,1800,1,2,1,1.0,6,95280,M,4902740.0,247020.0,95
201200048260,12,4,12,900,1,2,1,1.0,2,95280,M,4902040.0,246570.0,95
201200048261,12,4,12,1100,1,1,1,1.0,3,95280,M,4901810.0,246720.0,95
201200048262,12,4,14,1935,1,1,1,1.0,7,95277,M,4899640.0,246160.0,95
201200048263,12,4,15,1215,1,2,1,1.0,2,95280,M,4902750.0,247340.0,95
201200048264,12,7,19,2115,1,2,2,1.0,3,95280,M,4903090.0,247260.0,95
201200048265,12,7,25,1445,1,2,1,1.0,6,95277,M,4899030.0,243560.0,95
201200048266,12,7,24,1840,1,2,1,1.0,2,95277,M,4898530.0,243950.0,95
201200048267,12,5,11,1215,1,2,1,1.0,6,95280,M,4902670.0,246310.0,95
201200048268,12,7,31,1740,1,2,1,1.0,6,95277,M,4898380.0,243830.0,95
201200048269,12,8,18,2010,1,2,7,1.0,3,95019,M,4898590.0,241940.0,95
201200048270,12,8,20,1500,1,2,1,1.0,7,95280,M,4901940.0,246570.0,95
201200048271,12,8,27,1840,1,2,1,1.0,6,95280,M,4903810.0,245460.0,95
201200048272,12,9,15,1630,1,1,1,1.0,5,95280,M,4901830.0,246670.0,95
201200048273,12,9,23,1045,1,1,1,1.0,2,95277,M,4898080.0,246710.0,95
201200048274,12,9,27,1400,1,2,1,2.0,3,95277,M,4898310.0,245250.0,95
201200048275,12,10,17,1355,1,2,1,3.0,3,95019,M,4898580.0,240960.0,95
201200048276,12,10,8,757,1,2,1,2.0,6,95277,M,4898460.0,244310.0,95
201200048277,12,9,8,1050,1,1,1,1.0,3,95280,M,4901150.0,247850.0,95
201200048278,12,10,24,1820,1,2,1,1.0,6,95277,M,4898570.0,243030.0,95
201200048279,12,9,12,1540,1,2,1,1.0,3,95277,M,4899840.0,242990.0,95
201200048280,12,11,23,1500,1,2,1,3.0,6,95019,M,4898060.0,242380.0,95
201200048281,12,11,28,1423,1,2,1,8.0,3,95277,M,4898460.0,244290.0,95
201200048282,12,12,15,1900,5,2,1,3.0,6,95280,M,4903630.0,246330.0,95
201200048283,12,12,1,1700,1,1,1,1.0,1,95280,M,4902510.0,244920.0,95
201200048284,12,1,6,900,1,2,1,1.0,3,95280,M,4901030.0,247260.0,95
201200048285,12,1,17,1115,1,2,1,1.0,7,95280,M,4903250.0,247320.0,95
201200048286,12,1,19,1455,1,2,1,2.0,6,95019,M,4898810.0,241940.0,95
201200048287,12,1,23,2200,5,2,2,2.0,3,95280,M,4902480.0,246380.0,95
201200048288,12,1,26,810,2,2,1,2.0,2,95277,M,4898460.0,244320.0,95
201200048289,12,2,3,1838,2,2,2,1.0,1,95277,M,4900010.0,242860.0,95
201200048290,12,2,9,1725,1,2,1,1.0,7,95280,M,4903610.0,247810.0,95
201200048291,12,2,15,1240,1,2,1,1.0,6,95277,M,4898630.0,244870.0,95
201200048292,12,2,10,1210,1,1,1,1.0,2,95280,M,4901320.0,246710.0,95
201200048293,12,3,24,1615,1,2,1,1.0,6,95277,M,4999050.0,243060.0,95
201200048294,12,4,13,900,1,2,1,1.0,6,95019,M,4899440.0,241640.0,95
201200048295,12,4,16,1530,1,1,1,1.0,7,95277,M,4999260.0,247780.0,95
201200048296,12,3,20,1735,1,2,1,1.0,6,95277,M,4898710.0,244780.0,95
201200048297,12,5,5,1510,1,1,1,1.0,6,95280,M,4901810.0,246720.0,95
201200048298,12,5,7,1655,1,2,1,1.0,6,95019,M,4898920.0,241850.0,95
201200048299,12,7,18,1515,1,2,1,1.0,6,95277,M,4898330.0,243550.0,95
201200048300,12,5,24,204,5,1,1,1.0,3,95277,M,4896390.0,247030.0,95
201200048301,12,5,9,1415,1,2,1,1.0,4,95277,M,4898410.0,243990.0,95
201200048302,12,6,14,955,1,2,3,1.0,3,95280,M,4902610.0,245510.0,95
201200048303,12,6,23,1915,1,2,1,1.0,6,95019,M,4899310.0,241650.0,95
201200048304,12,6,29,1640,1,2,1,1.0,2,95277,M,4898090.0,246730.0,95
201200048305,12,7,1,2130,1,2,2,1.0,3,95277,M,4898420.0,244020.0,95
201200048306,12,6,28,800,1,1,1,1.0,6,95277,M,4897950.0,245160.0,95
201200048307,12,7,11,1045,1,2,1,1.0,6,95277,M,4899260.0,245440.0,95
201200048308,12,6,29,1745,1,2,1,1.0,6,95280,M,4903350.0,247270.0,95
201200048309,12,8,31,1745,1,2,1,1.0,1,95019,M,4898840.0,240640.0,95
201200048310,12,10,18,1005,1,2,1,1.0,6,95280,M,4901270.0,247070.0,95
201200048311,12,9,15,230,5,2,1,1.0,6,95277,M,4898610.0,245980.0,95
201200048312,12,9,9,1850,1,2,1,1.0,6,95277,M,4898550.0,243020.0,95
201200048313,12,10,5,1600,1,2,1,2.0,6,95280,M,4902010.0,246560.0,95
201200048314,12,9,25,845,1,2,1,1.0,6,95019,M,4898090.0,242620.0,95
201200048315,12,10,22,1850,2,2,1,1.0,6,95280,M,4903110.0,245940.0,95
201200048316,12,10,25,815,1,2,1,1.0,2,95280,M,4903780.0,246630.0,95
201200048317,12,10,25,845,1,2,1,1.0,6,95277,M,4898990.0,242940.0,95
201200048318,12,11,25,1600,1,2,1,1.0,6,95280,M,4903480.0,245880.0,95
201200048319,12,12,4,1940,5,2,1,2.0,6,95277,M,4899310.0,242630.0,95
201200048320,12,11,27,1835,5,2,1,2.0,6,95280,M,4902940.0,246050.0,95
201200048321,12,12,17,715,1,2,1,1.0,6,95277,M,4898540.0,244010.0,95
201200048322,12,12,28,2240,5,2,1,1.0,1,95277,M,4899330.0,244240.0,95
201200048323,12,1,13,1625,1,2,1,1.0,6,95306,M,4899730.0,217560.0,95
201200048324,12,1,17,1733,1,2,6,1.0,6,95424,M,4899240.0,219830.0,95
201200048325,12,2,6,645,3,1,1,1.0,5,95306,M,4900320.0,213350.0,95
201200048326,12,2,18,1035,1,2,1,1.0,6,95257,M,4898010.0,218070.0,95
201200048327,12,2,24,40,5,2,1,1.0,3,95424,M,4900710.0,219750.0,95
201200048328,12,3,3,1915,1,2,1,1.0,6,95424,M,4899020.0,218450.0,95
201200048329,12,3,17,2000,2,2,1,2.0,4,95424,M,4898910.0,218190.0,95
201200048330,12,3,30,1930,1,2,1,1.0,6,95424,M,4899330.0,219690.0,95
201200048331,12,4,16,1455,1,2,1,1.0,6,95306,M,4899980.0,218040.0,95
201200048332,12,4,21,1615,1,1,1,1.0,2,95306,M,4900330.0,213320.0,95
201200048333,12,4,28,2312,5,2,2,1.0,3,95424,M,4999630.0,219050.0,95
201200048334,12,5,1,2040,2,2,1,1.0,1,95306,M,4900320.0,212650.0,95
201200048335,12,5,31,1910,1,2,1,1.0,6,95306,M,4899160.0,217210.0,95
201200048336,12,6,8,1805,1,2,1,1.0,3,95306,M,4900390.0,214710.0,95
201200048337,12,6,12,1410,1,2,4,1.0,3,95424,M,4900340.0,219810.0,95
201200048338,12,6,14,930,1,2,5,1.0,3,95306,M,4899490.0,217310.0,95
201200048339,12,6,19,1020,1,2,2,1.0,3,95424,M,4899080.0,218190.0,95
201200048340,12,6,19,1200,1,2,1,1.0,2,95424,M,4898680.0,218180.0,95
201200048341,12,6,22,1555,1,2,1,1.0,3,95424,M,4898640.0,218180.0,95
201200048342,12,6,25,2020,1,2,1,1.0,3,95306,M,4898880.0,216540.0,95
201200048343,12,6,30,1425,1,2,1,1.0,5,95424,M,4900290.0,220790.0,95
201200048344,12,7,2,1455,1,2,1,1.0,3,95257,M,4896310.0,218180.0,95
201200048345,12,7,5,1542,1,2,1,1.0,3,95306,M,4899870.0,218210.0,95
201200048346,12,7,26,1745,1,2,1,1.0,1,95306,M,4901340.0,213520.0,95
201200048347,12,7,27,1540,1,2,1,2.0,6,95424,M,4899520.0,220030.0,95
201200048348,12,9,7,1730,1,2,1,1.0,6,95306,M,4900410.0,212920.0,95
201200048349,12,9,21,1100,1,2,1,1.0,3,95306,M,4899980.0,218030.0,95
201200048350,12,10,15,850,1,2,1,1.0,6,95424,M,4898970.0,219110.0,95
201200048351,12,10,17,1540,1,1,5,1.0,3,95306,M,4900060.0,218220.0,95
201200048352,12,11,13,1640,1,2,1,1.0,6,95424,M,4899520.0,220030.0,95
201200048353,12,11,14,840,1,2,1,1.0,6,95424,M,4899530.0,219990.0,95
201200048354,12,11,22,1805,5,2,2,1.0,3,95424,M,4899430.0,219470.0,95
201200048355,12,11,24,1340,1,2,1,1.0,6,95424,M,4899360.0,219590.0,95
201200048356,12,12,13,800,2,2,1,1.0,6,95306,M,4899090.0,215290.0,95
201200048357,12,12,21,2100,3,2,1,1.0,6,95306,M,4901240.0,213240.0,95
201200048358,12,1,25,1510,1,2,1,2.0,5,95306,M,4899840.0,218210.0,95
201200048359,12,1,3,1835,5,2,1,2.0,6,95487,M,4915470.0,227610.0,95
201200048360,12,1,3,1800,5,2,4,3.0,6,95313,M,4911170.0,221250.0,95
201200048361,12,1,12,830,1,2,3,1.0,3,95436,M,4913360.0,227010.0,95
201200048362,12,2,20,740,1,1,1,1.0,2,95487,M,4914550.0,225770.0,95
201200048363,12,2,19,1610,1,2,4,7.0,7,95052,M,4914160.0,228390.0,95
201200048364,12,2,27,1540,1,1,1,1.0,3,95313,M,4910510.0,226090.0,95
201200048365,12,3,28,1220,1,2,3,1.0,3,95313,M,4911210.0,221950.0,95
201200048366,12,3,23,1250,1,2,1,1.0,6,95313,M,4810810.0,222190.0,95
201200048367,12,4,2,1730,1,1,1,1.0,3,95487,M,4915470.0,226030.0,95
201200048368,12,4,10,1805,1,1,1,8.0,6,95313,M,4911840.0,224140.0,95
201200048369,12,4,11,825,1,2,2,1.0,3,95313,M,4911210.0,221740.0,95
201200048370,12,4,13,1720,1,1,1,1.0,4,95313,M,4912190.0,224430.0,95
201200048371,12,5,27,1835,1,1,1,1.0,1,95452,M,4913260.0,229810.0,95
201200048372,12,5,24,1730,1,1,4,1.0,3,95052,M,,,95
201200048373,12,5,24,1730,1,2,1,1.0,6,95487,M,4914570.0,230150.0,95
201200048374,12,5,31,1745,1,2,2,1.0,3,95313,M,4911290.0,221330.0,95
201200048375,12,5,27,1520,1,2,1,1.0,2,95313,M,4911330.0,223190.0,95
201200048376,12,6,17,1145,1,2,1,1.0,2,95313,M,4910810.0,221750.0,95
201200048377,12,6,26,840,1,2,6,2.0,1,95052,M,4914490.0,228610.0,95
201200048378,12,7,4,1330,1,1,1,1.0,7,95313,M,,,95
201200048379,12,7,9,2325,5,2,1,1.0,6,95487,M,4915140.0,227530.0,95
201200048380,12,7,16,1005,1,2,2,1.0,6,95313,M,4910890.0,222240.0,95
201200048381,12,7,25,1835,1,1,1,1.0,2,95313,M,4912590.0,225180.0,95
201200048382,12,8,5,750,1,2,1,1.0,2,95313,M,4910830.0,223290.0,95
201200048383,12,9,4,1815,1,2,1,1.0,6,95487,M,4915130.0,226960.0,95
201200048384,12,8,29,2140,5,2,1,1.0,6,95504,M,4911510.0,228450.0,95
201200048385,12,9,7,1415,1,1,1,1.0,6,95313,M,4912460.0,224830.0,95
201200048386,12,9,15,1525,1,2,3,1.0,6,95313,M,4911360.0,222240.0,95
201200048387,12,10,22,2345,5,2,1,5.0,7,95487,M,4915630.0,226570.0,95
201200048388,12,10,25,1040,1,1,1,1.0,3,95313,M,4912580.0,224650.0,95
201200048389,12,10,18,915,1,1,1,2.0,7,95436,M,4912610.0,225410.0,95
201200048390,12,11,5,1002,1,2,1,1.0,6,95487,M,4914670.0,228390.0,95
201200048391,12,10,22,930,1,2,3,1.0,6,95052,M,4914230.0,228960.0,95
201200048392,12,11,13,1730,5,2,1,8.0,6,95487,M,4915230.0,227350.0,95
201200048393,12,11,21,1810,5,1,1,1.0,3,95313,M,4912510.0,224810.0,95
201200048394,12,12,5,2240,5,1,1,1.0,1,95436,M,4912960.0,225590.0,95
201200048395,12,12,6,1140,1,2,3,1.0,3,95313,M,4911590.0,222890.0,95
201200048396,12,12,5,810,2,2,2,2.0,3,95052,M,4913750.0,228280.0,95
201200048397,12,12,11,2210,5,2,1,1.0,6,95052,M,4914430.0,228480.0,95
201200048398,12,7,6,1730,1,1,1,2.0,5,95527,M,4900950.0,254020.0,95
201200048399,12,10,6,1657,1,1,1,3.0,7,95527,M,4900640.0,254330.0,95
201200048400,12,4,22,842,1,1,1,1.0,3,95527,M,4900680.0,255030.0,95
201200048401,12,10,19,15,3,2,1,1.0,6,95527,M,4900690.0,252990.0,95
201200048402,12,12,2,630,3,1,1,2.0,1,93001,M,,,93
201200048403,12,12,10,1445,1,1,1,1.0,3,93073,M,,,93
201200048404,12,12,6,1930,3,1,1,2.0,3,95212,M,4902760.0,254550.0,95
201200048405,12,12,12,1800,2,2,1,2.0,6,95585,M,4897270.0,237740.0,95
201200048406,12,1,5,115,5,2,2,1.0,3,95585,M,4897530.0,237640.0,95
201200048407,12,1,26,1750,2,2,4,1.0,6,95585,M,4900270.0,237930.0,95
201200048408,12,1,20,1505,1,2,2,1.0,1,95585,M,4899710.0,238190.0,95
201200048409,12,1,30,1005,1,2,3,1.0,6,95680,M,4900910.0,238390.0,95
201200048410,12,2,6,1820,5,2,1,1.0,6,95585,M,4898060.0,238650.0,95
201200048411,12,2,2,1700,1,2,1,1.0,6,95585,M,4898090.0,238390.0,95
201200048412,12,2,10,1315,1,2,1,1.0,6,95585,M,4899530.0,237460.0,95
201200048413,12,1,7,1800,2,2,1,1.0,6,95680,M,4900650.0,238790.0,95
201200048414,12,10,6,2255,5,2,4,3.0,6,95585,M,4897220.0,238360.0,95
201200048415,12,10,13,1530,1,2,1,3.0,6,95680,M,4900610.0,239950.0,95
201200048416,12,10,6,1710,1,2,1,3.0,3,95680,M,4901160.0,240370.0,95
201200048417,12,11,6,1930,5,2,1,1.0,5,95585,M,4899120.0,237180.0,95
201200048418,12,11,25,1000,1,2,1,2.0,2,95585,M,4898860.0,237740.0,95
201200048419,12,12,15,2010,5,2,2,3.0,3,95585,M,4897930.0,237950.0,95
201200048420,12,10,24,1255,1,2,1,1.0,6,95585,M,4899470.0,237940.0,95
201200048421,12,12,17,1700,1,2,1,1.0,6,95585,M,4899070.0,236920.0,95
201200048422,12,11,20,1220,1,2,1,1.0,6,95585,M,4898990.0,237370.0,95
201200048423,12,12,31,1620,1,1,3,8.0,3,95539,M,4901230.0,235190.0,95
201200048424,12,11,7,1845,3,1,1,1.0,6,95277,M,4897750.0,245490.0,95
201200048425,12,2,10,1915,5,2,2,1.0,1,95585,M,,,95
201200048426,12,3,7,1940,2,2,1,1.0,3,95585,M,4898190.0,236970.0,95
201200048427,12,3,13,1350,1,2,1,1.0,6,95585,M,4897710.0,237470.0,95
201200048428,12,3,20,1330,1,2,1,1.0,3,95585,M,4899540.0,238480.0,95
201200048429,12,3,21,1030,1,2,1,1.0,3,95585,M,4899040.0,237410.0,95
201200048430,12,4,15,2135,2,2,1,1.0,4,95585,M,4898160.0,236950.0,95
201200048431,12,3,28,1715,1,2,1,1.0,6,95539,M,4899520.0,236540.0,95
201200048432,12,5,9,1001,1,1,1,1.0,4,95585,M,4899430.0,238710.0,95
201200048433,12,5,26,2345,5,2,3,1.0,5,95585,M,4897950.0,237170.0,95
201200048434,12,6,12,945,1,1,1,1.0,3,95680,M,4901180.0,238450.0,95
201200048435,12,6,13,1555,1,2,1,1.0,6,95680,M,4899650.0,241350.0,95
201200048436,12,7,6,2339,5,2,1,1.0,7,95585,M,4897950.0,237860.0,95
201200048437,12,7,24,1825,1,2,2,1.0,2,95539,M,4899160.0,236010.0,95
201200048438,12,7,18,1300,1,2,1,1.0,2,95585,M,4898160.0,238850.0,95
201200048439,12,7,31,1825,1,2,1,1.0,6,95680,M,4900780.0,239020.0,95
201200048440,12,8,17,2105,2,2,1,1.0,6,95680,M,4900540.0,239710.0,95
201200048441,12,8,17,1530,1,2,2,1.0,6,95585,M,4897840.0,238550.0,95
201200048442,12,6,9,2155,2,2,1,1.0,6,95680,M,4900110.0,239650.0,95
201200048443,12,8,20,1520,1,1,2,1.0,3,95539,M,4899160.0,236030.0,95
201200048444,12,8,22,1645,1,1,1,1.0,3,95539,M,4899820.0,236030.0,95
201200048445,12,7,31,1900,1,2,1,1.0,3,95585,M,4897740.0,238390.0,95
201200048446,12,7,28,2210,5,2,1,1.0,6,95585,M,4897890.0,238210.0,95
201200048447,12,9,8,1810,1,2,3,1.0,6,95680,M,4900310.0,239560.0,95
201200048448,12,9,9,2015,1,2,3,1.0,5,95680,M,4901010.0,238380.0,95
201200048449,12,9,7,800,1,2,1,1.0,6,95585,M,4897920.0,239370.0,95
201200048450,12,9,16,2000,5,1,2,1.0,3,95539,M,4899160.0,236010.0,95
201200048451,12,9,25,1930,5,2,1,1.0,3,95680,M,4900140.0,238980.0,95
201200048452,12,8,14,2115,2,1,1,1.0,5,95680,M,4901010.0,240270.0,95
201200048453,12,10,1,900,1,2,1,1.0,6,95585,M,4897690.0,237550.0,95
201200048454,12,10,12,635,2,2,1,9.0,3,95585,M,4897840.0,239240.0,95
201200048455,12,10,30,1350,1,2,1,1.0,6,95585,M,4897940.0,237890.0,95
201200048456,12,11,10,1350,1,2,3,1.0,3,95539,M,4900240.0,235460.0,95
201200048457,12,11,17,1040,1,2,1,2.0,6,95680,M,4900780.0,239310.0,95
201200048458,12,11,17,1535,1,2,1,8.0,3,95680,M,4899840.0,241610.0,95
201200048459,12,12,5,2015,5,2,1,1.0,6,95585,M,4897970.0,237690.0,95
201200048460,12,12,16,1100,1,2,1,1.0,6,95585,M,4898930.0,237770.0,95
201200048461,12,1,3,900,1,2,3,8.0,6,95607,M,4902610.0,222210.0,95
201200048462,12,1,7,1250,1,2,1,2.0,2,95607,M,4901820.0,222530.0,95
201200048463,12,1,7,100,5,2,1,1.0,6,95051,M,4901230.0,219390.0,95
201200048464,12,1,19,855,1,2,1,1.0,6,95051,M,4900490.0,220970.0,95
201200048465,12,2,7,1855,3,2,1,1.0,1,95060,M,4903610.0,220740.0,95
201200048466,12,2,11,1155,1,2,1,1.0,6,95051,M,4901920.0,217960.0,95
201200048467,12,3,9,1745,1,2,1,1.0,6,95060,M,4903840.0,221810.0,95
201200048468,12,3,14,1530,1,2,1,1.0,3,95060,M,4903210.0,221670.0,95
201200048469,12,3,15,1910,1,2,1,1.0,6,95607,M,4901390.0,220670.0,95
201200048470,12,4,1,1055,1,2,2,1.0,3,95563,M,4901370.0,224080.0,95
201200048471,12,4,12,1320,1,2,1,1.0,1,95051,M,4901880.0,218130.0,95
201200048472,12,5,1,500,5,2,1,1.0,6,95607,M,4902160.0,219190.0,95
201200048473,12,5,2,1720,1,2,1,1.0,2,95051,M,4901020.0,219850.0,95
201200048474,12,5,17,740,1,2,1,1.0,6,95563,M,4901060.0,223850.0,95
201200048475,12,6,27,1700,1,2,1,1.0,7,95607,M,4903970.0,222790.0,95
201200048476,12,7,1,1240,1,2,4,1.0,3,95607,M,4901910.0,222390.0,95
201200048477,12,7,7,1631,1,2,1,2.0,6,95607,M,4902620.0,222480.0,95
201200048478,12,7,25,1440,1,2,1,1.0,3,95060,M,4903180.0,221690.0,95
201200048479,12,7,27,715,1,2,1,1.0,6,95563,M,4901030.0,225470.0,95
201200048480,12,8,3,915,1,2,1,1.0,3,95607,M,4902930.0,219710.0,95
201200048481,12,8,19,1620,1,2,2,1.0,3,95607,M,4901350.0,220610.0,95
201200048482,12,8,28,1335,1,2,2,1.0,3,95607,M,4901350.0,220610.0,95
201200048483,12,9,21,1610,1,2,1,1.0,2,95607,M,4902450.0,221620.0,95
201200048484,12,10,16,1700,1,2,1,1.0,3,95051,M,4901630.0,217610.0,95
201200048485,12,10,18,1220,1,2,2,1.0,2,95607,M,4902290.0,221730.0,95