Num_Acc,an,mois,jour,hrmn,lum,agg,int,atm,col,com,gps,lat,long,dep
201200048486,12,11,2,650,2,1,1,1.0,3,95060,M,4903340.0,219960.0,95
201200048487,12,11,17,1330,1,2,1,1.0,6,95607,M,4901370.0,220610.0,95
201200048488,12,10,23,830,2,2,1,8.0,6,95051,M,4901330.0,219460.0,95
201200048489,12,11,17,2200,5,2,6,2.0,3,95607,M,4901980.0,222240.0,95
201200048490,12,12,11,1515,1,2,3,1.0,3,95051,M,4900980.0,219570.0,95
201200048491,12,12,21,1910,5,2,1,1.0,6,95607,M,4900750.0,220290.0,95
201200048492,12,4,9,1445,1,2,1,2.0,6,95607,M,4901550.0,222090.0,95
201200048493,12,1,1,925,1,2,1,1.0,6,20004,M,4193399.0,874811.0,201
201200048494,12,1,2,1643,2,2,1,2.0,6,20004,M,4191290.0,872501.0,201
201200048495,12,1,10,750,1,1,1,1.0,6,20004,M,4192699.0,880884.0,201
201200048496,12,1,7,1235,1,2,3,1.0,1,20004,M,4190879.0,871364.0,201
201200048497,12,1,10,1800,5,2,1,1.0,6,20004,M,,,201
201200048498,12,1,11,1715,1,2,1,1.0,4,20004,M,,,201
201200048499,12,1,12,755,1,2,1,1.0,6,20004,M,,,201
201200048500,12,1,25,745,1,2,3,1.0,3,20004,M,4193390.0,875069.0,201
201200048501,12,1,25,2125,5,2,1,1.0,7,20004,M,4193390.0,875174.0,201
201200048502,12,2,3,1400,1,2,1,1.0,5,20004,M,4193040.0,873926.0,201
201200048503,12,2,4,1915,5,2,1,1.0,3,20004,M,4192910.0,876862.0,201
201200048504,12,2,16,1745,1,2,1,1.0,6,20004,M,,,201
201200048505,12,2,27,1640,1,2,1,1.0,6,20004,M,4191290.0,872501.0,201
201200048506,12,3,15,1625,1,2,1,1.0,3,20004,M,4192730.0,873836.0,201
201200048507,12,3,16,2240,5,1,1,1.0,6,20004,M,4195220.0,873242.0,201
201200048508,12,3,19,825,1,2,1,1.0,3,20004,M,,,201
201200048509,12,3,22,1557,1,2,1,1.0,6,20004,M,,,201
201200048510,12,4,4,2108,3,1,1,2.0,6,20004,M,4192680.0,880879.0,201
201200048511,12,4,15,1705,1,2,1,8.0,3,20004,M,,,201
201200048512,12,4,4,2300,5,2,1,8.0,7,20004,M,,,201
201200048513,12,4,16,1116,1,2,1,1.0,2,20004,M,4193349.0,874437.0,201
201200048514,12,4,23,1000,1,1,1,1.0,3,20004,M,4193060.0,878478.0,201
201200048515,12,4,30,1840,1,2,1,2.0,6,20004,M,,,201
201200048516,12,5,4,1815,1,2,1,1.0,3,20004,M,4192480.0,873788.0,201
201200048517,12,5,7,2125,5,2,1,1.0,6,20004,M,4191479.0,872995.0,201
201200048518,12,5,10,1250,1,1,1,1.0,6,20004,M,,,201
201200048519,12,5,12,10,5,2,3,2.0,6,20004,M,,,201
201200048520,12,5,27,225,5,2,1,1.0,6,20004,M,,,201
201200048521,12,5,31,1415,1,1,1,1.0,2,20004,M,4193970.0,880502.0,201
201200048522,12,6,8,1115,1,2,1,1.0,6,20004,M,,,201
201200048523,12,6,8,2059,2,2,6,1.0,2,20004,M,4194500.0,875843.0,201
201200048524,12,6,14,2200,5,2,1,1.0,2,20004,M,4193360.0,875381.0,201
201200048525,12,6,13,1526,1,2,1,1.0,3,20004,M,4192699.0,873831.0,201
201200048526,12,6,20,2210,5,2,1,1.0,6,20004,M,,,201
201200048527,12,6,27,1001,1,2,1,1.0,6,20004,M,4192680.0,873826.0,201
201200048528,12,6,29,1050,1,1,1,1.0,3,20004,M,4192480.0,872696.0,201
201200048529,12,7,4,1222,1,2,1,1.0,6,20004,M,,,201
201200048530,12,7,4,1225,1,1,1,1.0,1,20004,M,,,201
201200048531,12,7,12,1645,1,2,1,1.0,6,20004,M,4194990.0,877601.0,201
201200048532,12,7,15,310,5,1,1,1.0,6,20004,M,4190920.0,869263.0,201
201200048533,12,7,13,1853,1,1,1,1.0,3,20004,M,4192910.0,877085.0,201
201200048534,12,7,16,2342,5,2,1,1.0,7,20004,M,,,201
201200048535,12,7,25,1700,1,1,1,1.0,3,20004,M,4194320.0,875723.0,201
201200048536,12,7,25,1520,1,1,1,1.0,6,20004,M,,,201
201200048537,12,7,26,1620,1,2,3,1.0,3,20004,M,4198060.0,877779.0,201
201200048538,12,7,27,2210,5,2,1,1.0,6,20004,M,,,201
201200048539,12,7,30,550,5,2,1,1.0,6,20004,M,4190879.0,870071.0,201
201200048540,12,8,2,238,5,1,1,1.0,6,20004,M,4198060.0,877779.0,201
201200048541,12,8,7,1100,1,2,1,1.0,6,20004,M,,,201
201200048542,12,8,11,1800,1,2,3,1.0,3,20004,M,,,201
201200048543,12,8,10,2230,5,2,3,1.0,3,20004,M,,,201
201200048544,12,8,13,2145,5,2,2,1.0,3,20004,M,4191880.0,873809.0,201
201200048545,12,8,17,110,5,2,1,1.0,6,20004,M,4193399.0,874811.0,201
201200048546,12,8,28,905,1,2,1,1.0,6,20004,M,4195230.0,877990.0,201
201200048547,12,9,4,1044,1,1,6,1.0,3,20004,M,4192990.0,878747.0,201
201200048548,12,9,7,943,1,2,1,1.0,6,20004,M,,,201
201200048549,12,9,8,105,3,1,1,1.0,6,20004,M,4190790.0,866475.0,201
201200048550,12,9,16,55,5,1,1,1.0,6,20004,M,4190590.0,867319.0,201
201200048551,12,9,13,1850,1,2,1,1.0,6,20004,M,4193340.0,874400.0,201
201200048552,12,9,19,1535,1,2,1,1.0,6,20004,M,4191890.0,873856.0,201
201200048553,12,9,22,1445,1,2,1,1.0,7,20004,M,4194330.0,875726.0,201
201200048554,12,9,27,1615,1,2,1,1.0,6,20004,M,,,201
201200048555,12,9,27,2315,3,1,6,1.0,7,20004,M,4192730.0,877862.0,201
201200048556,12,9,29,1940,1,2,1,1.0,6,20004,M,4193360.0,874448.0,201
201200048557,12,10,5,1920,5,2,3,1.0,3,20004,M,0.0,0.0,201
201200048558,12,10,6,2325,5,2,1,1.0,3,20004,M,,,201
201200048559,12,10,22,2140,5,2,1,2.0,6,20004,M,0.0,0.0,201
201200048560,12,10,28,630,5,2,1,2.0,7,20004,M,,,201
201200048561,12,11,2,1610,1,2,1,1.0,3,20004,M,4192559.0,873802.0,201
201200048562,12,11,7,2050,5,2,1,1.0,6,20004,M,4191109.0,872193.0,201
201200048563,12,11,10,2130,3,1,1,3.0,6,20004,M,4195760.0,872750.0,201
201200048564,12,11,13,1905,5,2,1,1.0,2,20004,M,4193080.0,873938.0,201
201200048565,12,11,19,430,5,2,1,1.0,2,20004,M,4192580.0,873805.0,201
201200048566,12,11,17,2325,5,2,1,1.0,3,20004,M,,,201
201200048567,12,11,19,2120,5,2,1,1.0,7,20004,M,,,201
201200048568,12,11,25,1610,1,2,1,1.0,1,20004,M,4192570.0,873804.0,201
201200048569,12,12,3,825,1,2,1,1.0,2,20004,M,,,201
201200048570,12,12,8,1920,5,1,1,1.0,6,20004,M,4194350.0,873491.0,201
201200048571,12,12,12,2100,5,2,2,1.0,3,20004,M,,,201
201200048572,12,12,10,1802,5,2,1,1.0,2,20004,M,4192270.0,873749.0,201
201200048573,12,12,12,1255,1,1,1,1.0,3,20004,M,4190930.0,869617.0,201
201200048574,12,12,13,2150,5,2,4,1.0,2,20004,M,,,201
201200048575,12,2,9,1700,1,2,1,1.0,4,69381,M,,,69
201200048576,12,2,20,1020,1,2,1,1.0,6,69381,M,,,69
201200048577,12,3,7,1115,1,2,2,1.0,3,69381,M,,,69
201200048578,12,3,25,1225,1,2,2,1.0,6,69381,M,,,69
201200048579,12,3,27,910,1,2,1,1.0,3,69381,M,,,69
201200048580,12,4,9,2300,5,2,1,1.0,6,69381,M,,,69
201200048581,12,4,2,1635,1,2,3,1.0,6,69381,M,,,69
201200048582,12,4,5,1329,1,2,1,1.0,3,69381,M,,,69
201200048583,12,5,14,1405,1,2,1,1.0,4,69381,M,,,69
201200048584,12,5,25,2000,1,2,3,1.0,6,69381,M,,,69
201200048585,12,6,6,1713,1,2,1,1.0,2,69381,M,,,69
201200048586,12,6,9,900,1,2,1,1.0,6,69381,M,,,69
201200048587,12,7,8,2350,5,2,1,1.0,6,69381,M,,,69
201200048588,12,7,17,1155,1,2,2,1.0,3,69381,M,,,69
201200048589,12,7,27,2330,5,2,1,1.0,6,69381,M,,,69
201200048590,12,7,19,520,5,2,1,1.0,6,69381,M,,,69
201200048591,12,8,8,1900,1,2,6,1.0,2,69381,M,,,69
201200048592,12,9,28,830,1,2,1,1.0,6,69381,M,,,69
201200048593,12,10,18,1730,1,2,1,1.0,3,69381,M,,,69
201200048594,12,11,2,845,1,2,5,1.0,3,69381,M,,,69
201200048595,12,11,11,2330,5,2,1,1.0,1,69381,M,,,69
201200048596,12,11,12,2050,5,2,3,1.0,3,69381,M,,,69
201200048597,12,11,18,2315,5,2,1,1.0,1,69381,M,,,69
201200048598,12,11,19,1335,1,2,1,1.0,3,69381,M,,,69
201200048599,12,11,25,2130,5,2,2,2.0,3,69381,M,,,69
201200048600,12,1,1,1300,1,1,1,1.0,6,94044,M,4875800.0,247080.0,94
201200048601,12,1,1,1700,2,1,1,2.0,5,94065,M,4875400.0,235230.0,94
201200048602,12,1,1,2130,4,1,1,2.0,7,94044,M,4875850.0,247008.0,94
201200048603,12,1,2,610,3,1,1,1.0,3,77294,M,,,77
201200048604,12,1,2,1335,1,1,1,1.0,3,94073,M,4876650.0,237882.0,94
201200048605,12,1,2,1715,5,1,1,2.0,2,94018,M,4882290.0,239616.0,94
201200048606,12,1,4,510,4,1,1,1.0,7,75112,M,,,75
201200048607,12,1,3,2010,3,1,1,3.0,7,94022,M,4877640.0,241493.0,94
201200048608,12,1,4,832,1,1,1,1.0,7,94017,M,4882650.0,251831.0,94
201200048609,12,1,7,1400,1,1,1,8.0,3,94033,M,4886020.0,248512.0,94
201200048610,12,1,9,2000,3,1,1,1.0,4,77449,M,,,77
201200048611,12,1,10,2030,3,1,1,1.0,2,77018,M,,,77
201200048612,12,1,11,1610,1,1,1,1.0,2,77294,M,,,77
201200048613,12,1,11,1650,1,1,1,1.0,7,94018,M,4882230.0,239722.0,94
201200048614,12,1,11,1900,3,1,1,1.0,2,77258,M,,,77
201200048615,12,1,12,1405,1,1,1,1.0,2,77468,M,,,77
201200048616,12,1,13,2043,3,1,1,1.0,6,77169,M,,,77
201200048617,12,1,14,500,3,1,1,1.0,2,77249,M,,,77
201200048618,12,1,14,1730,1,1,1,1.0,2,77337,M,,,77
201200048619,12,1,15,1635,1,1,1,1.0,3,77294,M,,,77
201200048620,12,1,16,1545,1,1,1,1.0,5,77372,M,,,77
201200048621,12,1,16,1700,1,1,1,1.0,7,94069,M,4881750.0,242225.0,94
201200048622,12,1,17,830,1,1,1,1.0,5,94028,M,4877610.0,242962.0,94
201200048623,12,1,17,2135,3,1,1,1.0,6,94069,M,4881710.0,245328.0,94
201200048624,12,1,18,930,1,1,1,1.0,2,94081,M,4877400.0,240504.0,94
201200048625,12,1,18,1235,1,1,1,1.0,2,94069,M,4881740.0,242226.0,94
201200048626,12,1,19,720,5,1,1,2.0,6,75112,M,,,75
201200048627,12,1,19,2250,4,1,1,2.0,6,94044,M,4875800.0,247079.0,94
201200048628,12,1,20,710,3,1,1,2.0,3,77249,M,,,77
201200048629,12,1,21,1100,1,1,1,1.0,6,94033,M,4885520.0,248932.0,94
201200048630,12,1,21,2000,5,1,1,2.0,5,94065,M,4875400.0,235230.0,94
201200048631,12,1,24,930,1,1,1,1.0,7,93051,M,,,93
201200048632,12,1,24,1740,5,1,1,2.0,3,94017,M,4882670.0,252249.0,94
201200048633,12,1,24,1800,4,1,1,2.0,2,94069,M,4881720.0,242645.0,94
201200048634,12,1,25,820,1,1,1,2.0,7,77294,M,,,77
201200048635,12,1,25,900,1,1,1,1.0,7,94042,M,4882760.0,247043.0,94
201200048636,12,1,25,1210,1,1,1,2.0,3,77373,M,,,77
201200048637,12,1,25,1725,1,1,1,2.0,4,77337,M,,,77
201200048638,12,1,26,850,1,1,1,2.0,7,77294,M,,,77
201200048639,12,1,26,1815,3,1,1,1.0,7,77373,M,,,77
201200048640,12,1,28,900,1,1,1,2.0,7,75112,M,,,75
201200048641,12,1,29,145,4,1,1,1.0,6,77146,M,,,77
201200048642,12,1,29,1720,1,1,1,1.0,3,94052,M,4884000.0,249307.0,94
201200048643,12,1,31,1520,1,1,1,1.0,5,77372,M,,,77
201200048644,12,2,1,905,1,1,1,1.0,4,77373,M,,,77
201200048645,12,2,2,1545,1,1,1,1.0,4,94033,M,4885960.0,248580.0,94
201200048646,12,2,3,1150,1,1,1,1.0,3,94046,M,4880550.0,244883.0,94
201200048647,12,2,9,1220,1,1,1,1.0,3,94073,M,4876910.0,237945.0,94
201200048648,12,2,4,2140,3,1,1,1.0,7,77449,M,,,77
201200048649,12,2,5,1500,1,1,1,1.0,3,94022,M,4877670.0,241754.0,94
201200048650,12,2,5,1940,5,1,1,1.0,4,94052,M,4882650.0,246642.0,94
201200048651,12,2,7,1000,1,1,1,1.0,2,77514,M,,,77
201200048652,12,2,7,1930,3,1,1,1.0,2,94028,M,4878880.0,244047.0,94
201200048653,12,2,9,1600,1,1,1,1.0,2,77373,M,,,77
201200048654,12,2,10,820,1,1,1,1.0,3,93051,M,4883555.0,256868.0,93
201200048655,12,2,10,1445,1,1,1,1.0,2,94069,M,4881730.0,242365.0,94
201200048656,12,2,13,425,3,1,1,2.0,6,94022,M,4877310.0,239990.0,94
201200048657,12,2,13,915,1,1,1,1.0,6,77258,M,,,77
201200048658,12,2,13,2230,3,1,1,2.0,6,94069,M,4881740.0,242364.0,94
201200048659,12,2,14,945,1,1,1,2.0,3,77122,M,,,77
201200048660,12,2,14,1920,3,1,1,2.0,7,94044,M,4875800.0,247080.0,94
201200048661,12,2,15,830,1,1,1,2.0,4,93051,M,,,93
201200048662,12,2,15,1820,4,1,1,1.0,2,94046,M,4880550.0,244883.0,94
201200048663,12,2,16,2320,3,1,1,1.0,2,77258,M,,,77
201200048664,12,2,17,1640,1,1,1,1.0,2,94058,M,4884390.0,249304.0,94
201200048665,12,2,18,220,4,1,1,2.0,7,75112,M,,,75
201200048666,12,2,18,600,5,1,1,1.0,2,94017,M,4882650.0,251831.0,94
201200048667,12,2,19,1430,1,1,1,1.0,3,94018,M,4881870.0,240833.0,94
201200048668,12,2,19,1530,1,1,1,1.0,7,77059,M,,,77
201200048669,12,2,21,930,1,1,1,1.0,4,94073,M,4875400.0,238009.0,94
201200048670,12,2,23,825,1,1,1,1.0,6,77175,M,,,77
201200048671,12,2,22,845,1,1,1,1.0,4,94017,M,4882940.0,249922.0,94
201200048672,12,2,23,745,2,1,1,2.0,2,77373,M,,,77
201200048673,12,2,25,800,2,1,1,2.0,6,94044,M,4875880.0,247012.0,94
201200048674,12,2,25,2300,3,1,1,2.0,6,77468,M,,,77
201200048675,12,2,28,1444,1,1,1,1.0,3,77514,M,,,77
201200048676,12,2,29,1615,1,1,1,1.0,5,75112,M,,,75
201200048677,12,3,1,1530,1,1,1,1.0,2,94015,M,4882970.0,252888.0,94
201200048678,12,3,2,1545,1,1,1,1.0,6,77438,M,,,77
201200048679,12,3,3,1830,3,1,1,2.0,5,94046,M,4880640.0,244869.0,94
201200048680,12,3,3,1800,4,1,1,2.0,4,94073,M,4875360.0,237921.0,94
201200048681,12,3,3,2230,3,1,1,1.0,2,77237,M,,,77
201200048682,12,3,6,810,1,1,1,2.0,7,94017,M,4882650.0,251832.0,94
201200048683,12,3,6,1000,2,1,1,1.0,3,94073,M,4877100.0,238823.0,94
201200048684,12,3,7,710,2,1,1,1.0,6,94028,M,4877790.0,244049.0,94
201200048685,12,3,7,1445,1,1,1,1.0,2,77363,M,,,77
201200048686,12,3,8,700,2,1,1,1.0,3,94052,M,4884270.0,249262.0,94
201200048687,12,3,8,900,1,1,1,1.0,2,94015,M,4882740.0,252502.0,94
201200048688,12,3,8,900,1,1,1,1.0,2,77294,M,,,77
201200048689,12,3,8,1740,1,1,1,1.0,5,93051,M,4883540.0,256843.0,93
201200048690,12,3,9,825,1,1,1,1.0,4,77438,M,,,77
201200048691,12,3,9,1900,1,1,1,1.0,2,94069,M,4881740.0,242930.0,94
201200048692,12,3,13,1500,1,1,1,1.0,3,77337,M,,,77
201200048693,12,3,13,1950,5,1,1,1.0,3,94065,M,4875450.0,234841.0,94
201200048694,12,3,18,855,1,1,1,1.0,7,77373,M,,,77
201200048695,12,3,19,815,1,1,1,1.0,3,77121,M,,,77
201200048696,12,3,20,1250,1,1,1,1.0,6,77169,M,,,77
201200048697,12,3,20,2240,3,1,1,1.0,2,93051,M,4883560.0,256713.0,93
201200048698,12,3,22,545,3,1,1,1.0,6,94044,M,4875740.0,247613.0,94
201200048699,12,3,22,1650,1,1,1,1.0,3,77121,M,,,77
201200048700,12,3,23,1700,1,1,1,1.0,3,94046,M,4879720.0,244412.0,94
201200048701,12,3,23,1800,1,1,1,1.0,4,94028,M,4877610.0,243095.0,94
201200048702,12,3,24,1050,1,1,1,1.0,5,94017,M,4882690.0,251104.0,94
201200048703,12,3,26,1635,1,1,1,1.0,6,94017,M,4882690.0,251104.0,94
201200048704,12,3,26,1920,1,1,1,1.0,2,93051,M,4883610.0,255555.0,93
201200048705,12,3,27,45,3,1,1,1.0,2,94073,M,4876900.0,237920.0,94
201200048706,12,3,27,920,1,1,1,1.0,5,94028,M,4878090.0,244112.0,94
201200048707,12,3,27,1300,1,1,1,1.0,6,77258,M,,,77
201200048708,12,3,28,915,1,1,1,1.0,2,77449,M,,,77
201200048709,12,3,29,810,5,1,1,1.0,3,94073,M,4877140.0,239220.0,94
201200048710,12,3,29,945,1,1,1,1.0,5,93051,M,4883590.0,256049.0,93
201200048711,12,3,30,1810,1,1,1,1.0,6,94028,M,4877660.0,243738.0,94
201200048712,12,4,1,1600,1,1,1,1.0,7,77337,M,,,77
201200048713,12,4,2,1030,1,1,1,1.0,4,77258,M,,,77
201200048714,12,4,3,830,1,1,1,1.0,6,93051,M,4883556.0,256512.0,93
201200048715,12,4,3,1700,1,1,1,1.0,4,77294,M,,,77
201200048716,12,4,6,200,3,1,1,1.0,2,94018,M,4881940.0,240574.0,94
201200048717,12,4,6,800,1,1,1,1.0,7,77258,M,,,77
201200048718,12,4,6,1300,1,1,1,1.0,6,94073,M,4876100.0,238259.0,94
201200048719,12,4,5,1400,1,1,1,1.0,2,75112,M,,,75
201200048720,12,4,7,520,3,1,1,1.0,6,77169,M,,,77
201200048721,12,4,9,630,3,1,1,1.0,2,77121,M,,,77
201200048722,12,4,11,615,5,1,1,1.0,7,77337,M,,,77
201200048723,12,4,11,610,3,1,1,2.0,6,77169,M,,,77
201200048724,12,4,11,845,1,1,1,1.0,5,77517,M,,,77
201200048725,12,4,12,800,1,1,1,1.0,7,94033,M,4886090.0,248436.0,94
201200048726,12,4,12,1840,1,1,1,1.0,4,94028,M,4878180.0,244102.0,94
201200048727,12,4,13,1800,1,1,1,1.0,2,94028,M,4878610.0,243999.0,94
201200048728,12,4,13,1950,1,1,1,1.0,2,77258,M,,,77
201200048729,12,4,14,1905,1,1,1,1.0,4,77294,M,,,77
201200048730,12,4,15,1655,1,1,1,1.0,6,94017,M,4882690.0,251104.0,94
201200048731,12,4,16,815,1,1,1,1.0,2,77294,M,,,77
201200048732,12,4,16,1145,1,1,1,1.0,2,94018,M,4881770.0,241525.0,94
201200048733,12,4,17,1530,1,1,1,2.0,2,77294,M,,,77
201200048734,12,4,18,1700,1,1,1,2.0,4,75112,M,,,75
201200048735,12,4,19,1855,1,1,1,1.0,5,94017,M,4882650.0,251831.0,94
201200048736,12,4,21,1715,1,1,1,2.0,3,77373,M,,,77
201200048737,12,4,23,1905,1,1,1,2.0,7,94042,M,4882760.0,247043.0,94
201200048738,12,4,24,715,1,1,1,1.0,3,94028,M,4879230.0,244128.0,94
201200048739,12,4,26,1520,1,1,1,2.0,7,93051,M,4883556.0,256512.0,93
201200048740,12,4,25,1840,1,1,1,3.0,3,77449,M,,,77
201200048741,12,4,25,1908,1,1,1,2.0,7,94058,M,4884410.0,249304.0,94
201200048742,12,4,25,2345,5,1,1,1.0,7,94058,M,4884580.0,249259.0,94
201200048743,12,4,29,900,1,1,1,3.0,2,77372,M,,,77
201200048744,12,4,30,615,2,1,1,1.0,2,94069,M,4881720.0,244333.0,94
201200048745,12,5,2,2055,2,1,1,2.0,6,77121,M,,,77
201200048746,12,5,3,820,1,1,1,2.0,7,94074,M,4876510.0,246072.0,94
201200048747,12,5,3,930,1,1,1,2.0,6,94044,M,4875880.0,247012.0,94
201200048748,12,5,3,1530,1,1,1,1.0,2,94017,M,4882790.0,250451.0,94
201200048749,12,5,5,722,1,1,1,1.0,7,77122,M,,,77
201200048750,12,5,9,845,1,1,1,2.0,6,77175,M,,,77
201200048751,12,5,9,845,1,1,1,2.0,2,77337,M,,,77
201200048752,12,5,9,920,1,1,1,1.0,5,77258,M,,,77
201200048753,12,5,10,1715,1,1,1,1.0,3,77517,M,,,77
201200048754,12,5,11,800,1,1,1,1.0,6,77175,M,,,77
201200048755,12,5,13,1750,1,1,1,1.0,3,94017,M,4882790.0,250451.0,94
201200048756,12,5,14,1810,2,1,1,1.0,3,94052,M,4884540.0,249197.0,94
201200048757,12,5,15,750,1,1,1,1.0,2,77294,M,,,77
201200048758,12,5,16,1400,1,1,1,1.0,3,94033,M,4885150.0,248977.0,94
201200048759,12,5,17,950,1,1,1,1.0,6,75112,M,,,75
201200048760,12,5,18,1432,1,1,1,1.0,3,94022,M,4877650.0,242157.0,94
201200048761,12,5,18,2130,2,1,1,1.0,6,94052,M,4882640.0,246634.0,94
201200048762,12,5,18,2130,1,1,1,1.0,3,94069,M,4881730.0,242928.0,94
201200048763,12,5,22,1400,1,1,1,1.0,2,94073,M,4875340.0,237791.0,94
201200048764,12,5,24,900,1,1,1,1.0,2,94017,M,4882860.0,247721.0,94
201200048765,12,5,24,1015,1,1,1,1.0,2,93051,M,4883486.0,257793.0,93
201200048766,12,5,25,1720,1,1,1,1.0,3,94046,M,4880450.0,244834.0,94
201200048767,12,5,25,2030,1,1,1,1.0,2,94015,M,4882970.0,252888.0,94
201200048768,12,5,26,1500,1,1,1,1.0,4,77373,M,,,77
201200048769,12,5,28,730,1,1,1,1.0,2,77237,M,,,77
201200048770,12,5,28,1230,1,1,1,1.0,4,94069,M,4881760.0,241943.0,94
201200048771,12,5,28,1430,1,1,1,1.0,3,94052,M,4884720.0,249136.0,94
201200048772,12,9,14,845,1,1,1,1.0,3,94034,M,4875620.0,234072.0,94
201200048773,12,5,28,2200,2,1,1,1.0,7,94044,M,4875800.0,247079.0,94
201200048774,12,5,29,820,1,1,1,1.0,3,77058,M,,,77
201200048775,12,5,29,1820,1,1,1,1.0,7,94073,M,4875360.0,237921.0,94
201200048776,12,5,29,1945,1,1,1,1.0,7,77438,M,,,77
201200048777,12,5,29,2035,1,1,1,1.0,6,77337,M,,,77
201200048778,12,5,30,900,1,1,1,1.0,2,94033,M,4885160.0,248977.0,94
201200048779,12,5,31,1600,1,1,1,1.0,2,94018,M,4881770.0,241804.0,94
201200048780,12,5,31,1615,1,1,1,1.0,5,94065,M,4875400.0,235231.0,94
201200048781,12,6,2,120,4,1,1,1.0,3,94042,M,4882840.0,247586.0,94
201200048782,12,6,2,520,5,1,1,1.0,6,94042,M,4882790.0,247155.0,94
201200048783,12,6,3,130,5,1,1,1.0,2,94046,M,4881430.0,244923.0,94
201200048784,12,6,3,655,1,1,1,2.0,2,94017,M,4882790.0,250423.0,94
201200048785,12,6,4,1435,1,1,1,1.0,3,94017,M,4882790.0,250423.0,94
201200048786,12,6,5,840,1,1,1,1.0,3,94028,M,4877800.0,244234.0,94
201200048787,12,5,25,1835,1,1,1,1.0,3,94065,M,4875370.0,236569.0,94
201200048788,12,6,5,1835,1,1,1,2.0,3,94065,M,4875370.0,236569.0,94
201200048789,12,6,6,735,1,1,1,1.0,3,77373,M,,,77
201200048790,12,6,6,1540,1,1,1,1.0,2,94017,M,4882880.0,247729.0,94
201200048791,12,6,6,1730,1,1,1,1.0,4,94017,M,4883050.0,249110.0,94
201200048792,12,6,6,2300,3,1,1,1.0,1,94074,M,4876800.0,245213.0,94
201200048793,12,6,8,745,1,1,1,1.0,5,94079,M,4882860.0,252715.0,94
201200048794,12,6,9,620,1,1,1,1.0,2,94028,M,4879310.0,244162.0,94
201200048795,12,6,8,1600,2,1,1,1.0,2,94022,M,4877660.0,241749.0,94
201200048796,12,6,10,2030,1,1,1,3.0,6,94028,M,4878090.0,244112.0,94
201200048797,12,6,11,5,3,1,1,1.0,2,77372,M,,,77
201200048798,12,6,11,1205,1,1,1,1.0,3,75112,M,,,75
201200048799,12,6,11,1850,1,1,1,1.0,6,94028,M,4879320.0,244123.0,94
201200048800,12,6,12,1200,1,1,1,2.0,5,94018,M,4882280.0,239595.0,94
201200048801,12,6,13,830,1,1,1,1.0,5,94079,M,4882860.0,252715.0,94
201200048802,12,6,14,820,1,1,1,1.0,3,77083,M,,,77
201200048803,12,6,14,1957,1,1,1,1.0,2,77294,M,,,77
201200048804,12,6,14,2115,2,1,1,1.0,6,77053,M,,,77
201200048805,12,6,15,800,1,1,1,8.0,6,94044,M,4875850.0,247007.0,94
201200048806,12,6,15,930,1,1,1,2.0,7,94017,M,4882860.0,250176.0,94
201200048807,12,6,15,1635,1,1,1,1.0,3,94018,M,4881750.0,241871.0,94
201200048808,12,6,18,410,3,1,1,3.0,6,75112,M,,,75
201200048809,12,6,18,800,1,1,1,2.0,7,94022,M,4877620.0,241490.0,94
201200048810,12,6,19,900,1,1,1,1.0,6,94033,M,4885150.0,248978.0,94
201200048811,12,6,20,750,1,1,1,1.0,5,94017,M,4882970.0,249791.0,94
201200048812,12,6,21,1710,1,1,1,1.0,3,77294,M,,,77
201200048813,12,6,21,845,1,1,1,2.0,7,94069,M,4881740.0,243906.0,94
201200048814,12,6,21,1500,1,1,1,2.0,2,94018,M,4881760.0,241528.0,94
201200048815,12,6,21,1645,1,1,1,3.0,6,94044,M,4875880.0,247012.0,94
201200048816,12,6,21,1850,1,1,1,1.0,6,94022,M,4877620.0,242558.0,94
201200048817,12,6,22,1850,1,1,1,1.0,3,77121,M,,,77
201200048818,12,6,22,1845,1,1,1,1.0,4,77373,M,,,77
201200048819,12,6,23,1245,1,1,1,1.0,7,77121,M,,,77
201200048820,12,6,24,1300,1,1,1,1.0,4,94017,M,4882780.0,250589.0,94
201200048821,12,6,24,1900,1,1,1,2.0,4,94017,M,4882880.0,247856.0,94
201200048822,12,6,26,947,1,1,1,2.0,4,94069,M,4881660.0,245028.0,94
201200048823,12,6,26,1730,1,1,1,1.0,2,77514,M,,,77
201200048824,12,6,27,2235,3,1,1,1.0,5,94028,M,4877610.0,242826.0,94
201200048825,12,6,28,745,1,1,1,1.0,7,94069,M,4881700.0,244610.0,94
201200048826,12,6,28,1515,1,1,1,1.0,4,94069,M,4881730.0,242928.0,94
201200048827,12,6,29,1900,1,1,1,1.0,3,94028,M,4878700.0,244006.0,94
201200048828,12,6,30,2345,3,1,1,1.0,7,94017,M,4882990.0,249647.0,94