Num_Acc,an,mois,jour,hrmn,lum,agg,int,atm,col,com,gps,lat,long,dep
201200048829,12,7,1,1520,1,1,1,1.0,2,94042,M,4882760.0,247043.0,94
201200048830,12,7,1,1740,1,1,1,1.0,3,94074,M,4876670.0,245465.0,94
201200048831,12,7,5,800,1,1,1,2.0,2,77258,M,,,77
201200048832,12,7,6,1545,1,1,1,1.0,4,77258,M,,,77
201200048833,12,7,6,2050,2,1,1,1.0,6,77258,M,,,77
201200048834,12,7,6,2150,3,1,1,3.0,2,94046,M,4881430.0,244885.0,94
201200048835,12,7,7,1400,1,1,1,8.0,6,94044,M,4875880.0,247012.0,94
201200048836,12,7,7,1700,1,1,1,2.0,2,77438,M,,,77
201200048837,12,7,7,2050,1,1,1,1.0,2,94044,M,4875880.0,247012.0,94
201200048838,12,7,9,1435,1,1,1,1.0,6,77169,M,,,77
201200048839,12,7,11,1440,1,1,1,9.0,3,94073,M,4876910.0,237945.0,94
201200048840,12,7,13,445,2,1,1,2.0,6,94073,M,4876660.0,237882.0,94
201200048841,12,7,14,1830,1,1,1,1.0,5,94017,M,4883050.0,249390.0,94
201200048842,12,7,14,1815,1,1,1,1.0,3,94044,M,4875850.0,247007.0,94
201200048843,12,7,15,940,1,1,1,1.0,2,94079,M,4882860.0,252746.0,94
201200048844,12,7,15,2005,1,1,1,1.0,6,77449,M,,,77
201200048845,12,7,16,1900,1,1,1,1.0,2,94069,M,4881710.0,244323.0,94
201200048846,12,7,16,2015,4,1,1,1.0,6,94073,M,4875590.0,238338.0,94
201200048847,12,7,18,1530,1,1,1,1.0,7,94074,M,4876510.0,246072.0,94
201200048848,12,7,20,720,2,1,1,2.0,7,77122,M,,,77
201200048849,12,7,21,800,2,1,1,1.0,3,77146,M,,,77
201200048850,12,7,21,1410,1,1,1,1.0,6,77121,M,,,77
201200048851,12,7,21,1945,1,1,1,1.0,5,94052,M,4884450.0,249228.0,94
201200048852,12,7,23,30,3,1,1,1.0,3,94018,M,4881770.0,241524.0,94
201200048853,12,7,24,930,1,1,1,1.0,7,75112,M,,,75
201200048854,12,7,24,1030,1,1,1,1.0,4,94028,M,4878000.0,244118.0,94
201200048855,12,7,29,1030,1,1,1,1.0,3,93051,M,4883580.0,256181.0,93
201200048856,12,7,28,145,3,1,1,2.0,7,77373,M,,,77
201200048857,12,7,31,600,2,1,1,1.0,7,94028,M,4877610.0,242826.0,94
201200048858,12,7,31,800,1,1,1,1.0,3,94081,M,4877410.0,240500.0,94
201200048859,12,8,1,750,1,1,1,1.0,6,77053,M,,,77
201200048860,12,8,1,850,1,1,1,1.0,3,94017,M,4882700.0,252380.0,94
201200048861,12,8,1,1505,1,1,1,1.0,3,94069,M,4881760.0,243629.0,94
201200048862,12,8,1,2235,5,1,1,1.0,6,94017,M,4882790.0,250423.0,94
201200048863,12,8,2,1710,1,1,1,1.0,3,77373,M,,,77
201200048864,12,8,3,1730,1,1,1,1.0,4,77294,M,,,77
201200048865,12,8,4,328,3,1,1,1.0,2,94028,M,4878790.0,244032.0,94
201200048866,12,8,5,1615,1,1,1,1.0,6,77514,M,,,77
201200048867,12,8,5,1840,1,1,1,2.0,3,75112,M,,,75
201200048868,12,8,10,1145,1,1,1,1.0,3,77237,M,,,77
201200048869,12,8,10,2300,5,1,1,1.0,5,94028,M,4880190.0,244753.0,94
201200048870,12,8,11,915,1,1,1,1.0,7,77258,M,,,77
201200048871,12,8,12,35,3,1,1,1.0,2,77122,M,,,77
201200048872,12,8,18,1950,1,1,1,1.0,2,94046,M,4880550.0,244883.0,94
201200048873,12,8,18,2015,1,1,1,1.0,7,77296,M,,,77
201200048874,12,8,19,1030,1,1,1,1.0,6,94073,M,4877170.0,239356.0,94
201200048875,12,8,21,900,1,1,1,1.0,7,77337,M,,,77
201200048876,12,8,21,1900,1,1,1,1.0,7,77122,M,,,77
201200048877,12,8,22,1121,1,1,1,1.0,5,77258,M,,,77
201200048878,12,8,22,1630,1,1,1,1.0,7,77122,M,,,77
201200048879,12,8,23,1615,1,1,1,1.0,3,94073,M,4877120.0,238955.0,94
201200048880,12,8,26,25,3,1,1,1.0,6,77237,M,,,77
201200048881,12,8,26,630,1,1,1,1.0,6,94074,M,4876950.0,244930.0,94
201200048882,12,8,26,1330,1,1,1,1.0,7,77438,M,,,77
201200048883,12,8,27,1020,1,1,1,1.0,3,94017,M,4882790.0,250451.0,94
201200048884,12,8,27,2340,5,1,1,1.0,1,94079,M,4882710.0,252486.0,94
201200048885,12,8,28,1650,1,1,1,1.0,3,94033,M,4885050.0,249092.0,94
201200048886,12,8,28,1840,1,1,1,1.0,5,94081,M,4877400.0,240505.0,94
201200048887,12,8,28,1950,1,1,1,1.0,3,94081,M,4877460.0,241037.0,94
201200048888,12,8,31,1720,1,1,1,1.0,3,94028,M,4878710.0,244033.0,94
201200048889,12,8,31,1955,1,1,1,1.0,2,94028,M,4877600.0,242827.0,94
201200048890,12,9,1,1945,1,1,1,1.0,3,94015,M,4883000.0,252898.0,94
201200048891,12,9,2,1700,1,1,1,1.0,6,93051,M,,,93
201200048892,12,9,3,730,1,1,1,1.0,5,93051,M,,,93
201200048893,12,9,4,700,1,1,1,1.0,3,77438,M,,,77
201200048894,12,9,4,1530,1,1,1,1.0,5,94046,M,4879890.0,244547.0,94
201200048895,12,9,4,1710,1,1,1,1.0,5,75112,M,,,75
201200048896,12,9,5,1010,1,1,1,1.0,4,94018,M,4881750.0,241529.0,94
201200048897,12,9,9,2000,1,1,1,1.0,3,77058,M,,,77
201200048898,12,9,9,2350,3,1,1,1.0,6,77059,M,,,77
201200048899,12,9,10,600,2,1,1,1.0,2,93051,M,,,93
201200048900,12,9,10,740,2,1,1,1.0,2,94018,M,4881820.0,241118.0,94
201200048901,12,9,11,1755,1,1,1,2.0,6,94044,M,4875880.0,247012.0,94
201200048902,12,9,12,740,1,1,1,1.0,2,94073,M,4875660.0,238355.0,94
201200048903,12,9,13,930,1,1,1,1.0,3,94018,M,4881750.0,241529.0,94
201200048904,12,9,13,900,1,1,9,1.0,7,77337,M,,,77
201200048905,12,9,13,945,1,1,1,1.0,6,93051,M,,,93
201200048906,12,9,14,915,1,1,1,1.0,7,94028,M,4878700.0,244006.0,94
201200048907,12,9,14,1830,1,1,1,1.0,4,94046,M,4880940.0,244884.0,94
201200048908,12,9,16,55,3,1,1,1.0,7,77083,M,,,77
201200048909,12,9,16,715,2,1,1,1.0,2,94052,M,4882640.0,246634.0,94
201200048910,12,9,16,905,1,1,9,1.0,6,77258,M,,,77
201200048911,12,9,16,1125,1,1,1,1.0,2,77146,M,,,77
201200048912,12,9,17,840,1,1,1,1.0,6,94046,M,4880720.0,244891.0,94
201200048913,12,9,17,900,1,1,1,1.0,3,77514,M,,,77
201200048914,12,9,17,1830,1,1,1,1.0,3,93051,M,,,93
201200048915,12,9,18,1115,1,1,1,1.0,6,94011,M,4875910.0,248367.0,94
201200048916,12,9,19,1730,1,1,1,1.0,3,75112,M,,,75
201200048917,12,9,20,900,1,1,1,1.0,3,94073,M,4876900.0,237920.0,94
201200048918,12,9,20,1037,1,1,1,1.0,3,94073,M,4876910.0,237945.0,94
201200048919,12,9,20,1705,1,1,1,1.0,6,94073,M,4875540.0,238266.0,94
201200048920,12,9,21,1730,1,1,1,2.0,3,94022,M,4877640.0,242159.0,94
201200048921,12,9,21,1850,2,1,1,2.0,3,94028,M,4877630.0,243207.0,94
201200048922,12,9,21,1900,2,1,1,2.0,6,94044,M,4875760.0,247199.0,94
201200048923,12,9,21,2010,3,1,1,2.0,2,93051,M,,,93
201200048924,12,9,22,1030,1,1,1,1.0,3,94028,M,4878530.0,244045.0,94
201200048925,12,9,22,1230,1,1,1,1.0,5,94081,M,4877370.0,240240.0,94
201200048926,12,9,24,420,4,1,1,2.0,6,75112,M,,,75
201200048927,12,9,24,840,1,1,1,3.0,3,77514,M,,,77
201200048928,12,9,27,900,1,1,1,2.0,3,94028,M,4878180.0,244102.0,94
201200048929,12,9,28,835,1,1,1,1.0,2,94073,M,4877040.0,238431.0,94
201200048930,12,9,28,900,1,1,1,1.0,3,93051,M,,,93
201200048931,12,10,1,1115,1,1,1,1.0,4,94081,M,4877400.0,240368.0,94
201200048932,12,10,1,2205,3,1,1,1.0,2,77337,M,,,77
201200048933,12,10,2,820,1,1,1,2.0,3,94069,M,4881750.0,244048.0,94
201200048934,12,10,2,1340,1,1,1,1.0,6,94073,M,4877000.0,238169.0,94
201200048935,12,10,2,1545,1,1,1,1.0,7,77122,M,,,77
201200048936,12,10,3,1802,1,1,1,2.0,3,94028,M,4877620.0,243396.0,94
201200048937,12,10,4,545,5,1,1,2.0,6,94073,M,4876740.0,237871.0,94
201200048938,12,10,4,800,1,1,1,2.0,5,94028,M,4878350.0,244074.0,94
201200048939,12,10,4,1640,1,1,1,1.0,3,94069,M,4881650.0,245348.0,94
201200048940,12,10,4,1805,2,1,1,1.0,2,94046,M,4880460.0,244874.0,94
201200048941,12,10,5,2345,3,1,1,1.0,6,94073,M,4876660.0,237882.0,94
201200048942,12,10,5,1535,1,1,1,1.0,3,77169,M,,,77
201200048943,12,10,5,2330,3,1,1,1.0,5,77495,M,,,77
201200048944,12,10,6,1815,2,1,1,2.0,7,77249,M,,,77
201200048945,12,10,7,1320,1,1,9,1.0,7,77169,M,,,77
201200048946,12,10,8,1830,1,1,1,2.0,3,77053,M,,,77
201200048947,12,10,9,800,1,1,1,2.0,4,77249,M,,,77
201200048948,12,10,9,905,1,1,1,2.0,2,77517,M,,,77
201200048949,12,10,9,1807,1,1,1,1.0,3,94028,M,4879060.0,244082.0,94
201200048950,12,10,11,828,1,1,1,1.0,3,94046,M,4881520.0,245002.0,94
201200048951,12,10,11,1630,1,1,1,8.0,2,77121,M,,,77
201200048952,12,10,12,330,5,1,1,2.0,2,94069,M,4881750.0,242280.0,94
201200048953,12,10,12,1825,2,1,1,1.0,2,94073,M,4877100.0,238823.0,94
201200048954,12,10,13,2155,3,1,1,1.0,2,77249,M,,,77
201200048955,12,10,14,240,3,1,1,8.0,6,94028,M,4879490.0,244206.0,94
201200048956,12,10,14,755,2,1,1,2.0,7,77121,M,,,77
201200048957,12,10,15,600,1,1,1,2.0,6,94044,M,4875880.0,247012.0,94
201200048958,12,10,17,640,3,1,1,1.0,5,77146,M,,,77
201200048959,12,10,19,1350,1,1,1,1.0,4,94018,M,4882290.0,239618.0,94
201200048960,12,10,20,1005,1,1,1,2.0,6,94022,M,4877620.0,242361.0,94
201200048961,12,10,21,830,1,1,1,2.0,6,75112,M,,,75
201200048962,12,10,22,830,1,1,1,1.0,3,77122,M,,,77
201200048963,12,10,22,1548,1,1,1,1.0,5,77373,M,,,77
201200048964,12,10,22,1620,1,1,1,1.0,2,94073,M,4876330.0,238087.0,94
201200048965,12,10,22,1935,3,1,1,1.0,3,77449,M,,,77
201200048966,12,10,23,630,3,1,1,1.0,3,77083,M,,,77
201200048967,12,10,23,815,1,1,1,1.0,3,77373,M,,,77
201200048968,12,10,23,1715,1,1,1,1.0,3,94028,M,4880370.0,244853.0,94
201200048969,12,10,24,1115,1,1,1,1.0,5,94028,M,4878330.0,244031.0,94
201200048970,12,10,24,1237,1,1,1,1.0,3,94017,M,4882790.0,250424.0,94
201200048971,12,10,25,1330,1,1,1,1.0,5,94074,M,4876820.0,245128.0,94
201200048972,12,10,25,1840,3,1,1,1.0,3,93051,M,,,93
201200048973,12,10,25,1945,4,1,1,1.0,4,77258,M,,,77
201200048974,12,10,26,1850,1,1,1,1.0,4,77121,M,,,77
201200048975,12,10,27,1230,1,1,1,1.0,3,77337,M,,,77
201200048976,12,10,27,1711,1,1,1,1.0,5,94033,M,4886100.0,248434.0,94
201200048977,12,10,29,750,2,1,1,1.0,7,77363,M,,,77
201200048978,12,10,29,1250,1,1,1,1.0,6,77372,M,,,77
201200048979,12,10,31,1050,1,1,1,1.0,2,94069,M,4881760.0,243629.0,94
201200048980,12,10,31,1500,1,1,1,1.0,2,93051,M,,,93
201200048981,12,11,1,1800,3,1,1,1.0,3,77384,M,,,77
201200048982,12,11,3,1205,1,1,1,2.0,3,94073,M,4876900.0,237920.0,94
201200048983,12,11,4,323,3,1,9,5.0,6,77053,M,,,77
201200048984,12,11,5,2150,3,1,1,2.0,6,94073,M,4876910.0,237945.0,94
201200048985,12,11,6,2015,4,1,1,1.0,4,94081,M,4877370.0,240242.0,94
201200048986,12,11,8,745,5,1,1,1.0,5,94017,M,4882880.0,247729.0,94
201200048987,12,11,8,2030,5,1,1,1.0,4,94018,M,4882490.0,239323.0,94
201200048988,12,11,5,1645,1,1,1,2.0,3,94033,M,4885880.0,248667.0,94
201200048989,12,11,9,1950,3,1,1,2.0,3,75112,M,,,75
201200048990,12,11,10,650,5,1,1,1.0,7,94028,M,4878150.0,244124.0,94
201200048991,12,11,11,2020,3,1,1,1.0,5,77249,M,,,77
201200048992,12,11,12,845,1,1,1,1.0,2,77055,M,,,77
201200048993,12,11,13,840,1,1,1,1.0,2,94042,M,4882770.0,247022.0,94
201200048994,12,11,14,800,1,1,1,1.0,7,77249,M,,,77
201200048995,12,11,14,1815,3,1,1,1.0,6,77146,M,,,77
201200048996,12,11,15,1450,1,1,1,1.0,3,77294,M,,,77
201200048997,12,11,16,1815,3,1,1,1.0,4,77373,M,,,77
201200048998,12,11,18,1315,1,1,1,3.0,6,94044,M,4875880.0,247012.0,94
201200048999,12,11,18,1600,1,1,1,8.0,4,94073,M,4877340.0,240114.0,94
201200049000,12,11,19,935,1,1,1,1.0,2,94017,M,4882660.0,251552.0,94
201200049001,12,11,20,1850,3,1,1,2.0,4,94073,M,4877340.0,240114.0,94
201200049002,12,11,21,1830,5,1,1,1.0,3,94017,M,4882900.0,247865.0,94
201200049003,12,11,22,1732,5,1,1,2.0,5,94018,M,4881810.0,241094.0,94
201200049004,12,11,24,300,3,1,1,2.0,2,77141,M,,,77
201200049005,12,11,24,2335,3,1,1,1.0,2,77384,M,,,77
201200049006,12,11,26,740,1,1,1,1.0,2,94015,M,4883000.0,252898.0,94
201200049007,12,11,27,710,5,1,1,2.0,4,94065,M,4875360.0,236033.0,94
201200049008,12,11,27,1742,4,1,1,2.0,6,77438,M,,,77
201200049009,12,11,27,1925,3,1,1,2.0,2,75112,M,,,75
201200049010,12,11,28,855,1,1,1,1.0,2,94017,M,4882880.0,247729.0,94
201200049011,12,11,28,1310,1,1,1,1.0,6,94073,M,4876830.0,237891.0,94
201200049012,12,11,28,1720,3,1,1,1.0,4,94081,M,4877370.0,240242.0,94
201200049013,12,11,30,1,5,1,1,1.0,3,94052,M,4884140.0,249309.0,94
201200049014,12,11,30,800,2,1,1,1.0,1,77122,M,,,77
201200049015,12,11,30,1400,1,1,1,1.0,5,77373,M,,,77
201200049016,12,11,30,1705,2,1,1,1.0,3,77122,M,,,77
201200049017,12,11,30,1840,3,1,1,1.0,4,77517,M,,,77
201200049018,12,12,1,100,5,1,1,1.0,6,94028,M,4878700.0,244006.0,94
201200049019,12,12,2,520,3,1,1,1.0,6,77468,M,,,77
201200049020,12,12,2,730,2,1,1,1.0,6,94028,M,4877640.0,244259.0,94
201200049021,12,12,2,1645,1,1,1,1.0,7,75112,M,,,75
201200049022,12,12,2,2030,3,1,1,1.0,3,77083,M,,,77
201200049023,12,12,2,2110,3,1,1,1.0,6,94044,M,4875720.0,247186.0,94
201200049024,12,12,3,855,2,1,1,3.0,2,94028,M,4879570.0,244262.0,94
201200049025,12,12,4,745,2,1,1,3.0,6,93051,M,4833676.0,254438.0,93
201200049026,12,12,4,900,1,1,1,2.0,7,75112,M,,,75
201200049027,12,12,4,920,2,1,1,3.0,2,94052,M,4882640.0,246637.0,94
201200049028,12,12,4,945,1,1,1,2.0,7,94015,M,4882930.0,252808.0,94
201200049029,12,12,4,1010,1,1,1,2.0,3,77083,M,,,77
201200049030,12,12,4,1430,1,1,1,1.0,3,94081,M,4877400.0,240772.0,94
201200049031,12,12,6,945,1,1,1,1.0,7,94017,M,4882860.0,247721.0,94
201200049032,12,12,7,1545,1,1,1,2.0,3,77258,M,,,77
201200049033,12,12,8,1130,1,1,1,1.0,4,94033,M,4885070.0,249008.0,94
201200049034,12,12,9,745,3,1,1,1.0,2,77294,M,,,77
201200049035,12,12,10,800,5,1,1,1.0,3,94069,M,4881730.0,242502.0,94
201200049036,12,12,10,830,1,1,1,1.0,6,94017,M,4883050.0,249111.0,94
201200049037,12,12,10,940,1,1,1,2.0,4,77294,M,,,77
201200049038,12,12,10,2030,5,1,1,1.0,6,94028,M,4877290.0,244579.0,94
201200049039,12,12,11,830,1,1,1,1.0,3,94028,M,4878180.0,244073.0,94
201200049040,12,12,12,1000,2,1,1,1.0,5,77514,M,,,77
201200049041,12,12,13,755,2,1,1,1.0,4,94044,M,4875820.0,248008.0,94
201200049042,12,12,13,1115,1,1,1,1.0,3,94069,M,4881760.0,243629.0,94
201200049043,12,12,13,1515,1,1,1,1.0,4,94052,M,4883910.0,249334.0,94
201200049044,12,12,14,1930,5,1,1,2.0,2,94065,M,4875370.0,236502.0,94
201200049045,12,12,15,1430,1,1,1,1.0,6,94028,M,4878200.0,244069.0,94
201200049046,12,12,16,1345,1,1,1,1.0,6,94052,M,4883220.0,249185.0,94
201200049047,12,12,17,915,1,1,1,1.0,5,77121,M,,,77
201200049048,12,12,20,1130,1,1,1,2.0,4,77373,M,,,77
201200049049,12,12,21,900,1,1,1,8.0,3,94028,M,4878060.0,244144.0,94
201200049050,12,12,21,1520,2,1,1,1.0,7,77058,M,,,77
201200049051,12,12,22,515,3,1,1,2.0,5,77058,M,,,77
201200049052,12,12,22,2030,3,1,1,2.0,6,94028,M,4879060.0,244044.0,94
201200049053,12,12,23,920,1,1,1,1.0,6,94069,M,4881740.0,242226.0,94
201200049054,12,12,24,1600,1,1,1,1.0,6,94042,M,4882690.0,246781.0,94
201200049055,12,12,25,2200,3,1,1,2.0,6,77296,M,,,77
201200049056,12,12,27,1430,1,1,1,2.0,7,94044,M,4875880.0,247012.0,94
201200049057,12,12,27,1600,1,1,1,1.0,3,77294,M,,,77
201200049058,12,1,1,140,3,1,1,2.0,2,93001,M,,,93
201200049059,12,1,1,330,3,1,1,9.0,7,93064,M,,,93
201200049060,12,1,1,940,1,1,1,2.0,6,95277,M,4897290.0,248760.0,95
201200049061,12,1,1,1250,1,1,1,2.0,6,95582,M,,,95
201200049062,12,1,1,1215,1,1,1,1.0,6,95607,M,,,95
201200049063,12,1,1,1230,1,1,1,8.0,7,93078,M,,,93
201200049064,12,1,1,2345,3,1,1,3.0,5,95277,M,,,95
201200049065,12,1,1,2330,5,1,1,2.0,3,95154,M,,,95
201200049066,12,1,2,30,3,1,1,2.0,3,93010,M,,,93
201200049067,12,1,2,45,4,1,1,2.0,7,93027,M,,,93
201200049068,12,1,2,550,3,1,1,3.0,7,93078,M,,,93
201200049069,12,1,2,845,1,1,1,2.0,7,93064,M,,,93
201200049070,12,1,2,815,1,1,1,1.0,7,95256,M,,,95
201200049071,12,1,2,1045,1,1,1,1.0,2,95256,M,,,95
201200049072,12,1,2,1600,2,1,1,2.0,2,93053,M,,,93
201200049073,12,1,2,1715,3,1,1,1.0,7,95277,M,4897360.0,248620.0,95
201200049074,12,1,2,1950,4,1,1,8.0,7,93078,M,,,93
201200049075,12,1,3,1230,1,1,1,1.0,5,93078,M,,,93
201200049076,12,1,3,2200,3,1,1,2.0,6,95256,M,,,95
201200049077,12,1,3,2245,3,1,1,2.0,6,92078,M,,,92
201200049078,12,1,5,1520,1,1,1,2.0,7,93027,M,,,93
201200049079,12,1,11,1530,1,1,1,3.0,7,93078,M,,,93
201200049080,12,1,7,1255,1,1,1,1.0,7,95555,M,4896960.0,227510.0,95
201200049081,12,1,7,1350,1,1,1,1.0,7,93027,M,,,93
201200049082,12,1,7,1415,1,1,1,1.0,2,93078,M,,,93
201200049083,12,1,7,1645,2,1,1,1.0,5,93064,M,,,93
201200049084,12,1,8,445,3,1,1,1.0,5,93010,M,,,93
201200049085,12,1,9,1215,1,1,1,1.0,5,93064,M,,,93
201200049086,12,1,9,2105,3,1,1,1.0,3,93048,M,,,93
201200049087,12,1,12,630,3,1,1,1.0,2,92036,M,,,92
201200049088,12,1,12,1100,1,1,1,1.0,7,93066,M,,,93
201200049089,12,1,12,1840,3,1,1,1.0,7,93039,M,,,93
201200049090,12,1,13,530,1,1,1,1.0,2,95527,M,,,95
201200049091,12,1,13,1450,1,1,1,1.0,7,60631,M,,,60
201200049092,12,1,13,1620,1,1,1,1.0,7,93066,M,,,93
201200049093,12,1,14,150,3,1,1,1.0,7,95351,M,,,95
201200049094,12,1,15,215,3,1,1,1.0,7,93010,M,,,93
201200049095,12,1,16,1415,1,1,1,1.0,4,93053,M,,,93
201200049096,12,1,16,1850,2,1,1,1.0,5,93005,M,,,93
201200049097,12,1,16,1900,3,1,1,1.0,7,95491,M,,,95
201200049098,12,1,16,1835,5,1,1,1.0,7,93063,M,,,93
201200049099,12,1,17,450,4,1,1,1.0,2,95306,M,,,95
201200049100,12,1,17,650,5,1,1,1.0,7,93029,M,,,93
201200049101,12,1,17,1815,3,1,1,8.0,7,92036,M,,,92
201200049102,12,1,18,2220,3,1,1,2.0,7,92078,M,,,92
201200049103,12,1,19,730,3,1,1,1.0,2,93066,M,,,93
201200049104,12,1,19,730,3,1,1,2.0,3,93053,M,,,93
201200049105,12,1,19,940,1,1,1,1.0,2,93053,M,,,93
201200049106,12,1,19,1215,1,1,1,2.0,7,93006,M,,,93
201200049107,12,1,19,1240,1,1,1,1.0,3,93005,M,,,93
201200049108,12,1,20,445,3,1,1,1.0,7,93078,M,,,93
201200049109,12,1,20,2020,4,1,1,1.0,4,95527,M,,,95
201200049110,12,1,20,2135,3,1,1,2.0,7,93053,M,,,93
201200049111,12,1,20,2215,3,1,1,2.0,7,93078,M,,,93
201200049112,12,1,21,10,4,1,1,2.0,3,93078,M,,,93
201200049113,12,1,21,100,3,1,1,1.0,7,93048,M,,,93
201200049114,12,1,21,1115,1,1,1,2.0,3,93001,M,,,93
201200049115,12,1,21,1420,1,1,1,2.0,7,93005,M,,,93
201200049116,12,1,21,1405,1,1,1,2.0,3,93078,M,,,93
201200049117,12,1,21,1730,3,1,1,2.0,4,93066,M,,,93
201200049118,12,1,22,40,3,1,1,1.0,7,93078,M,,,93
201200049119,12,1,23,1800,2,1,1,2.0,6,95582,M,4896250.0,226430.0,95
201200049120,12,1,24,455,4,1,1,2.0,7,93008,M,,,93
201200049121,12,1,24,800,1,1,1,2.0,2,93005,M,,,93
201200049122,12,1,24,845,1,1,1,1.0,3,95582,M,,,95
201200049123,12,1,24,1245,1,1,1,2.0,6,92036,M,,,92
201200049124,12,1,24,1445,1,1,1,2.0,7,93064,M,,,93
201200049125,12,1,25,930,1,1,1,1.0,3,93005,M,,,93
201200049126,12,1,25,1040,1,1,1,2.0,4,93078,M,,,93
201200049127,12,1,25,1845,5,1,1,2.0,7,93048,M,,,93
201200049128,12,1,26,935,1,1,1,1.0,7,95582,M,,,95
201200049129,12,1,26,1350,1,1,1,2.0,5,93078,M,,,93
201200049130,12,1,26,1500,1,1,1,2.0,7,93027,M,,,93
201200049131,12,1,27,112,4,1,1,1.0,6,95500,M,,,95
201200049132,12,1,27,515,3,1,1,1.0,6,95018,M,,,95
201200049133,12,1,27,620,3,1,1,1.0,6,95527,M,,,95
201200049134,12,1,27,730,1,1,1,1.0,2,95018,M,,,95
201200049135,12,1,27,830,1,1,1,1.0,4,95582,M,4896480.0,226970.0,95
201200049136,12,1,27,845,1,1,1,1.0,7,93006,M,,,93
201200049137,12,1,27,900,1,1,1,1.0,4,95500,M,,,95
201200049138,12,1,27,1700,1,1,1,1.0,7,93007,M,,,93
201200049139,12,1,29,230,4,1,1,1.0,7,95365,M,,,95
201200049140,12,1,29,1450,1,1,1,1.0,7,95582,M,,,95
201200049141,12,1,29,1925,3,1,1,1.0,3,93010,M,,,93
201200049142,12,1,31,1125,1,1,1,1.0,2,93008,M,,,93
201200049143,12,1,31,1320,1,1,1,1.0,3,93007,M,,,93
201200049144,12,2,1,1000,1,1,1,1.0,2,95580,M,,,95
201200049145,12,2,1,1430,1,1,1,1.0,7,93005,M,4892409.0,248097.0,93
201200049146,12,2,1,1445,1,1,1,1.0,4,95527,M,,,95
201200049147,12,2,1,2030,3,1,1,1.0,6,93053,M,4888924.0,247403.0,93
201200049148,12,2,3,1735,1,1,1,1.0,4,95572,M,,,95
201200049149,12,2,3,905,1,1,1,1.0,7,93066,M,4890126.0,235926.0,93
201200049150,12,2,3,1115,1,1,1,1.0,7,95256,M,,,95
201200049151,12,2,3,1140,1,1,1,1.0,5,92036,M,,,92
201200049152,12,2,3,1930,5,1,1,1.0,3,93029,M,4891818.0,242876.0,93
201200049153,12,2,3,2100,4,1,1,4.0,5,95527,M,,,95
201200049154,12,2,6,625,3,1,1,8.0,3,95256,M,,,95
201200049155,12,2,6,950,1,1,1,1.0,2,95277,M,,,95
201200049156,12,2,6,1620,1,1,1,1.0,2,95394,M,,,95
201200049157,12,2,7,625,3,1,1,9.0,7,93005,M,4892390.0,248071.0,93
201200049158,12,2,11,1025,1,1,1,1.0,6,95527,M,,,95
201200049159,12,2,8,850,2,1,1,1.0,3,95582,M,4896350.0,226730.0,95
201200049160,12,2,8,1015,2,1,1,1.0,2,93008,M,4891214.0,243753.0,93
201200049161,12,2,8,2100,3,1,1,1.0,5,95675,M,,,95
201200049162,12,2,10,230,4,1,1,1.0,6,93064,M,4888390.0,246813.0,93
201200049163,12,2,10,1150,1,1,1,1.0,2,95306,M,,,95
201200049164,12,2,10,1337,1,1,1,1.0,3,93007,M,4894938.0,244722.0,93
201200049165,12,2,10,1440,1,1,1,1.0,2,95277,M,4897730.0,246850.0,95
201200049166,12,2,14,700,3,1,1,1.0,3,95607,M,,,95
201200049167,12,2,11,1100,1,1,1,1.0,2,95491,M,,,95
201200049168,12,2,11,2140,4,1,1,1.0,4,93063,M,4887874.0,244778.0,93
201200049169,12,2,11,2230,4,1,1,1.0,6,93010,M,4888045.0,245179.0,93
201200049170,12,2,12,720,3,1,1,1.0,5,93010,M,4888828.0,247412.0,93
201200049171,12,2,13,430,4,1,1,5.0,3,93078,M,4895822.0,253255.0,93
201200049172,12,2,13,640,2,1,1,5.0,6,95351,M,,,95
201200049173,12,2,15,1100,1,1,1,1.0,7,95241,M,,,95
201200049174,12,2,16,540,3,1,1,1.0,7,92036,M,,,92
201200049175,12,2,16,1000,1,1,1,1.0,3,92078,M,,,92
201200049176,12,2,16,2100,3,1,1,1.0,2,95394,M,,,95
201200049177,12,2,23,6,3,1,1,1.0,6,95394,M,,,95
201200049178,12,2,17,1930,3,1,1,2.0,5,93005,M,4894299.0,247788.0,93
201200049179,12,2,18,1100,1,1,1,1.0,6,93078,M,4897265.0,249339.0,93
201200049180,12,2,18,1545,1,1,1,1.0,2,95394,M,,,95
201200049181,12,2,19,1240,1,1,1,1.0,7,95365,M,,,95
201200049182,12,2,19,2100,3,1,1,1.0,6,95394,M,,,95
201200049183,12,2,20,620,2,1,1,1.0,2,95252,M,,,95
201200049184,12,2,20,1735,1,1,1,1.0,2,93078,M,4896273.0,254822.0,93
201200049185,12,2,21,640,3,1,1,1.0,6,95060,M,,,95
201200049186,12,2,22,700,2,1,1,1.0,2,95394,M,,,95