Num_Acc,an,mois,jour,hrmn,lum,agg,int,atm,col,com,gps,lat,long,dep
201200049187,12,2,23,1030,1,1,1,8.0,3,92036,M,,,92
201200049188,12,2,24,600,3,1,1,1.0,4,95582,M,,,95
201200049189,12,2,24,1030,1,1,1,1.0,3,93066,M,4892990.0,236350.0,93
201200049190,12,2,24,1400,1,1,1,1.0,3,93066,M,4892670.0,233675.0,93
201200049191,12,2,24,1530,1,1,1,1.0,3,93006,M,4886800.0,242761.0,93
201200049192,12,2,24,1730,5,1,1,1.0,2,93066,M,4892810.0,235794.0,93
201200049193,12,2,24,2045,3,1,1,1.0,6,95042,M,,,95
201200049194,12,2,25,2000,3,1,1,2.0,7,92078,M,,,92
201200049195,12,2,25,2120,4,1,1,2.0,6,95424,M,,,95
201200049196,12,2,26,800,1,1,1,1.0,7,95527,M,,,95
201200049197,12,2,26,900,1,1,1,1.0,7,95572,M,,,95
201200049198,12,2,27,530,3,1,1,1.0,2,93010,M,4888950.0,247391.0,93
201200049199,12,2,27,1830,1,1,1,1.0,3,93010,M,4888930.0,247381.0,93
201200049200,12,2,28,1430,1,1,1,1.0,2,93006,M,4886590.0,242125.0,93
201200049201,12,3,1,1205,1,1,1,1.0,6,93008,M,4891230.0,243767.0,93
201200049202,12,3,2,445,4,1,1,2.0,7,92078,M,,,92
201200049203,12,3,3,525,4,1,1,1.0,3,93010,M,4889130.0,247295.0,93
201200049204,12,3,3,720,2,1,1,1.0,2,93008,M,4890860.0,245013.0,93
201200049205,12,3,3,1215,1,1,1,1.0,7,93078,M,4896410.0,252043.0,93
201200049206,12,3,3,1940,5,1,1,1.0,2,93066,M,4891900.0,235742.0,93
201200049207,12,3,3,2030,3,1,1,1.0,6,95527,M,,,95
201200049208,12,3,4,1615,1,1,1,2.0,5,93066,M,4893300.0,237515.0,93
201200049209,12,3,4,1815,2,1,1,2.0,7,93001,M,4892110.0,237467.0,93
201200049210,12,3,4,2030,4,1,1,2.0,4,93008,M,4889890.0,246927.0,93
201200049211,12,3,4,2225,4,1,1,1.0,7,93078,M,4895880.0,252755.0,93
201200049212,12,3,4,2230,4,1,1,2.0,6,95018,M,,,95
201200049213,12,3,5,26,4,1,1,1.0,4,95582,M,,,95
201200049214,12,3,5,820,1,1,1,1.0,5,95582,M,4896560.0,227150.0,95
201200049215,12,3,5,905,1,1,1,1.0,5,95500,M,,,95
201200049216,12,3,5,940,1,1,1,1.0,2,95252,M,,,95
201200049217,12,3,6,1120,1,1,1,2.0,2,95018,M,,,95
201200049218,12,3,6,1250,1,1,1,3.0,6,93027,M,4892790.0,240993.0,93
201200049219,12,3,7,1555,1,1,1,3.0,3,93053,M,4888350.0,245873.0,93
201200049220,12,3,7,1740,1,1,1,3.0,6,93027,M,4892360.0,238346.0,93
201200049221,12,3,7,1950,3,1,1,2.0,3,95582,M,,,95
201200049222,12,3,7,2100,4,1,1,2.0,2,95252,M,,,95
201200049223,12,3,7,2150,3,1,1,9.0,6,93078,M,4896040.0,252598.0,93
201200049224,12,3,7,2250,3,1,1,1.0,6,95256,M,,,95
201200049225,12,3,8,845,1,1,1,1.0,2,93001,M,4892100.0,236956.0,93
201200049226,12,3,8,1150,1,1,1,1.0,2,93064,M,4888530.0,247174.0,93
201200049227,12,3,8,1730,1,1,1,1.0,4,95572,M,,,95
201200049228,12,3,8,1820,1,1,1,1.0,7,93008,M,4891230.0,243767.0,93
201200049229,12,3,9,945,1,1,1,1.0,4,93008,M,4891260.0,243728.0,93
201200049230,12,3,10,1215,1,1,1,1.0,6,95306,M,,,95
201200049231,12,3,10,2000,3,1,1,1.0,4,95018,M,,,95
201200049232,12,3,11,1515,1,1,1,1.0,2,93078,M,4895820.0,253141.0,93
201200049233,12,3,11,1620,1,1,1,1.0,7,95212,M,,,95
201200049234,12,3,11,2130,4,1,1,1.0,2,93006,M,4886430.0,241359.0,93
201200049235,12,3,12,1220,1,1,1,1.0,2,95580,M,,,95
201200049236,12,3,14,850,1,1,1,1.0,7,95582,M,4896540.0,227140.0,95
201200049237,12,3,15,750,1,1,1,1.0,2,93027,M,4892790.0,240993.0,93
201200049238,12,3,15,900,1,1,1,1.0,3,93064,M,4887090.0,248220.0,93
201200049239,12,3,10,2105,3,1,1,1.0,4,95641,M,,,95
201200049240,12,3,16,1100,1,1,1,1.0,2,93008,M,4891230.0,243767.0,93
201200049241,12,3,16,1600,1,1,1,1.0,6,93063,M,4887740.0,244477.0,93
201200049242,12,3,16,1730,1,1,1,1.0,7,95572,M,,,95
201200049243,12,3,17,2315,4,1,1,2.0,3,95252,M,,,95
201200049244,12,3,18,50,4,1,1,2.0,6,93027,M,4892610.0,240094.0,93
201200049245,12,3,18,1425,1,1,1,1.0,2,93008,M,4891230.0,243767.0,93
201200049246,12,3,19,640,1,1,1,1.0,2,95582,M,,,95
201200049247,12,3,20,730,2,1,1,1.0,6,95018,M,,,95
201200049248,12,3,20,1030,1,1,1,1.0,2,92036,M,,,92
201200049249,12,3,20,1610,1,1,1,1.0,6,93066,M,4893370.0,238100.0,93
201200049250,12,3,21,755,1,1,1,1.0,3,93064,M,4888390.0,246943.0,93
201200049251,12,3,21,730,1,1,1,1.0,6,92078,M,,,92
201200049252,12,3,22,950,1,1,1,1.0,3,93064,M,4887090.0,248220.0,93
201200049253,12,3,23,1520,1,1,1,1.0,6,93064,M,4888380.0,246701.0,93
201200049254,12,3,23,2050,3,1,1,1.0,7,95527,M,,,95
201200049255,12,3,25,1540,1,1,1,1.0,7,93066,M,4891030.0,235824.0,93
201200049256,12,3,25,1700,1,1,1,1.0,6,95042,M,,,95
201200049257,12,3,24,1315,1,1,1,9.0,2,93066,M,4891480.0,235775.0,93
201200049258,12,3,26,2000,5,1,1,1.0,3,93008,M,4889890.0,246927.0,93
201200049259,12,3,28,2119,3,1,1,1.0,7,92036,M,,,92
201200049260,12,3,28,2330,4,1,1,1.0,3,93005,M,4896850.0,248022.0,93
201200049261,12,3,30,1550,1,1,1,1.0,6,93066,M,4893130.0,236916.0,93
201200049262,12,3,30,2055,3,1,1,1.0,6,93078,M,4895820.0,253232.0,93
201200049263,12,3,30,2330,3,1,1,1.0,5,93073,M,4896130.0,254373.0,93
201200049264,12,3,31,520,5,1,1,1.0,7,93063,M,4888100.0,245292.0,93
201200049265,12,3,31,2050,2,1,1,1.0,6,93010,M,4888950.0,247391.0,93
201200049266,12,4,1,1400,1,1,1,1.0,3,93006,M,4886700.0,242580.0,93
201200049267,12,4,1,2005,1,1,1,1.0,3,93010,M,4888930.0,247381.0,93
201200049268,12,4,2,745,1,1,1,1.0,7,95018,M,,,95
201200049269,12,4,3,650,2,1,1,1.0,5,93013,M,4894070.0,242478.0,93
201200049270,12,4,3,750,1,1,1,1.0,3,93066,M,4891990.0,235735.0,93
201200049271,12,4,3,840,1,1,1,1.0,3,93078,M,4896310.0,252221.0,93
201200049272,12,4,3,940,1,1,1,1.0,4,95582,M,4896260.0,226350.0,95
201200049273,12,4,3,1255,1,1,1,1.0,3,93064,M,4894890.0,247497.0,93
201200049274,12,4,4,900,1,1,1,1.0,2,93053,M,4888418.0,246170.0,93
201200049275,12,4,5,915,1,1,1,1.0,5,93064,M,,,93
201200049276,12,4,5,1750,1,1,1,1.0,6,93063,M,4887678.0,244344.0,93
201200049277,12,4,5,1815,1,1,1,1.0,6,93013,M,4894060.0,242481.0,93
201200049278,12,4,6,1700,1,1,1,1.0,3,92078,M,,,92
201200049279,12,4,7,1850,1,1,1,2.0,2,92036,M,,,92
201200049280,12,4,8,840,1,1,1,1.0,3,95252,M,,,95
201200049281,12,4,8,1320,1,1,1,1.0,3,93005,M,4896290.0,247129.0,93
201200049282,12,4,9,1830,1,1,1,2.0,4,93066,M,4892255.0,235516.0,93
201200049283,12,4,9,1900,2,1,1,3.0,2,95527,M,,,95
201200049284,12,4,9,2030,2,1,1,2.0,6,93027,M,4892593.0,239972.0,93
201200049285,12,4,10,720,2,1,1,1.0,6,93039,M,4892690.0,233490.0,93
201200049286,12,4,10,1010,1,1,1,1.0,7,93027,M,4893480.0,239926.0,93
201200049287,12,4,10,1840,1,1,1,3.0,3,93063,M,4887680.0,244344.0,93
201200049288,12,4,10,1935,1,1,1,2.0,3,95018,M,,,95
201200049289,12,4,10,2030,2,1,1,1.0,7,95582,M,,,95
201200049290,12,4,11,530,3,1,1,2.0,4,93078,M,4896310.0,252221.0,93
201200049291,12,4,11,1130,1,1,1,1.0,4,95277,M,,,95
201200049292,12,4,12,920,1,1,1,1.0,3,95424,M,,,95
201200049293,12,4,10,1345,1,1,1,2.0,6,95582,M,,,95
201200049294,12,4,10,1330,1,1,1,2.0,4,95042,M,,,95
201200049295,12,4,11,2030,4,1,1,1.0,7,93027,M,4892593.0,239972.0,93
201200049296,12,4,11,1930,1,1,1,1.0,2,95527,M,,,95
201200049297,12,4,13,815,1,1,1,1.0,2,93010,M,4890495.0,247186.0,93
201200049298,12,4,13,1800,1,1,1,1.0,3,93005,M,4896295.0,247133.0,93
201200049299,12,4,13,1835,1,1,1,1.0,2,95488,M,,,95
201200049300,12,4,13,2025,1,1,1,2.0,6,93010,M,4890495.0,247186.0,93
201200049301,12,4,13,2115,3,1,1,1.0,6,93039,M,4891830.0,235763.0,93
201200049302,12,4,14,1440,1,1,1,1.0,3,93053,M,4895920.0,253647.0,93
201200049303,12,4,15,10,5,1,1,1.0,6,93066,M,,,93
201200049304,12,4,15,200,3,1,1,1.0,3,93005,M,4896243.0,247071.0,93
201200049305,12,4,16,1100,1,1,1,1.0,3,95572,M,,,95
201200049306,12,4,17,1400,1,1,1,2.0,6,93027,M,4892600.0,239972.0,93
201200049307,12,4,17,1630,1,1,1,2.0,6,93005,M,4896227.0,247064.0,93
201200049308,12,4,18,740,1,1,1,1.0,2,60494,M,,,60
201200049309,12,4,18,812,1,1,1,1.0,4,95527,M,,,95
201200049310,12,4,18,2015,3,1,1,3.0,4,93053,M,4888800.0,247390.0,93
201200049311,12,4,18,2230,4,1,1,2.0,6,93010,M,4890400.0,247226.0,93
201200049312,12,4,19,820,1,1,1,1.0,2,93007,M,4894850.0,244536.0,93
201200049313,12,4,19,1840,1,1,1,1.0,6,93048,M,4886940.0,245420.0,93
201200049314,12,4,22,450,3,1,1,1.0,4,95306,M,,,95
201200049315,12,4,22,650,2,1,1,1.0,5,92036,M,,,92
201200049316,12,4,22,1330,1,1,1,3.0,6,95277,M,,,95
201200049317,12,4,22,1630,1,1,1,1.0,6,93027,M,4893430.0,239527.0,93
201200049318,12,4,22,1830,1,1,1,1.0,3,93063,M,4887850.0,244706.0,93
201200049319,12,4,23,1715,1,1,1,3.0,2,95252,M,,,95
201200049320,12,4,23,1835,1,1,1,1.0,7,93027,M,4892600.0,239972.0,93
201200049321,12,4,23,1905,1,1,1,1.0,2,95582,M,,,95
201200049322,12,4,24,620,2,1,1,1.0,6,95252,M,,,95
201200049323,12,4,24,720,1,1,1,2.0,7,93078,M,4896310.0,252221.0,93
201200049324,12,4,24,805,1,1,1,2.0,6,95527,M,,,95
201200049325,12,4,24,1710,1,1,1,2.0,2,95582,M,,,95
201200049326,12,4,25,1140,1,1,1,3.0,6,95252,M,,,95
201200049327,12,4,25,1700,1,1,1,1.0,5,92036,M,,,92
201200049328,12,4,26,2325,3,1,1,1.0,6,95252,M,,,95
201200049329,12,4,27,1300,1,1,1,1.0,2,95607,M,,,95
201200049330,12,4,28,450,3,1,1,3.0,6,95127,M,4904320.0,207790.0,95
201200049331,12,4,28,800,1,1,1,2.0,2,93027,M,4892600.0,239972.0,93
201200049332,12,4,28,1810,1,1,1,2.0,1,93073,M,4896800.0,256408.0,93
201200049333,12,4,28,1822,1,1,1,2.0,6,93027,M,4892600.0,239972.0,93
201200049334,12,4,28,2050,1,1,1,2.0,7,93073,M,4896800.0,256408.0,93
201200049335,12,5,1,100,3,1,1,2.0,7,93010,M,,,93
201200049336,12,5,1,750,1,1,1,1.0,6,95277,M,4897330.0,248950.0,95
201200049337,12,5,1,900,1,1,1,1.0,6,93078,M,,,93
201200049338,12,5,1,1450,1,1,1,1.0,3,93006,M,,,93
201200049339,12,5,2,2000,1,1,1,2.0,7,93078,M,,,93
201200049340,12,5,2,2220,4,1,1,2.0,7,93078,M,,,93
201200049341,12,5,3,1600,1,1,1,1.0,2,93064,M,,,93
201200049342,12,5,4,230,4,1,1,1.0,2,93005,M,,,93
201200049343,12,5,4,1640,1,1,1,1.0,6,93005,M,,,93
201200049344,12,5,5,200,4,1,1,1.0,5,93078,M,,,93
201200049345,12,5,5,1304,1,1,1,1.0,2,93053,M,,,93
201200049346,12,5,6,805,1,1,1,1.0,6,93078,M,,,93
201200049347,12,5,6,900,1,1,1,2.0,3,93008,M,,,93
201200049348,12,5,6,1015,1,1,1,2.0,6,93027,M,,,93
201200049349,12,5,9,810,1,1,1,8.0,2,93027,M,,,93
201200049350,12,5,9,1500,1,1,1,1.0,2,95572,M,,,95
201200049351,12,5,11,1400,1,1,1,1.0,6,95394,M,,,95
201200049352,12,5,11,1720,1,1,1,1.0,6,93005,M,,,93
201200049353,12,5,12,1415,1,1,1,1.0,5,93064,M,,,93
201200049354,12,5,12,1430,1,1,1,1.0,2,93010,M,,,93
201200049355,12,5,12,2100,1,1,1,1.0,2,93006,M,,,93
201200049356,12,5,13,1700,1,1,1,1.0,2,60494,M,,,60
201200049357,12,5,14,900,1,1,1,1.0,2,95277,M,4897590.0,248240.0,95
201200049358,12,5,14,1750,1,1,1,1.0,2,93066,M,,,93
201200049359,12,5,14,1745,1,1,1,1.0,4,93013,M,,,93
201200049360,12,5,15,720,1,1,9,1.0,3,93073,M,,,93
201200049361,12,5,15,940,1,1,1,1.0,2,93005,M,,,93
201200049362,12,5,15,1800,1,1,1,1.0,4,93013,M,,,93
201200049363,12,5,18,1730,1,1,1,1.0,6,92078,M,,,92
201200049364,12,5,19,1615,1,1,1,1.0,5,93064,M,,,93
201200049365,12,5,19,1820,1,1,1,2.0,6,93027,M,,,93
201200049366,12,5,19,2050,2,1,1,2.0,6,95582,M,,,95
201200049367,12,5,19,2110,3,1,1,2.0,6,93078,M,,,93
201200049368,12,5,21,20,4,1,1,2.0,6,93064,M,4887844.0,247682.0,93
201200049369,12,5,21,1015,1,1,1,2.0,4,93066,M,4892812.0,235796.0,93
201200049370,12,5,21,1100,1,1,1,2.0,6,95351,M,,,95
201200049371,12,5,21,1755,1,1,1,3.0,3,93066,M,4893356.0,237965.0,93
201200049372,12,5,23,705,1,1,1,1.0,3,93010,M,4888951.0,247393.0,93
201200049373,12,5,23,915,1,1,1,1.0,3,95018,M,,,95
201200049374,12,5,23,1750,1,1,1,1.0,2,93008,M,4891668.0,242953.0,93
201200049375,12,5,24,1150,1,1,1,1.0,3,93066,M,4891479.0,235795.0,93
201200049376,12,5,23,2020,1,1,1,1.0,6,93008,M,4891232.0,243769.0,93
201200049377,12,5,24,950,1,1,1,1.0,2,92036,M,,,92
201200049378,12,5,24,1320,1,1,1,1.0,6,95604,M,,,95
201200049379,12,5,24,1500,1,1,1,1.0,6,95394,M,,,95
201200049380,12,5,24,1700,1,1,1,1.0,4,93027,M,4893451.0,239759.0,93
201200049381,12,5,24,1745,1,1,1,1.0,3,93010,M,4888951.0,247393.0,93
201200049382,12,5,24,1730,1,1,1,1.0,3,93006,M,4886774.0,242770.0,93
201200049383,12,5,25,1015,1,1,1,1.0,6,93066,M,4892204.0,235734.0,93
201200049384,12,5,25,1610,1,1,1,1.0,2,93027,M,4893694.0,240929.0,93
201200049385,12,5,25,1715,1,1,1,1.0,5,93007,M,4893217.0,248099.0,93
201200049386,12,5,25,1800,1,1,1,1.0,3,93078,M,4895902.0,253614.0,93
201200049387,12,5,25,1810,1,1,1,1.0,5,95277,M,4897490.0,248560.0,95
201200049388,12,5,25,1930,1,1,1,1.0,4,93010,M,4888951.0,247393.0,93
201200049389,12,5,26,1030,1,1,1,1.0,1,93066,M,4892281.0,234512.0,93
201200049390,12,5,26,1430,1,1,1,1.0,3,93006,M,4886774.0,242770.0,93
201200049391,12,5,29,820,1,1,1,1.0,6,93064,M,4887085.0,248221.0,93
201200049392,12,5,30,1450,1,1,1,1.0,3,93006,M,4886469.0,241269.0,93
201200049393,12,5,31,1040,1,1,1,1.0,3,93064,M,4887085.0,248221.0,93
201200049394,12,5,31,1600,1,1,1,1.0,3,95607,M,,,95
201200049395,12,6,1,1400,1,1,1,1.0,7,93010,M,4887617.0,247313.0,93
201200049396,12,6,1,1730,1,1,1,1.0,3,92078,M,,,92
201200049397,12,6,2,1630,1,1,1,1.0,3,95500,M,,,95
201200049398,12,6,3,510,4,1,1,3.0,6,95582,M,,,95
201200049399,12,6,3,1300,1,1,1,1.0,2,95582,M,,,95
201200049400,12,6,3,1430,1,1,1,1.0,2,93010,M,4888951.0,247393.0,93
201200049401,12,6,3,2030,1,1,1,1.0,3,93006,M,4886913.0,242944.0,93
201200049402,12,6,3,2120,2,1,1,1.0,6,95306,M,,,95
201200049403,12,6,4,405,4,1,1,2.0,2,60631,M,,,60
201200049404,12,6,4,700,1,1,1,1.0,2,92036,M,,,92
201200049405,12,6,4,900,1,1,1,1.0,2,95582,M,4896500.0,227010.0,95
201200049406,12,6,8,1230,1,1,1,2.0,2,93005,M,4894831.0,247545.0,93
201200049407,12,6,5,730,1,1,1,1.0,6,93048,M,4887175.0,243320.0,93
201200049408,12,6,5,1220,1,1,1,1.0,4,93064,M,4886823.0,248200.0,93
201200049409,12,6,5,1700,1,1,1,1.0,3,93066,M,4892213.0,235879.0,93
201200049410,12,6,6,1015,1,1,1,2.0,6,93010,M,4888951.0,247393.0,93
201200049411,12,6,7,840,1,1,1,1.0,2,95351,M,,,95
201200049412,12,6,8,2100,1,1,1,1.0,6,95572,M,,,95
201200049413,12,6,9,545,1,1,1,1.0,2,93078,M,4895807.0,253126.0,93
201200049414,12,6,9,2020,1,1,1,1.0,6,93010,M,4888970.0,247383.0,93
201200049415,12,6,10,530,2,1,1,1.0,6,93064,M,4888706.0,247496.0,93
201200049416,12,6,10,1900,1,1,1,2.0,6,95365,M,,,95
201200049417,12,6,11,1830,1,1,1,1.0,2,93010,M,4888951.0,247393.0,93
201200049418,12,6,12,700,1,1,1,1.0,3,93066,M,4893371.0,238104.0,93
201200049419,12,6,12,730,1,1,1,1.0,6,93010,M,4888951.0,247393.0,93
201200049420,12,6,13,30,3,1,1,3.0,6,95277,M,4897310.0,248810.0,95
201200049421,12,6,13,530,2,1,1,1.0,6,93053,M,4888348.0,245872.0,93
201200049422,12,6,13,1830,1,1,1,8.0,2,95028,M,,,95
201200049423,12,6,13,1820,1,1,1,3.0,6,92078,M,,,92
201200049424,12,6,13,2115,2,1,1,2.0,1,93027,M,4892783.0,241019.0,93
201200049425,12,6,14,2300,3,1,1,1.0,6,93066,M,4892173.0,236552.0,93
201200049426,12,6,15,640,3,1,1,3.0,3,95582,M,,,95
201200049427,12,6,15,635,1,1,1,3.0,7,95582,M,,,95
201200049428,12,6,15,1000,1,1,1,2.0,7,95241,M,,,95
201200049429,12,6,15,1550,1,1,1,1.0,6,93010,M,4888951.0,247393.0,93
201200049430,12,6,15,1700,1,1,1,1.0,7,93010,M,,,93
201200049431,12,6,16,1820,1,1,1,1.0,6,95212,M,,,95
201200049432,12,6,16,720,2,1,1,2.0,7,93027,M,4892783.0,241019.0,93
201200049433,12,6,16,1140,1,1,1,8.0,6,93027,M,4893725.0,241065.0,93
201200049434,12,6,16,1345,1,1,1,3.0,6,93064,M,,,93
201200049435,12,6,16,1445,1,1,1,2.0,7,93027,M,4893725.0,241065.0,93
201200049436,12,6,16,1740,1,1,1,1.0,7,95582,M,4896420.0,226810.0,95
201200049437,12,6,17,730,1,1,1,1.0,2,93007,M,,,93
201200049438,12,6,17,1745,1,1,1,1.0,2,93006,M,,,93
201200049439,12,6,17,1925,1,1,1,1.0,5,95488,M,,,95
201200049440,12,6,18,2000,1,1,1,1.0,4,93066,M,4891032.0,235825.0,93
201200049441,12,6,18,750,1,1,1,2.0,2,93001,M,4892084.0,237199.0,93
201200049442,12,6,18,1730,1,1,1,1.0,4,95219,M,,,95
201200049443,12,6,19,700,2,1,1,1.0,7,95424,M,,,95
201200049444,12,6,19,2230,4,1,1,2.0,3,93010,M,,,93
201200049445,12,6,20,900,1,1,1,1.0,5,93064,M,,,93
201200049446,12,6,21,1741,1,1,1,1.0,5,95572,M,,,95
201200049447,12,6,22,1245,1,1,1,1.0,6,93063,M,,,93
201200049448,12,6,22,1545,1,1,1,1.0,3,93063,M,,,93
201200049449,12,6,22,1925,1,1,1,1.0,3,92078,M,,,92
201200049450,12,6,23,810,1,1,1,1.0,7,92036,M,,,92
201200049451,12,6,24,1805,1,1,1,3.0,7,93027,M,,,93
201200049452,12,6,24,2100,2,1,1,2.0,6,95018,M,,,95
201200049453,12,6,24,1800,1,1,1,2.0,3,95604,M,,,95
201200049454,12,6,25,1815,1,1,1,1.0,3,95572,M,,,95
201200049455,12,6,25,2000,2,1,1,1.0,7,93005,M,,,93
201200049456,12,6,26,610,2,1,1,2.0,3,93006,M,,,93
201200049457,12,6,27,900,1,1,1,1.0,2,93048,M,,,93
201200049458,12,6,27,1100,1,1,1,1.0,7,95424,M,,,95
201200049459,12,6,27,1330,1,1,1,1.0,3,93006,M,,,93
201200049460,12,6,27,1430,1,1,1,1.0,6,93063,M,,,93
201200049461,12,6,29,930,1,1,1,1.0,3,93007,M,,,93
201200049462,12,6,29,1320,1,1,1,1.0,2,93005,M,,,93
201200049463,12,6,29,1915,1,1,1,1.0,2,93029,M,,,93
201200049464,12,6,30,540,2,1,1,1.0,6,95488,M,,,95
201200049465,12,6,30,1320,1,1,1,1.0,3,95580,M,,,95
201200049466,12,6,15,1810,1,1,1,1.0,6,93006,M,4886745.0,242722.0,93
201200049467,12,7,1,1630,1,1,1,1.0,7,95527,M,,,95
201200049468,12,7,2,900,1,1,1,1.0,2,95582,M,,,95
201200049469,12,7,2,1444,1,1,1,1.0,4,95277,M,4897290.0,248760.0,95
201200049470,12,7,3,500,3,1,1,1.0,6,95277,M,4897630.0,249210.0,95
201200049471,12,7,3,1600,1,1,1,1.0,6,95527,M,,,95
201200049472,12,7,4,1610,1,1,1,1.0,2,95028,M,,,95
201200049473,12,7,5,1750,1,1,1,3.0,2,95277,M,,,95
201200049474,12,7,6,1900,1,1,1,3.0,4,95582,M,,,95
201200049475,12,7,7,1005,1,1,1,1.0,2,95527,M,,,95
201200049476,12,7,11,800,1,1,1,2.0,2,95018,M,,,95
201200049477,12,7,11,1815,1,1,1,2.0,3,95572,M,,,95
201200049478,12,7,11,1950,1,1,1,2.0,5,93001,M,4892100.0,237320.0,93
201200049479,12,7,11,2315,3,1,1,1.0,2,93063,M,4895870.0,252766.0,93
201200049480,12,7,12,920,1,1,1,1.0,3,95277,M,,,95
201200049481,12,7,12,1125,1,1,1,1.0,6,93008,M,4890570.0,246307.0,93
201200049482,12,7,12,1900,1,1,1,3.0,6,95212,M,,,95
201200049483,12,7,13,700,1,1,1,1.0,6,95394,M,,,95
201200049484,12,7,14,745,1,1,1,1.0,2,95582,M,,,95
201200049485,12,7,13,945,1,1,1,3.0,6,95365,M,,,95
201200049486,12,7,14,800,1,1,1,1.0,3,93066,M,4892210.0,235877.0,93
201200049487,12,7,15,1700,1,1,1,1.0,4,93053,M,4888930.0,247362.0,93
201200049488,12,7,16,830,1,1,1,1.0,2,93063,M,4892100.0,237324.0,93
201200049489,12,7,16,1010,1,1,1,1.0,7,95018,M,,,95
201200049490,12,7,17,1220,1,1,1,1.0,7,95580,M,,,95
201200049491,12,7,17,1350,1,1,1,1.0,5,95488,M,,,95
201200049492,12,7,18,520,3,1,1,1.0,5,95424,M,,,95
201200049493,12,7,18,930,1,1,1,1.0,3,93030,M,4891210.0,235809.0,93
201200049494,12,7,18,1010,1,1,1,1.0,3,95500,M,,,95
201200049495,12,7,18,2015,1,1,1,2.0,6,93064,M,4890540.0,246424.0,93
201200049496,12,7,20,700,1,1,1,1.0,3,95491,M,,,95
201200049497,12,7,21,1030,1,1,1,1.0,5,93013,M,4893880.0,241706.0,93
201200049498,12,7,21,1815,1,1,1,1.0,7,93064,M,4889860.0,246958.0,93
201200049499,12,7,23,640,1,1,1,1.0,4,95365,M,,,95
201200049500,12,7,23,1320,1,1,1,1.0,6,95572,M,,,95
201200049501,12,7,23,1430,1,1,1,1.0,2,95500,M,,,95
201200049502,12,7,24,1740,1,1,1,1.0,4,93064,M,4894320.0,247795.0,93
201200049503,12,7,24,2145,2,1,1,1.0,2,93073,M,4896510.0,251829.0,93
201200049504,12,7,25,1300,1,1,1,1.0,4,95527,M,,,95
201200049505,12,7,25,1630,1,1,1,1.0,3,92036,M,,,92
201200049506,12,7,26,700,2,1,1,1.0,7,93066,M,4890210.0,235866.0,93
201200049507,12,7,26,1230,1,1,1,1.0,2,93027,M,4890430.0,235848.0,93
201200049508,12,7,26,1530,1,1,1,1.0,7,93013,M,4893870.0,241625.0,93
201200049509,12,7,28,1630,1,1,1,1.0,6,92036,M,,,92
201200049510,12,7,28,2045,1,1,1,1.0,6,93063,M,4896220.0,252323.0,93
201200049511,12,7,29,45,3,1,1,1.0,7,92078,M,,,92
201200049512,12,7,29,620,2,1,1,1.0,6,93027,M,4892810.0,235794.0,93
201200049513,12,7,29,2230,4,1,1,3.0,6,95277,M,,,95
201200049514,12,7,29,2350,4,1,1,3.0,7,92036,M,,,92
201200049515,12,7,30,50,4,1,1,1.0,6,93027,M,4892930.0,236153.0,93
201200049516,12,7,30,450,4,1,1,1.0,2,93013,M,4893870.0,241625.0,93
201200049517,12,7,30,1805,1,1,1,1.0,3,93078,M,4896340.0,255060.0,93
201200049518,12,8,1,1230,1,1,1,1.0,2,93010,M,4888950.0,247391.0,93
201200049519,12,8,1,1900,1,1,1,1.0,4,92036,M,,,92
201200049520,12,8,2,815,1,1,1,1.0,2,92036,M,,,92
201200049521,12,8,2,1910,1,1,1,1.0,6,93006,M,4886680.0,242545.0,93
201200049522,12,8,3,650,1,1,1,1.0,7,93066,M,4892310.0,234384.0,93
201200049523,12,8,3,820,1,1,1,1.0,4,93066,M,4891900.0,235742.0,93
201200049524,12,8,3,2310,5,1,1,1.0,2,93008,M,4889630.0,246995.0,93
201200049525,12,8,4,1500,1,1,1,1.0,3,92036,M,,,92
201200049526,12,8,4,2030,1,1,1,1.0,7,95018,M,,,95
201200049527,12,8,5,1625,1,1,1,2.0,6,93027,M,4892790.0,240993.0,93
201200049528,12,8,5,1725,1,1,1,1.0,2,95256,M,,,95
201200049529,12,8,5,1810,1,1,1,2.0,7,93027,M,4892790.0,240993.0,93
201200049530,12,8,6,955,1,1,1,1.0,3,93073,M,4896800.0,256422.0,93
201200049531,12,8,6,2240,4,1,1,2.0,7,93027,M,4892830.0,241258.0,93
201200049532,12,8,8,1000,1,1,1,1.0,3,93027,M,4892780.0,241018.0,93
201200049533,12,8,8,2310,3,1,1,1.0,2,95582,M,,,95
201200049534,12,8,9,500,4,1,1,1.0,6,95582,M,,,95
201200049535,12,8,9,910,1,1,1,1.0,6,93027,M,4893840.0,241496.0,93
201200049536,12,8,10,2100,1,1,1,1.0,3,93010,M,4888950.0,247391.0,93
201200049537,12,8,11,2040,1,1,1,1.0,6,93001,M,4892080.0,237199.0,93
201200049538,12,8,12,1320,1,1,1,1.0,4,93066,M,4891660.0,235776.0,93