Num_Acc,an,mois,jour,hrmn,lum,agg,int,atm,col,com,gps,lat,long,dep
201200049539,12,8,13,540,3,1,1,1.0,6,95252,M,,,95
201200049540,12,8,13,1330,1,1,1,1.0,3,95018,M,,,95
201200049541,12,8,13,1730,1,1,1,1.0,7,93010,M,4889390.0,247192.0,93
201200049542,12,8,14,2110,3,1,1,1.0,3,93010,M,4888950.0,247391.0,93
201200049543,12,8,15,1600,1,1,1,1.0,4,93029,M,4891840.0,242873.0,93
201200049544,12,8,17,1010,1,1,1,1.0,7,93027,M,4892780.0,241019.0,93
201200049545,12,8,18,1010,1,1,1,1.0,6,95277,M,4897320.0,248870.0,95
201200049546,12,8,18,1730,1,1,1,1.0,5,93005,M,4895940.0,246604.0,93
201200049547,12,8,19,1710,1,1,1,1.0,2,93008,M,4889390.0,247179.0,93
201200049548,12,8,20,1545,1,1,1,1.0,4,93010,M,4888930.0,247381.0,93
201200049549,12,8,20,1750,1,1,1,1.0,2,95277,M,4896710.0,247760.0,95
201200049550,12,8,21,220,3,1,1,1.0,6,93073,M,4896890.0,256665.0,93
201200049551,12,8,21,1500,1,1,1,1.0,2,93008,M,4889890.0,246927.0,93
201200049552,12,8,21,1730,1,1,1,1.0,2,93066,M,4890610.0,235855.0,93
201200049553,12,8,21,1800,1,1,1,1.0,3,93008,M,4889390.0,247179.0,93
201200049554,12,8,25,300,4,1,1,8.0,6,95527,M,,,95
201200049555,12,8,26,1245,1,1,1,1.0,3,95488,M,,,95
201200049556,12,8,26,1530,1,1,1,1.0,2,95277,M,4897740.0,246880.0,95
201200049557,12,8,28,1700,1,1,1,1.0,7,93001,M,4892080.0,237196.0,93
201200049558,12,8,29,1400,1,1,1,1.0,4,93005,M,4894670.0,247628.0,93
201200049559,12,8,30,2025,4,1,1,1.0,2,93027,M,4892740.0,240729.0,93
201200049560,12,8,30,1820,1,1,1,1.0,3,95277,M,4897330.0,248950.0,95
201200049561,12,8,31,150,3,1,1,1.0,7,93066,M,4888490.0,249069.0,93
201200049562,12,8,31,1715,1,1,1,1.0,2,93027,M,4892740.0,240729.0,93
201200049563,12,8,31,1730,1,1,1,1.0,7,93078,M,4897040.0,250261.0,93
201200049564,12,9,1,1340,1,1,1,1.0,2,95572,M,,,95
201200049565,12,9,1,2215,5,1,1,1.0,6,93066,M,,,93
201200049566,12,9,2,200,4,1,1,1.0,6,93064,M,,,93
201200049567,12,9,2,1220,1,1,1,1.0,2,93027,M,,,93
201200049568,12,9,2,1710,1,1,1,1.0,3,93053,M,,,93
201200049569,12,9,3,30,3,1,1,1.0,4,93066,M,,,93
201200049570,12,9,3,1345,1,1,1,1.0,7,92078,M,,,92
201200049571,12,9,4,750,1,1,1,1.0,6,95018,M,,,95
201200049572,12,9,5,850,1,1,1,1.0,5,93027,M,,,93
201200049573,12,9,6,715,1,1,1,1.0,2,92036,M,,,92
201200049574,12,9,6,1330,1,1,1,1.0,6,95277,M,4897780.0,249450.0,95
201200049575,12,9,6,1620,1,1,1,1.0,7,92036,M,,,92
201200049576,12,9,6,1705,1,1,1,1.0,4,92078,M,,,92
201200049577,12,9,6,1800,1,1,1,1.0,7,93064,M,,,93
201200049578,12,9,6,1900,1,1,1,1.0,4,93007,M,,,93
201200049579,12,9,7,1745,1,1,1,1.0,4,95572,M,,,95
201200049580,12,9,8,915,1,1,1,1.0,6,95641,M,,,95
201200049581,12,9,8,1110,1,1,1,1.0,3,95277,M,4897390.0,248760.0,95
201200049582,12,9,8,2115,3,1,1,1.0,4,95127,M,,,95
201200049583,12,9,10,650,1,1,1,1.0,3,95582,M,,,95
201200049584,12,9,10,840,1,1,1,1.0,7,95277,M,,,95
201200049585,12,9,10,1549,1,1,1,1.0,2,95028,M,,,95
201200049586,12,9,10,1820,1,1,1,1.0,3,93008,M,,,93
201200049587,12,9,10,1830,1,1,1,1.0,2,95394,M,,,95
201200049588,12,9,11,900,1,1,1,1.0,7,92036,M,,,92
201200049589,12,9,11,945,1,1,1,2.0,2,95582,M,,,95
201200049590,12,9,11,1320,1,1,1,3.0,2,95582,M,,,95
201200049591,12,9,11,1545,1,1,1,2.0,2,95582,M,,,95
201200049592,12,9,11,1835,1,1,1,1.0,2,92078,M,,,92
201200049593,12,9,12,700,2,1,1,1.0,7,95582,M,,,95
201200049594,12,9,12,730,1,1,1,1.0,3,93005,M,,,93
201200049595,12,9,12,1030,1,1,1,1.0,7,95678,M,,,95
201200049596,12,9,13,905,1,1,1,1.0,7,93048,M,,,93
201200049597,12,9,13,900,1,1,1,1.0,2,95306,M,,,95
201200049598,12,9,13,1400,1,1,1,1.0,4,93027,M,,,93
201200049599,12,9,13,2225,3,1,1,1.0,4,93066,M,,,93
201200049600,12,9,14,1400,1,1,1,1.0,2,93008,M,,,93
201200049601,12,9,14,2000,2,1,1,1.0,7,93027,M,,,93
201200049602,12,9,15,1215,1,1,1,1.0,7,60612,M,,,60
201200049603,12,9,15,1630,1,1,1,1.0,6,95219,M,,,95
201200049604,12,9,16,1130,1,1,1,1.0,6,95365,M,,,95
201200049605,12,9,17,715,1,1,1,1.0,2,93006,M,,,93
201200049606,12,9,17,1530,1,1,1,1.0,2,95582,M,,,95
201200049607,12,9,17,1758,1,1,1,1.0,6,93027,M,,,93
201200049608,12,9,19,750,1,1,1,1.0,3,93066,M,,,93
201200049609,12,9,19,840,1,1,1,1.0,2,95394,M,,,95
201200049610,12,9,19,1445,1,1,1,1.0,6,93005,M,,,93
201200049611,12,9,19,1520,1,1,1,1.0,2,93078,M,,,93
201200049612,12,9,19,1725,1,1,1,1.0,7,95572,M,,,95
201200049613,12,9,19,1915,1,1,1,1.0,2,93048,M,,,93
201200049614,12,9,19,2050,3,1,1,1.0,7,92036,M,,,92
201200049615,12,9,20,1700,1,1,1,1.0,6,93027,M,,,93
201200049616,12,9,20,1715,1,1,1,1.0,6,93027,M,,,93
201200049617,12,9,20,1605,1,1,1,1.0,2,93048,M,,,93
201200049618,12,9,21,240,4,1,1,1.0,5,93010,M,,,93
201200049619,12,9,21,700,2,1,1,1.0,5,93066,M,,,93
201200049620,12,9,21,930,1,1,1,1.0,3,95582,M,,,95
201200049621,12,9,21,1650,1,1,1,3.0,6,93066,M,,,93
201200049622,12,9,21,1650,1,1,1,2.0,3,93064,M,,,93
201200049623,12,9,21,1830,1,1,1,2.0,7,60631,M,,,60
201200049624,12,9,21,1950,1,1,1,2.0,4,93001,M,,,93
201200049625,12,9,21,2030,5,1,1,2.0,4,93064,M,,,93
201200049626,12,9,24,815,1,1,1,2.0,7,93005,M,,,93
201200049627,12,9,24,930,1,1,1,2.0,7,92036,M,,,92
201200049628,12,9,24,2230,4,1,1,2.0,6,95582,M,,,95
201200049629,12,9,25,925,1,1,1,8.0,7,95582,M,,,95
201200049630,12,9,26,810,1,1,1,2.0,5,93007,M,,,93
201200049631,12,9,29,15,3,1,1,3.0,6,95277,M,4897380.0,248720.0,95
201200049632,12,9,27,240,3,1,1,2.0,5,95277,M,4897580.0,249040.0,95
201200049633,12,9,27,755,1,1,1,2.0,7,93078,M,,,93
201200049634,12,9,27,1245,1,1,1,1.0,7,95306,M,,,95
201200049635,12,9,27,1410,1,1,1,1.0,7,93027,M,,,93
201200049636,12,9,27,1720,1,1,1,1.0,6,93006,M,,,93
201200049637,12,9,28,1430,1,1,1,1.0,2,93005,M,,,93
201200049638,12,10,1,40,4,1,1,1.0,6,95572,M,,,95
201200049639,12,10,1,1110,1,1,1,1.0,4,93013,M,4893878.0,241704.0,93
201200049640,12,10,1,1715,1,1,1,1.0,6,95351,M,,,95
201200049641,12,10,2,835,1,1,1,2.0,7,93078,M,4896299.0,252217.0,93
201200049642,12,10,3,900,1,1,1,1.0,7,93007,M,4895263.0,245329.0,93
201200049643,12,10,3,1410,1,1,1,1.0,2,93064,M,4892132.0,237574.0,93
201200049644,12,10,3,1930,2,1,1,2.0,2,95678,M,,,95
201200049645,12,10,4,25,3,1,1,2.0,6,95277,M,4897300.0,248770.0,95
201200049646,12,10,4,745,1,1,1,3.0,6,95277,M,,,95
201200049647,12,10,4,1435,1,1,1,1.0,4,93005,M,4895633.0,247328.0,93
201200049648,12,10,4,1545,1,1,1,1.0,3,93053,M,4888346.0,245848.0,93
201200049649,12,10,4,1800,1,1,1,1.0,5,95256,M,,,95
201200049650,12,10,5,1110,1,1,1,1.0,2,95277,M,,,95
201200049651,12,10,5,1700,1,1,1,1.0,3,93005,M,4897038.0,248292.0,93
201200049652,12,10,5,2030,5,1,1,1.0,4,93006,M,4886985.0,243027.0,93
201200049653,12,10,6,1745,1,1,1,2.0,7,95582,M,,,95
201200049654,12,10,6,2150,4,1,1,3.0,5,60494,M,,,60
201200049655,12,10,7,120,3,1,1,2.0,6,95572,M,,,95
201200049656,12,10,7,130,3,1,1,2.0,7,95277,M,,,95
201200049657,12,10,7,915,1,1,1,1.0,7,93078,M,4895955.0,252670.0,93
201200049658,12,10,7,2040,3,1,1,1.0,2,93005,M,4896121.0,247356.0,93
201200049659,12,10,8,1355,1,1,1,2.0,6,93064,M,,,93
201200049660,12,10,8,1730,1,1,1,2.0,2,93078,M,4896397.0,252020.0,93
201200049661,12,10,8,1850,3,1,1,2.0,3,93027,M,4892563.0,239684.0,93
201200049662,12,10,8,1910,3,1,1,2.0,6,93027,M,4892350.0,238356.0,93
201200049663,12,10,9,820,1,1,1,8.0,2,95256,M,,,95
201200049664,12,10,9,1100,1,1,1,2.0,6,93001,M,4892090.0,237193.0,93
201200049665,12,10,9,2200,3,1,1,3.0,2,93001,M,4892087.0,237091.0,93
201200049666,12,10,9,2320,4,1,1,2.0,6,93053,M,4888735.0,247361.0,93
201200049667,12,10,10,30,3,1,1,2.0,3,92078,M,,,92
201200049668,12,10,10,810,1,1,1,2.0,3,93064,M,4888381.0,246691.0,93
201200049669,12,10,10,830,1,1,1,2.0,6,95018,M,,,95
201200049670,12,10,10,840,1,1,1,2.0,6,93066,M,4892804.0,235774.0,93
201200049671,12,10,10,1000,1,1,1,8.0,3,93010,M,4888951.0,247393.0,93
201200049672,12,10,10,1045,1,1,1,1.0,6,93066,M,4891916.0,235747.0,93
201200049673,12,10,10,1300,1,1,1,1.0,6,93066,M,4891661.0,235777.0,93
201200049674,12,10,10,1715,1,1,1,1.0,5,93066,M,4893390.0,238369.0,93
201200049675,12,10,10,2030,3,1,1,1.0,6,93008,M,4891754.0,242915.0,93
201200049676,12,10,11,605,3,1,1,1.0,7,95394,M,,,95
201200049677,12,10,11,950,1,1,1,1.0,2,95218,M,,,95
201200049678,12,10,11,1425,1,1,1,2.0,4,92036,M,,,92
201200049679,12,10,11,2130,3,1,1,2.0,6,93027,M,4892823.0,241285.0,93
201200049680,12,10,12,400,4,1,1,2.0,7,92036,M,,,92
201200049681,12,10,12,850,1,1,1,1.0,2,93053,M,4889465.0,247153.0,93
201200049682,12,10,13,1830,1,1,1,1.0,5,95641,M,,,95
201200049683,12,10,12,1920,3,1,1,2.0,6,93027,M,4893577.0,240422.0,93
201200049684,12,10,12,1945,3,1,1,1.0,2,95527,M,,,95
201200049685,12,10,13,1210,1,1,1,3.0,2,93010,M,4888951.0,247393.0,93
201200049686,12,10,13,1550,1,1,1,3.0,6,93064,M,4888317.0,247014.0,93
201200049687,12,10,13,2330,3,1,1,2.0,7,93078,M,4896226.0,252312.0,93
201200049688,12,10,14,1335,1,1,1,2.0,6,93027,M,4893722.0,241018.0,93
201200049689,12,10,14,1400,1,1,1,2.0,6,95277,M,4897340.0,248560.0,95
201200049690,12,10,14,1740,1,1,1,2.0,6,93078,M,4895883.0,252753.0,93
201200049691,12,10,14,1910,3,1,1,2.0,7,93078,M,4895848.0,253345.0,93
201200049692,12,10,14,2300,3,1,1,2.0,6,93078,M,4895955.0,252670.0,93
201200049693,12,10,15,15,3,1,1,1.0,7,93027,M,4892787.0,241003.0,93
201200049694,12,10,15,920,1,1,1,1.0,3,93066,M,4893371.0,238106.0,93
201200049695,12,10,15,1630,1,1,1,1.0,2,95491,M,,,95
201200049696,12,10,15,1750,1,1,1,1.0,6,95604,M,,,95
201200049697,12,10,15,2020,3,1,1,1.0,6,95277,M,,,95
201200049698,12,10,16,930,2,1,1,1.0,2,93027,M,4893493.0,240031.0,93
201200049699,12,10,15,945,1,1,1,1.0,6,93001,M,4892090.0,237193.0,93
201200049700,12,10,16,1033,1,1,1,1.0,7,93066,M,4892177.0,236522.0,93
201200049701,12,10,17,620,3,1,1,1.0,7,95252,M,,,95
201200049702,12,10,17,650,3,1,1,2.0,2,95572,M,,,95
201200049703,12,10,17,930,1,1,1,1.0,4,95582,M,,,95
201200049704,12,10,17,1550,1,1,1,1.0,6,93027,M,4892350.0,238356.0,93
201200049705,12,10,17,1845,3,1,1,1.0,6,93048,M,4887311.0,243567.0,93
201200049706,12,10,18,840,1,1,1,1.0,2,93064,M,4888389.0,246944.0,93
201200049707,12,10,18,1000,1,1,1,1.0,2,93063,M,4887847.0,244691.0,93
201200049708,12,10,18,2300,4,1,1,2.0,2,93066,M,,,93
201200049709,12,10,19,30,4,1,1,2.0,6,92036,M,,,92
201200049710,12,10,19,930,1,1,1,1.0,4,93006,M,,,93
201200049711,12,10,19,2100,4,1,1,8.0,5,93007,M,,,93
201200049712,12,10,20,1335,1,1,1,2.0,7,93027,M,,,93
201200049713,12,10,20,1740,1,1,1,2.0,6,93027,M,,,93
201200049714,12,10,20,1910,3,1,1,8.0,6,93005,M,,,93
201200049715,12,10,20,2150,4,1,1,2.0,6,95582,M,,,95
201200049716,12,10,21,205,3,1,1,2.0,6,93066,M,,,93
201200049717,12,10,21,330,4,1,1,8.0,3,93078,M,,,93
201200049718,12,10,21,420,4,1,1,2.0,6,93053,M,,,93
201200049719,12,10,21,910,1,1,1,2.0,6,95256,M,,,95
201200049720,12,10,21,1030,1,1,1,2.0,6,93008,M,,,93
201200049721,12,10,21,1025,1,1,1,1.0,6,93027,M,,,93
201200049722,12,10,22,945,1,1,1,1.0,3,95306,M,,,95
201200049723,12,10,22,1630,1,1,1,1.0,7,93006,M,,,93
201200049724,12,10,23,1750,1,1,1,1.0,5,93005,M,,,93
201200049725,12,10,23,1815,2,1,1,1.0,5,92036,M,,,92
201200049726,12,10,23,2000,3,1,1,1.0,2,95580,M,,,95
201200049727,12,10,24,400,4,1,1,1.0,5,95604,M,,,95
201200049728,12,10,24,700,2,1,1,1.0,6,93006,M,,,93
201200049729,12,10,24,1750,1,1,1,1.0,7,93010,M,,,93
201200049730,12,10,25,830,2,1,1,1.0,3,93005,M,,,93
201200049731,12,10,27,2015,3,1,1,1.0,6,93064,M,,,93
201200049732,12,10,28,1230,1,1,1,1.0,6,95154,M,,,95
201200049733,12,10,28,1805,3,1,1,1.0,4,93064,M,,,93
201200049734,12,10,29,200,3,1,1,2.0,6,92078,M,,,92
201200049735,12,10,29,720,1,1,1,1.0,5,95675,M,,,95
201200049736,12,10,29,2215,4,1,1,1.0,6,93006,M,,,93
201200049737,12,10,30,1905,3,1,1,1.0,4,60612,M,,,60
201200049738,12,10,31,1800,4,1,1,1.0,3,95572,M,,,95
201200049739,12,11,1,335,3,1,1,1.0,6,93008,M,4890787.0,245266.0,93
201200049740,12,11,1,1400,1,1,1,1.0,6,95277,M,4897360.0,248630.0,95
201200049741,12,11,1,2200,3,1,1,1.0,3,95582,M,,,95
201200049742,12,11,2,1325,1,1,1,2.0,6,93053,M,4888376.0,246679.0,93
201200049743,12,11,2,1645,1,1,1,1.0,7,95582,M,,,95
201200049744,12,11,2,1910,5,1,1,1.0,2,93008,M,4890109.0,246930.0,93
201200049745,12,11,2,1913,2,1,1,1.0,2,93005,M,4894833.0,247546.0,93
201200049746,12,11,3,855,1,1,1,2.0,7,95394,M,,,95
201200049747,12,11,3,1005,1,1,1,2.0,7,93053,M,4887372.0,243677.0,93
201200049748,12,11,3,1000,1,1,1,2.0,3,95582,M,,,95
201200049749,12,11,4,1300,1,1,1,1.0,7,95582,M,,,95
201200049750,12,11,4,1315,1,1,1,1.0,7,95203,M,4897750.0,228830.0,95
201200049751,12,11,4,1700,1,1,1,1.0,7,95394,M,,,95
201200049752,12,11,4,1900,3,1,1,1.0,2,93048,M,4887312.0,243594.0,93
201200049753,12,11,6,840,1,1,1,1.0,4,95028,M,,,95
201200049754,12,11,6,1130,1,1,1,1.0,2,93010,M,4888925.0,247383.0,93
201200049755,12,11,6,1030,1,1,1,1.0,6,93029,M,4891885.0,242870.0,93
201200049756,12,11,6,1810,1,1,1,1.0,3,93008,M,4889895.0,246929.0,93
201200049757,12,11,7,1800,1,1,1,1.0,6,95555,M,4897140.0,227590.0,95
201200049758,12,11,7,1740,3,1,1,1.0,2,92036,M,,,92
201200049759,12,11,7,1940,3,1,1,1.0,2,93005,M,4896858.0,247896.0,93
201200049760,12,11,8,805,1,1,1,1.0,3,93010,M,4888821.0,247421.0,93
201200049761,12,11,8,1530,1,1,1,1.0,7,93078,M,4895887.0,253547.0,93
201200049762,12,11,9,840,1,1,1,1.0,3,95682,M,,,95
201200049763,12,11,9,2130,4,1,1,2.0,6,95394,M,,,95
201200049764,12,11,22,110,3,1,1,2.0,6,93078,M,,,93
201200049765,12,11,10,820,2,1,1,1.0,2,93078,M,4895945.0,252684.0,93
201200049766,12,11,10,1015,2,1,1,1.0,7,93005,M,4896695.0,247763.0,93
201200049767,12,11,10,1630,1,1,1,1.0,7,60241,M,,,60
201200049768,12,11,10,2220,3,1,1,1.0,6,93063,M,4888100.0,245286.0,93
201200049769,12,11,11,210,3,1,1,1.0,4,93027,M,4893494.0,240026.0,93
201200049770,12,11,12,2200,2,1,1,1.0,3,93010,M,4888951.0,247393.0,93
201200049771,12,11,13,1000,1,1,1,1.0,4,95500,M,,,95
201200049772,12,11,13,1000,1,1,1,1.0,5,93064,M,4887808.0,247675.0,93
201200049773,12,11,13,1710,1,1,1,1.0,4,92036,M,,,92
201200049774,12,11,14,730,1,1,1,1.0,3,93048,M,4887230.0,243427.0,93
201200049775,12,11,14,1500,1,1,1,1.0,2,93006,M,4886609.0,242276.0,93
201200049776,12,11,14,1745,3,1,1,1.0,4,95500,M,,,95
201200049777,12,11,15,1210,1,1,1,1.0,3,95219,M,,,95
201200049778,12,11,15,1245,1,1,1,1.0,6,95641,M,,,95
201200049779,12,11,15,1840,3,1,1,1.0,6,93073,M,4896682.0,256071.0,93
201200049780,12,11,16,1340,1,1,1,1.0,6,95306,M,,,95
201200049781,12,11,16,2045,5,1,1,1.0,5,93008,M,4891316.0,243523.0,93
201200049782,12,11,18,1300,1,1,1,2.0,6,93027,M,4893451.0,239760.0,93
201200049783,12,11,18,1355,1,1,1,1.0,6,95394,M,,,95
201200049784,12,11,18,1500,1,1,1,1.0,6,95252,M,,,95
201200049785,12,11,18,1545,1,1,1,8.0,4,95277,M,,,95
201200049786,12,11,19,800,1,1,1,1.0,3,95394,M,,,95
201200049787,12,11,20,1730,3,1,1,1.0,6,93048,M,,,93
201200049788,12,11,20,1815,3,1,1,1.0,3,93010,M,,,93
201200049789,12,11,21,820,1,1,1,1.0,4,93007,M,,,93
201200049790,12,11,21,1000,1,1,1,2.0,6,93048,M,,,93
201200049791,12,11,22,1110,1,1,1,1.0,6,95219,M,,,95
201200049792,12,11,22,1700,3,1,1,1.0,3,93064,M,,,93
201200049793,12,11,23,1430,1,1,1,2.0,3,93063,M,,,93
201200049794,12,11,23,1500,1,1,1,2.0,7,93027,M,,,93
201200049795,12,11,23,1600,1,1,1,2.0,6,93064,M,,,93
201200049796,12,11,23,1730,3,1,1,3.0,3,95675,M,,,95
201200049797,12,11,23,2200,3,1,1,2.0,7,93006,M,,,93
201200049798,12,11,24,110,4,1,1,8.0,7,93078,M,,,93
201200049799,12,11,24,1745,2,1,1,1.0,3,95252,M,,,95
201200049800,12,11,26,900,1,1,1,1.0,6,95252,M,,,95
201200049801,12,11,26,1815,5,1,1,1.0,3,93048,M,,,93
201200049802,12,11,26,2315,3,1,1,1.0,2,95365,M,,,95
201200049803,12,11,27,700,2,1,1,1.0,4,93064,M,,,93
201200049804,12,11,27,1440,1,1,1,2.0,3,95018,M,,,95
201200049805,12,11,27,1805,3,1,1,2.0,2,93066,M,,,93
201200049806,12,11,27,2120,3,1,1,2.0,2,95365,M,,,95
201200049807,12,11,28,745,2,1,1,1.0,3,92078,M,,,92
201200049808,12,11,28,920,1,1,1,1.0,3,92036,M,,,92
201200049809,12,11,28,1230,1,1,1,1.0,6,95424,M,,,95
201200049810,12,11,29,555,3,1,1,2.0,3,93006,M,,,93
201200049811,12,11,29,730,1,1,1,1.0,3,93066,M,,,93
201200049812,12,11,29,905,1,1,1,2.0,3,93007,M,,,93
201200049813,12,11,30,230,3,1,1,1.0,4,93064,M,,,93
201200049814,12,11,30,900,1,1,1,1.0,7,93029,M,,,93
201200049815,12,11,30,1730,2,1,1,1.0,4,93066,M,,,93
201200049816,12,11,30,1900,4,1,1,1.0,2,93066,M,,,93
201200049817,12,11,30,1915,3,1,1,1.0,6,92036,M,,,92
201200049818,12,11,30,2050,3,1,1,1.0,7,95582,M,,,95
201200049819,12,12,1,150,3,1,1,1.0,6,95572,M,,,95
201200049820,12,12,1,1030,1,1,1,1.0,6,95582,M,,,95
201200049821,12,12,1,1335,1,1,1,1.0,2,93066,M,,,93
201200049822,12,12,2,45,3,1,1,2.0,5,95678,M,,,95
201200049823,12,12,2,300,3,1,1,3.0,7,93027,M,,,93
201200049824,12,12,2,400,4,1,1,1.0,3,95394,M,,,95
201200049825,12,12,2,638,3,1,1,1.0,6,95365,M,,,95
201200049826,12,12,2,700,3,1,1,1.0,3,95277,M,4897280.0,248720.0,95
201200049827,12,12,2,900,1,1,1,1.0,6,95527,M,,,95
201200049828,12,12,2,1430,1,1,1,1.0,2,95212,M,,,95
201200049829,12,12,3,500,3,1,1,3.0,2,92036,M,,,92
201200049830,12,12,3,1340,1,1,1,1.0,7,93078,M,,,93
201200049831,12,12,3,1320,1,1,1,2.0,7,95424,M,,,95
201200049832,12,12,3,1500,1,1,1,2.0,3,93027,M,,,93
201200049833,12,12,3,2145,4,1,1,1.0,2,95641,M,,,95
201200049834,12,12,3,2220,3,1,1,1.0,2,93027,M,,,93
201200049835,12,12,4,905,1,1,1,2.0,7,95306,M,,,95
201200049836,12,12,4,1000,1,1,1,2.0,2,93066,M,,,93
201200049837,12,12,4,1000,1,1,1,2.0,7,95219,M,,,95
201200049838,12,12,3,2130,3,1,1,2.0,7,95572,M,,,95
201200049839,12,12,4,1400,1,1,1,1.0,2,93066,M,,,93
201200049840,12,12,4,2030,3,1,1,2.0,7,95018,M,,,95
201200049841,12,12,5,920,1,1,1,1.0,3,93066,M,,,93
201200049842,12,12,5,2000,5,1,1,1.0,7,95555,M,4896960.0,227530.0,95
201200049843,12,12,6,900,1,1,1,8.0,2,93064,M,,,93
201200049844,12,12,6,1715,1,1,1,1.0,2,93006,M,,,93
201200049845,12,12,6,1900,3,1,1,1.0,7,95306,M,,,95
201200049846,12,12,6,1900,5,1,1,1.0,3,93063,M,,,93
201200049847,12,12,7,1300,1,1,1,3.0,6,95277,M,4897350.0,248590.0,95
201200049848,12,12,7,1850,3,1,1,2.0,2,93053,M,,,93
201200049849,12,12,8,135,4,1,1,1.0,7,93027,M,,,93
201200049850,12,12,8,845,1,1,1,1.0,6,93027,M,,,93
201200049851,12,12,8,900,1,1,1,2.0,6,95563,M,,,95
201200049852,12,12,8,1045,1,1,1,1.0,6,95252,M,,,95
201200049853,12,12,9,1940,1,1,1,1.0,5,95582,M,,,95
201200049854,12,12,9,2105,3,1,1,2.0,6,95394,M,,,95
201200049855,12,12,11,715,3,1,1,1.0,6,95252,M,,,95
201200049856,12,12,10,1050,1,1,1,1.0,3,95351,M,,,95
201200049857,12,12,10,1620,1,1,1,1.0,4,92078,M,,,92
201200049858,12,12,11,1115,1,1,1,1.0,6,92036,M,,,92
201200049859,12,12,11,2000,4,1,1,1.0,5,93066,M,4892474.0,234055.0,93
201200049860,12,12,12,1020,1,1,1,1.0,3,93064,M,4887808.0,247678.0,93
201200049861,12,12,12,1255,1,1,1,7.0,3,93013,M,4893864.0,241643.0,93
201200049862,12,12,12,1330,1,1,1,1.0,3,93005,M,4895187.0,247410.0,93
201200049863,12,12,12,1820,5,1,1,1.0,3,93048,M,4887312.0,243594.0,93
201200049864,12,12,13,415,4,1,1,1.0,2,93078,M,4895936.0,253744.0,93
201200049865,12,12,13,1235,1,1,1,2.0,6,95256,M,,,95
201200049866,12,12,14,1430,1,1,1,3.0,7,93006,M,4886543.0,242019.0,93
201200049867,12,12,14,1550,1,1,1,2.0,3,92036,M,,,92
201200049868,12,12,14,1600,1,1,1,2.0,6,95365,M,,,95
201200049869,12,12,14,2310,4,1,1,1.0,4,93008,M,4890630.0,245905.0,93
201200049870,12,12,15,140,4,1,1,2.0,5,95582,M,,,95
201200049871,12,12,15,250,3,1,1,2.0,6,95563,M,,,95
201200049872,12,12,15,2330,3,1,1,2.0,6,93027,M,4892343.0,238364.0,93
201200049873,12,12,16,345,5,1,1,1.0,6,93066,M,4890160.0,235907.0,93
201200049874,12,12,16,500,3,1,1,8.0,7,93078,M,4895822.0,253225.0,93
201200049875,12,12,16,1530,1,1,1,1.0,5,93066,M,4892213.0,235879.0,93
201200049876,12,12,16,2145,4,1,1,2.0,2,95394,M,,,95
201200049877,12,12,18,1710,1,1,1,1.0,6,95256,M,,,95
201200049878,12,12,19,915,1,1,1,1.0,6,60612,M,,,60
201200049879,12,12,19,1910,3,1,1,2.0,2,60631,M,,,60
201200049880,12,12,19,1935,3,1,1,2.0,4,95572,M,,,95
201200049881,12,12,20,730,3,1,1,2.0,3,93066,M,,,93
201200049882,12,12,20,915,1,1,1,2.0,2,95018,M,,,95
201200049883,12,12,20,930,1,1,1,1.0,4,95491,M,,,95
201200049884,12,12,20,1115,1,1,1,2.0,6,93078,M,,,93
201200049885,12,12,20,1730,2,1,1,2.0,3,93064,M,,,93
201200049886,12,12,20,930,1,1,1,2.0,7,95582,M,,,95
201200049887,12,12,21,620,5,1,1,1.0,2,93027,M,,,93
201200049888,12,12,21,1400,1,1,1,1.0,6,95582,M,,,95
201200049889,12,12,21,1835,3,1,1,1.0,6,95151,M,,,95
201200049890,12,12,22,930,1,1,1,2.0,6,95572,M,,,95
201200049891,12,12,22,1420,1,1,1,2.0,7,93027,M,,,93
201200049892,12,12,22,1750,3,1,1,2.0,6,95582,M,,,95
201200049893,12,12,22,1730,3,1,1,2.0,2,93010,M,,,93
201200049894,12,12,22,2145,3,1,1,3.0,3,95582,M,,,95
201200049895,12,12,23,115,4,1,1,1.0,6,95277,M,4897340.0,248560.0,95
201200049896,12,12,23,100,3,1,1,1.0,6,95572,M,,,95
201200049897,12,12,23,440,4,1,1,1.0,6,95394,M,,,95
201200049898,12,12,24,730,5,1,1,1.0,6,93066,M,,,93
201200049899,12,12,24,1230,1,1,1,1.0,7,92036,M,,,92
201200049900,12,12,27,550,3,1,1,3.0,6,93064,M,,,93
201200049901,12,12,27,615,3,1,1,2.0,6,93027,M,,,93
201200049902,12,12,27,1015,1,1,1,8.0,4,95582,M,,,95
201200049903,12,12,27,1400,1,1,1,2.0,3,95582,M,,,95
201200049904,12,12,28,1355,1,1,1,1.0,3,95060,M,,,95
201200049905,12,12,28,1740,3,1,1,1.0,6,95277,M,4897320.0,248860.0,95