Num_Acc,an,mois,jour,hrmn,lum,agg,int,atm,col,com,gps,lat,long,dep
201200049906,12,12,29,1730,3,1,1,1.0,3,93078,M,,,93
201200049907,12,12,30,230,3,1,1,1.0,3,95582,M,,,95
201200049908,12,12,30,1500,1,1,1,1.0,6,95572,M,,,95
201200049909,12,12,31,1620,1,1,1,1.0,6,95572,M,,,95
201200049910,12,12,2,610,3,2,1,4.0,7,93010,M,0.0,0.0,93
201200049911,12,1,1,510,4,1,1,8.0,7,92036,M,,,92
201200049912,12,1,1,700,3,1,1,2.0,6,78140,M,,,78
201200049913,12,1,1,850,1,1,1,2.0,2,92012,M,,,92
201200049914,12,1,1,1900,3,1,1,2.0,4,78291,M,,,78
201200049915,12,1,2,1519,1,1,1,7.0,6,78242,M,,,78
201200049916,12,1,2,1817,3,1,1,1.0,4,78238,M,,,78
201200049917,12,1,2,2230,5,1,1,2.0,6,92063,M,,,92
201200049918,12,1,3,1755,4,1,1,2.0,4,92064,M,,,92
201200049919,12,1,4,1620,1,1,1,1.0,3,92025,M,,,92
201200049920,12,1,5,850,1,1,1,1.0,3,78297,M,,,78
201200049921,12,1,5,1400,1,1,1,6.0,6,78208,M,,,78
201200049922,12,1,5,2010,3,1,1,1.0,4,92064,M,,,92
201200049923,12,1,7,600,3,1,1,1.0,6,92050,M,,,92
201200049924,12,1,7,1800,5,1,1,1.0,4,78640,M,,,78
201200049925,12,1,8,510,3,1,1,1.0,1,78007,M,,,78
201200049926,12,1,8,1645,1,1,1,1.0,6,78466,M,,,78
201200049927,12,1,10,820,5,1,1,1.0,5,92050,M,,,92
201200049928,12,1,10,1305,1,1,1,1.0,6,78545,M,,,78
201200049929,12,1,10,2030,3,1,1,1.0,3,78217,M,,,78
201200049930,12,1,12,740,3,1,1,1.0,2,78126,M,,,78
201200049931,12,1,12,1950,3,1,1,1.0,2,78322,M,,,78
201200049932,12,1,13,1550,1,1,1,1.0,3,78423,M,,,78
201200049933,12,1,13,1700,1,1,1,1.0,6,78322,M,,,78
201200049934,12,1,13,2200,5,1,1,1.0,4,78646,M,,,78
201200049935,12,1,14,1307,1,1,1,1.0,4,92012,M,,,92
201200049936,12,1,15,1915,5,1,1,1.0,3,78466,M,,,78
201200049937,12,1,15,2120,3,1,1,1.0,2,92072,M,,,92
201200049938,12,1,16,840,1,1,1,1.0,3,78490,M,,,78
201200049939,12,1,16,1009,1,1,1,1.0,3,92072,M,,,92
201200049940,12,1,17,710,5,1,1,1.0,2,92064,M,,,92
201200049941,12,1,17,753,3,1,1,1.0,2,78402,M,,,78
201200049942,12,1,17,1037,5,1,1,1.0,2,92062,M,,,92
201200049943,12,1,18,1230,5,1,1,1.0,2,92012,M,,,92
201200049944,12,1,18,1610,1,1,1,2.0,7,92064,M,,,92
201200049945,12,1,20,650,4,1,1,1.0,5,92048,M,,,92
201200049946,12,1,20,1925,3,1,1,2.0,3,92025,M,,,92
201200049947,12,1,20,2310,3,1,1,1.0,7,92036,M,,,92
201200049948,12,1,22,1310,1,1,1,1.0,2,92012,M,,,92
201200049949,12,1,23,720,5,1,1,1.0,5,78362,M,,,78
201200049950,12,1,24,805,2,1,1,2.0,4,78431,M,,,78
201200049951,12,1,24,815,2,1,1,2.0,2,78238,M,,,78
201200049952,12,1,25,1420,1,1,1,2.0,6,78208,M,,,78
201200049953,12,1,26,650,2,1,1,2.0,2,92047,M,,,92
201200049954,12,1,26,940,1,1,1,1.0,5,78007,M,,,78
201200049955,12,1,27,1050,1,1,1,1.0,5,92060,M,,,92
201200049956,12,1,27,1830,5,1,1,1.0,2,78073,M,,,78
201200049957,12,1,28,230,3,1,1,3.0,2,78133,M,,,78
201200049958,12,1,28,620,3,1,1,2.0,4,92025,M,,,92
201200049959,12,1,30,743,3,1,1,1.0,5,92047,M,,,92
201200049960,12,1,30,910,2,1,1,1.0,2,92023,M,,,92
201200049961,12,1,31,1712,1,1,1,1.0,2,78455,M,,,78
201200049962,12,2,1,1330,1,1,1,1.0,2,78297,M,,,78
201200049963,12,2,3,840,1,1,1,1.0,5,78640,M,,,78
201200049964,12,2,3,855,1,1,1,1.0,2,92050,M,,,92
201200049965,12,2,4,1230,1,1,1,1.0,6,78206,M,,,78
201200049966,12,2,4,1415,1,1,1,1.0,4,78007,M,,,78
201200049967,12,2,4,1440,1,1,1,1.0,2,92036,M,,,92
201200049968,12,2,4,1519,1,1,1,1.0,6,78490,M,,,78
201200049969,12,2,5,1800,2,1,1,4.0,6,78322,M,,,78
201200049970,12,2,7,612,3,1,1,1.0,3,78238,M,,,78
201200049971,12,2,8,5,3,1,1,4.0,6,78073,M,,,78
201200049972,12,2,8,1925,3,1,1,1.0,3,78640,M,,,78
201200049973,12,2,9,848,1,1,1,1.0,6,78217,M,,,78
201200049974,12,2,9,1005,1,1,1,1.0,2,78498,M,,,78
201200049975,12,2,9,855,1,1,1,9.0,2,92072,M,,,92
201200049976,12,2,9,1720,1,1,1,1.0,6,78043,M,,,78
201200049977,12,2,10,520,3,1,1,9.0,6,78646,M,,,78
201200049978,12,2,10,1000,1,1,1,1.0,7,92036,M,,,92
201200049979,12,2,11,640,3,1,1,1.0,5,78571,M,,,78
201200049980,12,2,11,1600,1,1,1,1.0,4,92012,M,,,92
201200049981,12,2,11,1806,1,1,1,1.0,5,78029,M,,,78
201200049982,12,2,12,1310,1,1,1,1.0,2,92050,M,,,92
201200049983,12,2,12,1330,1,1,1,8.0,5,92050,M,,,92
201200049984,12,2,13,1100,1,1,1,1.0,2,92064,M,,,92
201200049985,12,2,15,620,3,1,1,2.0,6,78029,M,,,78
201200049986,12,2,15,830,1,1,1,1.0,3,78140,M,,,78
201200049987,12,2,15,1020,1,1,1,1.0,7,78322,M,,,78
201200049988,12,2,15,959,1,1,1,1.0,2,92025,M,,,92
201200049989,12,2,15,1740,1,1,1,2.0,3,78217,M,,,78
201200049990,12,2,15,1825,3,1,1,1.0,7,78466,M,,,78
201200049991,12,2,17,745,2,1,1,1.0,7,78126,M,,,78
201200049992,12,2,17,1500,1,1,1,1.0,6,78073,M,,,78
201200049993,12,2,17,1615,1,1,1,2.0,5,92048,M,,,92
201200049994,12,2,18,705,1,1,1,2.0,5,78322,M,,,78
201200049995,12,2,18,749,2,1,1,9.0,2,78073,M,,,78
201200049996,12,2,19,1643,1,1,1,1.0,3,92036,M,,,92
201200049997,12,2,21,911,1,1,1,1.0,2,78640,M,,,78
201200049998,12,2,22,1000,1,1,1,1.0,5,92036,M,,,92
201200049999,12,2,22,1950,3,1,1,1.0,6,78490,M,,,78
201200050000,12,2,24,1920,3,1,1,1.0,3,78640,M,,,78
201200050001,12,2,25,1100,1,1,1,8.0,4,92051,M,,,92
201200050002,12,2,27,1550,1,1,1,1.0,6,78362,M,,,78
201200050003,12,2,28,1130,1,1,1,1.0,2,92064,M,,,92
201200050004,12,2,28,1900,5,1,1,1.0,2,78362,M,,,78
201200050005,12,2,29,2000,3,1,1,1.0,2,78043,M,,,78
201200050006,12,3,1,1750,1,1,1,1.0,2,92036,M,,,92
201200050007,12,3,2,1859,2,1,1,1.0,3,78455,M,,,78
201200050008,12,3,3,1550,1,1,1,1.0,2,78545,M,,,78
201200050009,12,3,4,1535,1,1,1,2.0,2,92036,M,,,92
201200050010,12,3,4,1845,3,1,1,3.0,3,78133,M,,,78
201200050011,12,3,5,2220,5,1,1,6.0,2,92025,M,,,92
201200050012,12,3,6,850,1,1,1,1.0,3,92047,M,,,92
201200050013,12,3,7,1015,1,1,1,1.0,5,78090,M,,,78
201200050014,12,3,8,2212,5,1,1,9.0,6,78322,M,,,78
201200050015,12,3,8,600,3,1,1,1.0,6,78431,M,,,78
201200050016,12,3,8,955,1,1,1,1.0,2,78073,M,,,78
201200050017,12,3,8,1755,1,1,1,1.0,3,78423,M,,,78
201200050018,12,3,8,2137,5,1,1,1.0,6,78640,M,,,78
201200050019,12,3,9,1845,2,1,1,1.0,1,92050,M,,,92
201200050020,12,3,10,515,5,1,1,1.0,2,92064,M,,,92
201200050021,12,3,11,619,3,1,1,5.0,6,78242,M,,,78
201200050022,12,3,11,2110,3,1,1,1.0,6,78490,M,,,78
201200050023,12,3,12,1645,1,1,1,1.0,2,78238,M,,,78
201200050024,12,3,12,2025,3,1,1,1.0,6,78043,M,,,78
201200050025,12,3,13,730,1,1,1,5.0,5,78490,M,,,78
201200050026,12,3,13,1220,5,1,1,1.0,2,92051,M,,,92
201200050027,12,3,13,1720,1,1,1,1.0,3,92050,M,,,92
201200050028,12,3,13,1820,1,1,1,1.0,2,92064,M,,,92
201200050029,12,3,14,1747,1,1,1,1.0,3,92025,M,,,92
201200050030,12,3,16,820,1,1,1,1.0,2,78640,M,,,78
201200050031,12,3,16,845,1,1,1,1.0,3,92051,M,,,92
201200050032,12,3,16,1600,1,1,1,1.0,6,78090,M,,,78
201200050033,12,3,16,1740,2,1,1,7.0,6,78362,M,,,78
201200050034,12,3,16,1755,1,1,1,1.0,6,78640,M,,,78
201200050035,12,3,16,1925,3,1,1,1.0,2,78646,M,,,78
201200050036,12,3,19,740,1,1,1,1.0,4,92048,M,,,92
201200050037,12,3,21,526,3,1,1,1.0,2,78126,M,,,78
201200050038,12,3,21,946,1,1,1,1.0,3,92063,M,,,92
201200050039,12,3,21,1510,1,1,1,1.0,3,92036,M,,,92
201200050040,12,3,21,1700,1,1,1,1.0,5,78646,M,,,78
201200050041,12,3,21,1825,1,1,1,1.0,3,78640,M,,,78
201200050042,12,3,21,1900,1,1,1,1.0,4,78640,M,,,78
201200050043,12,3,23,1710,1,1,1,7.0,2,78362,M,,,78
201200050044,12,3,23,1755,1,1,1,1.0,2,92026,M,,,92
201200050045,12,3,24,1320,1,1,1,1.0,2,92047,M,,,92
201200050046,12,3,24,1345,1,1,1,1.0,2,92047,M,,,92
201200050047,12,3,24,1710,1,1,1,1.0,2,92050,M,,,92
201200050048,12,3,26,1623,1,1,1,1.0,4,78524,M,,,78
201200050049,12,3,27,725,1,1,1,1.0,2,78322,M,,,78
201200050050,12,3,28,920,1,1,1,1.0,4,92050,M,,,92
201200050051,12,3,29,725,1,1,1,1.0,3,92047,M,,,92
201200050052,12,3,29,925,1,1,1,1.0,2,92064,M,,,92
201200050053,12,3,29,1800,1,1,1,1.0,3,78073,M,,,78
201200050054,12,3,29,910,1,1,1,1.0,4,78571,M,,,78
201200050055,12,3,30,1958,2,1,1,1.0,2,92064,M,,,92
201200050056,12,3,31,2100,3,1,1,1.0,5,78206,M,,,78
201200050057,12,4,1,1819,1,1,1,1.0,4,78208,M,,,78
201200050058,12,4,2,723,1,1,1,1.0,3,78206,M,,,78
201200050059,12,4,2,830,1,1,1,1.0,7,92060,M,,,92
201200050060,12,4,3,1532,1,1,1,1.0,6,78217,M,,,78
201200050061,12,4,4,750,1,1,1,1.0,6,78206,M,,,78
201200050062,12,4,5,1800,1,1,1,1.0,5,78646,M,,,78
201200050063,12,4,6,1705,1,1,1,1.0,2,78073,M,,,78
201200050064,12,4,6,2035,4,1,1,1.0,3,92047,M,,,92
201200050065,12,4,7,25,4,1,1,1.0,3,78423,M,,,78
201200050066,12,4,7,1943,1,1,1,1.0,6,78238,M,,,78
201200050067,12,4,10,740,1,1,1,2.0,3,78043,M,,,78
201200050068,12,4,10,830,1,1,1,2.0,3,78208,M,,,78
201200050069,12,4,10,1800,1,1,1,2.0,6,78545,M,,,78
201200050070,12,4,11,700,5,1,1,1.0,2,78242,M,,,78
201200050071,12,4,11,845,1,1,1,1.0,6,78043,M,,,78
201200050072,12,4,11,925,1,1,1,1.0,5,78524,M,,,78
201200050073,12,4,11,1850,1,1,1,1.0,4,78423,M,,,78
201200050074,12,4,12,1100,1,1,1,1.0,6,78551,M,,,78
201200050075,12,4,12,1144,1,1,1,1.0,6,78646,M,,,78
201200050076,12,4,13,1030,1,1,1,1.0,2,92036,M,,,92
201200050077,12,4,13,1955,1,1,1,1.0,6,92012,M,,,92
201200050078,12,4,13,110,3,1,1,1.0,7,78466,M,,,78
201200050079,12,4,14,1620,1,1,1,1.0,3,78217,M,,,78
201200050080,12,4,15,515,5,1,1,1.0,7,92064,M,,,92
201200050081,12,4,16,830,1,1,1,7.0,6,92025,M,,,92
201200050082,12,4,16,935,1,1,1,1.0,3,92036,M,,,92
201200050083,12,4,16,1345,1,1,1,1.0,4,92050,M,,,92
201200050084,12,4,16,1600,1,1,1,1.0,2,92036,M,,,92
201200050085,12,4,17,1755,1,1,1,1.0,2,92036,M,,,92
201200050086,12,4,17,2300,3,1,1,2.0,6,92048,M,,,92
201200050087,12,4,18,1010,1,1,1,1.0,6,78498,M,,,78
201200050088,12,4,19,1447,1,1,1,1.0,7,78217,M,,,78
201200050089,12,4,20,2115,3,1,1,3.0,7,78431,M,,,78
201200050090,12,4,21,305,5,1,1,1.0,6,92036,M,,,92
201200050091,12,4,22,1715,1,1,1,1.0,6,78029,M,,,78
201200050092,12,4,24,905,1,1,1,1.0,2,92064,M,,,92
201200050093,12,4,27,2000,1,1,1,1.0,4,78140,M,,,78
201200050094,12,4,28,1435,1,1,1,2.0,6,78073,M,,,78
201200050095,12,5,1,15,1,1,1,2.0,7,92036,M,,,92
201200050096,12,5,1,1535,1,1,1,1.0,6,78238,M,,,78
201200050097,12,5,3,902,1,1,1,8.0,2,78640,M,,,78
201200050098,12,5,3,1400,1,1,1,1.0,3,92036,M,,,92
201200050099,12,5,3,1537,1,1,1,1.0,2,92025,M,,,92
201200050100,12,5,5,1025,1,1,1,1.0,2,92051,M,,,92
201200050101,12,5,5,1400,1,1,1,1.0,6,78322,M,,,78
201200050102,12,5,5,2200,5,1,1,3.0,6,92036,M,,,92
201200050103,12,5,5,2112,2,1,1,3.0,6,78208,M,,,78
201200050104,12,5,6,1410,1,1,1,1.0,2,78073,M,,,78
201200050105,12,5,7,1940,1,1,1,1.0,6,92063,M,,,92
201200050106,12,5,8,330,5,1,1,1.0,6,92064,M,,,92
201200050107,12,5,8,1315,1,1,1,1.0,2,78043,M,,,78
201200050108,12,5,9,755,1,1,1,2.0,4,78140,M,,,78
201200050109,12,5,9,1230,1,1,1,1.0,2,78545,M,,,78
201200050110,12,5,10,1238,1,1,1,1.0,4,92025,M,,,92
201200050111,12,5,10,2330,4,1,1,1.0,2,78640,M,,,78
201200050112,12,5,11,910,1,1,1,1.0,4,78217,M,,,78
201200050113,12,5,11,1245,5,1,1,9.0,2,92050,M,,,92
201200050114,12,5,11,1923,1,1,1,1.0,3,92036,M,,,92
201200050115,12,5,12,1200,1,1,1,1.0,2,78362,M,,,78
201200050116,12,5,13,1850,1,1,1,1.0,2,78291,M,,,78
201200050117,12,5,13,2100,4,1,1,1.0,2,78646,M,,,78
201200050118,12,5,14,820,1,1,1,1.0,4,92025,M,,,92
201200050119,12,5,14,1930,1,1,1,1.0,6,78297,M,,,78
201200050120,12,5,15,723,1,1,1,1.0,3,78158,M,,,78
201200050121,12,5,15,1230,1,1,1,2.0,3,92047,M,,,92
201200050122,12,5,15,1930,1,1,1,1.0,2,92064,M,,,92
201200050123,12,5,15,2023,1,1,1,1.0,3,92064,M,,,92
201200050124,12,5,15,2310,3,1,1,1.0,2,78140,M,,,78
201200050125,12,5,16,730,1,1,1,1.0,5,78043,M,,,78
201200050126,12,5,19,305,4,1,1,1.0,6,78646,M,,,78
201200050127,12,5,20,635,5,1,1,1.0,2,92050,M,,,92
201200050128,12,5,21,1350,1,1,1,3.0,3,78524,M,,,78
201200050129,12,5,21,1800,1,1,1,3.0,6,78206,M,,,78
201200050130,12,5,22,1640,1,1,1,2.0,4,92025,M,,,92
201200050131,12,5,23,814,1,1,1,1.0,5,92050,M,,,92
201200050132,12,5,23,1640,1,1,1,1.0,7,78158,M,,,78
201200050133,12,5,24,1659,1,1,1,1.0,2,75116,M,,,75
201200050134,12,5,25,1040,1,1,1,1.0,6,78362,M,,,78
201200050135,12,5,26,1940,1,1,1,1.0,2,78291,M,,,78
201200050136,12,5,25,2100,1,1,1,1.0,6,78362,M,,,78
201200050137,12,5,26,2325,5,1,1,1.0,7,92050,M,,,92
201200050138,12,5,26,440,3,1,1,1.0,7,78646,M,,,78
201200050139,12,5,26,920,1,1,1,1.0,4,78238,M,,,78
201200050140,12,5,26,905,1,1,1,1.0,2,78238,M,,,78
201200050141,12,5,26,1430,1,1,1,7.0,2,92004,M,,,92
201200050142,12,5,27,759,1,1,1,1.0,6,78322,M,,,78
201200050143,12,5,27,1030,1,1,1,1.0,4,78362,M,,,78
201200050144,12,5,27,1625,1,1,1,1.0,6,78640,M,,,78
201200050145,12,5,28,1245,1,1,1,7.0,4,92048,M,,,92
201200050146,12,5,29,1900,1,1,1,1.0,2,75116,M,,,75
201200050147,12,5,31,40,3,1,1,2.0,6,78571,M,,,78
201200050148,12,5,31,1920,1,1,1,1.0,7,92060,M,,,92
201200050149,12,6,2,527,2,1,1,1.0,6,92064,M,,,92
201200050150,12,6,2,1410,1,1,1,7.0,6,78090,M,,,78
201200050151,12,6,3,430,3,1,1,3.0,6,78158,M,,,78
201200050152,12,6,4,37,3,1,1,3.0,6,78431,M,,,78
201200050153,12,6,5,700,1,1,1,1.0,2,92050,M,,,92
201200050154,12,6,5,745,1,1,1,1.0,2,92064,M,,,92
201200050155,12,6,6,800,1,1,1,1.0,2,78551,M,,,78
201200050156,12,6,6,1115,1,1,1,1.0,2,92050,M,,,92
201200050157,12,6,6,1145,1,1,1,1.0,6,92050,M,,,92
201200050158,12,6,6,1715,1,1,1,8.0,7,78217,M,,,78
201200050159,12,6,7,939,1,1,1,1.0,3,92036,M,,,92
201200050160,12,6,7,1422,1,1,1,3.0,4,92036,M,,,92
201200050161,12,6,7,1620,1,1,1,1.0,6,92036,M,,,92
201200050162,12,6,7,1911,1,1,1,1.0,2,92036,M,,,92
201200050163,12,6,8,849,1,1,1,8.0,2,78571,M,,,78
201200050164,12,6,8,845,1,1,1,8.0,6,92063,M,,,92
201200050165,12,6,10,955,1,1,1,8.0,6,78466,M,,,78
201200050166,12,6,10,2050,1,1,1,2.0,6,78524,M,,,78
201200050167,12,6,11,845,1,1,1,2.0,2,92047,M,,,92
201200050168,12,6,11,1450,1,1,1,1.0,6,92063,M,,,92
201200050169,12,6,11,1620,1,1,1,1.0,5,78118,M,,,78
201200050170,12,6,11,1850,1,1,1,1.0,2,78206,M,,,78
201200050171,12,6,12,1740,1,1,1,8.0,6,92025,M,,,92
201200050172,12,6,12,1740,1,1,1,2.0,7,92072,M,,,92
201200050173,12,6,13,1450,1,1,1,1.0,5,78126,M,,,78
201200050174,12,6,13,2055,2,1,1,8.0,6,78423,M,,,78
201200050175,12,6,14,250,5,1,1,1.0,7,78640,M,,,78
201200050176,12,6,14,1406,1,1,1,1.0,3,78498,M,,,78
201200050177,12,6,14,1646,1,1,1,1.0,4,78640,M,,,78
201200050178,12,6,14,1750,1,1,1,1.0,3,78545,M,,,78
201200050179,12,6,16,1230,1,1,1,2.0,3,92048,M,,,92
201200050180,12,6,16,1530,1,1,1,1.0,7,78640,M,,,78
201200050181,12,6,17,50,4,1,1,8.0,6,78206,M,,,78
201200050182,12,6,18,505,3,1,1,3.0,6,78498,M,,,78
201200050183,12,6,19,1812,1,1,1,1.0,3,78423,M,,,78
201200050184,12,6,17,1850,1,1,1,1.0,2,78291,M,,,78
201200050185,12,6,20,1815,1,1,1,1.0,5,78238,M,,,78
201200050186,12,6,21,53,3,1,1,1.0,3,78238,M,,,78
201200050187,12,6,22,750,1,1,1,1.0,3,78640,M,,,78
201200050188,12,6,22,1350,1,1,1,7.0,6,92051,M,,,92
201200050189,12,6,22,1640,1,1,1,1.0,3,78043,M,,,78
201200050190,12,6,23,1100,1,1,1,1.0,6,92036,M,,,92
201200050191,12,6,24,155,3,1,1,1.0,7,92036,M,,,92
201200050192,12,6,25,700,1,1,1,8.0,5,92047,M,,,92
201200050193,12,6,25,740,1,1,1,1.0,5,78423,M,,,78
201200050194,12,6,25,1440,1,1,1,1.0,3,78043,M,,,78
201200050195,12,6,26,745,1,1,1,3.0,7,78640,M,,,78
201200050196,12,6,26,836,1,1,1,2.0,1,92036,M,,,92
201200050197,12,6,27,1145,1,1,1,1.0,6,78524,M,,,78
201200050198,12,6,27,1900,1,1,1,1.0,2,78322,M,,,78
201200050199,12,6,28,805,1,1,1,1.0,2,78140,M,,,78
201200050200,12,6,29,1658,1,1,1,1.0,2,92050,M,,,92
201200050201,12,6,29,2050,1,1,1,1.0,3,78242,M,,,78
201200050202,12,6,30,1530,1,1,1,1.0,6,78646,M,,,78
201200050203,12,6,30,2255,4,1,1,1.0,7,92064,M,,,92
201200050204,12,7,1,706,1,1,1,1.0,6,92047,M,,,92
201200050205,12,7,2,715,1,1,1,1.0,2,78158,M,,,78
201200050206,12,7,2,1530,1,1,1,1.0,2,78490,M,,,78
201200050207,12,7,3,1650,1,1,1,1.0,3,78455,M,,,78
201200050208,12,7,3,1755,1,1,1,1.0,2,78524,M,,,78
201200050209,12,7,4,855,1,1,1,1.0,4,92025,M,,,92
201200050210,12,7,5,725,1,1,1,1.0,2,78206,M,,,78
201200050211,12,7,5,750,1,1,1,1.0,3,78322,M,,,78
201200050212,12,7,5,1250,1,1,1,1.0,3,78043,M,,,78
201200050213,12,7,8,700,1,1,1,3.0,2,92025,M,,,92
201200050214,12,7,9,1435,1,1,1,1.0,2,92062,M,,,92
201200050215,12,7,10,1750,1,1,1,1.0,6,92063,M,,,92
201200050216,12,7,11,905,1,1,1,8.0,6,92072,M,,,92
201200050217,12,7,12,1225,1,1,1,1.0,6,78524,M,,,78
201200050218,12,7,12,1754,1,1,1,2.0,2,78640,M,,,78
201200050219,12,7,14,1110,1,1,1,1.0,2,78545,M,,,78
201200050220,12,7,15,1015,1,1,1,1.0,2,78423,M,,,78
201200050221,12,7,16,1845,1,1,1,1.0,7,92050,M,,,92
201200050222,12,7,17,1010,5,1,1,1.0,3,92050,M,,,92
201200050223,12,7,18,900,1,1,1,1.0,7,92051,M,,,92
201200050224,12,7,19,210,5,1,1,1.0,6,92076,M,,,92
201200050225,12,7,19,1000,1,1,1,1.0,6,78133,M,,,78
201200050226,12,7,19,1740,1,1,1,1.0,2,92050,M,,,92
201200050227,12,7,20,300,4,1,1,1.0,6,78640,M,,,78
201200050228,12,7,21,440,3,1,1,1.0,2,92050,M,,,92
201200050229,12,7,21,955,1,1,1,1.0,6,92060,M,,,92
201200050230,12,7,22,615,2,1,1,1.0,6,78646,M,,,78
201200050231,12,7,23,1015,1,1,1,1.0,2,78140,M,,,78
201200050232,12,7,23,1430,1,1,1,1.0,3,78466,M,,,78
201200050233,12,7,23,1541,1,1,1,1.0,5,78402,M,,,78
201200050234,12,7,23,1922,1,1,1,1.0,6,78073,M,,,78
201200050235,12,7,24,1340,1,1,1,1.0,3,92064,M,,,92
201200050236,12,7,24,1830,1,1,1,1.0,3,78455,M,,,78
201200050237,12,7,25,730,1,1,1,1.0,3,92064,M,,,92
201200050238,12,7,25,955,1,1,1,1.0,3,78242,M,,,78
201200050239,12,7,25,1250,1,1,1,1.0,2,92064,M,,,92
201200050240,12,7,26,900,1,1,1,1.0,7,92025,M,,,92
201200050241,12,7,26,1035,1,1,1,1.0,3,78418,M,,,78
201200050242,12,7,26,1039,1,1,1,1.0,5,92025,M,,,92
201200050243,12,7,26,1540,1,1,1,1.0,6,78396,M,,,78
201200050244,12,7,26,1955,1,1,1,1.0,6,92036,M,,,92
201200050245,12,7,27,1400,1,1,1,1.0,5,92026,M,,,92
201200050246,12,7,27,1500,1,1,1,3.0,6,78007,M,,,78
201200050247,12,7,27,1935,1,1,1,1.0,5,92036,M,,,92
201200050248,12,7,28,900,1,1,1,8.0,6,78217,M,,,78
201200050249,12,7,29,105,4,1,1,8.0,6,92036,M,,,92
201200050250,12,7,29,2128,2,1,1,2.0,6,78418,M,,,78
201200050251,12,7,30,730,1,1,1,1.0,2,92064,M,,,92
201200050252,12,7,30,830,1,1,1,1.0,3,78126,M,,,78
201200050253,12,7,30,1947,1,1,1,1.0,2,92012,M,,,92
201200050254,12,7,31,943,1,1,1,1.0,2,92036,M,,,92
201200050255,12,8,1,932,1,1,1,1.0,3,78297,M,,,78
201200050256,12,8,1,1135,1,1,1,1.0,7,92036,M,,,92
201200050257,12,8,4,1,5,1,4,1.0,2,92050,M,,,92
201200050258,12,8,6,615,2,1,1,1.0,6,92064,M,,,92
201200050259,12,8,7,800,1,1,1,1.0,2,92025,M,,,92
201200050260,12,8,7,820,1,1,1,1.0,6,78646,M,,,78
201200050261,12,8,9,142,4,1,1,1.0,3,78466,M,,,78
201200050262,12,8,11,952,1,1,1,1.0,6,78646,M,,,78
201200050263,12,8,12,1820,1,1,1,1.0,5,78133,M,,,78
201200050264,12,8,13,1129,1,1,1,1.0,6,92048,M,,,92
201200050265,12,8,14,1426,1,1,1,1.0,6,78140,M,,,78
201200050266,12,8,15,700,2,1,1,1.0,6,78217,M,,,78
201200050267,12,8,16,1635,1,1,1,1.0,2,78029,M,,,78
201200050268,12,8,19,2000,2,1,1,1.0,5,92064,M,,,92
201200050269,12,8,20,1745,1,1,1,1.0,5,92050,M,,,92
201200050270,12,8,20,2030,5,1,1,1.0,6,92051,M,,,92
201200050271,12,8,21,1920,1,1,1,1.0,6,78217,M,,,78
201200050272,12,8,23,710,2,1,1,1.0,7,92063,M,,,92
201200050273,12,8,23,1125,1,1,1,1.0,6,92050,M,,,92
201200050274,12,8,24,1400,1,1,1,1.0,6,78029,M,,,78
201200050275,12,8,25,140,5,1,1,1.0,6,78466,M,,,78
201200050276,12,8,25,1425,1,1,1,1.0,6,78646,M,,,78
201200050277,12,8,29,1645,1,1,1,1.0,6,78029,M,,,78
201200050278,12,8,30,739,1,1,1,1.0,3,78242,M,,,78
201200050279,12,8,30,815,1,1,4,1.0,2,78423,M,,,78
201200050280,12,8,30,1745,1,1,1,1.0,6,78043,M,,,78
201200050281,12,8,30,1800,1,1,1,2.0,2,92048,M,,,92
201200050282,12,8,30,1815,1,1,1,2.0,7,92072,M,,,92
201200050283,12,8,31,907,1,1,1,1.0,2,92062,M,,,92
201200050284,12,8,31,930,1,1,1,1.0,2,78640,M,,,78
201200050285,12,8,31,1930,1,1,1,1.0,5,78090,M,,,78
201200050286,12,9,3,1625,1,1,1,1.0,4,78545,M,,,78
201200050287,12,9,3,1724,1,1,1,8.0,3,78362,M,,,78
201200050288,12,9,4,1730,1,1,1,1.0,2,78073,M,,,78
201200050289,12,9,5,707,1,1,1,1.0,7,78524,M,,,78
201200050290,12,9,6,105,5,1,1,1.0,7,92048,M,,,92
201200050291,12,9,6,845,1,1,1,1.0,1,92048,M,,,92
201200050292,12,9,6,1107,1,1,1,1.0,3,78402,M,,,78
201200050293,12,9,6,1445,1,1,1,1.0,2,92063,M,,,92
201200050294,12,9,6,1451,1,1,1,1.0,2,92025,M,,,92
201200050295,12,9,6,1851,1,1,1,1.0,2,78640,M,,,78
201200050296,12,9,7,1915,1,1,1,1.0,4,92036,M,,,92
201200050297,12,9,7,851,1,1,1,1.0,4,78322,M,,,78
201200050298,12,9,7,1600,1,1,1,1.0,3,92036,M,,,92
201200050299,12,9,7,2345,5,1,1,1.0,6,78090,M,,,78
201200050300,12,9,8,1150,1,1,1,1.0,2,78206,M,,,78
201200050301,12,9,9,1724,1,1,1,1.0,1,92063,M,,,92
201200050302,12,9,9,740,1,1,1,1.0,7,92050,M,,,92
201200050303,12,9,9,1940,1,1,1,1.0,2,78640,M,,,78
201200050304,12,9,11,1100,1,1,1,8.0,2,92036,M,,,92
201200050305,12,9,11,1500,1,1,1,3.0,7,78431,M,,,78
201200050306,12,9,12,1400,1,1,1,1.0,7,78158,M,,,78
201200050307,12,9,13,803,1,1,1,1.0,4,78291,M,,,78
201200050308,12,9,13,825,1,1,1,1.0,3,92025,M,,,92
201200050309,12,9,13,835,1,1,1,1.0,3,92048,M,,,92
201200050310,12,9,13,1740,1,1,1,1.0,5,92025,M,,,92
201200050311,12,9,14,1545,1,1,1,1.0,6,78490,M,,,78
201200050312,12,9,14,1900,1,1,1,1.0,2,92051,M,,,92
201200050313,12,9,14,2015,2,1,1,1.0,4,92050,M,,,92
201200050314,12,9,15,1620,1,1,1,1.0,6,78029,M,,,78