Num_Acc,an,mois,jour,hrmn,lum,agg,int,atm,col,com,gps,lat,long,dep
201200050315,12,9,16,2330,4,1,1,1.0,6,78646,M,,,78
201200050316,12,9,17,940,1,1,1,8.0,2,92051,M,,,92
201200050317,12,9,18,1135,1,1,1,1.0,2,78118,M,,,78
201200050318,12,9,20,710,2,1,1,1.0,5,78206,M,,,78
201200050319,12,9,20,1435,1,1,1,1.0,6,78545,M,,,78
201200050320,12,9,21,900,1,1,1,1.0,2,92064,M,,,92
201200050321,12,9,22,621,4,1,1,1.0,2,78233,M,,,78
201200050322,12,9,23,55,5,1,1,8.0,3,78362,M,,,78
201200050323,12,9,23,540,3,1,1,1.0,5,78242,M,,,78
201200050324,12,9,23,705,3,1,1,1.0,2,78073,M,,,78
201200050325,12,9,24,425,5,1,1,2.0,6,92050,M,,,92
201200050326,12,9,24,820,1,1,1,2.0,7,92050,M,,,92
201200050327,12,9,21,1830,2,1,1,2.0,6,78640,M,,,78
201200050328,12,9,25,920,1,1,1,8.0,6,92036,M,,,92
201200050329,12,9,25,1645,1,1,1,1.0,2,92072,M,,,92
201200050330,12,9,26,1845,1,1,1,7.0,2,92047,M,,,92
201200050331,12,9,26,1910,1,1,1,2.0,7,92025,M,,,92
201200050332,12,9,27,730,4,1,1,2.0,3,78490,M,,,78
201200050333,12,9,27,1030,1,1,1,3.0,6,78362,M,,,78
201200050334,12,9,28,640,5,1,1,1.0,7,92050,M,,,92
201200050335,12,9,28,1155,1,1,1,1.0,6,92050,M,,,92
201200050336,12,9,28,1900,1,1,1,1.0,2,78571,M,,,78
201200050337,12,9,29,240,3,1,1,1.0,2,78524,M,,,78
201200050338,12,9,29,440,5,1,1,1.0,2,78524,M,,,78
201200050339,12,9,30,1810,1,1,1,1.0,3,78362,M,,,78
201200050340,12,10,1,830,2,1,1,1.0,3,92025,M,,,92
201200050341,12,10,1,1830,1,1,1,1.0,2,78362,M,,,78
201200050342,12,10,3,930,1,1,1,1.0,2,78117,M,,,78
201200050343,12,10,3,1645,5,1,1,2.0,3,92050,M,,,92
201200050344,12,10,3,2010,3,1,1,2.0,6,78291,M,,,78
201200050345,12,10,4,825,1,1,1,2.0,3,78140,M,,,78
201200050346,12,10,4,1100,1,1,1,1.0,3,92048,M,,,92
201200050347,12,10,4,1250,1,1,1,1.0,6,92050,M,,,92
201200050348,12,10,6,2354,3,1,1,1.0,6,92072,M,,,92
201200050349,12,10,6,1900,3,1,1,3.0,2,78640,M,,,78
201200050350,12,10,7,212,3,1,1,8.0,4,92025,M,,,92
201200050351,12,10,8,815,1,1,1,2.0,4,78362,M,,,78
201200050352,12,10,8,1350,1,1,1,2.0,6,78322,M,,,78
201200050353,12,10,8,1830,1,1,1,2.0,2,92050,M,,,92
201200050354,12,10,9,1020,1,1,1,8.0,2,92048,M,,,92
201200050355,12,10,10,2120,4,1,1,3.0,5,78640,M,,,78
201200050356,12,10,10,48,3,1,1,3.0,6,78646,M,,,78
201200050357,12,10,11,2120,3,1,1,2.0,2,78402,M,,,78
201200050358,12,10,12,648,5,1,1,8.0,6,78117,M,,,78
201200050359,12,10,14,1315,1,1,1,2.0,6,78466,M,,,78
201200050360,12,10,14,1435,1,1,1,2.0,7,92050,M,,,92
201200050361,12,10,15,1710,1,1,1,1.0,5,92023,M,,,92
201200050362,12,10,16,1000,1,1,1,1.0,7,92050,M,,,92
201200050363,12,10,17,810,2,1,1,2.0,6,92051,M,,,92
201200050364,12,10,17,1240,1,1,1,3.0,7,92050,M,,,92
201200050365,12,10,17,1650,1,1,1,2.0,6,78640,M,,,78
201200050366,12,10,17,2245,5,1,1,1.0,6,92064,M,,,92
201200050367,12,10,18,820,1,1,1,1.0,2,78431,M,,,78
201200050368,12,10,18,905,1,1,1,2.0,6,78466,M,,,78
201200050369,12,10,18,1915,5,1,1,2.0,6,78466,M,,,78
201200050370,12,10,18,2040,5,1,1,2.0,2,75116,M,,,75
201200050371,12,10,19,1105,1,1,1,8.0,2,78043,M,,,78
201200050372,12,10,20,920,1,1,1,2.0,7,92036,M,,,92
201200050373,12,10,21,30,4,1,1,8.0,2,78238,M,,,78
201200050374,12,10,21,300,4,1,1,2.0,6,78646,M,,,78
201200050375,12,10,21,600,5,1,1,5.0,6,78466,M,,,78
201200050376,12,10,22,920,1,1,1,1.0,3,92062,M,,,92
201200050377,12,10,23,755,2,1,1,1.0,3,92048,M,,,92
201200050378,12,10,23,859,1,1,1,5.0,5,78117,M,,,78
201200050379,12,10,24,634,3,1,1,1.0,6,92060,M,,,92
201200050380,12,10,24,1140,1,1,1,1.0,3,78640,M,,,78
201200050381,12,10,25,1940,5,1,1,1.0,4,92051,M,,,92
201200050382,12,10,25,2340,4,1,1,1.0,2,78126,M,,,78
201200050383,12,10,25,2345,4,1,1,1.0,6,78423,M,,,78
201200050384,12,10,26,753,5,1,1,1.0,5,92050,M,,,92
201200050385,12,10,26,1305,1,1,1,8.0,6,92047,M,,,92
201200050386,12,10,27,245,3,1,1,1.0,2,78007,M,,,78
201200050387,12,10,27,505,3,1,1,1.0,2,78423,M,,,78
201200050388,12,10,29,748,1,1,1,1.0,2,92050,M,,,92
201200050389,12,10,29,1525,1,1,1,1.0,3,78640,M,,,78
201200050390,12,10,30,940,1,1,1,1.0,7,92047,M,,,92
201200050391,12,10,1,830,1,1,1,1.0,5,92025,M,,,92
201200050392,12,10,31,1350,1,1,1,1.0,2,92025,M,,,92
201200050393,12,11,1,440,3,1,1,1.0,6,92072,M,,,92
201200050394,12,11,1,1025,1,1,1,1.0,6,75116,M,,,75
201200050395,12,11,3,1527,1,1,1,1.0,6,78545,M,,,78
201200050396,12,11,4,140,3,1,1,5.0,6,78498,M,,,78
201200050397,12,11,4,1650,1,1,1,1.0,4,92025,M,,,92
201200050398,12,11,4,1800,1,1,1,1.0,2,92036,M,,,92
201200050399,12,11,5,1900,4,1,1,2.0,7,78640,M,,,78
201200050400,12,11,6,715,4,1,1,2.0,7,92072,M,,,92
201200050401,12,11,7,757,1,1,1,1.0,5,78073,M,,,78
201200050402,12,11,7,1300,5,1,1,1.0,2,92051,M,,,92
201200050403,12,11,7,1420,1,1,1,8.0,7,92025,M,,,92
201200050404,12,11,8,2015,5,1,1,1.0,2,92064,M,,,92
201200050405,12,11,9,1930,5,1,1,1.0,3,92050,M,,,92
201200050406,12,11,10,1805,5,1,1,1.0,5,92050,M,,,92
201200050407,12,11,10,2040,3,1,1,1.0,5,78466,M,,,78
201200050408,12,11,11,215,5,1,1,2.0,2,92064,M,,,92
201200050409,12,11,13,720,3,1,1,2.0,1,78297,M,,,78
201200050410,12,11,13,945,1,1,1,2.0,7,78545,M,,,78
201200050411,12,11,13,1810,5,1,1,1.0,4,78362,M,,,78
201200050412,12,11,15,200,5,1,1,1.0,7,92050,M,,,92
201200050413,12,11,17,530,3,1,1,5.0,4,78217,M,,,78
201200050414,12,11,17,1248,1,1,1,8.0,5,92048,M,,,92
201200050415,12,11,18,900,1,1,1,2.0,2,92036,M,,,92
201200050416,12,11,19,840,1,1,1,1.0,3,92025,M,,,92
201200050417,12,11,19,911,1,1,1,1.0,7,78418,M,,,78
201200050418,12,11,19,1005,1,1,1,1.0,3,92036,M,,,92
201200050419,12,11,20,635,3,1,1,1.0,4,78043,M,,,78
201200050420,12,11,21,645,5,1,1,1.0,2,92051,M,,,92
201200050421,12,11,21,720,3,1,1,8.0,3,78423,M,,,78
201200050422,12,11,22,910,1,1,1,5.0,3,78423,M,,,78
201200050423,12,11,22,1525,1,1,1,1.0,3,78126,M,,,78
201200050424,12,11,22,1740,3,1,1,1.0,5,78043,M,,,78
201200050425,12,11,23,1300,1,1,1,2.0,2,78402,M,,,78
201200050426,12,11,24,555,3,1,1,1.0,6,92036,M,,,92
201200050427,12,11,25,1205,1,1,1,1.0,2,78118,M,,,78
201200050428,12,11,27,645,4,1,1,1.0,4,92025,M,,,92
201200050429,12,11,27,1230,1,1,1,2.0,2,92047,M,,,92
201200050430,12,11,27,1649,2,1,1,2.0,6,92025,M,,,92
201200050431,12,11,28,730,3,1,1,8.0,3,78423,M,,,78
201200050432,12,11,28,2110,3,1,1,2.0,7,92023,M,,,92
201200050433,12,11,30,820,1,1,1,1.0,7,78158,M,,,78
201200050434,12,11,30,922,1,1,1,1.0,7,92048,M,,,92
201200050435,12,11,30,1810,3,1,1,1.0,2,78524,M,,,78
201200050436,12,12,2,430,3,1,1,2.0,6,78545,M,,,78
201200050437,12,12,2,1825,3,1,1,1.0,2,78140,M,,,78
201200050438,12,12,4,945,1,1,1,1.0,4,92064,M,,,92
201200050439,12,12,5,1510,1,1,1,2.0,7,78490,M,,,78
201200050440,12,12,6,750,4,1,1,1.0,4,78362,M,,,78
201200050441,12,12,6,855,1,1,1,1.0,3,78126,M,,,78
201200050442,12,12,6,930,1,1,1,1.0,3,78043,M,,,78
201200050443,12,12,6,1810,3,1,1,1.0,4,92050,M,,,92
201200050444,12,12,7,1000,1,1,1,2.0,4,78140,M,,,78
201200050445,12,12,7,1005,1,1,1,2.0,2,78206,M,,,78
201200050446,12,12,8,845,1,1,1,8.0,7,92050,M,,,92
201200050447,12,12,8,1610,1,1,1,1.0,7,92050,M,,,92
201200050448,12,12,9,320,5,1,1,1.0,6,92064,M,,,92
201200050449,12,12,9,1815,5,1,1,2.0,7,92036,M,,,92
201200050450,12,12,9,2325,5,1,1,2.0,6,92072,M,,,92
201200050451,12,12,10,1800,5,1,1,1.0,3,78640,M,,,78
201200050452,12,12,11,920,1,1,1,1.0,7,92064,M,,,92
201200050453,12,12,13,705,3,1,1,1.0,6,78423,M,,,78
201200050454,12,12,14,1935,5,1,1,2.0,2,92064,M,,,92
201200050455,12,12,15,55,5,1,1,2.0,2,92050,M,,,92
201200050456,12,12,15,1355,1,1,1,1.0,6,78217,M,,,78
201200050457,12,12,16,1049,1,1,1,1.0,7,92025,M,,,92
201200050458,12,12,16,1205,1,1,1,1.0,6,78646,M,,,78
201200050459,12,12,16,1528,1,1,1,8.0,7,92063,M,,,92
201200050460,12,12,18,756,5,1,1,1.0,4,78362,M,,,78
201200050461,12,12,18,845,1,1,1,8.0,3,78672,M,,,78
201200050462,12,12,18,1800,4,1,1,1.0,2,92025,M,,,92
201200050463,12,12,18,1800,5,1,1,1.0,7,92064,M,,,92
201200050464,12,12,18,2250,3,1,1,1.0,6,78238,M,,,78
201200050465,12,12,19,948,1,1,1,1.0,4,78640,M,,,78
201200050466,12,12,19,950,1,1,1,1.0,7,92050,M,,,92
201200050467,12,12,19,1058,1,1,1,1.0,5,92047,M,,,92
201200050468,12,12,19,1910,3,1,1,2.0,3,78043,M,,,78
201200050469,12,12,20,930,1,1,1,2.0,3,92047,M,,,92
201200050470,12,12,20,1800,5,1,1,2.0,4,78362,M,,,78
201200050471,12,12,21,1917,5,1,1,2.0,6,92063,M,,,92
201200050472,12,12,22,1300,1,1,1,3.0,6,78297,M,,,78
201200050473,12,12,22,1350,1,1,1,3.0,3,78297,M,,,78
201200050474,12,12,22,1535,1,1,1,2.0,3,92036,M,,,92
201200050475,12,12,22,2110,5,1,1,2.0,6,92050,M,,,92
201200050476,12,12,23,115,3,1,1,1.0,6,92048,M,,,92
201200050477,12,12,23,1540,1,1,1,1.0,5,92050,M,,,92
201200050478,12,12,24,750,2,1,1,1.0,6,78490,M,,,78
201200050479,12,12,24,920,1,1,1,1.0,6,92025,M,,,92
201200050480,12,12,27,1730,2,1,1,2.0,6,78206,M,,,78
201200050481,12,12,27,2013,3,1,1,1.0,1,78466,M,,,78
201200050482,12,12,31,1000,1,1,1,1.0,2,78498,M,,,78
201200050483,12,12,28,1730,1,1,1,1.0,3,92036,M,,,92
201200050484,12,12,29,1145,1,1,1,1.0,3,78043,M,,,78
201200050485,12,12,31,200,4,1,1,1.0,6,78646,M,,,78
201200050486,12,1,1,520,3,1,1,2.0,6,91228,M,,,91
201200050487,12,1,1,845,2,1,1,2.0,6,91468,M,,,91
201200050488,12,1,1,1610,1,1,1,2.0,6,91064,M,,,91
201200050489,12,1,2,940,1,1,1,8.0,6,91521,M,,,91
201200050490,12,1,2,1537,1,1,1,1.0,2,91136,M,,,91
201200050491,12,1,3,2032,5,1,1,2.0,2,94043,M,4881580.0,235640.0,94
201200050492,12,1,4,1027,1,1,1,1.0,2,77251,M,,,77
201200050493,12,1,5,758,1,1,1,2.0,3,94034,M,4875610.0,234111.0,94
201200050494,12,1,6,1645,1,1,1,8.0,7,92002,M,,,92
201200050495,12,1,7,145,3,1,1,1.0,7,75113,M,,,75
201200050496,12,1,9,835,1,1,1,1.0,3,92002,M,,,92
201200050497,12,1,10,2115,5,1,1,1.0,4,94021,M,4877170.0,234513.0,94
201200050498,12,1,12,250,3,1,1,1.0,6,91161,M,,,91
201200050499,12,1,12,1440,1,1,1,1.0,4,91174,M,,,91
201200050500,12,1,13,1930,3,1,1,1.0,4,91174,M,,,91
201200050501,12,1,14,430,3,1,1,1.0,4,91432,M,,,91
201200050502,12,1,14,1521,1,1,1,1.0,3,77251,M,,,77
201200050503,12,1,15,540,3,1,1,1.0,1,91339,M,,,91
201200050504,12,1,15,1617,1,1,1,1.0,7,91468,M,,,91
201200050505,12,1,17,955,1,1,1,1.0,4,91471,M,,,91
201200050506,12,1,17,1530,1,1,1,1.0,3,91471,M,,,91
201200050507,12,1,19,1951,3,1,1,2.0,3,91161,M,,,91
201200050508,12,1,20,1140,1,1,1,1.0,2,92002,M,,,92
201200050509,12,1,20,1902,3,1,1,2.0,3,91553,M,,,91
201200050510,12,1,21,723,3,1,1,1.0,7,91235,M,,,91
201200050511,12,1,22,2228,3,1,1,1.0,5,92002,M,,,92
201200050512,12,1,23,1138,1,1,1,1.0,2,94038,M,4878980.0,234389.0,94
201200050513,12,1,23,1900,3,1,1,2.0,2,91161,M,,,91
201200050514,12,1,24,1145,1,1,1,1.0,2,94003,M,4881110.0,233768.0,94
201200050515,12,1,24,1808,3,1,1,2.0,6,91689,M,,,91
201200050516,12,1,25,615,3,1,1,1.0,2,91553,M,,,91
201200050517,12,1,25,710,3,1,1,2.0,3,91377,M,,,91
201200050518,12,1,25,840,2,1,1,2.0,3,91363,M,,,91
201200050519,12,1,26,900,1,1,1,2.0,7,92002,M,,,92
201200050520,12,1,27,833,1,1,1,1.0,5,91174,M,,,91
201200050521,12,2,1,1800,4,1,1,1.0,4,91434,M,,,91
201200050522,12,1,28,400,3,1,1,2.0,7,91661,M,,,91
201200050523,12,1,28,1630,1,1,1,2.0,7,91377,M,,,91
201200050524,12,1,28,1809,3,1,1,1.0,4,91521,M,,,91
201200050525,12,1,29,740,3,1,4,1.0,6,91553,M,,,91
201200050526,12,1,29,815,3,1,1,1.0,2,91553,M,,,91
201200050527,12,1,30,1546,1,1,1,8.0,3,77495,M,,,77
201200050528,12,2,1,740,3,1,1,1.0,2,91377,M,,,91
201200050529,12,2,1,900,1,1,1,1.0,4,91689,M,,,91
201200050530,12,2,2,1103,1,1,1,1.0,3,91521,M,,,91
201200050531,12,2,2,800,1,1,1,1.0,4,91589,M,,,91
201200050532,12,2,7,1755,3,1,1,1.0,2,91553,M,,,91
201200050533,12,2,3,1621,1,1,1,1.0,7,94034,M,4875630.0,233940.0,94
201200050534,12,2,3,1713,1,1,1,1.0,2,91228,M,,,91
201200050535,12,2,4,1405,1,1,1,1.0,2,94034,M,4876180.0,231500.0,94
201200050536,12,2,5,1235,1,1,1,4.0,2,91339,M,,,91
201200050537,12,2,6,615,5,1,1,1.0,4,91377,M,,,91
201200050538,12,2,7,338,3,1,1,1.0,7,92002,M,,,92
201200050539,12,2,7,930,1,1,1,1.0,2,91064,M,,,91
201200050540,12,2,7,1638,1,1,1,1.0,6,91363,M,,,91
201200050541,12,2,8,129,4,1,1,4.0,6,94076,M,4879340.0,234505.0,94
201200050542,12,2,8,743,2,1,1,1.0,4,91521,M,,,91
201200050543,12,2,8,1955,5,1,1,1.0,7,91064,M,,,91
201200050544,12,2,9,955,1,1,1,1.0,4,91182,M,,,91
201200050545,12,2,9,1448,1,1,1,1.0,7,91136,M,,,91
201200050546,12,2,17,1524,1,1,1,1.0,3,91136,M,,,91
201200050547,12,2,10,1410,1,1,1,1.0,2,91687,M,,,91
201200050548,12,2,10,1730,1,1,1,1.0,5,92002,M,,,92
201200050549,12,2,10,1856,3,1,1,1.0,4,91174,M,,,91
201200050550,12,2,10,2130,3,1,1,9.0,6,91347,M,,,91
201200050551,12,2,11,100,3,1,1,1.0,2,91689,M,,,91
201200050552,12,2,11,1335,1,1,1,1.0,6,94034,M,4875530.0,233334.0,94
201200050553,12,2,11,1430,1,1,1,1.0,4,94021,M,4877170.0,234513.0,94
201200050554,12,2,11,1720,1,1,1,1.0,4,92002,M,,,92
201200050555,12,2,12,920,1,1,1,1.0,2,91216,M,,,91
201200050556,12,2,13,940,1,1,1,1.0,3,91161,M,,,91
201200050557,12,2,15,1840,3,1,1,2.0,7,91064,M,,,91
201200050558,12,2,17,745,2,1,1,1.0,4,94003,M,4880290.0,234198.0,94
201200050559,12,2,17,1540,1,1,1,1.0,6,91687,M,,,91
201200050560,12,2,17,1725,1,1,1,1.0,3,92002,M,,,92
201200050561,12,2,18,1150,1,1,1,1.0,3,91161,M,,,91
201200050562,12,2,20,1826,4,1,1,1.0,5,91136,M,,,91
201200050563,12,2,21,2106,5,1,1,1.0,7,92002,M,,,92
201200050564,12,2,23,837,1,1,1,2.0,7,91216,M,,,91
201200050565,12,2,24,1349,1,1,1,1.0,2,91434,M,,,91
201200050566,12,1,24,1728,1,1,1,1.0,4,91617,M,,,91
201200050567,12,2,24,1838,3,1,1,1.0,5,91689,M,,,91
201200050568,12,2,25,2055,3,1,1,1.0,6,91347,M,,,91
201200050569,12,2,28,1230,1,1,1,1.0,6,91136,M,,,91
201200050570,12,2,28,1540,1,1,1,1.0,3,94021,M,4876430.0,234311.0,94
201200050571,12,2,29,1700,1,1,1,2.0,6,91549,M,,,91
201200050572,12,3,1,545,5,1,1,1.0,6,94034,M,4876140.0,231687.0,94
201200050573,12,3,2,1927,3,1,1,1.0,4,91136,M,,,91
201200050574,12,3,4,1500,1,1,1,2.0,7,91617,M,,,91
201200050575,12,3,4,1700,1,1,1,2.0,6,91161,M,,,91
201200050576,12,3,4,1855,3,1,1,8.0,4,91471,M,,,91
201200050577,12,3,4,1801,2,1,1,3.0,4,91434,M,,,91
201200050578,12,3,6,805,1,1,1,3.0,2,91179,M,,,91
201200050579,12,3,7,1751,2,1,1,2.0,3,91161,M,,,91
201200050580,12,3,8,1729,1,1,1,1.0,4,94034,M,4875810.0,232646.0,94
201200050581,12,3,9,1512,1,1,1,1.0,2,75113,M,,,75
201200050582,12,3,10,710,1,1,1,1.0,6,77251,M,,,77
201200050583,12,3,10,1620,1,1,1,1.0,7,91182,M,,,91
201200050584,12,3,12,648,1,1,1,1.0,2,91534,M,,,91
201200050585,12,3,12,1030,1,1,1,1.0,2,77251,M,,,77
201200050586,12,3,12,1635,1,1,1,1.0,2,91086,M,,,91
201200050587,12,3,13,1930,3,1,1,1.0,3,91136,M,,,91
201200050588,12,3,14,1343,1,1,1,1.0,5,91174,M,,,91
201200050589,12,3,17,1830,1,1,1,2.0,7,91521,M,,,91
201200050590,12,3,18,1535,1,1,1,2.0,6,94034,M,4875030.0,232841.0,94
201200050591,12,3,19,1525,1,1,1,1.0,3,92002,M,,,92
201200050592,12,3,19,1729,1,1,1,1.0,2,91216,M,,,91
201200050593,12,3,22,815,1,1,1,1.0,2,91345,M,,,91
201200050594,12,3,23,832,1,1,1,1.0,3,94038,M,4878720.0,234533.0,94
201200050595,12,3,23,2357,3,1,1,1.0,7,91340,M,,,91
201200050596,12,3,24,1147,1,1,1,1.0,7,77251,M,,,77
201200050597,12,3,25,1836,1,1,1,1.0,4,94034,M,4876100.0,231807.0,94
201200050598,12,3,26,810,1,1,1,1.0,2,91161,M,,,91
201200050599,12,3,26,1455,1,1,1,1.0,3,91659,M,,,91
201200050600,12,3,27,635,3,1,1,1.0,7,91534,M,,,91
201200050601,12,3,27,1045,1,1,1,1.0,5,94034,M,4875630.0,233940.0,94
201200050602,12,3,29,936,1,1,1,1.0,3,91689,M,,,91
201200050603,12,3,29,812,1,1,1,1.0,5,91659,M,,,91
201200050604,12,3,29,2015,1,1,1,1.0,2,91689,M,,,91
201200050605,12,3,29,2015,2,1,1,1.0,3,91553,M,,,91
201200050606,12,3,29,2130,3,1,1,1.0,3,94038,M,4878700.0,234522.0,94
201200050607,12,4,1,1805,1,1,1,1.0,7,91377,M,,,91
201200050608,12,4,2,840,1,1,1,1.0,3,94038,M,4878890.0,234449.0,94
201200050609,12,4,2,855,1,1,1,7.0,7,91589,M,,,91
201200050610,12,4,2,1722,1,1,1,1.0,5,91174,M,,,91
201200050611,12,4,2,1835,1,1,1,1.0,2,91553,M,,,91
201200050612,12,4,3,743,1,1,1,1.0,2,91689,M,,,91
201200050613,12,4,3,830,1,1,1,1.0,6,94038,M,4878710.0,234537.0,94
201200050614,12,4,4,657,1,1,1,1.0,5,94065,M,4875520.0,234317.0,94
201200050615,12,4,4,902,1,1,1,1.0,2,91471,M,,,91
201200050616,12,4,4,1345,1,1,1,1.0,7,91659,M,,,91
201200050617,12,4,5,1913,1,1,1,1.0,2,94034,M,4875500.0,233294.0,94
201200050618,12,4,6,1529,1,1,1,1.0,2,91570,M,,,91
201200050619,12,4,6,2033,1,1,1,1.0,2,94043,M,4880700.0,234672.0,94
201200050620,12,4,7,1145,1,1,1,1.0,3,94034,M,4875250.0,233052.0,94
201200050621,12,4,7,1458,1,1,1,1.0,2,91174,M,,,91
201200050622,12,4,7,1556,1,1,1,1.0,4,91174,M,,,91
201200050623,12,4,8,1923,1,1,1,1.0,2,92019,M,,,92
201200050624,12,4,10,940,1,1,1,8.0,1,91174,M,,,91
201200050625,12,4,10,1600,1,1,1,2.0,7,91689,M,,,91
201200050626,12,4,11,1003,1,1,1,1.0,2,92002,M,,,92
201200050627,12,4,11,1604,1,1,1,1.0,4,91477,M,,,91
201200050628,12,4,13,1639,1,1,1,1.0,2,91689,M,,,91
201200050629,12,4,14,1807,1,1,1,1.0,5,91617,M,,,91
201200050630,12,4,15,1403,1,1,1,1.0,7,91179,M,,,91
201200050631,12,4,17,2115,3,1,1,2.0,6,91037,M,,,91
201200050632,12,4,18,1330,1,1,1,2.0,6,91521,M,,,91
201200050633,12,4,19,1524,1,1,1,2.0,6,91179,M,,,91
201200050634,12,4,20,30,3,1,1,1.0,2,91136,M,,,91
201200050635,12,4,22,1043,1,1,1,1.0,2,91064,M,,,91
201200050636,12,4,25,730,1,1,1,2.0,2,91182,M,,,91
201200050637,12,4,25,800,1,1,1,2.0,3,91521,M,,,91
201200050638,12,4,25,1314,1,1,1,2.0,6,94065,M,4874920.0,235708.0,94
201200050639,12,4,25,1320,1,1,1,3.0,7,77384,M,,,77
201200050640,12,4,27,1626,1,1,1,2.0,4,91161,M,,,91
201200050641,12,4,27,1653,1,1,1,1.0,2,94043,M,4881430.0,235520.0,94
201200050642,12,4,28,1450,1,1,1,1.0,3,91521,M,,,91
201200050643,12,4,28,1630,1,1,1,2.0,6,91363,M,,,91
201200050644,12,4,28,2015,2,1,1,2.0,7,91086,M,,,91
201200050645,12,4,30,1717,1,1,1,1.0,3,91661,M,,,91
201200050646,12,5,3,1524,1,1,1,1.0,3,91617,M,,,91
201200050647,12,5,3,1646,1,1,1,1.0,4,91340,M,,,91
201200050648,12,5,4,925,1,1,1,1.0,2,94021,M,4876160.0,234001.0,94
201200050649,12,5,4,932,1,1,1,1.0,5,91689,M,,,91
201200050650,12,5,4,1530,1,1,1,2.0,6,91617,M,,,91
201200050651,12,5,4,1615,1,1,1,2.0,3,94043,M,4880700.0,234672.0,94
201200050652,12,5,4,2010,1,1,1,2.0,3,94076,M,4879670.0,234395.0,94
201200050653,12,5,4,2040,1,1,1,1.0,3,94034,M,4875370.0,233195.0,94
201200050654,12,5,5,1555,1,1,1,1.0,4,91377,M,,,91
201200050655,12,2,10,1022,1,1,1,1.0,2,94038,M,4878980.0,234422.0,94
201200050656,12,5,10,1635,1,1,1,1.0,4,94038,M,4878760.0,234513.0,94
201200050657,12,5,11,740,1,1,1,1.0,5,94043,M,4881580.0,233695.0,94
201200050658,12,5,12,1849,1,1,1,1.0,2,94034,M,4875980.0,232170.0,94
201200050659,12,5,12,1858,1,1,1,1.0,4,94003,M,4880060.0,234376.0,94
201200050660,12,5,16,1505,1,1,1,1.0,2,94034,M,4875710.0,233487.0,94
201200050661,12,5,17,806,1,1,1,1.0,7,91174,M,,,91
201200050662,12,5,19,955,1,1,1,1.0,2,94038,M,4878810.0,234548.0,94
201200050663,12,5,20,550,2,1,1,1.0,7,91589,M,,,91
201200050664,12,5,20,2045,1,1,1,2.0,6,91434,M,,,91
201200050665,12,5,21,1910,1,1,1,3.0,3,91235,M,,,91
201200050666,12,5,22,2115,2,1,1,1.0,3,91689,M,,,91
201200050667,12,5,23,945,1,1,1,1.0,3,91086,M,,,91
201200050668,12,2,25,1020,1,1,1,1.0,4,91340,M,,,91
201200050669,12,5,25,2100,1,1,1,1.0,3,91037,M,,,91
201200050670,12,5,26,1430,1,1,1,1.0,4,91086,M,,,91
201200050671,12,5,27,1904,1,1,1,1.0,4,91064,M,,,91
201200050672,12,5,28,1915,1,1,1,1.0,3,91064,M,,,91
201200050673,12,5,30,1030,1,1,1,1.0,3,91689,M,,,91
201200050674,12,5,30,1522,1,1,1,1.0,7,91521,M,,,91
201200050675,12,5,30,1724,1,1,1,1.0,2,91377,M,,,91
201200050676,12,5,30,1655,1,1,1,1.0,4,94003,M,4880900.0,233943.0,94
201200050677,12,5,30,1805,1,1,1,1.0,3,91363,M,,,91
201200050678,12,5,31,1536,1,1,1,1.0,2,91161,M,,,91
201200050679,12,5,31,1745,1,1,1,1.0,2,91339,M,,,91
201200050680,12,5,31,1735,1,1,1,1.0,2,91521,M,,,91
201200050681,12,6,1,1856,1,1,1,1.0,3,94076,M,4879090.0,234429.0,94
201200050682,12,6,3,1610,1,1,1,1.0,3,91521,M,,,91
201200050683,12,6,4,2329,5,1,1,1.0,3,94076,M,4879090.0,234429.0,94
201200050684,12,6,5,745,1,1,1,1.0,6,91553,M,,,91
201200050685,12,6,5,1308,1,1,1,1.0,7,91689,M,,,91
201200050686,12,6,7,815,1,1,1,1.0,3,91286,M,,,91
201200050687,12,6,7,1535,1,1,1,1.0,5,94038,M,4878810.0,234491.0,94
201200050688,12,6,10,1600,1,1,1,2.0,4,94003,M,4880180.0,234366.0,94
201200050689,12,6,10,1615,1,1,1,1.0,4,91468,M,,,91
201200050690,12,6,10,1915,2,1,1,3.0,6,94034,M,4875330.0,233129.0,94
201200050691,12,6,10,2205,3,1,1,1.0,6,94034,M,4875620.0,234007.0,94
201200050692,12,6,11,1521,1,1,1,1.0,3,91534,M,,,91
201200050693,12,6,11,1653,1,1,1,1.0,6,92002,M,,,92
201200050694,12,6,11,1825,1,1,1,3.0,4,91339,M,,,91
201200050695,12,6,11,1938,1,1,1,3.0,7,94037,M,4881430.0,233611.0,94
201200050696,12,6,12,1751,1,1,1,1.0,7,91521,M,,,91
201200050697,12,6,13,1430,1,1,1,1.0,7,91235,M,,,91
201200050698,12,6,15,916,1,1,1,1.0,4,91689,M,,,91
201200050699,12,6,14,939,1,1,1,1.0,3,94065,M,4876040.0,234597.0,94
201200050700,12,6,14,1130,1,1,1,1.0,6,94038,M,4878790.0,234453.0,94
201200050701,12,6,14,2159,3,1,1,1.0,2,91553,M,,,91
201200050702,12,6,15,745,1,1,1,2.0,3,91687,M,,,91
201200050703,12,6,15,903,1,1,1,1.0,6,94021,M,4876270.0,234152.0,94
201200050704,12,6,15,1200,1,1,1,1.0,7,94037,M,4881600.0,233672.0,94
201200050705,12,6,17,1340,1,1,1,2.0,7,91377,M,,,91