Num_Acc,an,mois,jour,hrmn,lum,agg,int,atm,col,com,gps,lat,long,dep
201200050706,12,6,17,800,1,1,1,1.0,3,91161,M,,,91
201200050707,12,6,17,1741,1,1,1,1.0,2,92002,M,,,92
201200050708,12,6,17,1804,1,1,1,1.0,5,94034,M,4875140.0,232997.0,94
201200050709,12,6,17,2135,1,1,1,1.0,2,91521,M,,,91
201200050710,12,6,18,650,2,1,1,8.0,4,94021,M,4876050.0,233888.0,94
201200050711,12,6,18,730,1,1,1,1.0,4,94034,M,4876200.0,231430.0,94
201200050712,12,6,19,749,1,1,1,1.0,2,91377,M,,,91
201200050713,12,6,19,750,1,1,1,1.0,2,91689,M,,,91
201200050714,12,6,19,902,1,1,1,1.0,7,92002,M,,,92
201200050715,12,6,19,1354,1,1,1,1.0,5,94065,M,4875520.0,234318.0,94
201200050716,12,6,19,1929,1,1,1,1.0,2,94003,M,4880890.0,233976.0,94
201200050717,12,6,21,750,1,1,1,1.0,4,91434,M,,,91
201200050718,12,6,21,748,1,1,1,1.0,4,91377,M,,,91
201200050719,12,6,21,739,1,1,1,2.0,6,91312,M,,,91
201200050720,12,6,21,1008,1,1,1,1.0,4,91064,M,,,91
201200050721,12,6,22,2040,1,1,1,1.0,3,91617,M,,,91
201200050722,12,6,23,550,2,1,1,1.0,7,92002,M,,,92
201200050723,12,6,23,1621,1,1,1,1.0,3,91136,M,,,91
201200050724,12,6,24,21,3,1,1,1.0,2,77251,M,,,77
201200050725,12,6,24,2149,3,1,1,8.0,1,91347,M,,,91
201200050726,12,6,25,1730,1,1,1,1.0,3,91086,M,,,91
201200050727,12,6,26,849,1,1,1,1.0,3,91377,M,,,91
201200050728,12,6,26,931,1,1,1,2.0,4,91589,M,,,91
201200050729,12,6,26,1905,1,1,1,1.0,7,91549,M,,,91
201200050730,12,6,28,1910,1,1,1,1.0,3,91471,M,,,91
201200050731,12,6,28,2259,3,1,1,1.0,6,91645,M,,,91
201200050732,12,6,29,1500,1,1,1,1.0,3,91086,M,,,91
201200050733,12,6,30,530,2,1,1,1.0,7,91689,M,,,91
201200050734,12,6,30,2053,1,1,1,1.0,6,91161,M,,,91
201200050735,12,6,30,2117,1,1,1,1.0,7,94065,M,4875490.0,235136.0,94
201200050736,12,7,2,638,2,1,1,1.0,2,91161,M,,,91
201200050737,12,7,3,1033,1,1,1,1.0,2,94003,M,4880640.0,234155.0,94
201200050738,12,7,3,1435,1,1,1,1.0,5,91617,M,,,91
201200050739,12,7,4,728,1,1,1,1.0,6,77251,M,,,77
201200050740,12,7,5,600,1,1,1,1.0,6,91589,M,,,91
201200050741,12,7,5,850,1,1,1,1.0,5,91179,M,,,91
201200050742,12,7,5,1849,1,1,1,8.0,3,91136,M,,,91
201200050743,12,7,5,2305,4,1,1,8.0,2,91689,M,,,91
201200050744,12,7,5,2345,3,1,1,1.0,3,91617,M,,,91
201200050745,12,7,6,810,1,1,1,1.0,3,94043,M,4881590.0,235656.0,94
201200050746,12,7,6,845,1,1,1,2.0,2,91161,M,,,91
201200050747,12,7,6,1130,1,1,1,2.0,5,91689,M,,,91
201200050748,12,7,7,659,1,1,1,1.0,7,94043,M,4881430.0,235519.0,94
201200050749,12,7,7,1439,1,1,1,3.0,1,91235,M,,,91
201200050750,12,7,7,1850,1,1,1,1.0,2,91468,M,,,91
201200050751,12,7,8,602,2,1,1,3.0,4,91340,M,,,91
201200050752,12,7,8,725,1,1,1,1.0,2,91471,M,,,91
201200050753,12,7,9,1945,1,1,1,1.0,2,91477,M,,,91
201200050754,12,7,11,705,1,1,1,2.0,3,91312,M,,,91
201200050755,12,7,11,805,1,1,1,3.0,3,91549,M,,,91
201200050756,12,7,11,850,1,1,1,2.0,2,92002,M,,,92
201200050757,12,7,11,920,1,1,1,3.0,6,91136,M,,,91
201200050758,12,7,11,1005,1,1,1,2.0,2,91661,M,,,91
201200050759,12,7,12,830,1,1,1,1.0,4,91286,M,,,91
201200050760,12,7,12,1310,1,1,1,1.0,7,91377,M,,,91
201200050761,12,7,13,1202,1,1,1,2.0,3,91136,M,,,91
201200050762,12,7,14,510,2,1,1,2.0,2,94043,M,4881550.0,235613.0,94
201200050763,12,7,16,1805,1,1,1,1.0,3,92019,M,,,92
201200050764,12,7,17,912,1,1,1,1.0,5,91312,M,,,91
201200050765,12,7,17,1648,1,1,1,1.0,3,91689,M,,,91
201200050766,12,7,18,1530,1,1,1,1.0,3,91339,M,,,91
201200050767,12,7,18,1823,1,1,1,1.0,2,91689,M,,,91
201200050768,12,7,20,837,1,1,1,1.0,2,94038,M,4878710.0,234537.0,94
201200050769,12,7,21,1810,1,1,1,1.0,7,91689,M,,,91
201200050770,12,7,22,1600,1,1,1,1.0,7,91553,M,,,91
201200050771,12,7,23,925,1,1,1,1.0,4,94034,M,4875870.0,232530.0,94
201200050772,12,7,23,1210,1,1,1,1.0,4,94034,M,4875000.0,232906.0,94
201200050773,12,7,24,840,1,1,1,1.0,2,91589,M,,,91
201200050774,12,7,24,1725,1,1,1,1.0,4,91161,M,,,91
201200050775,12,7,24,1840,1,1,1,1.0,4,91477,M,,,91
201200050776,12,7,26,621,1,1,1,1.0,2,91161,M,,,91
201200050777,12,7,25,734,1,1,1,1.0,6,91434,M,,,91
201200050778,12,7,25,840,1,1,1,1.0,3,91037,M,,,91
201200050779,12,7,25,1045,1,1,1,1.0,3,91312,M,,,91
201200050780,12,7,25,1115,1,1,1,1.0,6,91434,M,,,91
201200050781,12,7,25,1431,1,1,1,1.0,4,94065,M,4875500.0,235121.0,94
201200050782,12,7,27,14,3,1,1,1.0,6,91521,M,,,91
201200050783,12,7,27,1455,1,1,1,1.0,6,94034,M,4875000.0,232899.0,94
201200050784,12,7,28,18,3,1,1,1.0,6,91340,M,,,91
201200050785,12,7,28,1345,1,1,1,1.0,4,94043,M,4880800.0,234745.0,94
201200050786,12,7,30,1646,1,1,1,1.0,7,94043,M,4881400.0,235494.0,94
201200050787,12,7,30,1722,1,1,1,1.0,5,94065,M,4875520.0,234317.0,94
201200050788,12,8,1,1630,1,1,1,1.0,2,94043,M,4881440.0,235546.0,94
201200050789,12,8,2,1945,1,1,1,1.0,2,91286,M,,,91
201200050790,12,2,3,834,1,1,1,1.0,3,91086,M,,,91
201200050791,12,8,3,1730,1,1,1,1.0,2,91589,M,,,91
201200050792,12,8,3,1730,1,1,1,1.0,3,91103,M,,,91
201200050793,12,8,4,1230,1,1,1,1.0,3,94038,M,4878930.0,234487.0,94
201200050794,12,8,5,1710,1,1,1,2.0,7,91174,M,,,91
201200050795,12,8,13,1810,1,1,1,1.0,6,91521,M,,,91
201200050796,12,8,13,2327,3,1,1,1.0,2,91687,M,,,91
201200050797,12,8,14,150,3,1,1,1.0,6,91340,M,,,91
201200050798,12,8,14,1524,2,1,1,1.0,2,94003,M,4879960.0,234387.0,94
201200050799,12,8,16,1750,1,1,1,1.0,6,91086,M,,,91
201200050800,12,8,17,1743,1,1,1,1.0,2,94034,M,4875810.0,232646.0,94
201200050801,12,8,17,930,1,1,1,1.0,5,94038,M,4879060.0,234389.0,94
201200050802,12,8,18,1337,1,1,1,1.0,6,91347,M,,,91
201200050803,12,8,21,1056,1,1,1,1.0,2,91434,M,,,91
201200050804,12,8,21,1320,1,1,1,1.0,3,94065,M,4875530.0,234455.0,94
201200050805,12,8,23,2345,5,1,1,1.0,6,94034,M,4875620.0,234072.0,94
201200050806,12,8,24,745,1,1,1,1.0,2,91377,M,,,91
201200050807,12,8,25,718,1,1,1,1.0,5,94003,M,4880380.0,234200.0,94
201200050808,12,8,26,841,1,1,1,1.0,7,91064,M,,,91
201200050809,12,8,27,859,1,1,1,1.0,3,91037,M,,,91
201200050810,12,8,27,1000,1,1,1,1.0,7,94034,M,4875330.0,233127.0,94
201200050811,12,8,27,1645,1,1,1,1.0,4,91661,M,,,91
201200050812,12,8,27,1745,1,1,1,1.0,3,77251,M,,,77
201200050813,12,8,28,925,1,1,1,1.0,3,94076,M,4879150.0,234460.0,94
201200050814,12,8,29,1610,1,1,1,1.0,7,91340,M,,,91
201200050815,12,8,29,1847,1,1,1,1.0,2,94034,M,4875560.0,234042.0,94
201200050816,12,8,30,839,1,1,1,1.0,5,91064,M,,,91
201200050817,12,8,30,920,1,1,1,1.0,4,91363,M,,,91
201200050818,12,8,30,1045,1,1,1,1.0,6,94034,M,4875630.0,233940.0,94
201200050819,12,8,30,1143,1,1,1,1.0,3,91377,M,,,91
201200050820,12,8,31,735,1,1,1,1.0,6,94038,M,4878700.0,234522.0,94
201200050821,12,8,31,1135,1,1,1,1.0,2,91471,M,,,91
201200050822,12,9,1,5,3,1,1,1.0,7,77251,M,,,77
201200050823,12,9,2,1335,1,1,1,1.0,7,91363,M,,,91
201200050824,12,9,3,715,1,1,1,1.0,2,91521,M,,,91
201200050825,12,9,3,810,1,1,1,2.0,3,91689,M,,,91
201200050826,12,9,4,103,5,1,1,1.0,6,94034,M,4875660.0,233157.0,94
201200050827,12,9,4,1215,1,1,1,1.0,7,91161,M,,,91
201200050828,12,9,4,1906,1,1,1,1.0,7,91468,M,,,91
201200050829,12,9,5,825,1,1,1,1.0,2,91377,M,,,91
201200050830,12,9,5,1227,1,1,1,1.0,2,91659,M,,,91
201200050831,12,9,6,628,3,1,1,1.0,2,94034,M,4875010.0,232906.0,94
201200050832,12,9,6,901,1,1,1,1.0,3,91534,M,,,91
201200050833,12,9,6,1447,1,1,1,1.0,4,91477,M,,,91
201200050834,12,9,7,1740,1,1,1,1.0,3,94021,M,4876270.0,234099.0,94
201200050835,12,9,8,1630,1,1,1,1.0,2,92002,M,,,92
201200050836,12,9,9,1900,1,1,1,1.0,7,94043,M,4880880.0,234815.0,94
201200050837,12,9,9,1821,1,1,1,1.0,3,91136,M,,,91
201200050838,12,9,10,800,1,1,1,1.0,2,91471,M,,,91
201200050839,12,9,10,1735,1,1,1,1.0,4,91347,M,,,91
201200050840,12,9,11,724,1,1,1,1.0,3,94021,M,4877070.0,234567.0,94
201200050841,12,9,11,1906,1,1,1,1.0,2,91174,M,,,91
201200050842,12,9,12,1341,1,1,1,1.0,2,77384,M,,,77
201200050843,12,9,13,739,1,1,1,1.0,3,94021,M,4876230.0,234075.0,94
201200050844,12,9,13,1128,1,1,1,1.0,2,77384,M,,,77
201200050845,12,9,14,728,1,1,1,1.0,3,92002,M,,,92
201200050846,12,9,14,800,1,1,1,1.0,3,91589,M,,,91
201200050847,12,9,14,915,1,1,1,1.0,2,94003,M,4880320.0,234199.0,94
201200050848,12,9,14,1330,1,1,1,1.0,3,91534,M,,,91
201200050849,12,9,14,1830,1,1,1,1.0,3,94034,M,4875530.0,234265.0,94
201200050850,12,9,16,700,1,1,1,1.0,7,91553,M,,,91
201200050851,12,9,16,940,1,1,1,1.0,6,94037,M,4881370.0,233606.0,94
201200050852,12,9,17,800,1,1,1,1.0,2,91182,M,,,91
201200050853,12,9,20,904,1,1,1,1.0,7,91340,M,,,91
201200050854,12,9,20,1530,1,1,1,1.0,2,94043,M,4880500.0,234480.0,94
201200050855,12,9,21,720,1,1,1,1.0,2,91064,M,,,91
201200050856,12,9,21,1734,1,1,1,1.0,5,91477,M,,,91
201200050857,12,9,21,1703,1,1,1,2.0,3,94038,M,4878810.0,234548.0,94
201200050858,12,9,21,1820,1,1,1,2.0,7,91521,M,,,91
201200050859,12,9,21,2349,5,1,1,1.0,6,94043,M,4881400.0,235494.0,94
201200050860,12,9,22,730,1,1,1,1.0,7,91174,M,,,91
201200050861,12,9,22,1342,1,1,1,1.0,2,91553,M,,,91
201200050862,12,9,22,1916,1,1,1,1.0,2,91521,M,,,91
201200050863,12,9,22,1926,1,1,1,1.0,3,91687,M,,,91
201200050864,12,9,22,2047,5,1,1,1.0,3,91136,M,,,91
201200050865,12,9,25,819,1,1,1,1.0,2,91432,M,,,91
201200050866,12,9,25,920,1,1,1,1.0,3,91312,M,,,91
201200050867,12,9,25,1800,1,1,1,1.0,3,91471,M,,,91
201200050868,12,9,27,750,1,1,1,1.0,3,91377,M,,,91
201200050869,12,9,27,1643,1,1,1,8.0,2,91136,M,,,91
201200050870,12,9,27,1831,1,1,1,1.0,2,94034,M,4876210.0,231447.0,94
201200050871,12,9,28,640,2,1,1,1.0,4,94043,M,4880700.0,234672.0,94
201200050872,12,9,28,830,1,1,1,1.0,3,94038,M,4879060.0,234450.0,94
201200050873,12,9,28,1729,1,1,1,1.0,2,91339,M,,,91
201200050874,12,9,29,1410,1,1,1,1.0,6,91549,M,,,91
201200050875,12,9,29,1638,1,1,1,1.0,6,91174,M,,,91
201200050876,12,9,29,1851,1,1,1,1.0,7,91617,M,,,91
201200050877,12,9,29,1945,2,1,1,1.0,3,91434,M,,,91
201200050878,12,9,30,419,3,1,1,1.0,6,91235,M,,,91
201200050879,12,9,30,558,3,1,1,1.0,2,94034,M,4875570.0,233593.0,94
201200050880,12,9,30,1730,1,1,1,1.0,5,94038,M,4879050.0,234450.0,94
201200050881,12,10,1,1400,1,1,1,1.0,3,91471,M,,,91
201200050882,12,10,1,1650,1,1,1,1.0,2,91086,M,,,91
201200050883,12,10,1,1835,1,1,1,1.0,3,91689,M,,,91
201200050884,12,10,2,545,3,1,1,2.0,7,91689,M,,,91
201200050885,12,10,2,803,1,1,1,2.0,5,91477,M,,,91
201200050886,12,10,2,1720,1,1,1,1.0,4,91689,M,,,91
201200050887,12,10,3,925,1,1,1,2.0,3,94034,M,4875620.0,234007.0,94
201200050888,12,10,3,1744,1,1,1,1.0,3,94021,M,4876980.0,234553.0,94
201200050889,12,10,4,845,1,1,1,3.0,7,91689,M,,,91
201200050890,12,10,4,925,2,1,1,2.0,3,91471,M,,,91
201200050891,12,10,4,1000,1,1,1,3.0,3,91064,M,,,91
201200050892,12,10,4,1510,1,1,1,1.0,3,94037,M,4881640.0,233684.0,94
201200050893,12,10,5,650,3,1,1,1.0,4,91363,M,,,91
201200050894,12,10,5,1925,2,1,1,1.0,3,94034,M,4875130.0,232941.0,94
201200050895,12,10,6,1612,1,1,1,2.0,7,91363,M,,,91
201200050896,12,10,6,1716,1,1,1,2.0,2,91377,M,,,91
201200050897,12,10,6,2325,3,1,1,2.0,3,91434,M,,,91
201200050898,12,10,8,842,1,1,1,2.0,3,94038,M,4878800.0,234554.0,94
201200050899,12,10,8,1730,1,1,1,2.0,7,91377,M,,,91
201200050900,12,10,9,710,3,1,1,2.0,3,94065,M,4875660.0,234962.0,94
201200050901,12,10,9,820,1,1,1,2.0,7,91179,M,,,91
201200050902,12,10,9,850,1,1,1,8.0,7,91064,M,,,91
201200050903,12,10,9,2345,5,1,1,2.0,6,92002,M,,,92
201200050904,12,10,10,1500,1,1,1,1.0,2,91687,M,,,91
201200050905,12,10,11,1410,1,1,1,3.0,2,91286,M,,,91
201200050906,12,10,12,2008,1,1,1,1.0,4,94003,M,4879960.0,234387.0,94
201200050907,12,10,13,35,3,1,1,1.0,2,92002,M,,,92
201200050908,12,10,13,151,4,1,1,1.0,6,91174,M,,,91
201200050909,12,10,13,1650,1,1,1,8.0,7,94065,M,4876040.0,234595.0,94
201200050910,12,10,14,10,5,1,1,8.0,7,94034,M,4876190.0,231468.0,94
201200050911,12,10,14,1600,1,1,1,1.0,2,91174,M,,,91
201200050912,12,10,14,1700,1,1,1,2.0,3,91689,M,,,91
201200050913,12,10,14,1945,3,1,1,2.0,7,91363,M,,,91
201200050914,12,10,14,2015,3,1,1,1.0,7,91286,M,,,91
201200050915,12,10,15,800,1,1,1,1.0,5,91553,M,,,91
201200050916,12,10,16,840,1,1,1,1.0,7,91434,M,,,91
201200050917,12,10,16,1115,1,1,1,2.0,2,91377,M,,,91
201200050918,12,10,16,1100,1,1,1,1.0,2,92002,M,,,92
201200050919,12,10,17,910,1,1,1,1.0,6,91064,M,,,91
201200050920,12,10,17,1340,1,1,1,1.0,7,94003,M,4880550.0,234183.0,94
201200050921,12,10,17,1632,1,1,1,1.0,3,91161,M,,,91
201200050922,12,10,18,2015,3,1,1,2.0,2,91471,M,,,91
201200050923,12,10,20,1,3,1,1,2.0,2,91161,M,,,91
201200050924,12,10,20,2325,5,1,1,2.0,7,91161,M,,,91
201200050925,12,10,20,831,1,1,1,2.0,7,91002,M,,,91
201200050926,12,10,21,512,3,1,1,2.0,6,91136,M,,,91
201200050927,12,10,21,815,1,1,1,2.0,6,94021,M,4876450.0,234355.0,94
201200050928,12,10,21,945,1,1,1,1.0,7,91521,M,,,91
201200050929,12,10,21,1200,1,1,1,1.0,4,91161,M,,,91
201200050930,12,10,22,715,2,1,1,1.0,3,91689,M,,,91
201200050931,12,10,22,2124,4,1,1,1.0,3,91363,M,,,91
201200050932,12,10,23,914,1,1,1,1.0,3,91521,M,,,91
201200050933,12,10,24,837,1,1,1,1.0,3,91161,M,,,91
201200050934,12,10,24,1720,1,1,1,1.0,3,94043,M,4880510.0,234493.0,94
201200050935,12,10,24,1823,2,1,1,1.0,2,94076,M,4879600.0,234502.0,94
201200050936,12,10,25,1107,1,1,1,1.0,3,91521,M,,,91
201200050937,12,10,25,1347,1,1,1,7.0,2,91589,M,,,91
201200050938,12,10,26,805,2,1,1,1.0,5,94034,M,4875950.0,232279.0,94
201200050939,12,10,26,1850,3,1,1,1.0,2,91086,M,,,91
201200050940,12,10,26,2322,4,1,1,1.0,3,91136,M,,,91
201200050941,12,10,27,212,3,1,1,1.0,2,91228,M,,,91
201200050942,12,10,27,635,3,1,1,1.0,7,91617,M,,,91
201200050943,12,10,27,1337,1,1,1,1.0,4,91689,M,,,91
201200050944,12,10,28,1806,3,1,1,1.0,5,91521,M,,,91
201200050945,12,10,29,809,1,1,1,1.0,4,92002,M,,,92
201200050946,12,10,29,1158,1,1,1,1.0,2,91468,M,,,91
201200050947,12,10,29,1322,1,1,1,1.0,2,94076,M,4879170.0,234463.0,94
201200050948,12,10,29,1452,1,1,1,1.0,6,91136,M,,,91
201200050949,12,10,30,1253,1,1,1,1.0,7,91570,M,,,91
201200050950,12,10,31,839,1,1,1,1.0,7,91617,M,,,91
201200050951,12,10,31,1500,1,1,1,1.0,4,91689,M,,,91
201200050952,12,10,31,1800,3,1,1,1.0,2,91689,M,,,91
201200050953,12,11,1,833,1,1,1,1.0,7,91521,M,,,91
201200050954,12,11,1,1247,1,1,1,1.0,7,94034,M,4875870.0,232521.0,94
201200050955,12,11,1,1950,3,1,1,1.0,7,77251,M,,,77
201200050956,12,11,2,1205,1,1,1,2.0,7,91161,M,,,91
201200050957,12,11,2,1437,1,1,1,1.0,7,91340,M,,,91
201200050958,12,11,2,1928,4,1,1,1.0,4,91161,M,,,91
201200050959,12,11,3,1045,1,1,1,2.0,7,91037,M,,,91
201200050960,12,11,5,1736,1,1,1,3.0,2,94038,M,4878710.0,234537.0,94
201200050961,12,11,5,1836,1,1,1,1.0,2,91136,M,,,91
201200050962,12,11,6,520,2,1,1,2.0,7,91521,M,,,91
201200050963,12,11,6,735,2,1,1,1.0,3,91136,M,,,91
201200050964,12,11,6,656,3,1,1,1.0,2,91161,M,,,91
201200050965,12,11,6,855,1,1,1,1.0,3,91589,M,,,91
201200050966,12,11,8,745,1,1,1,1.0,2,94065,M,4874840.0,235780.0,94
201200050967,12,11,8,920,1,1,1,1.0,2,94003,M,4880380.0,234392.0,94
201200050968,12,11,8,915,1,1,1,1.0,2,94034,M,4876210.0,231447.0,94
201200050969,12,11,8,905,1,1,1,1.0,3,94003,M,4880810.0,234045.0,94
201200050970,12,11,8,1250,1,1,1,1.0,3,91659,M,,,91
201200050971,12,11,8,1853,3,1,1,1.0,4,91534,M,,,91
201200050972,12,11,9,605,4,1,1,1.0,4,91286,M,,,91
201200050973,12,11,9,1000,1,1,1,1.0,5,91161,M,,,91
201200050974,12,11,9,1921,4,1,1,2.0,6,91340,M,,,91
201200050975,12,11,11,745,1,1,1,1.0,2,91340,M,,,91
201200050976,12,11,12,844,2,1,1,1.0,3,91471,M,,,91
201200050977,12,11,12,1355,1,1,1,1.0,3,94003,M,4880080.0,234372.0,94
201200050978,12,11,12,2110,4,1,1,2.0,2,91432,M,,,91
201200050979,12,11,13,2257,5,1,1,1.0,3,94043,M,4881270.0,235320.0,94
201200050980,12,11,14,1845,3,1,1,1.0,2,91363,M,,,91
201200050981,12,11,15,800,1,1,1,5.0,2,91521,M,,,91
201200050982,12,11,15,920,1,1,1,1.0,2,91570,M,,,91
201200050983,12,11,15,1000,1,1,1,5.0,4,94043,M,4880700.0,234672.0,94
201200050984,12,11,15,1702,1,1,1,1.0,7,94038,M,4878980.0,234422.0,94
201200050985,12,11,15,1754,4,1,1,1.0,3,94038,M,4878890.0,234449.0,94
201200050986,12,11,16,2032,1,1,1,1.0,5,91161,M,,,91
201200050987,12,11,19,830,1,1,1,1.0,5,91471,M,,,91
201200050988,12,11,20,720,2,1,1,1.0,5,92002,M,,,92
201200050989,12,11,20,1846,1,1,1,1.0,3,91689,M,,,91
201200050990,12,11,22,800,1,1,1,1.0,2,94038,M,4878720.0,234533.0,94
201200050991,12,11,22,1815,5,1,1,2.0,4,91689,M,,,91
201200050992,12,11,23,1646,1,1,1,2.0,1,91661,M,,,91
201200050993,12,11,23,1750,1,1,1,2.0,2,91064,M,,,91
201200050994,12,11,24,1255,1,1,1,1.0,3,91216,M,,,91
201200050995,12,11,25,927,1,1,1,1.0,6,77251,M,,,77
201200050996,12,11,26,730,2,1,1,1.0,2,94038,M,4878980.0,234422.0,94
201200050997,12,11,26,800,1,1,1,1.0,3,91689,M,,,91
201200050998,12,11,26,1502,1,1,1,1.0,3,91377,M,,,91
201200050999,12,11,26,1710,2,1,1,1.0,3,91521,M,,,91
201200051000,12,11,26,1902,4,1,1,1.0,4,91689,M,,,91
201200051001,12,11,27,750,2,1,1,1.0,3,94038,M,4878890.0,234449.0,94
201200051002,12,11,28,2046,3,1,1,1.0,2,91377,M,,,91
201200051003,12,11,28,1031,1,1,1,1.0,7,91064,M,,,91
201200051004,12,11,28,1115,1,1,1,1.0,3,91570,M,,,91
201200051005,12,11,28,1528,1,1,1,1.0,7,94043,M,4881400.0,235494.0,94
201200051006,12,11,29,915,1,1,1,1.0,2,91136,M,,,91
201200051007,12,11,30,1800,3,1,1,1.0,2,91553,M,,,91
201200051008,12,11,30,1920,3,1,1,1.0,4,91174,M,,,91
201200051009,12,12,1,1145,1,1,1,1.0,6,91589,M,,,91
201200051010,12,12,2,131,3,1,1,2.0,2,91161,M,,,91
201200051011,12,12,2,645,3,1,1,4.0,2,94038,M,4878880.0,234414.0,94
201200051012,12,12,2,1005,1,1,1,1.0,6,91064,M,,,91
201200051013,12,12,3,740,3,1,1,2.0,4,94034,M,4875820.0,232650.0,94
201200051014,12,12,3,1438,1,1,1,1.0,6,91521,M,,,91
201200051015,12,12,3,1825,2,1,1,8.0,5,91340,M,,,91
201200051016,12,12,4,933,1,1,1,2.0,7,91521,M,,,91
201200051017,12,12,4,934,1,1,1,2.0,4,91468,M,,,91
201200051018,12,12,4,1518,1,1,1,2.0,3,92002,M,,,92
201200051019,12,12,4,1659,2,1,1,2.0,7,94038,M,4878820.0,234440.0,94
201200051020,12,12,5,1653,1,1,1,1.0,3,92002,M,,,92
201200051021,12,12,6,1244,1,1,1,1.0,2,91377,M,,,91
201200051022,12,12,6,1900,4,1,1,1.0,5,91174,M,,,91
201200051023,12,12,8,950,1,1,1,8.0,7,91340,M,,,91
201200051024,12,12,11,715,5,1,1,1.0,3,94038,M,4878980.0,234422.0,94
201200051025,12,12,11,800,2,1,1,1.0,3,91136,M,,,91
201200051026,12,12,12,722,5,1,1,1.0,3,94076,M,4879150.0,234460.0,94
201200051027,12,12,12,820,1,1,1,1.0,3,91377,M,,,91
201200051028,12,12,12,1120,1,1,1,2.0,4,94003,M,4880550.0,234183.0,94
201200051029,12,12,12,1830,3,1,1,1.0,4,94003,M,4880810.0,234045.0,94
201200051030,12,12,13,812,2,1,1,1.0,6,94038,M,4879020.0,234403.0,94
201200051031,12,12,13,915,1,1,1,1.0,3,91064,M,,,91
201200051032,12,12,13,950,1,1,1,1.0,7,91589,M,,,91
201200051033,12,12,14,1750,3,1,1,1.0,4,91521,M,,,91
201200051034,12,12,14,625,4,1,1,2.0,7,91340,M,,,91
201200051035,12,12,14,1334,1,1,1,2.0,7,91340,M,,,91
201200051036,12,12,15,255,3,1,1,2.0,6,91471,M,,,91
201200051037,12,12,17,834,1,1,1,1.0,2,91216,M,,,91
201200051038,12,12,17,1001,1,1,1,1.0,7,91136,M,,,91
201200051039,12,12,17,1040,1,1,1,8.0,2,94038,M,4878720.0,234533.0,94
201200051040,12,12,17,1623,1,1,1,8.0,1,91235,M,,,91
201200051041,12,12,17,1830,3,1,1,1.0,5,91136,M,,,91
201200051042,12,12,18,838,2,1,1,2.0,7,91521,M,,,91
201200051043,12,12,19,1152,1,1,1,2.0,7,94038,M,4878970.0,234389.0,94
201200051044,12,12,18,1640,1,1,1,1.0,6,91064,M,,,91
201200051045,12,12,18,2232,3,1,1,1.0,3,94038,M,4878740.0,234483.0,94
201200051046,12,12,19,12,4,1,1,1.0,3,91432,M,,,91
201200051047,12,12,19,859,1,1,1,2.0,2,91661,M,,,91
201200051048,12,12,19,1838,5,1,1,2.0,7,92002,M,,,92
201200051049,12,12,19,1920,3,1,1,2.0,4,91228,M,,,91
201200051050,12,12,19,1920,3,1,1,2.0,4,91521,M,,,91
201200051051,12,12,20,917,1,1,1,2.0,2,91161,M,,,91
201200051052,12,12,20,1756,4,1,1,2.0,3,94038,M,4878710.0,234522.0,94
201200051053,12,12,21,820,2,1,1,1.0,5,94034,M,4875670.0,233490.0,94
201200051054,12,12,21,1636,1,1,1,1.0,3,94034,M,4875550.0,234363.0,94
201200051055,12,12,22,350,5,1,1,1.0,2,91689,M,,,91
201200051056,12,12,22,1443,1,1,1,1.0,4,91689,M,,,91
201200051057,12,12,22,1910,3,1,1,2.0,7,91521,M,,,91
201200051058,12,12,24,548,3,1,1,1.0,6,91339,M,,,91
201200051059,12,12,24,744,2,1,1,1.0,7,91589,M,,,91
201200051060,12,12,26,1323,1,1,1,1.0,2,94034,M,4875810.0,232646.0,94
201200051061,12,12,27,950,1,1,1,2.0,7,91064,M,,,91
201200051062,12,12,27,1517,1,1,1,8.0,4,91340,M,,,91
201200051063,12,12,28,1107,1,1,1,2.0,7,91521,M,,,91
201200051064,12,12,28,1429,1,1,1,2.0,7,91617,M,,,91
201200051065,12,12,28,1451,1,1,1,1.0,6,91377,M,,,91
201200051066,12,12,28,1601,1,1,1,1.0,7,92002,M,,,92
201200051067,12,12,29,430,3,1,1,1.0,2,91689,M,,,91
201200051068,12,12,31,1810,3,1,1,1.0,3,92002,M,,,92
201200051069,12,1,1,155,5,2,1,1.0,6,20033,M,,,202
201200051070,12,1,3,2033,5,2,1,1.0,6,20033,M,,,202
201200051071,12,1,4,1833,5,2,1,1.0,6,20033,M,,,202
201200051072,12,1,7,1700,2,2,1,1.0,1,20033,M,,,202
201200051073,12,1,10,1830,5,1,1,1.0,6,20120,M,,,202
201200051074,12,1,12,703,2,2,1,1.0,6,20037,M,,,202
201200051075,12,1,13,1343,1,2,1,1.0,6,20033,M,,,202
201200051076,12,1,15,2014,1,2,1,1.0,3,20033,M,,,202
201200051077,12,1,18,1930,1,2,1,1.0,2,20120,M,,,202
201200051078,12,1,19,2305,5,1,1,1.0,6,20120,M,,,202
201200051079,12,1,20,1251,1,1,1,1.0,3,20037,M,,,202