Num_Acc,an,mois,jour,hrmn,lum,agg,int,atm,col,com,gps,lat,long,dep
201200051080,12,1,23,950,1,1,1,1.0,3,20037,M,,,202
201200051081,12,1,24,1132,1,1,1,1.0,2,20037,M,,,202
201200051082,12,1,26,1632,1,2,1,1.0,3,20033,M,,,202
201200051083,12,1,27,1811,5,2,1,1.0,6,20033,M,,,202
201200051084,12,1,28,1850,5,1,1,2.0,3,20037,M,,,202
201200051085,12,1,30,530,5,2,1,2.0,6,20033,M,,,202
201200051086,12,2,1,1148,1,2,1,1.0,3,20120,M,,,202
201200051087,12,2,3,58,5,2,1,1.0,6,20033,M,,,202
201200051088,12,2,4,2145,5,1,1,4.0,6,20120,M,,,202
201200051089,12,2,10,1632,1,2,1,4.0,2,20033,M,,,202
201200051090,12,2,13,1405,1,2,1,1.0,4,20120,M,,,202
201200051091,12,2,15,1613,1,2,1,1.0,6,20033,M,,,202
201200051092,12,2,18,1714,2,2,3,1.0,3,20033,M,,,202
201200051093,12,2,21,1412,1,2,1,1.0,3,20037,M,,,202
201200051094,12,2,28,2044,5,2,1,1.0,6,20033,M,,,202
201200051095,12,2,28,1940,3,2,1,1.0,4,20037,M,,,202
201200051096,12,2,29,1655,1,2,6,1.0,3,20033,M,,,202
201200051097,12,3,3,456,3,2,2,1.0,3,20033,M,,,202
201200051098,12,3,6,1845,3,2,1,3.0,3,20037,M,,,202
201200051099,12,3,6,1850,3,2,1,3.0,2,20037,M,,,202
201200051100,12,3,10,1435,1,2,1,1.0,2,20037,M,,,202
201200051101,12,3,8,1705,1,2,1,1.0,3,20033,M,,,202
201200051102,12,3,8,1622,1,2,1,1.0,3,20120,M,,,202
201200051103,12,3,11,740,1,2,1,1.0,6,20033,M,,,202
201200051104,12,3,14,1010,1,2,1,1.0,2,20033,M,,,202
201200051105,12,3,14,1035,1,2,1,1.0,2,20033,M,,,202
201200051106,12,3,23,2125,5,2,1,1.0,5,20033,M,,,202
201200051107,12,3,23,2325,5,2,1,2.0,6,20033,M,,,202
201200051108,12,3,24,2051,5,2,1,1.0,6,20120,M,,,202
201200051109,12,3,26,640,2,1,1,1.0,1,20033,M,,,202
201200051110,12,3,26,1349,1,2,1,1.0,3,20120,M,,,202
201200051111,12,3,26,1632,1,2,1,1.0,3,20033,M,,,202
201200051112,12,3,26,1751,1,2,1,1.0,3,20120,M,,,202
201200051113,12,3,28,1313,1,1,1,2.0,1,20120,M,,,202
201200051114,12,4,2,1350,1,2,1,1.0,4,20033,M,,,202
201200051115,12,4,5,1540,1,2,1,1.0,4,20033,M,,,202
201200051116,12,4,6,2143,5,2,1,1.0,1,20033,M,,,202
201200051117,12,4,7,208,5,1,1,1.0,7,20037,M,,,202
201200051118,12,4,10,1300,1,2,2,1.0,3,20033,M,,,202
201200051119,12,4,11,505,5,2,3,2.0,3,20033,M,,,202
201200051120,12,4,12,825,1,1,1,1.0,1,20033,M,,,202
201200051121,12,4,13,1045,1,2,1,1.0,2,20120,M,,,202
201200051122,12,4,14,2004,5,2,1,1.0,3,20033,M,,,202
201200051123,12,4,19,735,1,2,1,1.0,3,20033,M,,,202
201200051124,12,4,20,1507,1,1,1,1.0,3,20120,M,,,202
201200051125,12,4,22,712,1,1,1,1.0,6,20037,M,,,202
201200051126,12,4,27,1600,1,1,1,1.0,2,20120,M,,,202
201200051127,12,4,16,2005,2,2,2,1.0,6,20033,M,,,202
201200051128,12,4,23,920,1,2,1,1.0,6,20033,M,,,202
201200051129,12,4,23,2249,5,2,1,1.0,3,20033,M,,,202
201200051130,12,5,1,1050,1,2,1,2.0,6,20037,M,,,202
201200051131,12,5,12,1949,1,2,1,1.0,3,20033,M,,,202
201200051132,12,5,13,2040,2,1,1,1.0,7,20120,M,,,202
201200051133,12,5,18,1110,1,2,1,1.0,6,20120,M,,,202
201200051134,12,5,18,1703,1,2,1,1.0,7,20037,M,,,202
201200051135,12,5,20,1548,1,1,1,1.0,1,20033,M,,,202
201200051136,12,5,20,1745,1,2,1,1.0,2,20033,M,,,202
201200051137,12,5,22,1620,1,1,1,1.0,4,20037,M,,,202
201200051138,12,5,22,1905,5,1,1,1.0,7,20033,M,,,202
201200051139,12,5,23,1140,1,2,1,1.0,6,20033,M,,,202
201200051140,12,5,24,830,1,2,1,1.0,6,20033,M,,,202
201200051141,12,5,24,1228,1,1,3,1.0,3,20037,M,,,202
201200051142,12,5,26,131,5,2,1,2.0,6,20033,M,,,202
201200051143,12,6,1,845,1,1,1,2.0,1,20037,M,,,202
201200051144,12,6,1,1414,1,2,1,1.0,2,20033,M,,,202
201200051145,12,6,3,1945,5,2,1,1.0,3,20033,M,,,202
201200051146,12,6,4,845,1,2,1,1.0,3,20033,M,,,202
201200051147,12,6,6,2040,5,2,1,1.0,2,20033,M,,,202
201200051148,12,6,6,1105,1,2,1,1.0,2,20033,M,,,202
201200051149,12,6,8,959,1,2,1,1.0,3,20033,M,,,202
201200051150,12,6,11,2140,5,2,1,1.0,6,20033,M,,,202
201200051151,12,6,13,2024,2,2,1,1.0,6,20120,M,,,202
201200051152,12,6,16,1100,1,2,1,2.0,3,20120,M,,,202
201200051153,12,6,18,2200,4,1,1,1.0,6,20120,M,,,202
201200051154,12,6,19,1044,1,2,1,1.0,5,20033,M,,,202
201200051155,12,6,21,1833,1,2,1,1.0,6,20033,M,,,202
201200051156,12,6,22,2120,5,2,1,1.0,6,20033,M,,,202
201200051157,12,6,24,1325,1,2,2,1.0,3,20037,M,,,202
201200051158,12,6,26,1328,1,2,1,1.0,6,20033,M,,,202
201200051159,12,6,27,1840,1,2,1,1.0,2,20033,M,,,202
201200051160,12,6,28,1218,1,2,1,1.0,3,20033,M,,,202
201200051161,12,6,29,1351,1,2,1,1.0,6,20033,M,,,202
201200051162,12,6,29,1827,1,2,1,1.0,6,20033,M,,,202
201200051163,12,7,1,455,2,2,1,1.0,6,20033,M,,,202
201200051164,12,7,5,1833,1,1,1,1.0,2,20120,M,,,202
201200051165,12,7,6,934,1,1,1,1.0,4,20037,M,,,202
201200051166,12,7,7,1100,1,1,1,1.0,4,20120,M,,,202
201200051167,12,7,9,1104,1,2,6,1.0,3,20033,M,,,202
201200051168,12,7,12,1508,1,2,1,1.0,3,20033,M,,,202
201200051169,12,7,12,1841,1,2,1,1.0,3,20033,M,,,202
201200051170,12,7,14,1040,2,1,1,1.0,3,20037,M,,,202
201200051171,12,7,15,2056,2,1,1,1.0,3,20037,M,,,202
201200051172,12,7,16,1642,1,1,1,1.0,2,20120,M,,,202
201200051173,12,7,21,258,5,2,1,1.0,3,20033,M,,,202
201200051174,12,7,21,1423,1,1,1,1.0,2,20033,M,,,202
201200051175,12,7,21,1530,1,2,1,1.0,3,20033,M,,,202
201200051176,12,7,22,1500,1,2,1,1.0,6,20033,M,,,202
201200051177,12,7,23,1746,1,2,1,1.0,4,20033,M,,,202
201200051178,12,7,24,10,5,2,1,1.0,7,20033,M,,,202
201200051179,12,7,25,1128,1,2,1,1.0,4,20033,M,,,202
201200051180,12,7,27,2020,1,2,1,2.0,5,20033,M,,,202
201200051181,12,7,30,653,1,2,1,1.0,2,20033,M,,,202
201200051182,12,7,31,1418,1,2,1,1.0,6,20033,M,,,202
201200051183,12,8,2,1650,1,2,1,1.0,3,20353,M,,,202
201200051184,12,8,2,1700,1,2,1,1.0,3,20033,M,,,202
201200051185,12,8,2,2000,1,2,1,1.0,3,20033,M,,,202
201200051186,12,8,4,1857,1,2,1,1.0,2,20033,M,,,202
201200051187,12,8,6,1148,1,2,1,1.0,1,20033,M,,,202
201200051188,12,8,6,2222,5,2,1,1.0,3,20033,M,,,202
201200051189,12,8,9,1317,1,2,1,1.0,6,20037,M,,,202
201200051190,12,8,9,1710,1,1,1,1.0,2,20120,M,,,202
201200051191,12,8,7,1415,1,1,1,1.0,4,20037,M,,,202
201200051192,12,8,12,3,5,2,1,1.0,6,20033,M,,,202
201200051193,12,8,12,11,5,2,1,1.0,6,20033,M,,,202
201200051194,12,8,13,1956,4,1,1,2.0,1,20037,M,,,202
201200051195,12,8,14,1510,1,1,1,1.0,3,20033,M,,,202
201200051196,12,8,14,1601,1,1,6,1.0,1,20037,M,,,202
201200051197,12,8,15,2335,5,2,6,2.0,3,20033,M,,,202
201200051198,12,8,19,1753,1,1,1,1.0,1,20033,M,,,202
201200051199,12,8,17,1115,1,1,1,1.0,2,20120,M,,,202
201200051200,12,8,24,1255,1,2,1,1.0,6,20033,M,,,202
201200051201,12,8,27,855,1,1,1,1.0,7,20033,M,,,202
201200051202,12,8,29,1602,1,2,1,1.0,2,20120,M,,,202
201200051203,12,8,30,737,1,2,1,1.0,2,20033,M,,,202
201200051204,12,8,30,1644,1,2,1,1.0,1,20033,M,,,202
201200051205,12,9,5,1625,1,2,1,1.0,6,20033,M,,,202
201200051206,12,9,7,834,1,2,2,1.0,7,20120,M,,,202
201200051207,12,9,10,900,1,2,3,1.0,3,20033,M,,,202
201200051208,12,9,10,2105,5,2,1,1.0,6,20033,M,,,202
201200051209,12,9,11,1213,1,2,2,1.0,3,20033,M,,,202
201200051210,12,9,11,1615,1,2,3,1.0,3,20033,M,,,202
201200051211,12,9,11,1703,1,2,1,1.0,2,20033,M,,,202
201200051212,12,9,8,641,1,2,2,1.0,2,20033,M,,,202
201200051213,12,9,14,18,5,2,1,1.0,6,20037,M,,,202
201200051214,12,9,12,1530,1,1,1,1.0,2,20120,M,,,202
201200051215,12,9,14,1215,1,2,1,1.0,2,20033,M,,,202
201200051216,12,9,22,1541,1,2,1,1.0,7,20033,M,,,202
201200051217,12,9,25,523,5,2,2,1.0,6,20033,M,,,202
201200051218,12,9,27,1055,1,2,1,1.0,3,20033,M,,,202
201200051219,12,9,30,1435,1,2,1,2.0,3,20033,M,,,202
201200051220,12,10,2,1738,1,2,1,1.0,6,20037,M,,,202
201200051221,12,10,5,1606,1,2,1,1.0,6,20037,M,,,202
201200051222,12,10,16,1006,1,1,1,1.0,6,20120,M,,,202
201200051223,12,10,17,2152,5,2,6,1.0,3,20033,M,,,202
201200051224,12,10,19,921,1,2,1,1.0,2,20120,M,,,202
201200051225,12,10,25,1023,1,2,1,1.0,2,20037,M,,,202
201200051226,12,10,8,1344,1,2,1,1.0,2,20037,M,,,202
201200051227,12,10,29,1008,1,2,3,1.0,3,20033,M,,,202
201200051228,12,10,30,1347,1,2,3,1.0,3,20033,M,,,202
201200051229,12,11,2,1353,1,2,1,1.0,6,20037,M,,,202
201200051230,12,11,4,1458,1,2,1,1.0,1,20037,M,,,202
201200051231,12,11,7,1040,1,2,1,1.0,2,20120,M,,,202
201200051232,12,11,11,225,5,2,1,1.0,6,20120,M,,,202
201200051233,12,11,13,735,1,1,1,2.0,6,20120,M,,,202
201200051234,12,11,17,1755,2,2,1,1.0,4,20120,M,,,202
201200051235,12,11,21,1212,1,2,1,1.0,4,20120,M,,,202
201200051236,12,11,23,1206,1,2,1,1.0,2,20033,M,,,202
201200051237,12,11,23,2000,5,2,1,1.0,6,20033,M,,,202
201200051238,12,11,23,1730,2,1,1,1.0,4,20037,M,,,202
201200051239,12,11,25,2020,5,2,1,1.0,6,20033,M,,,202
201200051240,12,11,30,1133,1,2,1,2.0,6,20033,M,,,202
201200051241,12,12,2,1345,1,2,1,1.0,6,20033,M,,,202
201200051242,12,12,4,1420,1,2,1,1.0,6,20033,M,,,202
201200051243,12,12,6,710,1,2,1,1.0,6,20037,M,,,202
201200051244,12,12,6,1527,1,2,1,1.0,4,20033,M,,,202
201200051245,12,12,8,1959,5,1,1,1.0,1,20037,M,,,202
201200051246,12,12,12,1147,1,2,1,1.0,4,20033,M,,,202
201200051247,12,12,14,1105,1,2,1,1.0,4,20033,M,,,202
201200051248,12,12,16,140,5,2,1,1.0,6,20033,M,,,202
201200051249,12,12,17,1415,1,2,1,1.0,4,20033,M,,,202
201200051250,12,12,24,1010,1,2,1,1.0,3,20120,M,,,202
201200051251,12,12,27,2050,5,2,2,1.0,3,20033,M,,,202
201200051252,12,12,31,1937,3,2,1,1.0,6,20120,M,,,202
201200051253,12,1,4,2205,5,2,2,1.0,2,69382,M,,,69
201200051254,12,3,8,1210,1,2,1,1.0,7,69382,M,,,69
201200051255,12,1,14,1645,1,2,1,1.0,6,69382,M,,,69
201200051256,12,1,17,1500,1,2,1,1.0,3,69382,M,,,69
201200051257,12,1,13,1,5,2,3,1.0,3,69382,M,,,69
201200051258,12,1,18,2130,5,2,2,1.0,6,69382,M,,,69
201200051259,12,1,17,1905,5,2,3,1.0,6,69382,M,,,69
201200051260,12,1,25,705,2,2,1,2.0,6,69382,M,,,69
201200051261,12,1,29,1220,1,2,2,2.0,3,69382,M,,,69
201200051262,12,1,30,1715,5,2,1,1.0,6,69382,M,,,69
201200051263,12,1,27,1215,1,2,1,8.0,7,69382,M,,,69
201200051264,12,1,31,1150,1,2,1,8.0,2,69382,M,,,69
201200051265,12,2,19,1540,1,2,3,1.0,3,69382,M,,,69
201200051266,12,3,14,1625,1,2,1,1.0,3,69382,M,,,69
201200051267,12,3,23,1610,1,2,1,1.0,6,69382,M,,,69
201200051268,12,3,24,1,5,2,1,1.0,6,69382,M,,,69
201200051269,12,3,27,1320,1,2,1,1.0,7,69382,M,,,69
201200051270,12,3,27,2100,5,2,2,1.0,3,69382,M,,,69
201200051271,12,3,31,525,5,2,1,1.0,6,69382,M,,,69
201200051272,12,3,31,5,5,2,1,1.0,3,69382,M,,,69
201200051273,12,4,13,1258,1,2,1,1.0,6,69382,M,,,69
201200051274,12,4,7,940,1,2,2,1.0,3,69382,M,,,69
201200051275,12,4,27,2305,5,2,1,1.0,2,69382,M,,,69
201200051276,12,4,28,1635,1,2,1,1.0,6,69382,M,,,69
201200051277,12,4,30,1400,1,2,1,1.0,2,69382,M,,,69
201200051278,12,5,2,1520,1,2,3,3.0,6,69382,M,,,69
201200051279,12,5,12,110,5,2,2,1.0,3,69382,M,,,69
201200051280,12,5,16,1700,1,2,1,1.0,6,69382,M,,,69
201200051281,12,5,18,300,5,2,1,1.0,6,69382,M,,,69
201200051282,12,5,27,500,5,2,1,1.0,6,69382,M,,,69
201200051283,12,5,28,2130,5,2,1,1.0,6,69382,M,,,69
201200051284,12,6,1,2025,1,2,1,1.0,3,69382,M,,,69
201200051285,12,6,7,815,1,2,1,1.0,6,69382,M,,,69
201200051286,12,6,16,1625,1,2,3,7.0,6,69382,M,,,69
201200051287,12,6,17,2335,5,2,1,1.0,7,69382,M,,,69
201200051288,12,6,18,1940,1,2,1,1.0,3,69382,M,,,69
201200051289,12,6,20,1400,1,2,4,2.0,6,69382,M,,,69
201200051290,12,6,26,840,1,2,2,8.0,3,69382,M,,,69
201200051291,12,6,28,1130,1,2,3,7.0,3,69382,M,,,69
201200051292,12,6,22,935,1,2,2,1.0,6,69382,M,,,69
201200051293,12,7,10,1345,1,2,1,1.0,3,69382,M,,,69
201200051294,12,7,12,1900,1,2,1,1.0,6,69382,M,,,69
201200051295,12,7,22,205,5,2,2,1.0,3,69382,M,,,69
201200051296,12,7,27,1815,1,2,3,1.0,1,69382,M,,,69
201200051297,12,7,30,750,1,2,3,1.0,3,69382,M,,,69
201200051298,12,8,9,1800,1,2,3,1.0,3,69382,M,,,69
201200051299,12,8,18,1544,1,2,1,1.0,6,69382,M,,,69
201200051300,12,8,23,116,4,2,1,1.0,2,69382,M,,,69
201200051301,12,8,26,2155,5,2,1,1.0,4,69382,M,,,69
201200051302,12,9,3,1,5,2,1,1.0,6,69382,M,,,69
201200051303,12,9,4,1015,1,2,2,1.0,3,69382,M,,,69
201200051304,12,9,15,2145,5,2,1,1.0,6,69382,M,,,69
201200051305,12,9,22,1800,1,2,1,1.0,2,69382,M,,,69
201200051306,12,9,24,1900,1,2,1,1.0,6,69382,M,,,69
201200051307,12,9,9,420,5,2,1,1.0,6,69382,M,,,69
201200051308,12,10,5,215,5,2,1,1.0,6,69382,M,,,69
201200051309,12,9,21,1905,2,2,1,2.0,2,69382,M,,,69
201200051310,12,9,21,1800,1,2,3,2.0,3,69382,M,,,69
201200051311,12,10,10,1330,1,2,2,1.0,3,69382,M,,,69
201200051312,12,10,26,1715,1,2,1,2.0,6,69382,M,,,69
201200051313,12,10,29,2030,5,2,1,1.0,2,69382,M,,,69
201200051314,12,11,8,450,5,2,1,1.0,6,69382,M,,,69
201200051315,12,11,11,300,5,2,1,2.0,6,69382,M,,,69
201200051316,12,11,10,1610,1,2,1,2.0,6,69382,M,,,69
201200051317,12,11,12,1550,1,2,1,1.0,6,69382,M,,,69
201200051318,12,11,13,2058,5,2,1,1.0,3,69382,M,,,69
201200051319,12,11,14,1250,1,2,1,1.0,4,69382,M,,,69
201200051320,12,11,19,2010,5,2,1,1.0,6,69382,M,,,69
201200051321,12,11,22,1105,1,2,1,1.0,6,69382,M,,,69
201200051322,12,12,3,1050,1,2,1,4.0,6,69382,M,,,69
201200051323,12,12,3,1605,1,2,2,2.0,3,69382,M,,,69
201200051324,12,12,16,1405,1,2,1,1.0,3,69382,M,,,69
201200051325,12,1,4,1500,1,1,1,1.0,7,59646,M,,,59
201200051326,12,1,7,1600,1,1,1,1.0,3,62498,M,,,62
201200051327,12,1,10,1604,1,1,1,1.0,6,59090,M,,,59
201200051328,12,1,10,820,1,1,1,1.0,2,59359,M,,,59
201200051329,12,1,10,1025,1,1,1,1.0,6,59313,M,,,59
201200051330,12,1,12,1930,5,1,1,1.0,2,59350,M,,,59
201200051331,12,1,18,710,3,1,1,2.0,2,59449,M,,,59
201200051332,12,1,27,2205,3,1,1,3.0,6,62634,M,,,62
201200051333,12,1,28,930,1,1,1,2.0,3,59146,M,,,59
201200051334,12,1,30,1950,3,1,1,1.0,2,59327,M,,,59
201200051335,12,2,3,2115,3,1,1,4.0,3,59560,M,,,59
201200051336,12,2,4,2300,3,1,1,4.0,1,59378,M,,,59
201200051337,12,2,4,1100,1,1,1,4.0,7,59271,M,5099615.0,228200.0,59
201200051338,12,2,8,1414,1,1,1,1.0,3,59554,M,,,59
201200051339,12,2,8,1930,3,1,1,1.0,3,59478,M,,,59
201200051340,12,2,10,2010,3,1,1,2.0,2,59094,M,,,59
201200051341,12,2,13,650,5,1,1,9.0,2,59646,M,,,59
201200051342,12,2,17,1040,1,1,1,2.0,6,59560,M,,,59
201200051343,12,2,23,805,2,1,1,2.0,2,59560,M,,,59
201200051344,12,3,2,1900,3,1,1,2.0,6,59378,M,,,59
201200051345,12,3,2,2215,3,1,1,8.0,3,59613,M,,,59
201200051346,12,3,14,950,1,1,1,1.0,3,59507,M,,,59
201200051347,12,3,14,1845,1,1,1,1.0,3,59090,M,,,59
201200051348,12,3,16,1655,1,1,1,1.0,2,59009,M,,,59
201200051349,12,3,19,940,1,1,1,1.0,5,59350,M,,,59
201200051350,12,3,21,2120,5,1,1,1.0,6,59544,M,,,59
201200051351,12,3,22,910,1,1,1,1.0,5,62498,M,,,62
201200051352,12,3,24,600,5,1,1,1.0,2,62587,M,,,62
201200051353,12,3,26,1725,1,1,1,1.0,7,59350,M,,,59
201200051354,12,3,30,2215,5,1,1,1.0,1,59155,M,,,59
201200051355,12,4,1,400,5,1,1,1.0,6,59646,M,,,59
201200051356,12,4,4,145,5,1,1,1.0,2,59507,M,,,59
201200051357,12,4,7,930,1,1,1,2.0,5,62498,M,,,62
201200051358,12,4,12,1745,1,1,1,3.0,3,59234,M,,,59
201200051359,12,4,13,2210,5,1,1,1.0,5,59566,M,,,59
201200051360,12,4,17,1600,1,1,1,3.0,3,59606,M,,,59
201200051361,12,4,18,1535,1,1,1,8.0,3,59603,M,,,59
201200051362,12,4,22,1030,1,1,1,1.0,3,59196,M,,,59
201200051363,12,4,26,1815,1,1,1,1.0,4,59383,M,,,59
201200051364,12,5,5,1815,1,1,1,2.0,5,59340,M,,,59
201200051365,12,5,7,245,5,1,1,1.0,6,59523,M,,,59
201200051366,12,5,10,1745,1,1,1,1.0,3,62498,M,,,62
201200051367,12,5,20,945,1,1,1,1.0,3,59202,M,,,59
201200051368,12,5,21,1525,1,1,1,8.0,5,59507,M,,,59
201200051369,12,5,24,1735,1,1,1,1.0,3,59603,M,,,59
201200051370,12,5,27,1215,1,1,1,1.0,4,59143,M,,,59
201200051371,12,5,29,825,1,1,1,1.0,2,59343,M,,,59
201200051372,12,6,9,330,5,1,1,1.0,6,59507,M,,,59
201200051373,12,6,9,1615,1,1,1,1.0,6,59426,M,,,59
201200051374,12,6,15,925,1,1,1,1.0,2,62624,M,,,62
201200051375,12,6,19,535,2,1,1,1.0,6,59340,M,5103732.0,244708.0,59
201200051376,12,6,19,720,1,1,1,1.0,2,59340,M,5103986.0,245658.0,59
201200051377,12,6,19,1430,1,1,1,1.0,3,59183,M,,,59
201200051378,12,6,23,1140,1,1,1,1.0,7,59196,M,,,59
201200051379,12,7,8,830,1,1,1,2.0,3,59378,M,,,59
201200051380,12,7,20,345,3,1,1,1.0,2,59459,M,,,59
201200051381,12,7,23,1155,1,1,1,1.0,7,59350,M,,,59
201200051382,12,7,25,1000,1,1,1,7.0,2,59196,M,,,59
201200051383,12,7,25,1220,1,1,1,1.0,4,59515,M,,,59
201200051384,12,7,25,1125,1,1,1,1.0,2,59564,M,,,59
201200051385,12,7,29,1635,1,1,1,1.0,7,59143,M,,,59
201200051386,12,8,8,1855,1,1,1,1.0,5,59350,M,,,59
201200051387,12,8,13,210,5,1,1,1.0,6,59560,M,,,59
201200051388,12,8,13,220,3,1,1,1.0,6,59588,M,5103647.0,244433.0,59
201200051389,12,8,15,2200,2,1,1,1.0,6,59143,M,,,59
201200051390,12,8,21,1220,1,1,1,1.0,3,59234,M,,,59
201200051391,12,8,23,1520,1,1,1,1.0,3,59124,M,,,59
201200051392,12,8,24,200,5,1,1,1.0,6,59410,M,,,59
201200051393,12,8,27,2135,2,1,1,1.0,2,59343,M,,,59
201200051394,12,8,28,1845,1,1,1,1.0,2,59378,M,,,59
201200051395,12,8,31,1750,1,1,1,1.0,2,59560,M,,,59
201200051396,12,9,1,15,4,1,1,1.0,7,59234,M,,,59
201200051397,12,9,4,1230,1,1,1,1.0,2,59155,M,,,59
201200051398,12,9,4,1655,1,1,1,1.0,2,59431,M,,,59
201200051399,12,9,6,1835,1,1,1,1.0,2,62510,M,,,62
201200051400,12,9,7,1735,1,1,1,1.0,7,59386,M,,,59
201200051401,12,9,8,150,3,1,1,1.0,2,59609,M,,,59
201200051402,12,9,13,1925,1,1,1,1.0,6,59491,M,5040705.0,344204.0,59
201200051403,12,9,14,820,1,1,1,1.0,3,59566,M,,,59
201200051404,12,9,16,240,4,1,1,1.0,6,62528,M,,,62
201200051405,12,9,16,740,1,1,1,1.0,2,59256,M,,,59
201200051406,12,9,22,1600,1,1,1,1.0,7,59343,M,,,59
201200051407,12,9,23,1715,1,1,1,2.0,7,59346,M,,,59
201200051408,12,9,25,1510,1,1,1,1.0,2,59131,M,,,59
201200051409,12,9,30,145,4,1,1,1.0,7,59509,M,,,59
201200051410,12,10,2,2225,3,1,1,1.0,2,62510,M,,,62
201200051411,12,10,6,1645,1,1,1,1.0,6,59646,M,,,59
201200051412,12,10,10,945,1,1,1,1.0,2,59082,M,,,59
201200051413,12,10,13,2030,3,1,1,2.0,2,59350,M,,,59
201200051414,12,10,14,450,3,1,1,2.0,6,59585,M,5056386.0,307139.0,59
201200051415,12,10,24,2000,3,1,1,1.0,6,59509,M,,,59
201200051416,12,10,25,830,1,1,1,2.0,3,59350,M,,,59
201200051417,12,10,27,550,3,1,1,1.0,3,62907,M,,,62
201200051418,12,10,30,910,1,1,1,5.0,2,59350,M,,,59
201200051419,12,11,3,1925,3,1,1,2.0,7,59501,M,,,59
201200051420,12,11,9,900,1,1,1,1.0,7,59350,M,,,59
201200051421,12,11,20,2115,3,1,1,1.0,2,59160,M,,,59
201200051422,12,11,22,758,2,1,1,1.0,5,59009,M,,,59
201200051423,12,11,26,850,1,1,1,2.0,5,59378,M,,,59
201200051424,12,11,28,1320,1,1,1,1.0,6,59599,M,,,59
201200051425,12,11,29,1140,1,1,1,2.0,6,62393,M,,,62
201200051426,12,12,1,1415,1,1,1,1.0,3,59646,M,5065751.0,311990.0,59
201200051427,12,12,1,1530,1,1,1,1.0,7,59462,M,,,59
201200051428,12,12,2,1800,3,1,1,1.0,4,59196,M,,,59
201200051429,12,12,19,1730,3,1,1,1.0,4,62249,M,,,62
201200051430,12,12,19,1820,3,1,1,1.0,2,59234,M,,,59
201200051431,12,12,19,2300,5,1,1,1.0,7,59646,M,,,59
201200051432,12,12,24,705,5,1,1,1.0,5,59609,M,,,59
201200051433,12,12,24,1140,1,1,1,1.0,1,62274,M,,,62
201200051434,12,12,30,130,5,1,1,1.0,3,59271,M,,,59
201200051435,12,12,31,420,5,1,1,2.0,6,59350,M,,,59
201200051436,12,1,2,1400,1,2,1,2.0,6,69386,M,,,69
201200051437,12,1,3,15,5,2,2,1.0,3,69386,M,,,69
201200051438,12,1,8,2030,5,2,2,2.0,3,69386,M,,,69
201200051439,12,1,10,1248,1,2,1,1.0,3,69386,M,,,69
201200051440,12,1,12,640,5,2,3,1.0,2,69386,M,,,69
201200051441,12,1,12,1410,1,2,2,1.0,6,69386,M,,,69
201200051442,12,1,14,1245,1,2,1,1.0,6,69386,M,,,69
201200051443,12,1,18,1100,1,2,1,1.0,6,69386,M,,,69
201200051444,12,1,19,925,1,2,1,8.0,6,69383,M,,,69
201200051445,12,1,19,1130,1,1,1,8.0,6,69383,M,,,69
201200051446,12,1,20,300,4,2,1,2.0,3,69386,M,,,69
201200051447,12,1,23,1715,2,2,1,1.0,3,69383,M,,,69
201200051448,12,1,23,1720,2,2,2,1.0,3,69383,M,,,69
201200051449,12,1,24,600,5,2,2,1.0,2,69383,M,,,69
201200051450,12,1,24,2220,5,2,1,2.0,2,69383,M,,,69
201200051451,12,1,24,830,1,2,2,1.0,6,69386,M,,,69
201200051452,12,1,25,640,5,2,4,2.0,3,69386,M,,,69
201200051453,12,1,25,1640,1,2,5,2.0,6,69386,M,,,69
201200051454,12,1,26,1710,2,2,1,1.0,6,69386,M,,,69
201200051455,12,1,26,1850,5,2,3,1.0,1,69383,M,,,69
201200051456,12,2,3,1800,5,2,1,6.0,6,69383,M,,,69
201200051457,12,2,7,1150,1,2,2,1.0,3,69383,M,,,69
201200051458,12,2,9,2010,5,2,2,1.0,3,69383,M,,,69
201200051459,12,2,10,1810,5,2,1,1.0,6,69383,M,,,69
201200051460,12,2,12,1145,1,2,2,1.0,6,69383,M,,,69
201200051461,12,2,14,930,1,2,1,4.0,6,69386,M,,,69
201200051462,12,2,16,800,1,2,1,1.0,3,69383,M,,,69
201200051463,12,2,16,1555,1,2,2,1.0,3,69386,M,,,69
201200051464,12,2,17,1250,1,2,1,1.0,6,69383,M,0.0,0.0,69
201200051465,12,2,18,1010,1,2,1,1.0,3,69383,M,,,69
201200051466,12,2,18,250,5,2,1,1.0,6,69386,M,,,69
201200051467,12,2,19,1255,1,2,2,2.0,3,69383,M,,,69
201200051468,12,2,23,1145,1,2,1,1.0,3,69383,M,,,69
201200051469,12,2,24,1900,3,2,2,1.0,6,69383,M,,,69
201200051470,12,2,25,355,4,2,1,1.0,6,69386,M,,,69
201200051471,12,2,26,10,5,2,1,1.0,6,69386,M,,,69
201200051472,12,2,26,1830,2,2,4,1.0,1,69383,M,,,69
201200051473,12,2,28,1440,1,2,2,1.0,3,69386,M,,,69
201200051474,12,2,28,1715,1,2,7,1.0,6,69383,M,,,69
201200051475,12,3,1,1320,1,2,1,2.0,6,69383,M,,,69
201200051476,12,3,1,1935,5,2,2,1.0,3,69386,M,,,69
201200051477,12,3,1,1640,1,2,1,1.0,6,69383,M,,,69
201200051478,12,3,2,1400,1,2,3,1.0,3,69383,M,,,69
201200051479,12,3,6,830,1,2,2,1.0,6,69386,M,,,69
201200051480,12,3,7,755,1,2,3,1.0,3,69386,M,,,69
201200051481,12,3,7,1620,1,2,2,1.0,6,69383,M,,,69