Num_Acc,an,mois,jour,hrmn,lum,agg,int,atm,col,com,gps,lat,long,dep
201200051482,12,3,15,1210,1,2,1,1.0,2,69383,M,,,69
201200051483,12,3,15,1630,1,2,1,1.0,2,69383,M,,,69
201200051484,12,3,15,1400,1,2,2,1.0,3,69386,M,,,69
201200051485,12,3,20,1810,1,2,1,1.0,6,69383,M,,,69
201200051486,12,3,21,825,1,2,1,1.0,6,69386,M,,,69
201200051487,12,3,23,425,5,2,3,1.0,3,69383,M,,,69
201200051488,12,3,22,1650,1,2,1,1.0,6,69383,M,,,69
201200051489,12,3,22,1155,1,2,1,1.0,3,69386,M,,,69
201200051490,12,3,17,2140,4,2,2,1.0,3,69383,M,,,69
201200051491,12,3,24,1730,1,2,2,1.0,6,69383,M,,,69
201200051492,12,3,25,510,5,2,2,1.0,5,69386,M,,,69
201200051493,12,3,23,220,5,2,2,1.0,6,69386,M,,,69
201200051494,12,4,2,2000,5,2,1,1.0,6,69386,M,,,69
201200051495,12,3,29,915,1,2,2,1.0,6,69383,M,,,69
201200051496,12,3,29,1950,5,2,2,1.0,3,69383,M,,,69
201200051497,12,4,24,1130,1,2,3,1.0,3,69386,M,,,69
201200051498,12,4,2,930,1,2,2,1.0,3,69383,M,,,69
201200051499,12,4,2,1255,1,2,2,1.0,3,69383,M,,,69
201200051500,12,4,4,1215,1,2,1,1.0,2,69386,M,,,69
201200051501,12,4,26,1555,1,2,1,1.0,4,69383,M,,,69
201200051502,12,3,19,815,1,2,1,1.0,2,69386,M,,,69
201200051503,12,4,5,2250,5,2,3,1.0,3,69386,M,,,69
201200051504,12,4,8,2200,5,2,2,1.0,3,69386,M,,,69
201200051505,12,4,9,1700,1,2,2,1.0,3,69386,M,,,69
201200051506,12,4,10,1735,1,2,1,1.0,6,69383,M,,,69
201200051507,12,4,19,1630,1,2,2,1.0,6,69383,M,,,69
201200051508,12,4,19,1030,1,2,1,1.0,5,69383,M,,,69
201200051509,12,4,22,1130,1,2,2,1.0,3,69383,M,,,69
201200051510,12,4,23,1055,1,2,1,1.0,6,69386,M,,,69
201200051511,12,4,23,1500,1,2,1,2.0,6,69383,M,,,69
201200051512,12,4,24,1610,1,1,2,2.0,6,69386,M,,,69
201200051513,12,4,26,855,1,2,2,6.0,6,69386,M,,,69
201200051514,12,4,29,200,5,2,3,2.0,6,69386,M,,,69
201200051515,12,5,1,1340,1,2,2,1.0,3,69386,M,,,69
201200051516,12,5,4,1520,1,2,1,1.0,6,69383,M,,,69
201200051517,12,5,4,1905,1,2,1,1.0,1,69383,M,,,69
201200051518,12,5,3,845,1,2,1,1.0,6,69383,M,,,69
201200051519,12,5,3,725,1,2,2,1.0,3,69386,M,,,69
201200051520,12,5,3,1110,1,2,1,1.0,6,69383,M,,,69
201200051521,12,5,1,1700,1,2,2,1.0,3,69386,M,,,69
201200051522,12,5,9,1510,1,2,1,1.0,2,69386,M,,,69
201200051523,12,5,12,505,4,2,2,1.0,1,69383,M,,,69
201200051524,12,5,13,1930,1,2,1,1.0,4,69383,M,,,69
201200051525,12,5,13,2205,5,2,1,1.0,3,69383,M,,,69
201200051526,12,5,15,1515,1,2,2,1.0,6,69383,M,,,69
201200051527,12,5,17,1210,1,2,3,1.0,5,69383,M,,,69
201200051528,12,5,16,1220,1,2,1,1.0,6,69386,M,,,69
201200051529,12,5,17,1630,1,2,1,1.0,2,69383,M,,,69
201200051530,12,5,21,1510,1,2,1,2.0,6,69386,M,0.0,0.0,69
201200051531,12,5,22,1150,1,2,2,2.0,6,69383,M,,,69
201200051532,12,5,23,1900,1,2,1,1.0,6,69383,M,,,69
201200051533,12,5,23,1610,1,2,1,1.0,6,69383,M,,,69
201200051534,12,5,24,2040,1,2,1,1.0,3,69383,M,,,69
201200051535,12,5,29,815,1,2,1,1.0,3,69383,M,,,69
201200051536,12,5,29,1420,1,2,1,1.0,3,69383,M,,,69
201200051537,12,5,30,2310,5,2,2,1.0,3,69383,M,,,69
201200051538,12,5,31,845,1,2,1,1.0,6,69386,M,,,69
201200051539,12,6,2,1030,1,2,1,1.0,6,69386,M,,,69
201200051540,12,6,2,1005,1,2,1,1.0,6,69383,M,,,69
201200051541,12,6,2,2055,2,2,1,1.0,6,69383,M,,,69
201200051542,12,6,6,1930,1,2,1,1.0,5,69386,M,,,69
201200051543,12,6,11,1720,1,2,2,1.0,3,69383,M,,,69
201200051544,12,6,12,1830,1,2,2,1.0,3,69386,M,,,69
201200051545,12,6,13,1530,1,2,2,1.0,3,69383,M,,,69
201200051546,12,6,13,1900,1,2,1,1.0,6,69383,M,,,69
201200051547,12,6,13,850,1,2,1,1.0,3,69383,M,,,69
201200051548,12,6,16,1825,1,2,3,1.0,2,69386,M,,,69
201200051549,12,6,16,2040,1,2,1,1.0,2,69383,M,,,69
201200051550,12,6,18,1215,1,2,2,1.0,6,69383,M,,,69
201200051551,12,6,18,715,1,2,1,1.0,6,69386,M,,,69
201200051552,12,6,21,1234,1,2,1,1.0,6,69383,M,,,69
201200051553,12,6,22,1510,1,2,1,1.0,6,69383,M,,,69
201200051554,12,6,22,1415,1,2,2,1.0,3,69383,M,,,69
201200051555,12,6,23,1815,1,2,3,1.0,3,69383,M,,,69
201200051556,12,6,26,740,1,2,1,1.0,3,69383,M,,,69
201200051557,12,6,27,830,1,2,2,1.0,3,69383,M,,,69
201200051558,12,6,27,1710,1,2,2,1.0,3,69383,M,,,69
201200051559,12,6,27,1815,1,2,3,1.0,3,69386,M,,,69
201200051560,12,6,27,1910,1,2,1,1.0,6,69383,M,,,69
201200051561,12,6,28,2045,1,2,2,1.0,3,69386,M,,,69
201200051562,12,6,28,1440,1,2,1,1.0,5,69383,M,,,69
201200051563,12,6,28,1300,1,2,4,1.0,2,69386,M,,,69
201200051564,12,6,29,1425,1,2,3,1.0,2,69386,M,,,69
201200051565,12,6,29,1430,1,2,1,1.0,6,69383,M,,,69
201200051566,12,6,29,715,1,2,2,1.0,3,69383,M,,,69
201200051567,12,7,12,725,1,2,2,1.0,3,69383,M,,,69
201200051568,12,7,1,2115,4,2,1,2.0,6,69383,M,,,69
201200051569,12,7,2,2000,1,2,2,1.0,3,69383,M,,,69
201200051570,12,7,3,1445,1,2,2,1.0,3,69383,M,,,69
201200051571,12,7,3,1705,1,2,1,1.0,3,69383,M,,,69
201200051572,12,7,3,1740,1,2,1,1.0,3,69383,M,,,69
201200051573,12,7,4,1220,1,2,2,1.0,6,69386,M,,,69
201200051574,12,7,5,2315,5,2,1,2.0,2,69386,M,,,69
201200051575,12,7,8,1835,1,2,1,1.0,6,69383,M,,,69
201200051576,12,7,9,1255,1,2,3,1.0,3,69383,M,,,69
201200051577,12,7,10,1130,1,2,1,1.0,3,69386,M,,,69
201200051578,12,7,10,1130,1,2,2,2.0,3,69383,M,,,69
201200051579,12,7,11,1520,1,2,1,1.0,5,69383,M,,,69
201200051580,12,7,12,1950,1,2,9,1.0,3,69383,M,,,69
201200051581,12,7,13,1120,1,2,1,1.0,6,69383,M,,,69
201200051582,12,7,18,1500,1,2,2,1.0,3,69386,M,,,69
201200051583,12,7,12,1420,1,2,1,1.0,5,69383,M,,,69
201200051584,12,7,19,2250,5,2,2,1.0,3,69383,M,,,69
201200051585,12,7,26,935,1,2,1,1.0,2,69383,M,,,69
201200051586,12,7,26,1810,1,2,9,1.0,6,69383,M,,,69
201200051587,12,7,31,1030,1,2,2,1.0,3,69383,M,,,69
201200051588,12,7,29,1725,1,2,1,1.0,6,69383,M,,,69
201200051589,12,7,29,1830,1,2,1,1.0,2,69386,M,,,69
201200051590,12,8,1,1000,1,2,2,1.0,3,69386,M,,,69
201200051591,12,8,2,1710,1,2,1,1.0,2,69383,M,,,69
201200051592,12,8,2,1725,1,2,2,1.0,5,69386,M,,,69
201200051593,12,8,10,1740,1,2,2,1.0,6,69383,M,,,69
201200051594,12,8,14,515,5,2,1,1.0,6,69383,M,,,69
201200051595,12,8,15,1015,1,2,1,1.0,6,69383,M,,,69
201200051596,12,8,15,1340,1,2,2,1.0,3,69383,M,,,69
201200051597,12,8,16,1655,1,2,3,1.0,3,69383,M,,,69
201200051598,12,8,21,1340,1,2,2,1.0,7,69383,M,,,69
201200051599,12,8,27,1425,1,2,2,1.0,1,69383,M,,,69
201200051600,12,8,29,1650,1,2,1,1.0,6,69386,M,,,69
201200051601,12,9,4,1840,1,2,2,1.0,6,69383,M,,,69
201200051602,12,9,6,740,1,2,2,1.0,3,69383,M,,,69
201200051603,12,9,6,350,5,2,3,1.0,3,69383,M,,,69
201200051604,12,9,7,740,1,2,3,1.0,3,69386,M,,,69
201200051605,12,9,7,1300,1,2,1,1.0,3,69383,M,,,69
201200051606,12,9,7,1135,1,2,1,1.0,4,69383,M,,,69
201200051607,12,9,8,1635,1,2,1,1.0,7,69383,M,,,69
201200051608,12,9,8,1805,1,2,2,1.0,3,69383,M,,,69
201200051609,12,9,9,300,5,2,1,1.0,6,69383,M,,,69
201200051610,12,9,10,1945,2,2,2,1.0,3,69383,M,,,69
201200051611,12,9,11,1230,1,2,1,1.0,6,69383,M,,,69
201200051612,12,9,14,1135,1,2,1,1.0,6,69383,M,,,69
201200051613,12,9,15,1130,1,2,2,1.0,3,69386,M,,,69
201200051614,12,9,15,1355,1,2,1,1.0,6,69383,M,,,69
201200051615,12,9,18,1330,1,2,1,1.0,6,69383,M,,,69
201200051616,12,9,19,725,2,2,1,8.0,6,69383,M,,,69
201200051617,12,9,20,1135,1,2,1,1.0,6,69383,M,,,69
201200051618,12,9,20,1355,1,2,2,1.0,3,69383,M,,,69
201200051619,12,9,21,1235,1,2,2,1.0,6,69386,M,,,69
201200051620,12,9,21,1840,1,2,2,2.0,2,69383,M,,,69
201200051621,12,9,24,905,1,2,2,1.0,3,69386,M,,,69
201200051622,12,9,24,2030,2,2,1,1.0,3,69383,M,,,69
201200051623,12,9,18,1045,1,2,1,1.0,6,69383,M,,,69
201200051624,12,9,25,2030,5,2,2,1.0,7,69386,M,,,69
201200051625,12,9,25,1740,1,2,2,1.0,6,69386,M,,,69
201200051626,12,9,27,835,1,2,2,1.0,6,69383,M,,,69
201200051627,12,9,25,1530,1,2,2,1.0,3,69383,M,,,69
201200051628,12,9,29,1730,1,2,2,1.0,3,69383,M,,,69
201200051629,12,10,1,800,1,2,2,1.0,3,69386,M,,,69
201200051630,12,10,2,1810,1,2,1,1.0,3,69386,M,,,69
201200051631,12,10,6,2120,5,2,1,9.0,6,69386,M,,,69
201200051632,12,10,6,1530,1,2,1,1.0,2,69383,M,,,69
201200051633,12,10,10,1215,1,2,1,1.0,7,69383,M,,,69
201200051634,12,10,10,1730,1,2,1,8.0,3,69383,M,,,69
201200051635,12,10,11,1620,1,2,2,1.0,3,69383,M,,,69
201200051636,12,10,12,1000,1,2,1,2.0,3,69383,M,,,69
201200051637,12,10,14,1040,1,2,1,1.0,6,69383,M,,,69
201200051638,12,10,15,720,2,2,2,1.0,3,69383,M,,,69
201200051639,12,10,15,1415,1,2,1,1.0,3,69383,M,,,69
201200051640,12,10,17,1335,1,2,1,1.0,6,69386,M,,,69
201200051641,12,10,19,825,1,2,1,1.0,3,69383,M,,,69
201200051642,12,10,20,1800,1,2,2,1.0,3,69383,M,,,69
201200051643,12,10,20,2245,5,2,1,1.0,3,69383,M,,,69
201200051644,12,10,20,1620,1,2,1,1.0,3,69386,M,,,69
201200051645,12,10,22,1800,1,2,2,1.0,3,69383,M,,,69
201200051646,12,10,22,1240,1,2,2,1.0,3,69386,M,,,69
201200051647,12,2,8,940,1,2,1,1.0,3,69386,M,,,69
201200051648,12,10,24,1950,5,2,1,1.0,6,69386,M,,,69
201200051649,12,10,26,900,1,2,1,1.0,7,69383,M,,,69
201200051650,12,10,29,1950,5,2,1,1.0,3,69383,M,,,69
201200051651,12,11,1,425,3,2,9,1.0,6,69383,M,,,69
201200051652,12,11,6,645,5,2,2,1.0,2,69383,M,,,69
201200051653,12,11,8,400,5,2,2,1.0,3,69383,M,,,69
201200051654,12,11,7,1950,5,2,3,1.0,1,69386,M,,,69
201200051655,12,11,8,2200,5,2,2,1.0,3,69386,M,,,69
201200051656,12,11,12,910,1,2,2,1.0,3,69383,M,,,69
201200051657,12,11,8,1940,4,2,1,1.0,2,69383,M,,,69
201200051658,12,11,16,1000,1,2,2,1.0,1,69386,M,,,69
201200051659,12,11,17,1530,1,2,1,1.0,2,69383,M,,,69
201200051660,12,11,18,1650,2,2,1,1.0,6,69386,M,,,69
201200051661,12,11,22,1225,1,2,1,1.0,3,69383,M,,,69
201200051662,12,11,24,1745,5,2,2,1.0,3,69383,M,,,69
201200051663,12,11,27,645,5,2,2,2.0,3,69383,M,,,69
201200051664,12,11,27,900,1,2,1,1.0,6,69383,M,,,69
201200051665,12,11,26,1345,1,2,1,3.0,3,69386,M,,,69
201200051666,12,11,16,1955,5,2,1,2.0,5,69383,M,,,69
201200051667,12,12,1,1030,1,2,2,1.0,3,69383,M,,,69
201200051668,12,12,2,1150,1,2,1,4.0,6,69383,M,,,69
201200051669,12,11,30,1520,1,2,1,1.0,2,69386,M,,,69
201200051670,12,12,3,1330,1,2,2,3.0,6,69383,M,,,69
201200051671,12,12,5,850,1,2,1,1.0,6,69383,M,,,69
201200051672,12,12,5,730,2,2,1,2.0,6,69383,M,,,69
201200051673,12,12,5,1725,5,2,2,2.0,3,69386,M,,,69
201200051674,12,12,6,1820,5,2,1,1.0,6,69383,M,,,69
201200051675,12,12,8,1150,1,2,1,1.0,6,69383,M,,,69
201200051676,12,12,8,2040,4,2,2,1.0,3,69383,M,,,69
201200051677,12,12,7,2300,5,2,1,2.0,3,69386,M,,,69
201200051678,12,12,11,1930,5,2,2,1.0,6,69386,M,,,69
201200051679,12,12,11,900,1,2,1,1.0,6,69386,M,,,69
201200051680,12,12,13,2200,5,2,3,3.0,6,69383,M,,,69
201200051681,12,12,13,1440,1,2,1,1.0,6,69386,M,,,69
201200051682,12,12,13,1930,5,2,2,2.0,3,69383,M,,,69
201200051683,12,12,14,1630,1,2,2,2.0,6,69386,M,,,69
201200051684,12,12,17,930,1,2,1,1.0,2,69386,M,,,69
201200051685,12,12,17,1625,1,2,2,1.0,3,69383,M,,,69
201200051686,12,12,18,955,1,2,1,8.0,6,69383,M,,,69
201200051687,12,12,20,1720,5,2,3,2.0,3,69383,M,,,69
201200051688,12,12,20,1500,1,2,1,2.0,6,69386,M,,,69
201200051689,12,12,23,1010,1,2,1,1.0,3,69383,M,,,69
201200051690,12,12,26,1917,5,2,1,1.0,6,69383,M,,,69
201200051691,12,12,22,1100,1,2,1,1.0,6,69383,M,,,69
201200051692,12,12,26,1825,5,2,2,1.0,3,69386,M,,,69
201200051693,12,12,28,1420,1,2,1,1.0,6,69383,M,,,69
201200051694,12,12,29,1830,5,2,1,1.0,3,69386,M,,,69
201200051695,12,1,8,425,5,2,1,1.0,6,69384,M,,,69
201200051696,12,1,11,1840,5,2,3,1.0,3,69384,M,,,69
201200051697,12,1,13,800,5,2,1,1.0,6,69384,M,,,69
201200051698,12,1,26,1730,2,2,2,1.0,6,69384,M,,,69
201200051699,12,3,2,2210,5,2,1,1.0,6,69384,M,,,69
201200051700,12,3,9,1455,1,2,1,1.0,6,69384,M,,,69
201200051701,12,3,11,35,5,2,1,1.0,4,69384,M,,,69
201200051702,12,4,5,1740,1,2,1,1.0,6,69384,M,,,69
201200051703,12,4,11,1500,1,2,1,1.0,6,69384,M,,,69
201200051704,12,4,14,2145,5,2,2,2.0,3,69384,M,,,69
201200051705,12,4,24,845,1,2,2,1.0,6,69384,M,,,69
201200051706,12,4,28,50,5,2,1,1.0,3,69384,M,,,69
201200051707,12,5,14,1800,1,2,1,1.0,6,69384,M,,,69
201200051708,12,5,14,1005,1,2,1,1.0,6,69384,M,,,69
201200051709,12,6,13,1840,1,2,1,1.0,6,69384,M,,,69
201200051710,12,6,14,2050,2,2,1,1.0,3,69384,M,,,69
201200051711,12,6,27,1540,1,2,1,1.0,6,69384,M,,,69
201200051712,12,6,28,1450,1,2,1,1.0,3,69384,M,,,69
201200051713,12,6,30,1045,1,2,1,1.0,6,69384,M,,,69
201200051714,12,7,6,830,1,2,1,1.0,3,69384,M,,,69
201200051715,12,7,11,2035,1,2,1,1.0,3,69384,M,,,69
201200051716,12,7,19,840,1,2,1,1.0,4,69384,M,,,69
201200051717,12,7,16,1810,1,2,1,1.0,4,69384,M,,,69
201200051718,12,8,21,520,4,2,2,1.0,3,69384,M,,,69
201200051719,12,9,5,2010,2,2,3,1.0,6,69384,M,,,69
201200051720,12,9,19,1120,1,2,1,1.0,6,69384,M,,,69
201200051721,12,9,23,1325,1,2,1,1.0,1,69384,M,,,69
201200051722,12,9,23,1720,1,2,1,1.0,6,69384,M,,,69
201200051723,12,9,24,700,3,2,4,1.0,3,69384,M,,,69
201200051724,12,9,25,800,1,2,1,1.0,6,69384,M,,,69
201200051725,12,10,5,1015,1,2,1,1.0,6,69384,M,,,69
201200051726,12,10,10,1450,1,2,1,1.0,6,69384,M,,,69
201200051727,12,10,12,1600,1,2,1,1.0,6,69384,M,,,69
201200051728,12,10,12,1555,1,2,1,1.0,6,69384,M,,,69
201200051729,12,10,23,1700,1,2,1,1.0,6,69384,M,,,69
201200051730,12,11,21,1830,5,2,1,2.0,2,69384,M,,,69
201200051731,12,12,17,1840,5,2,1,1.0,2,69384,M,,,69
201200051732,12,1,2,1030,1,1,1,1.0,2,33366,M,,,33
201200051733,12,1,8,1120,1,1,1,2.0,6,33249,M,,,33
201200051734,12,1,10,925,1,1,1,1.0,3,33063,M,,,33
201200051735,12,1,11,725,3,1,1,1.0,3,33065,M,,,33
201200051736,12,1,11,1645,1,1,1,1.0,2,33249,M,,,33
201200051737,12,1,15,1420,1,1,1,1.0,6,33039,M,,,33
201200051738,12,1,19,1900,5,1,1,1.0,2,33249,M,,,33
201200051739,12,1,24,1740,1,1,1,1.0,4,33167,M,,,33
201200051740,12,1,30,900,1,1,1,1.0,5,33318,M,,,33
201200051741,12,2,2,1345,1,1,1,1.0,2,33281,M,,,33
201200051742,12,2,2,1415,1,1,1,1.0,6,33143,M,,,33
201200051743,12,2,5,455,5,1,1,4.0,2,33119,M,,,33
201200051744,12,2,10,320,5,1,1,1.0,6,33249,M,,,33
201200051745,12,2,12,750,2,1,1,1.0,6,33080,M,,,33
201200051746,12,2,13,925,1,1,1,1.0,3,33039,M,,,33
201200051747,12,2,16,1325,1,1,1,1.0,2,33550,M,,,33
201200051748,12,2,17,1755,1,1,1,1.0,4,33090,M,,,33
201200051749,12,2,17,2100,5,1,1,1.0,3,33550,M,,,33
201200051750,12,2,20,1745,1,1,1,1.0,6,33096,M,,,33
201200051751,12,2,21,650,5,1,1,1.0,7,33063,M,,,33
201200051752,12,2,22,255,5,1,1,1.0,7,33249,M,,,33
201200051753,12,2,23,735,1,1,1,1.0,2,33249,M,,,33
201200051754,12,2,23,2150,5,1,1,1.0,3,33192,M,,,33
201200051755,12,2,24,915,1,1,1,2.0,6,33063,M,,,33
201200051756,12,3,2,1715,1,1,1,1.0,2,33039,M,,,33
201200051757,12,3,3,400,3,1,1,1.0,2,33080,M,,,33
201200051758,12,3,3,2300,3,1,1,1.0,6,33448,M,,,33
201200051759,12,3,13,745,2,1,1,1.0,2,33119,M,,,33
201200051760,12,3,4,1045,1,1,1,2.0,6,33063,M,,,33
201200051761,12,3,4,1235,1,1,1,2.0,3,33249,M,,,33
201200051762,12,3,4,1410,1,1,1,2.0,6,33550,M,,,33
201200051763,12,3,5,1500,1,1,1,1.0,6,33080,M,,,33
201200051764,12,3,5,1630,1,1,1,1.0,2,33162,M,,,33
201200051765,12,3,6,1345,1,1,1,1.0,3,33550,M,,,33
201200051766,12,3,7,440,5,1,1,5.0,3,33039,M,,,33
201200051767,12,3,7,650,5,1,1,1.0,5,33397,M,,,33
201200051768,12,3,8,1615,1,1,1,1.0,4,33063,M,,,33
201200051769,12,3,12,1525,1,1,1,1.0,4,33318,M,,,33
201200051770,12,3,16,1615,1,1,1,1.0,2,33075,M,,,33
201200051771,12,3,16,1710,1,1,1,1.0,4,33080,M,,,33
201200051772,12,3,16,2225,5,1,1,1.0,4,33065,M,,,33
201200051773,12,3,18,620,3,1,1,2.0,2,33080,M,,,33
201200051774,12,3,19,645,1,1,1,1.0,6,33249,M,,,33
201200051775,12,3,24,1520,1,1,1,1.0,6,33065,M,,,33
201200051776,12,3,27,820,1,1,1,1.0,3,33249,M,,,33
201200051777,12,3,28,2225,5,1,1,1.0,2,33249,M,,,33
201200051778,12,3,29,1600,1,1,1,1.0,6,33192,M,,,33
201200051779,12,3,31,1930,1,1,1,1.0,6,33192,M,,,33
201200051780,12,4,4,1210,1,1,1,1.0,6,33039,M,,,33
201200051781,12,4,4,1630,1,1,1,1.0,5,33039,M,,,33
201200051782,12,4,4,2340,5,1,1,1.0,5,33249,M,,,33
201200051783,12,4,6,2020,3,1,1,4.0,7,33080,M,,,33
201200051784,12,4,8,810,5,1,1,1.0,6,33397,M,,,33
201200051785,12,4,9,1735,1,1,1,1.0,7,33550,M,,,33
201200051786,12,4,13,720,2,1,1,1.0,6,33448,M,,,33
201200051787,12,4,16,1605,1,1,1,1.0,4,33192,M,,,33
201200051788,12,4,18,755,1,1,1,7.0,4,33063,M,,,33
201200051789,12,4,23,940,1,1,1,2.0,2,33063,M,,,33
201200051790,12,4,20,540,2,1,1,2.0,2,33039,M,,,33
201200051791,12,4,24,750,1,1,1,2.0,6,33474,M,,,33
201200051792,12,5,6,105,5,1,1,1.0,2,33063,M,,,33
201200051793,12,5,9,1020,1,1,1,1.0,4,33192,M,,,33
201200051794,12,5,11,1830,1,1,1,1.0,4,33249,M,,,33
201200051795,12,5,19,410,3,1,1,1.0,6,33122,M,,,33
201200051796,12,5,19,1555,1,1,1,2.0,4,33192,M,,,33
201200051797,12,5,19,1840,1,1,1,2.0,6,33487,M,,,33
201200051798,12,5,20,2010,1,1,1,2.0,6,33249,M,,,33
201200051799,12,5,23,630,2,1,1,2.0,6,33249,M,,,33
201200051800,12,5,21,1415,1,1,1,2.0,6,33167,M,,,33
201200051801,12,5,22,1430,1,1,1,1.0,2,33249,M,,,33
201200051802,12,5,25,750,1,1,1,1.0,6,33550,M,,,33
201200051803,12,5,25,830,1,1,1,1.0,2,33075,M,,,33
201200051804,12,5,29,718,1,1,1,1.0,2,33075,M,,,33
201200051805,12,5,29,1755,1,1,1,1.0,3,33063,M,,,33
201200051806,12,5,29,2010,1,1,1,1.0,2,33167,M,,,33
201200051807,12,5,30,720,1,1,1,1.0,3,33167,M,,,33
201200051808,12,6,1,935,1,1,1,1.0,3,33119,M,,,33
201200051809,12,6,8,1700,1,1,1,1.0,4,33065,M,,,33
201200051810,12,6,9,1115,1,1,1,1.0,2,33249,M,,,33
201200051811,12,6,9,1355,1,1,1,2.0,6,33143,M,,,33
201200051812,12,6,10,1300,1,1,1,2.0,6,33249,M,,,33
201200051813,12,6,11,640,1,1,1,1.0,6,33249,M,,,33
201200051814,12,6,11,915,1,1,1,1.0,6,33162,M,,,33
201200051815,12,6,14,820,1,1,1,1.0,5,33249,M,,,33
201200051816,12,6,15,1740,1,1,1,1.0,3,33075,M,,,33
201200051817,12,6,15,2155,5,1,1,1.0,2,33397,M,,,33
201200051818,12,6,20,1430,1,1,1,1.0,3,33039,M,,,33
201200051819,12,6,21,2215,5,1,1,1.0,3,33143,M,,,33
201200051820,12,6,24,1550,1,1,1,1.0,7,33318,M,,,33
201200051821,12,7,4,910,1,1,1,2.0,7,33003,M,,,33
201200051822,12,7,5,805,1,1,1,2.0,2,33080,M,,,33
201200051823,12,7,5,840,1,1,1,2.0,6,33075,M,,,33
201200051824,12,7,5,1850,1,1,1,2.0,3,33167,M,,,33
201200051825,12,7,6,740,1,1,1,1.0,4,33249,M,,,33
201200051826,12,7,6,1730,1,1,1,8.0,6,33023,M,,,33
201200051827,12,7,6,2340,4,1,1,1.0,7,33063,M,,,33
201200051828,12,7,12,1607,1,1,1,2.0,6,33063,M,,,33
201200051829,12,7,9,1140,1,1,1,8.0,6,33249,M,,,33
201200051830,12,7,9,1750,1,1,1,1.0,6,33162,M,,,33
201200051831,12,7,10,1635,1,1,1,1.0,2,33162,M,,,33
201200051832,12,7,13,1950,1,1,1,3.0,6,33550,M,,,33
201200051833,12,7,14,720,1,1,1,1.0,3,33080,M,,,33
201200051834,12,7,19,1515,1,1,1,1.0,2,33063,M,,,33
201200051835,12,7,20,445,3,1,1,1.0,6,33080,M,,,33
201200051836,12,7,21,655,1,1,1,1.0,2,33281,M,,,33
201200051837,12,7,22,1230,1,1,1,1.0,6,33143,M,,,33
201200051838,12,7,24,1540,1,1,1,1.0,4,33090,M,,,33
201200051839,12,7,25,815,1,1,1,1.0,6,33065,M,,,33
201200051840,12,7,29,2220,4,1,1,1.0,6,33281,M,,,33
201200051841,12,7,30,1005,1,1,1,1.0,7,33249,M,,,33
201200051842,12,8,5,1545,1,1,1,2.0,6,33249,M,,,33
201200051843,12,8,7,410,3,1,1,1.0,6,33448,M,,,33
201200051844,12,8,8,1550,1,1,1,1.0,3,33550,M,,,33
201200051845,12,8,10,1525,1,1,1,1.0,7,33122,M,,,33
201200051846,12,8,11,1225,1,1,1,1.0,2,33318,M,,,33
201200051847,12,8,14,1220,1,1,1,1.0,3,33366,M,,,33
201200051848,12,8,23,1930,1,1,1,1.0,2,33550,M,,,33
201200051849,12,8,24,1255,1,1,1,1.0,4,33192,M,,,33
201200051850,12,8,29,832,1,1,1,1.0,6,33167,M,,,33
201200051851,12,8,29,1750,1,1,1,1.0,2,33119,M,,,33
201200051852,12,9,3,1610,1,1,1,1.0,6,33167,M,,,33
201200051853,12,9,6,1700,1,1,1,1.0,6,33119,M,,,33
201200051854,12,9,11,745,2,1,1,1.0,4,33397,M,,,33
201200051855,12,9,11,755,1,1,1,1.0,3,33550,M,,,33
201200051856,12,9,14,650,5,1,1,1.0,2,33249,M,,,33
201200051857,12,9,14,1750,1,1,1,1.0,5,33249,M,,,33
201200051858,12,9,15,2120,5,1,1,1.0,6,33065,M,,,33
201200051859,12,9,16,2130,4,1,1,1.0,1,33167,M,,,33
201200051860,12,9,19,850,1,1,1,1.0,5,33192,M,,,33
201200051861,12,9,20,905,1,1,1,1.0,2,33318,M,,,33
201200051862,12,9,21,705,2,1,1,1.0,4,33249,M,,,33
201200051863,12,9,21,1520,1,1,1,1.0,2,33249,M,,,33
201200051864,12,9,23,2050,2,1,1,2.0,3,33039,M,,,33
201200051865,12,9,25,825,1,1,1,2.0,2,33448,M,,,33
201200051866,12,9,25,820,1,1,1,2.0,3,33192,M,,,33
201200051867,12,9,25,850,1,1,1,3.0,3,33318,M,,,33
201200051868,12,9,25,955,1,1,1,2.0,4,33249,M,,,33
201200051869,12,9,26,1740,1,1,1,2.0,4,33063,M,,,33
201200051870,12,9,27,900,1,1,1,8.0,6,33162,M,,,33
201200051871,12,9,28,2035,5,1,1,1.0,4,33249,M,,,33
201200051872,12,9,30,1705,1,1,1,1.0,6,33162,M,,,33
201200051873,12,9,30,2100,5,1,1,1.0,2,33550,M,,,33
201200051874,12,10,5,750,1,1,1,1.0,4,33318,M,,,33
201200051875,12,10,5,755,1,1,1,1.0,2,33096,M,,,33
201200051876,12,10,5,2205,5,1,1,1.0,6,33063,M,,,33
201200051877,12,10,6,545,5,1,1,1.0,7,33119,M,,,33
201200051878,12,10,7,715,2,1,1,2.0,6,33075,M,,,33
201200051879,12,10,7,1355,1,1,1,2.0,2,33550,M,,,33
201200051880,12,10,8,1510,1,1,1,1.0,3,33119,M,,,33
201200051881,12,10,8,1900,1,1,1,2.0,6,33065,M,,,33
201200051882,12,10,9,815,1,1,1,2.0,4,33039,M,,,33
201200051883,12,10,9,1115,1,1,1,2.0,6,33013,M,,,33
201200051884,12,10,11,740,1,1,1,1.0,5,33039,M,,,33
201200051885,12,10,11,1130,1,1,1,2.0,6,33550,M,,,33
201200051886,12,10,14,1250,1,1,1,2.0,6,33039,M,,,33
201200051887,12,10,15,750,3,1,1,1.0,4,33080,M,,,33
201200051888,12,10,19,835,1,1,1,2.0,4,33550,M,,,33
201200051889,12,10,22,840,1,1,1,1.0,6,33063,M,,,33