Num_Acc,an,mois,jour,hrmn,lum,agg,int,atm,col,com,gps,lat,long,dep
201200051890,12,10,22,1045,1,1,1,1.0,7,33075,M,,,33
201200051891,12,10,23,920,1,1,1,1.0,3,33366,M,,,33
201200051892,12,10,25,730,5,1,1,2.0,2,33249,M,,,33
201200051893,12,10,25,1755,1,1,1,2.0,7,33075,M,,,33
201200051894,12,10,27,930,1,1,1,1.0,6,33192,M,,,33
201200051895,12,10,27,1230,1,1,1,1.0,4,33550,M,,,33
201200051896,12,10,27,1355,1,1,1,2.0,3,33167,M,,,33
201200051897,12,10,28,230,5,1,1,1.0,2,33013,M,,,33
201200051898,12,10,29,755,1,1,1,1.0,3,33550,M,,,33
201200051899,12,10,19,1510,1,1,1,1.0,6,33039,M,,,33
201200051900,12,10,29,1640,1,1,1,1.0,4,33122,M,,,33
201200051901,12,10,30,910,1,1,1,1.0,3,33090,M,,,33
201200051902,12,10,31,1810,1,1,1,1.0,2,33119,M,,,33
201200051903,12,10,31,1825,5,1,1,1.0,2,33119,M,,,33
201200051904,12,11,1,1130,1,1,1,3.0,6,33249,M,,,33
201200051905,12,11,5,1130,1,1,1,2.0,6,33080,M,,,33
201200051906,12,11,5,1155,1,1,1,2.0,6,33249,M,,,33
201200051907,12,11,5,1640,1,1,1,2.0,6,33249,M,,,33
201200051908,12,11,8,815,1,1,1,1.0,3,33162,M,,,33
201200051909,12,11,9,1230,1,1,1,1.0,2,33249,M,,,33
201200051910,12,11,9,1300,1,1,1,1.0,3,33318,M,,,33
201200051911,12,11,9,1810,5,1,1,1.0,2,33063,M,,,33
201200051912,12,11,9,1920,4,1,1,1.0,2,33192,M,,,33
201200051913,12,11,12,805,1,1,1,1.0,3,33162,M,,,33
201200051914,12,11,12,1135,1,1,1,1.0,4,33119,M,,,33
201200051915,12,11,12,1355,1,1,1,1.0,5,33122,M,,,33
201200051916,12,11,13,1735,5,1,1,1.0,3,33065,M,,,33
201200051917,12,11,16,1530,1,1,1,1.0,7,33366,M,,,33
201200051918,12,11,18,1744,1,1,1,2.0,5,33063,M,,,33
201200051919,12,11,20,710,5,1,1,1.0,6,33397,M,,,33
201200051920,12,11,20,1045,1,1,1,1.0,3,33063,M,,,33
201200051921,12,11,20,2010,5,1,1,1.0,4,33366,M,,,33
201200051922,12,11,22,445,3,1,1,5.0,6,33366,M,,,33
201200051923,12,11,23,950,1,1,1,1.0,6,33318,M,,,33
201200051924,12,11,23,1720,1,1,1,1.0,2,33162,M,,,33
201200051925,12,11,25,1300,1,1,1,1.0,6,33318,M,,,33
201200051926,12,12,3,750,5,1,1,3.0,7,33119,M,,,33
201200051927,12,12,5,1510,1,1,1,2.0,6,33167,M,,,33
201200051928,12,12,5,1645,1,1,1,3.0,2,33397,M,,,33
201200051929,12,12,6,720,4,1,1,1.0,3,33075,M,,,33
201200051930,12,12,6,1035,1,1,1,8.0,4,33281,M,,,33
201200051931,12,12,9,630,4,1,1,1.0,3,33119,M,,,33
201200051932,12,12,9,645,4,1,1,5.0,2,33075,M,,,33
201200051933,12,12,10,2115,5,1,1,5.0,2,33366,M,,,33
201200051934,12,12,13,2235,5,1,1,2.0,6,33167,M,,,33
201200051935,12,12,14,1750,1,1,1,2.0,6,33192,M,,,33
201200051936,12,12,14,1850,5,1,1,2.0,7,33318,M,,,33
201200051937,12,12,16,2130,5,1,1,2.0,6,33249,M,,,33
201200051938,12,12,18,750,5,1,1,8.0,4,33249,M,,,33
201200051939,12,12,19,710,5,1,1,3.0,4,33318,M,,,33
201200051940,12,12,26,1015,1,1,1,2.0,3,33397,M,,,33
201200051941,12,12,20,2125,5,1,1,2.0,2,33487,M,,,33
201200051942,12,12,21,1135,1,1,1,2.0,6,33249,M,,,33
201200051943,12,12,21,1345,1,1,1,2.0,6,33249,M,,,33
201200051944,12,12,21,1310,1,1,1,2.0,1,33366,M,,,33
201200051945,12,12,21,1820,5,1,1,2.0,2,33192,M,,,33
201200051946,12,12,29,2050,3,1,1,2.0,6,33122,M,,,33
201200051947,12,1,2,1740,5,2,1,2.0,5,69385,M,,,69
201200051948,12,1,5,1800,5,2,1,3.0,7,69385,M,,,69
201200051949,12,1,8,2110,5,2,2,9.0,3,69385,M,,,69
201200051950,12,1,11,1945,5,2,1,1.0,3,69385,M,,,69
201200051951,12,2,3,2050,5,2,2,9.0,3,69385,M,,,69
201200051952,12,2,9,1155,1,2,1,1.0,2,69385,M,,,69
201200051953,12,2,21,905,1,2,1,1.0,6,69385,M,,,69
201200051954,12,2,23,1505,1,2,1,1.0,6,69385,M,,,69
201200051955,12,2,14,1135,1,2,2,4.0,6,69385,M,,,69
201200051956,12,3,5,1208,1,2,1,1.0,3,69385,M,,,69
201200051957,12,4,12,1745,1,2,9,8.0,6,69385,M,,,69
201200051958,12,4,19,1510,1,2,4,2.0,3,69385,M,,,69
201200051959,12,3,18,255,5,2,1,1.0,6,69385,M,,,69
201200051960,12,3,27,935,1,2,1,1.0,6,69385,M,,,69
201200051961,12,3,17,2125,5,2,1,1.0,6,69385,M,,,69
201200051962,12,4,7,1340,1,2,1,2.0,6,69385,M,,,69
201200051963,12,3,30,1555,1,2,3,1.0,6,69385,M,,,69
201200051964,12,3,30,945,1,2,2,1.0,1,69385,M,,,69
201200051965,12,4,25,925,1,2,1,1.0,6,69385,M,,,69
201200051966,12,4,27,835,1,2,1,1.0,6,69385,M,,,69
201200051967,12,4,27,1405,1,2,1,1.0,6,69385,M,,,69
201200051968,12,5,3,1600,1,2,1,1.0,2,69385,M,,,69
201200051969,12,5,10,1320,1,2,2,1.0,6,69385,M,,,69
201200051970,12,5,28,700,1,2,1,1.0,6,69385,M,,,69
201200051971,12,6,4,1550,1,2,1,1.0,7,69385,M,,,69
201200051972,12,6,7,1800,1,2,1,2.0,6,69385,M,,,69
201200051973,12,6,15,1645,1,2,1,1.0,6,69385,M,,,69
201200051974,12,6,16,1425,1,2,2,1.0,2,69385,M,,,69
201200051975,12,6,18,1010,1,2,2,1.0,3,69385,M,,,69
201200051976,12,6,28,1010,1,2,2,1.0,6,69385,M,,,69
201200051977,12,7,24,835,1,2,1,1.0,6,69385,M,,,69
201200051978,12,8,30,2130,5,2,1,1.0,2,69385,M,,,69
201200051979,12,8,31,1930,1,2,1,8.0,7,69385,M,,,69
201200051980,12,9,11,10,5,2,2,1.0,1,69385,M,,,69
201200051981,12,9,20,1545,1,2,2,1.0,6,69385,M,,,69
201200051982,12,10,18,510,5,2,1,6.0,7,69385,M,,,69
201200051983,12,10,1,1715,1,2,1,1.0,6,69385,M,,,69
201200051984,12,10,3,1810,1,2,1,1.0,2,69385,M,,,69
201200051985,12,10,12,1815,1,2,1,1.0,6,69385,M,,,69
201200051986,12,10,25,800,1,2,1,1.0,6,69385,M,,,69
201200051987,12,12,16,1315,1,2,1,1.0,6,69385,M,,,69
201200051988,12,10,26,1425,1,2,1,2.0,7,69385,M,,,69
201200051989,12,10,26,2315,5,2,1,2.0,6,69385,M,,,69
201200051990,12,10,31,1425,1,2,1,1.0,4,69385,M,,,69
201200051991,12,10,31,1340,1,2,3,1.0,3,69385,M,,,69
201200051992,12,11,9,2135,5,2,4,8.0,1,69385,M,,,69
201200051993,12,11,19,1420,1,2,2,1.0,3,69385,M,,,69
201200051994,12,11,10,1330,1,2,1,2.0,3,69385,M,,,69
201200051995,12,11,21,900,1,2,3,1.0,6,69385,M,,,69
201200051996,12,11,27,1830,5,2,1,1.0,1,69385,M,,,69
201200051997,12,11,29,1955,5,2,1,3.0,6,69385,M,,,69
201200051998,12,12,3,820,1,2,1,2.0,2,69385,M,,,69
201200051999,12,12,20,745,1,2,1,8.0,6,69385,M,,,69
201200052000,12,12,21,720,2,2,1,1.0,1,69385,M,,,69
201200052001,12,12,25,2040,4,2,1,1.0,7,69385,M,,,69
201200052002,12,1,21,255,3,1,1,2.0,6,67447,M,,,67
201200052003,12,2,4,2040,3,1,1,1.0,3,67218,M,,,67
201200052004,12,3,12,2240,3,1,1,1.0,2,67482,M,,,67
201200052005,12,4,29,1915,1,1,1,3.0,3,67482,M,,,67
201200052006,12,5,2,1720,1,1,1,1.0,5,67389,M,,,67
201200052007,12,5,24,1805,1,1,1,1.0,4,67482,M,,,67
201200052008,12,5,26,1645,1,1,1,1.0,2,67204,M,,,67
201200052009,12,5,29,800,1,1,1,1.0,3,67049,M,,,67
201200052010,12,6,1,1105,1,1,1,1.0,2,67218,M,,,67
201200052011,12,6,6,1355,1,1,1,3.0,5,67152,M,,,67
201200052012,12,6,11,1125,1,1,1,1.0,2,67365,M,,,67
201200052013,12,9,21,1645,1,1,1,1.0,2,67447,M,,,67
201200052014,12,9,30,1330,1,1,1,1.0,6,67482,M,,,67
201200052015,12,10,14,230,4,1,1,3.0,2,67365,M,,,67
201200052016,12,11,19,1200,1,1,1,1.0,4,67365,M,,,67
201200052017,12,11,26,920,1,1,1,2.0,6,67482,M,,,67
201200052018,12,12,1,255,3,1,1,1.0,6,67152,M,,,67
201200052019,12,12,12,2145,3,1,1,1.0,7,67482,M,,,67
201200052020,12,12,14,1535,1,1,1,1.0,2,67447,M,,,67
201200052021,12,1,4,1340,1,1,1,1.0,6,54557,M,4869184.0,604806.0,54
201200052022,12,1,15,730,3,1,1,9.0,3,54031,M,4881944.0,610696.0,54
201200052023,12,1,15,1845,3,1,1,1.0,5,54328,M,4861043.0,617626.0,54
201200052024,12,2,7,930,1,1,1,1.0,6,54265,M,4863481.0,617353.0,54
201200052025,12,3,8,1005,1,1,1,1.0,3,54265,M,4864234.0,616379.0,54
201200052026,12,3,9,2035,3,1,1,1.0,4,54547,M,4865938.0,612572.0,54
201200052027,12,3,25,440,3,1,1,1.0,7,54265,M,4863609.0,618163.0,54
201200052028,12,4,6,2215,3,1,1,1.0,7,54265,M,4863850.0,617114.0,54
201200052029,12,4,8,745,1,1,1,1.0,6,54123,M,4864525.0,614500.0,54
201200052030,12,3,9,2035,3,1,1,1.0,5,54547,M,4865848.0,612598.0,54
201200052031,12,4,27,1540,1,1,1,1.0,4,54091,M,4896412.0,610655.0,54
201200052032,12,5,25,629,2,1,1,7.0,2,54528,M,4865563.0,589062.0,54
201200052033,12,5,29,735,1,1,1,1.0,2,54197,M,4861822.0,620011.0,54
201200052034,12,6,27,1230,1,1,1,1.0,2,54265,M,4863533.0,617293.0,54
201200052035,12,8,12,1145,1,1,1,1.0,6,54312,M,4892252.0,611006.0,54
201200052036,12,7,3,1110,1,1,1,1.0,2,54232,M,4868885.0,597088.0,54
201200052037,12,6,30,1430,1,1,1,1.0,6,54571,M,4861836.0,623026.0,54
201200052038,12,6,13,1420,1,1,1,8.0,3,54304,M,4869365.0,611604.0,54
201200052039,12,8,12,1745,1,1,1,1.0,2,54547,M,4865271.0,612975.0,54
201200052040,12,9,15,1335,1,1,1,1.0,7,54167,M,4867978.0,593216.0,54
201200052041,12,9,21,1,3,1,1,1.0,6,54304,M,4867091.0,612201.0,54
201200052042,12,9,22,1040,1,1,1,2.0,3,54459,M,4860260.0,617289.0,54
201200052043,12,10,8,1650,1,1,1,1.0,5,54090,M,4875348.0,615627.0,54
201200052044,12,11,15,1825,3,1,1,1.0,3,54357,M,4872790.0,616660.0,54
201200052045,12,12,2,143,3,1,1,4.0,6,54578,M,4865572.0,612732.0,54
201200052046,12,12,20,2245,3,1,1,2.0,6,54232,M,4868962.0,602461.0,54
201200052047,12,12,27,1026,1,1,1,3.0,3,54265,M,4863888.0,617102.0,54
201200052048,12,1,3,1550,1,1,1,2.0,6,57474,M,,,57
201200052049,12,1,9,1525,1,1,1,8.0,6,57096,M,,,57
201200052050,12,2,12,719,3,1,1,1.0,2,57303,M,,,57
201200052051,12,2,18,545,4,1,1,1.0,6,57672,M,,,57
201200052052,12,3,5,940,1,1,1,1.0,4,57039,M,,,57
201200052053,12,3,27,840,1,1,1,1.0,3,57352,M,,,57
201200052054,12,4,3,1705,1,1,1,1.0,2,57303,M,,,57
201200052055,12,4,18,1530,1,1,1,8.0,2,57672,M,,,57
201200052056,12,6,14,1655,1,1,1,1.0,3,57463,M,,,57
201200052057,12,6,16,1045,1,1,4,2.0,3,57412,M,,,57
201200052058,12,6,26,1710,1,1,1,1.0,4,57463,M,,,57
201200052059,12,7,2,835,1,1,1,1.0,3,57474,M,,,57
201200052060,12,7,15,820,1,1,1,2.0,6,57356,M,,,57
201200052061,12,7,19,2030,2,1,1,1.0,2,57206,M,,,57
201200052062,12,8,22,1706,1,1,1,1.0,2,57498,M,,,57
201200052063,12,9,15,900,1,1,1,1.0,7,57647,M,,,57
201200052064,12,9,17,1700,1,1,1,1.0,7,57757,M,,,57
201200052065,12,9,24,38,4,1,1,1.0,3,57474,M,,,57
201200052066,12,9,27,2005,5,1,1,1.0,6,57463,M,,,57
201200052067,12,9,24,1310,1,1,1,1.0,7,57672,M,,,57
201200052068,12,10,3,1345,1,1,1,1.0,2,57356,M,,,57
201200052069,12,10,20,2304,3,1,1,1.0,2,57067,M,,,57
201200052070,12,11,2,1455,1,1,1,2.0,4,57303,M,,,57
201200052071,12,11,5,2219,3,1,1,1.0,5,57269,M,,,57
201200052072,12,11,26,950,1,1,1,2.0,6,57463,M,,,57
201200052073,12,11,30,1421,1,1,1,1.0,5,57463,M,,,57
201200052074,12,1,1,450,5,2,1,1.0,6,69387,M,,,69
201200052075,12,1,1,1320,1,2,1,1.0,6,69387,M,,,69
201200052076,12,1,5,910,1,2,1,2.0,6,69387,M,,,69
201200052077,12,1,7,1320,1,2,2,2.0,3,69387,M,,,69
201200052078,12,1,9,1910,5,2,3,1.0,3,69387,M,,,69
201200052079,12,1,9,1800,5,2,1,1.0,6,69387,M,,,69
201200052080,12,1,14,1530,1,2,1,1.0,3,69387,M,,,69
201200052081,12,1,18,1455,1,2,1,1.0,6,69387,M,,,69
201200052082,12,1,19,750,2,2,1,1.0,6,69387,M,,,69
201200052083,12,1,23,2150,5,2,2,1.0,3,69387,M,,,69
201200052084,12,1,20,610,5,2,1,2.0,6,69387,M,,,69
201200052085,12,1,26,1410,1,2,1,1.0,3,69387,M,,,69
201200052086,12,1,27,1207,1,2,2,1.0,6,69387,M,,,69
201200052087,12,1,31,1519,1,2,1,4.0,6,69387,M,,,69
201200052088,12,2,3,1700,1,2,3,1.0,6,69387,M,,,69
201200052089,12,2,4,1755,2,2,1,1.0,6,69387,M,,,69
201200052090,12,2,6,1720,5,2,1,1.0,1,69387,M,,,69
201200052091,12,2,8,30,5,2,1,1.0,7,69387,M,,,69
201200052092,12,2,9,1245,1,2,2,1.0,3,69387,M,,,69
201200052093,12,2,10,2205,5,2,1,6.0,6,69387,M,,,69
201200052094,12,2,13,1605,1,2,3,1.0,3,69387,M,,,69
201200052095,12,2,14,2310,5,2,2,2.0,3,69387,M,,,69
201200052096,12,2,18,2055,4,2,1,1.0,1,69387,M,,,69
201200052097,12,2,24,1029,1,2,2,2.0,6,69387,M,,,69
201200052098,12,2,23,1605,1,2,3,1.0,3,69387,M,,,69
201200052099,12,2,22,1955,5,2,2,1.0,6,69387,M,,,69
201200052100,12,2,24,2215,5,2,1,1.0,6,69387,M,,,69
201200052101,12,2,28,2310,5,2,2,1.0,3,69387,M,,,69
201200052102,12,2,29,1200,1,2,2,1.0,6,69387,M,,,69
201200052103,12,3,2,2130,5,2,2,1.0,6,69387,M,,,69
201200052104,12,3,5,2230,5,2,2,3.0,3,69387,M,,,69
201200052105,12,3,5,1620,1,2,1,1.0,6,69387,M,,,69
201200052106,12,3,15,50,5,2,3,1.0,6,69387,M,,,69
201200052107,12,3,22,1020,1,2,2,1.0,3,69387,M,,,69
201200052108,12,3,21,915,1,2,1,1.0,6,69387,M,,,69
201200052109,12,3,15,1225,1,2,3,1.0,3,69387,M,,,69
201200052110,12,3,26,835,1,2,1,1.0,3,69387,M,,,69
201200052111,12,3,29,655,5,2,3,1.0,3,69387,M,,,69
201200052112,12,4,6,600,5,2,2,1.0,6,69383,M,,,69
201200052113,12,3,29,1810,1,2,2,1.0,3,69387,M,,,69
201200052114,12,3,29,1935,1,2,1,1.0,6,69387,M,,,69
201200052115,12,4,3,1615,1,2,2,1.0,6,69387,M,,,69
201200052116,12,4,3,2050,5,2,2,2.0,2,69387,M,,,69
201200052117,12,4,5,1115,1,2,5,1.0,2,69387,M,,,69
201200052118,12,4,11,1420,1,2,2,1.0,2,69387,M,,,69
201200052119,12,4,16,1630,1,2,2,1.0,1,69387,M,,,69
201200052120,12,4,6,2200,5,2,3,2.0,3,69387,M,,,69
201200052121,12,4,8,2130,5,2,2,1.0,3,69387,M,,,69
201200052122,12,4,18,2125,5,2,2,1.0,3,69387,M,,,69
201200052123,12,4,26,2030,1,2,1,6.0,6,69387,M,,,69
201200052124,12,4,20,1710,1,2,1,8.0,2,69387,M,,,69
201200052125,12,4,26,1645,1,2,1,1.0,3,69387,M,,,69
201200052126,12,4,24,1110,1,2,1,1.0,2,69387,M,,,69
201200052127,12,5,1,1520,1,2,1,1.0,6,69387,M,,,69
201200052128,12,5,15,2345,5,2,2,1.0,3,69387,M,,,69
201200052129,12,5,11,1930,1,2,1,1.0,2,69387,M,,,69
201200052130,12,5,11,1055,1,2,1,1.0,3,69387,M,,,69
201200052131,12,5,12,1035,1,2,1,2.0,6,69387,M,,,69
201200052132,12,5,12,2020,2,2,1,1.0,6,69387,M,,,69
201200052133,12,5,15,1750,1,2,1,1.0,6,69387,M,,,69
201200052134,12,5,17,850,1,2,1,1.0,4,69387,M,,,69
201200052135,12,5,22,1800,1,2,2,1.0,6,69387,M,,,69
201200052136,12,5,25,1620,1,2,1,1.0,3,69387,M,,,69
201200052137,12,5,28,1725,1,2,3,1.0,3,69387,M,,,69
201200052138,12,5,26,2245,5,2,1,1.0,6,69387,M,,,69
201200052139,12,6,2,605,1,2,2,1.0,3,69387,M,,,69
201200052140,12,5,24,1825,1,2,1,1.0,6,69387,M,,,69
201200052141,12,5,29,2350,5,2,2,1.0,2,69387,M,,,69
201200052142,12,5,29,1030,1,2,1,1.0,2,69387,M,,,69
201200052143,12,5,31,1155,1,2,3,1.0,3,69387,M,,,69
201200052144,12,6,3,1045,1,2,1,3.0,6,69387,M,,,69
201200052145,12,6,4,1735,1,2,1,1.0,4,69387,M,,,69
201200052146,12,6,16,2310,5,2,1,1.0,6,69387,M,,,69
201200052147,12,6,23,1535,1,2,1,1.0,6,69387,M,,,69
201200052148,12,7,1,830,1,2,2,3.0,6,69387,M,,,69
201200052149,12,7,5,1605,1,2,2,1.0,3,69387,M,,,69
201200052150,12,7,6,1940,1,2,1,1.0,7,69387,M,,,69
201200052151,12,7,8,1740,1,2,2,1.0,3,69387,M,,,69
201200052152,12,7,16,920,1,2,1,1.0,2,69387,M,,,69
201200052153,12,6,27,915,1,2,3,1.0,6,69387,M,,,69
201200052154,12,7,12,2045,1,2,1,1.0,3,69387,M,,,69
201200052155,12,7,16,1815,1,2,9,1.0,3,69387,M,,,69
201200052156,12,7,18,1955,1,2,1,1.0,3,69387,M,,,69
201200052157,12,7,19,1315,1,2,3,1.0,6,69387,M,,,69
201200052158,12,7,22,1210,1,2,2,1.0,6,69387,M,,,69
201200052159,12,7,24,1800,1,2,1,1.0,6,69387,M,,,69
201200052160,12,7,24,1050,1,2,2,1.0,3,69387,M,,,69
201200052161,12,7,21,1530,1,2,2,1.0,3,69387,M,,,69
201200052162,12,7,25,1010,1,2,1,1.0,2,69387,M,,,69
201200052163,12,7,26,1715,1,2,2,1.0,3,69387,M,,,69
201200052164,12,7,28,1815,1,2,2,1.0,3,69387,M,,,69
201200052165,12,7,31,1820,1,2,9,1.0,6,69387,M,,,69
201200052166,12,8,9,1915,1,2,2,1.0,6,69387,M,,,69
201200052167,12,8,15,1135,1,2,2,1.0,5,69387,M,,,69
201200052168,12,8,24,2105,3,2,1,3.0,6,69387,M,,,69
201200052169,12,8,30,910,1,2,3,3.0,6,69387,M,,,69
201200052170,12,8,31,2305,5,2,2,1.0,6,69387,M,,,69
201200052171,12,8,31,2200,5,2,2,2.0,1,69387,M,,,69
201200052172,12,9,1,450,5,2,1,1.0,2,69387,M,,,69
201200052173,12,9,3,1615,1,2,9,1.0,6,69387,M,,,69
201200052174,12,9,8,1730,1,2,3,1.0,6,69387,M,,,69
201200052175,12,9,9,1850,1,2,2,1.0,3,69387,M,,,69
201200052176,12,9,10,1400,1,2,3,1.0,3,69387,M,,,69
201200052177,12,9,12,1030,1,2,1,3.0,6,69387,M,,,69
201200052178,12,9,14,825,1,2,2,1.0,6,69387,M,,,69
201200052179,12,9,16,1850,1,2,2,1.0,4,69387,M,,,69
201200052180,12,9,21,1225,1,2,1,1.0,2,69387,M,,,69
201200052181,12,9,28,1745,1,2,2,1.0,3,69387,M,,,69
201200052182,12,10,1,2240,5,2,8,1.0,6,69387,M,,,69
201200052183,12,10,1,1505,1,2,2,1.0,3,69387,M,,,69
201200052184,12,10,2,1135,1,2,2,1.0,3,69387,M,,,69
201200052185,12,10,9,1910,1,2,1,1.0,6,69387,M,,,69
201200052186,12,10,6,1120,1,2,1,1.0,7,69387,M,,,69
201200052187,12,9,9,900,1,2,1,1.0,6,69387,M,,,69
201200052188,12,10,16,910,1,2,2,1.0,3,69387,M,,,69
201200052189,12,10,17,2245,5,2,1,6.0,5,69387,M,,,69
201200052190,12,10,16,1635,1,2,1,2.0,1,69387,M,,,69
201200052191,12,10,18,1005,1,2,1,6.0,1,69387,M,,,69
201200052192,12,10,26,1905,4,2,2,9.0,6,69387,M,,,69
201200052193,12,10,24,2250,5,2,2,1.0,3,69387,M,,,69
201200052194,12,10,26,1440,1,2,1,2.0,6,69387,M,,,69
201200052195,12,11,3,510,3,2,1,1.0,6,69387,M,,,69
201200052196,12,11,4,2000,5,2,2,3.0,6,69387,M,,,69
201200052197,12,11,7,1215,1,2,2,1.0,6,69387,M,,,69
201200052198,12,11,4,325,5,2,1,8.0,4,69387,M,,,69
201200052199,12,10,27,1550,1,2,1,1.0,2,69387,M,,,69
201200052200,12,11,4,1700,5,2,1,3.0,6,69387,M,,,69
201200052201,12,11,8,1730,5,2,1,1.0,6,69387,M,,,69
201200052202,12,11,10,45,5,2,1,2.0,6,69387,M,,,69
201200052203,12,11,10,1023,1,2,2,2.0,3,69387,M,,,69
201200052204,12,11,16,1600,1,2,2,1.0,3,69387,M,,,69
201200052205,12,11,18,120,5,2,2,1.0,3,69387,M,,,69
201200052206,12,11,26,1715,5,2,2,3.0,3,69387,M,,,69
201200052207,12,11,16,1220,1,2,1,1.0,6,69387,M,,,69
201200052208,12,11,19,1855,5,2,2,1.0,6,69387,M,,,69
201200052209,12,11,23,1245,1,2,9,1.0,7,69387,M,,,69
201200052210,12,11,28,30,5,2,2,1.0,3,69387,M,,,69
201200052211,12,11,23,2225,5,2,2,1.0,3,69387,M,,,69
201200052212,12,11,27,1050,1,2,1,8.0,6,69387,M,,,69
201200052213,12,11,29,650,5,2,1,2.0,6,69387,M,,,69
201200052214,12,12,1,945,1,2,1,1.0,4,69387,M,,,69
201200052215,12,12,4,1820,5,2,1,1.0,6,69383,M,,,69
201200052216,12,11,20,1350,1,2,1,1.0,6,69387,M,,,69
201200052217,12,12,1,1940,5,2,1,1.0,6,69387,M,,,69
201200052218,12,11,29,1600,1,2,1,1.0,6,69387,M,,,69
201200052219,12,12,7,2100,5,2,3,2.0,6,69387,M,,,69
201200052220,12,12,7,2130,5,2,2,1.0,6,69387,M,,,69
201200052221,12,12,8,2320,5,2,1,1.0,7,69387,M,,,69
201200052222,12,12,8,35,5,2,1,2.0,2,69387,M,,,69
201200052223,12,12,11,1445,1,2,1,1.0,6,69387,M,,,69
201200052224,12,12,14,2025,5,2,1,2.0,4,69387,M,,,69
201200052225,12,12,22,2335,5,2,1,1.0,6,69387,M,,,69
201200052226,12,12,27,1516,1,2,1,2.0,6,69387,M,,,69
201200052227,12,12,31,2110,5,2,3,1.0,3,69386,M,,,69
201200052228,12,1,5,1230,1,2,1,1.0,6,69388,M,,,69
201200052229,12,1,6,1655,1,2,2,1.0,6,69388,M,,,69
201200052230,12,1,10,1210,1,2,1,1.0,3,69388,M,,,69
201200052231,12,1,11,1255,1,2,1,1.0,6,69388,M,,,69
201200052232,12,2,20,2020,4,2,1,2.0,2,69388,M,,,69
201200052233,12,2,9,1840,5,2,3,1.0,3,69388,M,,,69
201200052234,12,1,28,720,2,2,2,8.0,6,69388,M,,,69
201200052235,12,1,28,1100,1,2,2,1.0,3,69388,M,,,69
201200052236,12,2,10,1345,1,2,1,7.0,1,69388,M,,,69
201200052237,12,1,23,1300,1,2,4,1.0,6,69388,M,,,69
201200052238,12,2,11,1200,1,1,1,1.0,5,69388,M,,,69
201200052239,12,2,13,1800,5,2,2,8.0,1,69388,M,,,69
201200052240,12,2,23,2205,5,2,3,1.0,6,69388,M,,,69
201200052241,12,2,28,1715,1,2,1,1.0,3,69388,M,,,69
201200052242,12,3,7,1615,1,2,2,1.0,3,69388,M,,,69
201200052243,12,3,7,1905,5,2,1,1.0,6,69388,M,,,69
201200052244,12,2,14,1840,5,2,1,1.0,6,69388,M,,,69
201200052245,12,3,5,1925,5,2,1,1.0,6,69388,M,,,69
201200052246,12,3,10,1335,1,2,1,1.0,6,69388,M,,,69
201200052247,12,3,13,905,1,2,1,1.0,1,69388,M,,,69
201200052248,12,3,21,1540,1,2,2,1.0,3,69388,M,,,69
201200052249,12,3,26,1435,1,2,1,1.0,6,69388,M,,,69
201200052250,12,3,21,1730,1,2,2,1.0,6,69388,M,,,69
201200052251,12,3,25,1225,1,2,1,1.0,6,69388,M,,,69
201200052252,12,3,30,1755,1,2,1,1.0,3,69388,M,,,69
201200052253,12,3,30,1345,1,2,1,1.0,6,69388,M,,,69
201200052254,12,4,9,45,5,2,2,1.0,3,69388,M,,,69
201200052255,12,4,6,1135,1,2,3,1.0,3,69388,M,,,69
201200052256,12,4,13,1620,1,2,1,1.0,4,69388,M,,,69
201200052257,12,4,2,1730,1,2,1,1.0,6,69388,M,,,69
201200052258,12,4,15,835,1,2,3,3.0,3,69388,M,,,69
201200052259,12,4,17,1515,1,2,1,1.0,6,69388,M,,,69
201200052260,12,4,20,1205,1,2,1,1.0,3,69388,M,,,69
201200052261,12,4,27,2310,5,2,1,1.0,2,69388,M,,,69
201200052262,12,5,1,1915,1,2,2,1.0,3,69388,M,,,69
201200052263,12,4,19,1415,1,2,1,2.0,2,69388,M,,,69
201200052264,12,4,27,1155,1,2,2,1.0,6,69388,M,,,69
201200052265,12,5,4,1630,1,2,1,1.0,6,69388,M,,,69
201200052266,12,5,10,720,1,2,3,1.0,3,69388,M,,,69
201200052267,12,3,31,1845,1,2,1,1.0,6,69388,M,,,69
201200052268,12,5,9,1800,1,2,1,1.0,6,69388,M,,,69
201200052269,12,5,10,730,1,2,1,1.0,6,69388,M,,,69
201200052270,12,5,13,115,5,2,2,1.0,3,69388,M,,,69
201200052271,12,5,25,1640,1,2,1,1.0,3,69388,M,,,69
201200052272,12,5,10,815,1,2,1,1.0,3,69388,M,,,69
201200052273,12,5,10,1600,1,2,2,1.0,3,69388,M,,,69
201200052274,12,5,11,1140,1,2,1,1.0,1,69388,M,,,69
201200052275,12,5,21,2000,2,2,1,1.0,6,69388,M,,,69
201200052276,12,5,25,225,5,2,3,1.0,5,69388,M,,,69
201200052277,12,5,20,1900,1,2,1,1.0,2,69388,M,,,69
201200052278,12,5,23,1655,1,2,3,1.0,3,69388,M,,,69
201200052279,12,5,26,1830,1,2,2,1.0,6,69388,M,,,69
201200052280,12,5,29,1335,1,2,3,1.0,2,69388,M,,,69
201200052281,12,5,29,1900,1,2,1,1.0,6,69388,M,,,69
201200052282,12,4,25,1750,1,2,1,1.0,2,69388,M,,,69
201200052283,12,6,1,1720,1,2,1,1.0,3,69388,M,,,69
201200052284,12,6,4,820,1,2,1,1.0,6,69388,M,,,69
201200052285,12,6,7,930,1,2,1,1.0,2,69388,M,,,69
201200052286,12,6,7,925,1,2,3,1.0,1,69259,M,,,69