Num_Acc,an,mois,jour,hrmn,lum,agg,int,atm,col,com,gps,lat,long,dep
201200052287,12,6,10,1730,1,2,1,2.0,2,69388,M,,,69
201200052288,12,6,13,1825,1,2,1,1.0,6,69388,M,,,69
201200052289,12,6,22,1940,1,2,3,1.0,3,69388,M,,,69
201200052290,12,6,25,1550,1,2,3,1.0,3,69388,M,,,69
201200052291,12,6,30,1530,1,2,1,1.0,3,69388,M,,,69
201200052292,12,6,23,555,2,2,1,1.0,1,69388,M,,,69
201200052293,12,6,22,810,1,2,2,1.0,6,69388,M,,,69
201200052294,12,7,3,1505,1,2,1,1.0,4,69388,M,,,69
201200052295,12,6,26,1355,1,2,2,1.0,3,69388,M,,,69
201200052296,12,7,3,1222,1,2,2,1.0,3,69388,M,,,69
201200052297,12,7,9,1647,1,2,8,1.0,3,69388,M,,,69
201200052298,12,7,12,750,1,2,1,1.0,3,69388,M,,,69
201200052299,12,7,17,1435,1,2,1,1.0,2,69388,M,,,69
201200052300,12,6,30,1400,1,2,2,1.0,2,69388,M,,,69
201200052301,12,7,18,2255,5,2,1,1.0,6,69388,M,,,69
201200052302,12,7,17,1335,1,2,1,1.0,3,69388,M,,,69
201200052303,12,7,18,1255,1,2,1,1.0,6,69388,M,,,69
201200052304,12,7,19,1736,1,2,1,1.0,6,69388,M,,,69
201200052305,12,7,20,940,1,2,1,1.0,6,69388,M,,,69
201200052306,12,7,30,430,5,2,2,1.0,3,69388,M,,,69
201200052307,12,8,3,1535,1,2,3,1.0,6,69388,M,,,69
201200052308,12,8,7,1310,1,2,2,1.0,6,69388,M,,,69
201200052309,12,8,8,5,5,2,1,1.0,6,69388,M,,,69
201200052310,12,8,11,1740,1,2,1,1.0,2,69388,M,,,69
201200052311,12,8,17,1435,1,2,1,1.0,2,69388,M,,,69
201200052312,12,8,27,920,1,2,2,1.0,3,69388,M,,,69
201200052313,12,9,1,1720,1,2,3,1.0,2,69388,M,,,69
201200052314,12,8,19,145,5,2,3,1.0,1,69388,M,,,69
201200052315,12,8,27,1615,1,2,1,1.0,2,69388,M,,,69
201200052316,12,8,27,1700,1,2,2,1.0,3,69388,M,,,69
201200052317,12,8,28,650,2,2,2,1.0,3,69388,M,,,69
201200052318,12,8,29,1045,1,2,1,1.0,6,69388,M,,,69
201200052319,12,8,29,1650,1,2,1,1.0,3,69388,M,,,69
201200052320,12,9,8,1915,1,2,1,1.0,6,69388,M,,,69
201200052321,12,9,11,1830,1,2,1,3.0,6,69388,M,,,69
201200052322,12,9,11,1140,1,2,1,1.0,6,69388,M,,,69
201200052323,12,9,14,1745,1,2,1,1.0,6,69388,M,,,69
201200052324,12,9,15,2340,5,2,1,1.0,3,69388,M,,,69
201200052325,12,9,15,620,2,2,2,1.0,6,69388,M,,,69
201200052326,12,9,20,1950,5,2,1,1.0,3,69388,M,,,69
201200052327,12,9,30,1200,1,2,2,1.0,3,69388,M,,,69
201200052328,12,10,1,1325,1,2,6,1.0,6,69388,M,,,69
201200052329,12,10,10,900,1,2,8,8.0,6,69388,M,,,69
201200052330,12,10,15,850,1,2,1,1.0,3,69388,M,,,69
201200052331,12,10,15,1225,1,2,5,1.0,3,69388,M,,,69
201200052332,12,10,14,1145,1,2,3,1.0,3,69388,M,,,69
201200052333,12,10,5,1542,1,2,1,1.0,6,69388,M,,,69
201200052334,12,10,12,1425,1,2,1,1.0,3,69388,M,,,69
201200052335,12,10,17,1535,1,2,1,6.0,3,69388,M,,,69
201200052336,12,10,21,810,1,2,1,1.0,3,69388,M,,,69
201200052337,12,10,19,1800,1,2,3,1.0,2,69388,M,,,69
201200052338,12,10,26,1315,1,2,1,2.0,3,69388,M,,,69
201200052339,12,10,18,830,1,2,1,1.0,3,69388,M,,,69
201200052340,12,10,31,805,1,2,1,1.0,3,69388,M,,,69
201200052341,12,10,31,950,1,2,1,1.0,7,69388,M,,,69
201200052342,12,11,5,1144,1,2,1,1.0,6,69388,M,,,69
201200052343,12,11,27,2015,5,2,3,8.0,3,69388,M,,,69
201200052344,12,11,14,740,1,2,3,1.0,6,69388,M,,,69
201200052345,12,11,20,1835,5,2,1,1.0,3,69388,M,,,69
201200052346,12,11,23,1900,5,2,2,1.0,3,69388,M,,,69
201200052347,12,11,20,845,1,2,2,8.0,3,69388,M,,,69
201200052348,12,12,1,1825,5,2,2,1.0,3,69388,M,,,69
201200052349,12,12,3,1815,4,2,1,1.0,6,69388,M,,,69
201200052350,12,11,28,1810,5,2,3,3.0,6,69388,M,,,69
201200052351,12,11,27,925,1,2,1,1.0,2,69388,M,,,69
201200052352,12,11,27,1843,5,2,3,1.0,3,69388,M,,,69
201200052353,12,12,14,1815,5,2,1,2.0,6,69388,M,,,69
201200052354,12,12,18,1100,1,2,1,2.0,6,69388,M,,,69
201200052355,12,12,18,2340,5,2,1,2.0,7,69388,M,,,69
201200052356,12,12,17,740,2,2,1,2.0,6,69388,M,,,69
201200052357,12,12,20,1700,5,2,1,2.0,6,69388,M,,,69
201200052358,12,12,18,720,2,2,1,1.0,6,69388,M,,,69
201200052359,12,1,1,1100,1,1,1,1.0,2,42186,M,4553079.0,461508.0,42
201200052360,12,1,9,800,2,1,1,1.0,7,42097,M,4551936.0,429564.0,42
201200052361,12,1,3,1830,3,1,1,1.0,3,42218,M,4545806.0,440753.0,42
201200052362,12,1,14,2325,3,1,1,1.0,4,42237,M,4544495.0,446602.0,42
201200052363,12,1,15,140,4,1,1,1.0,6,42218,M,4542852.0,441595.0,42
201200052364,12,1,15,1455,1,1,1,1.0,6,42237,M,4544117.0,445992.0,42
201200052365,12,1,16,1515,1,1,1,1.0,6,42237,M,4544737.0,446912.0,42
201200052366,12,1,18,1755,1,1,1,1.0,2,42097,M,4548208.0,434043.0,42
201200052367,12,1,21,1810,3,1,1,1.0,2,42186,M,4553132.0,461693.0,42
201200052368,12,1,27,1235,1,1,1,1.0,7,69091,M,,,69
201200052369,12,1,31,1300,1,1,1,8.0,6,42186,M,4553079.0,461508.0,42
201200052370,12,2,6,1620,1,1,1,1.0,7,42044,M,4539469.0,433177.0,42
201200052371,12,2,11,15,3,1,1,1.0,7,42218,M,4545542.0,441178.0,42
201200052372,12,2,14,1555,1,1,1,1.0,3,42095,M,4538983.0,428082.0,42
201200052373,12,2,20,1400,1,1,1,1.0,4,42218,M,4546437.0,439836.0,42
201200052374,12,2,20,1715,1,1,1,1.0,5,42218,M,4543814.0,445128.0,42
201200052375,12,2,24,1700,1,1,1,1.0,4,42237,M,4544884.0,442238.0,42
201200052376,12,2,25,2315,3,1,1,8.0,6,69213,M,,,69
201200052377,12,2,27,1945,3,1,1,1.0,3,42218,M,4546445.0,439831.0,42
201200052378,12,2,28,1335,1,1,1,1.0,2,42044,M,4539538.0,433842.0,42
201200052379,12,3,15,1715,1,1,1,1.0,3,42103,M,4550606.0,456808.0,42
201200052380,12,3,19,1520,1,1,1,8.0,2,42044,M,4539512.0,433456.0,42
201200052381,12,3,25,1440,1,1,1,1.0,2,69091,M,,,69
201200052382,12,4,1,540,3,1,1,1.0,6,42044,M,4539313.0,432374.0,42
201200052383,12,4,5,2145,5,1,1,1.0,1,42095,M,4539122.0,428663.0,42
201200052384,12,4,7,2210,3,1,1,1.0,5,42218,M,4543402.0,442992.0,42
201200052385,12,4,16,1945,1,1,1,8.0,2,42186,M,4552165.0,459431.0,42
201200052386,12,4,23,1330,1,1,1,1.0,2,69228,M,,,69
201200052387,12,5,3,1910,1,1,1,3.0,7,42218,M,4543606.0,443358.0,42
201200052388,12,5,5,2305,3,1,1,2.0,7,69091,M,,,69
201200052389,12,5,21,20,3,1,1,3.0,7,69091,M,,,69
201200052390,12,6,2,1355,1,1,1,1.0,7,42207,M,4548823.0,450709.0,42
201200052391,12,6,2,2100,3,1,1,1.0,7,42237,M,4544364.0,446479.0,42
201200052392,12,6,13,1405,1,1,1,1.0,4,42186,M,4552162.0,459434.0,42
201200052393,12,6,13,1515,1,1,1,1.0,2,42103,M,,,42
201200052394,12,6,16,1515,1,1,1,1.0,6,42183,M,4539800.0,435716.0,42
201200052395,12,6,17,1110,1,1,1,1.0,4,42186,M,4553884.0,463982.0,42
201200052396,12,7,2,1445,1,1,1,1.0,2,42218,M,4545528.0,441235.0,42
201200052397,12,8,1,1315,1,1,1,1.0,4,42095,M,4539120.0,428671.0,42
201200052398,12,8,4,1940,1,1,1,3.0,6,42186,M,4552436.0,459934.0,42
201200052399,12,8,5,340,3,1,1,1.0,6,42218,M,4546434.0,438112.0,42
201200052400,12,8,18,245,3,1,1,1.0,6,42330,M,4547482.0,436052.0,42
201200052401,12,8,31,1310,1,1,1,3.0,6,69252,M,,,69
201200052402,12,9,2,1320,1,1,1,1.0,2,42044,M,4539368.0,432592.0,42
201200052403,12,9,12,950,1,1,1,3.0,3,42110,M,4549405.0,453692.0,42
201200052404,12,9,15,220,3,1,1,1.0,7,42095,M,4539219.0,429521.0,42
201200052405,12,9,16,1820,1,1,1,1.0,4,42044,M,4539044.0,431436.0,42
201200052406,12,9,23,1822,1,1,1,1.0,2,42218,M,4546505.0,437976.0,42
201200052407,12,9,29,905,1,1,1,2.0,6,42218,M,4540787.0,438865.0,42
201200052408,12,10,9,220,3,1,1,8.0,3,42110,M,4549381.0,454826.0,42
201200052409,12,10,11,2110,3,1,1,2.0,6,42207,M,4547844.0,450018.0,42
201200052410,12,10,16,845,1,1,1,1.0,2,42097,M,4550316.0,430748.0,42
201200052411,12,10,16,2010,3,1,1,2.0,2,69091,M,,,69
201200052412,12,10,26,2100,3,1,1,2.0,3,69091,M,,,69
201200052413,12,11,4,1810,3,1,1,3.0,3,42044,M,4539546.0,434118.0,42
201200052414,12,11,4,2100,3,1,1,2.0,7,42218,M,4543679.0,444020.0,42
201200052415,12,11,9,2320,3,1,1,1.0,6,42123,M,4551432.0,457248.0,42
201200052416,12,10,26,1910,3,1,1,1.0,2,69091,M,,,69
201200052417,12,12,9,1935,3,1,1,2.0,6,42218,M,4540745.0,438346.0,42
201200052418,12,12,15,930,1,1,1,1.0,6,42307,M,4554363.0,466123.0,42
201200052419,12,12,20,1300,1,1,1,2.0,6,42044,M,4539368.0,432592.0,42
201200052420,12,12,23,2015,4,1,1,1.0,2,42207,M,4547532.0,449734.0,42
201200052421,12,12,24,1150,1,1,1,1.0,4,42218,M,4543689.0,444747.0,42
201200052422,12,12,24,1050,1,1,1,1.0,7,42207,M,4545380.0,447927.0,42
201200052423,12,12,27,1950,3,1,1,8.0,7,42044,M,4539172.0,431876.0,42
201200052424,12,1,1,625,5,1,1,2.0,2,69382,M,,,69
201200052425,12,1,1,1230,1,1,1,1.0,6,69382,M,,,69
201200052426,12,1,2,1120,1,1,1,3.0,6,69288,M,,,69
201200052427,12,1,3,1820,5,1,1,1.0,2,69266,M,,,69
201200052428,12,1,4,1330,1,1,1,1.0,2,69297,M,,,69
201200052429,12,1,5,1430,1,1,1,3.0,3,69029,M,,,69
201200052430,12,1,5,1615,1,1,1,2.0,3,69029,M,,,69
201200052431,12,1,5,2050,3,1,1,2.0,6,38544,M,,,38
201200052432,12,1,2,1910,5,1,1,3.0,3,69029,M,,,69
201200052433,12,1,8,1015,1,1,1,1.0,6,69142,M,,,69
201200052434,12,1,8,1330,1,1,1,3.0,6,69142,M,,,69
201200052435,12,1,11,810,1,1,1,1.0,3,69081,M,,,69
201200052436,12,1,12,1940,3,1,1,1.0,6,69275,M,,,69
201200052437,12,1,14,1920,3,1,1,1.0,2,69116,M,,,69
201200052438,12,1,16,1540,1,1,1,1.0,2,69199,M,,,69
201200052439,12,1,18,850,1,1,1,2.0,4,69256,M,,,69
201200052440,12,1,19,2215,5,1,1,1.0,7,69142,M,,,69
201200052441,12,1,20,1440,1,1,1,1.0,3,69266,M,,,69
201200052442,12,1,4,1440,1,1,1,1.0,2,69296,M,,,69
201200052443,12,1,21,1350,1,1,1,2.0,7,69142,M,,,69
201200052444,12,1,21,1408,1,1,1,2.0,7,69271,M,,,69
201200052445,12,1,21,1430,1,1,1,2.0,6,69029,M,,,69
201200052446,12,1,22,540,4,1,1,1.0,5,69296,M,,,69
201200052447,12,1,22,2020,4,1,1,8.0,7,69142,M,,,69
201200052448,12,1,23,1400,1,1,3,1.0,2,38544,M,4479900.0,558929.0,38
201200052449,12,1,24,1810,5,1,1,1.0,2,69034,M,,,69
201200052450,12,1,24,725,3,1,1,1.0,6,69256,M,,,69
201200052451,12,1,24,915,1,1,1,1.0,2,69278,M,,,69
201200052452,12,1,24,1500,1,1,1,2.0,6,69382,M,,,69
201200052453,12,1,25,915,1,1,1,2.0,7,69029,M,,,69
201200052454,12,1,25,1900,5,1,1,1.0,2,69259,M,,,69
201200052455,12,1,26,735,2,1,1,1.0,4,69266,M,,,69
201200052456,12,1,27,1300,1,1,1,1.0,5,69385,M,,,69
201200052457,12,1,27,1250,1,1,1,1.0,4,69091,M,,,69
201200052458,12,1,27,1820,3,1,1,2.0,4,38449,M,,,38
201200052459,12,2,1,1200,1,1,1,8.0,6,69149,M,,,69
201200052460,12,2,3,855,1,1,1,1.0,4,69385,M,,,69
201200052461,12,2,3,1045,1,1,1,1.0,3,69081,M,,,69
201200052462,12,2,3,2255,4,1,1,1.0,2,69149,M,,,69
201200052463,12,2,4,515,3,1,1,1.0,2,69282,M,,,69
201200052464,12,2,5,1225,1,1,1,1.0,3,69276,M,,,69
201200052465,12,2,6,300,5,1,1,1.0,3,69142,M,,,69
201200052466,12,2,6,730,1,1,1,1.0,3,69297,M,,,69
201200052467,12,2,6,1020,1,1,1,1.0,2,69389,M,,,69
201200052468,12,2,10,1925,4,1,1,1.0,4,69382,M,,,69
201200052469,12,2,16,1250,1,1,1,1.0,6,38449,M,4565010.0,511304.0,38
201200052470,12,2,16,1750,2,1,1,1.0,4,69199,M,,,69
201200052471,12,2,18,540,5,1,1,1.0,6,69029,M,,,69
201200052472,12,2,18,1925,3,1,1,1.0,4,69029,M,,,69
201200052473,12,2,18,2115,4,1,1,1.0,5,69199,M,,,69
201200052474,12,2,18,2220,3,1,1,1.0,7,69288,M,,,69
201200052475,12,2,19,55,5,1,1,1.0,6,69385,M,,,69
201200052476,12,2,19,1905,3,1,1,1.0,2,38544,M,4554580.0,483866.0,38
201200052477,12,2,19,2320,5,1,1,1.0,7,69034,M,,,69
201200052478,12,2,20,1845,3,1,1,1.0,2,69266,M,,,69
201200052479,12,2,21,1625,1,1,1,1.0,2,69382,M,,,69
201200052480,12,2,21,1645,1,1,1,1.0,4,69199,M,,,69
201200052481,12,2,22,515,4,1,1,1.0,1,69100,M,,,69
201200052482,12,2,22,1030,1,1,1,1.0,7,69278,M,,,69
201200052483,12,2,22,1820,1,1,1,1.0,2,69286,M,,,69
201200052484,12,2,23,1545,1,1,1,2.0,6,69273,M,,,69
201200052485,12,2,18,1530,1,1,1,1.0,7,69072,M,,,69
201200052486,12,2,25,635,4,1,1,2.0,5,69149,M,,,69
201200052487,12,2,25,845,1,1,1,8.0,4,69290,M,,,69
201200052488,12,2,27,835,1,1,1,1.0,4,69040,M,,,69
201200052489,12,2,28,900,1,1,1,1.0,5,69029,M,,,69
201200052490,12,2,29,1430,1,1,1,1.0,5,38087,M,4557030.0,481430.0,38
201200052491,12,3,2,840,1,1,1,1.0,4,69276,M,,,69
201200052492,12,3,2,1705,1,1,1,1.0,4,69266,M,,,69
201200052493,12,3,2,1915,3,1,1,1.0,3,01249,M,4581560.0,496590.0,01
201200052494,12,3,3,1040,1,1,1,1.0,7,69034,M,,,69
201200052495,12,3,4,1245,1,1,1,1.0,7,69115,M,0.0,0.0,69
201200052496,12,3,5,810,1,1,1,1.0,2,69287,M,,,69
201200052497,12,3,5,1650,1,1,1,1.0,4,69029,M,,,69
201200052498,12,3,6,503,3,1,1,1.0,7,69288,M,,,69
201200052499,12,3,1,1930,3,1,1,1.0,7,69297,M,,,69
201200052500,12,3,8,1210,1,1,1,1.0,7,69297,M,,,69
201200052501,12,3,9,1320,1,1,1,1.0,4,69266,M,,,69
201200052502,12,3,10,1338,1,1,1,1.0,7,69040,M,,,69
201200052503,12,3,12,830,1,1,1,1.0,3,69276,M,,,69
201200052504,12,3,12,1400,1,1,1,1.0,2,69199,M,,,69
201200052505,12,3,12,1400,1,1,1,1.0,2,69382,M,,,69
201200052506,12,3,13,930,1,1,1,1.0,6,38087,M,4557830.0,480368.0,38
201200052507,12,3,16,1730,1,1,1,1.0,4,69072,M,,,69
201200052508,12,3,16,1813,2,1,1,1.0,3,69040,M,,,69
201200052509,12,3,17,1300,1,1,1,1.0,3,69199,M,,,69
201200052510,12,3,18,1550,1,1,1,2.0,2,69385,M,,,69
201200052511,12,3,19,1600,1,1,1,8.0,6,69282,M,,,69
201200052512,12,3,20,820,1,1,1,1.0,5,69256,M,,,69
201200052513,12,3,20,800,1,1,1,1.0,4,69152,M,,,69
201200052514,12,3,20,800,1,1,1,1.0,4,69152,M,,,69
201200052515,12,3,27,535,3,1,1,1.0,7,69055,M,,,69
201200052516,12,3,27,1700,1,1,1,1.0,2,69029,M,,,69
201200052517,12,3,27,2340,5,1,1,1.0,2,69382,M,,,69
201200052518,12,3,28,1315,1,1,1,1.0,7,69081,M,,,69
201200052519,12,3,29,905,1,1,1,1.0,3,01275,M,4580970.0,493456.0,01
201200052520,12,3,29,1238,1,1,1,1.0,2,69081,M,,,69
201200052521,12,4,1,1515,1,1,1,1.0,2,69029,M,,,69
201200052522,12,4,3,810,1,1,1,1.0,4,69270,M,,,69
201200052523,12,4,5,1205,1,1,1,1.0,4,69389,M,,,69
201200052524,12,4,7,330,3,1,1,1.0,7,38544,M,4554050.0,485694.0,38
201200052525,12,4,8,1835,1,1,1,1.0,6,69286,M,,,69
201200052526,12,4,10,1715,1,1,1,1.0,6,69029,M,,,69
201200052527,12,4,11,1740,1,1,1,2.0,5,69276,M,,,69
201200052528,12,4,12,800,1,1,1,1.0,6,69152,M,,,69
201200052529,12,4,12,1330,1,1,1,2.0,2,69081,M,,,69
201200052530,12,4,13,1715,1,1,9,1.0,7,69287,M,,,69
201200052531,12,4,14,600,5,1,1,1.0,2,69029,M,,,69
201200052532,12,4,15,645,5,1,1,2.0,7,69034,M,,,69
201200052533,12,4,17,1800,1,1,1,1.0,6,69081,M,,,69
201200052534,12,4,25,1830,1,1,1,1.0,4,38544,M,4554020.0,485814.0,38
201200052535,12,4,18,2310,5,1,1,1.0,2,38544,M,,,38
201200052536,12,4,19,1200,1,1,1,1.0,2,69029,M,,,69
201200052537,12,4,19,1905,1,1,1,1.0,6,69290,M,,,69
201200052538,12,4,20,100,5,1,1,2.0,6,38449,M,,,38
201200052539,12,4,20,800,1,1,1,1.0,3,69287,M,,,69
201200052540,12,4,22,15,3,1,1,1.0,6,69152,M,,,69
201200052541,12,4,22,1810,1,1,1,1.0,3,01249,M,4581490.0,495943.0,01
201200052542,12,4,25,725,1,1,1,1.0,2,69266,M,,,69
201200052543,12,4,28,1245,1,1,1,1.0,7,38544,M,4554080.0,485519.0,38
201200052544,12,4,29,600,3,1,1,3.0,2,69290,M,,,69
201200052545,12,4,29,415,3,1,1,6.0,6,69259,M,,,69
201200052546,12,4,30,2300,5,1,1,1.0,2,69275,M,,,69
201200052547,12,5,1,925,1,1,1,8.0,6,38336,M,4548800.0,483301.0,38
201200052548,12,5,2,1630,1,1,1,2.0,4,69259,M,,,69
201200052549,12,5,3,830,1,1,1,1.0,2,69290,M,,,69
201200052550,12,5,3,900,1,1,1,1.0,4,69256,M,,,69
201200052551,12,5,4,1700,1,1,1,1.0,2,69382,M,,,69
201200052552,12,5,5,1330,1,1,1,1.0,7,69290,M,,,69
201200052553,12,5,7,1010,1,1,1,1.0,3,69297,M,,,69
201200052554,12,5,8,1515,1,1,1,8.0,7,69122,M,,,69
201200052555,12,5,9,1750,1,1,1,1.0,2,69081,M,,,69
201200052556,12,5,11,300,5,1,1,1.0,6,69029,M,,,69
201200052557,12,5,11,1035,1,1,1,1.0,7,69290,M,,,69
201200052558,12,5,13,845,1,1,1,1.0,2,69034,M,,,69
201200052559,12,5,15,710,1,1,1,1.0,2,69266,M,,,69
201200052560,12,5,15,1800,1,1,1,1.0,2,69029,M,,,69
201200052561,12,5,16,2010,5,1,1,1.0,4,69081,M,,,69
201200052562,12,5,20,10,3,1,1,1.0,3,69275,M,,,69
201200052563,12,5,21,955,1,1,1,1.0,4,69283,M,,,69
201200052564,12,5,22,705,1,1,1,3.0,7,69081,M,,,69
201200052565,12,5,22,1015,1,1,1,1.0,7,69029,M,,,69
201200052566,12,5,23,5,3,1,1,1.0,6,69282,M,,,69
201200052567,12,5,25,1605,1,1,1,1.0,3,38487,M,4555980.0,482221.0,38
201200052568,12,5,25,1637,1,1,1,1.0,3,69275,M,,,69
201200052569,12,5,26,1920,1,1,1,1.0,2,69256,M,,,69
201200052570,12,5,28,1600,1,1,1,1.0,7,69278,M,,,69
201200052571,12,5,28,1720,1,1,1,1.0,6,69294,M,,,69
201200052572,12,5,28,1830,1,1,1,1.0,2,69199,M,,,69
201200052573,12,5,30,900,1,1,1,1.0,4,69259,M,,,69
201200052574,12,5,31,1940,1,1,1,1.0,3,69259,M,,,69
201200052575,12,6,1,1250,1,1,1,1.0,3,69259,M,,,69
201200052576,12,6,2,1130,1,1,1,7.0,2,69297,M,,,69
201200052577,12,6,2,1830,1,1,1,1.0,2,69029,M,,,69
201200052578,12,6,2,2000,1,1,1,1.0,3,38544,M,,,38
201200052579,12,6,2,2015,1,1,1,3.0,3,69266,M,,,69
201200052580,12,6,2,2220,4,1,1,1.0,4,69029,M,,,69
201200052581,12,6,3,1300,1,1,1,3.0,7,69256,M,,,69
201200052582,12,6,3,1445,1,1,1,3.0,7,69271,M,,,69
201200052583,12,6,4,920,1,1,1,1.0,5,69256,M,,,69
201200052584,12,6,5,625,1,1,1,1.0,7,69266,M,,,69
201200052585,12,6,5,845,1,1,1,1.0,4,69199,M,,,69
201200052586,12,6,5,835,1,1,1,1.0,2,69081,M,,,69
201200052587,12,6,5,1030,1,1,1,1.0,2,69382,M,,,69
201200052588,12,6,6,50,3,1,1,1.0,6,69256,M,,,69
201200052589,12,6,6,338,3,1,1,1.0,3,69283,M,,,69
201200052590,12,6,6,416,3,1,1,1.0,4,69283,M,,,69
201200052591,12,6,6,1420,1,1,1,1.0,6,69290,M,,,69
201200052592,12,6,7,1637,1,1,1,1.0,7,69290,M,,,69
201200052593,12,6,8,700,2,1,1,3.0,6,69389,M,,,69
201200052594,12,6,8,1105,1,1,1,3.0,3,69081,M,,,69
201200052595,12,6,8,1715,1,1,1,1.0,2,69259,M,,,69
201200052596,12,6,8,1855,1,1,1,1.0,2,69266,M,,,69
201200052597,12,6,8,1835,1,1,1,1.0,2,69266,M,,,69
201200052598,12,6,9,1715,1,1,1,1.0,7,69287,M,,,69
201200052599,12,6,10,115,5,1,1,1.0,2,38544,M,4553200.0,487355.0,38
201200052600,12,6,10,530,2,1,9,1.0,6,69382,M,,,69
201200052601,12,6,10,1720,1,1,1,3.0,7,38336,M,4548800.0,483301.0,38
201200052602,12,6,10,1815,1,1,1,3.0,7,69142,M,,,69
201200052603,12,6,11,1815,1,1,1,1.0,6,01249,M,4581330.0,494753.0,01
201200052604,12,6,12,200,3,1,1,3.0,7,69256,M,,,69
201200052605,12,6,12,750,1,1,1,1.0,3,69286,M,,,69
201200052606,12,6,12,1700,1,1,1,1.0,2,69382,M,,,69
201200052607,12,6,13,1240,1,1,1,2.0,3,69122,M,,,69
201200052608,12,6,14,900,1,1,1,1.0,2,69152,M,,,69
201200052609,12,6,15,1655,1,1,1,1.0,4,69382,M,,,69
201200052610,12,6,20,1800,1,1,1,1.0,4,69072,M,,,69
201200052611,12,6,21,830,1,1,1,1.0,3,69297,M,,,69
201200052612,12,6,21,2330,5,1,1,1.0,2,38544,M,,,38
201200052613,12,6,22,1705,1,1,1,1.0,7,69034,M,,,69
201200052614,12,6,22,1700,1,1,1,1.0,4,69382,M,,,69
201200052615,12,6,22,1840,1,1,1,1.0,4,69290,M,,,69
201200052616,12,6,24,1623,1,1,1,1.0,7,69259,M,,,69
201200052617,12,6,26,430,2,1,1,2.0,6,69152,M,,,69
201200052618,12,6,27,1830,1,1,1,1.0,3,69199,M,,,69
201200052619,12,6,27,1730,1,1,1,1.0,3,69193,M,,,69
201200052620,12,6,28,814,1,1,1,1.0,4,69297,M,,,69
201200052621,12,6,28,1920,1,1,1,1.0,4,69091,M,,,69
201200052622,12,7,1,50,3,1,1,1.0,3,69256,M,,,69
201200052623,12,7,1,1425,1,1,1,3.0,2,01043,M,4582050.0,499334.0,01
201200052624,12,7,2,1410,1,1,1,1.0,7,69029,M,,,69
201200052625,12,7,2,1320,1,1,1,8.0,3,69029,M,,,69
201200052626,12,7,4,550,1,1,1,1.0,7,69290,M,,,69
201200052627,12,7,6,550,1,1,1,1.0,7,69256,M,,,69
201200052628,12,7,6,610,1,1,1,1.0,7,69271,M,,,69
201200052629,12,7,6,550,1,1,1,1.0,5,69256,M,,,69
201200052630,12,7,6,1500,1,1,1,1.0,2,69297,M,,,69
201200052631,12,7,7,1540,1,1,1,1.0,2,69152,M,,,69
201200052632,12,7,7,1745,1,1,1,1.0,7,69266,M,,,69
201200052633,12,7,7,2230,5,1,1,1.0,3,69275,M,,,69
201200052634,12,7,10,900,1,1,1,1.0,4,69266,M,,,69
201200052635,12,7,13,945,1,1,1,1.0,3,69199,M,,,69
201200052636,12,7,14,415,3,1,1,2.0,7,69029,M,,,69
201200052637,12,7,15,420,5,1,1,1.0,3,69034,M,,,69
201200052638,12,7,16,450,3,1,1,1.0,2,69287,M,,,69
201200052639,12,7,17,845,1,1,1,1.0,3,69204,M,,,69
201200052640,12,7,17,1109,1,1,1,1.0,6,69297,M,,,69
201200052641,12,7,19,1645,1,1,1,1.0,4,69072,M,,,69
201200052642,12,7,20,1030,1,1,1,1.0,3,69297,M,,,69
201200052643,12,7,20,1230,1,1,1,1.0,7,69290,M,,,69
201200052644,12,7,20,1730,1,1,1,1.0,3,69259,M,,,69
201200052645,12,7,20,1730,1,1,1,1.0,2,69271,M,,,69
201200052646,12,7,21,2030,1,1,1,1.0,7,69266,M,,,69
201200052647,12,7,21,1130,1,1,1,1.0,2,69272,M,,,69
201200052648,12,7,24,1020,1,1,1,1.0,3,38487,M,4555250.0,482929.0,38
201200052649,12,7,25,700,1,1,1,1.0,6,69142,M,,,69
201200052650,12,7,3,910,1,1,1,1.0,2,69029,M,,,69
201200052651,12,7,27,1010,1,1,1,1.0,2,69297,M,,,69
201200052652,12,7,27,1145,1,1,1,1.0,2,69290,M,,,69
201200052653,12,7,30,1520,1,1,1,1.0,2,69081,M,,,69
201200052654,12,8,2,850,1,1,1,1.0,7,69288,M,,,69
201200052655,12,8,4,1600,1,1,1,1.0,6,69275,M,,,69
201200052656,12,8,4,1745,1,1,1,1.0,3,69115,M,,,69
201200052657,12,8,6,810,1,1,1,2.0,2,38336,M,4549600.0,483797.0,38
201200052658,12,8,6,1305,1,1,1,2.0,6,69115,M,,,69
201200052659,12,8,7,2040,1,1,1,1.0,5,69296,M,,,69
201200052660,12,8,8,15,3,1,1,1.0,2,38184,M,,,38
201200052661,12,8,10,2100,3,1,1,1.0,7,69259,M,,,69
201200052662,12,8,12,1915,1,1,1,1.0,2,69152,M,,,69
201200052663,12,8,15,300,5,1,1,1.0,6,69034,M,,,69
201200052664,12,8,16,1915,1,1,1,1.0,6,69199,M,,,69
201200052665,12,8,13,1730,1,1,1,1.0,7,69034,M,,,69
201200052666,12,8,17,1105,1,1,1,1.0,6,69029,M,,,69
201200052667,12,8,20,40,3,1,1,1.0,6,69199,M,,,69
201200052668,12,8,23,2105,2,1,1,1.0,2,69115,M,,,69
201200052669,12,8,24,1010,1,1,1,1.0,4,69259,M,,,69
201200052670,12,8,27,1140,1,1,1,1.0,2,38336,M,4548800.0,483301.0,38