Num_Acc,an,mois,jour,hrmn,lum,agg,int,atm,col,com,gps,lat,long,dep
201200052671,12,8,28,2025,1,1,1,1.0,7,69272,M,,,69
201200052672,12,8,29,1630,1,1,1,8.0,7,69152,M,,,69
201200052673,12,8,30,1225,1,1,1,2.0,7,38336,M,4549600.0,483797.0,38
201200052674,12,9,2,2030,2,1,1,1.0,3,69115,M,,,69
201200052675,12,9,3,1630,1,1,1,1.0,7,69029,M,,,69
201200052676,12,9,3,1900,1,1,1,1.0,4,69072,M,,,69
201200052677,12,9,4,1910,1,1,1,1.0,7,69275,M,,,69
201200052678,12,9,2,1220,1,1,1,1.0,7,69029,M,,,69
201200052679,12,9,5,1425,1,1,1,1.0,6,69275,M,,,69
201200052680,12,9,5,1750,1,1,1,1.0,3,38087,M,4558200.0,480164.0,38
201200052681,12,9,5,2030,5,1,1,1.0,2,69259,M,,,69
201200052682,12,9,8,1240,1,1,1,1.0,2,69266,M,,,69
201200052683,12,9,10,835,1,1,1,1.0,5,69266,M,,,69
201200052684,12,9,11,40,3,1,1,2.0,2,01043,M,,,01
201200052685,12,9,12,600,3,1,1,3.0,6,69278,M,,,69
201200052686,12,9,12,730,1,1,1,3.0,6,69152,M,,,69
201200052687,12,9,12,1315,1,1,1,1.0,6,69256,M,,,69
201200052688,12,9,12,1415,1,1,1,2.0,3,69072,M,,,69
201200052689,12,9,13,650,3,1,1,8.0,5,69256,M,,,69
201200052690,12,9,13,840,1,1,1,1.0,7,69152,M,,,69
201200052691,12,9,14,1745,1,1,1,1.0,4,69276,M,,,69
201200052692,12,9,14,1840,1,1,1,1.0,2,38544,M,4551020.0,485548.0,38
201200052693,12,9,15,700,2,1,1,1.0,2,69259,M,,,69
201200052694,12,9,15,1845,1,1,1,1.0,7,69152,M,,,69
201200052695,12,9,17,820,1,1,1,1.0,2,69282,M,,,69
201200052696,12,9,18,1755,1,1,1,1.0,4,69283,M,,,69
201200052697,12,9,19,810,1,1,1,1.0,7,69283,M,,,69
201200052698,12,9,19,1220,1,1,1,1.0,3,69297,M,,,69
201200052699,12,9,20,825,1,1,1,1.0,4,69382,M,,,69
201200052700,12,9,21,530,3,1,1,1.0,5,01249,M,,,01
201200052701,12,9,22,410,5,1,1,1.0,7,69290,M,,,69
201200052702,12,9,8,1201,1,1,9,1.0,2,69072,M,,,69
201200052703,12,9,23,500,3,1,1,1.0,2,69389,M,,,69
201200052704,12,9,23,430,4,1,1,1.0,2,69282,M,,,69
201200052705,12,9,23,1710,1,1,1,1.0,4,69382,M,,,69
201200052706,12,9,24,910,1,1,1,2.0,7,69081,M,,,69
201200052707,12,9,25,555,3,1,1,1.0,7,69297,M,,,69
201200052708,12,9,26,2100,3,1,1,3.0,3,69193,M,,,69
201200052709,12,9,27,700,2,1,1,1.0,7,69266,M,,,69
201200052710,12,9,26,1640,1,1,1,2.0,6,38336,M,4548800.0,483301.0,38
201200052711,12,9,29,800,4,1,1,2.0,6,69297,M,,,69
201200052712,12,9,29,1145,1,1,1,2.0,4,69072,M,,,69
201200052713,12,9,29,1245,1,1,1,1.0,7,69279,M,,,69
201200052714,12,9,29,1725,1,1,1,8.0,6,69009,M,,,69
201200052715,12,9,30,130,3,1,1,1.0,2,69287,M,,,69
201200052716,12,9,30,715,2,1,1,1.0,7,69259,M,,,69
201200052717,12,9,30,1307,1,1,1,2.0,6,69199,M,,,69
201200052718,12,9,30,1415,1,1,1,2.0,7,69029,M,,,69
201200052719,12,9,30,1930,3,1,1,1.0,4,69091,M,,,69
201200052720,12,10,1,2330,3,1,1,1.0,6,01105,M,,,01
201200052721,12,10,2,1730,1,1,1,1.0,2,69297,M,,,69
201200052722,12,10,2,1800,1,1,1,1.0,5,69290,M,,,69
201200052723,12,10,2,2219,5,1,1,1.0,2,69382,M,,,69
201200052724,12,10,8,1150,1,1,1,1.0,3,38087,M,4557470.0,480758.0,38
201200052725,12,10,8,1910,2,1,1,2.0,5,69029,M,,,69
201200052726,12,10,9,545,3,1,1,3.0,6,69256,M,,,69
201200052727,12,10,9,710,1,1,1,2.0,3,69199,M,,,69
201200052728,12,10,9,700,4,1,1,2.0,6,69029,M,,,69
201200052729,12,10,9,1225,1,1,1,1.0,6,69072,M,,,69
201200052730,12,10,10,830,1,1,1,1.0,7,69142,M,,,69
201200052731,12,10,11,1805,2,1,1,1.0,7,69297,M,,,69
201200052732,12,10,11,1810,1,1,1,1.0,2,69256,M,,,69
201200052733,12,10,12,1745,1,1,1,1.0,7,69273,M,,,69
201200052734,12,10,13,1045,1,1,1,1.0,6,69270,M,,,69
201200052735,12,10,13,1730,1,1,1,1.0,3,69287,M,,,69
201200052736,12,10,13,1815,1,1,1,1.0,4,69029,M,,,69
201200052737,12,10,13,2325,3,1,1,1.0,3,38087,M,4557320.0,481008.0,38
201200052738,12,10,14,600,3,1,1,1.0,3,69081,M,,,69
201200052739,12,10,14,2028,3,1,1,1.0,6,69033,M,,,69
201200052740,12,10,9,715,2,1,1,1.0,6,01275,M,,,01
201200052741,12,10,17,1413,1,1,1,1.0,7,69382,M,,,69
201200052742,12,10,18,400,5,1,1,1.0,2,69296,M,,,69
201200052743,12,10,18,1925,3,1,1,1.0,2,69072,M,,,69
201200052744,12,10,21,1648,1,1,1,1.0,3,69277,M,,,69
201200052745,12,10,22,20,3,1,1,1.0,7,69290,M,,,69
201200052746,12,10,24,2120,5,1,1,1.0,7,69266,M,,,69
201200052747,12,10,26,2135,5,1,1,2.0,3,38544,M,4553200.0,487355.0,38
201200052748,12,10,27,600,3,1,1,2.0,1,69027,M,0.0,0.0,69
201200052749,12,10,27,1230,1,1,1,3.0,3,69029,M,,,69
201200052750,12,10,27,1315,1,1,1,2.0,3,38336,M,4549600.0,483797.0,38
201200052751,12,10,26,2140,5,1,1,1.0,2,69259,M,,,69
201200052752,12,10,29,750,1,1,1,1.0,2,69282,M,,,69
201200052753,12,11,1,1200,1,1,1,1.0,2,69142,M,,,69
201200052754,12,11,2,815,1,1,1,1.0,3,69256,M,,,69
201200052755,12,11,2,2115,3,1,1,1.0,7,01248,M,,,01
201200052756,12,11,4,1450,1,1,1,3.0,3,69152,M,,,69
201200052757,12,11,4,2310,3,1,1,2.0,7,69256,M,,,69
201200052758,12,11,5,4,3,1,1,3.0,7,69285,M,,,69
201200052759,12,11,4,1436,1,1,1,3.0,2,69286,M,,,69
201200052760,12,11,9,611,4,1,1,1.0,6,69152,M,,,69
201200052761,12,11,10,1030,1,1,1,2.0,6,69142,M,,,69
201200052762,12,11,10,1255,1,1,1,3.0,6,69382,M,,,69
201200052763,12,11,10,1400,1,1,1,2.0,7,69382,M,,,69
201200052764,12,11,10,1330,1,1,1,2.0,7,69199,M,,,69
201200052765,12,11,10,2130,3,1,1,1.0,2,38487,M,4554820.0,483468.0,38
201200052766,12,11,11,340,3,1,1,8.0,3,69256,M,,,69
201200052767,12,11,11,600,4,1,1,1.0,7,69081,M,,,69
201200052768,12,11,11,1010,1,1,1,2.0,7,69256,M,,,69
201200052769,12,11,11,1100,1,1,1,1.0,7,69256,M,,,69
201200052770,12,11,11,2315,3,1,1,1.0,3,38184,M,,,38
201200052771,12,11,14,625,3,1,1,1.0,6,69259,M,,,69
201200052772,12,11,14,1230,1,1,1,1.0,4,38544,M,,,38
201200052773,12,11,14,1900,5,1,1,1.0,7,01275,M,,,01
201200052774,12,11,15,1920,3,1,1,1.0,2,69256,M,,,69
201200052775,12,11,16,1730,5,1,1,1.0,2,69029,M,,,69
201200052776,12,11,17,1840,4,1,1,1.0,3,69142,M,,,69
201200052777,12,11,17,1900,3,1,1,1.0,2,69072,M,,,69
201200052778,12,11,18,440,4,1,1,1.0,5,69081,M,,,69
201200052779,12,11,19,610,3,1,1,1.0,2,69288,M,,,69
201200052780,12,11,21,1005,1,1,1,1.0,2,69256,M,,,69
201200052781,12,11,22,1530,1,1,1,1.0,3,69297,M,,,69
201200052782,12,11,23,720,1,1,1,1.0,5,69033,M,,,69
201200052783,12,11,23,1720,3,1,1,1.0,7,69193,M,,,69
201200052784,12,11,24,1145,1,1,1,1.0,7,69266,M,,,69
201200052785,12,11,25,1700,5,1,1,1.0,2,69382,M,,,69
201200052786,12,11,28,845,1,1,1,2.0,2,69029,M,,,69
201200052787,12,11,26,1520,1,1,1,3.0,6,38336,M,,,38
201200052788,12,11,27,1800,2,1,1,2.0,4,69290,M,,,69
201200052789,12,11,27,2022,3,1,1,1.0,3,69297,M,,,69
201200052790,12,11,26,720,2,1,1,1.0,4,69081,M,,,69
201200052791,12,11,28,1245,1,1,1,3.0,6,69275,M,,,69
201200052792,12,11,28,1840,3,1,1,2.0,4,69388,M,,,69
201200052793,12,11,29,1125,1,1,1,2.0,7,69271,M,,,69
201200052794,12,11,29,1650,1,1,1,8.0,2,69029,M,,,69
201200052795,12,11,29,1955,3,1,1,1.0,7,69281,M,,,69
201200052796,12,11,30,1420,1,1,1,1.0,2,69055,M,,,69
201200052797,12,12,1,1210,1,1,1,1.0,3,69389,M,,,69
201200052798,12,12,4,900,1,1,1,1.0,2,69029,M,,,69
201200052799,12,12,4,1415,1,1,1,1.0,2,69029,M,,,69
201200052800,12,12,5,1430,1,1,1,3.0,4,69271,M,,,69
201200052801,12,12,6,1030,1,1,1,1.0,2,69290,M,,,69
201200052802,12,12,6,1845,4,1,1,1.0,2,69199,M,,,69
201200052803,12,12,6,2245,3,1,1,1.0,2,69152,M,,,69
201200052804,12,12,7,1430,1,1,1,1.0,6,69029,M,,,69
201200052805,12,12,7,2040,3,1,1,2.0,3,69297,M,,,69
201200052806,12,12,8,1640,1,1,1,1.0,4,69029,M,,,69
201200052807,12,12,8,2320,5,1,1,1.0,7,69029,M,,,69
201200052808,12,11,30,835,1,1,1,1.0,4,69385,M,,,69
201200052809,12,12,9,1710,5,1,1,1.0,2,69199,M,,,69
201200052810,12,12,10,550,3,1,1,2.0,5,69272,M,,,69
201200052811,12,12,11,1930,5,1,1,1.0,1,69029,M,,,69
201200052812,12,12,12,1030,1,1,1,1.0,3,69297,M,,,69
201200052813,12,12,3,1530,1,1,1,3.0,2,69199,M,,,69
201200052814,12,12,14,2305,5,1,4,1.0,2,69266,M,,,69
201200052815,12,12,17,1100,1,1,1,2.0,6,38336,M,,,38
201200052816,12,12,17,1640,1,1,1,1.0,2,69152,M,,,69
201200052817,12,12,17,1910,3,1,1,1.0,3,69275,M,,,69
201200052818,12,12,13,1945,5,1,1,1.0,2,69266,M,,,69
201200052819,12,12,19,1830,5,1,1,1.0,4,69266,M,,,69
201200052820,12,12,19,1950,3,1,1,1.0,7,69271,M,,,69
201200052821,12,12,20,915,1,1,1,1.0,2,69270,M,,,69
201200052822,12,12,20,1945,5,1,1,2.0,2,69199,M,,,69
201200052823,12,12,21,740,2,1,1,1.0,7,69266,M,,,69
201200052824,12,12,21,910,1,1,1,1.0,2,69029,M,,,69
201200052825,12,12,21,2010,5,1,1,1.0,2,69382,M,,,69
201200052826,12,12,22,1455,1,1,1,3.0,7,69266,M,,,69
201200052827,12,12,22,2145,5,1,1,1.0,7,69029,M,,,69
201200052828,12,12,23,735,2,1,1,1.0,2,69266,M,,,69
201200052829,12,12,23,1955,3,1,1,1.0,6,01248,M,,,01
201200052830,12,12,25,1235,1,1,1,1.0,4,69266,M,,,69
201200052831,12,12,27,1105,1,1,1,1.0,7,69272,M,,,69
201200052832,12,12,27,1945,3,1,1,1.0,3,69266,M,,,69
201200052833,12,12,28,605,3,1,1,1.0,3,38544,M,,,38
201200052834,12,12,30,440,5,1,1,1.0,2,38544,M,,,38
201200052835,12,12,30,1700,1,1,1,1.0,3,69256,M,,,69
201200052836,12,1,2,945,1,2,3,2.0,2,69389,M,,,69
201200052837,12,1,2,1510,1,2,1,1.0,6,69389,M,,,69
201200052838,12,1,5,820,1,2,1,2.0,6,69389,M,,,69
201200052839,12,1,5,1340,1,2,3,2.0,3,69081,M,,,69
201200052840,12,1,5,1445,1,2,5,2.0,3,69389,M,,,69
201200052841,12,1,9,450,5,2,1,1.0,2,69389,M,,,69
201200052842,12,1,24,910,1,2,4,2.0,3,69389,M,,,69
201200052843,12,1,26,1910,4,2,1,1.0,2,69389,M,,,69
201200052844,12,1,29,730,2,2,1,2.0,3,69389,M,,,69
201200052845,12,1,29,145,5,2,1,1.0,3,69389,M,,,69
201200052846,12,2,1,1025,1,2,1,1.0,6,69389,M,,,69
201200052847,12,2,5,1825,5,2,1,1.0,6,69389,M,,,69
201200052848,12,2,9,1800,5,2,1,1.0,3,69389,M,,,69
201200052849,12,2,15,1840,5,2,1,1.0,6,69389,M,,,69
201200052850,12,2,17,1130,1,2,6,1.0,3,69081,M,,,69
201200052851,12,2,18,1250,1,2,1,1.0,6,69389,M,,,69
201200052852,12,2,24,1050,1,2,3,2.0,3,69389,M,,,69
201200052853,12,2,27,1330,1,2,3,7.0,6,69389,M,,,69
201200052854,12,4,4,1230,1,2,1,8.0,6,69389,M,,,69
201200052855,12,3,2,1230,1,2,1,1.0,4,69081,M,,,69
201200052856,12,3,8,1520,1,2,2,1.0,6,69389,M,,,69
201200052857,12,3,12,1600,1,2,3,1.0,6,69081,M,,,69
201200052858,12,3,15,1130,1,2,1,1.0,6,69081,M,,,69
201200052859,12,3,16,829,1,2,3,1.0,3,69389,M,,,69
201200052860,12,3,16,935,1,2,3,1.0,6,69389,M,,,69
201200052861,12,3,21,1825,1,2,3,1.0,3,69389,M,,,69
201200052862,12,3,24,1605,1,2,1,1.0,6,69389,M,,,69
201200052863,12,3,25,1950,1,2,2,1.0,6,69389,M,,,69
201200052864,12,3,28,1430,1,2,1,1.0,6,69389,M,,,69
201200052865,12,3,29,1200,1,2,2,1.0,3,69389,M,,,69
201200052866,12,4,4,1224,1,2,1,8.0,2,69389,M,,,69
201200052867,12,4,7,2300,5,2,1,2.0,6,69389,M,,,69
201200052868,12,4,7,1045,1,2,1,1.0,6,69389,M,,,69
201200052869,12,4,11,2030,5,2,2,2.0,6,69389,M,,,69
201200052870,12,4,14,1300,1,2,1,8.0,6,69389,M,,,69
201200052871,12,4,17,1010,1,2,1,1.0,5,69389,M,,,69
201200052872,12,5,2,1230,1,2,1,1.0,6,69389,M,,,69
201200052873,12,5,4,1800,1,2,4,1.0,6,69081,M,,,69
201200052874,12,4,30,740,1,2,2,1.0,1,69389,M,,,69
201200052875,12,5,5,1900,2,2,1,2.0,6,69081,M,,,69
201200052876,12,5,4,1615,1,2,2,1.0,3,69388,M,,,69
201200052877,12,5,21,1700,1,2,2,8.0,3,69389,M,,,69
201200052878,12,5,12,1020,1,2,1,2.0,6,69389,M,,,69
201200052879,12,5,8,1730,1,2,3,1.0,3,69389,M,,,69
201200052880,12,5,16,1650,1,2,1,1.0,6,69389,M,,,69
201200052881,12,5,15,1900,1,2,2,1.0,6,69389,M,,,69
201200052882,12,5,20,1140,1,2,2,1.0,3,69081,M,,,69
201200052883,12,5,17,805,1,2,1,1.0,6,69081,M,,,69
201200052884,12,5,24,1505,1,2,1,1.0,2,69389,M,,,69
201200052885,12,5,25,720,1,2,1,1.0,3,69389,M,,,69
201200052886,12,5,25,1635,1,2,1,1.0,6,69389,M,,,69
201200052887,12,5,31,1100,1,2,1,1.0,6,69389,M,,,69
201200052888,12,5,31,1920,1,2,1,1.0,3,69389,M,,,69
201200052889,12,6,2,1230,1,2,1,1.0,6,69389,M,,,69
201200052890,12,6,3,2100,1,2,1,3.0,2,69389,M,,,69
201200052891,12,6,5,1115,1,2,1,1.0,1,69389,M,,,69
201200052892,12,6,8,2000,1,2,1,1.0,7,69389,M,,,69
201200052893,12,6,12,1853,1,2,1,8.0,2,69081,M,,,69
201200052894,12,6,13,1055,1,2,1,8.0,6,69389,M,,,69
201200052895,12,6,19,1645,1,2,1,1.0,4,69389,M,,,69
201200052896,12,6,20,2235,5,2,3,1.0,6,69389,M,,,69
201200052897,12,6,21,2120,2,2,1,1.0,6,69389,M,,,69
201200052898,12,6,24,730,1,2,9,1.0,3,69389,M,,,69
201200052899,12,6,24,1040,1,2,1,1.0,3,69389,M,,,69
201200052900,12,6,27,1610,1,2,1,1.0,6,69389,M,,,69
201200052901,12,6,29,725,1,2,1,1.0,1,69389,M,,,69
201200052902,12,7,4,1945,1,2,2,1.0,3,69389,M,,,69
201200052903,12,7,13,845,1,2,1,1.0,3,69389,M,,,69
201200052904,12,7,16,1600,1,2,2,1.0,3,69389,M,,,69
201200052905,12,7,23,650,1,2,3,1.0,1,69389,M,,,69
201200052906,12,7,26,1230,1,2,7,1.0,4,69389,M,,,69
201200052907,12,7,29,1405,1,2,1,1.0,6,69389,M,,,69
201200052908,12,7,29,1710,1,2,1,1.0,6,69389,M,,,69
201200052909,12,7,31,1155,1,2,4,1.0,6,69389,M,,,69
201200052910,12,8,5,400,5,2,1,2.0,1,69081,M,,,69
201200052911,12,8,6,1300,1,2,1,2.0,6,69081,M,,,69
201200052912,12,8,8,2005,2,2,1,1.0,6,69389,M,,,69
201200052913,12,8,11,100,5,2,1,1.0,7,69389,M,,,69
201200052914,12,8,11,1755,1,2,1,1.0,6,69389,M,,,69
201200052915,12,8,13,2215,4,2,1,1.0,3,69389,M,,,69
201200052916,12,8,17,1420,1,2,2,1.0,6,69389,M,,,69
201200052917,12,8,17,1820,1,2,1,1.0,6,69389,M,,,69
201200052918,12,8,28,1750,1,2,1,1.0,2,69081,M,,,69
201200052919,12,9,7,1205,1,2,1,1.0,2,69389,M,,,69
201200052920,12,9,19,1020,1,2,1,1.0,7,69389,M,,,69
201200052921,12,8,30,1715,1,2,1,1.0,6,69389,M,,,69
201200052922,12,9,28,940,1,2,9,1.0,3,69389,M,,,69
201200052923,12,9,28,1752,1,2,1,1.0,2,69389,M,,,69
201200052924,12,9,25,1540,1,2,1,1.0,6,69389,M,,,69
201200052925,12,10,10,1720,1,2,2,3.0,3,69389,M,,,69
201200052926,12,10,16,858,1,2,4,1.0,3,69081,M,,,69
201200052927,12,10,21,1700,1,2,1,1.0,6,69389,M,,,69
201200052928,12,10,22,2130,5,2,1,1.0,2,69389,M,,,69
201200052929,12,10,9,1830,1,2,1,1.0,7,69081,M,,,69
201200052930,12,10,29,843,1,2,1,1.0,3,69081,M,,,69
201200052931,12,11,6,1430,1,2,1,1.0,6,69389,M,,,69
201200052932,12,11,7,1500,1,2,3,1.0,5,69389,M,,,69
201200052933,12,11,5,1920,5,2,1,2.0,3,69389,M,,,69
201200052934,12,11,6,1630,1,2,1,1.0,6,69389,M,,,69
201200052935,12,10,31,150,5,2,1,1.0,6,69389,M,,,69
201200052936,12,11,13,1810,5,2,1,1.0,6,69389,M,,,69
201200052937,12,11,23,1900,5,2,1,1.0,3,69389,M,,,69
201200052938,12,11,26,1750,5,2,1,3.0,6,69389,M,,,69
201200052939,12,11,28,1725,5,2,1,3.0,3,69389,M,,,69
201200052940,12,12,4,800,1,2,1,1.0,1,69081,M,,,69
201200052941,12,12,4,1250,1,2,1,1.0,2,69389,M,,,69
201200052942,12,12,4,1450,1,2,4,1.0,3,69389,M,,,69
201200052943,12,12,7,1835,4,2,2,8.0,3,69389,M,,,69
201200052944,12,12,8,1600,1,2,1,1.0,2,69389,M,,,69
201200052945,12,12,20,1055,1,2,1,2.0,3,69389,M,,,69
201200052946,12,12,21,1800,5,2,1,1.0,6,69389,M,,,69
201200052947,12,1,10,1806,3,1,1,1.0,2,83137,M,,,83
201200052948,12,1,11,1900,3,1,1,1.0,2,83062,M,,,83
201200052949,12,1,14,535,5,1,1,1.0,2,83137,M,,,83
201200052950,12,1,16,1755,3,1,1,1.0,2,83126,M,,,83
201200052951,12,1,18,1405,1,1,1,1.0,2,83137,M,,,83
201200052952,12,2,11,2020,5,1,1,1.0,4,83137,M,,,83
201200052953,12,2,12,1110,1,1,1,4.0,7,83144,M,,,83
201200052954,12,2,12,1800,3,1,1,1.0,6,13028,M,,,13
201200052955,12,3,1,925,1,1,1,1.0,6,83144,M,,,83
201200052956,12,3,4,1120,1,1,1,1.0,2,83069,M,,,83
201200052957,12,3,9,1930,1,1,1,1.0,2,83144,M,,,83
201200052958,12,3,12,925,1,1,1,1.0,3,83144,M,,,83
201200052959,12,3,19,855,1,1,1,1.0,4,83090,M,,,83
201200052960,12,4,5,910,1,1,1,1.0,2,83144,M,,,83
201200052961,12,4,7,1740,1,1,1,1.0,2,83123,M,,,83
201200052962,12,4,8,545,5,1,1,1.0,2,83137,M,,,83
201200052963,12,4,13,1200,1,1,1,2.0,6,83069,M,,,83
201200052964,12,5,12,1215,1,1,1,1.0,4,83137,M,,,83
201200052965,12,5,12,2005,1,1,4,1.0,6,83137,M,,,83
201200052966,12,5,12,2001,1,1,1,1.0,6,83062,M,,,83
201200052967,12,5,15,810,1,1,1,1.0,3,83062,M,,,83
201200052968,12,5,24,1018,1,1,1,1.0,7,83137,M,,,83
201200052969,12,6,3,535,2,1,1,1.0,1,83112,M,,,83
201200052970,12,6,11,1730,1,1,1,1.0,6,83090,M,,,83
201200052971,12,6,13,1827,1,1,1,1.0,2,83090,M,,,83
201200052972,12,6,17,1805,1,1,1,1.0,4,83112,M,,,83
201200052973,12,6,18,430,3,1,1,1.0,4,13028,M,,,13
201200052974,12,6,18,1843,1,1,9,1.0,6,83047,M,,,83
201200052975,12,6,19,1555,1,1,1,1.0,2,83137,M,,,83
201200052976,12,6,20,1710,1,1,1,1.0,5,83144,M,,,83
201200052977,12,6,21,1633,1,1,1,1.0,4,83137,M,,,83
201200052978,12,7,1,640,1,1,1,1.0,7,83035,M,,,83
201200052979,12,7,2,1410,1,1,1,1.0,7,83126,M,,,83
201200052980,12,7,6,2323,5,1,1,1.0,6,83144,M,,,83
201200052981,12,7,10,1440,1,1,1,1.0,6,13028,M,,,13
201200052982,12,7,15,220,3,1,1,1.0,6,83069,M,,,83
201200052983,12,7,17,2045,1,1,9,1.0,3,83137,M,,,83
201200052984,12,7,18,1825,1,1,1,1.0,3,83144,M,,,83
201200052985,12,7,23,345,3,1,1,1.0,6,83112,M,,,83
201200052986,12,7,31,1640,1,1,1,1.0,6,83137,M,,,83
201200052987,12,8,6,1740,1,1,1,1.0,4,83069,M,,,83
201200052988,12,8,13,2250,5,1,1,1.0,2,83137,M,,,83
201200052989,12,8,16,1917,5,1,1,1.0,2,83137,M,,,83
201200052990,12,8,22,1500,1,1,1,1.0,3,13028,M,,,13
201200052991,12,8,25,15,3,1,1,1.0,6,83144,M,,,83
201200052992,12,8,27,1720,3,1,1,1.0,6,83137,M,,,83
201200052993,12,8,29,1720,1,1,1,1.0,2,83137,M,,,83
201200052994,12,9,2,1740,1,1,1,1.0,6,83123,M,,,83
201200052995,12,9,5,1500,1,1,1,1.0,2,83137,M,,,83
201200052996,12,9,13,1725,1,1,1,1.0,4,83137,M,,,83
201200052997,12,9,29,1840,1,1,1,1.0,2,83047,M,,,83
201200052998,12,10,3,1610,1,1,1,1.0,2,83137,M,,,83
201200052999,12,10,4,745,1,1,1,1.0,4,83137,M,,,83
201200053000,12,10,6,2100,3,1,1,1.0,2,83137,M,,,83
201200053001,12,10,7,635,3,1,1,1.0,5,83112,M,,,83
201200053002,12,10,8,743,1,1,1,1.0,3,83137,M,,,83
201200053003,12,10,12,1145,1,1,1,1.0,7,83062,M,,,83
201200053004,12,10,24,800,1,1,1,2.0,5,83144,M,,,83
201200053005,12,10,24,2003,5,1,1,1.0,6,83137,M,,,83
201200053006,12,10,26,1620,1,1,1,3.0,2,83090,M,,,83
201200053007,12,10,28,635,3,1,1,6.0,2,83047,M,,,83
201200053008,12,10,28,1200,1,1,1,1.0,2,83137,M,,,83
201200053009,12,10,30,1810,4,1,1,1.0,2,83137,M,,,83
201200053010,12,10,30,1840,4,1,1,1.0,2,83090,M,,,83
201200053011,12,10,30,1810,5,1,1,1.0,2,83090,M,,,83
201200053012,12,10,31,1512,1,1,1,2.0,2,83137,M,,,83
201200053013,12,11,1,1850,5,1,1,1.0,3,83123,M,,,83
201200053014,12,11,14,1800,5,1,1,1.0,2,83144,M,,,83
201200053015,12,11,15,1830,4,1,1,1.0,4,83137,M,,,83
201200053016,12,11,22,1733,3,1,1,1.0,3,83062,M,,,83
201200053017,12,12,6,1705,5,1,1,1.0,6,83123,M,,,83
201200053018,12,12,8,1750,5,1,1,1.0,7,83137,M,,,83
201200053019,12,12,10,1512,1,1,1,1.0,5,83137,M,,,83
201200053020,12,12,12,1830,5,1,1,1.0,5,83137,M,,,83
201200053021,12,12,14,2135,5,1,1,3.0,2,83144,M,,,83
201200053022,12,12,21,730,2,1,1,1.0,7,83069,M,,,83
201200053023,12,1,5,1800,3,1,1,1.0,2,13071,M,,,13
201200053024,12,1,6,840,1,1,1,1.0,3,13055,M,4328400.0,540414.0,13
201200053025,12,1,7,1415,1,1,1,1.0,2,13055,M,4336540.0,536058.0,13
201200053026,12,1,8,1930,3,1,1,1.0,5,13015,M,,,13
201200053027,12,1,11,1835,3,1,1,1.0,4,13055,M,4338280.0,535137.0,13
201200053028,12,1,13,1800,3,1,1,1.0,3,13019,M,,,13
201200053029,12,1,13,1926,5,1,1,1.0,4,13055,M,4333700.0,537709.0,13
201200053030,12,1,9,1027,1,1,1,1.0,4,13106,M,0.0,0.0,13
201200053031,12,1,9,805,1,1,1,1.0,3,13071,M,,,13
201200053032,12,1,17,920,1,1,1,1.0,3,13001,M,,,13
201200053033,12,1,18,1645,1,1,1,1.0,4,13055,M,4328810.0,544202.0,13
201200053034,12,1,20,915,1,1,1,1.0,4,13055,M,4331250.0,537635.0,13
201200053035,12,1,20,2330,3,1,1,1.0,7,13005,M,,,13
201200053036,12,1,21,135,3,1,1,1.0,6,13106,M,,,13
201200053037,12,1,20,1620,1,1,1,1.0,3,13005,M,,,13
201200053038,12,1,21,1555,1,1,1,1.0,2,13071,M,,,13
201200053039,12,1,21,1910,3,1,1,1.0,6,13056,M,,,13
201200053040,12,1,22,245,3,1,1,1.0,6,13056,M,,,13
201200053041,12,1,22,2350,3,1,1,1.0,6,13117,M,,,13
201200053042,12,1,25,910,1,1,1,1.0,4,13071,M,,,13
201200053043,12,1,25,900,1,1,1,1.0,4,13055,M,4329390.0,547062.0,13
201200053044,12,1,26,720,1,1,1,1.0,2,13055,M,,,13
201200053045,12,1,26,720,1,1,1,1.0,7,13055,M,,,13
201200053046,12,1,27,1350,1,1,1,1.0,6,13117,M,,,13
201200053047,12,1,27,1945,3,1,1,1.0,6,13005,M,,,13
201200053048,12,1,27,2330,3,1,1,1.0,6,13015,M,,,13
201200053049,12,1,29,150,3,1,1,1.0,7,13071,M,,,13
201200053050,12,1,30,1310,1,1,1,1.0,7,13055,M,,,13
201200053051,12,1,27,1840,3,1,1,1.0,2,13055,M,4332510.0,536165.0,13
201200053052,12,2,3,1800,2,1,1,1.0,3,13055,M,4331070.0,536706.0,13
201200053053,12,2,3,1830,3,1,1,1.0,5,13055,M,4331220.0,536680.0,13
201200053054,12,2,4,15,3,1,1,4.0,7,13055,M,4328760.0,544035.0,13
201200053055,12,2,1,1915,3,1,1,1.0,4,13106,M,,,13
201200053056,12,2,5,605,5,1,1,1.0,2,13055,M,4330030.0,536392.0,13
201200053057,12,2,5,2045,3,1,1,1.0,4,13005,M,,,13
201200053058,12,2,5,2130,3,1,1,1.0,4,13005,M,,,13
201200053059,12,2,2,855,1,1,1,1.0,2,13055,M,4329190.0,545248.0,13
201200053060,12,2,9,520,2,1,1,1.0,2,13085,M,,,13
201200053061,12,2,9,615,3,1,1,1.0,2,13055,M,4328940.0,544575.0,13
201200053062,12,2,9,1000,1,1,1,1.0,7,13055,M,4328760.0,550206.0,13
201200053063,12,2,10,1455,1,1,1,4.0,6,13071,M,,,13
201200053064,12,2,11,425,3,1,1,8.0,7,13055,M,4328640.0,543323.0,13
201200053065,12,2,11,1625,1,1,1,1.0,7,13005,M,,,13
201200053066,12,2,12,510,3,1,1,1.0,7,13081,M,,,13
201200053067,12,2,12,1202,1,1,1,1.0,2,13019,M,,,13