Num_Acc,an,mois,jour,hrmn,lum,agg,int,atm,col,com,gps,lat,long,dep
201200053068,12,2,15,135,3,1,1,1.0,7,13085,M,,,13
201200053069,12,2,14,1000,1,1,1,1.0,6,13085,M,,,13
201200053070,12,2,16,810,1,1,1,1.0,6,13005,M,,,13
201200053071,12,2,19,1715,1,1,1,1.0,3,13055,M,4328660.0,543440.0,13
201200053072,12,2,24,1705,1,1,1,1.0,2,13005,M,,,13
201200053073,12,2,25,1945,3,1,1,1.0,2,13106,M,,,13
201200053074,12,2,27,1530,1,1,1,1.0,6,13056,M,,,13
201200053075,12,3,2,820,1,1,1,1.0,4,13055,M,,,13
201200053076,12,3,3,2210,3,1,1,1.0,7,13055,M,4328480.0,541854.0,13
201200053077,12,3,7,830,1,1,1,1.0,7,13081,M,,,13
201200053078,12,3,7,2220,3,1,1,1.0,7,13055,M,4328990.0,544682.0,13
201200053079,12,3,7,2250,3,1,1,1.0,2,13055,M,4329110.0,545011.0,13
201200053080,12,3,8,2000,3,1,1,1.0,6,13015,M,,,13
201200053081,12,11,19,1900,3,1,1,1.0,7,13085,M,4326590.0,558727.0,13
201200053082,12,3,9,1135,1,1,1,1.0,7,13001,M,,,13
201200053083,12,3,12,1705,1,1,1,1.0,2,13106,M,,,13
201200053084,12,3,13,1206,1,1,1,1.0,2,13081,M,,,13
201200053085,12,3,13,1125,1,1,1,1.0,4,13055,M,,,13
201200053086,12,3,14,750,1,1,1,1.0,6,13055,M,4329040.0,548811.0,13
201200053087,12,3,13,130,3,1,1,1.0,5,13070,M,,,13
201200053088,12,3,15,1905,3,1,1,1.0,4,13055,M,4336720.0,536074.0,13
201200053089,12,3,16,1710,1,1,1,1.0,3,13055,M,4329110.0,548485.0,13
201200053090,12,3,16,1130,1,1,1,1.0,6,13055,M,4334780.0,537118.0,13
201200053091,12,3,17,1813,1,1,1,1.0,7,13055,M,4335840.0,536246.0,13
201200053092,12,3,18,1940,3,1,1,2.0,2,13015,M,,,13
201200053093,12,3,19,815,1,1,1,1.0,2,13106,M,,,13
201200053094,12,3,19,1040,1,1,1,1.0,3,13071,M,,,13
201200053095,12,3,19,1340,1,1,1,1.0,2,13055,M,4331940.0,537749.0,13
201200053096,12,3,19,1642,1,1,1,1.0,4,13071,M,,,13
201200053097,12,3,19,850,1,1,1,1.0,5,13005,M,,,13
201200053098,12,3,20,800,1,1,1,1.0,6,13055,M,4337470.0,536063.0,13
201200053099,12,3,20,2315,3,1,1,2.0,7,13055,M,4334750.0,534481.0,13
201200053100,12,3,16,1050,1,1,1,1.0,7,13005,M,,,13
201200053101,12,3,23,1600,1,1,1,1.0,4,13055,M,4336080.0,536164.0,13
201200053102,12,3,23,1651,1,1,1,1.0,2,13055,M,4334850.0,537036.0,13
201200053103,12,3,23,1650,1,1,1,1.0,7,13071,M,,,13
201200053104,12,3,29,1648,1,1,1,1.0,4,13070,M,,,13
201200053105,12,3,30,900,1,1,1,1.0,2,13005,M,,,13
201200053106,12,3,30,15,3,1,1,1.0,6,13117,M,,,13
201200053107,12,4,1,1,5,1,1,1.0,6,13015,M,,,13
201200053108,12,4,2,1145,1,1,1,1.0,5,13055,M,4328560.0,542729.0,13
201200053109,12,4,3,1550,1,1,1,1.0,6,13055,M,,,13
201200053110,12,4,5,1700,1,1,1,1.0,4,13071,M,,,13
201200053111,12,3,31,850,1,1,1,1.0,7,13055,M,,,13
201200053112,12,4,7,1537,1,1,1,1.0,4,13106,M,,,13
201200053113,12,4,9,2150,3,1,1,1.0,6,13071,M,,,13
201200053114,12,4,12,1420,1,1,1,1.0,4,13055,M,,,13
201200053115,12,4,12,1740,1,1,1,1.0,3,13015,M,,,13
201200053116,12,4,13,1935,1,1,1,1.0,2,13055,M,,,13
201200053117,12,4,15,1120,1,1,1,1.0,2,13106,M,,,13
201200053118,12,4,19,105,3,1,1,1.0,7,13071,M,,,13
201200053119,12,4,19,1000,1,1,1,1.0,4,13055,M,,,13
201200053120,12,4,20,1355,1,1,1,1.0,7,13033,M,,,13
201200053121,12,4,21,10,3,1,1,1.0,7,13117,M,,,13
201200053122,12,4,21,510,1,1,1,1.0,6,13043,M,,,13
201200053123,12,4,26,1120,1,1,1,1.0,3,13055,M,4335530.0,536356.0,13
201200053124,12,4,26,1855,1,1,1,1.0,4,13055,M,4333610.0,537719.0,13
201200053125,12,4,27,1630,1,1,1,1.0,4,13070,M,,,13
201200053126,12,5,1,1558,1,1,1,1.0,7,13071,M,4340000.0,529920.0,13
201200053127,12,5,2,210,3,1,1,1.0,6,13055,M,4330360.0,537487.0,13
201200053128,12,5,2,1712,1,1,1,1.0,4,13055,M,4332670.0,537833.0,13
201200053129,12,5,3,1039,1,1,1,1.0,6,13001,M,,,13
201200053130,12,5,3,1730,1,1,1,1.0,2,13071,M,,,13
201200053131,12,5,5,1515,1,1,1,1.0,6,13117,M,,,13
201200053132,12,5,2,1722,1,1,1,1.0,2,13001,M,,,13
201200053133,12,5,8,2015,1,1,1,1.0,5,13106,M,,,13
201200053134,12,5,9,1530,1,1,1,1.0,6,13015,M,,,13
201200053135,12,5,10,1903,1,1,1,1.0,7,13055,M,4332570.0,536088.0,13
201200053136,12,5,5,1705,1,1,1,1.0,3,13071,M,,,13
201200053137,12,5,11,1740,1,1,1,1.0,2,13055,M,4335620.0,536318.0,13
201200053138,12,5,13,150,3,1,1,1.0,7,13028,M,,,13
201200053139,12,5,15,844,1,1,1,1.0,2,13081,M,,,13
201200053140,12,5,15,825,1,1,1,1.0,5,13055,M,4329340.0,545659.0,13
201200053141,12,5,12,1730,1,1,1,1.0,2,13005,M,,,13
201200053142,12,5,16,1635,1,1,1,1.0,2,13055,M,,,13
201200053143,12,5,18,1650,1,1,1,1.0,3,13071,M,4340390.0,530652.0,13
201200053144,12,5,18,1730,1,1,1,1.0,6,13005,M,,,13
201200053145,12,5,21,1530,1,1,1,3.0,2,13055,M,4333020.0,535488.0,13
201200053146,12,5,22,1255,1,1,1,3.0,7,13055,M,4333570.0,535303.0,13
201200053147,12,5,22,845,1,1,1,1.0,3,13056,M,,,13
201200053148,12,5,23,927,1,1,1,1.0,4,13055,M,4337840.0,535593.0,13
201200053149,12,5,20,1805,1,1,1,1.0,6,13055,M,4335640.0,534691.0,13
201200053150,12,5,20,1823,1,1,1,1.0,7,13026,M,,,13
201200053151,12,5,24,1715,1,1,1,1.0,6,13055,M,4332210.0,537792.0,13
201200053152,12,5,25,1810,1,1,1,1.0,2,13055,M,4329140.0,548346.0,13
201200053153,12,5,26,2150,3,1,1,1.0,7,13015,M,,,13
201200053154,12,5,28,1945,2,1,1,1.0,2,13055,M,4329070.0,548694.0,13
201200053155,12,5,30,825,1,1,1,1.0,4,13070,M,,,13
201200053156,12,5,30,1830,1,1,1,1.0,2,13055,M,4329160.0,548229.0,13
201200053157,12,5,31,1725,1,1,1,1.0,6,13015,M,,,13
201200053158,12,6,1,1320,1,1,1,1.0,7,13081,M,,,13
201200053159,12,6,1,1930,1,1,1,1.0,2,13070,M,,,13
201200053160,12,6,6,745,1,1,1,1.0,4,13106,M,,,13
201200053161,12,6,1,850,1,1,1,1.0,6,13001,M,,,13
201200053162,12,6,7,856,1,1,1,1.0,4,13005,M,,,13
201200053163,12,6,8,1015,1,1,1,1.0,7,13088,M,,,13
201200053164,12,6,10,320,4,1,1,1.0,2,13055,M,4333790.0,537698.0,13
201200053165,12,6,12,1050,1,1,1,1.0,2,13055,M,4329390.0,547060.0,13
201200053166,12,6,16,740,1,1,1,1.0,2,13071,M,,,13
201200053167,12,6,16,1430,1,1,1,1.0,2,13055,M,4328580.0,542848.0,13
201200053168,12,6,4,1450,1,1,1,1.0,7,13001,M,,,13
201200053169,12,6,18,2200,2,1,1,1.0,2,13055,M,4328830.0,549856.0,13
201200053170,12,6,19,1555,1,1,1,1.0,7,13081,M,,,13
201200053171,12,6,20,1540,1,1,1,1.0,4,13117,M,,,13
201200053172,12,6,23,1500,1,1,1,1.0,7,13081,M,,,13
201200053173,12,6,23,1720,1,1,1,1.0,2,13071,M,,,13
201200053174,12,6,23,1915,1,1,1,1.0,6,13071,M,,,13
201200053175,12,6,19,1850,1,1,1,1.0,4,13055,M,4328940.0,544575.0,13
201200053176,12,6,24,410,3,1,1,1.0,5,13001,M,,,13
201200053177,12,6,24,1530,1,1,1,1.0,6,13071,M,,,13
201200053178,12,6,24,1600,1,1,1,1.0,6,13071,M,,,13
201200053179,12,6,24,1715,1,1,1,1.0,6,13055,M,4329390.0,547061.0,13
201200053180,12,6,25,1430,1,1,1,1.0,7,13022,M,,,13
201200053181,12,6,27,735,1,1,1,1.0,4,13056,M,,,13
201200053182,12,6,28,120,3,1,1,1.0,6,13001,M,,,13
201200053183,12,6,27,955,1,1,1,1.0,7,13001,M,,,13
201200053184,12,6,28,1400,1,1,1,1.0,3,13005,M,,,13
201200053185,12,6,29,2025,1,1,1,1.0,7,13055,M,4333600.0,535246.0,13
201200053186,12,7,1,1545,1,1,1,2.0,7,13055,M,4336540.0,536058.0,13
201200053187,12,7,1,1945,1,1,1,2.0,7,13015,M,,,13
201200053188,12,7,2,300,3,1,1,2.0,3,13071,M,,,13
201200053189,12,7,3,1850,1,1,1,1.0,6,13005,M,,,13
201200053190,12,7,6,2000,1,1,1,1.0,6,13022,M,,,13
201200053191,12,7,9,1745,1,1,1,1.0,6,13055,M,,,13
201200053192,12,7,12,1915,1,1,1,1.0,7,13055,M,4332670.0,537833.0,13
201200053193,12,7,10,1920,1,1,1,1.0,2,13106,M,,,13
201200053194,12,7,9,2108,1,1,1,1.0,7,13055,M,4330030.0,536391.0,13
201200053195,12,7,12,625,1,1,1,1.0,2,13088,M,,,13
201200053196,12,7,12,710,1,1,1,1.0,3,13071,M,,,13
201200053197,12,7,10,1954,1,1,1,1.0,2,13055,M,4334150.0,537649.0,13
201200053198,12,7,6,1505,1,1,1,1.0,6,13001,M,,,13
201200053199,12,7,12,1735,1,1,1,1.0,2,13117,M,,,13
201200053200,12,7,14,1510,1,1,1,1.0,6,13071,M,,,13
201200053201,12,7,15,1925,1,1,1,1.0,4,13071,M,,,13
201200053202,12,7,16,550,2,1,1,1.0,7,13055,M,4329300.0,545550.0,13
201200053203,12,7,17,2010,1,1,1,1.0,4,13055,M,4329350.0,547297.0,13
201200053204,12,7,18,1910,1,1,1,1.0,2,13043,M,,,13
201200053205,12,7,19,1650,1,1,1,1.0,4,13005,M,,,13
201200053206,12,7,19,1830,1,1,1,1.0,7,13055,M,4333190.0,535416.0,13
201200053207,12,7,20,650,1,1,1,1.0,5,13033,M,,,13
201200053208,12,7,20,2014,1,1,1,1.0,4,13056,M,,,13
201200053209,12,7,21,415,3,1,1,1.0,7,13019,M,,,13
201200053210,12,7,22,1855,1,1,1,1.0,2,13055,M,4332210.0,537793.0,13
201200053211,12,7,24,1900,1,1,1,1.0,2,13055,M,4333140.0,537777.0,13
201200053212,12,7,26,610,1,1,1,1.0,2,13005,M,,,13
201200053213,12,8,3,1103,1,1,1,1.0,7,13055,M,4334240.0,537617.0,13
201200053214,12,8,4,545,5,1,1,1.0,7,13001,M,,,13
201200053215,12,8,8,130,3,1,1,1.0,2,13055,M,4332210.0,537792.0,13
201200053216,12,8,3,1740,1,1,1,1.0,2,13106,M,,,13
201200053217,12,8,7,1410,1,1,1,1.0,3,13055,M,4333420.0,537743.0,13
201200053218,12,8,16,1550,1,1,1,1.0,7,13088,M,,,13
201200053219,12,8,16,1700,1,1,1,1.0,4,13056,M,,,13
201200053220,12,8,20,830,1,1,1,1.0,4,13056,M,,,13
201200053221,12,8,21,1800,1,1,1,1.0,6,13001,M,,,13
201200053222,12,8,21,1410,1,1,1,1.0,3,13085,M,,,13
201200053223,12,8,22,1720,1,1,1,1.0,7,13001,M,,,13
201200053224,12,8,22,1945,1,1,1,1.0,4,13055,M,4332950.0,537798.0,13
201200053225,12,8,23,835,1,1,1,1.0,7,13005,M,,,13
201200053226,12,8,25,405,3,1,1,1.0,6,13043,M,,,13
201200053227,12,8,25,1450,1,1,1,1.0,6,13019,M,,,13
201200053228,12,8,28,1805,1,1,1,1.0,4,13081,M,,,13
201200053229,12,8,29,1420,1,1,1,1.0,2,13001,M,,,13
201200053230,12,8,29,1610,1,1,1,1.0,4,13071,M,,,13
201200053231,12,9,1,1520,1,1,1,1.0,4,13019,M,,,13
201200053232,12,9,2,2332,3,1,1,1.0,6,13026,M,,,13
201200053233,12,9,4,645,2,1,1,1.0,3,13055,M,4338290.0,535133.0,13
201200053234,12,9,7,930,1,1,1,1.0,6,13055,M,4329210.0,545301.0,13
201200053235,12,9,8,630,2,1,1,1.0,6,13055,M,4329450.0,546111.0,13
201200053236,12,9,10,910,1,1,1,1.0,2,13081,M,,,13
201200053237,12,9,11,1710,1,1,1,1.0,2,13055,M,4334070.0,537665.0,13
201200053238,12,9,17,35,3,1,1,1.0,7,13071,M,,,13
201200053239,12,9,18,1530,1,1,1,1.0,3,13071,M,,,13
201200053240,12,9,20,900,1,1,1,1.0,7,13055,M,4335530.0,536357.0,13
201200053241,12,9,21,2050,3,1,1,1.0,7,13055,M,4329160.0,548230.0,13
201200053242,12,9,21,2205,3,1,1,1.0,2,13071,M,,,13
201200053243,12,9,22,2330,3,1,1,1.0,6,13117,M,,,13
201200053244,12,9,24,1045,1,1,1,1.0,4,13026,M,,,13
201200053245,12,9,24,1520,1,1,1,1.0,2,13055,M,4338130.0,535202.0,13
201200053246,12,9,25,800,1,1,1,1.0,5,13026,M,,,13
201200053247,12,9,25,1115,1,1,1,1.0,2,13055,M,4331870.0,536686.0,13
201200053248,12,9,27,1610,1,1,1,1.0,6,13071,M,,,13
201200053249,12,9,28,1910,2,1,1,2.0,2,13071,M,,,13
201200053250,12,9,29,1505,1,1,1,8.0,6,13071,M,,,13
201200053251,12,9,29,2000,3,1,1,2.0,5,13055,M,4336080.0,536164.0,13
201200053252,12,9,29,1330,1,1,1,3.0,6,13085,M,,,13
201200053253,12,10,2,1620,1,1,1,1.0,5,13005,M,,,13
201200053254,12,10,2,1735,1,1,1,1.0,2,13055,M,4329450.0,546112.0,13
201200053255,12,10,4,830,1,1,1,1.0,4,13070,M,,,13
201200053256,12,10,6,120,3,1,1,1.0,2,13005,M,,,13
201200053257,12,10,8,1545,1,1,1,1.0,7,13056,M,,,13
201200053258,12,10,8,1800,1,1,1,1.0,4,13055,M,4337290.0,536121.0,13
201200053259,12,10,9,1230,1,1,1,1.0,7,13088,M,,,13
201200053260,12,9,25,154,3,1,1,1.0,7,13071,M,,,13
201200053261,12,10,9,1650,1,1,1,1.0,7,13055,M,4335690.0,536294.0,13
201200053262,12,10,9,1955,3,1,1,1.0,6,13005,M,,,13
201200053263,12,10,10,700,1,1,1,1.0,3,13015,M,,,13
201200053264,12,10,10,1830,1,1,1,1.0,7,13070,M,4328700.0,550576.0,13
201200053265,12,10,10,1915,3,1,1,1.0,4,13081,M,,,13
201200053266,12,10,11,1010,1,1,1,1.0,4,13055,M,4328560.0,542729.0,13
201200053267,12,10,12,2140,3,1,1,1.0,2,13056,M,4365750.0,549615.0,13
201200053268,12,10,13,1955,4,1,1,1.0,4,13055,M,4329380.0,547120.0,13
201200053269,12,10,3,1810,1,1,1,1.0,7,13215,M,,,13
201200053270,12,10,14,1530,1,1,1,2.0,6,13055,M,,,13
201200053271,12,10,15,30,3,1,1,1.0,7,13071,M,,,13
201200053272,12,10,15,1840,1,1,1,1.0,6,13117,M,,,13
201200053273,12,10,16,2035,3,1,1,1.0,3,13117,M,,,13
201200053274,12,10,19,1435,1,1,1,1.0,2,13055,M,,,13
201200053275,12,10,20,2030,5,1,1,1.0,3,13055,M,4328440.0,541531.0,13
201200053276,12,10,20,2015,3,1,1,1.0,4,13022,M,4322340.0,558173.0,13
201200053277,12,10,21,1100,1,1,1,1.0,2,13055,M,4328380.0,540275.0,13
201200053278,12,10,21,440,3,1,1,1.0,7,13071,M,,,13
201200053279,12,10,21,2010,5,1,1,2.0,4,13055,M,4332030.0,537764.0,13
201200053280,12,10,23,2335,3,1,1,1.0,6,13055,M,4338130.0,535202.0,13
201200053281,12,10,24,2000,3,1,1,1.0,4,13001,M,,,13
201200053282,12,10,13,630,3,1,1,1.0,3,13055,M,4337280.0,536122.0,13
201200053283,12,10,25,1130,1,1,1,1.0,3,13001,M,,,13
201200053284,12,10,26,1600,1,1,1,3.0,6,13055,M,4333190.0,535416.0,13
201200053285,12,10,26,1605,1,1,1,3.0,6,13026,M,4340280.0,511107.0,13
201200053286,12,10,26,2315,3,1,1,8.0,6,13055,M,4334750.0,534481.0,13
201200053287,12,10,27,1500,1,1,1,1.0,5,13056,M,,,13
201200053288,12,10,27,1700,1,1,1,1.0,4,13055,M,4328560.0,542729.0,13
201200053289,12,10,27,1705,1,1,1,1.0,2,13071,M,0.0,0.0,13
201200053290,12,10,28,350,3,1,1,6.0,7,13005,M,,,13
201200053291,12,10,30,845,1,1,1,1.0,4,13001,M,,,13
201200053292,12,10,30,1430,1,1,1,1.0,6,13001,M,4351010.0,541663.0,13
201200053293,12,11,1,805,1,1,1,1.0,2,13117,M,4345300.0,523744.0,13
201200053294,12,10,29,1820,3,1,1,1.0,3,13055,M,4328460.0,541171.0,13
201200053295,12,11,2,1047,1,1,1,1.0,2,13055,M,,,13
201200053296,12,11,3,340,5,1,1,1.0,2,13015,M,4343060.0,539184.0,13
201200053297,12,11,2,1315,1,1,1,1.0,2,13005,M,4327580.0,558784.0,13
201200053298,12,11,3,600,2,1,1,2.0,2,13026,M,4340160.0,510518.0,13
201200053299,12,11,4,1740,5,1,1,2.0,6,13056,M,4339890.0,504514.0,13
201200053300,12,11,4,2035,3,1,1,2.0,6,13081,M,4349620.0,523935.0,13
201200053301,12,11,5,650,2,1,1,1.0,6,13005,M,4328740.0,554037.0,13
201200053302,12,11,5,1630,1,1,1,1.0,7,13033,M,4337440.0,519702.0,13
201200053303,12,11,2,1455,1,1,1,1.0,5,13071,M,4341140.0,528305.0,13
201200053304,12,11,8,850,1,1,1,1.0,2,13071,M,4340890.0,528637.0,13
201200053305,12,11,8,845,1,1,1,1.0,3,13055,M,4328480.0,541888.0,13
201200053306,12,11,8,1710,2,1,1,1.0,2,13117,M,4344520.0,524320.0,13
201200053307,12,11,8,1810,3,1,1,1.0,2,13055,M,4336660.0,533301.0,13
201200053308,12,11,8,1005,1,1,1,1.0,2,13055,M,4337000.0,536108.0,13
201200053309,12,11,9,1835,3,1,1,1.0,5,13071,M,4340450.0,531674.0,13
201200053310,12,11,10,1515,1,1,1,2.0,6,13019,M,4342000.0,536767.0,13
201200053311,12,11,10,2110,3,1,1,2.0,6,13071,M,4341850.0,536634.0,13
201200053312,12,11,11,40,3,1,1,2.0,6,13055,M,4334750.0,534481.0,13
201200053313,12,11,11,2055,3,1,1,8.0,6,13055,M,4332350.0,537770.0,13
201200053314,12,11,13,714,1,1,1,1.0,2,13055,M,4329210.0,547996.0,13
201200053315,12,11,10,1550,1,1,1,3.0,7,13071,M,4339190.0,527389.0,13
201200053316,12,11,14,1740,1,1,1,1.0,4,13117,M,4342260.0,526731.0,13
201200053317,12,11,14,1815,3,1,1,1.0,5,13071,M,4341650.0,527607.0,13
201200053318,12,11,15,550,3,1,1,1.0,6,13005,M,4328600.0,552993.0,13
201200053319,12,11,15,905,1,1,1,1.0,4,13070,M,4328620.0,550973.0,13
201200053320,12,11,15,855,1,1,1,1.0,4,13070,M,4328630.0,550916.0,13
201200053321,12,11,15,1930,3,1,1,1.0,6,13055,M,4336770.0,536081.0,13
201200053322,12,11,16,810,1,1,1,1.0,2,13056,M,4341090.0,503146.0,13
201200053323,12,11,15,1810,5,1,1,1.0,2,13055,M,4336540.0,536058.0,13
201200053324,12,11,19,630,3,1,1,1.0,6,13026,M,4339820.0,512108.0,13
201200053325,12,11,16,1820,3,1,1,1.0,2,13117,M,4343840.0,525112.0,13
201200053326,12,11,19,2150,3,1,1,1.0,7,13070,M,4328520.0,551676.0,13
201200053327,12,11,21,600,4,1,1,1.0,7,13071,M,4341210.0,528212.0,13
201200053328,12,11,21,645,3,1,1,1.0,6,13056,M,4340200.0,504256.0,13
201200053329,12,11,21,2000,3,1,1,1.0,2,13055,M,4330360.0,537487.0,13
201200053330,12,11,22,830,1,1,1,1.0,2,13055,M,4336730.0,536074.0,13
201200053331,12,11,21,1815,3,1,1,1.0,2,13055,M,4334850.0,537036.0,13
201200053332,12,11,23,1540,1,1,1,1.0,3,13106,M,4339580.0,535171.0,13
201200053333,12,11,23,1851,3,1,1,1.0,6,13071,M,4341210.0,528212.0,13
201200053334,12,11,23,1135,1,1,1,1.0,3,13106,M,4339050.0,535105.0,13
201200053335,12,11,24,220,3,1,1,1.0,6,13071,M,4341770.0,536573.0,13
201200053336,12,11,25,410,3,1,1,1.0,2,13026,M,4337440.0,517906.0,13
201200053337,12,11,25,1642,1,1,1,1.0,6,13001,M,4351680.0,543149.0,13
201200053338,12,11,25,1915,3,1,1,1.0,5,13071,M,4340970.0,536378.0,13
201200053339,12,11,26,1840,3,1,1,2.0,7,13055,M,4330030.0,536391.0,13
201200053340,12,11,25,2130,3,1,1,1.0,7,13019,M,4342340.0,537352.0,13
201200053341,12,11,28,1430,1,1,1,3.0,6,13088,M,4339160.0,525762.0,13
201200053342,12,11,27,1017,1,1,1,2.0,4,13005,M,4328520.0,551719.0,13
201200053343,12,11,27,2200,3,1,1,3.0,3,13019,M,4342440.0,537546.0,13
201200053344,12,12,3,721,1,1,1,1.0,5,13106,M,,,13
201200053345,12,11,28,1900,3,1,1,1.0,2,13071,M,4340600.0,529277.0,13
201200053346,12,12,3,450,3,1,1,1.0,5,13117,M,4346160.0,523484.0,13
201200053347,12,12,4,1822,4,1,1,1.0,2,13055,M,4333190.0,535416.0,13
201200053348,12,12,5,800,1,1,1,1.0,2,13055,M,4333460.0,537741.0,13
201200053349,12,12,8,730,2,1,1,8.0,7,13088,M,4339140.0,526862.0,13
201200053350,12,12,9,15,3,1,1,1.0,6,13019,M,4342440.0,537546.0,13
201200053351,12,12,9,100,3,1,1,1.0,2,13005,M,4328720.0,553884.0,13
201200053352,12,12,11,1800,5,1,1,1.0,4,13106,M,4339050.0,535105.0,13
201200053353,12,12,12,1730,3,1,1,1.0,4,13071,M,4340270.0,534558.0,13
201200053354,12,12,12,1830,3,1,1,1.0,2,13055,M,4329250.0,547762.0,13
201200053355,12,12,12,1900,3,1,1,1.0,2,13055,M,4336540.0,536058.0,13
201200053356,12,12,13,1915,3,1,1,1.0,2,13055,M,4328540.0,542546.0,13
201200053357,12,12,14,1450,1,1,1,1.0,7,13071,M,4339940.0,529219.0,13
201200053358,12,12,14,1725,3,1,1,2.0,4,13055,M,4336730.0,536074.0,13
201200053359,12,12,14,1820,5,1,1,2.0,5,13055,M,4328470.0,540959.0,13
201200053360,12,12,15,25,3,1,9,1.0,4,13015,M,4346410.0,540690.0,13
201200053361,12,12,15,1042,1,1,1,1.0,6,13055,M,,,13
201200053362,12,12,18,1010,1,1,1,1.0,7,13055,M,4331590.0,536489.0,13
201200053363,12,12,18,1015,1,1,1,1.0,4,13070,M,4328610.0,551030.0,13
201200053364,12,12,18,1530,1,1,1,1.0,2,13106,M,4340270.0,535650.0,13
201200053365,12,12,18,1820,3,1,1,1.0,4,13055,M,4330360.0,537487.0,13
201200053366,12,12,19,840,1,1,1,1.0,4,13055,M,4334570.0,537367.0,13
201200053367,12,12,21,750,2,1,1,1.0,6,13055,M,4328710.0,543793.0,13
201200053368,12,12,22,950,1,1,1,1.0,6,13026,M,4337480.0,517795.0,13
201200053369,12,12,21,220,3,1,1,1.0,7,13085,M,4326640.0,558729.0,13
201200053370,12,12,21,1600,1,1,1,1.0,7,13026,M,4337360.0,518368.0,13
201200053371,12,12,21,1810,3,1,1,1.0,2,13001,M,4352720.0,542681.0,13
201200053372,12,12,22,1630,1,1,1,1.0,4,13117,M,4342400.0,526578.0,13
201200053373,12,12,21,1630,1,1,1,1.0,5,13117,M,4342400.0,526577.0,13
201200053374,12,12,17,1815,3,1,1,1.0,2,13117,M,4346170.0,523483.0,13
201200053375,12,12,22,913,2,1,1,1.0,7,13015,M,4343510.0,539555.0,13
201200053376,12,12,25,2130,3,1,1,1.0,2,13026,M,4338420.0,515174.0,13
201200053377,12,12,26,750,1,1,1,1.0,1,13088,M,4338720.0,524241.0,13
201200053378,12,12,26,1235,1,1,1,1.0,2,13055,M,4333640.0,535140.0,13
201200053379,12,12,26,1850,3,1,1,1.0,4,13055,M,4330420.0,537498.0,13
201200053380,12,12,27,1230,1,1,1,1.0,6,13005,M,4328830.0,554706.0,13
201200053381,12,12,29,1830,3,1,1,1.0,2,13055,M,4329370.0,547179.0,13
201200053382,12,10,31,1130,1,1,1,2.0,4,13070,M,4339420.0,558291.0,13
201200053383,12,9,27,1920,1,1,1,1.0,2,13055,M,4330360.0,537487.0,13
201200053384,12,11,13,1222,1,1,1,1.0,3,13056,M,4340120.0,504322.0,13
201200053385,12,1,3,1810,2,1,1,1.0,7,13022,M,,,13
201200053386,12,1,17,1120,1,1,1,1.0,7,13055,M,4333190.0,535416.0,13
201200053387,12,1,23,1215,1,1,1,1.0,2,13211,M,,,13
201200053388,12,2,1,610,3,1,1,2.0,2,13055,M,4337540.0,536020.0,13
201200053389,12,2,2,205,3,1,1,2.0,6,13055,M,4328700.0,550546.0,13
201200053390,12,2,15,325,3,1,1,1.0,7,13005,M,,,13
201200053391,12,2,21,950,1,1,1,1.0,4,13055,M,,,13
201200053392,12,3,13,2135,3,1,1,1.0,3,13055,M,4334070.0,537665.0,13
201200053393,12,3,28,750,1,1,1,1.0,2,13055,M,4333880.0,537688.0,13
201200053394,12,4,1,50,3,1,1,1.0,5,13055,M,4328680.0,543618.0,13
201200053395,12,4,4,1100,1,1,1,8.0,2,13026,M,,,13
201200053396,12,4,12,635,1,1,1,1.0,7,13015,M,,,13
201200053397,12,4,14,2140,5,1,1,1.0,2,13055,M,,,13
201200053398,12,4,14,1250,1,1,1,1.0,2,13211,M,,,13
201200053399,12,4,18,715,1,1,1,1.0,4,13071,M,,,13
201200053400,12,5,12,1110,1,1,1,1.0,6,13001,M,,,13
201200053401,12,5,20,2150,3,1,1,3.0,7,13085,M,,,13
201200053402,12,5,26,2120,3,1,1,1.0,6,13071,M,,,13
201200053403,12,6,18,710,1,1,1,1.0,4,13071,M,,,13
201200053404,12,6,19,1600,1,1,1,1.0,7,13055,M,4331980.0,537090.0,13
201200053405,12,6,20,900,1,1,1,8.0,4,13015,M,,,13
201200053406,12,6,22,729,1,1,1,1.0,6,13055,M,4338170.0,535182.0,13
201200053407,12,6,26,917,1,1,1,1.0,2,13015,M,,,13
201200053408,12,6,28,1655,1,1,1,1.0,2,13055,M,4336900.0,532511.0,13
201200053409,12,7,8,2125,1,1,1,1.0,6,13026,M,,,13
201200053410,12,7,8,2340,3,1,1,1.0,3,13106,M,,,13
201200053411,12,7,11,110,3,1,1,1.0,7,13055,M,4329070.0,548694.0,13
201200053412,12,7,20,230,3,1,1,1.0,6,13055,M,4337000.0,536108.0,13
201200053413,12,7,22,415,3,1,1,1.0,5,13019,M,,,13