Num_Acc,an,mois,jour,hrmn,lum,agg,int,atm,col,com,gps,lat,long,dep
201200053414,12,7,24,2050,2,1,1,1.0,2,13055,M,4328450.0,541231.0,13
201200053415,12,7,25,311,3,1,1,1.0,1,13117,M,,,13
201200053416,12,7,30,940,1,1,1,1.0,4,13055,M,4333040.0,537788.0,13
201200053417,12,8,14,1029,1,1,1,1.0,2,13056,M,,,13
201200053418,12,8,16,2045,1,1,1,1.0,5,13055,M,4335370.0,536482.0,13
201200053419,12,8,25,2047,5,1,1,1.0,3,13055,M,4328380.0,540250.0,13
201200053420,12,8,28,320,3,1,1,1.0,2,13019,M,,,13
201200053421,12,9,11,2326,5,1,1,1.0,2,13055,M,4329430.0,545994.0,13
201200053422,12,9,16,1540,1,1,1,1.0,6,13055,M,4332990.0,535516.0,13
201200053423,12,9,19,1845,1,1,1,1.0,2,13056,M,,,13
201200053424,12,9,21,2218,5,1,1,1.0,3,13055,M,,,13
201200053425,12,9,24,1105,1,1,1,1.0,3,13056,M,,,13
201200053426,12,9,27,845,1,1,1,1.0,2,13005,M,,,13
201200053427,12,9,29,710,3,1,1,2.0,6,13117,M,,,13
201200053428,12,10,3,1100,1,1,1,1.0,4,13071,M,,,13
201200053429,12,10,4,1949,3,1,1,1.0,4,13081,M,,,13
201200053430,12,10,6,600,5,1,1,1.0,6,13055,M,4329340.0,545656.0,13
201200053431,12,10,7,1500,1,1,1,1.0,2,13005,M,4327830.0,558534.0,13
201200053432,12,10,8,1935,3,1,1,1.0,2,13214,M,4333140.0,537776.0,13
201200053433,12,10,10,1630,1,1,1,1.0,4,13088,M,,,13
201200053434,12,10,12,2145,3,1,1,1.0,2,13056,M,,,13
201200053435,12,10,12,1345,1,1,1,1.0,3,13106,M,,,13
201200053436,12,10,18,1530,1,1,1,1.0,6,13055,M,4328370.0,540227.0,13
201200053437,12,10,18,1705,1,1,1,1.0,2,13005,M,,,13
201200053438,12,10,19,1405,1,1,1,6.0,6,13055,M,4332350.0,537770.0,13
201200053439,12,10,19,1620,1,1,1,1.0,2,13071,M,4341210.0,528208.0,13
201200053440,12,10,24,1855,3,1,1,1.0,3,13055,M,4329030.0,544790.0,13
201200053441,12,10,26,1450,1,1,1,3.0,2,13071,M,,,13
201200053442,12,11,1,800,1,1,1,1.0,7,13015,M,4346480.0,540707.0,13
201200053443,12,11,9,700,1,1,1,1.0,6,13071,M,4340960.0,536375.0,13
201200053444,12,11,12,1,3,1,1,8.0,6,13071,M,4341990.0,536759.0,13
201200053445,12,11,17,515,3,1,1,1.0,6,13117,M,4343630.0,525340.0,13
201200053446,12,11,25,605,3,1,1,2.0,6,13055,M,4334340.0,534741.0,13
201200053447,12,11,23,1800,3,1,1,1.0,3,13005,M,4328490.0,552010.0,13
201200053448,12,11,27,1000,1,1,1,2.0,6,13019,M,4342030.0,536808.0,13
201200053449,12,11,30,1620,1,1,1,1.0,2,13055,M,4337810.0,535647.0,13
201200053450,12,12,2,240,3,1,1,1.0,6,13070,M,4328590.0,551143.0,13
201200053451,12,12,2,315,5,1,1,1.0,6,13055,M,4334750.0,534481.0,13
201200053452,12,12,3,1725,1,1,1,1.0,2,13019,M,4341670.0,536533.0,13
201200053453,12,12,4,1230,1,1,9,1.0,7,13055,M,4335940.0,536216.0,13
201200053454,12,12,5,1250,1,1,1,1.0,2,13055,M,4333460.0,535395.0,13
201200053455,12,12,7,630,3,1,1,1.0,6,13055,M,4332210.0,537792.0,13
201200053456,12,12,9,534,3,1,1,1.0,2,13117,M,4344660.0,524179.0,13
201200053457,12,12,13,630,3,1,1,1.0,6,13055,M,4333900.0,534844.0,13
201200053458,12,12,29,600,3,1,1,1.0,2,13055,M,4333790.0,537698.0,13
201200053459,12,12,28,1445,1,1,1,1.0,2,13071,M,4341850.0,536634.0,13
201200053460,12,1,2,1245,1,2,3,1.0,3,75101,M,,,75
201200053461,12,1,4,1555,1,2,2,2.0,3,75101,M,,,75
201200053462,12,1,6,645,5,2,2,1.0,3,75101,M,,,75
201200053463,12,1,6,815,2,2,5,1.0,3,75101,M,,,75
201200053464,12,1,8,1900,5,2,5,1.0,3,75101,M,,,75
201200053465,12,1,9,2340,5,2,1,1.0,6,75101,M,,,75
201200053466,12,1,19,815,1,2,3,8.0,2,75101,M,,,75
201200053467,12,1,19,935,1,2,2,2.0,3,75101,M,,,75
201200053468,12,1,20,1155,1,2,3,2.0,3,75101,M,,,75
201200053469,12,1,20,1745,5,2,2,2.0,6,75101,M,,,75
201200053470,12,1,23,10,5,2,2,1.0,4,75101,M,,,75
201200053471,12,1,23,920,1,2,2,1.0,6,75101,M,,,75
201200053472,12,1,23,1550,1,2,3,8.0,3,75101,M,,,75
201200053473,12,1,24,1915,5,2,2,2.0,6,75101,M,,,75
201200053474,12,2,7,1930,5,2,1,1.0,3,75101,M,,,75
201200053475,12,2,13,915,1,2,4,1.0,6,75101,M,,,75
201200053476,12,2,14,1010,1,2,4,1.0,3,75101,M,,,75
201200053477,12,2,15,1105,1,2,7,1.0,6,75101,M,,,75
201200053478,12,2,16,1545,1,2,1,8.0,6,75101,M,,,75
201200053479,12,2,24,1415,1,2,3,1.0,3,75101,M,,,75
201200053480,12,2,29,2000,5,2,2,1.0,6,75101,M,,,75
201200053481,12,3,1,1320,1,2,2,8.0,3,75101,M,,,75
201200053482,12,3,5,1845,5,2,1,2.0,6,75101,M,,,75
201200053483,12,3,7,1540,1,2,2,2.0,6,75101,M,,,75
201200053484,12,3,8,845,1,2,3,1.0,2,75101,M,,,75
201200053485,12,3,12,845,1,2,2,1.0,2,75101,M,,,75
201200053486,12,3,14,1615,1,2,3,1.0,6,75101,M,,,75
201200053487,12,3,15,1300,1,2,1,1.0,2,75101,M,,,75
201200053488,12,3,15,1710,1,2,2,1.0,6,75101,M,,,75
201200053489,12,3,26,1905,1,2,1,1.0,3,75101,M,,,75
201200053490,12,3,27,50,5,2,1,1.0,3,75101,M,,,75
201200053491,12,3,27,1850,1,2,3,1.0,6,75101,M,,,75
201200053492,12,3,29,1810,1,2,2,1.0,6,75101,M,,,75
201200053493,12,3,31,1300,1,2,1,1.0,6,75101,M,,,75
201200053494,12,4,1,1200,1,2,2,1.0,6,75101,M,,,75
201200053495,12,4,1,1455,1,2,3,1.0,4,75101,M,,,75
201200053496,12,4,2,1520,1,2,2,1.0,3,75101,M,,,75
201200053497,12,4,3,2110,3,2,2,1.0,3,75101,M,,,75
201200053498,12,4,7,1620,1,2,7,1.0,7,75101,M,,,75
201200053499,12,4,9,1745,1,2,3,2.0,6,75101,M,,,75
201200053500,12,4,10,1,5,2,7,2.0,3,75101,M,,,75
201200053501,12,4,12,1830,1,2,2,1.0,6,75101,M,,,75
201200053502,12,4,19,440,5,2,4,1.0,6,75101,M,,,75
201200053503,12,4,19,1720,1,2,1,2.0,6,75101,M,,,75
201200053504,12,4,24,1910,1,2,5,1.0,2,75101,M,,,75
201200053505,12,5,2,1407,1,2,3,2.0,6,75101,M,,,75
201200053506,12,5,9,1015,1,2,7,1.0,6,75101,M,,,75
201200053507,12,5,10,1245,1,2,1,1.0,4,75101,M,,,75
201200053508,12,5,10,1500,1,2,7,1.0,6,75101,M,,,75
201200053509,12,5,11,855,1,2,7,2.0,6,75101,M,,,75
201200053510,12,5,11,915,1,2,1,2.0,7,75101,M,,,75
201200053511,12,5,11,1650,1,2,2,2.0,6,75101,M,,,75
201200053512,12,5,13,2,4,2,2,1.0,3,75101,M,,,75
201200053513,12,5,15,1450,1,2,4,8.0,4,75101,M,,,75
201200053514,12,5,16,1310,1,2,3,1.0,6,75101,M,,,75
201200053515,12,5,24,730,1,2,2,1.0,3,75101,M,,,75
201200053516,12,5,29,1445,1,2,1,1.0,6,75101,M,,,75
201200053517,12,5,30,1020,1,2,5,1.0,3,75101,M,,,75
201200053518,12,5,31,1145,1,2,1,1.0,2,75101,M,,,75
201200053519,12,6,1,2100,1,2,1,1.0,7,75101,M,,,75
201200053520,12,6,8,1315,1,2,2,1.0,6,75101,M,,,75
201200053521,12,6,13,1750,1,2,2,2.0,2,75101,M,,,75
201200053522,12,6,16,1820,1,2,2,1.0,3,75101,M,,,75
201200053523,12,6,17,1545,1,2,5,1.0,2,75101,M,,,75
201200053524,12,6,19,1425,1,2,5,8.0,2,75101,M,,,75
201200053525,12,6,20,1820,1,2,7,1.0,6,75101,M,,,75
201200053526,12,6,21,1324,1,2,3,1.0,2,75101,M,,,75
201200053527,12,6,22,1400,1,2,2,1.0,6,75101,M,,,75
201200053528,12,6,27,1325,1,2,2,1.0,6,75101,M,,,75
201200053529,12,6,27,2000,2,2,1,1.0,2,75101,M,,,75
201200053530,12,7,3,805,1,2,1,1.0,3,75101,M,,,75
201200053531,12,7,3,1525,1,2,5,1.0,6,75101,M,,,75
201200053532,12,7,6,350,5,2,2,1.0,3,75101,M,,,75
201200053533,12,7,6,1955,1,2,7,1.0,3,75101,M,,,75
201200053534,12,7,6,1900,1,2,2,1.0,6,75104,M,,,75
201200053535,12,7,9,810,1,2,1,1.0,7,75108,M,,,75
201200053536,12,7,11,1700,1,2,3,2.0,3,75101,M,,,75
201200053537,12,7,12,2130,5,2,7,3.0,3,75101,M,,,75
201200053538,12,7,13,1230,1,2,3,2.0,2,75101,M,,,75
201200053539,12,7,15,445,2,2,7,1.0,6,75101,M,,,75
201200053540,12,7,19,1400,1,2,1,1.0,3,75101,M,,,75
201200053541,12,7,21,1740,1,2,7,1.0,2,75101,M,,,75
201200053542,12,7,23,1315,1,2,5,1.0,2,75101,M,,,75
201200053543,12,7,28,2050,2,2,1,1.0,3,75108,M,,,75
201200053544,12,8,1,1137,1,2,2,1.0,7,75101,M,,,75
201200053545,12,8,8,1810,1,2,1,1.0,4,75101,M,,,75
201200053546,12,8,8,1845,1,2,7,1.0,6,75101,M,,,75
201200053547,12,8,11,2220,5,2,3,1.0,3,75101,M,,,75
201200053548,12,8,14,1610,1,2,3,1.0,6,75101,M,,,75
201200053549,12,8,20,845,1,2,3,1.0,3,75101,M,,,75
201200053550,12,8,25,1845,1,2,2,1.0,3,75101,M,,,75
201200053551,12,8,29,1035,1,2,2,7.0,3,75101,M,,,75
201200053552,12,8,30,925,1,2,2,1.0,6,75101,M,,,75
201200053553,12,9,3,820,1,2,1,2.0,6,75101,M,,,75
201200053554,12,9,5,230,5,2,1,1.0,7,75101,M,,,75
201200053555,12,9,5,1420,1,2,1,1.0,7,75101,M,,,75
201200053556,12,9,7,1545,1,2,3,1.0,6,75101,M,,,75
201200053557,12,9,9,830,2,2,1,1.0,7,75101,M,,,75
201200053558,12,9,10,1420,1,2,2,1.0,3,75101,M,,,75
201200053559,12,9,14,2155,5,2,3,1.0,7,75101,M,,,75
201200053560,12,9,16,2030,3,2,2,1.0,3,75101,M,,,75
201200053561,12,9,17,1540,1,2,3,1.0,6,75101,M,,,75
201200053562,12,9,18,1045,1,2,1,1.0,7,75101,M,,,75
201200053563,12,9,19,1205,1,2,3,7.0,6,75101,M,,,75
201200053564,12,9,19,1805,1,2,3,1.0,2,75101,M,,,75
201200053565,12,9,20,30,5,2,2,1.0,6,75101,M,,,75
201200053566,12,9,21,725,1,2,5,8.0,3,75101,M,,,75
201200053567,12,9,24,2208,5,2,2,2.0,3,75101,M,,,75
201200053568,12,9,26,1645,1,2,1,2.0,4,75108,M,,,75
201200053569,12,9,26,2010,5,2,1,3.0,6,75101,M,,,75
201200053570,12,9,30,25,5,2,2,1.0,3,75101,M,,,75
201200053571,12,10,2,1905,1,2,2,1.0,2,75101,M,,,75
201200053572,12,10,4,600,5,2,2,3.0,2,75101,M,,,75
201200053573,12,10,8,1710,1,2,1,2.0,6,75104,M,,,75
201200053574,12,10,9,25,5,2,1,2.0,3,75104,M,,,75
201200053575,12,10,12,1252,1,2,4,1.0,6,75101,M,,,75
201200053576,12,10,16,1015,1,2,7,2.0,7,75101,M,,,75
201200053577,12,10,24,1000,1,2,7,1.0,6,75101,M,,,75
201200053578,12,10,24,1040,1,2,2,1.0,6,75101,M,,,75
201200053579,12,10,27,1550,1,2,1,2.0,6,75101,M,,,75
201200053580,12,10,28,1630,1,2,1,1.0,6,75101,M,,,75
201200053581,12,10,30,1305,1,2,1,1.0,2,75101,M,,,75
201200053582,12,11,2,1625,1,2,2,1.0,7,75101,M,,,75
201200053583,12,11,6,1435,1,2,2,1.0,3,75101,M,,,75
201200053584,12,11,6,1830,5,2,1,1.0,3,75101,M,,,75
201200053585,12,11,7,955,1,2,2,1.0,3,75109,M,,,75
201200053586,12,11,7,1240,1,2,1,1.0,6,75101,M,,,75
201200053587,12,11,7,1600,1,2,3,1.0,6,75101,M,,,75
201200053588,12,11,10,2000,5,2,4,1.0,3,75109,M,,,75
201200053589,12,11,11,350,5,2,3,3.0,4,75101,M,,,75
201200053590,12,11,11,1920,5,2,2,1.0,6,75101,M,,,75
201200053591,12,11,16,1400,1,2,3,8.0,6,75101,M,,,75
201200053592,12,11,15,1245,1,2,5,1.0,3,75109,M,,,75
201200053593,12,11,20,915,1,2,7,1.0,6,75101,M,,,75
201200053594,12,11,22,1000,1,2,1,1.0,7,75101,M,,,75
201200053595,12,11,25,1720,5,2,2,1.0,2,75101,M,,,75
201200053596,12,11,26,925,1,2,3,1.0,2,75101,M,,,75
201200053597,12,11,27,1130,1,2,1,2.0,2,75101,M,,,75
201200053598,12,11,29,625,5,2,2,1.0,3,75101,M,,,75
201200053599,12,11,30,1810,5,2,1,1.0,2,75109,M,,,75
201200053600,12,12,1,2230,5,2,5,2.0,6,75101,M,,,75
201200053601,12,12,2,1900,5,2,5,8.0,3,75101,M,,,75
201200053602,12,12,3,1545,1,2,2,8.0,6,75101,M,,,75
201200053603,12,12,4,1810,5,2,1,2.0,2,75116,M,,,75
201200053604,12,12,5,1720,2,2,3,2.0,6,75101,M,,,75
201200053605,12,12,5,2100,5,2,2,1.0,3,75101,M,,,75
201200053606,12,12,6,1920,5,2,1,1.0,2,75101,M,,,75
201200053607,12,12,9,2005,5,2,1,2.0,6,75101,M,,,75
201200053608,12,12,11,800,1,2,1,1.0,6,75101,M,,,75
201200053609,12,12,11,1200,1,2,1,1.0,2,75101,M,,,75
201200053610,12,12,14,530,5,2,3,1.0,3,75102,M,,,75
201200053611,12,12,15,2029,5,2,1,3.0,6,75101,M,,,75
201200053612,12,12,17,850,1,2,2,8.0,3,75101,M,,,75
201200053613,12,12,18,1345,1,2,3,1.0,6,75101,M,,,75
201200053614,12,12,18,1639,5,2,1,1.0,6,75101,M,,,75
201200053615,12,12,21,1840,5,2,5,2.0,6,75101,M,,,75
201200053616,12,12,24,1230,1,2,4,1.0,6,75101,M,,,75
201200053617,12,12,24,1715,5,2,7,1.0,6,75101,M,,,75
201200053618,12,12,28,525,5,2,1,2.0,6,75101,M,,,75
201200053619,12,12,30,1730,5,2,5,1.0,6,75104,M,,,75
201200053620,12,12,30,2040,5,2,2,1.0,6,75101,M,,,75
201200053621,12,1,3,1020,1,2,2,8.0,6,75102,M,,,75
201200053622,12,1,7,1040,1,2,2,2.0,3,75102,M,,,75
201200053623,12,1,9,1725,5,2,1,1.0,6,75102,M,,,75
201200053624,12,2,7,850,1,2,7,1.0,3,75102,M,,,75
201200053625,12,2,8,1610,1,2,2,1.0,3,75102,M,,,75
201200053626,12,2,8,1840,5,2,2,1.0,3,75102,M,,,75
201200053627,12,2,13,2035,5,2,2,2.0,3,75102,M,,,75
201200053628,12,2,14,1810,5,2,2,1.0,6,75102,M,,,75
201200053629,12,2,21,244,3,2,7,1.0,6,75104,M,,,75
201200053630,12,2,28,1110,1,2,2,1.0,6,75102,M,,,75
201200053631,12,2,28,2105,5,2,5,1.0,6,75102,M,,,75
201200053632,12,3,1,1,5,2,2,1.0,3,75102,M,,,75
201200053633,12,3,3,15,5,2,5,1.0,6,75102,M,,,75
201200053634,12,3,6,1930,5,2,7,1.0,3,75102,M,,,75
201200053635,12,3,8,1105,1,2,1,1.0,6,75102,M,,,75
201200053636,12,3,9,1110,1,2,1,1.0,3,75102,M,,,75
201200053637,12,3,10,2020,5,2,2,1.0,6,75102,M,,,75
201200053638,12,3,13,2230,5,2,2,1.0,2,75102,M,,,75
201200053639,12,3,15,1210,1,2,2,1.0,3,75102,M,,,75
201200053640,12,3,15,2005,2,2,7,1.0,2,75102,M,,,75
201200053641,12,3,19,145,5,2,2,2.0,3,75102,M,,,75
201200053642,12,3,19,1040,1,2,5,1.0,6,75101,M,,,75
201200053643,12,3,21,1127,1,2,1,1.0,6,75102,M,,,75
201200053644,12,3,26,1700,1,2,5,1.0,7,75102,M,,,75
201200053645,12,3,30,1850,1,2,1,1.0,6,75102,M,,,75
201200053646,12,4,1,1930,1,2,3,1.0,3,75102,M,,,75
201200053647,12,4,2,1620,1,2,2,1.0,6,75102,M,,,75
201200053648,12,4,4,1500,1,2,5,2.0,7,75102,M,,,75
201200053649,12,4,6,950,1,2,7,1.0,6,75102,M,,,75
201200053650,12,4,8,130,5,2,2,1.0,3,75102,M,,,75
201200053651,12,4,18,1210,1,2,2,2.0,6,75102,M,,,75
201200053652,12,4,21,30,5,2,7,2.0,3,75102,M,,,75
201200053653,12,4,28,1900,1,2,1,2.0,6,75102,M,,,75
201200053654,12,5,10,1245,1,2,1,1.0,3,75102,M,,,75
201200053655,12,5,10,1440,1,2,2,7.0,5,75102,M,,,75
201200053656,12,5,13,25,5,2,2,1.0,7,75104,M,,,75
201200053657,12,5,13,1815,2,2,2,1.0,3,75102,M,,,75
201200053658,12,5,15,45,4,2,1,1.0,2,75102,M,,,75
201200053659,12,5,21,1025,1,2,1,2.0,3,75102,M,,,75
201200053660,12,5,21,2100,3,2,1,8.0,6,75102,M,,,75
201200053661,12,5,22,1915,2,2,5,1.0,6,75102,M,,,75
201200053662,12,5,25,1930,1,2,2,7.0,3,75102,M,,,75
201200053663,12,5,27,2005,1,2,2,1.0,2,75102,M,,,75
201200053664,12,5,30,1150,1,2,3,1.0,6,75103,M,,,75
201200053665,12,5,30,2100,2,2,2,2.0,6,75102,M,,,75
201200053666,12,5,31,1730,1,2,1,1.0,2,75102,M,,,75
201200053667,12,6,6,1840,1,2,4,1.0,3,75102,M,,,75
201200053668,12,6,19,1250,1,2,4,1.0,3,75102,M,,,75
201200053669,12,6,19,1840,1,2,5,2.0,1,75102,M,,,75
201200053670,12,6,21,1000,1,2,5,1.0,3,75102,M,,,75
201200053671,12,7,2,745,1,2,7,1.0,3,75102,M,,,75
201200053672,12,7,6,1100,1,2,1,1.0,3,75102,M,,,75
201200053673,12,7,6,1700,1,2,1,1.0,6,75102,M,,,75
201200053674,12,7,8,1940,1,2,5,1.0,6,75102,M,,,75
201200053675,12,7,10,2230,5,2,2,1.0,6,75102,M,,,75
201200053676,12,7,12,1120,1,2,4,1.0,6,75102,M,,,75
201200053677,12,7,16,1700,1,2,7,1.0,6,75101,M,,,75
201200053678,12,7,17,1045,1,2,7,1.0,3,75102,M,,,75
201200053679,12,7,19,2010,2,2,5,1.0,3,75102,M,,,75
201200053680,12,7,20,1720,1,2,3,1.0,2,75104,M,,,75
201200053681,12,7,21,1120,1,2,2,1.0,3,75102,M,,,75
201200053682,12,7,31,1040,1,2,1,1.0,2,75102,M,,,75
201200053683,12,8,4,1008,1,2,5,1.0,7,75102,M,,,75
201200053684,12,8,7,1800,1,2,4,1.0,6,75102,M,,,75
201200053685,12,8,16,1850,1,2,2,1.0,3,75102,M,,,75
201200053686,12,8,19,1835,1,2,2,1.0,3,75102,M,,,75
201200053687,12,8,23,1000,1,2,1,1.0,7,75102,M,,,75
201200053688,12,8,29,1255,1,2,5,1.0,6,75102,M,,,75
201200053689,12,8,30,1535,1,2,2,1.0,3,75102,M,,,75
201200053690,12,8,30,1720,1,2,3,2.0,6,75109,M,,,75
201200053691,12,9,1,1430,1,2,7,1.0,3,75102,M,,,75
201200053692,12,9,6,1500,1,2,5,1.0,6,75102,M,,,75
201200053693,12,9,10,2310,5,2,7,3.0,6,75102,M,,,75
201200053694,12,9,11,1210,1,2,1,2.0,6,75102,M,,,75
201200053695,12,9,14,1620,1,2,3,8.0,7,75103,M,,,75
201200053696,12,9,16,1800,1,2,5,1.0,2,75102,M,,,75
201200053697,12,9,28,1,5,2,2,1.0,6,75101,M,,,75
201200053698,12,9,29,1450,1,2,1,1.0,6,75102,M,,,75
201200053699,12,9,30,1940,5,2,1,1.0,3,75109,M,,,75
201200053700,12,9,30,515,5,2,2,1.0,6,75103,M,,,75
201200053701,12,10,1,1120,1,2,2,1.0,3,75102,M,,,75
201200053702,12,10,1,1500,1,2,2,1.0,1,75101,M,,,75
201200053703,12,10,4,940,1,2,2,2.0,2,75103,M,,,75
201200053704,12,10,6,110,5,2,3,1.0,6,75102,M,,,75
201200053705,12,10,11,750,2,2,5,8.0,1,75102,M,,,75
201200053706,12,10,12,158,5,2,3,2.0,6,75102,M,,,75
201200053707,12,10,19,1400,1,2,1,1.0,6,75102,M,,,75
201200053708,12,10,27,2130,3,2,1,1.0,6,75102,M,,,75
201200053709,12,10,29,1225,1,2,3,1.0,2,75102,M,,,75
201200053710,12,11,4,2300,5,2,7,1.0,6,75104,M,,,75
201200053711,12,11,7,455,5,2,2,1.0,3,75102,M,,,75
201200053712,12,11,12,930,1,2,3,1.0,6,75102,M,,,75
201200053713,12,11,15,1900,5,2,2,1.0,7,75102,M,,,75
201200053714,12,11,16,1900,5,2,2,1.0,3,75102,M,,,75
201200053715,12,11,20,1955,5,2,1,1.0,3,75103,M,,,75
201200053716,12,11,22,800,1,2,3,1.0,2,75102,M,,,75
201200053717,12,11,29,2035,5,2,1,1.0,2,75102,M,,,75
201200053718,12,12,1,2100,5,2,3,1.0,3,75102,M,,,75
201200053719,12,12,5,1745,5,2,5,2.0,6,75102,M,,,75
201200053720,12,12,11,700,2,2,2,1.0,3,75102,M,,,75
201200053721,12,12,11,1300,1,2,1,1.0,6,75102,M,,,75
201200053722,12,12,12,1445,1,2,2,1.0,3,75102,M,,,75
201200053723,12,12,13,2035,5,2,2,1.0,6,75102,M,,,75
201200053724,12,12,18,1450,1,2,3,1.0,6,75102,M,,,75
201200053725,12,1,8,230,5,2,2,1.0,3,75103,M,,,75
201200053726,12,1,9,1720,5,2,2,1.0,6,75103,M,,,75
201200053727,12,1,13,2100,5,2,1,1.0,2,75103,M,,,75
201200053728,12,1,15,1800,5,2,3,1.0,6,75103,M,,,75
201200053729,12,1,19,1140,1,2,2,2.0,7,75103,M,,,75
201200053730,12,1,20,1235,1,2,1,2.0,7,75103,M,,,75
201200053731,12,1,20,1525,1,2,3,2.0,7,75102,M,,,75
201200053732,12,1,24,1354,1,2,2,2.0,2,75103,M,,,75
201200053733,12,2,2,210,5,2,3,1.0,3,75103,M,,,75
201200053734,12,2,3,2155,5,2,1,4.0,7,75103,M,,,75
201200053735,12,2,6,1620,1,2,1,8.0,3,75103,M,,,75
201200053736,12,2,9,1300,1,2,1,1.0,3,75103,M,,,75
201200053737,12,2,10,1440,1,2,2,1.0,3,75102,M,,,75
201200053738,12,2,12,1640,1,2,2,1.0,3,75103,M,,,75
201200053739,12,2,13,1805,2,2,2,2.0,3,75103,M,,,75
201200053740,12,2,21,830,1,2,4,1.0,6,75111,M,,,75
201200053741,12,2,21,1810,5,2,1,1.0,3,75104,M,,,75
201200053742,12,2,27,1440,1,2,2,1.0,6,75103,M,,,75
201200053743,12,3,2,415,5,2,2,1.0,6,75103,M,,,75
201200053744,12,3,2,2310,5,2,2,1.0,3,75103,M,,,75
201200053745,12,3,3,1435,1,2,1,1.0,6,75103,M,,,75
201200053746,12,3,4,1815,5,2,3,2.0,7,75103,M,,,75
201200053747,12,3,5,1825,2,2,2,2.0,7,75103,M,,,75
201200053748,12,3,8,1640,2,2,2,1.0,6,75103,M,,,75
201200053749,12,3,13,805,1,2,2,1.0,2,75103,M,,,75
201200053750,12,3,13,2050,5,2,2,1.0,3,75103,M,,,75
201200053751,12,3,14,910,1,2,2,1.0,6,75103,M,,,75
201200053752,12,3,18,1600,1,2,2,8.0,7,75102,M,,,75
201200053753,12,3,18,2235,5,2,2,1.0,2,75103,M,,,75
201200053754,12,3,20,2300,5,2,3,1.0,6,75103,M,,,75
201200053755,12,3,23,1745,1,2,3,1.0,3,75103,M,,,75
201200053756,12,3,30,2150,5,2,2,1.0,6,75103,M,,,75
201200053757,12,3,31,1100,1,2,1,1.0,3,75103,M,,,75
201200053758,12,4,3,1255,1,2,7,1.0,3,75103,M,,,75
201200053759,12,4,4,845,1,2,2,1.0,7,75103,M,,,75
201200053760,12,4,4,1425,1,2,2,8.0,6,75103,M,,,75
201200053761,12,4,10,1220,1,2,1,2.0,3,75103,M,,,75
201200053762,12,4,19,1510,1,2,5,1.0,6,75103,M,,,75
201200053763,12,4,19,2310,5,2,1,1.0,6,75103,M,,,75
201200053764,12,4,21,2030,5,2,7,1.0,6,75103,M,,,75
201200053765,12,4,21,2230,5,2,2,8.0,3,75103,M,,,75
201200053766,12,5,2,845,1,2,5,1.0,3,75103,M,,,75
201200053767,12,5,4,1310,1,2,1,8.0,6,75103,M,,,75
201200053768,12,5,4,2015,1,2,2,1.0,3,75103,M,,,75
201200053769,12,5,13,155,5,2,3,1.0,2,75103,M,,,75
201200053770,12,5,19,2005,2,2,4,8.0,6,75103,M,,,75
201200053771,12,5,21,1040,1,2,4,2.0,6,75103,M,,,75
201200053772,12,5,22,1755,1,2,2,1.0,6,75103,M,,,75
201200053773,12,5,23,1415,1,2,2,1.0,6,75103,M,,,75
201200053774,12,5,25,1850,1,2,3,1.0,3,75103,M,,,75
201200053775,12,5,30,1115,1,2,5,1.0,3,75103,M,,,75
201200053776,12,6,2,1350,1,2,3,1.0,3,75103,M,,,75
201200053777,12,6,5,1330,1,2,5,1.0,6,75103,M,,,75
201200053778,12,6,7,1415,1,2,3,3.0,2,75103,M,,,75
201200053779,12,6,8,1242,1,2,1,1.0,1,75103,M,,,75
201200053780,12,6,13,1000,1,2,4,1.0,7,75103,M,,,75
201200053781,12,6,14,1810,1,2,1,1.0,6,75103,M,,,75
201200053782,12,6,18,2330,5,2,1,1.0,6,75103,M,,,75
201200053783,12,6,21,1650,1,2,4,1.0,2,75109,M,,,75
201200053784,12,6,22,120,5,2,2,1.0,3,75103,M,,,75
201200053785,12,6,22,1815,1,2,2,1.0,6,75103,M,,,75
201200053786,12,6,24,1725,1,2,1,2.0,3,75103,M,,,75
201200053787,12,6,26,900,1,2,1,1.0,6,75101,M,,,75
201200053788,12,7,1,2305,5,2,3,1.0,7,75103,M,,,75
201200053789,12,7,5,930,1,2,1,1.0,3,75103,M,,,75
201200053790,12,7,7,1625,1,2,2,2.0,3,75103,M,,,75
201200053791,12,7,9,900,1,2,3,1.0,3,75103,M,,,75
201200053792,12,7,9,1400,1,2,7,1.0,2,75103,M,,,75
201200053793,12,7,10,1800,1,2,2,1.0,3,75102,M,,,75
201200053794,12,7,11,1950,1,2,2,1.0,3,75103,M,,,75
201200053795,12,7,22,235,5,2,2,1.0,3,75103,M,,,75
201200053796,12,7,28,620,1,2,2,1.0,3,75101,M,,,75
201200053797,12,8,4,1730,1,2,5,1.0,6,75103,M,,,75
201200053798,12,8,21,1215,1,2,1,1.0,2,75103,M,,,75
201200053799,12,8,22,1900,1,2,2,1.0,7,75103,M,,,75
201200053800,12,8,24,610,2,2,3,1.0,6,75103,M,,,75
201200053801,12,8,25,1855,1,2,3,1.0,3,75103,M,,,75
201200053802,12,9,4,1005,1,2,2,1.0,3,75104,M,,,75
201200053803,12,9,5,1740,1,2,3,1.0,6,75104,M,,,75
201200053804,12,9,6,1155,1,2,2,1.0,7,75103,M,,,75
201200053805,12,9,9,315,5,2,1,1.0,2,75101,M,,,75
201200053806,12,9,10,1120,1,2,5,1.0,3,75103,M,,,75
201200053807,12,9,13,1940,1,2,5,1.0,3,75103,M,,,75
201200053808,12,9,16,840,1,2,2,1.0,3,75103,M,,,75
201200053809,12,9,17,135,5,2,2,1.0,3,75103,M,,,75
201200053810,12,9,17,1720,1,2,2,1.0,6,75104,M,,,75