Num_Acc,an,mois,jour,hrmn,lum,agg,int,atm,col,com,gps,lat,long,dep
201200053811,12,9,18,1130,1,2,5,1.0,6,75101,M,,,75
201200053812,12,9,20,920,1,2,3,1.0,6,75103,M,,,75
201200053813,12,9,20,515,5,2,2,1.0,3,75103,M,,,75
201200053814,12,9,30,400,5,2,2,1.0,6,75103,M,,,75
201200053815,12,9,30,935,1,2,1,1.0,6,75103,M,,,75
201200053816,12,9,30,1640,1,2,2,1.0,6,75103,M,,,75
201200053817,12,10,5,1515,1,2,2,1.0,7,75103,M,,,75
201200053818,12,10,6,1645,1,2,3,2.0,2,75103,M,,,75
201200053819,12,10,9,2115,5,2,2,2.0,6,75103,M,,,75
201200053820,12,10,11,1520,1,2,5,1.0,7,75103,M,,,75
201200053821,12,10,19,755,1,2,2,1.0,5,75103,M,,,75
201200053822,12,10,22,1555,1,2,1,1.0,3,75103,M,,,75
201200053823,12,10,23,850,1,2,2,8.0,3,75103,M,,,75
201200053824,12,10,25,1230,1,2,2,1.0,3,75110,M,,,75
201200053825,12,10,29,1415,1,2,3,1.0,6,75103,M,,,75
201200053826,12,11,2,1000,1,2,3,2.0,7,75103,M,,,75
201200053827,12,11,3,1835,5,2,3,1.0,7,75103,M,,,75
201200053828,12,11,4,1805,5,2,2,8.0,6,75103,M,,,75
201200053829,12,11,4,1910,5,2,2,1.0,7,75104,M,,,75
201200053830,12,11,5,910,1,2,1,8.0,4,75103,M,,,75
201200053831,12,11,12,1810,5,2,5,1.0,3,75103,M,,,75
201200053832,12,11,15,1435,1,2,2,1.0,6,75103,M,,,75
201200053833,12,11,17,1835,5,2,2,1.0,6,75103,M,,,75
201200053834,12,11,19,1115,1,2,4,1.0,2,75103,M,,,75
201200053835,12,11,22,1210,1,2,2,1.0,6,75103,M,,,75
201200053836,12,11,27,1545,1,2,5,2.0,7,75103,M,,,75
201200053837,12,11,28,1555,1,2,1,1.0,6,75103,M,,,75
201200053838,12,12,7,1050,1,2,2,2.0,6,75103,M,,,75
201200053839,12,12,10,550,5,2,2,1.0,6,75103,M,,,75
201200053840,12,12,19,2210,5,2,3,3.0,3,75103,M,,,75
201200053841,12,12,20,620,5,2,2,3.0,6,75103,M,,,75
201200053842,12,12,28,1500,1,2,7,1.0,3,75103,M,,,75
201200053843,12,12,28,1800,5,2,3,1.0,7,75103,M,,,75
201200053844,12,1,2,1545,1,2,1,1.0,6,75104,M,,,75
201200053845,12,1,5,35,5,2,2,1.0,6,75104,M,,,75
201200053846,12,1,15,240,5,2,2,1.0,6,75104,M,,,75
201200053847,12,1,15,350,5,2,3,1.0,3,75104,M,,,75
201200053848,12,1,17,1250,1,2,1,1.0,6,75104,M,,,75
201200053849,12,1,18,1200,1,2,2,1.0,3,75104,M,,,75
201200053850,12,1,19,130,5,2,5,2.0,6,75104,M,,,75
201200053851,12,1,19,845,1,2,3,8.0,2,75104,M,,,75
201200053852,12,1,22,1220,1,2,3,1.0,3,75104,M,,,75
201200053853,12,1,24,2108,5,2,2,2.0,6,75104,M,,,75
201200053854,12,1,28,645,5,2,2,2.0,7,75104,M,,,75
201200053855,12,1,31,900,1,2,3,1.0,6,75104,M,,,75
201200053856,12,2,1,2030,5,2,3,1.0,6,75104,M,,,75
201200053857,12,2,2,755,1,2,2,1.0,6,75104,M,,,75
201200053858,12,2,3,1315,1,2,3,1.0,7,75104,M,,,75
201200053859,12,2,5,620,5,2,2,1.0,6,75104,M,,,75
201200053860,12,2,6,2230,3,2,7,1.0,3,75104,M,,,75
201200053861,12,2,15,1300,1,2,2,1.0,2,75104,M,,,75
201200053862,12,2,17,930,1,2,2,8.0,3,75104,M,,,75
201200053863,12,2,17,1915,5,2,2,1.0,6,75104,M,,,75
201200053864,12,2,20,2300,5,2,7,1.0,2,75104,M,,,75
201200053865,12,2,23,1657,3,2,2,2.0,2,75104,M,,,75
201200053866,12,2,24,1155,1,2,3,1.0,6,75104,M,,,75
201200053867,12,2,24,1535,1,2,2,1.0,3,75104,M,,,75
201200053868,12,2,28,625,5,2,7,1.0,3,75104,M,,,75
201200053869,12,3,2,2300,5,2,5,1.0,6,75104,M,,,75
201200053870,12,3,5,1653,1,2,7,1.0,6,75104,M,,,75
201200053871,12,3,5,1905,5,2,1,2.0,7,75104,M,,,75
201200053872,12,3,7,855,1,2,4,1.0,3,75104,M,,,75
201200053873,12,3,8,2145,5,2,1,1.0,2,75104,M,,,75
201200053874,12,3,14,1305,1,2,2,1.0,3,75104,M,,,75
201200053875,12,3,17,2040,5,2,2,1.0,3,75104,M,,,75
201200053876,12,3,21,1400,1,2,3,1.0,3,75104,M,,,75
201200053877,12,3,23,927,1,2,2,1.0,2,75104,M,,,75
201200053878,12,3,24,1515,1,2,2,1.0,6,75104,M,,,75
201200053879,12,3,30,1700,1,2,4,1.0,3,75104,M,,,75
201200053880,12,4,1,210,5,2,1,1.0,3,75104,M,,,75
201200053881,12,4,3,2135,5,2,2,2.0,3,75104,M,,,75
201200053882,12,4,10,1530,1,2,2,2.0,6,75104,M,,,75
201200053883,12,4,11,1745,1,2,7,1.0,3,75104,M,,,75
201200053884,12,4,12,1725,1,2,2,2.0,6,75104,M,,,75
201200053885,12,4,13,2035,5,2,2,1.0,6,75104,M,,,75
201200053886,12,4,20,35,5,2,2,1.0,3,75104,M,,,75
201200053887,12,4,20,940,1,2,1,8.0,6,75104,M,,,75
201200053888,12,4,21,1225,1,2,1,1.0,6,75104,M,,,75
201200053889,12,4,23,2140,5,2,2,1.0,3,75104,M,,,75
201200053890,12,4,25,1614,1,2,7,2.0,2,75104,M,,,75
201200053891,12,4,27,930,1,2,2,2.0,3,75104,M,,,75
201200053892,12,4,27,1020,1,2,1,2.0,6,75104,M,,,75
201200053893,12,5,6,1335,1,2,3,1.0,6,75104,M,,,75
201200053894,12,5,6,1750,1,2,2,1.0,6,75104,M,,,75
201200053895,12,5,7,2115,5,2,2,1.0,7,75104,M,,,75
201200053896,12,5,9,1345,1,2,1,1.0,3,75112,M,,,75
201200053897,12,5,15,1810,1,2,2,1.0,3,75104,M,,,75
201200053898,12,5,20,514,2,2,2,1.0,6,75104,M,,,75
201200053899,12,5,22,1843,1,2,2,1.0,3,75104,M,,,75
201200053900,12,5,23,1030,1,2,5,1.0,3,75104,M,,,75
201200053901,12,5,25,20,5,2,1,1.0,7,75104,M,,,75
201200053902,12,5,26,1745,1,2,2,1.0,6,75104,M,,,75
201200053903,12,5,26,1830,1,2,1,1.0,6,75104,M,,,75
201200053904,12,5,29,1630,1,2,2,1.0,3,75104,M,,,75
201200053905,12,6,2,1045,1,2,2,1.0,6,75104,M,,,75
201200053906,12,6,3,610,2,2,3,2.0,6,75104,M,,,75
201200053907,12,6,3,1340,1,2,5,1.0,3,75104,M,,,75
201200053908,12,6,4,200,5,2,5,2.0,2,75104,M,,,75
201200053909,12,6,15,2240,5,2,5,3.0,6,75104,M,,,75
201200053910,12,6,18,1102,1,2,7,1.0,6,75104,M,,,75
201200053911,12,6,18,1610,1,2,1,1.0,6,75104,M,,,75
201200053912,12,6,21,2015,1,2,1,1.0,6,75104,M,,,75
201200053913,12,6,22,130,5,2,2,1.0,6,75104,M,,,75
201200053914,12,6,23,1810,1,2,1,1.0,6,75104,M,,,75
201200053915,12,6,24,1445,1,2,1,2.0,2,75104,M,,,75
201200053916,12,6,25,2045,3,2,2,1.0,3,75104,M,,,75
201200053917,12,6,27,1035,1,2,2,1.0,2,75104,M,,,75
201200053918,12,7,10,910,1,2,3,1.0,3,75104,M,,,75
201200053919,12,7,15,1500,1,2,2,1.0,6,75104,M,,,75
201200053920,12,7,17,1810,1,2,1,1.0,6,75104,M,,,75
201200053921,12,7,18,1655,1,2,2,1.0,3,75104,M,,,75
201200053922,12,7,20,1505,1,2,1,1.0,3,75101,M,,,75
201200053923,12,7,20,1805,1,2,2,1.0,3,75104,M,,,75
201200053924,12,7,22,2335,5,2,4,1.0,3,75104,M,,,75
201200053925,12,7,24,805,1,2,7,1.0,7,75104,M,,,75
201200053926,12,7,26,210,5,2,2,1.0,7,75104,M,,,75
201200053927,12,7,31,1510,1,2,7,1.0,3,75104,M,,,75
201200053928,12,8,2,810,1,2,4,1.0,6,75104,M,,,75
201200053929,12,8,2,1455,1,2,2,1.0,6,75104,M,,,75
201200053930,12,8,6,1820,1,2,2,1.0,6,75104,M,,,75
201200053931,12,8,13,1620,1,2,1,1.0,5,75104,M,,,75
201200053932,12,8,23,830,1,2,2,1.0,3,75104,M,,,75
201200053933,12,9,3,2310,5,2,3,1.0,3,75104,M,,,75
201200053934,12,9,5,1315,1,2,2,1.0,3,75104,M,,,75
201200053935,12,9,6,1850,1,2,2,1.0,3,75104,M,,,75
201200053936,12,9,10,2145,5,2,3,2.0,2,75104,M,,,75
201200053937,12,9,14,1050,1,2,3,1.0,3,75104,M,,,75
201200053938,12,9,19,815,1,2,2,1.0,3,75104,M,,,75
201200053939,12,9,19,1455,1,2,3,1.0,3,75104,M,,,75
201200053940,12,9,20,1830,1,2,2,1.0,6,75104,M,,,75
201200053941,12,9,20,945,1,2,1,1.0,3,75104,M,,,75
201200053942,12,9,23,31,5,2,5,1.0,6,75104,M,,,75
201200053943,12,9,25,2145,5,2,3,1.0,6,75104,M,,,75
201200053944,12,9,26,2245,5,2,1,8.0,1,75104,M,,,75
201200053945,12,9,28,810,1,2,3,1.0,3,75104,M,,,75
201200053946,12,9,28,1650,1,2,2,1.0,2,75104,M,,,75
201200053947,12,9,28,1824,1,2,7,1.0,3,75104,M,,,75
201200053948,12,9,30,1250,1,2,2,1.0,3,75104,M,,,75
201200053949,12,10,3,1110,1,2,3,1.0,3,75104,M,,,75
201200053950,12,10,3,1600,1,2,3,2.0,6,75104,M,,,75
201200053951,12,10,5,1710,1,2,5,1.0,3,75104,M,,,75
201200053952,12,10,6,1450,1,2,7,2.0,7,75104,M,,,75
201200053953,12,10,6,1655,1,2,3,2.0,7,75104,M,,,75
201200053954,12,10,6,2025,5,2,2,2.0,7,75104,M,,,75
201200053955,12,10,9,1730,1,2,2,1.0,6,75104,M,,,75
201200053956,12,10,10,2035,5,2,5,1.0,6,75104,M,,,75
201200053957,12,10,15,855,1,2,2,1.0,6,75103,M,,,75
201200053958,12,10,20,216,5,2,1,2.0,6,75104,M,,,75
201200053959,12,10,20,1525,1,2,2,2.0,7,75104,M,,,75
201200053960,12,10,21,1410,1,2,7,1.0,6,75104,M,,,75
201200053961,12,10,23,830,1,2,2,8.0,3,75104,M,,,75
201200053962,12,10,24,1640,1,2,2,1.0,6,75104,M,,,75
201200053963,12,10,25,1250,1,2,7,1.0,3,75103,M,,,75
201200053964,12,10,29,1119,1,2,3,1.0,2,75104,M,,,75
201200053965,12,10,29,1705,1,2,3,1.0,6,75104,M,,,75
201200053966,12,10,29,1925,5,2,3,1.0,6,75104,M,,,75
201200053967,12,11,1,350,5,2,2,1.0,6,75104,M,,,75
201200053968,12,11,2,1015,1,2,2,1.0,3,75104,M,,,75
201200053969,12,11,2,1405,1,2,3,2.0,3,75101,M,,,75
201200053970,12,11,5,2335,5,2,2,2.0,3,75104,M,,,75
201200053971,12,11,6,2005,5,2,1,1.0,6,75104,M,,,75
201200053972,12,11,19,1045,1,2,5,1.0,6,75104,M,,,75
201200053973,12,11,21,855,1,2,1,2.0,2,75104,M,,,75
201200053974,12,11,22,120,5,2,2,1.0,6,75104,M,,,75
201200053975,12,11,23,1410,1,2,2,2.0,7,75104,M,,,75
201200053976,12,11,26,1230,1,2,2,1.0,3,75104,M,,,75
201200053977,12,11,25,2245,5,2,3,1.0,6,75104,M,,,75
201200053978,12,11,29,2100,5,2,7,8.0,6,75104,M,,,75
201200053979,12,11,30,105,5,2,1,1.0,6,75104,M,,,75
201200053980,12,12,2,55,5,2,3,2.0,2,75101,M,,,75
201200053981,12,12,5,1725,5,2,5,2.0,6,75102,M,,,75
201200053982,12,12,6,15,5,2,5,1.0,7,75104,M,,,75
201200053983,12,12,8,1905,5,2,3,1.0,6,75103,M,,,75
201200053984,12,12,8,1945,5,2,1,1.0,2,75104,M,,,75
201200053985,12,12,11,950,1,2,2,1.0,2,75104,M,,,75
201200053986,12,12,17,830,1,2,2,8.0,3,75104,M,,,75
201200053987,12,12,19,1,5,2,7,1.0,3,75104,M,,,75
201200053988,12,12,20,1230,1,2,3,2.0,2,75103,M,,,75
201200053989,12,12,21,1150,1,2,2,8.0,6,75104,M,,,75
201200053990,12,12,23,1530,1,2,1,1.0,3,75104,M,,,75
201200053991,12,12,24,1230,1,2,2,1.0,6,75104,M,,,75
201200053992,12,12,26,2105,5,2,1,2.0,2,75104,M,,,75
201200053993,12,1,5,1055,1,2,3,2.0,6,75105,M,,,75
201200053994,12,1,6,730,5,2,7,1.0,3,75105,M,,,75
201200053995,12,1,7,2210,5,2,2,1.0,3,75105,M,,,75
201200053996,12,1,11,1445,1,2,1,1.0,3,75105,M,,,75
201200053997,12,1,12,845,1,2,1,1.0,3,75105,M,,,75
201200053998,12,1,13,1345,1,2,5,1.0,7,75105,M,,,75
201200053999,12,1,14,1630,1,2,3,1.0,2,75105,M,,,75
201200054000,12,1,16,917,1,2,1,1.0,6,75105,M,,,75
201200054001,12,1,16,1940,5,2,3,1.0,6,75105,M,,,75
201200054002,12,1,19,856,1,2,1,2.0,2,75105,M,,,75
201200054003,12,1,24,1225,1,2,1,2.0,1,75105,M,,,75
201200054004,12,1,29,225,3,2,2,1.0,3,75105,M,,,75
201200054005,12,1,30,1715,1,2,2,1.0,1,75105,M,,,75
201200054006,12,2,2,810,1,2,1,8.0,6,75105,M,,,75
201200054007,12,2,2,1755,3,2,1,1.0,3,75105,M,,,75
201200054008,12,2,9,945,1,2,7,1.0,3,75105,M,,,75
201200054009,12,2,9,1505,1,2,1,1.0,6,75105,M,,,75
201200054010,12,2,10,1400,1,2,3,1.0,3,75105,M,,,75
201200054011,12,2,13,1310,1,2,3,8.0,7,75105,M,,,75
201200054012,12,2,13,2020,5,2,5,2.0,7,75105,M,,,75
201200054013,12,2,14,910,1,2,2,8.0,3,75105,M,,,75
201200054014,12,2,14,1940,5,2,2,2.0,6,75105,M,,,75
201200054015,12,2,15,1415,1,2,5,1.0,6,75105,M,,,75
201200054016,12,2,15,2220,5,2,2,2.0,3,75105,M,,,75
201200054017,12,2,17,1124,1,2,5,2.0,4,75105,M,,,75
201200054018,12,2,18,350,5,2,2,2.0,3,75105,M,,,75
201200054019,12,2,21,900,1,2,1,1.0,3,75105,M,,,75
201200054020,12,2,28,915,1,2,3,1.0,6,75105,M,,,75
201200054021,12,3,6,2006,5,2,3,1.0,6,75105,M,,,75
201200054022,12,3,13,1115,1,2,1,1.0,2,75105,M,,,75
201200054023,12,3,16,1145,1,2,7,1.0,3,75105,M,,,75
201200054024,12,3,20,935,1,2,3,1.0,6,75105,M,,,75
201200054025,12,3,26,1455,1,2,1,1.0,3,75105,M,,,75
201200054026,12,3,27,1958,1,2,2,1.0,3,75105,M,,,75
201200054027,12,3,29,924,1,2,2,1.0,6,75105,M,,,75
201200054028,12,3,29,2300,5,2,1,1.0,6,75105,M,,,75
201200054029,12,4,2,1200,1,2,3,1.0,6,75105,M,,,75
201200054030,12,4,2,1250,1,2,5,1.0,2,75105,M,,,75
201200054031,12,4,2,1730,1,2,3,1.0,6,75113,M,,,75
201200054032,12,4,3,2130,2,2,3,1.0,3,75105,M,,,75
201200054033,12,4,3,2305,5,2,2,1.0,3,75105,M,,,75
201200054034,12,4,4,1305,1,2,3,1.0,6,75105,M,,,75
201200054035,12,4,4,2155,5,2,7,2.0,6,75105,M,,,75
201200054036,12,4,5,930,1,2,5,1.0,3,75105,M,,,75
201200054037,12,4,6,1940,1,2,3,1.0,3,75105,M,,,75
201200054038,12,4,7,415,5,2,2,1.0,6,75105,M,,,75
201200054039,12,4,9,350,5,2,1,1.0,6,75105,M,,,75
201200054040,12,4,11,30,5,2,3,1.0,3,75105,M,,,75
201200054041,12,4,12,135,5,2,2,2.0,3,75105,M,,,75
201200054042,12,4,15,400,5,2,1,1.0,6,75105,M,,,75
201200054043,12,4,20,905,1,2,2,8.0,3,75105,M,,,75
201200054044,12,4,23,1940,2,2,2,2.0,6,75105,M,,,75
201200054045,12,4,25,1605,1,2,1,2.0,2,75105,M,,,75
201200054046,12,4,28,1045,1,2,1,8.0,7,75105,M,,,75
201200054047,12,4,30,800,1,2,2,1.0,3,75105,M,,,75
201200054048,12,5,3,2030,1,2,2,1.0,3,75105,M,,,75
201200054049,12,5,5,1940,5,2,2,3.0,3,75105,M,,,75
201200054050,12,5,7,1410,1,2,2,1.0,3,75105,M,,,75
201200054051,12,5,7,2112,2,2,2,1.0,3,75105,M,,,75
201200054052,12,5,10,1525,1,2,1,1.0,2,75105,M,,,75
201200054053,12,5,11,927,1,2,1,2.0,3,75105,M,,,75
201200054054,12,5,11,1003,1,2,5,3.0,3,75105,M,,,75
201200054055,12,5,13,1005,1,2,7,1.0,3,75105,M,,,75
201200054056,12,5,14,650,1,2,2,1.0,3,75105,M,,,75
201200054057,12,5,15,1445,1,2,2,2.0,6,75105,M,,,75
201200054058,12,5,20,1525,1,2,1,1.0,2,75105,M,,,75
201200054059,12,5,22,800,1,2,2,1.0,2,75105,M,,,75
201200054060,12,5,23,930,1,2,5,1.0,2,75105,M,,,75
201200054061,12,5,26,50,5,2,2,1.0,3,75105,M,,,75
201200054062,12,5,26,1752,1,2,4,1.0,3,75105,M,,,75
201200054063,12,5,29,1555,1,2,5,1.0,2,75105,M,,,75
201200054064,12,5,31,2115,5,2,3,1.0,3,75105,M,,,75
201200054065,12,6,4,1240,1,2,3,2.0,7,75105,M,,,75
201200054066,12,6,5,1300,1,2,3,1.0,3,75113,M,,,75
201200054067,12,6,12,2245,5,2,7,2.0,2,75105,M,,,75
201200054068,12,6,17,640,1,2,3,1.0,3,75105,M,,,75
201200054069,12,6,17,1455,1,2,1,1.0,3,75105,M,,,75
201200054070,12,6,17,1710,1,2,2,1.0,6,75105,M,,,75
201200054071,12,6,17,2100,1,2,1,1.0,3,75105,M,,,75
201200054072,12,6,19,940,1,2,1,1.0,2,75105,M,,,75
201200054073,12,6,21,325,5,2,1,1.0,6,75105,M,,,75
201200054074,12,6,22,845,1,2,2,1.0,2,75105,M,,,75
201200054075,12,6,25,658,1,2,2,1.0,7,75105,M,,,75
201200054076,12,6,26,1630,1,2,1,8.0,2,75105,M,,,75
201200054077,12,6,26,2320,5,2,1,1.0,6,75105,M,,,75
201200054078,12,6,26,1318,1,2,7,1.0,6,75105,M,,,75
201200054079,12,6,27,925,1,2,3,1.0,3,75105,M,,,75
201200054080,12,6,27,1230,1,2,3,1.0,6,75105,M,,,75
201200054081,12,7,1,1120,1,2,1,1.0,6,75105,M,,,75
201200054082,12,7,5,2340,5,2,3,1.0,2,75105,M,,,75
201200054083,12,7,13,1805,1,2,5,2.0,6,75105,M,,,75
201200054084,12,7,18,1154,1,2,1,7.0,6,75105,M,,,75
201200054085,12,7,18,1340,1,2,5,1.0,2,75105,M,,,75
201200054086,12,7,24,1200,1,2,2,1.0,3,75105,M,,,75
201200054087,12,7,27,1345,1,2,2,1.0,1,75105,M,,,75
201200054088,12,8,2,950,1,2,2,1.0,3,75105,M,,,75
201200054089,12,8,3,2245,5,2,5,1.0,3,75105,M,,,75
201200054090,12,8,7,635,1,2,7,1.0,6,75105,M,,,75
201200054091,12,8,15,1505,1,2,2,1.0,2,75105,M,,,75
201200054092,12,8,16,1810,1,2,5,1.0,6,75105,M,,,75
201200054093,12,8,18,615,1,2,1,1.0,6,75105,M,,,75
201200054094,12,8,18,1740,1,2,4,1.0,3,75105,M,,,75
201200054095,12,8,21,2325,5,2,1,1.0,4,75105,M,,,75
201200054096,12,8,21,2152,5,2,5,1.0,6,75105,M,,,75
201200054097,12,8,23,315,5,2,2,1.0,6,75105,M,,,75
201200054098,12,8,30,1325,1,2,1,1.0,6,75105,M,,,75
201200054099,12,9,2,305,5,2,2,1.0,6,75105,M,,,75
201200054100,12,9,3,1655,1,2,5,1.0,6,75105,M,,,75
201200054101,12,9,7,1100,1,2,7,1.0,6,75105,M,,,75
201200054102,12,9,16,1315,1,2,2,1.0,3,75105,M,,,75
201200054103,12,9,17,2150,5,2,4,1.0,6,75105,M,,,75
201200054104,12,9,19,905,1,2,2,1.0,6,75105,M,,,75
201200054105,12,9,20,730,1,2,2,1.0,6,75105,M,,,75
201200054106,12,9,20,1312,1,2,2,1.0,3,75105,M,,,75
201200054107,12,9,21,1800,1,2,5,2.0,3,75105,M,,,75
201200054108,12,9,21,2147,5,2,5,1.0,7,75105,M,,,75
201200054109,12,9,27,850,2,2,3,8.0,6,75105,M,,,75
201200054110,12,9,27,920,1,2,1,1.0,3,75105,M,,,75
201200054111,12,9,28,206,3,2,2,1.0,6,75105,M,,,75
201200054112,12,9,28,1430,1,2,2,1.0,6,75105,M,,,75
201200054113,12,9,29,1735,1,2,1,1.0,3,75105,M,,,75
201200054114,12,9,30,45,5,2,1,1.0,3,75105,M,,,75
201200054115,12,9,30,725,2,2,3,1.0,6,75105,M,,,75
201200054116,12,9,30,1520,1,2,3,1.0,2,75105,M,,,75
201200054117,12,10,2,1155,1,2,2,1.0,2,75105,M,,,75
201200054118,12,10,3,935,1,2,3,8.0,3,75105,M,,,75
201200054119,12,10,3,1200,1,2,3,8.0,2,75105,M,,,75
201200054120,12,10,4,1550,1,2,2,1.0,6,75105,M,,,75
201200054121,12,10,7,259,5,2,3,1.0,6,75105,M,,,75
201200054122,12,10,8,740,2,2,1,2.0,4,75105,M,,,75
201200054123,12,10,8,1605,1,2,3,1.0,7,75105,M,,,75
201200054124,12,10,8,2045,3,2,3,1.0,6,75105,M,,,75
201200054125,12,10,9,755,1,2,5,2.0,7,75105,M,,,75
201200054126,12,10,10,1035,1,2,1,1.0,7,75105,M,,,75
201200054127,12,10,11,2045,5,2,2,3.0,3,75105,M,,,75
201200054128,12,10,12,2055,5,2,2,2.0,6,75105,M,,,75
201200054129,12,10,15,1100,1,2,3,1.0,3,75105,M,,,75
201200054130,12,10,16,813,1,2,1,1.0,7,75105,M,,,75
201200054131,12,10,16,945,1,2,2,8.0,3,75105,M,,,75
201200054132,12,10,20,1720,2,2,2,1.0,6,75105,M,,,75
201200054133,12,10,25,1200,1,2,3,1.0,3,75105,M,,,75
201200054134,12,10,26,1740,1,2,3,8.0,6,75105,M,,,75
201200054135,12,10,26,1905,5,2,1,2.0,6,75105,M,,,75
201200054136,12,10,27,2155,5,2,2,8.0,7,75105,M,,,75
201200054137,12,10,30,1040,1,2,1,1.0,2,75105,M,,,75
201200054138,12,10,30,1755,5,2,2,1.0,3,75105,M,,,75
201200054139,12,10,30,2350,5,2,2,1.0,2,75105,M,,,75
201200054140,12,10,31,1415,1,2,3,1.0,3,75105,M,,,75
201200054141,12,11,5,1150,1,2,1,1.0,6,75105,M,,,75
201200054142,12,11,7,1912,5,2,2,1.0,6,75105,M,,,75
201200054143,12,11,9,125,4,2,5,1.0,6,75105,M,,,75
201200054144,12,11,10,1420,1,2,1,1.0,6,75105,M,,,75
201200054145,12,11,12,1105,1,2,5,1.0,3,75105,M,,,75
201200054146,12,11,12,1855,5,2,5,1.0,3,75105,M,,,75
201200054147,12,11,16,1045,1,2,1,1.0,3,75105,M,,,75
201200054148,12,11,17,1328,1,2,5,1.0,3,75105,M,,,75
201200054149,12,11,17,1505,1,2,2,1.0,2,75105,M,,,75
201200054150,12,11,24,139,3,2,3,1.0,2,75105,M,,,75
201200054151,12,11,27,915,1,2,2,1.0,7,75105,M,,,75
201200054152,12,11,28,1525,1,2,1,8.0,6,75105,M,,,75
201200054153,12,11,29,946,1,2,3,1.0,6,75105,M,,,75
201200054154,12,11,30,20,5,2,1,1.0,6,75105,M,,,75
201200054155,12,11,30,2210,5,2,1,1.0,6,75105,M,,,75
201200054156,12,12,1,1730,2,2,5,1.0,3,75105,M,,,75
201200054157,12,12,4,930,1,2,7,2.0,6,75105,M,,,75
201200054158,12,12,9,1430,1,2,2,1.0,3,75105,M,,,75
201200054159,12,12,9,1955,5,2,5,2.0,6,75105,M,,,75
201200054160,12,12,14,1915,5,2,2,2.0,6,75105,M,,,75
201200054161,12,12,19,1941,5,2,2,2.0,6,75105,M,,,75
201200054162,12,12,24,1617,1,2,3,1.0,3,75105,M,,,75
201200054163,12,1,2,2005,5,2,3,1.0,3,75106,M,,,75
201200054164,12,1,4,1330,1,2,5,1.0,7,75106,M,,,75
201200054165,12,1,4,1500,1,2,5,1.0,7,75106,M,,,75
201200054166,12,1,5,2155,5,2,2,1.0,3,75106,M,,,75
201200054167,12,1,7,140,5,2,5,1.0,2,75106,M,,,75
201200054168,12,1,10,1030,1,2,3,1.0,3,75106,M,,,75
201200054169,12,1,12,640,5,2,7,1.0,1,75106,M,,,75
201200054170,12,1,13,1340,1,2,2,1.0,3,75107,M,,,75
201200054171,12,1,17,840,1,2,2,1.0,2,75106,M,,,75
201200054172,12,1,17,844,1,2,5,1.0,2,75106,M,,,75
201200054173,12,1,20,1609,1,2,3,2.0,7,75106,M,,,75
201200054174,12,1,27,1335,1,2,2,1.0,6,75106,M,,,75
201200054175,12,1,29,135,5,2,1,1.0,7,75106,M,,,75
201200054176,12,1,29,1220,1,2,1,1.0,6,75106,M,,,75
201200054177,12,1,31,910,1,2,4,1.0,3,75106,M,,,75
201200054178,12,2,5,2110,5,2,2,8.0,3,75106,M,,,75
201200054179,12,2,6,1327,1,2,2,1.0,6,75106,M,,,75
201200054180,12,2,7,900,1,2,5,1.0,3,75106,M,,,75
201200054181,12,2,10,1010,1,2,3,1.0,2,75106,M,,,75
201200054182,12,2,10,1240,1,2,5,1.0,6,75106,M,,,75
201200054183,12,2,3,710,2,2,2,1.0,3,75106,M,,,75
201200054184,12,2,13,1020,1,2,1,1.0,3,75106,M,,,75
201200054185,12,2,21,1243,1,2,3,1.0,6,75106,M,,,75
201200054186,12,3,1,1155,1,2,1,1.0,6,75106,M,,,75
201200054187,12,3,2,1140,1,2,2,8.0,6,75106,M,,,75
201200054188,12,3,4,1640,1,2,3,2.0,3,75106,M,,,75
201200054189,12,3,5,915,1,2,1,1.0,7,75106,M,,,75
201200054190,12,3,5,1430,1,2,5,1.0,3,75106,M,,,75
201200054191,12,3,6,1035,1,2,3,2.0,7,75106,M,,,75
201200054192,12,3,6,1358,1,2,3,2.0,6,75106,M,,,75
201200054193,12,3,7,1435,1,2,1,2.0,6,75106,M,,,75
201200054194,12,3,8,1930,3,2,1,1.0,6,75106,M,,,75
201200054195,12,3,9,830,1,2,5,1.0,3,75106,M,,,75
201200054196,12,3,14,1645,1,2,1,1.0,6,75106,M,,,75
201200054197,12,3,22,2045,5,2,1,1.0,1,75106,M,,,75
201200054198,12,3,26,1155,1,2,7,1.0,6,75113,M,,,75
201200054199,12,3,27,2210,5,2,5,1.0,2,75106,M,,,75
201200054200,12,3,28,1135,1,2,2,1.0,6,75106,M,,,75
201200054201,12,3,30,350,5,2,1,1.0,6,75106,M,,,75
201200054202,12,3,31,1640,1,2,2,8.0,6,75106,M,,,75
201200054203,12,4,4,1140,1,2,2,1.0,6,75106,M,,,75
201200054204,12,4,5,1040,1,2,7,1.0,6,75106,M,,,75
201200054205,12,4,7,2030,4,2,5,1.0,6,75113,M,,,75
201200054206,12,4,16,1120,1,2,7,1.0,6,75106,M,,,75
201200054207,12,4,16,1255,1,2,1,1.0,3,75106,M,,,75
201200054208,12,4,16,1420,1,2,4,1.0,6,75106,M,,,75
201200054209,12,4,16,1910,1,2,2,1.0,6,75106,M,,,75
201200054210,12,4,17,20,5,2,1,1.0,6,75106,M,,,75
201200054211,12,4,18,1140,1,2,4,2.0,3,75106,M,,,75
201200054212,12,4,18,2110,5,2,1,3.0,3,75106,M,,,75
201200054213,12,4,19,1540,1,2,3,1.0,6,75106,M,,,75
201200054214,12,4,20,30,5,2,3,1.0,6,75106,M,,,75
201200054215,12,4,20,1150,1,2,7,2.0,3,75106,M,,,75
201200054216,12,4,20,1740,1,2,5,8.0,2,75106,M,,,75
201200054217,12,4,21,1625,1,2,3,2.0,3,75106,M,,,75