Num_Acc,an,mois,jour,hrmn,lum,agg,int,atm,col,com,gps,lat,long,dep
201200054218,12,4,22,1608,1,2,1,2.0,7,75106,M,,,75
201200054219,12,4,22,2135,5,2,1,1.0,3,75106,M,,,75
201200054220,12,4,23,115,5,2,5,2.0,2,75106,M,,,75
201200054221,12,4,24,925,1,2,2,8.0,2,75106,M,,,75
201200054222,12,4,26,1330,1,2,5,1.0,3,75106,M,,,75
201200054223,12,4,27,945,1,2,2,2.0,6,75106,M,,,75
201200054224,12,4,30,1530,1,2,5,1.0,5,75106,M,,,75
201200054225,12,4,30,1641,1,2,1,1.0,7,75106,M,,,75
201200054226,12,5,6,1912,1,2,7,1.0,6,75106,M,,,75
201200054227,12,5,7,2,5,2,5,1.0,2,75106,M,,,75
201200054228,12,5,7,1025,1,2,2,1.0,3,75106,M,,,75
201200054229,12,5,7,1415,1,2,3,1.0,3,75106,M,,,75
201200054230,12,5,7,1650,1,2,2,1.0,3,75106,M,,,75
201200054231,12,5,9,50,5,2,5,1.0,6,75106,M,,,75
201200054232,12,5,10,855,1,2,5,1.0,6,75106,M,,,75
201200054233,12,5,13,2030,2,2,3,1.0,6,75106,M,,,75
201200054234,12,5,14,1638,1,2,2,1.0,6,75106,M,,,75
201200054235,12,5,15,1705,1,2,2,1.0,7,75106,M,,,75
201200054236,12,5,21,2000,2,2,5,2.0,3,75106,M,,,75
201200054237,12,5,21,2230,5,2,2,2.0,6,75106,M,,,75
201200054238,12,5,23,1830,1,2,1,1.0,6,75106,M,,,75
201200054239,12,5,26,815,1,2,3,7.0,2,75106,M,,,75
201200054240,12,5,28,1506,1,2,1,1.0,7,75106,M,,,75
201200054241,12,5,29,1245,1,2,3,1.0,2,75106,M,,,75
201200054242,12,6,7,1645,1,2,1,1.0,7,75106,M,,,75
201200054243,12,6,12,1655,1,2,1,8.0,3,75106,M,,,75
201200054244,12,6,14,1455,1,2,1,1.0,2,75106,M,,,75
201200054245,12,6,15,535,2,2,3,3.0,6,75106,M,,,75
201200054246,12,6,15,830,1,2,2,2.0,6,75106,M,,,75
201200054247,12,6,17,2120,3,2,5,1.0,3,75106,M,,,75
201200054248,12,6,18,1520,1,2,1,1.0,6,75115,M,,,75
201200054249,12,6,19,1035,1,2,1,1.0,6,75106,M,,,75
201200054250,12,6,20,1440,1,2,5,1.0,6,75106,M,,,75
201200054251,12,6,21,1200,1,2,7,8.0,3,75106,M,,,75
201200054252,12,6,21,1520,1,2,2,2.0,2,75106,M,,,75
201200054253,12,6,22,940,1,2,2,8.0,6,75106,M,,,75
201200054254,12,6,22,1610,1,2,1,1.0,6,75106,M,,,75
201200054255,12,6,25,1320,1,2,1,1.0,6,75106,M,,,75
201200054256,12,6,27,1350,1,2,2,8.0,6,75106,M,,,75
201200054257,12,6,28,1545,1,2,5,1.0,2,75106,M,,,75
201200054258,12,7,3,215,5,2,2,1.0,6,75106,M,,,75
201200054259,12,7,3,1230,1,2,1,1.0,2,75106,M,,,75
201200054260,12,7,5,1435,1,2,3,1.0,3,75106,M,,,75
201200054261,12,7,5,2005,1,2,1,2.0,7,75106,M,,,75
201200054262,12,7,6,1436,1,2,5,1.0,6,75106,M,,,75
201200054263,12,7,6,1705,1,2,1,2.0,1,75106,M,,,75
201200054264,12,7,7,1100,1,2,2,2.0,1,75106,M,,,75
201200054265,12,7,10,130,5,2,2,1.0,7,75106,M,,,75
201200054266,12,7,13,2255,5,2,2,3.0,3,75106,M,,,75
201200054267,12,7,16,2120,2,2,5,1.0,2,75106,M,,,75
201200054268,12,7,23,1232,1,2,3,1.0,7,75106,M,,,75
201200054269,12,7,23,1924,1,2,5,1.0,3,75106,M,,,75
201200054270,12,7,24,1620,1,2,1,1.0,2,75106,M,,,75
201200054271,12,7,25,830,1,2,1,1.0,2,75106,M,,,75
201200054272,12,7,26,1610,1,2,2,1.0,6,75106,M,,,75
201200054273,12,7,28,1825,1,2,2,1.0,3,75106,M,,,75
201200054274,12,7,31,1735,1,2,2,1.0,3,75106,M,,,75
201200054275,12,8,3,956,1,2,5,1.0,6,75106,M,,,75
201200054276,12,8,13,1720,1,2,2,1.0,3,75106,M,,,75
201200054277,12,8,19,1620,1,2,1,1.0,6,75106,M,,,75
201200054278,12,8,23,420,5,2,2,1.0,3,75106,M,,,75
201200054279,12,8,24,1919,1,2,1,8.0,6,75106,M,,,75
201200054280,12,9,7,1245,1,2,3,1.0,3,75105,M,,,75
201200054281,12,9,10,2340,3,2,3,1.0,7,75106,M,,,75
201200054282,12,9,14,840,1,2,2,1.0,6,75106,M,,,75
201200054283,12,9,14,1615,1,2,1,1.0,7,75106,M,,,75
201200054284,12,9,15,1525,1,2,7,1.0,2,75106,M,,,75
201200054285,12,9,16,1840,1,2,2,1.0,6,75106,M,,,75
201200054286,12,9,17,1520,1,2,4,1.0,6,75106,M,,,75
201200054287,12,9,24,1640,1,2,1,1.0,6,75106,M,,,75
201200054288,12,9,28,1315,1,2,3,1.0,6,75106,M,,,75
201200054289,12,9,28,1525,1,2,2,1.0,3,75107,M,,,75
201200054290,12,9,29,16,5,2,1,1.0,6,75106,M,,,75
201200054291,12,9,29,715,2,2,3,1.0,7,75106,M,,,75
201200054292,12,9,29,1115,1,2,4,1.0,6,75106,M,,,75
201200054293,12,10,3,1250,1,2,2,1.0,7,75106,M,,,75
201200054294,12,10,3,1610,1,2,2,2.0,1,75106,M,,,75
201200054295,12,10,6,1935,5,2,5,3.0,7,75106,M,,,75
201200054296,12,10,9,915,1,2,1,2.0,6,75106,M,,,75
201200054297,12,10,9,1740,1,2,5,8.0,6,75106,M,,,75
201200054298,12,10,9,1900,5,2,5,1.0,3,75106,M,,,75
201200054299,12,10,10,1247,1,2,2,1.0,6,75106,M,,,75
201200054300,12,10,12,1155,1,2,7,1.0,3,75106,M,,,75
201200054301,12,10,12,1545,1,2,2,1.0,3,75106,M,,,75
201200054302,12,10,16,930,1,2,2,8.0,7,75106,M,,,75
201200054303,12,10,16,1230,1,2,3,1.0,3,75106,M,,,75
201200054304,12,10,20,1000,1,2,7,3.0,6,75106,M,,,75
201200054305,12,10,23,1225,1,2,7,1.0,6,75114,M,,,75
201200054306,12,10,28,214,5,2,2,1.0,6,75106,M,,,75
201200054307,12,10,28,2105,5,2,5,1.0,2,75106,M,,,75
201200054308,12,10,30,2327,5,2,5,1.0,3,75106,M,,,75
201200054309,12,10,31,1210,1,2,2,1.0,3,75106,M,,,75
201200054310,12,10,31,1710,5,2,2,1.0,7,75106,M,,,75
201200054311,12,11,8,1515,1,2,3,1.0,6,75106,M,,,75
201200054312,12,11,9,2340,5,2,1,2.0,6,75106,M,,,75
201200054313,12,11,12,1850,5,2,2,1.0,6,75106,M,,,75
201200054314,12,11,13,1746,5,2,2,2.0,6,75106,M,,,75
201200054315,12,11,14,1350,1,2,3,1.0,6,75106,M,,,75
201200054316,12,11,15,1145,1,2,3,1.0,3,75106,M,,,75
201200054317,12,11,15,1340,1,2,1,1.0,3,75106,M,,,75
201200054318,12,11,16,547,5,2,7,1.0,3,75106,M,,,75
201200054319,12,11,19,815,1,2,3,1.0,3,75106,M,,,75
201200054320,12,11,19,1625,1,2,4,1.0,6,75106,M,,,75
201200054321,12,11,19,2023,5,2,7,1.0,2,75106,M,,,75
201200054322,12,11,22,1235,1,2,2,1.0,2,75106,M,,,75
201200054323,12,11,23,2220,5,2,2,2.0,6,75106,M,,,75
201200054324,12,11,24,1333,1,2,7,1.0,3,75106,M,,,75
201200054325,12,11,24,2035,5,2,2,1.0,2,75106,M,,,75
201200054326,12,11,27,620,5,2,1,2.0,2,75106,M,,,75
201200054327,12,11,27,1325,1,2,1,2.0,6,75106,M,,,75
201200054328,12,11,30,1330,1,2,2,1.0,4,75106,M,,,75
201200054329,12,12,1,130,5,2,2,1.0,3,75106,M,,,75
201200054330,12,12,3,750,2,2,5,2.0,3,75106,M,,,75
201200054331,12,12,6,1750,5,2,1,1.0,6,75106,M,,,75
201200054332,12,12,13,1325,1,2,3,1.0,6,75106,M,,,75
201200054333,12,12,14,1745,5,2,3,2.0,6,75106,M,,,75
201200054334,12,12,16,1703,5,2,2,1.0,3,75106,M,,,75
201200054335,12,12,20,950,1,2,1,2.0,7,75106,M,,,75
201200054336,12,12,22,115,5,2,2,1.0,3,75106,M,,,75
201200054337,12,1,1,1725,5,2,7,2.0,6,75107,M,,,75
201200054338,12,1,3,1315,1,2,2,6.0,6,75107,M,,,75
201200054339,12,1,3,1505,1,2,4,8.0,3,75107,M,,,75
201200054340,12,1,4,2330,5,2,2,1.0,3,75107,M,,,75
201200054341,12,1,6,945,1,2,5,1.0,7,75107,M,,,75
201200054342,12,1,6,1810,5,2,2,1.0,6,75107,M,,,75
201200054343,12,1,9,1800,5,2,3,2.0,2,75107,M,,,75
201200054344,12,1,14,1700,1,2,1,1.0,6,75107,M,,,75
201200054345,12,1,15,2300,5,2,1,1.0,6,75107,M,,,75
201200054346,12,1,16,1345,1,2,3,1.0,6,75107,M,,,75
201200054347,12,1,17,920,1,2,1,1.0,3,75107,M,,,75
201200054348,12,1,17,1940,5,2,7,1.0,3,75107,M,,,75
201200054349,12,1,17,2000,3,2,5,1.0,6,75107,M,,,75
201200054350,12,1,18,1120,2,2,2,1.0,7,75107,M,,,75
201200054351,12,1,18,1120,1,2,2,1.0,6,75107,M,,,75
201200054352,12,1,18,2045,5,2,1,2.0,2,75107,M,,,75
201200054353,12,1,19,1040,1,2,1,8.0,6,75107,M,,,75
201200054354,12,1,20,1340,1,2,1,2.0,3,75107,M,,,75
201200054355,12,1,25,755,2,2,7,2.0,6,75107,M,,,75
201200054356,12,1,25,1030,1,2,7,2.0,7,75107,M,,,75
201200054357,12,1,27,1210,1,2,3,1.0,6,75107,M,,,75
201200054358,12,2,2,1145,1,2,4,1.0,7,75107,M,,,75
201200054359,12,2,2,1920,5,2,1,1.0,7,75107,M,,,75
201200054360,12,2,5,540,5,2,2,1.0,3,75107,M,,,75
201200054361,12,2,5,750,2,2,1,4.0,6,75107,M,,,75
201200054362,12,2,6,1325,1,2,4,1.0,3,75107,M,,,75
201200054363,12,2,7,1255,1,2,2,1.0,3,75107,M,,,75
201200054364,12,2,7,1755,2,2,2,1.0,6,75107,M,,,75
201200054365,12,2,10,800,2,2,2,8.0,6,75107,M,,,75
201200054366,12,2,14,1405,1,2,1,1.0,6,75107,M,,,75
201200054367,12,2,16,1315,1,2,5,1.0,3,75107,M,,,75
201200054368,12,2,20,855,1,2,1,1.0,3,75115,M,,,75
201200054369,12,2,22,1840,2,2,2,1.0,3,75107,M,,,75
201200054370,12,2,27,1940,2,2,1,8.0,6,75107,M,,,75
201200054371,12,3,2,2110,5,2,5,1.0,6,75107,M,,,75
201200054372,12,3,6,1205,1,2,5,2.0,3,75107,M,,,75
201200054373,12,3,6,2030,5,2,5,1.0,6,75107,M,,,75
201200054374,12,3,10,915,1,2,2,1.0,2,75107,M,,,75
201200054375,12,3,12,2335,5,2,1,1.0,2,75107,M,,,75
201200054376,12,3,15,1735,1,2,4,1.0,3,75107,M,,,75
201200054377,12,3,15,2300,5,2,7,1.0,3,75107,M,,,75
201200054378,12,3,16,1540,1,2,2,1.0,6,75107,M,,,75
201200054379,12,3,17,215,5,2,1,1.0,7,75107,M,,,75
201200054380,12,3,20,2015,5,2,3,1.0,1,75107,M,,,75
201200054381,12,3,21,1055,1,2,1,1.0,2,75107,M,,,75
201200054382,12,3,22,1505,1,2,1,1.0,2,75107,M,,,75
201200054383,12,3,22,1935,5,2,1,1.0,2,75107,M,,,75
201200054384,12,3,23,1915,5,2,5,1.0,3,75107,M,,,75
201200054385,12,3,25,1800,1,2,5,1.0,4,75107,M,,,75
201200054386,12,3,27,845,1,2,2,1.0,3,75107,M,,,75
201200054387,12,3,27,1820,1,2,2,1.0,3,75107,M,,,75
201200054388,12,3,27,2345,3,2,1,1.0,6,75107,M,,,75
201200054389,12,4,2,1625,1,2,1,1.0,6,75107,M,,,75
201200054390,12,4,5,1610,1,2,1,1.0,2,75107,M,,,75
201200054391,12,4,7,149,5,2,4,1.0,6,75107,M,,,75
201200054392,12,4,13,850,1,2,2,1.0,1,75107,M,,,75
201200054393,12,4,14,30,5,2,4,1.0,6,75107,M,,,75
201200054394,12,4,17,750,1,2,1,1.0,2,75107,M,,,75
201200054395,12,4,17,1350,1,2,1,2.0,6,75107,M,,,75
201200054396,12,4,18,1220,1,2,2,1.0,7,75107,M,,,75
201200054397,12,4,19,945,1,2,5,1.0,3,75107,M,,,75
201200054398,12,4,20,1310,1,2,5,1.0,6,75107,M,,,75
201200054399,12,4,29,1135,1,2,1,8.0,6,75107,M,,,75
201200054400,12,4,30,1215,1,2,1,1.0,6,75107,M,,,75
201200054401,12,5,1,1205,1,2,4,1.0,7,75107,M,,,75
201200054402,12,5,2,900,1,2,1,1.0,2,75107,M,,,75
201200054403,12,5,3,935,1,2,1,8.0,3,75107,M,,,75
201200054404,12,5,3,2220,5,2,5,1.0,3,75107,M,,,75
201200054405,12,5,5,1915,2,2,3,3.0,7,75107,M,,,75
201200054406,12,5,6,950,1,2,1,1.0,6,75107,M,,,75
201200054407,12,5,6,950,1,2,3,8.0,6,75107,M,,,75
201200054408,12,5,9,1510,1,2,1,8.0,2,75107,M,,,75
201200054409,12,5,14,1845,1,2,1,1.0,3,75107,M,,,75
201200054410,12,5,15,910,1,2,1,1.0,4,75107,M,,,75
201200054411,12,5,15,1520,1,2,2,2.0,6,75107,M,,,75
201200054412,12,5,16,845,1,2,2,1.0,2,75107,M,,,75
201200054413,12,5,18,1700,1,2,5,8.0,3,75107,M,,,75
201200054414,12,5,21,800,1,2,3,1.0,6,75107,M,,,75
201200054415,12,5,21,1105,1,2,7,3.0,6,75107,M,,,75
201200054416,12,5,24,815,2,2,1,1.0,3,75107,M,,,75
201200054417,12,5,25,1745,1,2,1,1.0,6,75107,M,,,75
201200054418,12,5,29,1620,1,2,2,7.0,6,75107,M,,,75
201200054419,12,5,29,2000,1,2,7,1.0,2,75107,M,,,75
201200054420,12,5,30,840,1,2,3,1.0,3,75107,M,,,75
201200054421,12,5,30,1815,1,2,1,1.0,6,75107,M,,,75
201200054422,12,5,30,2038,2,2,5,3.0,3,75107,M,,,75
201200054423,12,6,1,1715,1,2,3,1.0,6,75107,M,,,75
201200054424,12,6,1,1740,1,2,3,1.0,6,75107,M,,,75
201200054425,12,6,1,2325,3,2,7,1.0,3,75107,M,,,75
201200054426,12,6,2,1500,1,2,1,1.0,6,75107,M,,,75
201200054427,12,6,4,1125,1,2,1,1.0,3,75107,M,,,75
201200054428,12,6,3,1545,1,2,2,1.0,6,75107,M,,,75
201200054429,12,6,4,1615,1,2,5,8.0,3,75107,M,,,75
201200054430,12,6,6,300,5,2,3,1.0,6,75107,M,,,75
201200054431,12,6,12,1,5,2,5,8.0,6,75107,M,,,75
201200054432,12,6,14,1600,1,2,1,1.0,6,75107,M,,,75
201200054433,12,6,15,915,1,2,1,2.0,7,75107,M,,,75
201200054434,12,6,15,1740,1,2,1,1.0,6,75107,M,,,75
201200054435,12,6,15,2045,2,2,2,2.0,7,75107,M,,,75
201200054436,12,6,19,2030,2,2,1,2.0,6,75107,M,,,75
201200054437,12,6,19,2335,5,2,3,2.0,6,75107,M,,,75
201200054438,12,6,20,2005,1,2,2,1.0,1,75107,M,,,75
201200054439,12,6,21,1020,1,2,2,1.0,6,75107,M,,,75
201200054440,12,6,25,910,1,2,3,1.0,2,75107,M,,,75
201200054441,12,6,26,1350,1,2,2,1.0,1,75107,M,,,75
201200054442,12,6,28,1710,1,2,5,1.0,2,75107,M,,,75
201200054443,12,6,30,1140,1,2,2,1.0,3,75107,M,,,75
201200054444,12,7,1,1040,1,2,4,1.0,6,75115,M,,,75
201200054445,12,7,2,1940,1,2,5,1.0,6,75107,M,,,75
201200054446,12,7,3,1630,1,2,1,1.0,3,75107,M,,,75
201200054447,12,7,4,1250,1,2,1,1.0,3,75107,M,,,75
201200054448,12,7,5,1050,1,2,2,1.0,6,75107,M,,,75
201200054449,12,7,6,1540,1,2,2,1.0,6,75107,M,,,75
201200054450,12,7,6,2025,1,2,3,1.0,6,75107,M,,,75
201200054451,12,7,7,2320,5,2,3,2.0,3,75107,M,,,75
201200054452,12,7,13,2010,1,2,5,2.0,3,75107,M,,,75
201200054453,12,7,20,1515,1,2,2,8.0,4,75107,M,,,75
201200054454,12,7,21,400,5,2,3,1.0,3,75107,M,,,75
201200054455,12,7,21,2000,1,2,5,1.0,3,75107,M,,,75
201200054456,12,7,22,1540,1,2,2,1.0,3,75107,M,,,75
201200054457,12,7,23,327,5,2,5,1.0,6,75107,M,,,75
201200054458,12,7,24,1750,1,2,1,1.0,6,75107,M,,,75
201200054459,12,7,26,945,1,2,5,1.0,7,75107,M,,,75
201200054460,12,7,28,1545,1,2,1,1.0,7,75107,M,,,75
201200054461,12,7,28,2325,5,2,2,1.0,3,75107,M,,,75
201200054462,12,8,2,340,5,2,1,1.0,6,75107,M,,,75
201200054463,12,8,6,1810,1,2,1,1.0,2,75107,M,,,75
201200054464,12,8,8,1245,1,2,2,1.0,3,75107,M,,,75
201200054465,12,8,9,1740,1,2,4,7.0,3,75107,M,,,75
201200054466,12,8,11,405,5,2,1,1.0,6,75107,M,,,75
201200054467,12,8,15,1227,1,2,5,1.0,6,75107,M,,,75
201200054468,12,8,23,136,5,2,2,1.0,3,75107,M,,,75
201200054469,12,8,24,1440,1,2,2,1.0,6,75107,M,,,75
201200054470,12,8,31,1955,1,2,5,1.0,6,75107,M,,,75
201200054471,12,8,31,2015,5,2,3,1.0,1,75107,M,,,75
201200054472,12,9,3,1345,1,2,1,1.0,3,75107,M,,,75
201200054473,12,9,3,1835,1,2,1,1.0,2,75107,M,,,75
201200054474,12,9,4,830,1,2,3,1.0,7,75107,M,,,75
201200054475,12,9,4,950,1,2,7,1.0,3,75107,M,,,75
201200054476,12,9,5,1810,1,2,2,1.0,3,75107,M,,,75
201200054477,12,9,7,800,1,2,5,7.0,3,75107,M,,,75
201200054478,12,9,13,1820,1,2,1,1.0,6,75107,M,,,75
201200054479,12,9,17,1505,1,2,7,1.0,6,75107,M,,,75
201200054480,12,9,20,1000,1,2,5,1.0,3,75107,M,,,75
201200054481,12,9,21,1100,1,2,2,1.0,3,75107,M,,,75
201200054482,12,9,23,1650,1,2,3,1.0,3,75107,M,,,75
201200054483,12,9,25,1810,1,2,3,1.0,6,75107,M,,,75
201200054484,12,9,26,2135,4,2,3,2.0,3,75107,M,,,75
201200054485,12,9,27,1425,1,2,3,1.0,7,75107,M,,,75
201200054486,12,9,28,1750,1,2,5,1.0,3,75107,M,,,75
201200054487,12,9,28,1705,1,2,5,1.0,3,75107,M,,,75
201200054488,12,9,29,105,5,2,3,1.0,2,75107,M,,,75
201200054489,12,9,29,1325,1,2,1,1.0,4,75107,M,,,75
201200054490,12,9,30,1705,1,2,1,1.0,6,75107,M,,,75
201200054491,12,10,2,1210,1,2,2,1.0,6,75107,M,,,75
201200054492,12,10,3,1900,5,2,7,2.0,2,75107,M,,,75
201200054493,12,10,5,2200,2,2,1,1.0,7,75107,M,,,75
201200054494,12,10,6,1845,5,2,7,2.0,3,75107,M,,,75
201200054495,12,10,6,1910,5,2,1,2.0,2,75107,M,,,75
201200054496,12,10,6,2040,5,2,1,2.0,7,75107,M,,,75
201200054497,12,10,6,2300,5,2,5,2.0,6,75107,M,,,75
201200054498,12,10,7,2125,5,2,5,1.0,3,75107,M,,,75
201200054499,12,10,9,810,1,2,5,2.0,7,75107,M,,,75
201200054500,12,10,9,1535,1,2,1,1.0,3,75107,M,,,75
201200054501,12,10,10,1005,1,2,4,2.0,3,75107,M,,,75
201200054502,12,10,15,1245,1,2,2,1.0,6,75107,M,,,75
201200054503,12,10,16,1500,1,2,4,8.0,3,75107,M,,,75
201200054504,12,10,16,1620,1,2,2,1.0,2,75107,M,,,75
201200054505,12,10,16,1740,1,2,4,1.0,1,75107,M,,,75
201200054506,12,10,17,1931,3,2,2,2.0,6,75107,M,,,75
201200054507,12,10,19,1635,1,2,1,2.0,6,75107,M,,,75
201200054508,12,10,19,2300,5,2,2,2.0,3,75107,M,,,75
201200054509,12,10,21,200,5,2,3,2.0,6,75107,M,,,75
201200054510,12,10,23,959,1,2,2,8.0,6,75107,M,,,75
201200054511,12,10,23,1039,1,2,2,1.0,5,75107,M,,,75
201200054512,12,10,23,1300,1,2,7,1.0,3,75107,M,,,75
201200054513,12,10,23,2205,5,2,5,1.0,3,75107,M,,,75
201200054514,12,10,26,1610,1,2,3,8.0,2,75107,M,,,75
201200054515,12,10,26,1730,5,2,7,2.0,2,75107,M,,,75
201200054516,12,10,27,1830,2,2,3,1.0,3,75107,M,,,75
201200054517,12,10,28,1310,1,2,1,1.0,6,75107,M,,,75
201200054518,12,10,30,2250,5,2,2,1.0,6,75107,M,,,75
201200054519,12,11,2,1120,1,2,1,2.0,6,75107,M,,,75
201200054520,12,11,4,2235,5,2,5,1.0,3,75107,M,,,75
201200054521,12,11,5,1450,1,2,3,2.0,6,75107,M,,,75
201200054522,12,11,6,1815,5,2,1,8.0,3,75107,M,,,75
201200054523,12,11,7,1530,1,2,3,1.0,6,75107,M,,,75
201200054524,12,11,7,2030,5,2,5,1.0,6,75107,M,,,75
201200054525,12,11,9,1105,1,2,5,1.0,3,75107,M,,,75
201200054526,12,11,9,2315,5,2,1,2.0,6,75107,M,,,75
201200054527,12,11,10,120,5,2,7,2.0,2,75107,M,,,75
201200054528,12,11,12,1600,1,2,7,1.0,2,75107,M,,,75
201200054529,12,11,14,1515,1,2,5,8.0,6,75107,M,,,75
201200054530,12,11,16,1650,2,2,3,1.0,3,75107,M,,,75
201200054531,12,11,18,1555,1,2,2,8.0,6,75107,M,,,75
201200054532,12,11,21,950,1,2,7,2.0,3,75107,M,,,75
201200054533,12,11,22,1025,1,2,2,8.0,7,75107,M,,,75
201200054534,12,11,23,1250,1,2,5,2.0,7,75107,M,,,75
201200054535,12,11,23,2315,5,2,2,2.0,2,75107,M,,,75
201200054536,12,11,26,1315,1,2,3,1.0,7,75107,M,,,75
201200054537,12,11,27,1305,1,2,7,2.0,6,75107,M,,,75
201200054538,12,11,27,1325,1,2,3,2.0,7,75107,M,,,75
201200054539,12,11,27,1335,1,2,7,2.0,5,75107,M,,,75
201200054540,12,11,30,755,2,2,4,1.0,3,75107,M,,,75
201200054541,12,12,2,1810,5,2,5,1.0,6,75107,M,,,75
201200054542,12,12,3,2000,5,2,1,1.0,2,75107,M,,,75
201200054543,12,12,4,1510,1,2,3,1.0,3,75107,M,,,75
201200054544,12,12,6,1000,1,2,1,1.0,7,75107,M,,,75
201200054545,12,12,12,755,2,2,1,1.0,3,75107,M,,,75
201200054546,12,12,12,1945,5,2,3,1.0,3,75107,M,,,75
201200054547,12,12,14,830,5,2,7,8.0,6,75107,M,,,75
201200054548,12,12,19,1430,1,2,2,8.0,6,75107,M,,,75
201200054549,12,12,20,1635,1,2,2,8.0,6,75107,M,,,75
201200054550,12,12,20,2250,5,2,2,1.0,3,75107,M,,,75
201200054551,12,12,21,2330,5,2,5,1.0,6,75107,M,,,75
201200054552,12,12,24,1300,1,2,1,1.0,6,75107,M,,,75
201200054553,12,12,26,1720,2,2,2,1.0,6,75107,M,,,75
201200054554,12,1,1,515,5,2,7,1.0,6,75108,M,,,75
201200054555,12,1,2,855,1,2,1,1.0,6,75108,M,,,75
201200054556,12,1,4,905,1,2,2,1.0,6,75108,M,,,75
201200054557,12,1,4,1050,1,2,2,1.0,6,75108,M,,,75
201200054558,12,1,4,2020,5,2,7,1.0,3,75108,M,,,75
201200054559,12,1,6,1530,1,2,7,1.0,2,75108,M,,,75
201200054560,12,1,9,820,2,2,4,2.0,7,75108,M,,,75
201200054561,12,1,12,1515,1,2,1,1.0,7,75108,M,,,75
201200054562,12,1,12,1830,5,2,2,1.0,6,75108,M,,,75
201200054563,12,1,13,215,5,2,2,1.0,1,75108,M,,,75
201200054564,12,1,13,900,1,2,1,1.0,2,75108,M,,,75
201200054565,12,1,13,1530,1,2,4,1.0,6,75108,M,,,75
201200054566,12,1,13,2100,5,2,2,1.0,3,75108,M,,,75
201200054567,12,1,14,1700,1,2,1,1.0,7,75108,M,,,75
201200054568,12,1,15,455,5,2,1,1.0,6,75108,M,,,75
201200054569,12,1,15,1300,1,2,2,1.0,2,75108,M,,,75
201200054570,12,1,15,1845,5,2,7,1.0,6,75108,M,,,75
201200054571,12,1,15,1900,5,2,2,1.0,2,75108,M,,,75
201200054572,12,1,16,2329,5,2,7,1.0,3,75108,M,,,75
201200054573,12,1,17,1310,1,2,2,1.0,1,75117,M,,,75
201200054574,12,1,17,1320,1,2,1,1.0,2,75108,M,,,75
201200054575,12,1,18,1050,1,2,1,1.0,2,75108,M,,,75
201200054576,12,1,18,1415,1,2,1,1.0,6,75108,M,,,75
201200054577,12,1,19,1930,5,2,1,2.0,3,75108,M,,,75
201200054578,12,1,20,735,5,2,2,1.0,6,75108,M,,,75
201200054579,12,1,20,1230,1,2,2,1.0,6,75108,M,,,75
201200054580,12,1,21,110,5,2,1,1.0,3,75108,M,,,75
201200054581,12,1,24,1720,2,2,1,2.0,6,75108,M,,,75
201200054582,12,1,25,45,5,2,7,2.0,3,75108,M,,,75
201200054583,12,1,25,915,1,2,1,2.0,7,75108,M,,,75
201200054584,12,1,25,1630,1,2,1,8.0,3,75108,M,,,75
201200054585,12,1,25,2150,5,2,7,1.0,6,75108,M,,,75
201200054586,12,1,26,1740,5,2,1,1.0,2,75108,M,,,75
201200054587,12,1,26,1320,1,2,5,3.0,3,75108,M,,,75
201200054588,12,1,27,1950,5,2,1,1.0,2,75108,M,,,75
201200054589,12,1,28,433,5,2,7,2.0,6,75108,M,,,75
201200054590,12,1,29,1230,1,2,7,1.0,5,75108,M,,,75
201200054591,12,1,29,1450,1,2,2,1.0,6,75108,M,,,75
201200054592,12,1,30,1130,1,2,7,1.0,3,75108,M,,,75
201200054593,12,1,31,1440,1,2,7,1.0,3,75108,M,,,75
201200054594,12,2,1,100,5,2,7,1.0,6,75108,M,,,75
201200054595,12,2,1,1644,1,2,1,1.0,2,75108,M,,,75
201200054596,12,2,1,2015,5,2,1,4.0,7,75108,M,,,75
201200054597,12,2,1,2300,5,2,7,1.0,3,75108,M,,,75
201200054598,12,2,7,855,1,2,5,1.0,6,75108,M,,,75
201200054599,12,2,8,5,5,2,5,4.0,6,75108,M,,,75
201200054600,12,2,9,2340,5,2,2,1.0,6,75108,M,,,75
201200054601,12,2,10,1055,1,2,2,1.0,2,75108,M,,,75
201200054602,12,2,10,1158,1,2,1,1.0,6,75108,M,,,75
201200054603,12,2,11,10,5,2,2,1.0,1,75108,M,,,75
201200054604,12,2,13,1740,5,2,1,2.0,6,75108,M,,,75
201200054605,12,2,13,1830,5,2,7,1.0,2,75108,M,,,75
201200054606,12,2,14,1930,5,2,7,2.0,6,75108,M,,,75
201200054607,12,2,15,900,1,2,2,2.0,3,75108,M,,,75
201200054608,12,2,15,1030,1,2,2,1.0,6,75108,M,,,75
201200054609,12,2,16,1435,1,2,1,1.0,6,75117,M,,,75
201200054610,12,2,17,1200,1,2,1,1.0,7,75108,M,,,75
201200054611,12,2,17,1910,5,2,5,2.0,6,75108,M,,,75
201200054612,12,2,18,115,5,2,5,2.0,6,75108,M,,,75
201200054613,12,2,22,830,1,2,7,1.0,3,75108,M,,,75
201200054614,12,2,22,950,1,2,7,1.0,2,75108,M,,,75
201200054615,12,2,22,2135,5,2,2,1.0,3,75108,M,,,75
201200054616,12,2,23,2000,5,2,2,1.0,7,75108,M,,,75
201200054617,12,2,24,1645,1,2,2,1.0,6,75108,M,,,75
201200054618,12,2,26,445,5,2,1,1.0,3,75108,M,,,75
201200054619,12,2,27,1300,1,2,3,1.0,3,75108,M,,,75
201200054620,12,2,27,1615,1,2,7,1.0,6,75108,M,,,75
201200054621,12,2,28,1455,1,2,2,1.0,6,75108,M,,,75
201200054622,12,2,29,1310,1,2,1,1.0,3,75108,M,,,75
201200054623,12,2,29,1445,1,2,2,1.0,6,75108,M,,,75
201200054624,12,3,2,1610,1,2,1,8.0,6,75108,M,,,75