Num_Acc,an,mois,jour,hrmn,lum,agg,int,atm,col,com,gps,lat,long,dep
201200054625,12,3,4,1715,1,2,1,2.0,7,75108,M,,,75
201200054626,12,3,7,1105,1,2,1,1.0,6,75108,M,,,75
201200054627,12,3,7,1430,1,2,2,2.0,7,75108,M,,,75
201200054628,12,3,7,1820,5,2,1,2.0,3,75108,M,,,75
201200054629,12,3,8,815,1,2,1,1.0,3,75108,M,,,75
201200054630,12,3,8,844,1,2,5,1.0,1,75108,M,,,75
201200054631,12,3,9,110,5,2,5,1.0,1,75108,M,,,75
201200054632,12,3,9,930,1,2,7,1.0,3,75108,M,,,75
201200054633,12,3,11,1910,5,2,1,1.0,2,75108,M,,,75
201200054634,12,3,12,1830,2,2,5,1.0,6,75108,M,,,75
201200054635,12,3,12,1930,5,2,1,1.0,2,75108,M,,,75
201200054636,12,3,13,750,1,2,3,1.0,6,75108,M,,,75
201200054637,12,3,13,1440,1,2,7,1.0,3,75108,M,,,75
201200054638,12,3,13,1700,1,2,2,1.0,6,75108,M,,,75
201200054639,12,3,14,1000,1,2,7,1.0,2,75108,M,,,75
201200054640,12,3,14,1930,5,2,2,1.0,6,75108,M,,,75
201200054641,12,3,15,1000,1,2,1,1.0,3,75108,M,,,75
201200054642,12,3,18,1440,1,2,2,2.0,7,75108,M,,,75
201200054643,12,3,18,1800,1,2,1,1.0,7,75108,M,,,75
201200054644,12,3,19,930,1,2,2,1.0,3,75108,M,,,75
201200054645,12,3,19,1100,1,2,1,1.0,2,75108,M,,,75
201200054646,12,3,20,1000,1,2,4,1.0,3,75117,M,,,75
201200054647,12,3,20,1215,1,2,7,1.0,2,75108,M,,,75
201200054648,12,3,24,620,2,2,2,1.0,6,75108,M,,,75
201200054649,12,3,25,1835,1,2,7,1.0,7,75108,M,,,75
201200054650,12,3,25,531,5,2,1,1.0,3,75108,M,,,75
201200054651,12,3,25,2315,5,2,3,1.0,6,75108,M,,,75
201200054652,12,3,27,1800,1,2,2,1.0,3,75108,M,,,75
201200054653,12,3,28,1045,1,2,7,1.0,3,75108,M,,,75
201200054654,12,3,28,1245,1,2,1,1.0,4,75108,M,,,75
201200054655,12,3,29,421,5,2,2,1.0,6,75108,M,,,75
201200054656,12,3,29,1220,1,2,1,1.0,1,75108,M,,,75
201200054657,12,4,4,1005,1,2,7,1.0,3,75108,M,,,75
201200054658,12,4,4,1010,1,2,3,1.0,6,75108,M,,,75
201200054659,12,4,4,930,1,2,1,1.0,3,75108,M,,,75
201200054660,12,4,5,1800,1,2,7,1.0,6,75108,M,,,75
201200054661,12,4,6,400,5,2,1,1.0,6,75108,M,,,75
201200054662,12,4,8,1000,1,2,3,1.0,3,75108,M,,,75
201200054663,12,4,12,830,1,2,1,1.0,6,75116,M,,,75
201200054664,12,4,12,1010,1,2,7,1.0,3,75108,M,,,75
201200054665,12,4,15,2215,5,2,7,1.0,3,75108,M,,,75
201200054666,12,4,16,810,1,2,7,1.0,3,75108,M,,,75
201200054667,12,4,17,526,5,2,1,1.0,6,75108,M,,,75
201200054668,12,4,17,2010,2,2,3,1.0,2,75108,M,,,75
201200054669,12,4,18,900,1,2,7,1.0,6,75117,M,,,75
201200054670,12,4,18,1110,1,2,2,2.0,7,75108,M,,,75
201200054671,12,4,24,2030,1,2,5,1.0,4,75108,M,,,75
201200054672,12,4,25,1350,1,2,1,3.0,2,75108,M,,,75
201200054673,12,4,26,905,1,2,7,1.0,3,75108,M,,,75
201200054674,12,4,26,1625,1,2,1,1.0,2,75108,M,,,75
201200054675,12,4,27,1200,1,2,1,8.0,3,75108,M,,,75
201200054676,12,4,27,1630,1,2,7,1.0,3,75108,M,,,75
201200054677,12,5,1,920,1,2,1,1.0,6,75108,M,,,75
201200054678,12,5,1,1130,1,2,1,1.0,2,75108,M,,,75
201200054679,12,5,1,1840,1,2,5,1.0,3,75108,M,,,75
201200054680,12,5,2,1935,1,2,7,3.0,6,75108,M,,,75
201200054681,12,5,3,55,5,2,7,2.0,6,75108,M,,,75
201200054682,12,5,4,1320,1,2,7,1.0,3,75108,M,,,75
201200054683,12,5,4,1340,1,2,1,8.0,3,75108,M,,,75
201200054684,12,5,6,540,5,2,1,3.0,6,75108,M,,,75
201200054685,12,5,8,1320,1,2,2,8.0,6,75108,M,,,75
201200054686,12,5,9,1810,1,2,1,1.0,2,75108,M,,,75
201200054687,12,5,10,1020,1,2,1,1.0,4,75108,M,,,75
201200054688,12,5,10,1200,1,2,1,1.0,6,75108,M,,,75
201200054689,12,5,10,1930,1,2,7,1.0,3,75108,M,,,75
201200054690,12,5,11,2345,5,2,2,1.0,6,75108,M,,,75
201200054691,12,5,12,520,2,2,2,1.0,6,75108,M,,,75
201200054692,12,5,12,930,1,2,1,1.0,2,75108,M,,,75
201200054693,12,5,12,1245,1,2,1,1.0,6,75108,M,,,75
201200054694,12,5,12,1810,1,2,1,1.0,3,75108,M,,,75
201200054695,12,5,12,1830,1,2,2,1.0,3,75108,M,,,75
201200054696,12,5,13,1630,1,2,7,1.0,6,75108,M,,,75
201200054697,12,5,15,740,1,2,7,1.0,6,75108,M,,,75
201200054698,12,5,15,1700,1,2,5,8.0,3,75108,M,,,75
201200054699,12,5,16,46,5,2,2,1.0,3,75108,M,,,75
201200054700,12,5,15,1325,1,2,1,8.0,7,75108,M,,,75
201200054701,12,5,16,1455,1,2,7,1.0,3,75108,M,,,75
201200054702,12,5,18,1105,1,2,1,1.0,6,75108,M,,,75
201200054703,12,5,22,800,1,2,2,1.0,6,75108,M,,,75
201200054704,12,5,22,900,1,2,1,1.0,6,75108,M,,,75
201200054705,12,5,23,1145,1,2,1,1.0,3,75108,M,,,75
201200054706,12,5,23,2305,5,2,2,1.0,3,75108,M,,,75
201200054707,12,5,24,1800,1,2,1,1.0,6,75108,M,,,75
201200054708,12,5,24,1930,1,2,1,1.0,3,75108,M,,,75
201200054709,12,5,24,1959,1,2,1,1.0,6,75108,M,,,75
201200054710,12,5,25,1540,1,2,2,1.0,6,75108,M,,,75
201200054711,12,5,27,1230,1,2,1,1.0,6,75108,M,,,75
201200054712,12,5,30,25,5,2,3,1.0,2,75108,M,,,75
201200054713,12,5,30,900,1,2,7,1.0,2,75108,M,,,75
201200054714,12,5,30,1539,1,2,7,1.0,3,75108,M,,,75
201200054715,12,5,30,1855,1,2,3,1.0,2,75108,M,,,75
201200054716,12,5,31,1900,1,2,1,1.0,3,75108,M,,,75
201200054717,12,5,31,1925,1,2,5,1.0,6,75108,M,,,75
201200054718,12,5,31,1300,1,2,1,1.0,3,75108,M,,,75
201200054719,12,6,3,230,5,2,4,3.0,7,75108,M,,,75
201200054720,12,6,2,1305,1,2,1,1.0,4,75108,M,,,75
201200054721,12,6,4,915,1,2,2,1.0,3,75108,M,,,75
201200054722,12,6,5,1015,1,2,5,1.0,7,75116,M,,,75
201200054723,12,6,5,1835,1,2,3,2.0,3,75108,M,,,75
201200054724,12,6,8,1405,1,2,1,8.0,6,75108,M,,,75
201200054725,12,6,8,2120,5,2,2,1.0,3,75108,M,,,75
201200054726,12,6,10,1135,1,2,2,1.0,6,75108,M,,,75
201200054727,12,6,12,930,1,2,1,2.0,3,75108,M,,,75
201200054728,12,6,12,1430,1,2,1,1.0,3,75108,M,,,75
201200054729,12,6,13,2121,5,2,3,1.0,2,75108,M,,,75
201200054730,12,6,14,1430,1,2,5,1.0,6,75108,M,,,75
201200054731,12,6,15,930,1,2,2,2.0,7,75116,M,,,75
201200054732,12,6,16,1835,1,2,2,1.0,6,75108,M,,,75
201200054733,12,6,17,450,5,2,1,1.0,6,75108,M,,,75
201200054734,12,6,17,645,2,2,7,1.0,7,75108,M,,,75
201200054735,12,6,18,4,5,2,2,1.0,3,75108,M,,,75
201200054736,12,6,18,930,1,2,5,1.0,3,75108,M,,,75
201200054737,12,6,18,1005,1,2,7,1.0,2,75108,M,,,75
201200054738,12,6,23,310,5,2,2,1.0,6,75108,M,,,75
201200054739,12,6,23,1310,2,2,1,1.0,2,75108,M,,,75
201200054740,12,6,23,1505,1,2,7,1.0,3,75108,M,,,75
201200054741,12,6,24,420,5,2,1,1.0,6,75108,M,,,75
201200054742,12,6,24,2200,5,2,7,1.0,7,75108,M,,,75
201200054743,12,6,25,728,1,2,1,1.0,3,75108,M,,,75
201200054744,12,6,25,900,1,2,1,1.0,2,75108,M,,,75
201200054745,12,6,25,1245,1,2,2,1.0,3,75108,M,,,75
201200054746,12,6,25,1145,1,2,7,1.0,7,75108,M,,,75
201200054747,12,6,25,1825,1,2,1,1.0,6,75108,M,,,75
201200054748,12,6,26,1120,1,2,1,8.0,7,75108,M,,,75
201200054749,12,6,27,1015,1,2,2,1.0,6,75108,M,,,75
201200054750,12,6,28,1815,1,2,3,1.0,2,75108,M,,,75
201200054751,12,6,29,1248,1,2,1,1.0,2,75108,M,,,75
201200054752,12,6,29,2041,5,2,1,1.0,6,75108,M,,,75
201200054753,12,7,1,1,5,2,4,1.0,3,75108,M,,,75
201200054754,12,7,2,1215,1,2,7,1.0,6,75108,M,,,75
201200054755,12,7,2,1455,1,2,3,1.0,3,75108,M,,,75
201200054756,12,7,3,2345,5,2,4,1.0,6,75108,M,,,75
201200054757,12,7,4,1545,1,2,1,1.0,3,75108,M,,,75
201200054758,12,7,5,1040,1,2,2,1.0,7,75108,M,,,75
201200054759,12,7,5,1330,1,2,7,1.0,6,75108,M,,,75
201200054760,12,7,5,1610,1,2,1,1.0,3,75108,M,,,75
201200054761,12,7,6,1640,1,2,3,2.0,7,75108,M,,,75
201200054762,12,7,7,230,5,2,2,1.0,2,75108,M,,,75
201200054763,12,7,7,1300,1,2,7,1.0,6,75108,M,,,75
201200054764,12,7,7,1940,1,2,1,8.0,7,75108,M,,,75
201200054765,12,7,9,1840,1,2,2,1.0,3,75108,M,,,75
201200054766,12,7,10,1505,1,2,3,1.0,2,75108,M,,,75
201200054767,12,7,10,2020,1,2,4,1.0,2,75108,M,,,75
201200054768,12,7,10,2242,5,2,5,1.0,6,75108,M,,,75
201200054769,12,7,11,1020,1,2,2,1.0,2,75108,M,,,75
201200054770,12,7,11,1435,1,2,1,1.0,3,75108,M,,,75
201200054771,12,7,12,1934,1,2,2,2.0,3,75108,M,,,75
201200054772,12,7,12,2230,5,2,1,2.0,3,75108,M,,,75
201200054773,12,7,13,2255,5,2,7,3.0,6,75108,M,,,75
201200054774,12,7,16,825,1,2,3,1.0,3,75108,M,,,75
201200054775,12,7,16,1330,1,2,1,1.0,2,75108,M,,,75
201200054776,12,7,17,1620,1,2,5,1.0,3,75108,M,,,75
201200054777,12,7,17,1630,1,2,3,1.0,3,75108,M,,,75
201200054778,12,7,18,820,1,2,1,1.0,2,75108,M,,,75
201200054779,12,7,18,850,1,2,7,1.0,3,75108,M,,,75
201200054780,12,7,18,2305,5,2,7,1.0,3,75108,M,,,75
201200054781,12,7,20,43,5,2,5,1.0,6,75108,M,,,75
201200054782,12,7,20,905,1,2,2,1.0,3,75116,M,,,75
201200054783,12,7,20,1215,1,2,1,1.0,6,75108,M,,,75
201200054784,12,7,20,1410,1,2,1,1.0,2,75108,M,,,75
201200054785,12,7,20,2105,1,2,7,1.0,3,75108,M,,,75
201200054786,12,7,22,1005,1,2,5,1.0,6,75108,M,,,75
201200054787,12,7,22,1945,1,2,7,1.0,7,75108,M,,,75
201200054788,12,7,23,1040,1,2,2,1.0,7,75108,M,,,75
201200054789,12,7,23,1740,1,2,4,1.0,3,75116,M,,,75
201200054790,12,7,23,2325,5,2,7,1.0,7,75108,M,,,75
201200054791,12,7,24,406,4,2,1,1.0,7,75108,M,,,75
201200054792,12,7,24,1840,1,2,7,1.0,3,75108,M,,,75
201200054793,12,7,24,1840,1,2,4,1.0,3,75108,M,,,75
201200054794,12,7,25,1400,1,2,2,1.0,6,75108,M,,,75
201200054795,12,7,25,1850,1,2,2,1.0,3,75108,M,,,75
201200054796,12,7,26,1230,1,2,1,1.0,2,75108,M,,,75
201200054797,12,7,26,2238,5,2,2,1.0,6,75108,M,,,75
201200054798,12,7,28,315,5,2,3,2.0,6,75108,M,,,75
201200054799,12,7,28,1915,1,2,2,1.0,2,75108,M,,,75
201200054800,12,7,29,1510,1,2,1,1.0,6,75108,M,,,75
201200054801,12,7,30,1055,1,2,1,1.0,3,75108,M,,,75
201200054802,12,7,30,1755,1,2,4,1.0,6,75108,M,,,75
201200054803,12,7,30,2000,1,2,5,1.0,3,75108,M,,,75
201200054804,12,8,3,1540,1,2,1,8.0,3,75108,M,,,75
201200054805,12,8,4,1805,1,2,1,1.0,6,75108,M,,,75
201200054806,12,8,8,1500,1,2,7,1.0,5,75108,M,,,75
201200054807,12,8,9,1400,1,2,2,1.0,3,75108,M,,,75
201200054808,12,8,9,1810,1,2,1,1.0,7,75108,M,,,75
201200054809,12,8,11,910,1,2,2,1.0,7,75108,M,,,75
201200054810,12,8,11,1210,1,2,1,1.0,3,75108,M,,,75
201200054811,12,8,12,1505,1,2,5,1.0,3,75108,M,,,75
201200054812,12,8,13,2145,5,2,2,1.0,6,75108,M,,,75
201200054813,12,8,16,1940,1,2,4,1.0,6,75108,M,,,75
201200054814,12,8,17,2100,2,2,7,1.0,6,75108,M,,,75
201200054815,12,8,20,1320,1,2,2,1.0,3,75108,M,,,75
201200054816,12,8,23,920,1,2,2,1.0,7,75108,M,,,75
201200054817,12,8,24,1115,1,2,2,1.0,3,75108,M,,,75
201200054818,12,8,24,1610,1,2,1,2.0,7,75108,M,,,75
201200054819,12,8,25,405,5,2,7,1.0,3,75108,M,,,75
201200054820,12,8,25,1245,1,2,2,1.0,3,75108,M,,,75
201200054821,12,8,29,1050,1,2,3,1.0,3,75108,M,,,75
201200054822,12,8,29,1530,1,2,2,1.0,6,75108,M,,,75
201200054823,12,8,29,1815,1,2,2,1.0,3,75108,M,,,75
201200054824,12,8,29,1330,1,2,3,1.0,5,75108,M,,,75
201200054825,12,8,30,910,1,2,7,1.0,2,75108,M,,,75
201200054826,12,8,30,1645,1,2,2,2.0,3,75108,M,,,75
201200054827,12,8,30,1905,1,2,7,1.0,5,75116,M,,,75
201200054828,12,8,31,1300,1,2,7,1.0,2,75108,M,,,75
201200054829,12,8,31,2015,1,2,7,1.0,3,75108,M,,,75
201200054830,12,9,3,1200,1,2,1,8.0,3,75108,M,,,75
201200054831,12,9,4,330,5,2,2,1.0,6,75108,M,,,75
201200054832,12,9,4,1000,1,2,2,1.0,3,75108,M,,,75
201200054833,12,9,4,1915,1,2,3,1.0,6,75108,M,,,75
201200054834,12,9,5,230,5,2,3,1.0,6,75108,M,,,75
201200054835,12,9,5,1835,1,2,2,1.0,6,75108,M,,,75
201200054836,12,9,9,1900,2,2,1,1.0,3,75108,M,,,75
201200054837,12,9,9,2315,5,2,7,1.0,3,75108,M,,,75
201200054838,12,9,11,1500,1,2,2,2.0,3,75108,M,,,75
201200054839,12,9,11,1915,1,2,7,1.0,3,75108,M,,,75
201200054840,12,9,12,1125,1,2,7,2.0,6,75108,M,,,75
201200054841,12,9,12,1810,1,2,1,1.0,6,75108,M,,,75
201200054842,12,9,13,800,1,2,3,1.0,6,75108,M,,,75
201200054843,12,9,13,1445,1,2,4,1.0,3,75108,M,,,75
201200054844,12,9,13,2030,5,2,7,1.0,7,75108,M,,,75
201200054845,12,9,16,725,1,2,1,1.0,6,75108,M,,,75
201200054846,12,9,16,1610,1,2,4,1.0,6,75108,M,,,75
201200054847,12,9,17,755,1,2,1,1.0,6,75108,M,,,75
201200054848,12,9,17,925,1,2,2,1.0,6,75108,M,,,75
201200054849,12,9,17,1300,1,2,1,1.0,3,75108,M,,,75
201200054850,12,9,17,1500,1,2,5,1.0,6,75108,M,,,75
201200054851,12,9,17,1850,1,2,2,1.0,6,75108,M,,,75
201200054852,12,9,18,156,5,2,2,1.0,3,75108,M,,,75
201200054853,12,9,19,840,1,2,2,1.0,3,75108,M,,,75
201200054854,12,9,19,1130,1,2,7,1.0,3,75108,M,,,75
201200054855,12,9,21,1732,1,2,4,3.0,7,75108,M,,,75
201200054856,12,9,21,600,5,2,3,1.0,2,75108,M,,,75
201200054857,12,9,22,1900,1,2,7,1.0,6,75108,M,,,75
201200054858,12,9,23,1950,5,2,7,1.0,3,75117,M,,,75
201200054859,12,9,24,1110,1,2,5,2.0,1,75108,M,,,75
201200054860,12,9,25,1050,1,2,1,1.0,5,75108,M,,,75
201200054861,12,9,25,1400,1,2,3,1.0,6,75108,M,,,75
201200054862,12,9,26,2010,5,2,1,3.0,7,75108,M,,,75
201200054863,12,9,27,1130,1,2,1,2.0,3,75108,M,,,75
201200054864,12,9,27,1810,1,2,1,8.0,3,75108,M,,,75
201200054865,12,9,28,1030,1,2,2,1.0,3,75108,M,,,75
201200054866,12,9,29,1300,1,2,2,1.0,6,75108,M,,,75
201200054867,12,10,1,950,1,2,7,1.0,3,75108,M,,,75
201200054868,12,10,1,1250,1,2,1,1.0,6,75108,M,,,75
201200054869,12,10,1,1845,1,2,3,1.0,6,75108,M,,,75
201200054870,12,10,1,2340,5,2,5,2.0,3,75108,M,,,75
201200054871,12,10,2,1740,1,2,2,1.0,3,75108,M,,,75
201200054872,12,10,3,1150,1,2,1,1.0,6,75108,M,,,75
201200054873,12,10,3,1835,2,2,1,3.0,7,75108,M,,,75
201200054874,12,10,3,1925,5,2,2,2.0,5,75108,M,,,75
201200054875,12,10,4,300,5,2,1,2.0,7,75108,M,,,75
201200054876,12,10,3,1403,1,2,2,1.0,2,75108,M,,,75
201200054877,12,10,4,900,1,2,2,2.0,1,75108,M,,,75
201200054878,12,10,4,945,1,2,4,1.0,7,75108,M,,,75
201200054879,12,10,4,1015,1,2,2,2.0,2,75108,M,,,75
201200054880,12,10,4,1645,1,2,7,1.0,6,75108,M,,,75
201200054881,12,10,4,1830,1,2,1,1.0,4,75108,M,,,75
201200054882,12,10,5,605,5,2,5,9.0,6,75108,M,,,75
201200054883,12,10,5,1500,1,2,7,1.0,3,75108,M,,,75
201200054884,12,10,7,156,5,2,7,1.0,1,75108,M,,,75
201200054885,12,10,8,1032,1,2,1,2.0,7,75117,M,,,75
201200054886,12,10,8,1345,1,2,1,2.0,6,75108,M,,,75
201200054887,12,10,10,850,1,2,1,2.0,7,75108,M,,,75
201200054888,12,10,10,1550,1,2,7,8.0,3,75108,M,,,75
201200054889,12,10,11,1030,1,2,2,1.0,6,75108,M,,,75
201200054890,12,10,12,106,5,2,7,1.0,3,75108,M,,,75
201200054891,12,10,13,1240,1,2,5,3.0,2,75108,M,,,75
201200054892,12,10,13,1830,5,2,1,8.0,7,75108,M,,,75
201200054893,12,10,15,1705,1,2,7,1.0,3,75108,M,,,75
201200054894,12,10,15,2321,5,2,1,1.0,6,75108,M,,,75
201200054895,12,10,16,915,1,2,2,1.0,6,75108,M,,,75
201200054896,12,10,16,1100,1,2,2,1.0,6,75108,M,,,75
201200054897,12,10,17,620,2,2,7,2.0,2,75108,M,,,75
201200054898,12,10,17,644,5,2,1,1.0,2,75108,M,,,75
201200054899,12,10,17,847,1,2,2,2.0,7,75108,M,,,75
201200054900,12,10,18,1130,1,2,2,1.0,6,75108,M,,,75
201200054901,12,10,18,1340,1,2,1,1.0,2,75108,M,,,75
201200054902,12,10,18,1935,5,2,1,2.0,6,75108,M,,,75
201200054903,12,10,19,505,5,2,5,1.0,6,75108,M,,,75
201200054904,12,10,19,1215,1,2,7,1.0,2,75108,M,,,75
201200054905,12,10,20,1250,1,2,1,2.0,6,75117,M,,,75
201200054906,12,10,21,210,5,2,4,2.0,3,75108,M,,,75
201200054907,12,10,21,1650,1,2,2,6.0,7,75108,M,,,75
201200054908,12,10,21,2015,5,2,7,1.0,3,75108,M,,,75
201200054909,12,10,22,1235,1,2,4,1.0,3,75108,M,,,75
201200054910,12,10,23,915,1,2,1,1.0,2,75108,M,,,75
201200054911,12,10,24,910,1,2,2,1.0,6,75108,M,,,75
201200054912,12,10,26,730,5,2,2,1.0,1,75108,M,,,75
201200054913,12,10,26,1010,1,2,1,1.0,2,75108,M,,,75
201200054914,12,10,27,545,5,2,1,1.0,7,75108,M,,,75
201200054915,12,10,28,135,5,2,7,1.0,6,75108,M,,,75
201200054916,12,10,28,325,5,2,1,1.0,6,75108,M,,,75
201200054917,12,10,28,2335,5,2,1,2.0,3,75108,M,,,75
201200054918,12,10,30,930,1,2,2,1.0,2,75108,M,,,75
201200054919,12,10,30,1915,5,2,2,1.0,2,75108,M,,,75
201200054920,12,10,31,1300,1,2,4,1.0,6,75108,M,,,75
201200054921,12,10,31,1314,1,2,1,1.0,3,75108,M,,,75
201200054922,12,11,1,750,2,2,7,2.0,7,75108,M,,,75
201200054923,12,11,2,1130,1,2,2,2.0,2,75108,M,,,75
201200054924,12,11,3,550,5,2,2,2.0,6,75108,M,,,75
201200054925,12,11,3,1540,1,2,1,1.0,2,75108,M,,,75
201200054926,12,11,3,1715,1,2,1,1.0,2,75108,M,,,75
201200054927,12,11,5,1850,5,2,2,2.0,6,75108,M,,,75
201200054928,12,11,6,1715,1,2,4,1.0,6,75108,M,,,75
201200054929,12,11,8,1745,5,2,2,1.0,6,75108,M,,,75
201200054930,12,11,8,530,5,2,3,1.0,6,75108,M,,,75
201200054931,12,11,8,2215,5,2,1,1.0,2,75108,M,,,75
201200054932,12,11,9,2120,5,2,2,2.0,7,75108,M,,,75
201200054933,12,11,9,2220,5,2,7,2.0,3,75108,M,,,75
201200054934,12,11,10,245,5,2,2,2.0,7,75108,M,,,75
201200054935,12,11,11,530,5,2,2,1.0,6,75108,M,,,75
201200054936,12,11,12,700,2,2,2,1.0,6,75108,M,,,75
201200054937,12,11,12,1110,1,2,5,2.0,3,75108,M,,,75
201200054938,12,11,12,1645,2,2,3,1.0,3,75117,M,,,75
201200054939,12,11,13,1030,1,2,7,1.0,3,75108,M,,,75
201200054940,12,11,13,1130,1,2,4,1.0,6,75108,M,,,75
201200054941,12,11,10,1400,1,2,1,1.0,3,75108,M,,,75
201200054942,12,11,13,2330,5,2,2,1.0,3,75108,M,,,75
201200054943,12,11,15,1310,1,2,4,8.0,6,75108,M,,,75
201200054944,12,11,14,2200,5,2,2,1.0,3,75108,M,,,75
201200054945,12,11,17,1050,1,2,3,8.0,2,75108,M,,,75
201200054946,12,11,16,600,5,2,5,1.0,6,75108,M,,,75
201200054947,12,11,18,1300,1,2,1,9.0,2,75108,M,,,75
201200054948,12,11,18,1830,5,2,1,8.0,6,75108,M,,,75
201200054949,12,11,19,815,1,2,1,1.0,3,75108,M,,,75
201200054950,12,11,19,1300,1,2,4,1.0,5,75108,M,,,75
201200054951,12,11,20,830,1,2,3,1.0,3,75108,M,,,75
201200054952,12,11,21,1710,2,2,7,1.0,7,75116,M,,,75
201200054953,12,11,22,110,5,2,1,1.0,6,75108,M,,,75
201200054954,12,11,22,1015,1,2,1,1.0,2,75108,M,,,75
201200054955,12,11,23,1550,1,2,1,2.0,2,75108,M,,,75
201200054956,12,11,23,2010,5,2,1,1.0,2,75108,M,,,75
201200054957,12,11,24,1715,2,2,1,1.0,3,75108,M,,,75
201200054958,12,11,25,1330,1,2,7,1.0,1,75108,M,,,75
201200054959,12,11,25,1700,5,2,1,1.0,6,75108,M,,,75
201200054960,12,11,26,1020,1,2,5,1.0,7,75108,M,,,75
201200054961,12,11,26,1755,5,2,1,1.0,2,75108,M,,,75
201200054962,12,11,27,835,1,2,1,8.0,2,75108,M,,,75
201200054963,12,11,27,1125,1,2,1,8.0,6,75108,M,,,75
201200054964,12,11,28,1715,5,2,1,2.0,6,75108,M,,,75
201200054965,12,11,29,805,1,2,1,2.0,2,75108,M,,,75
201200054966,12,11,29,1120,1,2,1,1.0,2,75108,M,,,75
201200054967,12,11,29,1950,2,2,4,1.0,2,75108,M,,,75
201200054968,12,11,29,2130,5,2,1,1.0,6,75108,M,,,75
201200054969,12,11,30,615,5,2,2,1.0,3,75108,M,,,75
201200054970,12,12,1,225,5,2,2,1.0,6,75108,M,,,75
201200054971,12,12,1,600,5,2,7,1.0,6,75108,M,,,75
201200054972,12,12,2,1,5,2,2,2.0,2,75108,M,,,75
201200054973,12,12,3,1140,1,2,1,2.0,7,75108,M,,,75
201200054974,12,12,3,1505,1,2,1,1.0,3,75108,M,,,75
201200054975,12,12,4,1145,1,2,3,1.0,3,75108,M,,,75
201200054976,12,12,4,2050,5,2,7,1.0,6,75108,M,,,75
201200054977,12,12,5,1845,5,2,2,2.0,3,75108,M,,,75
201200054978,12,12,6,220,5,2,7,1.0,6,75108,M,,,75
201200054979,12,12,6,940,1,2,1,1.0,6,75108,M,,,75
201200054980,12,12,6,1350,1,2,1,1.0,2,75108,M,,,75
201200054981,12,12,6,1520,1,2,1,1.0,6,75108,M,,,75
201200054982,12,12,6,2220,5,2,3,1.0,6,75108,M,,,75
201200054983,12,12,6,2220,5,2,1,8.0,3,75108,M,,,75
201200054984,12,12,7,1105,1,2,4,2.0,2,75108,M,,,75
201200054985,12,12,11,1230,1,2,2,1.0,2,75108,M,,,75
201200054986,12,12,11,1350,1,2,5,1.0,3,75108,M,,,75
201200054987,12,12,12,1400,1,2,1,1.0,6,75108,M,,,75
201200054988,12,12,12,1530,1,2,2,1.0,3,75108,M,,,75
201200054989,12,12,13,1420,1,2,2,2.0,6,75108,M,,,75
201200054990,12,12,13,1900,5,2,1,2.0,2,75108,M,,,75
201200054991,12,12,14,720,5,2,1,2.0,6,75108,M,,,75
201200054992,12,12,14,830,1,2,2,2.0,2,75108,M,,,75
201200054993,12,12,14,1920,5,2,2,2.0,3,75108,M,,,75
201200054994,12,12,15,915,1,2,5,1.0,6,75108,M,,,75
201200054995,12,12,12,945,1,2,1,1.0,3,75108,M,,,75
201200054996,12,12,12,1230,1,2,5,1.0,6,75108,M,,,75
201200054997,12,12,15,1440,1,2,1,1.0,6,75107,M,,,75
201200054998,12,12,16,1935,5,2,2,2.0,6,75108,M,,,75
201200054999,12,12,17,1755,5,2,2,1.0,6,75108,M,,,75
201200055000,12,12,18,1210,1,2,4,2.0,2,75108,M,,,75
201200055001,12,12,18,1240,1,2,1,1.0,6,75108,M,,,75
201200055002,12,12,18,1345,1,2,1,1.0,2,75108,M,,,75
201200055003,12,12,19,615,5,2,2,1.0,3,75108,M,,,75
201200055004,12,12,21,1215,1,2,1,1.0,6,75108,M,,,75
201200055005,12,12,22,35,5,2,1,1.0,2,75108,M,,,75
201200055006,12,12,22,5,5,2,3,1.0,3,75108,M,,,75
201200055007,12,12,28,1050,1,2,5,2.0,3,75108,M,,,75
201200055008,12,12,28,1230,1,2,1,8.0,6,75108,M,,,75
201200055009,12,12,27,2320,5,2,1,1.0,6,75108,M,,,75
201200055010,12,12,31,345,5,2,7,1.0,3,75108,M,,,75
201200055011,12,1,3,1920,5,2,4,3.0,6,75108,M,,,75
201200055012,12,2,20,1930,5,2,2,1.0,3,75108,M,,,75
201200055013,12,3,19,1900,5,2,3,1.0,2,75108,M,,,75
201200055014,12,1,2,745,5,2,7,1.0,6,75109,M,,,75
201200055015,12,1,3,1840,5,2,1,2.0,3,75109,M,,,75
201200055016,12,12,26,2330,5,2,2,2.0,6,75109,M,,,75
201200055017,12,1,5,840,1,2,1,2.0,2,75109,M,,,75
201200055018,12,1,5,1310,1,2,1,2.0,6,75109,M,,,75
201200055019,12,1,6,906,1,2,2,1.0,3,75109,M,,,75
201200055020,12,1,6,1005,1,2,3,1.0,6,75109,M,,,75
201200055021,12,1,7,515,5,2,1,1.0,6,75109,M,,,75
201200055022,12,1,8,1209,1,2,1,1.0,6,75109,M,,,75
201200055023,12,1,11,1320,1,2,2,1.0,6,75109,M,,,75
201200055024,12,1,11,1700,2,2,2,1.0,6,75109,M,,,75
201200055025,12,1,13,1820,5,2,3,1.0,6,75109,M,,,75
201200055026,12,1,16,1650,2,2,2,8.0,6,75109,M,,,75
201200055027,12,1,17,1315,1,2,2,1.0,7,75109,M,,,75
201200055028,12,1,17,1846,5,2,1,1.0,2,75109,M,,,75
201200055029,12,1,18,815,2,2,1,1.0,6,75109,M,,,75
201200055030,12,1,23,1100,1,2,2,1.0,6,75109,M,,,75
201200055031,12,1,23,1315,1,2,1,1.0,3,75109,M,,,75