Num_Acc,an,mois,jour,hrmn,lum,agg,int,atm,col,com,gps,lat,long,dep
201200055032,12,1,23,1440,1,2,1,8.0,6,75109,M,,,75
201200055033,12,1,24,1740,5,2,2,2.0,6,75109,M,,,75
201200055034,12,1,26,1825,5,2,3,8.0,6,75109,M,,,75
201200055035,12,1,28,2315,5,2,2,1.0,1,75109,M,,,75
201200055036,12,1,29,520,5,2,7,1.0,6,75109,M,,,75
201200055037,12,1,30,1555,1,2,1,1.0,6,75109,M,,,75
201200055038,12,1,31,1620,1,2,2,1.0,6,75109,M,,,75
201200055039,12,1,31,1930,5,2,5,1.0,6,75109,M,,,75
201200055040,12,2,3,2205,5,2,7,1.0,6,75109,M,,,75
201200055041,12,2,8,100,5,2,5,4.0,7,75109,M,,,75
201200055042,12,2,11,1725,1,2,1,1.0,3,75109,M,,,75
201200055043,12,2,14,1900,5,2,5,2.0,6,75109,M,,,75
201200055044,12,2,12,1400,1,2,2,1.0,3,75109,M,,,75
201200055045,12,2,17,1810,2,2,1,2.0,3,75109,M,,,75
201200055046,12,2,19,35,5,2,5,3.0,3,75109,M,,,75
201200055047,12,2,20,1350,1,2,1,1.0,2,75109,M,,,75
201200055048,12,2,21,20,5,2,2,1.0,2,75109,M,,,75
201200055049,12,2,22,1230,1,2,7,1.0,3,75109,M,,,75
201200055050,12,2,24,1331,1,2,2,1.0,6,75109,M,,,75
201200055051,12,2,29,1235,1,2,1,1.0,6,75109,M,,,75
201200055052,12,3,1,928,5,2,5,1.0,6,75109,M,,,75
201200055053,12,3,1,2300,3,2,2,1.0,7,75109,M,,,75
201200055054,12,3,2,740,1,2,1,1.0,6,75109,M,,,75
201200055055,12,3,4,255,5,2,5,1.0,3,75109,M,,,75
201200055056,12,3,4,1310,1,2,2,1.0,3,75109,M,,,75
201200055057,12,3,5,2145,5,2,7,2.0,3,75109,M,,,75
201200055058,12,3,11,205,5,2,7,1.0,6,75109,M,,,75
201200055059,12,3,11,1420,1,2,5,8.0,3,75109,M,,,75
201200055060,12,3,12,825,1,2,7,1.0,3,75109,M,,,75
201200055061,12,3,13,1634,1,2,1,1.0,6,75109,M,,,75
201200055062,12,3,15,1240,1,2,1,1.0,6,75109,M,,,75
201200055063,12,3,15,1340,1,2,3,1.0,6,75109,M,,,75
201200055064,12,3,17,430,5,2,5,1.0,2,75109,M,,,75
201200055065,12,3,17,2045,5,2,3,2.0,6,75109,M,,,75
201200055066,12,3,20,1730,1,2,1,1.0,2,75109,M,,,75
201200055067,12,3,23,745,1,2,5,1.0,3,75109,M,,,75
201200055068,12,3,23,1305,1,2,2,1.0,6,75109,M,,,75
201200055069,12,3,23,1525,1,2,2,1.0,6,75109,M,,,75
201200055070,12,3,27,1430,1,2,3,1.0,6,75109,M,,,75
201200055071,12,3,27,1700,1,2,7,1.0,6,75109,M,,,75
201200055072,12,3,28,920,1,2,3,1.0,2,75109,M,,,75
201200055073,12,3,28,1940,2,2,1,1.0,6,75109,M,,,75
201200055074,12,3,31,325,5,2,1,1.0,7,75109,M,,,75
201200055075,12,4,2,1850,1,2,3,1.0,6,75109,M,,,75
201200055076,12,4,4,1340,1,2,1,1.0,3,75109,M,,,75
201200055077,12,4,8,910,1,2,3,1.0,6,75109,M,,,75
201200055078,12,4,9,1925,2,2,3,2.0,2,75109,M,,,75
201200055079,12,4,11,2130,5,2,1,1.0,7,75109,M,,,75
201200055080,12,4,12,2015,2,2,1,1.0,6,75109,M,,,75
201200055081,12,4,14,1325,1,2,4,1.0,2,75109,M,,,75
201200055082,12,4,17,1430,1,2,7,3.0,6,75109,M,,,75
201200055083,12,4,19,805,1,2,1,1.0,6,75109,M,,,75
201200055084,12,4,20,300,5,2,2,1.0,6,75109,M,,,75
201200055085,12,4,18,2330,5,2,1,1.0,6,75109,M,,,75
201200055086,12,4,21,1500,1,2,7,1.0,6,75109,M,,,75
201200055087,12,4,25,1720,1,2,1,2.0,7,75109,M,,,75
201200055088,12,4,27,340,5,2,1,1.0,6,75109,M,,,75
201200055089,12,4,28,1750,1,2,1,2.0,3,75109,M,,,75
201200055090,12,4,30,1615,1,2,1,2.0,3,75109,M,,,75
201200055091,12,5,1,2015,2,2,5,1.0,3,75109,M,,,75
201200055092,12,5,3,1245,1,2,1,1.0,6,75109,M,,,75
201200055093,12,5,9,1315,1,2,1,1.0,7,75109,M,,,75
201200055094,12,5,12,910,1,2,5,1.0,6,75109,M,,,75
201200055095,12,5,16,1530,1,2,7,1.0,3,75109,M,,,75
201200055096,12,5,17,1510,1,2,2,1.0,3,75109,M,,,75
201200055097,12,5,18,1255,1,2,1,1.0,7,75109,M,,,75
201200055098,12,5,18,1455,1,2,7,1.0,6,75109,M,,,75
201200055099,12,5,21,1540,1,2,2,3.0,6,75109,M,,,75
201200055100,12,5,25,1815,1,2,2,1.0,6,75109,M,,,75
201200055101,12,6,5,1045,1,2,3,1.0,3,75109,M,,,75
201200055102,12,6,5,2315,5,2,2,2.0,4,75109,M,,,75
201200055103,12,6,6,1515,1,2,3,8.0,6,75109,M,,,75
201200055104,12,6,6,1700,1,2,3,8.0,6,75109,M,,,75
201200055105,12,6,12,1240,1,2,2,2.0,6,75109,M,,,75
201200055106,12,6,12,1500,1,2,7,1.0,1,75102,M,,,75
201200055107,12,6,13,1205,1,2,3,1.0,6,75109,M,,,75
201200055108,12,6,15,600,2,2,4,3.0,6,75109,M,,,75
201200055109,12,6,18,1700,1,2,3,1.0,2,75109,M,,,75
201200055110,12,6,18,2047,2,2,1,1.0,6,75109,M,,,75
201200055111,12,6,19,1945,1,2,1,1.0,2,75109,M,,,75
201200055112,12,6,20,1500,1,2,4,1.0,2,75109,M,,,75
201200055113,12,6,22,1145,1,2,5,1.0,6,75109,M,,,75
201200055114,12,6,23,5,5,2,2,1.0,6,75109,M,,,75
201200055115,12,6,24,1220,1,2,2,2.0,3,75109,M,,,75
201200055116,12,6,23,1900,1,2,1,1.0,3,75109,M,,,75
201200055117,12,6,26,930,1,2,1,2.0,6,75109,M,,,75
201200055118,12,6,26,2113,1,2,1,1.0,6,75109,M,,,75
201200055119,12,6,28,1240,1,2,5,1.0,2,75109,M,,,75
201200055120,12,6,29,17,5,2,2,1.0,3,75109,M,,,75
201200055121,12,7,3,2200,5,2,2,1.0,6,75109,M,,,75
201200055122,12,7,6,1035,1,2,7,1.0,3,75109,M,,,75
201200055123,12,7,5,2115,1,2,2,1.0,6,75109,M,,,75
201200055124,12,7,9,1255,1,2,2,1.0,2,75109,M,,,75
201200055125,12,7,12,2053,2,2,2,2.0,6,75109,M,,,75
201200055126,12,7,20,150,5,2,2,1.0,3,75109,M,,,75
201200055127,12,7,20,1820,1,2,2,8.0,7,75109,M,,,75
201200055128,12,7,23,2010,1,2,3,1.0,3,75109,M,,,75
201200055129,12,7,23,1850,1,2,1,1.0,6,75109,M,,,75
201200055130,12,7,25,1350,1,2,2,1.0,6,75109,M,,,75
201200055131,12,7,25,2105,2,2,3,1.0,7,75109,M,,,75
201200055132,12,7,28,1900,1,2,4,1.0,6,75109,M,,,75
201200055133,12,7,31,730,1,2,7,1.0,7,75109,M,,,75
201200055134,12,8,15,300,5,2,1,1.0,6,75109,M,,,75
201200055135,12,8,17,1300,1,2,1,1.0,6,75109,M,,,75
201200055136,12,8,17,1520,1,2,7,1.0,3,75109,M,,,75
201200055137,12,8,18,1150,1,2,5,1.0,6,75109,M,,,75
201200055138,12,8,18,2305,5,2,1,1.0,6,75109,M,,,75
201200055139,12,8,22,1830,1,2,7,1.0,3,75109,M,,,75
201200055140,12,8,23,1020,1,2,2,1.0,6,75109,M,,,75
201200055141,12,8,23,1330,1,2,2,7.0,6,75109,M,,,75
201200055142,12,8,23,915,1,2,5,1.0,6,75109,M,,,75
201200055143,12,8,25,535,5,2,1,1.0,2,75109,M,,,75
201200055144,12,8,29,900,1,2,3,1.0,3,75109,M,,,75
201200055145,12,8,28,1525,1,2,2,1.0,7,75109,M,,,75
201200055146,12,8,31,1951,2,2,1,1.0,2,75109,M,,,75
201200055147,12,9,1,1640,1,2,5,1.0,3,75109,M,,,75
201200055148,12,9,3,1500,1,2,2,1.0,3,75109,M,,,75
201200055149,12,9,9,1555,1,2,2,1.0,7,75109,M,,,75
201200055150,12,9,9,2140,5,2,1,1.0,2,75109,M,,,75
201200055151,12,9,10,1625,1,2,2,1.0,6,75109,M,,,75
201200055152,12,9,11,900,1,2,3,1.0,7,75109,M,,,75
201200055153,12,9,11,1600,1,2,3,3.0,2,75109,M,,,75
201200055154,12,9,11,1930,1,2,1,1.0,2,75109,M,,,75
201200055155,12,9,13,1420,1,2,4,1.0,3,75109,M,,,75
201200055156,12,9,13,1830,1,2,1,1.0,6,75109,M,,,75
201200055157,12,9,16,1700,1,2,7,1.0,7,75109,M,,,75
201200055158,12,9,19,1100,1,2,5,1.0,3,75109,M,,,75
201200055159,12,9,23,1625,1,2,5,1.0,6,75102,M,,,75
201200055160,12,9,24,1605,1,2,2,1.0,3,75109,M,,,75
201200055161,12,9,25,1600,1,2,1,1.0,6,75109,M,,,75
201200055162,12,9,27,1020,1,2,1,2.0,6,75109,M,,,75
201200055163,12,9,27,1000,1,2,1,2.0,6,75109,M,,,75
201200055164,12,9,28,1340,1,2,3,1.0,6,75109,M,,,75
201200055165,12,9,29,1610,1,2,2,1.0,3,75109,M,,,75
201200055166,12,10,2,30,5,2,7,2.0,6,75109,M,,,75
201200055167,12,10,3,130,5,2,1,1.0,7,75109,M,,,75
201200055168,12,10,4,755,2,2,7,3.0,6,75104,M,,,75
201200055169,12,10,4,915,1,2,2,2.0,2,75109,M,,,75
201200055170,12,10,4,1325,1,2,2,1.0,2,75109,M,,,75
201200055171,12,10,5,2015,5,2,7,1.0,6,75109,M,,,75
201200055172,12,10,5,2030,5,2,3,1.0,6,75109,M,,,75
201200055173,12,10,3,2200,5,2,2,3.0,2,75109,M,,,75
201200055174,12,10,9,935,1,2,7,2.0,3,75109,M,,,75
201200055175,12,10,9,1730,1,2,7,1.0,6,75109,M,,,75
201200055176,12,10,9,1935,5,2,2,1.0,7,75109,M,,,75
201200055177,12,10,12,1910,5,2,5,1.0,3,75109,M,,,75
201200055178,12,10,14,1240,1,2,1,3.0,2,75109,M,,,75
201200055179,12,10,15,725,1,2,1,1.0,6,75109,M,,,75
201200055180,12,10,16,610,5,2,1,2.0,6,75109,M,,,75
201200055181,12,10,16,1525,1,2,1,1.0,6,75109,M,,,75
201200055182,12,10,18,725,2,2,7,8.0,3,75109,M,,,75
201200055183,12,10,22,2115,5,2,2,1.0,3,75109,M,,,75
201200055184,12,10,24,1035,1,2,2,1.0,6,75109,M,,,75
201200055185,12,10,25,100,5,2,2,1.0,7,75103,M,,,75
201200055186,12,10,27,415,5,2,1,1.0,6,75109,M,,,75
201200055187,12,10,31,937,1,2,2,1.0,3,75109,M,,,75
201200055188,12,11,4,50,5,2,1,1.0,2,75109,M,,,75
201200055189,12,11,7,1820,5,2,7,1.0,6,75109,M,,,75
201200055190,12,11,13,1810,5,2,2,1.0,6,75109,M,,,75
201200055191,12,11,14,2245,5,2,1,1.0,6,75109,M,,,75
201200055192,12,11,17,1700,5,2,5,1.0,3,75109,M,,,75
201200055193,12,11,19,1517,1,2,5,1.0,3,75109,M,,,75
201200055194,12,11,19,1630,1,2,2,1.0,3,75109,M,,,75
201200055195,12,11,21,1637,2,2,2,1.0,6,75109,M,,,75
201200055196,12,11,22,1240,1,2,2,1.0,6,75109,M,,,75
201200055197,12,11,25,210,5,2,1,1.0,4,75109,M,,,75
201200055198,12,11,28,1348,1,2,3,1.0,6,75109,M,,,75
201200055199,12,11,29,157,5,2,2,1.0,2,75109,M,,,75
201200055200,12,11,29,930,1,2,2,2.0,7,75109,M,,,75
201200055201,12,11,29,2120,5,2,1,1.0,6,75109,M,,,75
201200055202,12,11,29,2115,5,2,4,1.0,3,75109,M,,,75
201200055203,12,12,2,120,5,2,5,1.0,2,75109,M,,,75
201200055204,12,12,4,640,5,2,3,3.0,2,75109,M,,,75
201200055205,12,12,3,2130,5,2,4,1.0,2,75109,M,,,75
201200055206,12,12,7,1630,1,2,3,2.0,6,75109,M,,,75
201200055207,12,12,10,1855,5,2,5,1.0,3,75108,M,,,75
201200055208,12,12,15,2045,5,2,5,3.0,6,75109,M,,,75
201200055209,12,12,16,1115,1,2,7,1.0,6,75109,M,,,75
201200055210,12,12,21,1205,1,2,3,1.0,3,75109,M,,,75
201200055211,12,12,21,1700,5,2,3,2.0,6,75109,M,,,75
201200055212,12,12,23,1645,2,2,7,1.0,3,75109,M,,,75
201200055213,12,12,24,1930,5,2,7,1.0,6,75109,M,,,75
201200055214,12,12,31,530,5,2,7,1.0,2,75109,M,,,75
201200055215,12,1,1,330,5,2,2,1.0,7,75110,M,,,75
201200055216,12,1,3,1930,5,2,7,2.0,7,75110,M,,,75
201200055217,12,1,4,1600,1,2,1,3.0,3,75110,M,,,75
201200055218,12,1,5,805,3,2,5,2.0,6,75110,M,,,75
201200055219,12,1,7,2215,5,2,1,1.0,2,75110,M,,,75
201200055220,12,1,10,1020,1,2,3,1.0,6,75110,M,,,75
201200055221,12,1,16,735,2,2,1,1.0,2,75110,M,,,75
201200055222,12,1,16,1420,1,2,5,1.0,2,75110,M,,,75
201200055223,12,1,17,2020,5,2,5,1.0,3,75110,M,,,75
201200055224,12,1,18,910,1,2,3,1.0,2,75110,M,,,75
201200055225,12,1,20,1445,1,2,2,2.0,3,75110,M,,,75
201200055226,12,1,21,950,1,2,5,2.0,2,75110,M,,,75
201200055227,12,1,21,2035,5,2,1,2.0,7,75110,M,,,75
201200055228,12,1,21,2100,5,2,1,2.0,6,75110,M,,,75
201200055229,12,1,22,200,5,2,2,1.0,6,75110,M,,,75
201200055230,12,1,21,2320,5,2,1,1.0,6,75110,M,,,75
201200055231,12,1,25,2330,5,2,1,2.0,6,75110,M,,,75
201200055232,12,1,25,1900,1,2,1,8.0,6,75110,M,,,75
201200055233,12,1,26,1915,5,2,5,8.0,6,75110,M,,,75
201200055234,12,1,27,2140,5,2,2,1.0,1,75110,M,,,75
201200055235,12,1,29,1520,1,2,1,1.0,6,75110,M,,,75
201200055236,12,1,30,1800,2,2,1,1.0,6,75110,M,,,75
201200055237,12,1,30,2010,5,2,2,1.0,7,75110,M,,,75
201200055238,12,2,1,1240,1,2,5,1.0,7,75110,M,,,75
201200055239,12,2,3,230,5,2,1,1.0,7,75111,M,,,75
201200055240,12,2,3,1550,1,2,3,8.0,2,75110,M,,,75
201200055241,12,2,3,1750,5,2,1,1.0,6,75110,M,,,75
201200055242,12,2,4,1910,5,2,1,1.0,6,75110,M,,,75
201200055243,12,2,6,2300,5,2,4,1.0,6,75110,M,,,75
201200055244,12,2,7,955,1,2,1,1.0,6,75110,M,,,75
201200055245,12,2,10,740,1,2,4,1.0,3,75110,M,,,75
201200055246,12,2,12,30,5,2,2,1.0,3,75110,M,,,75
201200055247,12,2,12,2345,5,2,1,2.0,2,75110,M,,,75
201200055248,12,2,14,1530,1,2,7,1.0,2,75110,M,,,75
201200055249,12,2,15,915,1,2,2,8.0,3,75110,M,,,75
201200055250,12,2,17,1145,1,2,2,2.0,6,75110,M,,,75
201200055251,12,2,20,900,1,2,2,1.0,6,75110,M,,,75
201200055252,12,2,22,600,5,2,7,1.0,3,75110,M,,,75
201200055253,12,1,11,2120,5,2,4,1.0,3,75110,M,,,75
201200055254,12,2,25,800,1,2,4,1.0,6,75110,M,,,75
201200055255,12,3,1,840,1,2,1,1.0,7,75110,M,,,75
201200055256,12,3,1,1610,1,2,2,1.0,3,75110,M,,,75
201200055257,12,3,3,2200,5,2,1,1.0,6,75110,M,,,75
201200055258,12,3,5,2300,5,2,4,2.0,6,75110,M,,,75
201200055259,12,3,6,2045,5,2,2,1.0,7,75110,M,,,75
201200055260,12,3,7,1440,1,2,1,2.0,7,75110,M,,,75
201200055261,12,3,7,1530,1,2,1,2.0,7,75110,M,,,75
201200055262,12,3,8,10,5,2,1,1.0,6,75110,M,,,75
201200055263,12,3,10,1420,1,2,3,1.0,6,75110,M,,,75
201200055264,12,3,12,600,5,2,5,1.0,3,75110,M,,,75
201200055265,12,3,14,1930,5,2,1,1.0,6,75110,M,,,75
201200055266,12,3,15,830,1,2,3,1.0,6,75110,M,,,75
201200055267,12,3,15,1725,1,2,1,1.0,2,75110,M,,,75
201200055268,12,3,16,1530,1,2,1,1.0,6,75110,M,,,75
201200055269,12,3,16,1745,1,2,2,1.0,6,75110,M,,,75
201200055270,12,3,17,2105,5,2,2,8.0,3,75110,M,,,75
201200055271,12,3,22,1600,1,2,1,1.0,6,75110,M,,,75
201200055272,12,3,22,2000,5,2,1,1.0,3,75110,M,,,75
201200055273,12,3,23,740,1,2,5,1.0,6,75110,M,,,75
201200055274,12,3,23,1730,1,2,5,1.0,3,75110,M,,,75
201200055275,12,3,25,620,5,2,2,1.0,6,75110,M,,,75
201200055276,12,3,26,2210,5,2,4,1.0,3,75110,M,,,75
201200055277,12,3,28,2320,5,2,2,1.0,6,75110,M,,,75
201200055278,12,3,28,750,1,2,7,1.0,2,75119,M,,,75
201200055279,12,3,28,1425,1,2,1,1.0,6,75110,M,,,75
201200055280,12,3,28,1640,1,2,2,1.0,3,75110,M,,,75
201200055281,12,3,29,1820,1,2,1,1.0,7,75110,M,,,75
201200055282,12,3,30,1045,1,2,1,1.0,3,75110,M,,,75
201200055283,12,3,31,100,5,2,2,1.0,1,75110,M,,,75
201200055284,12,3,31,508,5,2,1,1.0,7,75110,M,,,75
201200055285,12,4,6,1925,1,2,5,1.0,6,75110,M,,,75
201200055286,12,4,7,1945,1,2,1,8.0,6,75110,M,,,75
201200055287,12,4,8,750,2,2,5,1.0,6,75110,M,,,75
201200055288,12,4,10,1005,1,2,2,2.0,6,75110,M,,,75
201200055289,12,4,11,1200,1,2,1,1.0,6,75110,M,,,75
201200055290,12,4,13,1035,1,2,1,1.0,1,75110,M,,,75
201200055291,12,4,13,1540,1,2,1,1.0,6,75110,M,,,75
201200055292,12,4,13,1700,1,2,3,1.0,2,75110,M,,,75
201200055293,12,4,14,935,1,2,3,1.0,2,75110,M,,,75
201200055294,12,4,17,1650,1,2,2,2.0,3,75110,M,,,75
201200055295,12,4,19,820,1,2,1,1.0,6,75110,M,,,75
201200055296,12,4,19,2030,5,2,1,1.0,3,75110,M,,,75
201200055297,12,4,20,850,1,2,5,2.0,3,75110,M,,,75
201200055298,12,4,21,2230,5,2,4,1.0,6,75110,M,,,75
201200055299,12,4,22,1850,1,2,5,8.0,6,75110,M,,,75
201200055300,12,4,22,2310,5,2,3,2.0,7,75110,M,,,75
201200055301,12,4,24,1340,1,2,1,3.0,7,75110,M,,,75
201200055302,12,4,24,1600,1,2,1,2.0,6,75110,M,,,75
201200055303,12,4,24,1515,1,2,1,3.0,7,75110,M,,,75
201200055304,12,4,25,730,1,2,7,2.0,3,75110,M,,,75
201200055305,12,4,26,920,1,2,2,8.0,3,75110,M,,,75
201200055306,12,4,28,1750,1,2,2,8.0,3,75110,M,,,75
201200055307,12,5,1,2050,1,2,7,1.0,7,75110,M,,,75
201200055308,12,5,2,830,1,2,2,1.0,3,75110,M,,,75
201200055309,12,5,4,1055,1,2,7,1.0,6,75110,M,,,75
201200055310,12,5,5,2230,5,2,5,2.0,6,75110,M,,,75
201200055311,12,5,7,1855,1,2,2,1.0,6,75110,M,,,75
201200055312,12,5,9,1230,1,2,1,1.0,6,75110,M,,,75
201200055313,12,5,10,1210,1,2,2,1.0,6,75110,M,,,75
201200055314,12,5,12,1220,1,2,4,1.0,6,75110,M,,,75
201200055315,12,5,15,1445,1,2,3,1.0,2,75110,M,,,75
201200055316,12,5,15,1830,1,2,1,8.0,7,75110,M,,,75
201200055317,12,5,16,830,1,2,1,1.0,6,75110,M,,,75
201200055318,12,5,16,1450,1,2,1,1.0,6,75110,M,,,75
201200055319,12,5,16,2020,1,2,7,1.0,3,75118,M,,,75
201200055320,12,5,16,2005,1,2,5,1.0,3,75110,M,,,75
201200055321,12,5,17,250,5,2,1,1.0,3,75110,M,,,75
201200055322,12,5,19,1925,1,2,4,1.0,3,75110,M,,,75
201200055323,12,5,24,2030,5,2,7,1.0,3,75110,M,,,75
201200055324,12,5,25,1730,1,2,1,1.0,2,75110,M,,,75
201200055325,12,6,1,945,2,2,2,1.0,3,75110,M,,,75
201200055326,12,6,1,1800,1,2,1,1.0,6,75110,M,,,75
201200055327,12,6,3,1400,1,2,1,8.0,6,75110,M,,,75
201200055328,12,6,5,1315,1,2,1,1.0,3,75110,M,,,75
201200055329,12,6,5,1805,1,2,4,2.0,6,75110,M,,,75
201200055330,12,6,5,2240,5,2,5,2.0,6,75110,M,,,75
201200055331,12,6,6,1445,1,2,3,1.0,3,75110,M,,,75
201200055332,12,6,8,1020,1,2,3,8.0,3,75110,M,,,75
201200055333,12,6,8,1515,1,2,1,1.0,3,75110,M,,,75
201200055334,12,6,8,2025,1,2,1,1.0,6,75110,M,,,75
201200055335,12,6,11,1900,1,2,7,1.0,3,75110,M,,,75
201200055336,12,6,12,1710,1,2,2,1.0,3,75110,M,,,75
201200055337,12,6,13,1445,1,2,7,1.0,3,75110,M,,,75
201200055338,12,6,13,1500,1,2,1,1.0,6,75110,M,,,75
201200055339,12,6,15,1435,1,2,2,1.0,6,75110,M,,,75
201200055340,12,6,15,505,5,2,1,3.0,6,75110,M,,,75
201200055341,12,6,16,2000,1,2,1,1.0,6,75110,M,,,75
201200055342,12,6,17,1200,1,2,1,1.0,6,75110,M,,,75
201200055343,12,6,18,945,1,2,3,2.0,6,75110,M,,,75
201200055344,12,6,19,900,1,2,5,8.0,6,75110,M,,,75
201200055345,12,6,19,2005,1,2,1,1.0,6,75110,M,,,75
201200055346,12,6,20,1100,1,2,2,1.0,6,75110,M,,,75
201200055347,12,6,20,1415,1,2,2,1.0,2,75110,M,,,75
201200055348,12,6,20,2340,5,2,2,1.0,3,75110,M,,,75
201200055349,12,6,23,2030,1,2,2,1.0,6,75110,M,,,75
201200055350,12,6,24,1220,1,2,1,2.0,1,75110,M,,,75
201200055351,12,6,24,1850,1,2,2,2.0,6,75110,M,,,75
201200055352,12,6,25,1330,1,2,3,1.0,1,75110,M,,,75
201200055353,12,6,25,1450,1,2,1,1.0,6,75110,M,,,75
201200055354,12,6,27,1045,1,2,4,1.0,3,75110,M,,,75
201200055355,12,6,27,2025,1,2,1,1.0,3,75110,M,,,75
201200055356,12,6,28,1840,1,2,1,1.0,6,75110,M,,,75
201200055357,12,6,28,1940,1,2,1,1.0,6,75110,M,,,75
201200055358,12,6,30,1300,1,2,1,1.0,6,75110,M,,,75
201200055359,12,6,30,1815,1,2,2,1.0,3,75110,M,,,75
201200055360,12,7,1,440,2,2,1,1.0,6,75110,M,,,75
201200055361,12,7,1,2150,2,2,2,1.0,3,75110,M,,,75
201200055362,12,7,2,1200,1,2,1,1.0,3,75110,M,,,75
201200055363,12,7,2,2330,5,2,1,1.0,2,75110,M,,,75
201200055364,12,7,4,1330,1,2,1,1.0,3,75110,M,,,75
201200055365,12,7,4,1450,1,2,1,1.0,6,75110,M,,,75
201200055366,12,7,4,1930,1,2,3,1.0,3,75110,M,,,75
201200055367,12,7,5,1720,1,2,2,3.0,7,75110,M,,,75
201200055368,12,7,6,600,2,2,1,1.0,6,75110,M,,,75
201200055369,12,7,7,1105,1,2,1,1.0,2,75110,M,,,75
201200055370,12,7,7,2125,2,2,5,2.0,3,75110,M,,,75
201200055371,12,7,10,1520,1,2,2,1.0,6,75110,M,,,75
201200055372,12,7,11,1150,1,2,3,1.0,6,75110,M,,,75
201200055373,12,7,11,1250,1,2,3,1.0,6,75110,M,,,75
201200055374,12,7,11,2030,1,2,1,1.0,6,75110,M,,,75
201200055375,12,7,12,1420,1,2,1,8.0,6,75110,M,,,75
201200055376,12,7,12,2330,5,2,5,2.0,7,75110,M,,,75
201200055377,12,7,12,2310,5,2,1,2.0,6,75110,M,,,75
201200055378,12,7,14,300,5,2,3,2.0,6,75110,M,,,75
201200055379,12,7,16,1550,1,2,1,1.0,3,75110,M,,,75
201200055380,12,7,17,1505,1,2,2,1.0,6,75110,M,,,75
201200055381,12,7,18,1655,1,2,5,1.0,3,75110,M,,,75
201200055382,12,7,20,2050,1,2,1,1.0,3,75110,M,,,75
201200055383,12,7,21,850,1,2,3,1.0,6,75110,M,,,75
201200055384,12,7,25,1300,1,2,3,1.0,2,75110,M,,,75
201200055385,12,7,26,1800,1,2,1,1.0,6,75110,M,,,75
201200055386,12,7,26,2330,5,2,2,1.0,3,75110,M,,,75
201200055387,12,7,27,2120,2,2,2,1.0,3,75110,M,,,75
201200055388,12,7,29,245,5,2,1,1.0,6,75110,M,,,75
201200055389,12,7,31,2303,5,2,2,1.0,6,75110,M,,,75
201200055390,12,8,3,1740,1,2,2,1.0,6,75110,M,,,75
201200055391,12,8,6,1830,1,2,3,1.0,6,75110,M,,,75
201200055392,12,8,7,1120,1,2,2,1.0,2,75110,M,,,75
201200055393,12,8,7,1730,1,2,4,1.0,2,75110,M,,,75
201200055394,12,8,7,1850,1,2,1,1.0,6,75110,M,,,75
201200055395,12,8,7,2315,5,2,5,1.0,3,75110,M,,,75
201200055396,12,8,8,1720,1,2,1,1.0,6,75110,M,,,75
201200055397,12,8,8,2310,5,2,2,1.0,6,75110,M,,,75
201200055398,12,8,13,2100,1,2,4,1.0,6,75110,M,,,75
201200055399,12,8,17,1345,1,2,1,1.0,2,75110,M,,,75
201200055400,12,8,21,1730,1,2,3,1.0,4,75110,M,,,75
201200055401,12,8,22,1525,1,2,3,1.0,7,75110,M,,,75
201200055402,12,8,24,1530,1,2,5,1.0,3,75110,M,,,75
201200055403,12,8,28,355,5,2,1,1.0,6,75110,M,,,75
201200055404,12,8,29,130,5,2,7,1.0,3,75110,M,,,75
201200055405,12,8,29,1250,1,2,5,1.0,7,75110,M,,,75
201200055406,12,8,31,1,3,2,1,1.0,6,75110,M,,,75
201200055407,12,8,31,835,1,2,3,1.0,6,75110,M,,,75
201200055408,12,8,31,1725,1,2,1,1.0,6,75110,M,,,75
201200055409,12,8,31,1935,2,2,2,1.0,6,75110,M,,,75
201200055410,12,8,31,1930,1,2,2,1.0,3,75110,M,,,75
201200055411,12,9,1,155,5,2,7,1.0,6,75110,M,,,75
201200055412,12,9,1,1600,1,2,1,1.0,6,75110,M,,,75
201200055413,12,9,3,1540,1,2,4,1.0,3,75110,M,,,75
201200055414,12,9,4,915,1,2,1,1.0,6,75110,M,,,75
201200055415,12,9,5,1830,1,2,2,1.0,6,75110,M,,,75
201200055416,12,9,5,2245,5,2,3,1.0,6,75110,M,,,75
201200055417,12,9,6,1800,1,2,4,1.0,6,75110,M,,,75
201200055418,12,9,6,2125,3,2,3,1.0,3,75110,M,,,75
201200055419,12,9,9,2300,3,2,1,1.0,2,75110,M,,,75
201200055420,12,9,10,910,1,2,1,1.0,7,75110,M,,,75
201200055421,12,9,10,1100,1,2,1,1.0,6,75110,M,,,75
201200055422,12,9,11,1325,1,2,7,2.0,2,75110,M,,,75
201200055423,12,9,11,1815,1,2,1,1.0,2,75110,M,,,75
201200055424,12,9,12,845,1,2,2,2.0,3,75110,M,,,75
201200055425,12,9,14,2035,5,2,1,1.0,6,75110,M,,,75
201200055426,12,9,15,45,5,2,5,1.0,3,75110,M,,,75
201200055427,12,9,17,1315,1,2,2,1.0,3,75110,M,,,75
201200055428,12,9,17,1615,1,2,2,1.0,6,75110,M,,,75
201200055429,12,9,19,1720,1,2,1,1.0,7,75110,M,,,75
201200055430,12,9,21,1750,2,2,1,2.0,7,75110,M,,,75
201200055431,12,9,24,920,1,2,7,3.0,6,75110,M,,,75
201200055432,12,9,25,1240,1,2,1,1.0,3,75110,M,,,75
201200055433,12,9,26,1425,1,2,1,1.0,3,75110,M,,,75
201200055434,12,9,27,1605,1,2,1,8.0,7,75110,M,,,75
201200055435,12,9,27,2145,5,2,1,1.0,3,75110,M,,,75
201200055436,12,9,30,1220,1,2,7,1.0,3,75110,M,,,75
201200055437,12,10,2,1350,1,2,1,1.0,7,75110,M,,,75
201200055438,12,10,3,1805,1,2,3,2.0,6,75110,M,,,75
201200055439,12,10,3,1645,1,2,3,3.0,1,75110,M,,,75