Num_Acc,an,mois,jour,hrmn,lum,agg,int,atm,col,com,gps,lat,long,dep
201200055440,12,10,3,1830,1,2,2,3.0,2,75110,M,,,75
201200055441,12,10,4,230,5,2,3,2.0,6,75110,M,,,75
201200055442,12,10,4,910,1,2,1,2.0,6,75110,M,,,75
201200055443,12,10,5,1720,1,2,2,1.0,6,75110,M,,,75
201200055444,12,10,8,920,1,2,3,2.0,2,75110,M,,,75
201200055445,12,10,8,2210,5,2,1,2.0,7,75110,M,,,75
201200055446,12,10,8,2315,5,2,1,2.0,6,75110,M,,,75
201200055447,12,10,10,945,1,2,2,2.0,7,75110,M,,,75
201200055448,12,10,10,1215,1,2,5,2.0,6,75110,M,,,75
201200055449,12,10,10,1845,5,2,2,2.0,6,75110,M,,,75
201200055450,12,10,11,1935,5,2,1,3.0,6,75110,M,,,75
201200055451,12,10,11,1955,2,2,7,3.0,7,75110,M,,,75
201200055452,12,10,11,2150,5,2,2,2.0,6,75110,M,,,75
201200055453,12,10,12,1015,1,2,5,1.0,2,75110,M,,,75
201200055454,12,10,12,1515,1,2,5,1.0,6,75110,M,,,75
201200055455,12,10,12,1915,5,2,4,1.0,3,75110,M,,,75
201200055456,12,10,13,950,1,2,1,8.0,2,75110,M,,,75
201200055457,12,10,13,2100,5,2,3,1.0,6,75110,M,,,75
201200055458,12,10,15,2200,5,2,3,1.0,6,75110,M,,,75
201200055459,12,10,16,1120,1,2,1,1.0,3,75110,M,,,75
201200055460,12,10,16,1620,1,2,2,1.0,6,75110,M,,,75
201200055461,12,10,22,2015,5,2,2,1.0,6,75110,M,,,75
201200055462,12,10,24,2240,5,2,1,1.0,2,75110,M,,,75
201200055463,12,10,25,610,4,2,2,4.0,6,75110,M,,,75
201200055464,12,10,25,800,1,2,3,1.0,6,75110,M,,,75
201200055465,12,10,26,905,1,2,2,1.0,3,75110,M,,,75
201200055466,12,10,27,135,5,2,2,1.0,7,75110,M,,,75
201200055467,12,10,27,2030,5,2,1,1.0,2,75110,M,,,75
201200055468,12,10,29,1900,5,2,5,1.0,6,75110,M,,,75
201200055469,12,10,30,1405,1,2,2,1.0,6,75110,M,,,75
201200055470,12,10,30,1440,1,2,1,1.0,2,75110,M,,,75
201200055471,12,10,30,1830,5,2,1,1.0,6,75110,M,,,75
201200055472,12,10,30,1930,5,2,3,1.0,1,75110,M,,,75
201200055473,12,10,31,2300,5,2,5,1.0,3,75110,M,,,75
201200055474,12,11,1,2115,5,2,2,2.0,2,75110,M,,,75
201200055475,12,11,2,1,5,2,2,1.0,3,75110,M,,,75
201200055476,12,11,1,940,1,2,7,2.0,3,75110,M,,,75
201200055477,12,11,3,1755,5,2,1,1.0,6,75110,M,,,75
201200055478,12,11,5,1730,5,2,3,2.0,3,75110,M,,,75
201200055479,12,11,5,1810,5,2,2,2.0,3,75110,M,,,75
201200055480,12,11,7,2145,5,2,5,1.0,3,75110,M,,,75
201200055481,12,11,8,715,1,2,5,1.0,3,75110,M,,,75
201200055482,12,11,9,1800,5,2,2,2.0,6,75110,M,,,75
201200055483,12,11,10,2240,5,2,3,1.0,3,75110,M,,,75
201200055484,12,11,13,1400,1,2,1,2.0,6,75110,M,,,75
201200055485,12,11,16,1530,1,2,5,1.0,5,75110,M,,,75
201200055486,12,11,16,1855,5,2,1,1.0,6,75110,M,,,75
201200055487,12,11,17,1845,5,2,1,1.0,2,75110,M,,,75
201200055488,12,11,19,1920,5,2,5,1.0,6,75110,M,,,75
201200055489,12,11,19,2240,5,2,1,1.0,7,75110,M,,,75
201200055490,12,11,21,920,1,2,1,2.0,6,75110,M,,,75
201200055491,12,11,21,1315,1,2,1,2.0,6,75110,M,,,75
201200055492,12,11,21,1700,2,2,1,1.0,6,75110,M,,,75
201200055493,12,11,23,1835,5,2,1,3.0,6,75110,M,,,75
201200055494,12,11,26,615,5,2,1,1.0,3,75110,M,,,75
201200055495,12,11,27,1605,1,2,1,2.0,6,75110,M,,,75
201200055496,12,11,29,1100,1,2,5,8.0,2,75110,M,,,75
201200055497,12,11,30,1140,1,2,3,1.0,1,75110,M,,,75
201200055498,12,12,4,1825,5,2,1,1.0,3,75110,M,,,75
201200055499,12,12,5,900,1,2,1,1.0,3,75110,M,,,75
201200055500,12,12,6,915,1,2,3,1.0,6,75110,M,,,75
201200055501,12,12,7,1850,5,2,1,2.0,7,75110,M,,,75
201200055502,12,12,7,2305,5,2,1,3.0,6,75110,M,,,75
201200055503,12,12,7,620,5,2,5,4.0,7,75110,M,,,75
201200055504,12,12,11,950,1,2,5,1.0,6,75111,M,,,75
201200055505,12,12,11,1325,1,2,1,1.0,6,75110,M,,,75
201200055506,12,12,12,405,5,2,1,1.0,6,75110,M,,,75
201200055507,12,12,12,630,4,2,1,1.0,7,75110,M,,,75
201200055508,12,12,12,840,1,2,1,1.0,7,75110,M,,,75
201200055509,12,12,12,840,1,2,1,1.0,7,75110,M,,,75
201200055510,12,12,13,1115,1,2,1,1.0,6,75110,M,,,75
201200055511,12,12,13,2240,5,2,1,1.0,6,75119,M,,,75
201200055512,12,12,15,410,5,2,2,9.0,6,75110,M,,,75
201200055513,12,12,15,1255,1,2,1,1.0,3,75110,M,,,75
201200055514,12,12,16,310,5,2,1,1.0,6,75110,M,,,75
201200055515,12,12,16,455,5,2,1,1.0,6,75110,M,,,75
201200055516,12,12,20,1510,1,2,2,8.0,2,75110,M,,,75
201200055517,12,12,22,1605,5,2,1,2.0,6,75110,M,,,75
201200055518,12,12,23,1620,1,2,1,1.0,6,75110,M,,,75
201200055519,12,12,23,2010,5,2,5,1.0,6,75110,M,,,75
201200055520,12,12,27,1900,5,2,1,1.0,7,75110,M,,,75
201200055521,12,1,2,2310,3,2,2,1.0,3,75111,M,,,75
201200055522,12,1,6,1020,1,2,2,1.0,2,75111,M,,,75
201200055523,12,1,7,1250,1,2,5,1.0,3,75111,M,,,75
201200055524,12,1,9,800,5,2,3,2.0,6,75111,M,,,75
201200055525,12,1,9,1135,1,2,5,1.0,6,75111,M,,,75
201200055526,12,1,10,955,1,2,7,1.0,3,75111,M,,,75
201200055527,12,1,10,1300,1,2,1,1.0,6,75111,M,,,75
201200055528,12,1,14,1510,1,2,2,1.0,2,75111,M,,,75
201200055529,12,1,17,810,1,2,1,1.0,2,75111,M,,,75
201200055530,12,1,17,1420,1,2,7,1.0,6,75111,M,,,75
201200055531,12,1,17,2000,5,2,5,1.0,6,75111,M,,,75
201200055532,12,1,18,1625,1,2,1,2.0,6,75112,M,,,75
201200055533,12,1,19,50,5,2,5,2.0,2,75111,M,,,75
201200055534,12,1,19,1220,1,2,1,2.0,6,75111,M,,,75
201200055535,12,1,20,1450,1,2,1,2.0,3,75111,M,,,75
201200055536,12,1,20,1815,5,2,1,2.0,7,75111,M,,,75
201200055537,12,1,21,2125,5,2,7,2.0,3,75111,M,,,75
201200055538,12,1,21,2210,5,2,7,2.0,3,75111,M,,,75
201200055539,12,1,24,1805,5,2,1,3.0,7,75111,M,,,75
201200055540,12,1,24,1930,5,2,2,2.0,6,75111,M,,,75
201200055541,12,1,24,2015,5,2,7,2.0,6,75111,M,,,75
201200055542,12,1,25,1,5,2,5,2.0,3,75111,M,,,75
201200055543,12,1,25,1415,1,2,7,8.0,2,75111,M,,,75
201200055544,12,1,25,1500,1,2,1,2.0,3,75111,M,,,75
201200055545,12,1,25,1525,1,2,2,1.0,3,75111,M,,,75
201200055546,12,1,26,635,2,2,1,1.0,7,75111,M,,,75
201200055547,12,1,30,1420,1,2,7,1.0,2,75111,M,,,75
201200055548,12,1,30,1930,5,2,5,1.0,6,75111,M,,,75
201200055549,12,1,31,1650,1,2,2,1.0,3,75111,M,,,75
201200055550,12,2,1,920,1,2,1,1.0,2,75111,M,,,75
201200055551,12,2,1,1310,1,2,1,1.0,6,75111,M,,,75
201200055552,12,2,3,1750,2,2,3,1.0,6,75111,M,,,75
201200055553,12,2,3,2050,5,2,7,1.0,6,75111,M,,,75
201200055554,12,2,4,1410,2,2,5,1.0,3,75111,M,,,75
201200055555,12,2,4,2035,5,2,4,1.0,6,75111,M,,,75
201200055556,12,2,6,1005,1,2,2,1.0,5,75111,M,,,75
201200055557,12,2,6,1600,1,2,3,1.0,6,75111,M,,,75
201200055558,12,2,11,1520,1,2,7,1.0,2,75111,M,,,75
201200055559,12,2,11,1900,5,2,1,1.0,3,75111,M,,,75
201200055560,12,2,11,2010,5,2,1,1.0,6,75111,M,,,75
201200055561,12,2,12,35,5,2,1,1.0,6,75111,M,,,75
201200055562,12,2,12,1410,1,2,3,1.0,3,75111,M,,,75
201200055563,12,2,12,1445,1,2,5,1.0,6,75111,M,,,75
201200055564,12,2,13,2112,5,2,1,2.0,6,75111,M,,,75
201200055565,12,2,14,1015,1,2,7,2.0,3,75111,M,,,75
201200055566,12,2,14,2125,5,2,3,1.0,6,75111,M,,,75
201200055567,12,2,15,1145,1,2,7,1.0,6,75111,M,,,75
201200055568,12,2,15,1705,1,2,1,1.0,2,75111,M,,,75
201200055569,12,2,16,430,5,2,3,1.0,6,75111,M,,,75
201200055570,12,2,16,2310,5,2,5,1.0,3,75111,M,,,75
201200055571,12,2,17,640,5,2,2,8.0,6,75111,M,,,75
201200055572,12,2,17,1310,1,2,7,2.0,4,75111,M,,,75
201200055573,12,2,18,937,1,2,3,1.0,6,75111,M,,,75
201200055574,12,2,21,2105,5,2,3,1.0,3,75111,M,,,75
201200055575,12,2,22,1335,1,2,2,1.0,7,75111,M,,,75
201200055576,12,2,24,1930,1,2,2,1.0,6,75111,M,,,75
201200055577,12,2,25,430,5,2,3,1.0,3,75111,M,,,75
201200055578,12,2,26,1745,1,2,2,1.0,3,75111,M,,,75
201200055579,12,2,27,810,1,2,1,1.0,3,75111,M,,,75
201200055580,12,3,1,1155,1,2,2,1.0,6,75111,M,,,75
201200055581,12,3,1,1735,1,2,5,1.0,3,75111,M,,,75
201200055582,12,3,3,1905,5,2,1,2.0,3,75111,M,,,75
201200055583,12,3,6,1600,1,2,2,8.0,6,75111,M,,,75
201200055584,12,3,6,1820,5,2,2,1.0,6,75111,M,,,75
201200055585,12,3,7,1515,1,2,2,2.0,3,75111,M,,,75
201200055586,12,3,8,2005,5,2,1,1.0,2,75111,M,,,75
201200055587,12,3,12,1300,1,2,3,1.0,3,75111,M,,,75
201200055588,12,3,13,1645,1,2,5,1.0,6,75111,M,,,75
201200055589,12,3,13,1740,1,2,3,1.0,3,75111,M,,,75
201200055590,12,3,14,915,1,2,5,1.0,3,75111,M,,,75
201200055591,12,3,14,2255,5,2,3,1.0,3,75111,M,,,75
201200055592,12,3,16,935,1,2,1,1.0,6,75111,M,,,75
201200055593,12,3,16,1745,1,2,7,1.0,3,75111,M,,,75
201200055594,12,3,16,2140,5,2,1,1.0,3,75111,M,,,75
201200055595,12,3,17,20,5,2,2,1.0,6,75111,M,,,75
201200055596,12,3,16,1105,1,2,7,1.0,3,75111,M,,,75
201200055597,12,3,17,1350,1,2,5,1.0,2,75111,M,,,75
201200055598,12,3,17,2145,5,2,1,1.0,3,75111,M,,,75
201200055599,12,3,19,1130,1,2,2,1.0,6,75111,M,,,75
201200055600,12,3,19,1605,1,2,1,1.0,3,75111,M,,,75
201200055601,12,3,20,1825,1,2,7,1.0,3,75111,M,,,75
201200055602,12,3,22,1113,1,2,3,1.0,2,75111,M,,,75
201200055603,12,3,22,1840,1,2,3,1.0,1,75111,M,,,75
201200055604,12,3,24,20,5,2,1,1.0,3,75111,M,,,75
201200055605,12,3,24,1135,1,2,3,1.0,3,75111,M,,,75
201200055606,12,3,24,1620,1,2,3,1.0,7,75111,M,,,75
201200055607,12,3,25,1435,1,2,3,1.0,7,75111,M,,,75
201200055608,12,3,26,1615,1,2,5,1.0,3,75111,M,,,75
201200055609,12,3,27,850,1,2,1,7.0,6,75111,M,,,75
201200055610,12,3,27,1155,1,2,5,1.0,3,75111,M,,,75
201200055611,12,3,27,1600,1,2,2,1.0,6,75111,M,,,75
201200055612,12,3,27,1745,1,2,1,1.0,6,75111,M,,,75
201200055613,12,3,27,1830,1,2,3,1.0,6,75111,M,,,75
201200055614,12,3,28,2100,5,2,7,1.0,3,75111,M,,,75
201200055615,12,3,29,1115,1,2,2,1.0,6,75111,M,,,75
201200055616,12,3,30,1815,1,2,3,1.0,6,75111,M,,,75
201200055617,12,3,30,1950,2,2,1,1.0,3,75111,M,,,75
201200055618,12,3,31,1300,1,2,1,8.0,3,75111,M,,,75
201200055619,12,4,1,1820,1,2,2,1.0,2,75111,M,,,75
201200055620,12,4,1,2050,5,2,2,1.0,3,75111,M,,,75
201200055621,12,4,3,5,5,2,5,1.0,5,75111,M,,,75
201200055622,12,4,3,1125,1,2,3,1.0,3,75111,M,,,75
201200055623,12,4,3,1305,1,2,1,1.0,2,75111,M,,,75
201200055624,12,4,3,2135,5,2,1,1.0,6,75111,M,,,75
201200055625,12,4,4,1100,1,2,1,1.0,3,75111,M,,,75
201200055626,12,4,4,1635,1,2,3,1.0,7,75111,M,,,75
201200055627,12,4,5,1920,1,2,3,1.0,3,75111,M,,,75
201200055628,12,4,6,750,1,2,1,1.0,6,75111,M,,,75
201200055629,12,4,6,845,1,2,5,8.0,3,75111,M,,,75
201200055630,12,4,6,1920,1,2,3,1.0,6,75111,M,,,75
201200055631,12,4,6,2124,5,2,5,1.0,6,75111,M,,,75
201200055632,12,4,9,1215,1,2,3,1.0,7,75111,M,,,75
201200055633,12,4,9,1905,1,2,1,2.0,6,75111,M,,,75
201200055634,12,4,10,1900,1,2,1,2.0,6,75111,M,,,75
201200055635,12,4,11,810,1,2,1,1.0,4,75111,M,,,75
201200055636,12,4,11,1110,1,2,3,1.0,6,75111,M,,,75
201200055637,12,4,11,1730,1,2,5,8.0,6,75111,M,,,75
201200055638,12,4,11,1700,1,2,1,2.0,6,75111,M,,,75
201200055639,12,4,11,2350,5,2,2,1.0,7,75111,M,,,75
201200055640,12,4,13,105,5,2,7,1.0,3,75111,M,,,75
201200055641,12,4,13,1855,1,2,1,2.0,6,75111,M,,,75
201200055642,12,4,14,1,5,2,5,1.0,2,75111,M,,,75
201200055643,12,4,16,1005,1,2,2,1.0,7,75111,M,,,75
201200055644,12,4,16,1450,1,2,2,1.0,3,75111,M,,,75
201200055645,12,4,17,1000,1,2,1,1.0,6,75111,M,,,75
201200055646,12,4,17,1230,1,2,2,2.0,4,75111,M,,,75
201200055647,12,4,20,1605,1,2,3,8.0,6,75111,M,,,75
201200055648,12,4,22,2205,5,2,4,1.0,2,75111,M,,,75
201200055649,12,4,24,1925,1,2,2,1.0,3,75111,M,,,75
201200055650,12,4,25,735,1,2,7,8.0,3,75111,M,,,75
201200055651,12,4,26,1710,1,2,1,8.0,6,75111,M,,,75
201200055652,12,4,26,2130,5,2,5,1.0,3,75111,M,,,75
201200055653,12,4,27,1027,1,2,3,2.0,3,75111,M,,,75
201200055654,12,4,27,1434,1,2,3,1.0,3,75111,M,,,75
201200055655,12,4,28,935,1,2,1,2.0,6,75111,M,,,75
201200055656,12,4,29,1,5,2,2,2.0,6,75111,M,,,75
201200055657,12,4,30,635,1,2,2,1.0,3,75111,M,,,75
201200055658,12,4,30,1800,1,2,2,1.0,6,75111,M,,,75
201200055659,12,5,3,1030,1,2,2,1.0,3,75111,M,,,75
201200055660,12,5,3,1734,1,2,2,1.0,3,75111,M,,,75
201200055661,12,5,5,1550,1,2,3,1.0,3,75111,M,,,75
201200055662,12,5,6,1010,1,2,5,2.0,7,75120,M,,,75
201200055663,12,5,6,2245,5,2,5,1.0,7,75111,M,,,75
201200055664,12,5,7,1415,1,2,2,1.0,3,75111,M,,,75
201200055665,12,5,8,55,5,2,5,1.0,6,75111,M,,,75
201200055666,12,5,9,2355,5,2,7,1.0,3,75111,M,,,75
201200055667,12,5,10,940,1,2,3,1.0,6,75111,M,,,75
201200055668,12,5,11,910,1,2,1,1.0,2,75111,M,,,75
201200055669,12,5,11,1435,1,2,2,2.0,6,75111,M,,,75
201200055670,12,5,11,1450,1,2,2,8.0,3,75111,M,,,75
201200055671,12,5,13,950,1,2,2,1.0,3,75111,M,,,75
201200055672,12,5,14,1350,1,2,5,1.0,5,75111,M,,,75
201200055673,12,5,15,1726,1,2,4,1.0,3,75111,M,,,75
201200055674,12,5,18,2015,4,2,2,8.0,6,75111,M,,,75
201200055675,12,5,21,1005,1,2,2,2.0,3,75111,M,,,75
201200055676,12,5,22,830,1,2,2,1.0,6,75111,M,,,75
201200055677,12,5,23,1100,1,2,3,1.0,3,75111,M,,,75
201200055678,12,5,23,1115,1,2,5,1.0,3,75111,M,,,75
201200055679,12,5,23,1740,1,2,2,1.0,3,75111,M,,,75
201200055680,12,5,24,2220,5,2,1,1.0,2,75111,M,,,75
201200055681,12,5,25,30,5,2,1,1.0,2,75111,M,,,75
201200055682,12,5,26,140,5,2,3,1.0,6,75111,M,,,75
201200055683,12,5,28,1210,1,2,1,1.0,3,75111,M,,,75
201200055684,12,5,29,1820,1,2,1,1.0,3,75111,M,,,75
201200055685,12,5,30,2020,1,2,3,2.0,6,75111,M,,,75
201200055686,12,5,31,1035,1,2,5,1.0,2,75111,M,,,75
201200055687,12,6,4,1020,1,2,2,1.0,6,75111,M,,,75
201200055688,12,6,4,1500,1,2,2,1.0,6,75111,M,,,75
201200055689,12,6,4,2025,1,2,1,1.0,6,75111,M,,,75
201200055690,12,6,5,950,1,2,1,1.0,3,75111,M,,,75
201200055691,12,6,5,1500,1,2,2,1.0,3,75111,M,,,75
201200055692,12,6,5,1950,2,2,2,2.0,6,75111,M,,,75
201200055693,12,6,6,1055,1,2,3,8.0,6,75104,M,,,75
201200055694,12,6,7,1100,1,2,3,2.0,7,75111,M,,,75
201200055695,12,6,7,1905,1,2,1,1.0,2,75111,M,,,75
201200055696,12,6,9,1715,1,2,5,2.0,6,75111,M,,,75
201200055697,12,6,9,1720,1,2,2,1.0,1,75111,M,,,75
201200055698,12,6,9,2000,1,2,1,1.0,3,75111,M,,,75
201200055699,12,6,11,1815,1,2,5,1.0,3,75111,M,,,75
201200055700,12,6,13,945,1,2,1,1.0,3,75111,M,,,75
201200055701,12,6,14,1330,1,2,3,1.0,4,75111,M,,,75
201200055702,12,6,16,2030,2,2,3,1.0,6,75111,M,,,75
201200055703,12,6,19,1810,1,2,2,8.0,2,75111,M,,,75
201200055704,12,6,20,1000,1,2,2,1.0,3,75111,M,,,75
201200055705,12,6,20,1015,1,2,1,1.0,7,75111,M,,,75
201200055706,12,6,21,1020,1,2,2,1.0,6,75111,M,,,75
201200055707,12,6,22,1600,1,2,2,1.0,6,75111,M,,,75
201200055708,12,6,24,830,1,2,1,1.0,6,75111,M,,,75
201200055709,12,6,25,940,1,2,2,1.0,7,75111,M,,,75
201200055710,12,6,25,1420,1,2,1,8.0,7,75111,M,,,75
201200055711,12,6,26,1325,1,2,2,2.0,7,75111,M,,,75
201200055712,12,6,26,1505,1,2,2,1.0,6,75111,M,,,75
201200055713,12,6,27,1130,1,2,1,1.0,3,75111,M,,,75
201200055714,12,6,28,240,5,2,1,1.0,6,75111,M,,,75
201200055715,12,7,2,1100,1,2,1,1.0,6,75111,M,,,75
201200055716,12,7,2,1600,1,2,7,1.0,3,75111,M,,,75
201200055717,12,7,2,1615,1,2,1,1.0,6,75111,M,,,75
201200055718,12,7,4,1520,1,2,3,1.0,3,75111,M,,,75
201200055719,12,7,5,1100,1,2,2,1.0,6,75111,M,,,75
201200055720,12,7,5,1515,1,2,3,1.0,6,75111,M,,,75
201200055721,12,7,7,845,1,2,2,8.0,2,75111,M,,,75
201200055722,12,7,10,1520,1,2,2,1.0,6,75111,M,,,75
201200055723,12,7,10,1930,1,2,3,1.0,3,75111,M,,,75
201200055724,12,7,12,1135,1,2,2,1.0,6,75111,M,,,75
201200055725,12,7,12,1735,1,2,3,2.0,1,75111,M,,,75
201200055726,12,7,12,2155,5,2,2,2.0,3,75111,M,,,75
201200055727,12,7,12,2345,5,2,1,3.0,2,75111,M,,,75
201200055728,12,7,13,1330,1,2,3,1.0,2,75111,M,,,75
201200055729,12,7,14,2345,5,2,2,1.0,6,75111,M,,,75
201200055730,12,7,17,1810,2,2,1,1.0,6,75111,M,,,75
201200055731,12,7,20,440,5,2,7,1.0,3,75111,M,,,75
201200055732,12,7,20,1300,1,2,1,1.0,6,75111,M,,,75
201200055733,12,7,20,1635,1,2,3,1.0,3,75111,M,,,75
201200055734,12,7,20,1925,1,2,1,1.0,7,75111,M,,,75
201200055735,12,7,21,1855,1,2,2,1.0,3,75111,M,,,75
201200055736,12,7,21,1920,1,2,2,1.0,3,75111,M,,,75
201200055737,12,7,22,1220,1,2,2,1.0,3,75111,M,,,75
201200055738,12,7,22,1630,1,2,4,1.0,3,75111,M,,,75
201200055739,12,7,23,350,5,2,2,1.0,3,75111,M,,,75
201200055740,12,7,23,1835,1,2,2,1.0,6,75111,M,,,75
201200055741,12,7,25,810,1,2,1,1.0,6,75111,M,,,75
201200055742,12,7,28,155,5,2,1,2.0,6,75111,M,,,75
201200055743,12,7,28,2220,5,2,2,1.0,3,75111,M,,,75
201200055744,12,7,31,1350,1,2,2,1.0,6,75111,M,,,75
201200055745,12,8,1,740,1,2,2,1.0,6,75111,M,,,75
201200055746,12,8,1,1110,1,2,2,1.0,3,75111,M,,,75
201200055747,12,8,2,1520,1,2,7,1.0,6,75111,M,,,75
201200055748,12,8,4,1545,1,2,2,1.0,6,75111,M,,,75
201200055749,12,8,6,1030,1,2,1,1.0,3,75111,M,,,75
201200055750,12,8,6,1400,1,2,2,1.0,6,75111,M,,,75
201200055751,12,8,9,915,1,2,3,1.0,3,75111,M,,,75
201200055752,12,8,13,1715,1,2,3,1.0,2,75111,M,,,75
201200055753,12,8,18,2100,5,2,2,1.0,6,75111,M,,,75
201200055754,12,8,19,1540,1,2,2,1.0,6,75111,M,,,75
201200055755,12,8,20,255,5,2,5,1.0,6,75111,M,,,75
201200055756,12,8,21,400,5,2,2,1.0,6,75111,M,,,75
201200055757,12,8,22,2130,2,2,5,1.0,3,75111,M,,,75
201200055758,12,8,23,1530,1,2,2,1.0,3,75111,M,,,75
201200055759,12,8,24,1810,1,2,3,2.0,7,75111,M,,,75
201200055760,12,8,24,1800,1,2,2,3.0,2,75111,M,,,75
201200055761,12,8,25,1705,1,2,3,1.0,3,75111,M,,,75
201200055762,12,8,27,1650,1,2,2,1.0,6,75111,M,,,75
201200055763,12,8,27,1850,1,2,7,1.0,2,75111,M,,,75
201200055764,12,8,30,1710,1,2,3,2.0,7,75111,M,,,75
201200055765,12,8,31,1240,1,2,3,1.0,5,75111,M,,,75
201200055766,12,8,31,1840,1,2,3,1.0,3,75111,M,,,75
201200055767,12,8,31,2200,5,2,2,1.0,2,75111,M,,,75
201200055768,12,9,1,1715,1,2,7,1.0,2,75111,M,,,75
201200055769,12,9,2,45,5,2,5,1.0,6,75111,M,,,75
201200055770,12,9,3,700,2,2,5,2.0,7,75111,M,,,75
201200055771,12,9,5,2235,5,2,1,1.0,6,75111,M,,,75
201200055772,12,9,7,1345,1,2,2,1.0,7,75111,M,,,75
201200055773,12,9,7,1750,1,2,1,1.0,6,75111,M,,,75
201200055774,12,9,7,2035,5,2,5,1.0,3,75111,M,,,75
201200055775,12,9,8,2010,2,2,1,1.0,7,75111,M,,,75
201200055776,12,9,9,1515,1,2,7,1.0,2,75111,M,,,75
201200055777,12,9,10,1320,1,2,1,1.0,6,75111,M,,,75
201200055778,12,9,10,2150,5,2,1,3.0,7,75111,M,,,75
201200055779,12,9,11,750,1,2,2,1.0,3,75111,M,,,75
201200055780,12,9,11,1345,1,2,1,3.0,4,75111,M,,,75
201200055781,12,9,11,1455,1,2,7,3.0,7,75111,M,,,75
201200055782,12,9,11,1650,1,2,3,2.0,4,75111,M,,,75
201200055783,12,9,11,2055,5,2,2,8.0,2,75111,M,,,75
201200055784,12,9,13,930,1,2,7,1.0,7,75111,M,,,75
201200055785,12,9,13,1415,1,2,7,1.0,2,75111,M,,,75
201200055786,12,9,13,1520,1,2,5,1.0,3,75111,M,,,75
201200055787,12,9,15,1130,1,2,5,1.0,3,75111,M,,,75
201200055788,12,9,16,120,5,2,2,1.0,6,75111,M,,,75
201200055789,12,9,16,1945,2,2,3,1.0,7,75111,M,,,75
201200055790,12,9,17,1200,1,2,1,1.0,3,75111,M,,,75
201200055791,12,9,17,1550,1,2,7,1.0,3,75111,M,,,75
201200055792,12,9,20,1450,1,2,1,1.0,2,75111,M,,,75
201200055793,12,9,21,1215,1,2,1,1.0,6,75111,M,,,75
201200055794,12,9,21,1730,1,2,5,2.0,3,75111,M,,,75
201200055795,12,9,21,2015,5,2,2,9.0,2,75111,M,,,75
201200055796,12,9,23,2100,5,2,3,1.0,6,75111,M,,,75
201200055797,12,9,24,1100,1,2,3,2.0,6,75111,M,,,75
201200055798,12,9,24,2200,5,2,2,2.0,7,75111,M,,,75
201200055799,12,9,25,730,2,2,2,2.0,7,75111,M,,,75
201200055800,12,9,25,1010,1,2,1,1.0,6,75111,M,,,75
201200055801,12,9,25,1420,1,2,1,1.0,1,75111,M,,,75
201200055802,12,9,26,2005,5,2,5,3.0,3,75111,M,,,75
201200055803,12,9,26,2200,5,2,2,9.0,3,75111,M,,,75
201200055804,12,9,27,1955,5,2,7,8.0,3,75111,M,,,75
201200055805,12,9,28,235,5,2,2,1.0,3,75111,M,,,75
201200055806,12,9,28,910,1,2,1,1.0,6,75111,M,,,75
201200055807,12,9,28,1510,1,2,3,1.0,6,75111,M,,,75
201200055808,12,9,29,320,5,2,5,1.0,6,75111,M,,,75
201200055809,12,10,1,2000,5,2,2,1.0,2,75111,M,,,75
201200055810,12,10,2,12,5,2,2,2.0,1,75111,M,,,75
201200055811,12,10,2,1350,1,2,2,1.0,3,75111,M,,,75
201200055812,12,10,4,1300,1,2,7,1.0,3,75111,M,,,75
201200055813,12,10,4,2055,5,2,7,1.0,6,75111,M,,,75
201200055814,12,10,5,1537,1,2,1,1.0,7,75111,M,,,75
201200055815,12,10,7,2030,5,2,2,1.0,3,75111,M,,,75
201200055816,12,10,8,2015,3,2,1,2.0,2,75111,M,,,75
201200055817,12,10,9,730,2,2,3,2.0,2,75111,M,,,75
201200055818,12,10,11,1710,1,2,2,1.0,6,75111,M,,,75
201200055819,12,10,12,1215,1,2,1,1.0,6,75111,M,,,75
201200055820,12,10,15,1115,1,2,3,1.0,6,75111,M,,,75
201200055821,12,10,15,1345,1,2,2,1.0,3,75111,M,,,75
201200055822,12,10,15,1520,1,2,3,1.0,3,75111,M,,,75
201200055823,12,10,17,1355,1,2,1,2.0,2,75111,M,,,75
201200055824,12,10,17,1655,1,2,1,2.0,6,75111,M,,,75
201200055825,12,10,18,640,3,2,3,2.0,3,75111,M,,,75
201200055826,12,10,18,1010,1,2,2,1.0,6,75111,M,,,75
201200055827,12,10,18,2015,5,2,2,1.0,1,75111,M,,,75
201200055828,12,10,19,1305,1,2,2,1.0,3,75111,M,,,75
201200055829,12,10,19,1735,1,2,1,8.0,6,75111,M,,,75
201200055830,12,10,20,2300,5,2,2,2.0,1,75111,M,,,75
201200055831,12,10,21,135,5,2,2,2.0,7,75111,M,,,75
201200055832,12,10,23,1224,1,2,2,1.0,2,75111,M,,,75
201200055833,12,10,24,1635,1,2,1,1.0,2,75111,M,,,75
201200055834,12,10,24,2010,3,2,1,1.0,3,75111,M,,,75
201200055835,12,10,25,1315,1,2,2,1.0,3,75111,M,,,75
201200055836,12,10,26,610,5,2,3,1.0,6,75111,M,,,75
201200055837,12,10,27,16,5,2,2,1.0,7,75111,M,,,75
201200055838,12,10,27,355,5,2,3,1.0,7,75111,M,,,75
201200055839,12,10,27,1950,5,2,7,1.0,3,75111,M,,,75
201200055840,12,10,29,1330,1,2,2,1.0,6,75111,M,,,75
201200055841,12,11,1,620,2,2,3,2.0,6,75111,M,,,75
201200055842,12,11,1,1910,5,2,2,2.0,6,75111,M,,,75
201200055843,12,11,2,2010,5,2,1,9.0,7,75111,M,,,75
201200055844,12,11,3,250,5,2,3,2.0,6,75111,M,,,75
201200055845,12,11,3,1115,1,2,3,8.0,3,75111,M,,,75