Num_Acc,an,mois,jour,hrmn,lum,agg,int,atm,col,com,gps,lat,long,dep
201200055846,12,11,5,1000,1,2,1,1.0,6,75111,M,,,75
201200055847,12,11,5,1715,2,2,1,2.0,6,75111,M,,,75
201200055848,12,11,5,2010,5,2,2,3.0,3,75111,M,,,75
201200055849,12,11,6,1020,1,2,2,1.0,3,75111,M,,,75
201200055850,12,11,7,645,5,2,2,1.0,3,75111,M,,,75
201200055851,12,11,7,2125,5,2,2,1.0,3,75111,M,,,75
201200055852,12,11,8,1745,5,2,1,1.0,3,75111,M,,,75
201200055853,12,11,9,1655,2,2,1,2.0,3,75111,M,,,75
201200055854,12,11,9,1750,5,2,2,2.0,3,75111,M,,,75
201200055855,12,11,10,2050,5,2,5,1.0,6,75111,M,,,75
201200055856,12,11,12,1050,1,2,1,1.0,7,75111,M,,,75
201200055857,12,11,13,35,5,2,3,2.0,3,75111,M,,,75
201200055858,12,11,13,945,1,2,1,9.0,7,75111,M,,,75
201200055859,12,11,14,1730,2,2,3,8.0,7,75111,M,,,75
201200055860,12,11,14,1814,5,2,1,1.0,2,75111,M,,,75
201200055861,12,11,16,1030,1,2,3,1.0,3,75111,M,,,75
201200055862,12,11,18,1620,1,2,1,9.0,6,75103,M,,,75
201200055863,12,11,19,1300,1,2,5,1.0,3,75111,M,,,75
201200055864,12,11,19,2010,5,2,1,1.0,6,75111,M,,,75
201200055865,12,11,21,1850,5,2,2,8.0,6,75111,M,,,75
201200055866,12,11,24,1125,1,2,2,1.0,2,75111,M,,,75
201200055867,12,11,26,1610,1,2,1,1.0,6,75111,M,,,75
201200055868,12,11,27,1050,1,2,2,2.0,6,75111,M,,,75
201200055869,12,11,28,645,2,2,5,1.0,7,75111,M,,,75
201200055870,12,11,29,1205,1,2,2,1.0,6,75111,M,,,75
201200055871,12,11,29,2320,5,2,1,1.0,7,75111,M,,,75
201200055872,12,11,30,220,5,2,3,1.0,6,75111,M,,,75
201200055873,12,11,30,1113,1,2,2,8.0,2,75111,M,,,75
201200055874,12,11,30,1515,1,2,1,1.0,7,75111,M,,,75
201200055875,12,11,30,1810,5,2,3,1.0,5,75111,M,,,75
201200055876,12,11,30,2045,5,2,3,1.0,2,75111,M,,,75
201200055877,12,12,2,1500,1,2,1,1.0,6,75111,M,,,75
201200055878,12,12,2,1710,2,2,3,1.0,3,75111,M,,,75
201200055879,12,12,2,2030,5,2,2,1.0,7,75111,M,,,75
201200055880,12,12,3,1640,2,2,1,8.0,6,75111,M,,,75
201200055881,12,12,3,2115,5,2,1,1.0,6,75111,M,,,75
201200055882,12,12,4,745,3,2,3,3.0,6,75111,M,,,75
201200055883,12,12,4,835,1,2,5,8.0,3,75111,M,,,75
201200055884,12,12,4,1425,1,2,5,1.0,6,75111,M,,,75
201200055885,12,12,4,1845,2,2,3,2.0,6,75111,M,,,75
201200055886,12,12,6,915,1,2,1,1.0,3,75111,M,,,75
201200055887,12,12,6,1520,1,2,1,1.0,2,75111,M,,,75
201200055888,12,12,6,2125,5,2,1,1.0,6,75111,M,,,75
201200055889,12,12,7,1810,4,2,3,2.0,2,75111,M,,,75
201200055890,12,12,7,2035,5,2,4,2.0,3,75111,M,,,75
201200055891,12,12,8,410,5,2,3,2.0,6,75111,M,,,75
201200055892,12,12,9,1740,5,2,1,3.0,1,75111,M,,,75
201200055893,12,12,9,1940,5,2,1,2.0,6,75111,M,,,75
201200055894,12,12,10,1550,1,2,3,2.0,3,75111,M,,,75
201200055895,12,12,11,900,1,2,2,1.0,3,75111,M,,,75
201200055896,12,12,11,1300,1,2,1,1.0,3,75111,M,,,75
201200055897,12,12,11,1710,5,2,2,1.0,6,75111,M,,,75
201200055898,12,12,12,1230,1,2,7,1.0,6,75111,M,,,75
201200055899,12,12,13,1630,1,2,2,2.0,6,75111,M,,,75
201200055900,12,12,13,1810,5,2,7,8.0,7,75111,M,,,75
201200055901,12,12,14,905,1,2,1,2.0,4,75111,M,,,75
201200055902,12,12,14,1645,2,2,7,2.0,7,75111,M,,,75
201200055903,12,12,15,2159,5,2,3,2.0,2,75111,M,,,75
201200055904,12,12,16,105,5,2,2,1.0,3,75111,M,,,75
201200055905,12,12,17,745,2,2,1,1.0,6,75111,M,,,75
201200055906,12,12,18,1510,1,2,3,1.0,3,75111,M,,,75
201200055907,12,12,19,800,2,2,7,1.0,3,75111,M,,,75
201200055908,12,12,20,2315,5,2,3,2.0,3,75111,M,,,75
201200055909,12,12,21,950,1,2,1,1.0,3,75111,M,,,75
201200055910,12,12,21,1545,1,2,5,1.0,3,75111,M,,,75
201200055911,12,12,22,1245,1,2,2,3.0,6,75111,M,,,75
201200055912,12,12,26,2015,5,2,3,2.0,7,75111,M,,,75
201200055913,12,12,26,2135,5,2,1,2.0,3,75111,M,,,75
201200055914,12,12,27,1440,1,2,3,1.0,6,75111,M,,,75
201200055915,12,12,27,1920,2,2,2,1.0,3,75111,M,,,75
201200055916,12,12,28,1810,5,2,3,8.0,6,75111,M,,,75
201200055917,12,12,29,1005,1,2,1,1.0,2,75111,M,,,75
201200055918,12,12,30,930,1,2,2,1.0,3,75111,M,,,75
201200055919,12,1,1,615,5,2,1,1.0,1,75112,M,,,75
201200055920,12,1,1,2030,5,2,3,2.0,2,75112,M,,,75
201200055921,12,1,4,440,5,2,1,1.0,6,75112,M,,,75
201200055922,12,1,4,1920,5,2,2,1.0,6,75112,M,,,75
201200055923,12,1,4,1840,5,2,1,1.0,6,75112,M,,,75
201200055924,12,1,6,1303,1,2,3,1.0,3,75112,M,,,75
201200055925,12,1,9,730,5,2,1,2.0,6,75112,M,,,75
201200055926,12,1,9,1000,1,2,7,1.0,3,75112,M,,,75
201200055927,12,1,9,2020,5,2,3,1.0,3,75112,M,,,75
201200055928,12,1,12,1305,1,2,2,1.0,6,75112,M,,,75
201200055929,12,1,12,1855,5,2,2,1.0,3,75112,M,,,75
201200055930,12,1,12,2050,5,2,3,2.0,7,75112,M,,,75
201200055931,12,1,16,816,1,2,2,1.0,6,75112,M,,,75
201200055932,12,1,16,1315,1,2,3,1.0,2,75112,M,,,75
201200055933,12,1,17,900,1,2,1,1.0,6,75112,M,,,75
201200055934,12,1,17,1200,1,2,2,1.0,3,75112,M,,,75
201200055935,12,1,17,1520,1,2,2,1.0,6,75112,M,,,75
201200055936,12,1,18,910,1,2,3,1.0,6,75112,M,,,75
201200055937,12,1,18,1345,1,2,2,1.0,7,75112,M,,,75
201200055938,12,1,19,925,1,2,1,1.0,6,75112,M,,,75
201200055939,12,1,21,2235,5,2,2,2.0,3,75112,M,,,75
201200055940,12,1,23,930,1,2,1,1.0,3,75112,M,,,75
201200055941,12,1,23,1600,1,2,1,2.0,7,75112,M,,,75
201200055942,12,1,25,1800,5,2,1,1.0,3,75112,M,,,75
201200055943,12,1,25,2025,5,2,3,2.0,7,75112,M,,,75
201200055944,12,1,26,850,1,2,1,2.0,6,75112,M,,,75
201200055945,12,1,27,110,5,2,4,1.0,2,75112,M,,,75
201200055946,12,1,27,1620,1,2,1,1.0,6,75112,M,,,75
201200055947,12,1,28,710,5,2,4,2.0,2,75112,M,,,75
201200055948,12,1,29,700,5,2,7,1.0,3,75112,M,,,75
201200055949,12,1,30,900,1,2,2,1.0,7,75112,M,,,75
201200055950,12,1,30,950,1,2,1,1.0,3,75112,M,,,75
201200055951,12,1,31,740,2,2,2,1.0,6,75112,M,,,75
201200055952,12,1,31,840,1,2,5,1.0,3,75112,M,,,75
201200055953,12,1,31,1650,1,2,3,1.0,6,75111,M,,,75
201200055954,12,2,1,1610,1,2,1,1.0,2,75112,M,,,75
201200055955,12,2,2,1030,1,2,1,1.0,6,75112,M,,,75
201200055956,12,2,3,1830,5,2,4,1.0,6,75112,M,,,75
201200055957,12,2,4,1300,1,2,1,1.0,6,75112,M,,,75
201200055958,12,2,4,1450,1,2,1,1.0,4,75112,M,,,75
201200055959,12,2,5,1200,1,2,1,8.0,3,75112,M,,,75
201200055960,12,2,6,1340,1,2,5,1.0,7,75112,M,,,75
201200055961,12,2,6,1840,2,2,3,1.0,6,75112,M,,,75
201200055962,12,2,6,2150,5,2,1,1.0,7,75112,M,,,75
201200055963,12,2,7,845,1,2,3,1.0,3,75112,M,,,75
201200055964,12,2,9,1815,5,2,1,1.0,6,75112,M,,,75
201200055965,12,2,11,427,5,2,1,9.0,7,75112,M,,,75
201200055966,12,2,11,1100,1,2,1,1.0,7,75112,M,,,75
201200055967,12,2,11,1910,5,2,1,1.0,3,75112,M,,,75
201200055968,12,2,11,1950,5,2,4,1.0,3,75112,M,,,75
201200055969,12,2,13,1813,5,2,1,1.0,6,75112,M,,,75
201200055970,12,2,13,1835,5,2,7,2.0,6,75112,M,,,75
201200055971,12,2,15,850,1,2,1,1.0,7,75112,M,,,75
201200055972,12,2,15,2205,5,2,2,2.0,7,75112,M,,,75
201200055973,12,2,17,1525,1,2,3,2.0,3,75112,M,,,75
201200055974,12,2,18,1955,5,2,7,2.0,3,75112,M,,,75
201200055975,12,2,19,2015,5,2,2,1.0,7,75112,M,,,75
201200055976,12,2,20,1025,1,2,7,1.0,3,75112,M,,,75
201200055977,12,2,22,1805,2,2,4,1.0,3,75112,M,,,75
201200055978,12,2,23,1200,1,2,4,2.0,2,75112,M,,,75
201200055979,12,2,23,1600,1,2,3,1.0,3,75112,M,,,75
201200055980,12,2,23,1755,2,2,1,2.0,3,75112,M,,,75
201200055981,12,2,23,1625,1,2,4,1.0,6,75112,M,,,75
201200055982,12,2,24,1135,1,2,1,1.0,6,75112,M,,,75
201200055983,12,2,25,2325,5,2,7,1.0,3,75112,M,,,75
201200055984,12,2,26,320,5,2,5,1.0,3,75112,M,,,75
201200055985,12,2,27,1530,1,2,1,1.0,2,75112,M,,,75
201200055986,12,2,28,1030,1,2,7,1.0,2,75112,M,,,75
201200055987,12,2,28,1110,1,2,1,1.0,4,75112,M,,,75
201200055988,12,3,1,1915,5,2,1,1.0,3,75112,M,,,75
201200055989,12,3,2,1500,1,2,1,1.0,6,75112,M,,,75
201200055990,12,3,3,2115,5,2,2,8.0,4,75112,M,,,75
201200055991,12,3,4,1940,2,2,1,1.0,2,75112,M,,,75
201200055992,12,3,6,1045,1,2,4,2.0,3,75112,M,,,75
201200055993,12,3,7,1655,2,2,2,2.0,6,75112,M,,,75
201200055994,12,3,7,1720,1,2,3,3.0,3,75112,M,,,75
201200055995,12,3,7,1750,2,2,5,2.0,3,75112,M,,,75
201200055996,12,3,8,950,1,2,2,1.0,2,75112,M,,,75
201200055997,12,3,8,1815,2,2,2,1.0,6,75112,M,,,75
201200055998,12,3,8,1714,1,2,2,1.0,6,75112,M,,,75
201200055999,12,3,9,230,5,2,3,1.0,6,75112,M,,,75
201200056000,12,3,11,450,5,2,7,1.0,3,75112,M,,,75
201200056001,12,3,11,1440,1,2,1,1.0,6,75112,M,,,75
201200056002,12,3,12,900,1,2,2,1.0,2,75112,M,,,75
201200056003,12,3,13,1730,1,2,3,1.0,7,75112,M,,,75
201200056004,12,3,14,2032,5,2,3,1.0,3,75112,M,,,75
201200056005,12,3,14,2230,5,2,3,1.0,6,75112,M,,,75
201200056006,12,3,15,745,1,2,1,1.0,3,75112,M,,,75
201200056007,12,3,15,1055,1,2,9,1.0,3,75112,M,,,75
201200056008,12,3,15,1625,1,2,7,1.0,3,75112,M,,,75
201200056009,12,3,15,1940,5,2,7,1.0,6,75112,M,,,75
201200056010,12,3,16,2030,5,2,2,1.0,6,75112,M,,,75
201200056011,12,3,17,505,5,2,5,1.0,3,75112,M,,,75
201200056012,12,3,17,2325,5,2,5,1.0,7,75112,M,,,75
201200056013,12,3,19,1740,1,2,1,1.0,4,75112,M,,,75
201200056014,12,3,19,2315,5,2,2,1.0,2,75112,M,,,75
201200056015,12,3,22,820,1,2,1,1.0,3,75112,M,,,75
201200056016,12,3,23,350,5,2,5,1.0,6,75112,M,,,75
201200056017,12,3,23,945,1,2,7,1.0,3,75112,M,,,75
201200056018,12,3,26,745,1,2,3,1.0,7,75112,M,,,75
201200056019,12,3,26,1556,1,2,5,1.0,6,75112,M,,,75
201200056020,12,3,26,1815,1,2,1,1.0,7,75112,M,,,75
201200056021,12,3,28,1110,1,2,7,1.0,6,75112,M,,,75
201200056022,12,3,28,1300,1,2,3,1.0,6,75112,M,,,75
201200056023,12,3,29,930,1,2,3,1.0,3,75112,M,,,75
201200056024,12,3,29,1445,1,2,1,1.0,2,75112,M,,,75
201200056025,12,3,30,45,5,2,2,1.0,6,75112,M,,,75
201200056026,12,3,30,1645,1,2,5,1.0,3,75112,M,,,75
201200056027,12,3,30,2125,5,2,5,1.0,3,75112,M,,,75
201200056028,12,4,2,930,1,2,3,1.0,2,75112,M,,,75
201200056029,12,4,5,855,1,2,3,1.0,6,75112,M,,,75
201200056030,12,4,5,1555,1,2,2,1.0,7,75112,M,,,75
201200056031,12,4,5,1355,1,2,1,1.0,3,75112,M,,,75
201200056032,12,4,6,1830,1,2,2,1.0,7,75112,M,,,75
201200056033,12,4,7,1425,1,2,1,1.0,7,75112,M,,,75
201200056034,12,4,9,1050,1,2,4,1.0,6,75112,M,,,75
201200056035,12,4,10,1640,1,2,1,3.0,2,75112,M,,,75
201200056036,12,4,11,845,1,2,2,1.0,6,75112,M,,,75
201200056037,12,4,11,1955,1,2,5,1.0,3,75112,M,,,75
201200056038,12,4,12,1640,1,2,5,1.0,6,75112,M,,,75
201200056039,12,4,12,2015,5,2,2,1.0,6,75112,M,,,75
201200056040,12,4,13,2010,2,2,5,1.0,7,75112,M,,,75
201200056041,12,4,14,102,5,2,2,1.0,3,75112,M,,,75
201200056042,12,4,14,1740,1,2,2,2.0,2,75112,M,,,75
201200056043,12,4,16,825,1,2,1,1.0,3,75112,M,,,75
201200056044,12,4,16,2200,5,2,2,1.0,7,75112,M,,,75
201200056045,12,4,17,1215,1,2,2,2.0,6,75112,M,,,75
201200056046,12,4,17,1330,1,2,3,3.0,3,75112,M,,,75
201200056047,12,4,19,1025,1,2,7,1.0,2,75112,M,,,75
201200056048,12,4,19,1255,1,2,2,1.0,3,75112,M,,,75
201200056049,12,4,20,1520,1,2,3,1.0,3,75112,M,,,75
201200056050,12,4,22,1140,1,2,1,1.0,6,75112,M,,,75
201200056051,12,4,24,1610,1,2,2,2.0,3,75112,M,,,75
201200056052,12,4,25,30,5,2,2,1.0,3,75112,M,,,75
201200056053,12,5,1,1815,1,2,1,1.0,3,75112,M,,,75
201200056054,12,5,3,1619,1,2,2,1.0,3,75112,M,,,75
201200056055,12,5,3,1735,1,2,2,2.0,3,75112,M,,,75
201200056056,12,5,4,45,5,2,7,1.0,2,75112,M,,,75
201200056057,12,5,4,1815,1,2,1,2.0,6,75112,M,,,75
201200056058,12,5,5,1950,2,2,4,3.0,5,75112,M,,,75
201200056059,12,5,6,1725,1,2,4,1.0,3,75112,M,,,75
201200056060,12,5,7,1700,1,2,1,1.0,6,75112,M,,,75
201200056061,12,5,8,1727,1,2,4,1.0,1,75112,M,,,75
201200056062,12,5,8,1830,1,2,5,1.0,3,75112,M,,,75
201200056063,12,5,9,1545,1,2,3,1.0,3,75112,M,,,75
201200056064,12,5,10,240,5,2,7,1.0,7,75112,M,,,75
201200056065,12,5,10,2350,5,2,2,1.0,3,75112,M,,,75
201200056066,12,5,12,225,5,2,7,1.0,6,75112,M,,,75
201200056067,12,5,12,1015,1,2,1,1.0,3,75112,M,,,75
201200056068,12,5,12,1730,1,2,2,1.0,3,75112,M,,,75
201200056069,12,5,13,618,1,2,1,1.0,2,75112,M,,,75
201200056070,12,5,13,1040,1,2,5,1.0,3,75112,M,,,75
201200056071,12,5,13,1055,1,2,7,1.0,6,75112,M,,,75
201200056072,12,5,13,2020,1,2,5,1.0,6,75112,M,,,75
201200056073,12,5,14,1405,1,2,2,1.0,6,75112,M,,,75
201200056074,12,5,14,1125,1,2,1,1.0,7,75112,M,,,75
201200056075,12,5,14,1830,1,2,5,1.0,3,75112,M,,,75
201200056076,12,5,15,1030,1,2,1,1.0,2,75112,M,,,75
201200056077,12,5,20,1710,1,2,2,1.0,3,75112,M,,,75
201200056078,12,5,21,1245,1,2,1,3.0,3,75112,M,,,75
201200056079,12,5,21,2235,5,2,1,8.0,6,75112,M,,,75
201200056080,12,5,22,540,2,2,5,1.0,6,75112,M,,,75
201200056081,12,5,23,1520,1,2,1,1.0,3,75112,M,,,75
201200056082,12,5,23,1610,1,2,1,1.0,6,75112,M,,,75
201200056083,12,5,24,900,1,2,2,1.0,6,75112,M,,,75
201200056084,12,5,25,900,1,2,3,1.0,1,75112,M,,,75
201200056085,12,5,25,1335,1,2,2,1.0,1,75112,M,,,75
201200056086,12,5,27,140,5,2,1,1.0,6,75112,M,,,75
201200056087,12,5,27,1200,1,2,3,1.0,6,75112,M,,,75
201200056088,12,5,29,150,5,2,1,1.0,6,75112,M,,,75
201200056089,12,5,29,1455,1,2,4,1.0,6,75112,M,,,75
201200056090,12,5,30,800,1,2,1,1.0,3,75112,M,,,75
201200056091,12,5,30,630,1,2,2,1.0,6,75119,M,,,75
201200056092,12,5,30,1040,1,2,3,1.0,3,75112,M,,,75
201200056093,12,5,30,1750,1,2,1,1.0,3,75112,M,,,75
201200056094,12,5,31,1605,1,2,3,1.0,6,75112,M,,,75
201200056095,12,5,31,2230,5,2,2,1.0,6,75112,M,,,75
201200056096,12,6,1,2010,1,2,1,1.0,2,75112,M,,,75
201200056097,12,6,2,1135,1,2,3,1.0,6,75112,M,,,75
201200056098,12,6,2,1940,1,2,1,1.0,7,75112,M,,,75
201200056099,12,6,3,215,5,2,1,3.0,1,75112,M,,,75
201200056100,12,6,4,140,5,2,1,1.0,6,75112,M,,,75
201200056101,12,6,4,1955,1,2,1,1.0,4,75112,M,,,75
201200056102,12,6,5,1505,1,2,4,1.0,3,75112,M,,,75
201200056103,12,6,6,1345,1,2,2,1.0,2,75112,M,,,75
201200056104,12,6,8,140,5,2,5,1.0,3,75112,M,,,75
201200056105,12,6,10,1300,1,2,1,1.0,6,75112,M,,,75
201200056106,12,6,10,2130,5,2,5,1.0,6,75120,M,,,75
201200056107,12,6,13,1710,1,2,1,1.0,1,75112,M,,,75
201200056108,12,6,14,1015,1,2,4,1.0,6,75112,M,,,75
201200056109,12,6,14,1930,1,2,3,1.0,2,75112,M,,,75
201200056110,12,6,15,1430,1,2,2,1.0,3,75112,M,,,75
201200056111,12,6,16,355,5,2,2,2.0,3,75112,M,,,75
201200056112,12,6,17,1415,1,2,1,1.0,2,75112,M,,,75
201200056113,12,6,17,1620,1,2,2,2.0,2,75112,M,,,75
201200056114,12,6,20,850,1,2,1,1.0,6,75112,M,,,75
201200056115,12,6,20,1030,1,2,4,1.0,2,75112,M,,,75
201200056116,12,6,21,1830,1,2,1,1.0,6,75112,M,,,75
201200056117,12,6,21,2010,1,2,7,1.0,3,75104,M,,,75
201200056118,12,6,24,1100,1,2,3,2.0,3,75112,M,,,75
201200056119,12,6,24,1930,2,2,2,2.0,6,75112,M,,,75
201200056120,12,6,25,130,5,2,2,1.0,3,75112,M,,,75
201200056121,12,6,25,1525,1,2,2,1.0,1,75112,M,,,75
201200056122,12,6,25,1710,1,2,1,1.0,3,75112,M,,,75
201200056123,12,6,25,1710,1,2,1,1.0,2,75112,M,,,75
201200056124,12,6,27,1300,1,2,1,1.0,6,75112,M,,,75
201200056125,12,6,27,1500,1,2,4,1.0,3,75112,M,,,75
201200056126,12,6,27,1845,1,2,2,1.0,6,75112,M,,,75
201200056127,12,6,28,840,1,2,1,1.0,3,75112,M,,,75
201200056128,12,6,28,1100,1,2,1,1.0,7,75112,M,,,75
201200056129,12,6,28,1205,1,2,1,1.0,6,75112,M,,,75
201200056130,12,6,28,1810,1,2,7,1.0,6,75112,M,,,75
201200056131,12,6,29,750,1,2,1,8.0,3,75112,M,,,75
201200056132,12,6,29,1300,1,2,3,1.0,6,75112,M,,,75
201200056133,12,6,30,1755,1,2,2,1.0,1,75112,M,,,75
201200056134,12,7,1,330,5,2,7,1.0,6,75112,M,,,75
201200056135,12,7,2,400,5,2,1,1.0,6,75112,M,,,75
201200056136,12,7,2,2202,5,2,5,1.0,6,75112,M,,,75
201200056137,12,7,3,1920,1,2,3,1.0,6,75112,M,,,75
201200056138,12,7,4,720,1,2,5,1.0,3,75112,M,,,75
201200056139,12,7,4,1950,1,2,1,1.0,3,75112,M,,,75
201200056140,12,7,6,1110,1,2,1,1.0,4,75112,M,,,75
201200056141,12,7,6,1200,1,2,7,1.0,6,75112,M,,,75
201200056142,12,7,9,720,1,2,1,1.0,3,75112,M,,,75
201200056143,12,7,9,1520,1,2,5,1.0,3,75112,M,,,75
201200056144,12,7,10,850,1,2,3,1.0,6,75112,M,,,75
201200056145,12,7,11,925,1,2,1,2.0,7,75112,M,,,75
201200056146,12,7,11,1825,1,2,7,1.0,3,75112,M,,,75
201200056147,12,7,12,920,1,2,1,1.0,6,75112,M,,,75
201200056148,12,7,12,1300,1,2,1,1.0,2,75112,M,,,75
201200056149,12,7,13,935,1,2,5,2.0,6,75112,M,,,75
201200056150,12,7,15,2320,5,2,4,1.0,6,75112,M,,,75
201200056151,12,7,17,1210,1,2,2,1.0,3,75112,M,,,75
201200056152,12,7,17,1640,1,2,1,1.0,2,75113,M,,,75
201200056153,12,7,18,330,5,2,1,1.0,7,75112,M,,,75
201200056154,12,7,18,1040,1,2,1,1.0,3,75112,M,,,75
201200056155,12,7,18,1930,1,2,1,1.0,6,75112,M,,,75
201200056156,12,7,19,1900,1,2,4,1.0,7,75112,M,,,75
201200056157,12,7,21,930,1,2,1,1.0,2,75112,M,,,75
201200056158,12,7,23,2015,1,2,5,7.0,6,75112,M,,,75
201200056159,12,7,24,1715,1,2,1,1.0,6,75112,M,,,75
201200056160,12,7,24,1920,1,2,3,1.0,6,75112,M,,,75
201200056161,12,7,24,2005,2,2,2,1.0,2,75112,M,,,75
201200056162,12,7,25,1315,1,2,1,1.0,4,75112,M,,,75
201200056163,12,7,25,2010,1,2,5,1.0,3,75112,M,,,75
201200056164,12,7,25,2020,2,2,2,1.0,3,75112,M,,,75
201200056165,12,7,26,1910,2,2,2,1.0,6,75112,M,,,75
201200056166,12,7,27,1400,1,2,3,1.0,6,75112,M,,,75
201200056167,12,7,28,1730,1,2,5,1.0,3,75112,M,,,75
201200056168,12,7,28,1740,1,2,1,1.0,3,75112,M,,,75
201200056169,12,7,31,1825,1,2,2,1.0,3,75112,M,,,75
201200056170,12,8,2,1715,1,2,5,1.0,3,75112,M,,,75
201200056171,12,8,3,920,1,2,1,1.0,6,75112,M,,,75
201200056172,12,8,7,1710,1,2,2,1.0,3,75112,M,,,75
201200056173,12,8,7,2135,5,2,2,1.0,6,75112,M,,,75
201200056174,12,8,8,915,1,2,1,1.0,3,75112,M,,,75
201200056175,12,8,8,1030,1,2,7,1.0,3,75112,M,,,75
201200056176,12,8,8,1620,1,2,7,1.0,6,75112,M,,,75
201200056177,12,8,8,1800,1,2,4,1.0,4,75112,M,,,75
201200056178,12,8,9,1230,1,2,2,1.0,2,75112,M,,,75
201200056179,12,8,10,2010,1,2,5,1.0,6,75112,M,,,75
201200056180,12,8,11,1820,1,2,1,1.0,3,75112,M,,,75
201200056181,12,8,13,1420,1,2,1,1.0,3,75112,M,,,75
201200056182,12,8,14,115,5,2,1,1.0,6,75112,M,,,75
201200056183,12,8,15,1500,1,2,1,1.0,7,75112,M,,,75
201200056184,12,8,17,1810,1,2,1,1.0,2,75112,M,,,75
201200056185,12,8,17,2345,5,2,2,1.0,3,75112,M,,,75
201200056186,12,8,18,1120,1,2,7,1.0,3,75112,M,,,75
201200056187,12,8,19,45,3,2,1,1.0,6,75112,M,,,75
201200056188,12,8,20,930,1,2,3,1.0,1,75112,M,,,75
201200056189,12,8,22,1755,1,2,1,1.0,3,75112,M,,,75
201200056190,12,8,24,1135,1,2,2,8.0,3,75112,M,,,75
201200056191,12,8,25,10,5,2,1,1.0,6,75112,M,,,75
201200056192,12,8,25,807,1,2,1,1.0,3,75112,M,,,75
201200056193,12,8,25,1625,1,2,1,1.0,3,75112,M,,,75
201200056194,12,8,27,845,1,2,7,1.0,3,75112,M,,,75
201200056195,12,8,29,1750,1,2,1,1.0,6,75112,M,,,75
201200056196,12,8,30,1715,1,2,1,2.0,4,75112,M,,,75
201200056197,12,8,30,510,5,2,1,1.0,6,75112,M,,,75
201200056198,12,8,30,2120,5,2,2,1.0,6,75112,M,,,75
201200056199,12,8,31,1540,1,2,3,1.0,6,75112,M,,,75
201200056200,12,9,1,340,5,2,5,1.0,7,75112,M,,,75
201200056201,12,9,1,430,5,2,2,1.0,6,75112,M,,,75
201200056202,12,9,1,1200,1,2,1,1.0,6,75112,M,,,75
201200056203,12,9,1,1750,1,2,1,1.0,3,75112,M,,,75
201200056204,12,9,1,2015,5,2,1,1.0,6,75112,M,,,75
201200056205,12,9,2,510,5,2,1,1.0,2,75112,M,,,75
201200056206,12,9,2,1200,1,2,1,1.0,6,75112,M,,,75
201200056207,12,9,3,745,1,2,1,2.0,3,75112,M,,,75
201200056208,12,9,4,1230,1,2,2,1.0,3,75112,M,,,75
201200056209,12,9,4,1438,1,2,2,1.0,3,75112,M,,,75
201200056210,12,9,5,1200,1,2,1,1.0,6,75112,M,,,75
201200056211,12,9,5,1750,1,2,1,1.0,7,75112,M,,,75
201200056212,12,9,7,835,1,2,1,1.0,3,75112,M,,,75
201200056213,12,9,7,915,1,2,7,7.0,3,75112,M,,,75
201200056214,12,9,7,1320,1,2,2,1.0,2,75112,M,,,75
201200056215,12,9,7,1715,1,2,2,1.0,3,75112,M,,,75
201200056216,12,9,9,1400,1,2,1,1.0,2,75112,M,,,75
201200056217,12,9,12,1745,1,2,1,1.0,2,75112,M,,,75
201200056218,12,9,13,920,1,2,7,7.0,3,75112,M,,,75
201200056219,12,9,13,1110,1,2,3,1.0,3,75112,M,,,75
201200056220,12,9,13,1740,1,2,2,1.0,6,75112,M,,,75
201200056221,12,9,14,2220,5,2,1,1.0,3,75112,M,,,75
201200056222,12,9,15,615,5,2,5,1.0,7,75112,M,,,75
201200056223,12,9,15,940,1,2,2,7.0,6,75112,M,,,75
201200056224,12,9,16,1730,1,2,7,1.0,6,75112,M,,,75
201200056225,12,9,16,1900,2,2,5,1.0,3,75112,M,,,75
201200056226,12,9,18,905,1,2,5,1.0,7,75112,M,,,75
201200056227,12,9,19,1720,1,2,3,1.0,6,75112,M,,,75
201200056228,12,9,20,1615,1,2,1,1.0,6,75112,M,,,75
201200056229,12,9,20,1835,1,2,5,1.0,6,75112,M,,,75
201200056230,12,9,22,200,5,2,4,1.0,2,75111,M,,,75
201200056231,12,9,23,2130,5,2,5,1.0,3,75111,M,,,75
201200056232,12,9,24,50,5,2,2,2.0,6,75112,M,,,75
201200056233,12,9,24,710,2,2,3,2.0,1,75112,M,,,75
201200056234,12,9,24,820,1,2,3,2.0,1,75112,M,,,75
201200056235,12,9,24,1215,1,2,3,1.0,6,75112,M,,,75
201200056236,12,9,24,1600,1,2,1,1.0,6,75112,M,,,75
201200056237,12,9,24,1705,1,2,2,1.0,6,75112,M,,,75
201200056238,12,9,26,1220,1,2,1,1.0,3,75112,M,,,75
201200056239,12,9,26,1330,1,2,2,1.0,3,75112,M,,,75
201200056240,12,9,27,1855,5,2,1,1.0,4,75112,M,,,75
201200056241,12,9,28,845,1,2,1,1.0,6,75112,M,,,75
201200056242,12,9,28,1550,1,2,2,1.0,7,75112,M,,,75
201200056243,12,9,28,2045,5,2,4,1.0,3,75112,M,,,75
201200056244,12,9,28,2150,5,2,3,1.0,6,75112,M,,,75
201200056245,12,9,29,330,5,2,1,1.0,3,75112,M,,,75
201200056246,12,10,1,730,1,2,5,1.0,2,75112,M,,,75
201200056247,12,10,1,1200,1,2,2,1.0,3,75112,M,,,75
201200056248,12,10,1,1715,1,2,2,1.0,2,75112,M,,,75
201200056249,12,10,2,1100,1,2,2,1.0,6,75112,M,,,75
201200056250,12,10,4,2310,5,2,7,9.0,6,75112,M,,,75
201200056251,12,10,3,2310,5,2,3,2.0,1,75112,M,,,75
201200056252,12,10,4,1855,1,2,1,1.0,2,75112,M,,,75
201200056253,12,10,5,1520,1,2,3,1.0,3,75112,M,,,75