Num_Acc,an,mois,jour,hrmn,lum,agg,int,atm,col,com,gps,lat,long,dep
201200056254,12,10,5,1605,1,2,1,1.0,3,75112,M,,,75
201200056255,12,10,6,205,5,2,5,1.0,3,75112,M,,,75
201200056256,12,10,6,1545,1,2,1,3.0,4,75112,M,,,75
201200056257,12,10,8,815,2,2,2,2.0,6,75112,M,,,75
201200056258,12,10,8,1250,1,2,3,2.0,6,75111,M,,,75
201200056259,12,10,8,2015,5,2,3,2.0,1,75112,M,,,75
201200056260,12,10,9,845,1,2,4,2.0,3,75112,M,,,75
201200056261,12,10,10,1225,1,2,1,1.0,2,75112,M,,,75
201200056262,12,10,11,800,2,2,1,2.0,3,75112,M,,,75
201200056263,12,10,11,1045,1,2,1,8.0,6,75112,M,,,75
201200056264,12,10,11,1325,1,2,1,1.0,7,75112,M,,,75
201200056265,12,10,11,1455,1,2,3,2.0,6,75112,M,,,75
201200056266,12,10,12,840,1,2,4,8.0,6,75112,M,,,75
201200056267,12,10,12,820,1,2,1,1.0,3,75112,M,,,75
201200056268,12,10,12,1425,1,2,5,1.0,6,75112,M,,,75
201200056269,12,10,12,1740,1,2,1,1.0,3,75112,M,,,75
201200056270,12,10,12,2125,3,2,2,3.0,3,75112,M,,,75
201200056271,12,10,13,1350,1,2,1,2.0,4,75112,M,,,75
201200056272,12,10,15,930,1,2,1,1.0,6,75112,M,,,75
201200056273,12,10,16,1150,1,2,1,1.0,6,75112,M,,,75
201200056274,12,10,17,845,1,2,1,9.0,4,75112,M,,,75
201200056275,12,10,18,940,1,2,2,8.0,7,75112,M,,,75
201200056276,12,10,18,1905,5,2,1,2.0,7,75112,M,,,75
201200056277,12,10,19,1710,1,2,5,2.0,6,75112,M,,,75
201200056278,12,10,20,1445,1,2,2,2.0,1,75112,M,,,75
201200056279,12,10,20,1540,1,2,7,2.0,7,75111,M,,,75
201200056280,12,10,22,1815,1,2,2,1.0,3,75112,M,,,75
201200056281,12,10,24,945,1,2,4,1.0,6,75112,M,,,75
201200056282,12,10,24,1510,1,2,2,8.0,3,75112,M,,,75
201200056283,12,10,24,2030,3,2,4,1.0,3,75112,M,,,75
201200056284,12,10,26,130,5,2,1,1.0,6,75112,M,,,75
201200056285,12,10,26,945,1,2,1,1.0,2,75112,M,,,75
201200056286,12,10,26,1715,1,2,1,2.0,2,75112,M,,,75
201200056287,12,10,29,30,5,2,1,2.0,2,75112,M,,,75
201200056288,12,10,29,1230,1,2,3,8.0,3,75112,M,,,75
201200056289,12,10,30,930,1,2,3,1.0,1,75112,M,,,75
201200056290,12,10,30,1550,1,2,2,1.0,2,75112,M,,,75
201200056291,12,10,30,1330,1,2,2,1.0,2,75112,M,,,75
201200056292,12,10,31,1315,1,2,2,1.0,3,75112,M,,,75
201200056293,12,11,1,550,5,2,1,2.0,7,75112,M,,,75
201200056294,12,11,1,1720,1,2,1,1.0,6,75112,M,,,75
201200056295,12,11,4,1105,1,2,5,2.0,7,75112,M,,,75
201200056296,12,11,6,1745,5,2,1,1.0,3,75112,M,,,75
201200056297,12,11,8,935,1,2,2,1.0,7,75112,M,,,75
201200056298,12,11,9,945,1,2,7,1.0,2,75112,M,,,75
201200056299,12,11,9,1750,5,2,1,2.0,6,75112,M,,,75
201200056300,12,11,10,1750,5,2,1,2.0,6,75112,M,,,75
201200056301,12,11,10,1925,5,2,1,1.0,6,75112,M,,,75
201200056302,12,11,12,1125,1,2,1,1.0,4,75112,M,,,75
201200056303,12,11,13,1145,1,2,5,1.0,3,75112,M,,,75
201200056304,12,11,15,745,1,2,1,8.0,7,75112,M,,,75
201200056305,12,11,15,1510,1,2,1,1.0,2,75112,M,,,75
201200056306,12,11,16,1440,1,2,1,1.0,6,75112,M,,,75
201200056307,12,11,16,2130,5,2,5,1.0,3,75112,M,,,75
201200056308,12,11,16,2150,5,2,1,1.0,3,75112,M,,,75
201200056309,12,11,17,1500,1,2,1,1.0,3,75112,M,,,75
201200056310,12,11,19,1220,1,2,5,1.0,3,75112,M,,,75
201200056311,12,11,20,1245,1,2,3,1.0,3,75112,M,,,75
201200056312,12,11,19,2100,5,2,4,1.0,6,75112,M,,,75
201200056313,12,11,21,1815,5,2,3,1.0,1,75112,M,,,75
201200056314,12,11,22,710,5,2,3,1.0,1,75112,M,,,75
201200056315,12,11,22,1500,1,2,2,1.0,6,75112,M,,,75
201200056316,12,11,22,1545,1,2,7,1.0,2,75112,M,,,75
201200056317,12,11,23,1525,1,2,2,2.0,7,75112,M,,,75
201200056318,12,11,24,1735,5,2,1,1.0,4,75112,M,,,75
201200056319,12,11,24,1805,5,2,2,1.0,6,75112,M,,,75
201200056320,12,11,25,950,1,2,2,1.0,2,75112,M,,,75
201200056321,12,11,26,750,1,2,1,1.0,7,75112,M,,,75
201200056322,12,11,26,1440,1,2,3,1.0,6,75112,M,,,75
201200056323,12,11,28,1200,1,2,1,1.0,6,75112,M,,,75
201200056324,12,11,28,1830,5,2,2,1.0,1,75112,M,,,75
201200056325,12,11,28,1835,5,2,1,1.0,4,75112,M,,,75
201200056326,12,11,29,1630,1,2,1,1.0,6,75112,M,,,75
201200056327,12,11,30,1100,1,2,3,1.0,1,75111,M,,,75
201200056328,12,11,30,1355,1,2,1,1.0,2,75112,M,,,75
201200056329,12,12,1,230,5,2,4,1.0,6,75112,M,,,75
201200056330,12,12,3,1235,1,2,2,2.0,3,75112,M,,,75
201200056331,12,12,3,1400,1,2,2,1.0,6,75112,M,,,75
201200056332,12,12,3,1610,1,2,5,1.0,3,75112,M,,,75
201200056333,12,12,3,2245,5,2,2,2.0,6,75112,M,,,75
201200056334,12,12,4,950,1,2,3,8.0,6,75112,M,,,75
201200056335,12,12,4,1930,5,2,4,2.0,3,75112,M,,,75
201200056336,12,12,5,1830,5,2,1,2.0,3,75112,M,,,75
201200056337,12,12,5,1945,5,2,3,1.0,2,75112,M,,,75
201200056338,12,12,6,1950,5,2,1,1.0,3,75112,M,,,75
201200056339,12,12,7,1900,5,2,5,2.0,3,75112,M,,,75
201200056340,12,12,9,320,3,2,1,1.0,6,75112,M,,,75
201200056341,12,12,7,2305,5,2,7,2.0,3,75112,M,,,75
201200056342,12,12,10,1335,1,2,2,1.0,6,75112,M,,,75
201200056343,12,12,11,1315,1,2,7,1.0,3,75112,M,,,75
201200056344,12,12,11,1430,1,2,2,1.0,6,75112,M,,,75
201200056345,12,12,11,2205,5,2,1,1.0,3,75112,M,,,75
201200056346,12,12,12,1600,1,2,2,1.0,3,75112,M,,,75
201200056347,12,12,12,1520,1,2,5,1.0,6,75112,M,,,75
201200056348,12,12,12,2000,5,2,7,1.0,3,75112,M,,,75
201200056349,12,12,12,1910,5,2,4,1.0,6,75112,M,,,75
201200056350,12,12,13,700,5,2,5,1.0,2,75112,M,,,75
201200056351,12,12,13,2040,5,2,1,2.0,2,75112,M,,,75
201200056352,12,12,13,2220,5,2,5,1.0,3,75112,M,,,75
201200056353,12,12,13,2100,5,2,7,2.0,6,75112,M,,,75
201200056354,12,12,14,1750,5,2,3,2.0,6,75112,M,,,75
201200056355,12,12,14,1915,5,2,1,2.0,2,75112,M,,,75
201200056356,12,12,15,1145,1,2,4,1.0,3,75112,M,,,75
201200056357,12,12,15,1150,1,2,5,1.0,3,75112,M,,,75
201200056358,12,12,15,2015,3,2,3,3.0,6,75112,M,,,75
201200056359,12,12,17,910,1,2,1,2.0,3,75112,M,,,75
201200056360,12,12,18,1415,1,2,2,1.0,3,75112,M,,,75
201200056361,12,12,19,515,5,2,5,1.0,3,75112,M,,,75
201200056362,12,12,19,800,2,2,2,1.0,6,75111,M,,,75
201200056363,12,12,19,2230,5,2,3,2.0,2,75112,M,,,75
201200056364,12,12,21,2030,5,2,2,1.0,6,75112,M,,,75
201200056365,12,12,21,1525,1,2,7,8.0,2,75111,M,,,75
201200056366,12,12,16,2050,3,2,1,1.0,2,75112,M,,,75
201200056367,12,12,22,1745,5,2,2,2.0,3,75112,M,,,75
201200056368,12,12,23,705,5,2,2,1.0,6,75112,M,,,75
201200056369,12,12,23,1110,1,2,2,1.0,6,75112,M,,,75
201200056370,12,12,23,1715,5,2,7,1.0,3,75112,M,,,75
201200056371,12,12,30,1810,5,2,1,1.0,3,75112,M,,,75
201200056372,12,12,31,1900,5,2,7,1.0,3,75112,M,,,75
201200056373,12,12,31,2115,5,2,1,2.0,2,75112,M,,,75
201200056374,12,1,1,1945,5,2,5,2.0,6,75113,M,,,75
201200056375,12,1,2,1850,5,2,4,1.0,6,75113,M,,,75
201200056376,12,1,3,810,2,2,7,9.0,6,75113,M,,,75
201200056377,12,1,3,730,5,2,3,1.0,6,75113,M,,,75
201200056378,12,1,8,1935,5,2,1,1.0,6,75113,M,,,75
201200056379,12,1,9,1255,1,2,1,1.0,7,75113,M,,,75
201200056380,12,1,11,1630,1,2,1,1.0,4,75113,M,,,75
201200056381,12,1,11,2240,5,2,4,1.0,3,75113,M,,,75
201200056382,12,1,12,1745,5,2,2,1.0,6,75113,M,,,75
201200056383,12,1,12,1915,5,2,4,1.0,1,75113,M,,,75
201200056384,12,1,13,1515,1,2,3,1.0,7,75113,M,,,75
201200056385,12,1,13,1820,2,2,2,1.0,6,75113,M,,,75
201200056386,12,1,14,25,5,2,3,1.0,6,75113,M,,,75
201200056387,12,1,13,2230,5,2,3,1.0,2,75113,M,,,75
201200056388,12,1,14,1125,1,2,1,1.0,2,75113,M,,,75
201200056389,12,1,14,1520,1,2,3,1.0,6,75113,M,,,75
201200056390,12,1,16,1315,1,2,7,1.0,2,75113,M,,,75
201200056391,12,1,16,2015,5,2,2,1.0,3,75113,M,,,75
201200056392,12,1,20,728,5,2,2,1.0,6,75113,M,,,75
201200056393,12,1,20,2200,5,2,2,1.0,6,75113,M,,,75
201200056394,12,1,20,2220,5,2,2,1.0,1,75113,M,,,75
201200056395,12,1,21,1405,1,2,1,2.0,2,75113,M,,,75
201200056396,12,1,23,1800,5,2,5,1.0,7,75113,M,,,75
201200056397,12,1,24,710,5,2,3,1.0,2,75113,M,,,75
201200056398,12,1,24,1830,5,2,1,2.0,6,75113,M,,,75
201200056399,12,1,24,2240,5,2,5,2.0,3,75113,M,,,75
201200056400,12,1,26,930,1,2,2,1.0,3,75113,M,,,75
201200056401,12,1,26,1235,1,2,2,2.0,3,75113,M,,,75
201200056402,12,1,27,850,1,2,5,1.0,6,75113,M,,,75
201200056403,12,1,26,2135,5,2,9,1.0,2,75113,M,,,75
201200056404,12,1,28,510,5,2,2,2.0,2,75112,M,,,75
201200056405,12,2,3,5,5,2,1,1.0,6,75113,M,,,75
201200056406,12,2,8,1620,1,2,1,1.0,6,75113,M,,,75
201200056407,12,2,9,1215,1,2,1,7.0,2,75113,M,,,75
201200056408,12,2,9,1425,1,2,3,1.0,2,75113,M,,,75
201200056409,12,2,9,1705,1,2,5,1.0,7,75113,M,,,75
201200056410,12,2,13,900,1,2,1,8.0,3,75113,M,,,75
201200056411,12,2,15,240,5,2,2,1.0,2,75113,M,,,75
201200056412,12,2,16,1452,1,2,1,1.0,3,75113,M,,,75
201200056413,12,2,16,2140,5,2,5,1.0,3,75113,M,,,75
201200056414,12,2,18,750,1,2,2,8.0,3,75113,M,,,75
201200056415,12,2,19,720,2,2,4,1.0,3,75113,M,,,75
201200056416,12,2,19,2005,5,2,7,1.0,3,75113,M,,,75
201200056417,12,2,21,2105,5,2,3,1.0,3,75113,M,,,75
201200056418,12,2,24,925,1,2,1,1.0,3,75113,M,,,75
201200056419,12,2,29,120,5,2,1,1.0,6,75113,M,,,75
201200056420,12,2,29,900,1,2,2,1.0,3,75113,M,,,75
201200056421,12,2,29,1830,2,2,1,1.0,4,75113,M,,,75
201200056422,12,3,1,1430,1,2,3,1.0,6,75113,M,,,75
201200056423,12,3,2,930,1,2,2,1.0,6,75113,M,,,75
201200056424,12,3,6,630,5,2,2,2.0,6,75113,M,,,75
201200056425,12,3,6,1755,1,2,3,1.0,3,75113,M,,,75
201200056426,12,3,7,910,1,2,1,1.0,3,75113,M,,,75
201200056427,12,3,7,1715,2,2,1,2.0,6,75113,M,,,75
201200056428,12,3,9,2020,5,2,5,1.0,6,75113,M,,,75
201200056429,12,3,12,250,5,2,2,1.0,1,75113,M,,,75
201200056430,12,3,13,910,1,2,1,1.0,3,75113,M,,,75
201200056431,12,3,13,1340,1,2,1,1.0,6,75113,M,,,75
201200056432,12,3,12,2000,5,2,2,1.0,6,75113,M,,,75
201200056433,12,3,15,1625,1,2,2,1.0,7,75113,M,,,75
201200056434,12,3,16,2115,5,2,4,1.0,3,75113,M,,,75
201200056435,12,3,20,1500,1,2,1,1.0,6,75113,M,,,75
201200056436,12,3,21,1140,1,2,1,1.0,6,75105,M,,,75
201200056437,12,3,21,1900,5,2,5,1.0,3,75113,M,,,75
201200056438,12,3,22,20,5,2,2,1.0,1,75113,M,,,75
201200056439,12,3,22,1510,1,2,2,1.0,1,75113,M,,,75
201200056440,12,3,23,1805,1,2,2,1.0,6,75113,M,,,75
201200056441,12,3,23,2135,5,2,2,1.0,6,75113,M,,,75
201200056442,12,3,24,1520,1,2,4,7.0,3,75113,M,,,75
201200056443,12,3,26,1550,1,2,5,7.0,6,75113,M,,,75
201200056444,12,3,27,1635,1,2,1,1.0,3,75113,M,,,75
201200056445,12,3,28,1630,1,2,4,1.0,6,75113,M,,,75
201200056446,12,3,29,1000,1,2,3,1.0,2,75113,M,,,75
201200056447,12,3,30,1010,1,2,2,1.0,2,75113,M,,,75
201200056448,12,3,30,1620,1,2,2,1.0,6,75113,M,,,75
201200056449,12,3,30,1810,1,2,2,1.0,6,75113,M,,,75
201200056450,12,4,5,1715,1,2,3,1.0,2,75113,M,,,75
201200056451,12,4,7,1930,1,2,7,1.0,3,75113,M,,,75
201200056452,12,4,9,2210,5,2,4,2.0,6,75113,M,,,75
201200056453,12,4,7,1730,1,2,5,1.0,6,75113,M,,,75
201200056454,12,4,10,1640,1,2,5,2.0,6,75113,M,,,75
201200056455,12,4,10,1630,1,2,4,2.0,3,75113,M,,,75
201200056456,12,4,10,2140,5,2,7,2.0,6,75113,M,,,75
201200056457,12,4,10,2140,5,2,5,2.0,3,75113,M,,,75
201200056458,12,4,12,738,1,2,1,1.0,2,75113,M,,,75
201200056459,12,4,12,600,2,2,1,1.0,3,75113,M,,,75
201200056460,12,4,13,2100,5,2,2,1.0,7,75113,M,,,75
201200056461,12,4,16,1240,1,2,1,1.0,3,75113,M,,,75
201200056462,12,4,18,1300,1,2,2,2.0,3,75113,M,,,75
201200056463,12,4,19,930,1,2,1,1.0,3,75113,M,,,75
201200056464,12,4,23,900,1,2,1,1.0,6,75113,M,,,75
201200056465,12,4,24,810,1,2,5,2.0,6,75113,M,,,75
201200056466,12,4,25,1515,1,2,4,3.0,2,75113,M,,,75
201200056467,12,4,26,1900,1,2,3,1.0,6,75113,M,,,75
201200056468,12,4,26,2110,5,2,3,1.0,6,75113,M,,,75
201200056469,12,4,28,820,1,2,1,2.0,6,75113,M,,,75
201200056470,12,4,29,105,5,2,5,2.0,3,75113,M,,,75
201200056471,12,4,30,1530,1,2,2,1.0,2,75113,M,,,75
201200056472,12,4,30,2315,5,2,3,2.0,6,75113,M,,,75
201200056473,12,5,3,1825,1,2,1,1.0,2,75113,M,,,75
201200056474,12,5,7,940,1,2,5,1.0,6,75113,M,,,75
201200056475,12,5,8,1500,1,2,3,1.0,6,75113,M,,,75
201200056476,12,5,10,2245,5,2,3,1.0,6,75113,M,,,75
201200056477,12,5,11,940,1,2,1,2.0,6,75113,M,,,75
201200056478,12,5,11,1203,1,2,3,2.0,6,75113,M,,,75
201200056479,12,5,12,2015,1,2,5,1.0,7,75113,M,,,75
201200056480,12,5,13,220,5,2,5,1.0,6,75113,M,,,75
201200056481,12,5,14,830,1,2,7,1.0,2,75113,M,,,75
201200056482,12,5,14,1330,1,2,5,1.0,6,75113,M,,,75
201200056483,12,5,14,1740,2,2,3,1.0,6,75113,M,,,75
201200056484,12,5,15,845,1,2,3,1.0,3,75113,M,,,75
201200056485,12,5,15,1230,1,2,5,2.0,3,75113,M,,,75
201200056486,12,5,17,1335,1,2,1,1.0,6,75113,M,,,75
201200056487,12,5,19,715,1,2,5,1.0,3,75113,M,,,75
201200056488,12,5,19,1145,1,2,1,1.0,3,75113,M,,,75
201200056489,12,5,19,1605,1,2,2,1.0,6,75113,M,,,75
201200056490,12,5,20,1925,1,2,2,1.0,6,75113,M,,,75
201200056491,12,5,22,2035,2,2,1,1.0,3,75113,M,,,75
201200056492,12,5,24,1000,1,2,1,1.0,3,75113,M,,,75
201200056493,12,5,24,1800,1,2,2,1.0,3,75113,M,,,75
201200056494,12,5,25,20,5,2,2,1.0,1,75113,M,,,75
201200056495,12,5,25,1715,1,2,1,1.0,4,75113,M,,,75
201200056496,12,5,25,2000,1,2,1,1.0,6,75113,M,,,75
201200056497,12,5,27,125,5,2,4,1.0,6,75113,M,,,75
201200056498,12,5,27,1350,1,2,2,1.0,1,75113,M,,,75
201200056499,12,5,27,1900,1,2,1,1.0,7,75113,M,,,75
201200056500,12,5,28,550,2,2,2,1.0,2,75113,M,,,75
201200056501,12,5,29,920,1,2,1,1.0,6,75113,M,,,75
201200056502,12,5,30,940,1,2,4,1.0,3,75113,M,,,75
201200056503,12,5,31,830,1,2,2,1.0,3,75113,M,,,75
201200056504,12,6,1,830,1,2,5,1.0,6,75113,M,,,75
201200056505,12,6,2,1850,1,2,3,1.0,2,75113,M,,,75
201200056506,12,6,3,30,5,2,1,1.0,4,75112,M,,,75
201200056507,12,6,4,1140,1,2,3,8.0,3,75113,M,,,75
201200056508,12,6,4,2140,5,2,4,1.0,6,75113,M,,,75
201200056509,12,6,5,1510,1,2,5,1.0,3,75113,M,,,75
201200056510,12,6,5,2110,2,2,2,2.0,3,75113,M,,,75
201200056511,12,6,6,1830,1,2,1,1.0,3,75113,M,,,75
201200056512,12,6,7,1640,1,2,7,1.0,2,75113,M,,,75
201200056513,12,6,7,1945,1,2,1,1.0,6,75113,M,,,75
201200056514,12,6,9,7,5,2,1,1.0,6,75113,M,,,75
201200056515,12,6,9,1730,1,2,2,1.0,1,75113,M,,,75
201200056516,12,6,12,1230,1,2,5,2.0,6,75113,M,,,75
201200056517,12,6,14,820,1,2,1,1.0,4,75113,M,,,75
201200056518,12,6,14,1830,1,2,3,1.0,6,75113,M,,,75
201200056519,12,6,16,100,5,2,1,2.0,6,75113,M,,,75
201200056520,12,6,16,2220,5,2,3,1.0,7,75113,M,,,75
201200056521,12,6,17,220,5,2,3,1.0,6,75113,M,,,75
201200056522,12,6,17,1030,1,2,2,1.0,3,75113,M,,,75
201200056523,12,6,19,1750,1,2,1,1.0,4,75113,M,,,75
201200056524,12,6,19,2310,5,2,1,3.0,3,75113,M,,,75
201200056525,12,6,21,600,1,2,5,2.0,6,75113,M,,,75
201200056526,12,6,21,1010,1,2,3,1.0,2,75113,M,,,75
201200056527,12,6,21,1010,1,2,1,1.0,2,75113,M,,,75
201200056528,12,6,21,1400,1,2,1,1.0,2,75113,M,,,75
201200056529,12,6,24,1830,1,2,2,2.0,4,75113,M,,,75
201200056530,12,6,25,1920,1,2,2,1.0,3,75113,M,,,75
201200056531,12,6,26,340,5,2,1,2.0,6,75113,M,,,75
201200056532,12,6,27,140,5,2,4,1.0,6,75113,M,,,75
201200056533,12,6,27,1930,1,2,1,1.0,2,75113,M,,,75
201200056534,12,6,30,1515,1,2,2,1.0,2,75113,M,,,75
201200056535,12,7,3,1815,1,2,2,1.0,3,75113,M,,,75
201200056536,12,7,4,910,1,2,4,1.0,6,75113,M,,,75
201200056537,12,7,5,1345,1,2,3,1.0,3,75113,M,,,75
201200056538,12,7,6,1640,1,2,4,2.0,6,75113,M,,,75
201200056539,12,7,7,1740,1,2,1,2.0,6,75113,M,,,75
201200056540,12,7,7,1800,1,2,1,2.0,2,75113,M,,,75
201200056541,12,7,7,1850,1,2,1,2.0,6,75113,M,,,75
201200056542,12,7,8,1630,1,2,2,1.0,6,75113,M,,,75
201200056543,12,7,10,1745,1,2,1,1.0,6,75113,M,,,75
201200056544,12,7,10,1820,1,2,1,1.0,6,75113,M,,,75
201200056545,12,7,12,2150,3,2,1,3.0,2,75113,M,,,75
201200056546,12,7,13,2200,5,2,2,3.0,3,75113,M,,,75
201200056547,12,7,15,1305,1,2,1,2.0,4,75113,M,,,75
201200056548,12,7,18,845,1,2,3,1.0,2,75113,M,,,75
201200056549,12,7,18,1410,1,2,1,1.0,6,75113,M,,,75
201200056550,12,7,20,855,1,2,4,1.0,2,75113,M,,,75
201200056551,12,7,20,1855,1,2,2,1.0,6,75105,M,,,75
201200056552,12,7,21,1805,1,2,3,1.0,3,75113,M,,,75
201200056553,12,7,22,1355,1,2,2,1.0,6,75113,M,,,75
201200056554,12,7,23,920,1,2,1,1.0,3,75113,M,,,75
201200056555,12,7,23,1200,1,2,1,1.0,3,75113,M,,,75
201200056556,12,7,23,1525,1,2,2,1.0,6,75113,M,,,75
201200056557,12,7,23,1900,1,2,3,1.0,6,75113,M,,,75
201200056558,12,7,23,1755,1,2,2,1.0,6,75113,M,,,75
201200056559,12,7,24,730,1,2,1,1.0,3,75113,M,,,75
201200056560,12,7,24,1415,1,2,2,1.0,4,75113,M,,,75
201200056561,12,7,26,955,1,2,2,1.0,3,75113,M,,,75
201200056562,12,7,27,1620,1,2,1,2.0,3,75113,M,,,75
201200056563,12,7,29,2250,5,2,3,2.0,2,75113,M,,,75
201200056564,12,7,30,1130,1,2,7,1.0,6,75113,M,,,75
201200056565,12,8,1,20,5,2,5,1.0,3,75113,M,,,75
201200056566,12,8,1,2330,5,2,2,1.0,3,75113,M,,,75
201200056567,12,8,2,1610,1,2,5,1.0,6,75113,M,,,75
201200056568,12,8,5,850,1,2,1,1.0,6,75113,M,,,75
201200056569,12,8,6,2255,5,2,5,1.0,3,75113,M,,,75
201200056570,12,8,6,1700,1,2,1,1.0,6,75113,M,,,75
201200056571,12,8,8,1900,1,2,3,1.0,6,75113,M,,,75
201200056572,12,8,9,1820,1,2,2,1.0,6,75113,M,,,75
201200056573,12,8,11,1910,1,2,3,1.0,6,75113,M,,,75
201200056574,12,8,11,1835,5,2,1,1.0,6,75113,M,,,75
201200056575,12,8,11,2025,1,2,2,1.0,6,75113,M,,,75
201200056576,12,8,12,345,5,2,1,1.0,6,75113,M,,,75
201200056577,12,8,14,1750,1,2,2,1.0,6,75113,M,,,75
201200056578,12,8,14,1930,1,2,4,1.0,6,75113,M,,,75
201200056579,12,8,16,1620,1,2,2,1.0,3,75113,M,,,75
201200056580,12,8,16,1850,1,2,3,1.0,6,75113,M,,,75
201200056581,12,8,17,332,5,2,3,1.0,6,75113,M,,,75
201200056582,12,8,19,225,5,2,3,1.0,3,75113,M,,,75
201200056583,12,8,20,5,5,2,4,1.0,2,75113,M,,,75
201200056584,12,8,20,1825,1,2,2,1.0,6,75113,M,,,75
201200056585,12,8,22,2000,1,2,2,1.0,7,75113,M,,,75
201200056586,12,8,23,535,2,2,4,1.0,6,75113,M,,,75
201200056587,12,8,25,1810,1,2,1,1.0,6,75113,M,,,75
201200056588,12,8,25,2215,5,2,2,1.0,3,75113,M,,,75
201200056589,12,8,25,2305,5,2,2,1.0,6,75113,M,,,75
201200056590,12,8,26,1600,1,2,1,1.0,3,75113,M,,,75
201200056591,12,8,28,1645,1,2,3,1.0,3,75113,M,,,75
201200056592,12,8,30,130,5,2,3,1.0,6,75113,M,,,75
201200056593,12,8,30,930,1,2,2,1.0,6,75113,M,,,75
201200056594,12,8,31,2240,5,2,2,1.0,3,75113,M,,,75
201200056595,12,9,1,1645,1,2,7,1.0,3,75113,M,,,75
201200056596,12,9,3,1130,1,2,2,1.0,6,75113,M,,,75
201200056597,12,9,4,1135,1,2,3,1.0,6,75113,M,,,75
201200056598,12,9,5,1830,1,2,4,1.0,2,75113,M,,,75
201200056599,12,9,6,1820,1,2,3,1.0,3,75113,M,,,75
201200056600,12,9,7,845,1,2,3,1.0,3,75113,M,,,75
201200056601,12,9,7,1735,1,2,5,1.0,2,75113,M,,,75
201200056602,12,9,7,2110,5,2,5,1.0,6,75113,M,,,75
201200056603,12,9,8,1730,1,2,3,1.0,6,75113,M,,,75
201200056604,12,9,9,1035,1,2,3,1.0,3,75113,M,,,75
201200056605,12,9,12,1525,1,2,1,1.0,6,75113,M,,,75
201200056606,12,9,13,1820,1,2,1,1.0,3,75113,M,,,75
201200056607,12,9,13,1840,1,2,1,1.0,6,75113,M,,,75
201200056608,12,9,14,1720,1,2,1,1.0,6,75113,M,,,75
201200056609,12,9,15,1720,1,2,1,1.0,3,75113,M,,,75
201200056610,12,9,17,855,1,2,3,1.0,3,75113,M,,,75
201200056611,12,9,18,1055,1,2,3,1.0,3,75113,M,,,75
201200056612,12,9,18,1140,1,2,5,1.0,6,75113,M,,,75
201200056613,12,9,19,710,2,2,3,1.0,7,75113,M,,,75
201200056614,12,9,19,845,1,2,1,1.0,6,75113,M,,,75
201200056615,12,9,19,2005,5,2,2,1.0,3,75113,M,,,75
201200056616,12,9,20,915,1,2,2,1.0,3,75113,M,,,75
201200056617,12,9,21,725,1,2,5,1.0,6,75113,M,,,75
201200056618,12,9,21,1010,1,2,1,1.0,6,75113,M,,,75
201200056619,12,9,21,1430,1,2,7,2.0,7,75113,M,,,75
201200056620,12,9,21,1520,1,2,1,2.0,7,75113,M,,,75
201200056621,12,9,21,1900,5,2,1,2.0,6,75113,M,,,75
201200056622,12,9,22,2330,5,2,1,1.0,6,75113,M,,,75
201200056623,12,9,27,850,1,2,2,2.0,3,75113,M,,,75
201200056624,12,9,27,1750,1,2,5,1.0,2,75113,M,,,75
201200056625,12,9,30,130,5,2,2,1.0,3,75113,M,,,75
201200056626,12,9,30,1000,1,2,4,1.0,2,75113,M,,,75
201200056627,12,10,1,1000,1,2,7,1.0,2,75113,M,,,75
201200056628,12,10,2,855,1,2,3,1.0,6,75113,M,,,75
201200056629,12,10,2,1335,1,2,5,1.0,1,75113,M,,,75
201200056630,12,10,2,1455,1,2,1,1.0,6,75113,M,,,75
201200056631,12,10,3,610,2,2,5,1.0,3,75113,M,,,75
201200056632,12,10,3,905,1,2,1,1.0,6,75113,M,,,75
201200056633,12,10,4,1600,1,2,2,1.0,6,75113,M,,,75
201200056634,12,10,4,2200,5,2,2,1.0,3,75113,M,,,75
201200056635,12,10,5,20,5,2,2,1.0,3,75113,M,,,75
201200056636,12,10,5,850,1,2,5,1.0,6,75113,M,,,75
201200056637,12,10,5,2030,5,2,1,1.0,2,75113,M,,,75
201200056638,12,10,5,2105,5,2,1,1.0,2,75113,M,,,75
201200056639,12,10,8,1245,1,2,7,3.0,7,75113,M,,,75
201200056640,12,10,9,540,5,2,3,2.0,3,75113,M,,,75
201200056641,12,10,10,1000,1,2,1,2.0,7,75113,M,,,75
201200056642,12,10,11,2040,5,2,3,2.0,3,75113,M,,,75
201200056643,12,10,12,1440,1,2,3,1.0,3,75113,M,,,75
201200056644,12,10,13,920,1,2,1,2.0,6,75113,M,,,75
201200056645,12,10,13,1425,1,2,3,3.0,3,75113,M,,,75
201200056646,12,10,14,1530,1,2,3,2.0,3,75113,M,,,75
201200056647,12,10,15,900,1,2,5,1.0,6,75113,M,,,75
201200056648,12,10,16,955,1,2,1,1.0,3,75105,M,,,75
201200056649,12,10,16,1115,1,2,2,1.0,6,75105,M,,,75
201200056650,12,10,16,2100,5,2,3,1.0,6,75113,M,,,75
201200056651,12,10,17,825,1,2,1,1.0,6,75113,M,,,75
201200056652,12,10,17,1015,1,2,2,2.0,6,75113,M,,,75
201200056653,12,10,17,1910,5,2,2,2.0,3,75113,M,,,75
201200056654,12,10,19,1140,1,2,1,1.0,6,75113,M,,,75
201200056655,12,10,20,200,5,2,2,2.0,2,75113,M,,,75
201200056656,12,10,23,1935,5,2,1,1.0,6,75113,M,,,75
201200056657,12,10,23,1750,1,2,2,1.0,5,75113,M,,,75
201200056658,12,10,24,1355,1,2,1,1.0,6,75113,M,,,75
201200056659,12,10,24,1605,1,2,1,1.0,6,75113,M,,,75