Num_Acc,an,mois,jour,hrmn,lum,agg,int,atm,col,com,gps,lat,long,dep
201200056660,12,10,25,1050,1,2,3,1.0,2,75113,M,,,75
201200056661,12,10,27,15,5,2,1,1.0,7,75113,M,,,75
201200056662,12,10,27,1535,1,2,5,1.0,3,75113,M,,,75
201200056663,12,10,27,2025,5,2,1,1.0,3,75113,M,,,75
201200056664,12,10,31,940,1,2,1,1.0,3,75113,M,,,75
201200056665,12,10,31,1810,5,2,5,1.0,3,75113,M,,,75
201200056666,12,11,1,1940,5,2,1,1.0,2,75113,M,,,75
201200056667,12,11,2,1900,5,2,3,1.0,1,75113,M,,,75
201200056668,12,11,2,1730,1,2,2,2.0,7,75113,M,,,75
201200056669,12,11,4,615,2,2,1,1.0,7,75113,M,,,75
201200056670,12,11,6,150,5,2,1,1.0,6,75113,M,,,75
201200056671,12,11,7,1010,1,2,1,1.0,2,75113,M,,,75
201200056672,12,11,8,1830,5,2,5,1.0,6,75113,M,,,75
201200056673,12,11,8,1950,5,2,4,1.0,3,75113,M,,,75
201200056674,12,11,8,510,5,2,2,1.0,6,75105,M,,,75
201200056675,12,11,9,2155,5,2,2,2.0,3,75113,M,,,75
201200056676,12,11,10,145,5,2,2,2.0,6,75113,M,,,75
201200056677,12,11,12,1500,1,2,1,1.0,3,75113,M,,,75
201200056678,12,11,12,2000,5,2,1,1.0,3,75113,M,,,75
201200056679,12,11,13,1735,5,2,2,1.0,3,75113,M,,,75
201200056680,12,11,13,1820,3,2,3,1.0,3,75113,M,,,75
201200056681,12,11,17,1145,1,2,4,8.0,7,75113,M,,,75
201200056682,12,11,17,2120,5,2,1,1.0,6,75113,M,,,75
201200056683,12,11,19,2130,3,2,1,1.0,4,75113,M,,,75
201200056684,12,11,19,1715,3,2,1,1.0,2,75113,M,,,75
201200056685,12,11,19,2030,5,2,2,1.0,6,75113,M,,,75
201200056686,12,11,20,620,5,2,1,1.0,6,75113,M,,,75
201200056687,12,11,20,2115,5,2,4,1.0,3,75113,M,,,75
201200056688,12,11,21,1810,2,2,2,8.0,6,75113,M,,,75
201200056689,12,11,21,1325,1,2,2,1.0,3,75113,M,,,75
201200056690,12,11,21,1315,1,2,1,1.0,6,75113,M,,,75
201200056691,12,11,26,2040,5,2,3,1.0,6,75113,M,,,75
201200056692,12,11,27,1835,5,2,2,2.0,6,75113,M,,,75
201200056693,12,11,27,1920,5,2,2,8.0,7,75113,M,,,75
201200056694,12,11,28,2204,5,2,5,2.0,7,75113,M,,,75
201200056695,12,11,29,1425,1,2,1,1.0,6,75113,M,,,75
201200056696,12,11,30,1,5,2,1,1.0,6,75113,M,,,75
201200056697,12,11,30,750,1,2,2,1.0,6,75113,M,,,75
201200056698,12,12,2,100,5,2,2,2.0,7,75113,M,,,75
201200056699,12,12,3,625,5,2,2,2.0,6,75113,M,,,75
201200056700,12,12,3,1715,3,2,2,1.0,3,75113,M,,,75
201200056701,12,12,4,1145,1,2,3,1.0,2,75113,M,,,75
201200056702,12,12,4,1115,1,2,7,1.0,7,75113,M,,,75
201200056703,12,12,4,1940,5,2,2,2.0,6,75113,M,,,75
201200056704,12,12,5,950,1,2,3,1.0,6,75113,M,,,75
201200056705,12,12,5,2100,5,2,4,1.0,3,75113,M,,,75
201200056706,12,12,6,1215,1,2,2,1.0,6,75113,M,,,75
201200056707,12,12,6,2050,5,2,5,1.0,3,75113,M,,,75
201200056708,12,12,8,830,1,2,1,1.0,6,75113,M,,,75
201200056709,12,12,9,1735,5,2,5,1.0,7,75113,M,,,75
201200056710,12,12,9,1800,5,2,4,2.0,2,75113,M,,,75
201200056711,12,12,12,900,1,2,3,1.0,3,75113,M,,,75
201200056712,12,12,13,10,5,2,3,1.0,6,75113,M,,,75
201200056713,12,12,14,1235,1,2,2,2.0,1,75113,M,,,75
201200056714,12,12,14,1810,5,2,2,2.0,6,75113,M,,,75
201200056715,12,12,14,2300,5,2,1,2.0,4,75113,M,,,75
201200056716,12,12,15,1710,2,2,2,2.0,3,75113,M,,,75
201200056717,12,12,16,1930,5,2,3,2.0,3,75113,M,,,75
201200056718,12,12,17,1925,5,2,7,1.0,2,75113,M,,,75
201200056719,12,12,17,2110,2,2,1,8.0,6,75113,M,,,75
201200056720,12,12,18,1200,1,2,5,1.0,3,75113,M,,,75
201200056721,12,12,19,1745,5,2,5,2.0,7,75113,M,,,75
201200056722,12,12,19,2230,5,2,2,2.0,6,75113,M,,,75
201200056723,12,12,20,1240,1,2,1,2.0,2,75113,M,,,75
201200056724,12,12,20,1405,1,2,1,2.0,6,75113,M,,,75
201200056725,12,12,21,2030,5,2,2,1.0,3,75113,M,,,75
201200056726,12,12,21,2305,5,2,3,1.0,3,75113,M,,,75
201200056727,12,12,23,1500,1,2,1,1.0,6,75113,M,,,75
201200056728,12,12,24,1840,5,2,2,1.0,6,75113,M,,,75
201200056729,12,12,25,1745,1,2,4,1.0,6,75113,M,,,75
201200056730,12,12,26,1120,1,2,2,1.0,6,75113,M,,,75
201200056731,12,12,26,1340,1,2,1,1.0,6,75113,M,,,75
201200056732,12,12,29,200,5,2,3,1.0,6,75113,M,,,75
201200056733,12,12,29,1430,1,2,2,1.0,3,75113,M,,,75
201200056734,12,12,29,2105,5,2,5,1.0,2,75113,M,,,75
201200056735,12,12,30,1840,5,2,3,1.0,6,75113,M,,,75
201200056736,12,1,3,1835,5,2,1,2.0,3,75114,M,,,75
201200056737,12,1,5,1050,1,2,1,2.0,4,75114,M,,,75
201200056738,12,12,29,20,5,2,3,2.0,6,75114,M,,,75
201200056739,12,1,6,1445,1,2,4,1.0,3,75114,M,,,75
201200056740,12,1,7,1430,1,2,1,1.0,6,75114,M,,,75
201200056741,12,1,7,1700,2,2,7,1.0,6,75114,M,,,75
201200056742,12,1,9,2105,5,2,2,1.0,3,75114,M,,,75
201200056743,12,1,10,1550,1,2,1,1.0,6,75114,M,,,75
201200056744,12,1,12,1340,1,2,2,1.0,6,75114,M,,,75
201200056745,12,1,15,725,2,2,3,1.0,2,75114,M,,,75
201200056746,12,1,16,1515,1,2,1,1.0,4,75114,M,,,75
201200056747,12,1,16,1640,1,2,2,1.0,4,75114,M,,,75
201200056748,12,1,17,1615,1,2,1,1.0,2,75114,M,,,75
201200056749,12,1,20,820,2,2,1,1.0,3,75114,M,,,75
201200056750,12,1,20,1358,1,2,3,2.0,6,75114,M,,,75
201200056751,12,1,20,2030,5,2,7,1.0,6,75114,M,,,75
201200056752,12,1,21,1650,5,2,1,2.0,4,75114,M,,,75
201200056753,12,1,24,1035,1,2,2,1.0,6,75114,M,,,75
201200056754,12,1,25,615,5,2,1,1.0,6,75114,M,,,75
201200056755,12,1,25,1330,1,2,2,1.0,6,75114,M,,,75
201200056756,12,1,26,930,1,2,1,9.0,6,75114,M,,,75
201200056757,12,1,31,2040,5,2,1,1.0,3,75114,M,,,75
201200056758,12,2,1,1810,5,2,2,1.0,4,75114,M,,,75
201200056759,12,2,2,1145,1,2,7,1.0,2,75114,M,,,75
201200056760,12,2,3,120,5,2,5,1.0,6,75114,M,,,75
201200056761,12,2,7,2015,5,2,3,1.0,3,75114,M,,,75
201200056762,12,2,9,1150,1,2,7,1.0,6,75114,M,,,75
201200056763,12,2,12,1915,5,2,7,1.0,7,75114,M,,,75
201200056764,12,2,16,1130,1,2,5,1.0,3,75114,M,,,75
201200056765,12,2,17,1145,1,2,2,2.0,3,75114,M,,,75
201200056766,12,2,18,1955,5,2,7,2.0,3,75114,M,,,75
201200056767,12,2,23,1835,5,2,1,2.0,3,75114,M,,,75
201200056768,12,2,24,1620,1,2,2,1.0,7,75114,M,,,75
201200056769,12,2,24,1915,5,2,2,1.0,6,75114,M,,,75
201200056770,12,2,28,900,1,2,3,1.0,6,75114,M,,,75
201200056771,12,2,28,1030,1,2,1,1.0,6,75114,M,,,75
201200056772,12,2,29,1455,1,2,3,1.0,6,75114,M,,,75
201200056773,12,3,1,930,1,2,4,1.0,6,75114,M,,,75
201200056774,12,3,1,1146,1,2,2,1.0,6,75114,M,,,75
201200056775,12,3,2,955,1,2,3,1.0,7,75114,M,,,75
201200056776,12,3,2,1015,1,2,3,1.0,1,75114,M,,,75
201200056777,12,3,2,1300,1,2,1,1.0,6,75114,M,,,75
201200056778,12,3,5,2200,5,2,5,2.0,3,75114,M,,,75
201200056779,12,3,6,810,1,2,1,2.0,4,75114,M,,,75
201200056780,12,3,6,1545,1,2,5,1.0,6,75114,M,,,75
201200056781,12,3,6,1850,5,2,2,2.0,3,75114,M,,,75
201200056782,12,3,9,1530,1,2,5,1.0,6,75114,M,,,75
201200056783,12,3,13,1930,5,2,2,1.0,7,75114,M,,,75
201200056784,12,3,15,1810,1,2,3,1.0,5,75114,M,,,75
201200056785,12,3,16,900,1,2,4,1.0,6,75114,M,,,75
201200056786,12,3,17,1040,1,2,4,1.0,3,75114,M,,,75
201200056787,12,3,20,1820,1,2,1,1.0,2,75114,M,,,75
201200056788,12,3,21,1905,1,2,1,1.0,6,75114,M,,,75
201200056789,12,3,23,943,1,2,4,1.0,2,75114,M,,,75
201200056790,12,3,23,1100,1,2,1,1.0,6,75114,M,,,75
201200056791,12,3,23,1705,1,2,3,1.0,3,75114,M,,,75
201200056792,12,3,24,1235,1,2,1,1.0,3,75114,M,,,75
201200056793,12,3,25,1110,1,2,1,1.0,4,75114,M,,,75
201200056794,12,3,27,945,1,2,2,1.0,3,75114,M,,,75
201200056795,12,3,27,1200,1,2,1,1.0,6,75114,M,,,75
201200056796,12,3,28,1,5,2,1,1.0,6,75114,M,,,75
201200056797,12,3,28,2000,5,2,5,1.0,3,75114,M,,,75
201200056798,12,3,29,2220,5,2,2,1.0,3,75114,M,,,75
201200056799,12,3,30,2315,5,2,3,1.0,5,75114,M,,,75
201200056800,12,3,30,2230,5,2,2,1.0,3,75114,M,,,75
201200056801,12,3,31,1925,1,2,2,1.0,7,75114,M,,,75
201200056802,12,4,1,2045,5,2,1,1.0,6,75113,M,,,75
201200056803,12,4,3,1315,1,2,7,1.0,3,75114,M,,,75
201200056804,12,4,3,1920,5,2,4,1.0,3,75114,M,,,75
201200056805,12,4,4,1155,1,2,3,1.0,6,75114,M,,,75
201200056806,12,4,5,1200,1,2,3,1.0,3,75114,M,,,75
201200056807,12,4,8,1120,1,2,2,1.0,6,75114,M,,,75
201200056808,12,4,8,1140,1,2,3,1.0,3,75114,M,,,75
201200056809,12,4,9,1945,2,2,3,2.0,2,75114,M,,,75
201200056810,12,4,10,1730,2,2,4,2.0,6,75114,M,,,75
201200056811,12,4,11,1725,1,2,1,8.0,3,75114,M,,,75
201200056812,12,4,14,100,5,2,1,1.0,4,75114,M,,,75
201200056813,12,4,14,2110,5,2,1,1.0,6,75114,M,,,75
201200056814,12,4,15,20,5,2,2,1.0,3,75115,M,,,75
201200056815,12,4,15,1015,1,2,7,1.0,2,75114,M,,,75
201200056816,12,4,16,5,5,2,4,1.0,3,75114,M,,,75
201200056817,12,4,16,2015,1,2,2,1.0,3,75114,M,,,75
201200056818,12,4,16,2030,5,2,1,1.0,3,75114,M,,,75
201200056819,12,4,17,1345,1,2,7,3.0,6,75114,M,,,75
201200056820,12,4,18,10,5,2,5,1.0,3,75114,M,,,75
201200056821,12,4,19,2330,5,2,1,1.0,6,75114,M,,,75
201200056822,12,4,20,1055,1,2,2,2.0,2,75114,M,,,75
201200056823,12,4,20,1530,1,2,7,1.0,6,75114,M,,,75
201200056824,12,4,22,1645,1,2,3,8.0,3,75114,M,,,75
201200056825,12,4,23,2030,2,2,5,1.0,7,75114,M,,,75
201200056826,12,4,24,2100,5,2,1,1.0,3,75114,M,,,75
201200056827,12,4,27,1355,1,2,1,1.0,4,75114,M,,,75
201200056828,12,4,29,650,2,2,2,2.0,6,75114,M,,,75
201200056829,12,5,1,1230,1,2,1,1.0,6,75114,M,,,75
201200056830,12,5,1,1733,1,2,1,1.0,3,75114,M,,,75
201200056831,12,5,2,1140,1,2,7,1.0,3,75114,M,,,75
201200056832,12,5,3,1740,1,2,4,1.0,3,75114,M,,,75
201200056833,12,5,4,720,1,2,3,8.0,4,75114,M,,,75
201200056834,12,5,4,1810,1,2,1,2.0,6,75114,M,,,75
201200056835,12,5,6,1730,1,2,3,1.0,7,75114,M,,,75
201200056836,12,5,11,240,5,2,2,1.0,3,75114,M,,,75
201200056837,12,5,12,1230,1,2,3,1.0,6,75114,M,,,75
201200056838,12,5,14,1640,1,2,2,1.0,6,75114,M,,,75
201200056839,12,5,15,1451,1,2,1,2.0,3,75114,M,,,75
201200056840,12,5,16,1300,1,2,7,1.0,6,75114,M,,,75
201200056841,12,5,16,1930,1,2,2,1.0,3,75114,M,,,75
201200056842,12,5,16,2240,4,2,2,1.0,3,75114,M,,,75
201200056843,12,5,20,2235,3,2,4,3.0,2,75114,M,,,75
201200056844,12,5,21,1220,1,2,2,3.0,6,75114,M,,,75
201200056845,12,5,21,1310,1,2,7,2.0,3,75114,M,,,75
201200056846,12,5,21,1825,1,2,4,3.0,3,75114,M,,,75
201200056847,12,5,22,1420,1,2,1,1.0,5,75114,M,,,75
201200056848,12,5,23,940,1,2,7,1.0,3,75114,M,,,75
201200056849,12,5,25,2100,2,2,2,1.0,3,75114,M,,,75
201200056850,12,5,26,750,1,2,4,1.0,6,75114,M,,,75
201200056851,12,5,26,2340,5,2,3,1.0,6,75114,M,,,75
201200056852,12,5,28,2310,5,2,7,1.0,6,75114,M,,,75
201200056853,12,5,29,940,1,2,3,1.0,3,75113,M,,,75
201200056854,12,5,29,1415,1,2,2,1.0,7,75114,M,,,75
201200056855,12,5,30,1550,1,2,3,1.0,7,75114,M,,,75
201200056856,12,5,30,1925,1,2,3,1.0,6,75114,M,,,75
201200056857,12,5,30,2310,5,2,2,1.0,6,75114,M,,,75
201200056858,12,5,31,1850,1,2,4,1.0,7,75114,M,,,75
201200056859,12,6,3,200,5,2,5,2.0,3,75114,M,,,75
201200056860,12,6,4,1300,1,2,1,8.0,3,75114,M,,,75
201200056861,12,6,4,1320,1,2,3,2.0,6,75114,M,,,75
201200056862,12,6,4,1745,1,2,7,1.0,7,75114,M,,,75
201200056863,12,6,6,930,1,2,4,1.0,6,75114,M,,,75
201200056864,12,6,7,925,1,2,1,1.0,6,75114,M,,,75
201200056865,12,6,8,20,5,2,7,1.0,3,75114,M,,,75
201200056866,12,6,10,2330,5,2,7,2.0,3,75114,M,,,75
201200056867,12,6,12,1520,1,2,5,1.0,6,75114,M,,,75
201200056868,12,6,13,1500,1,2,7,1.0,6,75114,M,,,75
201200056869,12,6,13,1700,1,2,3,2.0,2,75114,M,,,75
201200056870,12,6,15,800,1,2,3,2.0,2,75114,M,,,75
201200056871,12,6,16,355,5,2,1,3.0,1,75114,M,,,75
201200056872,12,6,18,1215,1,2,1,1.0,6,75114,M,,,75
201200056873,12,6,19,1740,1,2,2,1.0,3,75114,M,,,75
201200056874,12,6,23,25,5,2,1,1.0,2,75114,M,,,75
201200056875,12,6,23,1845,1,2,1,1.0,6,75114,M,,,75
201200056876,12,6,24,1300,1,2,2,2.0,6,75114,M,,,75
201200056877,12,6,25,939,1,2,1,1.0,2,75115,M,,,75
201200056878,12,6,25,1115,1,2,3,1.0,6,75114,M,,,75
201200056879,12,6,25,1645,1,2,1,1.0,2,75114,M,,,75
201200056880,12,6,26,450,5,2,1,2.0,7,75114,M,,,75
201200056881,12,6,26,925,1,2,7,2.0,7,75114,M,,,75
201200056882,12,6,26,1200,1,2,5,1.0,6,75114,M,,,75
201200056883,12,6,26,1350,1,2,2,2.0,2,75114,M,,,75
201200056884,12,6,27,1240,1,2,2,1.0,6,75114,M,,,75
201200056885,12,6,27,1945,1,2,2,1.0,3,75114,M,,,75
201200056886,12,6,30,1740,1,2,3,1.0,1,75114,M,,,75
201200056887,12,7,1,900,1,2,7,1.0,3,75114,M,,,75
201200056888,12,7,4,1550,1,2,3,1.0,6,75114,M,,,75
201200056889,12,7,5,1825,1,2,2,3.0,3,75114,M,,,75
201200056890,12,7,6,1050,1,2,1,1.0,6,75114,M,,,75
201200056891,12,7,6,1050,1,2,1,1.0,6,75114,M,,,75
201200056892,12,7,9,1030,1,2,2,1.0,3,75114,M,,,75
201200056893,12,7,11,840,1,2,2,1.0,3,75114,M,,,75
201200056894,12,7,11,1935,1,2,5,1.0,7,75114,M,,,75
201200056895,12,7,13,1910,1,2,5,2.0,4,75114,M,,,75
201200056896,12,7,14,2300,5,2,1,3.0,6,75114,M,,,75
201200056897,12,7,14,1,5,2,2,3.0,3,75114,M,,,75
201200056898,12,7,15,1700,1,2,1,1.0,1,75114,M,,,75
201200056899,12,7,18,1710,1,2,2,1.0,3,75114,M,,,75
201200056900,12,7,18,2000,1,2,1,1.0,3,75115,M,,,75
201200056901,12,7,20,2030,2,2,4,1.0,3,75114,M,,,75
201200056902,12,7,23,1915,1,2,2,1.0,2,75113,M,,,75
201200056903,12,7,23,1920,1,2,1,1.0,4,75114,M,,,75
201200056904,12,7,22,2230,5,2,2,1.0,6,75114,M,,,75
201200056905,12,7,24,1500,1,2,3,1.0,3,75114,M,,,75
201200056906,12,7,25,920,1,2,4,1.0,3,75114,M,,,75
201200056907,12,7,26,1040,1,2,2,1.0,3,75114,M,,,75
201200056908,12,7,29,1830,1,2,3,1.0,3,75114,M,,,75
201200056909,12,7,30,1723,1,2,2,1.0,6,75114,M,,,75
201200056910,12,8,2,415,5,2,3,1.0,3,75114,M,,,75
201200056911,12,8,5,1305,1,2,5,1.0,3,75114,M,,,75
201200056912,12,8,6,925,1,2,5,1.0,3,75114,M,,,75
201200056913,12,8,6,1800,1,2,4,1.0,6,75114,M,,,75
201200056914,12,8,15,1435,1,2,2,1.0,3,75114,M,,,75
201200056915,12,8,17,445,5,2,2,1.0,6,75114,M,,,75
201200056916,12,8,17,925,1,2,5,7.0,3,75114,M,,,75
201200056917,12,8,17,1900,1,2,3,1.0,7,75114,M,,,75
201200056918,12,8,20,520,5,2,1,1.0,6,75114,M,,,75
201200056919,12,8,20,1745,1,2,2,7.0,3,75114,M,,,75
201200056920,12,8,23,1419,1,2,1,1.0,6,75114,M,,,75
201200056921,12,8,23,1830,1,2,1,1.0,3,75114,M,,,75
201200056922,12,8,24,1750,1,2,3,2.0,7,75114,M,,,75
201200056923,12,8,25,1650,1,2,2,1.0,3,75114,M,,,75
201200056924,12,8,27,2015,1,2,7,1.0,6,75114,M,,,75
201200056925,12,8,28,1515,1,2,1,1.0,2,75114,M,,,75
201200056926,12,8,28,1610,1,2,2,1.0,6,75114,M,,,75
201200056927,12,8,31,1515,1,2,2,1.0,1,75114,M,,,75
201200056928,12,9,1,1500,1,2,1,1.0,6,75114,M,,,75
201200056929,12,9,1,1632,1,2,1,1.0,6,75114,M,,,75
201200056930,12,9,1,1930,1,2,1,1.0,2,75114,M,,,75
201200056931,12,9,3,1055,1,2,4,1.0,6,75114,M,,,75
201200056932,12,9,4,1855,1,2,4,1.0,2,75114,M,,,75
201200056933,12,9,5,1555,1,2,3,1.0,6,75114,M,,,75
201200056934,12,9,8,336,5,2,3,1.0,7,75114,M,,,75
201200056935,12,9,8,545,5,2,1,1.0,4,75114,M,,,75
201200056936,12,9,9,205,5,2,1,1.0,6,75114,M,,,75
201200056937,12,9,10,1040,1,2,2,1.0,1,75114,M,,,75
201200056938,12,9,10,1550,1,2,2,1.0,6,75114,M,,,75
201200056939,12,9,10,1815,1,2,2,1.0,6,75114,M,,,75
201200056940,12,9,17,1230,1,2,7,1.0,6,75114,M,,,75
201200056941,12,9,18,1815,1,2,1,1.0,3,75114,M,,,75
201200056942,12,9,19,1220,1,2,3,1.0,2,75114,M,,,75
201200056943,12,9,22,1245,1,2,3,1.0,3,75114,M,,,75
201200056944,12,9,22,1705,1,2,1,8.0,6,75114,M,,,75
201200056945,12,9,26,1610,1,2,5,8.0,3,75114,M,,,75
201200056946,12,9,27,800,1,2,4,2.0,6,75114,M,,,75
201200056947,12,9,27,2100,5,2,1,1.0,7,75114,M,,,75
201200056948,12,9,29,1800,1,2,5,1.0,6,75114,M,,,75
201200056949,12,9,30,1645,1,2,1,1.0,6,75114,M,,,75
201200056950,12,9,30,2030,5,2,2,1.0,3,75114,M,,,75
201200056951,12,10,1,1030,1,2,2,1.0,6,75114,M,,,75
201200056952,12,10,3,1640,1,2,3,2.0,7,75114,M,,,75
201200056953,12,10,3,2125,3,2,3,2.0,6,75114,M,,,75
201200056954,12,10,5,1405,1,2,5,1.0,6,75114,M,,,75
201200056955,12,10,5,1910,2,2,1,1.0,6,75114,M,,,75
201200056956,12,10,7,2005,5,2,2,1.0,3,75114,M,,,75
201200056957,12,10,8,745,3,2,1,2.0,3,75114,M,,,75
201200056958,12,10,8,2200,5,2,2,2.0,6,75114,M,,,75
201200056959,12,10,9,820,1,2,5,2.0,6,75114,M,,,75
201200056960,12,10,10,135,5,2,4,2.0,3,75114,M,,,75
201200056961,12,10,10,1405,1,2,3,2.0,6,75114,M,,,75
201200056962,12,10,10,650,5,2,1,2.0,7,75114,M,,,75
201200056963,12,10,10,955,1,2,1,8.0,3,75114,M,,,75
201200056964,12,10,11,1300,1,2,7,1.0,3,75114,M,,,75
201200056965,12,10,11,1800,1,2,2,1.0,6,75114,M,,,75
201200056966,12,10,11,1940,5,2,2,3.0,6,75114,M,,,75
201200056967,12,10,12,1440,1,2,1,1.0,2,75114,M,,,75
201200056968,12,10,12,1715,1,2,1,1.0,2,75114,M,,,75
201200056969,12,10,17,1015,1,2,4,8.0,6,75114,M,,,75
201200056970,12,10,18,2030,5,2,3,2.0,2,75114,M,,,75
201200056971,12,10,18,2155,5,2,4,2.0,2,75114,M,,,75
201200056972,12,10,19,1340,1,2,2,8.0,1,75114,M,,,75
201200056973,12,10,20,2045,5,2,2,2.0,6,75114,M,,,75
201200056974,12,10,22,1020,1,2,5,1.0,3,75114,M,,,75
201200056975,12,10,22,1145,1,2,4,1.0,6,75114,M,,,75
201200056976,12,10,23,1310,1,2,3,1.0,3,75114,M,,,75
201200056977,12,10,24,720,2,2,5,1.0,6,75114,M,,,75
201200056978,12,10,24,2150,5,2,1,1.0,2,75113,M,,,75
201200056979,12,10,25,1420,1,2,1,1.0,3,75114,M,,,75
201200056980,12,10,26,1255,1,2,5,1.0,6,75114,M,,,75
201200056981,12,10,27,1315,1,2,5,1.0,3,75114,M,,,75
201200056982,12,10,27,1825,5,2,1,1.0,6,75114,M,,,75
201200056983,12,10,29,2210,5,2,1,1.0,6,75114,M,,,75
201200056984,12,10,30,950,1,2,2,1.0,6,75114,M,,,75
201200056985,12,10,30,1725,2,2,3,2.0,6,75114,M,,,75
201200056986,12,10,30,2110,5,2,2,1.0,2,75114,M,,,75
201200056987,12,10,31,1740,2,2,2,1.0,6,75114,M,,,75
201200056988,12,11,1,520,5,2,1,2.0,6,75114,M,,,75
201200056989,12,11,1,1945,5,2,1,2.0,3,75114,M,,,75
201200056990,12,11,2,840,1,2,2,1.0,6,75114,M,,,75
201200056991,12,11,6,1200,1,2,1,1.0,6,75114,M,,,75
201200056992,12,11,9,500,5,2,4,1.0,2,75114,M,,,75
201200056993,12,11,12,1935,5,2,3,1.0,2,75114,M,,,75
201200056994,12,11,14,900,1,2,1,1.0,3,75114,M,,,75
201200056995,12,11,14,1845,5,2,1,1.0,6,75114,M,,,75
201200056996,12,11,18,1425,1,2,4,2.0,3,75114,M,,,75
201200056997,12,11,19,740,2,2,2,1.0,6,75114,M,,,75
201200056998,12,11,19,1010,1,2,4,1.0,6,75114,M,,,75
201200056999,12,11,20,1505,1,2,1,1.0,3,75114,M,,,75
201200057000,12,11,17,700,2,2,2,2.0,7,75114,M,,,75
201200057001,12,11,23,1155,1,2,3,2.0,6,75114,M,,,75
201200057002,12,11,23,1400,1,2,3,2.0,2,75114,M,,,75
201200057003,12,11,24,1320,1,2,1,2.0,2,75114,M,,,75
201200057004,12,11,26,1530,1,2,3,1.0,6,75114,M,,,75
201200057005,12,11,27,1755,5,2,4,2.0,7,75114,M,,,75
201200057006,12,11,29,750,2,2,7,2.0,6,75114,M,,,75
201200057007,12,11,29,1220,1,2,5,1.0,7,75114,M,,,75
201200057008,12,11,30,2025,5,2,1,1.0,2,75114,M,,,75
201200057009,12,12,5,200,5,2,1,1.0,6,75114,M,,,75
201200057010,12,12,5,2040,5,2,1,1.0,6,75114,M,,,75
201200057011,12,12,6,830,1,2,1,1.0,3,75114,M,,,75
201200057012,12,12,6,1605,1,2,1,1.0,3,75114,M,,,75
201200057013,12,12,6,2105,5,2,3,8.0,6,75114,M,,,75
201200057014,12,12,7,1015,1,2,2,2.0,6,75114,M,,,75
201200057015,12,12,8,1130,1,2,2,1.0,6,75114,M,,,75
201200057016,12,12,10,930,1,2,5,1.0,3,75114,M,,,75
201200057017,12,12,10,1830,5,2,3,8.0,6,75114,M,,,75
201200057018,12,12,12,2004,5,2,1,1.0,3,75114,M,,,75
201200057019,12,12,14,2110,5,2,1,1.0,6,75114,M,,,75
201200057020,12,12,15,230,5,2,2,3.0,6,75114,M,,,75
201200057021,12,12,16,135,5,2,5,2.0,3,75114,M,,,75
201200057022,12,12,17,1515,1,2,1,1.0,6,75114,M,,,75
201200057023,12,12,19,1505,1,2,1,2.0,3,75114,M,,,75
201200057024,12,12,19,2040,5,2,3,2.0,3,75114,M,,,75
201200057025,12,12,20,1630,1,2,1,1.0,6,75114,M,,,75
201200057026,12,12,20,1630,1,2,5,1.0,6,75114,M,,,75
201200057027,12,12,20,2015,3,2,1,2.0,6,75114,M,,,75
201200057028,12,12,20,2120,5,2,1,1.0,6,75114,M,,,75
201200057029,12,12,21,50,5,2,5,1.0,3,75114,M,,,75
201200057030,12,12,21,1430,1,2,1,8.0,3,75114,M,,,75
201200057031,12,12,21,1945,5,2,1,1.0,2,75115,M,,,75
201200057032,12,12,22,25,5,2,7,1.0,6,75114,M,,,75
201200057033,12,12,22,1910,5,2,2,2.0,1,75114,M,,,75
201200057034,12,12,30,2013,5,2,1,1.0,7,75114,M,,,75
201200057035,12,1,4,915,1,2,1,1.0,7,75115,M,,,75
201200057036,12,1,5,1555,1,2,5,2.0,1,75115,M,,,75
201200057037,12,1,6,830,1,2,2,1.0,3,75115,M,,,75
201200057038,12,1,6,1724,5,2,7,1.0,6,75115,M,,,75
201200057039,12,1,6,2042,5,2,1,1.0,6,75115,M,,,75
201200057040,12,1,7,1510,1,2,7,1.0,3,75115,M,,,75
201200057041,12,1,8,28,5,2,5,1.0,3,75115,M,,,75
201200057042,12,1,9,1745,5,2,2,2.0,7,75115,M,,,75
201200057043,12,1,10,2010,5,2,1,1.0,6,75115,M,,,75
201200057044,12,1,12,850,1,2,2,1.0,6,75115,M,,,75
201200057045,12,1,13,842,1,2,2,1.0,5,75115,M,,,75
201200057046,12,1,16,2210,5,2,2,1.0,1,75115,M,,,75
201200057047,12,1,17,1537,1,2,2,1.0,6,75115,M,,,75
201200057048,12,1,18,855,1,2,1,1.0,2,75115,M,,,75
201200057049,12,1,19,30,5,2,2,2.0,6,75115,M,,,75
201200057050,12,1,19,1230,1,2,2,2.0,7,75115,M,,,75
201200057051,12,1,19,2120,5,2,5,2.0,6,75115,M,,,75
201200057052,12,1,25,1230,1,2,3,1.0,3,75115,M,,,75
201200057053,12,1,26,900,1,2,1,2.0,3,75115,M,,,75
201200057054,12,1,26,1115,1,2,3,1.0,6,75115,M,,,75
201200057055,12,1,26,1735,2,2,2,1.0,7,75115,M,,,75
201200057056,12,1,26,2050,5,2,4,1.0,3,75115,M,,,75
201200057057,12,1,28,1200,1,2,3,2.0,7,75115,M,,,75
201200057058,12,2,1,1830,5,2,1,1.0,6,75115,M,,,75
201200057059,12,2,1,2325,5,2,5,6.0,4,75115,M,,,75
201200057060,12,2,3,1000,1,2,3,1.0,6,75115,M,,,75
201200057061,12,2,3,1250,1,2,3,1.0,6,75115,M,,,75
201200057062,12,2,5,1545,1,2,2,4.0,6,75115,M,,,75
201200057063,12,2,7,2020,5,2,7,1.0,6,75115,M,,,75
201200057064,12,2,7,2110,5,2,7,8.0,6,75115,M,,,75
201200057065,12,2,9,1345,1,2,3,1.0,6,75115,M,,,75