Num_Acc,an,mois,jour,hrmn,lum,agg,int,atm,col,com,gps,lat,long,dep
201200057066,12,2,10,1840,5,2,5,1.0,7,75115,M,,,75
201200057067,12,2,11,1610,1,2,3,7.0,4,75115,M,,,75
201200057068,12,2,12,1825,5,2,1,1.0,3,75107,M,,,75
201200057069,12,2,14,1030,1,2,2,1.0,3,75115,M,,,75
201200057070,12,2,14,1115,1,2,4,2.0,6,75115,M,,,75
201200057071,12,2,16,1610,1,2,1,1.0,3,75115,M,,,75
201200057072,12,2,16,1906,5,2,1,1.0,6,75115,M,,,75
201200057073,12,2,20,855,1,2,2,1.0,6,75115,M,,,75
201200057074,12,2,23,1900,5,2,1,1.0,7,75115,M,,,75
201200057075,12,2,26,5,5,2,2,1.0,3,75115,M,,,75
201200057076,12,3,1,1440,1,2,5,1.0,6,75115,M,,,75
201200057077,12,3,1,1800,5,2,5,1.0,3,75115,M,,,75
201200057078,12,3,2,1120,1,2,2,1.0,7,75115,M,,,75
201200057079,12,3,2,1710,1,2,1,1.0,3,75115,M,,,75
201200057080,12,3,3,1050,1,2,1,1.0,4,75115,M,,,75
201200057081,12,3,3,1230,2,2,2,1.0,6,75115,M,,,75
201200057082,12,3,3,1245,2,2,3,1.0,6,75115,M,,,75
201200057083,12,3,3,1420,1,2,5,1.0,6,75115,M,,,75
201200057084,12,3,3,2300,5,2,3,1.0,6,75115,M,,,75
201200057085,12,3,4,1520,1,2,2,2.0,6,75115,M,,,75
201200057086,12,3,5,1105,1,2,1,1.0,3,75115,M,,,75
201200057087,12,3,5,1645,1,2,1,1.0,6,75115,M,,,75
201200057088,12,3,6,1615,1,2,4,1.0,6,75115,M,,,75
201200057089,12,3,6,1650,1,2,7,1.0,6,75115,M,,,75
201200057090,12,3,9,810,1,2,3,1.0,7,75115,M,,,75
201200057091,12,3,9,1545,1,2,2,1.0,6,75115,M,,,75
201200057092,12,3,10,740,1,2,2,1.0,2,75115,M,,,75
201200057093,12,3,13,1810,1,2,3,1.0,2,75115,M,,,75
201200057094,12,3,13,2135,5,2,3,3.0,6,75115,M,,,75
201200057095,12,3,14,1025,1,2,2,1.0,3,75115,M,,,75
201200057096,12,3,14,1330,1,2,1,1.0,6,75115,M,,,75
201200057097,12,3,14,1405,1,2,3,1.0,6,75115,M,,,75
201200057098,12,3,15,415,5,2,7,1.0,7,75115,M,,,75
201200057099,12,3,15,1130,1,2,4,1.0,6,75115,M,,,75
201200057100,12,3,16,905,1,2,2,1.0,3,75107,M,,,75
201200057101,12,3,17,2210,5,2,2,2.0,3,75115,M,,,75
201200057102,12,3,18,2015,5,2,1,2.0,1,75115,M,,,75
201200057103,12,3,20,1415,1,2,2,1.0,1,75115,M,,,75
201200057104,12,3,20,1455,1,2,5,1.0,2,75114,M,,,75
201200057105,12,3,20,2010,5,2,2,1.0,7,75115,M,,,75
201200057106,12,3,21,825,1,2,1,1.0,6,75115,M,,,75
201200057107,12,3,23,1925,4,2,2,1.0,6,75115,M,,,75
201200057108,12,3,25,155,5,2,2,1.0,3,75115,M,,,75
201200057109,12,3,27,900,1,2,1,1.0,3,75115,M,,,75
201200057110,12,3,27,1850,1,2,3,1.0,2,75115,M,,,75
201200057111,12,3,27,2248,5,2,1,1.0,3,75115,M,,,75
201200057112,12,3,28,1620,1,2,1,1.0,3,75115,M,,,75
201200057113,12,3,28,1730,1,2,1,1.0,6,75115,M,,,75
201200057114,12,3,28,2050,5,2,3,1.0,3,75115,M,,,75
201200057115,12,3,29,1450,1,2,5,1.0,2,75115,M,,,75
201200057116,12,3,30,1945,2,2,3,1.0,3,75115,M,,,75
201200057117,12,4,6,1345,1,2,5,1.0,3,75115,M,,,75
201200057118,12,4,8,2145,5,2,2,1.0,6,75115,M,,,75
201200057119,12,4,9,1230,1,2,2,1.0,6,75115,M,,,75
201200057120,12,4,12,1800,1,2,1,1.0,6,75115,M,,,75
201200057121,12,4,14,5,5,2,2,1.0,3,75115,M,,,75
201200057122,12,4,16,1805,1,2,2,1.0,3,75115,M,,,75
201200057123,12,4,17,2000,1,2,4,1.0,2,75115,M,,,75
201200057124,12,4,18,1555,1,2,2,2.0,3,75115,M,,,75
201200057125,12,4,18,2215,5,2,5,2.0,6,75115,M,,,75
201200057126,12,4,23,1120,1,2,2,2.0,6,75115,M,,,75
201200057127,12,4,24,1515,1,2,1,2.0,6,75115,M,,,75
201200057128,12,4,25,1655,1,2,1,2.0,2,75115,M,,,75
201200057129,12,4,27,1925,2,2,2,8.0,2,75115,M,,,75
201200057130,12,4,29,150,5,2,2,2.0,3,75115,M,,,75
201200057131,12,4,30,1510,1,2,1,1.0,6,75115,M,,,75
201200057132,12,5,3,1220,1,2,7,1.0,3,75115,M,,,75
201200057133,12,5,5,150,5,2,2,1.0,7,75115,M,,,75
201200057134,12,5,5,1415,1,2,5,1.0,3,75115,M,,,75
201200057135,12,5,5,1610,1,2,7,1.0,6,75115,M,,,75
201200057136,12,5,6,430,5,2,1,3.0,2,75115,M,,,75
201200057137,12,5,7,805,1,2,3,1.0,3,75115,M,,,75
201200057138,12,5,8,2200,5,2,2,1.0,3,75115,M,,,75
201200057139,12,5,9,855,1,2,3,8.0,3,75115,M,,,75
201200057140,12,5,10,840,1,2,3,1.0,6,75115,M,,,75
201200057141,12,5,11,1745,1,2,5,1.0,3,75115,M,,,75
201200057142,12,5,12,930,1,2,1,1.0,7,75115,M,,,75
201200057143,12,5,12,1555,1,2,2,1.0,6,75115,M,,,75
201200057144,12,5,12,1905,1,2,5,1.0,6,75115,M,,,75
201200057145,12,5,14,1055,1,2,1,1.0,4,75115,M,,,75
201200057146,12,5,14,2311,5,2,2,1.0,6,75107,M,,,75
201200057147,12,5,16,1330,1,2,2,1.0,7,75115,M,,,75
201200057148,12,5,17,1651,1,2,2,1.0,3,75115,M,,,75
201200057149,12,5,18,1030,1,2,2,1.0,6,75115,M,,,75
201200057150,12,5,21,915,1,2,7,8.0,3,75115,M,,,75
201200057151,12,5,21,1130,1,2,3,3.0,6,75115,M,,,75
201200057152,12,5,21,2030,2,2,2,2.0,1,75115,M,,,75
201200057153,12,5,22,825,1,2,2,1.0,2,75115,M,,,75
201200057154,12,5,22,1110,1,2,2,1.0,3,75115,M,,,75
201200057155,12,5,22,1505,1,2,3,1.0,6,75115,M,,,75
201200057156,12,5,23,1,5,2,2,1.0,3,75115,M,,,75
201200057157,12,5,24,710,1,2,4,1.0,3,75115,M,,,75
201200057158,12,5,24,1630,1,2,4,1.0,3,75115,M,,,75
201200057159,12,5,25,1605,1,2,2,1.0,3,75115,M,,,75
201200057160,12,5,28,1820,1,2,1,1.0,6,75115,M,,,75
201200057161,12,5,29,1740,1,2,5,1.0,2,75115,M,,,75
201200057162,12,5,31,1315,1,2,5,1.0,6,75115,M,,,75
201200057163,12,5,31,2320,5,2,4,1.0,7,75115,M,,,75
201200057164,12,6,4,1800,1,2,3,1.0,7,75115,M,,,75
201200057165,12,6,5,850,1,2,5,1.0,3,75115,M,,,75
201200057166,12,6,5,1130,1,2,3,1.0,3,75115,M,,,75
201200057167,12,6,5,2333,5,2,1,2.0,6,75115,M,,,75
201200057168,12,6,6,1530,1,2,2,1.0,6,75115,M,,,75
201200057169,12,6,6,2045,2,2,2,1.0,3,75115,M,,,75
201200057170,12,6,7,1420,1,2,1,3.0,2,75115,M,,,75
201200057171,12,6,8,1120,1,2,3,1.0,6,75115,M,,,75
201200057172,12,6,9,1125,1,2,2,1.0,6,75115,M,,,75
201200057173,12,6,11,1030,1,2,1,2.0,7,75115,M,,,75
201200057174,12,6,12,1015,1,2,1,2.0,3,75115,M,,,75
201200057175,12,6,12,1010,1,2,7,2.0,3,75115,M,,,75
201200057176,12,6,13,1515,1,2,4,1.0,6,75115,M,,,75
201200057177,12,6,14,200,5,2,2,1.0,1,75115,M,,,75
201200057178,12,6,15,2157,5,2,2,3.0,7,75115,M,,,75
201200057179,12,6,18,1045,1,2,1,8.0,4,75115,M,,,75
201200057180,12,6,18,1430,1,2,7,1.0,3,75115,M,,,75
201200057181,12,6,19,2130,2,2,2,2.0,1,75115,M,,,75
201200057182,12,6,20,1000,1,2,7,1.0,1,75115,M,,,75
201200057183,12,6,22,805,1,2,1,1.0,6,75115,M,,,75
201200057184,12,6,23,1840,1,2,3,1.0,6,75115,M,,,75
201200057185,12,6,23,2045,2,2,5,2.0,2,75115,M,,,75
201200057186,12,6,24,1600,1,2,2,2.0,3,75115,M,,,75
201200057187,12,6,25,925,1,2,2,1.0,3,75115,M,,,75
201200057188,12,6,25,1111,1,2,4,1.0,2,75115,M,,,75
201200057189,12,6,26,950,1,2,1,2.0,2,75115,M,,,75
201200057190,12,6,26,1650,1,2,1,1.0,6,75115,M,,,75
201200057191,12,6,27,1635,1,2,2,1.0,6,75115,M,,,75
201200057192,12,6,28,1905,1,2,7,1.0,6,75115,M,,,75
201200057193,12,6,28,2140,5,2,1,1.0,2,75115,M,,,75
201200057194,12,6,29,1320,1,2,1,1.0,2,75115,M,,,75
201200057195,12,6,30,1630,1,2,1,1.0,2,75115,M,,,75
201200057196,12,7,1,105,5,2,2,1.0,7,75115,M,,,75
201200057197,12,7,1,1355,1,2,7,1.0,2,75115,M,,,75
201200057198,12,7,2,1045,1,2,3,1.0,7,75115,M,,,75
201200057199,12,7,2,1820,1,2,1,1.0,2,75115,M,,,75
201200057200,12,7,3,945,1,2,1,1.0,3,75115,M,,,75
201200057201,12,7,3,900,1,2,3,1.0,6,75115,M,,,75
201200057202,12,7,3,1540,1,2,7,1.0,3,75115,M,,,75
201200057203,12,7,4,1555,1,2,1,1.0,6,75115,M,,,75
201200057204,12,7,4,1515,1,2,1,1.0,6,75115,M,,,75
201200057205,12,7,5,130,5,2,2,1.0,6,75115,M,,,75
201200057206,12,7,5,1540,1,2,3,1.0,6,75115,M,,,75
201200057207,12,7,5,1750,1,2,1,2.0,6,75115,M,,,75
201200057208,12,7,6,830,1,2,1,1.0,2,75115,M,,,75
201200057209,12,7,6,1310,1,2,1,1.0,6,75115,M,,,75
201200057210,12,7,6,1600,1,2,1,1.0,3,75115,M,,,75
201200057211,12,7,8,1,5,2,2,3.0,6,75115,M,,,75
201200057212,12,7,8,2145,2,2,2,1.0,3,75115,M,,,75
201200057213,12,7,9,1201,1,2,7,1.0,3,75115,M,,,75
201200057214,12,7,14,320,5,2,1,2.0,3,75115,M,,,75
201200057215,12,7,17,1220,1,2,7,1.0,2,75115,M,,,75
201200057216,12,7,17,1910,1,2,1,1.0,2,75115,M,,,75
201200057217,12,7,18,2015,1,2,1,1.0,7,75115,M,,,75
201200057218,12,7,19,1230,1,2,7,1.0,6,75115,M,,,75
201200057219,12,7,22,1250,1,2,3,1.0,4,75115,M,,,75
201200057220,12,7,23,55,5,2,2,1.0,3,75115,M,,,75
201200057221,12,7,24,1940,1,2,5,1.0,3,75115,M,,,75
201200057222,12,7,24,2239,5,2,2,1.0,2,75115,M,,,75
201200057223,12,7,25,115,5,2,2,1.0,3,75115,M,,,75
201200057224,12,7,26,1230,1,2,2,1.0,2,75115,M,,,75
201200057225,12,7,26,1715,1,2,2,1.0,3,75115,M,,,75
201200057226,12,7,27,1415,1,2,5,1.0,6,75115,M,,,75
201200057227,12,7,27,2200,5,2,2,2.0,3,75115,M,,,75
201200057228,12,8,1,110,5,2,7,1.0,6,75115,M,,,75
201200057229,12,8,2,1620,1,2,1,1.0,3,75115,M,,,75
201200057230,12,8,8,110,5,2,1,1.0,6,75115,M,,,75
201200057231,12,8,10,30,4,2,5,1.0,4,75115,M,,,75
201200057232,12,8,11,1055,1,2,2,1.0,6,75115,M,,,75
201200057233,12,8,14,1050,1,2,3,2.0,6,75115,M,,,75
201200057234,12,8,17,1800,1,2,2,1.0,2,75115,M,,,75
201200057235,12,8,17,1830,1,2,1,1.0,6,75115,M,,,75
201200057236,12,8,20,422,5,2,1,1.0,3,75115,M,,,75
201200057237,12,8,21,1305,1,2,2,1.0,6,75115,M,,,75
201200057238,12,8,21,1650,1,2,2,1.0,6,75115,M,,,75
201200057239,12,8,21,1905,1,2,1,1.0,3,75115,M,,,75
201200057240,12,8,21,2015,1,2,3,1.0,2,75115,M,,,75
201200057241,12,8,22,2210,5,2,2,1.0,6,75115,M,,,75
201200057242,12,8,23,215,5,2,7,1.0,6,75115,M,,,75
201200057243,12,8,23,1400,1,2,1,1.0,6,75115,M,,,75
201200057244,12,8,23,1800,1,2,2,1.0,6,75115,M,,,75
201200057245,12,8,24,2020,2,2,1,1.0,3,75115,M,,,75
201200057246,12,8,29,1320,1,2,3,1.0,6,75115,M,,,75
201200057247,12,8,29,1735,1,2,1,1.0,2,75115,M,,,75
201200057248,12,8,31,1415,1,2,1,1.0,4,75115,M,,,75
201200057249,12,9,1,2230,5,2,7,1.0,3,75115,M,,,75
201200057250,12,9,2,330,5,2,1,1.0,6,75115,M,,,75
201200057251,12,9,2,1240,1,2,1,1.0,2,75115,M,,,75
201200057252,12,9,3,1750,1,2,1,1.0,6,75115,M,,,75
201200057253,12,9,4,15,5,2,1,1.0,1,75115,M,,,75
201200057254,12,9,4,1750,2,2,3,1.0,3,75115,M,,,75
201200057255,12,9,5,1800,1,2,2,1.0,3,75115,M,,,75
201200057256,12,9,6,2350,5,2,2,1.0,1,75115,M,,,75
201200057257,12,9,7,1640,1,2,2,1.0,3,75115,M,,,75
201200057258,12,9,7,1945,1,2,3,1.0,3,75115,M,,,75
201200057259,12,9,9,135,5,2,1,1.0,6,75115,M,,,75
201200057260,12,9,9,1730,1,2,5,1.0,2,75115,M,,,75
201200057261,12,9,10,1655,1,2,5,1.0,6,75115,M,,,75
201200057262,12,9,12,955,1,2,2,1.0,6,75115,M,,,75
201200057263,12,9,12,1845,1,2,1,1.0,2,75115,M,,,75
201200057264,12,9,14,925,1,2,4,1.0,6,75115,M,,,75
201200057265,12,9,14,825,1,2,2,8.0,6,75115,M,,,75
201200057266,12,9,14,915,1,2,1,8.0,2,75115,M,,,75
201200057267,12,9,15,1550,1,2,2,1.0,3,75115,M,,,75
201200057268,12,9,17,1630,1,2,3,1.0,3,75107,M,,,75
201200057269,12,9,18,2120,5,2,3,1.0,3,75115,M,,,75
201200057270,12,9,19,1520,1,2,1,1.0,7,75115,M,,,75
201200057271,12,9,19,1640,1,2,1,1.0,2,75115,M,,,75
201200057272,12,9,24,745,1,2,2,2.0,2,75115,M,,,75
201200057273,12,9,25,1535,1,2,2,8.0,2,75115,M,,,75
201200057274,12,9,25,2000,5,2,1,2.0,6,75115,M,,,75
201200057275,12,9,26,1125,1,2,3,1.0,6,75115,M,,,75
201200057276,12,9,26,1555,1,2,1,1.0,4,75115,M,,,75
201200057277,12,9,26,2015,4,2,2,2.0,3,75115,M,,,75
201200057278,12,9,26,2120,5,2,2,2.0,3,75115,M,,,75
201200057279,12,9,28,1357,1,2,5,1.0,3,75115,M,,,75
201200057280,12,9,28,1440,1,2,5,1.0,3,75115,M,,,75
201200057281,12,9,28,1745,1,2,2,1.0,2,75115,M,,,75
201200057282,12,9,29,2025,5,2,2,1.0,3,75115,M,,,75
201200057283,12,10,2,1025,1,2,1,1.0,2,75115,M,,,75
201200057284,12,10,2,1200,1,2,2,1.0,6,75115,M,,,75
201200057285,12,10,2,1120,1,2,3,1.0,3,75115,M,,,75
201200057286,12,10,2,2110,5,2,1,1.0,7,75115,M,,,75
201200057287,12,10,2,2315,5,2,2,1.0,2,75115,M,,,75
201200057288,12,10,3,2030,5,2,5,2.0,2,75115,M,,,75
201200057289,12,10,6,2130,5,2,1,2.0,6,75115,M,,,75
201200057290,12,10,7,1620,1,2,1,1.0,3,75115,M,,,75
201200057291,12,10,8,700,5,2,1,2.0,6,75115,M,,,75
201200057292,12,10,8,735,2,2,2,2.0,6,75115,M,,,75
201200057293,12,10,9,210,5,2,5,1.0,3,75115,M,,,75
201200057294,12,10,9,1525,1,2,5,1.0,3,75115,M,,,75
201200057295,12,10,10,1645,1,2,1,1.0,3,75115,M,,,75
201200057296,12,10,11,1430,1,2,2,2.0,3,75115,M,,,75
201200057297,12,10,11,1718,1,2,1,1.0,6,75115,M,,,75
201200057298,12,10,12,1430,1,2,5,1.0,2,75115,M,,,75
201200057299,12,10,12,1715,1,2,1,1.0,6,75115,M,,,75
201200057300,12,10,13,1120,1,2,1,1.0,6,75115,M,,,75
201200057301,12,10,17,1400,1,2,2,2.0,3,75115,M,,,75
201200057302,12,10,18,1355,1,2,1,1.0,6,75115,M,,,75
201200057303,12,10,18,1500,1,2,2,1.0,2,75115,M,,,75
201200057304,12,10,18,1800,2,2,2,3.0,6,75115,M,,,75
201200057305,12,10,24,1900,5,2,1,1.0,6,75115,M,,,75
201200057306,12,10,25,1725,1,2,2,1.0,6,75115,M,,,75
201200057307,12,10,27,440,5,2,1,1.0,7,75115,M,,,75
201200057308,12,10,27,1955,5,2,2,1.0,3,75115,M,,,75
201200057309,12,10,28,1620,1,2,1,1.0,3,75115,M,,,75
201200057310,12,10,29,1235,1,2,1,1.0,6,75115,M,,,75
201200057311,12,10,30,2007,5,2,3,1.0,2,75115,M,,,75
201200057312,12,10,30,2140,5,2,3,1.0,2,75115,M,,,75
201200057313,12,10,31,2000,5,2,5,1.0,6,75115,M,,,75
201200057314,12,11,1,2115,5,2,7,2.0,3,75115,M,,,75
201200057315,12,11,2,1350,1,2,1,2.0,6,75115,M,,,75
201200057316,12,11,3,1850,5,2,3,1.0,2,75115,M,,,75
201200057317,12,11,8,1255,1,2,5,1.0,6,75115,M,,,75
201200057318,12,11,9,1120,1,2,1,1.0,6,75115,M,,,75
201200057319,12,11,10,2305,5,2,7,1.0,6,75115,M,,,75
201200057320,12,11,12,830,1,2,1,1.0,3,75115,M,,,75
201200057321,12,11,13,930,1,2,2,1.0,7,75115,M,,,75
201200057322,12,11,13,2235,5,2,2,1.0,2,75115,M,,,75
201200057323,12,11,16,1430,1,2,1,1.0,6,75115,M,,,75
201200057324,12,11,16,1640,1,2,7,1.0,6,75115,M,,,75
201200057325,12,11,17,220,5,2,1,1.0,3,75115,M,,,75
201200057326,12,11,18,1140,1,2,3,2.0,6,75115,M,,,75
201200057327,12,11,18,2050,5,2,1,1.0,3,75115,M,,,75
201200057328,12,11,19,908,1,2,3,1.0,7,75115,M,,,75
201200057329,12,11,21,1455,1,2,1,1.0,5,75115,M,,,75
201200057330,12,11,22,1330,1,2,1,1.0,6,75115,M,,,75
201200057331,12,11,24,2120,5,2,3,1.0,7,75115,M,,,75
201200057332,12,11,28,15,5,2,2,1.0,6,75115,M,,,75
201200057333,12,11,28,1340,1,2,5,8.0,3,75115,M,,,75
201200057334,12,11,28,2020,5,2,1,1.0,6,75115,M,,,75
201200057335,12,11,28,1920,5,2,3,1.0,1,75115,M,,,75
201200057336,12,11,29,1705,5,2,3,1.0,2,75115,M,,,75
201200057337,12,11,30,1940,5,2,2,1.0,3,75115,M,,,75
201200057338,12,11,30,2010,5,2,1,1.0,2,75115,M,,,75
201200057339,12,12,1,1215,1,2,2,1.0,6,75115,M,,,75
201200057340,12,12,3,1955,5,2,2,1.0,6,75115,M,,,75
201200057341,12,12,3,1830,5,2,1,1.0,6,75115,M,,,75
201200057342,12,12,4,710,5,2,2,3.0,3,75115,M,,,75
201200057343,12,12,3,1955,5,2,4,1.0,3,75115,M,,,75
201200057344,12,12,4,2200,5,2,2,1.0,3,75115,M,,,75
201200057345,12,12,7,1030,1,2,2,2.0,7,75115,M,,,75
201200057346,12,12,8,1520,1,2,2,1.0,3,75115,M,,,75
201200057347,12,12,9,1530,1,2,2,1.0,6,75115,M,,,75
201200057348,12,12,11,845,1,2,1,1.0,6,75115,M,,,75
201200057349,12,12,12,1945,5,2,3,1.0,3,75115,M,,,75
201200057350,12,12,13,1445,1,2,1,2.0,6,75115,M,,,75
201200057351,12,12,13,2050,5,2,1,2.0,7,75115,M,,,75
201200057352,12,12,15,1800,5,2,2,2.0,6,75115,M,,,75
201200057353,12,12,15,1815,5,2,3,3.0,6,75115,M,,,75
201200057354,12,12,16,1230,1,2,5,1.0,3,75115,M,,,75
201200057355,12,12,16,1835,5,2,1,2.0,6,75115,M,,,75
201200057356,12,12,18,1140,1,2,2,2.0,7,75115,M,,,75
201200057357,12,12,18,1915,5,2,4,1.0,6,75115,M,,,75
201200057358,12,12,19,1820,5,2,1,2.0,6,75115,M,,,75
201200057359,12,12,20,1700,2,2,7,2.0,3,75115,M,,,75
201200057360,12,12,20,2010,5,2,1,2.0,7,75115,M,,,75
201200057361,12,12,21,1855,5,2,1,1.0,6,75115,M,,,75
201200057362,12,12,28,1750,5,2,2,1.0,3,75115,M,,,75
201200057363,12,12,29,1715,5,2,3,1.0,6,75115,M,,,75
201200057364,12,12,29,2035,5,2,2,2.0,5,75115,M,,,75
201200057365,12,12,31,110,5,2,2,1.0,3,75115,M,,,75
201200057366,12,1,1,2200,5,2,1,2.0,3,75116,M,,,75
201200057367,12,1,1,530,5,2,2,1.0,6,75116,M,,,75
201200057368,12,1,2,1920,5,2,2,1.0,6,75116,M,,,75
201200057369,12,1,4,930,1,2,3,1.0,6,75116,M,,,75
201200057370,12,1,4,945,1,2,1,1.0,6,75116,M,,,75
201200057371,12,1,5,815,2,2,5,2.0,6,75116,M,,,75
201200057372,12,1,5,1810,5,2,5,1.0,3,75116,M,,,75
201200057373,12,1,6,1445,1,2,3,1.0,3,75116,M,,,75
201200057374,12,1,6,1800,5,2,7,1.0,3,75116,M,,,75
201200057375,12,1,6,1800,5,2,7,1.0,3,75116,M,,,75
201200057376,12,1,7,615,5,2,5,1.0,6,75116,M,,,75
201200057377,12,1,7,1310,1,2,1,1.0,3,75116,M,,,75
201200057378,12,1,7,2000,5,2,2,1.0,7,75116,M,,,75
201200057379,12,1,11,1710,1,2,5,1.0,2,75116,M,,,75
201200057380,12,1,11,1745,5,2,1,1.0,6,75116,M,,,75
201200057381,12,1,11,2030,5,2,1,1.0,4,75116,M,,,75
201200057382,12,1,12,1745,2,2,1,1.0,6,75116,M,,,75
201200057383,12,1,12,2300,5,2,2,1.0,6,75116,M,,,75
201200057384,12,1,13,805,2,2,7,1.0,6,75108,M,,,75
201200057385,12,1,13,1040,1,2,4,1.0,2,75116,M,,,75
201200057386,12,1,13,1805,5,2,5,1.0,3,75116,M,,,75
201200057387,12,1,14,330,5,2,2,1.0,6,75108,M,,,75
201200057388,12,1,15,415,5,2,1,1.0,4,75116,M,,,75
201200057389,12,1,16,845,1,2,1,1.0,2,75116,M,,,75
201200057390,12,1,16,1645,1,2,1,1.0,6,75116,M,,,75
201200057391,12,1,17,1740,1,2,1,1.0,3,75116,M,,,75
201200057392,12,1,17,2000,5,2,7,1.0,6,75116,M,,,75
201200057393,12,1,18,820,1,2,2,1.0,5,75116,M,,,75
201200057394,12,1,18,1630,1,2,7,2.0,2,75116,M,,,75
201200057395,12,1,19,940,1,2,1,9.0,2,75116,M,,,75
201200057396,12,1,19,2250,5,2,1,1.0,3,75116,M,,,75
201200057397,12,1,20,740,5,2,2,8.0,1,75116,M,,,75
201200057398,12,1,20,1810,5,2,2,2.0,2,75116,M,,,75
201200057399,12,1,20,1830,5,2,3,2.0,6,75116,M,,,75
201200057400,12,1,21,1525,1,2,2,2.0,3,75116,M,,,75
201200057401,12,1,21,2045,5,2,7,2.0,3,75116,M,,,75
201200057402,12,1,23,2050,2,2,5,2.0,3,75116,M,,,75
201200057403,12,1,24,1135,1,2,4,1.0,7,75116,M,,,75
201200057404,12,1,24,2110,5,2,7,2.0,1,75116,M,,,75
201200057405,12,1,25,945,1,2,3,2.0,6,75116,M,,,75
201200057406,12,1,25,1045,1,2,1,2.0,7,75116,M,,,75
201200057407,12,1,25,1235,1,2,5,2.0,3,75116,M,,,75
201200057408,12,1,25,1130,1,2,7,2.0,3,75116,M,,,75
201200057409,12,1,25,1310,1,2,1,2.0,3,75116,M,,,75
201200057410,12,1,26,1800,5,2,1,1.0,6,75116,M,,,75
201200057411,12,1,26,2025,5,2,2,1.0,6,75116,M,,,75
201200057412,12,1,28,1440,1,2,4,1.0,7,75116,M,,,75
201200057413,12,1,28,1635,1,2,5,2.0,1,75116,M,,,75
201200057414,12,1,28,2130,5,2,2,1.0,2,75116,M,,,75
201200057415,12,1,30,1230,1,2,1,1.0,6,75116,M,,,75
201200057416,12,1,31,2040,5,2,7,1.0,3,75116,M,,,75
201200057417,12,2,1,915,1,2,2,1.0,3,75116,M,,,75
201200057418,12,2,1,2015,5,2,7,1.0,2,75116,M,,,75
201200057419,12,2,2,248,5,2,1,1.0,6,75116,M,,,75
201200057420,12,2,2,1105,1,2,4,1.0,3,75116,M,,,75
201200057421,12,2,3,800,1,2,4,1.0,6,75116,M,,,75
201200057422,12,2,4,1845,5,2,2,1.0,6,75116,M,,,75
201200057423,12,2,4,2030,5,2,1,1.0,3,75116,M,,,75
201200057424,12,2,7,930,1,2,1,1.0,3,75116,M,,,75
201200057425,12,2,7,1325,2,2,2,4.0,3,75116,M,,,75
201200057426,12,2,8,820,1,2,1,4.0,7,75116,M,,,75
201200057427,12,2,8,1840,5,2,3,9.0,3,75116,M,,,75
201200057428,12,2,9,925,1,2,7,1.0,7,75116,M,,,75
201200057429,12,2,12,25,5,2,7,1.0,6,75116,M,,,75
201200057430,12,2,13,1100,1,2,2,1.0,4,75116,M,,,75
201200057431,12,2,13,1215,1,2,4,8.0,7,75116,M,,,75
201200057432,12,2,14,1710,1,2,5,8.0,6,75116,M,,,75
201200057433,12,2,15,920,1,2,7,8.0,4,75116,M,,,75
201200057434,12,2,15,1500,1,2,2,1.0,6,75116,M,,,75
201200057435,12,2,17,1215,1,2,1,2.0,2,75117,M,,,75
201200057436,12,2,18,1605,1,2,2,1.0,3,75116,M,,,75
201200057437,12,2,18,2145,5,2,5,2.0,6,75116,M,,,75
201200057438,12,2,19,855,1,2,7,1.0,6,75116,M,,,75
201200057439,12,2,20,1610,1,2,2,1.0,6,75116,M,,,75
201200057440,12,2,20,1920,5,2,1,1.0,6,75116,M,,,75
201200057441,12,2,21,855,1,2,2,7.0,6,75116,M,,,75
201200057442,12,2,21,1000,1,2,2,1.0,3,75116,M,,,75
201200057443,12,2,24,1200,1,2,5,1.0,7,75116,M,,,75
201200057444,12,2,26,145,5,2,1,1.0,6,75116,M,,,75
201200057445,12,2,26,1110,1,2,3,1.0,6,75116,M,,,75
201200057446,12,2,29,1630,1,2,2,1.0,6,75108,M,,,75
201200057447,12,3,1,2235,5,2,5,1.0,3,75116,M,,,75
201200057448,12,3,2,1355,1,2,7,1.0,2,75116,M,,,75
201200057449,12,3,3,905,1,2,7,8.0,7,75116,M,,,75
201200057450,12,3,3,1755,2,2,2,2.0,6,75116,M,,,75
201200057451,12,3,6,905,1,2,1,2.0,3,75116,M,,,75
201200057452,12,3,6,1120,1,2,7,2.0,3,75116,M,,,75
201200057453,12,3,6,1905,5,2,1,1.0,4,75116,M,,,75
201200057454,12,3,7,935,1,2,5,1.0,6,75116,M,,,75
201200057455,12,3,8,845,1,2,5,1.0,2,75116,M,,,75
201200057456,12,3,8,1450,1,2,3,1.0,6,75116,M,,,75
201200057457,12,3,8,2050,5,2,2,1.0,7,75116,M,,,75
201200057458,12,3,9,1155,1,2,2,1.0,7,75116,M,,,75
201200057459,12,3,10,930,1,2,7,1.0,6,75116,M,,,75
201200057460,12,3,10,1040,1,2,7,8.0,3,75116,M,,,75
201200057461,12,3,10,1720,1,2,1,1.0,3,75116,M,,,75
201200057462,12,3,12,1015,1,2,5,1.0,2,75116,M,,,75
201200057463,12,3,13,1715,1,2,3,1.0,6,75116,M,,,75
201200057464,12,3,14,1210,1,2,5,1.0,6,75116,M,,,75
201200057465,12,3,14,1500,1,2,3,1.0,3,75116,M,,,75
201200057466,12,3,15,920,1,2,7,1.0,2,75116,M,,,75
201200057467,12,3,16,655,1,2,5,1.0,2,75116,M,,,75
201200057468,12,3,16,910,1,2,1,1.0,3,75116,M,,,75
201200057469,12,3,19,1550,1,2,5,1.0,6,75116,M,,,75
201200057470,12,3,19,1830,2,2,2,1.0,1,75116,M,,,75
201200057471,12,3,20,900,1,2,2,1.0,1,75116,M,,,75
201200057472,12,3,20,1200,1,2,1,1.0,2,75116,M,,,75
201200057473,12,3,21,915,1,2,1,1.0,2,75116,M,,,75