Num_Acc,an,mois,jour,hrmn,lum,agg,int,atm,col,com,gps,lat,long,dep
201200057474,12,3,21,1040,1,2,7,1.0,3,75116,M,,,75
201200057475,12,3,21,1430,1,2,1,1.0,3,75116,M,,,75
201200057476,12,3,21,1500,1,2,5,1.0,6,75116,M,,,75
201200057477,12,3,21,2240,5,2,1,1.0,6,75116,M,,,75
201200057478,12,3,22,815,1,2,2,1.0,3,75116,M,,,75
201200057479,12,3,22,1700,1,2,1,1.0,6,75116,M,,,75
201200057480,12,3,22,2030,5,2,7,1.0,2,75116,M,,,75
201200057481,12,3,23,455,5,2,7,1.0,6,75116,M,,,75
201200057482,12,3,23,1845,5,2,1,1.0,3,75116,M,,,75
201200057483,12,3,25,1315,1,2,3,1.0,3,75116,M,,,75
201200057484,12,3,25,2045,5,2,2,1.0,6,75116,M,,,75
201200057485,12,3,26,1530,1,2,2,1.0,6,75116,M,,,75
201200057486,12,3,26,1730,1,2,1,1.0,3,75116,M,,,75
201200057487,12,3,26,1715,1,2,1,1.0,6,75116,M,,,75
201200057488,12,3,27,515,5,2,7,1.0,6,75116,M,,,75
201200057489,12,3,28,2210,5,2,4,1.0,2,75116,M,,,75
201200057490,12,3,29,1030,1,2,7,1.0,6,75116,M,,,75
201200057491,12,3,29,1145,1,2,1,1.0,2,75116,M,,,75
201200057492,12,3,29,1400,1,2,1,1.0,4,75116,M,,,75
201200057493,12,3,29,1545,1,2,1,1.0,4,75116,M,,,75
201200057494,12,3,29,2140,5,2,1,1.0,3,75116,M,,,75
201200057495,12,3,30,1315,1,2,4,1.0,3,75116,M,,,75
201200057496,12,3,30,1420,1,2,3,1.0,6,75116,M,,,75
201200057497,12,3,31,1849,1,2,7,1.0,6,75116,M,,,75
201200057498,12,4,1,515,5,2,5,1.0,6,75116,M,,,75
201200057499,12,4,1,1740,1,2,7,1.0,6,75116,M,,,75
201200057500,12,4,3,850,1,2,1,1.0,3,75116,M,,,75
201200057501,12,4,3,1630,1,2,1,1.0,2,75116,M,,,75
201200057502,12,4,5,930,1,2,7,1.0,6,75116,M,,,75
201200057503,12,4,5,1140,1,2,1,1.0,6,75116,M,,,75
201200057504,12,4,5,1500,1,2,2,1.0,6,75116,M,,,75
201200057505,12,4,5,2015,5,2,4,1.0,7,75116,M,,,75
201200057506,12,4,6,850,1,2,3,8.0,7,75108,M,,,75
201200057507,12,4,6,1420,1,2,1,1.0,7,75116,M,,,75
201200057508,12,4,8,1100,1,2,3,1.0,6,75116,M,,,75
201200057509,12,4,9,1915,1,2,3,2.0,3,75116,M,,,75
201200057510,12,4,10,1830,1,2,3,3.0,2,75116,M,,,75
201200057511,12,4,11,2340,5,2,3,1.0,6,75116,M,,,75
201200057512,12,4,11,1410,1,2,5,1.0,2,75116,M,,,75
201200057513,12,4,12,745,1,2,3,1.0,3,75116,M,,,75
201200057514,12,4,12,1820,1,2,7,1.0,3,75116,M,,,75
201200057515,12,4,13,2100,5,2,5,1.0,5,75116,M,,,75
201200057516,12,4,13,2325,5,2,5,1.0,6,75116,M,,,75
201200057517,12,4,14,640,1,2,1,1.0,6,75116,M,,,75
201200057518,12,4,14,1805,1,2,1,1.0,7,75116,M,,,75
201200057519,12,4,15,1730,1,2,7,1.0,6,75116,M,,,75
201200057520,12,4,14,2330,5,2,2,1.0,2,75116,M,,,75
201200057521,12,4,13,1305,1,2,5,1.0,3,75116,M,,,75
201200057522,12,4,15,1310,1,2,1,8.0,3,75116,M,,,75
201200057523,12,4,16,1036,1,2,7,1.0,6,75116,M,,,75
201200057524,12,4,17,2150,3,2,1,1.0,6,75116,M,,,75
201200057525,12,4,20,115,5,2,7,1.0,2,75116,M,,,75
201200057526,12,4,20,1250,1,2,5,8.0,3,75116,M,,,75
201200057527,12,4,20,1715,1,2,7,2.0,2,75116,M,,,75
201200057528,12,4,20,1955,1,2,7,2.0,2,75116,M,,,75
201200057529,12,4,24,115,5,2,1,3.0,6,75116,M,,,75
201200057530,12,4,24,1400,1,2,1,2.0,2,75116,M,,,75
201200057531,12,4,24,1515,1,2,7,1.0,3,75116,M,,,75
201200057532,12,4,24,1530,1,2,2,8.0,3,75116,M,,,75
201200057533,12,4,24,2245,5,2,2,1.0,7,75116,M,,,75
201200057534,12,4,26,2050,5,2,1,1.0,2,75116,M,,,75
201200057535,12,4,27,1520,1,2,7,1.0,2,75116,M,,,75
201200057536,12,4,28,1,5,2,4,2.0,4,75116,M,,,75
201200057537,12,4,28,1415,1,2,1,2.0,3,75116,M,,,75
201200057538,12,5,1,1520,1,2,2,1.0,2,75116,M,,,75
201200057539,12,5,2,900,1,2,4,1.0,2,75116,M,,,75
201200057540,12,5,2,1615,1,2,1,1.0,7,75116,M,,,75
201200057541,12,5,3,1715,1,2,2,1.0,3,75116,M,,,75
201200057542,12,5,4,1510,1,2,3,1.0,6,75116,M,,,75
201200057543,12,5,5,1125,1,2,1,1.0,3,75116,M,,,75
201200057544,12,5,6,425,5,2,5,3.0,6,75116,M,,,75
201200057545,12,5,7,1440,1,2,1,1.0,2,75116,M,,,75
201200057546,12,5,8,1700,1,2,7,1.0,3,75116,M,,,75
201200057547,12,5,8,2130,5,2,1,1.0,3,75116,M,,,75
201200057548,12,5,9,150,5,2,2,1.0,3,75116,M,,,75
201200057549,12,5,10,1640,1,2,7,1.0,6,75116,M,,,75
201200057550,12,5,11,900,1,2,5,2.0,6,75116,M,,,75
201200057551,12,5,12,2030,1,2,2,1.0,3,75116,M,,,75
201200057552,12,5,13,225,5,2,2,1.0,6,75116,M,,,75
201200057553,12,5,13,1740,1,2,1,1.0,3,75116,M,,,75
201200057554,12,5,14,1200,1,2,7,1.0,6,75116,M,,,75
201200057555,12,5,14,1320,1,2,7,1.0,6,75116,M,,,75
201200057556,12,5,14,1415,1,2,3,1.0,6,75116,M,,,75
201200057557,12,5,15,1245,1,2,2,8.0,6,75116,M,,,75
201200057558,12,5,18,1005,1,2,5,1.0,3,75116,M,,,75
201200057559,12,5,19,1655,1,2,2,2.0,3,75116,M,,,75
201200057560,12,5,21,1305,1,2,1,3.0,7,75116,M,,,75
201200057561,12,5,21,1845,1,2,7,3.0,3,75116,M,,,75
201200057562,12,5,22,1134,1,2,1,1.0,6,75116,M,,,75
201200057563,12,5,22,1415,1,2,1,1.0,2,75116,M,,,75
201200057564,12,5,23,2030,5,2,1,1.0,3,75116,M,,,75
201200057565,12,5,24,1000,1,2,1,1.0,2,75116,M,,,75
201200057566,12,5,24,1210,1,2,7,1.0,3,75116,M,,,75
201200057567,12,5,26,1015,1,2,5,1.0,6,75116,M,,,75
201200057568,12,5,26,1600,1,2,2,1.0,6,75116,M,,,75
201200057569,12,5,27,625,1,2,2,1.0,1,75116,M,,,75
201200057570,12,5,28,1434,1,2,2,1.0,6,75116,M,,,75
201200057571,12,5,29,1015,1,2,3,1.0,2,75116,M,,,75
201200057572,12,5,29,1130,1,2,2,1.0,2,75116,M,,,75
201200057573,12,5,29,1800,1,2,5,1.0,2,75116,M,,,75
201200057574,12,5,29,1930,1,2,1,1.0,2,75116,M,,,75
201200057575,12,5,29,2015,2,2,2,1.0,6,75116,M,,,75
201200057576,12,5,30,810,1,2,1,1.0,7,75116,M,,,75
201200057577,12,5,31,1220,1,2,4,1.0,3,75116,M,,,75
201200057578,12,5,31,1500,1,2,2,1.0,3,75116,M,,,75
201200057579,12,6,2,945,1,2,5,1.0,3,75116,M,,,75
201200057580,12,6,2,2140,2,2,1,1.0,7,75116,M,,,75
201200057581,12,6,2,2310,5,2,6,1.0,3,75116,M,,,75
201200057582,12,6,4,910,1,2,3,1.0,4,75116,M,,,75
201200057583,12,6,5,1500,1,2,5,1.0,3,75116,M,,,75
201200057584,12,6,6,715,1,2,2,8.0,6,75116,M,,,75
201200057585,12,6,6,1830,1,2,7,8.0,3,75116,M,,,75
201200057586,12,6,7,1155,1,2,1,8.0,6,75116,M,,,75
201200057587,12,6,7,1500,1,2,7,9.0,6,75116,M,,,75
201200057588,12,6,7,1750,1,2,1,1.0,6,75116,M,,,75
201200057589,12,6,7,1840,1,2,1,1.0,6,75116,M,,,75
201200057590,12,6,8,1045,1,2,7,1.0,6,75116,M,,,75
201200057591,12,6,8,1430,1,2,5,3.0,2,75116,M,,,75
201200057592,12,6,10,815,1,2,5,1.0,3,75116,M,,,75
201200057593,12,6,12,945,1,2,2,2.0,6,75116,M,,,75
201200057594,12,6,12,1000,1,2,2,8.0,3,75116,M,,,75
201200057595,12,6,13,1200,1,2,1,2.0,7,75116,M,,,75
201200057596,12,6,14,910,1,2,7,1.0,3,75116,M,,,75
201200057597,12,6,14,1915,1,2,7,1.0,6,75116,M,,,75
201200057598,12,6,14,1340,1,2,2,1.0,6,75116,M,,,75
201200057599,12,6,15,905,1,2,2,2.0,3,75116,M,,,75
201200057600,12,6,15,840,1,2,3,2.0,1,75116,M,,,75
201200057601,12,6,17,1230,1,2,4,1.0,3,75116,M,,,75
201200057602,12,6,18,1550,1,2,7,1.0,3,75116,M,,,75
201200057603,12,6,19,840,1,2,1,1.0,2,75116,M,,,75
201200057604,12,6,19,1100,1,2,7,1.0,3,75116,M,,,75
201200057605,12,6,19,2030,2,2,2,2.0,2,75116,M,,,75
201200057606,12,6,19,2015,1,2,2,1.0,7,75116,M,,,75
201200057607,12,6,20,1555,1,2,2,1.0,6,75116,M,,,75
201200057608,12,6,21,1725,1,2,2,1.0,7,75116,M,,,75
201200057609,12,6,21,1845,1,2,2,1.0,5,75116,M,,,75
201200057610,12,6,22,1735,1,2,1,1.0,4,75116,M,,,75
201200057611,12,6,22,2325,5,2,7,1.0,6,75116,M,,,75
201200057612,12,6,23,1430,1,2,2,1.0,6,75116,M,,,75
201200057613,12,6,23,2340,5,2,2,1.0,3,75116,M,,,75
201200057614,12,6,24,1045,1,2,1,2.0,2,75116,M,,,75
201200057615,12,6,24,1552,1,2,2,2.0,5,75116,M,,,75
201200057616,12,6,24,2345,5,2,1,1.0,2,75116,M,,,75
201200057617,12,6,25,1740,1,2,2,1.0,6,75116,M,,,75
201200057618,12,6,25,1900,1,2,7,1.0,6,75116,M,,,75
201200057619,12,6,26,1500,1,2,1,1.0,2,75116,M,,,75
201200057620,12,6,26,1500,1,2,1,1.0,2,75116,M,,,75
201200057621,12,6,27,1415,1,2,2,1.0,6,75116,M,,,75
201200057622,12,6,27,2140,2,2,2,1.0,2,75116,M,,,75
201200057623,12,6,28,2045,1,2,4,1.0,2,75116,M,,,75
201200057624,12,6,29,250,5,2,1,1.0,6,75116,M,,,75
201200057625,12,6,29,1215,1,2,2,8.0,1,75116,M,,,75
201200057626,12,6,29,1245,1,2,1,1.0,6,75116,M,,,75
201200057627,12,6,29,1645,2,2,1,1.0,3,75116,M,,,75
201200057628,12,6,30,125,5,2,3,1.0,6,75116,M,,,75
201200057629,12,6,30,345,5,2,3,1.0,6,75116,M,,,75
201200057630,12,7,1,1445,1,2,3,1.0,3,75116,M,,,75
201200057631,12,7,3,940,1,2,1,1.0,3,75116,M,,,75
201200057632,12,7,3,1915,1,2,1,1.0,6,75116,M,,,75
201200057633,12,7,3,2015,1,2,1,1.0,2,75116,M,,,75
201200057634,12,7,4,20,5,2,2,1.0,3,75116,M,,,75
201200057635,12,7,4,835,1,2,7,1.0,3,75116,M,,,75
201200057636,12,7,4,1345,1,2,1,1.0,4,75116,M,,,75
201200057637,12,7,4,1700,1,2,7,1.0,3,75116,M,,,75
201200057638,12,7,5,1854,1,2,1,2.0,3,75116,M,,,75
201200057639,12,7,6,1105,1,2,1,1.0,6,75116,M,,,75
201200057640,12,7,6,1910,1,2,1,3.0,7,75116,M,,,75
201200057641,12,7,6,1835,1,2,2,1.0,2,75116,M,,,75
201200057642,12,7,6,1930,1,2,4,1.0,7,75116,M,,,75
201200057643,12,7,7,2200,5,2,2,2.0,7,75116,M,,,75
201200057644,12,7,7,2222,5,2,7,2.0,3,75116,M,,,75
201200057645,12,7,8,10,5,2,1,3.0,7,75116,M,,,75
201200057646,12,7,9,730,1,2,2,1.0,3,75116,M,,,75
201200057647,12,7,10,950,1,2,4,1.0,3,75116,M,,,75
201200057648,12,7,11,940,1,2,2,1.0,3,75116,M,,,75
201200057649,12,7,11,1100,1,2,7,1.0,3,75116,M,,,75
201200057650,12,7,11,1525,1,2,1,1.0,7,75116,M,,,75
201200057651,12,7,12,1740,1,2,1,8.0,7,75116,M,,,75
201200057652,12,7,12,1715,1,2,1,8.0,7,75116,M,,,75
201200057653,12,7,13,845,1,2,4,2.0,7,75116,M,,,75
201200057654,12,7,13,1100,1,2,3,2.0,2,75116,M,,,75
201200057655,12,7,13,1505,1,2,7,1.0,6,75116,M,,,75
201200057656,12,7,13,1950,1,2,2,3.0,3,75116,M,,,75
201200057657,12,7,13,2305,5,2,5,2.0,3,75116,M,,,75
201200057658,12,7,14,2255,5,2,2,6.0,3,75116,M,,,75
201200057659,12,7,16,815,1,2,7,1.0,3,75116,M,,,75
201200057660,12,7,16,930,1,2,1,1.0,7,75116,M,,,75
201200057661,12,7,16,1555,1,2,7,1.0,6,75116,M,,,75
201200057662,12,7,16,1630,1,2,1,1.0,6,75116,M,,,75
201200057663,12,7,17,1220,1,2,2,1.0,2,75116,M,,,75
201200057664,12,7,19,1635,1,2,2,1.0,3,75116,M,,,75
201200057665,12,7,19,1850,1,2,2,8.0,6,75116,M,,,75
201200057666,12,7,19,2215,4,2,4,1.0,7,75116,M,,,75
201200057667,12,7,20,830,2,2,1,1.0,6,75116,M,,,75
201200057668,12,7,20,1225,1,2,2,1.0,3,75116,M,,,75
201200057669,12,7,23,840,1,2,2,1.0,3,75116,M,,,75
201200057670,12,7,24,45,5,2,1,1.0,6,75116,M,,,75
201200057671,12,7,25,1720,1,2,7,1.0,3,75116,M,,,75
201200057672,12,7,26,902,1,2,4,1.0,3,75116,M,,,75
201200057673,12,7,26,1420,1,2,1,1.0,3,75116,M,,,75
201200057674,12,7,27,1350,1,2,1,1.0,6,75116,M,,,75
201200057675,12,7,29,1340,1,2,7,1.0,6,75116,M,,,75
201200057676,12,7,30,1528,1,2,2,1.0,3,75116,M,,,75
201200057677,12,8,1,310,5,2,1,1.0,6,75116,M,,,75
201200057678,12,7,31,1320,1,2,7,1.0,3,75116,M,,,75
201200057679,12,8,2,1930,1,2,1,1.0,6,75116,M,,,75
201200057680,12,8,3,1840,1,2,1,1.0,6,75116,M,,,75
201200057681,12,8,4,1615,1,2,1,1.0,6,75116,M,,,75
201200057682,12,8,2,1335,1,2,2,1.0,6,75116,M,,,75
201200057683,12,7,31,1336,1,2,4,1.0,3,75116,M,,,75
201200057684,12,8,7,1105,1,2,1,1.0,6,75116,M,,,75
201200057685,12,8,7,1930,1,2,1,1.0,2,75116,M,,,75
201200057686,12,8,9,1140,1,2,4,1.0,2,75116,M,,,75
201200057687,12,8,9,1630,1,2,2,1.0,3,75116,M,,,75
201200057688,12,8,11,1700,1,2,2,1.0,3,75116,M,,,75
201200057689,12,8,12,155,4,2,1,1.0,3,75116,M,,,75
201200057690,12,8,12,1900,1,2,1,1.0,3,75116,M,,,75
201200057691,12,8,13,1335,1,2,7,1.0,3,75116,M,,,75
201200057692,12,8,16,2040,2,2,4,1.0,3,75116,M,,,75
201200057693,12,8,16,2320,5,2,2,1.0,6,75108,M,,,75
201200057694,12,8,17,2330,5,2,7,1.0,7,75116,M,,,75
201200057695,12,8,19,230,5,2,1,1.0,5,75116,M,,,75
201200057696,12,8,20,1815,1,2,1,1.0,2,75116,M,,,75
201200057697,12,8,22,2220,5,2,1,1.0,3,75116,M,,,75
201200057698,12,8,24,950,1,2,1,1.0,2,75116,M,,,75
201200057699,12,8,25,1645,1,2,4,1.0,6,75116,M,,,75
201200057700,12,8,27,825,1,2,2,1.0,3,75116,M,,,75
201200057701,12,8,28,1030,1,2,7,8.0,6,75116,M,,,75
201200057702,12,8,28,1420,1,2,1,1.0,6,75116,M,,,75
201200057703,12,8,28,2340,5,2,3,1.0,6,75116,M,,,75
201200057704,12,8,30,1050,1,2,1,1.0,2,75116,M,,,75
201200057705,12,8,30,2225,5,2,1,1.0,2,75116,M,,,75
201200057706,12,8,31,155,5,2,1,1.0,2,75116,M,,,75
201200057707,12,8,31,1500,1,2,3,1.0,2,75116,M,,,75
201200057708,12,8,31,1615,1,2,2,1.0,3,75116,M,,,75
201200057709,12,9,1,1050,1,2,1,1.0,6,75116,M,,,75
201200057710,12,9,1,1440,1,2,4,1.0,3,75116,M,,,75
201200057711,12,9,2,325,5,2,7,1.0,3,75117,M,,,75
201200057712,12,9,3,1310,1,2,1,8.0,6,75116,M,,,75
201200057713,12,9,3,1800,1,2,1,8.0,4,75116,M,,,75
201200057714,12,9,3,1825,1,2,1,1.0,3,75116,M,,,75
201200057715,12,9,4,135,5,2,1,1.0,3,75116,M,,,75
201200057716,12,9,5,1100,1,2,7,1.0,6,75116,M,,,75
201200057717,12,9,5,1445,1,2,2,8.0,2,75116,M,,,75
201200057718,12,9,6,1200,2,2,3,1.0,6,75116,M,,,75
201200057719,12,9,6,2125,5,2,7,1.0,3,75116,M,,,75
201200057720,12,9,9,1115,1,2,1,1.0,3,75116,M,,,75
201200057721,12,9,9,1330,1,2,2,1.0,3,75116,M,,,75
201200057722,12,9,9,555,5,2,5,1.0,1,75116,M,,,75
201200057723,12,9,10,1330,1,2,2,1.0,2,75116,M,,,75
201200057724,12,9,10,1600,1,2,5,1.0,6,75116,M,,,75
201200057725,12,9,11,1230,1,2,2,2.0,7,75116,M,,,75
201200057726,12,9,11,1825,1,2,1,1.0,3,75116,M,,,75
201200057727,12,9,12,830,1,2,7,2.0,7,75116,M,,,75
201200057728,12,9,12,835,1,2,2,8.0,6,75116,M,,,75
201200057729,12,9,12,1430,1,2,5,1.0,6,75116,M,,,75
201200057730,12,9,12,1355,1,2,7,1.0,5,75116,M,,,75
201200057731,12,9,13,410,5,2,2,2.0,6,75116,M,,,75
201200057732,12,9,14,745,1,2,1,1.0,6,75116,M,,,75
201200057733,12,9,14,1820,1,2,1,1.0,1,75116,M,,,75
201200057734,12,9,14,2110,5,2,2,1.0,1,75116,M,,,75
201200057735,12,9,18,910,1,2,1,2.0,3,75116,M,,,75
201200057736,12,9,18,1940,1,2,3,1.0,1,75116,M,,,75
201200057737,12,9,19,120,5,2,2,1.0,6,75116,M,,,75
201200057738,12,9,19,945,1,2,2,1.0,6,75116,M,,,75
201200057739,12,9,18,2140,5,2,1,1.0,3,75116,M,,,75
201200057740,12,9,19,1720,1,2,7,1.0,3,75116,M,,,75
201200057741,12,9,20,1830,1,2,1,1.0,2,75116,M,,,75
201200057742,12,9,21,1120,1,2,4,1.0,3,75116,M,,,75
201200057743,12,9,21,1745,1,2,1,2.0,3,75116,M,,,75
201200057744,12,9,22,1745,1,2,1,1.0,3,75116,M,,,75
201200057745,12,9,23,1105,1,2,7,1.0,6,75116,M,,,75
201200057746,12,9,19,1350,1,2,7,1.0,3,75116,M,,,75
201200057747,12,9,24,1140,1,2,1,8.0,1,75116,M,,,75
201200057748,12,9,24,1435,1,2,3,1.0,2,75116,M,,,75
201200057749,12,9,26,810,1,2,4,1.0,3,75116,M,,,75
201200057750,12,9,26,1930,5,2,7,3.0,3,75116,M,,,75
201200057751,12,9,27,1,5,2,7,2.0,3,75116,M,,,75
201200057752,12,9,27,1030,1,2,1,1.0,3,75116,M,,,75
201200057753,12,9,27,1915,2,2,1,1.0,2,75116,M,,,75
201200057754,12,9,28,215,5,2,5,1.0,1,75116,M,,,75
201200057755,12,9,28,1830,1,2,2,1.0,7,75116,M,,,75
201200057756,12,10,1,740,1,2,5,1.0,1,75116,M,,,75
201200057757,12,10,1,850,1,2,1,1.0,2,75116,M,,,75
201200057758,12,10,1,1750,1,2,1,1.0,6,75116,M,,,75
201200057759,12,10,2,630,5,2,1,2.0,2,75116,M,,,75
201200057760,12,10,2,710,2,2,3,2.0,3,75116,M,,,75
201200057761,12,10,2,1145,1,2,1,1.0,3,75116,M,,,75
201200057762,12,10,2,1130,1,2,3,1.0,6,75116,M,,,75
201200057763,12,10,2,1655,1,2,1,1.0,3,75116,M,,,75
201200057764,12,10,3,1845,2,2,1,2.0,6,75116,M,,,75
201200057765,12,10,3,1940,5,2,3,2.0,1,75116,M,,,75
201200057766,12,10,3,1930,5,2,1,3.0,3,75116,M,,,75
201200057767,12,10,4,1014,1,2,1,1.0,3,75116,M,,,75
201200057768,12,10,5,1630,1,2,5,1.0,6,75116,M,,,75
201200057769,12,10,5,1910,5,2,3,1.0,6,75116,M,,,75
201200057770,12,10,5,1905,2,2,7,1.0,7,75116,M,,,75
201200057771,12,10,6,130,5,2,2,1.0,6,75116,M,,,75
201200057772,12,10,6,540,5,2,7,1.0,6,75116,M,,,75
201200057773,12,10,6,1800,1,2,2,2.0,4,75116,M,,,75
201200057774,12,10,7,150,5,2,1,2.0,6,75116,M,,,75
201200057775,12,10,7,1800,1,2,1,1.0,3,75116,M,,,75
201200057776,12,10,8,1710,1,2,3,3.0,7,75116,M,,,75
201200057777,12,10,8,1755,1,2,3,2.0,6,75116,M,,,75
201200057778,12,10,8,2210,5,2,7,2.0,7,75116,M,,,75
201200057779,12,10,9,150,5,2,3,8.0,6,75116,M,,,75
201200057780,12,10,10,910,1,2,1,2.0,3,75116,M,,,75
201200057781,12,10,11,1700,1,2,1,1.0,6,75117,M,,,75
201200057782,12,10,11,1745,2,2,7,1.0,3,75116,M,,,75
201200057783,12,10,11,1853,5,2,3,3.0,2,75116,M,,,75
201200057784,12,10,11,2045,5,2,5,3.0,6,75116,M,,,75
201200057785,12,10,13,930,1,2,1,1.0,6,75116,M,,,75
201200057786,12,10,14,605,5,2,2,1.0,6,75116,M,,,75
201200057787,12,10,14,1115,1,2,2,2.0,2,75116,M,,,75
201200057788,12,10,15,1450,1,2,2,1.0,3,75116,M,,,75
201200057789,12,10,15,1900,5,2,3,1.0,6,75116,M,,,75
201200057790,12,10,16,920,1,2,5,1.0,3,75116,M,,,75
201200057791,12,10,17,410,5,2,7,2.0,6,75116,M,,,75
201200057792,12,10,17,1800,1,2,3,1.0,3,75116,M,,,75
201200057793,12,10,18,1720,1,2,2,3.0,6,75116,M,,,75
201200057794,12,10,20,1520,1,2,2,8.0,7,75116,M,,,75
201200057795,12,10,20,1620,1,2,2,2.0,2,75116,M,,,75
201200057796,12,10,20,2100,4,2,2,2.0,6,75116,M,,,75
201200057797,12,10,21,15,5,2,1,2.0,6,75116,M,,,75
201200057798,12,10,22,840,1,2,1,1.0,6,75116,M,,,75
201200057799,12,10,22,1730,1,2,3,1.0,3,75116,M,,,75
201200057800,12,10,23,620,5,2,2,1.0,3,75116,M,,,75
201200057801,12,10,23,1015,1,2,1,8.0,2,75116,M,,,75
201200057802,12,10,23,1025,1,2,2,1.0,6,75116,M,,,75
201200057803,12,10,23,1645,1,2,1,1.0,3,75116,M,,,75
201200057804,12,10,24,1030,1,2,5,1.0,6,75116,M,,,75
201200057805,12,10,24,2245,5,2,7,1.0,3,75116,M,,,75
201200057806,12,10,26,1030,1,2,2,8.0,6,75116,M,,,75
201200057807,12,10,27,300,5,2,1,1.0,7,75116,M,,,75
201200057808,12,10,28,1951,5,2,2,1.0,3,75116,M,,,75
201200057809,12,10,29,1605,1,2,1,1.0,3,75116,M,,,75
201200057810,12,10,31,1420,1,2,1,1.0,2,75116,M,,,75
201200057811,12,11,1,1230,1,2,1,1.0,1,75116,M,,,75
201200057812,12,11,2,1020,1,2,7,2.0,3,75116,M,,,75
201200057813,12,11,2,1600,1,2,2,3.0,2,75116,M,,,75
201200057814,12,11,2,1900,5,2,1,1.0,6,75116,M,,,75
201200057815,12,11,3,350,5,2,2,3.0,1,75116,M,,,75
201200057816,12,11,3,1310,1,2,5,1.0,3,75116,M,,,75
201200057817,12,11,5,1945,5,2,7,2.0,3,75116,M,,,75
201200057818,12,11,6,845,1,2,3,1.0,3,75116,M,,,75
201200057819,12,11,6,2130,5,2,2,1.0,6,75108,M,,,75
201200057820,12,11,7,930,1,2,7,1.0,3,75116,M,,,75
201200057821,12,11,7,1700,1,2,2,1.0,6,75116,M,,,75
201200057822,12,11,8,825,1,2,1,1.0,3,75116,M,,,75
201200057823,12,11,8,1555,1,2,3,1.0,3,75116,M,,,75
201200057824,12,11,9,1015,1,2,1,1.0,3,75116,M,,,75
201200057825,12,11,9,1545,1,2,3,1.0,3,75116,M,,,75
201200057826,12,11,9,1730,5,2,3,2.0,6,75116,M,,,75
201200057827,12,11,9,2050,5,2,1,2.0,2,75116,M,,,75
201200057828,12,11,12,1500,1,2,7,1.0,3,75116,M,,,75
201200057829,12,11,15,920,1,2,3,1.0,3,75116,M,,,75
201200057830,12,11,15,1925,5,2,2,1.0,3,75116,M,,,75
201200057831,12,11,16,1150,1,2,1,1.0,6,75116,M,,,75
201200057832,12,11,16,1740,5,2,4,1.0,7,75116,M,,,75
201200057833,12,11,16,1905,5,2,2,1.0,3,75116,M,,,75
201200057834,12,11,17,420,4,2,2,1.0,6,75116,M,,,75
201200057835,12,11,19,847,1,2,7,1.0,3,75116,M,,,75
201200057836,12,11,20,515,3,2,3,1.0,6,75116,M,,,75
201200057837,12,11,20,1535,1,2,7,1.0,6,75116,M,,,75
201200057838,12,11,21,1616,1,2,1,2.0,4,75116,M,,,75
201200057839,12,11,21,1730,5,2,1,8.0,2,75116,M,,,75
201200057840,12,11,22,1020,1,2,1,1.0,3,75116,M,,,75
201200057841,12,11,22,1010,1,2,1,1.0,6,75116,M,,,75
201200057842,12,11,22,2100,5,2,7,1.0,7,75116,M,,,75
201200057843,12,11,22,2220,5,2,2,1.0,1,75116,M,,,75
201200057844,12,11,23,800,1,2,3,1.0,6,75116,M,,,75
201200057845,12,11,23,1440,1,2,7,2.0,7,75116,M,,,75
201200057846,12,11,23,1940,5,2,7,2.0,2,75116,M,,,75
201200057847,12,11,26,1130,1,2,1,1.0,6,75116,M,,,75
201200057848,12,11,27,800,1,2,3,1.0,3,75116,M,,,75
201200057849,12,11,27,1443,1,2,7,8.0,3,75116,M,,,75
201200057850,12,11,28,240,5,2,3,1.0,6,75116,M,,,75
201200057851,12,11,28,2025,5,2,7,1.0,2,75116,M,,,75
201200057852,12,11,29,1430,1,2,2,1.0,3,75116,M,,,75
201200057853,12,11,29,2020,5,2,1,1.0,3,75116,M,,,75
201200057854,12,11,30,730,5,2,2,1.0,6,75116,M,,,75
201200057855,12,11,30,1730,5,2,2,1.0,2,75116,M,,,75
201200057856,12,12,1,240,5,2,2,1.0,6,75116,M,,,75
201200057857,12,12,1,1310,1,2,1,1.0,6,75116,M,,,75
201200057858,12,12,1,1530,1,2,1,1.0,3,75116,M,,,75
201200057859,12,12,2,1115,1,2,7,1.0,3,75116,M,,,75
201200057860,12,12,3,2150,5,2,1,1.0,6,75116,M,,,75
201200057861,12,12,5,1530,1,2,1,2.0,1,75116,M,,,75
201200057862,12,12,5,1700,5,2,7,2.0,3,75116,M,,,75
201200057863,12,12,5,1800,5,2,1,2.0,3,75116,M,,,75
201200057864,12,12,5,1900,5,2,1,2.0,6,75116,M,,,75
201200057865,12,12,5,2015,2,2,1,1.0,6,75116,M,,,75
201200057866,12,12,6,355,5,2,3,8.0,6,75116,M,,,75
201200057867,12,12,6,2015,5,2,1,1.0,3,75116,M,,,75
201200057868,12,12,2,140,5,2,1,1.0,3,75116,M,,,75
201200057869,12,12,6,2220,5,2,5,8.0,6,75116,M,,,75
201200057870,12,12,7,2135,5,2,5,2.0,3,75116,M,,,75
201200057871,12,12,7,2235,5,2,1,2.0,6,75116,M,,,75
201200057872,12,12,10,25,5,2,2,1.0,6,75116,M,,,75
201200057873,12,12,11,1945,5,2,1,1.0,6,75116,M,,,75
201200057874,12,12,11,2120,5,2,2,1.0,3,75116,M,,,75
201200057875,12,12,12,830,2,2,1,9.0,7,75116,M,,,75
201200057876,12,12,12,830,1,2,1,1.0,7,75116,M,,,75
201200057877,12,12,12,1440,1,2,5,7.0,2,75116,M,,,75
201200057878,12,12,12,1515,1,2,7,1.0,4,75116,M,,,75
201200057879,12,12,12,1640,5,2,1,1.0,3,75116,M,,,75
201200057880,12,12,13,745,2,2,1,1.0,3,75116,M,,,75