Num_Acc,an,mois,jour,hrmn,lum,agg,int,atm,col,com,gps,lat,long,dep
201200057881,12,12,13,1035,1,2,3,1.0,3,75116,M,,,75
201200057882,12,12,13,1350,1,2,1,1.0,4,75116,M,,,75
201200057883,12,12,13,1815,5,2,2,1.0,6,75116,M,,,75
201200057884,12,12,14,125,5,2,2,1.0,7,75116,M,,,75
201200057885,12,12,14,930,1,2,1,2.0,6,75116,M,,,75
201200057886,12,12,14,1315,1,2,2,2.0,6,75116,M,,,75
201200057887,12,12,15,20,5,2,5,3.0,3,75116,M,,,75
201200057888,12,12,15,1520,1,2,3,1.0,6,75116,M,,,75
201200057889,12,12,17,1410,1,2,3,1.0,3,75116,M,,,75
201200057890,12,12,17,1805,5,2,1,2.0,6,75116,M,,,75
201200057891,12,12,18,1246,1,2,1,8.0,6,75116,M,,,75
201200057892,12,12,19,1520,1,2,1,2.0,6,75116,M,,,75
201200057893,12,12,19,1835,5,2,1,2.0,6,75116,M,,,75
201200057894,12,12,20,1040,1,2,1,2.0,7,75116,M,,,75
201200057895,12,12,20,2000,5,2,1,2.0,2,75116,M,,,75
201200057896,12,12,20,2155,5,2,1,2.0,2,75116,M,,,75
201200057897,12,12,21,410,5,2,3,9.0,6,75116,M,,,75
201200057898,12,12,21,930,1,2,2,1.0,3,75116,M,,,75
201200057899,12,12,21,2215,5,2,2,1.0,6,75116,M,,,75
201200057900,12,12,27,555,5,2,7,2.0,3,75116,M,,,75
201200057901,12,12,27,710,5,2,2,3.0,3,75116,M,,,75
201200057902,12,12,29,1040,1,2,1,1.0,6,75116,M,,,75
201200057903,12,12,30,920,1,2,1,1.0,3,75116,M,,,75
201200057904,12,12,31,1500,1,2,2,1.0,3,75116,M,,,75
201200057905,12,12,31,1745,5,2,2,1.0,6,75116,M,,,75
201200057906,12,1,1,1910,5,2,7,2.0,6,75117,M,,,75
201200057907,12,1,1,415,5,2,3,2.0,6,75117,M,,,75
201200057908,12,1,2,1815,5,2,1,2.0,2,75117,M,,,75
201200057909,12,1,3,815,2,2,1,6.0,3,75117,M,,,75
201200057910,12,1,4,1825,5,2,2,1.0,6,75117,M,,,75
201200057911,12,1,4,2000,5,2,2,8.0,5,75117,M,,,75
201200057912,12,1,5,840,2,2,1,2.0,3,75117,M,,,75
201200057913,12,1,6,1600,1,2,1,1.0,6,75117,M,,,75
201200057914,12,1,6,1840,5,2,1,1.0,3,75117,M,,,75
201200057915,12,1,7,205,5,2,2,1.0,6,75117,M,,,75
201200057916,12,1,9,1830,5,2,3,1.0,6,75117,M,,,75
201200057917,12,1,10,2,5,2,3,1.0,2,75117,M,,,75
201200057918,12,1,10,1253,1,2,1,1.0,3,75117,M,,,75
201200057919,12,1,10,1830,5,2,1,1.0,3,75117,M,,,75
201200057920,12,1,11,830,1,2,3,1.0,3,75117,M,,,75
201200057921,12,1,12,1130,1,2,7,1.0,2,75117,M,,,75
201200057922,12,1,12,1140,1,2,5,1.0,2,75117,M,,,75
201200057923,12,1,12,1305,1,2,1,1.0,6,75117,M,,,75
201200057924,12,1,13,30,5,2,1,1.0,7,75117,M,,,75
201200057925,12,1,13,2340,5,2,7,1.0,7,75117,M,,,75
201200057926,12,1,14,1645,1,2,2,1.0,6,75117,M,,,75
201200057927,12,1,15,1510,1,2,1,1.0,2,75117,M,,,75
201200057928,12,1,14,2145,5,2,7,1.0,1,75117,M,,,75
201200057929,12,1,16,1430,1,2,3,7.0,6,75117,M,,,75
201200057930,12,1,16,2025,5,2,5,1.0,7,75117,M,,,75
201200057931,12,1,16,2057,5,2,2,1.0,2,75117,M,,,75
201200057932,12,1,18,1240,1,2,1,1.0,3,75117,M,,,75
201200057933,12,1,19,825,2,2,2,8.0,3,75117,M,,,75
201200057934,12,1,19,940,1,2,2,1.0,3,75117,M,,,75
201200057935,12,1,19,1900,5,2,1,2.0,6,75117,M,,,75
201200057936,12,1,20,1055,1,2,2,8.0,3,75117,M,,,75
201200057937,12,1,23,925,1,2,2,1.0,6,75117,M,,,75
201200057938,12,1,23,1735,1,2,5,2.0,6,75117,M,,,75
201200057939,12,1,25,1925,5,2,2,2.0,6,75117,M,,,75
201200057940,12,1,26,845,1,2,4,1.0,2,75117,M,,,75
201200057941,12,1,26,950,1,2,1,1.0,6,75117,M,,,75
201200057942,12,1,27,1500,1,2,2,1.0,6,75117,M,,,75
201200057943,12,1,28,700,5,2,1,2.0,2,75117,M,,,75
201200057944,12,1,28,1613,1,2,5,1.0,6,75117,M,,,75
201200057945,12,1,29,1930,5,2,2,1.0,6,75117,M,,,75
201200057946,12,1,30,1730,1,2,2,1.0,2,75117,M,,,75
201200057947,12,1,31,1600,1,2,5,8.0,3,75117,M,,,75
201200057948,12,2,1,1220,1,2,1,1.0,2,75117,M,,,75
201200057949,12,2,1,2000,5,2,3,1.0,6,75117,M,,,75
201200057950,12,2,1,2145,5,2,1,1.0,6,75117,M,,,75
201200057951,12,2,2,945,1,2,3,1.0,6,75117,M,,,75
201200057952,12,2,2,1845,5,2,2,1.0,7,75108,M,,,75
201200057953,12,2,2,2200,5,2,2,9.0,3,75117,M,,,75
201200057954,12,2,5,903,1,2,2,4.0,6,75117,M,,,75
201200057955,12,2,9,1945,5,2,3,1.0,6,75117,M,,,75
201200057956,12,2,3,1730,1,2,1,1.0,6,75117,M,,,75
201200057957,12,2,10,1010,1,2,3,1.0,6,75117,M,,,75
201200057958,12,2,10,1930,5,2,1,1.0,3,75117,M,,,75
201200057959,12,2,11,600,5,2,5,1.0,3,75117,M,,,75
201200057960,12,2,11,1445,1,2,2,1.0,7,75117,M,,,75
201200057961,12,2,11,1855,5,2,5,1.0,6,75117,M,,,75
201200057962,12,2,10,1940,5,2,5,1.0,6,75117,M,,,75
201200057963,12,2,13,1445,1,2,1,8.0,7,75117,M,,,75
201200057964,12,2,13,1907,5,2,3,2.0,6,75117,M,,,75
201200057965,12,2,14,1120,1,2,3,1.0,3,75117,M,,,75
201200057966,12,2,15,1000,1,2,2,1.0,7,75117,M,,,75
201200057967,12,2,17,40,3,2,2,1.0,6,75117,M,,,75
201200057968,12,2,17,2115,5,2,7,2.0,6,75117,M,,,75
201200057969,12,2,18,1240,1,2,5,1.0,3,75117,M,,,75
201200057970,12,2,19,140,5,2,5,2.0,2,75117,M,,,75
201200057971,12,2,20,725,1,2,1,1.0,6,75117,M,,,75
201200057972,12,2,22,1100,1,2,2,1.0,7,75117,M,,,75
201200057973,12,2,22,1516,1,2,1,1.0,6,75117,M,,,75
201200057974,12,2,23,1400,1,2,5,8.0,3,75117,M,,,75
201200057975,12,2,24,1430,1,2,1,1.0,7,75117,M,,,75
201200057976,12,2,25,615,5,2,2,1.0,3,75117,M,,,75
201200057977,12,2,26,50,4,2,1,1.0,6,75117,M,,,75
201200057978,12,2,28,733,2,2,7,1.0,3,75117,M,,,75
201200057979,12,2,28,1610,1,2,2,8.0,4,75117,M,,,75
201200057980,12,2,28,1920,5,2,1,1.0,3,75117,M,,,75
201200057981,12,3,1,800,1,2,7,1.0,6,75117,M,,,75
201200057982,12,3,1,1850,5,2,1,1.0,3,75117,M,,,75
201200057983,12,3,2,1115,1,2,2,1.0,6,75117,M,,,75
201200057984,12,3,2,1305,1,2,1,1.0,2,75117,M,,,75
201200057985,12,3,3,1445,1,2,7,1.0,1,75117,M,,,75
201200057986,12,3,5,1220,1,2,2,1.0,6,75117,M,,,75
201200057987,12,3,6,918,1,2,2,2.0,7,75117,M,,,75
201200057988,12,3,6,1300,1,2,5,8.0,3,75117,M,,,75
201200057989,12,3,8,835,1,2,2,1.0,3,75117,M,,,75
201200057990,12,3,8,1600,1,2,4,1.0,2,75117,M,,,75
201200057991,12,3,9,2325,5,2,7,1.0,7,75117,M,,,75
201200057992,12,3,10,110,5,2,3,1.0,7,75117,M,,,75
201200057993,12,3,10,1335,1,2,1,8.0,6,75117,M,,,75
201200057994,12,3,11,20,5,2,5,1.0,7,75117,M,,,75
201200057995,12,3,12,1930,5,2,5,1.0,6,75117,M,,,75
201200057996,12,3,13,550,5,2,3,1.0,3,75117,M,,,75
201200057997,12,3,14,1630,1,2,5,1.0,3,75117,M,,,75
201200057998,12,3,14,1640,1,2,1,1.0,6,75117,M,,,75
201200057999,12,3,15,2325,5,2,7,1.0,6,75117,M,,,75
201200058000,12,3,16,1110,1,2,5,1.0,3,75117,M,,,75
201200058001,12,3,16,2300,5,2,3,1.0,3,75117,M,,,75
201200058002,12,3,17,1125,1,2,1,8.0,3,75117,M,,,75
201200058003,12,3,17,1310,1,2,7,8.0,3,75117,M,,,75
201200058004,12,3,18,1630,1,2,2,2.0,2,75117,M,,,75
201200058005,12,3,20,945,1,2,5,1.0,1,75117,M,,,75
201200058006,12,3,22,1425,1,2,5,1.0,1,75117,M,,,75
201200058007,12,3,22,2040,5,2,3,1.0,6,75117,M,,,75
201200058008,12,3,24,1035,1,2,2,1.0,3,75117,M,,,75
201200058009,12,3,26,15,5,2,5,1.0,3,75117,M,,,75
201200058010,12,3,26,1210,1,2,1,1.0,3,75117,M,,,75
201200058011,12,3,26,1700,1,2,5,1.0,7,75117,M,,,75
201200058012,12,3,26,1735,1,2,7,1.0,3,75117,M,,,75
201200058013,12,3,26,1945,5,2,5,1.0,6,75117,M,,,75
201200058014,12,3,28,1755,1,2,2,1.0,6,75117,M,,,75
201200058015,12,3,28,1855,1,2,3,1.0,3,75117,M,,,75
201200058016,12,3,29,1210,1,2,2,1.0,6,75117,M,,,75
201200058017,12,3,29,1100,1,2,4,1.0,2,75117,M,,,75
201200058018,12,3,29,2115,5,2,7,1.0,3,75117,M,,,75
201200058019,12,3,30,225,5,2,7,1.0,6,75117,M,,,75
201200058020,12,3,30,830,1,2,2,1.0,2,75117,M,,,75
201200058021,12,3,31,1010,1,2,1,1.0,1,75116,M,,,75
201200058022,12,3,31,1310,1,2,4,1.0,3,75117,M,,,75
201200058023,12,3,31,2215,5,2,1,1.0,3,75117,M,,,75
201200058024,12,4,1,1600,1,2,7,1.0,3,75117,M,,,75
201200058025,12,4,1,1920,1,2,1,1.0,2,75117,M,,,75
201200058026,12,4,2,830,1,2,2,1.0,6,75117,M,,,75
201200058027,12,4,2,810,1,2,1,1.0,3,75117,M,,,75
201200058028,12,4,2,1420,1,2,4,1.0,3,75117,M,,,75
201200058029,12,4,5,1830,1,2,4,1.0,6,75117,M,,,75
201200058030,12,4,5,1705,1,2,2,1.0,7,75117,M,,,75
201200058031,12,4,6,908,1,2,2,8.0,3,75117,M,,,75
201200058032,12,4,6,1330,1,2,5,1.0,3,75117,M,,,75
201200058033,12,4,9,2230,5,2,3,3.0,6,75117,M,,,75
201200058034,12,4,11,1005,1,2,1,1.0,3,75116,M,,,75
201200058035,12,4,12,900,1,2,1,1.0,6,75117,M,,,75
201200058036,12,4,14,2135,5,2,1,1.0,1,75117,M,,,75
201200058037,12,4,18,1125,1,2,1,1.0,6,75108,M,,,75
201200058038,12,4,17,1909,1,2,3,2.0,7,75117,M,,,75
201200058039,12,4,19,1200,1,2,3,1.0,6,75117,M,,,75
201200058040,12,4,19,2350,5,2,3,1.0,3,75117,M,,,75
201200058041,12,4,20,725,1,2,2,8.0,3,75117,M,,,75
201200058042,12,4,20,1200,1,2,4,8.0,3,75117,M,,,75
201200058043,12,4,20,1420,1,2,4,1.0,3,75117,M,,,75
201200058044,12,4,20,1530,1,2,2,1.0,2,75117,M,,,75
201200058045,12,4,18,2209,5,2,3,1.0,6,75117,M,,,75
201200058046,12,4,22,1310,1,2,1,1.0,3,75117,M,,,75
201200058047,12,4,23,1530,1,2,7,1.0,6,75117,M,,,75
201200058048,12,4,24,205,5,2,1,2.0,6,75117,M,,,75
201200058049,12,4,24,1419,1,2,1,3.0,7,75117,M,,,75
201200058050,12,4,25,915,1,2,2,2.0,3,75117,M,,,75
201200058051,12,4,25,1317,1,2,7,2.0,2,75117,M,,,75
201200058052,12,4,26,1915,1,2,1,1.0,6,75117,M,,,75
201200058053,12,4,26,1945,1,2,1,1.0,6,75117,M,,,75
201200058054,12,4,27,155,5,2,2,1.0,6,75117,M,,,75
201200058055,12,4,27,1110,1,2,7,2.0,3,75117,M,,,75
201200058056,12,4,27,2050,2,2,2,1.0,3,75117,M,,,75
201200058057,12,4,28,120,5,2,1,2.0,7,75117,M,,,75
201200058058,12,4,29,900,1,2,1,3.0,6,75117,M,,,75
201200058059,12,4,30,900,1,2,5,1.0,6,75117,M,,,75
201200058060,12,4,30,1030,1,2,1,1.0,6,75117,M,,,75
201200058061,12,4,30,1810,1,2,1,1.0,3,75117,M,,,75
201200058062,12,5,1,1251,1,2,4,1.0,3,75117,M,,,75
201200058063,12,5,3,1030,1,2,5,1.0,6,75117,M,,,75
201200058064,12,5,3,1910,1,2,2,1.0,6,75117,M,,,75
201200058065,12,5,4,920,1,2,5,1.0,3,75117,M,,,75
201200058066,12,5,5,2130,5,2,5,2.0,6,75117,M,,,75
201200058067,12,5,6,1625,1,2,2,1.0,6,75117,M,,,75
201200058068,12,5,7,857,1,2,1,1.0,7,75117,M,,,75
201200058069,12,5,7,1100,1,2,5,1.0,3,75117,M,,,75
201200058070,12,5,8,1650,1,2,2,1.0,3,75117,M,,,75
201200058071,12,5,9,2200,5,2,1,1.0,3,75117,M,,,75
201200058072,12,5,10,940,1,2,1,1.0,3,75117,M,,,75
201200058073,12,5,12,355,5,2,4,1.0,4,75117,M,,,75
201200058074,12,5,13,1238,1,2,3,1.0,3,75117,M,,,75
201200058075,12,5,14,1250,1,2,1,1.0,6,75117,M,,,75
201200058076,12,5,15,400,5,2,1,1.0,6,75117,M,,,75
201200058077,12,5,15,1815,1,2,1,1.0,6,75117,M,,,75
201200058078,12,5,15,1935,2,2,2,1.0,7,75117,M,,,75
201200058079,12,5,15,2220,5,2,1,1.0,3,75117,M,,,75
201200058080,12,5,16,1520,1,2,7,1.0,3,75117,M,,,75
201200058081,12,5,16,2105,2,2,3,1.0,7,75117,M,,,75
201200058082,12,5,20,1035,1,2,7,2.0,3,75117,M,,,75
201200058083,12,5,22,1515,1,2,1,1.0,7,75117,M,,,75
201200058084,12,5,23,935,1,2,2,1.0,6,75117,M,,,75
201200058085,12,5,23,1530,1,2,5,1.0,6,75117,M,,,75
201200058086,12,5,23,1912,1,2,4,1.0,6,75117,M,,,75
201200058087,12,5,25,1415,1,2,2,1.0,3,75117,M,,,75
201200058088,12,5,28,1830,1,2,3,1.0,3,75117,M,,,75
201200058089,12,5,28,1330,1,2,2,1.0,3,75117,M,,,75
201200058090,12,5,29,1720,1,2,4,1.0,6,75117,M,,,75
201200058091,12,5,30,1710,1,2,1,1.0,6,75117,M,,,75
201200058092,12,5,30,2010,1,2,1,2.0,3,75117,M,,,75
201200058093,12,5,31,1125,1,2,2,1.0,6,75117,M,,,75
201200058094,12,5,31,1430,1,2,7,1.0,3,75117,M,,,75
201200058095,12,6,1,1000,1,2,2,1.0,3,75117,M,,,75
201200058096,12,6,1,1000,1,2,3,1.0,3,75117,M,,,75
201200058097,12,6,1,1510,1,2,1,1.0,6,75117,M,,,75
201200058098,12,6,1,1915,1,2,1,1.0,6,75117,M,,,75
201200058099,12,6,2,135,5,2,1,1.0,2,75117,M,,,75
201200058100,12,6,1,1330,1,2,1,1.0,7,75117,M,,,75
201200058101,12,6,2,1350,1,2,7,1.0,1,75117,M,,,75
201200058102,12,6,3,2000,1,2,4,1.0,7,75117,M,,,75
201200058103,12,6,5,115,5,2,7,1.0,3,75117,M,,,75
201200058104,12,6,6,1640,1,2,3,1.0,6,75117,M,,,75
201200058105,12,6,6,1935,1,2,3,2.0,5,75117,M,,,75
201200058106,12,6,7,1610,1,2,1,1.0,7,75117,M,,,75
201200058107,12,6,7,1910,1,2,2,1.0,6,75117,M,,,75
201200058108,12,6,8,1730,1,2,1,1.0,6,75117,M,,,75
201200058109,12,6,8,2155,5,2,7,1.0,3,75117,M,,,75
201200058110,12,6,9,1709,1,2,5,2.0,7,75117,M,,,75
201200058111,12,6,10,1150,1,2,2,1.0,3,75108,M,,,75
201200058112,12,6,12,910,1,2,2,1.0,7,75117,M,,,75
201200058113,12,6,12,1605,1,2,3,1.0,3,75117,M,,,75
201200058114,12,6,12,1715,1,2,2,1.0,6,75108,M,,,75
201200058115,12,6,13,1825,1,2,1,3.0,7,75117,M,,,75
201200058116,12,6,13,1920,1,2,7,2.0,7,75117,M,,,75
201200058117,12,6,15,805,1,2,1,2.0,7,75117,M,,,75
201200058118,12,6,16,1450,1,2,1,2.0,7,75117,M,,,75
201200058119,12,6,16,2240,5,2,2,1.0,3,75117,M,,,75
201200058120,12,6,18,1015,1,2,2,8.0,1,75117,M,,,75
201200058121,12,6,18,1645,1,2,1,1.0,2,75117,M,,,75
201200058122,12,6,19,40,5,2,4,1.0,6,75117,M,,,75
201200058123,12,6,19,1115,1,2,7,1.0,2,75117,M,,,75
201200058124,12,6,20,1355,1,2,1,1.0,2,75117,M,,,75
201200058125,12,6,21,1545,1,2,5,3.0,7,75117,M,,,75
201200058126,12,6,21,1715,1,2,1,8.0,7,75117,M,,,75
201200058127,12,6,21,1825,1,2,7,1.0,3,75117,M,,,75
201200058128,12,6,20,1325,1,2,1,1.0,6,75117,M,,,75
201200058129,12,6,26,830,1,2,1,2.0,1,75108,M,,,75
201200058130,12,6,26,815,1,2,1,2.0,7,75117,M,,,75
201200058131,12,6,26,1000,1,2,1,2.0,7,75117,M,,,75
201200058132,12,6,26,920,1,2,2,2.0,3,75117,M,,,75
201200058133,12,6,27,1150,1,2,7,1.0,6,75117,M,,,75
201200058134,12,6,28,230,5,2,7,1.0,2,75117,M,,,75
201200058135,12,6,28,1850,1,2,2,1.0,1,75117,M,,,75
201200058136,12,6,28,1945,1,2,4,1.0,3,75117,M,,,75
201200058137,12,6,29,940,1,2,2,8.0,7,75117,M,,,75
201200058138,12,6,29,1120,1,2,1,1.0,6,75117,M,,,75
201200058139,12,6,30,1040,1,2,3,1.0,3,75117,M,,,75
201200058140,12,6,30,1830,1,2,1,1.0,2,75117,M,,,75
201200058141,12,7,1,30,5,2,7,1.0,6,75108,M,,,75
201200058142,12,7,1,815,1,2,2,1.0,6,75116,M,,,75
201200058143,12,7,2,1910,1,2,1,1.0,6,75117,M,,,75
201200058144,12,7,3,55,5,2,2,1.0,6,75117,M,,,75
201200058145,12,7,3,1735,1,2,5,1.0,3,75117,M,,,75
201200058146,12,7,3,1855,1,2,5,1.0,6,75117,M,,,75
201200058147,12,7,3,1935,1,2,1,1.0,3,75117,M,,,75
201200058148,12,7,4,1720,1,2,2,1.0,3,75117,M,,,75
201200058149,12,7,4,1840,1,2,5,1.0,3,75108,M,,,75
201200058150,12,7,4,2145,5,2,2,1.0,3,75117,M,,,75
201200058151,12,7,5,1100,1,2,3,1.0,6,75117,M,,,75
201200058152,12,7,5,940,1,2,2,8.0,6,75117,M,,,75
201200058153,12,7,5,1905,1,2,1,2.0,7,75117,M,,,75
201200058154,12,7,5,1840,1,2,3,2.0,6,75117,M,,,75
201200058155,12,7,6,805,1,2,1,1.0,6,75117,M,,,75
201200058156,12,7,7,100,5,2,1,1.0,6,75117,M,,,75
201200058157,12,7,7,1005,1,2,2,1.0,6,75117,M,,,75
201200058158,12,7,8,2100,3,2,4,1.0,3,75117,M,,,75
201200058159,12,7,9,845,1,2,3,1.0,7,75117,M,,,75
201200058160,12,7,9,2205,5,2,2,1.0,3,75117,M,,,75
201200058161,12,7,10,900,1,2,5,1.0,7,75117,M,,,75
201200058162,12,7,11,840,1,2,1,2.0,6,75117,M,,,75
201200058163,12,7,11,1500,1,2,5,2.0,3,75117,M,,,75
201200058164,12,7,13,55,5,2,5,3.0,6,75117,M,,,75
201200058165,12,7,19,1835,1,2,7,1.0,3,75117,M,,,75
201200058166,12,7,20,1645,1,2,5,1.0,3,75117,M,,,75
201200058167,12,7,23,1450,1,2,3,1.0,7,75108,M,,,75
201200058168,12,7,23,1655,1,2,5,1.0,6,75117,M,,,75
201200058169,12,7,24,240,5,2,4,1.0,3,75117,M,,,75
201200058170,12,7,24,1810,1,2,7,1.0,6,75117,M,,,75
201200058171,12,7,25,800,1,2,4,1.0,3,75117,M,,,75
201200058172,12,7,25,1105,1,2,5,1.0,3,75117,M,,,75
201200058173,12,7,25,1935,1,2,3,1.0,6,75117,M,,,75
201200058174,12,7,26,1045,1,2,1,1.0,6,75117,M,,,75
201200058175,12,7,27,1810,1,2,1,1.0,3,75117,M,,,75
201200058176,12,7,30,1900,1,2,1,1.0,4,75117,M,,,75
201200058177,12,8,1,1210,1,2,7,1.0,3,75117,M,,,75
201200058178,12,8,2,1855,1,2,3,1.0,3,75117,M,,,75
201200058179,12,8,3,1200,1,2,1,1.0,2,75117,M,,,75
201200058180,12,8,4,2110,5,2,7,1.0,7,75116,M,,,75
201200058181,12,8,8,2230,5,2,3,1.0,3,75117,M,,,75
201200058182,12,8,12,741,1,2,2,1.0,6,75117,M,,,75
201200058183,12,8,13,930,1,2,3,1.0,6,75117,M,,,75
201200058184,12,8,13,2255,5,2,1,1.0,3,75117,M,,,75
201200058185,12,8,16,1255,1,2,1,1.0,3,75117,M,,,75
201200058186,12,8,21,2030,2,2,3,1.0,3,75117,M,,,75
201200058187,12,8,23,1955,5,2,2,1.0,6,75117,M,,,75
201200058188,12,8,25,2115,5,2,3,1.0,6,75117,M,,,75
201200058189,12,8,27,1820,1,2,5,1.0,2,75117,M,,,75
201200058190,12,8,28,2205,5,2,1,1.0,2,75117,M,,,75
201200058191,12,8,29,1200,1,2,3,1.0,6,75117,M,,,75
201200058192,12,8,30,1315,1,2,2,1.0,2,75117,M,,,75
201200058193,12,8,30,1550,1,2,1,1.0,6,75117,M,,,75
201200058194,12,8,31,1750,1,2,7,1.0,2,75117,M,,,75
201200058195,12,9,1,1918,1,2,2,1.0,3,75117,M,,,75
201200058196,12,9,2,1600,1,2,1,1.0,3,75117,M,,,75
201200058197,12,9,3,1150,1,2,7,1.0,6,75117,M,,,75
201200058198,12,9,4,1245,1,2,3,1.0,3,75117,M,,,75
201200058199,12,9,4,1820,1,2,1,1.0,3,75117,M,,,75
201200058200,12,9,4,1840,1,2,1,1.0,3,75117,M,,,75
201200058201,12,9,6,925,1,2,2,1.0,6,75117,M,,,75
201200058202,12,9,6,1750,1,2,7,1.0,3,75117,M,,,75
201200058203,12,9,7,1915,1,2,4,1.0,3,75117,M,,,75
201200058204,12,9,8,1525,1,2,5,7.0,6,75117,M,,,75
201200058205,12,9,9,1245,1,2,7,1.0,2,75117,M,,,75
201200058206,12,9,10,1000,1,2,4,1.0,1,75117,M,,,75
201200058207,12,9,10,1900,1,2,3,1.0,1,75117,M,,,75
201200058208,12,9,12,1640,1,2,2,1.0,3,75108,M,,,75
201200058209,12,9,13,1435,1,2,1,1.0,6,75117,M,,,75
201200058210,12,9,14,1030,1,2,1,1.0,2,75117,M,,,75
201200058211,12,9,16,1,5,2,3,1.0,3,75117,M,,,75
201200058212,12,9,16,210,5,2,1,1.0,6,75117,M,,,75
201200058213,12,9,16,500,5,2,2,1.0,3,75117,M,,,75
201200058214,12,9,16,600,5,2,5,1.0,6,75117,M,,,75
201200058215,12,9,16,1340,1,2,3,1.0,3,75117,M,,,75
201200058216,12,9,16,1700,1,2,7,1.0,2,75117,M,,,75
201200058217,12,9,17,815,1,2,3,1.0,3,75117,M,,,75
201200058218,12,9,17,1500,1,2,7,1.0,3,75117,M,,,75
201200058219,12,9,18,954,1,2,5,1.0,6,75117,M,,,75
201200058220,12,9,18,1740,1,2,5,1.0,3,75117,M,,,75
201200058221,12,9,18,2040,5,2,1,1.0,6,75117,M,,,75
201200058222,12,9,19,1740,1,2,7,1.0,3,75116,M,,,75
201200058223,12,9,20,1100,1,2,1,1.0,3,75117,M,,,75
201200058224,12,9,20,1550,1,2,3,1.0,3,75117,M,,,75
201200058225,12,9,20,2120,5,2,1,1.0,7,75117,M,,,75
201200058226,12,9,21,1245,1,2,1,1.0,2,75117,M,,,75
201200058227,12,9,21,1840,2,2,1,2.0,7,75116,M,,,75
201200058228,12,9,21,2130,5,2,3,1.0,3,75117,M,,,75
201200058229,12,9,22,1430,1,2,2,1.0,6,75117,M,,,75
201200058230,12,9,23,1645,1,2,2,1.0,3,75117,M,,,75
201200058231,12,9,23,1900,1,2,1,1.0,4,75117,M,,,75
201200058232,12,9,24,800,1,2,1,2.0,7,75117,M,,,75
201200058233,12,9,24,1800,1,2,2,1.0,2,75117,M,,,75
201200058234,12,9,25,730,2,2,7,2.0,7,75117,M,,,75
201200058235,12,9,26,740,2,2,5,2.0,6,75117,M,,,75
201200058236,12,9,26,930,1,2,7,8.0,6,75117,M,,,75
201200058237,12,9,27,915,1,2,1,2.0,7,75117,M,,,75
201200058238,12,9,27,2245,5,2,3,1.0,2,75117,M,,,75
201200058239,12,9,28,730,1,2,5,1.0,3,75117,M,,,75
201200058240,12,9,28,1000,1,2,5,1.0,6,75117,M,,,75
201200058241,12,9,28,1545,1,2,1,1.0,6,75117,M,,,75
201200058242,12,9,28,1700,1,2,2,1.0,6,75117,M,,,75
201200058243,12,9,28,1940,5,2,3,1.0,6,75117,M,,,75
201200058244,12,9,28,2200,5,2,7,1.0,6,75117,M,,,75
201200058245,12,9,29,1900,2,2,1,1.0,3,75117,M,,,75
201200058246,12,9,30,1720,1,2,1,1.0,6,75117,M,,,75
201200058247,12,10,1,1745,1,2,1,1.0,2,75117,M,,,75
201200058248,12,10,1,1945,5,2,2,1.0,2,75117,M,,,75
201200058249,12,10,2,245,5,2,2,1.0,6,75117,M,,,75
201200058250,12,10,2,1820,1,2,5,1.0,6,75117,M,,,75
201200058251,12,10,3,220,5,2,2,1.0,1,75117,M,,,75
201200058252,12,10,3,1145,1,2,1,2.0,2,75117,M,,,75
201200058253,12,10,4,800,1,2,1,3.0,3,75117,M,,,75
201200058254,12,10,5,130,5,2,2,1.0,3,75117,M,,,75
201200058255,12,10,5,1335,1,2,2,1.0,2,75117,M,,,75
201200058256,12,10,6,2000,5,2,2,2.0,2,75117,M,,,75
201200058257,12,10,6,2305,5,2,2,2.0,6,75117,M,,,75
201200058258,12,10,8,700,5,2,1,2.0,6,75117,M,,,75
201200058259,12,10,8,1905,5,2,1,2.0,2,75117,M,,,75
201200058260,12,10,9,1520,1,2,2,1.0,3,75117,M,,,75
201200058261,12,10,11,1550,1,2,1,8.0,7,75117,M,,,75
201200058262,12,10,13,745,1,2,2,1.0,2,75117,M,,,75
201200058263,12,10,16,1720,1,2,2,1.0,6,75117,M,,,75
201200058264,12,10,17,1140,1,2,2,8.0,3,75117,M,,,75
201200058265,12,10,17,1845,5,2,2,2.0,3,75117,M,,,75
201200058266,12,10,19,955,1,2,2,1.0,6,75117,M,,,75
201200058267,12,10,19,1040,1,2,2,1.0,3,75117,M,,,75
201200058268,12,10,19,945,1,2,1,8.0,2,75117,M,,,75
201200058269,12,10,20,230,5,2,2,2.0,2,75117,M,,,75
201200058270,12,10,20,1745,2,2,7,2.0,2,75117,M,,,75
201200058271,12,10,20,1950,5,2,3,2.0,3,75117,M,,,75
201200058272,12,10,20,2220,5,2,2,2.0,5,75117,M,,,75
201200058273,12,10,21,1320,1,2,4,1.0,3,75117,M,,,75
201200058274,12,10,23,1630,1,2,2,1.0,3,75117,M,,,75
201200058275,12,10,24,830,1,2,5,1.0,3,75117,M,,,75
201200058276,12,10,24,1430,1,2,1,1.0,6,75117,M,,,75
201200058277,12,10,25,650,5,2,2,1.0,3,75117,M,,,75
201200058278,12,10,25,2040,5,2,2,1.0,3,75117,M,,,75
201200058279,12,10,25,2040,5,2,1,1.0,2,75117,M,,,75
201200058280,12,10,27,1710,1,2,2,1.0,6,75117,M,,,75
201200058281,12,10,28,1705,1,2,1,1.0,7,75117,M,,,75
201200058282,12,10,30,1630,1,2,1,1.0,2,75117,M,,,75
201200058283,12,10,31,910,1,2,2,1.0,6,75117,M,,,75
201200058284,12,10,31,1310,1,2,1,1.0,3,75117,M,,,75
201200058285,12,11,1,435,5,2,2,1.0,6,75117,M,,,75
201200058286,12,11,1,1250,1,2,7,2.0,3,75117,M,,,75
201200058287,12,11,2,1320,1,2,1,2.0,2,75117,M,,,75
201200058288,12,11,2,2000,5,2,2,8.0,6,75117,M,,,75