Num_Acc,an,mois,jour,hrmn,lum,agg,int,atm,col,com,gps,lat,long,dep
201200058289,12,11,9,1000,1,2,3,1.0,6,75117,M,,,75
201200058290,12,11,12,1945,5,2,5,1.0,6,75117,M,,,75
201200058291,12,11,14,1115,1,2,1,1.0,6,75117,M,,,75
201200058292,12,11,14,1215,1,2,2,1.0,6,75117,M,,,75
201200058293,12,11,15,1605,1,2,2,8.0,6,75117,M,,,75
201200058294,12,11,15,1635,2,2,5,1.0,6,75117,M,,,75
201200058295,12,11,15,1740,5,2,3,1.0,3,75117,M,,,75
201200058296,12,11,16,2245,5,2,4,1.0,3,75117,M,,,75
201200058297,12,11,20,1610,1,2,2,1.0,6,75117,M,,,75
201200058298,12,11,21,1020,1,2,1,2.0,6,75117,M,,,75
201200058299,12,11,22,910,1,2,7,1.0,1,75117,M,,,75
201200058300,12,11,22,1340,1,2,7,1.0,7,75117,M,,,75
201200058301,12,11,23,1720,5,2,1,2.0,6,75117,M,,,75
201200058302,12,11,25,50,5,2,1,1.0,2,75117,M,,,75
201200058303,12,11,27,703,5,2,1,2.0,1,75117,M,,,75
201200058304,12,11,27,1345,1,2,1,1.0,2,75117,M,,,75
201200058305,12,11,28,835,1,2,3,1.0,2,75117,M,,,75
201200058306,12,11,28,1655,1,2,1,1.0,2,75117,M,,,75
201200058307,12,11,29,1525,1,2,7,1.0,7,75117,M,,,75
201200058308,12,11,30,1915,5,2,1,1.0,6,75109,M,,,75
201200058309,12,12,1,2030,5,2,5,1.0,3,75117,M,,,75
201200058310,12,12,2,1030,1,2,5,1.0,6,75117,M,,,75
201200058311,12,12,3,945,1,2,2,2.0,6,75117,M,,,75
201200058312,12,12,4,915,1,2,7,2.0,3,75117,M,,,75
201200058313,12,12,4,700,5,2,5,2.0,3,75117,M,,,75
201200058314,12,12,4,2000,5,2,1,2.0,6,75117,M,,,75
201200058315,12,12,5,1740,5,2,1,2.0,6,75117,M,,,75
201200058316,12,12,6,1925,5,2,7,1.0,4,75117,M,,,75
201200058317,12,12,8,2230,5,2,3,1.0,3,75117,M,,,75
201200058318,12,12,9,1805,5,2,1,2.0,2,75117,M,,,75
201200058319,12,12,10,915,1,2,1,9.0,2,75117,M,,,75
201200058320,12,12,11,1045,1,2,3,1.0,6,75117,M,,,75
201200058321,12,12,11,1840,5,2,1,1.0,7,75117,M,,,75
201200058322,12,12,11,1840,5,2,2,1.0,6,75117,M,,,75
201200058323,12,12,11,2255,5,2,5,1.0,3,75117,M,,,75
201200058324,12,12,12,1005,1,2,5,1.0,3,75117,M,,,75
201200058325,12,12,14,1420,1,2,2,2.0,2,75117,M,,,75
201200058326,12,12,13,2135,5,2,5,2.0,6,75117,M,,,75
201200058327,12,12,16,1020,1,2,2,1.0,3,75117,M,,,75
201200058328,12,12,17,1700,5,2,1,1.0,6,75117,M,,,75
201200058329,12,12,19,1430,1,2,2,1.0,3,75117,M,,,75
201200058330,12,12,20,820,1,2,4,2.0,7,75117,M,,,75
201200058331,12,12,20,830,1,2,2,3.0,7,75117,M,,,75
201200058332,12,12,22,255,5,2,2,1.0,6,75117,M,,,75
201200058333,12,12,23,2245,5,2,4,1.0,3,75117,M,,,75
201200058334,12,12,28,2030,5,2,1,2.0,6,75117,M,,,75
201200058335,12,12,29,2115,5,2,1,2.0,2,75117,M,,,75
201200058336,12,12,30,1900,5,2,5,1.0,6,75117,M,,,75
201200058337,12,12,30,2030,5,2,1,1.0,6,75117,M,,,75
201200058338,12,12,31,1700,5,2,5,1.0,3,75117,M,,,75
201200058339,12,1,3,1840,5,2,5,3.0,3,75118,M,,,75
201200058340,12,1,4,1000,1,2,5,1.0,6,75118,M,,,75
201200058341,12,1,5,1710,5,2,2,9.0,3,75118,M,,,75
201200058342,12,1,6,1320,1,2,1,1.0,3,75118,M,,,75
201200058343,12,1,7,900,1,2,1,2.0,6,75118,M,,,75
201200058344,12,1,7,2122,5,2,3,1.0,6,75118,M,,,75
201200058345,12,1,9,850,1,2,4,2.0,3,75118,M,,,75
201200058346,12,1,9,1445,1,2,5,1.0,3,75118,M,,,75
201200058347,12,1,10,1130,1,2,1,1.0,6,75118,M,,,75
201200058348,12,1,14,1110,1,2,2,1.0,6,75118,M,,,75
201200058349,12,1,16,1110,1,2,2,1.0,3,75118,M,,,75
201200058350,12,1,16,1540,1,2,3,1.0,6,75118,M,,,75
201200058351,12,1,16,2050,5,2,1,1.0,6,75118,M,,,75
201200058352,12,1,16,2245,5,2,2,1.0,3,75118,M,,,75
201200058353,12,1,17,830,1,2,1,1.0,7,75118,M,,,75
201200058354,12,1,18,1115,1,2,1,1.0,2,75118,M,,,75
201200058355,12,1,18,1300,1,2,2,1.0,6,75118,M,,,75
201200058356,12,1,18,2045,5,2,1,2.0,6,75118,M,,,75
201200058357,12,1,19,40,5,2,3,2.0,6,75118,M,,,75
201200058358,12,1,19,230,5,2,3,2.0,6,75118,M,,,75
201200058359,12,1,20,1445,1,2,2,2.0,6,75118,M,,,75
201200058360,12,1,20,1820,4,2,3,2.0,6,75118,M,,,75
201200058361,12,1,22,2215,5,2,2,2.0,7,75118,M,,,75
201200058362,12,1,22,320,5,2,1,1.0,6,75118,M,,,75
201200058363,12,1,22,2235,5,2,3,1.0,2,75118,M,,,75
201200058364,12,1,23,1150,1,2,1,1.0,3,75118,M,,,75
201200058365,12,1,25,2015,5,2,3,2.0,3,75118,M,,,75
201200058366,12,1,26,1100,1,2,2,2.0,6,75118,M,,,75
201200058367,12,1,26,1805,5,2,3,9.0,6,75118,M,,,75
201200058368,12,1,26,1830,2,2,1,2.0,3,75118,M,,,75
201200058369,12,1,27,1740,5,2,2,1.0,1,75118,M,,,75
201200058370,12,1,28,2125,5,2,3,1.0,6,75118,M,,,75
201200058371,12,1,31,750,1,2,5,1.0,6,75118,M,,,75
201200058372,12,2,3,1505,1,2,5,1.0,6,75118,M,,,75
201200058373,12,2,3,1615,1,2,3,1.0,6,75118,M,,,75
201200058374,12,2,6,1140,1,2,2,1.0,3,75118,M,,,75
201200058375,12,2,10,900,1,2,3,1.0,6,75118,M,,,75
201200058376,12,2,10,2300,5,2,1,1.0,2,75118,M,,,75
201200058377,12,2,11,2044,5,2,5,1.0,3,75118,M,,,75
201200058378,12,2,13,1500,1,2,2,1.0,6,75118,M,,,75
201200058379,12,2,15,1730,1,2,5,1.0,6,75118,M,,,75
201200058380,12,2,15,1910,5,2,2,2.0,6,75118,M,,,75
201200058381,12,2,17,1125,1,2,2,2.0,6,75118,M,,,75
201200058382,12,2,19,1245,1,2,5,1.0,3,75118,M,,,75
201200058383,12,2,19,1800,1,2,1,1.0,6,75118,M,,,75
201200058384,12,2,20,1240,1,2,7,1.0,3,75118,M,,,75
201200058385,12,2,21,955,1,2,4,1.0,3,75118,M,,,75
201200058386,12,2,22,1605,1,2,2,1.0,6,75118,M,,,75
201200058387,12,2,22,1630,1,2,1,1.0,6,75118,M,,,75
201200058388,12,2,28,1120,1,2,5,2.0,6,75118,M,,,75
201200058389,12,3,2,1830,5,2,1,1.0,4,75117,M,,,75
201200058390,12,3,3,535,2,2,1,1.0,6,75118,M,,,75
201200058391,12,3,3,1340,1,2,5,1.0,6,75118,M,,,75
201200058392,12,3,4,1917,5,2,3,2.0,6,75118,M,,,75
201200058393,12,3,7,740,1,2,2,1.0,6,75118,M,,,75
201200058394,12,3,7,1720,2,2,3,2.0,6,75118,M,,,75
201200058395,12,3,7,1850,5,2,2,2.0,6,75118,M,,,75
201200058396,12,3,8,1515,1,2,1,1.0,3,75118,M,,,75
201200058397,12,3,9,1800,1,2,1,1.0,6,75118,M,,,75
201200058398,12,3,10,2350,5,2,3,1.0,3,75118,M,,,75
201200058399,12,3,9,2320,5,2,3,1.0,3,75118,M,,,75
201200058400,12,3,11,1,5,2,4,1.0,3,75118,M,,,75
201200058401,12,3,10,2350,5,2,2,1.0,7,75118,M,,,75
201200058402,12,3,11,330,5,2,2,1.0,3,75118,M,,,75
201200058403,12,3,11,1710,1,2,3,1.0,2,75118,M,,,75
201200058404,12,3,14,2200,5,2,4,1.0,2,75118,M,,,75
201200058405,12,3,14,2320,5,2,5,1.0,3,75118,M,,,75
201200058406,12,3,16,1620,1,2,7,1.0,6,75118,M,,,75
201200058407,12,3,16,1925,5,2,5,1.0,6,75118,M,,,75
201200058408,12,3,17,30,5,2,5,1.0,6,75118,M,,,75
201200058409,12,3,18,55,5,2,1,1.0,6,75118,M,,,75
201200058410,12,3,22,1500,1,2,3,1.0,6,75118,M,,,75
201200058411,12,3,25,1235,1,2,1,1.0,6,75118,M,,,75
201200058412,12,3,26,945,1,2,5,1.0,3,75118,M,,,75
201200058413,12,3,27,1830,1,2,5,1.0,3,75118,M,,,75
201200058414,12,3,28,900,1,2,2,1.0,3,75118,M,,,75
201200058415,12,3,28,1610,1,2,3,1.0,1,75118,M,,,75
201200058416,12,3,28,1730,1,2,1,1.0,3,75118,M,,,75
201200058417,12,3,29,135,5,2,2,1.0,6,75118,M,,,75
201200058418,12,3,31,1435,1,2,1,1.0,6,75118,M,,,75
201200058419,12,4,1,310,5,2,2,1.0,6,75118,M,,,75
201200058420,12,4,1,2140,5,2,5,1.0,2,75118,M,,,75
201200058421,12,4,3,1725,1,2,1,1.0,6,75118,M,,,75
201200058422,12,4,6,1935,1,2,1,1.0,3,75118,M,,,75
201200058423,12,4,7,2205,5,2,1,1.0,1,75118,M,,,75
201200058424,12,4,8,2115,3,2,1,2.0,3,75118,M,,,75
201200058425,12,4,9,1640,1,2,2,2.0,3,75118,M,,,75
201200058426,12,4,10,2310,5,2,3,8.0,4,75118,M,,,75
201200058427,12,4,11,920,1,2,4,1.0,3,75118,M,,,75
201200058428,12,4,12,1350,1,2,7,1.0,3,75118,M,,,75
201200058429,12,4,14,55,5,2,1,1.0,2,75118,M,,,75
201200058430,12,4,14,45,5,2,2,1.0,6,75118,M,,,75
201200058431,12,4,16,1030,1,2,5,1.0,6,75118,M,,,75
201200058432,12,4,17,720,1,2,7,1.0,3,75118,M,,,75
201200058433,12,4,17,1710,1,2,5,2.0,6,75118,M,,,75
201200058434,12,4,17,543,4,2,3,1.0,6,75118,M,,,75
201200058435,12,4,21,115,5,2,5,1.0,6,75118,M,,,75
201200058436,12,4,21,1955,2,2,4,1.0,3,75118,M,,,75
201200058437,12,4,22,1230,1,2,4,1.0,3,75118,M,,,75
201200058438,12,4,22,1225,1,2,4,1.0,6,75118,M,,,75
201200058439,12,4,22,2250,5,2,5,2.0,6,75118,M,,,75
201200058440,12,4,23,1635,1,2,5,2.0,6,75118,M,,,75
201200058441,12,4,24,1440,1,2,3,2.0,2,75118,M,,,75
201200058442,12,4,26,30,5,2,1,1.0,3,75118,M,,,75
201200058443,12,4,28,1905,1,2,3,1.0,6,75118,M,,,75
201200058444,12,4,29,900,1,2,5,3.0,6,75118,M,,,75
201200058445,12,4,29,1800,1,2,2,1.0,6,75118,M,,,75
201200058446,12,4,30,1345,1,2,1,1.0,6,75118,M,,,75
201200058447,12,5,3,2040,1,2,5,1.0,3,75118,M,,,75
201200058448,12,5,5,1703,1,2,3,1.0,3,75118,M,,,75
201200058449,12,5,7,1240,1,2,1,1.0,4,75118,M,,,75
201200058450,12,5,9,1100,1,2,2,8.0,2,75118,M,,,75
201200058451,12,5,9,1235,1,2,5,1.0,3,75118,M,,,75
201200058452,12,5,10,200,5,2,5,1.0,3,75110,M,,,75
201200058453,12,5,11,1230,1,2,1,1.0,6,75118,M,,,75
201200058454,12,5,14,1015,1,2,5,7.0,6,75118,M,,,75
201200058455,12,5,16,2125,5,2,1,1.0,1,75118,M,,,75
201200058456,12,5,23,1640,1,2,1,1.0,3,75118,M,,,75
201200058457,12,5,24,1715,1,2,7,1.0,3,75118,M,,,75
201200058458,12,5,24,1930,1,2,2,1.0,6,75118,M,,,75
201200058459,12,5,25,1650,1,2,2,1.0,3,75118,M,,,75
201200058460,12,5,25,1800,1,2,2,1.0,6,75118,M,,,75
201200058461,12,5,26,1035,1,2,4,1.0,6,75118,M,,,75
201200058462,12,5,26,1745,1,2,2,1.0,2,75118,M,,,75
201200058463,12,5,26,1608,1,2,7,1.0,3,75118,M,,,75
201200058464,12,5,27,20,5,2,7,1.0,6,75118,M,,,75
201200058465,12,5,29,800,1,2,1,1.0,2,75118,M,,,75
201200058466,12,5,30,815,1,2,3,1.0,3,75118,M,,,75
201200058467,12,5,31,1440,1,2,1,1.0,6,75118,M,,,75
201200058468,12,5,31,1710,1,2,2,1.0,6,75118,M,,,75
201200058469,12,5,31,2017,2,2,5,1.0,6,75118,M,,,75
201200058470,12,6,1,1555,1,2,2,1.0,1,75118,M,,,75
201200058471,12,6,2,1235,1,2,1,1.0,6,75118,M,,,75
201200058472,12,6,4,1520,1,2,1,1.0,6,75118,M,,,75
201200058473,12,6,4,1920,1,2,4,1.0,2,75118,M,,,75
201200058474,12,6,5,1835,1,2,5,1.0,6,75118,M,,,75
201200058475,12,6,6,2235,5,2,4,1.0,3,75118,M,,,75
201200058476,12,6,7,1640,1,2,2,1.0,6,75118,M,,,75
201200058477,12,6,7,2300,5,2,1,1.0,3,75118,M,,,75
201200058478,12,6,8,1050,1,2,1,1.0,6,75118,M,,,75
201200058479,12,6,8,1230,1,2,3,1.0,6,75118,M,,,75
201200058480,12,6,9,2345,5,2,2,2.0,6,75118,M,,,75
201200058481,12,6,11,910,1,2,3,2.0,6,75118,M,,,75
201200058482,12,6,11,1700,1,2,5,1.0,3,75118,M,,,75
201200058483,12,6,15,800,1,2,1,2.0,2,75118,M,,,75
201200058484,12,6,15,2100,2,2,7,2.0,2,75118,M,,,75
201200058485,12,6,15,2200,5,2,1,3.0,6,75118,M,,,75
201200058486,12,6,16,220,5,2,1,3.0,3,75118,M,,,75
201200058487,12,6,17,1745,1,2,2,1.0,2,75118,M,,,75
201200058488,12,6,18,1700,1,2,2,1.0,6,75118,M,,,75
201200058489,12,6,19,1520,1,2,4,1.0,5,75118,M,,,75
201200058490,12,6,20,1946,1,2,1,1.0,6,75118,M,,,75
201200058491,12,6,22,1140,1,2,2,1.0,2,75118,M,,,75
201200058492,12,6,22,1611,1,2,5,1.0,6,75118,M,,,75
201200058493,12,6,23,400,5,2,2,1.0,3,75118,M,,,75
201200058494,12,6,23,1400,1,2,1,1.0,6,75118,M,,,75
201200058495,12,6,24,1140,1,2,1,2.0,2,75118,M,,,75
201200058496,12,6,25,825,1,2,1,1.0,6,75118,M,,,75
201200058497,12,6,25,1827,1,2,2,1.0,3,75118,M,,,75
201200058498,12,6,26,607,1,2,3,2.0,6,75118,M,,,75
201200058499,12,6,26,715,1,2,5,2.0,6,75118,M,,,75
201200058500,12,6,28,15,5,2,5,1.0,3,75118,M,,,75
201200058501,12,6,29,1500,1,2,3,1.0,6,75118,M,,,75
201200058502,12,6,29,1840,1,2,2,1.0,6,75118,M,,,75
201200058503,12,7,1,1410,1,2,5,1.0,3,75118,M,,,75
201200058504,12,7,1,1525,1,2,3,1.0,6,75118,M,,,75
201200058505,12,7,2,35,3,2,5,1.0,7,75118,M,,,75
201200058506,12,7,2,2315,5,2,5,1.0,3,75118,M,,,75
201200058507,12,7,6,1000,1,2,5,1.0,6,75118,M,,,75
201200058508,12,7,7,315,5,2,2,1.0,2,75118,M,,,75
201200058509,12,7,7,1035,1,2,7,1.0,6,75118,M,,,75
201200058510,12,7,10,30,5,2,3,1.0,6,75118,M,,,75
201200058511,12,7,12,1145,1,2,2,1.0,6,75118,M,,,75
201200058512,12,7,12,1650,1,2,2,2.0,6,75110,M,,,75
201200058513,12,7,15,1115,1,2,1,1.0,6,75118,M,,,75
201200058514,12,7,15,1745,1,2,4,1.0,3,75118,M,,,75
201200058515,12,7,16,1421,1,2,1,1.0,3,75118,M,,,75
201200058516,12,7,17,2115,5,2,1,1.0,3,75118,M,,,75
201200058517,12,7,18,105,5,2,2,1.0,3,75118,M,,,75
201200058518,12,7,20,1030,1,2,5,1.0,3,75118,M,,,75
201200058519,12,7,22,930,1,2,1,1.0,6,75118,M,,,75
201200058520,12,7,23,1,5,2,1,1.0,6,75118,M,,,75
201200058521,12,7,23,1510,1,2,2,1.0,6,75118,M,,,75
201200058522,12,7,23,2240,5,2,2,1.0,6,75118,M,,,75
201200058523,12,7,25,1850,1,2,1,1.0,3,75118,M,,,75
201200058524,12,7,26,1505,1,2,4,1.0,7,75118,M,,,75
201200058525,12,7,27,1445,1,2,2,2.0,7,75118,M,,,75
201200058526,12,7,28,1505,1,2,3,1.0,3,75118,M,,,75
201200058527,12,7,29,1755,1,2,2,1.0,3,75118,M,,,75
201200058528,12,7,30,1830,1,2,1,1.0,3,75118,M,,,75
201200058529,12,7,31,1215,1,2,3,1.0,6,75118,M,,,75
201200058530,12,7,31,2000,2,2,1,1.0,6,75118,M,,,75
201200058531,12,8,1,145,3,2,1,1.0,2,75118,M,,,75
201200058532,12,8,3,215,5,2,2,1.0,6,75118,M,,,75
201200058533,12,8,3,1815,1,2,5,1.0,3,75118,M,,,75
201200058534,12,8,7,135,5,2,2,1.0,6,75118,M,,,75
201200058535,12,8,7,1605,1,2,3,1.0,6,75118,M,,,75
201200058536,12,8,8,945,1,2,2,1.0,6,75118,M,,,75
201200058537,12,8,11,1215,1,2,4,1.0,6,75118,M,,,75
201200058538,12,8,12,1750,1,2,5,1.0,6,75118,M,,,75
201200058539,12,8,13,1125,1,2,2,1.0,6,75118,M,,,75
201200058540,12,8,17,2225,5,2,3,1.0,6,75118,M,,,75
201200058541,12,8,18,1605,1,2,5,1.0,6,75118,M,,,75
201200058542,12,8,20,830,1,2,4,1.0,6,75118,M,,,75
201200058543,12,8,21,1540,1,2,5,1.0,6,75118,M,,,75
201200058544,12,8,21,1821,1,2,3,1.0,6,75118,M,,,75
201200058545,12,8,21,1925,1,2,7,1.0,3,75118,M,,,75
201200058546,12,8,22,416,5,2,2,1.0,6,75118,M,,,75
201200058547,12,8,23,555,2,2,2,1.0,3,75118,M,,,75
201200058548,12,8,24,1820,1,2,7,2.0,6,75118,M,,,75
201200058549,12,8,27,1655,1,2,5,1.0,6,75118,M,,,75
201200058550,12,8,29,35,5,2,1,1.0,6,75118,M,,,75
201200058551,12,8,29,2035,3,2,2,1.0,6,75118,M,,,75
201200058552,12,8,29,2200,5,2,1,1.0,6,75118,M,,,75
201200058553,12,8,30,2115,5,2,3,1.0,3,75118,M,,,75
201200058554,12,8,31,300,5,2,4,1.0,6,75118,M,,,75
201200058555,12,9,1,1620,1,2,5,1.0,3,75118,M,,,75
201200058556,12,9,2,1800,1,2,1,1.0,6,75118,M,,,75
201200058557,12,9,8,620,5,2,1,1.0,6,75118,M,,,75
201200058558,12,9,9,1925,1,2,1,1.0,6,75118,M,,,75
201200058559,12,9,11,1830,1,2,4,8.0,6,75118,M,,,75
201200058560,12,9,11,1800,1,2,1,1.0,2,75118,M,,,75
201200058561,12,9,13,420,5,2,1,2.0,6,75118,M,,,75
201200058562,12,9,13,1800,1,2,2,1.0,3,75118,M,,,75
201200058563,12,9,14,2035,5,2,2,1.0,1,75118,M,,,75
201200058564,12,9,14,2010,5,2,1,1.0,6,75118,M,,,75
201200058565,12,9,14,2055,3,2,1,1.0,2,75118,M,,,75
201200058566,12,9,16,700,5,2,2,1.0,6,75118,M,,,75
201200058567,12,9,16,445,5,2,1,1.0,2,75119,M,,,75
201200058568,12,9,20,1540,1,2,5,1.0,3,75118,M,,,75
201200058569,12,9,21,800,1,2,1,1.0,6,75118,M,,,75
201200058570,12,9,21,1530,1,2,1,2.0,7,75118,M,,,75
201200058571,12,9,22,1225,1,2,2,1.0,2,75118,M,,,75
201200058572,12,9,22,2030,5,2,1,1.0,6,75118,M,,,75
201200058573,12,9,23,400,5,2,2,1.0,3,75118,M,,,75
201200058574,12,9,23,605,2,2,1,1.0,2,75118,M,,,75
201200058575,12,9,23,1350,1,2,2,1.0,3,75118,M,,,75
201200058576,12,9,23,1920,5,2,1,1.0,3,75118,M,,,75
201200058577,12,9,24,1030,1,2,2,3.0,3,75118,M,,,75
201200058578,12,9,27,1000,1,2,5,2.0,3,75118,M,,,75
201200058579,12,9,27,2200,5,2,4,1.0,6,75118,M,,,75
201200058580,12,9,28,415,5,2,5,1.0,2,75118,M,,,75
201200058581,12,9,28,1440,1,2,3,1.0,6,75118,M,,,75
201200058582,12,9,28,1715,1,2,1,1.0,3,75118,M,,,75
201200058583,12,9,28,2115,5,2,1,1.0,3,75118,M,,,75
201200058584,12,9,29,1655,1,2,3,1.0,6,75118,M,,,75
201200058585,12,9,30,728,2,2,7,1.0,6,75118,M,,,75
201200058586,12,10,1,950,1,2,1,1.0,6,75118,M,,,75
201200058587,12,10,5,2030,5,2,4,1.0,3,75118,M,,,75
201200058588,12,10,6,1615,1,2,1,3.0,2,75118,M,,,75
201200058589,12,10,8,1720,1,2,2,2.0,6,75118,M,,,75
201200058590,12,10,10,255,5,2,5,2.0,2,75118,M,,,75
201200058591,12,10,9,2330,5,2,5,2.0,3,75118,M,,,75
201200058592,12,10,11,1750,1,2,3,1.0,3,75118,M,,,75
201200058593,12,10,11,1910,2,2,5,2.0,6,75118,M,,,75
201200058594,12,10,12,655,5,2,1,2.0,3,75118,M,,,75
201200058595,12,10,12,1120,1,2,4,8.0,6,75118,M,,,75
201200058596,12,10,12,1200,1,2,1,1.0,6,75118,M,,,75
201200058597,12,10,12,1815,1,2,1,1.0,6,75118,M,,,75
201200058598,12,10,13,1115,1,2,2,2.0,5,75118,M,,,75
201200058599,12,10,14,545,5,2,1,1.0,6,75118,M,,,75
201200058600,12,10,15,810,2,2,1,1.0,6,75118,M,,,75
201200058601,12,10,15,2050,5,2,2,1.0,6,75118,M,,,75
201200058602,12,10,19,1630,1,2,2,2.0,2,75118,M,,,75
201200058603,12,10,21,2310,5,2,2,1.0,3,75118,M,,,75
201200058604,12,10,23,740,2,2,3,1.0,6,75118,M,,,75
201200058605,12,10,25,1315,1,2,1,1.0,3,75118,M,,,75
201200058606,12,10,26,2055,5,2,1,1.0,6,75118,M,,,75
201200058607,12,10,28,1000,1,2,1,1.0,6,75118,M,,,75
201200058608,12,10,28,1830,5,2,1,1.0,2,75117,M,,,75
201200058609,12,10,28,1935,3,2,1,1.0,6,75118,M,,,75
201200058610,12,10,29,1016,1,2,2,1.0,3,75118,M,,,75
201200058611,12,10,30,1930,5,2,2,1.0,3,75118,M,,,75
201200058612,12,10,31,2225,5,2,2,1.0,6,75118,M,,,75
201200058613,12,11,1,1014,1,2,7,1.0,6,75118,M,,,75
201200058614,12,11,2,1800,5,2,5,2.0,6,75118,M,,,75
201200058615,12,11,3,1,5,2,4,1.0,3,75117,M,,,75
201200058616,12,11,3,1415,1,2,3,1.0,3,75118,M,,,75
201200058617,12,11,5,1945,5,2,1,2.0,3,75118,M,,,75
201200058618,12,11,6,1830,5,2,3,1.0,3,75118,M,,,75
201200058619,12,11,7,815,1,2,1,1.0,6,75118,M,,,75
201200058620,12,11,7,847,1,2,2,1.0,3,75118,M,,,75
201200058621,12,11,7,800,1,2,4,1.0,6,75118,M,,,75
201200058622,12,11,7,1755,5,2,4,1.0,3,75117,M,,,75
201200058623,12,11,4,2100,5,2,5,1.0,3,75118,M,,,75
201200058624,12,11,9,350,5,2,3,1.0,6,75118,M,,,75
201200058625,12,11,9,1015,1,2,5,1.0,2,75118,M,,,75
201200058626,12,11,9,1400,1,2,1,8.0,6,75118,M,,,75
201200058627,12,11,9,2020,5,2,3,2.0,3,75118,M,,,75
201200058628,12,11,10,1745,5,2,4,2.0,6,75118,M,,,75
201200058629,12,11,11,155,5,2,5,1.0,6,75118,M,,,75
201200058630,12,11,11,1210,1,2,1,1.0,3,75118,M,,,75
201200058631,12,11,11,1810,5,2,1,1.0,3,75118,M,,,75
201200058632,12,11,14,1830,5,2,1,1.0,3,75118,M,,,75
201200058633,12,11,15,2010,5,2,4,1.0,7,75118,M,,,75
201200058634,12,11,18,2200,5,2,1,1.0,6,75118,M,,,75
201200058635,12,11,20,2100,5,2,1,1.0,6,75118,M,,,75
201200058636,12,11,21,1015,1,2,2,2.0,7,75118,M,,,75
201200058637,12,11,22,1930,5,2,1,1.0,6,75118,M,,,75
201200058638,12,11,23,1245,1,2,1,2.0,3,75118,M,,,75
201200058639,12,11,24,700,5,2,3,1.0,4,75118,M,,,75
201200058640,12,11,24,1531,1,2,1,1.0,2,75118,M,,,75
201200058641,12,11,26,955,1,2,1,1.0,2,75118,M,,,75
201200058642,12,11,26,1640,1,2,5,1.0,1,75118,M,,,75
201200058643,12,11,27,1915,5,2,1,1.0,3,75118,M,,,75
201200058644,12,11,27,2315,5,2,2,1.0,3,75118,M,,,75
201200058645,12,11,28,850,1,2,5,8.0,2,75118,M,,,75
201200058646,12,11,28,1815,5,2,2,1.0,6,75118,M,,,75
201200058647,12,11,29,1300,1,2,4,1.0,2,75118,M,,,75
201200058648,12,11,30,700,5,2,2,1.0,2,75118,M,,,75
201200058649,12,11,30,1020,1,2,2,1.0,6,75118,M,,,75
201200058650,12,11,30,1715,2,2,2,1.0,1,75118,M,,,75
201200058651,12,12,4,815,1,2,7,2.0,3,75118,M,,,75
201200058652,12,12,5,1130,1,2,7,1.0,7,75118,M,,,75
201200058653,12,12,5,1200,1,2,1,1.0,6,75118,M,,,75
201200058654,12,12,5,1228,1,2,5,1.0,3,75118,M,,,75
201200058655,12,12,5,1350,1,2,1,1.0,6,75118,M,,,75
201200058656,12,12,7,1550,1,2,2,2.0,6,75118,M,,,75
201200058657,12,12,7,1845,2,2,2,2.0,6,75118,M,,,75
201200058658,12,12,7,2130,5,2,3,2.0,6,75118,M,,,75
201200058659,12,12,10,815,1,2,5,1.0,6,75118,M,,,75
201200058660,12,12,10,1910,5,2,5,1.0,3,75118,M,,,75
201200058661,12,12,12,1850,5,2,2,1.0,6,75118,M,,,75
201200058662,12,12,13,1700,2,2,2,2.0,6,75118,M,,,75
201200058663,12,12,14,1100,1,2,1,2.0,2,75117,M,,,75
201200058664,12,12,15,900,1,2,3,1.0,2,75118,M,,,75
201200058665,12,12,15,1815,5,2,5,3.0,3,75118,M,,,75
201200058666,12,12,15,2050,5,2,3,2.0,6,75118,M,,,75
201200058667,12,12,16,1205,1,2,1,1.0,3,75118,M,,,75
201200058668,12,12,18,1625,1,2,2,1.0,6,75118,M,,,75
201200058669,12,12,19,925,1,2,1,1.0,6,75118,M,,,75
201200058670,12,12,19,1705,5,2,2,2.0,6,75118,M,,,75
201200058671,12,12,20,655,5,2,1,3.0,2,75118,M,,,75
201200058672,12,12,20,1250,1,2,3,2.0,6,75118,M,,,75
201200058673,12,12,20,2300,5,2,1,2.0,1,75118,M,,,75
201200058674,12,12,21,1030,1,2,2,1.0,6,75118,M,,,75
201200058675,12,12,21,2155,5,2,1,1.0,6,75118,M,,,75
201200058676,12,12,24,5,5,2,3,1.0,3,75118,M,,,75
201200058677,12,12,25,1800,5,2,1,2.0,6,75118,M,,,75
201200058678,12,12,26,2145,5,2,4,2.0,3,75118,M,,,75
201200058679,12,12,29,2150,5,2,5,2.0,2,75118,M,,,75
201200058680,12,3,23,1415,1,2,1,1.0,6,75118,M,,,75
201200058681,12,1,1,2015,5,2,1,2.0,6,75119,M,,,75
201200058682,12,1,3,1335,1,2,3,1.0,6,75119,M,,,75
201200058683,12,1,4,930,1,2,4,1.0,7,75119,M,,,75
201200058684,12,1,4,2110,5,2,2,1.0,3,75119,M,,,75
201200058685,12,1,8,1535,1,2,3,1.0,6,75119,M,,,75
201200058686,12,1,11,715,5,2,5,1.0,3,75119,M,,,75
201200058687,12,1,15,1145,1,2,1,1.0,6,75119,M,,,75
201200058688,12,1,15,1250,1,2,1,1.0,6,75119,M,,,75
201200058689,12,1,18,1925,5,2,3,2.0,3,75119,M,,,75
201200058690,12,1,19,940,1,2,2,1.0,6,75119,M,,,75
201200058691,12,1,19,1350,1,2,1,1.0,6,75119,M,,,75
201200058692,12,1,20,1220,1,2,7,2.0,6,75119,M,,,75
201200058693,12,1,20,1550,1,2,2,2.0,2,75119,M,,,75
201200058694,12,1,21,550,5,2,1,1.0,1,75119,M,,,75