Num_Acc,an,mois,jour,hrmn,lum,agg,int,atm,col,com,gps,lat,long,dep
201200058695,12,1,22,2145,5,2,2,1.0,3,75119,M,,,75
201200058696,12,1,24,1830,5,2,7,2.0,6,75119,M,,,75
201200058697,12,1,24,1836,5,2,1,2.0,6,75119,M,,,75
201200058698,12,1,27,2320,5,2,2,1.0,3,75119,M,,,75
201200058699,12,1,27,1350,1,2,1,1.0,6,75119,M,,,75
201200058700,12,1,29,955,1,2,5,1.0,3,75119,M,,,75
201200058701,12,1,29,1145,1,2,2,8.0,6,75119,M,,,75
201200058702,12,1,30,1940,5,2,1,1.0,6,75119,M,,,75
201200058703,12,2,1,820,1,2,1,1.0,7,75119,M,,,75
201200058704,12,2,3,2130,5,2,1,8.0,3,75119,M,,,75
201200058705,12,2,5,2100,5,2,2,1.0,6,75119,M,,,75
201200058706,12,2,9,1500,1,2,3,1.0,6,75119,M,,,75
201200058707,12,2,13,2010,3,2,4,2.0,6,75119,M,,,75
201200058708,12,2,15,1500,1,2,5,1.0,6,75119,M,,,75
201200058709,12,2,17,1840,4,2,3,2.0,6,75119,M,,,75
201200058710,12,2,19,2325,3,2,4,1.0,2,75119,M,,,75
201200058711,12,2,19,2340,5,2,2,1.0,3,75119,M,,,75
201200058712,12,2,20,930,1,2,2,1.0,3,75119,M,,,75
201200058713,12,2,21,1820,5,2,2,1.0,6,75119,M,,,75
201200058714,12,2,22,1910,5,2,1,1.0,6,75119,M,,,75
201200058715,12,2,23,1445,1,2,5,2.0,6,75119,M,,,75
201200058716,12,2,23,1810,2,2,2,1.0,3,75119,M,,,75
201200058717,12,2,24,845,1,2,2,8.0,6,75119,M,,,75
201200058718,12,2,24,855,1,2,2,1.0,6,75119,M,,,75
201200058719,12,2,26,1515,1,2,3,1.0,6,75119,M,,,75
201200058720,12,3,2,1725,1,2,2,1.0,6,75119,M,,,75
201200058721,12,3,5,2015,5,2,3,2.0,6,75119,M,,,75
201200058722,12,3,7,1230,1,2,3,1.0,6,75119,M,,,75
201200058723,12,3,7,1500,1,2,1,2.0,6,75119,M,,,75
201200058724,12,3,8,1815,1,2,1,1.0,3,75119,M,,,75
201200058725,12,3,11,30,5,2,2,1.0,6,75119,M,,,75
201200058726,12,3,11,5,5,2,2,1.0,3,75119,M,,,75
201200058727,12,3,11,1455,1,2,1,1.0,6,75119,M,,,75
201200058728,12,3,11,1605,1,2,2,1.0,6,75119,M,,,75
201200058729,12,3,13,800,1,2,2,1.0,6,75119,M,,,75
201200058730,12,3,13,1125,1,2,3,1.0,3,75119,M,,,75
201200058731,12,3,14,1445,1,2,3,1.0,3,75119,M,,,75
201200058732,12,3,14,1650,1,2,4,1.0,2,75119,M,,,75
201200058733,12,3,14,1900,5,2,2,1.0,6,75119,M,,,75
201200058734,12,3,15,1055,1,2,7,1.0,3,75119,M,,,75
201200058735,12,3,16,1450,1,2,1,1.0,6,75119,M,,,75
201200058736,12,3,20,1445,1,2,3,1.0,6,75119,M,,,75
201200058737,12,3,24,425,5,2,3,1.0,3,75118,M,,,75
201200058738,12,3,27,1850,1,2,7,1.0,3,75119,M,,,75
201200058739,12,3,28,1130,1,2,1,1.0,6,75119,M,,,75
201200058740,12,3,29,955,1,2,1,1.0,3,75119,M,,,75
201200058741,12,3,30,830,1,2,3,1.0,6,75119,M,,,75
201200058742,12,3,30,1140,1,2,4,1.0,2,75119,M,,,75
201200058743,12,3,30,1140,1,2,1,1.0,3,75119,M,,,75
201200058744,12,4,2,1025,1,2,1,1.0,6,75119,M,,,75
201200058745,12,4,2,1415,1,2,1,1.0,2,75119,M,,,75
201200058746,12,4,3,910,1,2,4,1.0,3,75119,M,,,75
201200058747,12,4,3,1315,1,2,3,1.0,2,75119,M,,,75
201200058748,12,4,4,820,1,2,2,1.0,6,75119,M,,,75
201200058749,12,4,5,700,1,2,2,1.0,3,75119,M,,,75
201200058750,12,4,9,1800,1,2,3,2.0,7,75119,M,,,75
201200058751,12,4,11,1641,1,2,3,1.0,6,75119,M,,,75
201200058752,12,4,15,1620,1,2,4,8.0,6,75119,M,,,75
201200058753,12,4,15,2213,4,2,2,1.0,3,75119,M,,,75
201200058754,12,4,16,1015,1,2,1,1.0,3,75119,M,,,75
201200058755,12,4,17,1150,1,2,5,2.0,3,75119,M,,,75
201200058756,12,4,17,1510,1,2,3,2.0,6,75119,M,,,75
201200058757,12,4,17,1740,1,2,1,2.0,6,75119,M,,,75
201200058758,12,4,18,1900,1,2,3,2.0,3,75119,M,,,75
201200058759,12,4,19,735,1,2,2,1.0,6,75119,M,,,75
201200058760,12,4,19,1340,1,2,5,1.0,7,75119,M,,,75
201200058761,12,4,20,1330,1,2,2,8.0,6,75119,M,,,75
201200058762,12,4,22,1245,1,2,7,1.0,6,75119,M,,,75
201200058763,12,4,22,1840,1,2,1,1.0,4,75119,M,,,75
201200058764,12,4,22,1730,1,2,2,1.0,2,75119,M,,,75
201200058765,12,4,23,1105,1,2,2,3.0,5,75119,M,,,75
201200058766,12,4,23,1700,1,2,2,2.0,6,75119,M,,,75
201200058767,12,4,23,1850,1,2,2,8.0,3,75119,M,,,75
201200058768,12,4,24,1735,1,2,1,1.0,6,75119,M,,,75
201200058769,12,4,25,800,1,2,5,8.0,7,75119,M,,,75
201200058770,12,4,25,1515,1,2,2,2.0,3,75119,M,,,75
201200058771,12,5,2,835,1,2,3,1.0,6,75119,M,,,75
201200058772,12,5,1,2200,5,2,2,1.0,6,75119,M,,,75
201200058773,12,5,12,930,1,2,2,1.0,6,75119,M,,,75
201200058774,12,5,14,1550,1,2,3,1.0,6,75119,M,,,75
201200058775,12,5,15,1540,1,2,2,2.0,6,75119,M,,,75
201200058776,12,5,15,1750,1,2,7,1.0,7,75119,M,,,75
201200058777,12,5,15,1840,1,2,5,1.0,7,75119,M,,,75
201200058778,12,5,15,1830,1,2,1,1.0,2,75119,M,,,75
201200058779,12,5,15,1940,1,2,1,1.0,2,75119,M,,,75
201200058780,12,5,16,730,1,2,1,1.0,6,75119,M,,,75
201200058781,12,5,17,450,3,2,1,1.0,2,75119,M,,,75
201200058782,12,5,18,1145,1,2,4,1.0,6,75119,M,,,75
201200058783,12,5,21,2000,1,2,4,2.0,7,75119,M,,,75
201200058784,12,5,24,1855,1,2,5,1.0,6,75119,M,,,75
201200058785,12,5,25,1215,1,2,1,1.0,6,75119,M,,,75
201200058786,12,5,26,1145,1,2,7,1.0,3,75119,M,,,75
201200058787,12,5,26,1440,1,2,4,1.0,2,75119,M,,,75
201200058788,12,5,26,1700,1,2,5,1.0,6,75119,M,,,75
201200058789,12,5,27,1458,1,2,2,1.0,2,75119,M,,,75
201200058790,12,5,30,850,1,2,2,1.0,6,75119,M,,,75
201200058791,12,5,29,2145,5,2,5,1.0,3,75119,M,,,75
201200058792,12,5,30,2340,5,2,1,1.0,6,75120,M,,,75
201200058793,12,5,31,2005,1,2,4,1.0,3,75119,M,,,75
201200058794,12,6,2,1150,1,2,2,1.0,6,75119,M,,,75
201200058795,12,6,2,1210,1,2,1,1.0,6,75119,M,,,75
201200058796,12,6,3,2155,5,2,2,1.0,7,75119,M,,,75
201200058797,12,6,5,1300,1,2,2,1.0,3,75119,M,,,75
201200058798,12,6,7,1955,1,2,5,1.0,7,75119,M,,,75
201200058799,12,6,8,1210,1,2,2,1.0,3,75119,M,,,75
201200058800,12,6,8,1235,1,2,7,1.0,2,75119,M,,,75
201200058801,12,6,10,945,1,2,1,1.0,6,75119,M,,,75
201200058802,12,6,11,1320,1,2,1,1.0,6,75119,M,,,75
201200058803,12,6,14,1945,1,2,3,1.0,7,75119,M,,,75
201200058804,12,6,17,25,5,2,3,1.0,7,75120,M,,,75
201200058805,12,6,18,1358,1,2,3,1.0,6,75119,M,,,75
201200058806,12,6,19,920,1,2,2,1.0,3,75119,M,,,75
201200058807,12,6,20,1650,1,2,3,1.0,3,75119,M,,,75
201200058808,12,6,21,1920,1,2,1,1.0,6,75119,M,,,75
201200058809,12,6,21,2000,2,2,1,1.0,6,75119,M,,,75
201200058810,12,6,22,2340,5,2,1,1.0,6,75119,M,,,75
201200058811,12,6,23,1915,1,2,5,1.0,1,75119,M,,,75
201200058812,12,6,23,2000,1,2,1,1.0,6,75119,M,,,75
201200058813,12,6,25,820,1,2,3,1.0,6,75119,M,,,75
201200058814,12,6,25,930,1,2,2,1.0,2,75119,M,,,75
201200058815,12,5,1,1016,1,2,3,1.0,3,75119,M,,,75
201200058816,12,6,26,825,1,2,5,2.0,2,75119,M,,,75
201200058817,12,6,26,1031,1,2,1,2.0,1,75119,M,,,75
201200058818,12,6,26,1140,1,2,3,2.0,3,75119,M,,,75
201200058819,12,6,28,805,1,2,1,1.0,3,75119,M,,,75
201200058820,12,6,22,2130,2,2,2,1.0,3,75119,M,,,75
201200058821,12,6,30,1220,1,2,7,1.0,3,75119,M,,,75
201200058822,12,7,1,550,5,2,4,1.0,6,75119,M,,,75
201200058823,12,7,2,950,1,2,4,1.0,3,75119,M,,,75
201200058824,12,7,3,2330,5,2,1,1.0,3,75119,M,,,75
201200058825,12,7,3,1415,1,2,1,1.0,6,75119,M,,,75
201200058826,12,7,5,915,1,2,2,1.0,7,75119,M,,,75
201200058827,12,7,5,1700,1,2,7,3.0,6,75119,M,,,75
201200058828,12,7,7,1950,1,2,7,1.0,3,75119,M,,,75
201200058829,12,7,8,630,2,2,2,2.0,2,75119,M,,,75
201200058830,12,7,8,1620,1,2,2,8.0,6,75119,M,,,75
201200058831,12,7,9,1500,1,2,5,1.0,6,75119,M,,,75
201200058832,12,7,10,1240,1,2,5,1.0,3,75119,M,,,75
201200058833,12,7,12,930,1,2,3,1.0,3,75119,M,,,75
201200058834,12,7,12,1830,1,2,1,2.0,6,75119,M,,,75
201200058835,12,7,13,15,3,2,2,3.0,7,75119,M,,,75
201200058836,12,7,13,1135,1,2,2,2.0,6,75119,M,,,75
201200058837,12,7,15,2135,1,2,7,1.0,6,75119,M,,,75
201200058838,12,7,16,1400,1,2,3,1.0,1,75119,M,,,75
201200058839,12,7,23,605,2,2,2,1.0,6,75119,M,,,75
201200058840,12,7,23,1820,1,2,1,7.0,3,75119,M,,,75
201200058841,12,7,24,1803,1,2,5,1.0,6,75119,M,,,75
201200058842,12,7,26,916,1,2,4,1.0,3,75119,M,,,75
201200058843,12,7,26,1445,1,2,1,1.0,4,75119,M,,,75
201200058844,12,7,27,1505,1,2,1,2.0,6,75119,M,,,75
201200058845,12,7,27,1645,1,2,2,2.0,7,75119,M,,,75
201200058846,12,7,30,1355,1,2,4,1.0,3,75119,M,,,75
201200058847,12,7,30,1602,1,2,1,1.0,3,75119,M,,,75
201200058848,12,7,31,1205,1,2,2,1.0,6,75119,M,,,75
201200058849,12,8,5,1815,1,2,3,8.0,1,75119,M,,,75
201200058850,12,8,6,2300,5,2,7,2.0,3,75119,M,,,75
201200058851,12,8,9,1425,1,2,1,1.0,6,75119,M,,,75
201200058852,12,8,9,1945,1,2,1,1.0,6,75119,M,,,75
201200058853,12,8,12,345,5,2,1,1.0,6,75119,M,,,75
201200058854,12,8,12,1735,1,2,1,1.0,6,75119,M,,,75
201200058855,12,8,12,1920,1,2,1,1.0,6,75119,M,,,75
201200058856,12,8,14,1750,1,2,2,8.0,6,75119,M,,,75
201200058857,12,8,15,600,1,2,1,1.0,7,75119,M,,,75
201200058858,12,8,15,1630,1,2,3,1.0,3,75119,M,,,75
201200058859,12,8,18,315,5,2,3,1.0,3,75119,M,,,75
201200058860,12,8,18,1555,1,2,3,1.0,3,75119,M,,,75
201200058861,12,8,21,1005,1,2,1,1.0,6,75119,M,,,75
201200058862,12,8,27,505,5,2,7,1.0,3,75119,M,,,75
201200058863,12,8,27,1730,1,2,1,1.0,6,75119,M,,,75
201200058864,12,8,28,1730,1,2,1,1.0,3,75119,M,,,75
201200058865,12,8,30,2030,2,2,1,1.0,6,75119,M,,,75
201200058866,12,9,1,930,1,2,7,1.0,6,75119,M,,,75
201200058867,12,9,3,1255,1,2,3,1.0,6,75119,M,,,75
201200058868,12,9,3,1615,1,2,5,8.0,3,75119,M,,,75
201200058869,12,9,5,940,1,2,1,1.0,3,75119,M,,,75
201200058870,12,9,7,1445,1,2,5,1.0,2,75119,M,,,75
201200058871,12,9,8,2230,5,2,1,1.0,6,75119,M,,,75
201200058872,12,9,11,1405,1,2,1,2.0,2,75119,M,,,75
201200058873,12,9,12,1845,1,2,3,1.0,3,75119,M,,,75
201200058874,12,9,13,1000,1,2,3,1.0,6,75119,M,,,75
201200058875,12,9,13,1400,1,2,5,1.0,3,75119,M,,,75
201200058876,12,9,13,1920,1,2,1,1.0,6,75119,M,,,75
201200058877,12,9,14,1145,1,2,3,1.0,1,75119,M,,,75
201200058878,12,9,16,1545,1,2,4,1.0,3,75119,M,,,75
201200058879,12,9,16,1950,2,2,1,1.0,6,75119,M,,,75
201200058880,12,9,16,1915,1,2,2,1.0,6,75119,M,,,75
201200058881,12,9,18,1005,1,2,1,1.0,6,75119,M,,,75
201200058882,12,9,18,1904,1,2,1,1.0,6,75119,M,,,75
201200058883,12,9,19,244,5,2,1,1.0,6,75119,M,,,75
201200058884,12,9,19,930,1,2,3,1.0,7,75119,M,,,75
201200058885,12,9,20,950,1,2,2,1.0,6,75119,M,,,75
201200058886,12,9,23,1705,1,2,1,1.0,3,75119,M,,,75
201200058887,12,9,23,2005,5,2,2,1.0,3,75119,M,,,75
201200058888,12,9,24,1120,1,2,2,2.0,6,75119,M,,,75
201200058889,12,9,27,1515,1,2,3,8.0,6,75119,M,,,75
201200058890,12,9,28,823,2,2,2,1.0,6,75119,M,,,75
201200058891,12,9,28,1430,1,2,4,1.0,3,75119,M,,,75
201200058892,12,9,28,1400,1,2,2,1.0,3,75119,M,,,75
201200058893,12,9,28,1550,1,2,7,1.0,6,75119,M,,,75
201200058894,12,9,29,1015,1,2,1,1.0,6,75119,M,,,75
201200058895,12,9,30,2035,5,2,1,1.0,3,75119,M,,,75
201200058896,12,10,1,1300,1,2,3,1.0,3,75119,M,,,75
201200058897,12,10,1,1830,1,2,3,1.0,6,75119,M,,,75
201200058898,12,10,2,1105,1,2,1,1.0,6,75119,M,,,75
201200058899,12,10,5,1925,5,2,3,1.0,7,75119,M,,,75
201200058900,12,10,5,1950,5,2,3,2.0,6,75119,M,,,75
201200058901,12,10,6,1410,1,2,2,2.0,3,75119,M,,,75
201200058902,12,10,6,1830,5,2,2,2.0,6,75119,M,,,75
201200058903,12,10,7,1100,1,2,7,1.0,6,75119,M,,,75
201200058904,12,10,8,725,2,2,7,3.0,3,75119,M,,,75
201200058905,12,10,9,845,1,2,4,2.0,7,75119,M,,,75
201200058906,12,10,9,930,1,2,1,2.0,5,75119,M,,,75
201200058907,12,10,11,840,1,2,1,1.0,6,75119,M,,,75
201200058908,12,10,11,1355,1,2,1,3.0,3,75119,M,,,75
201200058909,12,10,11,2330,5,2,4,2.0,6,75119,M,,,75
201200058910,12,10,12,2015,5,2,1,2.0,6,75119,M,,,75
201200058911,12,10,15,1640,1,2,5,1.0,6,75119,M,,,75
201200058912,12,10,16,1625,1,2,5,1.0,6,75119,M,,,75
201200058913,12,10,16,1840,2,2,1,1.0,2,75119,M,,,75
201200058914,12,10,16,2235,5,2,3,1.0,1,75119,M,,,75
201200058915,12,10,17,1300,1,2,1,2.0,2,75120,M,,,75
201200058916,12,10,21,1915,5,2,3,1.0,1,75119,M,,,75
201200058917,12,10,22,1130,2,2,2,1.0,3,75119,M,,,75
201200058918,12,10,22,1210,1,2,2,1.0,6,75119,M,,,75
201200058919,12,10,22,1940,5,2,5,1.0,6,75119,M,,,75
201200058920,12,10,23,2050,5,2,2,1.0,6,75119,M,,,75
201200058921,12,10,24,1620,1,2,3,1.0,6,75119,M,,,75
201200058922,12,10,25,900,1,2,2,1.0,2,75119,M,,,75
201200058923,12,10,25,2045,5,2,1,1.0,4,75119,M,,,75
201200058924,12,10,28,1610,1,2,2,1.0,7,75119,M,,,75
201200058925,12,10,30,15,5,2,3,1.0,1,75119,M,,,75
201200058926,12,10,30,1830,5,2,4,1.0,1,75119,M,,,75
201200058927,12,10,30,2000,5,2,5,1.0,6,75119,M,,,75
201200058928,12,11,3,1530,1,2,1,1.0,6,75119,M,,,75
201200058929,12,11,3,1920,5,2,2,1.0,3,75119,M,,,75
201200058930,12,11,6,930,1,2,1,1.0,3,75119,M,,,75
201200058931,12,11,6,1557,1,2,1,1.0,6,75119,M,,,75
201200058932,12,11,8,1825,2,2,1,1.0,6,75119,M,,,75
201200058933,12,11,10,1845,5,2,2,2.0,6,75119,M,,,75
201200058934,12,11,11,300,5,2,1,1.0,6,75119,M,,,75
201200058935,12,11,11,1520,1,2,5,1.0,6,75119,M,,,75
201200058936,12,11,12,1450,1,2,3,1.0,3,75119,M,,,75
201200058937,12,11,13,710,2,2,1,8.0,2,75119,M,,,75
201200058938,12,11,16,100,5,2,7,1.0,3,75119,M,,,75
201200058939,12,11,16,830,1,2,3,1.0,6,75119,M,,,75
201200058940,12,11,17,425,5,2,3,2.0,6,75119,M,,,75
201200058941,12,11,18,1744,5,2,1,1.0,3,75119,M,,,75
201200058942,12,11,19,1620,1,2,1,1.0,6,75119,M,,,75
201200058943,12,11,19,1335,1,2,7,1.0,3,75119,M,,,75
201200058944,12,11,22,10,5,2,2,1.0,3,75119,M,,,75
201200058945,12,11,22,928,1,2,3,1.0,7,75119,M,,,75
201200058946,12,11,24,1915,5,2,1,1.0,1,75119,M,,,75
201200058947,12,11,25,1221,1,2,5,1.0,6,75119,M,,,75
201200058948,12,11,27,210,5,2,7,1.0,6,75119,M,,,75
201200058949,12,11,27,1605,1,2,3,2.0,1,75119,M,,,75
201200058950,12,11,27,1715,2,2,7,2.0,6,75119,M,,,75
201200058951,12,11,29,2250,5,2,7,8.0,3,75119,M,,,75
201200058952,12,11,30,1500,1,2,1,1.0,6,75119,M,,,75
201200058953,12,12,1,1040,1,2,7,1.0,2,75119,M,,,75
201200058954,12,12,3,1800,5,2,4,1.0,6,75119,M,,,75
201200058955,12,12,3,1903,5,2,2,1.0,6,75119,M,,,75
201200058956,12,12,4,2155,3,2,1,2.0,3,75119,M,,,75
201200058957,12,12,5,900,1,2,1,1.0,3,75119,M,,,75
201200058958,12,12,5,1515,1,2,1,2.0,2,75119,M,,,75
201200058959,12,12,8,1950,5,2,2,1.0,6,75119,M,,,75
201200058960,12,12,9,1430,1,2,1,1.0,3,75119,M,,,75
201200058961,12,12,9,1910,5,2,1,2.0,6,75119,M,,,75
201200058962,12,12,10,1110,1,2,3,1.0,6,75119,M,,,75
201200058963,12,12,10,1620,1,2,1,1.0,6,75119,M,,,75
201200058964,12,12,14,1020,1,2,2,2.0,6,75119,M,,,75
201200058965,12,12,14,1540,1,2,1,2.0,2,75119,M,,,75
201200058966,12,12,18,1340,1,2,1,1.0,2,75119,M,,,75
201200058967,12,12,18,2335,5,2,1,1.0,3,75119,M,,,75
201200058968,12,12,19,1000,1,2,5,8.0,3,75119,M,,,75
201200058969,12,12,19,2015,5,2,1,2.0,3,75119,M,,,75
201200058970,12,12,20,850,1,2,7,2.0,2,75119,M,,,75
201200058971,12,12,22,910,1,2,2,3.0,1,75119,M,,,75
201200058972,12,12,22,1515,1,2,2,2.0,6,75119,M,,,75
201200058973,12,12,23,635,5,2,1,1.0,6,75119,M,,,75
201200058974,12,12,24,455,5,2,7,1.0,3,75119,M,,,75
201200058975,12,12,26,1500,1,2,1,1.0,2,75119,M,,,75
201200058976,12,12,27,1110,1,2,2,1.0,5,75119,M,,,75
201200058977,12,12,30,1930,5,2,1,1.0,3,75119,M,,,75
201200058978,12,1,1,1710,5,2,3,2.0,6,75120,M,,,75
201200058979,12,12,31,600,5,2,1,1.0,6,75120,M,,,75
201200058980,12,1,3,1855,5,2,1,2.0,3,75120,M,,,75
201200058981,12,1,4,1115,1,2,2,1.0,3,75120,M,,,75
201200058982,12,1,4,1225,1,2,2,1.0,3,75120,M,,,75
201200058983,12,1,5,1315,1,2,2,2.0,3,75120,M,,,75
201200058984,12,1,9,1730,5,2,2,2.0,6,75120,M,,,75
201200058985,12,1,10,820,1,2,4,2.0,6,75120,M,,,75
201200058986,12,1,11,2010,5,2,1,1.0,2,75120,M,,,75
201200058987,12,1,12,1340,1,2,3,1.0,2,75120,M,,,75
201200058988,12,1,12,1335,1,2,7,1.0,6,75120,M,,,75
201200058989,12,1,12,2055,5,2,5,2.0,1,75120,M,,,75
201200058990,12,1,13,1130,1,2,2,1.0,6,75120,M,,,75
201200058991,12,1,13,1430,1,2,2,1.0,6,75120,M,,,75
201200058992,12,1,13,1530,1,2,7,1.0,6,75120,M,,,75
201200058993,12,1,13,1755,5,2,1,1.0,6,75120,M,,,75
201200058994,12,1,14,345,5,2,2,1.0,2,75120,M,,,75
201200058995,12,1,14,1230,1,2,2,1.0,6,75120,M,,,75
201200058996,12,1,17,1045,1,2,2,9.0,7,75120,M,,,75
201200058997,12,1,17,1325,1,2,2,1.0,6,75120,M,,,75
201200058998,12,1,18,1715,2,2,1,2.0,7,75120,M,,,75
201200058999,12,1,18,1720,5,2,3,2.0,7,75120,M,,,75
201200059000,12,1,18,1915,5,2,3,1.0,2,75120,M,,,75
201200059001,12,1,19,845,1,2,1,1.0,6,75120,M,,,75
201200059002,12,1,19,855,1,2,1,1.0,1,75120,M,,,75
201200059003,12,1,20,1415,1,2,2,2.0,1,75120,M,,,75
201200059004,12,1,20,1800,5,2,1,2.0,6,75120,M,,,75
201200059005,12,1,21,1650,2,2,1,2.0,6,75120,M,,,75
201200059006,12,1,23,1035,1,2,2,1.0,6,75120,M,,,75
201200059007,12,1,25,838,1,2,2,2.0,6,75120,M,,,75
201200059008,12,1,26,1000,1,2,3,2.0,6,75120,M,,,75
201200059009,12,1,27,910,1,2,2,1.0,2,75120,M,,,75
201200059010,12,1,27,1635,1,2,2,1.0,3,75120,M,,,75
201200059011,12,1,27,1745,1,2,1,1.0,6,75120,M,,,75
201200059012,12,1,27,1840,5,2,1,1.0,6,75120,M,,,75
201200059013,12,1,29,720,2,2,3,1.0,6,75120,M,,,75
201200059014,12,1,29,1200,1,2,2,1.0,3,75120,M,,,75
201200059015,12,1,30,1045,1,2,4,1.0,3,75120,M,,,75
201200059016,12,1,30,1830,5,2,7,1.0,3,75120,M,,,75
201200059017,12,2,1,920,1,2,3,9.0,7,75120,M,,,75
201200059018,12,2,1,1945,5,2,2,6.0,6,75120,M,,,75
201200059019,12,2,3,1150,1,2,1,1.0,7,75120,M,,,75
201200059020,12,2,3,1950,5,2,1,1.0,3,75120,M,,,75
201200059021,12,2,4,1050,1,2,1,1.0,3,75120,M,,,75
201200059022,12,2,7,1200,1,2,5,1.0,5,75120,M,,,75
201200059023,12,2,9,1230,1,2,2,7.0,6,75120,M,,,75
201200059024,12,2,10,1306,1,2,1,7.0,4,75120,M,,,75
201200059025,12,2,12,20,5,2,3,9.0,6,75120,M,,,75
201200059026,12,2,12,157,5,2,2,1.0,6,75120,M,,,75
201200059027,12,2,12,1527,1,2,2,8.0,7,75120,M,,,75
201200059028,12,2,12,1750,2,2,2,1.0,7,75120,M,,,75
201200059029,12,2,16,835,1,2,5,2.0,6,75120,M,,,75
201200059030,12,2,19,2018,3,2,7,1.0,7,75120,M,,,75
201200059031,12,2,19,2110,5,2,1,1.0,4,75120,M,,,75
201200059032,12,2,21,1600,1,2,1,1.0,6,75120,M,,,75
201200059033,12,2,23,1135,1,2,3,1.0,6,75120,M,,,75
201200059034,12,2,28,220,5,2,2,1.0,3,75120,M,,,75
201200059035,12,2,29,1945,5,2,5,1.0,2,75120,M,,,75
201200059036,12,2,29,1955,5,2,1,1.0,6,75120,M,,,75
201200059037,12,3,2,715,1,2,1,1.0,3,75120,M,,,75
201200059038,12,3,5,1010,1,2,1,1.0,3,75120,M,,,75
201200059039,12,3,5,1135,1,2,1,1.0,6,75120,M,,,75
201200059040,12,3,7,1452,1,2,2,2.0,3,75120,M,,,75
201200059041,12,3,8,1335,1,2,2,1.0,6,75120,M,,,75
201200059042,12,3,9,1500,1,2,1,1.0,7,75120,M,,,75
201200059043,12,3,9,1925,5,2,1,1.0,1,75120,M,,,75
201200059044,12,3,11,2015,5,2,1,1.0,6,75120,M,,,75
201200059045,12,3,14,1530,1,2,3,1.0,7,75120,M,,,75
201200059046,12,3,15,1620,1,2,3,1.0,6,75120,M,,,75
201200059047,12,3,16,2010,5,2,1,1.0,3,75120,M,,,75
201200059048,12,3,17,1925,5,2,2,2.0,2,75120,M,,,75
201200059049,12,3,19,845,1,2,2,1.0,6,75120,M,,,75
201200059050,12,3,20,925,1,2,2,1.0,6,75120,M,,,75
201200059051,12,3,20,1000,1,2,1,1.0,3,75120,M,,,75
201200059052,12,3,21,1435,1,2,1,1.0,1,75120,M,,,75
201200059053,12,3,21,1730,1,2,1,1.0,1,75120,M,,,75
201200059054,12,3,22,1140,1,2,1,1.0,6,75120,M,,,75
201200059055,12,3,22,1630,1,2,1,1.0,6,75120,M,,,75
201200059056,12,3,22,1940,5,2,1,1.0,2,75120,M,,,75
201200059057,12,3,23,1430,1,2,2,1.0,6,75120,M,,,75
201200059058,12,3,27,2120,5,2,1,1.0,3,75120,M,,,75
201200059059,12,3,28,1220,1,2,1,1.0,3,75120,M,,,75
201200059060,12,3,28,1936,2,2,1,1.0,3,75120,M,,,75
201200059061,12,3,29,830,1,2,1,1.0,6,75120,M,,,75
201200059062,12,3,29,1815,1,2,3,1.0,3,75120,M,,,75
201200059063,12,3,29,1845,2,2,2,1.0,2,75120,M,,,75
201200059064,12,3,30,810,1,2,7,6.0,6,75120,M,,,75
201200059065,12,4,2,2040,5,2,5,1.0,6,75120,M,,,75
201200059066,12,4,4,1410,1,2,2,2.0,6,75120,M,,,75
201200059067,12,4,4,1905,1,2,1,2.0,6,75120,M,,,75
201200059068,12,4,5,1604,1,2,3,1.0,6,75120,M,,,75
201200059069,12,4,6,1635,1,2,1,1.0,6,75120,M,,,75
201200059070,12,4,7,2120,5,2,1,1.0,7,75120,M,,,75
201200059071,12,4,8,1415,1,2,5,1.0,7,75120,M,,,75
201200059072,12,4,9,5,5,2,4,2.0,3,75120,M,,,75
201200059073,12,4,10,730,1,2,1,1.0,6,75120,M,,,75
201200059074,12,4,10,1640,1,2,3,6.0,6,75120,M,,,75
201200059075,12,4,11,1538,1,2,3,1.0,3,75120,M,,,75
201200059076,12,4,12,650,1,2,2,1.0,3,75120,M,,,75
201200059077,12,4,12,2240,5,2,3,1.0,6,75120,M,,,75
201200059078,12,4,14,1255,1,2,1,1.0,2,75120,M,,,75
201200059079,12,4,16,1855,1,2,1,1.0,3,75120,M,,,75
201200059080,12,4,17,1430,1,2,2,2.0,2,75120,M,,,75
201200059081,12,4,17,2300,5,2,2,2.0,6,75120,M,,,75
201200059082,12,4,20,803,1,2,1,1.0,3,75120,M,,,75
201200059083,12,4,20,1750,1,2,1,1.0,6,75120,M,,,75
201200059084,12,4,22,1420,1,2,3,2.0,6,75120,M,,,75
201200059085,12,4,23,820,1,2,2,1.0,3,75120,M,,,75
201200059086,12,4,23,1430,1,2,3,2.0,6,75120,M,,,75
201200059087,12,4,24,1105,1,2,1,1.0,3,75120,M,,,75
201200059088,12,4,26,1940,1,2,1,1.0,7,75120,M,,,75
201200059089,12,4,26,1340,1,2,1,1.0,2,75120,M,,,75
201200059090,12,4,29,2120,5,2,5,1.0,2,75120,M,,,75
201200059091,12,5,2,1550,1,2,2,2.0,6,75120,M,,,75
201200059092,12,4,29,1755,1,2,3,1.0,6,75120,M,,,75
201200059093,12,5,4,1740,1,2,2,2.0,3,75120,M,,,75
201200059094,12,5,7,1335,1,2,1,1.0,6,75120,M,,,75
201200059095,12,5,10,1115,1,2,2,1.0,3,75120,M,,,75
201200059096,12,5,10,2230,5,2,1,1.0,6,75120,M,,,75
201200059097,12,5,11,10,5,2,4,1.0,6,75120,M,,,75
201200059098,12,5,11,1035,1,2,1,2.0,6,75120,M,,,75
201200059099,12,5,11,1635,1,2,2,1.0,3,75120,M,,,75
201200059100,12,5,14,930,1,2,2,1.0,3,75120,M,,,75
201200059101,12,5,14,1355,2,2,3,1.0,7,75120,M,,,75