Num_Acc,an,mois,jour,hrmn,lum,agg,int,atm,col,com,gps,lat,long,dep
201200059102,12,5,15,558,2,2,1,1.0,6,75120,M,,,75
201200059103,12,5,15,840,1,2,1,2.0,6,75120,M,,,75
201200059104,12,5,16,850,1,2,1,1.0,3,75120,M,,,75
201200059105,12,5,17,1105,1,2,2,1.0,3,75120,M,,,75
201200059106,12,5,17,1340,1,2,1,1.0,6,75120,M,,,75
201200059107,12,5,18,1845,1,2,4,1.0,3,75120,M,,,75
201200059108,12,5,19,1515,1,2,1,1.0,6,75120,M,,,75
201200059109,12,5,21,1430,1,2,3,3.0,6,75120,M,,,75
201200059110,12,5,21,1620,1,2,5,2.0,6,75120,M,,,75
201200059111,12,5,23,335,5,2,2,1.0,6,75120,M,,,75
201200059112,12,5,23,745,1,2,5,1.0,3,75120,M,,,75
201200059113,12,5,23,1650,1,2,1,1.0,2,75120,M,,,75
201200059114,12,5,23,2315,5,2,1,1.0,6,75120,M,,,75
201200059115,12,5,25,830,1,2,1,1.0,2,75120,M,,,75
201200059116,12,5,29,1510,1,2,3,1.0,3,75120,M,,,75
201200059117,12,5,30,1200,1,2,3,1.0,3,75120,M,,,75
201200059118,12,5,30,1610,1,2,5,1.0,6,75120,M,,,75
201200059119,12,5,30,2315,5,2,4,1.0,6,75120,M,,,75
201200059120,12,5,31,1020,1,2,3,1.0,3,75120,M,,,75
201200059121,12,5,31,1230,1,2,4,1.0,3,75120,M,,,75
201200059122,12,6,2,1020,1,2,1,1.0,6,75120,M,,,75
201200059123,12,6,2,1216,1,2,3,1.0,6,75120,M,,,75
201200059124,12,6,2,1310,1,2,1,1.0,6,75120,M,,,75
201200059125,12,6,3,215,5,2,7,2.0,3,75120,M,,,75
201200059126,12,6,4,815,1,2,2,1.0,3,75120,M,,,75
201200059127,12,6,6,50,5,2,7,2.0,3,75120,M,,,75
201200059128,12,6,6,2030,2,2,2,1.0,3,75120,M,,,75
201200059129,12,6,7,1150,1,2,2,2.0,7,75119,M,,,75
201200059130,12,6,10,1745,1,2,3,2.0,3,75120,M,,,75
201200059131,12,6,10,2015,1,2,2,3.0,3,75120,M,,,75
201200059132,12,6,11,1100,1,2,2,1.0,3,75120,M,,,75
201200059133,12,6,12,1818,1,2,4,1.0,2,75120,M,,,75
201200059134,12,6,14,630,1,2,2,1.0,2,75120,M,,,75
201200059135,12,6,14,1830,1,2,3,1.0,6,75120,M,,,75
201200059136,12,6,15,915,1,2,2,1.0,3,75120,M,,,75
201200059137,12,6,15,1750,1,2,2,1.0,3,75120,M,,,75
201200059138,12,6,15,1635,1,2,1,1.0,3,75120,M,,,75
201200059139,12,6,16,825,1,2,1,2.0,6,75120,M,,,75
201200059140,12,6,17,1128,1,2,2,1.0,6,75120,M,,,75
201200059141,12,6,18,1140,1,2,1,1.0,7,75120,M,,,75
201200059142,12,6,18,1935,1,2,5,1.0,7,75120,M,,,75
201200059143,12,6,19,1735,1,2,2,1.0,6,75120,M,,,75
201200059144,12,6,19,2035,1,2,1,2.0,6,75120,M,,,75
201200059145,12,6,20,1720,1,2,1,1.0,6,75120,M,,,75
201200059146,12,6,21,200,5,2,2,1.0,2,75120,M,,,75
201200059147,12,6,21,1328,1,2,1,1.0,2,75120,M,,,75
201200059148,12,6,21,1600,1,2,1,3.0,7,75120,M,,,75
201200059149,12,6,21,1705,1,2,1,8.0,6,75120,M,,,75
201200059150,12,6,21,1855,1,2,1,1.0,6,75120,M,,,75
201200059151,12,6,22,1815,1,2,2,1.0,6,75120,M,,,75
201200059152,12,6,25,820,1,2,2,1.0,6,75120,M,,,75
201200059153,12,6,26,915,1,2,2,2.0,7,75120,M,,,75
201200059154,12,6,26,1700,1,2,1,1.0,2,75120,M,,,75
201200059155,12,6,26,2335,5,2,2,1.0,6,75120,M,,,75
201200059156,12,6,28,925,1,2,3,8.0,3,75120,M,,,75
201200059157,12,6,29,830,1,2,2,1.0,6,75120,M,,,75
201200059158,12,6,29,1405,1,2,2,1.0,6,75120,M,,,75
201200059159,12,6,29,1330,1,2,2,8.0,6,75119,M,,,75
201200059160,12,6,30,2030,1,2,1,1.0,3,75120,M,,,75
201200059161,12,7,1,1545,1,2,1,1.0,6,75120,M,,,75
201200059162,12,7,1,1955,1,2,1,1.0,6,75120,M,,,75
201200059163,12,7,4,900,1,2,7,1.0,6,75120,M,,,75
201200059164,12,7,4,1720,1,2,1,1.0,6,75120,M,,,75
201200059165,12,7,5,1650,1,2,5,3.0,6,75120,M,,,75
201200059166,12,7,6,1815,1,2,1,3.0,6,75120,M,,,75
201200059167,12,7,6,1910,1,2,3,1.0,7,75120,M,,,75
201200059168,12,7,7,2055,1,2,3,1.0,2,75120,M,,,75
201200059169,12,7,8,1625,1,2,3,1.0,3,75120,M,,,75
201200059170,12,7,11,2015,1,2,1,1.0,3,75120,M,,,75
201200059171,12,7,11,2211,2,2,5,1.0,6,75120,M,,,75
201200059172,12,7,12,1800,1,2,3,2.0,3,75120,M,,,75
201200059173,12,7,12,2049,2,2,1,2.0,3,75120,M,,,75
201200059174,12,7,12,2355,5,2,2,2.0,6,75120,M,,,75
201200059175,12,7,13,1640,1,2,3,2.0,3,75120,M,,,75
201200059176,12,7,13,1740,1,2,7,2.0,6,75120,M,,,75
201200059177,12,7,15,445,5,2,3,1.0,3,75120,M,,,75
201200059178,12,7,15,705,1,2,1,1.0,7,75120,M,,,75
201200059179,12,7,17,1000,1,2,3,1.0,3,75120,M,,,75
201200059180,12,7,18,1700,1,2,5,1.0,7,75120,M,,,75
201200059181,12,7,20,805,1,2,5,1.0,6,75120,M,,,75
201200059182,12,7,22,1948,1,2,1,1.0,6,75120,M,,,75
201200059183,12,7,24,1920,1,2,1,1.0,2,75120,M,,,75
201200059184,12,7,25,2035,1,2,7,1.0,3,75120,M,,,75
201200059185,12,7,25,2320,5,2,2,1.0,3,75120,M,,,75
201200059186,12,7,26,1737,1,2,1,1.0,3,75120,M,,,75
201200059187,12,7,26,1805,1,2,3,1.0,6,75120,M,,,75
201200059188,12,7,31,1130,1,2,7,1.0,6,75120,M,,,75
201200059189,12,7,31,1520,1,2,5,1.0,3,75120,M,,,75
201200059190,12,7,31,2000,1,2,3,1.0,3,75120,M,,,75
201200059191,12,7,31,1939,1,2,4,1.0,6,75120,M,,,75
201200059192,12,8,1,130,5,2,1,1.0,1,75120,M,,,75
201200059193,12,8,2,1200,1,2,3,1.0,3,75120,M,,,75
201200059194,12,8,3,200,5,2,1,1.0,6,75120,M,,,75
201200059195,12,8,3,1715,1,2,1,1.0,6,75120,M,,,75
201200059196,12,8,4,1900,1,2,2,1.0,3,75120,M,,,75
201200059197,12,8,6,1700,1,2,4,1.0,3,75120,M,,,75
201200059198,12,8,6,2040,1,2,2,1.0,3,75120,M,,,75
201200059199,12,8,9,800,1,2,2,1.0,3,75120,M,,,75
201200059200,12,8,9,2035,1,2,2,1.0,3,75120,M,,,75
201200059201,12,8,11,1520,1,2,3,1.0,1,75120,M,,,75
201200059202,12,8,13,35,5,2,7,1.0,7,75120,M,,,75
201200059203,12,8,13,1550,1,2,2,1.0,3,75120,M,,,75
201200059204,12,8,15,1540,1,2,1,1.0,3,75120,M,,,75
201200059205,12,8,18,250,3,2,2,1.0,3,75120,M,,,75
201200059206,12,8,18,1200,1,2,1,1.0,7,75120,M,,,75
201200059207,12,8,22,1000,1,2,1,1.0,3,75120,M,,,75
201200059208,12,8,22,1130,1,2,1,1.0,3,75120,M,,,75
201200059209,12,8,24,1100,1,2,2,1.0,6,75120,M,,,75
201200059210,12,8,27,200,5,2,1,1.0,3,75120,M,,,75
201200059211,12,8,28,1130,1,2,2,1.0,6,75120,M,,,75
201200059212,12,8,28,1600,1,2,1,1.0,6,75120,M,,,75
201200059213,12,8,28,2000,2,2,2,1.0,2,75120,M,,,75
201200059214,12,8,29,1412,1,2,1,1.0,2,75120,M,,,75
201200059215,12,8,30,1255,1,2,1,1.0,6,75120,M,,,75
201200059216,12,8,30,1700,1,2,1,2.0,6,75120,M,,,75
201200059217,12,8,31,1630,1,2,1,1.0,2,75120,M,,,75
201200059218,12,9,2,1530,1,2,2,1.0,3,75120,M,,,75
201200059219,12,9,4,1045,1,2,2,1.0,3,75120,M,,,75
201200059220,12,9,4,1525,1,2,1,1.0,6,75120,M,,,75
201200059221,12,9,6,337,5,2,2,1.0,6,75120,M,,,75
201200059222,12,9,7,1825,1,2,5,1.0,3,75120,M,,,75
201200059223,12,9,7,1940,1,2,3,1.0,6,75120,M,,,75
201200059224,12,9,8,1830,1,2,3,7.0,6,75120,M,,,75
201200059225,12,9,8,1805,1,2,1,1.0,6,75120,M,,,75
201200059226,12,9,8,2235,5,2,1,1.0,2,75120,M,,,75
201200059227,12,9,10,1800,2,2,1,1.0,1,75120,M,,,75
201200059228,12,9,11,915,1,2,3,8.0,6,75120,M,,,75
201200059229,12,9,12,850,1,2,5,8.0,3,75120,M,,,75
201200059230,12,9,12,1600,1,2,2,1.0,2,75120,M,,,75
201200059231,12,9,14,905,1,2,2,1.0,1,75120,M,,,75
201200059232,12,9,14,820,1,2,1,1.0,7,75120,M,,,75
201200059233,12,9,15,2135,5,2,1,1.0,6,75120,M,,,75
201200059234,12,9,15,2130,5,2,2,1.0,3,75120,M,,,75
201200059235,12,9,16,105,3,2,1,1.0,2,75120,M,,,75
201200059236,12,9,16,2240,5,2,1,1.0,6,75120,M,,,75
201200059237,12,9,17,618,5,2,7,1.0,3,75120,M,,,75
201200059238,12,9,18,1745,1,2,1,1.0,2,75120,M,,,75
201200059239,12,9,19,1940,1,2,5,1.0,6,75120,M,,,75
201200059240,12,9,19,2010,5,2,5,1.0,6,75120,M,,,75
201200059241,12,9,19,2030,5,2,1,1.0,3,75120,M,,,75
201200059242,12,9,20,1000,1,2,2,1.0,3,75120,M,,,75
201200059243,12,9,20,1335,1,2,3,1.0,6,75120,M,,,75
201200059244,12,9,20,1740,1,2,5,1.0,3,75120,M,,,75
201200059245,12,9,22,250,5,2,1,1.0,6,75120,M,,,75
201200059246,12,9,22,1150,1,2,3,1.0,6,75120,M,,,75
201200059247,12,9,22,2045,3,2,3,1.0,2,75120,M,,,75
201200059248,12,9,23,2300,5,2,1,3.0,3,75120,M,,,75
201200059249,12,9,24,930,1,2,2,3.0,2,75120,M,,,75
201200059250,12,9,25,1330,1,2,3,2.0,6,75120,M,,,75
201200059251,12,9,27,1330,1,2,5,1.0,6,75120,M,,,75
201200059252,12,9,27,1635,1,2,1,1.0,2,75120,M,,,75
201200059253,12,9,28,2110,5,2,1,1.0,3,75120,M,,,75
201200059254,12,9,28,2030,5,2,5,1.0,6,75120,M,,,75
201200059255,12,9,29,49,5,2,2,1.0,6,75120,M,,,75
201200059256,12,9,29,200,5,2,1,1.0,5,75120,M,,,75
201200059257,12,9,29,1220,1,2,3,1.0,3,75120,M,,,75
201200059258,12,10,1,900,1,2,7,1.0,6,75120,M,,,75
201200059259,12,10,2,810,1,2,2,8.0,6,75120,M,,,75
201200059260,12,10,2,1405,1,2,3,1.0,2,75120,M,,,75
201200059261,12,10,3,420,5,2,1,1.0,7,75120,M,,,75
201200059262,12,10,3,2120,5,2,1,3.0,6,75120,M,,,75
201200059263,12,10,4,850,1,2,5,2.0,3,75120,M,,,75
201200059264,12,10,4,935,1,2,1,2.0,6,75120,M,,,75
201200059265,12,10,4,1530,1,2,1,1.0,6,75120,M,,,75
201200059266,12,10,5,1050,1,2,2,1.0,6,75120,M,,,75
201200059267,12,10,5,1955,5,2,3,1.0,3,75120,M,,,75
201200059268,12,10,6,1450,1,2,2,2.0,6,75120,M,,,75
201200059269,12,10,7,1130,1,2,2,1.0,7,75120,M,,,75
201200059270,12,10,7,1420,1,2,1,1.0,2,75120,M,,,75
201200059271,12,10,7,1555,1,2,1,1.0,3,75120,M,,,75
201200059272,12,10,7,1630,1,2,7,1.0,2,75120,M,,,75
201200059273,12,10,7,1800,1,2,1,1.0,2,75120,M,,,75
201200059274,12,10,8,940,1,2,3,3.0,1,75120,M,,,75
201200059275,12,10,8,1800,1,2,3,2.0,6,75120,M,,,75
201200059276,12,10,8,2120,4,2,2,8.0,3,75120,M,,,75
201200059277,12,10,9,1920,2,2,2,1.0,3,75120,M,,,75
201200059278,12,10,10,147,5,2,2,2.0,7,75120,M,,,75
201200059279,12,10,11,1635,1,2,3,8.0,6,75120,M,,,75
201200059280,12,10,11,1905,5,2,2,3.0,6,75120,M,,,75
201200059281,12,10,12,1700,1,2,3,1.0,6,75120,M,,,75
201200059282,12,10,12,1820,1,2,1,1.0,2,75120,M,,,75
201200059283,12,10,13,1445,1,2,2,2.0,6,75120,M,,,75
201200059284,12,10,14,1715,1,2,1,2.0,5,75120,M,,,75
201200059285,12,10,15,1340,1,2,1,1.0,6,75120,M,,,75
201200059286,12,10,15,1610,1,2,1,1.0,6,75120,M,,,75
201200059287,12,10,17,1000,1,2,1,2.0,3,75120,M,,,75
201200059288,12,10,17,1138,1,2,3,2.0,6,75120,M,,,75
201200059289,12,10,19,915,1,2,1,8.0,6,75120,M,,,75
201200059290,12,10,19,1600,1,2,2,2.0,1,75120,M,,,75
201200059291,12,10,20,1710,1,2,7,2.0,7,75120,M,,,75
201200059292,12,10,21,350,5,2,4,2.0,6,75120,M,,,75
201200059293,12,10,22,2249,5,2,3,1.0,2,75120,M,,,75
201200059294,12,10,23,1045,1,2,2,1.0,6,75120,M,,,75
201200059295,12,10,24,750,2,2,3,1.0,6,75120,M,,,75
201200059296,12,10,24,1745,1,2,1,1.0,7,75120,M,,,75
201200059297,12,10,26,1535,1,2,5,8.0,2,75120,M,,,75
201200059298,12,10,27,1125,1,2,1,1.0,6,75120,M,,,75
201200059299,12,10,27,2005,5,2,4,1.0,3,75120,M,,,75
201200059300,12,10,28,2205,3,2,1,2.0,6,75120,M,,,75
201200059301,12,10,29,2030,5,2,4,1.0,2,75120,M,,,75
201200059302,12,10,29,2040,5,2,4,1.0,4,75120,M,,,75
201200059303,12,11,2,1325,1,2,4,2.0,2,75120,M,,,75
201200059304,12,11,3,100,5,2,3,1.0,3,75120,M,,,75
201200059305,12,11,4,2130,5,2,5,1.0,3,75120,M,,,75
201200059306,12,11,5,930,1,2,5,1.0,6,75120,M,,,75
201200059307,12,11,6,1702,1,2,4,1.0,6,75120,M,,,75
201200059308,12,11,6,1955,5,2,1,1.0,2,75120,M,,,75
201200059309,12,11,7,800,1,2,2,1.0,3,75120,M,,,75
201200059310,12,11,6,1940,5,2,1,1.0,4,75120,M,,,75
201200059311,12,11,8,900,1,2,1,1.0,3,75120,M,,,75
201200059312,12,11,10,905,1,2,1,8.0,2,75120,M,,,75
201200059313,12,11,10,1500,1,2,5,1.0,6,75120,M,,,75
201200059314,12,11,11,1948,5,2,7,1.0,3,75120,M,,,75
201200059315,12,11,12,920,1,2,4,1.0,3,75112,M,,,75
201200059316,12,11,13,2110,5,2,5,1.0,6,75120,M,,,75
201200059317,12,11,13,830,1,2,1,1.0,6,75120,M,,,75
201200059318,12,11,14,930,1,2,2,1.0,6,75120,M,,,75
201200059319,12,11,14,1820,5,2,4,1.0,3,75120,M,,,75
201200059320,12,11,20,830,1,2,3,1.0,6,75120,M,,,75
201200059321,12,11,20,1635,2,2,1,1.0,6,75120,M,,,75
201200059322,12,11,21,950,1,2,2,2.0,7,75120,M,,,75
201200059323,12,11,22,1205,1,2,1,1.0,3,75120,M,,,75
201200059324,12,11,24,950,1,2,6,8.0,3,75120,M,,,75
201200059325,12,11,24,1430,1,2,2,1.0,3,75120,M,,,75
201200059326,12,11,24,1750,5,2,1,1.0,2,75120,M,,,75
201200059327,12,11,24,2220,5,2,3,1.0,3,75120,M,,,75
201200059328,12,11,26,1830,5,2,1,8.0,6,75120,M,,,75
201200059329,12,11,27,725,2,2,1,2.0,3,75120,M,,,75
201200059330,12,11,28,1510,1,2,1,1.0,6,75120,M,,,75
201200059331,12,11,28,2025,5,2,2,1.0,3,75120,M,,,75
201200059332,12,11,30,1130,1,2,1,1.0,6,75120,M,,,75
201200059333,12,12,2,1013,1,2,5,1.0,3,75120,M,,,75
201200059334,12,12,3,1005,1,2,2,2.0,6,75120,M,,,75
201200059335,12,11,30,1330,1,2,1,8.0,7,75120,M,,,75
201200059336,12,12,3,1350,1,2,3,2.0,3,75120,M,,,75
201200059337,12,12,3,1715,5,2,1,1.0,3,75120,M,,,75
201200059338,12,12,4,1110,1,2,5,1.0,6,75120,M,,,75
201200059339,12,12,4,1300,1,2,2,1.0,6,75120,M,,,75
201200059340,12,12,5,1220,1,2,3,1.0,3,75120,M,,,75
201200059341,12,12,7,1545,1,2,2,1.0,3,75120,M,,,75
201200059342,12,12,7,1740,5,2,2,2.0,3,75120,M,,,75
201200059343,12,12,8,1040,1,2,2,8.0,6,75120,M,,,75
201200059344,12,12,9,1420,1,2,3,1.0,2,75120,M,,,75
201200059345,12,12,9,1915,5,2,2,2.0,6,75120,M,,,75
201200059346,12,12,10,1840,5,2,2,1.0,3,75120,M,,,75
201200059347,12,12,11,750,2,2,5,1.0,6,75120,M,,,75
201200059348,12,12,8,1215,1,2,1,1.0,3,75120,M,,,75
201200059349,12,12,13,1140,1,2,1,2.0,6,75120,M,,,75
201200059350,12,12,13,1845,5,2,2,2.0,7,75120,M,,,75
201200059351,12,12,14,1045,1,2,2,2.0,6,75120,M,,,75
201200059352,12,12,15,1400,1,2,2,1.0,3,75120,M,,,75
201200059353,12,12,17,1522,1,2,5,1.0,3,75120,M,,,75
201200059354,12,12,18,2130,5,2,1,1.0,6,75120,M,,,75
201200059355,12,12,20,925,1,2,2,2.0,2,75120,M,,,75
201200059356,12,12,20,940,1,2,2,2.0,1,75119,M,,,75
201200059357,12,12,21,1845,5,2,3,8.0,6,75120,M,,,75
201200059358,12,12,23,1355,1,2,3,1.0,7,75120,M,,,75
201200059359,12,12,24,1500,1,2,1,1.0,3,75120,M,,,75
201200059360,12,12,26,1815,5,2,7,1.0,2,75120,M,,,75
201200059361,12,12,27,1535,1,2,1,2.0,3,75120,M,,,75
201200059362,12,12,28,1450,1,2,7,2.0,6,75120,M,,,75
201200059363,12,12,29,1015,1,2,6,1.0,2,75120,M,,,75
201200059364,12,12,29,1625,1,2,1,1.0,7,75119,M,,,75
201200059365,12,12,29,1730,2,2,2,1.0,6,75120,M,,,75
201200059366,12,12,29,1930,5,2,2,2.0,6,75120,M,,,75
201200059367,12,12,31,730,2,2,3,1.0,6,75120,M,,,75
201200059368,12,12,31,1650,2,2,4,1.0,6,75112,M,,,75
201200059369,12,1,1,330,5,2,2,2.0,6,75120,M,,,75
201200059370,12,1,1,605,5,2,2,8.0,6,75106,M,,,75
201200059371,12,1,3,1045,1,2,1,1.0,6,75111,M,,,75
201200059372,12,1,4,1300,1,2,3,1.0,6,75118,M,,,75
201200059373,12,1,4,1955,5,2,1,1.0,3,75117,M,,,75
201200059374,12,1,5,830,1,2,7,2.0,6,75107,M,,,75
201200059375,12,1,6,245,5,2,1,1.0,2,75112,M,,,75
201200059376,12,1,6,1410,1,2,3,1.0,6,75113,M,,,75
201200059377,12,1,8,215,5,2,4,1.0,6,75113,M,,,75
201200059378,12,1,10,1930,2,2,2,1.0,3,75108,M,,,75
201200059379,12,1,12,1030,1,2,1,1.0,1,75111,M,,,75
201200059380,12,1,13,913,1,2,4,1.0,2,75116,M,,,75
201200059381,12,1,13,1135,1,2,1,1.0,3,75112,M,,,75
201200059382,12,1,13,1540,1,2,1,1.0,6,75112,M,,,75
201200059383,12,1,14,245,5,2,4,1.0,7,75115,M,,,75
201200059384,12,1,17,800,1,2,1,1.0,1,75112,M,,,75
201200059385,12,1,18,2100,5,2,1,2.0,6,75118,M,,,75
201200059386,12,1,19,805,1,2,3,8.0,3,75112,M,,,75
201200059387,12,1,19,1840,4,2,1,9.0,6,75116,M,,,75
201200059388,12,1,20,425,5,2,2,1.0,6,75101,M,,,75
201200059389,12,1,20,850,1,2,1,1.0,6,75114,M,,,75
201200059390,12,1,20,1613,1,2,1,2.0,6,75108,M,,,75
201200059391,12,1,22,2110,5,2,7,1.0,3,75109,M,,,75
201200059392,12,1,23,1455,1,2,5,1.0,3,75104,M,,,75
201200059393,12,1,23,2122,5,2,2,1.0,6,75103,M,,,75
201200059394,12,1,24,1010,1,2,2,1.0,3,75105,M,,,75
201200059395,12,1,24,1630,1,2,2,2.0,6,75114,M,,,75
201200059396,12,1,24,1930,5,2,2,2.0,6,75107,M,,,75
201200059397,12,1,24,2335,5,2,4,2.0,6,75116,M,,,75
201200059398,12,1,27,1405,1,2,1,1.0,3,75114,M,,,75
201200059399,12,1,27,1930,5,2,1,1.0,6,75111,M,,,75
201200059400,12,1,29,155,5,2,2,1.0,6,75111,M,,,75
201200059401,12,1,31,2150,5,2,1,1.0,6,75115,M,,,75
201200059402,12,2,1,2000,5,2,3,1.0,6,75118,M,,,75
201200059403,12,2,2,1535,1,2,5,1.0,6,75112,M,,,75
201200059404,12,2,6,1050,1,2,3,1.0,2,75104,M,,,75
201200059405,12,2,6,1450,1,2,7,1.0,6,75112,M,,,75
201200059406,12,2,6,1940,5,2,2,1.0,3,75115,M,,,75
201200059407,12,2,7,920,1,2,1,1.0,6,75110,M,,,75
201200059408,12,2,7,940,1,2,3,1.0,6,75116,M,,,75
201200059409,12,2,9,315,5,2,2,1.0,3,75104,M,,,75
201200059410,12,2,10,130,5,2,7,1.0,6,75111,M,,,75
201200059411,12,2,11,1930,5,2,1,1.0,6,75118,M,,,75
201200059412,12,2,12,150,5,2,2,1.0,3,75120,M,,,75
201200059413,12,2,12,710,2,2,2,1.0,3,75108,M,,,75
201200059414,12,2,12,1330,1,2,3,1.0,6,75112,M,,,75
201200059415,12,2,16,1000,1,2,1,1.0,6,75112,M,,,75
201200059416,12,2,17,20,5,2,1,1.0,3,75110,M,,,75
201200059417,12,2,17,830,1,2,1,1.0,3,75115,M,,,75
201200059418,12,2,17,1,5,2,1,1.0,6,75113,M,,,75
201200059419,12,2,18,1705,1,2,1,8.0,6,75109,M,,,75
201200059420,12,2,21,2205,5,2,1,1.0,3,75104,M,,,75
201200059421,12,2,22,120,5,2,5,1.0,3,75118,M,,,75
201200059422,12,2,22,1730,5,2,1,1.0,5,75118,M,,,75
201200059423,12,2,23,635,5,2,1,2.0,6,75117,M,,,75
201200059424,12,2,23,1805,5,2,2,1.0,7,75104,M,,,75
201200059425,12,2,23,2010,5,2,3,1.0,6,75112,M,,,75
201200059426,12,2,24,1225,1,2,7,1.0,6,75118,M,,,75
201200059427,12,2,25,315,5,2,1,1.0,6,75118,M,,,75
201200059428,12,2,25,822,1,2,1,1.0,6,75116,M,,,75
201200059429,12,2,27,1125,1,2,2,1.0,6,75102,M,,,75
201200059430,12,2,29,15,5,2,1,1.0,6,75116,M,,,75
201200059431,12,3,1,1025,1,2,2,1.0,6,75114,M,,,75
201200059432,12,3,1,2120,5,2,2,1.0,3,75101,M,,,75
201200059433,12,3,2,1114,1,2,2,1.0,3,75113,M,,,75
201200059434,12,3,2,1857,5,2,1,1.0,7,75117,M,,,75
201200059435,12,3,4,30,5,2,2,1.0,6,75116,M,,,75
201200059436,12,3,4,2350,5,2,2,1.0,3,75115,M,,,75
201200059437,12,3,7,1950,5,2,2,1.0,6,75114,M,,,75
201200059438,12,3,12,1805,1,2,2,1.0,1,75113,M,,,75
201200059439,12,3,14,1906,2,2,1,1.0,3,75120,M,,,75
201200059440,12,3,16,935,1,2,7,1.0,2,75110,M,,,75
201200059441,12,3,16,1758,1,2,3,2.0,6,75117,M,,,75
201200059442,12,3,16,2255,5,2,2,1.0,3,75112,M,,,75
201200059443,12,3,21,1536,1,2,3,1.0,6,75112,M,,,75
201200059444,12,3,22,1550,1,2,1,1.0,6,75112,M,,,75
201200059445,12,3,23,2155,5,2,2,1.0,3,75120,M,,,75
201200059446,12,3,26,950,1,2,2,1.0,6,75107,M,,,75
201200059447,12,3,26,1140,1,2,2,1.0,6,75104,M,,,75
201200059448,12,3,26,1310,1,2,2,1.0,3,75116,M,,,75
201200059449,12,3,27,1010,1,2,7,1.0,3,75107,M,,,75
201200059450,12,3,28,1510,1,2,1,1.0,6,75108,M,,,75
201200059451,12,3,28,1530,1,2,1,1.0,4,75113,M,,,75
201200059452,12,3,30,120,5,2,2,1.0,3,75115,M,,,75
201200059453,12,3,30,1135,1,2,3,1.0,3,75114,M,,,75
201200059454,12,3,30,1612,1,2,1,1.0,3,75117,M,,,75
201200059455,12,3,31,1630,1,2,1,1.0,4,75116,M,,,75
201200059456,12,4,1,1940,5,2,1,1.0,4,75118,M,,,75
201200059457,12,4,2,15,5,2,2,1.0,3,75112,M,,,75
201200059458,12,4,3,800,1,2,1,1.0,3,75115,M,,,75
201200059459,12,4,3,1530,1,2,5,1.0,6,75109,M,,,75
201200059460,12,4,4,500,5,2,1,1.0,6,75108,M,,,75
201200059461,12,4,4,850,1,2,1,1.0,3,75104,M,,,75
201200059462,12,4,4,1510,1,2,2,1.0,6,75101,M,,,75
201200059463,12,4,4,1915,5,2,4,1.0,2,75116,M,,,75
201200059464,12,4,5,1245,1,2,7,1.0,7,75105,M,,,75
201200059465,12,4,6,2235,5,2,2,1.0,3,75112,M,,,75
201200059466,12,4,7,1900,1,2,3,8.0,6,75112,M,,,75
201200059467,12,4,9,1430,1,2,3,1.0,3,75114,M,,,75
201200059468,12,4,13,455,5,2,1,1.0,2,75120,M,,,75
201200059469,12,4,13,635,1,2,4,1.0,6,75115,M,,,75
201200059470,12,4,13,1925,1,2,2,8.0,3,75112,M,,,75
201200059471,12,4,14,1,5,2,7,1.0,6,75109,M,,,75
201200059472,12,4,15,956,1,2,2,1.0,3,75109,M,,,75
201200059473,12,4,15,1950,2,2,7,1.0,3,75116,M,,,75
201200059474,12,4,17,1300,1,2,1,2.0,2,75118,M,,,75
201200059475,12,4,17,1555,1,2,1,3.0,2,75101,M,,,75
201200059476,12,4,18,225,5,2,1,9.0,6,75114,M,,,75
201200059477,12,4,18,2040,5,2,1,2.0,3,75116,M,,,75
201200059478,12,4,19,945,1,2,2,1.0,6,75120,M,,,75
201200059479,12,4,20,255,5,2,1,1.0,6,75115,M,,,75
201200059480,12,4,20,1645,1,2,5,1.0,6,75110,M,,,75
201200059481,12,4,20,1930,1,2,2,1.0,3,75108,M,,,75
201200059482,12,4,21,355,5,2,1,1.0,6,75112,M,,,75
201200059483,12,4,24,1620,1,2,5,1.0,3,75117,M,,,75
201200059484,12,4,25,655,1,2,3,2.0,6,75102,M,,,75
201200059485,12,4,28,1335,1,2,2,2.0,6,75103,M,,,75
201200059486,12,4,28,1430,1,2,2,2.0,3,75101,M,,,75
201200059487,12,4,28,1910,1,2,1,2.0,4,75120,M,,,75
201200059488,12,4,29,240,5,2,7,2.0,6,75104,M,,,75
201200059489,12,4,30,2255,5,2,1,1.0,6,75116,M,,,75
201200059490,12,5,1,1340,1,2,1,1.0,6,75112,M,,,75
201200059491,12,5,2,1030,1,2,5,1.0,3,75117,M,,,75
201200059492,12,5,2,1300,1,2,5,1.0,6,75107,M,,,75
201200059493,12,5,3,1815,1,2,3,1.0,6,75109,M,,,75
201200059494,12,5,4,855,1,2,1,1.0,6,75104,M,,,75
201200059495,12,5,5,150,5,2,1,1.0,7,75104,M,,,75
201200059496,12,5,5,730,1,2,1,1.0,6,75113,M,,,75
201200059497,12,5,6,1955,1,2,1,1.0,3,75113,M,,,75
201200059498,12,5,7,1025,1,2,4,1.0,3,75113,M,,,75
201200059499,12,5,9,25,5,2,3,2.0,6,75118,M,,,75
201200059500,12,5,9,1600,1,2,1,1.0,3,75103,M,,,75
201200059501,12,5,9,2120,5,2,1,1.0,6,75117,M,,,75
201200059502,12,5,10,853,1,2,1,1.0,3,75110,M,,,75
201200059503,12,5,10,1300,1,2,2,1.0,2,75119,M,,,75
201200059504,12,5,11,2005,1,2,4,1.0,6,75113,M,,,75
201200059505,12,5,11,1830,1,2,3,1.0,6,75117,M,,,75
201200059506,12,5,12,1015,1,2,7,1.0,4,75107,M,,,75
201200059507,12,5,13,850,1,2,7,1.0,3,75107,M,,,75
201200059508,12,5,13,2355,5,2,5,1.0,3,75109,M,,,75