Num_Acc,an,mois,jour,hrmn,lum,agg,int,atm,col,com,gps,lat,long,dep
201200059509,12,5,14,1235,1,2,7,1.0,6,75118,M,,,75
201200059510,12,5,14,1435,1,2,2,1.0,3,75118,M,,,75
201200059511,12,5,15,115,5,2,1,1.0,6,75112,M,,,75
201200059512,12,5,15,945,1,2,1,1.0,3,75108,M,,,75
201200059513,12,5,10,1755,1,2,5,1.0,6,75119,M,,,75
201200059514,12,5,16,1145,1,2,3,1.0,6,75118,M,,,75
201200059515,12,5,18,1120,1,2,7,1.0,3,75117,M,,,75
201200059516,12,5,22,1615,1,2,1,1.0,6,75116,M,,,75
201200059517,12,5,22,1640,1,2,2,1.0,3,75114,M,,,75
201200059518,12,5,23,135,5,2,7,1.0,3,75117,M,,,75
201200059519,12,5,23,1905,1,2,2,1.0,6,75101,M,,,75
201200059520,12,5,23,2245,5,2,2,1.0,3,75111,M,,,75
201200059521,12,5,24,730,1,2,7,1.0,6,75120,M,,,75
201200059522,12,5,24,1705,1,2,1,1.0,3,75119,M,,,75
201200059523,12,5,25,735,1,2,1,1.0,5,75116,M,,,75
201200059524,12,5,25,1850,1,2,1,1.0,6,75117,M,,,75
201200059525,12,5,26,1850,1,2,2,1.0,6,75112,M,,,75
201200059526,12,5,27,320,5,2,1,1.0,7,75103,M,,,75
201200059527,12,5,28,45,5,2,1,1.0,6,75118,M,,,75
201200059528,12,5,29,130,5,2,1,1.0,3,75116,M,,,75
201200059529,12,5,29,900,1,2,1,1.0,6,75112,M,,,75
201200059530,12,5,31,1625,1,2,1,1.0,3,75114,M,,,75
201200059531,12,5,31,1830,1,2,1,1.0,6,75116,M,,,75
201200059532,12,6,1,225,5,2,3,1.0,6,75111,M,,,75
201200059533,12,6,2,1235,1,2,1,1.0,6,75116,M,,,75
201200059534,12,6,4,1305,1,2,2,1.0,6,75120,M,,,75
201200059535,12,6,4,1605,1,2,1,1.0,3,75115,M,,,75
201200059536,12,6,4,1755,1,2,1,1.0,7,75116,M,,,75
201200059537,12,6,5,733,1,2,3,1.0,3,75113,M,,,75
201200059538,12,6,6,1930,1,2,5,1.0,6,75111,M,,,75
201200059539,12,6,7,1232,1,2,1,2.0,2,75114,M,,,75
201200059540,12,6,8,105,5,2,3,1.0,6,75114,M,,,75
201200059541,12,6,8,625,1,2,7,1.0,6,75101,M,,,75
201200059542,12,6,9,400,5,2,1,1.0,6,75110,M,,,75
201200059543,12,6,9,530,2,2,1,1.0,4,75118,M,,,75
201200059544,12,6,9,1815,1,2,1,1.0,6,75116,M,,,75
201200059545,12,6,11,1200,1,2,1,1.0,6,75120,M,,,75
201200059546,12,6,12,700,2,2,1,1.0,4,75112,M,,,75
201200059547,12,6,15,135,5,2,1,1.0,7,75116,M,,,75
201200059548,12,6,15,1030,1,2,7,1.0,4,75116,M,,,75
201200059549,12,6,17,105,5,2,1,1.0,6,75116,M,,,75
201200059550,12,6,16,1510,1,2,2,1.0,6,75109,M,,,75
201200059551,12,6,17,614,2,2,2,1.0,6,75110,M,,,75
201200059552,12,6,18,853,1,2,2,1.0,3,75105,M,,,75
201200059553,12,6,18,1930,1,2,1,1.0,6,75115,M,,,75
201200059554,12,6,20,1050,1,2,1,1.0,2,75108,M,,,75
201200059555,12,6,20,2110,1,2,2,1.0,3,75115,M,,,75
201200059556,12,6,21,1740,1,2,2,1.0,1,75105,M,,,75
201200059557,12,6,22,130,5,2,3,1.0,6,75108,M,,,75
201200059558,12,6,22,1740,1,2,1,1.0,6,75111,M,,,75
201200059559,12,6,23,942,1,2,2,1.0,3,75118,M,,,75
201200059560,12,6,23,1535,1,2,1,1.0,2,75117,M,,,75
201200059561,12,6,23,1805,1,2,2,1.0,3,75115,M,,,75
201200059562,12,6,24,200,5,2,1,1.0,6,75115,M,,,75
201200059563,12,6,24,2245,5,2,2,1.0,1,75111,M,,,75
201200059564,12,6,26,1420,1,2,2,1.0,6,75102,M,,,75
201200059565,12,6,27,2210,5,2,2,1.0,3,75119,M,,,75
201200059566,12,6,28,230,5,2,2,1.0,3,75102,M,,,75
201200059567,12,6,28,1055,1,2,7,1.0,2,75114,M,,,75
201200059568,12,6,28,1300,1,2,2,1.0,6,75120,M,,,75
201200059569,12,6,29,720,1,2,2,1.0,6,75118,M,,,75
201200059570,12,6,29,1350,1,2,1,1.0,2,75112,M,,,75
201200059571,12,6,30,2055,1,2,1,1.0,6,75108,M,,,75
201200059572,12,6,30,2245,5,2,1,1.0,2,75102,M,,,75
201200059573,12,7,1,630,1,2,3,1.0,6,75107,M,,,75
201200059574,12,7,1,710,1,2,1,1.0,6,75116,M,,,75
201200059575,12,7,1,1259,1,2,1,1.0,6,75116,M,,,75
201200059576,12,7,2,655,1,2,1,1.0,3,75112,M,,,75
201200059577,12,7,2,1000,1,2,1,1.0,7,75116,M,,,75
201200059578,12,7,2,1719,1,2,5,1.0,6,75105,M,,,75
201200059579,12,7,2,1945,1,2,3,1.0,2,75116,M,,,75
201200059580,12,7,3,1,5,2,1,1.0,6,75108,M,,,75
201200059581,12,7,3,1400,1,2,2,1.0,6,75114,M,,,75
201200059582,12,7,3,1540,1,2,3,1.0,6,75119,M,,,75
201200059583,12,7,4,1730,1,2,1,1.0,6,75113,M,,,75
201200059584,12,7,5,1030,1,2,1,1.0,3,75116,M,,,75
201200059585,12,7,5,1907,1,2,2,3.0,6,75103,M,,,75
201200059586,12,7,5,2240,5,2,2,1.0,6,75117,M,,,75
201200059587,12,7,6,1535,1,2,1,1.0,2,75116,M,,,75
201200059588,12,7,6,1555,1,2,2,1.0,6,75104,M,,,75
201200059589,12,7,7,1525,1,2,1,2.0,6,75110,M,,,75
201200059590,12,7,8,1915,1,2,1,1.0,3,75117,M,,,75
201200059591,12,7,9,1156,1,2,4,1.0,6,75113,M,,,75
201200059592,12,7,9,1440,1,2,3,1.0,6,75120,M,,,75
201200059593,12,7,9,1505,1,2,2,1.0,6,75120,M,,,75
201200059594,12,7,10,1430,1,2,5,1.0,3,75114,M,,,75
201200059595,12,7,10,1625,1,2,4,1.0,3,75117,M,,,75
201200059596,12,7,11,1628,1,2,1,1.0,6,75110,M,,,75
201200059597,12,7,12,415,5,2,3,1.0,2,75109,M,,,75
201200059598,12,7,14,305,5,2,3,1.0,6,75104,M,,,75
201200059599,12,7,14,545,2,2,2,1.0,3,75117,M,,,75
201200059600,12,7,14,610,1,2,1,1.0,4,75116,M,,,75
201200059601,12,7,14,955,1,2,5,1.0,3,75108,M,,,75
201200059602,12,7,15,350,5,2,4,1.0,3,75109,M,,,75
201200059603,12,7,15,445,5,2,1,1.0,6,75106,M,,,75
201200059604,12,7,16,1510,1,2,1,1.0,3,75113,M,,,75
201200059605,12,7,17,1052,1,2,2,1.0,6,75118,M,,,75
201200059606,12,7,17,1920,1,2,1,1.0,6,75115,M,,,75
201200059607,12,7,18,1655,1,2,2,1.0,6,75107,M,,,75
201200059608,12,7,18,1800,1,2,2,1.0,6,75119,M,,,75
201200059609,12,7,21,1010,1,2,1,1.0,6,75105,M,,,75
201200059610,12,7,21,1120,1,2,1,1.0,2,75114,M,,,75
201200059611,12,7,22,1855,1,2,2,1.0,6,75119,M,,,75
201200059612,12,7,23,735,1,2,1,1.0,3,75119,M,,,75
201200059613,12,7,23,905,1,2,1,1.0,4,75112,M,,,75
201200059614,12,7,24,1350,1,2,1,1.0,6,75111,M,,,75
201200059615,12,7,25,1429,1,2,1,1.0,6,75106,M,,,75
201200059616,12,7,29,225,5,2,1,1.0,2,75120,M,,,75
201200059617,12,7,29,455,2,2,1,1.0,6,75117,M,,,75
201200059618,12,7,30,2245,5,2,7,1.0,2,75113,M,,,75
201200059619,12,8,2,200,5,2,5,1.0,3,75109,M,,,75
201200059620,12,8,6,1520,1,2,2,1.0,6,75110,M,,,75
201200059621,12,8,6,1800,1,2,1,1.0,6,75118,M,,,75
201200059622,12,8,7,1726,1,2,1,1.0,6,75118,M,,,75
201200059623,12,8,8,1815,1,2,2,1.0,6,75118,M,,,75
201200059624,12,8,8,2150,5,2,1,1.0,6,75112,M,,,75
201200059625,12,8,10,202,5,2,2,1.0,3,75118,M,,,75
201200059626,12,8,10,1310,1,2,2,1.0,6,75110,M,,,75
201200059627,12,8,11,340,5,2,1,1.0,6,75112,M,,,75
201200059628,12,8,12,2010,1,2,5,1.0,3,75113,M,,,75
201200059629,12,8,14,345,5,2,3,6.0,7,75109,M,,,75
201200059630,12,8,14,1234,1,2,3,1.0,4,75107,M,,,75
201200059631,12,8,14,2026,1,2,5,1.0,6,75115,M,,,75
201200059632,12,8,14,2330,5,2,5,1.0,3,75117,M,,,75
201200059633,12,8,15,1700,1,2,1,1.0,6,75119,M,,,75
201200059634,12,8,17,410,5,2,3,1.0,3,75118,M,,,75
201200059635,12,8,17,805,1,2,2,1.0,4,75111,M,,,75
201200059636,12,8,18,1520,1,2,7,1.0,3,75111,M,,,75
201200059637,12,8,18,2215,5,2,1,1.0,6,75111,M,,,75
201200059638,12,8,19,1615,1,2,1,1.0,1,75112,M,,,75
201200059639,12,8,22,1520,1,2,2,1.0,3,75111,M,,,75
201200059640,12,8,22,1845,1,2,1,1.0,6,75116,M,,,75
201200059641,12,8,23,2355,5,2,5,1.0,5,75115,M,,,75
201200059642,12,8,23,1435,1,2,5,1.0,6,75108,M,,,75
201200059643,12,8,24,616,2,2,1,1.0,6,75120,M,,,75
201200059644,12,8,24,1,5,2,2,1.0,6,75103,M,,,75
201200059645,12,8,27,450,5,2,7,1.0,3,75108,M,,,75
201200059646,12,8,27,1420,1,2,2,1.0,2,75115,M,,,75
201200059647,12,8,27,1350,1,2,2,1.0,1,75120,M,,,75
201200059648,12,8,27,1835,1,2,3,1.0,6,75119,M,,,75
201200059649,12,8,28,1255,1,2,1,1.0,6,75113,M,,,75
201200059650,12,8,30,115,5,2,1,1.0,6,75116,M,,,75
201200059651,12,8,30,1230,1,2,1,1.0,5,75114,M,,,75
201200059652,12,9,2,1115,1,2,2,1.0,3,75106,M,,,75
201200059653,12,9,4,1425,1,2,4,1.0,3,75112,M,,,75
201200059654,12,9,7,230,5,2,7,1.0,6,75116,M,,,75
201200059655,12,9,8,450,5,2,3,1.0,6,75117,M,,,75
201200059656,12,9,8,650,2,2,3,1.0,2,75110,M,,,75
201200059657,12,9,8,1655,1,2,5,1.0,6,75111,M,,,75
201200059658,12,9,10,1423,1,2,2,1.0,6,75114,M,,,75
201200059659,12,9,11,1450,1,2,7,3.0,3,75112,M,,,75
201200059660,12,9,12,1445,1,2,5,1.0,6,75110,M,,,75
201200059661,12,9,13,955,1,2,1,1.0,3,75105,M,,,75
201200059662,12,9,13,1010,1,2,2,1.0,3,75115,M,,,75
201200059663,12,9,14,150,3,2,3,1.0,1,75116,M,,,75
201200059664,12,9,15,1045,1,2,3,1.0,3,75120,M,,,75
201200059665,12,9,16,1014,1,2,2,1.0,6,75116,M,,,75
201200059666,12,9,16,2130,5,2,5,1.0,3,75117,M,,,75
201200059667,12,9,16,1240,1,2,2,1.0,3,75109,M,,,75
201200059668,12,9,16,1520,1,2,1,1.0,6,75119,M,,,75
201200059669,12,9,18,1118,1,2,5,1.0,6,75117,M,,,75
201200059670,12,9,19,920,1,2,1,1.0,4,75119,M,,,75
201200059671,12,9,19,2210,5,2,3,1.0,3,75113,M,,,75
201200059672,12,9,21,1620,1,2,1,2.0,6,75116,M,,,75
201200059673,12,9,24,1540,1,2,2,1.0,3,75115,M,,,75
201200059674,12,9,25,1440,1,2,2,1.0,1,75110,M,,,75
201200059675,12,9,27,215,5,2,5,1.0,6,75112,M,,,75
201200059676,12,9,27,1635,1,2,3,1.0,6,75114,M,,,75
201200059677,12,9,27,1545,1,2,1,1.0,3,75115,M,,,75
201200059678,12,9,27,2230,5,2,5,1.0,3,75114,M,,,75
201200059679,12,9,28,45,5,2,3,1.0,7,75116,M,,,75
201200059680,12,9,28,1720,1,2,3,1.0,4,75111,M,,,75
201200059681,12,9,28,1855,2,2,1,1.0,2,75119,M,,,75
201200059682,12,9,29,1430,1,2,1,1.0,6,75112,M,,,75
201200059683,12,9,29,1835,2,2,5,1.0,3,75115,M,,,75
201200059684,12,10,2,15,5,2,2,1.0,3,75111,M,,,75
201200059685,12,10,2,245,5,2,2,1.0,3,75106,M,,,75
201200059686,12,10,2,1100,1,2,1,1.0,3,75115,M,,,75
201200059687,12,10,2,1540,1,2,7,1.0,6,75116,M,,,75
201200059688,12,10,4,1845,2,2,1,1.0,6,75118,M,,,75
201200059689,12,10,5,415,5,2,4,1.0,6,75110,M,,,75
201200059690,12,10,5,1650,1,2,1,1.0,4,75115,M,,,75
201200059691,12,10,6,340,5,2,1,1.0,6,75116,M,,,75
201200059692,12,10,6,1327,1,2,1,2.0,3,75116,M,,,75
201200059693,12,10,6,1525,1,2,1,3.0,6,75116,M,,,75
201200059694,12,10,7,945,1,2,1,1.0,6,75115,M,,,75
201200059695,12,10,8,830,1,2,1,3.0,2,75112,M,,,75
201200059696,12,10,8,2045,5,2,1,2.0,6,75118,M,,,75
201200059697,12,10,9,1335,1,2,1,1.0,6,75116,M,,,75
201200059698,12,10,9,1730,1,2,5,1.0,6,75108,M,,,75
201200059699,12,10,10,1149,1,2,4,2.0,6,75114,M,,,75
201200059700,12,10,11,522,5,2,1,1.0,2,75116,M,,,75
201200059701,12,10,11,1120,1,2,1,1.0,7,75116,M,,,75
201200059702,12,10,11,1335,1,2,3,2.0,3,75117,M,,,75
201200059703,12,10,11,2105,5,2,7,2.0,6,75120,M,,,75
201200059704,12,10,12,150,5,2,1,1.0,6,75119,M,,,75
201200059705,12,10,12,1610,1,2,3,1.0,6,75114,M,,,75
201200059706,12,10,12,1930,5,2,1,1.0,2,75117,M,,,75
201200059707,12,10,13,1730,1,2,1,2.0,5,75104,M,,,75
201200059708,12,10,14,650,2,2,5,1.0,2,75116,M,,,75
201200059709,12,10,15,110,5,2,1,1.0,6,75110,M,,,75
201200059710,12,10,15,1131,1,2,7,1.0,2,75116,M,,,75
201200059711,12,10,16,650,2,2,1,2.0,1,75116,M,,,75
201200059712,12,10,16,700,2,2,1,2.0,6,75112,M,,,75
201200059713,12,10,16,1255,1,2,3,1.0,3,75107,M,,,75
201200059714,12,10,18,300,5,2,2,1.0,6,75113,M,,,75
201200059715,12,10,18,850,1,2,1,1.0,6,75109,M,,,75
201200059716,12,10,19,920,1,2,3,1.0,6,75115,M,,,75
201200059717,12,10,19,1630,1,2,2,1.0,2,75103,M,,,75
201200059718,12,10,20,945,1,2,1,2.0,6,75120,M,,,75
201200059719,12,10,20,2020,5,2,3,2.0,2,75118,M,,,75
201200059720,12,10,21,435,5,2,3,2.0,6,75116,M,,,75
201200059721,12,9,17,2125,5,2,2,1.0,6,75104,M,,,75
201200059722,12,10,22,1210,1,2,3,1.0,6,75112,M,,,75
201200059723,12,10,22,2100,5,2,2,1.0,3,75114,M,,,75
201200059724,12,10,24,658,2,2,1,1.0,3,75112,M,,,75
201200059725,12,10,24,1419,1,2,2,1.0,3,75114,M,,,75
201200059726,12,10,25,1620,1,2,1,1.0,2,75112,M,,,75
201200059727,12,10,25,1800,2,2,1,1.0,1,75116,M,,,75
201200059728,12,10,26,235,5,2,1,1.0,2,75114,M,,,75
201200059729,12,10,27,145,5,2,4,1.0,3,75116,M,,,75
201200059730,12,10,27,550,5,2,3,1.0,7,75105,M,,,75
201200059731,12,10,29,1615,1,2,1,1.0,6,75114,M,,,75
201200059732,12,10,30,1330,1,2,1,1.0,6,75111,M,,,75
201200059733,12,11,1,350,5,2,2,1.0,2,75113,M,,,75
201200059734,12,11,2,1935,5,2,2,1.0,6,75113,M,,,75
201200059735,12,11,7,1230,1,2,2,1.0,6,75112,M,,,75
201200059736,12,11,9,1600,1,2,1,2.0,4,75113,M,,,75
201200059737,12,11,12,1200,1,2,2,1.0,3,75103,M,,,75
201200059738,12,11,12,1616,1,2,1,1.0,3,75116,M,,,75
201200059739,12,11,12,1900,5,2,5,1.0,7,75101,M,,,75
201200059740,12,11,13,1808,5,2,5,1.0,6,75116,M,,,75
201200059741,12,11,16,35,5,2,1,1.0,6,75118,M,,,75
201200059742,12,11,16,1020,1,2,3,1.0,6,75112,M,,,75
201200059743,12,11,16,1940,5,2,2,1.0,6,75107,M,,,75
201200059744,12,11,17,533,5,2,1,5.0,6,75112,M,,,75
201200059745,12,11,17,540,5,2,2,1.0,3,75108,M,,,75
201200059746,12,11,18,636,5,2,2,2.0,3,75106,M,,,75
201200059747,12,11,19,915,1,2,1,1.0,3,75113,M,,,75
201200059748,12,11,14,1140,1,2,5,1.0,6,75117,M,,,75
201200059749,12,11,20,2340,5,2,5,1.0,3,75109,M,,,75
201200059750,12,11,21,1441,1,2,2,1.0,3,75116,M,,,75
201200059751,12,11,24,2244,5,2,2,1.0,3,75119,M,,,75
201200059752,12,11,25,435,5,2,2,1.0,6,75112,M,,,75
201200059753,12,11,27,245,5,2,1,1.0,6,75116,M,,,75
201200059754,12,11,28,1430,1,2,2,1.0,3,75107,M,,,75
201200059755,12,12,2,145,5,2,1,1.0,2,75101,M,,,75
201200059756,12,12,2,1255,1,2,1,1.0,4,75110,M,,,75
201200059757,12,12,2,1520,1,2,1,1.0,6,75104,M,,,75
201200059758,12,12,3,710,2,2,1,2.0,6,75110,M,,,75
201200059759,12,12,4,1155,1,2,5,1.0,6,75117,M,,,75
201200059760,12,12,4,1620,1,2,7,1.0,6,75116,M,,,75
201200059761,12,12,5,240,5,2,1,1.0,3,75113,M,,,75
201200059762,12,12,5,1550,1,2,2,2.0,6,75112,M,,,75
201200059763,12,12,8,210,5,2,2,2.0,3,75115,M,,,75
201200059764,12,12,9,54,5,2,5,1.0,3,75117,M,,,75
201200059765,12,12,9,630,5,2,1,1.0,6,75116,M,,,75
201200059766,12,12,11,755,2,2,1,1.0,4,75105,M,,,75
201200059767,12,12,11,1155,1,2,1,1.0,7,75107,M,,,75
201200059768,12,12,12,610,5,2,1,1.0,3,75115,M,,,75
201200059769,12,12,13,330,5,2,1,1.0,3,75116,M,,,75
201200059770,12,12,14,45,5,2,1,1.0,3,75108,M,,,75
201200059771,12,12,16,125,5,2,1,8.0,6,75112,M,,,75
201200059772,12,12,16,1927,5,2,2,2.0,6,75113,M,,,75
201200059773,12,12,16,2020,5,2,7,2.0,3,75113,M,,,75
201200059774,12,12,17,1415,1,2,2,1.0,3,75112,M,,,75
201200059775,12,12,17,1925,5,2,1,1.0,6,75105,M,,,75
201200059776,12,12,18,1045,1,2,1,2.0,3,75108,M,,,75
201200059777,12,12,18,1820,4,2,5,1.0,6,75120,M,,,75
201200059778,12,12,19,1130,1,2,1,1.0,6,75105,M,,,75
201200059779,12,12,21,637,5,2,2,1.0,5,75106,M,,,75
201200059780,12,12,21,805,1,2,4,1.0,6,75111,M,,,75
201200059781,12,12,21,1650,1,2,5,1.0,6,75107,M,,,75
201200059782,12,12,22,1850,5,2,2,2.0,6,75116,M,,,75
201200059783,12,12,24,1350,1,2,1,1.0,6,75108,M,,,75
201200059784,12,12,27,1735,5,2,5,1.0,6,75117,M,,,75
201200059785,12,12,28,1510,1,2,2,1.0,6,75112,M,,,75
201200059786,12,1,1,820,2,2,1,2.0,6,75113,M,,,75
201200059787,12,1,1,1130,1,2,1,1.0,6,75120,M,,,75
201200059788,12,1,2,1430,1,2,1,1.0,2,75112,M,,,75
201200059789,12,1,3,725,5,2,1,1.0,4,75117,M,,,75
201200059790,12,1,3,1005,1,2,1,1.0,3,75112,M,,,75
201200059791,12,1,4,1020,1,2,1,1.0,3,75113,M,,,75
201200059792,12,1,4,1328,1,2,1,1.0,2,75118,M,,,75
201200059793,12,1,4,1450,1,2,1,1.0,6,75116,M,,,75
201200059794,12,1,4,1800,5,2,1,1.0,3,75117,M,,,75
201200059795,12,1,5,530,5,2,1,6.0,2,75112,M,,,75
201200059796,12,1,5,1620,1,2,1,1.0,4,75114,M,,,75
201200059797,12,1,7,630,5,2,4,1.0,6,75119,M,,,75
201200059798,12,1,7,1515,1,2,1,1.0,3,75112,M,,,75
201200059799,12,1,7,1940,5,2,1,1.0,3,75113,M,,,75
201200059800,12,1,7,1950,4,2,1,1.0,2,75118,M,,,75
201200059801,12,1,9,2115,5,2,1,1.0,2,75119,M,,,75
201200059802,12,1,11,1710,2,2,1,1.0,2,75119,M,,,75
201200059803,12,1,11,1640,1,2,1,8.0,3,75114,M,,,75
201200059804,12,1,11,1725,1,2,1,1.0,6,75115,M,,,75
201200059805,12,1,12,1055,1,2,1,1.0,3,75112,M,,,75
201200059806,12,1,12,1140,1,2,1,1.0,7,75119,M,,,75
201200059807,12,1,12,1500,1,2,1,1.0,7,75119,M,,,75
201200059808,12,1,12,1830,5,2,1,1.0,2,75116,M,,,75
201200059809,12,1,12,1830,5,2,1,1.0,3,75120,M,,,75
201200059810,12,1,13,1820,5,2,1,1.0,2,75116,M,,,75
201200059811,12,1,13,1440,1,2,4,1.0,2,75120,M,,,75
201200059812,12,1,14,2000,5,2,1,1.0,2,75113,M,,,75
201200059813,12,1,14,1800,5,2,1,1.0,6,75117,M,,,75
201200059814,12,1,12,38,3,2,1,1.0,7,75120,M,,,75
201200059815,12,1,15,700,5,2,1,1.0,4,75119,M,,,75
201200059816,12,1,15,1415,1,2,1,1.0,4,75112,M,,,75
201200059817,12,1,17,1845,5,2,1,1.0,6,75113,M,,,75
201200059818,12,1,18,1415,1,2,4,1.0,4,75120,M,,,75
201200059819,12,1,18,1930,5,2,1,1.0,4,75113,M,,,75
201200059820,12,1,20,1630,2,2,1,1.0,3,75116,M,,,75
201200059821,12,1,21,430,5,2,1,1.0,7,75120,M,,,75
201200059822,12,1,21,900,1,2,1,1.0,6,75118,M,,,75
201200059823,12,1,21,1045,1,2,1,2.0,4,75118,M,,,75
201200059824,12,1,23,1335,1,2,1,1.0,6,75120,M,,,75
201200059825,12,1,26,955,1,2,1,2.0,6,75119,M,,,75
201200059826,12,1,26,1830,5,2,1,1.0,3,75112,M,,,75
201200059827,12,1,27,650,5,2,1,1.0,2,75119,M,,,75
201200059828,12,1,27,1200,1,2,1,1.0,4,75113,M,,,75
201200059829,12,1,28,205,5,2,1,1.0,6,75118,M,,,75
201200059830,12,1,26,1645,2,2,1,9.0,4,75116,M,,,75
201200059831,12,1,30,920,1,2,1,1.0,7,75118,M,,,75
201200059832,12,1,30,940,5,2,1,1.0,4,75120,M,,,75
201200059833,12,1,30,1450,1,2,1,1.0,7,75119,M,,,75
201200059834,12,1,31,1235,1,2,1,1.0,2,75114,M,,,75
201200059835,12,2,1,1545,1,2,1,1.0,4,75116,M,,,75
201200059836,12,2,1,2230,5,2,4,1.0,2,75119,M,,,75
201200059837,12,2,2,1830,5,2,1,1.0,2,75116,M,,,75
201200059838,12,2,3,921,1,2,1,1.0,3,75117,M,,,75
201200059839,12,2,3,1840,5,2,1,1.0,4,75119,M,,,75
201200059840,12,2,4,1830,5,2,1,1.0,4,75118,M,,,75
201200059841,12,2,4,2235,5,2,1,1.0,7,75120,M,,,75
201200059842,12,2,5,630,5,2,1,4.0,6,75119,M,,,75
201200059843,12,2,8,1615,1,2,1,1.0,4,75119,M,,,75
201200059844,12,2,9,340,5,2,1,1.0,6,75119,M,,,75
201200059845,12,2,9,1750,5,2,1,1.0,4,75113,M,,,75
201200059846,12,2,10,1450,1,2,1,1.0,6,75115,M,,,75
201200059847,12,2,12,1300,1,2,1,1.0,2,75116,M,,,75
201200059848,12,2,13,1750,5,2,1,2.0,4,75112,M,,,75
201200059849,12,2,15,950,1,2,1,1.0,7,75116,M,,,75
201200059850,12,2,15,1955,5,2,1,1.0,3,75115,M,,,75
201200059851,12,2,17,1320,1,2,1,1.0,4,75116,M,,,75
201200059852,12,2,19,805,1,2,1,1.0,3,75113,M,,,75
201200059853,12,2,19,1700,1,2,1,1.0,4,75116,M,,,75
201200059854,12,2,20,845,1,2,1,1.0,3,75116,M,,,75
201200059855,12,2,20,1209,1,2,1,1.0,6,75112,M,,,75
201200059856,12,2,20,1940,5,2,1,1.0,4,75116,M,,,75
201200059857,12,2,22,1200,1,2,1,1.0,6,75118,M,,,75
201200059858,12,2,22,1810,1,2,1,1.0,3,75114,M,,,75
201200059859,12,2,23,1000,1,2,1,2.0,4,75118,M,,,75
201200059860,12,2,24,700,2,2,1,1.0,4,75118,M,,,75
201200059861,12,2,24,1300,1,2,1,7.0,4,75120,M,,,75
201200059862,12,2,24,1820,5,2,1,1.0,4,75114,M,,,75
201200059863,12,2,25,2215,5,2,1,1.0,3,75120,M,,,75
201200059864,12,2,26,1520,1,2,1,1.0,2,75114,M,,,75
201200059865,12,2,26,1845,5,2,1,1.0,3,75118,M,,,75
201200059866,12,2,27,1715,1,2,1,1.0,6,75120,M,,,75
201200059867,12,2,28,730,2,2,1,1.0,3,75116,M,,,75
201200059868,12,2,28,935,1,2,1,1.0,4,75113,M,,,75
201200059869,12,2,29,1000,1,2,1,1.0,2,75113,M,,,75
201200059870,12,2,29,1640,1,2,1,1.0,6,75120,M,,,75
201200059871,12,3,1,920,1,2,1,1.0,2,75116,M,,,75
201200059872,12,3,1,1700,1,2,1,1.0,3,75120,M,,,75
201200059873,12,3,2,938,1,2,4,1.0,2,75120,M,,,75
201200059874,12,3,2,1810,2,2,1,1.0,3,75120,M,,,75
201200059875,12,3,3,1550,1,2,1,1.0,7,75112,M,,,75
201200059876,12,3,3,1900,5,2,1,1.0,4,75113,M,,,75
201200059877,12,3,4,2047,5,2,1,1.0,6,75118,M,,,75
201200059878,12,3,4,2130,4,2,1,1.0,6,75120,M,,,75
201200059879,12,3,5,1620,1,2,1,1.0,3,75112,M,,,75
201200059880,12,3,5,1710,1,2,1,1.0,2,75120,M,,,75
201200059881,12,3,6,745,1,2,1,2.0,7,75119,M,,,75
201200059882,12,3,6,920,1,2,1,2.0,2,75120,M,,,75
201200059883,12,3,6,1200,1,2,1,2.0,6,75120,M,,,75
201200059884,12,3,7,1500,1,2,1,2.0,2,75119,M,,,75
201200059885,12,3,8,1730,1,2,1,1.0,2,75113,M,,,75
201200059886,12,3,8,1735,1,2,1,1.0,3,75116,M,,,75
201200059887,12,3,8,2200,5,2,1,1.0,6,75120,M,,,75
201200059888,12,3,9,835,1,2,1,1.0,6,75118,M,,,75
201200059889,12,3,9,830,1,2,1,1.0,2,75116,M,,,75
201200059890,12,3,9,1545,1,2,1,1.0,2,75114,M,,,75
201200059891,12,3,9,1620,1,2,1,1.0,2,75119,M,,,75
201200059892,12,3,9,1540,1,2,1,1.0,2,75117,M,,,75
201200059893,12,3,9,1840,1,2,1,1.0,3,75116,M,,,75
201200059894,12,3,9,2000,5,2,1,1.0,2,75116,M,,,75
201200059895,12,3,10,1145,1,2,1,1.0,4,75116,M,,,75
201200059896,12,3,10,2250,5,2,1,1.0,3,75118,M,,,75
201200059897,12,3,11,2240,5,2,1,1.0,7,75120,M,,,75
201200059898,12,3,12,910,1,2,1,1.0,2,75114,M,,,75
201200059899,12,3,13,950,1,2,1,1.0,3,75113,M,,,75
201200059900,12,3,14,930,1,2,1,1.0,6,75113,M,,,75
201200059901,12,3,15,1130,1,2,1,1.0,3,75120,M,,,75
201200059902,12,3,16,650,2,2,1,1.0,2,75117,M,,,75
201200059903,12,3,16,745,1,2,1,1.0,3,75112,M,,,75
201200059904,12,3,16,1415,1,2,1,1.0,3,75117,M,,,75
201200059905,12,3,16,1900,5,2,1,1.0,3,75116,M,,,75
201200059906,12,3,16,2240,5,2,4,1.0,2,75113,M,,,75
201200059907,12,3,17,945,1,2,1,8.0,7,75113,M,,,75
201200059908,12,3,18,555,2,2,4,1.0,6,75117,M,,,75
201200059909,12,3,18,1130,1,2,4,1.0,5,75112,M,,,75
201200059910,12,3,20,1625,1,2,1,1.0,6,75112,M,,,75
201200059911,12,3,21,1630,1,2,1,1.0,6,75112,M,,,75
201200059912,12,3,22,1800,1,2,1,1.0,2,75113,M,,,75
201200059913,12,3,24,2050,2,2,1,1.0,3,75113,M,,,75
201200059914,12,3,25,2130,5,2,4,1.0,6,75112,M,,,75
201200059915,12,3,25,2045,5,2,1,1.0,3,75113,M,,,75
201200059916,12,3,26,720,1,2,1,1.0,3,75117,M,,,75