Num_Acc,an,mois,jour,hrmn,lum,agg,int,atm,col,com,gps,lat,long,dep
201200059917,12,3,27,745,1,2,1,1.0,3,75113,M,,,75
201200059918,12,3,27,1700,1,2,1,1.0,3,75112,M,,,75
201200059919,12,3,28,1045,1,2,1,1.0,2,75120,M,,,75
201200059920,12,3,29,1300,1,2,1,1.0,6,75113,M,,,75
201200059921,12,3,29,1430,1,2,1,1.0,2,75113,M,,,75
201200059922,12,3,29,1803,1,2,1,1.0,3,75116,M,,,75
201200059923,12,3,30,15,5,2,1,1.0,2,75117,M,,,75
201200059924,12,3,30,1740,1,2,1,1.0,6,75120,M,,,75
201200059925,12,4,2,1615,1,2,1,1.0,3,75113,M,,,75
201200059926,12,4,1,2247,5,2,1,1.0,7,75117,M,,,75
201200059927,12,4,2,915,1,2,1,1.0,2,75113,M,,,75
201200059928,12,4,2,1410,1,2,1,1.0,4,75117,M,,,75
201200059929,12,4,2,1320,1,2,4,1.0,3,75120,M,,,75
201200059930,12,4,2,1435,1,2,1,1.0,4,75112,M,,,75
201200059931,12,4,2,1730,1,2,1,1.0,3,75116,M,,,75
201200059932,12,4,3,205,3,2,4,1.0,6,75112,M,,,75
201200059933,12,4,4,1100,1,2,1,1.0,2,75117,M,,,75
201200059934,12,4,4,1345,1,2,1,1.0,3,75116,M,,,75
201200059935,12,4,4,1630,1,2,4,1.0,3,75116,M,,,75
201200059936,12,4,5,1210,1,2,4,1.0,6,75112,M,,,75
201200059937,12,4,5,1205,1,2,1,1.0,3,75118,M,,,75
201200059938,12,4,5,1500,1,2,4,1.0,2,75112,M,,,75
201200059939,12,4,6,935,1,2,1,1.0,3,75118,M,,,75
201200059940,12,4,6,1130,1,2,1,1.0,2,75113,M,,,75
201200059941,12,4,6,1640,1,2,1,1.0,3,75116,M,,,75
201200059942,12,4,6,1820,1,2,1,1.0,3,75115,M,,,75
201200059943,12,4,7,1600,1,2,1,1.0,3,75112,M,,,75
201200059944,12,4,8,1030,1,2,1,1.0,2,75116,M,,,75
201200059945,12,4,9,230,5,2,1,1.0,6,75116,M,,,75
201200059946,12,4,9,1510,1,2,1,2.0,4,75112,M,,,75
201200059947,12,4,10,730,1,2,1,1.0,4,75120,M,,,75
201200059948,12,4,10,750,1,2,1,2.0,4,75116,M,,,75
201200059949,12,4,10,1430,1,2,1,2.0,3,75114,M,,,75
201200059950,12,4,10,1600,1,2,1,3.0,2,75115,M,,,75
201200059951,12,4,10,1630,1,2,1,2.0,6,75118,M,,,75
201200059952,12,4,11,20,4,2,4,1.0,6,75119,M,,,75
201200059953,12,4,11,1930,1,2,1,1.0,3,75113,M,,,75
201200059954,12,4,12,2125,5,2,4,1.0,2,75116,M,,,75
201200059955,12,4,13,915,1,2,1,1.0,2,75117,M,,,75
201200059956,12,4,15,1355,1,2,1,1.0,6,75119,M,,,75
201200059957,12,4,15,2315,5,2,1,1.0,6,75119,M,,,75
201200059958,12,4,16,1000,1,2,4,1.0,7,75116,M,,,75
201200059959,12,4,18,910,1,2,4,1.0,2,75115,M,,,75
201200059960,12,4,18,1830,1,2,1,8.0,3,75116,M,,,75
201200059961,12,4,18,1815,1,2,1,1.0,2,75116,M,,,75
201200059962,12,4,19,1000,1,2,1,1.0,2,75118,M,,,75
201200059963,12,4,21,1320,1,2,4,1.0,2,75120,M,,,75
201200059964,12,4,22,1400,1,2,1,2.0,2,75120,M,,,75
201200059965,12,4,23,700,1,2,1,1.0,6,75116,M,,,75
201200059966,12,4,24,745,1,2,1,1.0,4,75116,M,,,75
201200059967,12,4,24,1630,1,2,1,2.0,2,75120,M,,,75
201200059968,12,4,25,1820,1,2,1,2.0,7,75119,M,,,75
201200059969,12,4,25,2150,5,2,1,1.0,6,75112,M,,,75
201200059970,12,4,26,850,1,2,1,1.0,6,75112,M,,,75
201200059971,12,4,26,1915,1,2,1,8.0,7,75118,M,,,75
201200059972,12,4,26,1920,1,2,1,1.0,2,75117,M,,,75
201200059973,12,4,26,1925,1,2,1,1.0,4,75117,M,,,75
201200059974,12,4,28,1840,1,2,1,8.0,3,75117,M,,,75
201200059975,12,4,28,2110,5,2,1,1.0,6,75120,M,,,75
201200059976,12,4,29,340,5,2,1,2.0,6,75112,M,,,75
201200059977,12,4,29,835,1,2,1,2.0,6,75120,M,,,75
201200059978,12,4,30,1745,1,2,1,1.0,3,75114,M,,,75
201200059979,12,4,30,1900,1,2,1,1.0,2,75119,M,,,75
201200059980,12,5,1,1500,1,2,1,1.0,3,75113,M,,,75
201200059981,12,5,1,1600,1,2,1,1.0,2,75115,M,,,75
201200059982,12,5,1,1710,1,2,1,7.0,4,75120,M,,,75
201200059983,12,5,4,550,5,2,4,1.0,3,75114,M,,,75
201200059984,12,5,4,1230,1,2,1,1.0,2,75119,M,,,75
201200059985,12,5,4,1600,1,2,1,1.0,4,75116,M,,,75
201200059986,12,5,4,1530,1,2,1,1.0,6,75119,M,,,75
201200059987,12,5,4,1635,2,2,4,3.0,2,75120,M,,,75
201200059988,12,5,4,2020,1,2,1,1.0,4,75115,M,,,75
201200059989,12,5,5,1220,1,2,1,1.0,3,75120,M,,,75
201200059990,12,5,6,455,5,2,1,3.0,6,75119,M,,,75
201200059991,12,5,6,950,1,2,4,2.0,6,75120,M,,,75
201200059992,12,5,7,20,5,2,1,1.0,6,75120,M,,,75
201200059993,12,5,7,1130,1,2,1,1.0,3,75115,M,,,75
201200059994,12,5,8,515,5,2,1,1.0,6,75112,M,,,75
201200059995,12,5,9,910,1,2,1,2.0,4,75112,M,,,75
201200059996,12,5,9,1320,1,2,1,1.0,2,75120,M,,,75
201200059997,12,5,10,1625,1,2,1,1.0,4,75112,M,,,75
201200059998,12,5,10,2150,5,2,4,1.0,4,75114,M,,,75
201200059999,12,5,10,1610,1,2,1,1.0,2,75117,M,,,75
201200060000,12,5,11,740,1,2,1,2.0,2,75116,M,,,75
201200060001,12,5,11,1645,1,2,1,1.0,3,75119,M,,,75
201200060002,12,5,13,1500,1,2,1,1.0,2,75120,M,,,75
201200060003,12,5,13,1725,1,2,1,1.0,4,75116,M,,,75
201200060004,12,5,14,900,1,2,1,1.0,6,75115,M,,,75
201200060005,12,5,14,915,1,2,1,1.0,3,75115,M,,,75
201200060006,12,5,14,820,1,2,1,1.0,3,75116,M,,,75
201200060007,12,5,14,1730,1,2,1,1.0,2,75116,M,,,75
201200060008,12,5,15,930,1,2,1,1.0,4,75118,M,,,75
201200060009,12,5,15,1540,1,2,1,1.0,4,75117,M,,,75
201200060010,12,5,16,1520,1,2,1,1.0,7,75118,M,,,75
201200060011,12,5,16,1630,1,2,1,1.0,4,75113,M,,,75
201200060012,12,5,16,730,1,2,1,1.0,7,75120,M,,,75
201200060013,12,5,16,1005,1,2,1,1.0,2,75119,M,,,75
201200060014,12,5,16,1040,1,2,1,1.0,3,75116,M,,,75
201200060015,12,5,17,2320,5,2,1,1.0,6,75116,M,,,75
201200060016,12,5,18,1445,1,2,1,1.0,3,75116,M,,,75
201200060017,12,5,18,1900,1,2,1,1.0,6,75116,M,,,75
201200060018,12,5,19,845,1,2,1,1.0,6,75114,M,,,75
201200060019,12,5,21,925,1,2,1,2.0,2,75114,M,,,75
201200060020,12,5,22,59,5,2,1,1.0,2,75116,M,,,75
201200060021,12,5,22,1530,1,2,1,1.0,2,75113,M,,,75
201200060022,12,5,23,720,1,2,1,1.0,3,75116,M,,,75
201200060023,12,5,23,1045,1,2,1,1.0,6,75116,M,,,75
201200060024,12,5,23,1430,1,2,1,1.0,2,75118,M,,,75
201200060025,12,5,24,130,5,2,1,1.0,6,75119,M,,,75
201200060026,12,5,24,1430,1,2,1,1.0,3,75117,M,,,75
201200060027,12,5,24,1745,1,2,1,1.0,4,75118,M,,,75
201200060028,12,5,24,1905,1,2,1,1.0,4,75119,M,,,75
201200060029,12,5,25,810,1,2,1,1.0,7,75112,M,,,75
201200060030,12,5,25,1145,1,2,1,1.0,4,75118,M,,,75
201200060031,12,5,25,1545,1,2,1,1.0,2,75118,M,,,75
201200060032,12,5,25,1930,1,2,1,1.0,4,75114,M,,,75
201200060033,12,5,25,1540,1,2,1,1.0,4,75113,M,,,75
201200060034,12,5,25,2225,4,2,1,1.0,2,75120,M,,,75
201200060035,12,5,26,1655,1,2,1,1.0,2,75113,M,,,75
201200060036,12,5,27,1135,1,2,1,1.0,2,75113,M,,,75
201200060037,12,5,27,1330,1,2,1,1.0,4,75120,M,,,75
201200060038,12,5,27,2030,1,2,1,1.0,7,75118,M,,,75
201200060039,12,5,28,110,5,2,4,1.0,6,75120,M,,,75
201200060040,12,5,28,1420,1,2,4,1.0,2,75113,M,,,75
201200060041,12,5,29,1640,1,2,1,1.0,3,75114,M,,,75
201200060042,12,5,29,1940,1,2,1,1.0,3,75119,M,,,75
201200060043,12,5,30,655,1,2,1,1.0,2,75117,M,,,75
201200060044,12,5,30,820,1,2,1,1.0,4,75113,M,,,75
201200060045,12,5,31,900,1,2,1,1.0,2,75118,M,,,75
201200060046,12,5,31,900,1,2,1,1.0,2,75120,M,,,75
201200060047,12,5,31,1115,1,2,4,1.0,3,75113,M,,,75
201200060048,12,6,1,1850,1,2,1,1.0,2,75118,M,,,75
201200060049,12,6,2,1900,1,2,1,1.0,2,75112,M,,,75
201200060050,12,6,3,100,5,2,1,8.0,7,75119,M,,,75
201200060051,12,6,3,206,5,2,4,1.0,6,75118,M,,,75
201200060052,12,6,3,705,1,2,1,2.0,6,75118,M,,,75
201200060053,12,6,4,1800,1,2,1,1.0,2,75116,M,,,75
201200060054,12,6,5,845,1,2,1,1.0,2,75112,M,,,75
201200060055,12,6,7,1030,1,2,1,1.0,2,75117,M,,,75
201200060056,12,6,7,1210,1,2,1,2.0,2,75115,M,,,75
201200060057,12,6,7,2040,2,2,1,1.0,2,75119,M,,,75
201200060058,12,6,8,805,1,2,1,1.0,4,75118,M,,,75
201200060059,12,6,8,1015,1,2,1,1.0,4,75116,M,,,75
201200060060,12,6,8,1615,1,2,4,1.0,3,75118,M,,,75
201200060061,12,6,8,2000,1,2,1,1.0,6,75120,M,,,75
201200060062,12,6,8,2205,2,2,4,1.0,6,75119,M,,,75
201200060063,12,6,9,1320,1,2,1,1.0,4,75113,M,,,75
201200060064,12,6,9,1730,1,2,4,1.0,5,75114,M,,,75
201200060065,12,6,11,145,5,2,1,3.0,6,75114,M,,,75
201200060066,12,6,11,1725,1,2,1,1.0,3,75112,M,,,75
201200060067,12,6,11,1740,1,2,1,1.0,2,75116,M,,,75
201200060068,12,6,12,1045,1,2,4,2.0,2,75118,M,,,75
201200060069,12,6,13,220,5,2,1,1.0,6,75118,M,,,75
201200060070,12,6,13,1720,1,2,1,1.0,2,75116,M,,,75
201200060071,12,6,13,2055,1,2,1,1.0,2,75117,M,,,75
201200060072,12,6,14,715,1,2,1,1.0,2,75112,M,,,75
201200060073,12,6,15,1705,1,2,1,1.0,3,75119,M,,,75
201200060074,12,6,17,1510,1,2,1,1.0,2,75120,M,,,75
201200060075,12,6,17,2030,1,2,4,1.0,3,75117,M,,,75
201200060076,12,6,17,2230,5,2,4,1.0,6,75112,M,,,75
201200060077,12,6,18,155,3,2,1,1.0,6,75119,M,,,75
201200060078,12,6,18,1118,1,2,1,1.0,5,75120,M,,,75
201200060079,12,6,18,1425,1,2,1,1.0,2,75120,M,,,75
201200060080,12,6,19,1310,1,2,1,1.0,7,75117,M,,,75
201200060081,12,6,19,2000,1,2,1,1.0,3,75112,M,,,75
201200060082,12,6,20,830,1,2,1,1.0,6,75120,M,,,75
201200060083,12,6,21,1200,1,2,4,1.0,3,75119,M,,,75
201200060084,12,6,22,1610,1,2,1,1.0,7,75117,M,,,75
201200060085,12,6,23,1,5,2,4,1.0,3,75117,M,,,75
201200060086,12,6,23,1830,1,2,4,1.0,4,75120,M,,,75
201200060087,12,6,24,645,1,2,1,1.0,6,75119,M,,,75
201200060088,12,6,25,925,1,2,4,1.0,5,75113,M,,,75
201200060089,12,6,25,1805,1,2,1,1.0,2,75117,M,,,75
201200060090,12,6,26,730,1,2,1,2.0,6,75116,M,,,75
201200060091,12,6,26,1715,1,2,1,8.0,2,75117,M,,,75
201200060092,12,6,27,920,1,2,1,1.0,2,75113,M,,,75
201200060093,12,6,28,525,2,2,1,1.0,6,75119,M,,,75
201200060094,12,6,28,1220,1,2,1,1.0,4,75115,M,,,75
201200060095,12,6,29,825,1,2,1,1.0,3,75120,M,,,75
201200060096,12,6,29,1530,1,2,1,1.0,2,75116,M,,,75
201200060097,12,6,30,625,1,2,1,1.0,2,75112,M,,,75
201200060098,12,6,30,1140,1,2,1,1.0,4,75116,M,,,75
201200060099,12,6,30,1710,1,2,1,1.0,3,75113,M,,,75
201200060100,12,7,1,1130,1,2,1,1.0,2,75118,M,,,75
201200060101,12,7,1,1640,1,2,1,1.0,7,75118,M,,,75
201200060102,12,7,1,1700,1,2,1,1.0,3,75119,M,,,75
201200060103,12,7,1,2100,1,2,1,1.0,7,75114,M,,,75
201200060104,12,7,2,1445,1,2,1,1.0,4,75112,M,,,75
201200060105,12,7,2,1430,1,2,1,1.0,6,75116,M,,,75
201200060106,12,7,2,1940,1,2,1,1.0,7,75116,M,,,75
201200060107,12,7,3,1630,1,2,1,1.0,6,75118,M,,,75
201200060108,12,7,3,1745,1,2,4,1.0,4,75114,M,,,75
201200060109,12,7,3,2015,1,2,1,1.0,7,75116,M,,,75
201200060110,12,7,4,705,1,2,1,1.0,3,75118,M,,,75
201200060111,12,7,4,1000,1,2,1,1.0,2,75120,M,,,75
201200060112,12,7,4,1805,1,2,4,1.0,6,75115,M,,,75
201200060113,12,7,5,1900,1,2,4,2.0,4,75114,M,,,75
201200060114,12,7,5,1900,1,2,1,1.0,3,75113,M,,,75
201200060115,12,7,5,2040,5,2,1,1.0,6,75113,M,,,75
201200060116,12,7,6,1900,1,2,1,2.0,3,75116,M,,,75
201200060117,12,7,7,1650,1,2,1,8.0,2,75113,M,,,75
201200060118,12,7,8,1210,1,2,1,1.0,4,75120,M,,,75
201200060119,12,7,9,920,1,2,4,1.0,2,75120,M,,,75
201200060120,12,7,9,1400,1,2,1,1.0,6,75117,M,,,75
201200060121,12,7,9,1440,1,2,1,1.0,6,75113,M,,,75
201200060122,12,7,10,900,1,2,1,1.0,6,75113,M,,,75
201200060123,12,7,11,2100,2,2,1,1.0,2,75114,M,,,75
201200060124,12,7,11,1900,1,2,1,1.0,2,75116,M,,,75
201200060125,12,7,12,1450,1,2,1,2.0,6,75116,M,,,75
201200060126,12,7,12,1620,1,2,1,1.0,3,75112,M,,,75
201200060127,12,7,12,1700,1,2,1,8.0,6,75120,M,,,75
201200060128,12,7,13,1720,1,2,1,8.0,3,75120,M,,,75
201200060129,12,7,13,1650,1,2,1,1.0,4,75117,M,,,75
201200060130,12,7,17,1630,1,2,1,1.0,2,75116,M,,,75
201200060131,12,7,17,1820,1,2,4,1.0,6,75112,M,,,75
201200060132,12,7,17,1900,1,2,1,1.0,6,75113,M,,,75
201200060133,12,7,18,955,1,2,4,1.0,2,75120,M,,,75
201200060134,12,7,20,800,1,2,1,1.0,6,75117,M,,,75
201200060135,12,7,20,1250,1,2,1,1.0,4,75116,M,,,75
201200060136,12,7,20,1608,1,2,4,1.0,6,75113,M,,,75
201200060137,12,7,21,1845,1,2,1,1.0,6,75118,M,,,75
201200060138,12,7,22,55,5,2,1,1.0,3,75112,M,,,75
201200060139,12,7,23,1750,1,2,1,1.0,4,75119,M,,,75
201200060140,12,7,23,1640,1,2,1,1.0,4,75113,M,,,75
201200060141,12,7,23,2050,2,2,1,1.0,4,75113,M,,,75
201200060142,12,7,24,40,4,2,1,1.0,6,75120,M,,,75
201200060143,12,7,24,1530,1,2,1,1.0,2,75120,M,,,75
201200060144,12,7,24,1920,1,2,1,1.0,2,75114,M,,,75
201200060145,12,7,25,755,1,2,1,1.0,6,75120,M,,,75
201200060146,12,7,25,1500,1,2,4,1.0,6,75116,M,,,75
201200060147,12,7,26,859,1,2,4,1.0,6,75113,M,,,75
201200060148,12,7,26,1615,1,2,1,1.0,3,75116,M,,,75
201200060149,12,7,27,800,1,2,1,1.0,3,75112,M,,,75
201200060150,12,7,27,1420,1,2,1,8.0,4,75112,M,,,75
201200060151,12,7,27,1630,1,2,1,2.0,3,75112,M,,,75
201200060152,12,7,30,1,5,2,1,1.0,6,75120,M,,,75
201200060153,12,7,30,400,5,2,4,1.0,6,75120,M,,,75
201200060154,12,7,30,845,1,2,1,1.0,6,75116,M,,,75
201200060155,12,7,30,1710,1,2,1,1.0,3,75112,M,,,75
201200060156,12,7,31,820,1,2,1,1.0,3,75114,M,,,75
201200060157,12,7,31,820,1,2,1,1.0,6,75118,M,,,75
201200060158,12,7,31,1035,1,2,1,1.0,3,75120,M,,,75
201200060159,12,8,1,900,1,2,1,1.0,3,75120,M,,,75
201200060160,12,8,2,1620,1,2,1,1.0,6,75119,M,,,75
201200060161,12,8,2,1745,1,2,1,1.0,3,75117,M,,,75
201200060162,12,8,3,1810,1,2,1,1.0,3,75116,M,,,75
201200060163,12,8,4,1320,1,2,1,1.0,7,75114,M,,,75
201200060164,12,8,4,2225,5,2,1,1.0,6,75113,M,,,75
201200060165,12,8,8,1825,1,2,1,1.0,4,75114,M,,,75
201200060166,12,8,13,1545,5,2,1,1.0,2,75116,M,,,75
201200060167,12,8,15,35,5,2,1,1.0,6,75115,M,,,75
201200060168,12,8,16,1805,1,2,1,1.0,7,75113,M,,,75
201200060169,12,8,17,1645,1,2,1,1.0,4,75116,M,,,75
201200060170,12,8,17,1830,1,2,1,1.0,3,75116,M,,,75
201200060171,12,8,18,2050,2,2,1,1.0,3,75118,M,,,75
201200060172,12,8,21,740,1,2,4,1.0,4,75120,M,,,75
201200060173,12,8,21,1920,1,2,1,1.0,4,75116,M,,,75
201200060174,12,8,23,150,5,2,1,1.0,6,75116,M,,,75
201200060175,12,8,23,715,1,2,1,1.0,3,75118,M,,,75
201200060176,12,8,24,745,1,2,1,1.0,7,75112,M,,,75
201200060177,12,8,24,2110,2,2,1,1.0,2,75113,M,,,75
201200060178,12,8,25,840,1,2,4,1.0,6,75118,M,,,75
201200060179,12,8,26,2040,2,2,1,1.0,5,75113,M,,,75
201200060180,12,8,28,1800,1,2,1,1.0,4,75114,M,,,75
201200060181,12,8,29,1515,1,2,1,1.0,4,75113,M,,,75
201200060182,12,8,29,1445,1,2,4,1.0,6,75114,M,,,75
201200060183,12,8,30,300,5,2,1,1.0,6,75115,M,,,75
201200060184,12,8,30,1120,1,2,4,1.0,3,75118,M,,,75
201200060185,12,8,30,1350,1,2,4,1.0,7,75114,M,,,75
201200060186,12,8,30,1740,1,2,1,2.0,4,75119,M,,,75
201200060187,12,8,30,1940,1,2,1,1.0,4,75112,M,,,75
201200060188,12,8,31,47,5,2,1,1.0,2,75113,M,,,75
201200060189,12,8,31,1625,1,2,1,1.0,2,75116,M,,,75
201200060190,12,9,3,725,1,2,1,2.0,2,75114,M,,,75
201200060191,12,9,3,1000,1,2,1,2.0,3,75120,M,,,75
201200060192,12,9,3,1446,1,2,1,1.0,6,75118,M,,,75
201200060193,12,9,4,1550,1,2,1,1.0,4,75116,M,,,75
201200060194,12,9,4,2005,1,2,1,1.0,6,75120,M,,,75
201200060195,12,9,5,1150,1,2,1,1.0,4,75117,M,,,75
201200060196,12,9,5,1230,1,2,1,1.0,2,75117,M,,,75
201200060197,12,9,5,1901,1,2,1,1.0,3,75115,M,,,75
201200060198,12,9,5,1935,2,2,1,1.0,3,75118,M,,,75
201200060199,12,9,6,1310,1,2,1,1.0,4,75114,M,,,75
201200060200,12,9,6,1613,1,2,1,1.0,3,75120,M,,,75
201200060201,12,9,6,1430,1,2,4,7.0,3,75115,M,,,75
201200060202,12,9,7,1715,1,2,1,1.0,3,75116,M,,,75
201200060203,12,9,8,2220,5,2,1,1.0,2,75112,M,,,75
201200060204,12,9,10,720,1,2,1,8.0,7,75116,M,,,75
201200060205,12,9,10,740,1,2,1,2.0,2,75116,M,,,75
201200060206,12,9,10,1215,1,2,1,1.0,7,75120,M,,,75
201200060207,12,9,10,1600,1,2,1,1.0,7,75117,M,,,75
201200060208,12,9,10,1740,1,2,1,1.0,7,75119,M,,,75
201200060209,12,9,11,845,1,2,1,1.0,4,75119,M,,,75
201200060210,12,9,11,1710,1,2,1,2.0,6,75118,M,,,75
201200060211,12,9,12,1820,1,2,1,1.0,3,75114,M,,,75
201200060212,12,9,13,835,1,2,1,1.0,3,75118,M,,,75
201200060213,12,9,13,1545,1,2,1,1.0,3,75116,M,,,75
201200060214,12,9,14,1300,1,2,1,1.0,4,75120,M,,,75
201200060215,12,9,14,1740,1,2,1,1.0,2,75116,M,,,75
201200060216,12,9,14,1825,1,2,1,1.0,2,75112,M,,,75
201200060217,12,9,15,1130,1,2,4,1.0,4,75119,M,,,75
201200060218,12,9,15,1900,1,2,1,1.0,2,75120,M,,,75
201200060219,12,9,15,2025,5,2,1,1.0,3,75114,M,,,75
201200060220,12,9,17,815,1,2,1,1.0,7,75120,M,,,75
201200060221,12,9,16,2020,5,2,1,1.0,4,75120,M,,,75
201200060222,12,9,17,1830,1,2,1,7.0,3,75114,M,,,75
201200060223,12,9,17,1855,1,2,1,7.0,2,75118,M,,,75
201200060224,12,9,17,2225,5,2,1,1.0,6,75118,M,,,75
201200060225,12,9,18,745,1,2,1,1.0,7,75113,M,,,75
201200060226,12,9,18,1515,1,2,1,1.0,3,75117,M,,,75
201200060227,12,9,18,1749,1,2,1,1.0,4,75120,M,,,75
201200060228,12,9,18,1550,1,2,1,1.0,2,75112,M,,,75
201200060229,12,9,18,1445,1,2,1,1.0,3,75117,M,,,75
201200060230,12,9,18,1935,5,2,1,1.0,6,75115,M,,,75
201200060231,12,9,19,1430,1,2,1,1.0,3,75115,M,,,75
201200060232,12,9,20,1730,1,2,1,1.0,6,75119,M,,,75
201200060233,12,9,21,735,1,2,1,1.0,3,75112,M,,,75
201200060234,12,9,21,935,1,2,1,1.0,3,75118,M,,,75
201200060235,12,9,21,900,1,2,1,1.0,3,75118,M,,,75
201200060236,12,9,21,1405,1,2,1,2.0,3,75114,M,,,75
201200060237,12,9,21,2050,5,2,1,2.0,6,75120,M,,,75
201200060238,12,9,22,2205,5,2,4,1.0,2,75115,M,,,75
201200060239,12,9,22,2030,5,2,1,1.0,4,75117,M,,,75
201200060240,12,9,23,855,1,2,1,1.0,3,75119,M,,,75
201200060241,12,9,23,2000,5,2,1,1.0,4,75113,M,,,75
201200060242,12,9,24,810,1,2,1,2.0,2,75119,M,,,75
201200060243,12,9,24,2015,5,2,1,2.0,2,75112,M,,,75
201200060244,12,9,25,805,1,2,1,2.0,3,75120,M,,,75
201200060245,12,9,25,1700,1,2,1,1.0,2,75120,M,,,75
201200060246,12,9,26,105,5,2,4,1.0,6,75112,M,,,75
201200060247,12,9,26,835,1,2,1,1.0,3,75112,M,,,75
201200060248,12,9,27,215,4,2,1,1.0,6,75120,M,,,75
201200060249,12,9,27,1558,1,2,1,1.0,3,75120,M,,,75
201200060250,12,9,28,1600,1,2,1,1.0,2,75112,M,,,75
201200060251,12,9,28,1835,1,2,4,1.0,2,75112,M,,,75
201200060252,12,9,28,1900,1,2,1,1.0,2,75120,M,,,75
201200060253,12,9,28,1630,1,2,1,1.0,2,75116,M,,,75
201200060254,12,9,29,1300,1,2,1,1.0,4,75117,M,,,75
201200060255,12,9,29,1400,1,2,1,1.0,2,75112,M,,,75
201200060256,12,9,30,230,5,2,1,1.0,2,75120,M,,,75
201200060257,12,9,30,1655,1,2,1,1.0,3,75114,M,,,75
201200060258,12,9,30,1620,1,2,1,1.0,2,75117,M,,,75
201200060259,12,10,2,1815,2,2,1,1.0,4,75117,M,,,75
201200060260,12,10,2,2020,5,2,1,1.0,4,75115,M,,,75
201200060261,12,10,3,1830,1,2,1,3.0,4,75112,M,,,75
201200060262,12,10,3,2030,5,2,1,2.0,4,75118,M,,,75
201200060263,12,10,4,655,5,2,1,2.0,3,75113,M,,,75
201200060264,12,10,4,1735,1,2,1,1.0,7,75116,M,,,75
201200060265,12,10,4,1728,1,2,1,1.0,2,75115,M,,,75
201200060266,12,10,5,910,1,2,1,1.0,6,75116,M,,,75
201200060267,12,10,5,1435,1,2,1,1.0,3,75114,M,,,75
201200060268,12,10,6,1945,5,2,1,2.0,4,75114,M,,,75
201200060269,12,10,7,20,5,2,1,2.0,6,75113,M,,,75
201200060270,12,10,7,1745,1,2,1,1.0,3,75118,M,,,75
201200060271,12,10,7,1833,1,2,1,1.0,3,75117,M,,,75
201200060272,12,10,8,1530,1,2,4,3.0,3,75116,M,,,75
201200060273,12,10,9,850,1,2,1,2.0,3,75115,M,,,75
201200060274,12,10,9,830,1,2,1,2.0,3,75117,M,,,75
201200060275,12,10,10,700,4,2,1,2.0,6,75119,M,,,75
201200060276,12,10,10,1220,1,2,1,1.0,7,75112,M,,,75
201200060277,12,10,10,1145,1,2,1,8.0,7,75119,M,,,75
201200060278,12,10,11,1615,1,2,1,1.0,3,75119,M,,,75
201200060279,12,10,12,615,5,2,1,2.0,6,75116,M,,,75
201200060280,12,10,12,1945,5,2,1,1.0,4,75114,M,,,75
201200060281,12,10,13,2030,5,2,1,1.0,4,75119,M,,,75
201200060282,12,10,14,1500,1,2,1,2.0,3,75112,M,,,75
201200060283,12,10,14,1945,5,2,1,2.0,6,75113,M,,,75
201200060284,12,10,15,1315,1,2,1,1.0,4,75120,M,,,75
201200060285,12,10,15,1230,1,2,1,1.0,4,75112,M,,,75
201200060286,12,10,15,1355,1,2,1,1.0,4,75120,M,,,75
201200060287,12,10,16,1025,1,2,1,1.0,4,75119,M,,,75
201200060288,12,10,16,924,1,2,1,1.0,7,75112,M,,,75
201200060289,12,10,16,1415,1,2,1,1.0,4,75115,M,,,75
201200060290,12,10,17,905,1,2,1,8.0,7,75116,M,,,75
201200060291,12,10,17,1455,1,2,1,3.0,3,75114,M,,,75
201200060292,12,10,17,1725,1,2,1,1.0,3,75120,M,,,75
201200060293,12,10,18,2030,5,2,1,2.0,7,75116,M,,,75
201200060294,12,10,19,620,2,2,1,1.0,2,75114,M,,,75
201200060295,12,10,19,815,1,2,1,1.0,2,75112,M,,,75
201200060296,12,10,19,1200,1,2,4,1.0,6,75119,M,,,75
201200060297,12,10,19,1045,1,2,1,1.0,5,75114,M,,,75
201200060298,12,10,19,1910,4,2,1,1.0,4,75119,M,,,75
201200060299,12,10,19,1815,1,2,1,1.0,7,75116,M,,,75
201200060300,12,10,20,1605,1,2,1,2.0,2,75112,M,,,75
201200060301,12,10,21,2000,2,2,1,1.0,4,75114,M,,,75
201200060302,12,10,22,1000,1,2,1,1.0,3,75119,M,,,75
201200060303,12,10,22,1420,1,2,1,1.0,6,75114,M,,,75
201200060304,12,10,23,1645,1,2,1,1.0,6,75115,M,,,75
201200060305,12,10,23,1450,1,2,1,1.0,4,75116,M,,,75
201200060306,12,10,24,1530,1,2,1,1.0,4,75120,M,,,75
201200060307,12,10,24,2040,5,2,1,1.0,4,75113,M,,,75
201200060308,12,10,25,715,5,2,1,1.0,2,75117,M,,,75
201200060309,12,10,25,850,1,2,1,1.0,2,75116,M,,,75
201200060310,12,10,26,1500,1,2,1,1.0,4,75120,M,,,75
201200060311,12,10,26,1950,5,2,1,1.0,4,75115,M,,,75
201200060312,12,10,27,229,5,2,1,1.0,2,75120,M,,,75
201200060313,12,10,27,2125,5,2,1,1.0,3,75112,M,,,75
201200060314,12,10,28,1009,1,2,1,1.0,3,75119,M,,,75
201200060315,12,10,28,1305,1,2,1,1.0,3,75120,M,,,75
201200060316,12,10,29,1915,5,2,1,1.0,4,75115,M,,,75
201200060317,12,10,30,845,1,2,4,1.0,6,75116,M,,,75
201200060318,12,10,30,1725,2,2,1,1.0,2,75114,M,,,75
201200060319,12,10,31,915,1,2,1,1.0,7,75113,M,,,75
201200060320,12,10,31,1320,1,2,1,1.0,2,75117,M,,,75
201200060321,12,10,31,1600,1,2,1,1.0,3,75117,M,,,75
201200060322,12,10,31,1945,5,2,1,1.0,3,75118,M,,,75
201200060323,12,10,31,1830,2,2,1,1.0,7,75116,M,,,75
201200060324,12,11,2,1400,1,2,1,1.0,4,75120,M,,,75