Num_Acc,an,mois,jour,hrmn,lum,agg,int,atm,col,com,gps,lat,long,dep
201200060325,12,11,2,1550,1,2,1,1.0,7,75118,M,,,75
201200060326,12,11,2,2000,5,2,1,1.0,7,75116,M,,,75
201200060327,12,11,3,1010,1,2,4,1.0,6,75116,M,,,75
201200060328,12,11,3,1540,1,2,1,1.0,2,75120,M,,,75
201200060329,12,11,3,1835,5,2,1,1.0,6,75113,M,,,75
201200060330,12,11,3,2000,5,2,1,1.0,4,75116,M,,,75
201200060331,12,11,4,145,5,2,1,1.0,6,75119,M,,,75
201200060332,12,11,4,1520,1,2,1,1.0,3,75113,M,,,75
201200060333,12,11,5,1300,1,2,1,1.0,2,75120,M,,,75
201200060334,12,11,6,800,1,2,1,1.0,3,75120,M,,,75
201200060335,12,11,6,730,1,2,1,1.0,4,75117,M,,,75
201200060336,12,11,6,1450,1,2,1,1.0,3,75120,M,,,75
201200060337,12,11,7,640,5,2,1,1.0,6,75113,M,,,75
201200060338,12,11,7,720,1,2,1,1.0,3,75118,M,,,75
201200060339,12,11,7,1000,1,2,1,1.0,4,75116,M,,,75
201200060340,12,11,8,1048,1,2,1,1.0,3,75118,M,,,75
201200060341,12,11,8,1030,1,2,1,1.0,7,75116,M,,,75
201200060342,12,11,8,1740,2,2,1,1.0,4,75116,M,,,75
201200060343,12,11,8,1915,5,2,1,1.0,3,75118,M,,,75
201200060344,12,11,9,1055,1,2,4,1.0,2,75116,M,,,75
201200060345,12,11,9,2040,5,2,1,1.0,2,75116,M,,,75
201200060346,12,11,10,149,5,2,1,2.0,6,75116,M,,,75
201200060347,12,11,10,1945,5,2,1,2.0,4,75116,M,,,75
201200060348,12,11,11,630,5,2,1,1.0,6,75120,M,,,75
201200060349,12,11,11,1528,1,2,1,1.0,4,75120,M,,,75
201200060350,12,11,12,1800,5,2,1,1.0,3,75112,M,,,75
201200060351,12,11,12,1815,5,2,1,1.0,3,75115,M,,,75
201200060352,12,11,13,1750,5,2,1,1.0,4,75116,M,,,75
201200060353,12,11,13,2015,5,2,1,1.0,3,75116,M,,,75
201200060354,12,11,14,1425,1,2,1,1.0,3,75118,M,,,75
201200060355,12,11,14,1455,1,2,1,1.0,2,75112,M,,,75
201200060356,12,11,14,1932,5,2,1,1.0,4,75113,M,,,75
201200060357,12,11,14,1915,1,2,1,1.0,7,75116,M,,,75
201200060358,12,11,15,820,1,2,1,1.0,3,75112,M,,,75
201200060359,12,11,15,900,1,2,1,1.0,3,75117,M,,,75
201200060360,12,11,15,1850,5,2,1,1.0,2,75116,M,,,75
201200060361,12,11,16,1320,1,2,1,1.0,7,75112,M,,,75
201200060362,12,11,16,1540,1,2,1,1.0,4,75114,M,,,75
201200060363,12,11,16,1700,2,2,1,1.0,4,75120,M,,,75
201200060364,12,11,16,1840,5,2,1,1.0,3,75116,M,,,75
201200060365,12,11,17,200,5,2,1,1.0,4,75118,M,,,75
201200060366,12,11,17,1630,1,2,1,1.0,3,75118,M,,,75
201200060367,12,11,17,1640,1,2,1,1.0,2,75119,M,,,75
201200060368,12,11,17,1745,5,2,1,1.0,4,75113,M,,,75
201200060369,12,11,17,2020,5,2,1,1.0,3,75115,M,,,75
201200060370,12,11,20,915,1,2,1,1.0,4,75117,M,,,75
201200060371,12,11,20,1115,1,2,1,1.0,7,75113,M,,,75
201200060372,12,11,20,1750,2,2,1,1.0,3,75117,M,,,75
201200060373,12,11,21,1900,5,2,1,1.0,4,75119,M,,,75
201200060374,12,11,21,1820,5,2,4,1.0,6,75119,M,,,75
201200060375,12,11,22,1755,5,2,1,1.0,3,75117,M,,,75
201200060376,12,11,23,735,5,2,1,1.0,7,75112,M,,,75
201200060377,12,11,23,905,1,2,1,2.0,2,75118,M,,,75
201200060378,12,11,23,1330,1,2,1,2.0,6,75117,M,,,75
201200060379,12,11,23,1755,5,2,1,2.0,2,75116,M,,,75
201200060380,12,11,25,255,5,2,1,1.0,6,75118,M,,,75
201200060381,12,11,25,1645,1,2,1,1.0,3,75117,M,,,75
201200060382,12,11,27,800,1,2,1,1.0,7,75114,M,,,75
201200060383,12,11,27,1445,1,2,1,1.0,7,75116,M,,,75
201200060384,12,11,27,1830,5,2,1,1.0,2,75114,M,,,75
201200060385,12,11,27,1900,5,2,1,1.0,3,75117,M,,,75
201200060386,12,11,28,715,5,2,1,1.0,2,75113,M,,,75
201200060387,12,11,28,830,1,2,4,1.0,2,75116,M,,,75
201200060388,12,11,28,1320,1,2,1,1.0,2,75118,M,,,75
201200060389,12,11,29,1145,1,2,4,1.0,3,75118,M,,,75
201200060390,12,11,29,1457,1,2,1,1.0,4,75116,M,,,75
201200060391,12,11,29,1905,5,2,1,1.0,2,75115,M,,,75
201200060392,12,11,30,1020,1,2,4,1.0,3,75120,M,,,75
201200060393,12,12,1,725,2,2,1,5.0,6,75119,M,,,75
201200060394,12,12,2,1310,1,2,1,1.0,2,75116,M,,,75
201200060395,12,12,3,1250,1,2,1,1.0,6,75120,M,,,75
201200060396,12,12,3,1830,5,2,1,1.0,3,75112,M,,,75
201200060397,12,12,3,2305,5,2,4,2.0,3,75112,M,,,75
201200060398,12,12,4,630,5,2,1,2.0,2,75120,M,,,75
201200060399,12,12,4,915,1,2,1,1.0,4,75113,M,,,75
201200060400,12,12,4,1310,1,2,1,1.0,2,75114,M,,,75
201200060401,12,12,4,1850,4,2,1,2.0,7,75120,M,,,75
201200060402,12,12,4,2135,5,2,1,1.0,2,75120,M,,,75
201200060403,12,12,5,10,5,2,1,1.0,2,75120,M,,,75
201200060404,12,12,6,1430,1,2,1,1.0,3,75120,M,,,75
201200060405,12,12,6,1930,5,2,1,1.0,6,75119,M,,,75
201200060406,12,12,7,1635,5,2,1,8.0,7,75114,M,,,75
201200060407,12,12,7,2015,5,2,1,2.0,2,75114,M,,,75
201200060408,12,12,9,1025,1,2,1,1.0,2,75112,M,,,75
201200060409,12,12,9,1245,1,2,1,1.0,4,75112,M,,,75
201200060410,12,12,11,1645,2,2,1,1.0,2,75117,M,,,75
201200060411,12,12,12,1740,5,2,1,1.0,2,75119,M,,,75
201200060412,12,12,13,1,5,2,1,1.0,6,75119,M,,,75
201200060413,12,12,14,1530,1,2,1,2.0,7,75120,M,,,75
201200060414,12,12,14,1800,5,2,1,1.0,2,75114,M,,,75
201200060415,12,12,15,330,5,2,4,2.0,6,75112,M,,,75
201200060416,12,12,16,640,5,2,4,1.0,6,75117,M,,,75
201200060417,12,12,16,1350,1,2,1,1.0,4,75118,M,,,75
201200060418,12,12,16,2150,5,2,1,1.0,3,75120,M,,,75
201200060419,12,12,17,1045,1,2,1,1.0,7,75119,M,,,75
201200060420,12,12,17,1910,5,2,1,8.0,2,75115,M,,,75
201200060421,12,12,18,740,1,2,1,1.0,2,75115,M,,,75
201200060422,12,12,18,730,2,2,1,1.0,7,75120,M,,,75
201200060423,12,12,18,830,1,2,1,2.0,3,75118,M,,,75
201200060424,12,12,19,1640,1,2,1,1.0,3,75115,M,,,75
201200060425,12,12,19,1705,5,2,1,1.0,3,75114,M,,,75
201200060426,12,12,20,540,5,2,1,2.0,2,75116,M,,,75
201200060427,12,12,20,1715,5,2,1,1.0,7,75117,M,,,75
201200060428,12,12,20,1910,5,2,1,2.0,7,75114,M,,,75
201200060429,12,12,20,2015,5,2,1,1.0,2,75117,M,,,75
201200060430,12,12,21,820,1,2,1,1.0,3,75116,M,,,75
201200060431,12,12,21,630,2,2,1,1.0,2,75119,M,,,75
201200060432,12,12,21,1925,5,2,1,1.0,6,75116,M,,,75
201200060433,12,12,23,1825,5,2,1,1.0,4,75116,M,,,75
201200060434,12,12,23,2300,5,2,1,1.0,6,75112,M,,,75
201200060435,12,12,24,1345,1,2,4,1.0,7,75120,M,,,75
201200060436,12,12,27,905,1,2,1,1.0,7,75120,M,,,75
201200060437,12,12,27,1800,5,2,1,1.0,2,75119,M,,,75
201200060438,12,2,11,1330,1,2,1,1.0,3,97029,A,0.0,0.0,972
201200060439,12,2,17,845,1,1,1,7.0,3,97005,A,0.0,0.0,972
201200060440,12,3,31,930,1,2,1,1.0,6,97005,A,0.0,0.0,972
201200060441,12,4,27,915,1,1,1,1.0,3,97029,A,0.0,0.0,972
201200060442,12,6,5,1200,1,1,1,1.0,1,97024,A,0.0,0.0,972
201200060443,12,9,19,1745,2,1,1,1.0,3,97024,A,0.0,0.0,972
201200060444,12,10,24,1200,1,1,1,1.0,3,97024,A,0.0,0.0,972
201200060445,12,11,1,1400,1,1,1,1.0,3,97024,A,0.0,0.0,972
201200060446,12,2,17,1145,1,2,1,1.0,1,97025,A,0.0,0.0,972
201200060447,12,3,29,2215,3,1,1,1.0,3,97004,A,0.0,0.0,972
201200060448,12,5,31,1900,5,2,1,1.0,7,97019,A,0.0,0.0,972
201200060449,12,7,7,2100,5,2,1,8.0,2,97004,A,0.0,0.0,972
201200060450,12,9,6,1215,1,1,1,3.0,1,97004,A,0.0,0.0,972
201200060451,12,6,5,1615,1,1,1,1.0,1,97010,A,0.0,0.0,972
201200060452,12,9,10,715,1,1,1,1.0,5,97032,A,0.0,0.0,972
201200060453,12,2,13,915,1,2,1,1.0,1,97023,A,0.0,0.0,972
201200060454,12,1,10,1630,1,1,1,1.0,6,97027,A,0.0,0.0,972
201200060455,12,1,14,1830,3,2,1,1.0,3,97027,A,0.0,0.0,972
201200060456,12,2,10,1630,1,1,1,1.0,6,97017,A,0.0,0.0,972
201200060457,12,3,31,930,1,1,1,1.0,1,97027,A,0.0,0.0,972
201200060458,12,4,30,1000,1,1,1,1.0,1,97017,A,0.0,0.0,972
201200060459,12,8,5,445,5,1,1,1.0,1,97026,A,0.0,0.0,972
201200060460,12,8,11,1600,1,2,9,2.0,1,97027,A,0.0,0.0,972
201200060461,12,9,20,815,1,1,1,1.0,6,97017,A,0.0,0.0,972
201200060462,12,12,12,1800,3,2,1,1.0,6,97017,A,0.0,0.0,972
201200060463,12,1,21,1630,1,1,1,1.0,1,97031,A,0.0,0.0,972
201200060464,12,1,3,645,1,1,1,1.0,3,97030,A,0.0,0.0,972
201200060465,12,2,7,2015,3,1,1,1.0,7,97030,A,0.0,0.0,972
201200060466,12,2,11,2100,5,1,1,1.0,3,97030,A,0.0,0.0,972
201200060467,12,2,21,500,2,1,1,1.0,6,97030,A,0.0,0.0,972
201200060468,12,4,28,100,3,1,1,1.0,2,97030,A,0.0,0.0,972
201200060469,12,5,28,700,1,1,1,1.0,1,97030,A,0.0,0.0,972
201200060470,12,8,29,1300,1,1,1,1.0,1,97030,A,0.0,0.0,972
201200060471,12,2,4,1145,1,2,1,1.0,1,97012,A,0.0,0.0,972
201200060472,12,4,18,1130,1,1,1,1.0,2,97022,A,0.0,0.0,972
201200060473,12,5,6,1045,1,1,1,3.0,6,97012,A,0.0,0.0,972
201200060474,12,7,5,1945,5,2,1,1.0,3,97012,A,0.0,0.0,972
201200060475,12,7,5,2045,3,2,1,1.0,2,97022,A,0.0,0.0,972
201200060476,12,9,7,1030,1,1,1,1.0,3,97022,A,0.0,0.0,972
201200060477,12,9,24,915,1,2,1,1.0,6,97022,A,0.0,0.0,972
201200060478,12,2,20,2145,3,2,1,1.0,1,97022,A,0.0,0.0,972
201200060479,12,1,16,1800,1,1,1,1.0,3,97028,A,0.0,0.0,972
201200060480,12,2,24,1800,3,2,1,2.0,6,97028,A,0.0,0.0,972
201200060481,12,4,27,930,1,2,1,1.0,6,97028,A,0.0,0.0,972
201200060482,12,5,16,700,1,1,1,1.0,6,97028,A,0.0,0.0,972
201200060483,12,10,10,1145,1,2,1,1.0,3,97028,A,0.0,0.0,972
201200060484,12,3,8,1445,1,2,1,1.0,2,97003,A,0.0,0.0,972
201200060485,12,4,23,730,1,1,1,1.0,3,97003,A,0.0,0.0,972
201200060486,12,4,28,1230,1,1,1,1.0,2,97014,A,0.0,0.0,972
201200060487,12,5,3,1900,3,2,1,1.0,6,97014,A,0.0,0.0,972
201200060488,12,5,23,1900,3,1,1,1.0,2,97014,A,0.0,0.0,972
201200060489,12,6,12,1000,1,2,1,1.0,1,97014,A,0.0,0.0,972
201200060490,12,12,6,1500,1,2,1,1.0,1,97014,A,0.0,0.0,972
201200060491,12,1,19,1830,5,2,1,1.0,1,97024,A,0.0,0.0,971
201200060492,12,1,23,1945,5,2,2,1.0,1,97024,A,0.0,0.0,971
201200060493,12,3,8,1145,1,2,1,1.0,6,97004,A,0.0,0.0,971
201200060494,12,5,4,1045,1,1,1,2.0,1,97024,A,0.0,0.0,971
201200060495,12,6,2,1745,1,2,1,1.0,5,97004,A,0.0,0.0,971
201200060496,12,6,14,745,1,1,1,1.0,6,97024,A,0.0,0.0,971
201200060497,12,6,17,1945,3,2,1,1.0,5,97024,A,0.0,0.0,971
201200060498,12,8,10,1245,1,2,1,1.0,1,97004,A,0.0,0.0,971
201200060499,12,11,13,2115,3,2,1,1.0,6,97004,A,0.0,0.0,971
201200060500,12,11,27,1915,5,2,1,1.0,6,97004,A,0.0,0.0,971
201200060501,12,1,16,645,1,1,1,2.0,3,97034,A,0.0,0.0,971
201200060502,12,3,8,1045,1,2,1,1.0,7,97034,A,0.0,0.0,971
201200060503,12,6,2,615,1,2,1,1.0,3,97034,A,0.0,0.0,971
201200060504,12,8,26,1700,1,2,1,1.0,2,97034,A,0.0,0.0,971
201200060505,12,9,4,1545,1,1,1,1.0,6,97034,A,0.0,0.0,971
201200060506,12,11,30,1900,3,1,1,1.0,6,97034,A,0.0,0.0,971
201200060507,12,12,30,2130,3,1,1,1.0,2,97034,A,0.0,0.0,971
201200060508,12,7,1,1700,1,1,2,1.0,1,97006,A,0.0,0.0,971
201200060509,12,9,9,1045,1,1,1,1.0,7,97006,A,0.0,0.0,971
201200060510,12,10,4,745,1,2,1,1.0,1,97006,A,0.0,0.0,971
201200060511,12,10,20,1815,3,1,1,1.0,6,97006,A,0.0,0.0,971
201200060512,12,8,4,1130,1,1,1,1.0,6,97006,A,0.0,0.0,971
201200060513,12,9,22,1730,1,1,1,1.0,1,97021,A,0.0,0.0,971
201200060514,12,10,22,1730,1,1,1,1.0,1,97021,A,0.0,0.0,971
201200060515,12,12,21,1115,1,2,1,1.0,3,97021,A,0.0,0.0,971
201200060516,12,3,12,945,1,1,1,1.0,6,97011,A,0.0,0.0,971
201200060517,12,6,29,1530,1,1,1,1.0,5,97011,A,0.0,0.0,971
201200060518,12,1,20,1600,1,2,1,1.0,6,97032,A,0.0,0.0,971
201200060519,12,1,22,630,2,1,1,1.0,6,97032,A,0.0,0.0,971
201200060520,12,1,25,1830,3,2,1,1.0,3,97009,A,0.0,0.0,971
201200060521,12,2,4,1300,1,2,1,1.0,2,97032,A,0.0,0.0,971
201200060522,12,4,4,1730,1,2,1,1.0,7,97009,A,0.0,0.0,971
201200060523,12,8,11,845,1,1,1,1.0,6,97009,A,0.0,0.0,971
201200060524,12,8,13,30,5,2,1,2.0,7,97009,A,0.0,0.0,971
201200060525,12,9,18,845,1,1,1,3.0,1,97009,A,0.0,0.0,971
201200060526,12,3,21,1900,5,1,1,1.0,3,97007,A,0.0,0.0,971
201200060527,12,4,14,1000,1,1,1,1.0,6,97007,A,0.0,0.0,971
201200060528,12,5,24,1300,1,1,1,1.0,6,97007,A,0.0,0.0,971
201200060529,12,5,28,1330,1,2,1,1.0,1,97007,A,0.0,0.0,971
201200060530,12,6,30,30,5,1,1,1.0,7,97014,A,0.0,0.0,971
201200060531,12,7,3,830,1,1,1,1.0,5,97007,A,0.0,0.0,971
201200060532,12,7,3,1530,1,1,1,1.0,6,97007,A,0.0,0.0,971
201200060533,12,9,9,315,3,1,1,2.0,6,97014,A,0.0,0.0,971
201200060534,12,10,27,1015,2,1,1,1.0,1,97007,A,0.0,0.0,971
201200060535,12,10,6,1200,1,1,1,1.0,6,97007,A,0.0,0.0,971
201200060536,12,10,19,445,5,1,6,1.0,7,97007,A,0.0,0.0,971
201200060537,12,11,5,1145,1,1,1,1.0,1,97014,A,0.0,0.0,971
201200060538,12,11,21,1415,1,1,1,1.0,1,97014,A,0.0,0.0,971
201200060539,12,11,25,45,3,1,1,1.0,1,97007,A,0.0,0.0,971
201200060540,12,12,9,1215,1,1,1,1.0,2,97014,A,0.0,0.0,971
201200060541,12,12,11,1930,3,1,1,1.0,6,97007,A,0.0,0.0,971
201200060542,12,3,15,1330,1,1,1,1.0,6,97015,A,0.0,0.0,971
201200060543,12,5,20,1100,5,2,1,1.0,1,97015,A,0.0,0.0,971
201200060544,12,8,29,1100,1,1,1,1.0,6,97015,A,0.0,0.0,971
201200060545,12,11,6,1930,5,1,1,1.0,1,97015,A,0.0,0.0,971
201200060546,12,12,9,1700,1,1,1,1.0,6,97015,A,0.0,0.0,971
201200060547,12,12,26,1800,5,2,1,1.0,6,97015,A,0.0,0.0,971
201200060548,12,12,31,1545,1,2,1,8.0,6,97018,A,0.0,0.0,971
201200060549,12,12,28,815,1,1,1,1.0,6,97018,A,0.0,0.0,971
201200060550,12,1,11,1245,1,2,1,1.0,1,97018,A,0.0,0.0,971
201200060551,12,1,14,615,1,1,1,1.0,1,97018,A,0.0,0.0,971
201200060552,12,3,5,830,1,1,1,1.0,6,97018,A,0.0,0.0,971
201200060553,12,5,3,2015,5,2,1,1.0,3,97018,A,0.0,0.0,971
201200060554,12,6,28,2100,3,1,1,1.0,1,97018,A,0.0,0.0,971
201200060555,12,7,5,100,3,1,1,1.0,6,97018,A,0.0,0.0,971
201200060556,12,7,19,600,1,1,1,5.0,1,97018,A,0.0,0.0,971
201200060557,12,8,13,1615,1,1,1,1.0,6,97018,A,0.0,0.0,971
201200060558,12,9,1,2145,3,1,1,1.0,3,97018,A,0.0,0.0,971
201200060559,12,9,5,1515,1,1,1,1.0,2,97018,A,,,971
201200060560,12,12,24,2015,3,1,1,1.0,1,97018,A,0.0,0.0,971
201200060561,12,1,15,1700,1,2,1,1.0,1,97029,A,0.0,0.0,971
201200060562,12,1,12,1000,1,2,9,1.0,6,97029,A,0.0,0.0,971
201200060563,12,1,28,1945,1,1,1,1.0,1,97029,A,0.0,0.0,971
201200060564,12,2,4,2315,5,2,1,1.0,6,97029,A,0.0,0.0,971
201200060565,12,2,25,2230,3,1,1,1.0,1,97029,A,0.0,0.0,971
201200060566,12,2,26,700,1,2,1,1.0,6,97029,A,0.0,0.0,971
201200060567,12,4,13,1730,1,2,1,1.0,1,97029,A,0.0,0.0,971
201200060568,12,4,4,900,1,2,1,1.0,6,97029,A,0.0,0.0,971
201200060569,12,4,16,1900,4,2,1,1.0,3,97029,A,0.0,0.0,971
201200060570,12,6,22,730,1,1,3,1.0,3,97029,A,0.0,0.0,971
201200060571,12,6,26,900,1,1,1,1.0,1,97029,A,0.0,0.0,971
201200060572,12,7,1,1900,5,2,1,1.0,6,97029,A,0.0,0.0,971
201200060573,12,7,8,200,3,1,1,1.0,1,97029,A,0.0,0.0,971
201200060574,12,7,28,1330,1,2,1,2.0,3,97029,A,0.0,0.0,971
201200060575,12,8,27,715,1,2,1,1.0,1,97029,A,0.0,0.0,971
201200060576,12,9,23,200,3,2,1,1.0,1,97029,A,0.0,0.0,971
201200060577,12,10,12,2330,5,1,1,8.0,6,97029,A,0.0,0.0,971
201200060578,12,10,17,1000,1,2,1,1.0,1,97029,A,0.0,0.0,971
201200060579,12,10,19,1930,5,2,1,1.0,5,97029,A,0.0,0.0,971
201200060580,12,11,14,2030,5,2,1,1.0,6,97029,A,0.0,0.0,971
201200060581,12,11,18,1545,4,2,1,1.0,7,97029,A,0.0,0.0,971
201200060582,12,11,28,1645,1,2,1,1.0,5,97029,A,0.0,0.0,971
201200060583,12,12,3,1815,3,2,1,1.0,2,97029,A,0.0,0.0,971
201200060584,12,12,7,1515,1,1,1,8.0,3,97029,A,0.0,0.0,971
201200060585,12,12,15,400,3,1,1,1.0,6,97029,A,0.0,0.0,971
201200060586,12,12,17,1645,1,2,1,1.0,3,97029,A,0.0,0.0,971
201200060587,12,12,23,1315,1,1,1,1.0,3,97029,A,0.0,0.0,971
201200060588,12,12,25,1030,1,2,1,2.0,3,97029,A,0.0,0.0,971
201200060589,12,12,30,2145,5,2,1,1.0,2,97029,A,0.0,0.0,971
201200060590,12,2,11,2045,3,1,1,1.0,7,97012,A,0.0,0.0,971
201200060591,12,2,13,1145,1,2,1,1.0,3,97012,A,0.0,0.0,971
201200060592,12,3,9,2015,5,2,1,1.0,2,97012,A,0.0,0.0,971
201200060593,12,6,26,730,1,1,1,1.0,1,97012,A,0.0,0.0,971
201200060594,12,6,28,1945,3,1,1,1.0,1,97026,A,0.0,0.0,971
201200060595,12,7,10,1600,1,1,1,1.0,4,97012,A,0.0,0.0,971
201200060596,12,9,4,915,1,1,1,1.0,3,97008,A,0.0,0.0,971
201200060597,12,9,15,1915,5,2,1,1.0,6,97012,A,0.0,0.0,971
201200060598,12,11,2,1900,3,1,1,1.0,2,97012,A,0.0,0.0,971
201200060599,12,11,4,615,1,1,1,1.0,6,97012,A,0.0,0.0,971
201200060600,12,12,16,1315,1,1,1,1.0,3,97008,A,0.0,0.0,971
201200060601,12,2,8,1945,5,2,2,1.0,1,97010,A,0.0,0.0,971
201200060602,12,6,1,1600,1,1,1,1.0,2,97010,A,0.0,0.0,971
201200060603,12,8,16,645,1,1,1,1.0,3,97010,A,0.0,0.0,971
201200060604,12,1,13,845,1,1,1,1.0,1,97017,A,0.0,0.0,971
201200060605,12,1,18,1345,1,1,1,1.0,6,97017,A,0.0,0.0,971
201200060606,12,1,18,1845,3,1,1,1.0,2,97017,A,0.0,0.0,971
201200060607,12,1,22,530,2,2,1,1.0,1,97017,A,0.0,0.0,971
201200060608,12,2,3,1900,1,1,9,1.0,4,97017,A,0.0,0.0,971
201200060609,12,3,6,930,1,2,1,1.0,5,97017,A,0.0,0.0,971
201200060610,12,5,14,2230,5,2,1,1.0,1,97017,A,0.0,0.0,971
201200060611,12,5,13,1900,1,1,1,1.0,7,97017,A,0.0,0.0,971
201200060612,12,9,10,800,3,1,1,1.0,1,97017,A,0.0,0.0,971
201200060613,12,11,7,1815,5,1,1,1.0,3,97017,A,0.0,0.0,971
201200060614,12,12,19,645,1,1,1,1.0,5,97017,A,0.0,0.0,971
201200060615,12,2,3,1030,1,1,1,1.0,3,97022,A,0.0,0.0,971
201200060616,12,2,18,1800,1,1,1,1.0,5,97019,A,0.0,0.0,971
201200060617,12,3,2,2145,5,2,1,1.0,3,97019,A,0.0,0.0,971
201200060618,12,3,31,545,2,1,1,1.0,7,97019,A,0.0,0.0,971
201200060619,12,5,14,2030,3,1,1,1.0,6,97019,A,0.0,0.0,971
201200060620,12,7,30,330,3,1,1,1.0,1,97022,A,0.0,0.0,971
201200060621,12,11,24,445,3,1,1,1.0,1,97019,A,0.0,0.0,971
201200060622,12,12,22,1445,1,1,1,1.0,1,97019,A,0.0,0.0,971
201200060623,12,2,4,1215,1,1,2,1.0,3,97025,A,0.0,0.0,971
201200060624,12,2,11,1130,1,1,1,1.0,6,97025,A,0.0,0.0,971
201200060625,12,2,26,845,1,1,1,1.0,1,97025,A,0.0,0.0,971
201200060626,12,3,18,415,3,1,1,1.0,1,97025,A,0.0,0.0,971
201200060627,12,3,29,1845,4,1,9,1.0,3,97025,A,0.0,0.0,971
201200060628,12,3,31,745,1,2,2,1.0,2,97025,A,0.0,0.0,971
201200060629,12,4,7,1430,1,1,1,1.0,6,97025,A,0.0,0.0,971
201200060630,12,6,9,1,5,2,1,1.0,3,97025,A,0.0,0.0,971
201200060631,12,7,21,430,2,1,1,1.0,7,97025,A,0.0,0.0,971
201200060632,12,7,28,2115,5,2,1,1.0,1,97025,A,0.0,0.0,971
201200060633,12,9,7,2300,5,2,1,1.0,7,97025,A,0.0,0.0,971
201200060634,12,9,11,1445,1,2,1,1.0,1,97025,A,0.0,0.0,971
201200060635,12,10,7,1100,1,1,9,1.0,3,97025,A,0.0,0.0,971
201200060636,12,11,2,1800,2,2,3,1.0,1,97025,A,0.0,0.0,971
201200060637,12,11,7,700,1,1,1,1.0,3,97025,A,0.0,0.0,971
201200060638,12,11,29,1630,1,1,1,1.0,7,97025,A,0.0,0.0,971
201200060639,12,2,6,2245,5,2,1,1.0,3,97028,A,0.0,0.0,971
201200060640,12,2,17,715,1,1,1,1.0,1,97028,A,0.0,0.0,971
201200060641,12,2,19,1715,1,2,1,1.0,6,97028,A,0.0,0.0,971
201200060642,12,2,27,1845,2,2,1,1.0,1,97028,A,0.0,0.0,971
201200060643,12,3,18,1215,1,1,1,1.0,2,97028,A,0.0,0.0,971
201200060644,12,4,16,145,3,1,1,1.0,1,97028,A,0.0,0.0,971
201200060645,12,4,22,1930,3,2,1,1.0,6,97028,A,0.0,0.0,971
201200060646,12,5,20,100,4,1,9,1.0,6,97028,A,0.0,0.0,971
201200060647,12,5,22,2030,3,1,1,1.0,6,97028,A,0.0,0.0,971
201200060648,12,6,3,245,5,2,1,1.0,7,97028,A,0.0,0.0,971
201200060649,12,7,15,1515,1,2,1,1.0,6,97028,A,0.0,0.0,971
201200060650,12,7,28,530,2,1,1,1.0,6,97028,A,0.0,0.0,971
201200060651,12,8,5,1130,1,2,1,1.0,1,97028,A,0.0,0.0,971
201200060652,12,8,10,1700,1,1,1,1.0,1,97028,A,0.0,0.0,971
201200060653,12,8,10,1315,1,2,1,1.0,6,97028,A,0.0,0.0,971
201200060654,12,9,9,1915,3,1,1,1.0,6,97028,A,0.0,0.0,971
201200060655,12,9,14,1000,1,1,1,1.0,5,97028,A,0.0,0.0,971
201200060656,12,9,21,800,1,1,1,1.0,1,97028,A,0.0,0.0,971
201200060657,12,9,30,2000,5,2,1,2.0,6,97028,A,0.0,0.0,971
201200060658,12,10,11,645,1,1,1,2.0,6,97028,A,0.0,0.0,971
201200060659,12,11,30,1845,3,1,1,1.0,3,97028,A,0.0,0.0,971
201200060660,12,12,23,1845,3,2,1,8.0,6,97028,A,0.0,0.0,971
201200060661,12,12,31,930,1,2,1,1.0,6,97016,A,0.0,0.0,971
201200060662,12,1,7,1015,1,2,1,1.0,1,97016,A,0.0,0.0,971
201200060663,12,1,17,715,1,2,1,1.0,3,97016,A,0.0,0.0,971
201200060664,12,1,29,2100,3,1,1,1.0,6,97016,A,0.0,0.0,971
201200060665,12,2,4,230,5,1,1,1.0,1,97016,A,0.0,0.0,971
201200060666,12,2,7,300,3,1,1,1.0,6,97016,A,0.0,0.0,971
201200060667,12,2,10,1700,1,1,9,1.0,2,97016,A,0.0,0.0,971
201200060668,12,2,18,1430,1,1,1,1.0,5,97016,A,0.0,0.0,971
201200060669,12,3,6,1445,1,2,1,1.0,6,97016,A,0.0,0.0,971
201200060670,12,4,3,30,5,2,1,1.0,1,97016,A,0.0,0.0,971
201200060671,12,6,9,830,1,2,1,1.0,1,97017,A,0.0,0.0,971
201200060672,12,6,24,1700,1,1,1,1.0,7,97016,A,0.0,0.0,971
201200060673,12,6,29,2115,5,2,1,1.0,3,97016,A,0.0,0.0,971
201200060674,12,7,11,445,3,1,1,1.0,1,97016,A,0.0,0.0,971
201200060675,12,7,21,1015,1,1,4,1.0,5,97016,A,0.0,0.0,971
201200060676,12,10,26,930,2,2,1,1.0,1,97016,A,0.0,0.0,971
201200060677,12,11,6,1815,5,1,1,1.0,6,97016,A,0.0,0.0,971
201200060678,12,11,15,2300,3,1,1,2.0,6,97001,A,0.0,0.0,971
201200060679,12,12,5,715,1,1,1,1.0,1,97016,A,0.0,0.0,971
201200060680,12,12,19,115,5,1,1,1.0,2,97016,A,0.0,0.0,971
201200060681,12,12,18,2330,5,2,1,1.0,1,97016,A,0.0,0.0,971
201200060682,12,1,22,530,3,1,1,2.0,1,97005,G,0.0,0.0,973
201200060683,12,2,3,845,1,1,1,2.0,1,97005,G,0.0,0.0,973
201200060684,12,2,12,845,1,1,1,1.0,7,97005,G,0.0,0.0,973
201200060685,12,3,1,2000,3,1,1,1.0,1,97005,G,0.0,0.0,973
201200060686,12,5,9,645,1,1,1,1.0,1,97005,G,0.0,0.0,973
201200060687,12,5,23,2100,3,1,1,1.0,5,97005,G,0.0,0.0,973
201200060688,12,6,17,45,4,1,6,1.0,7,97005,G,0.0,0.0,973
201200060689,12,6,29,1745,1,1,1,1.0,2,97005,G,0.0,0.0,973
201200060690,12,7,18,500,3,1,1,1.0,6,97005,G,0.0,0.0,973
201200060691,12,8,9,1730,1,1,1,1.0,6,97005,G,0.0,0.0,973
201200060692,12,8,10,1715,1,2,1,1.0,4,97005,G,0.0,0.0,973
201200060693,12,10,5,1300,1,1,1,1.0,2,97005,G,0.0,0.0,973
201200060694,12,10,29,1845,3,2,7,1.0,3,97005,G,0.0,0.0,973
201200060695,12,11,23,1830,3,1,1,1.0,1,97013,G,0.0,0.0,973