Num_Acc,an,mois,jour,hrmn,lum,agg,int,atm,col,com,gps,lat,long,dep
201200060696,12,3,6,1145,5,2,1,3.0,6,97004,G,0.0,0.0,973
201200060697,12,3,9,630,2,1,1,2.0,1,97004,G,0.0,0.0,973
201200060698,12,3,9,1415,1,2,1,1.0,1,97004,G,0.0,0.0,973
201200060699,12,4,6,1715,1,1,1,3.0,1,97004,G,0.0,0.0,973
201200060700,12,4,13,700,1,1,1,1.0,1,97004,G,0.0,0.0,973
201200060701,12,5,23,1145,1,1,2,1.0,4,97004,G,0.0,0.0,973
201200060702,12,8,10,830,5,2,3,1.0,3,97004,G,0.0,0.0,973
201200060703,12,11,11,200,5,2,1,1.0,1,97004,G,0.0,0.0,973
201200060704,12,12,11,700,1,2,1,1.0,3,97004,G,0.0,0.0,973
201200060705,12,6,30,1130,1,2,1,1.0,6,97012,G,0.0,0.0,973
201200060706,12,11,7,1730,1,2,1,1.0,6,97012,G,0.0,0.0,973
201200060707,12,4,13,1600,1,1,1,1.0,6,97003,G,,,973
201200060708,12,6,4,915,1,1,1,1.0,1,97003,G,0.0,0.0,973
201200060709,12,1,19,1400,1,1,1,1.0,7,97001,G,0.0,0.0,973
201200060710,12,1,24,1745,1,1,1,2.0,6,97001,G,0.0,0.0,973
201200060711,12,3,29,830,1,1,1,1.0,7,97001,G,0.0,0.0,973
201200060712,12,2,14,1645,1,1,1,3.0,7,97010,G,0.0,0.0,973
201200060713,12,5,25,1930,3,1,1,1.0,7,97010,G,0.0,0.0,973
201200060714,12,7,8,915,1,2,1,1.0,5,97010,G,0.0,0.0,973
201200060715,12,2,5,230,3,2,1,3.0,6,97011,G,0.0,0.0,973
201200060716,12,2,24,1430,1,1,1,1.0,7,97011,G,0.0,0.0,973
201200060717,12,4,14,1545,1,2,1,1.0,3,97011,G,0.0,0.0,973
201200060718,12,9,17,1015,1,2,1,1.0,3,97011,G,0.0,0.0,973
201200060719,12,9,26,530,2,2,1,1.0,1,97011,G,0.0,0.0,973
201200060720,12,10,15,2000,3,1,1,1.0,2,97011,G,0.0,0.0,973
201200060721,12,11,9,600,2,1,1,1.0,1,97011,G,0.0,0.0,973
201200060722,12,11,9,2015,3,1,1,1.0,6,97011,G,0.0,0.0,973
201200060723,12,11,30,1745,1,2,1,1.0,6,97011,G,0.0,0.0,973
201200060724,12,12,19,1930,5,2,1,1.0,3,97011,G,0.0,0.0,973
201200060725,12,12,25,1215,1,2,1,1.0,3,97011,G,0.0,0.0,973
201200060726,12,1,3,1130,1,1,1,1.0,3,97006,G,0.0,0.0,973
201200060727,12,2,9,2100,3,1,1,1.0,7,97006,G,0.0,0.0,973
201200060728,12,2,15,2045,3,1,1,1.0,2,97006,G,0.0,0.0,973
201200060729,12,6,16,915,1,1,1,1.0,7,97006,G,0.0,0.0,973
201200060730,12,10,9,1645,1,1,1,1.0,2,97006,G,0.0,0.0,973
201200060731,12,12,18,1830,1,1,1,1.0,1,97006,G,0.0,0.0,973
201200060732,12,10,19,1900,5,2,1,1.0,6,97053,G,0.0,0.0,973
201200060733,12,11,3,2030,5,2,1,1.0,6,97053,G,0.0,0.0,973
201200060734,12,12,4,2100,3,2,1,1.0,1,97053,G,0.0,0.0,973
201200060735,12,1,23,545,1,2,1,1.0,3,97008,R,0.0,0.0,974
201200060736,12,3,23,800,1,2,3,1.0,1,97008,R,0.0,0.0,974
201200060737,12,9,15,1000,1,2,1,1.0,6,97008,R,0.0,0.0,974
201200060738,12,12,7,1730,1,2,1,1.0,3,97008,R,0.0,0.0,974
201200060739,12,2,3,2300,3,1,1,1.0,2,97020,R,0.0,0.0,974
201200060740,12,3,2,1330,1,2,1,1.0,3,97020,R,0.0,0.0,974
201200060741,12,3,11,415,3,1,1,2.0,7,97020,R,0.0,0.0,974
201200060742,12,5,2,2000,5,1,1,1.0,2,97018,R,0.0,0.0,974
201200060743,12,5,22,830,1,1,1,8.0,1,97018,R,0.0,0.0,974
201200060744,12,6,17,215,3,1,1,2.0,2,97018,R,0.0,0.0,974
201200060745,12,8,1,1545,1,2,1,1.0,6,97020,R,0.0,0.0,974
201200060746,12,8,5,730,1,1,1,7.0,2,97018,R,0.0,0.0,974
201200060747,12,8,14,430,3,1,1,8.0,6,97018,R,0.0,0.0,974
201200060748,12,8,17,1930,5,2,1,1.0,1,97018,R,0.0,0.0,974
201200060749,12,9,7,2215,3,1,1,1.0,6,97018,R,0.0,0.0,974
201200060750,12,9,21,930,1,2,1,1.0,6,97098,R,0.0,0.0,974
201200060751,12,9,24,1415,1,1,1,1.0,5,97018,R,0.0,0.0,974
201200060752,12,10,12,2000,3,2,1,1.0,1,97020,R,0.0,0.0,974
201200060753,12,10,17,1030,1,2,1,1.0,6,97020,R,0.0,0.0,974
201200060754,12,11,2,1430,3,1,1,1.0,6,97018,R,0.0,0.0,974
201200060755,12,11,17,1700,1,1,1,1.0,5,97018,R,0.0,0.0,974
201200060756,12,12,23,2245,3,1,1,1.0,6,97018,R,0.0,0.0,974
201200060757,12,1,1,1130,1,2,1,1.0,7,97010,R,0.0,0.0,974
201200060758,12,2,8,1630,3,1,1,1.0,6,97010,R,0.0,0.0,974
201200060759,12,3,24,1030,1,2,1,1.0,6,97010,R,0.0,0.0,974
201200060760,12,4,25,1315,1,2,1,1.0,2,97010,R,0.0,0.0,974
201200060761,12,10,20,2000,5,1,1,1.0,6,97010,R,0.0,0.0,974
201200060762,12,8,12,1445,1,1,1,1.0,1,97002,R,0.0,0.0,974
201200060763,12,10,18,430,3,1,1,3.0,6,97002,R,0.0,0.0,974
201200060764,12,10,31,1415,1,1,1,1.0,2,97002,R,0.0,0.0,974
201200060765,12,1,29,1215,1,1,1,1.0,6,97019,R,0.0,0.0,974
201200060766,12,5,16,1815,5,2,1,1.0,2,97019,R,0.0,0.0,974
201200060767,12,5,17,1145,1,1,1,1.0,7,97019,R,0.0,0.0,974
201200060768,12,9,13,1215,1,1,1,1.0,3,97019,R,0.0,0.0,974
201200060769,12,4,21,1530,1,1,1,1.0,1,97021,R,0.0,0.0,974
201200060770,12,6,15,2245,3,1,1,1.0,7,97021,R,0.0,0.0,974
201200060771,12,9,1,245,3,1,1,1.0,7,97021,R,0.0,0.0,974
201200060772,12,10,29,1700,1,2,1,1.0,1,97021,R,0.0,0.0,974
201200060773,12,12,29,1530,1,2,1,1.0,6,97021,R,0.0,0.0,974
201200060774,12,1,4,1015,1,2,1,1.0,6,97015,R,0.0,0.0,974
201200060775,12,2,19,545,2,1,1,1.0,7,97015,R,0.0,0.0,974
201200060776,12,3,10,715,1,1,1,1.0,3,97015,R,0.0,0.0,974
201200060777,12,3,10,2130,3,2,1,1.0,6,97015,R,0.0,0.0,974
201200060778,12,4,24,1600,1,2,4,2.0,3,97015,R,0.0,0.0,974
201200060779,12,4,25,1800,3,1,1,1.0,7,97015,R,0.0,0.0,974
201200060780,12,5,26,415,3,1,1,1.0,7,97015,R,0.0,0.0,974
201200060781,12,6,2,30,5,2,1,1.0,1,97015,R,0.0,0.0,974
201200060782,12,8,12,300,5,2,1,1.0,4,97015,R,0.0,0.0,974
201200060783,12,9,28,730,1,1,1,1.0,2,97015,R,0.0,0.0,974
201200060784,12,9,30,45,3,1,1,1.0,1,97015,R,0.0,0.0,974
201200060785,12,10,16,1145,1,1,1,1.0,6,97015,R,0.0,0.0,974
201200060786,12,10,21,645,2,1,1,1.0,6,97015,R,0.0,0.0,974
201200060787,12,10,18,1615,1,2,2,1.0,3,97015,R,0.0,0.0,974
201200060788,12,10,30,1700,1,1,1,1.0,1,97015,R,0.0,0.0,974
201200060789,12,11,26,1815,2,1,1,1.0,4,97015,R,0.0,0.0,974
201200060790,12,12,16,2045,3,1,1,1.0,1,97015,R,0.0,0.0,974
201200060791,12,2,12,1445,1,1,1,9.0,3,97055,R,0.0,0.0,974
201200060792,12,2,15,1215,1,1,1,1.0,1,97015,R,0.0,0.0,974
201200060793,12,2,29,1030,1,1,1,2.0,1,97096,R,0.0,0.0,974
201200060794,12,3,4,730,1,1,1,1.0,6,97015,R,0.0,0.0,974
201200060795,12,3,26,1630,1,1,1,1.0,4,97055,R,0.0,0.0,974
201200060796,12,4,22,15,5,2,1,1.0,1,97055,R,0.0,0.0,974
201200060797,12,5,26,1,3,1,1,1.0,6,97055,R,0.0,0.0,974
201200060798,12,5,31,2045,4,2,1,1.0,6,97015,R,0.0,0.0,974
201200060799,12,7,6,1915,3,1,1,1.0,6,97015,R,0.0,0.0,974
201200060800,12,10,1,1015,1,2,1,1.0,1,97015,R,0.0,0.0,974
201200060801,12,11,27,2115,3,1,1,1.0,1,97015,R,0.0,0.0,974
201200060802,12,12,2,1845,2,2,1,1.0,3,97015,R,0.0,0.0,974
201200060803,12,2,12,815,3,1,1,1.0,6,97058,R,0.0,0.0,974
201200060804,12,3,31,2000,3,1,1,1.0,6,97015,R,0.0,0.0,974
201200060805,12,4,15,1600,1,1,1,1.0,3,97023,R,0.0,0.0,974
201200060806,12,5,4,1830,3,2,1,1.0,6,97015,R,0.0,0.0,974
201200060807,12,10,30,1945,5,2,1,1.0,6,97023,R,0.0,0.0,974
201200060808,12,1,21,2030,3,2,1,1.0,1,97014,R,0.0,0.0,974
201200060809,12,1,26,2000,3,2,1,1.0,6,97014,R,0.0,0.0,974
201200060810,12,2,11,2100,4,2,1,1.0,3,97014,R,0.0,0.0,974
201200060811,12,3,12,1100,1,2,1,1.0,6,97014,R,0.0,0.0,974
201200060812,12,4,7,245,5,2,1,1.0,3,97014,R,0.0,0.0,974
201200060813,12,6,16,1600,3,1,1,1.0,2,97014,R,0.0,0.0,974
201200060814,12,6,29,1330,1,2,1,1.0,6,97014,R,0.0,0.0,974
201200060815,12,8,7,1945,3,2,1,1.0,6,97014,R,0.0,0.0,974
201200060816,12,9,15,45,3,2,1,1.0,1,97014,R,0.0,0.0,974
201200060817,12,10,2,2045,5,2,1,1.0,2,97014,R,0.0,0.0,974
201200060818,12,11,11,2215,4,2,1,2.0,2,97014,R,0.0,0.0,974
201200060819,12,3,25,1830,2,2,1,1.0,7,97003,R,0.0,0.0,974
201200060820,12,4,15,1000,3,1,1,1.0,1,97003,R,0.0,0.0,974
201200060821,12,5,14,745,1,1,1,1.0,1,97003,R,0.0,0.0,974
201200060822,12,6,7,2115,5,2,1,1.0,6,97049,R,0.0,0.0,974
201200060823,12,7,23,1100,1,2,1,1.0,6,97049,R,0.0,0.0,974
201200060824,12,10,19,2130,3,2,1,1.0,6,97049,R,0.0,0.0,974
201200060825,12,2,19,945,1,2,1,1.0,6,97012,R,0.0,0.0,974
201200060826,12,2,22,1045,1,1,1,1.0,1,97005,R,0.0,0.0,974
201200060827,12,3,12,1045,3,1,1,1.0,6,97012,R,0.0,0.0,974
201200060828,12,6,17,1745,2,2,1,2.0,6,97012,R,0.0,0.0,974
201200060829,12,9,3,1330,1,1,1,1.0,1,97012,R,0.0,0.0,974
201200060830,12,9,26,1715,1,2,1,1.0,6,97012,R,0.0,0.0,974
201200060831,12,10,26,1615,1,2,1,3.0,6,97012,R,0.0,0.0,974
201200060832,12,12,23,1730,1,1,1,1.0,3,97012,R,0.0,0.0,974
201200060833,12,12,15,100,3,2,1,1.0,6,97012,R,0.0,0.0,974
201200060834,12,12,26,1745,1,1,1,3.0,1,97012,R,0.0,0.0,974
201200060835,12,1,4,1730,1,2,1,1.0,1,97017,R,0.0,0.0,974
201200060836,12,1,28,1115,1,2,1,1.0,1,97017,R,0.0,0.0,974
201200060837,12,3,11,1315,1,1,1,1.0,6,97017,R,0.0,0.0,974
201200060838,12,1,20,1630,1,2,1,1.0,7,97022,R,0.0,0.0,974
201200060839,12,2,3,2300,5,2,1,1.0,7,97022,R,0.0,0.0,974
201200060840,12,2,10,615,1,2,1,1.0,6,97022,R,,,974
201200060841,12,2,18,2230,3,2,1,1.0,6,97022,R,0.0,0.0,974
201200060842,12,3,7,2015,3,2,1,1.0,6,97022,R,0.0,0.0,974
201200060843,12,3,15,1900,2,1,1,1.0,3,97022,R,0.0,0.0,974
201200060844,12,3,17,500,3,2,1,1.0,7,97022,R,0.0,0.0,974
201200060845,12,3,27,615,2,2,1,3.0,6,97022,R,0.0,0.0,974
201200060846,12,4,5,1030,1,2,1,1.0,6,97022,R,0.0,0.0,974
201200060847,12,5,29,1845,5,2,1,1.0,3,97022,R,0.0,0.0,974
201200060848,12,8,30,1645,1,1,1,2.0,5,97022,R,0.0,0.0,974
201200060849,12,9,1,2215,5,2,1,1.0,6,97022,R,0.0,0.0,974
201200060850,12,10,13,1700,1,1,1,1.0,7,97022,R,0.0,0.0,974
201200060851,12,10,21,630,1,1,1,1.0,2,97022,R,0.0,0.0,974
201200060852,12,10,30,530,1,1,1,1.0,1,97022,R,0.0,0.0,974
201200060853,12,11,4,100,5,2,6,1.0,3,97022,R,0.0,0.0,974
201200060854,12,5,16,1230,1,2,1,1.0,6,97011,Y,0.0,0.0,976
201200060855,12,6,9,1900,3,2,1,1.0,6,97011,Y,0.0,0.0,976
201200060856,12,6,22,830,1,1,1,1.0,6,97011,Y,0.0,0.0,976
201200060857,12,8,3,1430,1,1,1,1.0,6,97011,Y,0.0,0.0,976
201200060858,12,9,4,1915,3,1,2,1.0,6,97011,Y,0.0,0.0,976
201200060859,12,12,22,30,3,1,1,1.0,3,97011,Y,0.0,0.0,976
201200060860,12,2,21,1515,1,2,1,1.0,6,97015,Y,0.0,0.0,976
201200060861,12,3,11,1000,1,1,6,2.0,3,97015,Y,0.0,0.0,976
201200060862,12,4,27,1415,1,1,1,1.0,3,97008,Y,0.0,0.0,976
201200060863,12,6,17,1030,1,2,9,1.0,3,97015,Y,0.0,0.0,976
201200060864,12,8,22,2015,5,2,1,1.0,7,97015,Y,0.0,0.0,976
201200060865,12,9,2,300,3,1,1,1.0,6,97015,Y,0.0,0.0,976
201200060866,12,9,10,1845,3,2,1,1.0,7,97015,Y,0.0,0.0,976
201200060867,12,10,6,1730,1,2,1,1.0,6,97015,Y,0.0,0.0,976
201200060868,12,10,17,1915,3,2,1,1.0,1,97015,Y,0.0,0.0,976
201200060869,12,12,6,1315,1,2,1,1.0,3,97015,Y,0.0,0.0,976
201200060870,12,12,18,1545,1,2,1,1.0,3,97015,Y,0.0,0.0,976
201200060871,12,12,24,1930,5,2,1,1.0,3,97015,Y,0.0,0.0,976
201200060872,12,2,27,815,1,1,1,2.0,1,97016,Y,0.0,0.0,976
201200060873,12,8,21,2000,3,1,1,1.0,1,97016,Y,0.0,0.0,976
201200060874,12,8,25,300,4,1,1,1.0,7,97016,Y,0.0,0.0,976
201200060875,12,11,25,930,1,1,9,1.0,6,97016,Y,0.0,0.0,976
201200060876,12,12,9,130,3,1,1,1.0,6,97016,Y,0.0,0.0,976
201200060877,12,1,23,1030,1,1,2,1.0,1,97003,A,0.0,0.0,971
201200060878,12,2,15,1715,1,1,1,1.0,1,97003,A,0.0,0.0,971
201200060879,12,4,1,1930,4,1,1,1.0,6,97003,A,0.0,0.0,971
201200060880,12,4,2,700,1,1,1,1.0,6,97003,A,0.0,0.0,971
201200060881,12,5,11,1145,2,1,1,2.0,7,97003,A,0.0,0.0,971
201200060882,12,6,5,1700,1,2,1,1.0,3,97003,A,0.0,0.0,971
201200060883,12,6,10,445,3,2,1,1.0,3,97003,A,0.0,0.0,971
201200060884,12,6,15,45,5,2,1,1.0,7,97003,A,0.0,0.0,971
201200060885,12,6,24,415,3,1,1,1.0,2,97003,A,0.0,0.0,971
201200060886,12,6,29,15,3,1,1,1.0,6,97003,A,0.0,0.0,971
201200060887,12,7,1,815,1,2,2,1.0,3,97003,A,0.0,0.0,971
201200060888,12,7,18,1800,1,1,1,1.0,2,97003,A,,,971
201200060889,12,7,23,1315,1,2,1,1.0,3,97003,A,0.0,0.0,971
201200060890,12,8,10,1315,1,2,1,1.0,6,97003,A,0.0,0.0,971
201200060891,12,9,1,600,1,2,1,1.0,7,97003,A,0.0,0.0,971
201200060892,12,9,10,100,3,1,1,1.0,6,97003,A,0.0,0.0,971
201200060893,12,9,19,715,1,2,2,1.0,1,97003,A,0.0,0.0,971
201200060894,12,11,3,2100,3,1,1,1.0,6,97003,A,0.0,0.0,971
201200060895,12,12,11,1330,1,2,1,1.0,1,97003,A,0.0,0.0,971
201200060896,12,12,10,845,1,2,1,1.0,3,97003,A,0.0,0.0,971
201200060897,12,12,12,1830,3,1,1,1.0,6,97003,A,0.0,0.0,971
201200060898,12,12,23,430,5,1,1,1.0,6,97003,A,0.0,0.0,971
201200060899,12,12,28,1215,1,2,1,1.0,7,97003,A,0.0,0.0,971
201200060900,12,4,11,1915,3,1,1,2.0,6,97060,G,0.0,0.0,973
201200060901,12,12,29,2145,3,1,1,1.0,7,97012,Y,0.0,0.0,976
201200060902,12,2,19,1845,2,1,1,1.0,2,97012,Y,0.0,0.0,976
201200060903,12,8,7,1645,1,2,1,1.0,7,97012,Y,0.0,0.0,976
201200060904,12,2,4,1645,1,1,1,1.0,2,97004,Y,0.0,0.0,976
201200060905,12,2,15,1445,1,2,1,1.0,6,97004,Y,0.0,0.0,976
201200060906,12,2,2,915,1,2,1,1.0,3,97004,Y,0.0,0.0,976
201200060907,12,3,10,300,3,1,1,1.0,1,97004,Y,0.0,0.0,976
201200060908,12,3,8,1400,1,2,9,1.0,3,97004,Y,0.0,0.0,976
201200060909,12,5,20,1830,3,1,1,2.0,1,97004,Y,0.0,0.0,976
201200060910,12,6,30,1415,1,2,1,1.0,3,97004,Y,0.0,0.0,976
201200060911,12,7,11,1600,1,1,1,1.0,3,97004,Y,0.0,0.0,976
201200060912,12,12,29,1900,3,2,1,1.0,6,97004,Y,0.0,0.0,976
201200060913,12,1,6,2130,5,2,1,1.0,6,97009,G,0.0,0.0,973
201200060914,12,1,14,800,1,1,1,1.0,1,97009,G,0.0,0.0,973
201200060915,12,2,3,600,1,1,1,2.0,3,97009,G,0.0,0.0,973
201200060916,12,3,3,45,5,2,1,1.0,6,97009,G,0.0,0.0,973
201200060917,12,3,13,1700,1,1,1,1.0,1,97009,G,0.0,0.0,973
201200060918,12,3,13,1800,2,1,1,1.0,5,97009,G,0.0,0.0,973
201200060919,12,3,20,800,1,2,1,1.0,1,97009,G,0.0,0.0,973
201200060920,12,3,28,1900,2,1,9,1.0,3,97009,G,0.0,0.0,973
201200060921,12,4,20,1830,2,1,1,1.0,6,97009,G,0.0,0.0,973
201200060922,12,5,25,2315,5,1,1,1.0,3,97009,G,0.0,0.0,973
201200060923,12,6,7,1700,1,2,1,1.0,3,97009,G,0.0,0.0,973
201200060924,12,6,9,2000,5,2,1,1.0,3,97009,G,0.0,0.0,973
201200060925,12,6,11,1230,1,1,1,2.0,1,97009,G,0.0,0.0,973
201200060926,12,6,16,1900,3,1,1,1.0,7,97009,G,0.0,0.0,973
201200060927,12,6,18,1245,1,2,1,1.0,2,97009,G,0.0,0.0,973
201200060928,12,7,19,1945,5,2,1,1.0,3,97009,G,0.0,0.0,973
201200060929,12,7,22,530,2,1,1,1.0,3,97009,G,0.0,0.0,973
201200060930,12,8,28,1200,1,1,1,1.0,2,97009,G,0.0,0.0,973
201200060931,12,9,8,800,1,2,1,1.0,7,97009,G,0.0,0.0,973
201200060932,12,9,25,1300,1,1,1,1.0,7,97009,G,0.0,0.0,973
201200060933,12,10,5,830,1,1,1,1.0,3,97009,G,0.0,0.0,973
201200060934,12,10,9,1200,1,2,1,1.0,6,97009,G,0.0,0.0,973
201200060935,12,10,11,2215,5,2,1,1.0,7,97009,G,0.0,0.0,973
201200060936,12,10,27,145,5,2,1,1.0,3,97009,G,0.0,0.0,973
201200060937,12,10,30,1345,1,2,1,1.0,3,97009,G,0.0,0.0,973
201200060938,12,11,8,1730,1,1,1,1.0,2,97009,G,0.0,0.0,973
201200060939,12,11,17,830,1,2,1,1.0,5,97009,G,0.0,0.0,973
201200060940,12,11,18,845,1,1,1,1.0,5,97009,G,0.0,0.0,973
201200060941,12,12,12,715,1,2,3,1.0,3,97009,G,0.0,0.0,973
201200060942,12,12,20,1515,1,1,1,1.0,3,97009,G,0.0,0.0,973
201200060943,12,12,20,1300,1,2,1,3.0,6,97009,G,0.0,0.0,973
201200060944,12,4,8,2145,3,2,1,1.0,1,97040,R,0.0,0.0,974
201200060945,12,5,12,45,3,1,1,1.0,6,97040,R,0.0,0.0,974
201200060946,12,9,7,945,1,2,1,1.0,6,97040,R,0.0,0.0,974
201200060947,12,10,17,1330,1,2,1,1.0,3,97040,R,0.0,0.0,974
201200060948,12,8,26,2115,3,1,1,1.0,1,97013,R,0.0,0.0,974
201200060949,12,11,9,1830,2,1,1,1.0,3,97013,R,0.0,0.0,974
201200060950,12,11,24,1030,1,2,1,1.0,3,97048,R,0.0,0.0,974
201200060951,12,12,29,630,1,1,1,1.0,6,97013,R,0.0,0.0,974
201200060952,12,2,11,1445,1,1,1,1.0,3,97004,G,0.0,0.0,973
201200060953,12,2,26,1830,2,2,1,1.0,3,97004,G,0.0,0.0,973
201200060954,12,2,28,1230,1,2,1,2.0,1,97004,G,0.0,0.0,973
201200060955,12,9,17,715,1,1,1,1.0,1,97004,G,0.0,0.0,973
201200060956,12,1,11,500,3,1,1,2.0,1,97007,G,0.0,0.0,973
201200060957,12,1,27,730,1,2,1,1.0,3,97007,G,0.0,0.0,973
201200060958,12,1,31,1515,1,1,1,3.0,3,97007,G,0.0,0.0,973
201200060959,12,3,19,1115,1,2,1,1.0,6,97007,G,0.0,0.0,973
201200060960,12,3,3,2145,3,1,1,1.0,5,97007,G,0.0,0.0,973
201200060961,12,3,10,400,3,2,1,1.0,1,97007,G,0.0,0.0,973
201200060962,12,3,27,1545,1,2,1,1.0,3,97007,G,0.0,0.0,973
201200060963,12,4,5,1515,1,1,1,1.0,1,97007,G,0.0,0.0,973
201200060964,12,4,22,2030,3,2,1,1.0,1,97007,G,0.0,0.0,973
201200060965,12,4,28,530,3,1,1,2.0,6,97007,G,0.0,0.0,973
201200060966,12,5,27,2000,3,1,1,1.0,7,97007,G,0.0,0.0,973
201200060967,12,6,9,1545,1,1,1,1.0,1,97007,G,0.0,0.0,973
201200060968,12,7,25,1800,1,2,1,1.0,1,97007,G,0.0,0.0,973
201200060969,12,8,2,2230,3,1,1,1.0,3,97007,G,0.0,0.0,973
201200060970,12,9,7,1530,1,1,1,1.0,7,97007,G,0.0,0.0,973
201200060971,12,9,10,1000,1,1,1,1.0,6,97007,G,0.0,0.0,973
201200060972,12,9,25,1730,1,1,1,1.0,3,97007,G,0.0,0.0,973
201200060973,12,10,26,915,1,2,1,1.0,7,97007,G,0.0,0.0,973
201200060974,12,10,30,1700,1,2,1,1.0,5,97007,G,0.0,0.0,973
201200060975,12,11,22,1345,1,2,1,1.0,6,97007,G,0.0,0.0,973
201200060976,12,11,24,600,3,1,1,1.0,7,97007,G,0.0,0.0,973
201200060977,12,12,5,1715,3,2,1,1.0,6,97007,G,0.0,0.0,973
201200060978,12,1,9,2130,5,2,1,1.0,5,97022,A,0.0,0.0,972
201200060979,12,2,10,1300,1,1,9,1.0,1,97015,R,0.0,0.0,974
201200060980,12,3,14,2330,3,2,1,2.0,6,97015,R,0.0,0.0,974
201200060981,12,5,10,1945,3,2,1,1.0,6,97056,R,0.0,0.0,974
201200060982,12,5,15,1830,5,2,1,1.0,6,97056,R,,,974
201200060983,12,7,9,1015,1,1,1,1.0,6,97015,R,0.0,0.0,974
201200060984,12,7,15,745,1,1,1,1.0,6,97015,R,0.0,0.0,974
201200060985,12,8,31,745,1,2,1,1.0,6,97015,R,0.0,0.0,974
201200060986,12,10,28,1000,1,2,1,2.0,1,97015,R,0.0,0.0,974
201200060987,12,9,17,1015,1,2,1,1.0,1,97004,R,0.0,0.0,974
201200060988,12,1,5,930,1,2,1,1.0,1,97013,R,0.0,0.0,974
201200060989,12,9,23,500,3,1,1,1.0,6,97013,R,0.0,0.0,974
201200060990,12,8,14,645,3,1,1,1.0,3,97032,A,0.0,0.0,971
201200060991,12,11,12,1730,5,2,1,2.0,1,97009,A,0.0,0.0,971
201200060992,12,5,7,1715,1,1,1,1.0,1,97014,R,0.0,0.0,974
201200060993,12,6,1,1800,1,2,1,1.0,6,97014,R,0.0,0.0,974
201200060994,12,6,8,1730,5,2,1,1.0,1,97014,R,0.0,0.0,974
201200060995,12,7,22,1945,3,1,1,1.0,4,97014,R,0.0,0.0,974
201200060996,12,8,30,1315,1,2,1,1.0,3,97014,R,0.0,0.0,974
201200060997,12,6,5,1700,1,2,6,1.0,3,97010,R,0.0,0.0,974
201200060998,12,8,2,1915,5,1,1,1.0,3,97010,R,0.0,0.0,974
201200060999,12,8,19,1930,3,1,1,1.0,6,97010,R,0.0,0.0,974
201200061000,12,9,15,1645,1,1,1,2.0,1,97010,R,0.0,0.0,974
201200061001,12,9,15,2000,3,1,1,1.0,7,97010,R,0.0,0.0,974
201200061002,12,9,17,645,1,1,1,1.0,1,97010,R,0.0,0.0,974
201200061003,12,11,20,730,1,1,1,1.0,6,97010,R,0.0,0.0,974
201200061004,12,11,22,2000,3,2,1,1.0,1,97010,R,0.0,0.0,974
201200061005,12,7,5,900,1,1,1,1.0,6,97034,A,0.0,0.0,972
201200061006,12,7,30,800,1,2,1,3.0,2,97029,A,0.0,0.0,972
201200061007,12,7,31,1230,1,2,1,1.0,2,97029,A,0.0,0.0,972
201200061008,12,8,25,1330,1,2,1,1.0,6,97029,A,0.0,0.0,972
201200061009,12,9,13,745,1,1,1,1.0,7,97034,A,0.0,0.0,972
201200061010,12,9,30,1515,1,1,1,1.0,7,97034,A,0.0,0.0,972
201200061011,12,4,17,1330,1,1,1,3.0,7,97018,A,0.0,0.0,972
201200061012,12,5,22,830,1,2,1,1.0,3,97018,A,0.0,0.0,972
201200061013,12,6,12,1145,1,1,1,1.0,3,97025,A,0.0,0.0,972
201200061014,12,8,11,1130,1,1,1,1.0,6,97025,A,0.0,0.0,972
201200061015,12,10,25,615,2,1,1,1.0,6,97018,A,0.0,0.0,972
201200061016,12,4,28,1115,1,1,1,1.0,5,97027,A,0.0,0.0,972
201200061017,12,4,29,2100,3,1,1,1.0,2,97017,A,0.0,0.0,972
201200061018,12,5,10,1830,3,1,1,2.0,1,97017,A,0.0,0.0,972
201200061019,12,5,19,1745,1,1,1,1.0,3,97017,A,0.0,0.0,972
201200061020,12,5,20,2100,3,1,1,1.0,7,97017,A,0.0,0.0,972
201200061021,12,5,24,830,1,1,1,2.0,6,97017,A,0.0,0.0,972
201200061022,12,6,17,1430,1,1,1,1.0,3,97027,A,0.0,0.0,972
201200061023,12,7,7,1415,1,1,1,2.0,5,97027,A,0.0,0.0,972
201200061024,12,7,29,915,1,1,1,1.0,2,97026,A,0.0,0.0,972
201200061025,12,8,11,615,1,2,1,1.0,1,97020,A,0.0,0.0,972
201200061026,12,9,30,1515,1,2,1,1.0,2,97017,A,0.0,0.0,972
201200061027,12,10,22,1615,1,1,1,1.0,6,97027,A,0.0,0.0,972
201200061028,12,11,24,900,1,1,3,1.0,3,97017,A,0.0,0.0,972
201200061029,12,4,25,1330,1,1,1,1.0,6,97010,A,0.0,0.0,972
201200061030,12,4,25,2030,3,2,1,1.0,3,97032,A,0.0,0.0,972
201200061031,12,5,17,1100,1,2,1,8.0,3,97010,A,0.0,0.0,972
201200061032,12,12,8,1915,3,1,1,1.0,1,97010,A,0.0,0.0,972
201200061033,12,3,23,2245,3,1,1,1.0,4,97021,A,0.0,0.0,972
201200061034,12,5,31,945,1,1,1,1.0,2,97021,A,0.0,0.0,972
201200061035,12,7,26,1515,1,2,1,1.0,1,97021,A,0.0,0.0,972
201200061036,12,9,9,2015,3,1,1,1.0,3,97021,A,0.0,0.0,972
201200061037,12,3,15,1300,1,1,1,1.0,6,97007,A,0.0,0.0,972
201200061038,12,4,22,445,3,1,1,2.0,7,97007,A,0.0,0.0,972
201200061039,12,4,24,2130,3,1,1,1.0,7,97007,A,0.0,0.0,972
201200061040,12,4,26,1845,2,1,1,1.0,3,97023,A,0.0,0.0,972
201200061041,12,6,10,2245,3,2,1,2.0,1,97007,A,0.0,0.0,972
201200061042,12,6,10,745,1,2,1,1.0,1,97023,A,0.0,0.0,972
201200061043,12,7,20,1745,1,1,1,1.0,2,97007,A,0.0,0.0,972
201200061044,12,9,7,815,3,2,1,1.0,6,97007,A,0.0,0.0,972
201200061045,12,9,30,645,1,2,1,1.0,1,97007,A,0.0,0.0,972
201200061046,12,10,11,2300,3,1,1,2.0,1,97007,A,0.0,0.0,972
201200061047,12,11,3,900,1,1,1,1.0,1,97023,A,0.0,0.0,972
201200061048,12,11,9,1230,1,1,1,1.0,1,97023,A,0.0,0.0,972
201200061049,12,11,26,1530,1,1,1,1.0,4,97007,A,0.0,0.0,972
201200061050,12,9,2,1845,5,2,1,1.0,4,97016,A,0.0,0.0,972
201200061051,12,11,9,2100,5,2,1,1.0,6,97003,A,0.0,0.0,972
201200061052,12,3,14,1100,1,1,1,1.0,5,97022,A,0.0,0.0,972
201200061053,12,4,14,1330,1,1,1,3.0,3,97022,A,0.0,0.0,972