Num_Acc,an,mois,jour,hrmn,lum,agg,int,atm,col,com,gps,lat,long,dep
201200061054,12,6,15,1645,1,1,1,1.0,5,97022,A,0.0,0.0,972
201200061055,12,12,4,800,1,1,1,1.0,1,97022,A,0.0,0.0,972
201200061056,12,10,28,630,1,1,1,1.0,3,97013,R,0.0,0.0,974
201200061057,12,12,3,1300,1,1,1,3.0,1,97012,R,0.0,0.0,974
201200061058,12,4,21,1945,5,2,1,1.0,3,97022,R,0.0,0.0,974
201200061059,12,6,7,1445,1,2,8,1.0,6,97022,R,0.0,0.0,974
201200061060,12,6,5,1800,1,2,1,1.0,1,97022,R,0.0,0.0,974
201200061061,12,6,22,1615,1,1,1,2.0,7,97022,R,0.0,0.0,974
201200061062,12,7,8,2130,5,1,1,1.0,3,97022,R,0.0,0.0,974
201200061063,12,11,11,1445,1,1,1,1.0,1,97022,R,0.0,0.0,974
201200061064,12,1,9,925,1,2,1,1.0,6,97005,A,,,971
201200061065,12,1,12,1720,1,2,3,1.0,1,97005,A,,,971
201200061066,12,1,19,1030,1,2,1,1.0,3,97005,A,,,971
201200061067,12,2,4,600,5,2,2,1.0,3,97005,A,,,971
201200061068,12,2,4,2020,5,2,1,2.0,6,97005,A,,,971
201200061069,12,2,19,2055,5,2,2,1.0,3,97005,A,,,971
201200061070,12,2,21,130,5,2,1,1.0,3,97005,A,,,971
201200061071,12,2,22,140,5,2,3,1.0,1,97005,A,,,971
201200061072,12,3,2,1115,1,2,3,1.0,3,97005,A,,,971
201200061073,12,3,16,1854,3,2,3,1.0,3,97005,A,,,971
201200061074,12,3,19,550,1,2,1,2.0,3,97005,A,,,971
201200061075,12,4,25,1300,1,2,3,1.0,6,97005,A,,,971
201200061076,12,5,8,1200,1,2,2,1.0,3,97005,A,,,971
201200061077,12,5,15,1115,1,2,6,1.0,2,97005,A,,,971
201200061078,12,5,24,1750,1,2,6,1.0,7,97005,A,,,971
201200061079,12,7,3,1905,5,1,1,2.0,6,97005,A,,,971
201200061080,12,8,14,855,1,2,1,2.0,7,97005,A,,,971
201200061081,12,8,31,2320,5,2,1,1.0,2,97005,A,,,971
201200061082,12,9,24,840,1,2,3,1.0,3,97005,A,,,971
201200061083,12,10,9,1855,5,2,1,1.0,6,97005,A,,,971
201200061084,12,10,15,1225,1,2,1,1.0,2,97005,A,,,971
201200061085,12,11,2,2300,5,2,9,1.0,6,97005,A,,,971
201200061086,12,11,16,1915,5,2,1,2.0,3,97005,A,,,971
201200061087,12,11,19,2047,5,2,3,1.0,3,97005,A,,,971
201200061088,12,11,30,1400,1,2,1,1.0,6,97005,A,,,971
201200061089,12,11,30,1815,5,2,1,1.0,2,97005,A,,,971
201200061090,12,12,4,800,1,2,1,1.0,6,97005,A,,,971
201200061091,12,12,5,1910,5,2,1,1.0,3,97005,A,,,971
201200061092,12,12,9,2340,5,2,1,1.0,1,97005,A,,,971
201200061093,12,12,12,1945,5,2,1,1.0,2,97005,A,,,971
201200061094,12,12,30,1310,1,2,3,1.0,6,97005,A,,,971
201200061095,12,10,19,1730,1,2,1,1.0,3,97005,A,,,971
201200061096,12,1,5,1810,5,2,4,1.0,5,97007,A,,,971
201200061097,12,2,2,1740,1,2,3,1.0,1,97007,A,,,971
201200061098,12,3,16,700,1,2,1,1.0,7,97007,A,,,971
201200061099,12,3,19,715,1,2,1,1.0,3,97007,A,,,971
201200061100,12,3,24,2250,5,2,1,1.0,6,97007,A,,,971
201200061101,12,4,15,100,5,2,1,1.0,5,97007,A,,,971
201200061102,12,4,19,850,1,2,2,1.0,6,97007,A,,,971
201200061103,12,5,17,1200,1,2,2,2.0,3,97007,A,,,971
201200061104,12,5,21,1915,4,2,4,1.0,3,97007,A,,,971
201200061105,12,5,24,545,1,2,3,1.0,7,97007,A,,,971
201200061106,12,6,22,1130,1,2,2,1.0,6,97007,A,,,971
201200061107,12,7,27,1900,2,2,1,1.0,7,97007,A,,,971
201200061108,12,9,8,1110,1,2,1,1.0,6,97007,A,,,971
201200061109,12,11,10,1645,1,2,3,1.0,6,97007,A,,,971
201200061110,12,3,5,1950,5,2,2,1.0,1,97007,A,,,971
201200061111,12,8,7,1300,1,2,3,1.0,3,97007,A,,,971
201200061112,12,8,18,1045,1,2,3,1.0,3,97007,A,,,971
201200061113,12,11,26,1215,1,2,8,1.0,3,97007,A,,,971
201200061114,12,12,1,2130,4,2,1,1.0,6,97007,A,,,971
201200061115,12,1,4,800,1,1,3,1.0,3,97013,A,,,971
201200061116,12,1,3,1445,1,2,3,1.0,1,97001,A,,,971
201200061117,12,1,20,2140,5,2,1,1.0,7,97001,A,,,971
201200061118,12,1,21,2210,5,2,4,2.0,3,97001,A,,,971
201200061119,12,1,25,547,2,1,1,5.0,6,97001,A,,,971
201200061120,12,1,25,1235,1,1,1,1.0,7,97013,A,,,971
201200061121,12,1,28,2110,3,1,1,1.0,7,97013,A,,,971
201200061122,12,1,28,2220,3,1,1,2.0,7,97001,A,,,971
201200061123,12,1,28,314,5,1,9,1.0,7,97001,A,,,971
201200061124,12,2,9,2125,4,2,1,1.0,5,97013,A,,,971
201200061125,12,2,13,550,4,2,1,1.0,6,97013,A,,,971
201200061126,12,2,14,745,1,2,1,1.0,7,97001,A,,,971
201200061127,12,2,8,1305,1,1,3,1.0,3,97013,A,,,971
201200061128,12,2,15,100,5,1,1,1.0,2,97020,A,,,971
201200061129,12,2,17,1322,1,1,3,1.0,3,97001,A,,,971
201200061130,12,2,17,1700,1,1,1,1.0,6,97001,A,,,971
201200061131,12,2,18,1800,2,1,1,1.0,1,97001,A,,,971
201200061132,12,2,19,2200,3,2,1,1.0,4,97001,A,,,971
201200061133,12,1,22,1635,1,2,3,1.0,6,97007,A,,,971
201200061134,12,2,20,740,1,2,3,1.0,3,97001,A,,,971
201200061135,12,2,21,1130,1,2,1,1.0,7,97020,A,,,971
201200061136,12,2,22,1140,1,2,9,1.0,3,97013,A,,,971
201200061137,12,2,23,1445,1,1,1,1.0,2,97001,A,,,971
201200061138,12,2,23,1215,1,2,1,1.0,3,97013,A,,,971
201200061139,12,2,17,1130,1,1,3,1.0,7,97001,A,,,971
201200061140,12,2,26,1420,1,2,3,1.0,1,97001,A,,,971
201200061141,12,3,2,2100,5,2,1,1.0,5,97013,A,,,971
201200061142,12,3,10,2212,4,2,1,1.0,7,97013,A,,,971
201200061143,12,3,20,640,1,2,2,1.0,7,97001,A,,,971
201200061144,12,3,17,1600,1,1,1,1.0,7,97013,A,,,971
201200061145,12,3,18,1950,5,1,1,1.0,7,97001,A,,,971
201200061146,12,3,24,1500,1,2,7,1.0,7,97001,A,,,971
201200061147,12,3,25,2000,3,1,1,1.0,5,97001,A,,,971
201200061148,12,3,6,1155,1,2,1,1.0,7,97001,A,,,971
201200061149,12,3,26,1420,1,2,1,1.0,7,97001,A,,,971
201200061150,12,3,28,2000,5,2,3,1.0,3,97020,A,,,971
201200061151,12,4,4,2334,3,1,1,1.0,1,97013,A,,,971
201200061152,12,4,5,2127,5,1,1,1.0,3,97013,A,,,971
201200061153,12,4,5,2040,5,1,1,1.0,7,97013,A,,,971
201200061154,12,4,3,1900,5,2,9,1.0,3,97001,A,,,971
201200061155,12,4,10,1425,1,2,2,1.0,3,97001,A,,,971
201200061156,12,3,27,1519,1,2,1,1.0,7,97020,A,,,971
201200061157,12,4,15,2234,5,2,3,2.0,3,97020,A,,,971
201200061158,12,1,16,1805,2,1,1,1.0,7,97001,A,,,971
201200061159,12,4,21,2220,3,1,1,3.0,1,97001,A,,,971
201200061160,12,4,25,1745,1,2,1,1.0,6,97020,A,,,971
201200061161,12,4,25,1800,1,2,1,1.0,6,97020,A,,,971
201200061162,12,4,20,349,5,2,1,2.0,2,97001,A,,,971
201200061163,12,4,26,900,1,1,1,1.0,3,97001,A,,,971
201200061164,12,4,29,403,5,1,1,2.0,2,97013,A,,,971
201200061165,12,5,3,1615,1,2,1,1.0,7,97013,A,,,971
201200061166,12,5,1,2245,3,1,1,2.0,7,97001,A,,,971
201200061167,12,5,2,2109,5,2,1,1.0,3,97001,A,,,971
201200061168,12,4,27,1455,1,1,1,2.0,3,97001,A,,,971
201200061169,12,5,10,1125,1,2,1,2.0,3,97001,A,,,971
201200061170,12,5,12,2200,5,2,1,1.0,7,97013,A,,,971
201200061171,12,5,14,1330,1,2,1,1.0,2,97001,A,,,971
201200061172,12,4,20,2305,3,1,1,1.0,2,97001,A,,,971
201200061173,12,5,18,120,4,1,1,2.0,6,97001,A,,,971
201200061174,12,5,20,2250,5,1,1,1.0,7,97013,A,,,971
201200061175,12,5,26,15,5,2,1,1.0,6,97001,A,,,971
201200061176,12,5,27,550,1,2,1,1.0,3,97001,A,,,971
201200061177,12,5,28,1250,1,1,1,1.0,7,97001,A,,,971
201200061178,12,5,30,545,2,1,1,1.0,6,97001,A,,,971
201200061179,12,5,20,53,5,2,1,1.0,3,97001,A,,,971
201200061180,12,5,31,2110,5,1,1,1.0,1,97013,A,,,971
201200061181,12,6,3,300,5,1,1,1.0,7,97020,A,,,971
201200061182,12,6,2,2325,3,2,1,1.0,5,97013,A,,,971
201200061183,12,6,4,720,1,2,2,1.0,3,97020,A,,,971
201200061184,12,6,5,910,1,2,1,1.0,2,97013,A,,,971
201200061185,12,5,4,1620,1,1,1,2.0,3,97013,A,,,971
201200061186,12,6,9,527,1,2,9,1.0,3,97001,A,,,971
201200061187,12,6,10,1425,1,1,1,1.0,3,97013,A,,,971
201200061188,12,5,22,1830,1,2,1,1.0,3,97013,A,,,971
201200061189,12,6,20,1545,1,2,1,1.0,1,97013,A,,,971
201200061190,12,6,23,1300,1,2,1,1.0,7,97020,A,,,971
201200061191,12,6,23,1900,3,1,1,1.0,1,97001,A,,,971
201200061192,12,6,29,1715,1,1,4,1.0,3,97001,A,,,971
201200061193,12,7,1,700,1,1,1,1.0,2,97001,A,,,971
201200061194,12,7,1,750,1,1,1,1.0,2,97013,A,,,971
201200061195,12,5,27,24,3,1,1,1.0,6,97013,A,,,971
201200061196,12,7,4,1410,1,1,1,1.0,3,97013,A,,,971
201200061197,12,6,27,2337,5,2,2,1.0,3,97001,A,,,971
201200061198,12,7,11,1745,1,1,3,1.0,3,97001,A,,,971
201200061199,12,7,16,740,1,1,1,1.0,3,97013,A,,,971
201200061200,12,7,16,1820,1,2,1,1.0,1,97013,A,,,971
201200061201,12,7,26,2215,5,2,3,1.0,3,97020,A,,,971
201200061202,12,7,24,1120,1,2,1,1.0,6,97001,A,,,971
201200061203,12,7,29,1630,1,1,1,1.0,1,97013,A,,,971
201200061204,12,7,27,2051,2,1,1,1.0,5,97001,A,,,971
201200061205,12,8,1,2205,5,2,1,1.0,3,97001,A,,,971
201200061206,12,6,19,1754,2,2,3,1.0,3,97013,A,,,971
201200061207,12,8,5,1315,1,2,3,1.0,6,97001,A,,,971
201200061208,12,7,25,1930,5,1,1,1.0,6,97001,A,,,971
201200061209,12,8,13,2030,5,1,1,8.0,1,97013,A,,,971
201200061210,12,8,17,735,1,2,1,2.0,3,97013,A,,,971
201200061211,12,8,17,1840,2,2,1,1.0,7,97020,A,,,971
201200061212,12,8,18,2035,4,1,3,1.0,3,97001,A,,,971
201200061213,12,8,22,904,1,2,1,2.0,3,97020,A,,,971
201200061214,12,8,26,2120,3,1,1,1.0,1,97001,A,,,971
201200061215,12,8,29,1950,3,1,1,1.0,7,97013,A,,,971
201200061216,12,8,30,645,1,2,1,1.0,3,97001,A,,,971
201200061217,12,8,30,2350,5,2,2,1.0,3,97001,A,,,971
201200061218,12,9,7,1220,1,2,1,1.0,7,97001,A,,,971
201200061219,12,9,8,330,5,2,1,1.0,1,97001,A,,,971
201200061220,12,9,13,1917,4,2,1,1.0,6,97013,A,,,971
201200061221,12,9,14,2130,5,2,1,1.0,6,97001,A,,,971
201200061222,12,9,15,1030,1,1,1,1.0,3,97013,A,,,971
201200061223,12,9,18,800,1,2,3,8.0,3,97001,A,,,971
201200061224,12,7,25,1520,1,1,1,1.0,7,97013,A,,,971
201200061225,12,9,18,1150,1,2,1,1.0,7,97001,A,,,971
201200061226,12,9,21,1650,1,1,1,2.0,1,97001,A,,,971
201200061227,12,9,25,2025,5,2,1,1.0,3,97001,A,,,971
201200061228,12,9,26,2100,5,1,3,1.0,3,97013,A,,,971
201200061229,12,10,4,1530,1,1,1,2.0,7,97001,A,,,971
201200061230,12,10,5,1210,1,1,1,3.0,5,97013,A,,,971
201200061231,12,10,6,2249,4,1,1,1.0,7,97013,A,,,971
201200061232,12,10,9,1845,5,1,1,1.0,1,97001,A,,,971
201200061233,12,10,12,2253,5,1,1,2.0,1,97013,A,,,971
201200061234,12,10,13,2355,3,1,1,3.0,7,97001,A,,,971
201200061235,12,10,17,1550,1,2,1,1.0,1,97001,A,,,971
201200061236,12,10,18,705,1,1,1,1.0,7,97013,A,,,971
201200061237,12,10,10,1010,1,1,1,1.0,3,97013,A,,,971
201200061238,12,10,22,2000,5,2,1,1.0,3,97001,A,,,971
201200061239,12,10,21,105,5,1,1,1.0,1,97013,A,,,971
201200061240,12,10,26,1530,1,1,1,1.0,1,97001,A,,,971
201200061241,12,10,30,1230,1,2,1,1.0,5,97001,A,,,971
201200061242,12,11,1,515,2,2,2,1.0,3,97001,A,,,971
201200061243,12,11,1,1534,1,2,1,1.0,7,97001,A,,,971
201200061244,12,11,3,210,4,1,1,1.0,1,97013,A,,,971
201200061245,12,11,2,1810,1,1,1,1.0,2,97020,A,,,971
201200061246,12,11,5,645,1,2,3,1.0,7,97020,A,,,971
201200061247,12,10,25,905,1,1,1,1.0,7,97013,A,,,971
201200061248,12,11,18,2205,3,2,3,2.0,3,97001,A,,,971
201200061249,12,11,24,250,4,1,1,1.0,1,97013,A,,,971
201200061250,12,11,23,1350,1,1,1,1.0,3,97001,A,,,971
201200061251,12,11,30,120,3,1,1,1.0,6,97013,A,,,971
201200061252,12,12,3,720,1,2,1,,7,97012,A,,,971
201200061253,12,12,8,720,1,1,1,,2,97010,A,,,971
201200061254,12,12,9,210,5,1,1,1.0,1,97013,A,,,971
201200061255,12,12,9,225,5,1,1,1.0,6,97013,A,,,971
201200061256,12,12,14,1845,2,2,2,1.0,1,97001,A,,,971
201200061257,12,12,15,2255,5,2,1,1.0,1,97001,A,,,971
201200061258,12,12,25,125,3,2,1,1.0,1,97013,A,,,971
201200061259,12,12,26,1845,5,2,1,1.0,3,97001,A,,,971
201200061260,12,1,1,307,5,2,1,1.0,6,97009,A,,,972
201200061261,12,1,1,600,1,1,1,1.0,1,97009,A,,,972
201200061262,12,1,1,1407,1,1,1,1.0,1,97009,A,,,972
201200061263,12,1,3,947,1,2,1,1.0,2,97009,A,,,972
201200061264,12,1,3,1132,1,2,1,1.0,6,97009,A,,,972
201200061265,12,1,3,1710,1,2,1,1.0,6,97009,A,,,972
201200061266,12,1,6,1815,2,2,1,8.0,7,97009,A,,,972
201200061267,12,1,7,1410,1,2,1,1.0,6,97009,A,,,972
201200061268,12,1,9,1335,1,2,1,1.0,3,97009,A,,,972
201200061269,12,1,11,1349,1,2,1,1.0,3,97009,A,,,972
201200061270,12,1,11,2030,5,2,1,1.0,3,97009,A,,,972
201200061271,12,1,12,1952,5,2,1,1.0,6,97009,A,,,972
201200061272,12,1,13,820,5,2,1,1.0,3,97009,A,,,972
201200061273,12,1,14,242,5,2,1,1.0,1,97009,A,,,972
201200061274,12,1,15,1140,1,2,1,1.0,2,97009,A,,,972
201200061275,12,1,15,1200,1,2,1,1.0,6,97009,A,,,972
201200061276,12,1,15,2106,5,2,1,1.0,6,97009,A,,,972
201200061277,12,1,19,1637,1,2,1,2.0,7,97009,A,,,972
201200061278,12,1,19,1740,1,2,1,1.0,6,97009,A,,,972
201200061279,12,1,20,1600,1,2,9,1.0,3,97009,A,,,972
201200061280,12,1,22,815,1,2,2,8.0,3,97009,A,,,972
201200061281,12,1,24,1220,1,1,1,1.0,2,97009,A,,,972
201200061282,12,1,24,904,1,1,1,1.0,6,97009,A,,,972
201200061283,12,1,26,925,1,2,1,1.0,6,97009,A,,,972
201200061284,12,1,27,757,1,2,1,1.0,2,97009,A,,,972
201200061285,12,1,28,1145,1,2,1,1.0,6,97009,A,,,972
201200061286,12,2,1,1500,1,2,1,1.0,6,97009,A,,,972
201200061287,12,2,2,620,1,2,1,1.0,6,97009,A,,,972
201200061288,12,2,2,1315,1,2,1,1.0,6,97009,A,,,972
201200061289,12,2,4,15,5,2,1,1.0,6,97009,A,,,972
201200061290,12,2,5,1606,1,2,1,1.0,6,97009,A,,,972
201200061291,12,2,12,1130,1,2,1,1.0,3,97009,A,,,972
201200061292,12,2,14,1140,1,2,1,1.0,6,97009,A,,,972
201200061293,12,2,18,230,5,2,1,1.0,7,97009,A,,,972
201200061294,12,2,19,2130,3,2,1,1.0,6,97009,A,,,972
201200061295,12,2,21,2254,5,2,3,1.0,3,97009,A,,,972
201200061296,12,2,21,630,1,2,3,1.0,3,97009,A,,,972
201200061297,12,2,24,2023,5,2,1,1.0,6,97009,A,,,972
201200061298,12,2,25,1335,1,1,1,1.0,1,97009,A,,,972
201200061299,12,2,27,1330,1,1,1,1.0,6,97009,A,,,972
201200061300,12,3,4,2000,5,2,1,1.0,6,97009,A,,,972
201200061301,12,3,7,1425,1,1,1,1.0,2,97009,A,,,972
201200061302,12,3,8,1640,1,2,1,1.0,3,97009,A,,,972
201200061303,12,3,8,1801,2,2,1,1.0,2,97009,A,,,972
201200061304,12,3,9,130,5,2,1,1.0,7,97009,A,,,972
201200061305,12,3,10,535,5,2,1,1.0,7,97009,A,,,972
201200061306,12,3,15,817,1,2,1,1.0,6,97009,A,,,972
201200061307,12,3,16,1105,1,2,1,1.0,6,97009,A,,,972
201200061308,12,3,17,1,3,1,1,1.0,7,97009,A,,,972
201200061309,12,3,18,300,5,2,1,1.0,6,97009,A,,,972
201200061310,12,3,22,1020,1,2,3,1.0,3,97009,A,,,972
201200061311,12,3,27,742,1,1,1,1.0,6,97009,A,,,972
201200061312,12,3,28,1355,1,2,1,1.0,6,97009,A,,,972
201200061313,12,4,4,1231,1,2,1,1.0,3,97009,A,,,972
201200061314,12,4,6,1250,1,2,1,1.0,3,97009,A,,,972
201200061315,12,4,14,1540,1,2,1,1.0,7,97009,A,,,972
201200061316,12,4,21,1134,1,2,1,1.0,6,97009,A,,,972
201200061317,12,4,22,1915,5,2,1,1.0,6,97009,A,,,972
201200061318,12,4,24,723,1,2,1,1.0,6,97009,A,,,972
201200061319,12,4,24,1234,1,2,1,1.0,6,97009,A,,,972
201200061320,12,4,26,1256,1,2,1,1.0,6,97009,A,,,972
201200061321,12,4,27,822,1,2,1,1.0,1,97009,A,,,972
201200061322,12,4,27,1730,1,2,1,1.0,6,97009,A,,,972
201200061323,12,4,30,1205,1,2,1,1.0,6,97009,A,,,972
201200061324,12,5,5,1630,1,2,1,1.0,7,97009,A,,,972
201200061325,12,5,7,1147,1,2,1,1.0,6,97009,A,,,972
201200061326,12,5,9,910,1,1,1,1.0,2,97009,A,,,972
201200061327,12,5,13,1625,1,1,1,1.0,1,97009,A,,,972
201200061328,12,5,15,2312,5,2,3,1.0,3,97009,A,,,972
201200061329,12,5,16,1045,1,2,3,1.0,3,97009,A,,,972
201200061330,12,5,18,2037,5,1,1,1.0,6,97009,A,,,972
201200061331,12,5,25,2215,5,2,3,1.0,6,97009,A,,,972
201200061332,12,5,26,1637,1,1,1,1.0,7,97009,A,,,972
201200061333,12,5,30,1310,1,1,3,1.0,3,97009,A,,,972
201200061334,12,5,31,1415,1,2,1,1.0,6,97009,A,,,972
201200061335,12,6,1,715,1,2,1,1.0,1,97009,A,,,972
201200061336,12,6,3,600,1,1,1,1.0,2,97009,A,,,972
201200061337,12,6,6,2225,5,2,1,1.0,6,97009,A,,,972
201200061338,12,6,9,857,1,1,1,1.0,6,97009,A,,,972
201200061339,12,6,10,1754,1,1,1,1.0,6,97009,A,,,972
201200061340,12,6,11,1205,1,1,1,1.0,7,97009,A,,,972
201200061341,12,6,16,1000,1,2,3,1.0,3,97009,A,,,972
201200061342,12,6,16,740,1,1,1,1.0,3,97009,A,,,972
201200061343,12,6,17,2045,5,2,1,1.0,6,97009,A,,,972
201200061344,12,6,18,2100,5,2,2,1.0,3,97009,A,,,972
201200061345,12,7,1,131,5,2,1,8.0,6,97009,A,,,972
201200061346,12,7,5,1040,1,2,1,1.0,6,97009,A,,,972
201200061347,12,7,8,918,1,2,1,1.0,6,97009,A,,,972
201200061348,12,7,10,1308,1,2,1,1.0,6,97009,A,,,972
201200061349,12,7,10,1730,1,2,1,1.0,6,97009,A,,,972
201200061350,12,7,13,1840,5,2,3,1.0,3,97009,A,,,972
201200061351,12,7,14,1950,5,2,1,1.0,3,97009,A,,,972
201200061352,12,7,15,1340,1,1,1,1.0,6,97009,A,,,972
201200061353,12,7,27,1040,1,2,1,1.0,6,97009,A,,,972
201200061354,12,7,30,1655,1,2,1,1.0,6,97009,A,,,972
201200061355,12,8,1,1920,5,2,6,1.0,6,97009,A,,,972
201200061356,12,8,6,1000,1,2,1,1.0,6,97009,A,,,972
201200061357,12,8,9,1853,3,1,1,1.0,6,97020,A,,,972
201200061358,12,8,12,2154,5,2,1,1.0,3,97009,A,,,972
201200061359,12,8,14,1125,1,2,1,1.0,3,97009,A,,,972
201200061360,12,8,14,2126,5,2,1,8.0,3,97009,A,,,972
201200061361,12,8,16,950,1,2,1,1.0,4,97009,A,,,972
201200061362,12,8,19,1745,2,2,9,1.0,3,97009,A,,,972
201200061363,12,8,20,1740,1,1,2,1.0,3,97009,A,,,972
201200061364,12,8,25,2220,5,1,1,1.0,1,97009,A,,,972
201200061365,12,8,26,210,5,2,1,1.0,7,97009,A,,,972
201200061366,12,8,26,559,2,2,1,1.0,7,97009,A,,,972
201200061367,12,8,29,2330,5,2,1,1.0,6,97009,A,,,972
201200061368,12,8,31,1125,1,1,6,1.0,3,97009,A,,,972
201200061369,12,9,3,1155,1,2,1,1.0,6,97009,A,,,972
201200061370,12,9,3,1800,1,2,1,1.0,6,97009,A,,,972
201200061371,12,9,6,1535,1,2,1,1.0,3,97009,A,,,972
201200061372,12,9,9,1637,1,2,1,1.0,2,97009,A,,,972
201200061373,12,9,11,1705,1,2,1,1.0,1,97009,A,,,972
201200061374,12,9,16,245,5,2,2,1.0,6,97009,A,,,972
201200061375,12,9,16,1745,1,2,2,1.0,6,97009,A,,,972
201200061376,12,9,17,1555,1,2,2,2.0,1,97009,A,,,972
201200061377,12,9,22,1945,3,2,1,1.0,1,97009,A,,,972
201200061378,12,9,28,450,5,2,2,1.0,6,97009,A,,,972
201200061379,12,10,1,1714,1,2,1,1.0,4,97009,A,,,972
201200061380,12,10,7,2010,5,2,1,1.0,1,97009,A,,,972
201200061381,12,10,8,720,1,2,1,1.0,6,97009,A,,,972
201200061382,12,10,9,1900,5,2,1,1.0,3,97009,A,,,972
201200061383,12,10,13,1325,1,2,1,8.0,6,97009,A,,,972
201200061384,12,10,15,1650,1,2,1,1.0,2,97009,A,,,972
201200061385,12,10,17,2205,5,2,1,1.0,1,97009,A,,,972
201200061386,12,10,17,1545,1,2,2,1.0,3,97009,A,,,972
201200061387,12,10,19,930,1,2,1,1.0,6,97009,A,,,972
201200061388,12,10,26,1836,2,1,1,1.0,3,97009,A,,,972
201200061389,12,10,28,1421,1,2,1,1.0,2,97009,A,,,972
201200061390,12,10,31,2034,5,2,2,1.0,3,97009,A,,,972
201200061391,12,11,4,2045,5,2,1,1.0,6,97009,A,,,972
201200061392,12,11,8,1940,5,2,3,1.0,3,97009,A,,,972
201200061393,12,11,10,600,1,2,1,2.0,7,97009,A,,,972
201200061394,12,11,10,27,5,2,1,8.0,7,97009,A,,,972
201200061395,12,11,15,1630,1,2,1,1.0,3,97009,A,,,972
201200061396,12,11,16,920,1,2,1,1.0,6,97009,A,,,972
201200061397,12,11,16,1330,1,2,1,1.0,3,97009,A,,,972
201200061398,12,11,16,2210,5,2,1,1.0,3,97009,A,,,972
201200061399,12,11,22,700,1,2,1,1.0,6,97009,A,,,972
201200061400,12,11,26,1828,5,2,1,1.0,6,97009,A,,,972
201200061401,12,11,27,1650,1,2,1,1.0,6,97009,A,,,972
201200061402,12,11,29,1515,1,2,1,1.0,6,97009,A,,,972
201200061403,12,12,3,910,1,2,1,1.0,6,97009,A,,,972
201200061404,12,12,5,1820,5,1,1,1.0,2,97009,A,,,972
201200061405,12,12,7,1645,1,2,1,1.0,6,97009,A,,,972
201200061406,12,12,11,1424,1,2,1,1.0,5,97009,A,,,972
201200061407,12,12,15,58,5,2,2,1.0,3,97009,A,,,972
201200061408,12,12,20,1020,1,2,1,1.0,6,97009,A,,,972
201200061409,12,12,21,1733,1,2,1,1.0,7,97009,A,,,972
201200061410,12,12,24,1631,1,1,1,1.0,2,97009,A,,,972
201200061411,12,12,25,1326,1,1,1,1.0,7,97009,A,,,972
201200061412,12,12,25,1908,5,2,1,1.0,3,97009,A,,,972
201200061413,12,12,31,930,5,2,1,1.0,7,97009,A,,,972
201200061414,12,1,9,1539,1,1,1,1.0,7,97013,A,,,972
201200061415,12,1,18,2350,5,1,1,1.0,2,97013,A,,,972
201200061416,12,1,19,1630,1,1,1,1.0,1,97013,A,,,972
201200061417,12,1,20,1430,1,1,1,1.0,3,97013,A,,,972
201200061418,12,1,25,626,1,2,1,1.0,6,97013,A,,,972
201200061419,12,1,27,1640,1,1,1,1.0,3,97013,A,,,972
201200061420,12,1,28,1310,1,1,1,1.0,6,97013,A,,,972
201200061421,12,2,9,1745,1,2,1,1.0,6,97013,A,,,972
201200061422,12,2,13,515,2,1,1,1.0,1,97013,A,,,972
201200061423,12,2,17,1919,2,1,1,1.0,6,97013,A,,,972
201200061424,12,2,17,1949,5,1,1,1.0,2,97013,A,,,972
201200061425,12,2,20,2000,5,1,1,1.0,5,97013,A,,,972
201200061426,12,2,23,1700,1,1,1,1.0,6,97013,A,,,972
201200061427,12,2,23,2235,4,1,1,1.0,3,97013,A,,,972
201200061428,12,3,5,1920,5,1,9,1.0,2,97013,A,,,972
201200061429,12,3,9,1045,1,1,1,1.0,2,97013,A,,,972
201200061430,12,3,13,1330,1,1,1,1.0,6,97013,A,,,972
201200061431,12,4,4,1315,1,1,1,1.0,6,97013,A,,,972
201200061432,12,4,8,1445,1,1,1,1.0,7,97013,A,,,972
201200061433,12,4,13,1215,1,2,1,1.0,6,97013,A,,,972
201200061434,12,4,15,2320,5,2,1,1.0,1,97013,A,,,972
201200061435,12,4,17,1445,1,1,1,1.0,3,97013,A,,,972
201200061436,12,4,20,720,1,1,1,3.0,4,97013,A,,,972
201200061437,12,4,22,2204,5,1,1,1.0,2,97013,A,,,972
201200061438,12,5,1,2015,3,1,1,1.0,5,97007,A,,,972
201200061439,12,5,4,2115,3,1,1,1.0,6,97013,A,,,972
201200061440,12,5,12,1040,1,1,1,1.0,6,97013,A,,,972
201200061441,12,5,15,1620,1,1,1,1.0,1,97013,A,,,972
201200061442,12,5,18,1655,1,2,1,1.0,6,97013,A,,,972
201200061443,12,5,27,1450,1,1,1,1.0,1,97013,A,,,972
201200061444,12,5,27,2115,4,1,1,1.0,2,97013,A,,,972
201200061445,12,6,3,1430,1,1,1,1.0,7,97013,A,,,972
201200061446,12,6,8,1920,4,1,1,1.0,4,97013,A,,,972
201200061447,12,6,10,1000,1,1,1,1.0,6,97013,A,,,972
201200061448,12,6,16,2235,3,1,1,1.0,6,97013,A,,,972
201200061449,12,6,23,2249,3,1,1,1.0,1,97013,A,,,972
201200061450,12,7,3,1725,1,1,1,1.0,6,97013,A,,,972
201200061451,12,7,12,2230,3,1,1,1.0,2,97013,A,,,972