Num_Acc,an,mois,jour,hrmn,lum,agg,int,atm,col,com,gps,lat,long,dep
201200061452,12,7,20,2015,5,1,1,1.0,1,97013,A,,,972
201200061453,12,7,28,920,1,1,1,1.0,6,97013,A,,,972
201200061454,12,7,28,1458,1,1,1,1.0,3,97013,A,,,972
201200061455,12,7,31,823,1,2,3,1.0,6,97013,A,,,972
201200061456,12,8,2,740,1,2,1,1.0,6,97013,A,,,972
201200061457,12,8,4,1530,1,2,3,1.0,1,97013,A,,,972
201200061458,12,8,9,845,1,2,3,1.0,6,97013,A,,,972
201200061459,12,8,14,2145,3,1,1,1.0,7,97013,A,,,972
201200061460,12,8,17,2015,3,1,1,1.0,4,97013,A,,,972
201200061461,12,8,19,2025,5,1,2,1.0,3,97013,A,,,972
201200061462,12,8,24,630,1,1,1,1.0,7,97013,A,,,972
201200061463,12,8,28,1740,1,1,1,1.0,2,97013,A,,,972
201200061464,12,8,31,350,4,1,1,1.0,3,97013,A,,,972
201200061465,12,9,7,1206,1,1,1,1.0,6,97013,A,,,972
201200061466,12,9,7,1900,3,1,1,1.0,2,97013,A,,,972
201200061467,12,9,11,1546,1,1,1,1.0,6,97013,A,,,972
201200061468,12,9,21,1700,1,1,1,1.0,2,97013,A,,,972
201200061469,12,9,28,1230,1,1,1,1.0,3,97013,A,,,972
201200061470,12,9,30,2055,5,1,1,1.0,1,97013,A,,,972
201200061471,12,10,1,705,1,2,1,1.0,6,97013,A,,,972
201200061472,12,10,15,1145,1,1,1,1.0,6,97013,A,,,972
201200061473,12,10,15,1325,1,1,3,1.0,3,97013,A,,,972
201200061474,12,10,17,1900,5,2,1,1.0,6,97013,A,,,972
201200061475,12,10,21,1119,1,2,2,1.0,3,97013,A,,,972
201200061476,12,10,23,707,1,1,1,1.0,3,97013,A,,,972
201200061477,12,10,28,312,5,1,1,1.0,1,97013,A,,,972
201200061478,12,10,28,1400,1,1,6,1.0,2,97013,A,,,972
201200061479,12,10,28,2230,5,1,1,1.0,2,97013,A,,,972
201200061480,12,11,2,1610,1,1,1,1.0,6,97013,A,,,972
201200061481,12,11,9,1125,1,1,1,1.0,6,97013,A,,,972
201200061482,12,11,9,1610,1,1,1,1.0,3,97013,A,,,972
201200061483,12,11,10,543,2,2,1,1.0,6,97013,A,,,972
201200061484,12,11,11,720,1,2,1,1.0,6,97013,A,,,972
201200061485,12,11,15,2200,5,1,1,1.0,6,97013,A,,,972
201200061486,12,11,16,2315,5,2,1,1.0,6,97013,A,,,972
201200061487,12,11,18,2000,5,1,1,1.0,2,97013,A,,,972
201200061488,12,11,19,1534,1,1,1,1.0,3,97013,A,,,972
201200061489,12,11,23,100,3,1,1,1.0,1,97013,A,,,972
201200061490,12,11,25,1810,5,1,1,1.0,2,97013,A,,,972
201200061491,12,11,25,2000,3,1,1,1.0,6,97013,A,,,972
201200061492,12,11,30,1000,1,1,1,1.0,6,97013,A,,,972
201200061493,12,11,30,1415,1,1,1,1.0,1,97013,A,,,972
201200061494,12,12,2,357,5,1,1,1.0,2,97013,A,,,972
201200061495,12,12,9,450,5,1,1,1.0,6,97013,A,,,972
201200061496,12,12,11,840,1,1,6,1.0,6,97013,A,,,972
201200061497,12,12,15,755,1,1,1,2.0,1,97013,A,,,972
201200061498,12,12,16,41,3,1,1,1.0,7,97013,A,,,972
201200061499,12,12,16,1906,3,1,1,1.0,5,97013,A,,,972
201200061500,12,12,16,2220,5,1,1,1.0,6,97013,A,,,972
201200061501,12,12,19,1705,1,1,1,1.0,4,97013,A,,,972
201200061502,12,12,20,1445,1,1,1,1.0,4,97013,A,,,972
201200061503,12,12,23,2141,5,1,1,1.0,3,97013,A,,,972
201200061504,12,12,24,2019,5,1,1,1.0,2,97013,A,,,972
201200061505,12,12,26,1741,1,2,3,1.0,2,97013,A,,,972
201200061506,12,12,28,1345,1,2,1,2.0,3,97002,G,,,973
201200061507,12,1,2,719,1,1,1,1.0,5,97002,G,,,973
201200061508,12,1,3,1110,1,1,1,2.0,2,97002,G,,,973
201200061509,12,1,4,1145,1,2,2,1.0,3,97002,G,,,973
201200061510,12,1,6,1118,1,1,2,1.0,3,97002,G,,,973
201200061511,12,1,8,618,5,2,1,1.0,3,97002,G,,,973
201200061512,12,1,9,1925,5,2,6,1.0,3,97002,G,,,973
201200061513,12,1,11,1732,1,2,3,1.0,3,97002,G,,,973
201200061514,12,1,13,840,1,2,1,1.0,3,97002,G,,,973
201200061515,12,1,12,1340,1,2,1,1.0,6,97002,G,,,973
201200061516,12,1,13,1630,1,2,1,1.0,2,97002,G,,,973
201200061517,12,1,13,1745,1,2,1,1.0,2,97002,G,,,973
201200061518,12,1,11,1313,1,2,2,1.0,3,97002,G,,,973
201200061519,12,1,20,1210,1,1,1,1.0,3,97002,G,,,973
201200061520,12,1,27,1500,1,2,1,1.0,3,97002,G,,,973
201200061521,12,1,29,1710,1,2,1,8.0,2,97002,G,,,973
201200061522,12,1,31,1715,1,2,1,1.0,3,97002,G,,,973
201200061523,12,2,2,830,1,1,1,1.0,3,97002,G,,,973
201200061524,12,2,2,1044,1,1,1,1.0,3,97002,G,,,973
201200061525,12,2,2,1144,1,1,1,1.0,3,97002,G,,,973
201200061526,12,2,3,1803,1,2,1,2.0,3,97002,G,,,973
201200061527,12,2,5,2140,5,2,1,2.0,3,97002,G,,,973
201200061528,12,2,3,930,1,2,1,1.0,6,97002,G,,,973
201200061529,12,12,19,1120,1,2,1,1.0,6,97002,G,,,973
201200061530,12,2,9,2020,5,2,1,1.0,1,97002,G,,,973
201200061531,12,2,9,2100,5,2,3,1.0,1,97002,G,,,973
201200061532,12,2,14,1250,1,2,3,3.0,3,97002,G,,,973
201200061533,12,2,3,1255,1,2,2,1.0,2,97002,G,,,973
201200061534,12,2,15,1300,1,2,2,1.0,3,97002,G,,,973
201200061535,12,2,15,1325,1,1,1,1.0,3,97002,G,,,973
201200061536,12,2,15,1610,1,2,2,1.0,3,97002,G,,,973
201200061537,12,2,19,853,1,2,2,2.0,3,97002,G,,,973
201200061538,12,2,20,2330,5,2,2,1.0,3,97002,G,,,973
201200061539,12,2,15,825,1,2,1,1.0,3,97002,G,,,973
201200061540,12,2,21,2230,3,2,1,1.0,2,97002,G,,,973
201200061541,12,2,24,1910,4,2,1,1.0,3,97002,G,,,973
201200061542,12,2,25,1038,1,1,1,1.0,2,97002,G,,,973
201200061543,12,2,29,1640,1,2,1,1.0,3,97002,G,,,973
201200061544,12,2,29,1253,1,1,3,1.0,3,97002,G,,,973
201200061545,12,3,2,638,1,1,1,1.0,3,97002,G,,,973
201200061546,12,3,2,738,1,1,1,1.0,3,97002,G,,,973
201200061547,12,3,3,1355,1,1,1,1.0,6,97002,G,,,973
201200061548,12,3,3,1545,1,2,1,1.0,6,97002,G,,,973
201200061549,12,3,6,1140,1,2,1,2.0,6,97002,G,,,973
201200061550,12,3,6,1320,1,2,1,1.0,3,97002,G,,,973
201200061551,12,3,6,1355,1,2,1,1.0,3,97002,G,,,973
201200061552,12,3,7,1808,1,2,1,3.0,3,97002,G,,,973
201200061553,12,3,8,720,1,2,1,1.0,3,97002,G,,,973
201200061554,12,3,9,1205,1,1,1,1.0,3,97002,G,,,973
201200061555,12,3,10,630,1,2,1,1.0,3,97002,G,,,973
201200061556,12,3,14,1210,1,2,1,1.0,3,97002,G,,,973
201200061557,12,3,14,1233,1,2,1,1.0,3,97002,G,,,973
201200061558,12,3,15,1610,1,2,3,1.0,3,97002,G,,,973
201200061559,12,3,16,1740,1,2,1,2.0,3,97002,G,,,973
201200061560,12,3,18,1130,1,2,5,1.0,2,97002,G,,,973
201200061561,12,3,20,852,1,2,1,1.0,3,97002,G,,,973
201200061562,12,3,21,1108,1,2,2,1.0,3,97002,G,,,973
201200061563,12,3,21,1809,1,2,1,1.0,2,97002,G,,,973
201200061564,12,3,22,1020,1,1,2,1.0,3,97002,G,,,973
201200061565,12,3,22,1943,4,1,1,1.0,6,97002,G,,,973
201200061566,12,3,23,1220,1,2,1,1.0,3,97002,G,,,973
201200061567,12,3,24,1215,1,2,3,1.0,2,97002,G,,,973
201200061568,12,3,25,1522,1,2,2,1.0,3,97002,G,,,973
201200061569,12,3,26,854,1,1,1,1.0,3,97002,G,,,973
201200061570,12,3,13,828,1,2,3,1.0,5,97002,G,,,973
201200061571,12,3,23,830,1,2,1,3.0,6,97002,G,,,973
201200061572,12,3,30,1620,1,2,1,1.0,3,97002,G,,,973
201200061573,12,4,2,710,1,1,1,1.0,2,97002,G,,,973
201200061574,12,3,27,1415,1,2,1,1.0,2,97002,G,,,973
201200061575,12,4,3,2315,5,2,2,1.0,3,97002,G,,,973
201200061576,12,4,4,1050,1,2,1,1.0,3,97002,G,,,973
201200061577,12,4,4,1530,1,2,4,1.0,3,97002,G,,,973
201200061578,12,4,5,820,1,2,1,2.0,4,97002,G,,,973
201200061579,12,4,5,2015,5,2,1,1.0,3,97002,G,,,973
201200061580,12,4,7,2005,5,2,1,2.0,3,97002,G,,,973
201200061581,12,4,7,2015,5,2,2,1.0,3,97002,G,,,973
201200061582,12,4,10,1720,1,2,1,1.0,3,97002,G,,,973
201200061583,12,4,16,1720,2,2,2,2.0,6,97002,G,,,973
201200061584,12,4,18,2315,5,2,6,3.0,3,97002,G,,,973
201200061585,12,4,19,950,1,2,1,1.0,6,97002,G,,,973
201200061586,12,4,20,1020,1,2,5,1.0,3,97002,G,,,973
201200061587,12,4,22,2245,5,2,2,1.0,1,97002,G,600000.0,200000.0,973
201200061588,12,4,28,1905,5,2,1,1.0,2,97002,G,,,973
201200061589,12,5,2,743,1,2,1,1.0,3,97002,G,,,973
201200061590,12,5,11,1320,1,1,1,1.0,3,97002,G,,,973
201200061591,12,5,16,1650,1,2,2,1.0,3,97002,G,,,973
201200061592,12,5,18,1445,1,2,1,1.0,3,97002,G,,,973
201200061593,12,5,19,1600,1,2,1,1.0,3,97002,G,,,973
201200061594,12,5,19,1720,1,1,1,1.0,7,97002,G,,,973
201200061595,12,5,20,1920,5,1,1,1.0,7,97002,G,,,973
201200061596,12,5,21,2235,5,2,7,1.0,1,97002,G,,,973
201200061597,12,5,25,1840,5,1,3,1.0,3,97002,G,,,973
201200061598,12,5,28,2200,5,2,2,1.0,3,97002,G,,,973
201200061599,12,5,29,1115,1,2,1,1.0,3,97002,G,,,973
201200061600,12,5,31,1715,1,2,2,1.0,3,97002,G,,,973
201200061601,12,6,5,1055,1,2,1,1.0,6,97002,G,,,973
201200061602,12,6,6,1720,1,1,6,1.0,3,97002,G,,,973
201200061603,12,6,11,755,1,2,3,1.0,3,97002,G,,,973
201200061604,12,6,12,1900,3,1,1,1.0,3,97002,G,,,973
201200061605,12,6,13,2015,5,2,2,1.0,6,97002,G,,,973
201200061606,12,6,14,1220,1,2,3,7.0,3,97002,G,,,973
201200061607,12,6,16,1920,3,2,1,1.0,6,97002,G,,,973
201200061608,12,6,22,700,1,1,1,1.0,6,97002,G,,,973
201200061609,12,6,24,1810,1,1,3,1.0,3,97002,G,,,973
201200061610,12,6,25,2010,5,1,1,1.0,1,97002,G,,,973
201200061611,12,6,27,1350,1,1,1,1.0,3,97002,G,,,973
201200061612,12,6,27,1520,1,2,1,1.0,3,97002,G,,,973
201200061613,12,7,2,950,1,1,1,1.0,3,97002,G,,,973
201200061614,12,7,2,1830,1,2,3,1.0,3,97002,G,,,973
201200061615,12,7,6,2315,5,1,1,1.0,3,97002,G,,,973
201200061616,12,7,7,1450,1,2,1,1.0,6,97002,G,,,973
201200061617,12,5,18,1700,1,2,3,1.0,2,97002,G,,,973
201200061618,12,7,15,1930,3,1,2,1.0,3,97002,G,,,973
201200061619,12,7,18,2255,4,2,1,1.0,7,97002,G,,,973
201200061620,12,7,23,1205,1,1,1,1.0,3,97002,G,,,973
201200061621,12,7,26,1255,1,2,1,1.0,3,97002,G,,,973
201200061622,12,7,27,1906,5,1,1,1.0,2,97002,G,,,973
201200061623,12,7,27,1140,1,2,1,7.0,3,97002,G,,,973
201200061624,12,7,29,1515,1,2,1,1.0,3,97002,G,,,973
201200061625,12,8,2,215,5,2,1,1.0,3,97002,G,,,973
201200061626,12,8,3,1940,5,2,1,1.0,3,97002,G,,,973
201200061627,12,8,10,1955,5,2,1,1.0,3,97002,G,,,973
201200061628,12,8,10,2230,4,2,3,1.0,3,97002,G,,,973
201200061629,12,8,11,2320,5,1,1,1.0,7,97002,G,,,973
201200061630,12,8,12,300,3,2,1,1.0,3,97002,G,,,973
201200061631,12,8,13,945,1,2,1,1.0,2,97002,G,,,973
201200061632,12,8,13,2013,5,2,1,1.0,3,97002,G,,,973
201200061633,12,8,14,1710,1,1,3,1.0,1,97002,G,,,973
201200061634,12,8,16,120,5,1,1,1.0,6,97002,G,,,973
201200061635,12,8,21,1040,1,1,3,1.0,1,97002,G,,,973
201200061636,12,8,21,1200,1,2,1,1.0,3,97002,G,,,973
201200061637,12,8,21,1840,3,2,3,1.0,1,97002,G,,,973
201200061638,12,8,22,1550,1,1,1,1.0,6,97002,G,,,973
201200061639,12,8,23,1250,1,1,1,1.0,3,97002,G,,,973
201200061640,12,8,27,2045,4,2,1,1.0,2,97002,G,,,973
201200061641,12,8,29,943,1,2,1,1.0,3,97002,G,,,973
201200061642,12,9,3,1215,1,1,1,1.0,2,97002,G,,,973
201200061643,12,9,3,1840,5,2,1,1.0,3,97002,G,,,973
201200061644,12,9,4,1430,1,2,1,1.0,3,97002,G,,,973
201200061645,12,9,6,1919,5,2,1,1.0,1,97002,G,,,973
201200061646,12,9,12,2034,1,2,1,1.0,6,97002,G,,,973
201200061647,12,9,15,1835,5,2,3,1.0,3,97002,G,,,973
201200061648,12,9,15,850,1,2,1,1.0,3,97002,G,,,973
201200061649,12,9,20,615,1,1,1,1.0,6,97002,G,,,973
201200061650,12,9,15,1850,3,2,3,1.0,1,97002,G,,,973
201200061651,12,9,20,2000,5,2,1,1.0,7,97002,G,,,973
201200061652,12,9,19,1311,1,2,1,1.0,6,97002,G,,,973
201200061653,12,9,23,200,3,2,3,1.0,2,97002,G,,,973
201200061654,12,9,26,1840,5,2,1,1.0,3,97002,G,,,973
201200061655,12,10,1,1030,1,2,1,1.0,2,97002,G,,,973
201200061656,12,10,5,1952,3,1,1,1.0,3,97002,G,,,973
201200061657,12,10,7,640,1,2,3,1.0,3,97002,G,,,973
201200061658,12,10,7,2100,5,2,1,1.0,3,97002,G,,,973
201200061659,12,10,8,1210,1,1,1,1.0,6,97002,G,,,973
201200061660,12,10,9,1210,1,1,1,1.0,6,97002,G,,,973
201200061661,12,10,8,1025,1,2,3,1.0,3,97002,G,,,973
201200061662,12,10,12,1820,5,1,3,1.0,3,97002,G,,,973
201200061663,12,10,18,735,1,2,1,1.0,3,97002,G,,,973
201200061664,12,10,19,1145,1,2,6,1.0,6,97002,G,,,973
201200061665,12,10,20,1625,1,2,1,1.0,3,97002,G,,,973
201200061666,12,10,23,1755,2,1,1,1.0,2,97002,G,,,973
201200061667,12,10,26,1701,1,2,1,1.0,3,97002,G,,,973
201200061668,12,10,26,1625,1,1,1,1.0,6,97002,G,,,973
201200061669,12,11,10,646,1,2,8,1.0,2,97002,G,,,973
201200061670,12,11,11,1809,1,2,1,1.0,7,97002,G,,,973
201200061671,12,11,12,715,1,1,1,1.0,3,97002,G,,,973
201200061672,12,12,1,1900,5,2,1,1.0,1,97002,G,,,973
201200061673,12,12,7,1222,1,2,4,1.0,3,97002,G,,,973
201200061674,12,12,8,1315,1,2,1,1.0,3,97002,G,,,973
201200061675,12,12,9,1338,1,2,2,1.0,7,97002,G,,,973
201200061676,12,12,10,1200,1,1,1,1.0,6,97002,G,,,973
201200061677,12,12,12,1730,2,1,1,2.0,3,97002,G,,,973
201200061678,12,12,16,708,1,1,1,1.0,6,97002,G,,,973
201200061679,12,12,18,1215,1,2,3,1.0,2,97002,G,,,973
201200061680,12,12,25,1950,3,1,1,1.0,3,97002,G,,,973
201200061681,12,12,26,1100,1,1,1,1.0,2,97002,G,,,973
201200061682,12,12,28,748,1,1,1,1.0,7,97002,G,,,973
201200061683,12,6,29,200,5,1,1,1.0,6,97002,G,,,973
201200061684,12,7,28,2355,5,2,1,1.0,6,97002,G,,,973
201200061685,12,1,7,943,1,2,1,1.0,6,97007,R,,,974
201200061686,12,1,10,1330,1,1,1,1.0,6,97007,R,,,974
201200061687,12,1,11,1100,1,2,1,3.0,6,97007,R,,,974
201200061688,12,1,14,920,1,1,1,1.0,2,97007,R,,,974
201200061689,12,1,20,1115,1,2,1,1.0,2,97007,R,,,974
201200061690,12,1,22,2215,3,1,6,1.0,2,97007,R,,,974
201200061691,12,1,23,1620,1,2,1,1.0,3,97007,R,,,974
201200061692,12,1,24,645,1,2,1,1.0,7,97007,R,,,974
201200061693,12,2,2,1545,1,1,6,1.0,2,97007,R,,,974
201200061694,12,2,3,130,5,2,1,1.0,6,97007,R,,,974
201200061695,12,2,14,2130,5,2,1,1.0,7,97007,R,,,974
201200061696,12,2,18,825,1,1,1,1.0,7,97007,R,,,974
201200061697,12,2,18,1845,2,2,1,1.0,6,97007,R,,,974
201200061698,12,2,25,1600,1,2,1,1.0,6,97007,R,,,974
201200061699,12,3,7,2215,3,1,1,1.0,6,97007,R,,,974
201200061700,12,3,8,1740,1,2,2,1.0,5,97007,R,,,974
201200061701,12,3,22,1735,1,1,1,1.0,7,97007,R,,,974
201200061702,12,4,2,745,1,2,1,1.0,6,97007,R,,,974
201200061703,12,4,4,1804,2,2,1,1.0,6,97007,R,,,974
201200061704,12,4,4,1815,2,2,1,1.0,6,97007,R,,,974
201200061705,12,4,13,2110,4,2,2,1.0,3,97007,R,,,974
201200061706,12,4,21,1223,1,2,1,1.0,7,97007,R,,,974
201200061707,12,4,28,1245,1,2,1,1.0,3,97007,R,,,974
201200061708,12,5,6,1740,1,2,1,1.0,2,97007,R,,,974
201200061709,12,5,8,1825,1,2,1,1.0,6,97007,R,,,974
201200061710,12,5,10,1910,5,2,1,1.0,6,97007,R,,,974
201200061711,12,5,12,1009,1,2,2,1.0,6,97007,R,,,974
201200061712,12,5,12,1105,1,2,1,1.0,6,97007,R,,,974
201200061713,12,5,15,1850,3,2,1,1.0,7,97007,R,,,974
201200061714,12,5,16,920,1,2,2,1.0,3,97007,R,,,974
201200061715,12,5,26,1930,5,2,1,1.0,6,97007,R,,,974
201200061716,12,5,28,615,2,2,6,1.0,3,97007,R,,,974
201200061717,12,6,5,722,1,1,1,1.0,3,97007,R,,,974
201200061718,12,6,13,1030,1,2,3,1.0,3,97007,R,,,974
201200061719,12,6,18,1830,2,2,6,1.0,6,97007,R,,,974
201200061720,12,6,21,1630,1,2,3,1.0,3,97007,R,,,974
201200061721,12,6,23,1300,1,1,1,1.0,6,97007,R,,,974
201200061722,12,6,23,2135,5,2,2,1.0,3,97007,R,,,974
201200061723,12,6,25,755,1,2,3,1.0,5,97007,R,,,974
201200061724,12,6,29,815,1,1,1,1.0,3,97007,R,,,974
201200061725,12,7,4,1330,1,1,1,1.0,1,97007,R,,,974
201200061726,12,7,6,900,1,2,1,1.0,6,97007,R,,,974
201200061727,12,7,12,655,1,2,2,1.0,3,97007,R,,,974
201200061728,12,7,16,1620,1,2,2,1.0,5,97007,R,,,974
201200061729,12,7,17,1940,5,2,3,1.0,3,97007,R,,,974
201200061730,12,7,18,2215,3,2,1,1.0,6,97007,R,,,974
201200061731,12,7,21,1840,5,2,3,1.0,3,97007,R,,,974
201200061732,12,7,25,820,1,2,1,1.0,3,97007,R,,,974
201200061733,12,7,28,1100,1,2,1,1.0,6,97007,R,,,974
201200061734,12,7,29,620,2,2,2,1.0,3,97007,R,,,974
201200061735,12,7,31,1645,1,2,3,1.0,3,97007,R,,,974
201200061736,12,8,6,1630,1,2,6,1.0,2,97007,R,,,974
201200061737,12,8,11,635,2,1,1,1.0,2,97007,R,,,974
201200061738,12,8,11,1845,2,2,1,1.0,6,97007,R,,,974
201200061739,12,8,23,1005,1,2,6,1.0,3,97007,R,,,974
201200061740,12,8,31,2120,5,2,2,1.0,6,97007,R,,,974
201200061741,12,9,1,2100,3,1,1,1.0,1,97007,R,,,974
201200061742,12,9,7,945,1,1,1,1.0,3,97007,R,,,974
201200061743,12,9,9,1520,1,2,3,1.0,3,97007,R,,,974
201200061744,12,9,10,1720,1,2,1,1.0,6,97007,R,,,974
201200061745,12,9,10,1850,2,2,1,1.0,6,97007,R,,,974
201200061746,12,9,12,1856,3,2,2,1.0,3,97007,R,,,974
201200061747,12,9,13,1625,1,2,3,1.0,3,97007,R,,,974
201200061748,12,9,14,2020,3,2,1,1.0,6,97007,R,,,974
201200061749,12,9,17,1650,1,2,1,1.0,6,97007,R,,,974
201200061750,12,9,18,1145,1,2,1,1.0,6,97007,R,,,974
201200061751,12,9,24,715,1,1,1,1.0,2,97007,R,,,974
201200061752,12,9,28,1545,1,2,1,1.0,6,97007,R,,,974
201200061753,12,9,30,1025,1,1,1,1.0,6,97007,R,,,974
201200061754,12,10,16,1845,3,2,1,1.0,6,97007,R,,,974
201200061755,12,10,23,1205,1,2,1,1.0,6,97007,R,,,974
201200061756,12,10,26,805,1,2,1,1.0,3,97007,R,,,974
201200061757,12,10,28,1500,1,2,1,1.0,6,97007,R,,,974
201200061758,12,10,29,1510,1,1,1,1.0,6,97007,R,,,974
201200061759,12,11,4,300,5,2,1,1.0,7,97007,R,,,974
201200061760,12,11,5,1220,1,2,1,1.0,2,97007,R,,,974
201200061761,12,11,6,815,1,2,1,1.0,3,97007,R,,,974
201200061762,12,11,6,1345,1,1,1,1.0,2,97007,R,,,974
201200061763,12,11,9,1830,2,2,1,1.0,6,97007,R,,,974
201200061764,12,11,10,1000,1,2,3,1.0,7,97007,R,,,974
201200061765,12,11,12,1215,1,2,1,1.0,3,97007,R,,,974
201200061766,12,11,14,1730,1,2,6,1.0,6,97007,R,,,974
201200061767,12,11,14,1840,2,2,3,1.0,3,97007,R,,,974
201200061768,12,11,28,2310,3,1,1,1.0,6,97007,R,,,974
201200061769,12,11,29,1610,1,2,1,1.0,6,97007,R,,,974
201200061770,12,11,30,705,1,2,3,1.0,3,97007,R,,,974
201200061771,12,12,1,1120,1,2,1,1.0,6,97007,R,,,974
201200061772,12,12,2,105,5,2,1,1.0,6,97007,R,,,974
201200061773,12,12,2,1810,1,2,6,1.0,3,97007,R,,,974
201200061774,12,12,9,1545,1,2,1,1.0,6,97007,R,,,974
201200061775,12,12,10,1540,1,2,1,1.0,6,97007,R,,,974
201200061776,12,12,16,735,1,1,1,1.0,6,97007,R,,,974
201200061777,12,12,18,1320,1,2,1,3.0,6,97007,R,,,974
201200061778,12,12,19,1615,1,2,2,1.0,3,97007,R,,,974
201200061779,12,12,20,1125,1,2,2,1.0,3,97007,R,,,974
201200061780,12,12,20,2040,5,2,1,1.0,6,97007,R,,,974
201200061781,12,12,20,2145,5,2,3,1.0,3,97007,R,,,974
201200061782,12,12,21,410,5,2,3,1.0,3,97007,R,,,974
201200061783,12,12,21,1030,1,2,1,1.0,2,97007,R,,,974
201200061784,12,12,24,1700,1,2,2,1.0,3,97007,R,,,974
201200061785,12,12,25,400,5,2,1,1.0,3,97007,R,,,974
201200061786,12,12,25,2120,5,2,2,1.0,3,97007,R,,,974
201200061787,12,12,28,1320,1,2,1,1.0,5,97007,R,,,974
201200061788,12,12,31,1117,1,1,1,1.0,6,97007,R,,,974
201200061789,12,1,2,2349,3,1,1,2.0,7,97009,R,,,974
201200061790,12,1,3,1010,1,1,1,1.0,1,97009,R,,,974
201200061791,12,1,20,2030,5,2,1,1.0,6,97009,R,,,974
201200061792,12,1,26,2130,5,2,1,1.0,1,97009,R,,,974
201200061793,12,1,29,600,2,2,1,1.0,6,97009,R,,,974
201200061794,12,2,7,1720,1,2,1,1.0,6,97009,R,,,974
201200061795,12,2,7,1855,2,2,1,1.0,1,97009,R,,,974
201200061796,12,2,14,1505,1,2,1,1.0,6,97009,R,,,974
201200061797,12,2,15,600,2,2,1,1.0,6,97009,R,,,974
201200061798,12,2,17,955,1,2,1,1.0,1,97009,R,,,974
201200061799,12,2,21,610,2,2,2,3.0,1,97009,R,,,974
201200061800,12,2,23,1325,1,2,1,1.0,6,97009,R,,,974
201200061801,12,2,29,810,1,2,1,1.0,6,97009,R,,,974
201200061802,12,2,29,1010,1,2,1,1.0,6,97009,R,,,974
201200061803,12,3,2,815,1,2,1,1.0,6,97009,R,,,974
201200061804,12,3,3,810,1,2,2,2.0,1,97009,R,,,974
201200061805,12,3,4,1255,1,2,1,1.0,2,97009,R,,,974
201200061806,12,3,14,1545,1,2,1,1.0,1,97009,R,,,974
201200061807,12,3,15,725,1,2,1,1.0,6,97009,R,,,974
201200061808,12,3,18,1400,1,2,1,1.0,6,97009,R,,,974
201200061809,12,3,19,1830,2,2,1,1.0,2,97009,R,,,974
201200061810,12,3,21,1725,1,2,1,1.0,1,97009,R,,,974
201200061811,12,4,1,1510,1,2,1,1.0,1,97009,R,,,974
201200061812,12,4,12,1800,2,2,2,3.0,6,97009,R,,,974
201200061813,12,4,14,2210,5,2,1,1.0,6,97009,R,,,974
201200061814,12,4,21,655,1,2,1,1.0,6,97009,R,,,974
201200061815,12,4,22,1755,2,2,1,1.0,6,97009,R,,,974
201200061816,12,4,26,910,1,2,1,1.0,6,97009,R,,,974
201200061817,12,4,28,905,1,2,1,1.0,1,97009,R,,,974
201200061818,12,4,28,1720,1,2,1,1.0,6,97009,R,,,974
201200061819,12,5,4,1950,5,2,2,3.0,2,97009,R,,,974
201200061820,12,5,8,720,1,2,1,1.0,1,97009,R,,,974
201200061821,12,5,11,1825,2,2,1,1.0,1,97009,R,,,974
201200061822,12,5,15,2120,3,2,1,1.0,6,97009,R,,,974
201200061823,12,5,21,2215,3,2,1,1.0,6,97009,R,,,974
201200061824,12,6,1,2320,3,2,1,1.0,6,97009,R,,,974
201200061825,12,6,6,1220,1,2,1,1.0,6,97009,R,,,974
201200061826,12,6,6,1830,3,2,1,9.0,1,97009,R,,,974
201200061827,12,6,7,755,1,2,1,1.0,1,97009,R,,,974
201200061828,12,6,13,820,1,2,1,1.0,6,97009,R,,,974
201200061829,12,6,21,1015,1,2,1,1.0,6,97010,R,,,974
201200061830,12,6,25,1305,1,2,1,1.0,1,97009,R,,,974
201200061831,12,6,28,755,1,2,1,1.0,6,97009,R,,,974
201200061832,12,7,3,1010,1,2,1,1.0,6,97009,R,,,974
201200061833,12,7,8,2015,1,2,1,1.0,6,97009,R,,,974
201200061834,12,7,11,1330,1,2,1,1.0,2,97009,R,,,974
201200061835,12,8,3,1100,1,2,1,1.0,1,97009,R,,,974
201200061836,12,8,18,1035,1,2,1,1.0,1,97009,R,,,974
201200061837,12,8,20,900,1,2,2,3.0,1,97009,R,,,974
201200061838,12,8,27,1320,1,2,2,6.0,1,97009,R,,,974
201200061839,12,8,30,1320,1,2,1,1.0,2,97009,R,,,974
201200061840,12,8,31,600,2,2,1,1.0,6,97009,R,,,974
201200061841,12,9,3,715,1,2,1,1.0,6,97009,R,,,974
201200061842,12,9,3,855,1,2,1,1.0,1,97009,R,,,974
201200061843,12,9,6,730,1,2,1,1.0,6,97009,R,,,974
201200061844,12,9,6,945,1,2,1,1.0,1,97009,R,,,974
201200061845,12,9,10,1415,1,2,1,1.0,6,97009,R,,,974
201200061846,12,9,14,1710,1,2,1,1.0,6,97009,R,,,974
201200061847,12,9,17,1305,1,2,1,1.0,6,97009,R,,,974
201200061848,12,9,18,810,1,2,2,3.0,2,97009,R,,,974
201200061849,12,10,2,1540,1,2,1,1.0,1,97009,R,,,974
201200061850,12,10,7,415,5,2,1,1.0,6,97009,R,,,974