Num_Acc,an,mois,jour,hrmn,lum,agg,int,atm,col,com,gps,lat,long,dep
201200061851,12,10,8,1535,1,2,1,1.0,6,97009,R,,,974
201200061852,12,10,14,215,3,1,1,1.0,2,97009,R,,,974
201200061853,12,10,17,1240,1,2,1,2.0,7,97009,R,,,974
201200061854,12,10,21,600,1,2,1,1.0,6,97009,R,,,974
201200061855,12,10,31,1225,1,1,1,1.0,2,97009,R,,,974
201200061856,12,11,2,955,1,2,1,1.0,7,97009,R,,,974
201200061857,12,11,6,740,1,1,1,1.0,7,97009,R,,,974
201200061858,12,11,9,1115,1,2,1,1.0,2,97009,R,,,974
201200061859,12,11,10,1355,1,1,1,1.0,7,97009,R,,,974
201200061860,12,11,10,1525,1,2,1,1.0,7,97009,R,,,974
201200061861,12,11,26,1525,1,2,1,1.0,3,97009,R,,,974
201200061862,12,12,19,1400,1,2,1,1.0,6,97009,R,,,974
201200061863,12,12,25,2000,5,2,3,2.0,3,97009,R,,,974
201200061864,12,12,28,1430,1,2,1,1.0,6,97009,R,,,974
201200061865,12,6,21,1800,2,2,1,1.0,6,97009,R,,,974
201200061866,12,4,1,1730,1,2,1,1.0,6,97009,R,,,974
201200061867,12,2,23,650,1,2,1,1.0,1,97009,R,,,974
201200061868,12,4,3,2300,5,2,1,1.0,6,97009,R,,,974
201200061869,12,7,27,2115,3,1,1,1.0,6,97009,R,,,974
201200061870,12,6,6,1845,3,2,1,1.0,6,97009,R,,,974
201200061871,12,8,12,1040,1,2,1,1.0,1,97009,R,,,974
201200061872,12,2,17,1710,1,2,2,3.0,1,97009,R,,,974
201200061873,12,11,4,1440,1,2,3,1.0,5,97009,R,,,974
201200061874,12,1,1,235,5,2,1,1.0,1,97011,R,,,974
201200061875,12,1,4,1530,1,2,1,1.0,2,97011,R,,,974
201200061876,12,1,14,5,3,1,9,1.0,2,97011,R,,,974
201200061877,12,1,15,135,5,2,1,1.0,3,97011,R,,,974
201200061878,12,1,20,1005,1,2,1,1.0,3,97011,R,,,974
201200061879,12,1,20,1825,1,2,1,1.0,3,97011,R,,,974
201200061880,12,1,21,12,5,1,1,1.0,2,97011,R,,,974
201200061881,12,1,22,754,5,2,1,9.0,7,97011,R,,,974
201200061882,12,1,28,645,1,2,1,1.0,1,97011,R,,,974
201200061883,12,1,29,50,5,1,1,1.0,7,97011,R,,,974
201200061884,12,1,29,1430,1,1,1,1.0,6,97011,R,,,974
201200061885,12,2,3,700,1,2,9,1.0,3,97011,R,,,974
201200061886,12,2,8,1557,1,2,1,1.0,7,97011,R,,,974
201200061887,12,2,10,1630,1,2,1,9.0,6,97011,R,,,974
201200061888,12,2,12,1600,1,1,1,6.0,2,97011,R,,,974
201200061889,12,2,15,1930,4,2,1,1.0,3,97011,R,,,974
201200061890,12,2,20,1545,1,2,1,1.0,2,97011,R,,,974
201200061891,12,2,27,1700,1,1,9,1.0,1,97011,R,,,974
201200061892,12,3,4,25,5,2,1,1.0,6,97011,R,,,974
201200061893,12,3,6,1947,5,1,1,1.0,6,97011,R,,,974
201200061894,12,3,11,1628,1,2,9,1.0,6,97011,R,,,974
201200061895,12,3,14,2030,5,2,1,9.0,2,97011,R,,,974
201200061896,12,3,20,1730,1,2,1,1.0,7,97011,R,,,974
201200061897,12,3,24,1234,1,1,1,1.0,2,97011,R,,,974
201200061898,12,4,13,2340,5,2,9,1.0,6,97011,R,,,974
201200061899,12,4,14,930,1,2,1,1.0,7,97011,R,,,974
201200061900,12,4,17,1830,1,1,4,1.0,1,97011,R,,,974
201200061901,12,4,26,1215,1,1,1,1.0,6,97011,R,,,974
201200061902,12,4,28,2315,3,1,1,1.0,6,97011,R,,,974
201200061903,12,4,30,2135,3,1,1,1.0,7,97011,R,,,974
201200061904,12,5,5,220,3,1,1,1.0,7,97011,R,,,974
201200061905,12,5,6,320,5,2,1,1.0,7,97011,R,,,974
201200061906,12,5,10,1900,3,1,1,1.0,1,97011,R,,,974
201200061907,12,5,12,1720,1,2,1,1.0,7,97011,R,,,974
201200061908,12,5,12,2030,5,2,6,2.0,6,97011,R,,,974
201200061909,12,5,13,1545,1,2,1,1.0,6,97011,R,,,974
201200061910,12,5,17,150,5,2,1,1.0,1,97011,R,,,974
201200061911,12,5,18,940,1,2,6,1.0,6,97011,R,,,974
201200061912,12,5,20,1848,5,2,1,1.0,6,97011,R,,,974
201200061913,12,5,21,1940,5,1,1,1.0,7,97011,R,,,974
201200061914,12,5,27,240,5,2,1,1.0,7,97011,R,,,974
201200061915,12,5,27,2231,5,2,6,1.0,5,97011,R,,,974
201200061916,12,5,28,745,1,1,1,1.0,6,97011,R,,,974
201200061917,12,5,29,1115,1,2,2,1.0,3,97011,R,,,974
201200061918,12,6,2,1443,1,2,9,1.0,5,97011,R,,,974
201200061919,12,6,4,840,1,2,1,9.0,1,97011,R,,,974
201200061920,12,6,5,1900,4,2,1,1.0,6,97011,R,,,974
201200061921,12,6,8,1130,1,2,2,1.0,1,97011,R,,,974
201200061922,12,6,9,1835,5,2,6,1.0,3,97011,R,,,974
201200061923,12,6,13,1410,1,2,3,1.0,3,97011,R,,,974
201200061924,12,6,16,1800,2,2,1,1.0,2,97011,R,,,974
201200061925,12,6,22,830,1,2,2,2.0,1,97011,R,,,974
201200061926,12,6,23,1445,1,2,1,2.0,6,97011,R,,,974
201200061927,12,6,24,1730,1,2,1,1.0,6,97011,R,,,974
201200061928,12,6,25,615,2,2,2,2.0,1,97011,R,,,974
201200061929,12,6,26,1550,1,2,1,1.0,6,97011,R,,,974
201200061930,12,7,6,1041,1,2,1,1.0,6,97011,R,,,974
201200061931,12,7,6,1114,1,2,1,1.0,6,97011,R,,,974
201200061932,12,7,7,100,5,2,1,1.0,1,97011,R,,,974
201200061933,12,7,7,2015,5,2,1,4.0,1,97011,R,,,974
201200061934,12,7,19,927,1,2,1,1.0,3,97011,R,,,974
201200061935,12,7,22,2130,5,2,2,1.0,6,97011,R,,,974
201200061936,12,7,23,715,1,1,1,1.0,2,97011,R,,,974
201200061937,12,7,25,120,5,2,2,1.0,3,97011,R,,,974
201200061938,12,7,26,1820,5,2,1,1.0,6,97011,R,,,974
201200061939,12,7,30,1600,1,1,1,1.0,6,97011,R,,,974
201200061940,12,8,1,1755,1,2,2,1.0,3,97011,R,,,974
201200061941,12,8,1,2150,5,2,2,1.0,3,97011,R,,,974
201200061942,12,8,2,1615,1,2,9,1.0,3,97011,R,,,974
201200061943,12,8,2,625,5,2,1,1.0,3,97011,R,,,974
201200061944,12,8,4,1710,1,2,4,1.0,3,97011,R,,,974
201200061945,12,8,4,2105,5,2,9,1.0,3,97011,R,,,974
201200061946,12,8,5,10,3,1,1,1.0,7,97011,R,,,974
201200061947,12,8,7,1740,1,2,1,1.0,7,97011,R,,,974
201200061948,12,8,8,1040,1,2,1,1.0,6,97011,R,,,974
201200061949,12,8,9,905,1,2,6,1.0,6,97011,R,,,974
201200061950,12,8,10,1700,1,2,1,9.0,6,97011,R,,,974
201200061951,12,8,11,2045,5,2,1,1.0,6,97011,R,,,974
201200061952,12,8,12,1600,1,2,1,1.0,1,97011,R,,,974
201200061953,12,8,17,1510,1,2,1,1.0,6,97011,R,,,974
201200061954,12,8,22,1910,5,1,3,1.0,7,97011,R,,,974
201200061955,12,8,24,1950,5,2,1,1.0,2,97011,R,,,974
201200061956,12,8,27,835,1,1,1,1.0,6,97011,R,,,974
201200061957,12,8,31,1600,1,2,3,1.0,3,97011,R,,,974
201200061958,12,9,1,247,5,2,1,1.0,1,97011,R,,,974
201200061959,12,6,3,1110,1,2,2,1.0,3,97011,R,,,974
201200061960,12,9,4,1225,1,2,9,1.0,3,97011,R,,,974
201200061961,12,9,10,1355,1,2,4,1.0,6,97011,R,,,974
201200061962,12,9,10,1820,5,2,9,1.0,6,97011,R,,,974
201200061963,12,9,10,700,1,1,1,1.0,3,97011,R,,,974
201200061964,12,9,15,1513,1,2,1,1.0,6,97011,R,,,974
201200061965,12,9,19,1020,1,2,1,1.0,6,97011,R,,,974
201200061966,12,9,19,1520,1,2,1,1.0,6,97011,R,,,974
201200061967,12,9,19,1935,5,2,1,9.0,6,97011,R,,,974
201200061968,12,9,23,117,5,2,1,1.0,6,97011,R,,,974
201200061969,12,9,23,1038,1,2,1,1.0,6,97011,R,,,974
201200061970,12,9,26,2100,5,2,1,1.0,6,97011,R,,,974
201200061971,12,9,27,1145,1,2,1,1.0,6,97011,R,,,974
201200061972,12,9,30,2039,5,2,1,9.0,6,97011,R,,,974
201200061973,12,10,2,1730,1,2,1,9.0,1,97011,R,,,974
201200061974,12,10,3,1520,1,2,1,1.0,6,97011,R,,,974
201200061975,12,10,4,1000,1,2,2,2.0,6,97011,R,,,974
201200061976,12,10,4,1318,1,2,2,2.0,1,97011,R,,,974
201200061977,12,10,11,1050,1,2,1,1.0,6,97011,R,,,974
201200061978,12,10,11,1810,1,2,2,2.0,6,97011,R,,,974
201200061979,12,10,13,650,1,2,1,1.0,4,97011,R,,,974
201200061980,12,10,13,1700,1,2,2,2.0,6,97011,R,,,974
201200061981,12,10,22,1700,1,2,1,1.0,3,97011,R,,,974
201200061982,12,10,24,818,1,2,2,1.0,3,97011,R,,,974
201200061983,12,10,25,818,1,2,2,1.0,6,97011,R,,,974
201200061984,12,10,26,1537,1,2,9,1.0,3,97011,R,,,974
201200061985,12,11,8,711,1,2,2,1.0,3,97011,R,,,974
201200061986,12,11,13,1010,1,2,2,1.0,3,97011,R,,,974
201200061987,12,11,19,750,1,2,2,1.0,1,97011,R,,,974
201200061988,12,11,18,1935,3,1,1,1.0,2,97011,R,,,974
201200061989,12,11,15,1220,1,2,1,1.0,3,97011,R,,,974
201200061990,12,11,26,1239,1,2,1,1.0,6,97011,R,,,974
201200061991,12,12,4,1714,1,2,1,1.0,6,97011,R,,,974
201200061992,12,12,16,325,5,2,1,1.0,6,97011,R,,,974
201200061993,12,12,19,1330,1,1,1,8.0,1,97011,R,,,974
201200061994,12,1,2,1400,1,1,1,1.0,3,97016,R,,,974
201200061995,12,1,3,5,3,2,1,1.0,6,97016,R,,,974
201200061996,12,1,4,635,1,1,1,1.0,7,97016,R,,,974
201200061997,12,1,5,250,3,1,1,1.0,7,97016,R,,,974
201200061998,12,1,6,930,1,1,1,1.0,3,97016,R,,,974
201200061999,12,1,9,1620,1,1,1,1.0,7,97016,R,,,974
201200062000,12,1,10,745,1,1,1,1.0,7,97016,R,,,974
201200062001,12,1,13,1625,1,1,1,1.0,7,97016,R,,,974
201200062002,12,1,13,1440,1,2,1,1.0,3,97016,R,,,974
201200062003,12,1,15,250,3,1,1,1.0,7,97016,R,,,974
201200062004,12,1,15,828,1,2,1,6.0,7,97016,R,,,974
201200062005,12,1,16,2010,3,1,1,2.0,7,97016,R,,,974
201200062006,12,1,19,1115,1,1,1,2.0,7,97016,R,,,974
201200062007,12,1,20,1535,1,2,1,1.0,3,97016,R,,,974
201200062008,12,1,20,1815,2,2,1,1.0,4,97016,R,,,974
201200062009,12,1,20,2105,5,2,2,1.0,3,97016,R,,,974
201200062010,12,1,20,2330,3,1,1,1.0,7,97016,R,,,974
201200062011,12,1,22,1840,2,1,1,1.0,7,97016,R,,,974
201200062012,12,1,23,825,1,1,1,1.0,7,97016,R,,,974
201200062013,12,1,24,730,1,2,6,7.0,7,97016,R,,,974
201200062014,12,1,26,1540,1,2,2,1.0,3,97016,R,,,974
201200062015,12,1,26,1650,1,2,1,1.0,7,97016,R,,,974
201200062016,12,1,27,603,2,2,1,1.0,1,97016,R,,,974
201200062017,12,1,30,5,3,1,1,1.0,7,97016,R,,,974
201200062018,12,1,31,745,1,1,1,1.0,7,97016,R,,,974
201200062019,12,2,3,930,1,1,1,1.0,7,97016,R,,,974
201200062020,12,2,4,1717,1,1,1,1.0,1,97016,R,,,974
201200062021,12,2,4,1810,2,1,1,1.0,7,97016,R,,,974
201200062022,12,2,9,1514,1,1,1,1.0,2,97016,R,,,974
201200062023,12,2,10,2004,3,1,1,1.0,7,97016,R,,,974
201200062024,12,2,11,635,2,2,1,1.0,3,97016,R,,,974
201200062025,12,2,12,655,1,1,1,2.0,7,97016,R,,,974
201200062026,12,2,12,2105,3,1,1,1.0,1,97016,R,,,974
201200062027,12,2,14,1715,1,2,1,1.0,3,97016,R,,,974
201200062028,12,2,16,1600,1,2,1,1.0,3,97016,R,,,974
201200062029,12,2,17,730,1,2,2,1.0,3,97016,R,,,974
201200062030,12,2,17,2000,3,2,1,1.0,1,97016,R,,,974
201200062031,12,2,19,515,3,1,1,1.0,2,97016,R,,,974
201200062032,12,2,21,920,1,2,1,1.0,3,97016,R,,,974
201200062033,12,2,22,710,1,2,1,1.0,7,97016,R,,,974
201200062034,12,2,22,1740,2,1,1,1.0,3,97016,R,,,974
201200062035,12,2,23,1700,2,1,1,2.0,7,97016,R,,,974
201200062036,12,2,23,1800,3,1,1,1.0,7,97016,R,,,974
201200062037,12,2,24,1830,3,2,1,1.0,7,97016,R,,,974
201200062038,12,2,29,310,3,1,1,1.0,7,97016,R,,,974
201200062039,12,2,29,1320,1,1,1,1.0,6,97016,R,,,974
201200062040,12,3,1,545,3,2,1,1.0,1,97016,R,,,974
201200062041,12,3,2,345,3,2,1,1.0,7,97016,R,,,974
201200062042,12,3,2,1820,3,1,1,1.0,2,97016,R,,,974
201200062043,12,3,2,2045,3,1,1,1.0,7,97016,R,,,974
201200062044,12,3,2,2315,3,1,1,1.0,3,97016,R,,,974
201200062045,12,3,3,2240,5,2,2,1.0,3,97016,R,,,974
201200062046,12,3,5,1350,1,1,1,1.0,1,97016,R,,,974
201200062047,12,3,6,615,2,1,2,1.0,3,97016,R,,,974
201200062048,12,3,7,1210,1,1,1,1.0,2,97016,R,,,974
201200062049,12,3,10,1830,3,2,1,1.0,7,97016,R,,,974
201200062050,12,3,11,1350,1,1,1,1.0,7,97016,R,,,974
201200062051,12,3,13,955,1,1,1,1.0,3,97016,R,,,974
201200062052,12,3,15,1940,3,1,1,3.0,7,97016,R,,,974
201200062053,12,3,17,1615,1,1,1,3.0,7,97016,R,,,974
201200062054,12,3,18,1840,3,2,1,1.0,7,97016,R,,,974
201200062055,12,3,19,815,1,2,1,1.0,4,97016,R,,,974
201200062056,12,3,21,950,1,2,1,1.0,2,97016,R,,,974
201200062057,12,3,22,1445,1,1,1,1.0,7,97016,R,,,974
201200062058,12,3,23,1740,2,1,1,1.0,7,97016,R,,,974
201200062059,12,3,23,1835,3,1,3,1.0,3,97016,R,,,974
201200062060,12,3,24,1815,5,2,2,1.0,3,97016,R,,,974
201200062061,12,3,24,2105,3,1,1,1.0,7,97016,R,,,974
201200062062,12,3,25,1030,1,1,1,1.0,3,97016,R,,,974
201200062063,12,3,25,1435,1,1,1,1.0,2,97016,R,,,974
201200062064,12,3,25,1725,1,1,1,1.0,7,97016,R,,,974
201200062065,12,3,25,1855,3,2,1,1.0,7,97016,R,,,974
201200062066,12,3,27,2150,4,1,1,3.0,7,97016,R,,,974
201200062067,12,3,28,805,1,1,1,3.0,7,97016,R,,,974
201200062068,12,3,29,1905,3,1,3,1.0,3,97016,R,,,974
201200062069,12,3,31,1600,1,2,1,1.0,7,97016,R,,,974
201200062070,12,4,3,1540,1,1,1,1.0,7,97016,R,,,974
201200062071,12,4,4,1435,1,2,1,1.0,3,97016,R,,,974
201200062072,12,4,5,800,1,2,3,1.0,3,97016,R,,,974
201200062073,12,4,7,1240,1,2,1,1.0,2,97016,R,,,974
201200062074,12,4,8,1340,1,2,1,1.0,1,97016,R,,,974
201200062075,12,4,9,1715,1,1,1,1.0,3,97016,R,,,974
201200062076,12,4,10,1640,1,2,1,1.0,7,97016,R,,,974
201200062077,12,4,11,1,5,1,1,1.0,6,97016,R,,,974
201200062078,12,4,11,1210,1,2,1,1.0,3,97016,R,,,974
201200062079,12,4,12,900,1,1,1,1.0,2,97016,R,,,974
201200062080,12,4,12,1804,3,1,1,1.0,7,97016,R,,,974
201200062081,12,4,13,1745,1,2,3,1.0,6,97016,R,,,974
201200062082,12,4,13,1800,1,2,1,1.0,7,97016,R,,,974
201200062083,12,4,15,155,4,2,1,1.0,1,97016,R,,,974
201200062084,12,4,15,1840,1,2,1,1.0,2,97016,R,,,974
201200062085,12,4,19,1755,1,1,1,1.0,7,97016,R,,,974
201200062086,12,4,20,1700,1,2,1,1.0,3,97016,R,,,974
201200062087,12,4,21,135,5,2,1,1.0,7,97016,R,,,974
201200062088,12,4,21,1050,1,2,1,1.0,2,97016,R,,,974
201200062089,12,4,22,800,1,1,1,1.0,7,97016,R,,,974
201200062090,12,4,24,955,1,2,1,1.0,7,97016,R,,,974
201200062091,12,4,23,1400,1,2,3,1.0,3,97016,R,,,974
201200062092,12,4,24,1500,1,2,1,1.0,1,97016,R,,,974
201200062093,12,4,26,1330,1,2,1,1.0,7,97016,R,,,974
201200062094,12,4,28,300,5,2,1,1.0,6,97016,R,,,974
201200062095,12,4,12,1000,1,2,1,1.0,7,97016,R,,,974
201200062096,12,5,2,955,1,2,1,1.0,2,97016,R,,,974
201200062097,12,5,2,1305,1,2,1,1.0,7,97016,R,,,974
201200062098,12,5,2,2115,5,2,1,1.0,7,97016,R,,,974
201200062099,12,5,3,740,1,2,1,1.0,6,97016,R,,,974
201200062100,12,5,5,45,3,2,2,1.0,2,97016,R,,,974
201200062101,12,5,5,1210,1,2,1,1.0,7,97016,R,,,974
201200062102,12,5,5,1845,2,2,9,1.0,2,97016,R,,,974
201200062103,12,5,8,415,5,1,1,1.0,7,97016,R,,,974
201200062104,12,5,5,2105,3,2,1,1.0,7,97016,R,,,974
201200062105,12,5,5,2210,5,2,1,1.0,7,97016,R,,,974
201200062106,12,5,9,1020,1,2,9,1.0,3,97016,R,,,974
201200062107,12,5,12,430,5,2,1,1.0,7,97016,R,,,974
201200062108,12,5,13,807,1,2,3,1.0,6,97016,R,,,974
201200062109,12,5,21,1216,1,2,9,1.0,2,97016,R,,,974
201200062110,12,5,21,1820,2,2,9,1.0,2,97016,R,,,974
201200062111,12,5,23,1640,1,2,9,1.0,3,97016,R,,,974
201200062112,12,5,26,1042,1,2,3,1.0,3,97016,R,,,974
201200062113,12,5,26,2050,3,2,1,3.0,7,97016,R,,,974
201200062114,12,5,28,2245,5,2,1,1.0,6,97016,R,,,974
201200062115,12,6,2,130,5,2,1,1.0,7,97016,R,,,974
201200062116,12,6,2,1050,1,2,1,1.0,7,97016,R,,,974
201200062117,12,6,2,1145,1,2,9,1.0,7,97016,R,,,974
201200062118,12,6,4,555,2,2,3,1.0,3,97016,R,,,974
201200062119,12,6,4,1450,1,2,1,1.0,3,97016,R,,,974
201200062120,12,6,5,1300,1,1,1,1.0,7,97016,R,,,974
201200062121,12,6,9,2335,3,2,3,1.0,3,97016,R,,,974
201200062122,12,6,10,416,5,2,1,1.0,6,97016,R,,,974
201200062123,12,6,11,1120,1,1,1,1.0,7,97016,R,,,974
201200062124,12,6,14,1658,1,2,1,1.0,7,97016,R,,,974
201200062125,12,6,14,1750,2,2,3,1.0,2,97016,R,,,974
201200062126,12,6,14,2030,5,2,1,1.0,3,97016,R,,,974
201200062127,12,6,14,2208,3,2,1,1.0,7,97016,R,,,974
201200062128,12,6,15,1710,2,1,1,1.0,7,97016,R,,,974
201200062129,12,6,16,845,1,2,1,1.0,7,97016,R,,,974
201200062130,12,6,16,1700,2,2,1,1.0,3,97016,R,,,974
201200062131,12,6,19,1845,2,2,3,1.0,7,97016,R,,,974
201200062132,12,6,22,1830,2,2,1,1.0,7,97016,R,,,974
201200062133,12,6,26,1350,1,2,1,1.0,7,97016,R,,,974
201200062134,12,7,2,1215,1,1,1,1.0,7,97016,R,,,974
201200062135,12,7,5,1147,1,2,1,1.0,7,97016,R,,,974
201200062136,12,7,5,1147,1,2,1,1.0,7,97016,R,,,974
201200062137,12,7,13,1030,1,2,9,1.0,7,97016,R,,,974
201200062138,12,7,16,1505,1,2,1,1.0,7,97016,R,,,974
201200062139,12,7,15,1935,5,2,1,1.0,3,97016,R,,,974
201200062140,12,7,20,1336,1,2,1,1.0,7,97016,R,,,974
201200062141,12,7,20,1550,1,2,1,1.0,7,97016,R,,,974
201200062142,12,7,21,2355,5,2,1,1.0,1,97016,R,,,974
201200062143,12,7,23,1106,1,2,1,1.0,7,97016,R,,,974
201200062144,12,7,23,1545,1,2,1,1.0,3,97016,R,,,974
201200062145,12,7,24,1555,2,2,1,1.0,4,97016,R,,,974
201200062146,12,7,25,1700,2,1,1,1.0,4,97016,R,,,974
201200062147,12,7,26,715,2,2,1,1.0,3,97016,R,,,974
201200062148,12,7,28,850,1,2,1,1.0,7,97016,R,,,974
201200062149,12,7,29,2015,5,2,6,1.0,7,97016,R,,,974
201200062150,12,8,3,1310,1,2,1,1.0,7,97016,R,,,974
201200062151,12,8,4,1748,2,1,1,1.0,7,97016,R,,,974
201200062152,12,8,5,520,3,2,1,1.0,7,97016,R,,,974
201200062153,12,8,5,1750,2,2,1,1.0,6,97016,R,,,974
201200062154,12,8,9,25,5,2,1,1.0,7,97016,R,,,974
201200062155,12,8,10,1140,1,2,3,1.0,1,97016,R,,,974
201200062156,12,8,10,2150,5,2,1,1.0,7,97016,R,,,974
201200062157,12,8,12,150,5,2,3,1.0,1,97016,R,,,974
201200062158,12,8,13,1000,1,2,1,1.0,2,97016,R,,,974
201200062159,12,8,13,1652,2,1,1,1.0,4,97016,R,,,974
201200062160,12,8,15,150,4,2,1,1.0,7,97016,R,,,974
201200062161,12,8,15,1156,1,2,1,1.0,3,97016,R,,,974
201200062162,12,8,16,645,2,2,1,1.0,7,97016,R,,,974
201200062163,12,8,16,712,2,2,1,1.0,7,97016,R,,,974
201200062164,12,8,17,1930,3,2,3,1.0,1,97016,R,,,974
201200062165,12,8,18,450,5,2,1,1.0,7,97016,R,,,974
201200062166,12,8,18,600,2,2,1,1.0,1,97016,R,,,974
201200062167,12,8,22,1735,2,2,1,1.0,7,97016,R,,,974
201200062168,12,8,22,1830,2,2,1,1.0,4,97016,R,,,974
201200062169,12,8,29,1540,1,2,1,1.0,7,97016,R,,,974
201200062170,12,9,1,1832,2,2,1,1.0,6,97016,R,,,974
201200062171,12,9,4,1615,1,2,1,1.0,7,97016,R,,,974
201200062172,12,9,5,2020,5,2,3,2.0,7,97016,R,,,974
201200062173,12,9,7,1640,2,2,3,1.0,2,97016,R,,,974
201200062174,12,9,8,1830,2,2,3,1.0,7,97016,R,,,974
201200062175,12,9,8,1855,4,2,1,1.0,7,97016,R,,,974
201200062176,12,9,8,2145,4,2,1,1.0,7,97016,R,,,974
201200062177,12,9,10,738,2,2,1,1.0,7,97016,R,,,974
201200062178,12,9,11,900,1,1,1,1.0,7,97016,R,,,974
201200062179,12,9,11,1950,3,2,1,1.0,2,97016,R,,,974
201200062180,12,9,17,1640,1,2,1,1.0,2,97016,R,,,974
201200062181,12,9,17,1800,2,2,1,1.0,7,97016,R,,,974
201200062182,12,9,20,910,1,2,3,1.0,1,97016,R,,,974
201200062183,12,9,20,1300,1,2,3,1.0,3,97016,R,,,974
201200062184,12,9,20,1810,2,2,3,1.0,1,97016,R,,,974
201200062185,12,9,21,630,2,2,1,1.0,7,97016,R,,,974
201200062186,12,9,22,45,3,2,1,1.0,7,97016,R,,,974
201200062187,12,9,24,1010,1,2,1,1.0,2,97016,R,,,974
201200062188,12,9,25,1628,1,2,1,1.0,7,97016,R,,,974
201200062189,12,9,27,802,1,2,1,1.0,7,97016,R,,,974
201200062190,12,9,30,223,3,2,1,1.0,7,97016,R,,,974
201200062191,12,9,30,1445,1,2,1,1.0,7,97016,R,,,974
201200062192,12,10,4,1930,2,2,1,1.0,7,97016,R,,,974
201200062193,12,10,5,820,1,1,1,1.0,4,97016,R,,,974
201200062194,12,10,5,2100,4,2,1,1.0,3,97016,R,,,974
201200062195,12,10,6,535,2,1,1,1.0,7,97016,R,,,974
201200062196,12,10,6,2120,3,1,1,1.0,7,97016,R,,,974
201200062197,12,10,7,510,2,1,1,1.0,7,97016,R,,,974
201200062198,12,10,10,1745,2,2,3,1.0,7,97016,R,,,974
201200062199,12,10,10,1849,2,2,1,1.0,7,97016,R,,,974
201200062200,12,10,11,800,1,2,1,1.0,1,97016,R,,,974
201200062201,12,10,12,1435,1,1,1,1.0,7,97016,R,,,974
201200062202,12,10,13,1100,1,2,1,1.0,7,97016,R,,,974
201200062203,12,10,13,1735,2,2,1,1.0,7,97016,R,,,974
201200062204,12,10,16,1645,1,2,1,1.0,7,97016,R,,,974
201200062205,12,10,19,1025,1,2,1,1.0,1,97016,R,,,974
201200062206,12,10,22,1735,2,1,1,1.0,4,97016,R,,,974
201200062207,12,10,23,755,2,2,1,1.0,4,97016,R,,,974
201200062208,12,10,23,1110,1,2,1,1.0,7,97016,R,,,974
201200062209,12,10,23,1300,1,2,1,1.0,7,97016,R,,,974
201200062210,12,10,25,1130,1,2,1,1.0,1,97016,R,,,974
201200062211,12,10,27,1350,1,2,1,1.0,7,97016,R,,,974
201200062212,12,10,27,1400,1,2,9,1.0,3,97016,R,,,974
201200062213,12,10,29,930,1,2,1,1.0,3,97016,R,,,974
201200062214,12,10,31,2050,4,2,1,1.0,3,97016,R,,,974
201200062215,12,11,1,552,3,1,1,1.0,7,97016,R,,,974
201200062216,12,11,3,545,3,1,1,1.0,7,97016,R,,,974
201200062217,12,11,5,1515,1,2,1,1.0,3,97016,R,,,974
201200062218,12,11,7,528,3,2,1,1.0,7,97016,R,,,974
201200062219,12,11,7,1715,1,2,1,1.0,3,97016,R,,,974
201200062220,12,11,7,2110,3,2,1,1.0,7,97016,R,,,974
201200062221,12,11,8,1853,3,1,3,1.0,3,97016,R,,,974
201200062222,12,11,9,110,3,1,1,1.0,7,97016,R,,,974
201200062223,12,11,9,755,1,1,1,1.0,4,97016,R,,,974
201200062224,12,11,11,835,1,1,1,1.0,7,97016,R,,,974
201200062225,12,11,11,2250,3,2,1,1.0,7,97016,R,,,974
201200062226,12,11,13,1955,3,2,1,1.0,7,97016,R,,,974
201200062227,12,11,15,1300,1,2,1,1.0,6,97016,R,,,974
201200062228,12,11,15,1745,2,2,1,1.0,2,97016,R,,,974
201200062229,12,11,17,325,3,1,1,1.0,7,97016,R,,,974
201200062230,12,11,18,715,1,2,1,1.0,3,97016,R,,,974
201200062231,12,11,18,1645,1,1,1,1.0,7,97016,R,,,974
201200062232,12,11,20,1730,1,2,2,1.0,1,97016,R,,,974
201200062233,12,11,22,1715,1,2,1,1.0,7,97016,R,,,974
201200062234,12,11,28,1935,5,2,1,1.0,3,97016,R,,,974
201200062235,12,11,30,230,3,2,1,1.0,7,97016,R,,,974
201200062236,12,11,30,1500,1,2,9,1.0,3,97016,R,,,974
201200062237,12,12,2,20,5,2,2,1.0,3,97016,R,,,974
201200062238,12,12,2,730,1,1,1,1.0,7,97016,R,,,974
201200062239,12,12,3,1600,1,2,1,1.0,2,97016,R,,,974
201200062240,12,12,3,1710,1,2,1,1.0,7,97016,R,,,974
201200062241,12,12,7,135,5,2,1,1.0,3,97016,R,,,974
201200062242,12,12,9,635,1,2,1,1.0,2,97016,R,,,974
201200062243,12,12,11,1500,1,1,1,1.0,7,97016,R,,,974
201200062244,12,12,12,1555,1,1,1,1.0,7,97016,R,,,974
201200062245,12,12,16,110,3,2,1,1.0,7,97016,R,,,974
201200062246,12,12,16,2220,3,2,1,1.0,6,97016,R,,,974
201200062247,12,12,19,1500,1,2,1,1.0,7,97016,R,,,974
201200062248,12,12,19,1945,3,2,1,1.0,3,97016,R,,,974
201200062249,12,12,23,620,1,1,1,1.0,4,97016,R,,,974
201200062250,12,12,29,950,1,1,1,2.0,7,97016,R,,,974